race_id,race_date,stadium_code,race_no,exacta_combo_norm,exacta_payout,logic_id,combo,is_hit,return_yen
202603110410,2026-03-11,04,10,3-2,540,L01,1-6,0,0
202603111807,2026-03-11,18,7,6-4,5590,L01,1-6,0,0
202603112404,2026-03-11,24,4,2-1,660,L01,1-6,0,0
202603120111,2026-03-12,01,11,1-3,380,L01,1-6,0,0
202603120510,2026-03-12,05,10,1-6,1110,L01,1-6,1,1110
202603120806,2026-03-12,08,6,1-2,330,L01,1-6,0,0
202603121604,2026-03-12,16,4,1-5,2760,L01,1-6,0,0
202603122403,2026-03-12,24,3,1-3,340,L01,1-6,0,0
202603130806,2026-03-13,08,6,6-3,5430,L01,1-6,0,0
202603131101,2026-03-13,11,1,4-6,2030,L01,1-6,0,0
202603132005,2026-03-13,20,5,1-2,210,L01,1-6,0,0
202603132006,2026-03-13,20,6,1-5,2800,L01,1-6,0,0
202603140712,2026-03-14,07,12,1-4,260,L01,1-6,0,0
202603141809,2026-03-14,18,9,1-5,500,L01,1-6,0,0
202603150308,2026-03-15,03,8,3-4,1590,L01,1-6,0,0
202603151110,2026-03-15,11,10,1-2,330,L01,1-6,0,0
202603151312,2026-03-15,13,12,1-2,420,L01,1-6,0,0
202603151402,2026-03-15,14,2,1-2,560,L01,1-6,0,0
202603151906,2026-03-15,19,6,1-6,1560,L01,1-6,1,1560
202603160510,2026-03-16,05,10,1-2,240,L01,1-6,0,0
202603160601,2026-03-16,06,1,2-3,1570,L01,1-6,0,0
202603160602,2026-03-16,06,2,1-4,540,L01,1-6,0,0
202603161304,2026-03-16,13,4,1-5,500,L01,1-6,0,0
202603161905,2026-03-16,19,5,1-3,430,L01,1-6,0,0
202603171708,2026-03-17,17,8,5-2,1440,L01,1-6,0,0
202603171911,2026-03-17,19,11,1-2,230,L01,1-6,0,0
202603180303,2026-03-18,03,3,4-2,3020,L01,1-6,0,0
202603181302,2026-03-18,13,2,3-2,8930,L01,1-6,0,0
202603181704,2026-03-18,17,4,1-2,560,L01,1-6,0,0
202603182012,2026-03-18,20,12,1-2,470,L01,1-6,0,0
202603182309,2026-03-18,23,9,4-1,1070,L01,1-6,0,0
202603191001,2026-03-19,10,1,1-4,390,L01,1-6,0,0
202603191302,2026-03-19,13,2,1-2,220,L01,1-6,0,0
202603191404,2026-03-19,14,4,2-5,8560,L01,1-6,0,0
202603191506,2026-03-19,15,6,1-4,1430,L01,1-6,0,0
202603191604,2026-03-19,16,4,1-3,560,L01,1-6,0,0
202603192311,2026-03-19,23,11,1-3,220,L01,1-6,0,0
202603201411,2026-03-20,14,11,4-5,2780,L01,1-6,0,0
202603201601,2026-03-20,16,1,3-1,1600,L01,1-6,0,0
202603201710,2026-03-20,17,10,1-2,640,L01,1-6,0,0
202603201801,2026-03-20,18,1,1-3,330,L01,1-6,0,0
202603201809,2026-03-20,18,9,1-3,250,L01,1-6,0,0
202603201912,2026-03-20,19,12,1-3,240,L01,1-6,0,0
202603210107,2026-03-21,01,7,2-3,4340,L01,1-6,0,0
202603210608,2026-03-21,06,8,1-4,240,L01,1-6,0,0
202603211605,2026-03-21,16,5,3-1,680,L01,1-6,0,0
202603211609,2026-03-21,16,9,1-4,850,L01,1-6,0,0
202603211901,2026-03-21,19,1,2-6,9040,L01,1-6,0,0
202603212306,2026-03-21,23,6,1-2,380,L01,1-6,0,0
202603220605,2026-03-22,06,5,3-1,1270,L01,1-6,0,0
202603220606,2026-03-22,06,6,3-1,2010,L01,1-6,0,0
202603221303,2026-03-22,13,3,1-6,450,L01,1-6,1,450
202603221305,2026-03-22,13,5,2-6,880,L01,1-6,0,0
202603221506,2026-03-22,15,6,3-1,590,L01,1-6,0,0
202603221910,2026-03-22,19,10,5-3,3470,L01,1-6,0,0
202603222306,2026-03-22,23,6,1-3,210,L01,1-6,0,0
202603222308,2026-03-22,23,8,1-5,1450,L01,1-6,0,0
202603230203,2026-03-23,02,3,3-1,5160,L01,1-6,0,0
202603231307,2026-03-23,13,7,6-2,1170,L01,1-6,0,0
202603240502,2026-03-24,05,2,1-3,610,L01,1-6,0,0
202603241202,2026-03-24,12,2,3-2,1920,L01,1-6,0,0
202603241203,2026-03-24,12,3,3-2,3710,L01,1-6,0,0
202603241811,2026-03-24,18,11,1-3,320,L01,1-6,0,0
202603242206,2026-03-24,22,6,1-2,840,L01,1-6,0,0
202603250609,2026-03-25,06,9,1-3,340,L01,1-6,0,0
202603250705,2026-03-25,07,5,4-1,2380,L01,1-6,0,0
202603250903,2026-03-25,09,3,1-3,500,L01,1-6,0,0
202603251004,2026-03-25,10,4,2-3,3370,L01,1-6,0,0
202603251009,2026-03-25,10,9,2-1,860,L01,1-6,0,0
202603251012,2026-03-25,10,12,3-1,1130,L01,1-6,0,0
202603261002,2026-03-26,10,2,1-4,860,L01,1-6,0,0
202603261709,2026-03-26,17,9,2-4,4850,L01,1-6,0,0
202603262205,2026-03-26,22,5,4-6,2760,L01,1-6,0,0
202603270408,2026-03-27,04,8,1-3,860,L01,1-6,0,0
202603270411,2026-03-27,04,11,1-5,1610,L01,1-6,0,0
202603270901,2026-03-27,09,1,1-2,170,L01,1-6,0,0
202603270907,2026-03-27,09,7,5-1,520,L01,1-6,0,0
202603271004,2026-03-27,10,4,2-1,2260,L01,1-6,0,0
202603271209,2026-03-27,12,9,3-2,1300,L01,1-6,0,0
202603271307,2026-03-27,13,7,6-3,870,L01,1-6,0,0
202603280405,2026-03-28,04,5,1-6,1310,L01,1-6,1,1310
202603280802,2026-03-28,08,2,1-3,390,L01,1-6,0,0
202603281705,2026-03-28,17,5,1-4,300,L01,1-6,0,0
202603282312,2026-03-28,23,12,1-4,650,L01,1-6,0,0
202603290805,2026-03-29,08,5,3-5,380,L01,1-6,0,0
202603291010,2026-03-29,10,10,1-3,310,L01,1-6,0,0
202603291911,2026-03-29,19,11,1-2,360,L01,1-6,0,0
202603291912,2026-03-29,19,12,1-3,190,L01,1-6,0,0
202603300201,2026-03-30,02,1,2-4,2680,L01,1-6,0,0
202603300207,2026-03-30,02,7,1-4,400,L01,1-6,0,0
202603300412,2026-03-30,04,12,1-4,440,L01,1-6,0,0
202603300508,2026-03-30,05,8,3-5,900,L01,1-6,0,0
202603300601,2026-03-30,06,1,3-4,4200,L01,1-6,0,0
202603300604,2026-03-30,06,4,1-3,260,L01,1-6,0,0
202603300809,2026-03-30,08,9,1-2,270,L01,1-6,0,0
202603301308,2026-03-30,13,8,4-1,3420,L01,1-6,0,0
202603301607,2026-03-30,16,7,1-4,190,L01,1-6,0,0
202603310208,2026-03-31,02,8,1-3,530,L01,1-6,0,0
202603310812,2026-03-31,08,12,2-1,1480,L01,1-6,0,0
202603311604,2026-03-31,16,4,1-5,2030,L01,1-6,0,0
202603311701,2026-03-31,17,1,1-3,330,L01,1-6,0,0
202603311801,2026-03-31,18,1,1-2,490,L01,1-6,0,0
202603312106,2026-03-31,21,6,3-1,890,L01,1-6,0,0
202603312310,2026-03-31,23,10,4-1,960,L01,1-6,0,0
202604010611,2026-04-01,06,11,1-3,770,L01,1-6,0,0
202604011802,2026-04-01,18,2,1-2,260,L01,1-6,0,0
202604022204,2026-04-02,22,4,1-2,440,L01,1-6,0,0
202604030407,2026-04-03,04,7,3-2,640,L01,1-6,0,0
202604031202,2026-04-03,12,2,1-2,510,L01,1-6,0,0
202604031703,2026-04-03,17,3,1-3,610,L01,1-6,0,0
202604032102,2026-04-03,21,2,6-1,3530,L01,1-6,0,0
202604040411,2026-04-04,04,11,3-6,21150,L01,1-6,0,0
202604041505,2026-04-04,15,5,6-1,1220,L01,1-6,0,0
202604042111,2026-04-04,21,11,5-2,1690,L01,1-6,0,0
202604050107,2026-04-05,01,7,1-3,270,L01,1-6,0,0
202604051610,2026-04-05,16,10,1-6,910,L01,1-6,1,910
202604051703,2026-04-05,17,3,2-1,380,L01,1-6,0,0
202604052103,2026-04-05,21,3,1-3,210,L01,1-6,0,0
202604060708,2026-04-06,07,8,3-1,500,L01,1-6,0,0
202604060711,2026-04-06,07,11,1-3,260,L01,1-6,0,0
202604061008,2026-04-06,10,8,4-5,480,L01,1-6,0,0
202604061210,2026-04-06,12,10,1-3,220,L01,1-6,0,0
202604070209,2026-04-07,02,9,1-3,410,L01,1-6,0,0
202604070804,2026-04-07,08,4,4-1,1630,L01,1-6,0,0
202604070806,2026-04-07,08,6,3-2,3280,L01,1-6,0,0
202604071608,2026-04-07,16,8,6-5,15370,L01,1-6,0,0
202604072405,2026-04-07,24,5,6-2,4060,L01,1-6,0,0
202604080404,2026-04-08,04,4,2-1,1210,L01,1-6,0,0
202604080705,2026-04-08,07,5,2-1,910,L01,1-6,0,0
202604090802,2026-04-09,08,2,1-2,310,L01,1-6,0,0
202604091608,2026-04-09,16,8,2-4,2670,L01,1-6,0,0
202604100611,2026-04-10,06,11,1-4,1810,L01,1-6,0,0
202604101501,2026-04-10,15,1,1-4,330,L01,1-6,0,0
202603110104,2026-03-11,01,4,1-4,810,L02,1-6,0,0
202603110110,2026-03-11,01,10,1-2,250,L02,1-6,0,0
202603110209,2026-03-11,02,9,4-5,2790,L02,1-6,0,0
202603110404,2026-03-11,04,4,4-6,4240,L02,1-6,0,0
202603110410,2026-03-11,04,10,3-2,540,L02,1-6,0,0
202603110510,2026-03-11,05,10,3-4,1340,L02,1-6,0,0
202603112402,2026-03-11,24,2,1-5,2420,L02,1-6,0,0
202603112409,2026-03-11,24,9,5-1,2040,L02,1-6,0,0
202603120212,2026-03-12,02,12,5-3,10230,L02,1-6,0,0
202603121805,2026-03-12,18,5,1-4,730,L02,1-6,0,0
202603122006,2026-03-12,20,6,3-2,830,L02,1-6,0,0
202603122403,2026-03-12,24,3,1-3,340,L02,1-6,0,0
202603130409,2026-03-13,04,9,1-2,260,L02,1-6,0,0
202603130504,2026-03-13,05,4,1-4,400,L02,1-6,0,0
202603130506,2026-03-13,05,6,1-5,1900,L02,1-6,0,0
202603130703,2026-03-13,07,3,1-4,1480,L02,1-6,0,0
202603130705,2026-03-13,07,5,4-6,3140,L02,1-6,0,0
202603130803,2026-03-13,08,3,2-1,800,L02,1-6,0,0
202603132212,2026-03-13,22,12,1-2,270,L02,1-6,0,0
202603140412,2026-03-14,04,12,1-2,350,L02,1-6,0,0
202603141104,2026-03-14,11,4,1-4,1270,L02,1-6,0,0
202603141406,2026-03-14,14,6,2-4,1410,L02,1-6,0,0
202603141806,2026-03-14,18,6,1-2,260,L02,1-6,0,0
202603141807,2026-03-14,18,7,1-2,230,L02,1-6,0,0
202603141905,2026-03-14,19,5,1-6,780,L02,1-6,1,780
202603150308,2026-03-15,03,8,3-4,1590,L02,1-6,0,0
202603150502,2026-03-15,05,2,6-4,2080,L02,1-6,0,0
202603150601,2026-03-15,06,1,5-4,4660,L02,1-6,0,0
202603150608,2026-03-15,06,8,1-6,1220,L02,1-6,1,1220
202603151402,2026-03-15,14,2,1-2,560,L02,1-6,0,0
202603151610,2026-03-15,16,10,4-6,20740,L02,1-6,0,0
202603152210,2026-03-15,22,10,1-4,290,L02,1-6,0,0
202603152212,2026-03-15,22,12,1-2,320,L02,1-6,0,0
202603160112,2026-03-16,01,12,4-6,4170,L02,1-6,0,0
202603160510,2026-03-16,05,10,1-2,240,L02,1-6,0,0
202603160704,2026-03-16,07,4,4-5,510,L02,1-6,0,0
202603160710,2026-03-16,07,10,1-2,220,L02,1-6,0,0
202603171712,2026-03-17,17,12,3-1,1380,L02,1-6,0,0
202603171910,2026-03-17,19,10,1-4,1470,L02,1-6,0,0
202603171912,2026-03-17,19,12,1-2,230,L02,1-6,0,0
202603172307,2026-03-17,23,7,3-2,1820,L02,1-6,0,0
202603180102,2026-03-18,01,2,2-3,530,L02,1-6,0,0
202603180107,2026-03-18,01,7,1-3,190,L02,1-6,0,0
202603180802,2026-03-18,08,2,1-4,530,L02,1-6,0,0
202603180803,2026-03-18,08,3,5-2,2720,L02,1-6,0,0
202603181309,2026-03-18,13,9,1-3,310,L02,1-6,0,0
202603181402,2026-03-18,14,2,1-3,870,L02,1-6,0,0
202603181706,2026-03-18,17,6,2-4,3170,L02,1-6,0,0
202603191008,2026-03-19,10,8,1-3,450,L02,1-6,0,0
202603191908,2026-03-19,19,8,1-2,1410,L02,1-6,0,0
202603192007,2026-03-19,20,7,2-3,12660,L02,1-6,0,0
202603192310,2026-03-19,23,10,1-3,390,L02,1-6,0,0
202603200207,2026-03-20,02,7,1-5,650,L02,1-6,0,0
202603200208,2026-03-20,02,8,2-3,2540,L02,1-6,0,0
202603201508,2026-03-20,15,8,1-3,330,L02,1-6,0,0
202603201901,2026-03-20,19,1,1-5,720,L02,1-6,0,0
202603201909,2026-03-20,19,9,4-1,1360,L02,1-6,0,0
202603202404,2026-03-20,24,4,5-1,990,L02,1-6,0,0
202603210601,2026-03-21,06,1,1-5,740,L02,1-6,0,0
202603210608,2026-03-21,06,8,1-4,240,L02,1-6,0,0
202603211605,2026-03-21,16,5,3-1,680,L02,1-6,0,0
202603211607,2026-03-21,16,7,1-2,280,L02,1-6,0,0
202603211610,2026-03-21,16,10,1-5,530,L02,1-6,0,0
202603221301,2026-03-22,13,1,3-1,430,L02,1-6,0,0
202603221407,2026-03-22,14,7,3-1,3590,L02,1-6,0,0
202603221911,2026-03-22,19,11,1-2,200,L02,1-6,0,0
202603222012,2026-03-22,20,12,3-1,1380,L02,1-6,0,0
202603222310,2026-03-22,23,10,1-4,310,L02,1-6,0,0
202603230203,2026-03-23,02,3,3-1,5160,L02,1-6,0,0
202603230208,2026-03-23,02,8,3-6,620,L02,1-6,0,0
202603230507,2026-03-23,05,7,1-3,490,L02,1-6,0,0
202603230803,2026-03-23,08,3,1-5,1190,L02,1-6,0,0
202603231304,2026-03-23,13,4,2-1,420,L02,1-6,0,0
202603231409,2026-03-23,14,9,2-5,4650,L02,1-6,0,0
202603231904,2026-03-23,19,4,3-5,3120,L02,1-6,0,0
202603232011,2026-03-23,20,11,1-4,2030,L02,1-6,0,0
202603240209,2026-03-24,02,9,1-2,350,L02,1-6,0,0
202603240704,2026-03-24,07,4,1-2,240,L02,1-6,0,0
202603240905,2026-03-24,09,5,1-2,180,L02,1-6,0,0
202603241305,2026-03-24,13,5,2-1,2220,L02,1-6,0,0
202603241312,2026-03-24,13,12,4-1,5210,L02,1-6,0,0
202603241604,2026-03-24,16,4,6-2,6080,L02,1-6,0,0
202603250401,2026-03-25,04,1,1-3,550,L02,1-6,0,0
202603250403,2026-03-25,04,3,1-4,800,L02,1-6,0,0
202603250706,2026-03-25,07,6,5-2,7000,L02,1-6,0,0
202603250902,2026-03-25,09,2,2-1,460,L02,1-6,0,0
202603251012,2026-03-25,10,12,3-1,1130,L02,1-6,0,0
202603251301,2026-03-25,13,1,1-4,3060,L02,1-6,0,0
202603251801,2026-03-25,18,1,1-2,360,L02,1-6,0,0
202603252203,2026-03-25,22,3,5-3,4650,L02,1-6,0,0
202603260903,2026-03-26,09,3,4-5,1640,L02,1-6,0,0
202603261206,2026-03-26,12,6,3-2,1530,L02,1-6,0,0
202603261709,2026-03-26,17,9,2-4,4850,L02,1-6,0,0
202603270706,2026-03-27,07,6,3-5,2090,L02,1-6,0,0
202603270907,2026-03-27,09,7,5-1,520,L02,1-6,0,0
202603271011,2026-03-27,10,11,1-3,340,L02,1-6,0,0
202603271206,2026-03-27,12,6,1-5,1830,L02,1-6,0,0
202603271912,2026-03-27,19,12,1-5,920,L02,1-6,0,0
202603272108,2026-03-27,21,8,3-4,1500,L02,1-6,0,0
202603272212,2026-03-27,22,12,1-5,1190,L02,1-6,0,0
202603280207,2026-03-28,02,7,1-5,530,L02,1-6,0,0
202603280410,2026-03-28,04,10,1-5,1560,L02,1-6,0,0
202603280507,2026-03-28,05,7,1-4,430,L02,1-6,0,0
202603280712,2026-03-28,07,12,1-6,1490,L02,1-6,1,1490
202603280809,2026-03-28,08,9,1-3,620,L02,1-6,0,0
202603281612,2026-03-28,16,12,1-4,360,L02,1-6,0,0
202603282103,2026-03-28,21,3,2-3,1360,L02,1-6,0,0
202603290810,2026-03-29,08,10,1-3,630,L02,1-6,0,0
202603291906,2026-03-29,19,6,1-3,510,L02,1-6,0,0
202603291911,2026-03-29,19,11,1-2,360,L02,1-6,0,0
202603292310,2026-03-29,23,10,2-1,500,L02,1-6,0,0
202603300508,2026-03-30,05,8,3-5,900,L02,1-6,0,0
202603300604,2026-03-30,06,4,1-3,260,L02,1-6,0,0
202603301308,2026-03-30,13,8,4-1,3420,L02,1-6,0,0
202603301707,2026-03-30,17,7,6-2,12700,L02,1-6,0,0
202603310208,2026-03-31,02,8,1-3,530,L02,1-6,0,0
202603310209,2026-03-31,02,9,1-5,990,L02,1-6,0,0
202603311910,2026-03-31,19,10,1-3,330,L02,1-6,0,0
202603312107,2026-03-31,21,7,2-4,5210,L02,1-6,0,0
202603312302,2026-03-31,23,2,1-4,660,L02,1-6,0,0
202604010102,2026-04-01,01,2,4-5,950,L02,1-6,0,0
202604010106,2026-04-01,01,6,1-2,240,L02,1-6,0,0
202604010112,2026-04-01,01,12,1-3,490,L02,1-6,0,0
202604010808,2026-04-01,08,8,4-1,11290,L02,1-6,0,0
202604011804,2026-04-01,18,4,1-3,590,L02,1-6,0,0
202604012403,2026-04-01,24,3,3-1,610,L02,1-6,0,0
202604012411,2026-04-01,24,11,1-3,360,L02,1-6,0,0
202604020103,2026-04-02,01,3,2-1,1400,L02,1-6,0,0
202604020902,2026-04-02,09,2,2-4,2340,L02,1-6,0,0
202604020908,2026-04-02,09,8,3-2,6340,L02,1-6,0,0
202604020910,2026-04-02,09,10,1-2,340,L02,1-6,0,0
202604021508,2026-04-02,15,8,1-4,290,L02,1-6,0,0
202604022412,2026-04-02,24,12,3-2,3440,L02,1-6,0,0
202604030402,2026-04-03,04,2,5-4,2120,L02,1-6,0,0
202604030407,2026-04-03,04,7,3-2,640,L02,1-6,0,0
202604032201,2026-04-03,22,1,1-2,140,L02,1-6,0,0
202604050412,2026-04-05,04,12,1-2,300,L02,1-6,0,0
202604050711,2026-04-05,07,11,2-6,22780,L02,1-6,0,0
202604050902,2026-04-05,09,2,1-3,570,L02,1-6,0,0
202604051009,2026-04-05,10,9,1-2,220,L02,1-6,0,0
202604051210,2026-04-05,12,10,1-4,590,L02,1-6,0,0
202604051211,2026-04-05,12,11,1-3,280,L02,1-6,0,0
202604060703,2026-04-06,07,3,1-2,260,L02,1-6,0,0
202604060708,2026-04-06,07,8,3-1,500,L02,1-6,0,0
202604060711,2026-04-06,07,11,1-3,260,L02,1-6,0,0
202604060806,2026-04-06,08,6,1-3,320,L02,1-6,0,0
202604061001,2026-04-06,10,1,1-5,840,L02,1-6,0,0
202604061005,2026-04-06,10,5,1-3,290,L02,1-6,0,0
202604061604,2026-04-06,16,4,2-5,3290,L02,1-6,0,0
202604062203,2026-04-06,22,3,3-2,330,L02,1-6,0,0
202604070806,2026-04-07,08,6,3-2,3280,L02,1-6,0,0
202604070908,2026-04-07,09,8,2-1,800,L02,1-6,0,0
202604071006,2026-04-07,10,6,3-6,2810,L02,1-6,0,0
202604071212,2026-04-07,12,12,2-1,5990,L02,1-6,0,0
202604071608,2026-04-07,16,8,6-5,15370,L02,1-6,0,0
202604072405,2026-04-07,24,5,6-2,4060,L02,1-6,0,0
202604090707,2026-04-09,07,7,1-4,250,L02,1-6,0,0
202604100611,2026-04-10,06,11,1-4,1810,L02,1-6,0,0
202604100706,2026-04-10,07,6,4-1,580,L02,1-6,0,0
202604101012,2026-04-10,10,12,1-3,840,L02,1-6,0,0
202603110104,2026-03-11,01,4,1-4,810,L03,1-6,0,0
202603110110,2026-03-11,01,10,1-2,250,L03,1-6,0,0
202603110209,2026-03-11,02,9,4-5,2790,L03,1-6,0,0
202603110404,2026-03-11,04,4,4-6,4240,L03,1-6,0,0
202603110410,2026-03-11,04,10,3-2,540,L03,1-6,0,0
202603110510,2026-03-11,05,10,3-4,1340,L03,1-6,0,0
202603111009,2026-03-11,10,9,1-2,260,L03,1-6,0,0
202603112402,2026-03-11,24,2,1-5,2420,L03,1-6,0,0
202603112409,2026-03-11,24,9,5-1,2040,L03,1-6,0,0
202603120204,2026-03-12,02,4,1-3,190,L03,1-6,0,0
202603120212,2026-03-12,02,12,5-3,10230,L03,1-6,0,0
202603121805,2026-03-12,18,5,1-4,730,L03,1-6,0,0
202603122006,2026-03-12,20,6,3-2,830,L03,1-6,0,0
202603122010,2026-03-12,20,10,1-6,2170,L03,1-6,1,2170
202603122403,2026-03-12,24,3,1-3,340,L03,1-6,0,0
202603130409,2026-03-13,04,9,1-2,260,L03,1-6,0,0
202603130504,2026-03-13,05,4,1-4,400,L03,1-6,0,0
202603130506,2026-03-13,05,6,1-5,1900,L03,1-6,0,0
202603130703,2026-03-13,07,3,1-4,1480,L03,1-6,0,0
202603130705,2026-03-13,07,5,4-6,3140,L03,1-6,0,0
202603130803,2026-03-13,08,3,2-1,800,L03,1-6,0,0
202603132212,2026-03-13,22,12,1-2,270,L03,1-6,0,0
202603140412,2026-03-14,04,12,1-2,350,L03,1-6,0,0
202603141102,2026-03-14,11,2,4-3,2670,L03,1-6,0,0
202603141104,2026-03-14,11,4,1-4,1270,L03,1-6,0,0
202603141406,2026-03-14,14,6,2-4,1410,L03,1-6,0,0
202603141410,2026-03-14,14,10,2-3,1150,L03,1-6,0,0
202603141802,2026-03-14,18,2,1-6,430,L03,1-6,1,430
202603141806,2026-03-14,18,6,1-2,260,L03,1-6,0,0
202603141807,2026-03-14,18,7,1-2,230,L03,1-6,0,0
202603141809,2026-03-14,18,9,1-5,500,L03,1-6,0,0
202603141905,2026-03-14,19,5,1-6,780,L03,1-6,1,780
202603150308,2026-03-15,03,8,3-4,1590,L03,1-6,0,0
202603150502,2026-03-15,05,2,6-4,2080,L03,1-6,0,0
202603150601,2026-03-15,06,1,5-4,4660,L03,1-6,0,0
202603150608,2026-03-15,06,8,1-6,1220,L03,1-6,1,1220
202603151110,2026-03-15,11,10,1-2,330,L03,1-6,0,0
202603151402,2026-03-15,14,2,1-2,560,L03,1-6,0,0
202603151604,2026-03-15,16,4,3-6,3020,L03,1-6,0,0
202603151610,2026-03-15,16,10,4-6,20740,L03,1-6,0,0
202603151906,2026-03-15,19,6,1-6,1560,L03,1-6,1,1560
202603152210,2026-03-15,22,10,1-4,290,L03,1-6,0,0
202603152211,2026-03-15,22,11,1-2,320,L03,1-6,0,0
202603152212,2026-03-15,22,12,1-2,320,L03,1-6,0,0
202603160112,2026-03-16,01,12,4-6,4170,L03,1-6,0,0
202603160510,2026-03-16,05,10,1-2,240,L03,1-6,0,0
202603160704,2026-03-16,07,4,4-5,510,L03,1-6,0,0
202603160710,2026-03-16,07,10,1-2,220,L03,1-6,0,0
202603161103,2026-03-16,11,3,1-3,250,L03,1-6,0,0
202603161604,2026-03-16,16,4,1-4,750,L03,1-6,0,0
202603170709,2026-03-17,07,9,1-2,870,L03,1-6,0,0
202603171312,2026-03-17,13,12,1-2,220,L03,1-6,0,0
202603171712,2026-03-17,17,12,3-1,1380,L03,1-6,0,0
202603171910,2026-03-17,19,10,1-4,1470,L03,1-6,0,0
202603171912,2026-03-17,19,12,1-2,230,L03,1-6,0,0
202603172307,2026-03-17,23,7,3-2,1820,L03,1-6,0,0
202603180102,2026-03-18,01,2,2-3,530,L03,1-6,0,0
202603180107,2026-03-18,01,7,1-3,190,L03,1-6,0,0
202603180802,2026-03-18,08,2,1-4,530,L03,1-6,0,0
202603180803,2026-03-18,08,3,5-2,2720,L03,1-6,0,0
202603181007,2026-03-18,10,7,1-6,560,L03,1-6,1,560
202603181304,2026-03-18,13,4,1-2,280,L03,1-6,0,0
202603181309,2026-03-18,13,9,1-3,310,L03,1-6,0,0
202603181402,2026-03-18,14,2,1-3,870,L03,1-6,0,0
202603181706,2026-03-18,17,6,2-4,3170,L03,1-6,0,0
202603191008,2026-03-19,10,8,1-3,450,L03,1-6,0,0
202603191902,2026-03-19,19,2,1-5,460,L03,1-6,0,0
202603191908,2026-03-19,19,8,1-2,1410,L03,1-6,0,0
202603192007,2026-03-19,20,7,2-3,12660,L03,1-6,0,0
202603192310,2026-03-19,23,10,1-3,390,L03,1-6,0,0
202603200207,2026-03-20,02,7,1-5,650,L03,1-6,0,0
202603200208,2026-03-20,02,8,2-3,2540,L03,1-6,0,0
202603200209,2026-03-20,02,9,1-2,1650,L03,1-6,0,0
202603201508,2026-03-20,15,8,1-3,330,L03,1-6,0,0
202603201901,2026-03-20,19,1,1-5,720,L03,1-6,0,0
202603201909,2026-03-20,19,9,4-1,1360,L03,1-6,0,0
202603202404,2026-03-20,24,4,5-1,990,L03,1-6,0,0
202603210212,2026-03-21,02,12,1-2,350,L03,1-6,0,0
202603210504,2026-03-21,05,4,5-6,2090,L03,1-6,0,0
202603210601,2026-03-21,06,1,1-5,740,L03,1-6,0,0
202603210608,2026-03-21,06,8,1-4,240,L03,1-6,0,0
202603211605,2026-03-21,16,5,3-1,680,L03,1-6,0,0
202603211607,2026-03-21,16,7,1-2,280,L03,1-6,0,0
202603211610,2026-03-21,16,10,1-5,530,L03,1-6,0,0
202603220210,2026-03-22,02,10,1-4,290,L03,1-6,0,0
202603221301,2026-03-22,13,1,3-1,430,L03,1-6,0,0
202603221407,2026-03-22,14,7,3-1,3590,L03,1-6,0,0
202603221810,2026-03-22,18,10,5-1,7650,L03,1-6,0,0
202603221911,2026-03-22,19,11,1-2,200,L03,1-6,0,0
202603222012,2026-03-22,20,12,3-1,1380,L03,1-6,0,0
202603222310,2026-03-22,23,10,1-4,310,L03,1-6,0,0
202603230203,2026-03-23,02,3,3-1,5160,L03,1-6,0,0
202603230208,2026-03-23,02,8,3-6,620,L03,1-6,0,0
202603230507,2026-03-23,05,7,1-3,490,L03,1-6,0,0
202603230803,2026-03-23,08,3,1-5,1190,L03,1-6,0,0
202603231304,2026-03-23,13,4,2-1,420,L03,1-6,0,0
202603231409,2026-03-23,14,9,2-5,4650,L03,1-6,0,0
202603231410,2026-03-23,14,10,4-3,4580,L03,1-6,0,0
202603231904,2026-03-23,19,4,3-5,3120,L03,1-6,0,0
202603232011,2026-03-23,20,11,1-4,2030,L03,1-6,0,0
202603240209,2026-03-24,02,9,1-2,350,L03,1-6,0,0
202603240704,2026-03-24,07,4,1-2,240,L03,1-6,0,0
202603240905,2026-03-24,09,5,1-2,180,L03,1-6,0,0
202603241009,2026-03-24,10,9,2-3,1830,L03,1-6,0,0
202603241305,2026-03-24,13,5,2-1,2220,L03,1-6,0,0
202603241312,2026-03-24,13,12,4-1,5210,L03,1-6,0,0
202603241604,2026-03-24,16,4,6-2,6080,L03,1-6,0,0
202603250401,2026-03-25,04,1,1-3,550,L03,1-6,0,0
202603250403,2026-03-25,04,3,1-4,800,L03,1-6,0,0
202603250705,2026-03-25,07,5,4-1,2380,L03,1-6,0,0
202603250706,2026-03-25,07,6,5-2,7000,L03,1-6,0,0
202603250902,2026-03-25,09,2,2-1,460,L03,1-6,0,0
202603250903,2026-03-25,09,3,1-3,500,L03,1-6,0,0
202603251012,2026-03-25,10,12,3-1,1130,L03,1-6,0,0
202603251301,2026-03-25,13,1,1-4,3060,L03,1-6,0,0
202603251801,2026-03-25,18,1,1-2,360,L03,1-6,0,0
202603252203,2026-03-25,22,3,5-3,4650,L03,1-6,0,0
202603260903,2026-03-26,09,3,4-5,1640,L03,1-6,0,0
202603260911,2026-03-26,09,11,5-4,3110,L03,1-6,0,0
202603261206,2026-03-26,12,6,3-2,1530,L03,1-6,0,0
202603261709,2026-03-26,17,9,2-4,4850,L03,1-6,0,0
202603270706,2026-03-27,07,6,3-5,2090,L03,1-6,0,0
202603270907,2026-03-27,09,7,5-1,520,L03,1-6,0,0
202603271004,2026-03-27,10,4,2-1,2260,L03,1-6,0,0
202603271011,2026-03-27,10,11,1-3,340,L03,1-6,0,0
202603271206,2026-03-27,12,6,1-5,1830,L03,1-6,0,0
202603271702,2026-03-27,17,2,4-1,2990,L03,1-6,0,0
202603271912,2026-03-27,19,12,1-5,920,L03,1-6,0,0
202603272108,2026-03-27,21,8,3-4,1500,L03,1-6,0,0
202603272112,2026-03-27,21,12,5-4,19600,L03,1-6,0,0
202603272212,2026-03-27,22,12,1-5,1190,L03,1-6,0,0
202603280207,2026-03-28,02,7,1-5,530,L03,1-6,0,0
202603280410,2026-03-28,04,10,1-5,1560,L03,1-6,0,0
202603280507,2026-03-28,05,7,1-4,430,L03,1-6,0,0
202603280706,2026-03-28,07,6,1-2,330,L03,1-6,0,0
202603280712,2026-03-28,07,12,1-6,1490,L03,1-6,1,1490
202603280809,2026-03-28,08,9,1-3,620,L03,1-6,0,0
202603281307,2026-03-28,13,7,1-6,720,L03,1-6,1,720
202603281612,2026-03-28,16,12,1-4,360,L03,1-6,0,0
202603282103,2026-03-28,21,3,2-3,1360,L03,1-6,0,0
202603290510,2026-03-29,05,10,1-2,160,L03,1-6,0,0
202603290810,2026-03-29,08,10,1-3,630,L03,1-6,0,0
202603291906,2026-03-29,19,6,1-3,510,L03,1-6,0,0
202603291911,2026-03-29,19,11,1-2,360,L03,1-6,0,0
202603292310,2026-03-29,23,10,2-1,500,L03,1-6,0,0
202603300508,2026-03-30,05,8,3-5,900,L03,1-6,0,0
202603300604,2026-03-30,06,4,1-3,260,L03,1-6,0,0
202603300809,2026-03-30,08,9,1-2,270,L03,1-6,0,0
202603301308,2026-03-30,13,8,4-1,3420,L03,1-6,0,0
202603301707,2026-03-30,17,7,6-2,12700,L03,1-6,0,0
202603301907,2026-03-30,19,7,1-6,280,L03,1-6,1,280
202603310208,2026-03-31,02,8,1-3,530,L03,1-6,0,0
202603310209,2026-03-31,02,9,1-5,990,L03,1-6,0,0
202603310812,2026-03-31,08,12,2-1,1480,L03,1-6,0,0
202603311910,2026-03-31,19,10,1-3,330,L03,1-6,0,0
202603312107,2026-03-31,21,7,2-4,5210,L03,1-6,0,0
202603312302,2026-03-31,23,2,1-4,660,L03,1-6,0,0
202604010102,2026-04-01,01,2,4-5,950,L03,1-6,0,0
202604010106,2026-04-01,01,6,1-2,240,L03,1-6,0,0
202604010112,2026-04-01,01,12,1-3,490,L03,1-6,0,0
202604010808,2026-04-01,08,8,4-1,11290,L03,1-6,0,0
202604011510,2026-04-01,15,10,1-3,200,L03,1-6,0,0
202604011804,2026-04-01,18,4,1-3,590,L03,1-6,0,0
202604012403,2026-04-01,24,3,3-1,610,L03,1-6,0,0
202604012411,2026-04-01,24,11,1-3,360,L03,1-6,0,0
202604020103,2026-04-02,01,3,2-1,1400,L03,1-6,0,0
202604020902,2026-04-02,09,2,2-4,2340,L03,1-6,0,0
202604020908,2026-04-02,09,8,3-2,6340,L03,1-6,0,0
202604020910,2026-04-02,09,10,1-2,340,L03,1-6,0,0
202604021508,2026-04-02,15,8,1-4,290,L03,1-6,0,0
202604022305,2026-04-02,23,5,1-5,780,L03,1-6,0,0
202604022412,2026-04-02,24,12,3-2,3440,L03,1-6,0,0
202604030402,2026-04-03,04,2,5-4,2120,L03,1-6,0,0
202604030407,2026-04-03,04,7,3-2,640,L03,1-6,0,0
202604031809,2026-04-03,18,9,4-1,1690,L03,1-6,0,0
202604032201,2026-04-03,22,1,1-2,140,L03,1-6,0,0
202604041702,2026-04-04,17,2,6-4,10550,L03,1-6,0,0
202604050101,2026-04-05,01,1,1-2,610,L03,1-6,0,0
202604050412,2026-04-05,04,12,1-2,300,L03,1-6,0,0
202604050711,2026-04-05,07,11,2-6,22780,L03,1-6,0,0
202604050902,2026-04-05,09,2,1-3,570,L03,1-6,0,0
202604051009,2026-04-05,10,9,1-2,220,L03,1-6,0,0
202604051210,2026-04-05,12,10,1-4,590,L03,1-6,0,0
202604051211,2026-04-05,12,11,1-3,280,L03,1-6,0,0
202604051811,2026-04-05,18,11,4-5,5150,L03,1-6,0,0
202604060703,2026-04-06,07,3,1-2,260,L03,1-6,0,0
202604060708,2026-04-06,07,8,3-1,500,L03,1-6,0,0
202604060711,2026-04-06,07,11,1-3,260,L03,1-6,0,0
202604060806,2026-04-06,08,6,1-3,320,L03,1-6,0,0
202604061001,2026-04-06,10,1,1-5,840,L03,1-6,0,0
202604061005,2026-04-06,10,5,1-3,290,L03,1-6,0,0
202604061604,2026-04-06,16,4,2-5,3290,L03,1-6,0,0
202604062108,2026-04-06,21,8,1-3,1140,L03,1-6,0,0
202604062203,2026-04-06,22,3,3-2,330,L03,1-6,0,0
202604070806,2026-04-07,08,6,3-2,3280,L03,1-6,0,0
202604070908,2026-04-07,09,8,2-1,800,L03,1-6,0,0
202604071006,2026-04-07,10,6,3-6,2810,L03,1-6,0,0
202604071203,2026-04-07,12,3,3-1,1500,L03,1-6,0,0
202604071212,2026-04-07,12,12,2-1,5990,L03,1-6,0,0
202604071608,2026-04-07,16,8,6-5,15370,L03,1-6,0,0
202604072405,2026-04-07,24,5,6-2,4060,L03,1-6,0,0
202604080811,2026-04-08,08,11,5-1,7050,L03,1-6,0,0
202604081607,2026-04-08,16,7,4-6,5310,L03,1-6,0,0
202604090707,2026-04-09,07,7,1-4,250,L03,1-6,0,0
202604090802,2026-04-09,08,2,1-2,310,L03,1-6,0,0
202604092408,2026-04-09,24,8,6-1,2880,L03,1-6,0,0
202604100611,2026-04-10,06,11,1-4,1810,L03,1-6,0,0
202604100706,2026-04-10,07,6,4-1,580,L03,1-6,0,0
202604101012,2026-04-10,10,12,1-3,840,L03,1-6,0,0
202603110502,2026-03-11,05,2,1-3,750,L04,1-4,0,0
202603111304,2026-03-11,13,4,2-4,3970,L04,1-4,0,0
202603111608,2026-03-11,16,8,5-1,5240,L04,1-4,0,0
202603111701,2026-03-11,17,1,1-2,210,L04,1-4,0,0
202603111706,2026-03-11,17,6,1-6,370,L04,1-4,0,0
202603111804,2026-03-11,18,4,1-2,200,L04,1-4,0,0
202603111805,2026-03-11,18,5,4-3,8060,L04,1-4,0,0
202603112011,2026-03-11,20,11,1-4,470,L04,1-4,1,470
202603120104,2026-03-12,01,4,4-3,4730,L04,1-4,0,0
202603120210,2026-03-12,02,10,4-2,2230,L04,1-4,0,0
202603120211,2026-03-12,02,11,1-3,520,L04,1-4,0,0
202603120402,2026-03-12,04,2,5-4,750,L04,1-4,0,0
202603120409,2026-03-12,04,9,1-2,230,L04,1-4,0,0
202603120712,2026-03-12,07,12,2-1,750,L04,1-4,0,0
202603120803,2026-03-12,08,3,1-2,710,L04,1-4,0,0
202603120812,2026-03-12,08,12,1-4,660,L04,1-4,1,660
202603121401,2026-03-12,14,1,1-4,400,L04,1-4,1,400
202603121607,2026-03-12,16,7,1-4,770,L04,1-4,1,770
202603122110,2026-03-12,21,10,1-4,580,L04,1-4,1,580
202603130405,2026-03-13,04,5,4-6,1660,L04,1-4,0,0
202603130507,2026-03-13,05,7,1-5,530,L04,1-4,0,0
202603130603,2026-03-13,06,3,2-5,590,L04,1-4,0,0
202603130811,2026-03-13,08,11,2-1,1510,L04,1-4,0,0
202603131609,2026-03-13,16,9,2-5,960,L04,1-4,0,0
202603132002,2026-03-13,20,2,1-3,720,L04,1-4,0,0
202603132209,2026-03-13,22,9,1-3,360,L04,1-4,0,0
202603132404,2026-03-13,24,4,1-2,250,L04,1-4,0,0
202603132405,2026-03-13,24,5,1-3,340,L04,1-4,0,0
202603140509,2026-03-14,05,9,3-1,1210,L04,1-4,0,0
202603140709,2026-03-14,07,9,1-2,870,L04,1-4,0,0
202603141603,2026-03-14,16,3,3-1,360,L04,1-4,0,0
202603142205,2026-03-14,22,5,3-1,3210,L04,1-4,0,0
202603150705,2026-03-15,07,5,5-3,920,L04,1-4,0,0
202603151412,2026-03-15,14,12,1-2,300,L04,1-4,0,0
202603151903,2026-03-15,19,3,1-2,400,L04,1-4,0,0
202603151911,2026-03-15,19,11,4-5,6010,L04,1-4,0,0
202603152011,2026-03-15,20,11,2-1,1010,L04,1-4,0,0
202603161106,2026-03-16,11,6,1-2,310,L04,1-4,0,0
202603161308,2026-03-16,13,8,6-1,17820,L04,1-4,0,0
202603161601,2026-03-16,16,1,1-6,390,L04,1-4,0,0
202603161603,2026-03-16,16,3,5-1,15670,L04,1-4,0,0
202603161909,2026-03-16,19,9,2-3,5070,L04,1-4,0,0
202603161911,2026-03-16,19,11,1-3,260,L04,1-4,0,0
202603162101,2026-03-16,21,1,1-2,250,L04,1-4,0,0
202603162109,2026-03-16,21,9,1-3,1570,L04,1-4,0,0
202603162112,2026-03-16,21,12,1-4,1290,L04,1-4,1,1290
202603170305,2026-03-17,03,5,2-3,560,L04,1-4,0,0
202603172111,2026-03-17,21,11,1-3,190,L04,1-4,0,0
202603181001,2026-03-18,10,1,1-4,1250,L04,1-4,1,1250
202603181407,2026-03-18,14,7,2-1,1250,L04,1-4,0,0
202603182302,2026-03-18,23,2,4-5,3870,L04,1-4,0,0
202603182311,2026-03-18,23,11,3-5,3340,L04,1-4,0,0
202603190204,2026-03-19,02,4,2-1,1320,L04,1-4,0,0
202603190312,2026-03-19,03,12,2-5,11140,L04,1-4,0,0
202603190805,2026-03-19,08,5,2-5,34680,L04,1-4,0,0
202603191011,2026-03-19,10,11,1-6,340,L04,1-4,0,0
202603191612,2026-03-19,16,12,4-2,4850,L04,1-4,0,0
202603191711,2026-03-19,17,11,3-1,640,L04,1-4,0,0
202603191905,2026-03-19,19,5,1-3,780,L04,1-4,0,0
202603192312,2026-03-19,23,12,4-2,14120,L04,1-4,0,0
202603192404,2026-03-19,24,4,1-6,770,L04,1-4,0,0
202603200211,2026-03-20,02,11,1-3,310,L04,1-4,0,0
202603200301,2026-03-20,03,1,1-3,280,L04,1-4,0,0
202603201408,2026-03-20,14,8,5-1,1370,L04,1-4,0,0
202603201506,2026-03-20,15,6,2-4,8660,L04,1-4,0,0
202603201812,2026-03-20,18,12,3-5,10700,L04,1-4,0,0
202603201902,2026-03-20,19,2,2-1,570,L04,1-4,0,0
202603202305,2026-03-20,23,5,1-4,490,L04,1-4,1,490
202603202407,2026-03-20,24,7,1-2,160,L04,1-4,0,0
202603210101,2026-03-21,01,1,4-1,4000,L04,1-4,0,0
202603210206,2026-03-21,02,6,5-2,940,L04,1-4,0,0
202603210508,2026-03-21,05,8,5-1,630,L04,1-4,0,0
202603210607,2026-03-21,06,7,2-1,670,L04,1-4,0,0
202603211508,2026-03-21,15,8,1-2,230,L04,1-4,0,0
202603211810,2026-03-21,18,10,4-5,7000,L04,1-4,0,0
202603211812,2026-03-21,18,12,1-3,380,L04,1-4,0,0
202603211905,2026-03-21,19,5,1-3,230,L04,1-4,0,0
202603211911,2026-03-21,19,11,1-2,200,L04,1-4,0,0
202603212001,2026-03-21,20,1,6-4,68270,L04,1-4,0,0
202603212401,2026-03-21,24,1,1-4,1150,L04,1-4,1,1150
202603220502,2026-03-22,05,2,1-2,180,L04,1-4,0,0
202603221401,2026-03-22,14,1,1-5,760,L04,1-4,0,0
202603221502,2026-03-22,15,2,4-1,940,L04,1-4,0,0
202603221509,2026-03-22,15,9,3-1,1100,L04,1-4,0,0
202603230201,2026-03-23,02,1,4-2,2210,L04,1-4,0,0
202603230603,2026-03-23,06,3,1-2,1110,L04,1-4,0,0
202603230812,2026-03-23,08,12,1-3,260,L04,1-4,0,0
202603231204,2026-03-23,12,4,1-4,1030,L04,1-4,1,1030
202603231209,2026-03-23,12,9,1-2,410,L04,1-4,0,0
202603231908,2026-03-23,19,8,1-3,250,L04,1-4,0,0
202603232003,2026-03-23,20,3,2-1,530,L04,1-4,0,0
202603232209,2026-03-23,22,9,1-3,220,L04,1-4,0,0
202603240205,2026-03-24,02,5,1-2,460,L04,1-4,0,0
202603240504,2026-03-24,05,4,2-4,1220,L04,1-4,0,0
202603240605,2026-03-24,06,5,1-3,210,L04,1-4,0,0
202603240607,2026-03-24,06,7,1-5,280,L04,1-4,0,0
202603240610,2026-03-24,06,10,1-2,450,L04,1-4,0,0
202603241306,2026-03-24,13,6,1-4,240,L04,1-4,1,240
202603241509,2026-03-24,15,9,1-3,370,L04,1-4,0,0
202603242203,2026-03-24,22,3,1-2,640,L04,1-4,0,0
202603242211,2026-03-24,22,11,2-1,3020,L04,1-4,0,0
202603250508,2026-03-25,05,8,1-4,220,L04,1-4,1,220
202603250509,2026-03-25,05,9,5-6,3230,L04,1-4,0,0
202603251007,2026-03-25,10,7,1-2,230,L04,1-4,0,0
202603251008,2026-03-25,10,8,3-2,820,L04,1-4,0,0
202603251209,2026-03-25,12,9,1-2,190,L04,1-4,0,0
202603251305,2026-03-25,13,5,2-1,440,L04,1-4,0,0
202603251311,2026-03-25,13,11,3-2,2590,L04,1-4,0,0
202603251503,2026-03-25,15,3,2-6,8340,L04,1-4,0,0
202603251802,2026-03-25,18,2,1-3,400,L04,1-4,0,0
202603252211,2026-03-25,22,11,1-3,390,L04,1-4,0,0
202603260710,2026-03-26,07,10,1-2,340,L04,1-4,0,0
202603260908,2026-03-26,09,8,1-2,410,L04,1-4,0,0
202603261210,2026-03-26,12,10,1-2,210,L04,1-4,0,0
202603261910,2026-03-26,19,10,6-5,32690,L04,1-4,0,0
202603262209,2026-03-26,22,9,1-5,850,L04,1-4,0,0
202603262212,2026-03-26,22,12,1-3,540,L04,1-4,0,0
202603271003,2026-03-27,10,3,1-5,490,L04,1-4,0,0
202603271203,2026-03-27,12,3,4-2,10600,L04,1-4,0,0
202603271207,2026-03-27,12,7,2-3,2420,L04,1-4,0,0
202603271902,2026-03-27,19,2,6-4,22900,L04,1-4,0,0
202603271907,2026-03-27,19,7,2-5,7360,L04,1-4,0,0
202603272106,2026-03-27,21,6,4-5,6900,L04,1-4,0,0
202603272203,2026-03-27,22,3,1-3,860,L04,1-4,0,0
202603280210,2026-03-28,02,10,2-5,14480,L04,1-4,0,0
202603280808,2026-03-28,08,8,1-3,360,L04,1-4,0,0
202603280902,2026-03-28,09,2,1-2,600,L04,1-4,0,0
202603281607,2026-03-28,16,7,1-2,400,L04,1-4,0,0
202603281907,2026-03-28,19,7,1-2,1020,L04,1-4,0,0
202603282111,2026-03-28,21,11,1-3,250,L04,1-4,0,0
202603282306,2026-03-28,23,6,1-3,470,L04,1-4,0,0
202603290207,2026-03-29,02,7,6-3,6410,L04,1-4,0,0
202603290709,2026-03-29,07,9,1-2,390,L04,1-4,0,0
202603290901,2026-03-29,09,1,1-2,240,L04,1-4,0,0
202603290902,2026-03-29,09,2,2-1,380,L04,1-4,0,0
202603290903,2026-03-29,09,3,1-2,190,L04,1-4,0,0
202603291605,2026-03-29,16,5,1-3,710,L04,1-4,0,0
202603291705,2026-03-29,17,5,1-2,760,L04,1-4,0,0
202603292412,2026-03-29,24,12,2-1,4240,L04,1-4,0,0
202603300204,2026-03-30,02,4,1-4,2110,L04,1-4,1,2110
202603300603,2026-03-30,06,3,4-2,1630,L04,1-4,0,0
202603301503,2026-03-30,15,3,5-3,3440,L04,1-4,0,0
202603301505,2026-03-30,15,5,1-2,440,L04,1-4,0,0
202603301511,2026-03-30,15,11,2-3,4550,L04,1-4,0,0
202603301705,2026-03-30,17,5,1-2,230,L04,1-4,0,0
202603301806,2026-03-30,18,6,1-2,600,L04,1-4,0,0
202603302104,2026-03-30,21,4,1-5,660,L04,1-4,0,0
202603311307,2026-03-31,13,7,1-5,350,L04,1-4,0,0
202603311501,2026-03-31,15,1,3-2,2970,L04,1-4,0,0
202603311602,2026-03-31,16,2,2-1,2120,L04,1-4,0,0
202603311711,2026-03-31,17,11,2-1,1010,L04,1-4,0,0
202603311812,2026-03-31,18,12,1-2,330,L04,1-4,0,0
202603311901,2026-03-31,19,1,1-4,300,L04,1-4,1,300
202603312111,2026-03-31,21,11,1-3,490,L04,1-4,0,0
202604010109,2026-04-01,01,9,5-1,2350,L04,1-4,0,0
202604010812,2026-04-01,08,12,2-1,1580,L04,1-4,0,0
202604011807,2026-04-01,18,7,2-5,310,L04,1-4,0,0
202604020602,2026-04-02,06,2,1-4,2490,L04,1-4,1,2490
202604020606,2026-04-02,06,6,3-2,1640,L04,1-4,0,0
202604020611,2026-04-02,06,11,1-3,230,L04,1-4,0,0
202604020612,2026-04-02,06,12,1-3,260,L04,1-4,0,0
202604020907,2026-04-02,09,7,1-4,450,L04,1-4,1,450
202604030409,2026-04-03,04,9,1-2,370,L04,1-4,0,0
202604030602,2026-04-03,06,2,1-3,510,L04,1-4,0,0
202604030605,2026-04-03,06,5,1-3,600,L04,1-4,0,0
202604030808,2026-04-03,08,8,1-2,320,L04,1-4,0,0
202604031210,2026-04-03,12,10,1-3,290,L04,1-4,0,0
202604031802,2026-04-03,18,2,1-4,310,L04,1-4,1,310
202604032101,2026-04-03,21,1,4-5,3630,L04,1-4,0,0
202604032211,2026-04-03,22,11,1-2,290,L04,1-4,0,0
202604040103,2026-04-04,01,3,2-5,1230,L04,1-4,0,0
202604041612,2026-04-04,16,12,2-6,6470,L04,1-4,0,0
202604041711,2026-04-04,17,11,1-4,630,L04,1-4,1,630
202604050108,2026-04-05,01,8,4-5,2190,L04,1-4,0,0
202604050912,2026-04-05,09,12,4-1,3430,L04,1-4,0,0
202604051609,2026-04-05,16,9,1-2,370,L04,1-4,0,0
202604051803,2026-04-05,18,3,1-3,520,L04,1-4,0,0
202604052105,2026-04-05,21,5,2-1,3590,L04,1-4,0,0
202604052108,2026-04-05,21,8,1-3,230,L04,1-4,0,0
202604060202,2026-04-06,02,2,4-2,2600,L04,1-4,0,0
202604060403,2026-04-06,04,3,5-6,2410,L04,1-4,0,0
202604060705,2026-04-06,07,5,1-2,300,L04,1-4,0,0
202604060802,2026-04-06,08,2,1-2,270,L04,1-4,0,0
202604060811,2026-04-06,08,11,1-2,510,L04,1-4,0,0
202604060905,2026-04-06,09,5,1-4,580,L04,1-4,1,580
202604061207,2026-04-06,12,7,1-2,300,L04,1-4,0,0
202604062212,2026-04-06,22,12,1-3,650,L04,1-4,0,0
202604070408,2026-04-07,04,8,4-3,8070,L04,1-4,0,0
202604070706,2026-04-07,07,6,4-2,3640,L04,1-4,0,0
202604070808,2026-04-07,08,8,2-4,1790,L04,1-4,0,0
202604070902,2026-04-07,09,2,1-5,430,L04,1-4,0,0
202604070906,2026-04-07,09,6,1-3,250,L04,1-4,0,0
202604071008,2026-04-07,10,8,2-4,500,L04,1-4,0,0
202604071209,2026-04-07,12,9,1-3,250,L04,1-4,0,0
202604072109,2026-04-07,21,9,1-3,260,L04,1-4,0,0
202604080211,2026-04-08,02,11,1-5,570,L04,1-4,0,0
202604080806,2026-04-08,08,6,2-1,990,L04,1-4,0,0
202604081006,2026-04-08,10,6,4-2,580,L04,1-4,0,0
202604081011,2026-04-08,10,11,4-1,1120,L04,1-4,0,0
202604081106,2026-04-08,11,6,2-4,470,L04,1-4,0,0
202604081110,2026-04-08,11,10,1-6,1690,L04,1-4,0,0
202604081610,2026-04-08,16,10,4-5,16760,L04,1-4,0,0
202604082305,2026-04-08,23,5,1-5,540,L04,1-4,0,0
202604082401,2026-04-08,24,1,4-1,11380,L04,1-4,0,0
202604090706,2026-04-09,07,6,6-2,2440,L04,1-4,0,0
202604090806,2026-04-09,08,6,1-5,260,L04,1-4,0,0
202604091103,2026-04-09,11,3,3-6,490,L04,1-4,0,0
202604091604,2026-04-09,16,4,1-3,420,L04,1-4,0,0
202604091612,2026-04-09,16,12,1-2,210,L04,1-4,0,0
202604100202,2026-04-10,02,2,1-2,230,L04,1-4,0,0
202604100711,2026-04-10,07,11,1-3,180,L04,1-4,0,0
202604101506,2026-04-10,15,6,2-3,14360,L04,1-4,0,0
202604102412,2026-04-10,24,12,1-4,600,L04,1-4,1,600
202603110502,2026-03-11,05,2,1-3,750,L05,1-4,0,0
202603111010,2026-03-11,10,10,4-1,1560,L05,1-4,0,0
202603111304,2026-03-11,13,4,2-4,3970,L05,1-4,0,0
202603111608,2026-03-11,16,8,5-1,5240,L05,1-4,0,0
202603111701,2026-03-11,17,1,1-2,210,L05,1-4,0,0
202603111706,2026-03-11,17,6,1-6,370,L05,1-4,0,0
202603111804,2026-03-11,18,4,1-2,200,L05,1-4,0,0
202603111805,2026-03-11,18,5,4-3,8060,L05,1-4,0,0
202603112003,2026-03-11,20,3,1-4,410,L05,1-4,1,410
202603112005,2026-03-11,20,5,1-4,360,L05,1-4,1,360
202603112011,2026-03-11,20,11,1-4,470,L05,1-4,1,470
202603112204,2026-03-11,22,4,2-1,1760,L05,1-4,0,0
202603112405,2026-03-11,24,5,1-5,740,L05,1-4,0,0
202603112410,2026-03-11,24,10,1-5,1170,L05,1-4,0,0
202603112411,2026-03-11,24,11,3-1,4030,L05,1-4,0,0
202603120104,2026-03-12,01,4,4-3,4730,L05,1-4,0,0
202603120210,2026-03-12,02,10,4-2,2230,L05,1-4,0,0
202603120211,2026-03-12,02,11,1-3,520,L05,1-4,0,0
202603120402,2026-03-12,04,2,5-4,750,L05,1-4,0,0
202603120409,2026-03-12,04,9,1-2,230,L05,1-4,0,0
202603120712,2026-03-12,07,12,2-1,750,L05,1-4,0,0
202603120803,2026-03-12,08,3,1-2,710,L05,1-4,0,0
202603120812,2026-03-12,08,12,1-4,660,L05,1-4,1,660
202603121401,2026-03-12,14,1,1-4,400,L05,1-4,1,400
202603121607,2026-03-12,16,7,1-4,770,L05,1-4,1,770
202603122001,2026-03-12,20,1,1-3,480,L05,1-4,0,0
202603122110,2026-03-12,21,10,1-4,580,L05,1-4,1,580
202603130405,2026-03-13,04,5,4-6,1660,L05,1-4,0,0
202603130507,2026-03-13,05,7,1-5,530,L05,1-4,0,0
202603130603,2026-03-13,06,3,2-5,590,L05,1-4,0,0
202603130811,2026-03-13,08,11,2-1,1510,L05,1-4,0,0
202603130812,2026-03-13,08,12,1-5,2600,L05,1-4,0,0
202603131609,2026-03-13,16,9,2-5,960,L05,1-4,0,0
202603132002,2026-03-13,20,2,1-3,720,L05,1-4,0,0
202603132209,2026-03-13,22,9,1-3,360,L05,1-4,0,0
202603132404,2026-03-13,24,4,1-2,250,L05,1-4,0,0
202603132405,2026-03-13,24,5,1-3,340,L05,1-4,0,0
202603140509,2026-03-14,05,9,3-1,1210,L05,1-4,0,0
202603140709,2026-03-14,07,9,1-2,870,L05,1-4,0,0
202603141603,2026-03-14,16,3,3-1,360,L05,1-4,0,0
202603142007,2026-03-14,20,7,1-6,1140,L05,1-4,0,0
202603142205,2026-03-14,22,5,3-1,3210,L05,1-4,0,0
202603150312,2026-03-15,03,12,1-5,1510,L05,1-4,0,0
202603150705,2026-03-15,07,5,5-3,920,L05,1-4,0,0
202603151412,2026-03-15,14,12,1-2,300,L05,1-4,0,0
202603151903,2026-03-15,19,3,1-2,400,L05,1-4,0,0
202603151911,2026-03-15,19,11,4-5,6010,L05,1-4,0,0
202603152005,2026-03-15,20,5,1-3,800,L05,1-4,0,0
202603152011,2026-03-15,20,11,2-1,1010,L05,1-4,0,0
202603160702,2026-03-16,07,2,4-5,1020,L05,1-4,0,0
202603161106,2026-03-16,11,6,1-2,310,L05,1-4,0,0
202603161308,2026-03-16,13,8,6-1,17820,L05,1-4,0,0
202603161601,2026-03-16,16,1,1-6,390,L05,1-4,0,0
202603161603,2026-03-16,16,3,5-1,15670,L05,1-4,0,0
202603161909,2026-03-16,19,9,2-3,5070,L05,1-4,0,0
202603161911,2026-03-16,19,11,1-3,260,L05,1-4,0,0
202603162101,2026-03-16,21,1,1-2,250,L05,1-4,0,0
202603162109,2026-03-16,21,9,1-3,1570,L05,1-4,0,0
202603162112,2026-03-16,21,12,1-4,1290,L05,1-4,1,1290
202603170305,2026-03-17,03,5,2-3,560,L05,1-4,0,0
202603172111,2026-03-17,21,11,1-3,190,L05,1-4,0,0
202603181001,2026-03-18,10,1,1-4,1250,L05,1-4,1,1250
202603181307,2026-03-18,13,7,1-3,380,L05,1-4,0,0
202603181407,2026-03-18,14,7,2-1,1250,L05,1-4,0,0
202603182302,2026-03-18,23,2,4-5,3870,L05,1-4,0,0
202603182311,2026-03-18,23,11,3-5,3340,L05,1-4,0,0
202603190204,2026-03-19,02,4,2-1,1320,L05,1-4,0,0
202603190312,2026-03-19,03,12,2-5,11140,L05,1-4,0,0
202603190805,2026-03-19,08,5,2-5,34680,L05,1-4,0,0
202603191011,2026-03-19,10,11,1-6,340,L05,1-4,0,0
202603191402,2026-03-19,14,2,5-4,22690,L05,1-4,0,0
202603191612,2026-03-19,16,12,4-2,4850,L05,1-4,0,0
202603191711,2026-03-19,17,11,3-1,640,L05,1-4,0,0
202603191905,2026-03-19,19,5,1-3,780,L05,1-4,0,0
202603192312,2026-03-19,23,12,4-2,14120,L05,1-4,0,0
202603192404,2026-03-19,24,4,1-6,770,L05,1-4,0,0
202603200211,2026-03-20,02,11,1-3,310,L05,1-4,0,0
202603200301,2026-03-20,03,1,1-3,280,L05,1-4,0,0
202603200807,2026-03-20,08,7,1-4,1020,L05,1-4,1,1020
202603201408,2026-03-20,14,8,5-1,1370,L05,1-4,0,0
202603201506,2026-03-20,15,6,2-4,8660,L05,1-4,0,0
202603201707,2026-03-20,17,7,2-5,1450,L05,1-4,0,0
202603201807,2026-03-20,18,7,5-1,36730,L05,1-4,0,0
202603201812,2026-03-20,18,12,3-5,10700,L05,1-4,0,0
202603201902,2026-03-20,19,2,2-1,570,L05,1-4,0,0
202603202305,2026-03-20,23,5,1-4,490,L05,1-4,1,490
202603202407,2026-03-20,24,7,1-2,160,L05,1-4,0,0
202603210101,2026-03-21,01,1,4-1,4000,L05,1-4,0,0
202603210206,2026-03-21,02,6,5-2,940,L05,1-4,0,0
202603210508,2026-03-21,05,8,5-1,630,L05,1-4,0,0
202603210607,2026-03-21,06,7,2-1,670,L05,1-4,0,0
202603211501,2026-03-21,15,1,1-4,670,L05,1-4,1,670
202603211508,2026-03-21,15,8,1-2,230,L05,1-4,0,0
202603211810,2026-03-21,18,10,4-5,7000,L05,1-4,0,0
202603211812,2026-03-21,18,12,1-3,380,L05,1-4,0,0
202603211905,2026-03-21,19,5,1-3,230,L05,1-4,0,0
202603211911,2026-03-21,19,11,1-2,200,L05,1-4,0,0
202603212001,2026-03-21,20,1,6-4,68270,L05,1-4,0,0
202603212401,2026-03-21,24,1,1-4,1150,L05,1-4,1,1150
202603212406,2026-03-21,24,6,1-3,220,L05,1-4,0,0
202603220205,2026-03-22,02,5,2-1,1030,L05,1-4,0,0
202603220502,2026-03-22,05,2,1-2,180,L05,1-4,0,0
202603220509,2026-03-22,05,9,1-4,400,L05,1-4,1,400
202603221401,2026-03-22,14,1,1-5,760,L05,1-4,0,0
202603221502,2026-03-22,15,2,4-1,940,L05,1-4,0,0
202603221509,2026-03-22,15,9,3-1,1100,L05,1-4,0,0
202603221611,2026-03-22,16,11,1-3,440,L05,1-4,0,0
202603230201,2026-03-23,02,1,4-2,2210,L05,1-4,0,0
202603230603,2026-03-23,06,3,1-2,1110,L05,1-4,0,0
202603230812,2026-03-23,08,12,1-3,260,L05,1-4,0,0
202603231204,2026-03-23,12,4,1-4,1030,L05,1-4,1,1030
202603231209,2026-03-23,12,9,1-2,410,L05,1-4,0,0
202603231505,2026-03-23,15,5,4-1,2880,L05,1-4,0,0
202603231908,2026-03-23,19,8,1-3,250,L05,1-4,0,0
202603232003,2026-03-23,20,3,2-1,530,L05,1-4,0,0
202603232209,2026-03-23,22,9,1-3,220,L05,1-4,0,0
202603240205,2026-03-24,02,5,1-2,460,L05,1-4,0,0
202603240504,2026-03-24,05,4,2-4,1220,L05,1-4,0,0
202603240605,2026-03-24,06,5,1-3,210,L05,1-4,0,0
202603240607,2026-03-24,06,7,1-5,280,L05,1-4,0,0
202603240610,2026-03-24,06,10,1-2,450,L05,1-4,0,0
202603241201,2026-03-24,12,1,1-2,580,L05,1-4,0,0
202603241306,2026-03-24,13,6,1-4,240,L05,1-4,1,240
202603241509,2026-03-24,15,9,1-3,370,L05,1-4,0,0
202603242203,2026-03-24,22,3,1-2,640,L05,1-4,0,0
202603242211,2026-03-24,22,11,2-1,3020,L05,1-4,0,0
202603250508,2026-03-25,05,8,1-4,220,L05,1-4,1,220
202603250509,2026-03-25,05,9,5-6,3230,L05,1-4,0,0
202603251007,2026-03-25,10,7,1-2,230,L05,1-4,0,0
202603251008,2026-03-25,10,8,3-2,820,L05,1-4,0,0
202603251209,2026-03-25,12,9,1-2,190,L05,1-4,0,0
202603251302,2026-03-25,13,2,2-3,1020,L05,1-4,0,0
202603251305,2026-03-25,13,5,2-1,440,L05,1-4,0,0
202603251311,2026-03-25,13,11,3-2,2590,L05,1-4,0,0
202603251503,2026-03-25,15,3,2-6,8340,L05,1-4,0,0
202603251509,2026-03-25,15,9,6-3,18410,L05,1-4,0,0
202603251802,2026-03-25,18,2,1-3,400,L05,1-4,0,0
202603252211,2026-03-25,22,11,1-3,390,L05,1-4,0,0
202603260710,2026-03-26,07,10,1-2,340,L05,1-4,0,0
202603260908,2026-03-26,09,8,1-2,410,L05,1-4,0,0
202603260912,2026-03-26,09,12,1-2,220,L05,1-4,0,0
202603261210,2026-03-26,12,10,1-2,210,L05,1-4,0,0
202603261910,2026-03-26,19,10,6-5,32690,L05,1-4,0,0
202603262109,2026-03-26,21,9,1-2,250,L05,1-4,0,0
202603262209,2026-03-26,22,9,1-5,850,L05,1-4,0,0
202603262212,2026-03-26,22,12,1-3,540,L05,1-4,0,0
202603270705,2026-03-27,07,5,1-4,400,L05,1-4,1,400
202603271003,2026-03-27,10,3,1-5,490,L05,1-4,0,0
202603271203,2026-03-27,12,3,4-2,10600,L05,1-4,0,0
202603271207,2026-03-27,12,7,2-3,2420,L05,1-4,0,0
202603271902,2026-03-27,19,2,6-4,22900,L05,1-4,0,0
202603271907,2026-03-27,19,7,2-5,7360,L05,1-4,0,0
202603272106,2026-03-27,21,6,4-5,6900,L05,1-4,0,0
202603272203,2026-03-27,22,3,1-3,860,L05,1-4,0,0
202603280210,2026-03-28,02,10,2-5,14480,L05,1-4,0,0
202603280808,2026-03-28,08,8,1-3,360,L05,1-4,0,0
202603280902,2026-03-28,09,2,1-2,600,L05,1-4,0,0
202603281607,2026-03-28,16,7,1-2,400,L05,1-4,0,0
202603281702,2026-03-28,17,2,2-5,3200,L05,1-4,0,0
202603281907,2026-03-28,19,7,1-2,1020,L05,1-4,0,0
202603281909,2026-03-28,19,9,1-2,190,L05,1-4,0,0
202603282104,2026-03-28,21,4,1-4,450,L05,1-4,1,450
202603282111,2026-03-28,21,11,1-3,250,L05,1-4,0,0
202603282306,2026-03-28,23,6,1-3,470,L05,1-4,0,0
202603290207,2026-03-29,02,7,6-3,6410,L05,1-4,0,0
202603290709,2026-03-29,07,9,1-2,390,L05,1-4,0,0
202603290901,2026-03-29,09,1,1-2,240,L05,1-4,0,0
202603290902,2026-03-29,09,2,2-1,380,L05,1-4,0,0
202603290903,2026-03-29,09,3,1-2,190,L05,1-4,0,0
202603291605,2026-03-29,16,5,1-3,710,L05,1-4,0,0
202603291705,2026-03-29,17,5,1-2,760,L05,1-4,0,0
202603292412,2026-03-29,24,12,2-1,4240,L05,1-4,0,0
202603300202,2026-03-30,02,2,5-1,1950,L05,1-4,0,0
202603300204,2026-03-30,02,4,1-4,2110,L05,1-4,1,2110
202603300603,2026-03-30,06,3,4-2,1630,L05,1-4,0,0
202603300812,2026-03-30,08,12,1-3,420,L05,1-4,0,0
202603301503,2026-03-30,15,3,5-3,3440,L05,1-4,0,0
202603301505,2026-03-30,15,5,1-2,440,L05,1-4,0,0
202603301511,2026-03-30,15,11,2-3,4550,L05,1-4,0,0
202603301705,2026-03-30,17,5,1-2,230,L05,1-4,0,0
202603301806,2026-03-30,18,6,1-2,600,L05,1-4,0,0
202603302104,2026-03-30,21,4,1-5,660,L05,1-4,0,0
202603311307,2026-03-31,13,7,1-5,350,L05,1-4,0,0
202603311501,2026-03-31,15,1,3-2,2970,L05,1-4,0,0
202603311602,2026-03-31,16,2,2-1,2120,L05,1-4,0,0
202603311711,2026-03-31,17,11,2-1,1010,L05,1-4,0,0
202603311812,2026-03-31,18,12,1-2,330,L05,1-4,0,0
202603311901,2026-03-31,19,1,1-4,300,L05,1-4,1,300
202603312111,2026-03-31,21,11,1-3,490,L05,1-4,0,0
202604010109,2026-04-01,01,9,5-1,2350,L05,1-4,0,0
202604010812,2026-04-01,08,12,2-1,1580,L05,1-4,0,0
202604011807,2026-04-01,18,7,2-5,310,L05,1-4,0,0
202604020108,2026-04-02,01,8,1-2,500,L05,1-4,0,0
202604020602,2026-04-02,06,2,1-4,2490,L05,1-4,1,2490
202604020606,2026-04-02,06,6,3-2,1640,L05,1-4,0,0
202604020611,2026-04-02,06,11,1-3,230,L05,1-4,0,0
202604020612,2026-04-02,06,12,1-3,260,L05,1-4,0,0
202604020907,2026-04-02,09,7,1-4,450,L05,1-4,1,450
202604022208,2026-04-02,22,8,1-5,6570,L05,1-4,0,0
202604022306,2026-04-02,23,6,2-1,3650,L05,1-4,0,0
202604030409,2026-04-03,04,9,1-2,370,L05,1-4,0,0
202604030602,2026-04-03,06,2,1-3,510,L05,1-4,0,0
202604030605,2026-04-03,06,5,1-3,600,L05,1-4,0,0
202604030808,2026-04-03,08,8,1-2,320,L05,1-4,0,0
202604031210,2026-04-03,12,10,1-3,290,L05,1-4,0,0
202604031802,2026-04-03,18,2,1-4,310,L05,1-4,1,310
202604032101,2026-04-03,21,1,4-5,3630,L05,1-4,0,0
202604032211,2026-04-03,22,11,1-2,290,L05,1-4,0,0
202604040103,2026-04-04,01,3,2-5,1230,L05,1-4,0,0
202604041512,2026-04-04,15,12,1-3,300,L05,1-4,0,0
202604041612,2026-04-04,16,12,2-6,6470,L05,1-4,0,0
202604041711,2026-04-04,17,11,1-4,630,L05,1-4,1,630
202604050108,2026-04-05,01,8,4-5,2190,L05,1-4,0,0
202604050912,2026-04-05,09,12,4-1,3430,L05,1-4,0,0
202604051201,2026-04-05,12,1,1-3,650,L05,1-4,0,0
202604051609,2026-04-05,16,9,1-2,370,L05,1-4,0,0
202604051803,2026-04-05,18,3,1-3,520,L05,1-4,0,0
202604052105,2026-04-05,21,5,2-1,3590,L05,1-4,0,0
202604052108,2026-04-05,21,8,1-3,230,L05,1-4,0,0
202604060202,2026-04-06,02,2,4-2,2600,L05,1-4,0,0
202604060403,2026-04-06,04,3,5-6,2410,L05,1-4,0,0
202604060705,2026-04-06,07,5,1-2,300,L05,1-4,0,0
202604060802,2026-04-06,08,2,1-2,270,L05,1-4,0,0
202604060811,2026-04-06,08,11,1-2,510,L05,1-4,0,0
202604060905,2026-04-06,09,5,1-4,580,L05,1-4,1,580
202604061207,2026-04-06,12,7,1-2,300,L05,1-4,0,0
202604062212,2026-04-06,22,12,1-3,650,L05,1-4,0,0
202604070207,2026-04-07,02,7,1-2,260,L05,1-4,0,0
202604070408,2026-04-07,04,8,4-3,8070,L05,1-4,0,0
202604070706,2026-04-07,07,6,4-2,3640,L05,1-4,0,0
202604070808,2026-04-07,08,8,2-4,1790,L05,1-4,0,0
202604070902,2026-04-07,09,2,1-5,430,L05,1-4,0,0
202604070906,2026-04-07,09,6,1-3,250,L05,1-4,0,0
202604071008,2026-04-07,10,8,2-4,500,L05,1-4,0,0
202604071209,2026-04-07,12,9,1-3,250,L05,1-4,0,0
202604072109,2026-04-07,21,9,1-3,260,L05,1-4,0,0
202604080211,2026-04-08,02,11,1-5,570,L05,1-4,0,0
202604080806,2026-04-08,08,6,2-1,990,L05,1-4,0,0
202604081006,2026-04-08,10,6,4-2,580,L05,1-4,0,0
202604081011,2026-04-08,10,11,4-1,1120,L05,1-4,0,0
202604081106,2026-04-08,11,6,2-4,470,L05,1-4,0,0
202604081110,2026-04-08,11,10,1-6,1690,L05,1-4,0,0
202604081610,2026-04-08,16,10,4-5,16760,L05,1-4,0,0
202604082305,2026-04-08,23,5,1-5,540,L05,1-4,0,0
202604082308,2026-04-08,23,8,4-1,610,L05,1-4,0,0
202604082401,2026-04-08,24,1,4-1,11380,L05,1-4,0,0
202604090706,2026-04-09,07,6,6-2,2440,L05,1-4,0,0
202604090805,2026-04-09,08,5,1-3,570,L05,1-4,0,0
202604090806,2026-04-09,08,6,1-5,260,L05,1-4,0,0
202604091001,2026-04-09,10,1,1-3,250,L05,1-4,0,0
202604091103,2026-04-09,11,3,3-6,490,L05,1-4,0,0
202604091604,2026-04-09,16,4,1-3,420,L05,1-4,0,0
202604091612,2026-04-09,16,12,1-2,210,L05,1-4,0,0
202604100202,2026-04-10,02,2,1-2,230,L05,1-4,0,0
202604100212,2026-04-10,02,12,1-4,360,L05,1-4,1,360
202604100711,2026-04-10,07,11,1-3,180,L05,1-4,0,0
202604101506,2026-04-10,15,6,2-3,14360,L05,1-4,0,0
202604102312,2026-04-10,23,12,1-4,210,L05,1-4,1,210
202604102412,2026-04-10,24,12,1-4,600,L05,1-4,1,600
202603110502,2026-03-11,05,2,1-3,750,L06,1-2,0,0
202603111302,2026-03-11,13,2,1-3,2380,L06,1-2,0,0
202603112002,2026-03-11,20,2,5-3,1420,L06,1-2,0,0
202603112411,2026-03-11,24,11,3-1,4030,L06,1-2,0,0
202603120104,2026-03-12,01,4,4-3,4730,L06,1-2,0,0
202603120203,2026-03-12,02,3,4-3,1780,L06,1-2,0,0
202603120402,2026-03-12,04,2,5-4,750,L06,1-2,0,0
202603120409,2026-03-12,04,9,1-2,230,L06,1-2,1,230
202603121404,2026-03-12,14,4,1-2,230,L06,1-2,1,230
202603121411,2026-03-12,14,11,3-5,6150,L06,1-2,0,0
202603122102,2026-03-12,21,2,4-5,920,L06,1-2,0,0
202603130405,2026-03-13,04,5,4-6,1660,L06,1-2,0,0
202603130410,2026-03-13,04,10,4-1,3720,L06,1-2,0,0
202603130411,2026-03-13,04,11,4-2,4410,L06,1-2,0,0
202603130709,2026-03-13,07,9,2-4,6700,L06,1-2,0,0
202603131804,2026-03-13,18,4,1-2,140,L06,1-2,1,140
202603132107,2026-03-13,21,7,1-2,1000,L06,1-2,1,1000
202603140604,2026-03-14,06,4,1-3,420,L06,1-2,0,0
202603141310,2026-03-14,13,10,2-4,4890,L06,1-2,0,0
202603141409,2026-03-14,14,9,1-2,400,L06,1-2,1,400
202603151601,2026-03-15,16,1,1-2,280,L06,1-2,1,280
202603151611,2026-03-15,16,11,1-3,200,L06,1-2,0,0
202603151803,2026-03-15,18,3,1-4,1180,L06,1-2,0,0
202603152112,2026-03-15,21,12,1-3,450,L06,1-2,0,0
202603160308,2026-03-16,03,8,3-1,1800,L06,1-2,0,0
202603160605,2026-03-16,06,5,2-6,6430,L06,1-2,0,0
202603160607,2026-03-16,06,7,1-4,250,L06,1-2,0,0
202603161601,2026-03-16,16,1,1-6,390,L06,1-2,0,0
202603161909,2026-03-16,19,9,2-3,5070,L06,1-2,0,0
202603162112,2026-03-16,21,12,1-4,1290,L06,1-2,0,0
202603170707,2026-03-17,07,7,1-4,2380,L06,1-2,0,0
202603171009,2026-03-17,10,9,4-3,3090,L06,1-2,0,0
202603191009,2026-03-19,10,9,1-3,300,L06,1-2,0,0
202603191402,2026-03-19,14,2,5-4,22690,L06,1-2,0,0
202603192302,2026-03-19,23,2,1-4,500,L06,1-2,0,0
202603200810,2026-03-20,08,10,1-5,750,L06,1-2,0,0
202603202312,2026-03-20,23,12,1-2,280,L06,1-2,1,280
202603202407,2026-03-20,24,7,1-2,160,L06,1-2,1,160
202603202408,2026-03-20,24,8,3-1,820,L06,1-2,0,0
202603210101,2026-03-21,01,1,4-1,4000,L06,1-2,0,0
202603210108,2026-03-21,01,8,5-1,1300,L06,1-2,0,0
202603210401,2026-03-21,04,1,1-3,590,L06,1-2,0,0
202603210605,2026-03-21,06,5,1-6,1250,L06,1-2,0,0
202603211705,2026-03-21,17,5,4-5,2610,L06,1-2,0,0
202603212006,2026-03-21,20,6,2-3,430,L06,1-2,0,0
202603212303,2026-03-21,23,3,2-5,2810,L06,1-2,0,0
202603212309,2026-03-21,23,9,1-3,270,L06,1-2,0,0
202603220501,2026-03-22,05,1,3-1,5650,L06,1-2,0,0
202603221312,2026-03-22,13,12,1-4,640,L06,1-2,0,0
202603221410,2026-03-22,14,10,4-3,3740,L06,1-2,0,0
202603221707,2026-03-22,17,7,1-2,160,L06,1-2,1,160
202603221710,2026-03-22,17,10,1-5,5680,L06,1-2,0,0
202603222406,2026-03-22,24,6,1-3,1330,L06,1-2,0,0
202603230510,2026-03-23,05,10,1-2,410,L06,1-2,1,410
202603230609,2026-03-23,06,9,1-5,2140,L06,1-2,0,0
202603231203,2026-03-23,12,3,1-2,200,L06,1-2,1,200
202603231209,2026-03-23,12,9,1-2,410,L06,1-2,1,410
202603231401,2026-03-23,14,1,1-2,280,L06,1-2,1,280
202603231908,2026-03-23,19,8,1-3,250,L06,1-2,0,0
202603232209,2026-03-23,22,9,1-3,220,L06,1-2,0,0
202603240205,2026-03-24,02,5,1-2,460,L06,1-2,1,460
202603240609,2026-03-24,06,9,1-2,250,L06,1-2,1,250
202603241802,2026-03-24,18,2,1-3,290,L06,1-2,0,0
202603250708,2026-03-25,07,8,4-5,7540,L06,1-2,0,0
202603251508,2026-03-25,15,8,1-2,260,L06,1-2,1,260
202603251802,2026-03-25,18,2,1-3,400,L06,1-2,0,0
202603260912,2026-03-26,09,12,1-2,220,L06,1-2,1,220
202603270704,2026-03-27,07,4,4-6,2810,L06,1-2,0,0
202603270705,2026-03-27,07,5,1-4,400,L06,1-2,0,0
202603280204,2026-03-28,02,4,2-1,1100,L06,1-2,0,0
202603280808,2026-03-28,08,8,1-3,360,L06,1-2,0,0
202603280902,2026-03-28,09,2,1-2,600,L06,1-2,1,600
202603281607,2026-03-28,16,7,1-2,400,L06,1-2,1,400
202603281702,2026-03-28,17,2,2-5,3200,L06,1-2,0,0
202603282301,2026-03-28,23,1,1-5,780,L06,1-2,0,0
202603290809,2026-03-29,08,9,6-4,1710,L06,1-2,0,0
202603290902,2026-03-29,09,2,2-1,380,L06,1-2,0,0
202603290904,2026-03-29,09,4,2-3,16880,L06,1-2,0,0
202603291004,2026-03-29,10,4,1-2,350,L06,1-2,1,350
202603292404,2026-03-29,24,4,1-2,530,L06,1-2,1,530
202603300202,2026-03-30,02,2,5-1,1950,L06,1-2,0,0
202603302107,2026-03-30,21,7,1-6,2260,L06,1-2,0,0
202603302110,2026-03-30,21,10,1-2,290,L06,1-2,1,290
202603302311,2026-03-30,23,11,1-2,360,L06,1-2,1,360
202603302312,2026-03-30,23,12,1-2,380,L06,1-2,1,380
202603311611,2026-03-31,16,11,3-2,4230,L06,1-2,0,0
202604010212,2026-04-01,02,12,3-4,1890,L06,1-2,0,0
202604012402,2026-04-01,24,2,1-3,570,L06,1-2,0,0
202604020106,2026-04-02,01,6,3-5,8880,L06,1-2,0,0
202604020606,2026-04-02,06,6,3-2,1640,L06,1-2,0,0
202604020611,2026-04-02,06,11,1-3,230,L06,1-2,0,0
202604022211,2026-04-02,22,11,3-1,2130,L06,1-2,0,0
202604030409,2026-04-03,04,9,1-2,370,L06,1-2,1,370
202604030602,2026-04-03,06,2,1-3,510,L06,1-2,0,0
202604031804,2026-04-03,18,4,1-4,450,L06,1-2,0,0
202604040909,2026-04-04,09,9,1-3,660,L06,1-2,0,0
202604041204,2026-04-04,12,4,1-4,1720,L06,1-2,0,0
202604041504,2026-04-04,15,4,3-2,1360,L06,1-2,0,0
202604041602,2026-04-04,16,2,4-5,2180,L06,1-2,0,0
202604041612,2026-04-04,16,12,2-6,6470,L06,1-2,0,0
202604050404,2026-04-05,04,4,2-1,440,L06,1-2,0,0
202604051202,2026-04-05,12,2,1-3,410,L06,1-2,0,0
202604052105,2026-04-05,21,5,2-1,3590,L06,1-2,0,0
202604052210,2026-04-05,22,10,2-5,1640,L06,1-2,0,0
202604060107,2026-04-06,01,7,1-3,210,L06,1-2,0,0
202604060112,2026-04-06,01,12,1-4,810,L06,1-2,0,0
202604060407,2026-04-06,04,7,3-5,1990,L06,1-2,0,0
202604060906,2026-04-06,09,6,1-3,290,L06,1-2,0,0
202604061601,2026-04-06,16,1,1-4,850,L06,1-2,0,0
202604070212,2026-04-07,02,12,4-1,2230,L06,1-2,0,0
202604070708,2026-04-07,07,8,1-2,180,L06,1-2,1,180
202604072106,2026-04-07,21,6,3-2,1800,L06,1-2,0,0
202604072407,2026-04-07,24,7,1-3,190,L06,1-2,0,0
202604080206,2026-04-08,02,6,2-1,330,L06,1-2,0,0
202604081011,2026-04-08,10,11,4-1,1120,L06,1-2,0,0
202604081208,2026-04-08,12,8,3-1,1320,L06,1-2,0,0
202604081601,2026-04-08,16,1,1-3,230,L06,1-2,0,0
202604090601,2026-04-09,06,1,1-2,200,L06,1-2,1,200
202604091511,2026-04-09,15,11,2-1,1140,L06,1-2,0,0
202604092305,2026-04-09,23,5,1-2,350,L06,1-2,1,350
202604100210,2026-04-10,02,10,1-2,440,L06,1-2,1,440
202604101003,2026-04-10,10,3,3-1,1090,L06,1-2,0,0
202604101010,2026-04-10,10,10,1-2,200,L06,1-2,1,200
202603111804,2026-03-11,18,4,1-2,200,L07,1-2,1,200
202603120507,2026-03-12,05,7,1-3,2570,L07,1-2,0,0
202603130507,2026-03-13,05,7,1-5,530,L07,1-2,0,0
202603131404,2026-03-13,14,4,2-3,860,L07,1-2,0,0
202603131809,2026-03-13,18,9,2-4,1520,L07,1-2,0,0
202603132105,2026-03-13,21,5,1-5,570,L07,1-2,0,0
202603140611,2026-03-14,06,11,2-3,5630,L07,1-2,0,0
202603150508,2026-03-15,05,8,3-1,4840,L07,1-2,0,0
202603151412,2026-03-15,14,12,1-2,300,L07,1-2,1,300
202603161011,2026-03-16,10,11,2-5,4820,L07,1-2,0,0
202603162102,2026-03-16,21,2,1-5,3680,L07,1-2,0,0
202603171906,2026-03-17,19,6,1-2,330,L07,1-2,1,330
202603190310,2026-03-19,03,10,1-6,2230,L07,1-2,0,0
202603191905,2026-03-19,19,5,1-3,780,L07,1-2,0,0
202603191911,2026-03-19,19,11,1-2,310,L07,1-2,1,310
202603192402,2026-03-19,24,2,1-5,4880,L07,1-2,0,0
202603200601,2026-03-20,06,1,2-1,500,L07,1-2,0,0
202603200607,2026-03-20,06,7,2-1,1170,L07,1-2,0,0
202603210112,2026-03-21,01,12,1-3,2020,L07,1-2,0,0
202603210502,2026-03-21,05,2,1-3,1660,L07,1-2,0,0
202603211512,2026-03-21,15,12,1-2,190,L07,1-2,1,190
202603211810,2026-03-21,18,10,4-5,7000,L07,1-2,0,0
202603221512,2026-03-22,15,12,1-5,420,L07,1-2,0,0
202603221611,2026-03-22,16,11,1-3,440,L07,1-2,0,0
202603231309,2026-03-23,13,9,1-2,440,L07,1-2,1,440
202603232004,2026-03-23,20,4,1-2,190,L07,1-2,1,190
202603241007,2026-03-24,10,7,1-4,3000,L07,1-2,0,0
202603250611,2026-03-25,06,11,2-5,3120,L07,1-2,0,0
202603250901,2026-03-25,09,1,1-2,210,L07,1-2,1,210
202603252211,2026-03-25,22,11,1-3,390,L07,1-2,0,0
202603261210,2026-03-26,12,10,1-2,210,L07,1-2,1,210
202603261912,2026-03-26,19,12,1-2,270,L07,1-2,1,270
202603262212,2026-03-26,22,12,1-3,540,L07,1-2,0,0
202603271207,2026-03-27,12,7,2-3,2420,L07,1-2,0,0
202603280408,2026-03-28,04,8,1-4,410,L07,1-2,0,0
202603291709,2026-03-29,17,9,3-2,580,L07,1-2,0,0
202603300204,2026-03-30,02,4,1-4,2110,L07,1-2,0,0
202603301705,2026-03-30,17,5,1-2,230,L07,1-2,1,230
202603310604,2026-03-31,06,4,1-4,280,L07,1-2,0,0
202603311711,2026-03-31,17,11,2-1,1010,L07,1-2,0,0
202603311802,2026-03-31,18,2,3-5,17560,L07,1-2,0,0
202603311902,2026-03-31,19,2,1-3,240,L07,1-2,0,0
202604020610,2026-04-02,06,10,2-1,540,L07,1-2,0,0
202604030802,2026-04-03,08,2,1-5,590,L07,1-2,0,0
202604030912,2026-04-03,09,12,1-2,480,L07,1-2,1,480
202604031210,2026-04-03,12,10,1-3,290,L07,1-2,0,0
202604040407,2026-04-04,04,7,1-3,2340,L07,1-2,0,0
202604051710,2026-04-05,17,10,3-2,420,L07,1-2,0,0
202604060403,2026-04-06,04,3,5-6,2410,L07,1-2,0,0
202604060702,2026-04-06,07,2,1-2,640,L07,1-2,1,640
202604060704,2026-04-06,07,4,2-3,3550,L07,1-2,0,0
202604060705,2026-04-06,07,5,1-2,300,L07,1-2,1,300
202604061208,2026-04-06,12,8,3-4,700,L07,1-2,0,0
202604070408,2026-04-07,04,8,4-3,8070,L07,1-2,0,0
202604081007,2026-04-08,10,7,1-5,720,L07,1-2,0,0
202604082307,2026-04-08,23,7,2-3,1420,L07,1-2,0,0
202604091612,2026-04-09,16,12,1-2,210,L07,1-2,1,210
202604100202,2026-04-10,02,2,1-2,230,L07,1-2,1,230
202603110203,2026-03-11,02,3,6-1,1490,L08,1-2,0,0
202603110502,2026-03-11,05,2,1-3,750,L08,1-2,0,0
202603110504,2026-03-11,05,4,2-6,630,L08,1-2,0,0
202603110808,2026-03-11,08,8,5-1,2810,L08,1-2,0,0
202603111005,2026-03-11,10,5,2-6,5690,L08,1-2,0,0
202603111302,2026-03-11,13,2,1-3,2380,L08,1-2,0,0
202603111312,2026-03-11,13,12,4-1,2490,L08,1-2,0,0
202603111604,2026-03-11,16,4,3-1,2300,L08,1-2,0,0
202603111801,2026-03-11,18,1,1-2,310,L08,1-2,1,310
202603112002,2026-03-11,20,2,5-3,1420,L08,1-2,0,0
202603112011,2026-03-11,20,11,1-4,470,L08,1-2,0,0
202603112407,2026-03-11,24,7,6-1,25550,L08,1-2,0,0
202603112410,2026-03-11,24,10,1-5,1170,L08,1-2,0,0
202603112411,2026-03-11,24,11,3-1,4030,L08,1-2,0,0
202603120104,2026-03-12,01,4,4-3,4730,L08,1-2,0,0
202603120203,2026-03-12,02,3,4-3,1780,L08,1-2,0,0
202603120211,2026-03-12,02,11,1-3,520,L08,1-2,0,0
202603120402,2026-03-12,04,2,5-4,750,L08,1-2,0,0
202603120409,2026-03-12,04,9,1-2,230,L08,1-2,1,230
202603120507,2026-03-12,05,7,1-3,2570,L08,1-2,0,0
202603120604,2026-03-12,06,4,1-2,230,L08,1-2,1,230
202603120607,2026-03-12,06,7,3-2,790,L08,1-2,0,0
202603120712,2026-03-12,07,12,2-1,750,L08,1-2,0,0
202603121404,2026-03-12,14,4,1-2,230,L08,1-2,1,230
202603121411,2026-03-12,14,11,3-5,6150,L08,1-2,0,0
202603121610,2026-03-12,16,10,1-4,550,L08,1-2,0,0
202603121804,2026-03-12,18,4,1-2,170,L08,1-2,1,170
202603121806,2026-03-12,18,6,2-1,250,L08,1-2,0,0
202603122102,2026-03-12,21,2,4-5,920,L08,1-2,0,0
202603122103,2026-03-12,21,3,3-4,1450,L08,1-2,0,0
202603122206,2026-03-12,22,6,2-3,370,L08,1-2,0,0
202603130405,2026-03-13,04,5,4-6,1660,L08,1-2,0,0
202603130410,2026-03-13,04,10,4-1,3720,L08,1-2,0,0
202603130411,2026-03-13,04,11,4-2,4410,L08,1-2,0,0
202603130612,2026-03-13,06,12,3-1,480,L08,1-2,0,0
202603130709,2026-03-13,07,9,2-4,6700,L08,1-2,0,0
202603130711,2026-03-13,07,11,1-4,530,L08,1-2,0,0
202603130804,2026-03-13,08,4,5-6,7200,L08,1-2,0,0
202603130812,2026-03-13,08,12,1-5,2600,L08,1-2,0,0
202603131108,2026-03-13,11,8,6-2,3970,L08,1-2,0,0
202603131404,2026-03-13,14,4,2-3,860,L08,1-2,0,0
202603131804,2026-03-13,18,4,1-2,140,L08,1-2,1,140
202603131809,2026-03-13,18,9,2-4,1520,L08,1-2,0,0
202603132107,2026-03-13,21,7,1-2,1000,L08,1-2,1,1000
202603132109,2026-03-13,21,9,2-5,4870,L08,1-2,0,0
202603132208,2026-03-13,22,8,1-4,550,L08,1-2,0,0
202603132404,2026-03-13,24,4,1-2,250,L08,1-2,1,250
202603140501,2026-03-14,05,1,3-1,710,L08,1-2,0,0
202603140604,2026-03-14,06,4,1-3,420,L08,1-2,0,0
202603140711,2026-03-14,07,11,4-1,1660,L08,1-2,0,0
202603141112,2026-03-14,11,12,1-3,1280,L08,1-2,0,0
202603141307,2026-03-14,13,7,1-4,630,L08,1-2,0,0
202603141310,2026-03-14,13,10,2-4,4890,L08,1-2,0,0
202603141409,2026-03-14,14,9,1-2,400,L08,1-2,1,400
202603142007,2026-03-14,20,7,1-6,1140,L08,1-2,0,0
202603142104,2026-03-14,21,4,1-5,450,L08,1-2,0,0
202603142210,2026-03-14,22,10,1-2,250,L08,1-2,1,250
202603150508,2026-03-15,05,8,3-1,4840,L08,1-2,0,0
202603150510,2026-03-15,05,10,1-2,250,L08,1-2,1,250
202603150706,2026-03-15,07,6,1-3,420,L08,1-2,0,0
202603151411,2026-03-15,14,11,2-3,4520,L08,1-2,0,0
202603151601,2026-03-15,16,1,1-2,280,L08,1-2,1,280
202603151611,2026-03-15,16,11,1-3,200,L08,1-2,0,0
202603151803,2026-03-15,18,3,1-4,1180,L08,1-2,0,0
202603151911,2026-03-15,19,11,4-5,6010,L08,1-2,0,0
202603152011,2026-03-15,20,11,2-1,1010,L08,1-2,0,0
202603152112,2026-03-15,21,12,1-3,450,L08,1-2,0,0
202603152202,2026-03-15,22,2,1-5,500,L08,1-2,0,0
202603160104,2026-03-16,01,4,6-2,790,L08,1-2,0,0
202603160308,2026-03-16,03,8,3-1,1800,L08,1-2,0,0
202603160312,2026-03-16,03,12,1-2,450,L08,1-2,1,450
202603160502,2026-03-16,05,2,2-4,1870,L08,1-2,0,0
202603160605,2026-03-16,06,5,2-6,6430,L08,1-2,0,0
202603160607,2026-03-16,06,7,1-4,250,L08,1-2,0,0
202603160703,2026-03-16,07,3,1-5,440,L08,1-2,0,0
202603161005,2026-03-16,10,5,1-6,670,L08,1-2,0,0
202603161011,2026-03-16,10,11,2-5,4820,L08,1-2,0,0
202603161308,2026-03-16,13,8,6-1,17820,L08,1-2,0,0
202603161601,2026-03-16,16,1,1-6,390,L08,1-2,0,0
202603161603,2026-03-16,16,3,5-1,15670,L08,1-2,0,0
202603161909,2026-03-16,19,9,2-3,5070,L08,1-2,0,0
202603162102,2026-03-16,21,2,1-5,3680,L08,1-2,0,0
202603162112,2026-03-16,21,12,1-4,1290,L08,1-2,0,0
202603170706,2026-03-17,07,6,2-4,1910,L08,1-2,0,0
202603170707,2026-03-17,07,7,1-4,2380,L08,1-2,0,0
202603171009,2026-03-17,10,9,4-3,3090,L08,1-2,0,0
202603171311,2026-03-17,13,11,2-1,530,L08,1-2,0,0
202603180103,2026-03-18,01,3,2-1,980,L08,1-2,0,0
202603180307,2026-03-18,03,7,1-5,920,L08,1-2,0,0
202603180311,2026-03-18,03,11,1-3,190,L08,1-2,0,0
202603180807,2026-03-18,08,7,1-6,7930,L08,1-2,0,0
202603180811,2026-03-18,08,11,1-2,340,L08,1-2,1,340
202603181705,2026-03-18,17,5,1-2,250,L08,1-2,1,250
202603182007,2026-03-18,20,7,2-4,3490,L08,1-2,0,0
202603182401,2026-03-18,24,1,1-2,350,L08,1-2,1,350
202603190105,2026-03-19,01,5,1-4,1070,L08,1-2,0,0
202603190306,2026-03-19,03,6,2-1,1310,L08,1-2,0,0
202603190310,2026-03-19,03,10,1-6,2230,L08,1-2,0,0
202603190808,2026-03-19,08,8,3-4,950,L08,1-2,0,0
202603191009,2026-03-19,10,9,1-3,300,L08,1-2,0,0
202603191402,2026-03-19,14,2,5-4,22690,L08,1-2,0,0
202603192302,2026-03-19,23,2,1-4,500,L08,1-2,0,0
202603192402,2026-03-19,24,2,1-5,4880,L08,1-2,0,0
202603200108,2026-03-20,01,8,1-5,370,L08,1-2,0,0
202603200203,2026-03-20,02,3,5-2,2730,L08,1-2,0,0
202603200507,2026-03-20,05,7,6-2,970,L08,1-2,0,0
202603200601,2026-03-20,06,1,2-1,500,L08,1-2,0,0
202603200810,2026-03-20,08,10,1-5,750,L08,1-2,0,0
202603201403,2026-03-20,14,3,1-4,330,L08,1-2,0,0
202603201902,2026-03-20,19,2,2-1,570,L08,1-2,0,0
202603202305,2026-03-20,23,5,1-4,490,L08,1-2,0,0
202603202311,2026-03-20,23,11,1-4,460,L08,1-2,0,0
202603202312,2026-03-20,23,12,1-2,280,L08,1-2,1,280
202603202407,2026-03-20,24,7,1-2,160,L08,1-2,1,160
202603202408,2026-03-20,24,8,3-1,820,L08,1-2,0,0
202603210101,2026-03-21,01,1,4-1,4000,L08,1-2,0,0
202603210103,2026-03-21,01,3,1-2,590,L08,1-2,1,590
202603210108,2026-03-21,01,8,5-1,1300,L08,1-2,0,0
202603210401,2026-03-21,04,1,1-3,590,L08,1-2,0,0
202603210503,2026-03-21,05,3,2-5,2260,L08,1-2,0,0
202603210508,2026-03-21,05,8,5-1,630,L08,1-2,0,0
202603210604,2026-03-21,06,4,1-2,190,L08,1-2,1,190
202603210605,2026-03-21,06,5,1-6,1250,L08,1-2,0,0
202603210808,2026-03-21,08,8,1-3,550,L08,1-2,0,0
202603211701,2026-03-21,17,1,2-3,4970,L08,1-2,0,0
202603211704,2026-03-21,17,4,6-2,3250,L08,1-2,0,0
202603211705,2026-03-21,17,5,4-5,2610,L08,1-2,0,0
202603211706,2026-03-21,17,6,1-3,610,L08,1-2,0,0
202603211711,2026-03-21,17,11,1-4,870,L08,1-2,0,0
202603211903,2026-03-21,19,3,1-3,830,L08,1-2,0,0
202603212003,2026-03-21,20,3,5-3,1240,L08,1-2,0,0
202603212006,2026-03-21,20,6,2-3,430,L08,1-2,0,0
202603212303,2026-03-21,23,3,2-5,2810,L08,1-2,0,0
202603212309,2026-03-21,23,9,1-3,270,L08,1-2,0,0
202603212407,2026-03-21,24,7,1-2,390,L08,1-2,1,390
202603220211,2026-03-22,02,11,1-2,230,L08,1-2,1,230
202603220501,2026-03-22,05,1,3-1,5650,L08,1-2,0,0
202603220507,2026-03-22,05,7,3-4,1130,L08,1-2,0,0
202603220607,2026-03-22,06,7,2-1,310,L08,1-2,0,0
202603221308,2026-03-22,13,8,3-6,19030,L08,1-2,0,0
202603221312,2026-03-22,13,12,1-4,640,L08,1-2,0,0
202603221410,2026-03-22,14,10,4-3,3740,L08,1-2,0,0
202603221512,2026-03-22,15,12,1-5,420,L08,1-2,0,0
202603221707,2026-03-22,17,7,1-2,160,L08,1-2,1,160
202603221710,2026-03-22,17,10,1-5,5680,L08,1-2,0,0
202603221812,2026-03-22,18,12,1-2,260,L08,1-2,1,260
202603221905,2026-03-22,19,5,1-2,270,L08,1-2,1,270
202603222403,2026-03-22,24,3,1-4,690,L08,1-2,0,0
202603222406,2026-03-22,24,6,1-3,1330,L08,1-2,0,0
202603222411,2026-03-22,24,11,1-5,910,L08,1-2,0,0
202603222412,2026-03-22,24,12,2-3,2670,L08,1-2,0,0
202603230212,2026-03-23,02,12,1-2,290,L08,1-2,1,290
202603230506,2026-03-23,05,6,5-2,1630,L08,1-2,0,0
202603230510,2026-03-23,05,10,1-2,410,L08,1-2,1,410
202603230602,2026-03-23,06,2,3-2,810,L08,1-2,0,0
202603230609,2026-03-23,06,9,1-5,2140,L08,1-2,0,0
202603230805,2026-03-23,08,5,1-3,350,L08,1-2,0,0
202603231203,2026-03-23,12,3,1-2,200,L08,1-2,1,200
202603231209,2026-03-23,12,9,1-2,410,L08,1-2,1,410
202603231210,2026-03-23,12,10,1-3,370,L08,1-2,0,0
202603231310,2026-03-23,13,10,1-5,3950,L08,1-2,0,0
202603231401,2026-03-23,14,1,1-2,280,L08,1-2,1,280
202603231509,2026-03-23,15,9,3-2,4390,L08,1-2,0,0
202603231611,2026-03-23,16,11,1-2,180,L08,1-2,1,180
202603231908,2026-03-23,19,8,1-3,250,L08,1-2,0,0
202603232004,2026-03-23,20,4,1-2,190,L08,1-2,1,190
202603232012,2026-03-23,20,12,1-4,360,L08,1-2,0,0
202603232203,2026-03-23,22,3,3-5,830,L08,1-2,0,0
202603232209,2026-03-23,22,9,1-3,220,L08,1-2,0,0
202603240205,2026-03-24,02,5,1-2,460,L08,1-2,1,460
202603240508,2026-03-24,05,8,1-4,680,L08,1-2,0,0
202603240605,2026-03-24,06,5,1-3,210,L08,1-2,0,0
202603240609,2026-03-24,06,9,1-2,250,L08,1-2,1,250
202603241007,2026-03-24,10,7,1-4,3000,L08,1-2,0,0
202603241303,2026-03-24,13,3,4-5,1160,L08,1-2,0,0
202603241503,2026-03-24,15,3,3-1,800,L08,1-2,0,0
202603241802,2026-03-24,18,2,1-3,290,L08,1-2,0,0
202603250611,2026-03-25,06,11,2-5,3120,L08,1-2,0,0
202603250708,2026-03-25,07,8,4-5,7540,L08,1-2,0,0
202603250901,2026-03-25,09,1,1-2,210,L08,1-2,1,210
202603251008,2026-03-25,10,8,3-2,820,L08,1-2,0,0
202603251204,2026-03-25,12,4,2-1,960,L08,1-2,0,0
202603251205,2026-03-25,12,5,3-1,910,L08,1-2,0,0
202603251308,2026-03-25,13,8,1-4,640,L08,1-2,0,0
202603251508,2026-03-25,15,8,1-2,260,L08,1-2,1,260
202603251802,2026-03-25,18,2,1-3,400,L08,1-2,0,0
202603252209,2026-03-25,22,9,3-1,2380,L08,1-2,0,0
202603252211,2026-03-25,22,11,1-3,390,L08,1-2,0,0
202603260912,2026-03-26,09,12,1-2,220,L08,1-2,1,220
202603261012,2026-03-26,10,12,1-2,260,L08,1-2,1,260
202603261701,2026-03-26,17,1,1-2,230,L08,1-2,1,230
202603261912,2026-03-26,19,12,1-2,270,L08,1-2,1,270
202603262110,2026-03-26,21,10,5-2,22720,L08,1-2,0,0
202603262212,2026-03-26,22,12,1-3,540,L08,1-2,0,0
202603270704,2026-03-27,07,4,4-6,2810,L08,1-2,0,0
202603270705,2026-03-27,07,5,1-4,400,L08,1-2,0,0
202603271003,2026-03-27,10,3,1-5,490,L08,1-2,0,0
202603271008,2026-03-27,10,8,1-2,290,L08,1-2,1,290
202603280202,2026-03-28,02,2,5-4,18240,L08,1-2,0,0
202603280204,2026-03-28,02,4,2-1,1100,L08,1-2,0,0
202603280208,2026-03-28,02,8,4-3,4230,L08,1-2,0,0
202603280808,2026-03-28,08,8,1-3,360,L08,1-2,0,0
202603280902,2026-03-28,09,2,1-2,600,L08,1-2,1,600
202603281309,2026-03-28,13,9,1-2,200,L08,1-2,1,200
202603281607,2026-03-28,16,7,1-2,400,L08,1-2,1,400
202603281702,2026-03-28,17,2,2-5,3200,L08,1-2,0,0
202603281711,2026-03-28,17,11,4-5,1320,L08,1-2,0,0
202603281906,2026-03-28,19,6,2-6,950,L08,1-2,0,0
202603282301,2026-03-28,23,1,1-5,780,L08,1-2,0,0
202603282311,2026-03-28,23,11,4-1,1770,L08,1-2,0,0
202603282405,2026-03-28,24,5,3-2,850,L08,1-2,0,0
202603290501,2026-03-29,05,1,1-5,2790,L08,1-2,0,0
202603290506,2026-03-29,05,6,4-5,1280,L08,1-2,0,0
202603290708,2026-03-29,07,8,1-3,240,L08,1-2,0,0
202603290809,2026-03-29,08,9,6-4,1710,L08,1-2,0,0
202603290902,2026-03-29,09,2,2-1,380,L08,1-2,0,0
202603290903,2026-03-29,09,3,1-2,190,L08,1-2,1,190
202603290904,2026-03-29,09,4,2-3,16880,L08,1-2,0,0
202603290910,2026-03-29,09,10,1-3,440,L08,1-2,0,0
202603291002,2026-03-29,10,2,2-1,520,L08,1-2,0,0
202603291004,2026-03-29,10,4,1-2,350,L08,1-2,1,350
202603291708,2026-03-29,17,8,6-5,7120,L08,1-2,0,0
202603291709,2026-03-29,17,9,3-2,580,L08,1-2,0,0
202603292404,2026-03-29,24,4,1-2,530,L08,1-2,1,530
202603300202,2026-03-30,02,2,5-1,1950,L08,1-2,0,0
202603300411,2026-03-30,04,11,4-1,720,L08,1-2,0,0
202603300504,2026-03-30,05,4,4-5,780,L08,1-2,0,0
202603301604,2026-03-30,16,4,1-4,530,L08,1-2,0,0
202603301804,2026-03-30,18,4,1-4,630,L08,1-2,0,0
202603302107,2026-03-30,21,7,1-6,2260,L08,1-2,0,0
202603302110,2026-03-30,21,10,1-2,290,L08,1-2,1,290
202603302302,2026-03-30,23,2,1-4,590,L08,1-2,0,0
202603302311,2026-03-30,23,11,1-2,360,L08,1-2,1,360
202603302312,2026-03-30,23,12,1-2,380,L08,1-2,1,380
202603302402,2026-03-30,24,2,6-1,1030,L08,1-2,0,0
202603310212,2026-03-31,02,12,1-2,220,L08,1-2,1,220
202603310510,2026-03-31,05,10,2-5,4910,L08,1-2,0,0
202603310604,2026-03-31,06,4,1-4,280,L08,1-2,0,0
202603311311,2026-03-31,13,11,4-3,7530,L08,1-2,0,0
202603311312,2026-03-31,13,12,1-3,520,L08,1-2,0,0
202603311611,2026-03-31,16,11,3-2,4230,L08,1-2,0,0
202603311711,2026-03-31,17,11,2-1,1010,L08,1-2,0,0
202603311802,2026-03-31,18,2,3-5,17560,L08,1-2,0,0
202603312111,2026-03-31,21,11,1-3,490,L08,1-2,0,0
202604010103,2026-04-01,01,3,1-6,1000,L08,1-2,0,0
202604010212,2026-04-01,02,12,3-4,1890,L08,1-2,0,0
202604010801,2026-04-01,08,1,1-4,130,L08,1-2,0,0
202604012306,2026-04-01,23,6,4-6,740,L08,1-2,0,0
202604012402,2026-04-01,24,2,1-3,570,L08,1-2,0,0
202604020106,2026-04-02,01,6,3-5,8880,L08,1-2,0,0
202604020112,2026-04-02,01,12,2-1,3570,L08,1-2,0,0
202604020601,2026-04-02,06,1,3-1,1370,L08,1-2,0,0
202604020606,2026-04-02,06,6,3-2,1640,L08,1-2,0,0
202604020611,2026-04-02,06,11,1-3,230,L08,1-2,0,0
202604020906,2026-04-02,09,6,1-5,1120,L08,1-2,0,0
202604020907,2026-04-02,09,7,1-4,450,L08,1-2,0,0
202604022202,2026-04-02,22,2,1-4,2570,L08,1-2,0,0
202604022211,2026-04-02,22,11,3-1,2130,L08,1-2,0,0
202604022401,2026-04-02,24,1,1-3,370,L08,1-2,0,0
202604022402,2026-04-02,24,2,2-3,5650,L08,1-2,0,0
202604030409,2026-04-03,04,9,1-2,370,L08,1-2,1,370
202604030602,2026-04-03,06,2,1-3,510,L08,1-2,0,0
202604030605,2026-04-03,06,5,1-3,600,L08,1-2,0,0
202604030802,2026-04-03,08,2,1-5,590,L08,1-2,0,0
202604030908,2026-04-03,09,8,1-5,890,L08,1-2,0,0
202604031504,2026-04-03,15,4,1-4,2140,L08,1-2,0,0
202604031804,2026-04-03,18,4,1-4,450,L08,1-2,0,0
202604032105,2026-04-03,21,5,1-2,280,L08,1-2,1,280
202604040407,2026-04-04,04,7,1-3,2340,L08,1-2,0,0
202604040409,2026-04-04,04,9,1-3,360,L08,1-2,0,0
202604040909,2026-04-04,09,9,1-3,660,L08,1-2,0,0
202604041204,2026-04-04,12,4,1-4,1720,L08,1-2,0,0
202604041503,2026-04-04,15,3,4-5,1590,L08,1-2,0,0
202604041504,2026-04-04,15,4,3-2,1360,L08,1-2,0,0
202604041602,2026-04-04,16,2,4-5,2180,L08,1-2,0,0
202604041612,2026-04-04,16,12,2-6,6470,L08,1-2,0,0
202604042102,2026-04-04,21,2,4-3,3160,L08,1-2,0,0
202604042108,2026-04-04,21,8,1-5,1980,L08,1-2,0,0
202604050404,2026-04-05,04,4,2-1,440,L08,1-2,0,0
202604050405,2026-04-05,04,5,1-3,500,L08,1-2,0,0
202604050705,2026-04-05,07,5,2-3,2950,L08,1-2,0,0
202604051202,2026-04-05,12,2,1-3,410,L08,1-2,0,0
202604051208,2026-04-05,12,8,1-2,630,L08,1-2,1,630
202604051607,2026-04-05,16,7,1-5,680,L08,1-2,0,0
202604051710,2026-04-05,17,10,3-2,420,L08,1-2,0,0
202604052105,2026-04-05,21,5,2-1,3590,L08,1-2,0,0
202604052203,2026-04-05,22,3,3-1,360,L08,1-2,0,0
202604052210,2026-04-05,22,10,2-5,1640,L08,1-2,0,0
202604060107,2026-04-06,01,7,1-3,210,L08,1-2,0,0
202604060112,2026-04-06,01,12,1-4,810,L08,1-2,0,0
202604060407,2026-04-06,04,7,3-5,1990,L08,1-2,0,0
202604060702,2026-04-06,07,2,1-2,640,L08,1-2,1,640
202604060709,2026-04-06,07,9,1-4,640,L08,1-2,0,0
202604060906,2026-04-06,09,6,1-3,290,L08,1-2,0,0
202604061205,2026-04-06,12,5,1-2,340,L08,1-2,1,340
202604061208,2026-04-06,12,8,3-4,700,L08,1-2,0,0
202604061601,2026-04-06,16,1,1-4,850,L08,1-2,0,0
202604061602,2026-04-06,16,2,1-3,520,L08,1-2,0,0
202604070205,2026-04-07,02,5,2-3,5720,L08,1-2,0,0
202604070207,2026-04-07,02,7,1-2,260,L08,1-2,1,260
202604070212,2026-04-07,02,12,4-1,2230,L08,1-2,0,0
202604070708,2026-04-07,07,8,1-2,180,L08,1-2,1,180
202604071012,2026-04-07,10,12,1-2,270,L08,1-2,1,270
202604071207,2026-04-07,12,7,2-5,19580,L08,1-2,0,0
202604072106,2026-04-07,21,6,3-2,1800,L08,1-2,0,0
202604072407,2026-04-07,24,7,1-3,190,L08,1-2,0,0
202604080206,2026-04-08,02,6,2-1,330,L08,1-2,0,0
202604080208,2026-04-08,02,8,1-5,550,L08,1-2,0,0
202604080410,2026-04-08,04,10,3-5,5660,L08,1-2,0,0
202604081004,2026-04-08,10,4,2-4,840,L08,1-2,0,0
202604081007,2026-04-08,10,7,1-5,720,L08,1-2,0,0
202604081010,2026-04-08,10,10,3-2,840,L08,1-2,0,0
202604081011,2026-04-08,10,11,4-1,1120,L08,1-2,0,0
202604081012,2026-04-08,10,12,5-1,4230,L08,1-2,0,0
202604081208,2026-04-08,12,8,3-1,1320,L08,1-2,0,0
202604081601,2026-04-08,16,1,1-3,230,L08,1-2,0,0
202604082307,2026-04-08,23,7,2-3,1420,L08,1-2,0,0
202604082407,2026-04-08,24,7,1-3,560,L08,1-2,0,0
202604090205,2026-04-09,02,5,1-4,470,L08,1-2,0,0
202604090601,2026-04-09,06,1,1-2,200,L08,1-2,1,200
202604090610,2026-04-09,06,10,1-2,320,L08,1-2,1,320
202604090705,2026-04-09,07,5,1-4,350,L08,1-2,0,0
202604090811,2026-04-09,08,11,1-4,2400,L08,1-2,0,0
202604091003,2026-04-09,10,3,1-2,600,L08,1-2,1,600
202604091004,2026-04-09,10,4,1-5,530,L08,1-2,0,0
202604091010,2026-04-09,10,10,3-4,7130,L08,1-2,0,0
202604091107,2026-04-09,11,7,1-2,4390,L08,1-2,1,4390
202604091511,2026-04-09,15,11,2-1,1140,L08,1-2,0,0
202604092305,2026-04-09,23,5,1-2,350,L08,1-2,1,350
202604100202,2026-04-10,02,2,1-2,230,L08,1-2,1,230
202604100210,2026-04-10,02,10,1-2,440,L08,1-2,1,440
202604100812,2026-04-10,08,12,1-3,260,L08,1-2,0,0
202604101002,2026-04-10,10,2,2-1,560,L08,1-2,0,0
202604101003,2026-04-10,10,3,3-1,1090,L08,1-2,0,0
202604101010,2026-04-10,10,10,1-2,200,L08,1-2,1,200
202604101102,2026-04-10,11,2,4-1,1300,L08,1-2,0,0
202604101506,2026-04-10,15,6,2-3,14360,L08,1-2,0,0
202603111005,2026-03-11,10,5,2-6,5690,L09,1-3,0,0
202603111008,2026-03-11,10,8,2-3,2150,L09,1-3,0,0
202603111010,2026-03-11,10,10,4-1,1560,L09,1-3,0,0
202603112005,2026-03-11,20,5,1-4,360,L09,1-3,0,0
202603112201,2026-03-11,22,1,1-3,260,L09,1-3,1,260
202603120210,2026-03-12,02,10,4-2,2230,L09,1-3,0,0
202603120709,2026-03-12,07,9,1-3,640,L09,1-3,1,640
202603120803,2026-03-12,08,3,1-2,710,L09,1-3,0,0
202603121401,2026-03-12,14,1,1-4,400,L09,1-3,0,0
202603121611,2026-03-12,16,11,1-2,250,L09,1-3,0,0
202603121806,2026-03-12,18,6,2-1,250,L09,1-3,0,0
202603122002,2026-03-12,20,2,5-4,6990,L09,1-3,0,0
202603122111,2026-03-12,21,11,1-2,310,L09,1-3,0,0
202603130507,2026-03-13,05,7,1-5,530,L09,1-3,0,0
202603130612,2026-03-13,06,12,3-1,480,L09,1-3,0,0
202603130711,2026-03-13,07,11,1-4,530,L09,1-3,0,0
202603130801,2026-03-13,08,1,1-2,230,L09,1-3,0,0
202603130804,2026-03-13,08,4,5-6,7200,L09,1-3,0,0
202603130811,2026-03-13,08,11,2-1,1510,L09,1-3,0,0
202603130812,2026-03-13,08,12,1-5,2600,L09,1-3,0,0
202603131411,2026-03-13,14,11,3-1,4960,L09,1-3,0,0
202603132107,2026-03-13,21,7,1-2,1000,L09,1-3,0,0
202603132404,2026-03-13,24,4,1-2,250,L09,1-3,0,0
202603140711,2026-03-14,07,11,4-1,1660,L09,1-3,0,0
202603141305,2026-03-14,13,5,2-6,8560,L09,1-3,0,0
202603141307,2026-03-14,13,7,1-4,630,L09,1-3,0,0
202603141310,2026-03-14,13,10,2-4,4890,L09,1-3,0,0
202603141602,2026-03-14,16,2,3-1,2810,L09,1-3,0,0
202603141812,2026-03-14,18,12,1-3,440,L09,1-3,1,440
202603142007,2026-03-14,20,7,1-6,1140,L09,1-3,0,0
202603142212,2026-03-14,22,12,2-4,3960,L09,1-3,0,0
202603150303,2026-03-15,03,3,1-5,1600,L09,1-3,0,0
202603150304,2026-03-15,03,4,1-2,1130,L09,1-3,0,0
202603150703,2026-03-15,07,3,1-2,1400,L09,1-3,0,0
202603151601,2026-03-15,16,1,1-2,280,L09,1-3,0,0
202603151812,2026-03-15,18,12,1-4,980,L09,1-3,0,0
202603160312,2026-03-16,03,12,1-2,450,L09,1-3,0,0
202603160502,2026-03-16,05,2,2-4,1870,L09,1-3,0,0
202603161004,2026-03-16,10,4,2-3,680,L09,1-3,0,0
202603161005,2026-03-16,10,5,1-6,670,L09,1-3,0,0
202603162101,2026-03-16,21,1,1-2,250,L09,1-3,0,0
202603162112,2026-03-16,21,12,1-4,1290,L09,1-3,0,0
202603170108,2026-03-17,01,8,5-3,2500,L09,1-3,0,0
202603170303,2026-03-17,03,3,4-1,10200,L09,1-3,0,0
202603181411,2026-03-18,14,11,1-4,420,L09,1-3,0,0
202603190310,2026-03-19,03,10,1-6,2230,L09,1-3,0,0
202603190312,2026-03-19,03,12,2-5,11140,L09,1-3,0,0
202603191402,2026-03-19,14,2,5-4,22690,L09,1-3,0,0
202603191407,2026-03-19,14,7,1-2,1950,L09,1-3,0,0
202603191508,2026-03-19,15,8,2-1,480,L09,1-3,0,0
202603191612,2026-03-19,16,12,4-2,4850,L09,1-3,0,0
202603191910,2026-03-19,19,10,1-6,1390,L09,1-3,0,0
202603192312,2026-03-19,23,12,4-2,14120,L09,1-3,0,0
202603200211,2026-03-20,02,11,1-3,310,L09,1-3,1,310
202603200507,2026-03-20,05,7,6-2,970,L09,1-3,0,0
202603200801,2026-03-20,08,1,1-4,370,L09,1-3,0,0
202603201403,2026-03-20,14,3,1-4,330,L09,1-3,0,0
202603201404,2026-03-20,14,4,1-5,230,L09,1-3,0,0
202603201408,2026-03-20,14,8,5-1,1370,L09,1-3,0,0
202603201612,2026-03-20,16,12,1-2,640,L09,1-3,0,0
202603201802,2026-03-20,18,2,4-2,4120,L09,1-3,0,0
202603201812,2026-03-20,18,12,3-5,10700,L09,1-3,0,0
202603202305,2026-03-20,23,5,1-4,490,L09,1-3,0,0
202603202311,2026-03-20,23,11,1-4,460,L09,1-3,0,0
202603210508,2026-03-21,05,8,5-1,630,L09,1-3,0,0
202603211611,2026-03-21,16,11,1-3,230,L09,1-3,1,230
202603211701,2026-03-21,17,1,2-3,4970,L09,1-3,0,0
202603211703,2026-03-21,17,3,2-3,3720,L09,1-3,0,0
202603211911,2026-03-21,19,11,1-2,200,L09,1-3,0,0
202603220211,2026-03-22,02,11,1-2,230,L09,1-3,0,0
202603220509,2026-03-22,05,9,1-4,400,L09,1-3,0,0
202603221410,2026-03-22,14,10,4-3,3740,L09,1-3,0,0
202603221603,2026-03-22,16,3,2-5,710,L09,1-3,0,0
202603221710,2026-03-22,17,10,1-5,5680,L09,1-3,0,0
202603221807,2026-03-22,18,7,3-1,1080,L09,1-3,0,0
202603222406,2026-03-22,24,6,1-3,1330,L09,1-3,1,1330
202603230808,2026-03-23,08,8,1-4,470,L09,1-3,0,0
202603231209,2026-03-23,12,9,1-2,410,L09,1-3,0,0
202603231302,2026-03-23,13,2,3-1,650,L09,1-3,0,0
202603231310,2026-03-23,13,10,1-5,3950,L09,1-3,0,0
202603231401,2026-03-23,14,1,1-2,280,L09,1-3,0,0
202603231505,2026-03-23,15,5,4-1,2880,L09,1-3,0,0
202603231803,2026-03-23,18,3,1-3,1060,L09,1-3,1,1060
202603240206,2026-03-24,02,6,3-4,1640,L09,1-3,0,0
202603240207,2026-03-24,02,7,2-4,9700,L09,1-3,0,0
202603240605,2026-03-24,06,5,1-3,210,L09,1-3,1,210
202603241512,2026-03-24,15,12,1-5,510,L09,1-3,0,0
202603242208,2026-03-24,22,8,1-5,530,L09,1-3,0,0
202603250505,2026-03-25,05,5,5-4,1860,L09,1-3,0,0
202603250708,2026-03-25,07,8,4-5,7540,L09,1-3,0,0
202603251005,2026-03-25,10,5,1-3,1650,L09,1-3,1,1650
202603251007,2026-03-25,10,7,1-2,230,L09,1-3,0,0
202603251204,2026-03-25,12,4,2-1,960,L09,1-3,0,0
202603251211,2026-03-25,12,11,1-4,440,L09,1-3,0,0
202603251311,2026-03-25,13,11,3-2,2590,L09,1-3,0,0
202603252210,2026-03-25,22,10,1-3,430,L09,1-3,1,430
202603260410,2026-03-26,04,10,4-3,2730,L09,1-3,0,0
202603260908,2026-03-26,09,8,1-2,410,L09,1-3,0,0
202603261912,2026-03-26,19,12,1-2,270,L09,1-3,0,0
202603262102,2026-03-26,21,2,4-1,800,L09,1-3,0,0
202603262108,2026-03-26,21,8,1-2,420,L09,1-3,0,0
202603262209,2026-03-26,22,9,1-5,850,L09,1-3,0,0
202603272211,2026-03-27,22,11,1-5,710,L09,1-3,0,0
202603280408,2026-03-28,04,8,1-4,410,L09,1-3,0,0
202603281710,2026-03-28,17,10,1-3,290,L09,1-3,1,290
202603282301,2026-03-28,23,1,1-5,780,L09,1-3,0,0
202603282404,2026-03-28,24,4,4-5,1910,L09,1-3,0,0
202603290506,2026-03-29,05,6,4-5,1280,L09,1-3,0,0
202603292404,2026-03-29,24,4,1-2,530,L09,1-3,0,0
202603301706,2026-03-30,17,6,2-1,1920,L09,1-3,0,0
202603301804,2026-03-30,18,4,1-4,630,L09,1-3,0,0
202603302104,2026-03-30,21,4,1-5,660,L09,1-3,0,0
202603302107,2026-03-30,21,7,1-6,2260,L09,1-3,0,0
202603302311,2026-03-30,23,11,1-2,360,L09,1-3,0,0
202603310510,2026-03-31,05,10,2-5,4910,L09,1-3,0,0
202603312109,2026-03-31,21,9,1-2,240,L09,1-3,0,0
202604010210,2026-04-01,02,10,4-6,13540,L09,1-3,0,0
202604010804,2026-04-01,08,4,4-1,390,L09,1-3,0,0
202604010812,2026-04-01,08,12,2-1,1580,L09,1-3,0,0
202604011807,2026-04-01,18,7,2-5,310,L09,1-3,0,0
202604012402,2026-04-01,24,2,1-3,570,L09,1-3,1,570
202604020112,2026-04-02,01,12,2-1,3570,L09,1-3,0,0
202604020909,2026-04-02,09,9,1-3,280,L09,1-3,1,280
202604021512,2026-04-02,15,12,1-4,420,L09,1-3,0,0
202604022208,2026-04-02,22,8,1-5,6570,L09,1-3,0,0
202604022211,2026-04-02,22,11,3-1,2130,L09,1-3,0,0
202604022309,2026-04-02,23,9,4-3,3380,L09,1-3,0,0
202604022401,2026-04-02,24,1,1-3,370,L09,1-3,1,370
202604030107,2026-04-03,01,7,5-3,5540,L09,1-3,0,0
202604030602,2026-04-03,06,2,1-3,510,L09,1-3,1,510
202604032211,2026-04-03,22,11,1-2,290,L09,1-3,0,0
202604040103,2026-04-04,01,3,2-5,1230,L09,1-3,0,0
202604040109,2026-04-04,01,9,1-2,500,L09,1-3,0,0
202604040110,2026-04-04,01,10,5-4,12100,L09,1-3,0,0
202604040409,2026-04-04,04,9,1-3,360,L09,1-3,1,360
202604041502,2026-04-04,15,2,6-2,6270,L09,1-3,0,0
202604041503,2026-04-04,15,3,4-5,1590,L09,1-3,0,0
202604041504,2026-04-04,15,4,3-2,1360,L09,1-3,0,0
202604041710,2026-04-04,17,10,2-3,1370,L09,1-3,0,0
202604042202,2026-04-04,22,2,3-4,840,L09,1-3,0,0
202604042207,2026-04-04,22,7,1-2,300,L09,1-3,0,0
202604042210,2026-04-04,22,10,1-2,270,L09,1-3,0,0
202604050205,2026-04-05,02,5,4-1,450,L09,1-3,0,0
202604060403,2026-04-06,04,3,5-6,2410,L09,1-3,0,0
202604060407,2026-04-06,04,7,3-5,1990,L09,1-3,0,0
202604060905,2026-04-06,09,5,1-4,580,L09,1-3,0,0
202604061710,2026-04-06,17,10,3-1,830,L09,1-3,0,0
202604070910,2026-04-07,09,10,1-2,260,L09,1-3,0,0
202604071008,2026-04-07,10,8,2-4,500,L09,1-3,0,0
202604071207,2026-04-07,12,7,2-5,19580,L09,1-3,0,0
202604071703,2026-04-07,17,3,1-2,470,L09,1-3,0,0
202604080206,2026-04-08,02,6,2-1,330,L09,1-3,0,0
202604080410,2026-04-08,04,10,3-5,5660,L09,1-3,0,0
202604081004,2026-04-08,10,4,2-4,840,L09,1-3,0,0
202604081610,2026-04-08,16,10,4-5,16760,L09,1-3,0,0
202604082307,2026-04-08,23,7,2-3,1420,L09,1-3,0,0
202604082401,2026-04-08,24,1,4-1,11380,L09,1-3,0,0
202604090205,2026-04-09,02,5,1-4,470,L09,1-3,0,0
202604090801,2026-04-09,08,1,1-2,340,L09,1-3,0,0
202604090811,2026-04-09,08,11,1-4,2400,L09,1-3,0,0
202604091004,2026-04-09,10,4,1-5,530,L09,1-3,0,0
202604091107,2026-04-09,11,7,1-2,4390,L09,1-3,0,0
202604101010,2026-04-10,10,10,1-2,200,L09,1-3,0,0
202604101711,2026-04-10,17,11,1-2,290,L09,1-3,0,0
202603111005,2026-03-11,10,5,2-6,5690,L10,1-3,0,0
202603111008,2026-03-11,10,8,2-3,2150,L10,1-3,0,0
202603111010,2026-03-11,10,10,4-1,1560,L10,1-3,0,0
202603111805,2026-03-11,18,5,4-3,8060,L10,1-3,0,0
202603112005,2026-03-11,20,5,1-4,360,L10,1-3,0,0
202603112201,2026-03-11,22,1,1-3,260,L10,1-3,1,260
202603120102,2026-03-12,01,2,1-3,340,L10,1-3,1,340
202603120210,2026-03-12,02,10,4-2,2230,L10,1-3,0,0
202603120412,2026-03-12,04,12,1-4,1980,L10,1-3,0,0
202603120709,2026-03-12,07,9,1-3,640,L10,1-3,1,640
202603120803,2026-03-12,08,3,1-2,710,L10,1-3,0,0
202603121401,2026-03-12,14,1,1-4,400,L10,1-3,0,0
202603121611,2026-03-12,16,11,1-2,250,L10,1-3,0,0
202603121806,2026-03-12,18,6,2-1,250,L10,1-3,0,0
202603122002,2026-03-12,20,2,5-4,6990,L10,1-3,0,0
202603122111,2026-03-12,21,11,1-2,310,L10,1-3,0,0
202603130507,2026-03-13,05,7,1-5,530,L10,1-3,0,0
202603130612,2026-03-13,06,12,3-1,480,L10,1-3,0,0
202603130711,2026-03-13,07,11,1-4,530,L10,1-3,0,0
202603130801,2026-03-13,08,1,1-2,230,L10,1-3,0,0
202603130804,2026-03-13,08,4,5-6,7200,L10,1-3,0,0
202603130811,2026-03-13,08,11,2-1,1510,L10,1-3,0,0
202603130812,2026-03-13,08,12,1-5,2600,L10,1-3,0,0
202603131108,2026-03-13,11,8,6-2,3970,L10,1-3,0,0
202603131404,2026-03-13,14,4,2-3,860,L10,1-3,0,0
202603131411,2026-03-13,14,11,3-1,4960,L10,1-3,0,0
202603132107,2026-03-13,21,7,1-2,1000,L10,1-3,0,0
202603132404,2026-03-13,24,4,1-2,250,L10,1-3,0,0
202603140708,2026-03-14,07,8,2-1,7370,L10,1-3,0,0
202603140711,2026-03-14,07,11,4-1,1660,L10,1-3,0,0
202603141305,2026-03-14,13,5,2-6,8560,L10,1-3,0,0
202603141307,2026-03-14,13,7,1-4,630,L10,1-3,0,0
202603141310,2026-03-14,13,10,2-4,4890,L10,1-3,0,0
202603141602,2026-03-14,16,2,3-1,2810,L10,1-3,0,0
202603141812,2026-03-14,18,12,1-3,440,L10,1-3,1,440
202603142007,2026-03-14,20,7,1-6,1140,L10,1-3,0,0
202603142212,2026-03-14,22,12,2-4,3960,L10,1-3,0,0
202603150303,2026-03-15,03,3,1-5,1600,L10,1-3,0,0
202603150304,2026-03-15,03,4,1-2,1130,L10,1-3,0,0
202603150703,2026-03-15,07,3,1-2,1400,L10,1-3,0,0
202603150705,2026-03-15,07,5,5-3,920,L10,1-3,0,0
202603151601,2026-03-15,16,1,1-2,280,L10,1-3,0,0
202603151812,2026-03-15,18,12,1-4,980,L10,1-3,0,0
202603160104,2026-03-16,01,4,6-2,790,L10,1-3,0,0
202603160312,2026-03-16,03,12,1-2,450,L10,1-3,0,0
202603160502,2026-03-16,05,2,2-4,1870,L10,1-3,0,0
202603161004,2026-03-16,10,4,2-3,680,L10,1-3,0,0
202603161005,2026-03-16,10,5,1-6,670,L10,1-3,0,0
202603161601,2026-03-16,16,1,1-6,390,L10,1-3,0,0
202603162101,2026-03-16,21,1,1-2,250,L10,1-3,0,0
202603162112,2026-03-16,21,12,1-4,1290,L10,1-3,0,0
202603170108,2026-03-17,01,8,5-3,2500,L10,1-3,0,0
202603170303,2026-03-17,03,3,4-1,10200,L10,1-3,0,0
202603180101,2026-03-18,01,1,1-3,530,L10,1-3,1,530
202603180409,2026-03-18,04,9,1-4,1130,L10,1-3,0,0
202603181411,2026-03-18,14,11,1-4,420,L10,1-3,0,0
202603190310,2026-03-19,03,10,1-6,2230,L10,1-3,0,0
202603190312,2026-03-19,03,12,2-5,11140,L10,1-3,0,0
202603191402,2026-03-19,14,2,5-4,22690,L10,1-3,0,0
202603191407,2026-03-19,14,7,1-2,1950,L10,1-3,0,0
202603191508,2026-03-19,15,8,2-1,480,L10,1-3,0,0
202603191612,2026-03-19,16,12,4-2,4850,L10,1-3,0,0
202603191910,2026-03-19,19,10,1-6,1390,L10,1-3,0,0
202603192312,2026-03-19,23,12,4-2,14120,L10,1-3,0,0
202603200211,2026-03-20,02,11,1-3,310,L10,1-3,1,310
202603200507,2026-03-20,05,7,6-2,970,L10,1-3,0,0
202603200801,2026-03-20,08,1,1-4,370,L10,1-3,0,0
202603201403,2026-03-20,14,3,1-4,330,L10,1-3,0,0
202603201404,2026-03-20,14,4,1-5,230,L10,1-3,0,0
202603201408,2026-03-20,14,8,5-1,1370,L10,1-3,0,0
202603201612,2026-03-20,16,12,1-2,640,L10,1-3,0,0
202603201802,2026-03-20,18,2,4-2,4120,L10,1-3,0,0
202603201803,2026-03-20,18,3,1-4,850,L10,1-3,0,0
202603201810,2026-03-20,18,10,1-5,660,L10,1-3,0,0
202603201812,2026-03-20,18,12,3-5,10700,L10,1-3,0,0
202603202305,2026-03-20,23,5,1-4,490,L10,1-3,0,0
202603202311,2026-03-20,23,11,1-4,460,L10,1-3,0,0
202603210503,2026-03-21,05,3,2-5,2260,L10,1-3,0,0
202603210508,2026-03-21,05,8,5-1,630,L10,1-3,0,0
202603211611,2026-03-21,16,11,1-3,230,L10,1-3,1,230
202603211701,2026-03-21,17,1,2-3,4970,L10,1-3,0,0
202603211703,2026-03-21,17,3,2-3,3720,L10,1-3,0,0
202603211911,2026-03-21,19,11,1-2,200,L10,1-3,0,0
202603220211,2026-03-22,02,11,1-2,230,L10,1-3,0,0
202603220509,2026-03-22,05,9,1-4,400,L10,1-3,0,0
202603221410,2026-03-22,14,10,4-3,3740,L10,1-3,0,0
202603221603,2026-03-22,16,3,2-5,710,L10,1-3,0,0
202603221710,2026-03-22,17,10,1-5,5680,L10,1-3,0,0
202603221807,2026-03-22,18,7,3-1,1080,L10,1-3,0,0
202603222406,2026-03-22,24,6,1-3,1330,L10,1-3,1,1330
202603230808,2026-03-23,08,8,1-4,470,L10,1-3,0,0
202603230812,2026-03-23,08,12,1-3,260,L10,1-3,1,260
202603231207,2026-03-23,12,7,3-1,330,L10,1-3,0,0
202603231209,2026-03-23,12,9,1-2,410,L10,1-3,0,0
202603231302,2026-03-23,13,2,3-1,650,L10,1-3,0,0
202603231310,2026-03-23,13,10,1-5,3950,L10,1-3,0,0
202603231401,2026-03-23,14,1,1-2,280,L10,1-3,0,0
202603231503,2026-03-23,15,3,1-3,270,L10,1-3,1,270
202603231505,2026-03-23,15,5,4-1,2880,L10,1-3,0,0
202603231803,2026-03-23,18,3,1-3,1060,L10,1-3,1,1060
202603231906,2026-03-23,19,6,3-1,350,L10,1-3,0,0
202603232008,2026-03-23,20,8,1-2,270,L10,1-3,0,0
202603240206,2026-03-24,02,6,3-4,1640,L10,1-3,0,0
202603240207,2026-03-24,02,7,2-4,9700,L10,1-3,0,0
202603240605,2026-03-24,06,5,1-3,210,L10,1-3,1,210
202603241512,2026-03-24,15,12,1-5,510,L10,1-3,0,0
202603241610,2026-03-24,16,10,1-2,200,L10,1-3,0,0
202603241802,2026-03-24,18,2,1-3,290,L10,1-3,1,290
202603242208,2026-03-24,22,8,1-5,530,L10,1-3,0,0
202603250505,2026-03-25,05,5,5-4,1860,L10,1-3,0,0
202603250708,2026-03-25,07,8,4-5,7540,L10,1-3,0,0
202603250901,2026-03-25,09,1,1-2,210,L10,1-3,0,0
202603251005,2026-03-25,10,5,1-3,1650,L10,1-3,1,1650
202603251007,2026-03-25,10,7,1-2,230,L10,1-3,0,0
202603251204,2026-03-25,12,4,2-1,960,L10,1-3,0,0
202603251211,2026-03-25,12,11,1-4,440,L10,1-3,0,0
202603251311,2026-03-25,13,11,3-2,2590,L10,1-3,0,0
202603252210,2026-03-25,22,10,1-3,430,L10,1-3,1,430
202603260410,2026-03-26,04,10,4-3,2730,L10,1-3,0,0
202603260908,2026-03-26,09,8,1-2,410,L10,1-3,0,0
202603261704,2026-03-26,17,4,3-1,650,L10,1-3,0,0
202603261912,2026-03-26,19,12,1-2,270,L10,1-3,0,0
202603262102,2026-03-26,21,2,4-1,800,L10,1-3,0,0
202603262108,2026-03-26,21,8,1-2,420,L10,1-3,0,0
202603262209,2026-03-26,22,9,1-5,850,L10,1-3,0,0
202603272211,2026-03-27,22,11,1-5,710,L10,1-3,0,0
202603280408,2026-03-28,04,8,1-4,410,L10,1-3,0,0
202603281710,2026-03-28,17,10,1-3,290,L10,1-3,1,290
202603282301,2026-03-28,23,1,1-5,780,L10,1-3,0,0
202603282404,2026-03-28,24,4,4-5,1910,L10,1-3,0,0
202603290506,2026-03-29,05,6,4-5,1280,L10,1-3,0,0
202603292404,2026-03-29,24,4,1-2,530,L10,1-3,0,0
202603301706,2026-03-30,17,6,2-1,1920,L10,1-3,0,0
202603301804,2026-03-30,18,4,1-4,630,L10,1-3,0,0
202603302104,2026-03-30,21,4,1-5,660,L10,1-3,0,0
202603302107,2026-03-30,21,7,1-6,2260,L10,1-3,0,0
202603302311,2026-03-30,23,11,1-2,360,L10,1-3,0,0
202603310510,2026-03-31,05,10,2-5,4910,L10,1-3,0,0
202603312109,2026-03-31,21,9,1-2,240,L10,1-3,0,0
202604010210,2026-04-01,02,10,4-6,13540,L10,1-3,0,0
202604010804,2026-04-01,08,4,4-1,390,L10,1-3,0,0
202604010812,2026-04-01,08,12,2-1,1580,L10,1-3,0,0
202604011504,2026-04-01,15,4,1-3,510,L10,1-3,1,510
202604011807,2026-04-01,18,7,2-5,310,L10,1-3,0,0
202604012402,2026-04-01,24,2,1-3,570,L10,1-3,1,570
202604020112,2026-04-02,01,12,2-1,3570,L10,1-3,0,0
202604020909,2026-04-02,09,9,1-3,280,L10,1-3,1,280
202604021512,2026-04-02,15,12,1-4,420,L10,1-3,0,0
202604022208,2026-04-02,22,8,1-5,6570,L10,1-3,0,0
202604022211,2026-04-02,22,11,3-1,2130,L10,1-3,0,0
202604022309,2026-04-02,23,9,4-3,3380,L10,1-3,0,0
202604022401,2026-04-02,24,1,1-3,370,L10,1-3,1,370
202604030107,2026-04-03,01,7,5-3,5540,L10,1-3,0,0
202604030602,2026-04-03,06,2,1-3,510,L10,1-3,1,510
202604032101,2026-04-03,21,1,4-5,3630,L10,1-3,0,0
202604032211,2026-04-03,22,11,1-2,290,L10,1-3,0,0
202604040103,2026-04-04,01,3,2-5,1230,L10,1-3,0,0
202604040109,2026-04-04,01,9,1-2,500,L10,1-3,0,0
202604040110,2026-04-04,01,10,5-4,12100,L10,1-3,0,0
202604040403,2026-04-04,04,3,4-1,3130,L10,1-3,0,0
202604040409,2026-04-04,04,9,1-3,360,L10,1-3,1,360
202604041502,2026-04-04,15,2,6-2,6270,L10,1-3,0,0
202604041503,2026-04-04,15,3,4-5,1590,L10,1-3,0,0
202604041504,2026-04-04,15,4,3-2,1360,L10,1-3,0,0
202604041710,2026-04-04,17,10,2-3,1370,L10,1-3,0,0
202604042202,2026-04-04,22,2,3-4,840,L10,1-3,0,0
202604042207,2026-04-04,22,7,1-2,300,L10,1-3,0,0
202604042210,2026-04-04,22,10,1-2,270,L10,1-3,0,0
202604050205,2026-04-05,02,5,4-1,450,L10,1-3,0,0
202604051011,2026-04-05,10,11,6-1,3660,L10,1-3,0,0
202604051208,2026-04-05,12,8,1-2,630,L10,1-3,0,0
202604060403,2026-04-06,04,3,5-6,2410,L10,1-3,0,0
202604060407,2026-04-06,04,7,3-5,1990,L10,1-3,0,0
202604060905,2026-04-06,09,5,1-4,580,L10,1-3,0,0
202604061710,2026-04-06,17,10,3-1,830,L10,1-3,0,0
202604070404,2026-04-07,04,4,2-4,7680,L10,1-3,0,0
202604070910,2026-04-07,09,10,1-2,260,L10,1-3,0,0
202604071008,2026-04-07,10,8,2-4,500,L10,1-3,0,0
202604071207,2026-04-07,12,7,2-5,19580,L10,1-3,0,0
202604071703,2026-04-07,17,3,1-2,470,L10,1-3,0,0
202604072407,2026-04-07,24,7,1-3,190,L10,1-3,1,190
202604080206,2026-04-08,02,6,2-1,330,L10,1-3,0,0
202604080410,2026-04-08,04,10,3-5,5660,L10,1-3,0,0
202604081004,2026-04-08,10,4,2-4,840,L10,1-3,0,0
202604081610,2026-04-08,16,10,4-5,16760,L10,1-3,0,0
202604082307,2026-04-08,23,7,2-3,1420,L10,1-3,0,0
202604082401,2026-04-08,24,1,4-1,11380,L10,1-3,0,0
202604090205,2026-04-09,02,5,1-4,470,L10,1-3,0,0
202604090801,2026-04-09,08,1,1-2,340,L10,1-3,0,0
202604090811,2026-04-09,08,11,1-4,2400,L10,1-3,0,0
202604091004,2026-04-09,10,4,1-5,530,L10,1-3,0,0
202604091107,2026-04-09,11,7,1-2,4390,L10,1-3,0,0
202604091511,2026-04-09,15,11,2-1,1140,L10,1-3,0,0
202604101010,2026-04-10,10,10,1-2,200,L10,1-3,0,0
202604101711,2026-04-10,17,11,1-2,290,L10,1-3,0,0
202603110104,2026-03-11,01,4,1-4,810,L11,1-6,0,0
202603110110,2026-03-11,01,10,1-2,250,L11,1-6,0,0
202603111009,2026-03-11,10,9,1-2,260,L11,1-6,0,0
202603111712,2026-03-11,17,12,1-5,1330,L11,1-6,0,0
202603112402,2026-03-11,24,2,1-5,2420,L11,1-6,0,0
202603112403,2026-03-11,24,3,2-1,570,L11,1-6,0,0
202603120705,2026-03-12,07,5,1-2,450,L11,1-6,0,0
202603121805,2026-03-12,18,5,1-4,730,L11,1-6,0,0
202603130703,2026-03-13,07,3,1-4,1480,L11,1-6,0,0
202603131408,2026-03-13,14,8,3-4,2700,L11,1-6,0,0
202603140502,2026-03-14,05,2,3-2,1650,L11,1-6,0,0
202603140506,2026-03-14,05,6,5-2,9280,L11,1-6,0,0
202603141806,2026-03-14,18,6,1-2,260,L11,1-6,0,0
202603141905,2026-03-14,19,5,1-6,780,L11,1-6,1,780
202603150709,2026-03-15,07,9,1-2,260,L11,1-6,0,0
202603152210,2026-03-15,22,10,1-4,290,L11,1-6,0,0
202603160606,2026-03-16,06,6,1-6,1450,L11,1-6,1,1450
202603161103,2026-03-16,11,3,1-3,250,L11,1-6,0,0
202603171312,2026-03-17,13,12,1-2,220,L11,1-6,0,0
202603171712,2026-03-17,17,12,3-1,1380,L11,1-6,0,0
202603171912,2026-03-17,19,12,1-2,230,L11,1-6,0,0
202603172307,2026-03-17,23,7,3-2,1820,L11,1-6,0,0
202603172308,2026-03-17,23,8,1-2,370,L11,1-6,0,0
202603181309,2026-03-18,13,9,1-3,310,L11,1-6,0,0
202603181402,2026-03-18,14,2,1-3,870,L11,1-6,0,0
202603181706,2026-03-18,17,6,2-4,3170,L11,1-6,0,0
202603182011,2026-03-18,20,11,1-3,450,L11,1-6,0,0
202603190106,2026-03-19,01,6,1-2,200,L11,1-6,0,0
202603190107,2026-03-19,01,7,1-3,200,L11,1-6,0,0
202603190201,2026-03-19,02,1,5-3,6940,L11,1-6,0,0
202603191902,2026-03-19,19,2,1-5,460,L11,1-6,0,0
202603200112,2026-03-20,01,12,3-1,490,L11,1-6,0,0
202603200506,2026-03-20,05,6,1-3,260,L11,1-6,0,0
202603201901,2026-03-20,19,1,1-5,720,L11,1-6,0,0
202603202009,2026-03-20,20,9,1-5,380,L11,1-6,0,0
202603210104,2026-03-21,01,4,1-5,430,L11,1-6,0,0
202603210601,2026-03-21,06,1,1-5,740,L11,1-6,0,0
202603212007,2026-03-21,20,7,2-1,1030,L11,1-6,0,0
202603221808,2026-03-22,18,8,1-2,530,L11,1-6,0,0
202603221810,2026-03-22,18,10,5-1,7650,L11,1-6,0,0
202603222202,2026-03-22,22,2,3-1,1320,L11,1-6,0,0
202603222212,2026-03-22,22,12,1-5,1070,L11,1-6,0,0
202603230204,2026-03-23,02,4,1-3,760,L11,1-6,0,0
202603230507,2026-03-23,05,7,1-3,490,L11,1-6,0,0
202603231305,2026-03-23,13,5,1-6,1170,L11,1-6,1,1170
202603231311,2026-03-23,13,11,1-5,740,L11,1-6,0,0
202603231411,2026-03-23,14,11,1-3,440,L11,1-6,0,0
202603231506,2026-03-23,15,6,2-1,1220,L11,1-6,0,0
202603231607,2026-03-23,16,7,1-2,590,L11,1-6,0,0
202603231904,2026-03-23,19,4,3-5,3120,L11,1-6,0,0
202603241604,2026-03-24,16,4,6-2,6080,L11,1-6,0,0
202603250408,2026-03-25,04,8,6-5,27930,L11,1-6,0,0
202603250706,2026-03-25,07,6,5-2,7000,L11,1-6,0,0
202603251307,2026-03-25,13,7,1-5,380,L11,1-6,0,0
202603251801,2026-03-25,18,1,1-2,360,L11,1-6,0,0
202603261702,2026-03-26,17,2,6-1,13290,L11,1-6,0,0
202603270703,2026-03-27,07,3,1-3,780,L11,1-6,0,0
202603271201,2026-03-27,12,1,5-4,3000,L11,1-6,0,0
202603271604,2026-03-27,16,4,1-6,3960,L11,1-6,1,3960
202603272212,2026-03-27,22,12,1-5,1190,L11,1-6,0,0
202603280410,2026-03-28,04,10,1-5,1560,L11,1-6,0,0
202603280708,2026-03-28,07,8,6-4,7250,L11,1-6,0,0
202603280709,2026-03-28,07,9,4-1,2030,L11,1-6,0,0
202603280811,2026-03-28,08,11,4-1,2150,L11,1-6,0,0
202603281605,2026-03-28,16,5,3-5,1100,L11,1-6,0,0
202603281612,2026-03-28,16,12,1-4,360,L11,1-6,0,0
202603290510,2026-03-29,05,10,1-2,160,L11,1-6,0,0
202603290511,2026-03-29,05,11,1-3,500,L11,1-6,0,0
202603290706,2026-03-29,07,6,1-2,250,L11,1-6,0,0
202603290810,2026-03-29,08,10,1-3,630,L11,1-6,0,0
202603292310,2026-03-29,23,10,2-1,500,L11,1-6,0,0
202603300209,2026-03-30,02,9,3-5,3150,L11,1-6,0,0
202603300806,2026-03-30,08,6,1-2,280,L11,1-6,0,0
202603301702,2026-03-30,17,2,1-5,2350,L11,1-6,0,0
202603301707,2026-03-30,17,7,6-2,12700,L11,1-6,0,0
202603310509,2026-03-31,05,9,2-3,3880,L11,1-6,0,0
202603311309,2026-03-31,13,9,2-4,9240,L11,1-6,0,0
202603312302,2026-03-31,23,2,1-4,660,L11,1-6,0,0
202604010102,2026-04-01,01,2,4-5,950,L11,1-6,0,0
202604010805,2026-04-01,08,5,1-2,310,L11,1-6,0,0
202604011804,2026-04-01,18,4,1-3,590,L11,1-6,0,0
202604020103,2026-04-02,01,3,2-1,1400,L11,1-6,0,0
202604020910,2026-04-02,09,10,1-2,340,L11,1-6,0,0
202604021812,2026-04-02,18,12,1-2,270,L11,1-6,0,0
202604022201,2026-04-02,22,1,1-3,240,L11,1-6,0,0
202604022305,2026-04-02,23,5,1-5,780,L11,1-6,0,0
202604030608,2026-04-03,06,8,3-6,8110,L11,1-6,0,0
202604040107,2026-04-04,01,7,1-4,350,L11,1-6,0,0
202604040902,2026-04-04,09,2,3-2,3950,L11,1-6,0,0
202604041708,2026-04-04,17,8,1-2,480,L11,1-6,0,0
202604050101,2026-04-05,01,1,1-2,610,L11,1-6,0,0
202604050711,2026-04-05,07,11,2-6,22780,L11,1-6,0,0
202604051205,2026-04-05,12,5,1-4,1770,L11,1-6,0,0
202604051601,2026-04-05,16,1,1-3,210,L11,1-6,0,0
202604051801,2026-04-05,18,1,1-2,250,L11,1-6,0,0
202604060105,2026-04-06,01,5,5-3,3440,L11,1-6,0,0
202604060409,2026-04-06,04,9,1-3,420,L11,1-6,0,0
202604061001,2026-04-06,10,1,1-5,840,L11,1-6,0,0
202604061709,2026-04-06,17,9,2-4,2600,L11,1-6,0,0
202604062108,2026-04-06,21,8,1-3,1140,L11,1-6,0,0
202604072102,2026-04-07,21,2,3-1,1660,L11,1-6,0,0
202604080401,2026-04-08,04,1,3-4,2010,L11,1-6,0,0
202604080807,2026-04-08,08,7,3-6,3500,L11,1-6,0,0
202604080811,2026-04-08,08,11,5-1,7050,L11,1-6,0,0
202604081607,2026-04-08,16,7,4-6,5310,L11,1-6,0,0
202604090807,2026-04-09,08,7,5-2,7260,L11,1-6,0,0
202604100607,2026-04-10,06,7,3-1,2050,L11,1-6,0,0
202604100706,2026-04-10,07,6,4-1,580,L11,1-6,0,0
202604101012,2026-04-10,10,12,1-3,840,L11,1-6,0,0
202604101504,2026-04-10,15,4,3-5,590,L11,1-6,0,0
202604102303,2026-04-10,23,3,1-5,1220,L11,1-6,0,0
202603110109,2026-03-11,01,9,1-2,290,L12,1-5,0,0
202603110205,2026-03-11,02,5,3-6,11050,L12,1-5,0,0
202603110210,2026-03-11,02,10,1-2,310,L12,1-5,0,0
202603110401,2026-03-11,04,1,3-2,1750,L12,1-5,0,0
202603110403,2026-03-11,04,3,2-5,540,L12,1-5,0,0
202603110802,2026-03-11,08,2,3-1,1720,L12,1-5,0,0
202603110812,2026-03-11,08,12,1-2,810,L12,1-5,0,0
202603111311,2026-03-11,13,11,3-5,4690,L12,1-5,0,0
202603112001,2026-03-11,20,1,5-4,2830,L12,1-5,0,0
202603120106,2026-03-12,01,6,6-1,3580,L12,1-5,0,0
202603120108,2026-03-12,01,8,5-3,4700,L12,1-5,0,0
202603120502,2026-03-12,05,2,1-2,330,L12,1-5,0,0
202603120609,2026-03-12,06,9,4-5,670,L12,1-5,0,0
202603121111,2026-03-12,11,11,1-3,370,L12,1-5,0,0
202603121808,2026-03-12,18,8,2-3,390,L12,1-5,0,0
202603130502,2026-03-13,05,2,1-5,540,L12,1-5,1,540
202603130701,2026-03-13,07,1,1-2,1010,L12,1-5,0,0
202603130808,2026-03-13,08,8,1-5,970,L12,1-5,1,970
202603130810,2026-03-13,08,10,1-6,5310,L12,1-5,0,0
202603131106,2026-03-13,11,6,1-4,390,L12,1-5,0,0
202603140610,2026-03-14,06,10,1-5,530,L12,1-5,1,530
202603141301,2026-03-14,13,1,1-3,280,L12,1-5,0,0
202603141311,2026-03-14,13,11,1-3,360,L12,1-5,0,0
202603142112,2026-03-14,21,12,1-3,380,L12,1-5,0,0
202603150602,2026-03-15,06,2,1-2,400,L12,1-5,0,0
202603150708,2026-03-15,07,8,1-4,470,L12,1-5,0,0
202603150711,2026-03-15,07,11,1-2,220,L12,1-5,0,0
202603151108,2026-03-15,11,8,1-5,1120,L12,1-5,1,1120
202603151301,2026-03-15,13,1,1-4,550,L12,1-5,0,0
202603151304,2026-03-15,13,4,3-1,1040,L12,1-5,0,0
202603151305,2026-03-15,13,5,1-2,390,L12,1-5,0,0
202603151309,2026-03-15,13,9,4-6,11650,L12,1-5,0,0
202603151407,2026-03-15,14,7,1-4,710,L12,1-5,0,0
202603151409,2026-03-15,14,9,1-2,910,L12,1-5,0,0
202603151902,2026-03-15,19,2,2-1,8300,L12,1-5,0,0
202603151909,2026-03-15,19,9,1-6,480,L12,1-5,0,0
202603152205,2026-03-15,22,5,4-5,2270,L12,1-5,0,0
202603160106,2026-03-16,01,6,5-1,1650,L12,1-5,0,0
202603161001,2026-03-16,10,1,1-2,340,L12,1-5,0,0
202603161009,2026-03-16,10,9,3-4,880,L12,1-5,0,0
202603161105,2026-03-16,11,5,1-2,380,L12,1-5,0,0
202603161310,2026-03-16,13,10,3-1,1250,L12,1-5,0,0
202603161612,2026-03-16,16,12,2-4,750,L12,1-5,0,0
202603161904,2026-03-16,19,4,3-5,1380,L12,1-5,0,0
202603162105,2026-03-16,21,5,1-3,240,L12,1-5,0,0
202603171005,2026-03-17,10,5,2-1,380,L12,1-5,0,0
202603171007,2026-03-17,10,7,4-3,970,L12,1-5,0,0
202603172310,2026-03-17,23,10,6-1,9020,L12,1-5,0,0
202603180112,2026-03-18,01,12,1-3,300,L12,1-5,0,0
202603180411,2026-03-18,04,11,1-5,1010,L12,1-5,1,1010
202603181310,2026-03-18,13,10,1-2,240,L12,1-5,0,0
202603181403,2026-03-18,14,3,3-6,5080,L12,1-5,0,0
202603181412,2026-03-18,14,12,1-6,4100,L12,1-5,0,0
202603182312,2026-03-18,23,12,1-2,620,L12,1-5,0,0
202603182402,2026-03-18,24,2,4-6,2420,L12,1-5,0,0
202603190206,2026-03-19,02,6,2-3,690,L12,1-5,0,0
202603191703,2026-03-19,17,3,2-4,6860,L12,1-5,0,0
202603191706,2026-03-19,17,6,4-1,1230,L12,1-5,0,0
202603192006,2026-03-19,20,6,6-1,960,L12,1-5,0,0
202603192305,2026-03-19,23,5,3-2,1170,L12,1-5,0,0
202603200405,2026-03-20,04,5,4-1,2660,L12,1-5,0,0
202603200409,2026-03-20,04,9,3-5,5650,L12,1-5,0,0
202603200804,2026-03-20,08,4,3-1,4870,L12,1-5,0,0
202603201407,2026-03-20,14,7,2-6,720,L12,1-5,0,0
202603201412,2026-03-20,14,12,1-4,2400,L12,1-5,0,0
202603201603,2026-03-20,16,3,6-4,19800,L12,1-5,0,0
202603201712,2026-03-20,17,12,1-4,1430,L12,1-5,0,0
202603202303,2026-03-20,23,3,1-5,890,L12,1-5,1,890
202603202307,2026-03-20,23,7,4-2,5010,L12,1-5,0,0
202603210102,2026-03-21,01,2,2-1,310,L12,1-5,0,0
202603210109,2026-03-21,01,9,4-6,1230,L12,1-5,0,0
202603210202,2026-03-21,02,2,2-3,330,L12,1-5,0,0
202603210205,2026-03-21,02,5,1-3,430,L12,1-5,0,0
202603210402,2026-03-21,04,2,1-2,460,L12,1-5,0,0
202603210506,2026-03-21,05,6,4-5,2480,L12,1-5,0,0
202603210606,2026-03-21,06,6,1-2,390,L12,1-5,0,0
202603210807,2026-03-21,08,7,1-5,400,L12,1-5,1,400
202603211407,2026-03-21,14,7,2-6,10770,L12,1-5,0,0
202603211411,2026-03-21,14,11,1-2,300,L12,1-5,0,0
202603211509,2026-03-21,15,9,1-3,310,L12,1-5,0,0
202603211604,2026-03-21,16,4,1-2,260,L12,1-5,0,0
202603211801,2026-03-21,18,1,1-5,1450,L12,1-5,1,1450
202603212005,2026-03-21,20,5,2-6,2050,L12,1-5,0,0
202603212009,2026-03-21,20,9,1-3,180,L12,1-5,0,0
202603212308,2026-03-21,23,8,2-1,1490,L12,1-5,0,0
202603220506,2026-03-22,05,6,5-1,1800,L12,1-5,0,0
202603221904,2026-03-22,19,4,5-1,650,L12,1-5,0,0
202603221909,2026-03-22,19,9,1-3,410,L12,1-5,0,0
202603222004,2026-03-22,20,4,1-2,1850,L12,1-5,0,0
202603222301,2026-03-22,23,1,1-3,270,L12,1-5,0,0
202603231408,2026-03-23,14,8,4-5,3710,L12,1-5,0,0
202603231802,2026-03-23,18,2,1-3,240,L12,1-5,0,0
202603231812,2026-03-23,18,12,4-1,4930,L12,1-5,0,0
202603232005,2026-03-23,20,5,1-3,600,L12,1-5,0,0
202603240501,2026-03-24,05,1,2-3,960,L12,1-5,0,0
202603240702,2026-03-24,07,2,1-4,690,L12,1-5,0,0
202603240706,2026-03-24,07,6,1-2,310,L12,1-5,0,0
202603240901,2026-03-24,09,1,1-4,2010,L12,1-5,0,0
202603241011,2026-03-24,10,11,2-4,910,L12,1-5,0,0
202603241012,2026-03-24,10,12,4-3,3660,L12,1-5,0,0
202603241302,2026-03-24,13,2,1-5,3240,L12,1-5,1,3240
202603250504,2026-03-25,05,4,1-2,420,L12,1-5,0,0
202603250709,2026-03-25,07,9,3-1,710,L12,1-5,0,0
202603251504,2026-03-25,15,4,1-3,430,L12,1-5,0,0
202603260705,2026-03-26,07,5,5-6,6260,L12,1-5,0,0
202603260711,2026-03-26,07,11,1-5,1190,L12,1-5,1,1190
202603261211,2026-03-26,12,11,1-2,130,L12,1-5,0,0
202603261911,2026-03-26,19,11,1-3,200,L12,1-5,0,0
202603270708,2026-03-27,07,8,2-4,2080,L12,1-5,0,0
202603270712,2026-03-27,07,12,1-5,1420,L12,1-5,1,1420
202603271706,2026-03-27,17,6,4-2,2580,L12,1-5,0,0
202603271711,2026-03-27,17,11,1-2,200,L12,1-5,0,0
202603272205,2026-03-27,22,5,1-2,170,L12,1-5,0,0
202603280402,2026-03-28,04,2,3-2,690,L12,1-5,0,0
202603280501,2026-03-28,05,1,3-5,810,L12,1-5,0,0
202603281305,2026-03-28,13,5,1-3,320,L12,1-5,0,0
202603281703,2026-03-28,17,3,1-2,450,L12,1-5,0,0
202603290401,2026-03-29,04,1,3-6,1940,L12,1-5,0,0
202603290405,2026-03-29,04,5,4-1,1070,L12,1-5,0,0
202603290603,2026-03-29,06,3,1-4,340,L12,1-5,0,0
202603290606,2026-03-29,06,6,6-1,1220,L12,1-5,0,0
202603290610,2026-03-29,06,10,3-4,630,L12,1-5,0,0
202603290812,2026-03-29,08,12,1-2,260,L12,1-5,0,0
202603291008,2026-03-29,10,8,1-3,1830,L12,1-5,0,0
202603291602,2026-03-29,16,2,3-6,1650,L12,1-5,0,0
202603291710,2026-03-29,17,10,6-5,10290,L12,1-5,0,0
202603292112,2026-03-29,21,12,1-4,340,L12,1-5,0,0
202603292302,2026-03-29,23,2,4-1,2000,L12,1-5,0,0
202603292312,2026-03-29,23,12,1-4,980,L12,1-5,0,0
202603300404,2026-03-30,04,4,1-3,480,L12,1-5,0,0
202603300501,2026-03-30,05,1,1-3,390,L12,1-5,0,0
202603300611,2026-03-30,06,11,1-6,1430,L12,1-5,0,0
202603300807,2026-03-30,08,7,2-4,3250,L12,1-5,0,0
202603301302,2026-03-30,13,2,2-1,610,L12,1-5,0,0
202603301611,2026-03-30,16,11,1-2,240,L12,1-5,0,0
202603301712,2026-03-30,17,12,1-2,450,L12,1-5,0,0
202603301802,2026-03-30,18,2,1-3,180,L12,1-5,0,0
202603301905,2026-03-30,19,5,1-2,210,L12,1-5,0,0
202603302105,2026-03-30,21,5,1-3,260,L12,1-5,0,0
202603302408,2026-03-30,24,8,1-2,280,L12,1-5,0,0
202603302411,2026-03-30,24,11,1-2,460,L12,1-5,0,0
202603310607,2026-03-31,06,7,3-1,640,L12,1-5,0,0
202603310805,2026-03-31,08,5,2-4,350,L12,1-5,0,0
202603311310,2026-03-31,13,10,1-4,410,L12,1-5,0,0
202603311709,2026-03-31,17,9,3-5,3040,L12,1-5,0,0
202603311903,2026-03-31,19,3,6-3,9980,L12,1-5,0,0
202603311909,2026-03-31,19,9,4-1,1980,L12,1-5,0,0
202603312306,2026-03-31,23,6,1-4,1290,L12,1-5,0,0
202603312408,2026-03-31,24,8,1-5,930,L12,1-5,1,930
202604010202,2026-04-01,02,2,6-2,6770,L12,1-5,0,0
202604011501,2026-04-01,15,1,1-3,350,L12,1-5,0,0
202604011801,2026-04-01,18,1,1-2,540,L12,1-5,0,0
202604012210,2026-04-01,22,10,1-6,960,L12,1-5,0,0
202604020111,2026-04-02,01,11,4-5,2060,L12,1-5,0,0
202604020904,2026-04-02,09,4,5-4,3800,L12,1-5,0,0
202604022209,2026-04-02,22,9,1-2,730,L12,1-5,0,0
202604030110,2026-04-03,01,10,1-3,220,L12,1-5,0,0
202604030112,2026-04-03,01,12,1-5,480,L12,1-5,1,480
202604030907,2026-04-03,09,7,6-4,22650,L12,1-5,0,0
202604031203,2026-04-03,12,3,1-3,270,L12,1-5,0,0
202604031207,2026-04-03,12,7,3-2,1650,L12,1-5,0,0
202604031503,2026-04-03,15,3,6-1,3840,L12,1-5,0,0
202604032212,2026-04-03,22,12,1-4,390,L12,1-5,0,0
202604041604,2026-04-04,16,4,2-1,770,L12,1-5,0,0
202604041712,2026-04-04,17,12,1-3,240,L12,1-5,0,0
202604042208,2026-04-04,22,8,1-2,180,L12,1-5,0,0
202604050210,2026-04-05,02,10,1-2,380,L12,1-5,0,0
202604050904,2026-04-05,09,4,2-3,3750,L12,1-5,0,0
202604050907,2026-04-05,09,7,1-2,270,L12,1-5,0,0
202604051707,2026-04-05,17,7,3-2,1110,L12,1-5,0,0
202604051805,2026-04-05,18,5,1-4,1490,L12,1-5,0,0
202604052102,2026-04-05,21,2,2-4,2300,L12,1-5,0,0
202604052212,2026-04-05,22,12,1-2,210,L12,1-5,0,0
202604060104,2026-04-06,01,4,4-2,2410,L12,1-5,0,0
202604060109,2026-04-06,01,9,1-3,490,L12,1-5,0,0
202604061708,2026-04-06,17,8,1-2,180,L12,1-5,0,0
202604061712,2026-04-06,17,12,1-4,1140,L12,1-5,0,0
202604062109,2026-04-06,21,9,1-2,240,L12,1-5,0,0
202604070202,2026-04-07,02,2,1-2,1220,L12,1-5,0,0
202604070703,2026-04-07,07,3,1-6,650,L12,1-5,0,0
202604070803,2026-04-07,08,3,3-4,2910,L12,1-5,0,0
202604071003,2026-04-07,10,3,1-3,340,L12,1-5,0,0
202604072105,2026-04-07,21,5,2-6,5250,L12,1-5,0,0
202604080407,2026-04-08,04,7,1-2,650,L12,1-5,0,0
202604080408,2026-04-08,04,8,3-1,430,L12,1-5,0,0
202604080703,2026-04-08,07,3,1-2,1420,L12,1-5,0,0
202604080706,2026-04-08,07,6,4-1,720,L12,1-5,0,0
202604080812,2026-04-08,08,12,5-1,820,L12,1-5,0,0
202604081112,2026-04-08,11,12,1-4,450,L12,1-5,0,0
202604082312,2026-04-08,23,12,1-3,320,L12,1-5,0,0
202604090208,2026-04-09,02,8,3-6,640,L12,1-5,0,0
202604091601,2026-04-09,16,1,1-4,340,L12,1-5,0,0
202604092303,2026-04-09,23,3,1-2,830,L12,1-5,0,0
202604101107,2026-04-10,11,7,1-2,420,L12,1-5,0,0
202604101112,2026-04-10,11,12,2-3,4650,L12,1-5,0,0
202604101508,2026-04-10,15,8,1-2,170,L12,1-5,0,0
202604101705,2026-04-10,17,5,1-2,290,L12,1-5,0,0
202604102310,2026-04-10,23,10,2-3,500,L12,1-5,0,0
