combo,slice_family,slice_value,sample_races,hits,hit_rate_pct,stake_yen,return_yen,profit_yen,roi_pct,avg_hit_payout_yen,baseline_hit_rate_pct,baseline_roi_pct,baseline_avg_hit_payout_yen,roi_lift_pct,hit_rate_lift_pct,avg_payout_lift_yen,distortion_type
1-6,target_exhibition_st_rank_bucket x other_st_faster_than_target_count_bucket,4+ | 0,78,8,10.26,7800,18030,10230,231.15,2253.75,4.05,73.3,1810.13,157.85,6.21,443.62,price_distortion
1-4,lane1_target_start_gap_pair x target_outer_pressure_bucket,0.04-0.06-<=0.03 | low_other_pressure,40,19,47.5,4000,8980,4980,224.5,472.63,10.14,74.17,731.46,150.33,37.36,-258.83,probability_plus_price
1-5,lane1_target_start_gap_pair x target_outer_pressure_bucket,<=0.03-best | some_other_pressure,95,21,22.11,9500,20210,10710,212.74,962.38,6.7,75.78,1131.51,136.96,15.41,-169.13,probability_plus_price
1-6,lane1_target_exhibition_time_diff_bucket x lane1_target_start_exhibition_st_diff_bucket,target_faster_0.05_0.10 | target_faster_0.03_0.06,189,18,9.52,18900,37400,18500,197.88,2077.78,4.05,73.3,1810.13,124.58,5.47,267.65,price_distortion
1-6,lane1_target_start_gap_pair x target_outer_pressure_bucket,0.04-0.06-best | some_other_pressure,81,10,12.35,8100,15240,7140,188.15,1524.0,4.05,73.3,1810.13,114.85,8.3,-286.13,probability_plus_price
1-6,lane1_target_start_gap_pair x target_outer_pressure_bucket,<=0.03-best | some_other_pressure,80,9,11.25,8000,14600,6600,182.5,1622.22,4.05,73.3,1810.13,109.2,7.2,-187.91,probability_plus_price
1-6,grade_group,SG,72,4,5.56,7200,12320,5120,171.11,3080.0,4.05,73.3,1810.13,97.81,1.51,1269.87,price_distortion
1-6,lane1_target_start_gap_pair x target_outer_pressure_bucket,>0.06-0.04-0.06 | low_other_pressure,35,6,17.14,3500,5850,2350,167.14,975.0,4.05,73.3,1810.13,93.84,13.09,-835.13,probability_plus_price
1-6,lane1_target_exhibition_st_rank_pair,2-1,366,39,10.66,36600,58960,22360,161.09,1511.79,4.05,73.3,1810.13,87.79,6.61,-298.34,probability_plus_price
1-6,lane1_exhibition_st_rank_bucket x target_exhibition_st_rank_bucket,2 | 1,366,39,10.66,36600,58960,22360,161.09,1511.79,4.05,73.3,1810.13,87.79,6.61,-298.34,probability_plus_price
1-6,lane1_target_exhibition_st_rank_pair,3-1,332,29,8.73,33200,53420,20220,160.9,1842.07,4.05,73.3,1810.13,87.6,4.68,31.94,mixed_edge
1-6,lane1_exhibition_st_rank_bucket x target_exhibition_st_rank_bucket,3 | 1,332,29,8.73,33200,53420,20220,160.9,1842.07,4.05,73.3,1810.13,87.6,4.68,31.94,mixed_edge
1-6,lane1_target_group_pair x target_outer_pressure_bucket,A-B | low_other_pressure,56,8,14.29,5600,8910,3310,159.11,1113.75,4.05,73.3,1810.13,85.81,10.24,-696.38,probability_plus_price
1-6,lane1_target_start_gap_pair x target_outer_pressure_bucket,0.04-0.06-best | high_other_pressure,452,25,5.53,45200,71160,25960,157.43,2846.4,4.05,73.3,1810.13,84.13,1.48,1036.27,price_distortion
1-6,lane1_target_start_gap_pair,0.04-0.06-best,580,43,7.41,58000,90320,32320,155.72,2100.47,4.05,73.3,1810.13,82.42,3.36,290.34,price_distortion
1-6,target_lane x lane1_target_start_gap_pair,6 | 0.04-0.06-best,580,43,7.41,58000,90320,32320,155.72,2100.47,4.05,73.3,1810.13,82.42,3.36,290.34,price_distortion
1-6,lane1_start_exhibition_gap_bucket x target_start_exhibition_gap_bucket,0.04-0.06 | best,580,43,7.41,58000,90320,32320,155.72,2100.47,4.05,73.3,1810.13,82.42,3.36,290.34,price_distortion
1-6,lane1_target_exhibition_st_rank_pair,1-2,365,44,12.05,36500,54600,18100,149.59,1240.91,4.05,73.3,1810.13,76.29,8.0,-569.22,probability_plus_price
1-6,lane1_exhibition_st_rank_bucket x target_exhibition_st_rank_bucket,1 | 2,365,44,12.05,36500,54600,18100,149.59,1240.91,4.05,73.3,1810.13,76.29,8.0,-569.22,probability_plus_price
1-4,lane1_target_start_gap_pair x target_outer_pressure_bucket,best-<=0.03 | high_other_pressure,813,131,16.11,81300,120760,39460,148.54,921.83,10.14,74.17,731.46,74.37,5.97,190.37,price_distortion
1-5,lane1_target_start_gap_pair,<=0.03-best,683,86,12.59,68300,100920,32620,147.76,1173.49,6.7,75.78,1131.51,71.98,5.89,41.98,probability_plus_price
1-5,target_lane x lane1_target_start_gap_pair,5 | <=0.03-best,683,86,12.59,68300,100920,32620,147.76,1173.49,6.7,75.78,1131.51,71.98,5.89,41.98,probability_plus_price
1-5,lane1_start_exhibition_gap_bucket x target_start_exhibition_gap_bucket,<=0.03 | best,683,86,12.59,68300,100920,32620,147.76,1173.49,6.7,75.78,1131.51,71.98,5.89,41.98,probability_plus_price
1-5,lane1_target_exhibition_st_rank_pair,1-2,502,71,14.14,50200,73930,23730,147.27,1041.27,6.7,75.78,1131.51,71.49,7.44,-90.24,probability_plus_price
1-5,lane1_exhibition_st_rank_bucket x target_exhibition_st_rank_bucket,1 | 2,502,71,14.14,50200,73930,23730,147.27,1041.27,6.7,75.78,1131.51,71.49,7.44,-90.24,probability_plus_price
1-2,lane1_target_start_gap_pair x target_outer_pressure_bucket,best-best | high_other_pressure,290,90,31.03,29000,42690,13690,147.21,474.33,18.61,79.76,428.68,67.45,12.42,45.65,probability_plus_price
1-3,other_b2_count_bucket,3,45,12,26.67,4500,6610,2110,146.89,550.83,15.86,79.54,501.69,67.35,10.81,49.14,probability_plus_price
1-5,lane1_target_start_gap_pair x target_outer_pressure_bucket,<=0.03-best | high_other_pressure,538,60,11.15,53800,78030,24230,145.04,1300.5,6.7,75.78,1131.51,69.26,4.45,168.99,price_distortion
1-5,lane1_target_start_gap_pair x target_outer_pressure_bucket,best-best | high_other_pressure,151,14,9.27,15100,21810,6710,144.44,1557.86,6.7,75.78,1131.51,68.66,2.57,426.35,price_distortion
1-5,lane1_target_exhibition_st_rank_pair,3-1,360,44,12.22,36000,51910,15910,144.19,1179.77,6.7,75.78,1131.51,68.41,5.52,48.26,probability_plus_price
1-5,lane1_exhibition_st_rank_bucket x target_exhibition_st_rank_bucket,3 | 1,360,44,12.22,36000,51910,15910,144.19,1179.77,6.7,75.78,1131.51,68.41,5.52,48.26,probability_plus_price
1-4,lane1_target_exhibition_time_diff_bucket x lane1_target_start_exhibition_st_diff_bucket,target_faster_0.10+ | target_faster_0.03_0.06,112,13,11.61,11200,16000,4800,142.86,1230.77,10.14,74.17,731.46,68.69,1.47,499.31,price_distortion
1-6,lane1_target_national_rank_pair x target_outer_pressure_bucket,3-1 | low_other_pressure,157,27,17.2,15700,22390,6690,142.61,829.26,4.05,73.3,1810.13,69.31,13.15,-980.87,probability_plus_price
1-4,lane1_target_start_gap_pair,best-<=0.03,1022,180,17.61,102200,144470,42270,141.36,802.61,10.14,74.17,731.46,67.19,7.47,71.15,probability_plus_price
1-4,target_lane x lane1_target_start_gap_pair,4 | best-<=0.03,1022,180,17.61,102200,144470,42270,141.36,802.61,10.14,74.17,731.46,67.19,7.47,71.15,probability_plus_price
1-4,lane1_start_exhibition_gap_bucket x target_start_exhibition_gap_bucket,best | <=0.03,1022,180,17.61,102200,144470,42270,141.36,802.61,10.14,74.17,731.46,67.19,7.47,71.15,probability_plus_price
1-5,lane1_target_group_pair x other_a_count_bucket,B-A | 3,167,16,9.58,16700,23060,6360,138.08,1441.25,6.7,75.78,1131.51,62.3,2.88,309.74,price_distortion
1-6,lane1_target_start_gap_pair x target_outer_pressure_bucket,<=0.03-<=0.03 | low_other_pressure,39,5,12.82,3900,5320,1420,136.41,1064.0,4.05,73.3,1810.13,63.11,8.77,-746.13,probability_plus_price
1-3,lane1_target_start_gap_pair x target_outer_pressure_bucket,<=0.03-0.04-0.06 | some_other_pressure,114,35,30.7,11400,15450,4050,135.53,441.43,15.86,79.54,501.69,55.99,14.84,-60.26,probability_plus_price
1-5,lane1_target_group_pair x target_outer_pressure_bucket,A-B | low_other_pressure,59,15,25.42,5900,7980,2080,135.25,532.0,6.7,75.78,1131.51,59.47,18.72,-599.51,probability_plus_price
1-5,lane1_target_start_gap_pair x target_outer_pressure_bucket,<=0.03-0.04-0.06 | some_other_pressure,74,12,16.22,7400,9930,2530,134.19,827.5,6.7,75.78,1131.51,58.41,9.52,-304.01,probability_plus_price
1-3,lane1_target_exhibition_st_rank_pair,1-2,1219,321,26.33,121900,163430,41530,134.07,509.13,15.86,79.54,501.69,54.53,10.47,7.44,probability_plus_price
1-3,lane1_exhibition_st_rank_bucket x target_exhibition_st_rank_bucket,1 | 2,1219,321,26.33,121900,163430,41530,134.07,509.13,15.86,79.54,501.69,54.53,10.47,7.44,probability_plus_price
1-4,lane1_target_start_gap_pair x target_outer_pressure_bucket,<=0.03-0.04-0.06 | low_other_pressure,37,11,29.73,3700,4910,1210,132.7,446.36,10.14,74.17,731.46,58.53,19.59,-285.1,probability_plus_price
1-3,lane1_target_start_gap_pair x target_outer_pressure_bucket,best-<=0.03 | high_other_pressure,1173,263,22.42,117300,154860,37560,132.02,588.82,15.86,79.54,501.69,52.48,6.56,87.13,price_distortion
1-5,lane1_target_start_gap_pair,best-best,191,19,9.95,19100,25170,6070,131.78,1324.74,6.7,75.78,1131.51,56.0,3.25,193.23,price_distortion
1-5,target_lane x lane1_target_start_gap_pair,5 | best-best,191,19,9.95,19100,25170,6070,131.78,1324.74,6.7,75.78,1131.51,56.0,3.25,193.23,price_distortion
1-5,lane1_start_exhibition_gap_bucket x target_start_exhibition_gap_bucket,best | best,191,19,9.95,19100,25170,6070,131.78,1324.74,6.7,75.78,1131.51,56.0,3.25,193.23,price_distortion
1-6,lane1_target_exhibition_time_diff_bucket x lane1_target_start_exhibition_st_diff_bucket,lane1_faster_0.10+ | target_faster_0.03_0.06,212,9,4.25,21200,27920,6720,131.7,3102.22,4.05,73.3,1810.13,58.4,0.2,1292.09,price_distortion
1-2,lane1_target_start_gap_pair,best-best,410,127,30.98,41000,53900,12900,131.46,424.41,18.61,79.76,428.68,51.7,12.37,-4.27,probability_plus_price
1-2,target_lane x lane1_target_start_gap_pair,2 | best-best,410,127,30.98,41000,53900,12900,131.46,424.41,18.61,79.76,428.68,51.7,12.37,-4.27,probability_plus_price
1-2,lane1_start_exhibition_gap_bucket x target_start_exhibition_gap_bucket,best | best,410,127,30.98,41000,53900,12900,131.46,424.41,18.61,79.76,428.68,51.7,12.37,-4.27,probability_plus_price
1-2,lane1_target_start_gap_pair x target_outer_pressure_bucket,best-<=0.03 | some_other_pressure,333,130,39.04,33300,43610,10310,130.96,335.46,18.61,79.76,428.68,51.2,20.43,-93.22,probability_plus_price
1-6,target_exhibition_st_rank_bucket,1,1737,119,6.85,173700,223620,49920,128.74,1879.16,4.05,73.3,1810.13,55.44,2.8,69.03,mixed_edge
1-6,target_lane x target_exhibition_st_rank_bucket,6 | 1,1737,119,6.85,173700,223620,49920,128.74,1879.16,4.05,73.3,1810.13,55.44,2.8,69.03,mixed_edge
1-6,target_exhibition_st_rank_bucket x other_st_faster_than_target_count_bucket,1 | 0,1737,119,6.85,173700,223620,49920,128.74,1879.16,4.05,73.3,1810.13,55.44,2.8,69.03,mixed_edge
1-5,target_exhibition_st_rank_bucket x other_st_faster_than_target_count_bucket,3 | 0,267,32,11.99,26700,34330,7630,128.58,1072.81,6.7,75.78,1131.51,52.8,5.29,-58.7,probability_plus_price
1-6,lane1_target_start_gap_pair x target_outer_pressure_bucket,0.04-0.06-<=0.03 | some_other_pressure,74,7,9.46,7400,9420,2020,127.3,1345.71,4.05,73.3,1810.13,54.0,5.41,-464.42,probability_plus_price
1-3,lane1_target_start_gap_pair x target_outer_pressure_bucket,best-best | high_other_pressure,261,56,21.46,26100,33160,7060,127.05,592.14,15.86,79.54,501.69,47.51,5.6,90.45,price_distortion
1-3,lane1_target_start_gap_pair,best-<=0.03,1499,364,24.28,149900,188030,38130,125.44,516.57,15.86,79.54,501.69,45.9,8.42,14.88,probability_plus_price
1-3,target_lane x lane1_target_start_gap_pair,3 | best-<=0.03,1499,364,24.28,149900,188030,38130,125.44,516.57,15.86,79.54,501.69,45.9,8.42,14.88,probability_plus_price
1-3,lane1_start_exhibition_gap_bucket x target_start_exhibition_gap_bucket,best | <=0.03,1499,364,24.28,149900,188030,38130,125.44,516.57,15.86,79.54,501.69,45.9,8.42,14.88,probability_plus_price
1-6,lane1_target_group_pair x target_outer_pressure_bucket,B-B | some_other_pressure,180,13,7.22,18000,22530,4530,125.17,1733.08,4.05,73.3,1810.13,51.87,3.17,-77.05,mixed_edge
1-3,target_exhibition_st_rank_bucket x other_st_faster_than_target_count_bucket,2 | 0,1461,366,25.05,146100,182850,36750,125.15,499.59,15.86,79.54,501.69,45.61,9.19,-2.1,probability_plus_price
1-5,grade_group,SG,72,6,8.33,7200,8970,1770,124.58,1495.0,6.7,75.78,1131.51,48.8,1.63,363.49,price_distortion
1-6,target_class_group x target_outer_pressure_bucket,B | low_other_pressure,102,11,10.78,10200,12610,2410,123.63,1146.36,4.05,73.3,1810.13,50.33,6.73,-663.77,probability_plus_price
1-3,target_exhibition_st_rank_bucket x other_st_faster_than_target_count_bucket,3 | 0,328,79,24.09,32800,40470,7670,123.38,512.28,15.86,79.54,501.69,43.84,8.23,10.59,probability_plus_price
1-6,lane1_target_start_gap_pair x target_outer_pressure_bucket,best->0.06 | low_other_pressure,132,22,16.67,13200,16230,3030,122.95,737.73,4.05,73.3,1810.13,49.65,12.62,-1072.4,probability_plus_price
1-6,lane1_target_start_gap_pair x target_outer_pressure_bucket,<=0.03-0.04-0.06 | low_other_pressure,31,4,12.9,3100,3810,710,122.9,952.5,4.05,73.3,1810.13,49.6,8.85,-857.63,probability_plus_price
1-6,lane1_target_exhibition_time_diff_bucket x lane1_target_start_exhibition_st_diff_bucket,target_faster_0.10+ | target_faster_0.03_0.06,90,9,10.0,9000,11040,2040,122.67,1226.67,4.05,73.3,1810.13,49.37,5.95,-583.46,probability_plus_price
1-2,lane1_target_start_gap_pair x target_outer_pressure_bucket,best-best | low_other_pressure,46,19,41.3,4600,5640,1040,122.61,296.84,18.61,79.76,428.68,42.85,22.69,-131.84,probability_plus_price
1-2,lane1_target_exhibition_st_rank_pair,1-2,2116,626,29.58,211600,259360,47760,122.57,414.31,18.61,79.76,428.68,42.81,10.97,-14.37,probability_plus_price
1-2,lane1_exhibition_st_rank_bucket x target_exhibition_st_rank_bucket,1 | 2,2116,626,29.58,211600,259360,47760,122.57,414.31,18.61,79.76,428.68,42.81,10.97,-14.37,probability_plus_price
1-2,target_exhibition_st_rank_bucket x other_st_faster_than_target_count_bucket,2 | 0,2116,626,29.58,211600,259360,47760,122.57,414.31,18.61,79.76,428.68,42.81,10.97,-14.37,probability_plus_price
1-4,lane1_target_exhibition_st_rank_pair,1-3,849,151,17.79,84900,103860,18960,122.33,687.81,10.14,74.17,731.46,48.16,7.65,-43.65,probability_plus_price
1-4,lane1_exhibition_st_rank_bucket x target_exhibition_st_rank_bucket,1 | 3,849,151,17.79,84900,103860,18960,122.33,687.81,10.14,74.17,731.46,48.16,7.65,-43.65,probability_plus_price
1-4,lane1_target_start_gap_pair x target_outer_pressure_bucket,best-<=0.03 | some_other_pressure,145,35,24.14,14500,17690,3190,122.0,505.43,10.14,74.17,731.46,47.83,14.0,-226.03,probability_plus_price
1-2,lane1_target_start_gap_pair x target_outer_pressure_bucket,<=0.03-best | some_other_pressure,192,65,33.85,19200,23360,4160,121.67,359.38,18.61,79.76,428.68,41.91,15.24,-69.3,probability_plus_price
1-3,lane1_target_start_gap_pair,best-best,350,84,24.0,35000,42510,7510,121.46,506.07,15.86,79.54,501.69,41.92,8.14,4.38,probability_plus_price
1-3,target_lane x lane1_target_start_gap_pair,3 | best-best,350,84,24.0,35000,42510,7510,121.46,506.07,15.86,79.54,501.69,41.92,8.14,4.38,probability_plus_price
1-3,lane1_start_exhibition_gap_bucket x target_start_exhibition_gap_bucket,best | best,350,84,24.0,35000,42510,7510,121.46,506.07,15.86,79.54,501.69,41.92,8.14,4.38,probability_plus_price
1-5,target_exhibition_st_rank_bucket x other_st_faster_than_target_count_bucket,2 | 0,941,107,11.37,94100,113640,19540,120.77,1062.06,6.7,75.78,1131.51,44.99,4.67,-69.45,mixed_edge
1-3,lane1_target_exhibition_st_rank_pair,1-3,1688,397,23.52,168800,203640,34840,120.64,512.95,15.86,79.54,501.69,41.1,7.66,11.26,probability_plus_price
1-3,lane1_exhibition_st_rank_bucket x target_exhibition_st_rank_bucket,1 | 3,1688,397,23.52,168800,203640,34840,120.64,512.95,15.86,79.54,501.69,41.1,7.66,11.26,probability_plus_price
1-6,lane1_target_start_gap_pair x target_outer_pressure_bucket,>0.06-best | high_other_pressure,847,41,4.84,84700,101280,16580,119.57,2470.24,4.05,73.3,1810.13,46.27,0.79,660.11,price_distortion
1-5,lane1_target_start_gap_pair x target_outer_pressure_bucket,best-0.04-0.06 | some_other_pressure,125,21,16.8,12500,14790,2290,118.32,704.29,6.7,75.78,1131.51,42.54,10.1,-427.22,probability_plus_price
1-3,lane1_target_start_gap_pair x target_outer_pressure_bucket,<=0.03-<=0.03 | some_other_pressure,155,49,31.61,15500,18300,2800,118.06,373.47,15.86,79.54,501.69,38.52,15.75,-128.22,probability_plus_price
1-2,lane1_target_start_gap_pair x target_outer_pressure_bucket,<=0.03-0.04-0.06 | low_other_pressure,36,13,36.11,3600,4240,640,117.78,326.15,18.61,79.76,428.68,38.02,17.5,-102.53,probability_plus_price
1-5,lane1_target_start_gap_pair x target_outer_pressure_bucket,0.04-0.06-0.04-0.06 | some_other_pressure,65,13,20.0,6500,7650,1150,117.69,588.46,6.7,75.78,1131.51,41.91,13.3,-543.05,probability_plus_price
1-3,lane1_target_start_gap_pair x target_outer_pressure_bucket,best-0.04-0.06 | high_other_pressure,1147,237,20.66,114700,134800,20100,117.52,568.78,15.86,79.54,501.69,37.98,4.8,67.09,mixed_edge
1-2,lane1_target_start_gap_pair x target_outer_pressure_bucket,best-<=0.03 | high_other_pressure,1263,322,25.49,126300,148030,21730,117.21,459.72,18.61,79.76,428.68,37.45,6.88,31.04,probability_plus_price
1-3,lane1_target_group_pair x other_a_count_bucket,A-B | 4,110,18,16.36,11000,12880,1880,117.09,715.56,15.86,79.54,501.69,37.55,0.5,213.87,price_distortion
1-2,lane1_target_start_gap_pair,best-<=0.03,1736,492,28.34,173600,202750,29150,116.79,412.09,18.61,79.76,428.68,37.03,9.73,-16.59,probability_plus_price
1-2,target_lane x lane1_target_start_gap_pair,2 | best-<=0.03,1736,492,28.34,173600,202750,29150,116.79,412.09,18.61,79.76,428.68,37.03,9.73,-16.59,probability_plus_price
1-2,lane1_start_exhibition_gap_bucket x target_start_exhibition_gap_bucket,best | <=0.03,1736,492,28.34,173600,202750,29150,116.79,412.09,18.61,79.76,428.68,37.03,9.73,-16.59,probability_plus_price
1-5,meeting_phase_bucket,final,252,27,10.71,25200,29410,4210,116.71,1089.26,6.7,75.78,1131.51,40.93,4.01,-42.25,mixed_edge
1-5,meeting_phase_bucket x target_lane,final | 5,252,27,10.71,25200,29410,4210,116.71,1089.26,6.7,75.78,1131.51,40.93,4.01,-42.25,mixed_edge
1-6,lane1_target_exhibition_time_diff_bucket x lane1_target_start_exhibition_st_diff_bucket,target_faster_0.05_0.10 | target_faster_0.06+,290,18,6.21,29000,33680,4680,116.14,1871.11,4.05,73.3,1810.13,42.84,2.16,60.98,mixed_edge
1-6,lane1_target_national_rank_pair x target_outer_pressure_bucket,4+-1 | some_other_pressure,269,19,7.06,26900,31090,4190,115.58,1636.32,4.05,73.3,1810.13,42.28,3.01,-173.81,mixed_edge
1-4,lane1_target_exhibition_st_rank_pair,1-2,713,130,18.23,71300,82240,10940,115.34,632.62,10.14,74.17,731.46,41.17,8.09,-98.84,probability_plus_price
1-4,lane1_exhibition_st_rank_bucket x target_exhibition_st_rank_bucket,1 | 2,713,130,18.23,71300,82240,10940,115.34,632.62,10.14,74.17,731.46,41.17,8.09,-98.84,probability_plus_price
1-6,target_start_exhibition_gap_bucket,best,2442,153,6.27,244200,281130,36930,115.12,1837.45,4.05,73.3,1810.13,41.82,2.22,27.32,mixed_edge
1-6,target_lane x target_start_exhibition_gap_bucket,6 | best,2442,153,6.27,244200,281130,36930,115.12,1837.45,4.05,73.3,1810.13,41.82,2.22,27.32,mixed_edge
1-5,lane1_target_national_rank_pair x target_outer_pressure_bucket,3-1 | some_other_pressure,98,19,19.39,9800,11280,1480,115.1,593.68,6.7,75.78,1131.51,39.32,12.69,-537.83,probability_plus_price
1-4,lane1_target_start_gap_pair x target_outer_pressure_bucket,best-0.04-0.06 | low_other_pressure,62,19,30.65,6200,7120,920,114.84,374.74,10.14,74.17,731.46,40.67,20.51,-356.72,probability_plus_price
1-4,lane1_target_start_gap_pair x target_outer_pressure_bucket,best->0.06 | low_other_pressure,112,33,29.46,11200,12860,1660,114.82,389.7,10.14,74.17,731.46,40.65,19.32,-341.76,probability_plus_price
1-5,target_exhibition_st_rank_bucket x other_st_faster_than_target_count_bucket,4+ | 1,515,53,10.29,51500,59030,7530,114.62,1113.77,6.7,75.78,1131.51,38.84,3.59,-17.74,mixed_edge
1-3,lane1_target_start_gap_pair,best-0.04-0.06,1447,326,22.53,144700,165660,20960,114.49,508.16,15.86,79.54,501.69,34.95,6.67,6.47,probability_plus_price
1-3,target_lane x lane1_target_start_gap_pair,3 | best-0.04-0.06,1447,326,22.53,144700,165660,20960,114.49,508.16,15.86,79.54,501.69,34.95,6.67,6.47,probability_plus_price
1-3,lane1_start_exhibition_gap_bucket x target_start_exhibition_gap_bucket,best | 0.04-0.06,1447,326,22.53,144700,165660,20960,114.49,508.16,15.86,79.54,501.69,34.95,6.67,6.47,probability_plus_price
1-5,lane1_target_start_gap_pair x target_outer_pressure_bucket,0.04-0.06-<=0.03 | low_other_pressure,43,7,16.28,4300,4900,600,113.95,700.0,6.7,75.78,1131.51,38.17,9.58,-431.51,probability_plus_price
1-4,lane1_target_exhibition_st_rank_pair,3-1,480,71,14.79,48000,54480,6480,113.5,767.32,10.14,74.17,731.46,39.33,4.65,35.86,mixed_edge
1-4,lane1_exhibition_st_rank_bucket x target_exhibition_st_rank_bucket,3 | 1,480,71,14.79,48000,54480,6480,113.5,767.32,10.14,74.17,731.46,39.33,4.65,35.86,mixed_edge
1-2,lane1_target_class_pair,B2-A2,103,14,13.59,10300,11680,1380,113.4,834.29,18.61,79.76,428.68,33.64,-5.02,405.61,price_distortion
1-6,target_exhibition_st_rank_bucket x other_st_faster_than_target_count_bucket,2 | 1,902,53,5.88,90200,102000,11800,113.08,1924.53,4.05,73.3,1810.13,39.78,1.83,114.4,price_distortion
1-4,lane1_target_group_pair x other_a_count_bucket,A-B | 4,134,13,9.7,13400,15110,1710,112.76,1162.31,10.14,74.17,731.46,38.59,-0.44,430.85,price_distortion
1-4,target_exhibition_st_rank_bucket x other_st_faster_than_target_count_bucket,3 | 0,240,41,17.08,24000,27030,3030,112.62,659.27,10.14,74.17,731.46,38.45,6.94,-72.19,probability_plus_price
1-2,lane1_target_start_gap_pair x target_outer_pressure_bucket,best->0.06 | low_other_pressure,89,32,35.96,8900,10010,1110,112.47,312.81,18.61,79.76,428.68,32.71,17.35,-115.87,probability_plus_price
1-4,target_exhibition_st_rank_bucket x other_st_faster_than_target_count_bucket,4+ | 1,393,55,13.99,39300,44190,4890,112.44,803.45,10.14,74.17,731.46,38.27,3.85,71.99,mixed_edge
1-5,lane1_target_start_gap_pair x target_outer_pressure_bucket,0.04-0.06-best | low_other_pressure,46,8,17.39,4600,5160,560,112.17,645.0,6.7,75.78,1131.51,36.39,10.69,-486.51,probability_plus_price
1-5,lane1_target_start_gap_pair x target_outer_pressure_bucket,<=0.03-<=0.03 | low_other_pressure,39,8,20.51,3900,4370,470,112.05,546.25,6.7,75.78,1131.51,36.27,13.81,-585.26,probability_plus_price
1-3,lane1_target_start_gap_pair x target_outer_pressure_bucket,best-<=0.03 | some_other_pressure,235,75,31.91,23500,26320,2820,112.0,350.93,15.86,79.54,501.69,32.46,16.05,-150.76,probability_plus_price
1-3,lane1_target_exhibition_time_diff_bucket x lane1_target_start_exhibition_st_diff_bucket,target_faster_0.05_0.10 | lane1_faster_0.03_0.06,301,57,18.94,30100,33700,3600,111.96,591.23,15.86,79.54,501.69,32.42,3.08,89.54,price_distortion
1-6,lane1_target_start_gap_pair x target_outer_pressure_bucket,best-<=0.03 | some_other_pressure,105,9,8.57,10500,11750,1250,111.9,1305.56,4.05,73.3,1810.13,38.6,4.52,-504.57,mixed_edge
1-6,lane1_target_start_gap_pair x target_outer_pressure_bucket,0.04-0.06->0.06 | low_other_pressure,39,2,5.13,3900,4360,460,111.79,2180.0,4.05,73.3,1810.13,38.49,1.08,369.87,price_distortion
1-3,lane1_target_start_gap_pair x target_outer_pressure_bucket,best->0.06 | some_other_pressure,205,62,30.24,20500,22850,2350,111.46,368.55,15.86,79.54,501.69,31.92,14.38,-133.14,probability_plus_price
1-2,grade_group,SG,72,20,27.78,7200,8020,820,111.39,401.0,18.61,79.76,428.68,31.63,9.17,-27.68,probability_plus_price
1-6,lane1_target_start_exhibition_st_diff_bucket,target_faster_0.03_0.06,1540,85,5.52,154000,171340,17340,111.26,2015.76,4.05,73.3,1810.13,37.96,1.47,205.63,price_distortion
1-3,lane1_target_start_gap_pair x target_outer_pressure_bucket,best-0.04-0.06 | low_other_pressure,82,28,34.15,8200,9120,920,111.22,325.71,15.86,79.54,501.69,31.68,18.29,-175.98,probability_plus_price
1-3,lane1_exhibition_st_rank_bucket,1,4915,1048,21.32,491500,545830,54330,111.05,520.83,15.86,79.54,501.69,31.51,5.46,19.14,probability_plus_price
1-3,lane1_start_exhibition_gap_bucket,best,4915,1048,21.32,491500,545830,54330,111.05,520.83,15.86,79.54,501.69,31.51,5.46,19.14,probability_plus_price
1-6,lane1_target_group_pair x other_a_count_bucket,B-A | 4,48,3,6.25,4800,5320,520,110.83,1773.33,4.05,73.3,1810.13,37.53,2.2,-36.8,mixed_edge
1-2,lane1_target_start_gap_pair x target_outer_pressure_bucket,0.04-0.06-best | low_other_pressure,57,19,33.33,5700,6310,610,110.7,332.11,18.61,79.76,428.68,30.94,14.72,-96.57,probability_plus_price
1-5,lane1_target_start_gap_pair x target_outer_pressure_bucket,best-0.04-0.06 | low_other_pressure,58,12,20.69,5800,6420,620,110.69,535.0,6.7,75.78,1131.51,34.91,13.99,-596.51,probability_plus_price
1-6,other_st_faster_than_target_count_bucket,0,3146,202,6.42,314600,347860,33260,110.57,1722.08,4.05,73.3,1810.13,37.27,2.37,-88.05,mixed_edge
1-4,lane1_target_start_gap_pair x target_outer_pressure_bucket,0.04-0.06-best | high_other_pressure,601,71,11.81,60100,66380,6280,110.45,934.93,10.14,74.17,731.46,36.28,1.67,203.47,price_distortion
1-2,lane1_target_start_gap_pair x target_outer_pressure_bucket,0.04-0.06-best | high_other_pressure,395,84,21.27,39500,43590,4090,110.35,518.93,18.61,79.76,428.68,30.59,2.66,90.25,price_distortion
1-5,lane1_target_start_gap_pair x target_outer_pressure_bucket,<=0.03->0.06 | low_other_pressure,35,6,17.14,3500,3860,360,110.29,643.33,6.7,75.78,1131.51,34.51,10.44,-488.18,probability_plus_price
1-6,lane1_target_exhibition_st_rank_pair,4+-1,1009,51,5.05,100900,111240,10340,110.25,2181.18,4.05,73.3,1810.13,36.95,1.0,371.05,price_distortion
1-6,lane1_exhibition_st_rank_bucket x target_exhibition_st_rank_bucket,4+ | 1,1009,51,5.05,100900,111240,10340,110.25,2181.18,4.05,73.3,1810.13,36.95,1.0,371.05,price_distortion
1-2,lane1_target_exhibition_st_rank_pair,1-3,1112,297,26.71,111200,122340,11140,110.02,411.92,18.61,79.76,428.68,30.26,8.1,-16.76,probability_plus_price
1-2,lane1_exhibition_st_rank_bucket x target_exhibition_st_rank_bucket,1 | 3,1112,297,26.71,111200,122340,11140,110.02,411.92,18.61,79.76,428.68,30.26,8.1,-16.76,probability_plus_price
1-2,lane1_target_exhibition_st_rank_pair,2-1,778,206,26.48,77800,85580,7780,110.0,415.44,18.61,79.76,428.68,30.24,7.87,-13.24,probability_plus_price
1-2,lane1_exhibition_st_rank_bucket x target_exhibition_st_rank_bucket,2 | 1,778,206,26.48,77800,85580,7780,110.0,415.44,18.61,79.76,428.68,30.24,7.87,-13.24,probability_plus_price
1-3,lane1_target_exhibition_st_rank_pair,2-1,644,163,25.31,64400,70660,6260,109.72,433.5,15.86,79.54,501.69,30.18,9.45,-68.19,probability_plus_price
1-3,lane1_exhibition_st_rank_bucket x target_exhibition_st_rank_bucket,2 | 1,644,163,25.31,64400,70660,6260,109.72,433.5,15.86,79.54,501.69,30.18,9.45,-68.19,probability_plus_price
1-6,lane1_target_national_rank_pair x target_outer_pressure_bucket,2-3 | high_other_pressure,357,23,6.44,35700,39160,3460,109.69,1702.61,4.05,73.3,1810.13,36.39,2.39,-107.52,mixed_edge
1-3,lane1_target_start_gap_pair x target_outer_pressure_bucket,<=0.03-0.04-0.06 | low_other_pressure,39,14,35.9,3900,4270,370,109.49,305.0,15.86,79.54,501.69,29.95,20.04,-196.69,probability_plus_price
1-5,lane1_target_start_gap_pair x target_outer_pressure_bucket,best-<=0.03 | some_other_pressure,128,24,18.75,12800,13990,1190,109.3,582.92,6.7,75.78,1131.51,33.52,12.05,-548.59,probability_plus_price
1-3,lane1_target_exhibition_time_diff_bucket x lane1_target_start_exhibition_st_diff_bucket,lane1_faster_0.10+ | lane1_faster_0.03_0.06,364,76,20.88,36400,39770,3370,109.26,523.29,15.86,79.54,501.69,29.72,5.02,21.6,probability_plus_price
1-6,lane1_target_start_gap_pair,>0.06-best,1088,63,5.79,108800,118740,9940,109.14,1884.76,4.05,73.3,1810.13,35.84,1.74,74.63,mixed_edge
1-6,target_lane x lane1_target_start_gap_pair,6 | >0.06-best,1088,63,5.79,108800,118740,9940,109.14,1884.76,4.05,73.3,1810.13,35.84,1.74,74.63,mixed_edge
1-6,lane1_start_exhibition_gap_bucket x target_start_exhibition_gap_bucket,>0.06 | best,1088,63,5.79,108800,118740,9940,109.14,1884.76,4.05,73.3,1810.13,35.84,1.74,74.63,mixed_edge
1-2,lane1_target_start_gap_pair x target_outer_pressure_bucket,best-0.04-0.06 | high_other_pressure,1069,248,23.2,106900,116660,9760,109.13,470.4,18.61,79.76,428.68,29.37,4.59,41.72,mixed_edge
1-3,lane1_target_exhibition_time_diff_bucket x lane1_target_start_exhibition_st_diff_bucket,target_faster_0.05_0.10 | lane1_faster_0.06+,324,58,17.9,32400,35350,2950,109.1,609.48,15.86,79.54,501.69,29.56,2.04,107.79,price_distortion
1-3,lane1_target_start_gap_pair x target_outer_pressure_bucket,<=0.03-best | high_other_pressure,778,169,21.72,77800,84630,6830,108.78,500.77,15.86,79.54,501.69,29.24,5.86,-0.92,probability_plus_price
1-4,lane1_target_exhibition_time_diff_bucket x lane1_target_start_exhibition_st_diff_bucket,near_equal | lane1_faster_0.03_0.06,1074,147,13.69,107400,116470,9070,108.45,792.31,10.14,74.17,731.46,34.28,3.55,60.85,mixed_edge
1-2,lane1_target_start_gap_pair x target_outer_pressure_bucket,<=0.03-best | low_other_pressure,101,34,33.66,10100,10940,840,108.32,321.76,18.61,79.76,428.68,28.56,15.05,-106.92,probability_plus_price
1-2,lane1_target_start_gap_pair x target_outer_pressure_bucket,<=0.03-<=0.03 | some_other_pressure,159,51,32.08,15900,17210,1310,108.24,337.45,18.61,79.76,428.68,28.48,13.47,-91.23,probability_plus_price
1-3,target_exhibition_st_rank_bucket x other_st_faster_than_target_count_bucket,3 | 1,2230,479,21.48,223000,241220,18220,108.17,503.59,15.86,79.54,501.69,28.63,5.62,1.9,probability_plus_price
1-6,lane1_target_national_rank_pair x target_outer_pressure_bucket,4+-2 | high_other_pressure,562,22,3.91,56200,60610,4410,107.85,2755.0,4.05,73.3,1810.13,34.55,-0.14,944.87,price_distortion
1-6,lane1_target_national_rank_pair,2-3,628,41,6.53,62800,67700,4900,107.8,1651.22,4.05,73.3,1810.13,34.5,2.48,-158.91,mixed_edge
1-6,target_lane x lane1_target_national_rank_pair,6 | 2-3,628,41,6.53,62800,67700,4900,107.8,1651.22,4.05,73.3,1810.13,34.5,2.48,-158.91,mixed_edge
1-2,lane1_target_start_gap_pair x target_outer_pressure_bucket,best-0.04-0.06 | some_other_pressure,233,75,32.19,23300,25100,1800,107.73,334.67,18.61,79.76,428.68,27.97,13.58,-94.01,probability_plus_price
1-4,lane1_target_start_gap_pair x target_outer_pressure_bucket,<=0.03-best | high_other_pressure,596,84,14.09,59600,64190,4590,107.7,764.17,10.14,74.17,731.46,33.53,3.95,32.71,mixed_edge
1-5,target_exhibition_rank_bucket x other_exhibition_faster_than_target_count_bucket,3 | 0,249,19,7.63,24900,26780,1880,107.55,1409.47,6.7,75.78,1131.51,31.77,0.93,277.96,price_distortion
1-2,target_exhibition_st_rank_bucket,2,3322,845,25.44,332200,356390,24190,107.28,421.76,18.61,79.76,428.68,27.52,6.83,-6.92,probability_plus_price
1-2,target_lane x target_exhibition_st_rank_bucket,2 | 2,3322,845,25.44,332200,356390,24190,107.28,421.76,18.61,79.76,428.68,27.52,6.83,-6.92,probability_plus_price
1-5,lane1_target_exhibition_time_diff_bucket x lane1_target_start_exhibition_st_diff_bucket,near_equal | near_equal,1875,164,8.75,187500,200830,13330,107.11,1224.57,6.7,75.78,1131.51,31.33,2.05,93.06,price_distortion
1-4,lane1_target_start_gap_pair x target_outer_pressure_bucket,<=0.03-<=0.03 | low_other_pressure,46,14,30.43,4600,4910,310,106.74,350.71,10.14,74.17,731.46,32.57,20.29,-380.75,probability_plus_price
1-2,lane1_target_start_gap_pair,best-0.04-0.06,1407,355,25.23,140700,150110,9410,106.69,422.85,18.61,79.76,428.68,26.93,6.62,-5.83,probability_plus_price
1-2,target_lane x lane1_target_start_gap_pair,2 | best-0.04-0.06,1407,355,25.23,140700,150110,9410,106.69,422.85,18.61,79.76,428.68,26.93,6.62,-5.83,probability_plus_price
1-2,lane1_start_exhibition_gap_bucket x target_start_exhibition_gap_bucket,best | 0.04-0.06,1407,355,25.23,140700,150110,9410,106.69,422.85,18.61,79.76,428.68,26.93,6.62,-5.83,probability_plus_price
1-3,lane1_target_start_gap_pair,<=0.03-<=0.03,1010,207,20.5,101000,107640,6640,106.57,520.0,15.86,79.54,501.69,27.03,4.64,18.31,mixed_edge
1-3,target_lane x lane1_target_start_gap_pair,3 | <=0.03-<=0.03,1010,207,20.5,101000,107640,6640,106.57,520.0,15.86,79.54,501.69,27.03,4.64,18.31,mixed_edge
1-3,lane1_start_exhibition_gap_bucket x target_start_exhibition_gap_bucket,<=0.03 | <=0.03,1010,207,20.5,101000,107640,6640,106.57,520.0,15.86,79.54,501.69,27.03,4.64,18.31,mixed_edge
1-5,lane1_target_start_gap_pair,0.04-0.06-0.04-0.06,582,51,8.76,58200,61980,3780,106.49,1215.29,6.7,75.78,1131.51,30.71,2.06,83.78,price_distortion
1-5,target_lane x lane1_target_start_gap_pair,5 | 0.04-0.06-0.04-0.06,582,51,8.76,58200,61980,3780,106.49,1215.29,6.7,75.78,1131.51,30.71,2.06,83.78,price_distortion
1-5,lane1_start_exhibition_gap_bucket x target_start_exhibition_gap_bucket,0.04-0.06 | 0.04-0.06,582,51,8.76,58200,61980,3780,106.49,1215.29,6.7,75.78,1131.51,30.71,2.06,83.78,price_distortion
1-2,lane1_target_start_gap_pair x target_outer_pressure_bucket,<=0.03-<=0.03 | high_other_pressure,762,176,23.1,76200,80770,4570,106.0,458.92,18.61,79.76,428.68,26.24,4.49,30.24,mixed_edge
1-4,target_exhibition_st_rank_bucket x other_st_faster_than_target_count_bucket,2 | 0,1017,166,16.32,101700,107790,6090,105.99,649.34,10.14,74.17,731.46,31.82,6.18,-82.12,probability_plus_price
1-5,lane1_target_national_rank_pair x target_outer_pressure_bucket,4+-1 | high_other_pressure,569,57,10.02,56900,60190,3290,105.78,1055.96,6.7,75.78,1131.51,30.0,3.32,-75.55,mixed_edge
1-3,lane1_target_start_gap_pair x target_outer_pressure_bucket,<=0.03-<=0.03 | high_other_pressure,805,144,17.89,80500,85120,4620,105.74,591.11,15.86,79.54,501.69,26.2,2.03,89.42,price_distortion
1-6,lane1_target_start_gap_pair,best-best,157,13,8.28,15700,16550,850,105.41,1273.08,4.05,73.3,1810.13,32.11,4.23,-537.05,mixed_edge
1-6,target_lane x lane1_target_start_gap_pair,6 | best-best,157,13,8.28,15700,16550,850,105.41,1273.08,4.05,73.3,1810.13,32.11,4.23,-537.05,mixed_edge
1-6,lane1_start_exhibition_gap_bucket x target_start_exhibition_gap_bucket,best | best,157,13,8.28,15700,16550,850,105.41,1273.08,4.05,73.3,1810.13,32.11,4.23,-537.05,mixed_edge
1-4,lane1_target_start_gap_pair,0.04-0.06-<=0.03,692,92,13.29,69200,72880,3680,105.32,792.17,10.14,74.17,731.46,31.15,3.15,60.71,mixed_edge
1-4,target_lane x lane1_target_start_gap_pair,4 | 0.04-0.06-<=0.03,692,92,13.29,69200,72880,3680,105.32,792.17,10.14,74.17,731.46,31.15,3.15,60.71,mixed_edge
1-4,lane1_start_exhibition_gap_bucket x target_start_exhibition_gap_bucket,0.04-0.06 | <=0.03,692,92,13.29,69200,72880,3680,105.32,792.17,10.14,74.17,731.46,31.15,3.15,60.71,mixed_edge
1-6,lane1_target_national_rank_pair x target_outer_pressure_bucket,2-3 | some_other_pressure,271,18,6.64,27100,28540,1440,105.31,1585.56,4.05,73.3,1810.13,32.01,2.59,-224.57,mixed_edge
1-2,lane1_exhibition_st_rank_bucket,1,4915,1237,25.17,491500,517500,26000,105.29,418.35,18.61,79.76,428.68,25.53,6.56,-10.33,probability_plus_price
1-2,lane1_start_exhibition_gap_bucket,best,4915,1237,25.17,491500,517500,26000,105.29,418.35,18.61,79.76,428.68,25.53,6.56,-10.33,probability_plus_price
1-6,target_class_group x target_outer_pressure_bucket,B | some_other_pressure,423,32,7.57,42300,44430,2130,105.04,1388.44,4.05,73.3,1810.13,31.74,3.52,-421.69,mixed_edge
1-3,lane1_target_class_pair,B2-B1,223,19,8.52,22300,23350,1050,104.71,1228.95,15.86,79.54,501.69,25.17,-7.34,727.26,price_distortion
1-4,lane1_target_start_gap_pair x target_outer_pressure_bucket,<=0.03-0.04-0.06 | high_other_pressure,628,76,12.1,62800,65720,2920,104.65,864.74,10.14,74.17,731.46,30.48,1.96,133.28,price_distortion
1-4,lane1_target_start_gap_pair,best-0.04-0.06,1207,185,15.33,120700,126280,5580,104.62,682.59,10.14,74.17,731.46,30.45,5.19,-48.87,probability_plus_price
1-4,target_lane x lane1_target_start_gap_pair,4 | best-0.04-0.06,1207,185,15.33,120700,126280,5580,104.62,682.59,10.14,74.17,731.46,30.45,5.19,-48.87,probability_plus_price
1-4,lane1_start_exhibition_gap_bucket x target_start_exhibition_gap_bucket,best | 0.04-0.06,1207,185,15.33,120700,126280,5580,104.62,682.59,10.14,74.17,731.46,30.45,5.19,-48.87,probability_plus_price
1-5,lane1_target_start_gap_pair x target_outer_pressure_bucket,0.04-0.06-best | some_other_pressure,96,7,7.29,9600,10040,440,104.58,1434.29,6.7,75.78,1131.51,28.8,0.59,302.78,price_distortion
1-5,lane1_target_class_pair,B2-A2,99,5,5.05,9900,10350,450,104.55,2070.0,6.7,75.78,1131.51,28.77,-1.65,938.49,price_distortion
1-2,lane1_target_exhibition_time_diff_bucket x lane1_target_start_exhibition_st_diff_bucket,target_faster_0.10+ | near_equal,360,69,19.17,36000,37590,1590,104.42,544.78,18.61,79.76,428.68,24.66,0.56,116.1,mixed_edge
1-6,target_exhibition_st_rank_bucket,2,1732,112,6.47,173200,180750,7550,104.36,1613.84,4.05,73.3,1810.13,31.06,2.42,-196.29,mixed_edge
1-6,target_lane x target_exhibition_st_rank_bucket,6 | 2,1732,112,6.47,173200,180750,7550,104.36,1613.84,4.05,73.3,1810.13,31.06,2.42,-196.29,mixed_edge
1-3,lane1_target_start_gap_pair,<=0.03-best,1024,232,22.66,102400,106860,4460,104.36,460.6,15.86,79.54,501.69,24.82,6.8,-41.09,mixed_edge
1-3,target_lane x lane1_target_start_gap_pair,3 | <=0.03-best,1024,232,22.66,102400,106860,4460,104.36,460.6,15.86,79.54,501.69,24.82,6.8,-41.09,mixed_edge
1-3,lane1_start_exhibition_gap_bucket x target_start_exhibition_gap_bucket,<=0.03 | best,1024,232,22.66,102400,106860,4460,104.36,460.6,15.86,79.54,501.69,24.82,6.8,-41.09,mixed_edge
1-6,target_outer_pressure_bucket,low_other_pressure,806,104,12.9,80600,84030,3430,104.26,807.98,4.05,73.3,1810.13,30.96,8.85,-1002.15,probability_plus_price
1-6,target_lane x target_outer_pressure_bucket,6 | low_other_pressure,806,104,12.9,80600,84030,3430,104.26,807.98,4.05,73.3,1810.13,30.96,8.85,-1002.15,probability_plus_price
1-5,lane1_target_start_gap_pair x target_outer_pressure_bucket,best-<=0.03 | high_other_pressure,740,69,9.32,74000,77150,3150,104.26,1118.12,6.7,75.78,1131.51,28.48,2.62,-13.39,mixed_edge
1-4,lane1_target_start_gap_pair x target_outer_pressure_bucket,best-0.04-0.06 | high_other_pressure,973,133,13.67,97300,101310,4010,104.12,761.73,10.14,74.17,731.46,29.95,3.53,30.27,mixed_edge
1-5,lane1_target_start_gap_pair x target_outer_pressure_bucket,best->0.06 | low_other_pressure,79,14,17.72,7900,8220,320,104.05,587.14,6.7,75.78,1131.51,28.27,11.02,-544.37,probability_plus_price
1-6,lane1_target_group_pair x target_outer_pressure_bucket,A-A | low_other_pressure,391,58,14.83,39100,40600,1500,103.84,700.0,4.05,73.3,1810.13,30.54,10.78,-1110.13,probability_plus_price
1-4,lane1_target_start_gap_pair x target_outer_pressure_bucket,best-0.04-0.06 | some_other_pressure,172,33,19.19,17200,17850,650,103.78,540.91,10.14,74.17,731.46,29.61,9.05,-190.55,probability_plus_price
1-2,lane1_target_start_gap_pair x target_outer_pressure_bucket,<=0.03-0.04-0.06 | some_other_pressure,117,32,27.35,11700,12120,420,103.59,378.75,18.61,79.76,428.68,23.83,8.74,-49.93,mixed_edge
1-2,lane1_target_start_gap_pair x target_outer_pressure_bucket,0.04-0.06-<=0.03 | low_other_pressure,54,18,33.33,5400,5590,190,103.52,310.56,18.61,79.76,428.68,23.76,14.72,-118.12,mixed_edge
1-5,lane1_target_start_gap_pair,best-<=0.03,919,100,10.88,91900,95090,3190,103.47,950.9,6.7,75.78,1131.51,27.69,4.18,-180.61,mixed_edge
1-5,target_lane x lane1_target_start_gap_pair,5 | best-<=0.03,919,100,10.88,91900,95090,3190,103.47,950.9,6.7,75.78,1131.51,27.69,4.18,-180.61,mixed_edge
1-5,lane1_start_exhibition_gap_bucket x target_start_exhibition_gap_bucket,best | <=0.03,919,100,10.88,91900,95090,3190,103.47,950.9,6.7,75.78,1131.51,27.69,4.18,-180.61,mixed_edge
1-5,lane1_target_class_pair,B2-A1,54,5,9.26,5400,5580,180,103.33,1116.0,6.7,75.78,1131.51,27.55,2.56,-15.51,mixed_edge
1-6,lane1_target_national_rank_pair x target_outer_pressure_bucket,2-1 | low_other_pressure,165,31,18.79,16500,17020,520,103.15,549.03,4.05,73.3,1810.13,29.85,14.74,-1261.1,probability_plus_price
1-6,lane1_target_start_gap_pair,0.04-0.06-<=0.03,537,27,5.03,53700,55350,1650,103.07,2050.0,4.05,73.3,1810.13,29.77,0.98,239.87,price_distortion
1-6,target_lane x lane1_target_start_gap_pair,6 | 0.04-0.06-<=0.03,537,27,5.03,53700,55350,1650,103.07,2050.0,4.05,73.3,1810.13,29.77,0.98,239.87,price_distortion
1-6,lane1_start_exhibition_gap_bucket x target_start_exhibition_gap_bucket,0.04-0.06 | <=0.03,537,27,5.03,53700,55350,1650,103.07,2050.0,4.05,73.3,1810.13,29.77,0.98,239.87,price_distortion
1-3,lane1_target_national_rank_pair x target_outer_pressure_bucket,3-2 | high_other_pressure,287,71,24.74,28700,29540,840,102.93,416.06,15.86,79.54,501.69,23.39,8.88,-85.63,mixed_edge
1-5,lane1_target_start_gap_pair x target_outer_pressure_bucket,0.04-0.06-0.04-0.06 | high_other_pressure,495,33,6.67,49500,50910,1410,102.85,1542.73,6.7,75.78,1131.51,27.07,-0.03,411.22,price_distortion
1-3,other_group_pattern,A-B-B-A,987,130,13.17,98700,101330,2630,102.66,779.46,15.86,79.54,501.69,23.12,-2.69,277.77,mixed_edge
1-2,lane1_target_group_pair x target_outer_pressure_bucket,A-B | some_other_pressure,451,146,32.37,45100,46290,1190,102.64,317.05,18.61,79.76,428.68,22.88,13.76,-111.63,mixed_edge
1-5,other_group_pattern,A-B-B-B,999,90,9.01,99900,102470,2570,102.57,1138.56,6.7,75.78,1131.51,26.79,2.31,7.05,mixed_edge
1-3,target_exhibition_rank_bucket x other_exhibition_faster_than_target_count_bucket,2 | 0,1088,266,24.45,108800,111580,2780,102.56,419.47,15.86,79.54,501.69,23.02,8.59,-82.22,mixed_edge
1-5,lane1_target_exhibition_time_diff_bucket x lane1_target_start_exhibition_st_diff_bucket,target_faster_0.05_0.10 | lane1_faster_0.03_0.06,221,29,13.12,22100,22660,560,102.53,781.38,6.7,75.78,1131.51,26.75,6.42,-350.13,probability_plus_price
1-2,other_st_faster_than_target_count_bucket,0,4474,1081,24.16,447400,458390,10990,102.46,424.04,18.61,79.76,428.68,22.7,5.55,-4.64,mixed_edge
1-4,lane1_target_start_gap_pair x target_outer_pressure_bucket,best-best | some_other_pressure,41,9,21.95,4100,4200,100,102.44,466.67,10.14,74.17,731.46,28.27,11.81,-264.79,probability_plus_price
1-2,lane1_target_start_gap_pair,<=0.03-best,1066,266,24.95,106600,109160,2560,102.4,410.38,18.61,79.76,428.68,22.64,6.34,-18.3,mixed_edge
1-2,target_lane x lane1_target_start_gap_pair,2 | <=0.03-best,1066,266,24.95,106600,109160,2560,102.4,410.38,18.61,79.76,428.68,22.64,6.34,-18.3,mixed_edge
1-2,lane1_start_exhibition_gap_bucket x target_start_exhibition_gap_bucket,<=0.03 | best,1066,266,24.95,106600,109160,2560,102.4,410.38,18.61,79.76,428.68,22.64,6.34,-18.3,mixed_edge
1-4,lane1_target_start_gap_pair,<=0.03-best,784,122,15.56,78400,80270,1870,102.39,657.95,10.14,74.17,731.46,28.22,5.42,-73.51,probability_plus_price
1-4,target_lane x lane1_target_start_gap_pair,4 | <=0.03-best,784,122,15.56,78400,80270,1870,102.39,657.95,10.14,74.17,731.46,28.22,5.42,-73.51,probability_plus_price
1-4,lane1_start_exhibition_gap_bucket x target_start_exhibition_gap_bucket,<=0.03 | best,784,122,15.56,78400,80270,1870,102.39,657.95,10.14,74.17,731.46,28.22,5.42,-73.51,probability_plus_price
1-2,lane1_target_start_gap_pair,<=0.03-<=0.03,996,243,24.4,99600,101960,2360,102.37,419.59,18.61,79.76,428.68,22.61,5.79,-9.09,mixed_edge
1-2,target_lane x lane1_target_start_gap_pair,2 | <=0.03-<=0.03,996,243,24.4,99600,101960,2360,102.37,419.59,18.61,79.76,428.68,22.61,5.79,-9.09,mixed_edge
1-2,lane1_start_exhibition_gap_bucket x target_start_exhibition_gap_bucket,<=0.03 | <=0.03,996,243,24.4,99600,101960,2360,102.37,419.59,18.61,79.76,428.68,22.61,5.79,-9.09,mixed_edge
1-6,target_national_win_rank_bucket x other_national_better_than_target_count_bucket,3 | 1,1305,90,6.9,130500,133510,3010,102.31,1483.44,4.05,73.3,1810.13,29.01,2.85,-326.69,mixed_edge
1-4,lane1_target_start_gap_pair,0.04-0.06-best,759,98,12.91,75900,77280,1380,101.82,788.57,10.14,74.17,731.46,27.65,2.77,57.11,mixed_edge
1-4,target_lane x lane1_target_start_gap_pair,4 | 0.04-0.06-best,759,98,12.91,75900,77280,1380,101.82,788.57,10.14,74.17,731.46,27.65,2.77,57.11,mixed_edge
1-4,lane1_start_exhibition_gap_bucket x target_start_exhibition_gap_bucket,0.04-0.06 | best,759,98,12.91,75900,77280,1380,101.82,788.57,10.14,74.17,731.46,27.65,2.77,57.11,mixed_edge
1-3,lane1_target_class_pair,A2-B2,170,19,11.18,17000,17310,310,101.82,911.05,15.86,79.54,501.69,22.28,-4.68,409.36,mixed_edge
1-5,lane1_target_exhibition_st_rank_pair,1-3,697,79,11.33,69700,70940,1240,101.78,897.97,6.7,75.78,1131.51,26.0,4.63,-233.54,mixed_edge
1-5,lane1_exhibition_st_rank_bucket x target_exhibition_st_rank_bucket,1 | 3,697,79,11.33,69700,70940,1240,101.78,897.97,6.7,75.78,1131.51,26.0,4.63,-233.54,mixed_edge
1-6,stadium_code,09,436,19,4.36,43600,44280,680,101.56,2330.53,4.05,73.3,1810.13,28.26,0.31,520.4,price_distortion
1-6,stadium_code x target_lane,09 | 6,436,19,4.36,43600,44280,680,101.56,2330.53,4.05,73.3,1810.13,28.26,0.31,520.4,price_distortion
1-5,stadium_code,09,436,35,8.03,43600,44270,670,101.54,1264.86,6.7,75.78,1131.51,25.76,1.33,133.35,price_distortion
1-5,stadium_code x target_lane,09 | 5,436,35,8.03,43600,44270,670,101.54,1264.86,6.7,75.78,1131.51,25.76,1.33,133.35,price_distortion
1-6,lane1_target_national_rank_pair x target_outer_pressure_bucket,1-3 | high_other_pressure,379,23,6.07,37900,38480,580,101.53,1673.04,4.05,73.3,1810.13,28.23,2.02,-137.09,mixed_edge
1-6,target_class_group x target_outer_pressure_bucket,A | low_other_pressure,704,93,13.21,70400,71420,1020,101.45,767.96,4.05,73.3,1810.13,28.15,9.16,-1042.17,probability_plus_price
1-4,lane1_target_start_gap_pair,<=0.03-0.04-0.06,765,96,12.55,76500,77510,1010,101.32,807.4,10.14,74.17,731.46,27.15,2.41,75.94,mixed_edge
1-4,target_lane x lane1_target_start_gap_pair,4 | <=0.03-0.04-0.06,765,96,12.55,76500,77510,1010,101.32,807.4,10.14,74.17,731.46,27.15,2.41,75.94,mixed_edge
1-4,lane1_start_exhibition_gap_bucket x target_start_exhibition_gap_bucket,<=0.03 | 0.04-0.06,765,96,12.55,76500,77510,1010,101.32,807.4,10.14,74.17,731.46,27.15,2.41,75.94,mixed_edge
1-6,other_group_pattern,B-B-A-B,1282,75,5.85,128200,129850,1650,101.29,1731.33,4.05,73.3,1810.13,27.99,1.8,-78.8,mixed_edge
1-4,other_group_pattern,A-B-A-B,899,71,7.9,89900,91060,1160,101.29,1282.54,10.14,74.17,731.46,27.12,-2.24,551.08,price_distortion
1-4,lane1_target_class_pair,B1-B2,551,21,3.81,55100,55750,650,101.18,2654.76,10.14,74.17,731.46,27.01,-6.33,1923.3,price_distortion
1-5,other_group_pattern,A-B-B-A,922,69,7.48,92200,93070,870,100.94,1348.84,6.7,75.78,1131.51,25.16,0.78,217.33,price_distortion
1-5,lane1_target_exhibition_time_diff_bucket x lane1_target_start_exhibition_st_diff_bucket,target_faster_0.10+ | lane1_faster_0.03_0.06,100,8,8.0,10000,10090,90,100.9,1261.25,6.7,75.78,1131.51,25.12,1.3,129.74,price_distortion
1-6,lane1_target_start_gap_pair,best-<=0.03,755,52,6.89,75500,76120,620,100.82,1463.85,4.05,73.3,1810.13,27.52,2.84,-346.28,mixed_edge
1-6,target_lane x lane1_target_start_gap_pair,6 | best-<=0.03,755,52,6.89,75500,76120,620,100.82,1463.85,4.05,73.3,1810.13,27.52,2.84,-346.28,mixed_edge
1-6,lane1_start_exhibition_gap_bucket x target_start_exhibition_gap_bucket,best | <=0.03,755,52,6.89,75500,76120,620,100.82,1463.85,4.05,73.3,1810.13,27.52,2.84,-346.28,mixed_edge
1-4,lane1_target_exhibition_time_diff_bucket x lane1_target_start_exhibition_st_diff_bucket,lane1_faster_0.10+ | near_equal,624,79,12.66,62400,62890,490,100.79,796.08,10.14,74.17,731.46,26.62,2.52,64.62,mixed_edge
1-6,lane1_target_start_gap_pair x target_outer_pressure_bucket,best-<=0.03 | high_other_pressure,611,36,5.89,61100,61560,460,100.75,1710.0,4.05,73.3,1810.13,27.45,1.84,-100.13,mixed_edge
1-5,lane1_target_start_gap_pair,best-0.04-0.06,1099,109,9.92,109900,110640,740,100.67,1015.05,6.7,75.78,1131.51,24.89,3.22,-116.46,mixed_edge
1-5,target_lane x lane1_target_start_gap_pair,5 | best-0.04-0.06,1099,109,9.92,109900,110640,740,100.67,1015.05,6.7,75.78,1131.51,24.89,3.22,-116.46,mixed_edge
1-5,lane1_start_exhibition_gap_bucket x target_start_exhibition_gap_bucket,best | 0.04-0.06,1099,109,9.92,109900,110640,740,100.67,1015.05,6.7,75.78,1131.51,24.89,3.22,-116.46,mixed_edge
1-2,target_exhibition_st_rank_bucket x other_st_faster_than_target_count_bucket,3 | 1,1844,451,24.46,184400,185590,1190,100.65,411.51,18.61,79.76,428.68,20.89,5.85,-17.17,mixed_edge
1-6,other_group_pattern,A-B-A-A,490,11,2.24,49000,49310,310,100.63,4482.73,4.05,73.3,1810.13,27.33,-1.81,2672.6,price_distortion
1-5,lane1_target_exhibition_time_diff_bucket x lane1_target_start_exhibition_st_diff_bucket,lane1_faster_0.05_0.10 | near_equal,832,60,7.21,83200,83710,510,100.61,1395.17,6.7,75.78,1131.51,24.83,0.51,263.66,mixed_edge
1-3,lane1_target_group_pair x other_a_count_bucket,B-B | 2,1583,131,8.28,158300,159190,890,100.56,1215.19,15.86,79.54,501.69,21.02,-7.58,713.5,mixed_edge
1-3,target_start_exhibition_gap_bucket,<=0.03,3946,772,19.56,394600,396500,1900,100.48,513.6,15.86,79.54,501.69,20.94,3.7,11.91,mixed_edge
1-3,target_lane x target_start_exhibition_gap_bucket,3 | <=0.03,3946,772,19.56,394600,396500,1900,100.48,513.6,15.86,79.54,501.69,20.94,3.7,11.91,mixed_edge
1-2,lane1_target_start_gap_pair,0.04-0.06-best,573,130,22.69,57300,57460,160,100.28,442.0,18.61,79.76,428.68,20.52,4.08,13.32,mixed_edge
1-2,target_lane x lane1_target_start_gap_pair,2 | 0.04-0.06-best,573,130,22.69,57300,57460,160,100.28,442.0,18.61,79.76,428.68,20.52,4.08,13.32,mixed_edge
1-2,lane1_start_exhibition_gap_bucket x target_start_exhibition_gap_bucket,0.04-0.06 | best,573,130,22.69,57300,57460,160,100.28,442.0,18.61,79.76,428.68,20.52,4.08,13.32,mixed_edge
1-2,lane1_target_exhibition_st_rank_pair,3-1,536,122,22.76,53600,53690,90,100.17,440.08,18.61,79.76,428.68,20.41,4.15,11.4,mixed_edge
1-2,lane1_exhibition_st_rank_bucket x target_exhibition_st_rank_bucket,3 | 1,536,122,22.76,53600,53690,90,100.17,440.08,18.61,79.76,428.68,20.41,4.15,11.4,mixed_edge
1-2,meeting_phase_bucket,final,252,62,24.6,25200,25220,20,100.08,406.77,18.61,79.76,428.68,20.32,5.99,-21.91,mixed_edge
1-2,meeting_phase_bucket x target_lane,final | 2,252,62,24.6,25200,25220,20,100.08,406.77,18.61,79.76,428.68,20.32,5.99,-21.91,mixed_edge
1-4,lane1_target_class_pair,B2-A2,103,13,12.62,10300,10290,-10,99.9,791.54,10.14,74.17,731.46,25.73,2.48,60.08,mixed_edge
1-3,lane1_target_start_gap_pair x target_outer_pressure_bucket,<=0.03-best | low_other_pressure,82,26,31.71,8200,8180,-20,99.76,314.62,15.86,79.54,501.69,20.22,15.85,-187.07,mixed_edge
1-3,lane1_target_start_gap_pair x target_outer_pressure_bucket,best-0.04-0.06 | some_other_pressure,218,61,27.98,21800,21740,-60,99.72,356.39,15.86,79.54,501.69,20.18,12.12,-145.3,mixed_edge
1-6,lane1_target_start_gap_pair x target_outer_pressure_bucket,best-0.04-0.06 | some_other_pressure,148,14,9.46,14800,14750,-50,99.66,1053.57,4.05,73.3,1810.13,26.36,5.41,-756.56,probability_plus_price
1-4,lane1_target_exhibition_time_diff_bucket x lane1_target_start_exhibition_st_diff_bucket,near_equal | near_equal,1963,267,13.6,196300,195420,-880,99.55,731.91,10.14,74.17,731.46,25.38,3.46,0.45,mixed_edge
1-5,target_exhibition_st_rank_bucket x other_st_faster_than_target_count_bucket,4+ | 0,53,7,13.21,5300,5270,-30,99.43,752.86,6.7,75.78,1131.51,23.65,6.51,-378.65,mixed_edge
1-4,lane1_target_start_gap_pair x target_outer_pressure_bucket,0.04-0.06-<=0.03 | high_other_pressure,565,58,10.27,56500,56130,-370,99.35,967.76,10.14,74.17,731.46,25.18,0.13,236.3,price_distortion
1-2,target_start_exhibition_gap_bucket,<=0.03,3913,934,23.87,391300,388390,-2910,99.26,415.84,18.61,79.76,428.68,19.5,5.26,-12.84,mixed_edge
1-2,target_lane x target_start_exhibition_gap_bucket,2 | <=0.03,3913,934,23.87,391300,388390,-2910,99.26,415.84,18.61,79.76,428.68,19.5,5.26,-12.84,mixed_edge
1-3,lane1_class,B2,418,49,11.72,41800,41440,-360,99.14,845.71,15.86,79.54,501.69,19.6,-4.14,344.02,mixed_edge
1-6,target_exhibition_st_rank_bucket x other_st_faster_than_target_count_bucket,3 | 1,955,49,5.13,95500,94630,-870,99.09,1931.22,4.05,73.3,1810.13,25.79,1.08,121.09,price_distortion
1-6,lane1_target_class_pair,B2-A1,64,7,10.94,6400,6340,-60,99.06,905.71,4.05,73.3,1810.13,25.76,6.89,-904.42,probability_plus_price
1-4,target_exhibition_st_rank_bucket x other_st_faster_than_target_count_bucket,3 | 1,1352,190,14.05,135200,133890,-1310,99.03,704.68,10.14,74.17,731.46,24.86,3.91,-26.78,mixed_edge
1-6,lane1_target_national_rank_pair,1-3,666,49,7.36,66600,65810,-790,98.81,1343.06,4.05,73.3,1810.13,25.51,3.31,-467.07,mixed_edge
1-6,target_lane x lane1_target_national_rank_pair,6 | 1-3,666,49,7.36,66600,65810,-790,98.81,1343.06,4.05,73.3,1810.13,25.51,3.31,-467.07,mixed_edge
1-6,stadium_code,04,589,27,4.58,58900,58150,-750,98.73,2153.7,4.05,73.3,1810.13,25.43,0.53,343.57,price_distortion
1-6,stadium_code x target_lane,04 | 6,589,27,4.58,58900,58150,-750,98.73,2153.7,4.05,73.3,1810.13,25.43,0.53,343.57,price_distortion
1-2,target_start_exhibition_gap_bucket,best,2563,582,22.71,256300,252930,-3370,98.69,434.59,18.61,79.76,428.68,18.93,4.1,5.91,mixed_edge
1-2,target_lane x target_start_exhibition_gap_bucket,2 | best,2563,582,22.71,256300,252930,-3370,98.69,434.59,18.61,79.76,428.68,18.93,4.1,5.91,mixed_edge
1-5,target_exhibition_st_rank_bucket x other_st_faster_than_target_count_bucket,4+ | 2,2459,192,7.81,245900,242430,-3470,98.59,1262.66,6.7,75.78,1131.51,22.81,1.11,131.15,mixed_edge
1-6,lane1_target_exhibition_st_rank_pair,4+-2,975,48,4.92,97500,96020,-1480,98.48,2000.42,4.05,73.3,1810.13,25.18,0.87,190.29,price_distortion
1-6,lane1_exhibition_st_rank_bucket x target_exhibition_st_rank_bucket,4+ | 2,975,48,4.92,97500,96020,-1480,98.48,2000.42,4.05,73.3,1810.13,25.18,0.87,190.29,price_distortion
1-3,target_exhibition_st_rank_bucket,2,2920,568,19.45,292000,287540,-4460,98.47,506.23,15.86,79.54,501.69,18.93,3.59,4.54,mixed_edge
1-3,target_lane x target_exhibition_st_rank_bucket,3 | 2,2920,568,19.45,292000,287540,-4460,98.47,506.23,15.86,79.54,501.69,18.93,3.59,4.54,mixed_edge
1-6,lane1_target_group_pair x target_outer_pressure_bucket,B-A | low_other_pressure,313,35,11.18,31300,30820,-480,98.47,880.57,4.05,73.3,1810.13,25.17,7.13,-929.56,probability_plus_price
1-4,lane1_target_start_exhibition_st_diff_bucket,lane1_faster_0.03_0.06,2307,297,12.87,230700,226810,-3890,98.31,763.67,10.14,74.17,731.46,24.14,2.73,32.21,mixed_edge
1-2,stadium_code,04,589,83,14.09,58900,57890,-1010,98.29,697.47,18.61,79.76,428.68,18.53,-4.52,268.79,mixed_edge
1-2,stadium_code x target_lane,04 | 2,589,83,14.09,58900,57890,-1010,98.29,697.47,18.61,79.76,428.68,18.53,-4.52,268.79,mixed_edge
1-6,target_local_win_rank_bucket,2,2223,142,6.39,222300,217870,-4430,98.01,1534.3,4.05,73.3,1810.13,24.71,2.34,-275.83,mixed_edge
1-5,lane1_target_exhibition_time_diff_bucket x lane1_target_start_exhibition_st_diff_bucket,lane1_faster_0.05_0.10 | target_faster_0.03_0.06,387,31,8.01,38700,37860,-840,97.83,1221.29,6.7,75.78,1131.51,22.05,1.31,89.78,mixed_edge
1-5,other_st_faster_than_target_count_bucket,0,3414,304,8.9,341400,333790,-7610,97.77,1097.99,6.7,75.78,1131.51,21.99,2.2,-33.52,mixed_edge
1-5,lane1_target_exhibition_time_diff_bucket x lane1_target_start_exhibition_st_diff_bucket,target_faster_0.05_0.10 | target_faster_0.03_0.06,219,18,8.22,21900,21390,-510,97.67,1188.33,6.7,75.78,1131.51,21.89,1.52,56.82,mixed_edge
1-5,lane1_target_start_gap_pair x target_outer_pressure_bucket,best-0.04-0.06 | high_other_pressure,916,76,8.3,91600,89430,-2170,97.63,1176.71,6.7,75.78,1131.51,21.85,1.6,45.2,mixed_edge
1-3,lane1_target_exhibition_time_diff_bucket x lane1_target_start_exhibition_st_diff_bucket,target_faster_0.10+ | lane1_faster_0.06+,152,23,15.13,15200,14830,-370,97.57,644.78,15.86,79.54,501.69,18.03,-0.73,143.09,mixed_edge
1-3,lane1_target_exhibition_time_diff_bucket x lane1_target_start_exhibition_st_diff_bucket,lane1_faster_0.05_0.10 | lane1_faster_0.06+,730,124,16.99,73000,71160,-1840,97.48,573.87,15.86,79.54,501.69,17.94,1.13,72.18,mixed_edge
1-5,stadium_code,12,624,49,7.85,62400,60700,-1700,97.28,1238.78,6.7,75.78,1131.51,21.5,1.15,107.27,mixed_edge
1-5,stadium_code x target_lane,12 | 5,624,49,7.85,62400,60700,-1700,97.28,1238.78,6.7,75.78,1131.51,21.5,1.15,107.27,mixed_edge
1-6,lane1_target_start_gap_pair x target_outer_pressure_bucket,0.04-0.06->0.06 | some_other_pressure,102,8,7.84,10200,9920,-280,97.25,1240.0,4.05,73.3,1810.13,23.95,3.79,-570.13,mixed_edge
1-3,lane1_target_start_gap_pair,<=0.03-0.04-0.06,753,135,17.93,75300,73160,-2140,97.16,541.93,15.86,79.54,501.69,17.62,2.07,40.24,mixed_edge
1-3,target_lane x lane1_target_start_gap_pair,3 | <=0.03-0.04-0.06,753,135,17.93,75300,73160,-2140,97.16,541.93,15.86,79.54,501.69,17.62,2.07,40.24,mixed_edge
1-3,lane1_start_exhibition_gap_bucket x target_start_exhibition_gap_bucket,<=0.03 | 0.04-0.06,753,135,17.93,75300,73160,-2140,97.16,541.93,15.86,79.54,501.69,17.62,2.07,40.24,mixed_edge
1-5,lane1_boat_rank_bucket,2,2627,193,7.35,262700,254990,-7710,97.07,1321.19,6.7,75.78,1131.51,21.29,0.65,189.68,mixed_edge
1-3,target_exhibition_st_rank_bucket x other_st_faster_than_target_count_bucket,4+ | 2,1792,328,18.3,179200,173810,-5390,96.99,529.91,15.86,79.54,501.69,17.45,2.44,28.22,mixed_edge
1-6,lane1_target_national_rank_pair,4+-1,1204,85,7.06,120400,116720,-3680,96.94,1373.18,4.05,73.3,1810.13,23.64,3.01,-436.95,mixed_edge
1-6,target_lane x lane1_target_national_rank_pair,6 | 4+-1,1204,85,7.06,120400,116720,-3680,96.94,1373.18,4.05,73.3,1810.13,23.64,3.01,-436.95,mixed_edge
1-5,target_class_group x target_outer_pressure_bucket,B | low_other_pressure,101,18,17.82,10100,9790,-310,96.93,543.89,6.7,75.78,1131.51,21.15,11.12,-587.62,mixed_edge
1-3,lane1_target_start_exhibition_st_diff_bucket,lane1_faster_0.03_0.06,2690,524,19.48,269000,260660,-8340,96.9,497.44,15.86,79.54,501.69,17.36,3.62,-4.25,mixed_edge
1-5,lane1_target_national_rank_pair x target_outer_pressure_bucket,3-1 | low_other_pressure,138,24,17.39,13800,13370,-430,96.88,557.08,6.7,75.78,1131.51,21.1,10.69,-574.43,mixed_edge
1-2,lane1_target_start_gap_pair x target_outer_pressure_bucket,<=0.03-best | high_other_pressure,773,167,21.6,77300,74860,-2440,96.84,448.26,18.61,79.76,428.68,17.08,2.99,19.58,mixed_edge
1-6,stadium_code,19,708,33,4.66,70800,68470,-2330,96.71,2074.85,4.05,73.3,1810.13,23.41,0.61,264.72,mixed_edge
1-6,stadium_code x target_lane,19 | 6,708,33,4.66,70800,68470,-2330,96.71,2074.85,4.05,73.3,1810.13,23.41,0.61,264.72,mixed_edge
1-6,other_national_better_than_target_count_bucket,1,2828,164,5.8,282800,273410,-9390,96.68,1667.13,4.05,73.3,1810.13,23.38,1.75,-143.0,mixed_edge
1-6,lane1_target_national_rank_pair x target_outer_pressure_bucket,3-2 | high_other_pressure,312,21,6.73,31200,30150,-1050,96.63,1435.71,4.05,73.3,1810.13,23.33,2.68,-374.42,mixed_edge
1-3,lane1_target_start_gap_pair,best->0.06,1549,274,17.69,154900,149630,-5270,96.6,546.09,15.86,79.54,501.69,17.06,1.83,44.4,mixed_edge
1-3,target_lane x lane1_target_start_gap_pair,3 | best->0.06,1549,274,17.69,154900,149630,-5270,96.6,546.09,15.86,79.54,501.69,17.06,1.83,44.4,mixed_edge
1-3,lane1_start_exhibition_gap_bucket x target_start_exhibition_gap_bucket,best | >0.06,1549,274,17.69,154900,149630,-5270,96.6,546.09,15.86,79.54,501.69,17.06,1.83,44.4,mixed_edge
1-3,lane1_target_exhibition_time_diff_bucket x lane1_target_start_exhibition_st_diff_bucket,lane1_faster_0.10+ | near_equal,685,123,17.96,68500,66170,-2330,96.6,537.97,15.86,79.54,501.69,17.06,2.1,36.28,mixed_edge
1-2,stadium_code,07,816,169,20.71,81600,78730,-2870,96.48,465.86,18.61,79.76,428.68,16.72,2.1,37.18,mixed_edge
1-2,stadium_code x target_lane,07 | 2,816,169,20.71,81600,78730,-2870,96.48,465.86,18.61,79.76,428.68,16.72,2.1,37.18,mixed_edge
1-5,lane1_target_exhibition_st_rank_pair,3-2,549,47,8.56,54900,52970,-1930,96.48,1127.02,6.7,75.78,1131.51,20.7,1.86,-4.49,mixed_edge
1-5,lane1_exhibition_st_rank_bucket x target_exhibition_st_rank_bucket,3 | 2,549,47,8.56,54900,52970,-1930,96.48,1127.02,6.7,75.78,1131.51,20.7,1.86,-4.49,mixed_edge
1-6,lane1_target_exhibition_time_diff_bucket x lane1_target_start_exhibition_st_diff_bucket,lane1_faster_0.05_0.10 | target_faster_0.03_0.06,307,13,4.23,30700,29620,-1080,96.48,2278.46,4.05,73.3,1810.13,23.18,0.18,468.33,mixed_edge
1-3,lane1_target_national_rank_pair x target_outer_pressure_bucket,3-1 | some_other_pressure,132,40,30.3,13200,12730,-470,96.44,318.25,15.86,79.54,501.69,16.9,14.44,-183.44,mixed_edge
1-4,other_group_pattern,B-A-A-B,841,72,8.56,84100,81060,-3040,96.39,1125.83,10.14,74.17,731.46,22.22,-1.58,394.37,mixed_edge
1-6,lane1_target_exhibition_time_diff_bucket x lane1_target_start_exhibition_st_diff_bucket,near_equal | target_faster_0.06+,1127,52,4.61,112700,108500,-4200,96.27,2086.54,4.05,73.3,1810.13,22.97,0.56,276.41,mixed_edge
1-5,target_start_exhibition_gap_bucket,best,2596,218,8.4,259600,249830,-9770,96.24,1146.01,6.7,75.78,1131.51,20.46,1.7,14.5,mixed_edge
1-5,target_lane x target_start_exhibition_gap_bucket,5 | best,2596,218,8.4,259600,249830,-9770,96.24,1146.01,6.7,75.78,1131.51,20.46,1.7,14.5,mixed_edge
1-6,lane1_target_national_rank_pair x target_outer_pressure_bucket,1-3 | some_other_pressure,284,26,9.15,28400,27330,-1070,96.23,1051.15,4.05,73.3,1810.13,22.93,5.1,-758.98,mixed_edge
1-6,other_st_faster_than_target_count_bucket,1,2360,128,5.42,236000,227040,-8960,96.2,1773.75,4.05,73.3,1810.13,22.9,1.37,-36.38,mixed_edge
1-3,lane1_target_national_rank_pair x target_outer_pressure_bucket,2-1 | some_other_pressure,165,58,35.15,16500,15840,-660,96.0,273.1,15.86,79.54,501.69,16.46,19.29,-228.59,mixed_edge
1-2,lane1_target_exhibition_time_diff_bucket x lane1_target_start_exhibition_st_diff_bucket,lane1_faster_0.05_0.10 | near_equal,1178,262,22.24,117800,113040,-4760,95.96,431.45,18.61,79.76,428.68,16.2,3.63,2.77,mixed_edge
1-4,target_start_exhibition_gap_bucket,<=0.03,3619,455,12.57,361900,347200,-14700,95.94,763.08,10.14,74.17,731.46,21.77,2.43,31.62,mixed_edge
1-4,target_lane x target_start_exhibition_gap_bucket,4 | <=0.03,3619,455,12.57,361900,347200,-14700,95.94,763.08,10.14,74.17,731.46,21.77,2.43,31.62,mixed_edge
1-5,lane1_target_start_exhibition_st_diff_bucket,near_equal,3926,314,8.0,392600,376480,-16120,95.89,1198.98,6.7,75.78,1131.51,20.11,1.3,67.47,mixed_edge
1-6,lane1_target_start_gap_pair,<=0.03-best,580,34,5.86,58000,55520,-2480,95.72,1632.94,4.05,73.3,1810.13,22.42,1.81,-177.19,mixed_edge
1-6,target_lane x lane1_target_start_gap_pair,6 | <=0.03-best,580,34,5.86,58000,55520,-2480,95.72,1632.94,4.05,73.3,1810.13,22.42,1.81,-177.19,mixed_edge
1-6,lane1_start_exhibition_gap_bucket x target_start_exhibition_gap_bucket,<=0.03 | best,580,34,5.86,58000,55520,-2480,95.72,1632.94,4.05,73.3,1810.13,22.42,1.81,-177.19,mixed_edge
1-6,lane1_target_national_rank_pair,3-1,550,61,11.09,55000,52630,-2370,95.69,862.79,4.05,73.3,1810.13,22.39,7.04,-947.34,mixed_edge
1-6,target_lane x lane1_target_national_rank_pair,6 | 3-1,550,61,11.09,55000,52630,-2370,95.69,862.79,4.05,73.3,1810.13,22.39,7.04,-947.34,mixed_edge
1-6,lane1_target_group_pair x other_a_count_bucket,B-A | 3,167,5,2.99,16700,15940,-760,95.45,3188.0,4.05,73.3,1810.13,22.15,-1.06,1377.87,mixed_edge
1-3,lane1_target_start_gap_pair x target_outer_pressure_bucket,best->0.06 | high_other_pressure,1280,197,15.39,128000,121970,-6030,95.29,619.14,15.86,79.54,501.69,15.75,-0.47,117.45,mixed_edge
1-5,stadium_code,11,720,57,7.92,72000,68590,-3410,95.26,1203.33,6.7,75.78,1131.51,19.48,1.22,71.82,mixed_edge
1-5,stadium_code x target_lane,11 | 5,720,57,7.92,72000,68590,-3410,95.26,1203.33,6.7,75.78,1131.51,19.48,1.22,71.82,mixed_edge
1-6,lane1_target_national_rank_pair x target_outer_pressure_bucket,4+-1 | low_other_pressure,314,27,8.6,31400,29880,-1520,95.16,1106.67,4.05,73.3,1810.13,21.86,4.55,-703.46,mixed_edge
1-6,stadium_code,08,570,29,5.09,57000,54230,-2770,95.14,1870.0,4.05,73.3,1810.13,21.84,1.04,59.87,mixed_edge
1-6,stadium_code x target_lane,08 | 6,570,29,5.09,57000,54230,-2770,95.14,1870.0,4.05,73.3,1810.13,21.84,1.04,59.87,mixed_edge
1-6,lane1_target_start_gap_pair,0.04-0.06-0.04-0.06,566,26,4.59,56600,53740,-2860,94.95,2066.92,4.05,73.3,1810.13,21.65,0.54,256.79,mixed_edge
1-6,target_lane x lane1_target_start_gap_pair,6 | 0.04-0.06-0.04-0.06,566,26,4.59,56600,53740,-2860,94.95,2066.92,4.05,73.3,1810.13,21.65,0.54,256.79,mixed_edge
1-6,lane1_start_exhibition_gap_bucket x target_start_exhibition_gap_bucket,0.04-0.06 | 0.04-0.06,566,26,4.59,56600,53740,-2860,94.95,2066.92,4.05,73.3,1810.13,21.65,0.54,256.79,mixed_edge
1-5,lane1_target_start_gap_pair x target_outer_pressure_bucket,0.04-0.06-<=0.03 | high_other_pressure,624,41,6.57,62400,59240,-3160,94.94,1444.88,6.7,75.78,1131.51,19.16,-0.13,313.37,mixed_edge
1-2,other_group_pattern,A-B-B-B,1185,227,19.16,118500,112480,-6020,94.92,495.51,18.61,79.76,428.68,15.16,0.55,66.83,mixed_edge
1-6,target_exhibition_st_rank_bucket x other_st_faster_than_target_count_bucket,2 | 0,830,59,7.11,83000,78750,-4250,94.88,1334.75,4.05,73.3,1810.13,21.58,3.06,-475.38,mixed_edge
1-5,lane1_target_national_rank_pair x target_outer_pressure_bucket,1-2 | low_other_pressure,159,29,18.24,15900,15060,-840,94.72,519.31,6.7,75.78,1131.51,18.94,11.54,-612.2,mixed_edge
1-2,lane1_target_group_pair x other_a_count_bucket,A-B | 4,87,17,19.54,8700,8240,-460,94.71,484.71,18.61,79.76,428.68,14.95,0.93,56.03,mixed_edge
1-6,other_group_pattern,B-B-A-A,567,21,3.7,56700,53660,-3040,94.64,2555.24,4.05,73.3,1810.13,21.34,-0.35,745.11,mixed_edge
1-3,lane1_target_national_rank_pair x target_outer_pressure_bucket,1-3 | some_other_pressure,386,121,31.35,38600,36510,-2090,94.59,301.74,15.86,79.54,501.69,15.05,15.49,-199.95,mixed_edge
1-4,lane1_target_start_gap_pair x target_outer_pressure_bucket,<=0.03-<=0.03 | some_other_pressure,124,20,16.13,12400,11720,-680,94.52,586.0,10.14,74.17,731.46,20.35,5.99,-145.46,mixed_edge
1-6,lane1_target_exhibition_st_rank_pair,2-3,269,13,4.83,26900,25410,-1490,94.46,1954.62,4.05,73.3,1810.13,21.16,0.78,144.49,mixed_edge
1-6,lane1_exhibition_st_rank_bucket x target_exhibition_st_rank_bucket,2 | 3,269,13,4.83,26900,25410,-1490,94.46,1954.62,4.05,73.3,1810.13,21.16,0.78,144.49,mixed_edge
1-2,lane1_target_national_rank_pair x target_outer_pressure_bucket,1-3 | some_other_pressure,435,152,34.94,43500,41070,-2430,94.41,270.2,18.61,79.76,428.68,14.65,16.33,-158.48,mixed_edge
1-4,lane1_target_class_pair,B2-A1,51,9,17.65,5100,4810,-290,94.31,534.44,10.14,74.17,731.46,20.14,7.51,-197.02,mixed_edge
1-5,lane1_target_exhibition_time_diff_bucket x lane1_target_start_exhibition_st_diff_bucket,target_faster_0.05_0.10 | near_equal,422,40,9.48,42200,39790,-2410,94.29,994.75,6.7,75.78,1131.51,18.51,2.78,-136.76,mixed_edge
1-2,lane1_target_exhibition_time_diff_bucket x lane1_target_start_exhibition_st_diff_bucket,near_equal | near_equal,3084,701,22.73,308400,290640,-17760,94.24,414.61,18.61,79.76,428.68,14.48,4.12,-14.07,mixed_edge
1-5,target_exhibition_st_rank_bucket,1,1916,158,8.25,191600,180550,-11050,94.23,1142.72,6.7,75.78,1131.51,18.45,1.55,11.21,mixed_edge
1-5,target_lane x target_exhibition_st_rank_bucket,5 | 1,1916,158,8.25,191600,180550,-11050,94.23,1142.72,6.7,75.78,1131.51,18.45,1.55,11.21,mixed_edge
1-5,target_exhibition_st_rank_bucket x other_st_faster_than_target_count_bucket,1 | 0,1916,158,8.25,191600,180550,-11050,94.23,1142.72,6.7,75.78,1131.51,18.45,1.55,11.21,mixed_edge
1-4,lane1_target_start_gap_pair x target_outer_pressure_bucket,best-<=0.03 | low_other_pressure,64,14,21.88,6400,6020,-380,94.06,430.0,10.14,74.17,731.46,19.89,11.74,-301.46,mixed_edge
1-5,stadium_code,22,587,51,8.69,58700,55120,-3580,93.9,1080.78,6.7,75.78,1131.51,18.12,1.99,-50.73,mixed_edge
1-5,stadium_code x target_lane,22 | 5,587,51,8.69,58700,55120,-3580,93.9,1080.78,6.7,75.78,1131.51,18.12,1.99,-50.73,mixed_edge
1-3,stadium_code,02,671,89,13.26,67100,62890,-4210,93.73,706.63,15.86,79.54,501.69,14.19,-2.6,204.94,mixed_edge
1-3,stadium_code x target_lane,02 | 3,671,89,13.26,67100,62890,-4210,93.73,706.63,15.86,79.54,501.69,14.19,-2.6,204.94,mixed_edge
1-6,target_exhibition_st_rank_bucket x other_st_faster_than_target_count_bucket,3 | 0,293,16,5.46,29300,27460,-1840,93.72,1716.25,4.05,73.3,1810.13,20.42,1.41,-93.88,mixed_edge
1-3,other_st_faster_than_target_count_bucket,1,3860,708,18.34,386000,361400,-24600,93.63,510.45,15.86,79.54,501.69,14.09,2.48,8.76,mixed_edge
1-3,lane1_target_exhibition_time_diff_bucket x lane1_target_start_exhibition_st_diff_bucket,lane1_faster_0.05_0.10 | lane1_faster_0.03_0.06,586,112,19.11,58600,54860,-3740,93.62,489.82,15.86,79.54,501.69,14.08,3.25,-11.87,mixed_edge
1-2,lane1_target_start_gap_pair x target_outer_pressure_bucket,0.04-0.06-<=0.03 | high_other_pressure,468,94,20.09,46800,43810,-2990,93.61,466.06,18.61,79.76,428.68,13.85,1.48,37.38,mixed_edge
1-6,lane1_target_class_pair,A1-B1,1546,59,3.82,154600,144700,-9900,93.6,2452.54,4.05,73.3,1810.13,20.3,-0.23,642.41,mixed_edge
1-6,lane1_target_national_rank_pair,4+-2,1004,42,4.18,100400,93970,-6430,93.6,2237.38,4.05,73.3,1810.13,20.3,0.13,427.25,mixed_edge
1-6,target_lane x lane1_target_national_rank_pair,6 | 4+-2,1004,42,4.18,100400,93970,-6430,93.6,2237.38,4.05,73.3,1810.13,20.3,0.13,427.25,mixed_edge
1-3,lane1_target_exhibition_time_diff_bucket x lane1_target_start_exhibition_st_diff_bucket,target_faster_0.05_0.10 | near_equal,612,120,19.61,61200,57230,-3970,93.51,476.92,15.86,79.54,501.69,13.97,3.75,-24.77,mixed_edge
1-3,lane1_target_exhibition_time_diff_bucket x lane1_target_start_exhibition_st_diff_bucket,lane1_faster_0.05_0.10 | near_equal,1117,207,18.53,111700,104430,-7270,93.49,504.49,15.86,79.54,501.69,13.95,2.67,2.8,mixed_edge
1-4,lane1_target_group_pair x target_outer_pressure_bucket,B-A | low_other_pressure,278,43,15.47,27800,25990,-1810,93.49,604.42,10.14,74.17,731.46,19.32,5.33,-127.04,mixed_edge
1-4,lane1_target_exhibition_time_diff_bucket x lane1_target_start_exhibition_st_diff_bucket,target_faster_0.05_0.10 | lane1_faster_0.03_0.06,238,31,13.03,23800,22250,-1550,93.49,717.74,10.14,74.17,731.46,19.32,2.89,-13.72,mixed_edge
1-4,stadium_code,09,436,53,12.16,43600,40720,-2880,93.39,768.3,10.14,74.17,731.46,19.22,2.02,36.84,mixed_edge
1-4,stadium_code x target_lane,09 | 4,436,53,12.16,43600,40720,-2880,93.39,768.3,10.14,74.17,731.46,19.22,2.02,36.84,mixed_edge
1-6,lane1_target_group_pair x other_a_count_bucket,B-A | 1,1041,75,7.2,104100,97140,-6960,93.31,1295.2,4.05,73.3,1810.13,20.01,3.15,-514.93,mixed_edge
1-4,lane1_target_exhibition_time_diff_bucket x lane1_target_start_exhibition_st_diff_bucket,lane1_faster_0.05_0.10 | lane1_faster_0.03_0.06,528,69,13.07,52800,49270,-3530,93.31,714.06,10.14,74.17,731.46,19.14,2.93,-17.4,mixed_edge
1-6,lane1_target_start_gap_pair x target_outer_pressure_bucket,0.04-0.06-<=0.03 | high_other_pressure,435,14,3.22,43500,40550,-2950,93.22,2896.43,4.05,73.3,1810.13,19.92,-0.83,1086.3,mixed_edge
1-4,stadium_code,15,652,72,11.04,65200,60720,-4480,93.13,843.33,10.14,74.17,731.46,18.96,0.9,111.87,mixed_edge
1-4,stadium_code x target_lane,15 | 4,652,72,11.04,65200,60720,-4480,93.13,843.33,10.14,74.17,731.46,18.96,0.9,111.87,mixed_edge
1-2,other_group_pattern,A-B-B-A,1010,170,16.83,101000,94020,-6980,93.09,553.06,18.61,79.76,428.68,13.33,-1.78,124.38,mixed_edge
1-6,target_national_win_rank_bucket x other_national_better_than_target_count_bucket,2 | 1,1504,74,4.92,150400,139900,-10500,93.02,1890.54,4.05,73.3,1810.13,19.72,0.87,80.41,mixed_edge
1-2,lane1_target_start_exhibition_st_diff_bucket,near_equal,6049,1312,21.69,604900,562240,-42660,92.95,428.54,18.61,79.76,428.68,13.19,3.08,-0.14,mixed_edge
1-3,lane1_target_group_pair x target_outer_pressure_bucket,A-B | some_other_pressure,355,98,27.61,35500,32990,-2510,92.93,336.63,15.86,79.54,501.69,13.39,11.75,-165.06,mixed_edge
1-3,lane1_target_exhibition_time_diff_bucket x lane1_target_start_exhibition_st_diff_bucket,lane1_faster_0.10+ | target_faster_0.03_0.06,245,43,17.55,24500,22760,-1740,92.9,529.3,15.86,79.54,501.69,13.36,1.69,27.61,mixed_edge
1-5,target_exhibition_st_rank_bucket,2,2439,199,8.16,243900,226570,-17330,92.89,1138.54,6.7,75.78,1131.51,17.11,1.46,7.03,mixed_edge
1-5,target_lane x target_exhibition_st_rank_bucket,5 | 2,2439,199,8.16,243900,226570,-17330,92.89,1138.54,6.7,75.78,1131.51,17.11,1.46,7.03,mixed_edge
1-4,lane1_target_start_exhibition_st_diff_bucket,near_equal,4196,535,12.75,419600,389670,-29930,92.87,728.36,10.14,74.17,731.46,18.7,2.61,-3.1,mixed_edge
1-6,meeting_phase_bucket,final,252,10,3.97,25200,23400,-1800,92.86,2340.0,4.05,73.3,1810.13,19.56,-0.08,529.87,mixed_edge
1-6,meeting_phase_bucket x target_lane,final | 6,252,10,3.97,25200,23400,-1800,92.86,2340.0,4.05,73.3,1810.13,19.56,-0.08,529.87,mixed_edge
1-3,target_exhibition_st_rank_bucket,3,3563,663,18.61,356300,330590,-25710,92.78,498.63,15.86,79.54,501.69,13.24,2.75,-3.06,mixed_edge
1-3,target_lane x target_exhibition_st_rank_bucket,3 | 3,3563,663,18.61,356300,330590,-25710,92.78,498.63,15.86,79.54,501.69,13.24,2.75,-3.06,mixed_edge
1-6,lane1_target_class_pair,B2-B1,175,4,2.29,17500,16230,-1270,92.74,4057.5,4.05,73.3,1810.13,19.44,-1.76,2247.37,mixed_edge
1-3,grade_group,G3,48,10,20.83,4800,4450,-350,92.71,445.0,15.86,79.54,501.69,13.17,4.97,-56.69,mixed_edge
1-2,other_st_faster_than_target_count_bucket,1,3050,670,21.97,305000,282620,-22380,92.66,421.82,18.61,79.76,428.68,12.9,3.36,-6.86,mixed_edge
1-4,lane1_target_start_gap_pair x target_outer_pressure_bucket,<=0.03-best | some_other_pressure,128,28,21.88,12800,11860,-940,92.66,423.57,10.14,74.17,731.46,18.49,11.74,-307.89,mixed_edge
1-4,lane1_target_exhibition_st_rank_pair,3-2,425,57,13.41,42500,39370,-3130,92.64,690.7,10.14,74.17,731.46,18.47,3.27,-40.76,mixed_edge
1-4,lane1_exhibition_st_rank_bucket x target_exhibition_st_rank_bucket,3 | 2,425,57,13.41,42500,39370,-3130,92.64,690.7,10.14,74.17,731.46,18.47,3.27,-40.76,mixed_edge
1-3,lane1_target_start_gap_pair x target_outer_pressure_bucket,>0.06-<=0.03 | some_other_pressure,88,21,23.86,8800,8150,-650,92.61,388.1,15.86,79.54,501.69,13.07,8.0,-113.59,mixed_edge
1-3,lane1_target_exhibition_time_diff_bucket x lane1_target_start_exhibition_st_diff_bucket,near_equal | lane1_faster_0.03_0.06,1279,252,19.7,127900,118410,-9490,92.58,469.88,15.86,79.54,501.69,13.04,3.84,-31.81,mixed_edge
1-2,lane1_target_exhibition_time_diff_bucket x lane1_target_start_exhibition_st_diff_bucket,lane1_faster_0.10+ | lane1_faster_0.03_0.06,362,66,18.23,36200,33510,-2690,92.57,507.73,18.61,79.76,428.68,12.81,-0.38,79.05,mixed_edge
1-5,lane1_target_national_rank_pair x target_outer_pressure_bucket,1-2 | some_other_pressure,126,20,15.87,12600,11650,-950,92.46,582.5,6.7,75.78,1131.51,16.68,9.17,-549.01,mixed_edge
1-2,target_exhibition_st_rank_bucket,1,2153,455,21.13,215300,199030,-16270,92.44,437.43,18.61,79.76,428.68,12.68,2.52,8.75,mixed_edge
1-2,target_lane x target_exhibition_st_rank_bucket,2 | 1,2153,455,21.13,215300,199030,-16270,92.44,437.43,18.61,79.76,428.68,12.68,2.52,8.75,mixed_edge
1-2,target_exhibition_st_rank_bucket x other_st_faster_than_target_count_bucket,1 | 0,2153,455,21.13,215300,199030,-16270,92.44,437.43,18.61,79.76,428.68,12.68,2.52,8.75,mixed_edge
1-6,stadium_code,05,558,31,5.56,55800,51530,-4270,92.35,1662.26,4.05,73.3,1810.13,19.05,1.51,-147.87,mixed_edge
1-6,stadium_code x target_lane,05 | 6,558,31,5.56,55800,51530,-4270,92.35,1662.26,4.05,73.3,1810.13,19.05,1.51,-147.87,mixed_edge
1-4,lane1_target_class_pair,B2-B2,34,3,8.82,3400,3140,-260,92.35,1046.67,10.14,74.17,731.46,18.18,-1.32,315.21,mixed_edge
1-5,lane1_target_group_pair x target_outer_pressure_bucket,B-A | high_other_pressure,1519,114,7.5,151900,140270,-11630,92.34,1230.44,6.7,75.78,1131.51,16.56,0.8,98.93,mixed_edge
1-3,lane1_target_exhibition_st_rank_pair,2-3,766,148,19.32,76600,70710,-5890,92.31,477.77,15.86,79.54,501.69,12.77,3.46,-23.92,mixed_edge
1-3,lane1_exhibition_st_rank_bucket x target_exhibition_st_rank_bucket,2 | 3,766,148,19.32,76600,70710,-5890,92.31,477.77,15.86,79.54,501.69,12.77,3.46,-23.92,mixed_edge
1-5,stadium_code,21,608,49,8.06,60800,56090,-4710,92.25,1144.69,6.7,75.78,1131.51,16.47,1.36,13.18,mixed_edge
1-5,stadium_code x target_lane,21 | 5,608,49,8.06,60800,56090,-4710,92.25,1144.69,6.7,75.78,1131.51,16.47,1.36,13.18,mixed_edge
1-3,lane1_target_exhibition_st_rank_pair,1-4+,1938,330,17.03,193800,178760,-15040,92.24,541.7,15.86,79.54,501.69,12.7,1.17,40.01,mixed_edge
1-3,lane1_exhibition_st_rank_bucket x target_exhibition_st_rank_bucket,1 | 4+,1938,330,17.03,193800,178760,-15040,92.24,541.7,15.86,79.54,501.69,12.7,1.17,40.01,mixed_edge
1-6,target_national_win_rank_bucket,3,2319,120,5.17,231900,213890,-18010,92.23,1782.42,4.05,73.3,1810.13,18.93,1.12,-27.71,mixed_edge
1-2,lane1_target_group_pair x other_a_count_bucket,B-A | 3,192,29,15.1,19200,17690,-1510,92.14,610.0,18.61,79.76,428.68,12.38,-3.51,181.32,mixed_edge
1-3,lane1_target_national_rank_pair,3-2,574,132,23.0,57400,52870,-4530,92.11,400.53,15.86,79.54,501.69,12.57,7.14,-101.16,mixed_edge
1-3,target_lane x lane1_target_national_rank_pair,3 | 3-2,574,132,23.0,57400,52870,-4530,92.11,400.53,15.86,79.54,501.69,12.57,7.14,-101.16,mixed_edge
1-5,meeting_phase_bucket,day5+,4060,324,7.98,406000,373860,-32140,92.08,1153.89,6.7,75.78,1131.51,16.3,1.28,22.38,mixed_edge
1-5,meeting_phase_bucket x target_lane,day5+ | 5,4060,324,7.98,406000,373860,-32140,92.08,1153.89,6.7,75.78,1131.51,16.3,1.28,22.38,mixed_edge
1-3,grade_group,SG,72,15,20.83,7200,6630,-570,92.08,442.0,15.86,79.54,501.69,12.54,4.97,-59.69,mixed_edge
1-6,lane1_target_exhibition_time_diff_bucket x lane1_target_start_exhibition_st_diff_bucket,lane1_faster_0.10+ | target_faster_0.06+,368,20,5.43,36800,33870,-2930,92.04,1693.5,4.05,73.3,1810.13,18.74,1.38,-116.63,mixed_edge
1-4,lane1_target_exhibition_st_rank_pair,2-3,478,61,12.76,47800,43960,-3840,91.97,720.66,10.14,74.17,731.46,17.8,2.62,-10.8,mixed_edge
1-4,lane1_exhibition_st_rank_bucket x target_exhibition_st_rank_bucket,2 | 3,478,61,12.76,47800,43960,-3840,91.97,720.66,10.14,74.17,731.46,17.8,2.62,-10.8,mixed_edge
1-3,wave_bucket,10+,231,29,12.55,23100,21230,-1870,91.9,732.07,15.86,79.54,501.69,12.36,-3.31,230.38,mixed_edge
1-3,other_group_pattern,B-A-B-A,895,137,15.31,89500,82230,-7270,91.88,600.22,15.86,79.54,501.69,12.34,-0.55,98.53,mixed_edge
1-6,wind_bucket,7+,793,41,5.17,79300,72840,-6460,91.85,1776.59,4.05,73.3,1810.13,18.55,1.12,-33.54,mixed_edge
1-5,target_exhibition_rank_bucket,1,1849,172,9.3,184900,169420,-15480,91.63,985.0,6.7,75.78,1131.51,15.85,2.6,-146.51,mixed_edge
1-5,target_exhibition_rank_bucket x other_exhibition_faster_than_target_count_bucket,1 | 0,1849,172,9.3,184900,169420,-15480,91.63,985.0,6.7,75.78,1131.51,15.85,2.6,-146.51,mixed_edge
1-4,lane1_target_group_pair x target_outer_pressure_bucket,B-B | low_other_pressure,43,9,20.93,4300,3940,-360,91.63,437.78,10.14,74.17,731.46,17.46,10.79,-293.68,mixed_edge
1-5,lane1_target_start_gap_pair,0.04-0.06-<=0.03,745,53,7.11,74500,68240,-6260,91.6,1287.55,6.7,75.78,1131.51,15.82,0.41,156.04,mixed_edge
1-5,target_lane x lane1_target_start_gap_pair,5 | 0.04-0.06-<=0.03,745,53,7.11,74500,68240,-6260,91.6,1287.55,6.7,75.78,1131.51,15.82,0.41,156.04,mixed_edge
1-5,lane1_start_exhibition_gap_bucket x target_start_exhibition_gap_bucket,0.04-0.06 | <=0.03,745,53,7.11,74500,68240,-6260,91.6,1287.55,6.7,75.78,1131.51,15.82,0.41,156.04,mixed_edge
1-3,lane1_target_start_exhibition_st_diff_bucket,near_equal,5220,958,18.35,522000,477940,-44060,91.56,498.89,15.86,79.54,501.69,12.02,2.49,-2.8,mixed_edge
1-6,lane1_target_national_win_diff_bucket,target_plus_1.00+,2627,177,6.74,262700,240510,-22190,91.55,1358.81,4.05,73.3,1810.13,18.25,2.69,-451.32,mixed_edge
1-4,lane1_target_group_pair x other_a_count_bucket,B-A | 0,200,31,15.5,20000,18310,-1690,91.55,590.65,10.14,74.17,731.46,17.38,5.36,-140.81,mixed_edge
1-2,lane1_target_group_pair x other_a_count_bucket,B-A | 0,181,40,22.1,18100,16570,-1530,91.55,414.25,18.61,79.76,428.68,11.79,3.49,-14.43,mixed_edge
1-2,lane1_target_start_gap_pair x target_outer_pressure_bucket,0.04-0.06-0.04-0.06 | some_other_pressure,117,31,26.5,11700,10710,-990,91.54,345.48,18.61,79.76,428.68,11.78,7.89,-83.2,mixed_edge
1-6,lane1_target_group_pair x other_a_count_bucket,A-A | 1,1076,105,9.76,107600,98460,-9140,91.51,937.71,4.05,73.3,1810.13,18.21,5.71,-872.42,mixed_edge
1-5,lane1_target_class_pair,B1-A2,1322,97,7.34,132200,120850,-11350,91.41,1245.88,6.7,75.78,1131.51,15.63,0.64,114.37,mixed_edge
1-3,other_group_pattern,A-A-B-B,912,112,12.28,91200,83360,-7840,91.4,744.29,15.86,79.54,501.69,11.86,-3.58,242.6,mixed_edge
1-3,lane1_start_exhibition_gap_bucket,<=0.03,3495,641,18.34,349500,319340,-30160,91.37,498.19,15.86,79.54,501.69,11.83,2.48,-3.5,mixed_edge
1-5,lane1_target_national_rank_pair x target_outer_pressure_bucket,1-3 | some_other_pressure,309,41,13.27,30900,28190,-2710,91.23,687.56,6.7,75.78,1131.51,15.45,6.57,-443.95,mixed_edge
1-6,stadium_code,01,666,22,3.3,66600,60750,-5850,91.22,2761.36,4.05,73.3,1810.13,17.92,-0.75,951.23,mixed_edge
1-6,stadium_code x target_lane,01 | 6,666,22,3.3,66600,60750,-5850,91.22,2761.36,4.05,73.3,1810.13,17.92,-0.75,951.23,mixed_edge
1-3,stadium_code,08,570,97,17.02,57000,51990,-5010,91.21,535.98,15.86,79.54,501.69,11.67,1.16,34.29,mixed_edge
1-3,stadium_code x target_lane,08 | 3,570,97,17.02,57000,51990,-5010,91.21,535.98,15.86,79.54,501.69,11.67,1.16,34.29,mixed_edge
1-4,other_st_faster_than_target_count_bucket,1,3169,389,12.28,316900,288780,-28120,91.13,742.37,10.14,74.17,731.46,16.96,2.14,10.91,mixed_edge
1-4,lane1_target_national_rank_pair x target_outer_pressure_bucket,3-1 | low_other_pressure,150,30,20.0,15000,13670,-1330,91.13,455.67,10.14,74.17,731.46,16.96,9.86,-275.79,mixed_edge
1-3,other_st_faster_than_target_count_bucket,0,4382,834,19.03,438200,399270,-38930,91.12,478.74,15.86,79.54,501.69,11.58,3.17,-22.95,mixed_edge
1-5,lane1_target_class_pair,A2-B1,2407,150,6.23,240700,219150,-21550,91.05,1461.0,6.7,75.78,1131.51,15.27,-0.47,329.49,mixed_edge
1-3,target_exhibition_rank_bucket x other_exhibition_faster_than_target_count_bucket,4+ | 1,190,37,19.47,19000,17290,-1710,91.0,467.3,15.86,79.54,501.69,11.46,3.61,-34.39,mixed_edge
1-4,lane1_target_exhibition_time_diff_bucket x lane1_target_start_exhibition_st_diff_bucket,lane1_faster_0.05_0.10 | near_equal,897,106,11.82,89700,81620,-8080,90.99,770.0,10.14,74.17,731.46,16.82,1.68,38.54,mixed_edge
1-6,lane1_target_national_rank_pair x target_outer_pressure_bucket,1-2 | low_other_pressure,162,19,11.73,16200,14740,-1460,90.99,775.79,4.05,73.3,1810.13,17.69,7.68,-1034.34,mixed_edge
1-2,lane1_target_start_gap_pair,0.04-0.06-<=0.03,638,138,21.63,63800,58020,-5780,90.94,420.43,18.61,79.76,428.68,11.18,3.02,-8.25,mixed_edge
1-2,target_lane x lane1_target_start_gap_pair,2 | 0.04-0.06-<=0.03,638,138,21.63,63800,58020,-5780,90.94,420.43,18.61,79.76,428.68,11.18,3.02,-8.25,mixed_edge
1-2,lane1_start_exhibition_gap_bucket x target_start_exhibition_gap_bucket,0.04-0.06 | <=0.03,638,138,21.63,63800,58020,-5780,90.94,420.43,18.61,79.76,428.68,11.18,3.02,-8.25,mixed_edge
1-3,target_exhibition_st_rank_bucket x other_st_faster_than_target_count_bucket,4+ | 1,171,27,15.79,17100,15490,-1610,90.58,573.7,15.86,79.54,501.69,11.04,-0.07,72.01,mixed_edge
1-4,lane1_target_national_rank_pair x target_outer_pressure_bucket,2-1 | low_other_pressure,218,62,28.44,21800,19740,-2060,90.55,318.39,10.14,74.17,731.46,16.38,18.3,-413.07,mixed_edge
1-5,stadium_code,05,558,41,7.35,55800,50490,-5310,90.48,1231.46,6.7,75.78,1131.51,14.7,0.65,99.95,mixed_edge
1-5,stadium_code x target_lane,05 | 5,558,41,7.35,55800,50490,-5310,90.48,1231.46,6.7,75.78,1131.51,14.7,0.65,99.95,mixed_edge
1-3,stadium_code,06,695,119,17.12,69500,62760,-6740,90.3,527.39,15.86,79.54,501.69,10.76,1.26,25.7,mixed_edge
1-3,stadium_code x target_lane,06 | 3,695,119,17.12,69500,62760,-6740,90.3,527.39,15.86,79.54,501.69,10.76,1.26,25.7,mixed_edge
1-3,target_class_group x target_outer_pressure_bucket,B | some_other_pressure,595,147,24.71,59500,53720,-5780,90.29,365.44,15.86,79.54,501.69,10.75,8.85,-136.25,mixed_edge
1-5,lane1_target_exhibition_time_diff_bucket x lane1_target_start_exhibition_st_diff_bucket,target_faster_0.10+ | lane1_faster_0.06+,232,18,7.76,23200,20940,-2260,90.26,1163.33,6.7,75.78,1131.51,14.48,1.06,31.82,mixed_edge
1-2,lane1_target_boat_place_diff_bucket,target_plus_10+,1937,387,19.98,193700,174810,-18890,90.25,451.71,18.61,79.76,428.68,10.49,1.37,23.03,mixed_edge
1-2,lane1_target_group_pair x target_outer_pressure_bucket,B-A | some_other_pressure,802,146,18.2,80200,72370,-7830,90.24,495.68,18.61,79.76,428.68,10.48,-0.41,67.0,mixed_edge
1-5,lane1_target_motor_place_diff_bucket,lane1_plus_4_10,2661,192,7.22,266100,239930,-26170,90.17,1249.64,6.7,75.78,1131.51,14.39,0.52,118.13,mixed_edge
1-6,target_national_win_rank_bucket,1,2367,224,9.46,236700,213370,-23330,90.14,952.54,4.05,73.3,1810.13,16.84,5.41,-857.59,mixed_edge
1-6,target_national_win_rank_bucket x other_national_better_than_target_count_bucket,1 | 0,2367,224,9.46,236700,213370,-23330,90.14,952.54,4.05,73.3,1810.13,16.84,5.41,-857.59,mixed_edge
1-6,lane1_target_group_pair x target_outer_pressure_bucket,A-B | some_other_pressure,243,19,7.82,24300,21900,-2400,90.12,1152.63,4.05,73.3,1810.13,16.82,3.77,-657.5,mixed_edge
1-3,stadium_code,23,672,117,17.41,67200,60530,-6670,90.07,517.35,15.86,79.54,501.69,10.53,1.55,15.66,mixed_edge
1-3,stadium_code x target_lane,23 | 3,672,117,17.41,67200,60530,-6670,90.07,517.35,15.86,79.54,501.69,10.53,1.55,15.66,mixed_edge
1-6,lane1_target_group_pair x other_a_count_bucket,B-B | 0,672,30,4.46,67200,60510,-6690,90.04,2017.0,4.05,73.3,1810.13,16.74,0.41,206.87,mixed_edge
1-6,lane1_target_national_rank_pair,3-2,523,33,6.31,52300,47090,-5210,90.04,1426.97,4.05,73.3,1810.13,16.74,2.26,-383.16,mixed_edge
1-6,target_lane x lane1_target_national_rank_pair,6 | 3-2,523,33,6.31,52300,47090,-5210,90.04,1426.97,4.05,73.3,1810.13,16.74,2.26,-383.16,mixed_edge
1-4,lane1_target_group_pair x other_a_count_bucket,A-A | 3,507,79,15.58,50700,45650,-5050,90.04,577.85,10.14,74.17,731.46,15.87,5.44,-153.61,mixed_edge
1-6,lane1_target_start_exhibition_st_diff_bucket,target_faster_0.06+,2402,113,4.7,240200,216200,-24000,90.01,1913.27,4.05,73.3,1810.13,16.71,0.65,103.14,mixed_edge
1-4,lane1_exhibition_st_rank_bucket,1,4915,623,12.68,491500,442040,-49460,89.94,709.53,10.14,74.17,731.46,15.77,2.54,-21.93,mixed_edge
1-4,lane1_start_exhibition_gap_bucket,best,4915,623,12.68,491500,442040,-49460,89.94,709.53,10.14,74.17,731.46,15.77,2.54,-21.93,mixed_edge
1-5,lane1_target_boat_place_diff_bucket,lane1_plus_10+,1866,128,6.86,186600,167810,-18790,89.93,1311.02,6.7,75.78,1131.51,14.15,0.16,179.51,mixed_edge
1-3,lane1_target_national_rank_pair x target_outer_pressure_bucket,4+-1 | high_other_pressure,549,97,17.67,54900,49310,-5590,89.82,508.35,15.86,79.54,501.69,10.28,1.81,6.66,mixed_edge
1-6,lane1_target_national_rank_pair x target_outer_pressure_bucket,4+-1 | high_other_pressure,621,39,6.28,62100,55750,-6350,89.77,1429.49,4.05,73.3,1810.13,16.47,2.23,-380.64,mixed_edge
1-5,lane1_target_group_pair x target_outer_pressure_bucket,B-A | some_other_pressure,574,50,8.71,57400,51500,-5900,89.72,1030.0,6.7,75.78,1131.51,13.94,2.01,-101.51,mixed_edge
1-5,lane1_target_group_pair x other_a_count_bucket,B-A | 1,1028,94,9.14,102800,92220,-10580,89.71,981.06,6.7,75.78,1131.51,13.93,2.44,-150.45,mixed_edge
1-5,lane1_start_exhibition_gap_bucket,<=0.03,3495,266,7.61,349500,313470,-36030,89.69,1178.46,6.7,75.78,1131.51,13.91,0.91,46.95,mixed_edge
1-3,lane1_target_exhibition_time_diff_bucket x lane1_target_start_exhibition_st_diff_bucket,near_equal | near_equal,2512,461,18.35,251200,225220,-25980,89.66,488.55,15.86,79.54,501.69,10.12,2.49,-13.14,mixed_edge
1-6,lane1_target_exhibition_st_rank_pair,4+-3,1113,51,4.58,111300,99720,-11580,89.6,1955.29,4.05,73.3,1810.13,16.3,0.53,145.16,mixed_edge
1-6,lane1_exhibition_st_rank_bucket x target_exhibition_st_rank_bucket,4+ | 3,1113,51,4.58,111300,99720,-11580,89.6,1955.29,4.05,73.3,1810.13,16.3,0.53,145.16,mixed_edge
1-5,lane1_target_local_win_diff_bucket,near_equal,2085,181,8.68,208500,186800,-21700,89.59,1032.04,6.7,75.78,1131.51,13.81,1.98,-99.47,mixed_edge
1-2,lane1_target_group_pair x target_outer_pressure_bucket,B-A | low_other_pressure,437,85,19.45,43700,39150,-4550,89.59,460.59,18.61,79.76,428.68,9.83,0.84,31.91,mixed_edge
1-4,target_exhibition_st_rank_bucket,2,2441,310,12.7,244100,218490,-25610,89.51,704.81,10.14,74.17,731.46,15.34,2.56,-26.65,mixed_edge
1-4,target_lane x target_exhibition_st_rank_bucket,4 | 2,2441,310,12.7,244100,218490,-25610,89.51,704.81,10.14,74.17,731.46,15.34,2.56,-26.65,mixed_edge
1-2,lane1_target_class_pair,A1-B2,99,12,12.12,9900,8860,-1040,89.49,738.33,18.61,79.76,428.68,9.73,-6.49,309.65,mixed_edge
1-6,lane1_target_exhibition_time_diff_bucket x lane1_target_start_exhibition_st_diff_bucket,target_faster_0.10+ | lane1_faster_0.06+,280,14,5.0,28000,25040,-2960,89.43,1788.57,4.05,73.3,1810.13,16.13,0.95,-21.56,mixed_edge
1-4,other_b2_count_bucket,3,31,7,22.58,3100,2770,-330,89.35,395.71,10.14,74.17,731.46,15.18,12.44,-335.75,mixed_edge
1-3,lane1_exhibition_rank_bucket,1,4513,908,20.12,451300,403210,-48090,89.34,444.06,15.86,79.54,501.69,9.8,4.26,-57.63,mixed_edge
1-5,lane1_target_group_pair,B-A,2373,191,8.05,237300,211990,-25310,89.33,1109.9,6.7,75.78,1131.51,13.55,1.35,-21.61,mixed_edge
1-4,lane1_target_start_gap_pair x target_outer_pressure_bucket,0.04-0.06-<=0.03 | some_other_pressure,87,15,17.24,8700,7770,-930,89.31,518.0,10.14,74.17,731.46,15.14,7.1,-213.46,mixed_edge
1-5,lane1_local_win_rank_bucket,1,3572,316,8.85,357200,318610,-38590,89.2,1008.26,6.7,75.78,1131.51,13.42,2.15,-123.25,mixed_edge
1-3,other_group_pattern,B-A-A-B,646,87,13.47,64600,57570,-7030,89.12,661.72,15.86,79.54,501.69,9.58,-2.39,160.03,mixed_edge
1-4,stadium_code,14,559,56,10.02,55900,49810,-6090,89.11,889.46,10.14,74.17,731.46,14.94,-0.12,158.0,mixed_edge
1-4,stadium_code x target_lane,14 | 4,559,56,10.02,55900,49810,-6090,89.11,889.46,10.14,74.17,731.46,14.94,-0.12,158.0,mixed_edge
1-5,lane1_target_start_gap_pair,0.04-0.06-best,632,50,7.91,63200,56310,-6890,89.1,1126.2,6.7,75.78,1131.51,13.32,1.21,-5.31,mixed_edge
1-5,target_lane x lane1_target_start_gap_pair,5 | 0.04-0.06-best,632,50,7.91,63200,56310,-6890,89.1,1126.2,6.7,75.78,1131.51,13.32,1.21,-5.31,mixed_edge
1-5,lane1_start_exhibition_gap_bucket x target_start_exhibition_gap_bucket,0.04-0.06 | best,632,50,7.91,63200,56310,-6890,89.1,1126.2,6.7,75.78,1131.51,13.32,1.21,-5.31,mixed_edge
1-3,lane1_target_start_gap_pair x target_outer_pressure_bucket,<=0.03-0.04-0.06 | high_other_pressure,600,86,14.33,60000,53440,-6560,89.07,621.4,15.86,79.54,501.69,9.53,-1.53,119.71,mixed_edge
1-4,lane1_target_national_rank_pair x target_outer_pressure_bucket,4+-1 | high_other_pressure,537,64,11.92,53700,47820,-5880,89.05,747.19,10.14,74.17,731.46,14.88,1.78,15.73,mixed_edge
1-5,other_group_pattern,A-B-A-A,605,36,5.95,60500,53860,-6640,89.02,1496.11,6.7,75.78,1131.51,13.24,-0.75,364.6,mixed_edge
1-3,lane1_target_national_rank_pair,1-3,837,228,27.24,83700,74500,-9200,89.01,326.75,15.86,79.54,501.69,9.47,11.38,-174.94,mixed_edge
1-3,target_lane x lane1_target_national_rank_pair,3 | 1-3,837,228,27.24,83700,74500,-9200,89.01,326.75,15.86,79.54,501.69,9.47,11.38,-174.94,mixed_edge
1-5,lane1_target_start_gap_pair,<=0.03-<=0.03,869,66,7.59,86900,77340,-9560,89.0,1171.82,6.7,75.78,1131.51,13.22,0.89,40.31,mixed_edge
1-5,target_lane x lane1_target_start_gap_pair,5 | <=0.03-<=0.03,869,66,7.59,86900,77340,-9560,89.0,1171.82,6.7,75.78,1131.51,13.22,0.89,40.31,mixed_edge
1-5,lane1_start_exhibition_gap_bucket x target_start_exhibition_gap_bucket,<=0.03 | <=0.03,869,66,7.59,86900,77340,-9560,89.0,1171.82,6.7,75.78,1131.51,13.22,0.89,40.31,mixed_edge
1-4,lane1_target_national_rank_pair x target_outer_pressure_bucket,3-1 | high_other_pressure,254,49,19.29,25400,22560,-2840,88.82,460.41,10.14,74.17,731.46,14.65,9.15,-271.05,mixed_edge
1-5,lane1_target_exhibition_st_rank_pair,2-1,370,33,8.92,37000,32850,-4150,88.78,995.45,6.7,75.78,1131.51,13.0,2.22,-136.06,mixed_edge
1-5,lane1_exhibition_st_rank_bucket x target_exhibition_st_rank_bucket,2 | 1,370,33,8.92,37000,32850,-4150,88.78,995.45,6.7,75.78,1131.51,13.0,2.22,-136.06,mixed_edge
1-3,target_start_exhibition_gap_bucket,0.04-0.06,3654,631,17.27,365400,324360,-41040,88.77,514.04,15.86,79.54,501.69,9.23,1.41,12.35,mixed_edge
1-3,target_lane x target_start_exhibition_gap_bucket,3 | 0.04-0.06,3654,631,17.27,365400,324360,-41040,88.77,514.04,15.86,79.54,501.69,9.23,1.41,12.35,mixed_edge
1-3,target_motor_rank_bucket,2,2585,461,17.83,258500,229480,-29020,88.77,497.79,15.86,79.54,501.69,9.23,1.97,-3.9,mixed_edge
1-6,lane1_target_exhibition_time_diff_bucket,target_faster_0.05_0.10,1705,87,5.1,170500,151330,-19170,88.76,1739.43,4.05,73.3,1810.13,15.46,1.05,-70.7,mixed_edge
1-5,other_group_pattern,B-B-A-A,724,41,5.66,72400,64250,-8150,88.74,1567.07,6.7,75.78,1131.51,12.96,-1.04,435.56,mixed_edge
1-5,lane1_target_national_rank_pair,3-1,483,74,15.32,48300,42860,-5440,88.74,579.19,6.7,75.78,1131.51,12.96,8.62,-552.32,mixed_edge
1-5,target_lane x lane1_target_national_rank_pair,5 | 3-1,483,74,15.32,48300,42860,-5440,88.74,579.19,6.7,75.78,1131.51,12.96,8.62,-552.32,mixed_edge
1-6,target_start_exhibition_gap_bucket,<=0.03,2733,142,5.2,273300,242490,-30810,88.73,1707.68,4.05,73.3,1810.13,15.43,1.15,-102.45,mixed_edge
1-6,target_lane x target_start_exhibition_gap_bucket,6 | <=0.03,2733,142,5.2,273300,242490,-30810,88.73,1707.68,4.05,73.3,1810.13,15.43,1.15,-102.45,mixed_edge
1-6,lane1_target_class_pair,A1-A1,1563,82,5.25,156300,138670,-17630,88.72,1691.1,4.05,73.3,1810.13,15.42,1.2,-119.03,mixed_edge
1-3,lane1_target_class_pair,A2-A1,731,214,29.27,73100,64820,-8280,88.67,302.9,15.86,79.54,501.69,9.13,13.41,-198.79,mixed_edge
1-4,lane1_target_class_pair,B1-A1,740,100,13.51,74000,65610,-8390,88.66,656.1,10.14,74.17,731.46,14.49,3.37,-75.36,mixed_edge
1-2,other_group_pattern,A-B-A-A,471,87,18.47,47100,41760,-5340,88.66,480.0,18.61,79.76,428.68,8.9,-0.14,51.32,mixed_edge
1-4,lane1_target_exhibition_time_diff_bucket x lane1_target_start_exhibition_st_diff_bucket,near_equal | target_faster_0.03_0.06,840,100,11.9,84000,74380,-9620,88.55,743.8,10.14,74.17,731.46,14.38,1.76,12.34,mixed_edge
1-4,lane1_target_group_pair x other_a_count_bucket,A-B | 2,1489,126,8.46,148900,131810,-17090,88.52,1046.11,10.14,74.17,731.46,14.35,-1.68,314.65,mixed_edge
1-2,lane1_target_national_rank_pair x target_outer_pressure_bucket,3-1 | some_other_pressure,128,37,28.91,12800,11330,-1470,88.52,306.22,18.61,79.76,428.68,8.76,10.3,-122.46,mixed_edge
1-6,lane1_target_start_gap_pair x target_outer_pressure_bucket,0.04-0.06-0.04-0.06 | high_other_pressure,474,17,3.59,47400,41950,-5450,88.5,2467.65,4.05,73.3,1810.13,15.2,-0.46,657.52,mixed_edge
1-2,stadium_code,06,695,130,18.71,69500,61490,-8010,88.47,473.0,18.61,79.76,428.68,8.71,0.1,44.32,mixed_edge
1-2,stadium_code x target_lane,06 | 2,695,130,18.71,69500,61490,-8010,88.47,473.0,18.61,79.76,428.68,8.71,0.1,44.32,mixed_edge
1-4,stadium_code,03,646,56,8.67,64600,57040,-7560,88.3,1018.57,10.14,74.17,731.46,14.13,-1.47,287.11,mixed_edge
1-4,stadium_code x target_lane,03 | 4,646,56,8.67,64600,57040,-7560,88.3,1018.57,10.14,74.17,731.46,14.13,-1.47,287.11,mixed_edge
1-6,lane1_target_class_pair,A2-A2,963,62,6.44,96300,85020,-11280,88.29,1371.29,4.05,73.3,1810.13,14.99,2.39,-438.84,mixed_edge
1-2,lane1_target_exhibition_time_diff_bucket x lane1_target_start_exhibition_st_diff_bucket,near_equal | target_faster_0.03_0.06,867,189,21.8,86700,76520,-10180,88.26,404.87,18.61,79.76,428.68,8.5,3.19,-23.81,mixed_edge
1-5,lane1_target_national_rank_pair x target_outer_pressure_bucket,2-1 | high_other_pressure,307,55,17.92,30700,27090,-3610,88.24,492.55,6.7,75.78,1131.51,12.46,11.22,-638.96,mixed_edge
1-2,lane1_target_national_rank_pair x target_outer_pressure_bucket,4+-2 | some_other_pressure,668,112,16.77,66800,58940,-7860,88.23,526.25,18.61,79.76,428.68,8.47,-1.84,97.57,mixed_edge
1-5,lane1_target_group_pair x other_a_count_bucket,A-B | 1,1507,95,6.3,150700,132910,-17790,88.2,1399.05,6.7,75.78,1131.51,12.42,-0.4,267.54,mixed_edge
1-2,target_class_group x target_outer_pressure_bucket,B | some_other_pressure,773,206,26.65,77300,68180,-9120,88.2,330.97,18.61,79.76,428.68,8.44,8.04,-97.71,mixed_edge
1-6,lane1_target_class_pair,B1-A1,1030,78,7.57,103000,90820,-12180,88.17,1164.36,4.05,73.3,1810.13,14.87,3.52,-645.77,mixed_edge
1-5,lane1_target_start_gap_pair x target_outer_pressure_bucket,<=0.03-<=0.03 | high_other_pressure,717,45,6.28,71700,63220,-8480,88.17,1404.89,6.7,75.78,1131.51,12.39,-0.42,273.38,mixed_edge
1-5,target_local_win_rank_bucket,3,2445,189,7.73,244500,215460,-29040,88.12,1140.0,6.7,75.78,1131.51,12.34,1.03,8.49,mixed_edge
1-5,lane1_target_local_win_diff_bucket,target_plus_0.35_1.00,1503,130,8.65,150300,132420,-17880,88.1,1018.62,6.7,75.78,1131.51,12.32,1.95,-112.89,mixed_edge
1-5,lane1_target_start_exhibition_st_diff_bucket,target_faster_0.03_0.06,1772,132,7.45,177200,156090,-21110,88.09,1182.5,6.7,75.78,1131.51,12.31,0.75,50.99,mixed_edge
1-6,lane1_target_exhibition_time_diff_bucket x lane1_target_start_exhibition_st_diff_bucket,near_equal | target_faster_0.03_0.06,742,36,4.85,74200,65360,-8840,88.09,1815.56,4.05,73.3,1810.13,14.79,0.8,5.43,mixed_edge
1-4,stadium_code,20,593,86,14.5,59300,52230,-7070,88.08,607.33,10.14,74.17,731.46,13.91,4.36,-124.13,mixed_edge
1-4,stadium_code x target_lane,20 | 4,593,86,14.5,59300,52230,-7070,88.08,607.33,10.14,74.17,731.46,13.91,4.36,-124.13,mixed_edge
1-3,lane1_target_exhibition_st_rank_pair,3-2,529,88,16.64,52900,46590,-6310,88.07,529.43,15.86,79.54,501.69,8.53,0.78,27.74,mixed_edge
1-3,lane1_exhibition_st_rank_bucket x target_exhibition_st_rank_bucket,3 | 2,529,88,16.64,52900,46590,-6310,88.07,529.43,15.86,79.54,501.69,8.53,0.78,27.74,mixed_edge
1-4,stadium_code,05,558,58,10.39,55800,49110,-6690,88.01,846.72,10.14,74.17,731.46,13.84,0.25,115.26,mixed_edge
1-4,stadium_code x target_lane,05 | 4,558,58,10.39,55800,49110,-6690,88.01,846.72,10.14,74.17,731.46,13.84,0.25,115.26,mixed_edge
1-5,lane1_target_national_rank_pair,4+-1,1069,101,9.45,106900,94060,-12840,87.99,931.29,6.7,75.78,1131.51,12.21,2.75,-200.22,mixed_edge
1-5,target_lane x lane1_target_national_rank_pair,5 | 4+-1,1069,101,9.45,106900,94060,-12840,87.99,931.29,6.7,75.78,1131.51,12.21,2.75,-200.22,mixed_edge
1-6,lane1_target_boat_place_diff_bucket,target_plus_10+,1940,75,3.87,194000,170680,-23320,87.98,2275.73,4.05,73.3,1810.13,14.68,-0.18,465.6,mixed_edge
1-2,lane1_target_group_pair x other_a_count_bucket,A-B | 1,1528,283,18.52,152800,134420,-18380,87.97,474.98,18.61,79.76,428.68,8.21,-0.09,46.3,mixed_edge
1-6,lane1_target_group_pair x target_outer_pressure_bucket,B-A | high_other_pressure,1547,75,4.85,154700,136060,-18640,87.95,1814.13,4.05,73.3,1810.13,14.65,0.8,4.0,mixed_edge
1-2,stadium_code,05,558,103,18.46,55800,49060,-6740,87.92,476.31,18.61,79.76,428.68,8.16,-0.15,47.63,mixed_edge
1-2,stadium_code x target_lane,05 | 2,558,103,18.46,55800,49060,-6740,87.92,476.31,18.61,79.76,428.68,8.16,-0.15,47.63,mixed_edge
1-2,lane1_target_group_pair x other_a_count_bucket,B-A | 4,48,10,20.83,4800,4220,-580,87.92,422.0,18.61,79.76,428.68,8.16,2.22,-6.68,mixed_edge
1-6,lane1_target_start_gap_pair x target_outer_pressure_bucket,>0.06-<=0.03 | high_other_pressure,598,22,3.68,59800,52570,-7230,87.91,2389.55,4.05,73.3,1810.13,14.61,-0.37,579.42,mixed_edge
1-5,other_b2_count_bucket,2,426,42,9.86,42600,37450,-5150,87.91,891.67,6.7,75.78,1131.51,12.13,3.16,-239.84,mixed_edge
1-5,lane1_target_national_win_diff_bucket,near_equal,2678,220,8.22,267800,235330,-32470,87.88,1069.68,6.7,75.78,1131.51,12.1,1.52,-61.83,mixed_edge
1-2,lane1_exhibition_rank_bucket,3,2671,537,20.1,267100,234550,-32550,87.81,436.78,18.61,79.76,428.68,8.05,1.49,8.1,mixed_edge
1-4,lane1_target_exhibition_time_diff_bucket x lane1_target_start_exhibition_st_diff_bucket,lane1_faster_0.10+ | target_faster_0.03_0.06,233,17,7.3,23300,20460,-2840,87.81,1203.53,10.14,74.17,731.46,13.64,-2.84,472.07,mixed_edge
1-3,other_a_count_bucket,2,5121,678,13.24,512100,449620,-62480,87.8,663.16,15.86,79.54,501.69,8.26,-2.62,161.47,mixed_edge
1-3,target_lane x other_a_count_bucket,3 | 2,5121,678,13.24,512100,449620,-62480,87.8,663.16,15.86,79.54,501.69,8.26,-2.62,161.47,mixed_edge
1-4,lane1_target_national_rank_pair x target_outer_pressure_bucket,1-2 | high_other_pressure,407,87,21.38,40700,35720,-4980,87.76,410.57,10.14,74.17,731.46,13.59,11.24,-320.89,mixed_edge
1-4,target_class_group x target_outer_pressure_bucket,B | low_other_pressure,106,24,22.64,10600,9300,-1300,87.74,387.5,10.14,74.17,731.46,13.57,12.5,-343.96,mixed_edge
1-2,lane1_target_national_rank_pair,1-3,878,268,30.52,87800,77020,-10780,87.72,287.39,18.61,79.76,428.68,7.96,11.91,-141.29,mixed_edge
1-2,target_lane x lane1_target_national_rank_pair,2 | 1-3,878,268,30.52,87800,77020,-10780,87.72,287.39,18.61,79.76,428.68,7.96,11.91,-141.29,mixed_edge
1-3,lane1_target_exhibition_time_diff_bucket,lane1_faster_0.05_0.10,3319,565,17.02,331900,290950,-40950,87.66,514.96,15.86,79.54,501.69,8.12,1.16,13.27,mixed_edge
1-2,lane1_target_start_gap_pair x target_outer_pressure_bucket,best->0.06 | some_other_pressure,215,56,26.05,21500,18840,-2660,87.63,336.43,18.61,79.76,428.68,7.87,7.44,-92.25,mixed_edge
1-4,lane1_target_start_gap_pair x target_outer_pressure_bucket,0.04-0.06-0.04-0.06 | high_other_pressure,517,44,8.51,51700,45270,-6430,87.56,1028.86,10.14,74.17,731.46,13.39,-1.63,297.4,mixed_edge
1-3,lane1_target_class_pair,B2-A2,114,17,14.91,11400,9980,-1420,87.54,587.06,15.86,79.54,501.69,8.0,-0.95,85.37,mixed_edge
1-3,stadium_code,03,646,81,12.54,64600,56540,-8060,87.52,698.02,15.86,79.54,501.69,7.98,-3.32,196.33,mixed_edge
1-3,stadium_code x target_lane,03 | 3,646,81,12.54,64600,56540,-8060,87.52,698.02,15.86,79.54,501.69,7.98,-3.32,196.33,mixed_edge
1-2,lane1_target_national_rank_pair,1-4+,2111,455,21.55,211100,184710,-26390,87.5,405.96,18.61,79.76,428.68,7.74,2.94,-22.72,mixed_edge
1-2,target_lane x lane1_target_national_rank_pair,2 | 1-4+,2111,455,21.55,211100,184710,-26390,87.5,405.96,18.61,79.76,428.68,7.74,2.94,-22.72,mixed_edge
1-2,lane1_target_national_rank_pair x target_outer_pressure_bucket,1-4+ | high_other_pressure,2111,455,21.55,211100,184710,-26390,87.5,405.96,18.61,79.76,428.68,7.74,2.94,-22.72,mixed_edge
1-3,stadium_code,20,593,109,18.38,59300,51890,-7410,87.5,476.06,15.86,79.54,501.69,7.96,2.52,-25.63,mixed_edge
1-3,stadium_code x target_lane,20 | 3,593,109,18.38,59300,51890,-7410,87.5,476.06,15.86,79.54,501.69,7.96,2.52,-25.63,mixed_edge
1-6,target_exhibition_rank_bucket x other_exhibition_faster_than_target_count_bucket,2 | 0,930,53,5.7,93000,81340,-11660,87.46,1534.72,4.05,73.3,1810.13,14.16,1.65,-275.41,mixed_edge
1-4,lane1_target_exhibition_st_rank_pair,2-1,472,70,14.83,47200,41280,-5920,87.46,589.71,10.14,74.17,731.46,13.29,4.69,-141.75,mixed_edge
1-4,lane1_exhibition_st_rank_bucket x target_exhibition_st_rank_bucket,2 | 1,472,70,14.83,47200,41280,-5920,87.46,589.71,10.14,74.17,731.46,13.29,4.69,-141.75,mixed_edge
1-5,target_exhibition_rank_bucket x other_exhibition_faster_than_target_count_bucket,2 | 0,968,97,10.02,96800,84630,-12170,87.43,872.47,6.7,75.78,1131.51,11.65,3.32,-259.04,mixed_edge
1-2,lane1_target_exhibition_st_rank_pair,3-2,384,81,21.09,38400,33570,-4830,87.42,414.44,18.61,79.76,428.68,7.66,2.48,-14.24,mixed_edge
1-2,lane1_exhibition_st_rank_bucket x target_exhibition_st_rank_bucket,3 | 2,384,81,21.09,38400,33570,-4830,87.42,414.44,18.61,79.76,428.68,7.66,2.48,-14.24,mixed_edge
1-6,lane1_target_start_gap_pair,>0.06-<=0.03,744,33,4.44,74400,65030,-9370,87.41,1970.61,4.05,73.3,1810.13,14.11,0.39,160.48,mixed_edge
1-6,target_lane x lane1_target_start_gap_pair,6 | >0.06-<=0.03,744,33,4.44,74400,65030,-9370,87.41,1970.61,4.05,73.3,1810.13,14.11,0.39,160.48,mixed_edge
1-6,lane1_start_exhibition_gap_bucket x target_start_exhibition_gap_bucket,>0.06 | <=0.03,744,33,4.44,74400,65030,-9370,87.41,1970.61,4.05,73.3,1810.13,14.11,0.39,160.48,mixed_edge
1-6,lane1_target_start_gap_pair x target_outer_pressure_bucket,>0.06-<=0.03 | some_other_pressure,116,8,6.9,11600,10140,-1460,87.41,1267.5,4.05,73.3,1810.13,14.11,2.85,-542.63,mixed_edge
1-2,lane1_target_exhibition_time_diff_bucket x lane1_target_start_exhibition_st_diff_bucket,lane1_faster_0.10+ | near_equal,661,139,21.03,66100,57760,-8340,87.38,415.54,18.61,79.76,428.68,7.62,2.42,-13.14,mixed_edge
1-4,lane1_target_motor_place_diff_bucket,target_plus_4_10,2680,315,11.75,268000,234120,-33880,87.36,743.24,10.14,74.17,731.46,13.19,1.61,11.78,mixed_edge
1-3,lane1_target_exhibition_time_diff_bucket,target_faster_0.05_0.10,1752,293,16.72,175200,152930,-22270,87.29,521.95,15.86,79.54,501.69,7.75,0.86,20.26,mixed_edge
1-4,other_group_pattern,A-A-B-A,597,43,7.2,59700,52110,-7590,87.29,1211.86,10.14,74.17,731.46,13.12,-2.94,480.4,mixed_edge
1-5,lane1_target_national_rank_pair,1-2,670,102,15.22,67000,58480,-8520,87.28,573.33,6.7,75.78,1131.51,11.5,8.52,-558.18,mixed_edge
1-5,target_lane x lane1_target_national_rank_pair,5 | 1-2,670,102,15.22,67000,58480,-8520,87.28,573.33,6.7,75.78,1131.51,11.5,8.52,-558.18,mixed_edge
1-6,lane1_target_group_pair x other_a_count_bucket,A-A | 4,1562,59,3.78,156200,136230,-19970,87.22,2308.98,4.05,73.3,1810.13,13.92,-0.27,498.85,mixed_edge
1-2,lane1_target_group_pair x other_a_count_bucket,A-B | 3,560,95,16.96,56000,48830,-7170,87.2,514.0,18.61,79.76,428.68,7.44,-1.65,85.32,mixed_edge
1-4,lane1_start_exhibition_gap_bucket,0.04-0.06,2834,300,10.59,283400,247070,-36330,87.18,823.57,10.14,74.17,731.46,13.01,0.45,92.11,mixed_edge
1-4,lane1_target_start_gap_pair,0.04-0.06-0.04-0.06,611,62,10.15,61100,53250,-7850,87.15,858.87,10.14,74.17,731.46,12.98,0.01,127.41,mixed_edge
1-4,target_lane x lane1_target_start_gap_pair,4 | 0.04-0.06-0.04-0.06,611,62,10.15,61100,53250,-7850,87.15,858.87,10.14,74.17,731.46,12.98,0.01,127.41,mixed_edge
1-4,lane1_start_exhibition_gap_bucket x target_start_exhibition_gap_bucket,0.04-0.06 | 0.04-0.06,611,62,10.15,61100,53250,-7850,87.15,858.87,10.14,74.17,731.46,12.98,0.01,127.41,mixed_edge
1-4,other_group_pattern,B-B-A-A,558,58,10.39,55800,48630,-7170,87.15,838.45,10.14,74.17,731.46,12.98,0.25,106.99,mixed_edge
1-2,lane1_target_national_rank_pair x target_outer_pressure_bucket,4+-1 | low_other_pressure,462,89,19.26,46200,40230,-5970,87.08,452.02,18.61,79.76,428.68,7.32,0.65,23.34,mixed_edge
1-2,stadium_code,24,598,141,23.58,59800,52030,-7770,87.01,369.01,18.61,79.76,428.68,7.25,4.97,-59.67,mixed_edge
1-2,stadium_code x target_lane,24 | 2,598,141,23.58,59800,52030,-7770,87.01,369.01,18.61,79.76,428.68,7.25,4.97,-59.67,mixed_edge
1-3,lane1_target_exhibition_time_diff_bucket x lane1_target_start_exhibition_st_diff_bucket,target_faster_0.10+ | lane1_faster_0.03_0.06,160,27,16.88,16000,13920,-2080,87.0,515.56,15.86,79.54,501.69,7.46,1.02,13.87,mixed_edge
1-5,lane1_target_class_pair,A1-A2,1002,109,10.88,100200,87160,-13040,86.99,799.63,6.7,75.78,1131.51,11.21,4.18,-331.88,mixed_edge
1-6,lane1_target_local_win_diff_bucket,target_plus_1.00+,3550,203,5.72,355000,308760,-46240,86.97,1520.99,4.05,73.3,1810.13,13.67,1.67,-289.14,mixed_edge
1-6,lane1_target_class_pair,B1-A2,1271,54,4.25,127100,110530,-16570,86.96,2046.85,4.05,73.3,1810.13,13.66,0.2,236.72,mixed_edge
1-4,target_exhibition_st_rank_bucket,3,2699,319,11.82,269900,234650,-35250,86.94,735.58,10.14,74.17,731.46,12.77,1.68,4.12,mixed_edge
1-4,target_lane x target_exhibition_st_rank_bucket,4 | 3,2699,319,11.82,269900,234650,-35250,86.94,735.58,10.14,74.17,731.46,12.77,1.68,4.12,mixed_edge
1-6,lane1_target_exhibition_time_diff_bucket x lane1_target_start_exhibition_st_diff_bucket,near_equal | near_equal,1636,91,5.56,163600,141960,-21640,86.77,1560.0,4.05,73.3,1810.13,13.47,1.51,-250.13,mixed_edge
1-3,lane1_target_national_win_diff_bucket,near_equal,2966,540,18.21,296600,257320,-39280,86.76,476.52,15.86,79.54,501.69,7.22,2.35,-25.17,mixed_edge
1-3,stadium_code,24,598,121,20.23,59800,51870,-7930,86.74,428.68,15.86,79.54,501.69,7.2,4.37,-73.01,mixed_edge
1-3,stadium_code x target_lane,24 | 3,598,121,20.23,59800,51870,-7930,86.74,428.68,15.86,79.54,501.69,7.2,4.37,-73.01,mixed_edge
1-3,target_exhibition_rank_bucket,2,2547,477,18.73,254700,220900,-33800,86.73,463.1,15.86,79.54,501.69,7.19,2.87,-38.59,mixed_edge
1-6,lane1_motor_rank_bucket,3,2491,110,4.42,249100,215890,-33210,86.67,1962.64,4.05,73.3,1810.13,13.37,0.37,152.51,mixed_edge
1-6,lane1_target_group_pair,B-A,2461,142,5.77,246100,213260,-32840,86.66,1501.83,4.05,73.3,1810.13,13.36,1.72,-308.3,mixed_edge
1-5,race_no_bucket,1-3R,3898,242,6.21,389800,337650,-52150,86.62,1395.25,6.7,75.78,1131.51,10.84,-0.49,263.74,mixed_edge
1-5,race_no_bucket x target_lane,1-3R | 5,3898,242,6.21,389800,337650,-52150,86.62,1395.25,6.7,75.78,1131.51,10.84,-0.49,263.74,mixed_edge
1-4,lane1_target_national_rank_pair,3-1,512,97,18.95,51200,44340,-6860,86.6,457.11,10.14,74.17,731.46,12.43,8.81,-274.35,mixed_edge
1-4,target_lane x lane1_target_national_rank_pair,4 | 3-1,512,97,18.95,51200,44340,-6860,86.6,457.11,10.14,74.17,731.46,12.43,8.81,-274.35,mixed_edge
1-3,target_exhibition_rank_bucket,1,2257,399,17.68,225700,195430,-30270,86.59,489.8,15.86,79.54,501.69,7.05,1.82,-11.89,mixed_edge
1-3,target_exhibition_rank_bucket x other_exhibition_faster_than_target_count_bucket,1 | 0,2257,399,17.68,225700,195430,-30270,86.59,489.8,15.86,79.54,501.69,7.05,1.82,-11.89,mixed_edge
1-2,lane1_target_class_pair,A1-B1,1582,345,21.81,158200,136980,-21220,86.59,397.04,18.61,79.76,428.68,6.83,3.2,-31.64,mixed_edge
1-3,lane1_target_class_pair,A1-B1,1685,313,18.58,168500,145780,-22720,86.52,465.75,15.86,79.54,501.69,6.98,2.72,-35.94,mixed_edge
1-6,lane1_target_start_gap_pair x target_outer_pressure_bucket,0.04-0.06-0.04-0.06 | some_other_pressure,66,5,7.58,6600,5710,-890,86.52,1142.0,4.05,73.3,1810.13,13.22,3.53,-668.13,mixed_edge
1-2,lane1_target_exhibition_st_rank_pair,2-3,732,154,21.04,73200,63250,-9950,86.41,410.71,18.61,79.76,428.68,6.65,2.43,-17.97,mixed_edge
1-2,lane1_exhibition_st_rank_bucket x target_exhibition_st_rank_bucket,2 | 3,732,154,21.04,73200,63250,-9950,86.41,410.71,18.61,79.76,428.68,6.65,2.43,-17.97,mixed_edge
1-3,lane1_target_group_pair x target_outer_pressure_bucket,B-B | some_other_pressure,240,49,20.42,24000,20730,-3270,86.38,423.06,15.86,79.54,501.69,6.84,4.56,-78.63,mixed_edge
1-2,lane1_target_national_rank_pair x target_outer_pressure_bucket,1-2 | some_other_pressure,214,77,35.98,21400,18480,-2920,86.36,240.0,18.61,79.76,428.68,6.6,17.37,-188.68,mixed_edge
1-3,lane1_target_boat_place_diff_bucket,lane1_plus_10+,1890,313,16.56,189000,163080,-25920,86.29,521.02,15.86,79.54,501.69,6.75,0.7,19.33,mixed_edge
1-5,lane1_target_start_gap_pair x target_outer_pressure_bucket,<=0.03-<=0.03 | some_other_pressure,113,13,11.5,11300,9750,-1550,86.28,750.0,6.7,75.78,1131.51,10.5,4.8,-381.51,mixed_edge
1-5,lane1_exhibition_st_rank_bucket,3,2253,158,7.01,225300,194280,-31020,86.23,1229.62,6.7,75.78,1131.51,10.45,0.31,98.11,mixed_edge
1-4,lane1_target_start_gap_pair x target_outer_pressure_bucket,0.04-0.06-best | low_other_pressure,53,12,22.64,5300,4570,-730,86.23,380.83,10.14,74.17,731.46,12.06,12.5,-350.63,mixed_edge
1-3,lane1_target_national_rank_pair,4+-4+,2122,173,8.15,212200,182950,-29250,86.22,1057.51,15.86,79.54,501.69,6.68,-7.71,555.82,mixed_edge
1-3,target_lane x lane1_target_national_rank_pair,3 | 4+-4+,2122,173,8.15,212200,182950,-29250,86.22,1057.51,15.86,79.54,501.69,6.68,-7.71,555.82,mixed_edge
1-3,lane1_target_national_rank_pair x target_outer_pressure_bucket,4+-4+ | high_other_pressure,2122,173,8.15,212200,182950,-29250,86.22,1057.51,15.86,79.54,501.69,6.68,-7.71,555.82,mixed_edge
1-4,target_start_exhibition_gap_bucket,0.04-0.06,3451,396,11.47,345100,297360,-47740,86.17,750.91,10.14,74.17,731.46,12.0,1.33,19.45,mixed_edge
1-4,target_lane x target_start_exhibition_gap_bucket,4 | 0.04-0.06,3451,396,11.47,345100,297360,-47740,86.17,750.91,10.14,74.17,731.46,12.0,1.33,19.45,mixed_edge
1-3,other_group_pattern,A-A-B-A,646,82,12.69,64600,55650,-8950,86.15,678.66,15.86,79.54,501.69,6.61,-3.17,176.97,mixed_edge
1-6,stadium_code,12,624,26,4.17,62400,53750,-8650,86.14,2067.31,4.05,73.3,1810.13,12.84,0.12,257.18,mixed_edge
1-6,stadium_code x target_lane,12 | 6,624,26,4.17,62400,53750,-8650,86.14,2067.31,4.05,73.3,1810.13,12.84,0.12,257.18,mixed_edge
1-3,lane1_target_group_pair x target_outer_pressure_bucket,B-B | high_other_pressure,3448,301,8.73,344800,296620,-48180,86.03,985.45,15.86,79.54,501.69,6.49,-7.13,483.76,mixed_edge
1-6,lane1_target_local_win_diff_bucket,lane1_plus_0.35_1.00,1872,78,4.17,187200,160990,-26210,86.0,2063.97,4.05,73.3,1810.13,12.7,0.12,253.84,mixed_edge
1-6,target_exhibition_st_rank_bucket,3,1984,92,4.64,198400,170610,-27790,85.99,1854.46,4.05,73.3,1810.13,12.69,0.59,44.33,mixed_edge
1-6,target_lane x target_exhibition_st_rank_bucket,6 | 3,1984,92,4.64,198400,170610,-27790,85.99,1854.46,4.05,73.3,1810.13,12.69,0.59,44.33,mixed_edge
1-2,lane1_target_start_gap_pair,best->0.06,1288,263,20.42,128800,110740,-18060,85.98,421.06,18.61,79.76,428.68,6.22,1.81,-7.62,mixed_edge
1-2,target_lane x lane1_target_start_gap_pair,2 | best->0.06,1288,263,20.42,128800,110740,-18060,85.98,421.06,18.61,79.76,428.68,6.22,1.81,-7.62,mixed_edge
1-2,lane1_start_exhibition_gap_bucket x target_start_exhibition_gap_bucket,best | >0.06,1288,263,20.42,128800,110740,-18060,85.98,421.06,18.61,79.76,428.68,6.22,1.81,-7.62,mixed_edge
1-5,lane1_target_start_gap_pair,<=0.03-0.04-0.06,754,54,7.16,75400,64830,-10570,85.98,1200.56,6.7,75.78,1131.51,10.2,0.46,69.05,mixed_edge
1-5,target_lane x lane1_target_start_gap_pair,5 | <=0.03-0.04-0.06,754,54,7.16,75400,64830,-10570,85.98,1200.56,6.7,75.78,1131.51,10.2,0.46,69.05,mixed_edge
1-5,lane1_start_exhibition_gap_bucket x target_start_exhibition_gap_bucket,<=0.03 | 0.04-0.06,754,54,7.16,75400,64830,-10570,85.98,1200.56,6.7,75.78,1131.51,10.2,0.46,69.05,mixed_edge
1-5,lane1_target_group_pair x other_a_count_bucket,A-A | 2,923,113,12.24,92300,79340,-12960,85.96,702.12,6.7,75.78,1131.51,10.18,5.54,-429.39,mixed_edge
1-4,lane1_target_boat_place_diff_bucket,target_plus_10+,1924,204,10.6,192400,165270,-27130,85.9,810.15,10.14,74.17,731.46,11.73,0.46,78.69,mixed_edge
1-3,lane1_target_group_pair x other_a_count_bucket,A-B | 3,667,81,12.14,66700,57290,-9410,85.89,707.28,15.86,79.54,501.69,6.35,-3.72,205.59,mixed_edge
1-5,lane1_exhibition_st_rank_bucket,1,4915,403,8.2,491500,421620,-69880,85.78,1046.2,6.7,75.78,1131.51,10.0,1.5,-85.31,mixed_edge
1-5,lane1_start_exhibition_gap_bucket,best,4915,403,8.2,491500,421620,-69880,85.78,1046.2,6.7,75.78,1131.51,10.0,1.5,-85.31,mixed_edge
1-2,target_national_win_rank_bucket x other_national_better_than_target_count_bucket,4+ | 2,2164,436,20.15,216400,185560,-30840,85.75,425.6,18.61,79.76,428.68,5.99,1.54,-3.08,mixed_edge
1-6,target_exhibition_rank_bucket,2,2042,103,5.04,204200,175020,-29180,85.71,1699.22,4.05,73.3,1810.13,12.41,0.99,-110.91,mixed_edge
1-5,wind_bucket,0-2,7641,579,7.58,764100,654820,-109280,85.7,1130.95,6.7,75.78,1131.51,9.92,0.88,-0.56,mixed_edge
1-2,stadium_code,09,436,95,21.79,43600,37360,-6240,85.69,393.26,18.61,79.76,428.68,5.93,3.18,-35.42,mixed_edge
1-2,stadium_code x target_lane,09 | 2,436,95,21.79,43600,37360,-6240,85.69,393.26,18.61,79.76,428.68,5.93,3.18,-35.42,mixed_edge
1-4,lane1_target_start_exhibition_st_diff_bucket,target_faster_0.03_0.06,1814,196,10.8,181400,155420,-25980,85.68,792.96,10.14,74.17,731.46,11.51,0.66,61.5,mixed_edge
1-2,lane1_target_exhibition_time_diff_bucket,target_faster_0.10+,949,161,16.97,94900,81310,-13590,85.68,505.03,18.61,79.76,428.68,5.92,-1.64,76.35,mixed_edge
1-3,lane1_target_start_gap_pair x target_outer_pressure_bucket,<=0.03-best | some_other_pressure,164,37,22.56,16400,14050,-2350,85.67,379.73,15.86,79.54,501.69,6.13,6.7,-121.96,mixed_edge
1-6,target_exhibition_rank_bucket,1,1985,126,6.35,198500,169780,-28720,85.53,1347.46,4.05,73.3,1810.13,12.23,2.3,-462.67,mixed_edge
1-6,target_exhibition_rank_bucket x other_exhibition_faster_than_target_count_bucket,1 | 0,1985,126,6.35,198500,169780,-28720,85.53,1347.46,4.05,73.3,1810.13,12.23,2.3,-462.67,mixed_edge
1-4,lane1_target_national_rank_pair,4+-1,1013,127,12.54,101300,86640,-14660,85.53,682.2,10.14,74.17,731.46,11.36,2.4,-49.26,mixed_edge
1-4,target_lane x lane1_target_national_rank_pair,4 | 4+-1,1013,127,12.54,101300,86640,-14660,85.53,682.2,10.14,74.17,731.46,11.36,2.4,-49.26,mixed_edge
1-3,lane1_target_group_pair,B-B,3739,356,9.52,373900,319740,-54160,85.51,898.15,15.86,79.54,501.69,5.97,-6.34,396.46,mixed_edge
1-5,lane1_target_group_pair x other_a_count_bucket,A-B | 0,890,83,9.33,89000,76080,-12920,85.48,916.63,6.7,75.78,1131.51,9.7,2.63,-214.88,mixed_edge
1-5,target_start_exhibition_gap_bucket,<=0.03,3517,271,7.71,351700,300440,-51260,85.43,1108.63,6.7,75.78,1131.51,9.65,1.01,-22.88,mixed_edge
1-5,target_lane x target_start_exhibition_gap_bucket,5 | <=0.03,3517,271,7.71,351700,300440,-51260,85.43,1108.63,6.7,75.78,1131.51,9.65,1.01,-22.88,mixed_edge
1-3,other_exhibition_faster_than_target_count_bucket,0,3677,684,18.6,367700,313910,-53790,85.37,458.93,15.86,79.54,501.69,5.83,2.74,-42.76,mixed_edge
1-2,target_exhibition_st_rank_bucket x other_st_faster_than_target_count_bucket,4+ | 2,1617,315,19.48,161700,138050,-23650,85.37,438.25,18.61,79.76,428.68,5.61,0.87,9.57,mixed_edge
1-5,lane1_target_exhibition_st_rank_pair,2-4+,1828,122,6.67,182800,156020,-26780,85.35,1278.85,6.7,75.78,1131.51,9.57,-0.03,147.34,mixed_edge
1-5,lane1_exhibition_st_rank_bucket x target_exhibition_st_rank_bucket,2 | 4+,1828,122,6.67,182800,156020,-26780,85.35,1278.85,6.7,75.78,1131.51,9.57,-0.03,147.34,mixed_edge
1-5,other_group_pattern,A-A-B-A,578,33,5.71,57800,49330,-8470,85.35,1494.85,6.7,75.78,1131.51,9.57,-0.99,363.34,mixed_edge
1-5,other_st_faster_than_target_count_bucket,2,3290,229,6.96,329000,280750,-48250,85.33,1225.98,6.7,75.78,1131.51,9.55,0.26,94.47,mixed_edge
1-6,stadium_code,03,646,29,4.49,64600,55120,-9480,85.33,1900.69,4.05,73.3,1810.13,12.03,0.44,90.56,mixed_edge
1-6,stadium_code x target_lane,03 | 6,646,29,4.49,64600,55120,-9480,85.33,1900.69,4.05,73.3,1810.13,12.03,0.44,90.56,mixed_edge
1-5,target_exhibition_rank_bucket x other_exhibition_faster_than_target_count_bucket,4+ | 2,2329,169,7.26,232900,198710,-34190,85.32,1175.8,6.7,75.78,1131.51,9.54,0.56,44.29,mixed_edge
1-5,target_national_win_rank_bucket,1,2149,271,12.61,214900,183100,-31800,85.2,675.65,6.7,75.78,1131.51,9.42,5.91,-455.86,mixed_edge
1-5,target_national_win_rank_bucket x other_national_better_than_target_count_bucket,1 | 0,2149,271,12.61,214900,183100,-31800,85.2,675.65,6.7,75.78,1131.51,9.42,5.91,-455.86,mixed_edge
1-2,lane1_target_exhibition_time_diff_bucket x lane1_target_start_exhibition_st_diff_bucket,near_equal | lane1_faster_0.03_0.06,1467,314,21.4,146700,124990,-21710,85.2,398.06,18.61,79.76,428.68,5.44,2.79,-30.62,mixed_edge
1-2,lane1_national_win_rank_bucket,1,3823,993,25.97,382300,325660,-56640,85.18,327.96,18.61,79.76,428.68,5.42,7.36,-100.72,mixed_edge
1-5,lane1_target_boat_place_diff_bucket,target_plus_4_10,2812,191,6.79,281200,239450,-41750,85.15,1253.66,6.7,75.78,1131.51,9.37,0.09,122.15,mixed_edge
1-2,lane1_target_motor_place_diff_bucket,target_plus_4_10,2595,490,18.88,259500,220820,-38680,85.09,450.65,18.61,79.76,428.68,5.33,0.27,21.97,mixed_edge
1-6,target_outer_pressure_bucket,some_other_pressure,1851,130,7.02,185100,157500,-27600,85.09,1211.54,4.05,73.3,1810.13,11.79,2.97,-598.59,mixed_edge
1-6,target_lane x target_outer_pressure_bucket,6 | some_other_pressure,1851,130,7.02,185100,157500,-27600,85.09,1211.54,4.05,73.3,1810.13,11.79,2.97,-598.59,mixed_edge
1-2,target_exhibition_st_rank_bucket,3,2686,552,20.55,268600,228520,-40080,85.08,413.99,18.61,79.76,428.68,5.32,1.94,-14.69,mixed_edge
1-2,target_lane x target_exhibition_st_rank_bucket,2 | 3,2686,552,20.55,268600,228520,-40080,85.08,413.99,18.61,79.76,428.68,5.32,1.94,-14.69,mixed_edge
1-4,lane1_target_group_pair x target_outer_pressure_bucket,A-B | low_other_pressure,63,15,23.81,6300,5360,-940,85.08,357.33,10.14,74.17,731.46,10.91,13.67,-374.13,mixed_edge
1-4,lane1_target_group_pair x other_a_count_bucket,B-B | 2,1703,78,4.58,170300,144850,-25450,85.06,1857.05,10.14,74.17,731.46,10.89,-5.56,1125.59,mixed_edge
1-5,stadium_code,08,570,41,7.19,57000,48480,-8520,85.05,1182.44,6.7,75.78,1131.51,9.27,0.49,50.93,mixed_edge
1-5,stadium_code x target_lane,08 | 5,570,41,7.19,57000,48480,-8520,85.05,1182.44,6.7,75.78,1131.51,9.27,0.49,50.93,mixed_edge
1-3,lane1_target_start_gap_pair x target_outer_pressure_bucket,0.04-0.06-<=0.03 | high_other_pressure,556,77,13.85,55600,47280,-8320,85.04,614.03,15.86,79.54,501.69,5.5,-2.01,112.34,mixed_edge
1-2,other_group_pattern,B-A-B-B,1309,249,19.02,130900,111300,-19600,85.03,446.99,18.61,79.76,428.68,5.27,0.41,18.31,mixed_edge
1-5,target_national_win_rank_bucket x other_national_better_than_target_count_bucket,4+ | 2,1999,148,7.4,199900,169790,-30110,84.94,1147.23,6.7,75.78,1131.51,9.16,0.7,15.72,mixed_edge
1-5,target_class,A2,3283,288,8.77,328300,278790,-49510,84.92,968.02,6.7,75.78,1131.51,9.14,2.07,-163.49,mixed_edge
1-3,lane1_exhibition_st_rank_bucket,2,2630,473,17.98,263000,223340,-39660,84.92,472.18,15.86,79.54,501.69,5.38,2.12,-29.51,mixed_edge
1-4,lane1_target_national_rank_pair,2-4+,1873,158,8.44,187300,159060,-28240,84.92,1006.71,10.14,74.17,731.46,10.75,-1.7,275.25,mixed_edge
1-4,target_lane x lane1_target_national_rank_pair,4 | 2-4+,1873,158,8.44,187300,159060,-28240,84.92,1006.71,10.14,74.17,731.46,10.75,-1.7,275.25,mixed_edge
1-5,other_exhibition_faster_than_target_count_bucket,0,3327,289,8.69,332700,282460,-50240,84.9,977.37,6.7,75.78,1131.51,9.12,1.99,-154.14,mixed_edge
1-4,lane1_local_win_rank_bucket,2,3167,394,12.44,316700,268850,-47850,84.89,682.36,10.14,74.17,731.46,10.72,2.3,-49.1,mixed_edge
1-2,lane1_target_group_pair,A-B,4587,863,18.81,458700,389320,-69380,84.87,451.12,18.61,79.76,428.68,5.11,0.2,22.44,mixed_edge
1-4,lane1_motor_rank_bucket,2,2593,295,11.38,259300,220080,-39220,84.87,746.03,10.14,74.17,731.46,10.7,1.24,14.57,mixed_edge
1-2,lane1_target_class_pair,B1-A2,1650,261,15.82,165000,139950,-25050,84.82,536.21,18.61,79.76,428.68,5.06,-2.79,107.53,mixed_edge
1-5,other_national_better_than_target_count_bucket,0,2850,373,13.09,285000,241580,-43420,84.76,647.67,6.7,75.78,1131.51,8.98,6.39,-483.84,mixed_edge
1-3,target_class,B2,562,56,9.96,56200,47630,-8570,84.75,850.54,15.86,79.54,501.69,5.21,-5.9,348.85,mixed_edge
1-4,lane1_target_start_gap_pair,<=0.03-<=0.03,936,115,12.29,93600,79310,-14290,84.73,689.65,10.14,74.17,731.46,10.56,2.15,-41.81,mixed_edge
1-4,target_lane x lane1_target_start_gap_pair,4 | <=0.03-<=0.03,936,115,12.29,93600,79310,-14290,84.73,689.65,10.14,74.17,731.46,10.56,2.15,-41.81,mixed_edge
1-4,lane1_start_exhibition_gap_bucket x target_start_exhibition_gap_bucket,<=0.03 | <=0.03,936,115,12.29,93600,79310,-14290,84.73,689.65,10.14,74.17,731.46,10.56,2.15,-41.81,mixed_edge
1-3,lane1_target_group_pair x other_a_count_bucket,B-A | 2,1071,132,12.32,107100,90680,-16420,84.67,686.97,15.86,79.54,501.69,5.13,-3.54,185.28,mixed_edge
1-4,race_no_bucket,10-12R,3844,510,13.27,384400,325450,-58950,84.66,638.14,10.14,74.17,731.46,10.49,3.13,-93.32,mixed_edge
1-4,race_no_bucket x target_lane,10-12R | 4,3844,510,13.27,384400,325450,-58950,84.66,638.14,10.14,74.17,731.46,10.49,3.13,-93.32,mixed_edge
1-2,lane1_target_motor_place_diff_bucket,target_plus_10+,2538,508,20.02,253800,214860,-38940,84.66,422.95,18.61,79.76,428.68,4.9,1.41,-5.73,mixed_edge
1-3,lane1_target_exhibition_time_diff_bucket x lane1_target_start_exhibition_st_diff_bucket,target_faster_0.10+ | near_equal,294,47,15.99,29400,24890,-4510,84.66,529.57,15.86,79.54,501.69,5.12,0.13,27.88,mixed_edge
1-5,target_national_win_rank_bucket x other_national_better_than_target_count_bucket,2 | 0,691,102,14.76,69100,58480,-10620,84.63,573.33,6.7,75.78,1131.51,8.85,8.06,-558.18,mixed_edge
1-5,lane1_target_exhibition_time_diff_bucket x lane1_target_start_exhibition_st_diff_bucket,target_faster_0.10+ | target_faster_0.03_0.06,87,8,9.2,8700,7360,-1340,84.6,920.0,6.7,75.78,1131.51,8.82,2.5,-211.51,mixed_edge
1-6,lane1_national_win_rank_bucket,2,3273,172,5.26,327300,276860,-50440,84.59,1609.65,4.05,73.3,1810.13,11.29,1.21,-200.48,mixed_edge
1-5,target_local_win_rank_bucket,1,2204,249,11.3,220400,186410,-33990,84.58,748.63,6.7,75.78,1131.51,8.8,4.6,-382.88,mixed_edge
1-2,grade_group,G3,48,10,20.83,4800,4060,-740,84.58,406.0,18.61,79.76,428.68,4.82,2.22,-22.68,mixed_edge
1-5,lane1_motor_rank_bucket,2,2593,189,7.29,259300,219270,-40030,84.56,1160.16,6.7,75.78,1131.51,8.78,0.59,28.65,mixed_edge
1-4,target_exhibition_st_rank_bucket x other_st_faster_than_target_count_bucket,4+ | 0,31,5,16.13,3100,2620,-480,84.52,524.0,10.14,74.17,731.46,10.35,5.99,-207.46,mixed_edge
1-4,lane1_target_national_rank_pair x target_outer_pressure_bucket,4+-1 | low_other_pressure,284,42,14.79,28400,24000,-4400,84.51,571.43,10.14,74.17,731.46,10.34,4.65,-160.03,mixed_edge
1-3,lane1_target_national_rank_pair x target_outer_pressure_bucket,4+-3 | high_other_pressure,1246,136,10.91,124600,105270,-19330,84.49,774.04,15.86,79.54,501.69,4.95,-4.95,272.35,mixed_edge
1-2,lane1_target_national_rank_pair x target_outer_pressure_bucket,4+-1 | high_other_pressure,518,101,19.5,51800,43760,-8040,84.48,433.27,18.61,79.76,428.68,4.72,0.89,4.59,mixed_edge
1-6,lane1_target_start_gap_pair x target_outer_pressure_bucket,best-0.04-0.06 | low_other_pressure,58,6,10.34,5800,4900,-900,84.48,816.67,4.05,73.3,1810.13,11.18,6.29,-993.46,mixed_edge
1-2,lane1_target_exhibition_time_diff_bucket,near_equal,7469,1521,20.36,746900,630660,-116240,84.44,414.64,18.61,79.76,428.68,4.68,1.75,-14.04,mixed_edge
1-2,lane1_target_class_pair,A2-B1,2707,477,17.62,270700,228590,-42110,84.44,479.22,18.61,79.76,428.68,4.68,-0.99,50.54,mixed_edge
1-3,lane1_target_class_pair,B1-A1,890,159,17.87,89000,75150,-13850,84.44,472.64,15.86,79.54,501.69,4.9,2.01,-29.05,mixed_edge
1-2,lane1_local_win_rank_bucket,1,3572,883,24.72,357200,301530,-55670,84.41,341.48,18.61,79.76,428.68,4.65,6.11,-87.2,mixed_edge
1-4,target_motor_rank_bucket,3,2524,276,10.94,252400,213050,-39350,84.41,771.92,10.14,74.17,731.46,10.24,0.8,40.46,mixed_edge
1-3,other_b2_count_bucket,2,519,108,20.81,51900,43810,-8090,84.41,405.65,15.86,79.54,501.69,4.87,4.95,-96.04,mixed_edge
1-3,lane1_target_start_gap_pair x target_outer_pressure_bucket,<=0.03-<=0.03 | low_other_pressure,50,14,28.0,5000,4220,-780,84.4,301.43,15.86,79.54,501.69,4.86,12.14,-200.26,mixed_edge
1-3,target_national_win_rank_bucket x other_national_better_than_target_count_bucket,3 | 2,1242,135,10.87,124200,104810,-19390,84.39,776.37,15.86,79.54,501.69,4.85,-4.99,274.68,mixed_edge
1-5,lane1_exhibition_rank_bucket,2,3416,248,7.26,341600,288220,-53380,84.37,1162.18,6.7,75.78,1131.51,8.59,0.56,30.67,mixed_edge
1-6,target_class,A1,3391,244,7.2,339100,286100,-53000,84.37,1172.54,4.05,73.3,1810.13,11.07,3.15,-637.59,mixed_edge
1-2,target_national_win_rank_bucket x other_national_better_than_target_count_bucket,3 | 1,1606,425,26.46,160600,135480,-25120,84.36,318.78,18.61,79.76,428.68,4.6,7.85,-109.9,mixed_edge
1-2,lane1_target_group_pair x other_a_count_bucket,B-A | 1,1217,209,17.17,121700,102670,-19030,84.36,491.24,18.61,79.76,428.68,4.6,-1.44,62.56,mixed_edge
1-2,stadium_code,18,768,173,22.53,76800,64770,-12030,84.34,374.39,18.61,79.76,428.68,4.58,3.92,-54.29,mixed_edge
1-2,stadium_code x target_lane,18 | 2,768,173,22.53,76800,64770,-12030,84.34,374.39,18.61,79.76,428.68,4.58,3.92,-54.29,mixed_edge
1-3,lane1_target_class_pair,B1-B1,3239,314,9.69,323900,273090,-50810,84.31,869.71,15.86,79.54,501.69,4.77,-6.17,368.02,mixed_edge
1-3,lane1_target_national_rank_pair,4+-3,1249,136,10.89,124900,105270,-19630,84.28,774.04,15.86,79.54,501.69,4.74,-4.97,272.35,mixed_edge
1-3,target_lane x lane1_target_national_rank_pair,3 | 4+-3,1249,136,10.89,124900,105270,-19630,84.28,774.04,15.86,79.54,501.69,4.74,-4.97,272.35,mixed_edge
1-2,lane1_target_group_pair,B-A,2823,467,16.54,282300,237900,-44400,84.27,509.42,18.61,79.76,428.68,4.51,-2.07,80.74,mixed_edge
1-4,stadium_code,21,608,79,12.99,60800,51230,-9570,84.26,648.48,10.14,74.17,731.46,10.09,2.85,-82.98,mixed_edge
1-4,stadium_code x target_lane,21 | 4,608,79,12.99,60800,51230,-9570,84.26,648.48,10.14,74.17,731.46,10.09,2.85,-82.98,mixed_edge
1-5,target_exhibition_rank_bucket x other_exhibition_faster_than_target_count_bucket,3 | 1,1434,112,7.81,143400,120820,-22580,84.25,1078.75,6.7,75.78,1131.51,8.47,1.11,-52.76,mixed_edge
1-6,target_exhibition_rank_bucket x other_exhibition_faster_than_target_count_bucket,2 | 1,1112,50,4.5,111200,93680,-17520,84.24,1873.6,4.05,73.3,1810.13,10.94,0.45,63.47,mixed_edge
1-2,lane1_target_exhibition_st_rank_pair,1-4+,1613,314,19.47,161300,135800,-25500,84.19,432.48,18.61,79.76,428.68,4.43,0.86,3.8,mixed_edge
1-2,lane1_exhibition_st_rank_bucket x target_exhibition_st_rank_bucket,1 | 4+,1613,314,19.47,161300,135800,-25500,84.19,432.48,18.61,79.76,428.68,4.43,0.86,3.8,mixed_edge
1-2,target_exhibition_rank_bucket,1,2858,598,20.92,285800,240590,-45210,84.18,402.32,18.61,79.76,428.68,4.42,2.31,-26.36,mixed_edge
1-2,target_exhibition_rank_bucket x other_exhibition_faster_than_target_count_bucket,1 | 0,2858,598,20.92,285800,240590,-45210,84.18,402.32,18.61,79.76,428.68,4.42,2.31,-26.36,mixed_edge
1-2,other_group_pattern,A-A-B-B,790,118,14.94,79000,66480,-12520,84.15,563.39,18.61,79.76,428.68,4.39,-3.67,134.71,mixed_edge
1-3,lane1_target_national_rank_pair x target_outer_pressure_bucket,1-3 | high_other_pressure,450,106,23.56,45000,37800,-7200,84.0,356.6,15.86,79.54,501.69,4.46,7.7,-145.09,mixed_edge
1-2,lane1_boat_rank_bucket,1,2761,551,19.96,276100,231900,-44200,83.99,420.87,18.61,79.76,428.68,4.23,1.35,-7.81,mixed_edge
1-2,lane1_target_national_rank_pair,4+-2,1226,192,15.66,122600,102910,-19690,83.94,535.99,18.61,79.76,428.68,4.18,-2.95,107.31,mixed_edge
1-2,target_lane x lane1_target_national_rank_pair,2 | 4+-2,1226,192,15.66,122600,102910,-19690,83.94,535.99,18.61,79.76,428.68,4.18,-2.95,107.31,mixed_edge
1-5,month,2025-12,4763,343,7.2,476300,399780,-76520,83.93,1165.54,6.7,75.78,1131.51,8.15,0.5,34.03,mixed_edge
1-5,other_national_better_than_target_count_bucket,2,2998,201,6.7,299800,251620,-48180,83.93,1251.84,6.7,75.78,1131.51,8.15,0.0,120.33,mixed_edge
1-4,lane1_target_national_rank_pair x target_outer_pressure_bucket,2-4+ | high_other_pressure,1872,157,8.39,187200,157120,-30080,83.93,1000.76,10.14,74.17,731.46,9.76,-1.75,269.3,mixed_edge
1-2,lane1_target_group_pair x other_a_count_bucket,A-B | 0,890,243,27.3,89000,74670,-14330,83.9,307.28,18.61,79.76,428.68,4.14,8.69,-121.4,mixed_edge
1-5,lane1_target_start_gap_pair x target_outer_pressure_bucket,0.04-0.06-best | high_other_pressure,490,35,7.14,49000,41110,-7890,83.9,1174.57,6.7,75.78,1131.51,8.12,0.44,43.06,mixed_edge
1-3,lane1_target_boat_place_diff_bucket,target_plus_10+,1949,324,16.62,194900,163500,-31400,83.89,504.63,15.86,79.54,501.69,4.35,0.76,2.94,mixed_edge
1-3,stadium_code,22,587,95,16.18,58700,49220,-9480,83.85,518.11,15.86,79.54,501.69,4.31,0.32,16.42,mixed_edge
1-3,stadium_code x target_lane,22 | 3,587,95,16.18,58700,49220,-9480,83.85,518.11,15.86,79.54,501.69,4.31,0.32,16.42,mixed_edge
1-5,lane1_target_exhibition_time_diff_bucket,near_equal,6986,515,7.37,698600,585730,-112870,83.84,1137.34,6.7,75.78,1131.51,8.06,0.67,5.83,mixed_edge
1-5,lane1_target_class_pair,B1-A1,898,84,9.35,89800,75210,-14590,83.75,895.36,6.7,75.78,1131.51,7.97,2.65,-236.15,mixed_edge
1-4,stadium_code,12,624,78,12.5,62400,52260,-10140,83.75,670.0,10.14,74.17,731.46,9.58,2.36,-61.46,mixed_edge
1-4,stadium_code x target_lane,12 | 4,624,78,12.5,62400,52260,-10140,83.75,670.0,10.14,74.17,731.46,9.58,2.36,-61.46,mixed_edge
1-4,target_boat_rank_bucket,1,2551,289,11.33,255100,213580,-41520,83.72,739.03,10.14,74.17,731.46,9.55,1.19,7.57,mixed_edge
1-2,lane1_target_start_exhibition_st_diff_bucket,lane1_faster_0.03_0.06,2992,609,20.35,299200,250410,-48790,83.69,411.18,18.61,79.76,428.68,3.93,1.74,-17.5,mixed_edge
1-4,meeting_phase_bucket,final,252,30,11.9,25200,21090,-4110,83.69,703.0,10.14,74.17,731.46,9.52,1.76,-28.46,mixed_edge
1-4,meeting_phase_bucket x target_lane,final | 4,252,30,11.9,25200,21090,-4110,83.69,703.0,10.14,74.17,731.46,9.52,1.76,-28.46,mixed_edge
1-6,other_a_count_bucket,4,1831,66,3.6,183100,153210,-29890,83.68,2321.36,4.05,73.3,1810.13,10.38,-0.45,511.23,mixed_edge
1-6,other_group_pattern,A-A-A-A,1831,66,3.6,183100,153210,-29890,83.68,2321.36,4.05,73.3,1810.13,10.38,-0.45,511.23,mixed_edge
1-6,target_lane x other_a_count_bucket,6 | 4,1831,66,3.6,183100,153210,-29890,83.68,2321.36,4.05,73.3,1810.13,10.38,-0.45,511.23,mixed_edge
1-3,other_group_pattern,B-A-B-B,1187,207,17.44,118700,99330,-19370,83.68,479.86,15.86,79.54,501.69,4.14,1.58,-21.83,mixed_edge
1-6,lane1_start_exhibition_gap_bucket,0.04-0.06,2834,121,4.27,283400,236900,-46500,83.59,1957.85,4.05,73.3,1810.13,10.29,0.22,147.72,mixed_edge
1-2,target_outer_pressure_bucket,some_other_pressure,2616,640,24.46,261600,218640,-42960,83.58,341.62,18.61,79.76,428.68,3.82,5.85,-87.06,mixed_edge
1-2,target_lane x target_outer_pressure_bucket,2 | some_other_pressure,2616,640,24.46,261600,218640,-42960,83.58,341.62,18.61,79.76,428.68,3.82,5.85,-87.06,mixed_edge
1-2,other_exhibition_faster_than_target_count_bucket,3,2517,438,17.4,251700,210360,-41340,83.58,480.27,18.61,79.76,428.68,3.82,-1.21,51.59,mixed_edge
1-2,target_exhibition_rank_bucket x other_exhibition_faster_than_target_count_bucket,4+ | 3,2517,438,17.4,251700,210360,-41340,83.58,480.27,18.61,79.76,428.68,3.82,-1.21,51.59,mixed_edge
1-6,lane1_target_national_win_diff_bucket,lane1_plus_0.35_1.00,2509,104,4.15,250900,209620,-41280,83.55,2015.58,4.05,73.3,1810.13,10.25,0.1,205.45,mixed_edge
1-2,stadium_code,13,764,156,20.42,76400,63830,-12570,83.55,409.17,18.61,79.76,428.68,3.79,1.81,-19.51,mixed_edge
1-2,stadium_code x target_lane,13 | 2,764,156,20.42,76400,63830,-12570,83.55,409.17,18.61,79.76,428.68,3.79,1.81,-19.51,mixed_edge
1-2,lane1_target_start_gap_pair x target_outer_pressure_bucket,0.04-0.06->0.06 | low_other_pressure,48,13,27.08,4800,4010,-790,83.54,308.46,18.61,79.76,428.68,3.78,8.47,-120.22,mixed_edge
1-2,lane1_target_group_pair x target_outer_pressure_bucket,A-B | high_other_pressure,4045,692,17.11,404500,337730,-66770,83.49,488.05,18.61,79.76,428.68,3.73,-1.5,59.37,mixed_edge
1-2,other_national_better_than_target_count_bucket,1,3411,747,21.9,341100,284790,-56310,83.49,381.24,18.61,79.76,428.68,3.73,3.29,-47.44,mixed_edge
1-5,stadium_code,17,688,44,6.4,68800,57440,-11360,83.49,1305.45,6.7,75.78,1131.51,7.71,-0.3,173.94,mixed_edge
1-5,stadium_code x target_lane,17 | 5,688,44,6.4,68800,57440,-11360,83.49,1305.45,6.7,75.78,1131.51,7.71,-0.3,173.94,mixed_edge
1-4,other_group_pattern,A-B-B-B,1008,112,11.11,100800,84130,-16670,83.46,751.16,10.14,74.17,731.46,9.29,0.97,19.7,mixed_edge
1-4,lane1_target_exhibition_time_diff_bucket x lane1_target_start_exhibition_st_diff_bucket,lane1_faster_0.10+ | lane1_faster_0.03_0.06,336,41,12.2,33600,28040,-5560,83.45,683.9,10.14,74.17,731.46,9.28,2.06,-47.56,mixed_edge
1-2,target_exhibition_rank_bucket x other_exhibition_faster_than_target_count_bucket,2 | 0,1374,322,23.44,137400,114650,-22750,83.44,356.06,18.61,79.76,428.68,3.68,4.83,-72.62,mixed_edge
1-3,lane1_target_local_win_diff_bucket,target_plus_0.35_1.00,1772,307,17.33,177200,147800,-29400,83.41,481.43,15.86,79.54,501.69,3.87,1.47,-20.26,mixed_edge
1-6,lane1_target_start_gap_pair x target_outer_pressure_bucket,0.04-0.06-best | low_other_pressure,47,8,17.02,4700,3920,-780,83.4,490.0,4.05,73.3,1810.13,10.1,12.97,-1320.13,mixed_edge
1-4,target_motor_rank_bucket,1,2567,305,11.88,256700,214060,-42640,83.39,701.84,10.14,74.17,731.46,9.22,1.74,-29.62,mixed_edge
1-2,month,2026-03,1397,264,18.9,139700,116330,-23370,83.27,440.64,18.61,79.76,428.68,3.51,0.29,11.96,mixed_edge
1-3,lane1_target_national_rank_pair x target_outer_pressure_bucket,2-1 | high_other_pressure,347,98,28.24,34700,28890,-5810,83.26,294.8,15.86,79.54,501.69,3.72,12.38,-206.89,mixed_edge
1-3,other_national_better_than_target_count_bucket,3,3227,371,11.5,322700,268630,-54070,83.24,724.07,15.86,79.54,501.69,3.7,-4.36,222.38,mixed_edge
1-3,target_national_win_rank_bucket x other_national_better_than_target_count_bucket,4+ | 3,3227,371,11.5,322700,268630,-54070,83.24,724.07,15.86,79.54,501.69,3.7,-4.36,222.38,mixed_edge
1-6,stadium_code,20,593,31,5.23,59300,49360,-9940,83.24,1592.26,4.05,73.3,1810.13,9.94,1.18,-217.87,mixed_edge
1-6,stadium_code x target_lane,20 | 6,593,31,5.23,59300,49360,-9940,83.24,1592.26,4.05,73.3,1810.13,9.94,1.18,-217.87,mixed_edge
1-6,target_class_group,A,6929,420,6.06,692900,576600,-116300,83.22,1372.86,4.05,73.3,1810.13,9.92,2.01,-437.27,mixed_edge
1-6,target_lane x target_class_group,6 | A,6929,420,6.06,692900,576600,-116300,83.22,1372.86,4.05,73.3,1810.13,9.92,2.01,-437.27,mixed_edge
1-2,lane1_target_start_gap_pair x target_outer_pressure_bucket,best->0.06 | high_other_pressure,984,175,17.78,98400,81890,-16510,83.22,467.94,18.61,79.76,428.68,3.46,-0.83,39.26,mixed_edge
1-2,lane1_exhibition_st_rank_bucket,2,2630,534,20.3,263000,218800,-44200,83.19,409.74,18.61,79.76,428.68,3.43,1.69,-18.94,mixed_edge
1-6,lane1_target_start_gap_pair x target_outer_pressure_bucket,<=0.03-best | high_other_pressure,453,19,4.19,45300,37680,-7620,83.18,1983.16,4.05,73.3,1810.13,9.88,0.14,173.03,mixed_edge
1-2,lane1_exhibition_rank_bucket,2,3416,661,19.35,341600,284020,-57580,83.14,429.68,18.61,79.76,428.68,3.38,0.74,1.0,mixed_edge
1-3,target_national_win_rank_bucket,3,2760,493,17.86,276000,229460,-46540,83.14,465.44,15.86,79.54,501.69,3.6,2.0,-36.25,mixed_edge
1-2,stadium_code,03,646,106,16.41,64600,53710,-10890,83.14,506.7,18.61,79.76,428.68,3.38,-2.2,78.02,mixed_edge
1-2,stadium_code x target_lane,03 | 2,646,106,16.41,64600,53710,-10890,83.14,506.7,18.61,79.76,428.68,3.38,-2.2,78.02,mixed_edge
1-3,lane1_target_national_rank_pair,2-1,705,212,30.07,70500,58610,-11890,83.13,276.46,15.86,79.54,501.69,3.59,14.21,-225.23,mixed_edge
1-3,target_lane x lane1_target_national_rank_pair,3 | 2-1,705,212,30.07,70500,58610,-11890,83.13,276.46,15.86,79.54,501.69,3.59,14.21,-225.23,mixed_edge
1-4,target_national_win_rank_bucket,1,2272,399,17.56,227200,188810,-38390,83.1,473.21,10.14,74.17,731.46,8.93,7.42,-258.25,mixed_edge
1-4,target_national_win_rank_bucket x other_national_better_than_target_count_bucket,1 | 0,2272,399,17.56,227200,188810,-38390,83.1,473.21,10.14,74.17,731.46,8.93,7.42,-258.25,mixed_edge
1-4,grade_group,G1,551,73,13.25,55100,45780,-9320,83.09,627.12,10.14,74.17,731.46,8.92,3.11,-104.34,mixed_edge
1-3,meeting_phase_bucket,day1-2,5629,885,15.72,562900,467620,-95280,83.07,528.38,15.86,79.54,501.69,3.53,-0.14,26.69,mixed_edge
1-3,meeting_phase_bucket x target_lane,day1-2 | 3,5629,885,15.72,562900,467620,-95280,83.07,528.38,15.86,79.54,501.69,3.53,-0.14,26.69,mixed_edge
1-6,lane1_local_win_rank_bucket,1,3572,158,4.42,357200,296680,-60520,83.06,1877.72,4.05,73.3,1810.13,9.76,0.37,67.59,mixed_edge
1-5,lane1_target_exhibition_time_diff_bucket x lane1_target_start_exhibition_st_diff_bucket,near_equal | target_faster_0.03_0.06,833,61,7.32,83300,69170,-14130,83.04,1133.93,6.7,75.78,1131.51,7.26,0.62,2.42,mixed_edge
1-3,lane1_local_win_rank_bucket,3,2683,431,16.06,268300,222780,-45520,83.03,516.89,15.86,79.54,501.69,3.49,0.2,15.2,mixed_edge
1-3,race_no_bucket,7-9R,3851,598,15.53,385100,319430,-65670,82.95,534.16,15.86,79.54,501.69,3.41,-0.33,32.47,mixed_edge
1-3,race_no_bucket x target_lane,7-9R | 3,3851,598,15.53,385100,319430,-65670,82.95,534.16,15.86,79.54,501.69,3.41,-0.33,32.47,mixed_edge
1-6,lane1_motor_rank_bucket,2,2593,113,4.36,259300,215100,-44200,82.95,1903.54,4.05,73.3,1810.13,9.65,0.31,93.41,mixed_edge
1-3,lane1_national_win_rank_bucket,4+,5697,650,11.41,569700,472300,-97400,82.9,726.62,15.86,79.54,501.69,3.36,-4.45,224.93,mixed_edge
1-4,stadium_code,13,764,85,11.13,76400,63310,-13090,82.87,744.82,10.14,74.17,731.46,8.7,0.99,13.36,mixed_edge
1-4,stadium_code x target_lane,13 | 4,764,85,11.13,76400,63310,-13090,82.87,744.82,10.14,74.17,731.46,8.7,0.99,13.36,mixed_edge
1-4,meeting_phase_bucket,day5+,4060,490,12.07,406000,336340,-69660,82.84,686.41,10.14,74.17,731.46,8.67,1.93,-45.05,mixed_edge
1-4,meeting_phase_bucket x target_lane,day5+ | 4,4060,490,12.07,406000,336340,-69660,82.84,686.41,10.14,74.17,731.46,8.67,1.93,-45.05,mixed_edge
1-5,lane1_target_national_rank_pair x target_outer_pressure_bucket,4+-2 | some_other_pressure,484,30,6.2,48400,40090,-8310,82.83,1336.33,6.7,75.78,1131.51,7.05,-0.5,204.82,mixed_edge
1-3,lane1_target_group_pair x other_a_count_bucket,B-A | 0,325,71,21.85,32500,26920,-5580,82.83,379.15,15.86,79.54,501.69,3.29,5.99,-122.54,mixed_edge
1-5,lane1_target_national_rank_pair,1-3,681,77,11.31,68100,56390,-11710,82.8,732.34,6.7,75.78,1131.51,7.02,4.61,-399.17,mixed_edge
1-5,target_lane x lane1_target_national_rank_pair,5 | 1-3,681,77,11.31,68100,56390,-11710,82.8,732.34,6.7,75.78,1131.51,7.02,4.61,-399.17,mixed_edge
1-3,lane1_class_group,B,6424,747,11.63,642400,531820,-110580,82.79,711.94,15.86,79.54,501.69,3.25,-4.23,210.25,mixed_edge
1-2,lane1_target_start_gap_pair x target_outer_pressure_bucket,>0.06-best | some_other_pressure,86,14,16.28,8600,7120,-1480,82.79,508.57,18.61,79.76,428.68,3.03,-2.33,79.89,mixed_edge
1-2,target_national_win_rank_bucket x other_national_better_than_target_count_bucket,2 | 1,1805,322,17.84,180500,149310,-31190,82.72,463.7,18.61,79.76,428.68,2.96,-0.77,35.02,mixed_edge
1-6,other_national_better_than_target_count_bucket,0,3037,270,8.89,303700,251190,-52510,82.71,930.33,4.05,73.3,1810.13,9.41,4.84,-879.8,mixed_edge
1-5,target_exhibition_rank_bucket x other_exhibition_faster_than_target_count_bucket,4+ | 1,523,34,6.5,52300,43220,-9080,82.64,1271.18,6.7,75.78,1131.51,6.86,-0.2,139.67,mixed_edge
1-2,lane1_target_group_pair x other_a_count_bucket,A-A | 3,554,150,27.08,55400,45770,-9630,82.62,305.13,18.61,79.76,428.68,2.86,8.47,-123.55,mixed_edge
1-2,other_a_count_bucket,1,4670,911,19.51,467000,385770,-81230,82.61,423.46,18.61,79.76,428.68,2.85,0.9,-5.22,mixed_edge
1-2,target_lane x other_a_count_bucket,2 | 1,4670,911,19.51,467000,385770,-81230,82.61,423.46,18.61,79.76,428.68,2.85,0.9,-5.22,mixed_edge
1-3,target_boat_rank_bucket,2,2566,424,16.52,256600,211920,-44680,82.59,499.81,15.86,79.54,501.69,3.05,0.66,-1.88,mixed_edge
1-4,lane1_target_exhibition_time_diff_bucket x lane1_target_start_exhibition_st_diff_bucket,target_faster_0.05_0.10 | near_equal,492,65,13.21,49200,40630,-8570,82.58,625.08,10.14,74.17,731.46,8.41,3.07,-106.38,mixed_edge
1-5,lane1_target_exhibition_time_diff_bucket x lane1_target_start_exhibition_st_diff_bucket,lane1_faster_0.10+ | target_faster_0.03_0.06,246,14,5.69,24600,20310,-4290,82.56,1450.71,6.7,75.78,1131.51,6.78,-1.01,319.2,mixed_edge
1-5,lane1_target_group_pair x other_a_count_bucket,B-A | 2,926,52,5.62,92600,76430,-16170,82.54,1469.81,6.7,75.78,1131.51,6.76,-1.08,338.3,mixed_edge
1-4,target_exhibition_rank_bucket x other_exhibition_faster_than_target_count_bucket,4+ | 2,2397,240,10.01,239700,197810,-41890,82.52,824.21,10.14,74.17,731.46,8.35,-0.13,92.75,mixed_edge
1-2,lane1_target_exhibition_time_diff_bucket x lane1_target_start_exhibition_st_diff_bucket,target_faster_0.05_0.10 | near_equal,766,141,18.41,76600,63210,-13390,82.52,448.3,18.61,79.76,428.68,2.76,-0.2,19.62,mixed_edge
1-5,lane1_target_national_rank_pair x target_outer_pressure_bucket,1-2 | high_other_pressure,385,53,13.77,38500,31770,-6730,82.52,599.43,6.7,75.78,1131.51,6.74,7.07,-532.08,mixed_edge
1-6,lane1_target_group_pair x other_a_count_bucket,B-A | 2,986,42,4.26,98600,81350,-17250,82.51,1936.9,4.05,73.3,1810.13,9.21,0.21,126.77,mixed_edge
1-5,lane1_target_group_pair x other_a_count_bucket,B-A | 0,204,26,12.75,20400,16830,-3570,82.5,647.31,6.7,75.78,1131.51,6.72,6.05,-484.2,mixed_edge
1-3,month,2025-12,4763,764,16.04,476300,392920,-83380,82.49,514.29,15.86,79.54,501.69,2.95,0.18,12.6,mixed_edge
1-6,lane1_class,A1,4718,202,4.28,471800,389050,-82750,82.46,1925.99,4.05,73.3,1810.13,9.16,0.23,115.86,mixed_edge
1-3,target_outer_pressure_bucket,some_other_pressure,2305,525,22.78,230500,190020,-40480,82.44,361.94,15.86,79.54,501.69,2.9,6.92,-139.75,mixed_edge
1-3,target_lane x target_outer_pressure_bucket,3 | some_other_pressure,2305,525,22.78,230500,190020,-40480,82.44,361.94,15.86,79.54,501.69,2.9,6.92,-139.75,mixed_edge
1-2,other_national_better_than_target_count_bucket,2,3389,584,17.23,338900,279090,-59810,82.35,477.89,18.61,79.76,428.68,2.59,-1.38,49.21,mixed_edge
1-3,stadium_code,13,764,129,16.88,76400,62900,-13500,82.33,487.6,15.86,79.54,501.69,2.79,1.02,-14.09,mixed_edge
1-3,stadium_code x target_lane,13 | 3,764,129,16.88,76400,62900,-13500,82.33,487.6,15.86,79.54,501.69,2.79,1.02,-14.09,mixed_edge
1-5,lane1_exhibition_st_rank_bucket,2,2630,182,6.92,263000,216500,-46500,82.32,1189.56,6.7,75.78,1131.51,6.54,0.22,58.05,mixed_edge
1-2,lane1_target_local_win_diff_bucket,near_equal,2271,462,20.34,227100,186940,-40160,82.32,404.63,18.61,79.76,428.68,2.56,1.73,-24.05,mixed_edge
1-6,lane1_target_exhibition_st_rank_pair,3-2,366,20,5.46,36600,30130,-6470,82.32,1506.5,4.05,73.3,1810.13,9.02,1.41,-303.63,mixed_edge
1-6,lane1_exhibition_st_rank_bucket x target_exhibition_st_rank_bucket,3 | 2,366,20,5.46,36600,30130,-6470,82.32,1506.5,4.05,73.3,1810.13,9.02,1.41,-303.63,mixed_edge
1-3,lane1_local_win_rank_bucket,2,3167,567,17.9,316700,260690,-56010,82.31,459.77,15.86,79.54,501.69,2.77,2.04,-41.92,mixed_edge
1-3,lane1_motor_rank_bucket,1,2961,497,16.78,296100,243730,-52370,82.31,490.4,15.86,79.54,501.69,2.77,0.92,-11.29,mixed_edge
1-5,target_motor_rank_bucket,1,2471,196,7.93,247100,203380,-43720,82.31,1037.65,6.7,75.78,1131.51,6.53,1.23,-93.86,mixed_edge
1-5,target_class_group x target_outer_pressure_bucket,A | some_other_pressure,1361,147,10.8,136100,112010,-24090,82.3,761.97,6.7,75.78,1131.51,6.52,4.1,-369.54,mixed_edge
1-4,lane1_target_exhibition_time_diff_bucket x lane1_target_start_exhibition_st_diff_bucket,target_faster_0.10+ | lane1_faster_0.03_0.06,131,9,6.87,13100,10780,-2320,82.29,1197.78,10.14,74.17,731.46,8.12,-3.27,466.32,mixed_edge
1-4,target_exhibition_rank_bucket x other_exhibition_faster_than_target_count_bucket,2 | 0,1055,154,14.6,105500,86810,-18690,82.28,563.7,10.14,74.17,731.46,8.11,4.46,-167.76,mixed_edge
1-2,lane1_target_national_win_diff_bucket,target_plus_0.35_1.00,2135,419,19.63,213500,175560,-37940,82.23,419.0,18.61,79.76,428.68,2.47,1.02,-9.68,mixed_edge
1-3,target_class_group,B,8252,1035,12.54,825200,678350,-146850,82.2,655.41,15.86,79.54,501.69,2.66,-3.32,153.72,mixed_edge
1-3,target_lane x target_class_group,3 | B,8252,1035,12.54,825200,678350,-146850,82.2,655.41,15.86,79.54,501.69,2.66,-3.32,153.72,mixed_edge
1-2,target_class,A2,3717,791,21.28,371700,305550,-66150,82.2,386.28,18.61,79.76,428.68,2.44,2.67,-42.4,mixed_edge
1-2,lane1_motor_rank_bucket,2,2593,498,19.21,259300,213120,-46180,82.19,427.95,18.61,79.76,428.68,2.43,0.6,-0.73,mixed_edge
1-3,lane1_target_group_pair x target_outer_pressure_bucket,A-A | some_other_pressure,1017,273,26.84,101700,83550,-18150,82.15,306.04,15.86,79.54,501.69,2.61,10.98,-195.65,mixed_edge
1-6,target_national_win_rank_bucket,2,2164,120,5.55,216400,177720,-38680,82.13,1481.0,4.05,73.3,1810.13,8.83,1.5,-329.13,mixed_edge
1-6,target_class,A2,3538,176,4.97,353800,290500,-63300,82.11,1650.57,4.05,73.3,1810.13,8.81,0.92,-159.56,mixed_edge
1-2,target_start_exhibition_gap_bucket,0.04-0.06,3614,695,19.23,361400,296700,-64700,82.1,426.91,18.61,79.76,428.68,2.34,0.62,-1.77,mixed_edge
1-2,target_lane x target_start_exhibition_gap_bucket,2 | 0.04-0.06,3614,695,19.23,361400,296700,-64700,82.1,426.91,18.61,79.76,428.68,2.34,0.62,-1.77,mixed_edge
1-2,lane1_target_boat_place_diff_bucket,lane1_plus_10+,1883,362,19.22,188300,154570,-33730,82.09,426.99,18.61,79.76,428.68,2.33,0.61,-1.69,mixed_edge
1-2,wind_bucket,0-2,7641,1490,19.5,764100,627180,-136920,82.08,420.93,18.61,79.76,428.68,2.32,0.89,-7.75,mixed_edge
1-5,lane1_target_exhibition_st_rank_pair,4+-1,1167,81,6.94,116700,95790,-20910,82.08,1182.59,6.7,75.78,1131.51,6.3,0.24,51.08,mixed_edge
1-5,lane1_exhibition_st_rank_bucket x target_exhibition_st_rank_bucket,4+ | 1,1167,81,6.94,116700,95790,-20910,82.08,1182.59,6.7,75.78,1131.51,6.3,0.24,51.08,mixed_edge
1-2,lane1_target_group_pair x other_a_count_bucket,A-A | 1,977,305,31.22,97700,80190,-17510,82.08,262.92,18.61,79.76,428.68,2.32,12.61,-165.76,mixed_edge
1-6,lane1_target_start_gap_pair x target_outer_pressure_bucket,>0.06-best | low_other_pressure,77,9,11.69,7700,6320,-1380,82.08,702.22,4.05,73.3,1810.13,8.78,7.64,-1107.91,mixed_edge
1-2,lane1_class,A2,4342,871,20.06,434200,356360,-77840,82.07,409.14,18.61,79.76,428.68,2.31,1.45,-19.54,mixed_edge
1-3,other_national_better_than_target_count_bucket,1,3285,640,19.48,328500,269590,-58910,82.07,421.23,15.86,79.54,501.69,2.53,3.62,-80.46,mixed_edge
1-3,target_class,B1,7690,979,12.73,769000,630720,-138280,82.02,644.25,15.86,79.54,501.69,2.48,-3.13,142.56,mixed_edge
1-3,stadium_code,11,720,102,14.17,72000,59050,-12950,82.01,578.92,15.86,79.54,501.69,2.47,-1.69,77.23,mixed_edge
1-3,stadium_code x target_lane,11 | 3,720,102,14.17,72000,59050,-12950,82.01,578.92,15.86,79.54,501.69,2.47,-1.69,77.23,mixed_edge
1-3,target_national_win_rank_bucket x other_national_better_than_target_count_bucket,3 | 1,1514,356,23.51,151400,124150,-27250,82.0,348.74,15.86,79.54,501.69,2.46,7.65,-152.95,mixed_edge
1-3,target_class_group x target_outer_pressure_bucket,B | high_other_pressure,7545,866,11.48,754500,618530,-135970,81.98,714.24,15.86,79.54,501.69,2.44,-4.38,212.55,mixed_edge
1-2,target_exhibition_rank_bucket x other_exhibition_faster_than_target_count_bucket,4+ | 2,2011,376,18.7,201100,164870,-36230,81.98,438.48,18.61,79.76,428.68,2.22,0.09,9.8,mixed_edge
1-5,target_class_group x target_outer_pressure_bucket,A | high_other_pressure,4523,396,8.76,452300,370770,-81530,81.97,936.29,6.7,75.78,1131.51,6.19,2.06,-195.22,mixed_edge
1-5,lane1_national_win_rank_bucket,1,3823,344,9.0,382300,313280,-69020,81.95,910.7,6.7,75.78,1131.51,6.17,2.3,-220.81,mixed_edge
1-2,meeting_phase_bucket,day3-4,5543,1010,18.22,554300,454120,-100180,81.93,449.62,18.61,79.76,428.68,2.17,-0.39,20.94,mixed_edge
1-2,meeting_phase_bucket x target_lane,day3-4 | 2,5543,1010,18.22,554300,454120,-100180,81.93,449.62,18.61,79.76,428.68,2.17,-0.39,20.94,mixed_edge
1-2,lane1_target_exhibition_time_diff_bucket x lane1_target_start_exhibition_st_diff_bucket,target_faster_0.05_0.10 | lane1_faster_0.06+,348,64,18.39,34800,28510,-6290,81.93,445.47,18.61,79.76,428.68,2.17,-0.22,16.79,mixed_edge
1-4,lane1_target_exhibition_time_diff_bucket x lane1_target_start_exhibition_st_diff_bucket,target_faster_0.10+ | lane1_faster_0.06+,212,24,11.32,21200,17370,-3830,81.93,723.75,10.14,74.17,731.46,7.76,1.18,-7.71,mixed_edge
1-2,target_exhibition_rank_bucket,2,3031,623,20.55,303100,248260,-54840,81.91,398.49,18.61,79.76,428.68,2.15,1.94,-30.19,mixed_edge
1-3,lane1_target_motor_place_diff_bucket,lane1_plus_4_10,2658,422,15.88,265800,217710,-48090,81.91,515.9,15.86,79.54,501.69,2.37,0.02,14.21,mixed_edge
1-5,target_national_win_rank_bucket x other_national_better_than_target_count_bucket,3 | 2,999,53,5.31,99900,81830,-18070,81.91,1543.96,6.7,75.78,1131.51,6.13,-1.39,412.45,mixed_edge
1-6,lane1_target_national_win_diff_bucket,target_plus_0.35_1.00,1903,103,5.41,190300,155840,-34460,81.89,1513.01,4.05,73.3,1810.13,8.59,1.36,-297.12,mixed_edge
1-3,lane1_target_class_pair,A2-A2,898,208,23.16,89800,73530,-16270,81.88,353.51,15.86,79.54,501.69,2.34,7.3,-148.18,mixed_edge
1-5,stadium_code,07,816,54,6.62,81600,66810,-14790,81.88,1237.22,6.7,75.78,1131.51,6.1,-0.08,105.71,mixed_edge
1-5,stadium_code x target_lane,07 | 5,816,54,6.62,81600,66810,-14790,81.88,1237.22,6.7,75.78,1131.51,6.1,-0.08,105.71,mixed_edge
1-4,lane1_target_start_gap_pair x target_outer_pressure_bucket,<=0.03-<=0.03 | high_other_pressure,766,81,10.57,76600,62680,-13920,81.83,773.83,10.14,74.17,731.46,7.66,0.43,42.37,mixed_edge
1-2,lane1_start_exhibition_gap_bucket,<=0.03,3495,706,20.2,349500,285850,-63650,81.79,404.89,18.61,79.76,428.68,2.03,1.59,-23.79,mixed_edge
1-3,lane1_target_motor_place_diff_bucket,near_equal,5127,797,15.55,512700,419160,-93540,81.76,525.92,15.86,79.54,501.69,2.22,-0.31,24.23,mixed_edge
1-2,target_motor_rank_bucket,1,2494,505,20.25,249400,203920,-45480,81.76,403.8,18.61,79.76,428.68,2.0,1.64,-24.88,mixed_edge
1-6,target_class_group x target_outer_pressure_bucket,A | high_other_pressure,4797,229,4.77,479700,392110,-87590,81.74,1712.27,4.05,73.3,1810.13,8.44,0.72,-97.86,mixed_edge
1-3,target_national_win_rank_bucket x other_national_better_than_target_count_bucket,2 | 1,1759,279,15.86,175900,143760,-32140,81.73,515.27,15.86,79.54,501.69,2.19,0.0,13.58,mixed_edge
1-5,stadium_code,18,768,52,6.77,76800,62770,-14030,81.73,1207.12,6.7,75.78,1131.51,5.95,0.07,75.61,mixed_edge
1-5,stadium_code x target_lane,18 | 5,768,52,6.77,76800,62770,-14030,81.73,1207.12,6.7,75.78,1131.51,5.95,0.07,75.61,mixed_edge
1-5,lane1_target_start_gap_pair x target_outer_pressure_bucket,<=0.03-0.04-0.06 | high_other_pressure,648,37,5.71,64800,52960,-11840,81.73,1431.35,6.7,75.78,1131.51,5.95,-0.99,299.84,mixed_edge
1-3,lane1_target_start_exhibition_st_diff_bucket,lane1_faster_0.06+,3084,468,15.18,308400,251980,-56420,81.71,538.42,15.86,79.54,501.69,2.17,-0.68,36.73,mixed_edge
1-3,wind_bucket,0-2,7641,1256,16.44,764100,624090,-140010,81.68,496.89,15.86,79.54,501.69,2.14,0.58,-4.8,mixed_edge
1-2,meeting_phase_bucket,day5+,4060,865,21.31,406000,331620,-74380,81.68,383.38,18.61,79.76,428.68,1.92,2.7,-45.3,mixed_edge
1-2,meeting_phase_bucket x target_lane,day5+ | 2,4060,865,21.31,406000,331620,-74380,81.68,383.38,18.61,79.76,428.68,1.92,2.7,-45.3,mixed_edge
1-3,lane1_target_group_pair x other_a_count_bucket,B-B | 1,804,80,9.95,80400,65660,-14740,81.67,820.75,15.86,79.54,501.69,2.13,-5.91,319.06,mixed_edge
1-3,other_b2_count_bucket,1,4155,661,15.91,415500,339290,-76210,81.66,513.3,15.86,79.54,501.69,2.12,0.05,11.61,mixed_edge
1-3,lane1_target_exhibition_time_diff_bucket,lane1_faster_0.10+,2025,317,15.65,202500,165370,-37130,81.66,521.67,15.86,79.54,501.69,2.12,-0.21,19.98,mixed_edge
1-3,lane1_class,B1,6006,698,11.62,600600,490380,-110220,81.65,702.55,15.86,79.54,501.69,2.11,-4.24,200.86,mixed_edge
1-2,lane1_target_group_pair x other_a_count_bucket,B-A | 2,1185,179,15.11,118500,96750,-21750,81.65,540.5,18.61,79.76,428.68,1.89,-3.5,111.82,mixed_edge
1-2,lane1_target_national_rank_pair x target_outer_pressure_bucket,2-3 | some_other_pressure,400,92,23.0,40000,32660,-7340,81.65,355.0,18.61,79.76,428.68,1.89,4.39,-73.68,mixed_edge
1-2,target_class_group x target_outer_pressure_bucket,A | some_other_pressure,1843,434,23.55,184300,150460,-33840,81.64,346.68,18.61,79.76,428.68,1.88,4.94,-82.0,mixed_edge
1-3,month,2026-02,4167,667,16.01,416700,340170,-76530,81.63,510.0,15.86,79.54,501.69,2.09,0.15,8.31,mixed_edge
1-2,lane1_target_class_pair,B1-A1,1012,184,18.18,101200,82590,-18610,81.61,448.86,18.61,79.76,428.68,1.85,-0.43,20.18,mixed_edge
1-3,lane1_target_national_rank_pair x target_outer_pressure_bucket,1-2 | some_other_pressure,194,58,29.9,19400,15830,-3570,81.6,272.93,15.86,79.54,501.69,2.06,14.04,-228.76,mixed_edge
1-3,lane1_boat_rank_bucket,1,2761,421,15.25,276100,225280,-50820,81.59,535.11,15.86,79.54,501.69,2.05,-0.61,33.42,mixed_edge
1-3,meeting_phase_bucket,day3-4,5543,871,15.71,554300,452130,-102170,81.57,519.09,15.86,79.54,501.69,2.03,-0.15,17.4,mixed_edge
1-3,meeting_phase_bucket x target_lane,day3-4 | 3,5543,871,15.71,554300,452130,-102170,81.57,519.09,15.86,79.54,501.69,2.03,-0.15,17.4,mixed_edge
1-2,lane1_target_group_pair x other_a_count_bucket,B-B | 2,1431,129,9.01,143100,116700,-26400,81.55,904.65,18.61,79.76,428.68,1.79,-9.6,475.97,mixed_edge
1-6,stadium_code,16,732,34,4.64,73200,59690,-13510,81.54,1755.59,4.05,73.3,1810.13,8.24,0.59,-54.54,mixed_edge
1-6,stadium_code x target_lane,16 | 6,732,34,4.64,73200,59690,-13510,81.54,1755.59,4.05,73.3,1810.13,8.24,0.59,-54.54,mixed_edge
1-4,lane1_target_group_pair x other_a_count_bucket,B-A | 4,48,6,12.5,4800,3910,-890,81.46,651.67,10.14,74.17,731.46,7.29,2.36,-79.79,mixed_edge
1-5,other_a_count_bucket,1,4345,335,7.71,434500,353920,-80580,81.45,1056.48,6.7,75.78,1131.51,5.67,1.01,-75.03,mixed_edge
1-5,target_lane x other_a_count_bucket,5 | 1,4345,335,7.71,434500,353920,-80580,81.45,1056.48,6.7,75.78,1131.51,5.67,1.01,-75.03,mixed_edge
1-6,lane1_target_national_rank_pair x target_outer_pressure_bucket,3-2 | some_other_pressure,208,12,5.77,20800,16940,-3860,81.44,1411.67,4.05,73.3,1810.13,8.14,1.72,-398.46,mixed_edge
1-3,lane1_target_start_gap_pair,0.04-0.06-<=0.03,719,115,15.99,71900,58540,-13360,81.42,509.04,15.86,79.54,501.69,1.88,0.13,7.35,mixed_edge
1-3,target_lane x lane1_target_start_gap_pair,3 | 0.04-0.06-<=0.03,719,115,15.99,71900,58540,-13360,81.42,509.04,15.86,79.54,501.69,1.88,0.13,7.35,mixed_edge
1-3,lane1_start_exhibition_gap_bucket x target_start_exhibition_gap_bucket,0.04-0.06 | <=0.03,719,115,15.99,71900,58540,-13360,81.42,509.04,15.86,79.54,501.69,1.88,0.13,7.35,mixed_edge
1-3,lane1_target_group_pair x other_a_count_bucket,A-A | 0,386,128,33.16,38600,31430,-7170,81.42,245.55,15.86,79.54,501.69,1.88,17.3,-256.14,mixed_edge
1-4,other_st_faster_than_target_count_bucket,0,3882,467,12.03,388200,315970,-72230,81.39,676.6,10.14,74.17,731.46,7.22,1.89,-54.86,mixed_edge
1-6,lane1_target_national_rank_pair x target_outer_pressure_bucket,2-4+ | high_other_pressure,2030,53,2.61,203000,165140,-37860,81.35,3115.85,4.05,73.3,1810.13,8.05,-1.44,1305.72,mixed_edge
1-3,other_group_pattern,A-B-A-B,1007,118,11.72,100700,81920,-18780,81.35,694.24,15.86,79.54,501.69,1.81,-4.14,192.55,mixed_edge
1-2,target_motor_rank_bucket,2,2824,550,19.48,282400,229690,-52710,81.33,417.62,18.61,79.76,428.68,1.57,0.87,-11.06,mixed_edge
1-6,lane1_target_group_pair,A-A,4468,278,6.22,446800,363340,-83460,81.32,1306.98,4.05,73.3,1810.13,8.02,2.17,-503.15,mixed_edge
1-5,target_class_group,A,6518,623,9.56,651800,529860,-121940,81.29,850.5,6.7,75.78,1131.51,5.51,2.86,-281.01,mixed_edge
1-5,target_lane x target_class_group,5 | A,6518,623,9.56,651800,529860,-121940,81.29,850.5,6.7,75.78,1131.51,5.51,2.86,-281.01,mixed_edge
1-5,lane1_target_national_rank_pair x target_outer_pressure_bucket,4+-3 | high_other_pressure,1014,54,5.33,101400,82430,-18970,81.29,1526.48,6.7,75.78,1131.51,5.51,-1.37,394.97,mixed_edge
1-3,lane1_target_national_rank_pair x target_outer_pressure_bucket,3-2 | some_other_pressure,287,61,21.25,28700,23330,-5370,81.29,382.46,15.86,79.54,501.69,1.75,5.39,-119.23,mixed_edge
1-2,month,2026-01,5157,961,18.63,515700,419160,-96540,81.28,436.17,18.61,79.76,428.68,1.52,0.02,7.49,mixed_edge
1-2,race_no_bucket,10-12R,3844,897,23.34,384400,312420,-71980,81.27,348.29,18.61,79.76,428.68,1.51,4.73,-80.39,mixed_edge
1-2,race_no_bucket x target_lane,10-12R | 2,3844,897,23.34,384400,312420,-71980,81.27,348.29,18.61,79.76,428.68,1.51,4.73,-80.39,mixed_edge
1-6,lane1_target_national_rank_pair,2-4+,2032,53,2.61,203200,165140,-38060,81.27,3115.85,4.05,73.3,1810.13,7.97,-1.44,1305.72,mixed_edge
1-6,target_lane x lane1_target_national_rank_pair,6 | 2-4+,2032,53,2.61,203200,165140,-38060,81.27,3115.85,4.05,73.3,1810.13,7.97,-1.44,1305.72,mixed_edge
1-3,target_exhibition_rank_bucket x other_exhibition_faster_than_target_count_bucket,3 | 1,1741,338,19.41,174100,141470,-32630,81.26,418.55,15.86,79.54,501.69,1.72,3.55,-83.14,mixed_edge
1-2,lane1_target_local_win_diff_bucket,lane1_plus_0.35_1.00,2076,435,20.95,207600,168670,-38930,81.25,387.75,18.61,79.76,428.68,1.49,2.34,-40.93,mixed_edge
1-3,lane1_target_start_gap_pair x target_outer_pressure_bucket,0.04-0.06-best | low_other_pressure,64,14,21.88,6400,5200,-1200,81.25,371.43,15.86,79.54,501.69,1.71,6.02,-130.26,mixed_edge
1-2,stadium_code,17,688,133,19.33,68800,55880,-12920,81.22,420.15,18.61,79.76,428.68,1.46,0.72,-8.53,mixed_edge
1-2,stadium_code x target_lane,17 | 2,688,133,19.33,68800,55880,-12920,81.22,420.15,18.61,79.76,428.68,1.46,0.72,-8.53,mixed_edge
1-6,lane1_target_national_rank_pair x target_outer_pressure_bucket,3-1 | high_other_pressure,270,22,8.15,27000,21920,-5080,81.19,996.36,4.05,73.3,1810.13,7.89,4.1,-813.77,mixed_edge
1-3,target_local_win_rank_bucket,4+,7572,1002,13.23,757200,614700,-142500,81.18,613.47,15.86,79.54,501.69,1.64,-2.63,111.78,mixed_edge
1-2,lane1_target_national_rank_pair x target_outer_pressure_bucket,1-3 | high_other_pressure,443,116,26.19,44300,35950,-8350,81.15,309.91,18.61,79.76,428.68,1.39,7.58,-118.77,mixed_edge
1-3,lane1_target_local_win_diff_bucket,lane1_plus_0.35_1.00,2026,356,17.57,202600,164320,-38280,81.11,461.57,15.86,79.54,501.69,1.57,1.71,-40.12,mixed_edge
1-2,lane1_target_class_pair,A2-A1,685,187,27.3,68500,55560,-12940,81.11,297.11,18.61,79.76,428.68,1.35,8.69,-131.57,mixed_edge
1-5,other_st_faster_than_target_count_bucket,1,3214,245,7.62,321400,260620,-60780,81.09,1063.76,6.7,75.78,1131.51,5.31,0.92,-67.75,mixed_edge
1-6,lane1_target_exhibition_time_diff_bucket x lane1_target_start_exhibition_st_diff_bucket,lane1_faster_0.10+ | near_equal,557,21,3.77,55700,45160,-10540,81.08,2150.48,4.05,73.3,1810.13,7.78,-0.28,340.35,mixed_edge
1-3,lane1_target_group_pair x other_a_count_bucket,A-B | 2,1449,183,12.63,144900,117450,-27450,81.06,641.8,15.86,79.54,501.69,1.52,-3.23,140.11,mixed_edge
1-3,other_exhibition_faster_than_target_count_bucket,3,2785,391,14.04,278500,225670,-52830,81.03,577.16,15.86,79.54,501.69,1.49,-1.82,75.47,mixed_edge
1-3,target_exhibition_rank_bucket x other_exhibition_faster_than_target_count_bucket,4+ | 3,2785,391,14.04,278500,225670,-52830,81.03,577.16,15.86,79.54,501.69,1.49,-1.82,75.47,mixed_edge
1-2,lane1_class_group,A,9060,2016,22.25,906000,733660,-172340,80.98,363.92,18.61,79.76,428.68,1.22,3.64,-64.76,mixed_edge
1-4,lane1_exhibition_rank_bucket,1,4513,544,12.05,451300,365370,-85930,80.96,671.64,10.14,74.17,731.46,6.79,1.91,-59.82,mixed_edge
1-2,target_class_group x target_outer_pressure_bucket,A | low_other_pressure,975,255,26.15,97500,78910,-18590,80.93,309.45,18.61,79.76,428.68,1.17,7.54,-119.23,mixed_edge
1-2,lane1_start_exhibition_gap_bucket,0.04-0.06,2834,515,18.17,283400,229340,-54060,80.92,445.32,18.61,79.76,428.68,1.16,-0.44,16.64,mixed_edge
1-2,lane1_target_group_pair x other_a_count_bucket,A-B | 2,1522,225,14.78,152200,123160,-29040,80.92,547.38,18.61,79.76,428.68,1.16,-3.83,118.7,mixed_edge
1-5,stadium_code,24,598,46,7.69,59800,48390,-11410,80.92,1051.96,6.7,75.78,1131.51,5.14,0.99,-79.55,mixed_edge
1-5,stadium_code x target_lane,24 | 5,598,46,7.69,59800,48390,-11410,80.92,1051.96,6.7,75.78,1131.51,5.14,0.99,-79.55,mixed_edge
1-2,lane1_boat_rank_bucket,4+,7509,1396,18.59,750900,607580,-143320,80.91,435.23,18.61,79.76,428.68,1.15,-0.02,6.55,mixed_edge
1-2,race_no_bucket,1-3R,3898,651,16.7,389800,315350,-74450,80.9,484.41,18.61,79.76,428.68,1.14,-1.91,55.73,mixed_edge
1-2,race_no_bucket x target_lane,1-3R | 2,3898,651,16.7,389800,315350,-74450,80.9,484.41,18.61,79.76,428.68,1.14,-1.91,55.73,mixed_edge
1-2,target_national_win_rank_bucket,3,2831,573,20.24,283100,229010,-54090,80.89,399.67,18.61,79.76,428.68,1.13,1.63,-29.01,mixed_edge
1-2,wave_bucket,0-4,12908,2445,18.94,1290800,1043980,-246820,80.88,426.99,18.61,79.76,428.68,1.12,0.33,-1.69,mixed_edge
1-6,other_group_pattern,B-B-B-A,859,46,5.36,85900,69480,-16420,80.88,1510.43,4.05,73.3,1810.13,7.58,1.31,-299.7,mixed_edge
1-3,lane1_target_national_rank_pair,4+-1,1135,192,16.92,113500,91790,-21710,80.87,478.07,15.86,79.54,501.69,1.33,1.06,-23.62,mixed_edge
1-3,target_lane x lane1_target_national_rank_pair,3 | 4+-1,1135,192,16.92,113500,91790,-21710,80.87,478.07,15.86,79.54,501.69,1.33,1.06,-23.62,mixed_edge
1-3,lane1_motor_rank_bucket,3,2491,409,16.42,249100,201370,-47730,80.84,492.35,15.86,79.54,501.69,1.3,0.56,-9.34,mixed_edge
1-3,lane1_target_group_pair x other_a_count_bucket,A-A | 2,1018,232,22.79,101800,82300,-19500,80.84,354.74,15.86,79.54,501.69,1.3,6.93,-146.95,mixed_edge
1-2,target_national_win_rank_bucket,2,2639,592,22.43,263900,213240,-50660,80.8,360.2,18.61,79.76,428.68,1.04,3.82,-68.48,mixed_edge
1-2,lane1_target_boat_place_diff_bucket,near_equal,6041,1121,18.56,604100,487750,-116350,80.74,435.1,18.61,79.76,428.68,0.98,-0.05,6.42,mixed_edge
1-6,other_a_count_bucket,1,4481,246,5.49,448100,361810,-86290,80.74,1470.77,4.05,73.3,1810.13,7.44,1.44,-339.36,mixed_edge
1-6,target_lane x other_a_count_bucket,6 | 1,4481,246,5.49,448100,361810,-86290,80.74,1470.77,4.05,73.3,1810.13,7.44,1.44,-339.36,mixed_edge
1-2,lane1_target_exhibition_st_rank_pair,4+-2,786,138,17.56,78600,63460,-15140,80.74,459.86,18.61,79.76,428.68,0.98,-1.05,31.18,mixed_edge
1-2,lane1_exhibition_st_rank_bucket x target_exhibition_st_rank_bucket,4+ | 2,786,138,17.56,78600,63460,-15140,80.74,459.86,18.61,79.76,428.68,0.98,-1.05,31.18,mixed_edge
1-3,target_national_win_rank_bucket,1,2407,539,22.39,240700,194320,-46380,80.73,360.52,15.86,79.54,501.69,1.19,6.53,-141.17,mixed_edge
1-3,target_national_win_rank_bucket x other_national_better_than_target_count_bucket,1 | 0,2407,539,22.39,240700,194320,-46380,80.73,360.52,15.86,79.54,501.69,1.19,6.53,-141.17,mixed_edge
1-5,lane1_target_national_rank_pair,4+-3,1021,54,5.29,102100,82430,-19670,80.73,1526.48,6.7,75.78,1131.51,4.95,-1.41,394.97,mixed_edge
1-5,target_lane x lane1_target_national_rank_pair,5 | 4+-3,1021,54,5.29,102100,82430,-19670,80.73,1526.48,6.7,75.78,1131.51,4.95,-1.41,394.97,mixed_edge
1-3,lane1_motor_rank_bucket,2,2593,428,16.51,259300,209310,-49990,80.72,489.04,15.86,79.54,501.69,1.18,0.65,-12.65,mixed_edge
1-6,lane1_target_group_pair x other_a_count_bucket,A-A | 2,1028,58,5.64,102800,82980,-19820,80.72,1430.69,4.05,73.3,1810.13,7.42,1.59,-379.44,mixed_edge
1-3,lane1_target_group_pair x other_a_count_bucket,B-B | 0,672,112,16.67,67200,54240,-12960,80.71,484.29,15.86,79.54,501.69,1.17,0.81,-17.4,mixed_edge
1-3,lane1_target_start_gap_pair x target_outer_pressure_bucket,0.04-0.06-0.04-0.06 | high_other_pressure,503,69,13.72,50300,40580,-9720,80.68,588.12,15.86,79.54,501.69,1.14,-2.14,86.43,mixed_edge
1-3,month,2026-03,1397,221,15.82,139700,112700,-27000,80.67,509.95,15.86,79.54,501.69,1.13,-0.04,8.26,mixed_edge
1-4,lane1_national_win_rank_bucket,2,3273,412,12.59,327300,263970,-63330,80.65,640.7,10.14,74.17,731.46,6.48,2.45,-90.76,mixed_edge
1-6,lane1_target_group_pair x target_outer_pressure_bucket,A-A | some_other_pressure,827,66,7.98,82700,66690,-16010,80.64,1010.45,4.05,73.3,1810.13,7.34,3.93,-799.68,mixed_edge
1-2,target_exhibition_rank_bucket x other_exhibition_faster_than_target_count_bucket,2 | 1,1657,301,18.17,165700,133610,-32090,80.63,443.89,18.61,79.76,428.68,0.87,-0.44,15.21,mixed_edge
1-6,target_boat_rank_bucket,2,2477,106,4.28,247700,199690,-48010,80.62,1883.87,4.05,73.3,1810.13,7.32,0.23,73.74,mixed_edge
1-6,month,2026-01,5157,233,4.52,515700,415680,-100020,80.61,1784.03,4.05,73.3,1810.13,7.31,0.47,-26.1,mixed_edge
1-3,target_boat_rank_bucket,4+,7624,1230,16.13,762400,614370,-148030,80.58,499.49,15.86,79.54,501.69,1.04,0.27,-2.2,mixed_edge
1-4,lane1_target_local_win_diff_bucket,lane1_plus_0.35_1.00,1965,226,11.5,196500,158330,-38170,80.58,700.58,10.14,74.17,731.46,6.41,1.36,-30.88,mixed_edge
1-3,stadium_code,17,688,116,16.86,68800,55430,-13370,80.57,477.84,15.86,79.54,501.69,1.03,1.0,-23.85,mixed_edge
1-3,stadium_code x target_lane,17 | 3,688,116,16.86,68800,55430,-13370,80.57,477.84,15.86,79.54,501.69,1.03,1.0,-23.85,mixed_edge
1-2,lane1_target_national_rank_pair x target_outer_pressure_bucket,3-2 | some_other_pressure,331,78,23.56,33100,26670,-6430,80.57,341.92,18.61,79.76,428.68,0.81,4.95,-86.76,mixed_edge
1-3,race_no_bucket,4-6R,3891,554,14.24,389100,313370,-75730,80.54,565.65,15.86,79.54,501.69,1.0,-1.62,63.96,mixed_edge
1-3,race_no_bucket x target_lane,4-6R | 3,3891,554,14.24,389100,313370,-75730,80.54,565.65,15.86,79.54,501.69,1.0,-1.62,63.96,mixed_edge
1-2,lane1_target_local_win_diff_bucket,target_plus_1.00+,3843,660,17.17,384300,309500,-74800,80.54,468.94,18.61,79.76,428.68,0.78,-1.44,40.26,mixed_edge
1-3,race_no_bucket,1-3R,3898,617,15.83,389800,313760,-76040,80.49,508.53,15.86,79.54,501.69,0.95,-0.03,6.84,mixed_edge
1-3,race_no_bucket x target_lane,1-3R | 3,3898,617,15.83,389800,313760,-76040,80.49,508.53,15.86,79.54,501.69,0.95,-0.03,6.84,mixed_edge
1-5,target_boat_rank_bucket,1,2520,168,6.67,252000,202810,-49190,80.48,1207.2,6.7,75.78,1131.51,4.7,-0.03,75.69,mixed_edge
1-4,target_outer_pressure_bucket,low_other_pressure,873,176,20.16,87300,70260,-17040,80.48,399.2,10.14,74.17,731.46,6.31,10.02,-332.26,mixed_edge
1-4,target_lane x target_outer_pressure_bucket,4 | low_other_pressure,873,176,20.16,87300,70260,-17040,80.48,399.2,10.14,74.17,731.46,6.31,10.02,-332.26,mixed_edge
1-5,lane1_target_national_rank_pair x target_outer_pressure_bucket,1-4+ | high_other_pressure,2466,165,6.69,246600,198410,-48190,80.46,1202.48,6.7,75.78,1131.51,4.68,-0.01,70.97,mixed_edge
1-2,target_exhibition_st_rank_bucket x other_st_faster_than_target_count_bucket,2 | 1,1206,219,18.16,120600,97030,-23570,80.46,443.06,18.61,79.76,428.68,0.7,-0.45,14.38,mixed_edge
1-3,lane1_local_win_rank_bucket,4+,6062,763,12.59,606200,487640,-118560,80.44,639.11,15.86,79.54,501.69,0.9,-3.27,137.42,mixed_edge
1-2,lane1_local_win_rank_bucket,2,3167,633,19.99,316700,254750,-61950,80.44,402.45,18.61,79.76,428.68,0.68,1.38,-26.23,mixed_edge
1-6,lane1_target_group_pair x target_outer_pressure_bucket,B-B | low_other_pressure,46,3,6.52,4600,3700,-900,80.43,1233.33,4.05,73.3,1810.13,7.13,2.47,-576.8,mixed_edge
1-2,other_b2_count_bucket,0,10763,2051,19.06,1076300,865570,-210730,80.42,422.02,18.61,79.76,428.68,0.66,0.45,-6.66,mixed_edge
1-2,lane1_target_national_win_diff_bucket,lane1_plus_1.00+,4653,833,17.9,465300,374100,-91200,80.4,449.1,18.61,79.76,428.68,0.64,-0.71,20.42,mixed_edge
1-2,other_exhibition_faster_than_target_count_bucket,1,3556,708,19.91,355600,285920,-69680,80.4,403.84,18.61,79.76,428.68,0.64,1.3,-24.84,mixed_edge
1-2,lane1_target_national_win_diff_bucket,lane1_plus_0.35_1.00,2856,594,20.8,285600,229550,-56050,80.37,386.45,18.61,79.76,428.68,0.61,2.19,-42.23,mixed_edge
1-2,target_boat_rank_bucket,4+,7604,1418,18.65,760400,611030,-149370,80.36,430.91,18.61,79.76,428.68,0.6,0.04,2.23,mixed_edge
1-5,stadium_code,03,646,39,6.04,64600,51910,-12690,80.36,1331.03,6.7,75.78,1131.51,4.58,-0.66,199.52,mixed_edge
1-5,stadium_code x target_lane,03 | 5,646,39,6.04,64600,51910,-12690,80.36,1331.03,6.7,75.78,1131.51,4.58,-0.66,199.52,mixed_edge
1-3,lane1_target_national_rank_pair x target_outer_pressure_bucket,4+-2 | high_other_pressure,637,77,12.09,63700,51180,-12520,80.35,664.68,15.86,79.54,501.69,0.81,-3.77,162.99,mixed_edge
1-2,lane1_target_national_rank_pair,2-3,728,157,21.57,72800,58460,-14340,80.3,372.36,18.61,79.76,428.68,0.54,2.96,-56.32,mixed_edge
1-2,target_lane x lane1_target_national_rank_pair,2 | 2-3,728,157,21.57,72800,58460,-14340,80.3,372.36,18.61,79.76,428.68,0.54,2.96,-56.32,mixed_edge
1-2,target_exhibition_rank_bucket,4+,6550,1105,16.87,655000,525930,-129070,80.29,475.95,18.61,79.76,428.68,0.53,-1.74,47.27,mixed_edge
1-2,target_class,B1,7633,1198,15.7,763300,612760,-150540,80.28,511.49,18.61,79.76,428.68,0.52,-2.91,82.81,mixed_edge
1-4,lane1_target_group_pair x other_a_count_bucket,B-B | 0,672,62,9.23,67200,53940,-13260,80.27,870.0,10.14,74.17,731.46,6.1,-0.91,138.54,mixed_edge
1-3,lane1_target_boat_place_diff_bucket,near_equal,5970,942,15.78,597000,479160,-117840,80.26,508.66,15.86,79.54,501.69,0.72,-0.08,6.97,mixed_edge
1-5,lane1_target_national_rank_pair,1-4+,2472,165,6.67,247200,198410,-48790,80.26,1202.48,6.7,75.78,1131.51,4.48,-0.03,70.97,mixed_edge
1-5,target_lane x lane1_target_national_rank_pair,5 | 1-4+,2472,165,6.67,247200,198410,-48790,80.26,1202.48,6.7,75.78,1131.51,4.48,-0.03,70.97,mixed_edge
1-5,other_group_pattern,B-B-B-A,927,81,8.74,92700,74400,-18300,80.26,918.52,6.7,75.78,1131.51,4.48,2.04,-212.99,mixed_edge
1-4,target_local_win_rank_bucket,1,2290,371,16.2,229000,183720,-45280,80.23,495.2,10.14,74.17,731.46,6.06,6.06,-236.26,mixed_edge
1-2,target_exhibition_rank_bucket x other_exhibition_faster_than_target_count_bucket,3 | 1,1899,407,21.43,189900,152310,-37590,80.21,374.23,18.61,79.76,428.68,0.45,2.82,-54.45,mixed_edge
1-2,lane1_motor_rank_bucket,4+,7439,1338,17.99,743900,596530,-147370,80.19,445.84,18.61,79.76,428.68,0.43,-0.62,17.16,mixed_edge
1-5,lane1_exhibition_rank_bucket,1,4513,339,7.51,451300,361850,-89450,80.18,1067.4,6.7,75.78,1131.51,4.4,0.81,-64.11,mixed_edge
1-5,race_no_bucket,10-12R,3844,308,8.01,384400,308210,-76190,80.18,1000.68,6.7,75.78,1131.51,4.4,1.31,-130.83,mixed_edge
1-5,race_no_bucket x target_lane,10-12R | 5,3844,308,8.01,384400,308210,-76190,80.18,1000.68,6.7,75.78,1131.51,4.4,1.31,-130.83,mixed_edge
1-4,target_exhibition_st_rank_bucket x other_st_faster_than_target_count_bucket,4+ | 2,2718,311,11.44,271800,217930,-53870,80.18,700.74,10.14,74.17,731.46,6.01,1.3,-30.72,mixed_edge
1-2,month,2025-12,4763,874,18.35,476300,381790,-94510,80.16,436.83,18.61,79.76,428.68,0.4,-0.26,8.15,mixed_edge
1-4,lane1_start_exhibition_gap_bucket,<=0.03,3495,406,11.62,349500,280140,-69360,80.15,690.0,10.14,74.17,731.46,5.98,1.48,-41.46,mixed_edge
1-4,lane1_target_class_pair,A1-B1,1664,180,10.82,166400,133350,-33050,80.14,740.83,10.14,74.17,731.46,5.97,0.68,9.37,mixed_edge
1-2,lane1_target_national_rank_pair,3-2,579,130,22.45,57900,46400,-11500,80.14,356.92,18.61,79.76,428.68,0.38,3.84,-71.76,mixed_edge
1-2,target_lane x lane1_target_national_rank_pair,2 | 3-2,579,130,22.45,57900,46400,-11500,80.14,356.92,18.61,79.76,428.68,0.38,3.84,-71.76,mixed_edge
1-3,target_start_exhibition_gap_bucket,best,2969,518,17.45,296900,237880,-59020,80.12,459.23,15.86,79.54,501.69,0.58,1.59,-42.46,mixed_edge
1-3,target_lane x target_start_exhibition_gap_bucket,3 | best,2969,518,17.45,296900,237880,-59020,80.12,459.23,15.86,79.54,501.69,0.58,1.59,-42.46,mixed_edge
1-4,other_national_better_than_target_count_bucket,0,3122,567,18.16,312200,250110,-62090,80.11,441.11,10.14,74.17,731.46,5.94,8.02,-290.35,mixed_edge
1-3,lane1_boat_rank_bucket,2,2627,426,16.22,262700,210440,-52260,80.11,493.99,15.86,79.54,501.69,0.57,0.36,-7.7,mixed_edge
1-2,target_local_win_rank_bucket,2,2729,595,21.8,272900,218570,-54330,80.09,367.34,18.61,79.76,428.68,0.33,3.19,-61.34,mixed_edge
1-4,lane1_target_exhibition_time_diff_bucket,near_equal,7032,773,10.99,703200,563080,-140120,80.07,728.43,10.14,74.17,731.46,5.9,0.85,-3.03,mixed_edge
1-3,lane1_target_group_pair x target_outer_pressure_bucket,B-A | high_other_pressure,1656,226,13.65,165600,132590,-33010,80.07,586.68,15.86,79.54,501.69,0.53,-2.21,84.99,mixed_edge
1-3,stadium_code,21,608,127,20.89,60800,48680,-12120,80.07,383.31,15.86,79.54,501.69,0.53,5.03,-118.38,mixed_edge
1-3,stadium_code x target_lane,21 | 3,608,127,20.89,60800,48680,-12120,80.07,383.31,15.86,79.54,501.69,0.53,5.03,-118.38,mixed_edge
1-2,other_exhibition_faster_than_target_count_bucket,0,4437,920,20.73,443700,355240,-88460,80.06,386.13,18.61,79.76,428.68,0.3,2.12,-42.55,mixed_edge
1-3,stadium_code,12,624,113,18.11,62400,49960,-12440,80.06,442.12,15.86,79.54,501.69,0.52,2.25,-59.57,mixed_edge
1-3,stadium_code x target_lane,12 | 3,624,113,18.11,62400,49960,-12440,80.06,442.12,15.86,79.54,501.69,0.52,2.25,-59.57,mixed_edge
1-2,lane1_target_national_rank_pair,4+-1,1276,238,18.65,127600,102110,-25490,80.02,429.03,18.61,79.76,428.68,0.26,0.04,0.35,mixed_edge
1-2,target_lane x lane1_target_national_rank_pair,2 | 4+-1,1276,238,18.65,127600,102110,-25490,80.02,429.03,18.61,79.76,428.68,0.26,0.04,0.35,mixed_edge
1-2,lane1_target_local_win_diff_bucket,lane1_plus_1.00+,5516,999,18.11,551600,441220,-110380,79.99,441.66,18.61,79.76,428.68,0.23,-0.5,12.98,mixed_edge
1-2,target_boat_rank_bucket,2,2795,526,18.82,279500,223560,-55940,79.99,425.02,18.61,79.76,428.68,0.23,0.21,-3.66,mixed_edge
1-5,target_start_exhibition_gap_bucket,0.04-0.06,3292,238,7.23,329200,263280,-65920,79.98,1106.22,6.7,75.78,1131.51,4.2,0.53,-25.29,mixed_edge
1-5,target_lane x target_start_exhibition_gap_bucket,5 | 0.04-0.06,3292,238,7.23,329200,263280,-65920,79.98,1106.22,6.7,75.78,1131.51,4.2,0.53,-25.29,mixed_edge
1-6,target_national_win_rank_bucket x other_national_better_than_target_count_bucket,3 | 2,1005,30,2.99,100500,80380,-20120,79.98,2679.33,4.05,73.3,1810.13,6.68,-1.06,869.2,mixed_edge
1-2,lane1_class,A1,4718,1145,24.27,471800,377300,-94500,79.97,329.52,18.61,79.76,428.68,0.21,5.66,-99.16,mixed_edge
1-4,target_exhibition_rank_bucket x other_exhibition_faster_than_target_count_bucket,4+ | 1,356,38,10.67,35600,28470,-7130,79.97,749.21,10.14,74.17,731.46,5.8,0.53,17.75,mixed_edge
1-2,other_a_count_bucket,2,5263,826,15.69,526300,420800,-105500,79.95,509.44,18.61,79.76,428.68,0.19,-2.92,80.76,mixed_edge
1-2,target_lane x other_a_count_bucket,2 | 2,5263,826,15.69,526300,420800,-105500,79.95,509.44,18.61,79.76,428.68,0.19,-2.92,80.76,mixed_edge
1-4,lane1_target_exhibition_time_diff_bucket x lane1_target_start_exhibition_st_diff_bucket,lane1_faster_0.05_0.10 | target_faster_0.03_0.06,417,50,11.99,41700,33340,-8360,79.95,666.8,10.14,74.17,731.46,5.78,1.85,-64.66,mixed_edge
1-3,wave_bucket,0-4,12908,2097,16.25,1290800,1031930,-258870,79.94,492.1,15.86,79.54,501.69,0.4,0.39,-9.59,mixed_edge
1-2,lane1_target_exhibition_time_diff_bucket x lane1_target_start_exhibition_st_diff_bucket,lane1_faster_0.05_0.10 | lane1_faster_0.03_0.06,626,124,19.81,62600,50040,-12560,79.94,403.55,18.61,79.76,428.68,0.18,1.2,-25.13,mixed_edge
1-4,other_group_pattern,B-B-A-B,868,111,12.79,86800,69380,-17420,79.93,625.05,10.14,74.17,731.46,5.76,2.65,-106.41,mixed_edge
1-6,lane1_target_exhibition_st_rank_pair,1-3,569,28,4.92,56900,45480,-11420,79.93,1624.29,4.05,73.3,1810.13,6.63,0.87,-185.84,mixed_edge
1-6,lane1_exhibition_st_rank_bucket x target_exhibition_st_rank_bucket,1 | 3,569,28,4.92,56900,45480,-11420,79.93,1624.29,4.05,73.3,1810.13,6.63,0.87,-185.84,mixed_edge
1-2,wind_bucket,3-4,4976,923,18.55,497600,397620,-99980,79.91,430.79,18.61,79.76,428.68,0.15,-0.06,2.11,mixed_edge
1-2,lane1_target_national_rank_pair,2-4+,1934,311,16.08,193400,154550,-38850,79.91,496.95,18.61,79.76,428.68,0.15,-2.53,68.27,mixed_edge
1-2,target_lane x lane1_target_national_rank_pair,2 | 2-4+,1934,311,16.08,193400,154550,-38850,79.91,496.95,18.61,79.76,428.68,0.15,-2.53,68.27,mixed_edge
1-2,lane1_target_national_rank_pair x target_outer_pressure_bucket,2-4+ | high_other_pressure,1934,311,16.08,193400,154550,-38850,79.91,496.95,18.61,79.76,428.68,0.15,-2.53,68.27,mixed_edge
1-2,target_local_win_rank_bucket,3,2777,530,19.09,277700,221880,-55820,79.9,418.64,18.61,79.76,428.68,0.14,0.48,-10.04,mixed_edge
1-3,target_motor_rank_bucket,1,2522,455,18.04,252200,201520,-50680,79.9,442.9,15.86,79.54,501.69,0.36,2.18,-58.79,mixed_edge
1-5,target_outer_pressure_bucket,some_other_pressure,1833,193,10.53,183300,146430,-36870,79.89,758.7,6.7,75.78,1131.51,4.11,3.83,-372.81,mixed_edge
1-5,target_lane x target_outer_pressure_bucket,5 | some_other_pressure,1833,193,10.53,183300,146430,-36870,79.89,758.7,6.7,75.78,1131.51,4.11,3.83,-372.81,mixed_edge
1-6,lane1_boat_rank_bucket,1,2761,130,4.71,276100,220530,-55570,79.87,1696.38,4.05,73.3,1810.13,6.57,0.66,-113.75,mixed_edge
1-2,race_no_bucket,7-9R,3851,700,18.18,385100,307550,-77550,79.86,439.36,18.61,79.76,428.68,0.1,-0.43,10.68,mixed_edge
1-2,race_no_bucket x target_lane,7-9R | 2,3851,700,18.18,385100,307550,-77550,79.86,439.36,18.61,79.76,428.68,0.1,-0.43,10.68,mixed_edge
1-2,grade_group,一般,14813,2744,18.52,1481300,1182750,-298550,79.85,431.03,18.61,79.76,428.68,0.09,-0.09,2.35,mixed_edge
1-4,other_a_count_bucket,4,1786,229,12.82,178600,142620,-35980,79.85,622.79,10.14,74.17,731.46,5.68,2.68,-108.67,mixed_edge
1-4,other_group_pattern,A-A-A-A,1786,229,12.82,178600,142620,-35980,79.85,622.79,10.14,74.17,731.46,5.68,2.68,-108.67,mixed_edge
1-4,target_lane x other_a_count_bucket,4 | 4,1786,229,12.82,178600,142620,-35980,79.85,622.79,10.14,74.17,731.46,5.68,2.68,-108.67,mixed_edge
1-3,grade_group,一般,14813,2346,15.84,1481300,1182300,-299000,79.82,503.96,15.86,79.54,501.69,0.28,-0.02,2.27,mixed_edge
1-2,target_local_win_rank_bucket,4+,7475,1190,15.92,747500,596650,-150850,79.82,501.39,18.61,79.76,428.68,0.06,-2.69,72.71,mixed_edge
1-6,other_national_better_than_target_count_bucket,2,2690,91,3.38,269000,214710,-54290,79.82,2359.45,4.05,73.3,1810.13,6.52,-0.67,549.32,mixed_edge
1-2,target_class_group,A,7296,1620,22.2,729600,582240,-147360,79.8,359.41,18.61,79.76,428.68,0.04,3.59,-69.27,mixed_edge
1-2,target_lane x target_class_group,2 | A,7296,1620,22.2,729600,582240,-147360,79.8,359.41,18.61,79.76,428.68,0.04,3.59,-69.27,mixed_edge
1-3,lane1_target_national_win_diff_bucket,target_plus_1.00+,2811,406,14.44,281100,224300,-56800,79.79,552.46,15.86,79.54,501.69,0.25,-1.42,50.77,mixed_edge
1-2,lane1_target_group_pair x target_outer_pressure_bucket,B-A | high_other_pressure,1584,236,14.9,158400,126380,-32020,79.79,535.51,18.61,79.76,428.68,0.03,-3.71,106.83,mixed_edge
1-3,lane1_target_exhibition_time_diff_bucket,target_faster_0.10+,849,116,13.66,84900,67740,-17160,79.79,583.97,15.86,79.54,501.69,0.25,-2.2,82.28,mixed_edge
1-2,target_lane,2,15484,2881,18.61,1548400,1235030,-313370,79.76,428.68,18.61,79.76,428.68,0.0,0.0,0.0,mixed_edge
1-2,target_lane_zone,inner_2_3,15484,2881,18.61,1548400,1235030,-313370,79.76,428.68,18.61,79.76,428.68,0.0,0.0,0.0,mixed_edge
1-5,other_a_count_bucket,0,2042,200,9.79,204200,162880,-41320,79.76,814.4,6.7,75.78,1131.51,3.98,3.09,-317.11,mixed_edge
1-5,other_group_pattern,B-B-B-B,2042,200,9.79,204200,162880,-41320,79.76,814.4,6.7,75.78,1131.51,3.98,3.09,-317.11,mixed_edge
1-5,target_lane x other_a_count_bucket,5 | 0,2042,200,9.79,204200,162880,-41320,79.76,814.4,6.7,75.78,1131.51,3.98,3.09,-317.11,mixed_edge
1-5,grade_group,G1,551,35,6.35,55100,43940,-11160,79.75,1255.43,6.7,75.78,1131.51,3.97,-0.35,123.92,mixed_edge
1-2,target_class_group,B,8188,1261,15.4,818800,652790,-166010,79.73,517.68,18.61,79.76,428.68,-0.03,-3.21,89.0,mixed_edge
1-2,target_lane x target_class_group,2 | B,8188,1261,15.4,818800,652790,-166010,79.73,517.68,18.61,79.76,428.68,-0.03,-3.21,89.0,mixed_edge
1-6,target_national_win_rank_bucket x other_national_better_than_target_count_bucket,4+ | 2,1685,61,3.62,168500,134330,-34170,79.72,2202.13,4.05,73.3,1810.13,6.42,-0.43,392.0,mixed_edge
1-3,target_class_group x target_outer_pressure_bucket,A | some_other_pressure,1710,378,22.11,171000,136300,-34700,79.71,360.58,15.86,79.54,501.69,0.17,6.25,-141.11,mixed_edge
1-3,target_outer_pressure_bucket,high_other_pressure,12279,1725,14.05,1227900,978690,-249210,79.7,567.36,15.86,79.54,501.69,0.16,-1.81,65.67,mixed_edge
1-3,target_lane x target_outer_pressure_bucket,3 | high_other_pressure,12279,1725,14.05,1227900,978690,-249210,79.7,567.36,15.86,79.54,501.69,0.16,-1.81,65.67,mixed_edge
1-2,lane1_target_class_pair,A1-A2,1213,338,27.86,121300,96600,-24700,79.64,285.8,18.61,79.76,428.68,-0.12,9.25,-142.88,mixed_edge
1-3,other_st_faster_than_target_count_bucket,2,2797,433,15.48,279700,222710,-56990,79.62,514.34,15.86,79.54,501.69,0.08,-0.38,12.65,mixed_edge
1-5,target_national_win_rank_bucket,2,2279,211,9.26,227900,181450,-46450,79.62,859.95,6.7,75.78,1131.51,3.84,2.56,-271.56,mixed_edge
1-2,other_group_pattern,A-B-A-B,1027,148,14.41,102700,81760,-20940,79.61,552.43,18.61,79.76,428.68,-0.15,-4.2,123.75,mixed_edge
1-3,lane1_target_group_pair x target_outer_pressure_bucket,B-A | low_other_pressure,336,60,17.86,33600,26740,-6860,79.58,445.67,15.86,79.54,501.69,0.04,2.0,-56.02,mixed_edge
1-2,lane1_target_national_rank_pair x target_outer_pressure_bucket,3-2 | high_other_pressure,248,52,20.97,24800,19730,-5070,79.56,379.42,18.61,79.76,428.68,-0.2,2.36,-49.26,mixed_edge
1-2,lane1_target_national_rank_pair,3-4+,1533,197,12.85,153300,121950,-31350,79.55,619.04,18.61,79.76,428.68,-0.21,-5.76,190.36,mixed_edge
1-2,target_lane x lane1_target_national_rank_pair,2 | 3-4+,1533,197,12.85,153300,121950,-31350,79.55,619.04,18.61,79.76,428.68,-0.21,-5.76,190.36,mixed_edge
1-2,lane1_target_national_rank_pair x target_outer_pressure_bucket,3-4+ | high_other_pressure,1533,197,12.85,153300,121950,-31350,79.55,619.04,18.61,79.76,428.68,-0.21,-5.76,190.36,mixed_edge
1-3,target_lane,3,15484,2455,15.86,1548400,1231650,-316750,79.54,501.69,15.86,79.54,501.69,0.0,0.0,0.0,mixed_edge
1-3,target_lane_zone,inner_2_3,15484,2455,15.86,1548400,1231650,-316750,79.54,501.69,15.86,79.54,501.69,0.0,0.0,0.0,mixed_edge
1-5,lane1_motor_rank_bucket,1,2961,219,7.4,296100,235480,-60620,79.53,1075.25,6.7,75.78,1131.51,3.75,0.7,-56.26,mixed_edge
1-6,lane1_target_start_exhibition_st_diff_bucket,near_equal,3533,171,4.84,353300,280940,-72360,79.52,1642.92,4.05,73.3,1810.13,6.22,0.79,-167.21,mixed_edge
1-2,lane1_target_start_gap_pair x target_outer_pressure_bucket,best-0.04-0.06 | low_other_pressure,105,32,30.48,10500,8350,-2150,79.52,260.94,18.61,79.76,428.68,-0.24,11.87,-167.74,mixed_edge
1-5,wave_bucket,0-4,12908,910,7.05,1290800,1026080,-264720,79.49,1127.56,6.7,75.78,1131.51,3.71,0.35,-3.95,mixed_edge
1-4,target_exhibition_rank_bucket,1,2022,269,13.3,202200,160730,-41470,79.49,597.51,10.14,74.17,731.46,5.32,3.16,-133.95,mixed_edge
1-4,target_exhibition_rank_bucket x other_exhibition_faster_than_target_count_bucket,1 | 0,2022,269,13.3,202200,160730,-41470,79.49,597.51,10.14,74.17,731.46,5.32,3.16,-133.95,mixed_edge
1-4,target_class_group x target_outer_pressure_bucket,A | low_other_pressure,767,152,19.82,76700,60960,-15740,79.48,401.05,10.14,74.17,731.46,5.31,9.68,-330.41,mixed_edge
1-2,target_national_win_rank_bucket,4+,7548,1150,15.24,754800,599860,-154940,79.47,521.62,18.61,79.76,428.68,-0.29,-3.37,92.94,mixed_edge
1-2,lane1_national_win_rank_bucket,3,2691,471,17.5,269100,213860,-55240,79.47,454.06,18.61,79.76,428.68,-0.29,-1.11,25.38,mixed_edge
1-2,other_group_pattern,A-A-B-A,545,94,17.25,54500,43310,-11190,79.47,460.74,18.61,79.76,428.68,-0.29,-1.36,32.06,mixed_edge
1-5,lane1_national_win_rank_bucket,4+,5697,290,5.09,569700,452660,-117040,79.46,1560.9,6.7,75.78,1131.51,3.68,-1.61,429.39,mixed_edge
1-3,lane1_target_group_pair,A-B,4513,679,15.05,451300,358610,-92690,79.46,528.14,15.86,79.54,501.69,-0.08,-0.81,26.45,mixed_edge
1-4,other_b2_count_bucket,2,459,64,13.94,45900,36470,-9430,79.46,569.84,10.14,74.17,731.46,5.29,3.8,-161.62,mixed_edge
1-2,other_group_pattern,B-A-A-A,333,55,16.52,33300,26450,-6850,79.43,480.91,18.61,79.76,428.68,-0.33,-2.09,52.23,mixed_edge
1-5,lane1_start_exhibition_gap_bucket,0.04-0.06,2834,182,6.42,283400,225030,-58370,79.4,1236.43,6.7,75.78,1131.51,3.62,-0.28,104.92,mixed_edge
1-5,lane1_boat_rank_bucket,1,2761,201,7.28,276100,219220,-56880,79.4,1090.65,6.7,75.78,1131.51,3.62,0.58,-40.86,mixed_edge
1-3,lane1_target_national_win_diff_bucket,target_plus_0.35_1.00,2203,369,16.75,220300,174890,-45410,79.39,473.96,15.86,79.54,501.69,-0.15,0.89,-27.73,mixed_edge
1-5,target_exhibition_rank_bucket,3,2443,175,7.16,244300,193880,-50420,79.36,1107.89,6.7,75.78,1131.51,3.58,0.46,-23.62,mixed_edge
1-2,lane1_target_start_gap_pair x target_outer_pressure_bucket,best-<=0.03 | low_other_pressure,140,40,28.57,14000,11110,-2890,79.36,277.75,18.61,79.76,428.68,-0.4,9.96,-150.93,mixed_edge
1-4,target_class,A1,3359,543,16.17,335900,266510,-69390,79.34,490.81,10.14,74.17,731.46,5.17,6.03,-240.65,mixed_edge
1-2,lane1_target_start_exhibition_st_diff_bucket,target_faster_0.03_0.06,1802,345,19.15,180200,142940,-37260,79.32,414.32,18.61,79.76,428.68,-0.44,0.54,-14.36,mixed_edge
1-5,other_exhibition_faster_than_target_count_bucket,2,3089,213,6.9,308900,244990,-63910,79.31,1150.19,6.7,75.78,1131.51,3.53,0.2,18.68,mixed_edge
1-3,lane1_class,A2,4342,774,17.83,434200,344160,-90040,79.26,444.65,15.86,79.54,501.69,-0.28,1.97,-57.04,mixed_edge
1-6,lane1_target_exhibition_time_diff_bucket x lane1_target_start_exhibition_st_diff_bucket,lane1_faster_0.05_0.10 | lane1_faster_0.03_0.06,501,24,4.79,50100,39710,-10390,79.26,1654.58,4.05,73.3,1810.13,5.96,0.74,-155.55,mixed_edge
1-6,target_exhibition_rank_bucket x other_exhibition_faster_than_target_count_bucket,4+ | 2,2381,95,3.99,238100,188700,-49400,79.25,1986.32,4.05,73.3,1810.13,5.95,-0.06,176.19,mixed_edge
1-3,stadium_code,14,559,81,14.49,55900,44300,-11600,79.25,546.91,15.86,79.54,501.69,-0.29,-1.37,45.22,mixed_edge
1-3,stadium_code x target_lane,14 | 3,559,81,14.49,55900,44300,-11600,79.25,546.91,15.86,79.54,501.69,-0.29,-1.37,45.22,mixed_edge
1-4,lane1_target_local_win_diff_bucket,target_plus_1.00+,3571,379,10.61,357100,282980,-74120,79.24,746.65,10.14,74.17,731.46,5.07,0.47,15.19,mixed_edge
1-3,target_exhibition_rank_bucket,4+,7781,1123,14.43,778100,616270,-161830,79.2,548.77,15.86,79.54,501.69,-0.34,-1.43,47.08,mixed_edge
1-6,target_class_group x target_outer_pressure_bucket,A | some_other_pressure,1428,98,6.86,142800,113070,-29730,79.18,1153.78,4.05,73.3,1810.13,5.88,2.81,-656.35,mixed_edge
1-3,lane1_target_national_rank_pair x target_outer_pressure_bucket,2-3 | some_other_pressure,327,71,21.71,32700,25890,-6810,79.17,364.65,15.86,79.54,501.69,-0.37,5.85,-137.04,mixed_edge
1-2,target_class_group x target_outer_pressure_bucket,B | high_other_pressure,7266,1018,14.01,726600,575010,-151590,79.14,564.84,18.61,79.76,428.68,-0.62,-4.6,136.16,mixed_edge
1-2,lane1_motor_rank_bucket,3,2491,468,18.79,249100,197150,-51950,79.14,421.26,18.61,79.76,428.68,-0.62,0.18,-7.42,mixed_edge
1-4,lane1_target_group_pair x other_a_count_bucket,A-A | 4,1562,210,13.44,156200,123600,-32600,79.13,588.57,10.14,74.17,731.46,4.96,3.3,-142.89,mixed_edge
1-3,lane1_boat_rank_bucket,4+,7509,1176,15.66,750900,594010,-156890,79.11,505.11,15.86,79.54,501.69,-0.43,-0.2,3.42,mixed_edge
1-3,stadium_code,19,708,124,17.51,70800,56010,-14790,79.11,451.69,15.86,79.54,501.69,-0.43,1.65,-50.0,mixed_edge
1-3,stadium_code x target_lane,19 | 3,708,124,17.51,70800,56010,-14790,79.11,451.69,15.86,79.54,501.69,-0.43,1.65,-50.0,mixed_edge
1-6,lane1_exhibition_rank_bucket,2,3416,150,4.39,341600,270220,-71380,79.1,1801.47,4.05,73.3,1810.13,5.8,0.34,-8.66,mixed_edge
1-2,lane1_class,B1,6006,829,13.8,600600,474980,-125620,79.08,572.96,18.61,79.76,428.68,-0.68,-4.81,144.28,mixed_edge
1-3,other_exhibition_faster_than_target_count_bucket,1,3390,586,17.29,339000,268080,-70920,79.08,457.47,15.86,79.54,501.69,-0.46,1.43,-44.22,mixed_edge
1-2,target_local_win_rank_bucket,1,2503,566,22.61,250300,197930,-52370,79.08,349.7,18.61,79.76,428.68,-0.68,4.0,-78.98,mixed_edge
1-4,target_exhibition_rank_bucket x other_exhibition_faster_than_target_count_bucket,3 | 1,1565,171,10.93,156500,123760,-32740,79.08,723.74,10.14,74.17,731.46,4.91,0.79,-7.72,mixed_edge
1-6,lane1_target_start_gap_pair,best-0.04-0.06,964,46,4.77,96400,76210,-20190,79.06,1656.74,4.05,73.3,1810.13,5.76,0.72,-153.39,mixed_edge
1-6,target_lane x lane1_target_start_gap_pair,6 | best-0.04-0.06,964,46,4.77,96400,76210,-20190,79.06,1656.74,4.05,73.3,1810.13,5.76,0.72,-153.39,mixed_edge
1-6,lane1_start_exhibition_gap_bucket x target_start_exhibition_gap_bucket,best | 0.04-0.06,964,46,4.77,96400,76210,-20190,79.06,1656.74,4.05,73.3,1810.13,5.76,0.72,-153.39,mixed_edge
1-2,lane1_target_exhibition_time_diff_bucket x lane1_target_start_exhibition_st_diff_bucket,target_faster_0.10+ | lane1_faster_0.03_0.06,170,32,18.82,17000,13440,-3560,79.06,420.0,18.61,79.76,428.68,-0.7,0.21,-8.68,mixed_edge
1-2,stadium_code,01,666,117,17.57,66600,52650,-13950,79.05,450.0,18.61,79.76,428.68,-0.71,-1.04,21.32,mixed_edge
1-2,stadium_code x target_lane,01 | 2,666,117,17.57,66600,52650,-13950,79.05,450.0,18.61,79.76,428.68,-0.71,-1.04,21.32,mixed_edge
1-2,target_outer_pressure_bucket,high_other_pressure,11744,1949,16.6,1174400,927880,-246520,79.01,476.08,18.61,79.76,428.68,-0.75,-2.01,47.4,mixed_edge
1-2,target_lane x target_outer_pressure_bucket,2 | high_other_pressure,11744,1949,16.6,1174400,927880,-246520,79.01,476.08,18.61,79.76,428.68,-0.75,-2.01,47.4,mixed_edge
1-5,lane1_target_start_gap_pair x target_outer_pressure_bucket,<=0.03->0.06 | some_other_pressure,130,14,10.77,13000,10270,-2730,79.0,733.57,6.7,75.78,1131.51,3.22,4.07,-397.94,mixed_edge
1-3,lane1_target_group_pair,B-A,2685,391,14.56,268500,212080,-56420,78.99,542.4,15.86,79.54,501.69,-0.55,-1.3,40.71,mixed_edge
1-5,lane1_target_national_win_diff_bucket,target_plus_1.00+,2528,199,7.87,252800,199680,-53120,78.99,1003.42,6.7,75.78,1131.51,3.21,1.17,-128.09,mixed_edge
1-2,lane1_target_national_rank_pair x target_outer_pressure_bucket,2-1 | some_other_pressure,144,44,30.56,14400,11370,-3030,78.96,258.41,18.61,79.76,428.68,-0.8,11.95,-170.27,mixed_edge
1-2,lane1_target_exhibition_time_diff_bucket,lane1_faster_0.05_0.10,3013,552,18.32,301300,237870,-63430,78.95,430.92,18.61,79.76,428.68,-0.81,-0.29,2.24,mixed_edge
1-2,target_boat_rank_bucket,1,2560,476,18.59,256000,202120,-53880,78.95,424.62,18.61,79.76,428.68,-0.81,-0.02,-4.06,mixed_edge
1-3,target_local_win_rank_bucket,3,2762,445,16.11,276200,218000,-58200,78.93,489.89,15.86,79.54,501.69,-0.61,0.25,-11.8,mixed_edge
1-3,meeting_phase_bucket,final,252,38,15.08,25200,19890,-5310,78.93,523.42,15.86,79.54,501.69,-0.61,-0.78,21.73,mixed_edge
1-3,meeting_phase_bucket x target_lane,final | 3,252,38,15.08,25200,19890,-5310,78.93,523.42,15.86,79.54,501.69,-0.61,-0.78,21.73,mixed_edge
1-2,lane1_national_win_rank_bucket,2,3273,652,19.92,327300,258310,-68990,78.92,396.18,18.61,79.76,428.68,-0.84,1.31,-32.5,mixed_edge
1-3,wind_bucket,3-4,4976,784,15.76,497600,392540,-105060,78.89,500.69,15.86,79.54,501.69,-0.65,-0.1,-1.0,mixed_edge
1-6,other_a_count_bucket,0,2110,139,6.59,211000,166460,-44540,78.89,1197.55,4.05,73.3,1810.13,5.59,2.54,-612.58,mixed_edge
1-6,other_group_pattern,B-B-B-B,2110,139,6.59,211000,166460,-44540,78.89,1197.55,4.05,73.3,1810.13,5.59,2.54,-612.58,mixed_edge
1-6,target_lane x other_a_count_bucket,6 | 0,2110,139,6.59,211000,166460,-44540,78.89,1197.55,4.05,73.3,1810.13,5.59,2.54,-612.58,mixed_edge
1-6,lane1_target_exhibition_time_diff_bucket x lane1_target_start_exhibition_st_diff_bucket,lane1_faster_0.05_0.10 | near_equal,750,32,4.27,75000,59170,-15830,78.89,1849.06,4.05,73.3,1810.13,5.59,0.22,38.93,mixed_edge
1-6,lane1_national_win_rank_bucket,3,2691,123,4.57,269100,212270,-56830,78.88,1725.77,4.05,73.3,1810.13,5.58,0.52,-84.36,mixed_edge
1-2,other_exhibition_faster_than_target_count_bucket,2,2952,524,17.75,295200,232810,-62390,78.87,444.29,18.61,79.76,428.68,-0.89,-0.86,15.61,mixed_edge
1-6,lane1_exhibition_st_rank_bucket,3,2253,99,4.39,225300,177700,-47600,78.87,1794.95,4.05,73.3,1810.13,5.57,0.34,-15.18,mixed_edge
1-2,target_motor_rank_bucket,4+,7495,1339,17.87,749500,591030,-158470,78.86,441.4,18.61,79.76,428.68,-0.9,-0.74,12.72,mixed_edge
1-3,lane1_target_local_win_diff_bucket,target_plus_1.00+,3836,576,15.02,383600,302520,-81080,78.86,525.21,15.86,79.54,501.69,-0.68,-0.84,23.52,mixed_edge
1-5,lane1_target_group_pair x other_a_count_bucket,A-A | 0,276,50,18.12,27600,21760,-5840,78.84,435.2,6.7,75.78,1131.51,3.06,11.42,-696.31,mixed_edge
1-3,target_class,A1,3500,770,22.0,350000,275830,-74170,78.81,358.22,15.86,79.54,501.69,-0.73,6.14,-143.47,mixed_edge
1-2,target_class_group x target_outer_pressure_bucket,A | high_other_pressure,4478,931,20.79,447800,352870,-94930,78.8,379.02,18.61,79.76,428.68,-0.96,2.18,-49.66,mixed_edge
1-6,lane1_target_national_rank_pair x target_outer_pressure_bucket,4+-3 | high_other_pressure,1020,30,2.94,102000,80380,-21620,78.8,2679.33,4.05,73.3,1810.13,5.5,-1.11,869.2,mixed_edge
1-2,lane1_target_national_rank_pair x target_outer_pressure_bucket,4+-2 | high_other_pressure,558,80,14.34,55800,43970,-11830,78.8,549.62,18.61,79.76,428.68,-0.96,-4.27,120.94,mixed_edge
1-6,lane1_target_group_pair x target_outer_pressure_bucket,A-A | high_other_pressure,3250,154,4.74,325000,256050,-68950,78.78,1662.66,4.05,73.3,1810.13,5.48,0.69,-147.47,mixed_edge
1-2,target_motor_rank_bucket,3,2671,487,18.23,267100,210390,-56710,78.77,432.01,18.61,79.76,428.68,-0.99,-0.38,3.33,mixed_edge
1-5,lane1_target_motor_place_diff_bucket,target_plus_10+,2473,179,7.24,247300,194790,-52510,78.77,1088.21,6.7,75.78,1131.51,2.99,0.54,-43.3,mixed_edge
1-3,lane1_target_local_win_diff_bucket,lane1_plus_1.00+,5559,821,14.77,555900,437820,-118080,78.76,533.28,15.86,79.54,501.69,-0.78,-1.09,31.59,mixed_edge
1-4,other_a_count_bucket,2,5106,414,8.11,510600,402150,-108450,78.76,971.38,10.14,74.17,731.46,4.59,-2.03,239.92,mixed_edge
1-4,target_lane x other_a_count_bucket,4 | 2,5106,414,8.11,510600,402150,-108450,78.76,971.38,10.14,74.17,731.46,4.59,-2.03,239.92,mixed_edge
1-2,target_outer_pressure_bucket,low_other_pressure,1124,292,25.98,112400,88510,-23890,78.75,303.12,18.61,79.76,428.68,-1.01,7.37,-125.56,mixed_edge
1-2,target_lane x target_outer_pressure_bucket,2 | low_other_pressure,1124,292,25.98,112400,88510,-23890,78.75,303.12,18.61,79.76,428.68,-1.01,7.37,-125.56,mixed_edge
1-3,stadium_code,16,732,109,14.89,73200,57640,-15560,78.74,528.81,15.86,79.54,501.69,-0.8,-0.97,27.12,mixed_edge
1-3,stadium_code x target_lane,16 | 3,732,109,14.89,73200,57640,-15560,78.74,528.81,15.86,79.54,501.69,-0.8,-0.97,27.12,mixed_edge
1-5,lane1_target_exhibition_time_diff_bucket x lane1_target_start_exhibition_st_diff_bucket,near_equal | lane1_faster_0.06+,2017,135,6.69,201700,158760,-42940,78.71,1176.0,6.7,75.78,1131.51,2.93,-0.01,44.49,mixed_edge
1-6,other_exhibition_faster_than_target_count_bucket,0,3495,195,5.58,349500,275050,-74450,78.7,1410.51,4.05,73.3,1810.13,5.4,1.53,-399.62,mixed_edge
1-3,lane1_target_motor_place_diff_bucket,target_plus_10+,2448,409,16.71,244800,192650,-52150,78.7,471.03,15.86,79.54,501.69,-0.84,0.85,-30.66,mixed_edge
1-5,lane1_target_class_pair,A1-A1,1679,168,10.01,167900,132140,-35760,78.7,786.55,6.7,75.78,1131.51,2.92,3.31,-344.96,mixed_edge
1-4,month,2026-02,4167,442,10.61,416700,327800,-88900,78.67,741.63,10.14,74.17,731.46,4.5,0.47,10.17,mixed_edge
1-2,lane1_target_national_rank_pair x target_outer_pressure_bucket,2-3 | high_other_pressure,328,65,19.82,32800,25800,-7000,78.66,396.92,18.61,79.76,428.68,-1.1,1.21,-31.76,mixed_edge
1-4,lane1_target_group_pair x target_outer_pressure_bucket,B-B | high_other_pressure,3803,194,5.1,380300,299050,-81250,78.64,1541.49,10.14,74.17,731.46,4.47,-5.04,810.03,mixed_edge
1-3,lane1_national_win_rank_bucket,1,3823,810,21.19,382300,300620,-81680,78.63,371.14,15.86,79.54,501.69,-0.91,5.33,-130.55,mixed_edge
1-2,lane1_boat_rank_bucket,2,2627,477,18.16,262700,206520,-56180,78.61,432.96,18.61,79.76,428.68,-1.15,-0.45,4.28,mixed_edge
1-2,lane1_target_national_rank_pair,3-1,579,144,24.87,57900,45510,-12390,78.6,316.04,18.61,79.76,428.68,-1.16,6.26,-112.64,mixed_edge
1-2,target_lane x lane1_target_national_rank_pair,2 | 3-1,579,144,24.87,57900,45510,-12390,78.6,316.04,18.61,79.76,428.68,-1.16,6.26,-112.64,mixed_edge
1-3,lane1_target_group_pair x target_outer_pressure_bucket,A-B | high_other_pressure,4097,565,13.79,409700,321910,-87790,78.57,569.75,15.86,79.54,501.69,-0.97,-2.07,68.06,mixed_edge
1-6,target_local_win_rank_bucket,1,2380,193,8.11,238000,187000,-51000,78.57,968.91,4.05,73.3,1810.13,5.27,4.06,-841.22,mixed_edge
1-3,target_exhibition_rank_bucket x other_exhibition_faster_than_target_count_bucket,4+ | 2,2308,367,15.9,230800,181310,-49490,78.56,494.03,15.86,79.54,501.69,-0.98,0.04,-7.66,mixed_edge
1-2,target_boat_rank_bucket,3,2525,461,18.26,252500,198320,-54180,78.54,430.2,18.61,79.76,428.68,-1.22,-0.35,1.52,mixed_edge
1-2,other_b2_count_bucket,1,4148,714,17.21,414800,325700,-89100,78.52,456.16,18.61,79.76,428.68,-1.24,-1.4,27.48,mixed_edge
1-5,lane1_target_national_rank_pair x target_outer_pressure_bucket,3-2 | some_other_pressure,214,23,10.75,21400,16800,-4600,78.5,730.43,6.7,75.78,1131.51,2.72,4.05,-401.08,mixed_edge
1-6,lane1_target_exhibition_time_diff_bucket,near_equal,6826,303,4.44,682600,535760,-146840,78.49,1768.18,4.05,73.3,1810.13,5.19,0.39,-41.95,mixed_edge
1-4,lane1_exhibition_st_rank_bucket,2,2630,286,10.87,263000,206270,-56730,78.43,721.22,10.14,74.17,731.46,4.26,0.73,-10.24,mixed_edge
1-6,lane1_target_national_rank_pair,4+-3,1025,30,2.93,102500,80380,-22120,78.42,2679.33,4.05,73.3,1810.13,5.12,-1.12,869.2,mixed_edge
1-6,target_lane x lane1_target_national_rank_pair,6 | 4+-3,1025,30,2.93,102500,80380,-22120,78.42,2679.33,4.05,73.3,1810.13,5.12,-1.12,869.2,mixed_edge
1-3,target_national_win_rank_bucket,4+,7687,917,11.93,768700,602680,-166020,78.4,657.23,15.86,79.54,501.69,-1.14,-3.93,155.54,mixed_edge
1-3,lane1_national_win_rank_bucket,3,2691,423,15.72,269100,210790,-58310,78.33,498.32,15.86,79.54,501.69,-1.21,-0.14,-3.37,mixed_edge
1-6,meeting_phase_bucket,day1-2,5629,235,4.17,562900,440890,-122010,78.32,1876.13,4.05,73.3,1810.13,5.02,0.12,66.0,mixed_edge
1-6,meeting_phase_bucket x target_lane,day1-2 | 6,5629,235,4.17,562900,440890,-122010,78.32,1876.13,4.05,73.3,1810.13,5.02,0.12,66.0,mixed_edge
1-3,lane1_target_national_rank_pair,1-4+,2121,357,16.83,212100,166090,-46010,78.31,465.24,15.86,79.54,501.69,-1.23,0.97,-36.45,mixed_edge
1-3,target_lane x lane1_target_national_rank_pair,3 | 1-4+,2121,357,16.83,212100,166090,-46010,78.31,465.24,15.86,79.54,501.69,-1.23,0.97,-36.45,mixed_edge
1-6,race_no_bucket,1-3R,3898,153,3.93,389800,305210,-84590,78.3,1994.84,4.05,73.3,1810.13,5.0,-0.12,184.71,mixed_edge
1-6,race_no_bucket x target_lane,1-3R | 6,3898,153,3.93,389800,305210,-84590,78.3,1994.84,4.05,73.3,1810.13,5.0,-0.12,184.71,mixed_edge
1-6,lane1_target_start_gap_pair x target_outer_pressure_bucket,best-best | high_other_pressure,127,7,5.51,12700,9940,-2760,78.27,1420.0,4.05,73.3,1810.13,4.97,1.46,-390.13,mixed_edge
1-4,other_exhibition_faster_than_target_count_bucket,2,3197,305,9.54,319700,250190,-69510,78.26,820.3,10.14,74.17,731.46,4.09,-0.6,88.84,mixed_edge
1-2,lane1_target_group_pair x target_outer_pressure_bucket,A-A | high_other_pressure,2894,695,24.02,289400,226490,-62910,78.26,325.88,18.61,79.76,428.68,-1.5,5.41,-102.8,mixed_edge
1-2,lane1_target_national_win_diff_bucket,target_plus_1.00+,2873,435,15.14,287300,224800,-62500,78.25,516.78,18.61,79.76,428.68,-1.51,-3.47,88.1,mixed_edge
1-2,lane1_exhibition_rank_bucket,4+,4688,758,16.17,468800,366760,-102040,78.23,483.85,18.61,79.76,428.68,-1.53,-2.44,55.17,mixed_edge
1-5,lane1_target_exhibition_time_diff_bucket,lane1_faster_0.05_0.10,3370,215,6.38,337000,263630,-73370,78.23,1226.19,6.7,75.78,1131.51,2.45,-0.32,94.68,mixed_edge
1-2,target_national_win_rank_bucket,1,2466,566,22.95,246600,192920,-53680,78.23,340.85,18.61,79.76,428.68,-1.53,4.34,-87.83,mixed_edge
1-2,target_national_win_rank_bucket x other_national_better_than_target_count_bucket,1 | 0,2466,566,22.95,246600,192920,-53680,78.23,340.85,18.61,79.76,428.68,-1.53,4.34,-87.83,mixed_edge
1-3,lane1_target_national_rank_pair x target_outer_pressure_bucket,1-4+ | high_other_pressure,2119,356,16.8,211900,165760,-46140,78.23,465.62,15.86,79.54,501.69,-1.31,0.94,-36.07,mixed_edge
1-3,other_b2_count_bucket,0,10764,1674,15.55,1076400,841940,-234460,78.22,502.95,15.86,79.54,501.69,-1.32,-0.31,1.26,mixed_edge
1-3,lane1_target_local_win_diff_bucket,near_equal,2291,395,17.24,229100,179190,-49910,78.21,453.65,15.86,79.54,501.69,-1.33,1.38,-48.04,mixed_edge
1-3,lane1_target_start_gap_pair x target_outer_pressure_bucket,best-best | some_other_pressure,61,15,24.59,6100,4770,-1330,78.2,318.0,15.86,79.54,501.69,-1.34,8.73,-183.69,mixed_edge
1-2,lane1_target_exhibition_time_diff_bucket,target_faster_0.05_0.10,1944,346,17.8,194400,152000,-42400,78.19,439.31,18.61,79.76,428.68,-1.57,-0.81,10.63,mixed_edge
1-5,lane1_target_motor_place_diff_bucket,lane1_plus_10+,2576,166,6.44,257600,201310,-56290,78.15,1212.71,6.7,75.78,1131.51,2.37,-0.26,81.2,mixed_edge
1-3,lane1_target_national_win_diff_bucket,lane1_plus_1.00+,4753,690,14.52,475300,371380,-103920,78.14,538.23,15.86,79.54,501.69,-1.4,-1.34,36.54,mixed_edge
1-4,lane1_target_class_pair,A1-A1,1786,283,15.85,178600,139560,-39040,78.14,493.14,10.14,74.17,731.46,3.97,5.71,-238.32,mixed_edge
1-6,lane1_exhibition_st_rank_bucket,1,4915,220,4.48,491500,383930,-107570,78.11,1745.14,4.05,73.3,1810.13,4.81,0.43,-64.99,mixed_edge
1-6,lane1_start_exhibition_gap_bucket,best,4915,220,4.48,491500,383930,-107570,78.11,1745.14,4.05,73.3,1810.13,4.81,0.43,-64.99,mixed_edge
1-2,lane1_target_motor_place_diff_bucket,near_equal,5044,907,17.98,504400,393920,-110480,78.1,434.31,18.61,79.76,428.68,-1.66,-0.63,5.63,mixed_edge
1-3,other_national_better_than_target_count_bucket,0,3282,768,23.4,328200,256250,-71950,78.08,333.66,15.86,79.54,501.69,-1.46,7.54,-168.03,mixed_edge
1-5,target_motor_rank_bucket,3,2463,170,6.9,246300,192300,-54000,78.08,1131.18,6.7,75.78,1131.51,2.3,0.2,-0.33,mixed_edge
1-3,lane1_target_motor_place_diff_bucket,lane1_plus_10+,2585,405,15.67,258500,201810,-56690,78.07,498.3,15.86,79.54,501.69,-1.47,-0.19,-3.39,mixed_edge
1-3,other_a_count_bucket,0,2273,502,22.09,227300,177420,-49880,78.06,353.43,15.86,79.54,501.69,-1.48,6.23,-148.26,mixed_edge
1-3,other_group_pattern,B-B-B-B,2273,502,22.09,227300,177420,-49880,78.06,353.43,15.86,79.54,501.69,-1.48,6.23,-148.26,mixed_edge
1-3,target_lane x other_a_count_bucket,3 | 0,2273,502,22.09,227300,177420,-49880,78.06,353.43,15.86,79.54,501.69,-1.48,6.23,-148.26,mixed_edge
1-2,lane1_class_group,B,6424,865,13.47,642400,501370,-141030,78.05,579.62,18.61,79.76,428.68,-1.71,-5.14,150.94,mixed_edge
1-3,lane1_boat_rank_bucket,3,2587,432,16.7,258700,201920,-56780,78.05,467.41,15.86,79.54,501.69,-1.49,0.84,-34.28,mixed_edge
1-3,target_national_win_rank_bucket,2,2630,506,19.24,263000,205190,-57810,78.02,405.51,15.86,79.54,501.69,-1.52,3.38,-96.18,mixed_edge
1-4,other_b2_count_bucket,1,3861,411,10.64,386100,301210,-84890,78.01,732.87,10.14,74.17,731.46,3.84,0.5,1.41,mixed_edge
1-3,lane1_exhibition_rank_bucket,3,2671,364,13.63,267100,208360,-58740,78.01,572.42,15.86,79.54,501.69,-1.53,-2.23,70.73,mixed_edge
1-6,wave_bucket,10+,231,9,3.9,23100,18020,-5080,78.01,2002.22,4.05,73.3,1810.13,4.71,-0.15,192.09,mixed_edge
1-4,wind_bucket,0-2,7641,825,10.8,764100,595630,-168470,77.95,721.98,10.14,74.17,731.46,3.78,0.66,-9.48,mixed_edge
1-6,lane1_target_start_gap_pair x target_outer_pressure_bucket,best->0.06 | some_other_pressure,294,19,6.46,29400,22910,-6490,77.93,1205.79,4.05,73.3,1810.13,4.63,2.41,-604.34,mixed_edge
1-5,other_exhibition_faster_than_target_count_bucket,3,3148,191,6.07,314800,245100,-69700,77.86,1283.25,6.7,75.78,1131.51,2.08,-0.63,151.74,mixed_edge
1-5,target_exhibition_rank_bucket x other_exhibition_faster_than_target_count_bucket,4+ | 3,3148,191,6.07,314800,245100,-69700,77.86,1283.25,6.7,75.78,1131.51,2.08,-0.63,151.74,mixed_edge
1-2,lane1_target_national_win_diff_bucket,near_equal,2967,600,20.22,296700,231020,-65680,77.86,385.03,18.61,79.76,428.68,-1.9,1.61,-43.65,mixed_edge
1-4,lane1_target_start_gap_pair x target_outer_pressure_bucket,best->0.06 | some_other_pressure,261,41,15.71,26100,20320,-5780,77.85,495.61,10.14,74.17,731.46,3.68,5.57,-235.85,mixed_edge
1-6,stadium_code,15,652,26,3.99,65200,50750,-14450,77.84,1951.92,4.05,73.3,1810.13,4.54,-0.06,141.79,mixed_edge
1-6,stadium_code x target_lane,15 | 6,652,26,3.99,65200,50750,-14450,77.84,1951.92,4.05,73.3,1810.13,4.54,-0.06,141.79,mixed_edge
1-2,other_national_better_than_target_count_bucket,0,3300,836,25.33,330000,256850,-73150,77.83,307.24,18.61,79.76,428.68,-1.93,6.72,-121.44,mixed_edge
1-3,target_motor_rank_bucket,4+,7601,1122,14.76,760100,591490,-168610,77.82,527.17,15.86,79.54,501.69,-1.72,-1.1,25.48,mixed_edge
1-2,lane1_local_win_rank_bucket,3,2683,465,17.33,268300,208800,-59500,77.82,449.03,18.61,79.76,428.68,-1.94,-1.28,20.35,mixed_edge
1-6,target_motor_rank_bucket,3,2559,101,3.95,255900,199130,-56770,77.82,1971.58,4.05,73.3,1810.13,4.52,-0.1,161.45,mixed_edge
1-4,lane1_target_exhibition_st_rank_pair,1-4+,3291,342,10.39,329100,255940,-73160,77.77,748.36,10.14,74.17,731.46,3.6,0.25,16.9,mixed_edge
1-4,lane1_exhibition_st_rank_bucket x target_exhibition_st_rank_bucket,1 | 4+,3291,342,10.39,329100,255940,-73160,77.77,748.36,10.14,74.17,731.46,3.6,0.25,16.9,mixed_edge
1-4,wind_bucket,7+,793,73,9.21,79300,61670,-17630,77.77,844.79,10.14,74.17,731.46,3.6,-0.93,113.33,mixed_edge
1-5,other_group_pattern,B-A-A-A,465,20,4.3,46500,36160,-10340,77.76,1808.0,6.7,75.78,1131.51,1.98,-2.4,676.49,mixed_edge
1-3,lane1_exhibition_rank_bucket,2,3416,556,16.28,341600,265580,-76020,77.75,477.66,15.86,79.54,501.69,-1.79,0.42,-24.03,mixed_edge
1-3,target_boat_rank_bucket,1,2577,414,16.07,257700,200330,-57370,77.74,483.89,15.86,79.54,501.69,-1.8,0.21,-17.8,mixed_edge
1-4,target_exhibition_st_rank_bucket x other_st_faster_than_target_count_bucket,2 | 1,1424,144,10.11,142400,110700,-31700,77.74,768.75,10.14,74.17,731.46,3.57,-0.03,37.29,mixed_edge
1-6,target_exhibition_st_rank_bucket x other_st_faster_than_target_count_bucket,4+ | 2,2061,79,3.83,206100,160210,-45890,77.73,2027.97,4.05,73.3,1810.13,4.43,-0.22,217.84,mixed_edge
1-3,target_local_win_rank_bucket,2,2615,477,18.24,261500,203240,-58260,77.72,426.08,15.86,79.54,501.69,-1.82,2.38,-75.61,mixed_edge
1-3,lane1_target_exhibition_time_diff_bucket,near_equal,7138,1164,16.31,713800,554660,-159140,77.71,476.51,15.86,79.54,501.69,-1.83,0.45,-25.18,mixed_edge
1-4,lane1_target_group_pair x other_a_count_bucket,B-B | 1,929,59,6.35,92900,72190,-20710,77.71,1223.56,10.14,74.17,731.46,3.54,-3.79,492.1,mixed_edge
1-5,target_class,A1,3235,335,10.36,323500,251070,-72430,77.61,749.46,6.7,75.78,1131.51,1.83,3.66,-382.05,mixed_edge
1-2,lane1_target_motor_place_diff_bucket,lane1_plus_10+,2605,480,18.43,260500,202170,-58330,77.61,421.19,18.61,79.76,428.68,-2.15,-0.18,-7.49,mixed_edge
1-3,lane1_motor_rank_bucket,4+,7439,1121,15.07,743900,577240,-166660,77.6,514.93,15.86,79.54,501.69,-1.94,-0.79,13.24,mixed_edge
1-2,other_a_count_bucket,3,1828,310,16.96,182800,141850,-40950,77.6,457.58,18.61,79.76,428.68,-2.16,-1.65,28.9,mixed_edge
1-2,target_lane x other_a_count_bucket,2 | 3,1828,310,16.96,182800,141850,-40950,77.6,457.58,18.61,79.76,428.68,-2.16,-1.65,28.9,mixed_edge
1-2,other_a_count_bucket,4,1725,370,21.45,172500,133800,-38700,77.57,361.62,18.61,79.76,428.68,-2.19,2.84,-67.06,mixed_edge
1-2,other_group_pattern,A-A-A-A,1725,370,21.45,172500,133800,-38700,77.57,361.62,18.61,79.76,428.68,-2.19,2.84,-67.06,mixed_edge
1-2,target_lane x other_a_count_bucket,2 | 4,1725,370,21.45,172500,133800,-38700,77.57,361.62,18.61,79.76,428.68,-2.19,2.84,-67.06,mixed_edge
1-2,other_national_better_than_target_count_bucket,3,3199,460,14.38,319900,248120,-71780,77.56,539.39,18.61,79.76,428.68,-2.2,-4.23,110.71,mixed_edge
1-2,target_national_win_rank_bucket x other_national_better_than_target_count_bucket,4+ | 3,3199,460,14.38,319900,248120,-71780,77.56,539.39,18.61,79.76,428.68,-2.2,-4.23,110.71,mixed_edge
1-2,target_exhibition_rank_bucket,3,2840,555,19.54,284000,220250,-63750,77.55,396.85,18.61,79.76,428.68,-2.21,0.93,-31.83,mixed_edge
1-5,target_class,B1,7427,382,5.14,742700,575750,-166950,77.52,1507.2,6.7,75.78,1131.51,1.74,-1.56,375.69,mixed_edge
1-2,lane1_local_win_rank_bucket,4+,6062,900,14.85,606200,469950,-136250,77.52,522.17,18.61,79.76,428.68,-2.24,-3.76,93.49,mixed_edge
1-2,lane1_exhibition_rank_bucket,1,4513,925,20.5,451300,349700,-101600,77.49,378.05,18.61,79.76,428.68,-2.27,1.89,-50.63,mixed_edge
1-3,lane1_target_national_rank_pair,4+-2,1191,149,12.51,119100,92290,-26810,77.49,619.4,15.86,79.54,501.69,-2.05,-3.35,117.71,mixed_edge
1-3,target_lane x lane1_target_national_rank_pair,3 | 4+-2,1191,149,12.51,119100,92290,-26810,77.49,619.4,15.86,79.54,501.69,-2.05,-3.35,117.71,mixed_edge
1-4,other_national_better_than_target_count_bucket,3,3111,224,7.2,311100,241000,-70100,77.47,1075.89,10.14,74.17,731.46,3.3,-2.94,344.43,mixed_edge
1-4,target_national_win_rank_bucket x other_national_better_than_target_count_bucket,4+ | 3,3111,224,7.2,311100,241000,-70100,77.47,1075.89,10.14,74.17,731.46,3.3,-2.94,344.43,mixed_edge
1-2,lane1_target_exhibition_time_diff_bucket x lane1_target_start_exhibition_st_diff_bucket,target_faster_0.05_0.10 | lane1_faster_0.03_0.06,367,73,19.89,36700,28430,-8270,77.47,389.45,18.61,79.76,428.68,-2.29,1.28,-39.23,mixed_edge
1-3,lane1_target_national_rank_pair,3-1,567,135,23.81,56700,43920,-12780,77.46,325.33,15.86,79.54,501.69,-2.08,7.95,-176.36,mixed_edge
1-3,target_lane x lane1_target_national_rank_pair,3 | 3-1,567,135,23.81,56700,43920,-12780,77.46,325.33,15.86,79.54,501.69,-2.08,7.95,-176.36,mixed_edge
1-2,lane1_target_exhibition_time_diff_bucket x lane1_target_start_exhibition_st_diff_bucket,target_faster_0.10+ | lane1_faster_0.06+,161,31,19.25,16100,12470,-3630,77.45,402.26,18.61,79.76,428.68,-2.31,0.64,-26.42,mixed_edge
1-5,lane1_target_start_gap_pair x target_outer_pressure_bucket,best-<=0.03 | low_other_pressure,51,7,13.73,5100,3950,-1150,77.45,564.29,6.7,75.78,1131.51,1.67,7.03,-567.22,mixed_edge
1-4,lane1_boat_rank_bucket,3,2587,258,9.97,258700,200340,-58360,77.44,776.51,10.14,74.17,731.46,3.27,-0.17,45.05,mixed_edge
1-5,target_national_win_rank_bucket x other_national_better_than_target_count_bucket,2 | 1,1588,109,6.86,158800,122970,-35830,77.44,1128.17,6.7,75.78,1131.51,1.66,0.16,-3.34,mixed_edge
1-3,lane1_target_class_pair,B1-B2,254,19,7.48,25400,19670,-5730,77.44,1035.26,15.86,79.54,501.69,-2.1,-8.38,533.57,mixed_edge
1-4,lane1_target_group_pair,B-B,4100,224,5.46,410000,317430,-92570,77.42,1417.1,10.14,74.17,731.46,3.25,-4.68,685.64,mixed_edge
1-4,lane1_target_national_rank_pair,2-1,747,175,23.43,74700,57830,-16870,77.42,330.46,10.14,74.17,731.46,3.25,13.29,-401.0,mixed_edge
1-4,target_lane x lane1_target_national_rank_pair,4 | 2-1,747,175,23.43,74700,57830,-16870,77.42,330.46,10.14,74.17,731.46,3.25,13.29,-401.0,mixed_edge
1-6,target_class,B1,6327,184,2.91,632700,489770,-142930,77.41,2661.79,4.05,73.3,1810.13,4.11,-1.14,851.66,mixed_edge
1-5,lane1_target_national_win_diff_bucket,target_plus_0.35_1.00,1921,155,8.07,192100,148680,-43420,77.4,959.23,6.7,75.78,1131.51,1.62,1.37,-172.28,mixed_edge
1-6,lane1_exhibition_rank_bucket,3,2671,116,4.34,267100,206720,-60380,77.39,1782.07,4.05,73.3,1810.13,4.09,0.29,-28.06,mixed_edge
1-6,target_motor_rank_bucket,1,2469,127,5.14,246900,191040,-55860,77.38,1504.25,4.05,73.3,1810.13,4.08,1.09,-305.88,mixed_edge
1-2,stadium_code,15,652,127,19.48,65200,50450,-14750,77.38,397.24,18.61,79.76,428.68,-2.38,0.87,-31.44,mixed_edge
1-2,stadium_code x target_lane,15 | 2,652,127,19.48,65200,50450,-14750,77.38,397.24,18.61,79.76,428.68,-2.38,0.87,-31.44,mixed_edge
1-5,target_outer_pressure_bucket,low_other_pressure,735,98,13.33,73500,56870,-16630,77.37,580.31,6.7,75.78,1131.51,1.59,6.63,-551.2,mixed_edge
1-5,target_lane x target_outer_pressure_bucket,5 | low_other_pressure,735,98,13.33,73500,56870,-16630,77.37,580.31,6.7,75.78,1131.51,1.59,6.63,-551.2,mixed_edge
1-4,other_exhibition_faster_than_target_count_bucket,3,2999,304,10.14,299900,232000,-67900,77.36,763.16,10.14,74.17,731.46,3.19,0.0,31.7,mixed_edge
1-4,target_exhibition_rank_bucket x other_exhibition_faster_than_target_count_bucket,4+ | 3,2999,304,10.14,299900,232000,-67900,77.36,763.16,10.14,74.17,731.46,3.19,0.0,31.7,mixed_edge
1-5,lane1_target_national_rank_pair,2-1,597,96,16.08,59700,46180,-13520,77.35,481.04,6.7,75.78,1131.51,1.57,9.38,-650.47,mixed_edge
1-5,target_lane x lane1_target_national_rank_pair,5 | 2-1,597,96,16.08,59700,46180,-13520,77.35,481.04,6.7,75.78,1131.51,1.57,9.38,-650.47,mixed_edge
1-2,stadium_code,14,559,89,15.92,55900,43240,-12660,77.35,485.84,18.61,79.76,428.68,-2.41,-2.69,57.16,mixed_edge
1-2,stadium_code x target_lane,14 | 2,559,89,15.92,55900,43240,-12660,77.35,485.84,18.61,79.76,428.68,-2.41,-2.69,57.16,mixed_edge
1-6,lane1_target_start_gap_pair x target_outer_pressure_bucket,>0.06-<=0.03 | low_other_pressure,30,3,10.0,3000,2320,-680,77.33,773.33,4.05,73.3,1810.13,4.03,5.95,-1036.8,mixed_edge
1-4,lane1_target_exhibition_st_rank_pair,4+-2,1253,123,9.82,125300,96880,-28420,77.32,787.64,10.14,74.17,731.46,3.15,-0.32,56.18,mixed_edge
1-4,lane1_exhibition_st_rank_bucket x target_exhibition_st_rank_bucket,4+ | 2,1253,123,9.82,125300,96880,-28420,77.32,787.64,10.14,74.17,731.46,3.15,-0.32,56.18,mixed_edge
1-2,target_class,A1,3579,829,23.16,357900,276690,-81210,77.31,333.76,18.61,79.76,428.68,-2.45,4.55,-94.92,mixed_edge
1-2,lane1_target_exhibition_st_rank_pair,4+-1,773,127,16.43,77300,59760,-17540,77.31,470.55,18.61,79.76,428.68,-2.45,-2.18,41.87,mixed_edge
1-2,lane1_exhibition_st_rank_bucket x target_exhibition_st_rank_bucket,4+ | 1,773,127,16.43,77300,59760,-17540,77.31,470.55,18.61,79.76,428.68,-2.45,-2.18,41.87,mixed_edge
1-5,lane1_target_national_rank_pair,3-2,487,46,9.45,48700,37620,-11080,77.25,817.83,6.7,75.78,1131.51,1.47,2.75,-313.68,mixed_edge
1-5,target_lane x lane1_target_national_rank_pair,5 | 3-2,487,46,9.45,48700,37620,-11080,77.25,817.83,6.7,75.78,1131.51,1.47,2.75,-313.68,mixed_edge
1-3,lane1_class_group,A,9060,1708,18.85,906000,699830,-206170,77.24,409.74,15.86,79.54,501.69,-2.3,2.99,-91.95,mixed_edge
1-3,lane1_target_class_pair,B2-A1,58,9,15.52,5800,4480,-1320,77.24,497.78,15.86,79.54,501.69,-2.3,-0.34,-3.91,mixed_edge
1-3,target_local_win_rank_bucket,1,2535,531,20.95,253500,195710,-57790,77.2,368.57,15.86,79.54,501.69,-2.34,5.09,-133.12,mixed_edge
1-4,lane1_target_national_rank_pair x target_outer_pressure_bucket,4+-1 | some_other_pressure,192,21,10.94,19200,14820,-4380,77.19,705.71,10.14,74.17,731.46,3.02,0.8,-25.75,mixed_edge
1-2,lane1_target_exhibition_time_diff_bucket,lane1_faster_0.10+,1726,301,17.44,172600,133190,-39410,77.17,442.49,18.61,79.76,428.68,-2.59,-1.17,13.81,mixed_edge
1-6,lane1_target_group_pair x target_outer_pressure_bucket,B-A | some_other_pressure,601,32,5.32,60100,46380,-13720,77.17,1449.38,4.05,73.3,1810.13,3.87,1.27,-360.75,mixed_edge
1-5,other_b2_count_bucket,0,11599,756,6.52,1159900,894930,-264970,77.16,1183.77,6.7,75.78,1131.51,1.38,-0.18,52.26,mixed_edge
1-6,target_boat_rank_bucket,3,2521,102,4.05,252100,194500,-57600,77.15,1906.86,4.05,73.3,1810.13,3.85,0.0,96.73,mixed_edge
1-4,stadium_code,17,688,69,10.03,68800,53070,-15730,77.14,769.13,10.14,74.17,731.46,2.97,-0.11,37.67,mixed_edge
1-4,stadium_code x target_lane,17 | 4,688,69,10.03,68800,53070,-15730,77.14,769.13,10.14,74.17,731.46,2.97,-0.11,37.67,mixed_edge
1-2,lane1_motor_rank_bucket,1,2961,577,19.49,296100,228230,-67870,77.08,395.55,18.61,79.76,428.68,-2.68,0.88,-33.13,mixed_edge
1-4,lane1_class,A1,4718,650,13.78,471800,363530,-108270,77.05,559.28,10.14,74.17,731.46,2.88,3.64,-172.18,mixed_edge
1-3,other_national_better_than_target_count_bucket,2,3299,448,13.58,329900,254160,-75740,77.04,567.32,15.86,79.54,501.69,-2.5,-2.28,65.63,mixed_edge
1-2,race_no_bucket,4-6R,3891,633,16.27,389100,299710,-89390,77.03,473.48,18.61,79.76,428.68,-2.73,-2.34,44.8,mixed_edge
1-2,race_no_bucket x target_lane,4-6R | 2,3891,633,16.27,389100,299710,-89390,77.03,473.48,18.61,79.76,428.68,-2.73,-2.34,44.8,mixed_edge
1-2,lane1_target_boat_place_diff_bucket,lane1_plus_4_10,2836,529,18.65,283600,218440,-65160,77.02,412.93,18.61,79.76,428.68,-2.74,0.04,-15.75,mixed_edge
1-5,target_boat_rank_bucket,4+,7884,526,6.67,788400,607150,-181250,77.01,1154.28,6.7,75.78,1131.51,1.23,-0.03,22.77,mixed_edge
1-2,lane1_target_group_pair,A-A,4473,1153,25.78,447300,344340,-102960,76.98,298.65,18.61,79.76,428.68,-2.78,7.17,-130.03,mixed_edge
1-2,other_group_pattern,B-B-A-A,716,120,16.76,71600,55090,-16510,76.94,459.08,18.61,79.76,428.68,-2.82,-1.85,30.4,mixed_edge
1-5,lane1_target_start_gap_pair x target_outer_pressure_bucket,>0.06-<=0.03 | low_other_pressure,49,7,14.29,4900,3770,-1130,76.94,538.57,6.7,75.78,1131.51,1.16,7.59,-592.94,mixed_edge
1-2,lane1_target_group_pair x other_a_count_bucket,A-A | 4,1562,340,21.77,156200,120160,-36040,76.93,353.41,18.61,79.76,428.68,-2.83,3.16,-75.27,mixed_edge
1-5,lane1_target_group_pair x target_outer_pressure_bucket,A-A | some_other_pressure,787,97,12.33,78700,60510,-18190,76.89,623.81,6.7,75.78,1131.51,1.11,5.63,-507.7,mixed_edge
1-3,other_exhibition_faster_than_target_count_bucket,4,2498,328,13.13,249800,192000,-57800,76.86,585.37,15.86,79.54,501.69,-2.68,-2.73,83.68,mixed_edge
1-3,target_exhibition_rank_bucket x other_exhibition_faster_than_target_count_bucket,4+ | 4,2498,328,13.13,249800,192000,-57800,76.86,585.37,15.86,79.54,501.69,-2.68,-2.73,83.68,mixed_edge
1-5,target_local_win_rank_bucket,2,2288,195,8.52,228800,175830,-52970,76.85,901.69,6.7,75.78,1131.51,1.07,1.82,-229.82,mixed_edge
1-4,lane1_target_class_pair,A1-A2,1141,183,16.04,114100,87690,-26410,76.85,479.18,10.14,74.17,731.46,2.68,5.9,-252.28,mixed_edge
1-4,lane1_target_national_win_diff_bucket,target_plus_1.00+,2591,277,10.69,259100,199080,-60020,76.84,718.7,10.14,74.17,731.46,2.67,0.55,-12.76,mixed_edge
1-3,lane1_target_start_gap_pair,0.04-0.06-0.04-0.06,615,90,14.63,61500,47250,-14250,76.83,525.0,15.86,79.54,501.69,-2.71,-1.23,23.31,mixed_edge
1-3,target_lane x lane1_target_start_gap_pair,3 | 0.04-0.06-0.04-0.06,615,90,14.63,61500,47250,-14250,76.83,525.0,15.86,79.54,501.69,-2.71,-1.23,23.31,mixed_edge
1-3,lane1_start_exhibition_gap_bucket x target_start_exhibition_gap_bucket,0.04-0.06 | 0.04-0.06,615,90,14.63,61500,47250,-14250,76.83,525.0,15.86,79.54,501.69,-2.71,-1.23,23.31,mixed_edge
1-5,lane1_class,A2,4342,316,7.28,434200,333420,-100780,76.79,1055.13,6.7,75.78,1131.51,1.01,0.58,-76.38,mixed_edge
1-5,lane1_target_national_rank_pair,4+-4+,2485,72,2.9,248500,190820,-57680,76.79,2650.28,6.7,75.78,1131.51,1.01,-3.8,1518.77,mixed_edge
1-5,target_lane x lane1_target_national_rank_pair,5 | 4+-4+,2485,72,2.9,248500,190820,-57680,76.79,2650.28,6.7,75.78,1131.51,1.01,-3.8,1518.77,mixed_edge
1-5,lane1_target_national_rank_pair x target_outer_pressure_bucket,4+-4+ | high_other_pressure,2485,72,2.9,248500,190820,-57680,76.79,2650.28,6.7,75.78,1131.51,1.01,-3.8,1518.77,mixed_edge
1-2,other_b2_count_bucket,2,529,105,19.85,52900,40600,-12300,76.75,386.67,18.61,79.76,428.68,-3.01,1.24,-42.01,mixed_edge
1-2,lane1_national_win_rank_bucket,4+,5697,765,13.43,569700,437200,-132500,76.74,571.5,18.61,79.76,428.68,-3.02,-5.18,142.82,mixed_edge
1-5,lane1_target_group_pair x target_outer_pressure_bucket,A-A | high_other_pressure,3004,282,9.39,300400,230500,-69900,76.73,817.38,6.7,75.78,1131.51,0.95,2.69,-314.13,mixed_edge
1-6,lane1_target_start_gap_pair x target_outer_pressure_bucket,>0.06->0.06 | low_other_pressure,61,7,11.48,6100,4680,-1420,76.72,668.57,4.05,73.3,1810.13,3.42,7.43,-1141.56,mixed_edge
1-2,stadium_code,21,608,103,16.94,60800,46640,-14160,76.71,452.82,18.61,79.76,428.68,-3.05,-1.67,24.14,mixed_edge
1-2,stadium_code x target_lane,21 | 2,608,103,16.94,60800,46640,-14160,76.71,452.82,18.61,79.76,428.68,-3.05,-1.67,24.14,mixed_edge
1-5,target_national_win_rank_bucket,3,2292,171,7.46,229200,175800,-53400,76.7,1028.07,6.7,75.78,1131.51,0.92,0.76,-103.44,mixed_edge
1-5,lane1_target_group_pair,A-A,4145,432,10.42,414500,317870,-96630,76.69,735.81,6.7,75.78,1131.51,0.91,3.72,-395.7,mixed_edge
1-2,lane1_target_national_rank_pair x target_outer_pressure_bucket,1-2 | high_other_pressure,357,107,29.97,35700,27380,-8320,76.69,255.89,18.61,79.76,428.68,-3.07,11.36,-172.79,mixed_edge
1-2,lane1_target_national_rank_pair,1-2,834,270,32.37,83400,63930,-19470,76.65,236.78,18.61,79.76,428.68,-3.11,13.76,-191.9,mixed_edge
1-2,target_lane x lane1_target_national_rank_pair,2 | 1-2,834,270,32.37,83400,63930,-19470,76.65,236.78,18.61,79.76,428.68,-3.11,13.76,-191.9,mixed_edge
1-2,target_national_win_rank_bucket x other_national_better_than_target_count_bucket,2 | 0,834,270,32.37,83400,63930,-19470,76.65,236.78,18.61,79.76,428.68,-3.11,13.76,-191.9,mixed_edge
1-3,wind_bucket,5-6,2074,312,15.04,207400,158930,-48470,76.63,509.39,15.86,79.54,501.69,-2.91,-0.82,7.7,mixed_edge
1-4,lane1_target_national_win_diff_bucket,lane1_plus_1.00+,5106,426,8.34,510600,391120,-119480,76.6,918.12,10.14,74.17,731.46,2.43,-1.8,186.66,mixed_edge
1-4,stadium_code,04,589,60,10.19,58900,45110,-13790,76.59,751.83,10.14,74.17,731.46,2.42,0.05,20.37,mixed_edge
1-4,stadium_code x target_lane,04 | 4,589,60,10.19,58900,45110,-13790,76.59,751.83,10.14,74.17,731.46,2.42,0.05,20.37,mixed_edge
1-5,lane1_class_group,A,9060,716,7.9,906000,693720,-212280,76.57,968.88,6.7,75.78,1131.51,0.79,1.2,-162.63,mixed_edge
1-3,other_national_better_than_target_count_bucket,4,2391,228,9.54,239100,183020,-56080,76.55,802.72,15.86,79.54,501.69,-2.99,-6.32,301.03,mixed_edge
1-3,target_national_win_rank_bucket x other_national_better_than_target_count_bucket,4+ | 4,2391,228,9.54,239100,183020,-56080,76.55,802.72,15.86,79.54,501.69,-2.99,-6.32,301.03,mixed_edge
1-5,lane1_target_start_exhibition_st_diff_bucket,lane1_faster_0.03_0.06,2223,181,8.14,222300,170170,-52130,76.55,940.17,6.7,75.78,1131.51,0.77,1.44,-191.34,mixed_edge
1-3,target_class_group,A,7232,1420,19.63,723200,553300,-169900,76.51,389.65,15.86,79.54,501.69,-3.03,3.77,-112.04,mixed_edge
1-3,target_lane x target_class_group,3 | A,7232,1420,19.63,723200,553300,-169900,76.51,389.65,15.86,79.54,501.69,-3.03,3.77,-112.04,mixed_edge
1-2,other_a_count_bucket,0,1998,464,23.22,199800,152810,-46990,76.48,329.33,18.61,79.76,428.68,-3.28,4.61,-99.35,mixed_edge
1-2,other_group_pattern,B-B-B-B,1998,464,23.22,199800,152810,-46990,76.48,329.33,18.61,79.76,428.68,-3.28,4.61,-99.35,mixed_edge
1-2,target_lane x other_a_count_bucket,2 | 0,1998,464,23.22,199800,152810,-46990,76.48,329.33,18.61,79.76,428.68,-3.28,4.61,-99.35,mixed_edge
1-5,lane1_target_group_pair,A-B,4915,284,5.78,491500,375850,-115650,76.47,1323.42,6.7,75.78,1131.51,0.69,-0.92,191.91,mixed_edge
1-4,lane1_target_class_pair,A2-B1,2394,196,8.19,239400,182920,-56480,76.41,933.27,10.14,74.17,731.46,2.24,-1.95,201.81,mixed_edge
1-5,lane1_target_group_pair x other_a_count_bucket,A-A | 3,499,40,8.02,49900,38130,-11770,76.41,953.25,6.7,75.78,1131.51,0.63,1.32,-178.26,mixed_edge
1-6,lane1_target_motor_place_diff_bucket,lane1_plus_4_10,2676,112,4.19,267600,204380,-63220,76.38,1824.82,4.05,73.3,1810.13,3.08,0.14,14.69,mixed_edge
1-5,lane1_class,A1,4718,400,8.48,471800,360300,-111500,76.37,900.75,6.7,75.78,1131.51,0.59,1.78,-230.76,mixed_edge
1-4,target_local_win_rank_bucket,3,2587,276,10.67,258700,197560,-61140,76.37,715.8,10.14,74.17,731.46,2.2,0.53,-15.66,mixed_edge
1-2,lane1_target_start_gap_pair x target_outer_pressure_bucket,<=0.03->0.06 | low_other_pressure,33,9,27.27,3300,2520,-780,76.36,280.0,18.61,79.76,428.68,-3.4,8.66,-148.68,mixed_edge
1-2,wind_bucket,5-6,2074,345,16.63,207400,158360,-49040,76.35,459.01,18.61,79.76,428.68,-3.41,-1.98,30.33,mixed_edge
1-2,lane1_target_national_rank_pair,4+-3,1225,148,12.08,122500,93530,-28970,76.35,631.96,18.61,79.76,428.68,-3.41,-6.53,203.28,mixed_edge
1-2,target_lane x lane1_target_national_rank_pair,2 | 4+-3,1225,148,12.08,122500,93530,-28970,76.35,631.96,18.61,79.76,428.68,-3.41,-6.53,203.28,mixed_edge
1-2,lane1_target_national_rank_pair x target_outer_pressure_bucket,4+-3 | high_other_pressure,1225,148,12.08,122500,93530,-28970,76.35,631.96,18.61,79.76,428.68,-3.41,-6.53,203.28,mixed_edge
1-2,target_national_win_rank_bucket x other_national_better_than_target_count_bucket,3 | 2,1225,148,12.08,122500,93530,-28970,76.35,631.96,18.61,79.76,428.68,-3.41,-6.53,203.28,mixed_edge
1-2,lane1_target_class_pair,A2-A2,751,178,23.7,75100,57320,-17780,76.32,322.02,18.61,79.76,428.68,-3.44,5.09,-106.66,mixed_edge
1-5,lane1_target_start_gap_pair x target_outer_pressure_bucket,best->0.06 | some_other_pressure,290,29,10.0,29000,22130,-6870,76.31,763.1,6.7,75.78,1131.51,0.53,3.3,-368.41,mixed_edge
1-2,other_group_pattern,B-A-A-B,724,112,15.47,72400,55240,-17160,76.3,493.21,18.61,79.76,428.68,-3.46,-3.14,64.53,mixed_edge
1-4,lane1_target_boat_place_diff_bucket,near_equal,5934,631,10.63,593400,452730,-140670,76.29,717.48,10.14,74.17,731.46,2.12,0.49,-13.98,mixed_edge
1-5,lane1_target_national_rank_pair x target_outer_pressure_bucket,3-2 | high_other_pressure,273,23,8.42,27300,20820,-6480,76.26,905.22,6.7,75.78,1131.51,0.48,1.72,-226.29,mixed_edge
1-2,month,2026-02,4167,782,18.77,416700,317750,-98950,76.25,406.33,18.61,79.76,428.68,-3.51,0.16,-22.35,mixed_edge
1-4,other_st_faster_than_target_count_bucket,2,3825,399,10.43,382500,291660,-90840,76.25,730.98,10.14,74.17,731.46,2.08,0.29,-0.48,mixed_edge
1-6,wave_bucket,5-9,2345,96,4.09,234500,178760,-55740,76.23,1862.08,4.05,73.3,1810.13,2.93,0.04,51.95,mixed_edge
1-5,stadium_code,13,764,58,7.59,76400,58180,-18220,76.15,1003.1,6.7,75.78,1131.51,0.37,0.89,-128.41,mixed_edge
1-5,stadium_code x target_lane,13 | 5,764,58,7.59,76400,58180,-18220,76.15,1003.1,6.7,75.78,1131.51,0.37,0.89,-128.41,mixed_edge
1-4,other_group_pattern,A-B-A-A,491,40,8.15,49100,37390,-11710,76.15,934.75,10.14,74.17,731.46,1.98,-1.99,203.29,mixed_edge
1-6,lane1_target_boat_place_diff_bucket,near_equal,5984,243,4.06,598400,455600,-142800,76.14,1874.9,4.05,73.3,1810.13,2.84,0.01,64.77,mixed_edge
1-2,lane1_target_class_pair,B1-B1,3102,362,11.67,310200,236160,-74040,76.13,652.38,18.61,79.76,428.68,-3.63,-6.94,223.7,mixed_edge
1-3,lane1_target_boat_place_diff_bucket,target_plus_4_10,2867,441,15.38,286700,218270,-68430,76.13,494.94,15.86,79.54,501.69,-3.41,-0.48,-6.75,mixed_edge
1-3,wave_bucket,5-9,2345,329,14.03,234500,178490,-56010,76.12,542.52,15.86,79.54,501.69,-3.42,-1.83,40.83,mixed_edge
1-3,lane1_target_group_pair x target_outer_pressure_bucket,B-A | some_other_pressure,693,105,15.15,69300,52750,-16550,76.12,502.38,15.86,79.54,501.69,-3.42,-0.71,0.69,mixed_edge
1-5,other_national_better_than_target_count_bucket,1,2890,228,7.89,289000,219930,-69070,76.1,964.61,6.7,75.78,1131.51,0.32,1.19,-166.9,mixed_edge
1-5,lane1_class,B1,6006,305,5.08,600600,456980,-143620,76.09,1498.3,6.7,75.78,1131.51,0.31,-1.62,366.79,mixed_edge
1-3,other_a_count_bucket,1,4316,722,16.73,431600,328420,-103180,76.09,454.88,15.86,79.54,501.69,-3.45,0.87,-46.81,mixed_edge
1-3,target_lane x other_a_count_bucket,3 | 1,4316,722,16.73,431600,328420,-103180,76.09,454.88,15.86,79.54,501.69,-3.45,0.87,-46.81,mixed_edge
1-3,target_class_group x target_outer_pressure_bucket,A | high_other_pressure,4734,859,18.15,473400,360160,-113240,76.08,419.28,15.86,79.54,501.69,-3.46,2.29,-82.41,mixed_edge
1-2,stadium_code,22,587,122,20.78,58700,44660,-14040,76.08,366.07,18.61,79.76,428.68,-3.68,2.17,-62.61,mixed_edge
1-2,stadium_code x target_lane,22 | 2,587,122,20.78,58700,44660,-14040,76.08,366.07,18.61,79.76,428.68,-3.68,2.17,-62.61,mixed_edge
1-5,lane1_target_national_rank_pair,4+-2,1122,63,5.61,112200,85350,-26850,76.07,1354.76,6.7,75.78,1131.51,0.29,-1.09,223.25,mixed_edge
1-5,target_lane x lane1_target_national_rank_pair,5 | 4+-2,1122,63,5.61,112200,85350,-26850,76.07,1354.76,6.7,75.78,1131.51,0.29,-1.09,223.25,mixed_edge
1-3,stadium_code,10,564,88,15.6,56400,42900,-13500,76.06,487.5,15.86,79.54,501.69,-3.48,-0.26,-14.19,mixed_edge
1-3,stadium_code x target_lane,10 | 3,564,88,15.6,56400,42900,-13500,76.06,487.5,15.86,79.54,501.69,-3.48,-0.26,-14.19,mixed_edge
1-2,other_national_better_than_target_count_bucket,4,2185,254,11.62,218500,166180,-52320,76.05,654.25,18.61,79.76,428.68,-3.71,-6.99,225.57,mixed_edge
1-2,target_national_win_rank_bucket x other_national_better_than_target_count_bucket,4+ | 4,2185,254,11.62,218500,166180,-52320,76.05,654.25,18.61,79.76,428.68,-3.71,-6.99,225.57,mixed_edge
1-5,lane1_target_exhibition_time_diff_bucket,target_faster_0.05_0.10,1592,126,7.91,159200,121030,-38170,76.02,960.56,6.7,75.78,1131.51,0.24,1.21,-170.95,mixed_edge
1-5,lane1_target_national_rank_pair x target_outer_pressure_bucket,1-3 | high_other_pressure,371,36,9.7,37100,28200,-8900,76.01,783.33,6.7,75.78,1131.51,0.23,3.0,-348.18,mixed_edge
1-5,lane1_target_exhibition_st_rank_pair,1-4+,3642,253,6.95,364200,276750,-87450,75.99,1093.87,6.7,75.78,1131.51,0.21,0.25,-37.64,mixed_edge
1-5,lane1_exhibition_st_rank_bucket x target_exhibition_st_rank_bucket,1 | 4+,3642,253,6.95,364200,276750,-87450,75.99,1093.87,6.7,75.78,1131.51,0.21,0.25,-37.64,mixed_edge
1-2,lane1_exhibition_st_rank_bucket,3,2253,391,17.35,225300,171210,-54090,75.99,437.88,18.61,79.76,428.68,-3.77,-1.26,9.2,mixed_edge
1-3,lane1_target_group_pair x other_a_count_bucket,A-B | 1,1397,206,14.75,139700,106160,-33540,75.99,515.34,15.86,79.54,501.69,-3.55,-1.11,13.65,mixed_edge
1-4,lane1_target_group_pair x target_outer_pressure_bucket,A-A | some_other_pressure,907,168,18.52,90700,68910,-21790,75.98,410.18,10.14,74.17,731.46,1.81,8.38,-321.28,mixed_edge
1-4,lane1_exhibition_rank_bucket,2,3416,364,10.66,341600,259530,-82070,75.97,712.99,10.14,74.17,731.46,1.8,0.52,-18.47,mixed_edge
1-2,lane1_target_national_rank_pair x target_outer_pressure_bucket,3-1 | high_other_pressure,260,58,22.31,26000,19750,-6250,75.96,340.52,18.61,79.76,428.68,-3.8,3.7,-88.16,mixed_edge
1-6,lane1_target_group_pair x other_a_count_bucket,A-B | 0,890,48,5.39,89000,67590,-21410,75.94,1408.12,4.05,73.3,1810.13,2.64,1.34,-402.01,mixed_edge
1-5,stadium_code,23,672,39,5.8,67200,51020,-16180,75.92,1308.21,6.7,75.78,1131.51,0.14,-0.9,176.7,mixed_edge
1-5,stadium_code x target_lane,23 | 5,672,39,5.8,67200,51020,-16180,75.92,1308.21,6.7,75.78,1131.51,0.14,-0.9,176.7,mixed_edge
1-4,target_class,B1,7573,576,7.61,757300,574810,-182490,75.9,997.93,10.14,74.17,731.46,1.73,-2.53,266.47,mixed_edge
1-4,target_motor_rank_bucket,2,2472,264,10.68,247200,187600,-59600,75.89,710.61,10.14,74.17,731.46,1.72,0.54,-20.85,mixed_edge
1-5,lane1_target_group_pair x target_outer_pressure_bucket,A-A | low_other_pressure,354,53,14.97,35400,26860,-8540,75.88,506.79,6.7,75.78,1131.51,0.1,8.27,-624.72,mixed_edge
1-2,lane1_target_national_rank_pair x target_outer_pressure_bucket,2-1 | low_other_pressure,208,68,32.69,20800,15780,-5020,75.87,232.06,18.61,79.76,428.68,-3.89,14.08,-196.62,mixed_edge
1-5,lane1_target_group_pair x target_outer_pressure_bucket,A-B | high_other_pressure,4578,238,5.2,457800,347220,-110580,75.85,1458.91,6.7,75.78,1131.51,0.07,-1.5,327.4,mixed_edge
1-4,lane1_boat_rank_bucket,4+,7509,775,10.32,750900,569510,-181390,75.84,734.85,10.14,74.17,731.46,1.67,0.18,3.39,mixed_edge
1-4,target_class_group x target_outer_pressure_bucket,B | high_other_pressure,7913,529,6.69,791300,599710,-191590,75.79,1133.67,10.14,74.17,731.46,1.62,-3.45,402.21,mixed_edge
1-5,lane1_target_group_pair x other_a_count_bucket,A-A | 4,1562,117,7.49,156200,118390,-37810,75.79,1011.88,6.7,75.78,1131.51,0.01,0.79,-119.63,mixed_edge
1-5,target_lane,5,15484,1037,6.7,1548400,1173380,-375020,75.78,1131.51,6.7,75.78,1131.51,0.0,0.0,0.0,mixed_edge
1-5,target_lane_zone,outer_5_6,15484,1037,6.7,1548400,1173380,-375020,75.78,1131.51,6.7,75.78,1131.51,0.0,0.0,0.0,mixed_edge
1-6,wind_bucket,0-2,7641,318,4.16,764100,578940,-185160,75.77,1820.57,4.05,73.3,1810.13,2.47,0.11,10.44,mixed_edge
1-3,lane1_national_win_rank_bucket,2,3273,572,17.48,327300,247940,-79360,75.75,433.46,15.86,79.54,501.69,-3.79,1.62,-68.23,mixed_edge
1-6,other_exhibition_faster_than_target_count_bucket,3,2960,104,3.51,296000,224110,-71890,75.71,2154.9,4.05,73.3,1810.13,2.41,-0.54,344.77,mixed_edge
1-6,target_exhibition_rank_bucket x other_exhibition_faster_than_target_count_bucket,4+ | 3,2960,104,3.51,296000,224110,-71890,75.71,2154.9,4.05,73.3,1810.13,2.41,-0.54,344.77,mixed_edge
1-6,target_exhibition_rank_bucket x other_exhibition_faster_than_target_count_bucket,3 | 1,1319,64,4.85,131900,99800,-32100,75.66,1559.38,4.05,73.3,1810.13,2.36,0.8,-250.75,mixed_edge
1-6,stadium_code,17,688,31,4.51,68800,52050,-16750,75.65,1679.03,4.05,73.3,1810.13,2.35,0.46,-131.1,mixed_edge
1-6,stadium_code x target_lane,17 | 6,688,31,4.51,68800,52050,-16750,75.65,1679.03,4.05,73.3,1810.13,2.35,0.46,-131.1,mixed_edge
1-6,lane1_target_national_rank_pair x target_outer_pressure_bucket,4+-2 | some_other_pressure,441,20,4.54,44100,33360,-10740,75.65,1668.0,4.05,73.3,1810.13,2.35,0.49,-142.13,mixed_edge
1-3,lane1_exhibition_rank_bucket,4+,4688,627,13.37,468800,354500,-114300,75.62,565.39,15.86,79.54,501.69,-3.92,-2.49,63.7,mixed_edge
1-3,lane1_target_group_pair x other_a_count_bucket,B-A | 4,48,6,12.5,4800,3630,-1170,75.62,605.0,15.86,79.54,501.69,-3.92,-3.36,103.31,mixed_edge
1-6,target_local_win_rank_bucket,3,2230,89,3.99,223000,168580,-54420,75.6,1894.16,4.05,73.3,1810.13,2.3,-0.06,84.03,mixed_edge
1-2,other_group_pattern,B-B-B-A,1133,241,21.27,113300,85640,-27660,75.59,355.35,18.61,79.76,428.68,-4.17,2.66,-73.33,mixed_edge
1-5,grade_group,一般,14813,995,6.72,1481300,1119620,-361680,75.58,1125.25,6.7,75.78,1131.51,-0.2,0.02,-6.26,mixed_edge
1-2,lane1_target_national_rank_pair x target_outer_pressure_bucket,3-1 | low_other_pressure,191,49,25.65,19100,14430,-4670,75.55,294.49,18.61,79.76,428.68,-4.21,7.04,-134.19,mixed_edge
1-4,lane1_target_national_win_diff_bucket,target_plus_0.35_1.00,2063,238,11.54,206300,155840,-50460,75.54,654.79,10.14,74.17,731.46,1.37,1.4,-76.67,mixed_edge
1-6,race_no_bucket,4-6R,3891,178,4.57,389100,293890,-95210,75.53,1651.07,4.05,73.3,1810.13,2.23,0.52,-159.06,mixed_edge
1-6,race_no_bucket x target_lane,4-6R | 6,3891,178,4.57,389100,293890,-95210,75.53,1651.07,4.05,73.3,1810.13,2.23,0.52,-159.06,mixed_edge
1-6,lane1_target_group_pair x other_a_count_bucket,A-A | 0,329,44,13.37,32900,24850,-8050,75.53,564.77,4.05,73.3,1810.13,2.23,9.32,-1245.36,mixed_edge
1-3,stadium_code,07,816,131,16.05,81600,61610,-19990,75.5,470.31,15.86,79.54,501.69,-4.04,0.19,-31.38,mixed_edge
1-3,stadium_code x target_lane,07 | 3,816,131,16.05,81600,61610,-19990,75.5,470.31,15.86,79.54,501.69,-4.04,0.19,-31.38,mixed_edge
1-3,target_boat_rank_bucket,3,2717,387,14.24,271700,205030,-66670,75.46,529.79,15.86,79.54,501.69,-4.08,-1.62,28.1,mixed_edge
1-3,lane1_target_class_pair,B1-A2,1623,206,12.69,162300,122470,-39830,75.46,594.51,15.86,79.54,501.69,-4.08,-3.17,92.82,mixed_edge
1-4,other_exhibition_faster_than_target_count_bucket,0,3481,451,12.96,348100,262620,-85480,75.44,582.31,10.14,74.17,731.46,1.27,2.82,-149.15,mixed_edge
1-3,other_group_pattern,A-B-B-B,910,128,14.07,91000,68650,-22350,75.44,536.33,15.86,79.54,501.69,-4.1,-1.79,34.64,mixed_edge
1-6,target_exhibition_rank_bucket x other_exhibition_faster_than_target_count_bucket,3 | 0,309,15,4.85,30900,23310,-7590,75.44,1554.0,4.05,73.3,1810.13,2.14,0.8,-256.13,mixed_edge
1-4,lane1_target_class_pair,B1-B1,3285,193,5.88,328500,247780,-80720,75.43,1283.83,10.14,74.17,731.46,1.26,-4.26,552.37,mixed_edge
1-3,lane1_class,A1,4718,934,19.8,471800,355670,-116130,75.39,380.8,15.86,79.54,501.69,-4.15,3.94,-120.89,mixed_edge
1-5,target_exhibition_st_rank_bucket x other_st_faster_than_target_count_bucket,2 | 1,1498,92,6.14,149800,112930,-36870,75.39,1227.5,6.7,75.78,1131.51,-0.39,-0.56,95.99,mixed_edge
1-2,stadium_code,16,732,135,18.44,73200,55180,-18020,75.38,408.74,18.61,79.76,428.68,-4.38,-0.17,-19.94,mixed_edge
1-2,stadium_code x target_lane,16 | 2,732,135,18.44,73200,55180,-18020,75.38,408.74,18.61,79.76,428.68,-4.38,-0.17,-19.94,mixed_edge
1-6,lane1_class_group,A,9060,412,4.55,906000,682830,-223170,75.37,1657.35,4.05,73.3,1810.13,2.07,0.5,-152.78,mixed_edge
1-4,lane1_motor_rank_bucket,1,2961,320,10.81,296100,223130,-72970,75.36,697.28,10.14,74.17,731.46,1.19,0.67,-34.18,mixed_edge
1-3,target_motor_rank_bucket,3,2776,417,15.02,277600,209160,-68440,75.35,501.58,15.86,79.54,501.69,-4.19,-0.84,-0.11,mixed_edge
1-3,stadium_code,01,666,101,15.17,66600,50180,-16420,75.35,496.83,15.86,79.54,501.69,-4.19,-0.69,-4.86,mixed_edge
1-3,stadium_code x target_lane,01 | 3,666,101,15.17,66600,50180,-16420,75.35,496.83,15.86,79.54,501.69,-4.19,-0.69,-4.86,mixed_edge
1-2,meeting_phase_bucket,day1-2,5629,944,16.77,562900,424070,-138830,75.34,449.23,18.61,79.76,428.68,-4.42,-1.84,20.55,mixed_edge
1-2,meeting_phase_bucket x target_lane,day1-2 | 2,5629,944,16.77,562900,424070,-138830,75.34,449.23,18.61,79.76,428.68,-4.42,-1.84,20.55,mixed_edge
1-3,lane1_target_exhibition_time_diff_bucket x lane1_target_start_exhibition_st_diff_bucket,target_faster_0.10+ | target_faster_0.03_0.06,111,11,9.91,11100,8360,-2740,75.32,760.0,15.86,79.54,501.69,-4.22,-5.95,258.31,mixed_edge
1-5,lane1_local_win_rank_bucket,4+,6062,329,5.43,606200,456400,-149800,75.29,1387.23,6.7,75.78,1131.51,-0.49,-1.27,255.72,mixed_edge
1-4,target_national_win_rank_bucket x other_national_better_than_target_count_bucket,4+ | 2,1938,201,10.37,193800,145900,-47900,75.28,725.87,10.14,74.17,731.46,1.11,0.23,-5.59,mixed_edge
1-3,lane1_target_start_gap_pair x target_outer_pressure_bucket,best-<=0.03 | low_other_pressure,91,26,28.57,9100,6850,-2250,75.27,263.46,15.86,79.54,501.69,-4.27,12.71,-238.23,mixed_edge
1-2,lane1_target_start_gap_pair x target_outer_pressure_bucket,best-best | some_other_pressure,74,18,24.32,7400,5570,-1830,75.27,309.44,18.61,79.76,428.68,-4.49,5.71,-119.24,mixed_edge
1-4,lane1_target_group_pair x target_outer_pressure_bucket,A-A | high_other_pressure,3181,456,14.34,318100,239340,-78760,75.24,524.87,10.14,74.17,731.46,1.07,4.2,-206.59,mixed_edge
1-2,lane1_target_motor_place_diff_bucket,lane1_plus_4_10,2702,496,18.36,270200,203260,-66940,75.23,409.8,18.61,79.76,428.68,-4.53,-0.25,-18.88,mixed_edge
1-4,target_class_group,B,8583,619,7.21,858300,645500,-212800,75.21,1042.81,10.14,74.17,731.46,1.04,-2.93,311.35,mixed_edge
1-4,target_lane x target_class_group,4 | B,8583,619,7.21,858300,645500,-212800,75.21,1042.81,10.14,74.17,731.46,1.04,-2.93,311.35,mixed_edge
1-4,other_exhibition_faster_than_target_count_bucket,1,3200,328,10.25,320000,240550,-79450,75.17,733.38,10.14,74.17,731.46,1.0,0.11,1.92,mixed_edge
1-3,lane1_target_start_gap_pair x target_outer_pressure_bucket,best->0.06 | low_other_pressure,64,15,23.44,6400,4810,-1590,75.16,320.67,15.86,79.54,501.69,-4.38,7.58,-181.02,mixed_edge
1-3,other_group_pattern,B-B-A-B,1063,188,17.69,106300,79880,-26420,75.15,424.89,15.86,79.54,501.69,-4.39,1.83,-76.8,mixed_edge
1-5,lane1_target_exhibition_time_diff_bucket x lane1_target_start_exhibition_st_diff_bucket,lane1_faster_0.05_0.10 | lane1_faster_0.03_0.06,517,35,6.77,51700,38850,-12850,75.15,1110.0,6.7,75.78,1131.51,-0.63,0.07,-21.51,mixed_edge
1-3,lane1_target_motor_place_diff_bucket,target_plus_4_10,2666,422,15.83,266600,200320,-66280,75.14,474.69,15.86,79.54,501.69,-4.4,-0.03,-27.0,mixed_edge
1-4,target_start_exhibition_gap_bucket,best,2964,326,11.0,296400,222680,-73720,75.13,683.07,10.14,74.17,731.46,0.96,0.86,-48.39,mixed_edge
1-4,target_lane x target_start_exhibition_gap_bucket,4 | best,2964,326,11.0,296400,222680,-73720,75.13,683.07,10.14,74.17,731.46,0.96,0.86,-48.39,mixed_edge
1-4,lane1_target_national_rank_pair x target_outer_pressure_bucket,4+-2 | some_other_pressure,505,50,9.9,50500,37940,-12560,75.13,758.8,10.14,74.17,731.46,0.96,-0.24,27.34,mixed_edge
1-5,target_outer_pressure_bucket,high_other_pressure,12916,746,5.78,1291600,970080,-321520,75.11,1300.38,6.7,75.78,1131.51,-0.67,-0.92,168.87,mixed_edge
1-5,target_lane x target_outer_pressure_bucket,5 | high_other_pressure,12916,746,5.78,1291600,970080,-321520,75.11,1300.38,6.7,75.78,1131.51,-0.67,-0.92,168.87,mixed_edge
1-4,lane1_target_national_rank_pair x target_outer_pressure_bucket,3-1 | some_other_pressure,108,18,16.67,10800,8110,-2690,75.09,450.56,10.14,74.17,731.46,0.92,6.53,-280.9,mixed_edge
1-6,other_exhibition_faster_than_target_count_bucket,2,3055,117,3.83,305500,229270,-76230,75.05,1959.57,4.05,73.3,1810.13,1.75,-0.22,149.44,mixed_edge
1-3,lane1_target_group_pair,A-A,4547,1029,22.63,454700,341220,-113480,75.04,331.6,15.86,79.54,501.69,-4.5,6.77,-170.09,mixed_edge
1-4,target_exhibition_rank_bucket,2,2334,273,11.7,233400,175130,-58270,75.03,641.5,10.14,74.17,731.46,0.86,1.56,-89.96,mixed_edge
1-4,lane1_target_exhibition_time_diff_bucket,lane1_faster_0.10+,2207,199,9.02,220700,165570,-55130,75.02,832.01,10.14,74.17,731.46,0.85,-1.12,100.55,mixed_edge
1-2,lane1_target_group_pair x target_outer_pressure_bucket,A-A | some_other_pressure,1041,288,27.67,104100,78090,-26010,75.01,271.15,18.61,79.76,428.68,-4.75,9.06,-157.53,mixed_edge
1-2,lane1_target_exhibition_time_diff_bucket x lane1_target_start_exhibition_st_diff_bucket,target_faster_0.05_0.10 | target_faster_0.03_0.06,282,51,18.09,28200,21150,-7050,75.0,414.71,18.61,79.76,428.68,-4.76,-0.52,-13.97,mixed_edge
1-4,lane1_target_group_pair,A-A,4577,733,16.01,457700,343220,-114480,74.99,468.24,10.14,74.17,731.46,0.82,5.87,-263.22,mixed_edge
1-3,target_exhibition_rank_bucket x other_exhibition_faster_than_target_count_bucket,2 | 1,1459,211,14.46,145900,109320,-36580,74.93,518.1,15.86,79.54,501.69,-4.61,-1.4,16.41,mixed_edge
1-4,lane1_exhibition_rank_bucket,3,2671,258,9.66,267100,200030,-67070,74.89,775.31,10.14,74.17,731.46,0.72,-0.48,43.85,mixed_edge
1-2,lane1_target_group_pair x other_a_count_bucket,A-A | 2,1125,293,26.04,112500,84190,-28310,74.84,287.34,18.61,79.76,428.68,-4.92,7.43,-141.34,mixed_edge
1-6,other_exhibition_faster_than_target_count_bucket,1,3041,131,4.31,304100,227570,-76530,74.83,1737.18,4.05,73.3,1810.13,1.53,0.26,-72.95,mixed_edge
1-3,month,2026-01,5157,803,15.57,515700,385860,-129840,74.82,480.52,15.86,79.54,501.69,-4.72,-0.29,-21.17,mixed_edge
1-4,target_exhibition_st_rank_bucket,1,2386,255,10.69,238600,178530,-60070,74.82,700.12,10.14,74.17,731.46,0.65,0.55,-31.34,mixed_edge
1-4,target_lane x target_exhibition_st_rank_bucket,4 | 1,2386,255,10.69,238600,178530,-60070,74.82,700.12,10.14,74.17,731.46,0.65,0.55,-31.34,mixed_edge
1-4,target_exhibition_st_rank_bucket x other_st_faster_than_target_count_bucket,1 | 0,2386,255,10.69,238600,178530,-60070,74.82,700.12,10.14,74.17,731.46,0.65,0.55,-31.34,mixed_edge
1-2,lane1_target_class_pair,A2-B2,199,29,14.57,19900,14890,-5010,74.82,513.45,18.61,79.76,428.68,-4.94,-4.04,84.77,mixed_edge
1-5,lane1_target_class_pair,B1-B1,3007,113,3.76,300700,224900,-75800,74.79,1990.27,6.7,75.78,1131.51,-0.99,-2.94,858.76,mixed_edge
1-5,other_group_pattern,B-B-A-B,1125,79,7.02,112500,84120,-28380,74.77,1064.81,6.7,75.78,1131.51,-1.01,0.32,-66.7,mixed_edge
1-4,lane1_target_national_rank_pair x target_outer_pressure_bucket,2-1 | some_other_pressure,170,41,24.12,17000,12710,-4290,74.76,310.0,10.14,74.17,731.46,0.59,13.98,-421.46,mixed_edge
1-4,other_group_pattern,B-A-B-A,958,82,8.56,95800,71590,-24210,74.73,873.05,10.14,74.17,731.46,0.56,-1.58,141.59,mixed_edge
1-4,target_national_win_rank_bucket,4+,8122,582,7.17,812200,606760,-205440,74.71,1042.54,10.14,74.17,731.46,0.54,-2.97,311.08,mixed_edge
1-5,lane1_class_group,B,6424,321,5.0,642400,479660,-162740,74.67,1494.27,6.7,75.78,1131.51,-1.11,-1.7,362.76,mixed_edge
1-2,wave_bucket,5-9,2345,402,17.14,234500,175110,-59390,74.67,435.6,18.61,79.76,428.68,-5.09,-1.47,6.92,mixed_edge
1-5,lane1_motor_rank_bucket,3,2491,168,6.74,249100,185990,-63110,74.66,1107.08,6.7,75.78,1131.51,-1.12,0.04,-24.43,mixed_edge
1-6,other_st_faster_than_target_count_bucket,2,2797,106,3.79,279700,208730,-70970,74.63,1969.15,4.05,73.3,1810.13,1.33,-0.26,159.02,mixed_edge
1-6,lane1_target_start_gap_pair x target_outer_pressure_bucket,best-0.04-0.06 | high_other_pressure,758,26,3.43,75800,56560,-19240,74.62,2175.38,4.05,73.3,1810.13,1.32,-0.62,365.25,mixed_edge
1-3,lane1_target_national_rank_pair x target_outer_pressure_bucket,3-1 | low_other_pressure,158,38,24.05,15800,11790,-4010,74.62,310.26,15.86,79.54,501.69,-4.92,8.19,-191.43,mixed_edge
1-4,lane1_class,B1,6006,410,6.83,600600,448110,-152490,74.61,1092.95,10.14,74.17,731.46,0.44,-3.31,361.49,mixed_edge
1-5,other_exhibition_faster_than_target_count_bucket,1,3103,223,7.19,310300,231490,-78810,74.6,1038.07,6.7,75.78,1131.51,-1.18,0.49,-93.44,mixed_edge
1-4,target_exhibition_rank_bucket,4+,8375,768,9.17,837500,624730,-212770,74.59,813.45,10.14,74.17,731.46,0.42,-0.97,81.99,mixed_edge
1-4,wave_bucket,0-4,12908,1357,10.51,1290800,962280,-328520,74.55,709.12,10.14,74.17,731.46,0.38,0.37,-22.34,mixed_edge
1-2,other_exhibition_faster_than_target_count_bucket,4,2022,291,14.39,202200,150700,-51500,74.53,517.87,18.61,79.76,428.68,-5.23,-4.22,89.19,mixed_edge
1-2,target_exhibition_rank_bucket x other_exhibition_faster_than_target_count_bucket,4+ | 4,2022,291,14.39,202200,150700,-51500,74.53,517.87,18.61,79.76,428.68,-5.23,-4.22,89.19,mixed_edge
1-4,lane1_target_national_rank_pair,1-2,817,167,20.44,81700,60870,-20830,74.5,364.49,10.14,74.17,731.46,0.33,10.3,-366.97,mixed_edge
1-4,target_lane x lane1_target_national_rank_pair,4 | 1-2,817,167,20.44,81700,60870,-20830,74.5,364.49,10.14,74.17,731.46,0.33,10.3,-366.97,mixed_edge
1-4,lane1_target_national_rank_pair x target_outer_pressure_bucket,1-4+ | high_other_pressure,2237,227,10.15,223700,166630,-57070,74.49,734.05,10.14,74.17,731.46,0.32,0.01,2.59,mixed_edge
1-6,other_group_pattern,A-B-B-A,900,22,2.44,90000,67010,-22990,74.46,3045.91,4.05,73.3,1810.13,1.16,-1.61,1235.78,mixed_edge
1-4,target_outer_pressure_bucket,high_other_pressure,12607,1114,8.84,1260700,938370,-322330,74.43,842.34,10.14,74.17,731.46,0.26,-1.3,110.88,mixed_edge
1-4,target_lane x target_outer_pressure_bucket,4 | high_other_pressure,12607,1114,8.84,1260700,938370,-322330,74.43,842.34,10.14,74.17,731.46,0.26,-1.3,110.88,mixed_edge
1-5,target_exhibition_rank_bucket,4+,8841,516,5.84,884100,658000,-226100,74.43,1275.19,6.7,75.78,1131.51,-1.35,-0.86,143.68,mixed_edge
1-4,lane1_national_win_rank_bucket,4+,5697,409,7.18,569700,424040,-145660,74.43,1036.77,10.14,74.17,731.46,0.26,-2.96,305.31,mixed_edge
1-4,lane1_target_national_rank_pair,1-4+,2245,228,10.16,224500,166970,-57530,74.37,732.32,10.14,74.17,731.46,0.2,0.02,0.86,mixed_edge
1-4,target_lane x lane1_target_national_rank_pair,4 | 1-4+,2245,228,10.16,224500,166970,-57530,74.37,732.32,10.14,74.17,731.46,0.2,0.02,0.86,mixed_edge
1-3,target_class,A2,3732,650,17.42,373200,277470,-95730,74.35,426.88,15.86,79.54,501.69,-5.19,1.56,-74.81,mixed_edge
1-5,lane1_target_group_pair x other_a_count_bucket,B-B | 4,53,1,1.89,5300,3940,-1360,74.34,3940.0,6.7,75.78,1131.51,-1.44,-4.81,2808.49,mixed_edge
1-3,lane1_target_group_pair x other_a_count_bucket,B-A | 1,1065,164,15.4,106500,79160,-27340,74.33,482.68,15.86,79.54,501.69,-5.21,-0.46,-19.01,mixed_edge
1-6,lane1_target_motor_place_diff_bucket,near_equal,5089,198,3.89,508900,378210,-130690,74.32,1910.15,4.05,73.3,1810.13,1.02,-0.16,100.02,mixed_edge
1-6,stadium_code,24,598,25,4.18,59800,44440,-15360,74.31,1777.6,4.05,73.3,1810.13,1.01,0.13,-32.53,mixed_edge
1-6,stadium_code x target_lane,24 | 6,598,25,4.18,59800,44440,-15360,74.31,1777.6,4.05,73.3,1810.13,1.01,0.13,-32.53,mixed_edge
1-2,lane1_target_start_gap_pair x target_outer_pressure_bucket,0.04-0.06-<=0.03 | some_other_pressure,116,26,22.41,11600,8620,-2980,74.31,331.54,18.61,79.76,428.68,-5.45,3.8,-97.14,mixed_edge
1-4,other_group_pattern,B-A-B-B,1161,115,9.91,116100,86250,-29850,74.29,750.0,10.14,74.17,731.46,0.12,-0.23,18.54,mixed_edge
1-6,lane1_boat_rank_bucket,4+,7509,296,3.94,750900,557780,-193120,74.28,1884.39,4.05,73.3,1810.13,0.98,-0.11,74.26,mixed_edge
1-5,lane1_target_group_pair x target_outer_pressure_bucket,A-B | some_other_pressure,278,31,11.15,27800,20650,-7150,74.28,666.13,6.7,75.78,1131.51,-1.5,4.45,-465.38,mixed_edge
1-4,lane1_class_group,B,6424,442,6.88,642400,477110,-165290,74.27,1079.43,10.14,74.17,731.46,0.1,-3.26,347.97,mixed_edge
1-4,target_boat_rank_bucket,3,2582,257,9.95,258200,191760,-66440,74.27,746.15,10.14,74.17,731.46,0.1,-0.19,14.69,mixed_edge
1-6,stadium_code,23,672,26,3.87,67200,49900,-17300,74.26,1919.23,4.05,73.3,1810.13,0.96,-0.18,109.1,mixed_edge
1-6,stadium_code x target_lane,23 | 6,672,26,3.87,67200,49900,-17300,74.26,1919.23,4.05,73.3,1810.13,0.96,-0.18,109.1,mixed_edge
1-5,target_class_group x target_outer_pressure_bucket,A | low_other_pressure,634,80,12.62,63400,47080,-16320,74.26,588.5,6.7,75.78,1131.51,-1.52,5.92,-543.01,mixed_edge
1-4,stadium_code,16,732,82,11.2,73200,54340,-18860,74.23,662.68,10.14,74.17,731.46,0.06,1.06,-68.78,mixed_edge
1-4,stadium_code x target_lane,16 | 4,732,82,11.2,73200,54340,-18860,74.23,662.68,10.14,74.17,731.46,0.06,1.06,-68.78,mixed_edge
1-3,target_exhibition_rank_bucket,3,2683,456,17.0,268300,199050,-69250,74.19,436.51,15.86,79.54,501.69,-5.35,1.14,-65.18,mixed_edge
1-5,wind_bucket,3-4,4976,322,6.47,497600,369110,-128490,74.18,1146.3,6.7,75.78,1131.51,-1.6,-0.23,14.79,mixed_edge
1-4,target_lane,4,15484,1570,10.14,1548400,1148400,-400000,74.17,731.46,10.14,74.17,731.46,0.0,0.0,0.0,mixed_edge
1-4,target_lane_zone,center_4,15484,1570,10.14,1548400,1148400,-400000,74.17,731.46,10.14,74.17,731.46,0.0,0.0,0.0,mixed_edge
1-4,target_local_win_rank_bucket,4+,8145,627,7.7,814500,604050,-210450,74.16,963.4,10.14,74.17,731.46,-0.01,-2.44,231.94,mixed_edge
1-3,race_no_bucket,10-12R,3844,686,17.85,384400,285090,-99310,74.16,415.58,15.86,79.54,501.69,-5.38,1.99,-86.11,mixed_edge
1-3,race_no_bucket x target_lane,10-12R | 3,3844,686,17.85,384400,285090,-99310,74.16,415.58,15.86,79.54,501.69,-5.38,1.99,-86.11,mixed_edge
1-4,lane1_target_exhibition_st_rank_pair,2-4+,1632,155,9.5,163200,121030,-42170,74.16,780.84,10.14,74.17,731.46,-0.01,-0.64,49.38,mixed_edge
1-4,lane1_exhibition_st_rank_bucket x target_exhibition_st_rank_bucket,2 | 4+,1632,155,9.5,163200,121030,-42170,74.16,780.84,10.14,74.17,731.46,-0.01,-0.64,49.38,mixed_edge
1-5,month,2026-01,5157,329,6.38,515700,382390,-133310,74.15,1162.28,6.7,75.78,1131.51,-1.63,-0.32,30.77,mixed_edge
1-2,lane1_target_national_rank_pair,2-1,611,184,30.11,61100,45300,-15800,74.14,246.2,18.61,79.76,428.68,-5.62,11.5,-182.48,mixed_edge
1-2,target_lane x lane1_target_national_rank_pair,2 | 2-1,611,184,30.11,61100,45300,-15800,74.14,246.2,18.61,79.76,428.68,-5.62,11.5,-182.48,mixed_edge
1-2,lane1_target_group_pair x target_outer_pressure_bucket,B-B | low_other_pressure,58,12,20.69,5800,4300,-1500,74.14,358.33,18.61,79.76,428.68,-5.62,2.08,-70.35,mixed_edge
1-3,lane1_target_class_pair,A2-B1,2543,333,13.09,254300,188500,-65800,74.13,566.07,15.86,79.54,501.69,-5.41,-2.77,64.38,mixed_edge
1-2,stadium_code,10,564,92,16.31,56400,41810,-14590,74.13,454.46,18.61,79.76,428.68,-5.63,-2.3,25.78,mixed_edge
1-2,stadium_code x target_lane,10 | 2,564,92,16.31,56400,41810,-14590,74.13,454.46,18.61,79.76,428.68,-5.63,-2.3,25.78,mixed_edge
1-5,lane1_target_group_pair x other_a_count_bucket,B-B | 1,925,34,3.68,92500,68540,-23960,74.1,2015.88,6.7,75.78,1131.51,-1.68,-3.02,884.37,mixed_edge
1-4,lane1_class_group,A,9060,1128,12.45,906000,671290,-234710,74.09,595.12,10.14,74.17,731.46,-0.08,2.31,-136.34,mixed_edge
1-3,lane1_target_exhibition_time_diff_bucket x lane1_target_start_exhibition_st_diff_bucket,near_equal | lane1_faster_0.06+,1412,213,15.08,141200,104620,-36580,74.09,491.17,15.86,79.54,501.69,-5.45,-0.78,-10.52,mixed_edge
1-6,other_b2_count_bucket,0,12175,457,3.75,1217500,901830,-315670,74.07,1973.37,4.05,73.3,1810.13,0.77,-0.3,163.24,mixed_edge
1-3,lane1_target_national_win_diff_bucket,lane1_plus_0.35_1.00,2751,450,16.36,275100,203760,-71340,74.07,452.8,15.86,79.54,501.69,-5.47,0.5,-48.89,mixed_edge
1-5,other_a_count_bucket,4,1805,127,7.04,180500,133650,-46850,74.04,1052.36,6.7,75.78,1131.51,-1.74,0.34,-79.15,mixed_edge
1-5,other_group_pattern,A-A-A-A,1805,127,7.04,180500,133650,-46850,74.04,1052.36,6.7,75.78,1131.51,-1.74,0.34,-79.15,mixed_edge
1-5,target_lane x other_a_count_bucket,5 | 4,1805,127,7.04,180500,133650,-46850,74.04,1052.36,6.7,75.78,1131.51,-1.74,0.34,-79.15,mixed_edge
1-3,other_exhibition_faster_than_target_count_bucket,2,3134,466,14.87,313400,231990,-81410,74.02,497.83,15.86,79.54,501.69,-5.52,-0.99,-3.86,mixed_edge
1-5,lane1_target_boat_place_diff_bucket,lane1_plus_4_10,2842,194,6.83,284200,210360,-73840,74.02,1084.33,6.7,75.78,1131.51,-1.76,0.13,-47.18,mixed_edge
1-3,target_exhibition_st_rank_bucket,1,2377,389,16.37,237700,175950,-61750,74.02,452.31,15.86,79.54,501.69,-5.52,0.51,-49.38,mixed_edge
1-3,target_lane x target_exhibition_st_rank_bucket,3 | 1,2377,389,16.37,237700,175950,-61750,74.02,452.31,15.86,79.54,501.69,-5.52,0.51,-49.38,mixed_edge
1-3,target_exhibition_st_rank_bucket x other_st_faster_than_target_count_bucket,1 | 0,2377,389,16.37,237700,175950,-61750,74.02,452.31,15.86,79.54,501.69,-5.52,0.51,-49.38,mixed_edge
1-4,grade_group,一般,14813,1487,10.04,1481300,1096070,-385230,73.99,737.1,10.14,74.17,731.46,-0.18,-0.1,5.64,mixed_edge
1-6,lane1_target_class_pair,A1-A2,1208,57,4.72,120800,89380,-31420,73.99,1568.07,4.05,73.3,1810.13,0.69,0.67,-242.06,mixed_edge
1-3,lane1_target_exhibition_st_rank_pair,3-1,545,87,15.96,54500,40320,-14180,73.98,463.45,15.86,79.54,501.69,-5.56,0.1,-38.24,mixed_edge
1-3,lane1_exhibition_st_rank_bucket x target_exhibition_st_rank_bucket,3 | 1,545,87,15.96,54500,40320,-14180,73.98,463.45,15.86,79.54,501.69,-5.56,0.1,-38.24,mixed_edge
1-3,lane1_target_boat_place_diff_bucket,lane1_plus_4_10,2808,435,15.49,280800,207640,-73160,73.95,477.33,15.86,79.54,501.69,-5.59,-0.37,-24.36,mixed_edge
1-4,lane1_target_motor_place_diff_bucket,lane1_plus_10+,2530,273,10.79,253000,187090,-65910,73.95,685.31,10.14,74.17,731.46,-0.22,0.65,-46.15,mixed_edge
1-2,lane1_target_class_pair,A1-A1,1824,450,24.67,182400,134860,-47540,73.94,299.69,18.61,79.76,428.68,-5.82,6.06,-128.99,mixed_edge
1-3,lane1_target_group_pair x target_outer_pressure_bucket,A-A | high_other_pressure,3078,633,20.57,307800,227570,-80230,73.93,359.51,15.86,79.54,501.69,-5.61,4.71,-142.18,mixed_edge
1-5,lane1_target_national_rank_pair x target_outer_pressure_bucket,2-4+ | high_other_pressure,2085,95,4.56,208500,154110,-54390,73.91,1622.21,6.7,75.78,1131.51,-1.87,-2.14,490.7,mixed_edge
1-2,lane1_target_group_pair x target_outer_pressure_bucket,A-A | low_other_pressure,538,170,31.6,53800,39760,-14040,73.9,233.88,18.61,79.76,428.68,-5.86,12.99,-194.8,mixed_edge
1-5,lane1_target_national_rank_pair,2-4+,2086,95,4.55,208600,154110,-54490,73.88,1622.21,6.7,75.78,1131.51,-1.9,-2.15,490.7,mixed_edge
1-5,target_lane x lane1_target_national_rank_pair,5 | 2-4+,2086,95,4.55,208600,154110,-54490,73.88,1622.21,6.7,75.78,1131.51,-1.9,-2.15,490.7,mixed_edge
1-2,lane1_target_exhibition_time_diff_bucket x lane1_target_start_exhibition_st_diff_bucket,near_equal | lane1_faster_0.06+,1331,232,17.43,133100,98310,-34790,73.86,423.75,18.61,79.76,428.68,-5.9,-1.18,-4.93,mixed_edge
1-6,lane1_target_exhibition_time_diff_bucket,lane1_faster_0.05_0.10,3232,115,3.56,323200,238630,-84570,73.83,2075.04,4.05,73.3,1810.13,0.53,-0.49,264.91,mixed_edge
1-5,target_exhibition_st_rank_bucket x other_st_faster_than_target_count_bucket,3 | 1,1201,100,8.33,120100,88660,-31440,73.82,886.6,6.7,75.78,1131.51,-1.96,1.63,-244.91,mixed_edge
1-4,target_exhibition_rank_bucket,3,2545,260,10.22,254500,187810,-66690,73.8,722.35,10.14,74.17,731.46,-0.37,0.08,-9.11,mixed_edge
1-5,target_motor_rank_bucket,2,2540,177,6.97,254000,187360,-66640,73.76,1058.53,6.7,75.78,1131.51,-2.02,0.27,-72.98,mixed_edge
1-6,target_motor_rank_bucket,4+,7986,294,3.68,798600,588980,-209620,73.75,2003.33,4.05,73.3,1810.13,0.45,-0.37,193.2,mixed_edge
1-3,lane1_target_group_pair x other_a_count_bucket,A-A | 1,1050,272,25.9,105000,77440,-27560,73.75,284.71,15.86,79.54,501.69,-5.79,10.04,-216.98,mixed_edge
1-6,grade_group,一般,14813,600,4.05,1481300,1092340,-388960,73.74,1820.57,4.05,73.3,1810.13,0.44,0.0,10.44,mixed_edge
1-3,lane1_target_national_rank_pair,2-4+,1894,231,12.2,189400,139640,-49760,73.73,604.5,15.86,79.54,501.69,-5.81,-3.66,102.81,mixed_edge
1-3,target_lane x lane1_target_national_rank_pair,3 | 2-4+,1894,231,12.2,189400,139640,-49760,73.73,604.5,15.86,79.54,501.69,-5.81,-3.66,102.81,mixed_edge
1-4,lane1_motor_rank_bucket,3,2491,245,9.84,249100,183640,-65460,73.72,749.55,10.14,74.17,731.46,-0.45,-0.3,18.09,mixed_edge
1-3,lane1_target_national_rank_pair,2-3,674,129,19.14,67400,49690,-17710,73.72,385.19,15.86,79.54,501.69,-5.82,3.28,-116.5,mixed_edge
1-3,target_lane x lane1_target_national_rank_pair,3 | 2-3,674,129,19.14,67400,49690,-17710,73.72,385.19,15.86,79.54,501.69,-5.82,3.28,-116.5,mixed_edge
1-5,lane1_target_national_rank_pair x target_outer_pressure_bucket,3-1 | high_other_pressure,247,31,12.55,24700,18210,-6490,73.72,587.42,6.7,75.78,1131.51,-2.06,5.85,-544.09,mixed_edge
1-5,target_motor_rank_bucket,4+,8010,494,6.17,801000,590340,-210660,73.7,1195.02,6.7,75.78,1131.51,-2.08,-0.53,63.51,mixed_edge
1-2,lane1_target_group_pair x target_outer_pressure_bucket,B-B | high_other_pressure,3221,326,10.12,322100,237280,-84820,73.67,727.85,18.61,79.76,428.68,-6.09,-8.49,299.17,mixed_edge
1-2,other_st_faster_than_target_count_bucket,2,2459,416,16.92,245900,180980,-64920,73.6,435.05,18.61,79.76,428.68,-6.16,-1.69,6.37,mixed_edge
1-4,lane1_target_national_rank_pair,4+-4+,2353,104,4.42,235300,173170,-62130,73.6,1665.1,10.14,74.17,731.46,-0.57,-5.72,933.64,mixed_edge
1-4,target_lane x lane1_target_national_rank_pair,4 | 4+-4+,2353,104,4.42,235300,173170,-62130,73.6,1665.1,10.14,74.17,731.46,-0.57,-5.72,933.64,mixed_edge
1-4,lane1_target_national_rank_pair x target_outer_pressure_bucket,4+-4+ | high_other_pressure,2353,104,4.42,235300,173170,-62130,73.6,1665.1,10.14,74.17,731.46,-0.57,-5.72,933.64,mixed_edge
1-3,lane1_target_national_rank_pair x target_outer_pressure_bucket,2-4+ | high_other_pressure,1890,229,12.12,189000,139060,-49940,73.58,607.25,15.86,79.54,501.69,-5.96,-3.74,105.56,mixed_edge
1-4,month,2025-12,4763,470,9.87,476300,350380,-125920,73.56,745.49,10.14,74.17,731.46,-0.61,-0.27,14.03,mixed_edge
1-3,lane1_target_national_rank_pair,3-4+,1550,156,10.06,155000,114000,-41000,73.55,730.77,15.86,79.54,501.69,-5.99,-5.8,229.08,mixed_edge
1-3,target_lane x lane1_target_national_rank_pair,3 | 3-4+,1550,156,10.06,155000,114000,-41000,73.55,730.77,15.86,79.54,501.69,-5.99,-5.8,229.08,mixed_edge
1-3,lane1_target_national_rank_pair x target_outer_pressure_bucket,3-4+ | high_other_pressure,1550,156,10.06,155000,114000,-41000,73.55,730.77,15.86,79.54,501.69,-5.99,-5.8,229.08,mixed_edge
1-4,race_no_bucket,1-3R,3898,338,8.67,389800,286490,-103310,73.5,847.6,10.14,74.17,731.46,-0.67,-1.47,116.14,mixed_edge
1-4,race_no_bucket x target_lane,1-3R | 4,3898,338,8.67,389800,286490,-103310,73.5,847.6,10.14,74.17,731.46,-0.67,-1.47,116.14,mixed_edge
1-4,wave_bucket,5-9,2345,198,8.44,234500,172360,-62140,73.5,870.51,10.14,74.17,731.46,-0.67,-1.7,139.05,mixed_edge
1-5,lane1_target_exhibition_st_rank_pair,4+-2,1356,81,5.97,135600,99670,-35930,73.5,1230.49,6.7,75.78,1131.51,-2.28,-0.73,98.98,mixed_edge
1-5,lane1_exhibition_st_rank_bucket x target_exhibition_st_rank_bucket,4+ | 2,1356,81,5.97,135600,99670,-35930,73.5,1230.49,6.7,75.78,1131.51,-2.28,-0.73,98.98,mixed_edge
1-3,other_a_count_bucket,4,1764,315,17.86,176400,129510,-46890,73.42,411.14,15.86,79.54,501.69,-6.12,2.0,-90.55,mixed_edge
1-3,other_group_pattern,A-A-A-A,1764,315,17.86,176400,129510,-46890,73.42,411.14,15.86,79.54,501.69,-6.12,2.0,-90.55,mixed_edge
1-3,target_lane x other_a_count_bucket,3 | 4,1764,315,17.86,176400,129510,-46890,73.42,411.14,15.86,79.54,501.69,-6.12,2.0,-90.55,mixed_edge
1-4,lane1_target_national_rank_pair,4+-2,1154,105,9.1,115400,84720,-30680,73.41,806.86,10.14,74.17,731.46,-0.76,-1.04,75.4,mixed_edge
1-4,target_lane x lane1_target_national_rank_pair,4 | 4+-2,1154,105,9.1,115400,84720,-30680,73.41,806.86,10.14,74.17,731.46,-0.76,-1.04,75.4,mixed_edge
1-3,lane1_target_national_rank_pair x target_outer_pressure_bucket,4+-2 | some_other_pressure,553,71,12.84,55300,40590,-14710,73.4,571.69,15.86,79.54,501.69,-6.14,-3.02,70.0,mixed_edge
1-4,lane1_target_local_win_diff_bucket,lane1_plus_1.00+,5989,539,9.0,598900,439550,-159350,73.39,815.49,10.14,74.17,731.46,-0.78,-1.14,84.03,mixed_edge
1-4,month,2026-01,5157,529,10.26,515700,378150,-137550,73.33,714.84,10.14,74.17,731.46,-0.84,0.12,-16.62,mixed_edge
1-3,other_group_pattern,A-A-A-B,557,72,12.93,55700,40840,-14860,73.32,567.22,15.86,79.54,501.69,-6.22,-2.93,65.53,mixed_edge
1-6,target_lane,6,15484,627,4.05,1548400,1134950,-413450,73.3,1810.13,4.05,73.3,1810.13,0.0,0.0,0.0,mixed_edge
1-6,target_lane_zone,outer_5_6,15484,627,4.05,1548400,1134950,-413450,73.3,1810.13,4.05,73.3,1810.13,0.0,0.0,0.0,mixed_edge
1-5,target_national_win_rank_bucket x other_national_better_than_target_count_bucket,3 | 1,1283,118,9.2,128300,93970,-34330,73.24,796.36,6.7,75.78,1131.51,-2.54,2.5,-335.15,mixed_edge
1-5,target_boat_rank_bucket,2,2528,174,6.88,252800,185100,-67700,73.22,1063.79,6.7,75.78,1131.51,-2.56,0.18,-67.72,mixed_edge
1-2,stadium_code,23,672,129,19.2,67200,49200,-18000,73.21,381.4,18.61,79.76,428.68,-6.55,0.59,-47.28,mixed_edge
1-2,stadium_code x target_lane,23 | 2,672,129,19.2,67200,49200,-18000,73.21,381.4,18.61,79.76,428.68,-6.55,0.59,-47.28,mixed_edge
1-2,other_group_pattern,B-B-A-B,1043,194,18.6,104300,76350,-27950,73.2,393.56,18.61,79.76,428.68,-6.56,-0.01,-35.12,mixed_edge
1-4,lane1_target_group_pair,A-B,4483,395,8.81,448300,328070,-120230,73.18,830.56,10.14,74.17,731.46,-0.99,-1.33,99.1,mixed_edge
1-6,lane1_target_exhibition_time_diff_bucket x lane1_target_start_exhibition_st_diff_bucket,target_faster_0.05_0.10 | lane1_faster_0.06+,570,21,3.68,57000,41710,-15290,73.18,1986.19,4.05,73.3,1810.13,-0.12,-0.37,176.06,mixed_edge
1-2,lane1_target_group_pair,B-B,3601,398,11.05,360100,263470,-96630,73.17,661.98,18.61,79.76,428.68,-6.59,-7.56,233.3,mixed_edge
1-4,lane1_local_win_rank_bucket,1,3572,444,12.43,357200,261340,-95860,73.16,588.6,10.14,74.17,731.46,-1.01,2.29,-142.86,mixed_edge
1-4,lane1_target_group_pair x target_outer_pressure_bucket,A-B | high_other_pressure,4110,335,8.15,411000,300660,-110340,73.15,897.49,10.14,74.17,731.46,-1.02,-1.99,166.03,mixed_edge
1-4,lane1_target_exhibition_time_diff_bucket,lane1_faster_0.05_0.10,3316,340,10.25,331600,242430,-89170,73.11,713.03,10.14,74.17,731.46,-1.06,0.11,-18.43,mixed_edge
1-5,lane1_exhibition_rank_bucket,3,2671,174,6.51,267100,195250,-71850,73.1,1122.13,6.7,75.78,1131.51,-2.68,-0.19,-9.38,mixed_edge
1-2,lane1_boat_rank_bucket,3,2587,457,17.67,258700,189030,-69670,73.07,413.63,18.61,79.76,428.68,-6.69,-0.94,-15.05,mixed_edge
1-6,lane1_target_class_pair,B1-B1,2615,59,2.26,261500,191020,-70480,73.05,3237.63,4.05,73.3,1810.13,-0.25,-1.79,1427.5,mixed_edge
1-2,lane1_target_start_gap_pair,0.04-0.06-0.04-0.06,687,123,17.9,68700,50180,-18520,73.04,407.97,18.61,79.76,428.68,-6.72,-0.71,-20.71,mixed_edge
1-2,target_lane x lane1_target_start_gap_pair,2 | 0.04-0.06-0.04-0.06,687,123,17.9,68700,50180,-18520,73.04,407.97,18.61,79.76,428.68,-6.72,-0.71,-20.71,mixed_edge
1-2,lane1_start_exhibition_gap_bucket x target_start_exhibition_gap_bucket,0.04-0.06 | 0.04-0.06,687,123,17.9,68700,50180,-18520,73.04,407.97,18.61,79.76,428.68,-6.72,-0.71,-20.71,mixed_edge
1-6,lane1_target_start_gap_pair x target_outer_pressure_bucket,>0.06->0.06 | some_other_pressure,129,6,4.65,12900,9420,-3480,73.02,1570.0,4.05,73.3,1810.13,-0.28,0.6,-240.13,mixed_edge
1-4,lane1_target_boat_place_diff_bucket,target_plus_4_10,2838,278,9.8,283800,207210,-76590,73.01,745.36,10.14,74.17,731.46,-1.16,-0.34,13.9,mixed_edge
1-4,target_national_win_rank_bucket x other_national_better_than_target_count_bucket,2 | 0,834,167,20.02,83400,60870,-22530,72.99,364.49,10.14,74.17,731.46,-1.18,9.88,-366.97,mixed_edge
1-3,other_a_count_bucket,3,2010,238,11.84,201000,146680,-54320,72.98,616.3,15.86,79.54,501.69,-6.56,-4.02,114.61,mixed_edge
1-3,target_lane x other_a_count_bucket,3 | 3,2010,238,11.84,201000,146680,-54320,72.98,616.3,15.86,79.54,501.69,-6.56,-4.02,114.61,mixed_edge
1-3,lane1_target_national_rank_pair x target_outer_pressure_bucket,4+-1 | some_other_pressure,252,42,16.67,25200,18390,-6810,72.98,437.86,15.86,79.54,501.69,-6.56,0.81,-63.83,mixed_edge
1-6,month,2026-03,1397,66,4.72,139700,101940,-37760,72.97,1544.55,4.05,73.3,1810.13,-0.33,0.67,-265.58,mixed_edge
1-2,grade_group,G1,551,107,19.42,55100,40200,-14900,72.96,375.7,18.61,79.76,428.68,-6.8,0.81,-52.98,mixed_edge
1-3,lane1_local_win_rank_bucket,1,3572,694,19.43,357200,260540,-96660,72.94,375.42,15.86,79.54,501.69,-6.6,3.57,-126.27,mixed_edge
1-6,lane1_local_win_rank_bucket,2,3167,163,5.15,316700,231000,-85700,72.94,1417.18,4.05,73.3,1810.13,-0.36,1.1,-392.95,mixed_edge
1-5,target_class_group x target_outer_pressure_bucket,B | some_other_pressure,472,46,9.75,47200,34420,-12780,72.92,748.26,6.7,75.78,1131.51,-2.86,3.05,-383.25,mixed_edge
1-4,lane1_target_group_pair x other_a_count_bucket,A-A | 1,1010,184,18.22,101000,73620,-27380,72.89,400.11,10.14,74.17,731.46,-1.28,8.08,-331.35,mixed_edge
1-4,lane1_boat_rank_bucket,1,2761,279,10.11,276100,201210,-74890,72.88,721.18,10.14,74.17,731.46,-1.29,-0.03,-10.28,mixed_edge
1-4,target_class_group,A,6901,951,13.78,690100,502900,-187200,72.87,528.81,10.14,74.17,731.46,-1.3,3.64,-202.65,mixed_edge
1-4,target_lane x target_class_group,4 | A,6901,951,13.78,690100,502900,-187200,72.87,528.81,10.14,74.17,731.46,-1.3,3.64,-202.65,mixed_edge
1-4,lane1_local_win_rank_bucket,4+,6062,475,7.84,606200,441740,-164460,72.87,929.98,10.14,74.17,731.46,-1.3,-2.3,198.52,mixed_edge
1-2,lane1_target_exhibition_time_diff_bucket x lane1_target_start_exhibition_st_diff_bucket,lane1_faster_0.05_0.10 | target_faster_0.03_0.06,330,57,17.27,33000,24040,-8960,72.85,421.75,18.61,79.76,428.68,-6.91,-1.34,-6.93,mixed_edge
1-4,lane1_exhibition_st_rank_bucket,3,2253,229,10.16,225300,164100,-61200,72.84,716.59,10.14,74.17,731.46,-1.33,0.02,-14.87,mixed_edge
1-5,lane1_target_local_win_diff_bucket,lane1_plus_0.35_1.00,1983,141,7.11,198300,144440,-53860,72.84,1024.4,6.7,75.78,1131.51,-2.94,0.41,-107.11,mixed_edge
1-3,lane1_target_group_pair x other_a_count_bucket,A-B | 0,890,191,21.46,89000,64830,-24170,72.84,339.42,15.86,79.54,501.69,-6.7,5.6,-162.27,mixed_edge
1-4,other_a_count_bucket,1,4130,459,11.11,413000,300780,-112220,72.83,655.29,10.14,74.17,731.46,-1.34,0.97,-76.17,mixed_edge
1-4,target_lane x other_a_count_bucket,4 | 1,4130,459,11.11,413000,300780,-112220,72.83,655.29,10.14,74.17,731.46,-1.34,0.97,-76.17,mixed_edge
1-4,lane1_target_motor_place_diff_bucket,near_equal,5046,477,9.45,504600,367080,-137520,72.75,769.56,10.14,74.17,731.46,-1.42,-0.69,38.1,mixed_edge
1-6,lane1_target_exhibition_st_rank_pair,1-4+,3904,148,3.79,390400,283850,-106550,72.71,1917.91,4.05,73.3,1810.13,-0.59,-0.26,107.78,mixed_edge
1-6,lane1_exhibition_st_rank_bucket x target_exhibition_st_rank_bucket,1 | 4+,3904,148,3.79,390400,283850,-106550,72.71,1917.91,4.05,73.3,1810.13,-0.59,-0.26,107.78,mixed_edge
1-6,wave_bucket,0-4,12908,522,4.04,1290800,938170,-352630,72.68,1797.26,4.05,73.3,1810.13,-0.62,-0.01,-12.87,mixed_edge
1-6,lane1_target_motor_place_diff_bucket,lane1_plus_10+,2634,100,3.8,263400,191450,-71950,72.68,1914.5,4.05,73.3,1810.13,-0.62,-0.25,104.37,mixed_edge
1-4,race_no_bucket,4-6R,3891,361,9.28,389100,282740,-106360,72.67,783.21,10.14,74.17,731.46,-1.5,-0.86,51.75,mixed_edge
1-4,race_no_bucket x target_lane,4-6R | 4,3891,361,9.28,389100,282740,-106360,72.67,783.21,10.14,74.17,731.46,-1.5,-0.86,51.75,mixed_edge
1-4,target_boat_rank_bucket,4+,7860,788,10.03,786000,570910,-215090,72.63,724.51,10.14,74.17,731.46,-1.54,-0.11,-6.95,mixed_edge
1-3,target_national_win_rank_bucket x other_national_better_than_target_count_bucket,4+ | 2,2057,313,15.22,205700,149350,-56350,72.61,477.16,15.86,79.54,501.69,-6.93,-0.64,-24.53,mixed_edge
1-6,lane1_target_start_gap_pair,best->0.06,2962,109,3.68,296200,215050,-81150,72.6,1972.94,4.05,73.3,1810.13,-0.7,-0.37,162.81,mixed_edge
1-6,target_lane x lane1_target_start_gap_pair,6 | best->0.06,2962,109,3.68,296200,215050,-81150,72.6,1972.94,4.05,73.3,1810.13,-0.7,-0.37,162.81,mixed_edge
1-6,lane1_start_exhibition_gap_bucket x target_start_exhibition_gap_bucket,best | >0.06,2962,109,3.68,296200,215050,-81150,72.6,1972.94,4.05,73.3,1810.13,-0.7,-0.37,162.81,mixed_edge
1-4,stadium_code,18,768,79,10.29,76800,55760,-21040,72.6,705.82,10.14,74.17,731.46,-1.57,0.15,-25.64,mixed_edge
1-4,stadium_code x target_lane,18 | 4,768,79,10.29,76800,55760,-21040,72.6,705.82,10.14,74.17,731.46,-1.57,0.15,-25.64,mixed_edge
1-4,other_b2_count_bucket,0,11130,1087,9.77,1113000,807670,-305330,72.57,743.03,10.14,74.17,731.46,-1.6,-0.37,11.57,mixed_edge
1-6,other_b2_count_bucket,1,2978,155,5.2,297800,216060,-81740,72.55,1393.94,4.05,73.3,1810.13,-0.75,1.15,-416.19,mixed_edge
1-4,lane1_target_national_rank_pair x target_outer_pressure_bucket,2-3 | some_other_pressure,292,41,14.04,29200,21180,-8020,72.53,516.59,10.14,74.17,731.46,-1.64,3.9,-214.87,mixed_edge
1-4,lane1_target_local_win_diff_bucket,target_plus_0.35_1.00,1681,202,12.02,168100,121880,-46220,72.5,603.37,10.14,74.17,731.46,-1.67,1.88,-128.09,mixed_edge
1-4,lane1_national_win_rank_bucket,1,3823,504,13.18,382300,277130,-105170,72.49,549.86,10.14,74.17,731.46,-1.68,3.04,-181.6,mixed_edge
1-5,lane1_national_win_rank_bucket,2,3273,231,7.06,327300,237270,-90030,72.49,1027.14,6.7,75.78,1131.51,-3.29,0.36,-104.37,mixed_edge
1-2,stadium_code,02,671,93,13.86,67100,48630,-18470,72.47,522.9,18.61,79.76,428.68,-7.29,-4.75,94.22,mixed_edge
1-2,stadium_code x target_lane,02 | 2,671,93,13.86,67100,48630,-18470,72.47,522.9,18.61,79.76,428.68,-7.29,-4.75,94.22,mixed_edge
1-5,lane1_target_start_gap_pair,best->0.06,2632,175,6.65,263200,190720,-72480,72.46,1089.83,6.7,75.78,1131.51,-3.32,-0.05,-41.68,mixed_edge
1-5,target_lane x lane1_target_start_gap_pair,5 | best->0.06,2632,175,6.65,263200,190720,-72480,72.46,1089.83,6.7,75.78,1131.51,-3.32,-0.05,-41.68,mixed_edge
1-5,lane1_start_exhibition_gap_bucket x target_start_exhibition_gap_bucket,best | >0.06,2632,175,6.65,263200,190720,-72480,72.46,1089.83,6.7,75.78,1131.51,-3.32,-0.05,-41.68,mixed_edge
1-6,lane1_target_group_pair x other_a_count_bucket,A-B | 1,1454,44,3.03,145400,105270,-40130,72.4,2392.5,4.05,73.3,1810.13,-0.9,-1.02,582.37,mixed_edge
1-2,lane1_target_local_win_diff_bucket,target_plus_0.35_1.00,1778,325,18.28,177800,128700,-49100,72.38,396.0,18.61,79.76,428.68,-7.38,-0.33,-32.68,mixed_edge
1-3,lane1_target_group_pair x other_a_count_bucket,A-A | 4,1562,291,18.63,156200,113000,-43200,72.34,388.32,15.86,79.54,501.69,-7.2,2.77,-113.37,mixed_edge
1-2,lane1_target_start_gap_pair,>0.06-best,448,59,13.17,44800,32410,-12390,72.34,549.32,18.61,79.76,428.68,-7.42,-5.44,120.64,mixed_edge
1-2,target_lane x lane1_target_start_gap_pair,2 | >0.06-best,448,59,13.17,44800,32410,-12390,72.34,549.32,18.61,79.76,428.68,-7.42,-5.44,120.64,mixed_edge
1-2,lane1_start_exhibition_gap_bucket x target_start_exhibition_gap_bucket,>0.06 | best,448,59,13.17,44800,32410,-12390,72.34,549.32,18.61,79.76,428.68,-7.42,-5.44,120.64,mixed_edge
1-5,lane1_target_start_gap_pair x target_outer_pressure_bucket,>0.06->0.06 | low_other_pressure,30,4,13.33,3000,2170,-830,72.33,542.5,6.7,75.78,1131.51,-3.45,6.63,-589.01,mixed_edge
1-4,wind_bucket,5-6,2074,172,8.29,207400,149940,-57460,72.3,871.74,10.14,74.17,731.46,-1.87,-1.85,140.28,mixed_edge
1-4,lane1_target_national_rank_pair x target_outer_pressure_bucket,4+-2 | high_other_pressure,647,55,8.5,64700,46780,-17920,72.3,850.55,10.14,74.17,731.46,-1.87,-1.64,119.09,mixed_edge
1-4,lane1_target_class_pair,A2-A1,782,151,19.31,78200,56530,-21670,72.29,374.37,10.14,74.17,731.46,-1.88,9.17,-357.09,mixed_edge
1-6,lane1_target_exhibition_time_diff_bucket x lane1_target_start_exhibition_st_diff_bucket,lane1_faster_0.05_0.10 | target_faster_0.06+,457,16,3.5,45700,33030,-12670,72.28,2064.38,4.05,73.3,1810.13,-1.02,-0.55,254.25,mixed_edge
1-6,month,2026-02,4167,151,3.62,416700,301150,-115550,72.27,1994.37,4.05,73.3,1810.13,-1.03,-0.43,184.24,mixed_edge
1-5,month,2026-02,4167,273,6.55,416700,301060,-115640,72.25,1102.78,6.7,75.78,1131.51,-3.53,-0.15,-28.73,mixed_edge
1-2,lane1_target_group_pair x other_a_count_bucket,B-B | 1,948,114,12.03,94800,68490,-26310,72.25,600.79,18.61,79.76,428.68,-7.51,-6.58,172.11,mixed_edge
1-6,lane1_target_group_pair x other_a_count_bucket,A-B | 3,657,10,1.52,65700,47470,-18230,72.25,4747.0,4.05,73.3,1810.13,-1.05,-2.53,2936.87,mixed_edge
1-5,target_national_win_rank_bucket,4+,8764,384,4.38,876400,633030,-243370,72.23,1648.52,6.7,75.78,1131.51,-3.55,-2.32,517.01,mixed_edge
1-2,lane1_target_start_gap_pair x target_outer_pressure_bucket,>0.06-0.04-0.06 | high_other_pressure,587,72,12.27,58700,42400,-16300,72.23,588.89,18.61,79.76,428.68,-7.53,-6.34,160.21,mixed_edge
1-6,lane1_exhibition_rank_bucket,1,4513,194,4.3,451300,325910,-125390,72.22,1679.95,4.05,73.3,1810.13,-1.08,0.25,-130.18,mixed_edge
1-5,lane1_target_group_pair x target_outer_pressure_bucket,B-A | low_other_pressure,280,27,9.64,28000,20220,-7780,72.21,748.89,6.7,75.78,1131.51,-3.57,2.94,-382.62,mixed_edge
1-2,target_exhibition_rank_bucket x other_exhibition_faster_than_target_count_bucket,3 | 2,941,148,15.73,94100,67940,-26160,72.2,459.05,18.61,79.76,428.68,-7.56,-2.88,30.37,mixed_edge
1-5,lane1_target_exhibition_time_diff_bucket,target_faster_0.10+,778,52,6.68,77800,56160,-21640,72.19,1080.0,6.7,75.78,1131.51,-3.59,-0.02,-51.51,mixed_edge
1-4,target_class_group x target_outer_pressure_bucket,A | high_other_pressure,4694,585,12.46,469400,338660,-130740,72.15,578.91,10.14,74.17,731.46,-2.02,2.32,-152.55,mixed_edge
1-3,lane1_target_class_pair,A1-A1,1821,388,21.31,182100,131380,-50720,72.15,338.61,15.86,79.54,501.69,-7.39,5.45,-163.08,mixed_edge
1-3,target_class_group x target_outer_pressure_bucket,A | low_other_pressure,788,183,23.22,78800,56840,-21960,72.13,310.6,15.86,79.54,501.69,-7.41,7.36,-191.09,mixed_edge
1-2,target_class,B2,555,63,11.35,55500,40030,-15470,72.13,635.4,18.61,79.76,428.68,-7.63,-7.26,206.72,mixed_edge
1-3,lane1_target_national_rank_pair x target_outer_pressure_bucket,4+-1 | low_other_pressure,334,53,15.87,33400,24090,-9310,72.13,454.53,15.86,79.54,501.69,-7.41,0.01,-47.16,mixed_edge
1-4,lane1_target_national_rank_pair,2-3,653,79,12.1,65300,47080,-18220,72.1,595.95,10.14,74.17,731.46,-2.07,1.96,-135.51,mixed_edge
1-4,target_lane x lane1_target_national_rank_pair,4 | 2-3,653,79,12.1,65300,47080,-18220,72.1,595.95,10.14,74.17,731.46,-2.07,1.96,-135.51,mixed_edge
1-2,lane1_target_start_gap_pair x target_outer_pressure_bucket,0.04-0.06->0.06 | high_other_pressure,718,87,12.12,71800,51760,-20040,72.09,594.94,18.61,79.76,428.68,-7.67,-6.49,166.26,mixed_edge
1-5,lane1_target_local_win_diff_bucket,target_plus_1.00+,3538,246,6.95,353800,255000,-98800,72.07,1036.59,6.7,75.78,1131.51,-3.71,0.25,-94.92,mixed_edge
1-5,stadium_code,15,652,46,7.06,65200,46990,-18210,72.07,1021.52,6.7,75.78,1131.51,-3.71,0.36,-109.99,mixed_edge
1-5,stadium_code x target_lane,15 | 5,652,46,7.06,65200,46990,-18210,72.07,1021.52,6.7,75.78,1131.51,-3.71,0.36,-109.99,mixed_edge
1-6,lane1_target_start_gap_pair x target_outer_pressure_bucket,best-<=0.03 | low_other_pressure,39,7,17.95,3900,2810,-1090,72.05,401.43,4.05,73.3,1810.13,-1.25,13.9,-1408.7,mixed_edge
1-6,wind_bucket,3-4,4976,199,4.0,497600,358180,-139420,71.98,1799.9,4.05,73.3,1810.13,-1.32,-0.05,-10.23,mixed_edge
1-3,lane1_target_start_gap_pair x target_outer_pressure_bucket,0.04-0.06-<=0.03 | low_other_pressure,41,12,29.27,4100,2950,-1150,71.95,245.83,15.86,79.54,501.69,-7.59,13.41,-255.86,mixed_edge
1-5,target_exhibition_rank_bucket,2,2114,174,8.23,211400,152080,-59320,71.94,874.02,6.7,75.78,1131.51,-3.84,1.53,-257.49,mixed_edge
1-3,meeting_phase_bucket,day5+,4060,661,16.28,406000,292010,-113990,71.92,441.77,15.86,79.54,501.69,-7.62,0.42,-59.92,mixed_edge
1-3,meeting_phase_bucket x target_lane,day5+ | 3,4060,661,16.28,406000,292010,-113990,71.92,441.77,15.86,79.54,501.69,-7.62,0.42,-59.92,mixed_edge
1-3,lane1_target_national_rank_pair x target_outer_pressure_bucket,2-1 | low_other_pressure,193,56,29.02,19300,13880,-5420,71.92,247.86,15.86,79.54,501.69,-7.62,13.16,-253.83,mixed_edge
1-5,other_a_count_bucket,3,2209,107,4.84,220900,158850,-62050,71.91,1484.58,6.7,75.78,1131.51,-3.87,-1.86,353.07,mixed_edge
1-5,target_lane x other_a_count_bucket,5 | 3,2209,107,4.84,220900,158850,-62050,71.91,1484.58,6.7,75.78,1131.51,-3.87,-1.86,353.07,mixed_edge
1-4,meeting_phase_bucket,day1-2,5629,532,9.45,562900,404660,-158240,71.89,760.64,10.14,74.17,731.46,-2.28,-0.69,29.18,mixed_edge
1-4,meeting_phase_bucket x target_lane,day1-2 | 4,5629,532,9.45,562900,404660,-158240,71.89,760.64,10.14,74.17,731.46,-2.28,-0.69,29.18,mixed_edge
1-2,stadium_code,12,624,116,18.59,62400,44860,-17540,71.89,386.72,18.61,79.76,428.68,-7.87,-0.02,-41.96,mixed_edge
1-2,stadium_code x target_lane,12 | 2,624,116,18.59,62400,44860,-17540,71.89,386.72,18.61,79.76,428.68,-7.87,-0.02,-41.96,mixed_edge
1-5,lane1_target_group_pair x other_a_count_bucket,B-A | 4,48,3,6.25,4800,3450,-1350,71.88,1150.0,6.7,75.78,1131.51,-3.9,-0.45,18.49,mixed_edge
1-5,other_group_pattern,B-A-B-B,1294,85,6.57,129400,92930,-36470,71.82,1093.29,6.7,75.78,1131.51,-3.96,-0.13,-38.22,mixed_edge
1-6,lane1_target_national_rank_pair,2-1,613,78,12.72,61300,44020,-17280,71.81,564.36,4.05,73.3,1810.13,-1.49,8.67,-1245.77,mixed_edge
1-6,target_lane x lane1_target_national_rank_pair,6 | 2-1,613,78,12.72,61300,44020,-17280,71.81,564.36,4.05,73.3,1810.13,-1.49,8.67,-1245.77,mixed_edge
1-4,other_national_better_than_target_count_bucket,2,3106,272,8.76,310600,222980,-87620,71.79,819.78,10.14,74.17,731.46,-2.38,-1.38,88.32,mixed_edge
1-5,target_class_group,B,8966,414,4.62,896600,643520,-253080,71.77,1554.4,6.7,75.78,1131.51,-4.01,-2.08,422.89,mixed_edge
1-5,target_lane x target_class_group,5 | B,8966,414,4.62,896600,643520,-253080,71.77,1554.4,6.7,75.78,1131.51,-4.01,-2.08,422.89,mixed_edge
1-5,lane1_target_exhibition_st_rank_pair,2-3,385,27,7.01,38500,27630,-10870,71.77,1023.33,6.7,75.78,1131.51,-4.01,0.31,-108.18,mixed_edge
1-5,lane1_exhibition_st_rank_bucket x target_exhibition_st_rank_bucket,2 | 3,385,27,7.01,38500,27630,-10870,71.77,1023.33,6.7,75.78,1131.51,-4.01,0.31,-108.18,mixed_edge
1-6,lane1_start_exhibition_gap_bucket,>0.06,4044,157,3.88,404400,290180,-114220,71.76,1848.28,4.05,73.3,1810.13,-1.54,-0.17,38.15,mixed_edge
1-6,lane1_local_win_rank_bucket,4+,6062,208,3.43,606200,434920,-171280,71.75,2090.96,4.05,73.3,1810.13,-1.55,-0.62,280.83,mixed_edge
1-3,target_exhibition_st_rank_bucket x other_st_faster_than_target_count_bucket,2 | 1,1459,202,13.85,145900,104690,-41210,71.75,518.27,15.86,79.54,501.69,-7.79,-2.01,16.58,mixed_edge
1-4,lane1_target_national_rank_pair x target_outer_pressure_bucket,2-3 | high_other_pressure,361,38,10.53,36100,25900,-10200,71.75,681.58,10.14,74.17,731.46,-2.42,0.39,-49.88,mixed_edge
1-5,lane1_target_group_pair x other_a_count_bucket,B-B | 0,672,41,6.1,67200,48210,-18990,71.74,1175.85,6.7,75.78,1131.51,-4.04,-0.6,44.34,mixed_edge
1-4,target_class_group x target_outer_pressure_bucket,A | some_other_pressure,1440,214,14.86,144000,103280,-40720,71.72,482.62,10.14,74.17,731.46,-2.45,4.72,-248.84,mixed_edge
1-5,lane1_target_start_gap_pair x target_outer_pressure_bucket,>0.06-best | high_other_pressure,816,47,5.76,81600,58470,-23130,71.65,1244.04,6.7,75.78,1131.51,-4.13,-0.94,112.53,mixed_edge
1-5,other_a_count_bucket,2,5083,268,5.27,508300,364080,-144220,71.63,1358.51,6.7,75.78,1131.51,-4.15,-1.43,227.0,mixed_edge
1-5,target_lane x other_a_count_bucket,5 | 2,5083,268,5.27,508300,364080,-144220,71.63,1358.51,6.7,75.78,1131.51,-4.15,-1.43,227.0,mixed_edge
1-5,lane1_motor_rank_bucket,4+,7439,461,6.2,743900,532640,-211260,71.6,1155.4,6.7,75.78,1131.51,-4.18,-0.5,23.89,mixed_edge
1-2,lane1_target_boat_place_diff_bucket,target_plus_4_10,2787,482,17.29,278700,199460,-79240,71.57,413.82,18.61,79.76,428.68,-8.19,-1.32,-14.86,mixed_edge
1-6,other_group_pattern,B-A-B-B,1319,70,5.31,131900,94400,-37500,71.57,1348.57,4.05,73.3,1810.13,-1.73,1.26,-461.56,mixed_edge
1-6,lane1_target_motor_place_diff_bucket,target_plus_10+,2516,105,4.17,251600,179940,-71660,71.52,1713.71,4.05,73.3,1810.13,-1.78,0.12,-96.42,mixed_edge
1-4,lane1_target_group_pair x target_outer_pressure_bucket,A-A | low_other_pressure,489,109,22.29,48900,34970,-13930,71.51,320.83,10.14,74.17,731.46,-2.66,12.15,-410.63,mixed_edge
1-4,lane1_target_motor_place_diff_bucket,target_plus_10+,2494,249,9.98,249400,178180,-71220,71.44,715.58,10.14,74.17,731.46,-2.73,-0.16,-15.88,mixed_edge
1-5,lane1_target_exhibition_time_diff_bucket x lane1_target_start_exhibition_st_diff_bucket,lane1_faster_0.10+ | lane1_faster_0.03_0.06,356,25,7.02,35600,25430,-10170,71.43,1017.2,6.7,75.78,1131.51,-4.35,0.32,-114.31,mixed_edge
1-5,target_class_group x target_outer_pressure_bucket,B | high_other_pressure,8393,350,4.17,839300,599310,-239990,71.41,1712.31,6.7,75.78,1131.51,-4.37,-2.53,580.8,mixed_edge
1-5,lane1_target_national_rank_pair x target_outer_pressure_bucket,4+-2 | high_other_pressure,634,33,5.21,63400,45260,-18140,71.39,1371.52,6.7,75.78,1131.51,-4.39,-1.49,240.01,mixed_edge
1-5,stadium_code,04,589,38,6.45,58900,42040,-16860,71.38,1106.32,6.7,75.78,1131.51,-4.4,-0.25,-25.19,mixed_edge
1-5,stadium_code x target_lane,04 | 5,589,38,6.45,58900,42040,-16860,71.38,1106.32,6.7,75.78,1131.51,-4.4,-0.25,-25.19,mixed_edge
1-3,lane1_target_start_gap_pair x target_outer_pressure_bucket,<=0.03->0.06 | some_other_pressure,82,16,19.51,8200,5850,-2350,71.34,365.62,15.86,79.54,501.69,-8.2,3.65,-136.07,mixed_edge
1-5,lane1_target_local_win_diff_bucket,lane1_plus_1.00+,6375,339,5.32,637500,454720,-182780,71.33,1341.36,6.7,75.78,1131.51,-4.45,-1.38,209.85,mixed_edge
1-3,stadium_code,05,558,77,13.8,55800,39800,-16000,71.33,516.88,15.86,79.54,501.69,-8.21,-2.06,15.19,mixed_edge
1-3,stadium_code x target_lane,05 | 3,558,77,13.8,55800,39800,-16000,71.33,516.88,15.86,79.54,501.69,-8.21,-2.06,15.19,mixed_edge
1-6,lane1_target_boat_place_diff_bucket,lane1_plus_4_10,2854,117,4.1,285400,203530,-81870,71.31,1739.57,4.05,73.3,1810.13,-1.99,0.05,-70.56,mixed_edge
1-2,lane1_target_start_gap_pair x target_outer_pressure_bucket,>0.06-best | low_other_pressure,47,6,12.77,4700,3350,-1350,71.28,558.33,18.61,79.76,428.68,-8.48,-5.84,129.65,mixed_edge
1-4,stadium_code,10,564,50,8.87,56400,40160,-16240,71.21,803.2,10.14,74.17,731.46,-2.96,-1.27,71.74,mixed_edge
1-4,stadium_code x target_lane,10 | 4,564,50,8.87,56400,40160,-16240,71.21,803.2,10.14,74.17,731.46,-2.96,-1.27,71.74,mixed_edge
1-5,lane1_target_boat_place_diff_bucket,target_plus_10+,1908,121,6.34,190800,135830,-54970,71.19,1122.56,6.7,75.78,1131.51,-4.59,-0.36,-8.95,mixed_edge
1-2,stadium_code,11,720,127,17.64,72000,51240,-20760,71.17,403.46,18.61,79.76,428.68,-8.59,-0.97,-25.22,mixed_edge
1-2,stadium_code x target_lane,11 | 2,720,127,17.64,72000,51240,-20760,71.17,403.46,18.61,79.76,428.68,-8.59,-0.97,-25.22,mixed_edge
1-6,lane1_target_boat_place_diff_bucket,lane1_plus_10+,1884,84,4.46,188400,134060,-54340,71.16,1595.95,4.05,73.3,1810.13,-2.14,0.41,-214.18,mixed_edge
1-4,lane1_target_group_pair x target_outer_pressure_bucket,A-B | some_other_pressure,310,45,14.52,31000,22050,-8950,71.13,490.0,10.14,74.17,731.46,-3.04,4.38,-241.46,mixed_edge
1-5,meeting_phase_bucket,day1-2,5629,351,6.24,562900,400260,-162640,71.11,1140.34,6.7,75.78,1131.51,-4.67,-0.46,8.83,mixed_edge
1-5,meeting_phase_bucket x target_lane,day1-2 | 5,5629,351,6.24,562900,400260,-162640,71.11,1140.34,6.7,75.78,1131.51,-4.67,-0.46,8.83,mixed_edge
1-4,lane1_target_boat_place_diff_bucket,lane1_plus_10+,1905,180,9.45,190500,135460,-55040,71.11,752.56,10.14,74.17,731.46,-3.06,-0.69,21.1,mixed_edge
1-6,target_exhibition_rank_bucket,3,2302,101,4.39,230200,163680,-66520,71.1,1620.59,4.05,73.3,1810.13,-2.2,0.34,-189.54,mixed_edge
1-5,lane1_target_exhibition_time_diff_bucket x lane1_target_start_exhibition_st_diff_bucket,near_equal | lane1_faster_0.03_0.06,1029,84,8.16,102900,73140,-29760,71.08,870.71,6.7,75.78,1131.51,-4.7,1.46,-260.8,mixed_edge
1-5,stadium_code,20,593,33,5.56,59300,42130,-17170,71.05,1276.67,6.7,75.78,1131.51,-4.73,-1.14,145.16,mixed_edge
1-5,stadium_code x target_lane,20 | 5,593,33,5.56,59300,42130,-17170,71.05,1276.67,6.7,75.78,1131.51,-4.73,-1.14,145.16,mixed_edge
1-5,lane1_target_national_win_diff_bucket,lane1_plus_0.35_1.00,2663,181,6.8,266300,189150,-77150,71.03,1045.03,6.7,75.78,1131.51,-4.75,0.1,-86.48,mixed_edge
1-2,stadium_code,20,593,111,18.72,59300,42100,-17200,70.99,379.28,18.61,79.76,428.68,-8.77,0.11,-49.4,mixed_edge
1-2,stadium_code x target_lane,20 | 2,593,111,18.72,59300,42100,-17200,70.99,379.28,18.61,79.76,428.68,-8.77,0.11,-49.4,mixed_edge
1-5,lane1_target_group_pair x target_outer_pressure_bucket,B-B | some_other_pressure,194,15,7.73,19400,13770,-5630,70.98,918.0,6.7,75.78,1131.51,-4.8,1.03,-213.51,mixed_edge
1-2,lane1_target_start_gap_pair x target_outer_pressure_bucket,0.04-0.06-0.04-0.06 | high_other_pressure,537,87,16.2,53700,38110,-15590,70.97,438.05,18.61,79.76,428.68,-8.79,-2.41,9.37,mixed_edge
1-6,lane1_exhibition_st_rank_bucket,4+,5490,195,3.55,549000,389490,-159510,70.95,1997.38,4.05,73.3,1810.13,-2.35,-0.5,187.25,mixed_edge
1-5,lane1_target_motor_place_diff_bucket,target_plus_4_10,2642,175,6.62,264200,187430,-76770,70.94,1071.03,6.7,75.78,1131.51,-4.84,-0.08,-60.48,mixed_edge
1-6,stadium_code,02,671,23,3.43,67100,47600,-19500,70.94,2069.57,4.05,73.3,1810.13,-2.36,-0.62,259.44,mixed_edge
1-6,stadium_code x target_lane,02 | 6,671,23,3.43,67100,47600,-19500,70.94,2069.57,4.05,73.3,1810.13,-2.36,-0.62,259.44,mixed_edge
1-4,other_national_better_than_target_count_bucket,4,3058,154,5.04,305800,216910,-88890,70.93,1408.51,10.14,74.17,731.46,-3.24,-5.1,677.05,mixed_edge
1-4,target_national_win_rank_bucket x other_national_better_than_target_count_bucket,4+ | 4,3058,154,5.04,305800,216910,-88890,70.93,1408.51,10.14,74.17,731.46,-3.24,-5.1,677.05,mixed_edge
1-6,target_boat_rank_bucket,1,2515,93,3.7,251500,178400,-73100,70.93,1918.28,4.05,73.3,1810.13,-2.37,-0.35,108.15,mixed_edge
1-4,lane1_target_group_pair x other_a_count_bucket,B-A | 1,945,101,10.69,94500,67010,-27490,70.91,663.47,10.14,74.17,731.46,-3.26,0.55,-67.99,mixed_edge
1-4,lane1_class,A2,4342,478,11.01,434200,307760,-126440,70.88,643.85,10.14,74.17,731.46,-3.29,0.87,-87.61,mixed_edge
1-5,lane1_target_start_gap_pair x target_outer_pressure_bucket,best->0.06 | high_other_pressure,2263,132,5.83,226300,160370,-65930,70.87,1214.92,6.7,75.78,1131.51,-4.91,-0.87,83.41,mixed_edge
1-6,lane1_exhibition_rank_bucket,4+,4688,167,3.56,468800,332100,-136700,70.84,1988.62,4.05,73.3,1810.13,-2.46,-0.49,178.49,mixed_edge
1-4,target_national_win_rank_bucket,2,2499,328,13.13,249900,176950,-72950,70.81,539.48,10.14,74.17,731.46,-3.36,2.99,-191.98,mixed_edge
1-5,other_national_better_than_target_count_bucket,3,3159,136,4.31,315900,223620,-92280,70.79,1644.26,6.7,75.78,1131.51,-4.99,-2.39,512.75,mixed_edge
1-5,target_national_win_rank_bucket x other_national_better_than_target_count_bucket,4+ | 3,3159,136,4.31,315900,223620,-92280,70.79,1644.26,6.7,75.78,1131.51,-4.99,-2.39,512.75,mixed_edge
1-5,lane1_target_exhibition_time_diff_bucket x lane1_target_start_exhibition_st_diff_bucket,lane1_faster_0.10+ | near_equal,600,41,6.83,60000,42450,-17550,70.75,1035.37,6.7,75.78,1131.51,-5.03,0.13,-96.14,mixed_edge
1-2,lane1_target_group_pair x other_a_count_bucket,B-B | 0,672,116,17.26,67200,47540,-19660,70.74,409.83,18.61,79.76,428.68,-9.02,-1.35,-18.85,mixed_edge
1-2,stadium_code,08,570,94,16.49,57000,40320,-16680,70.74,428.94,18.61,79.76,428.68,-9.02,-2.12,0.26,mixed_edge
1-2,stadium_code x target_lane,08 | 2,570,94,16.49,57000,40320,-16680,70.74,428.94,18.61,79.76,428.68,-9.02,-2.12,0.26,mixed_edge
1-3,wind_bucket,7+,793,103,12.99,79300,56090,-23210,70.73,544.56,15.86,79.54,501.69,-8.81,-2.87,42.87,mixed_edge
1-4,lane1_target_national_rank_pair x target_outer_pressure_bucket,2-1 | high_other_pressure,359,72,20.06,35900,25380,-10520,70.7,352.5,10.14,74.17,731.46,-3.47,9.92,-378.96,mixed_edge
1-6,lane1_boat_rank_bucket,2,2627,100,3.81,262700,185610,-77090,70.65,1856.1,4.05,73.3,1810.13,-2.65,-0.24,45.97,mixed_edge
1-4,stadium_code,01,666,46,6.91,66600,47030,-19570,70.62,1022.39,10.14,74.17,731.46,-3.55,-3.23,290.93,mixed_edge
1-4,stadium_code x target_lane,01 | 4,666,46,6.91,66600,47030,-19570,70.62,1022.39,10.14,74.17,731.46,-3.55,-3.23,290.93,mixed_edge
1-4,lane1_target_group_pair x other_a_count_bucket,A-B | 1,1246,115,9.23,124600,87960,-36640,70.59,764.87,10.14,74.17,731.46,-3.58,-0.91,33.41,mixed_edge
1-6,other_national_better_than_target_count_bucket,3,2751,56,2.04,275100,194140,-80960,70.57,3466.79,4.05,73.3,1810.13,-2.73,-2.01,1656.66,mixed_edge
1-6,target_national_win_rank_bucket x other_national_better_than_target_count_bucket,4+ | 3,2751,56,2.04,275100,194140,-80960,70.57,3466.79,4.05,73.3,1810.13,-2.73,-2.01,1656.66,mixed_edge
1-6,target_boat_rank_bucket,4+,7971,326,4.09,797100,562360,-234740,70.55,1725.03,4.05,73.3,1810.13,-2.75,0.04,-85.1,mixed_edge
1-5,lane1_boat_rank_bucket,3,2587,172,6.65,258700,182520,-76180,70.55,1061.16,6.7,75.78,1131.51,-5.23,-0.05,-70.35,mixed_edge
1-3,lane1_exhibition_st_rank_bucket,3,2253,315,13.98,225300,158940,-66360,70.55,504.57,15.86,79.54,501.69,-8.99,-1.88,2.88,mixed_edge
1-3,target_national_win_rank_bucket x other_national_better_than_target_count_bucket,2 | 0,871,227,26.06,87100,61430,-25670,70.53,270.62,15.86,79.54,501.69,-9.01,10.2,-231.07,mixed_edge
1-4,lane1_target_national_win_diff_bucket,near_equal,3017,359,11.9,301700,212770,-88930,70.52,592.67,10.14,74.17,731.46,-3.65,1.76,-138.79,mixed_edge
1-5,stadium_code,19,708,44,6.21,70800,49900,-20900,70.48,1134.09,6.7,75.78,1131.51,-5.3,-0.49,2.58,mixed_edge
1-5,stadium_code x target_lane,19 | 5,708,44,6.21,70800,49900,-20900,70.48,1134.09,6.7,75.78,1131.51,-5.3,-0.49,2.58,mixed_edge
1-6,lane1_class,B1,6006,200,3.33,600600,423170,-177430,70.46,2115.85,4.05,73.3,1810.13,-2.84,-0.72,305.72,mixed_edge
1-6,lane1_target_motor_place_diff_bucket,target_plus_4_10,2569,112,4.36,256900,180970,-75930,70.44,1615.8,4.05,73.3,1810.13,-2.86,0.31,-194.33,mixed_edge
1-2,lane1_target_start_gap_pair,0.04-0.06->0.06,904,124,13.72,90400,63680,-26720,70.44,513.55,18.61,79.76,428.68,-9.32,-4.89,84.87,mixed_edge
1-2,target_lane x lane1_target_start_gap_pair,2 | 0.04-0.06->0.06,904,124,13.72,90400,63680,-26720,70.44,513.55,18.61,79.76,428.68,-9.32,-4.89,84.87,mixed_edge
1-2,lane1_start_exhibition_gap_bucket x target_start_exhibition_gap_bucket,0.04-0.06 | >0.06,904,124,13.72,90400,63680,-26720,70.44,513.55,18.61,79.76,428.68,-9.32,-4.89,84.87,mixed_edge
1-2,lane1_target_exhibition_time_diff_bucket x lane1_target_start_exhibition_st_diff_bucket,target_faster_0.10+ | target_faster_0.03_0.06,138,20,14.49,13800,9720,-4080,70.43,486.0,18.61,79.76,428.68,-9.33,-4.12,57.32,mixed_edge
1-4,other_national_better_than_target_count_bucket,1,3087,353,11.44,308700,217400,-91300,70.42,615.86,10.14,74.17,731.46,-3.75,1.3,-115.6,mixed_edge
1-5,target_exhibition_st_rank_bucket,4+,8593,511,5.95,859300,604950,-254350,70.4,1183.86,6.7,75.78,1131.51,-5.38,-0.75,52.35,mixed_edge
1-5,target_lane x target_exhibition_st_rank_bucket,5 | 4+,8593,511,5.95,859300,604950,-254350,70.4,1183.86,6.7,75.78,1131.51,-5.38,-0.75,52.35,mixed_edge
1-6,lane1_class_group,B,6424,215,3.35,642400,452120,-190280,70.38,2102.88,4.05,73.3,1810.13,-2.92,-0.7,292.75,mixed_edge
1-2,lane1_target_national_rank_pair,4+-4+,1970,187,9.49,197000,138650,-58350,70.38,741.44,18.61,79.76,428.68,-9.38,-9.12,312.76,mixed_edge
1-2,target_lane x lane1_target_national_rank_pair,2 | 4+-4+,1970,187,9.49,197000,138650,-58350,70.38,741.44,18.61,79.76,428.68,-9.38,-9.12,312.76,mixed_edge
1-2,lane1_target_national_rank_pair x target_outer_pressure_bucket,4+-4+ | high_other_pressure,1970,187,9.49,197000,138650,-58350,70.38,741.44,18.61,79.76,428.68,-9.38,-9.12,312.76,mixed_edge
1-5,lane1_target_national_win_diff_bucket,lane1_plus_1.00+,5694,282,4.95,569400,400540,-168860,70.34,1420.35,6.7,75.78,1131.51,-5.44,-1.75,288.84,mixed_edge
1-4,lane1_target_start_gap_pair x target_outer_pressure_bucket,<=0.03-best | low_other_pressure,60,10,16.67,6000,4220,-1780,70.33,422.0,10.14,74.17,731.46,-3.84,6.53,-309.46,mixed_edge
1-4,lane1_target_exhibition_time_diff_bucket,target_faster_0.05_0.10,1678,186,11.08,167800,117990,-49810,70.32,634.35,10.14,74.17,731.46,-3.85,0.94,-97.11,mixed_edge
1-2,lane1_target_start_exhibition_st_diff_bucket,lane1_faster_0.06+,2787,454,16.29,278700,195880,-82820,70.28,431.45,18.61,79.76,428.68,-9.48,-2.32,2.77,mixed_edge
1-5,lane1_target_class_pair,A2-A2,860,77,8.95,86000,60430,-25570,70.27,784.81,6.7,75.78,1131.51,-5.51,2.25,-346.7,mixed_edge
1-6,lane1_target_national_win_diff_bucket,near_equal,2637,108,4.1,263700,185270,-78430,70.26,1715.46,4.05,73.3,1810.13,-3.04,0.05,-94.67,mixed_edge
1-3,stadium_code,18,768,130,16.93,76800,53940,-22860,70.23,414.92,15.86,79.54,501.69,-9.31,1.07,-86.77,mixed_edge
1-3,stadium_code x target_lane,18 | 3,768,130,16.93,76800,53940,-22860,70.23,414.92,15.86,79.54,501.69,-9.31,1.07,-86.77,mixed_edge
1-5,target_exhibition_st_rank_bucket,3,2299,169,7.35,229900,161310,-68590,70.17,954.5,6.7,75.78,1131.51,-5.61,0.65,-177.01,mixed_edge
1-5,target_lane x target_exhibition_st_rank_bucket,5 | 3,2299,169,7.35,229900,161310,-68590,70.17,954.5,6.7,75.78,1131.51,-5.61,0.65,-177.01,mixed_edge
1-4,stadium_code,08,570,55,9.65,57000,39980,-17020,70.14,726.91,10.14,74.17,731.46,-4.03,-0.49,-4.55,mixed_edge
1-4,stadium_code x target_lane,08 | 4,570,55,9.65,57000,39980,-17020,70.14,726.91,10.14,74.17,731.46,-4.03,-0.49,-4.55,mixed_edge
1-4,lane1_motor_rank_bucket,4+,7439,710,9.54,743900,521550,-222350,70.11,734.58,10.14,74.17,731.46,-4.06,-0.6,3.12,mixed_edge
1-2,lane1_target_national_rank_pair x target_outer_pressure_bucket,2-1 | high_other_pressure,259,72,27.8,25900,18150,-7750,70.08,252.08,18.61,79.76,428.68,-9.68,9.19,-176.6,mixed_edge
1-3,lane1_target_exhibition_st_rank_pair,2-4+,1170,162,13.85,117000,81970,-35030,70.06,505.99,15.86,79.54,501.69,-9.48,-2.01,4.3,mixed_edge
1-3,lane1_exhibition_st_rank_bucket x target_exhibition_st_rank_bucket,2 | 4+,1170,162,13.85,117000,81970,-35030,70.06,505.99,15.86,79.54,501.69,-9.48,-2.01,4.3,mixed_edge
1-6,meeting_phase_bucket,day5+,4060,184,4.53,406000,284360,-121640,70.04,1545.43,4.05,73.3,1810.13,-3.26,0.48,-264.7,mixed_edge
1-6,meeting_phase_bucket x target_lane,day5+ | 6,4060,184,4.53,406000,284360,-121640,70.04,1545.43,4.05,73.3,1810.13,-3.26,0.48,-264.7,mixed_edge
1-4,lane1_target_national_win_diff_bucket,lane1_plus_0.35_1.00,2707,270,9.97,270700,189590,-81110,70.04,702.19,10.14,74.17,731.46,-4.13,-0.17,-29.27,mixed_edge
1-3,lane1_target_national_rank_pair x target_outer_pressure_bucket,3-1 | high_other_pressure,277,57,20.58,27700,19400,-8300,70.04,340.35,15.86,79.54,501.69,-9.5,4.72,-161.34,mixed_edge
1-6,target_exhibition_rank_bucket,4+,8947,297,3.32,894700,626470,-268230,70.02,2109.33,4.05,73.3,1810.13,-3.28,-0.73,299.2,mixed_edge
1-4,target_class,B2,1010,43,4.26,101000,70690,-30310,69.99,1643.95,10.14,74.17,731.46,-4.18,-5.88,912.49,mixed_edge
1-5,lane1_exhibition_rank_bucket,4+,4688,276,5.89,468800,328060,-140740,69.98,1188.62,6.7,75.78,1131.51,-5.8,-0.81,57.11,mixed_edge
1-6,race_no_bucket,7-9R,3851,168,4.36,385100,269480,-115620,69.98,1604.05,4.05,73.3,1810.13,-3.32,0.31,-206.08,mixed_edge
1-6,race_no_bucket x target_lane,7-9R | 6,3851,168,4.36,385100,269480,-115620,69.98,1604.05,4.05,73.3,1810.13,-3.32,0.31,-206.08,mixed_edge
1-5,other_b2_count_bucket,1,3438,238,6.92,343800,240480,-103320,69.95,1010.42,6.7,75.78,1131.51,-5.83,0.22,-121.09,mixed_edge
1-3,target_outer_pressure_bucket,low_other_pressure,900,205,22.78,90000,62940,-27060,69.93,307.02,15.86,79.54,501.69,-9.61,6.92,-194.67,mixed_edge
1-3,target_lane x target_outer_pressure_bucket,3 | low_other_pressure,900,205,22.78,90000,62940,-27060,69.93,307.02,15.86,79.54,501.69,-9.61,6.92,-194.67,mixed_edge
1-4,target_national_win_rank_bucket x other_national_better_than_target_count_bucket,3 | 1,1407,189,13.43,140700,98370,-42330,69.91,520.48,10.14,74.17,731.46,-4.26,3.29,-210.98,mixed_edge
1-6,lane1_exhibition_st_rank_bucket,2,2630,113,4.3,263000,183830,-79170,69.9,1626.81,4.05,73.3,1810.13,-3.4,0.25,-183.32,mixed_edge
1-5,target_boat_rank_bucket,3,2552,169,6.62,255200,178320,-76880,69.87,1055.15,6.7,75.78,1131.51,-5.91,-0.08,-76.36,mixed_edge
1-3,lane1_target_exhibition_time_diff_bucket x lane1_target_start_exhibition_st_diff_bucket,lane1_faster_0.05_0.10 | target_faster_0.03_0.06,429,63,14.69,42900,29970,-12930,69.86,475.71,15.86,79.54,501.69,-9.68,-1.17,-25.98,mixed_edge
1-5,lane1_target_start_exhibition_st_diff_bucket,lane1_faster_0.06+,4553,272,5.97,455300,317780,-137520,69.8,1168.31,6.7,75.78,1131.51,-5.98,-0.73,36.8,mixed_edge
1-3,lane1_target_group_pair x other_a_count_bucket,A-A | 3,531,106,19.96,53100,37050,-16050,69.77,349.53,15.86,79.54,501.69,-9.77,4.1,-152.16,mixed_edge
1-4,target_outer_pressure_bucket,some_other_pressure,2004,280,13.97,200400,139770,-60630,69.75,499.18,10.14,74.17,731.46,-4.42,3.83,-232.28,mixed_edge
1-4,target_lane x target_outer_pressure_bucket,4 | some_other_pressure,2004,280,13.97,200400,139770,-60630,69.75,499.18,10.14,74.17,731.46,-4.42,3.83,-232.28,mixed_edge
1-4,target_national_win_rank_bucket x other_national_better_than_target_count_bucket,2 | 1,1665,161,9.67,166500,116080,-50420,69.72,720.99,10.14,74.17,731.46,-4.45,-0.47,-10.47,mixed_edge
1-5,target_local_win_rank_bucket,4+,8547,404,4.73,854700,595680,-259020,69.69,1474.46,6.7,75.78,1131.51,-6.09,-1.97,342.95,mixed_edge
1-4,meeting_phase_bucket,day3-4,5543,518,9.35,554300,386310,-167990,69.69,745.77,10.14,74.17,731.46,-4.48,-0.79,14.31,mixed_edge
1-4,meeting_phase_bucket x target_lane,day3-4 | 4,5543,518,9.35,554300,386310,-167990,69.69,745.77,10.14,74.17,731.46,-4.48,-0.79,14.31,mixed_edge
1-6,meeting_phase_bucket,day3-4,5543,198,3.57,554300,386300,-168000,69.69,1951.01,4.05,73.3,1810.13,-3.61,-0.48,140.88,mixed_edge
1-6,meeting_phase_bucket x target_lane,day3-4 | 6,5543,198,3.57,554300,386300,-168000,69.69,1951.01,4.05,73.3,1810.13,-3.61,-0.48,140.88,mixed_edge
1-3,other_group_pattern,B-B-B-A,1156,199,17.21,115600,80560,-35040,69.69,404.82,15.86,79.54,501.69,-9.85,1.35,-96.87,mixed_edge
1-4,stadium_code,19,708,78,11.02,70800,49320,-21480,69.66,632.31,10.14,74.17,731.46,-4.51,0.88,-99.15,mixed_edge
1-4,stadium_code x target_lane,19 | 4,708,78,11.02,70800,49320,-21480,69.66,632.31,10.14,74.17,731.46,-4.51,0.88,-99.15,mixed_edge
1-6,target_outer_pressure_bucket,high_other_pressure,12827,393,3.06,1282700,893420,-389280,69.65,2273.33,4.05,73.3,1810.13,-3.65,-0.99,463.2,mixed_edge
1-6,target_lane x target_outer_pressure_bucket,6 | high_other_pressure,12827,393,3.06,1282700,893420,-389280,69.65,2273.33,4.05,73.3,1810.13,-3.65,-0.99,463.2,mixed_edge
1-2,lane1_target_start_gap_pair x target_outer_pressure_bucket,>0.06-best | high_other_pressure,315,39,12.38,31500,21940,-9560,69.65,562.56,18.61,79.76,428.68,-10.11,-6.23,133.88,mixed_edge
1-2,stadium_code,19,708,137,19.35,70800,49300,-21500,69.63,359.85,18.61,79.76,428.68,-10.13,0.74,-68.83,mixed_edge
1-2,stadium_code x target_lane,19 | 2,708,137,19.35,70800,49300,-21500,69.63,359.85,18.61,79.76,428.68,-10.13,0.74,-68.83,mixed_edge
1-6,stadium_code,13,764,34,4.45,76400,53180,-23220,69.61,1564.12,4.05,73.3,1810.13,-3.69,0.4,-246.01,mixed_edge
1-6,stadium_code x target_lane,13 | 6,764,34,4.45,76400,53180,-23220,69.61,1564.12,4.05,73.3,1810.13,-3.69,0.4,-246.01,mixed_edge
1-6,lane1_target_local_win_diff_bucket,target_plus_0.35_1.00,1547,84,5.43,154700,107670,-47030,69.6,1281.79,4.05,73.3,1810.13,-3.7,1.38,-528.34,mixed_edge
1-6,lane1_target_group_pair,A-B,4592,134,2.92,459200,319490,-139710,69.58,2384.25,4.05,73.3,1810.13,-3.72,-1.13,574.12,mixed_edge
1-6,lane1_target_national_rank_pair,3-4+,1618,29,1.79,161800,112550,-49250,69.56,3881.03,4.05,73.3,1810.13,-3.74,-2.26,2070.9,mixed_edge
1-6,target_lane x lane1_target_national_rank_pair,6 | 3-4+,1618,29,1.79,161800,112550,-49250,69.56,3881.03,4.05,73.3,1810.13,-3.74,-2.26,2070.9,mixed_edge
1-6,lane1_target_national_rank_pair x target_outer_pressure_bucket,3-4+ | high_other_pressure,1618,29,1.79,161800,112550,-49250,69.56,3881.03,4.05,73.3,1810.13,-3.74,-2.26,2070.9,mixed_edge
1-3,grade_group,G1,551,84,15.25,55100,38270,-16830,69.46,455.6,15.86,79.54,501.69,-10.08,-0.61,-46.09,mixed_edge
1-4,lane1_target_start_gap_pair,best-best,248,33,13.31,24800,17220,-7580,69.44,521.82,10.14,74.17,731.46,-4.73,3.17,-209.64,mixed_edge
1-4,target_lane x lane1_target_start_gap_pair,4 | best-best,248,33,13.31,24800,17220,-7580,69.44,521.82,10.14,74.17,731.46,-4.73,3.17,-209.64,mixed_edge
1-4,lane1_start_exhibition_gap_bucket x target_start_exhibition_gap_bucket,best | best,248,33,13.31,24800,17220,-7580,69.44,521.82,10.14,74.17,731.46,-4.73,3.17,-209.64,mixed_edge
1-3,lane1_target_national_rank_pair,1-2,865,225,26.01,86500,60030,-26470,69.4,266.8,15.86,79.54,501.69,-10.14,10.15,-234.89,mixed_edge
1-3,target_lane x lane1_target_national_rank_pair,3 | 1-2,865,225,26.01,86500,60030,-26470,69.4,266.8,15.86,79.54,501.69,-10.14,10.15,-234.89,mixed_edge
1-6,target_start_exhibition_gap_bucket,0.04-0.06,3056,124,4.06,305600,212040,-93560,69.38,1710.0,4.05,73.3,1810.13,-3.92,0.01,-100.13,mixed_edge
1-6,target_lane x target_start_exhibition_gap_bucket,6 | 0.04-0.06,3056,124,4.06,305600,212040,-93560,69.38,1710.0,4.05,73.3,1810.13,-3.92,0.01,-100.13,mixed_edge
1-4,lane1_class,B2,418,32,7.66,41800,29000,-12800,69.38,906.25,10.14,74.17,731.46,-4.79,-2.48,174.79,mixed_edge
1-6,lane1_target_start_gap_pair x target_outer_pressure_bucket,best->0.06 | high_other_pressure,2536,68,2.68,253600,175910,-77690,69.37,2586.91,4.05,73.3,1810.13,-3.93,-1.37,776.78,mixed_edge
1-5,lane1_target_boat_place_diff_bucket,near_equal,6056,403,6.65,605600,419930,-185670,69.34,1042.01,6.7,75.78,1131.51,-6.44,-0.05,-89.5,mixed_edge
1-4,lane1_target_exhibition_time_diff_bucket,target_faster_0.10+,856,72,8.41,85600,59330,-26270,69.31,824.03,10.14,74.17,731.46,-4.86,-1.73,92.57,mixed_edge
1-6,race_no_bucket,10-12R,3844,128,3.33,384400,266370,-118030,69.3,2081.02,4.05,73.3,1810.13,-4.0,-0.72,270.89,mixed_edge
1-6,race_no_bucket x target_lane,10-12R | 6,3844,128,3.33,384400,266370,-118030,69.3,2081.02,4.05,73.3,1810.13,-4.0,-0.72,270.89,mixed_edge
1-5,lane1_target_class_pair,A1-B1,1803,113,6.27,180300,124950,-55350,69.3,1105.75,6.7,75.78,1131.51,-6.48,-0.43,-25.76,mixed_edge
1-3,lane1_target_national_rank_pair x target_outer_pressure_bucket,1-2 | high_other_pressure,458,111,24.24,45800,31730,-14070,69.28,285.86,15.86,79.54,501.69,-10.26,8.38,-215.83,mixed_edge
1-6,lane1_class,B2,418,15,3.59,41800,28950,-12850,69.26,1930.0,4.05,73.3,1810.13,-4.04,-0.46,119.87,mixed_edge
1-6,lane1_target_class_pair,A2-B1,1991,62,3.11,199100,137820,-61280,69.22,2222.9,4.05,73.3,1810.13,-4.08,-0.94,412.77,mixed_edge
1-6,lane1_target_start_gap_pair x target_outer_pressure_bucket,<=0.03->0.06 | low_other_pressure,64,5,7.81,6400,4430,-1970,69.22,886.0,4.05,73.3,1810.13,-4.08,3.76,-924.13,mixed_edge
1-3,lane1_target_exhibition_st_rank_pair,4+-2,1120,159,14.2,112000,77520,-34480,69.21,487.55,15.86,79.54,501.69,-10.33,-1.66,-14.14,mixed_edge
1-3,lane1_exhibition_st_rank_bucket x target_exhibition_st_rank_bucket,4+ | 2,1120,159,14.2,112000,77520,-34480,69.21,487.55,15.86,79.54,501.69,-10.33,-1.66,-14.14,mixed_edge
1-4,lane1_target_national_rank_pair x target_outer_pressure_bucket,3-2 | high_other_pressure,306,33,10.78,30600,21160,-9440,69.15,641.21,10.14,74.17,731.46,-5.02,0.64,-90.25,mixed_edge
1-4,target_boat_rank_bucket,2,2491,236,9.47,249100,172150,-76950,69.11,729.45,10.14,74.17,731.46,-5.06,-0.67,-2.01,mixed_edge
1-4,target_exhibition_rank_bucket x other_exhibition_faster_than_target_count_bucket,2 | 1,1279,119,9.3,127900,88320,-39580,69.05,742.18,10.14,74.17,731.46,-5.12,-0.84,10.72,mixed_edge
1-4,lane1_exhibition_rank_bucket,4+,4688,404,8.62,468800,323470,-145330,69.0,800.67,10.14,74.17,731.46,-5.17,-1.52,69.21,mixed_edge
1-4,stadium_code,24,598,58,9.7,59800,41260,-18540,69.0,711.38,10.14,74.17,731.46,-5.17,-0.44,-20.08,mixed_edge
1-4,stadium_code x target_lane,24 | 4,598,58,9.7,59800,41260,-18540,69.0,711.38,10.14,74.17,731.46,-5.17,-0.44,-20.08,mixed_edge
1-2,wave_bucket,10+,231,34,14.72,23100,15940,-7160,69.0,468.82,18.61,79.76,428.68,-10.76,-3.89,40.14,mixed_edge
1-4,lane1_target_group_pair x other_a_count_bucket,A-A | 0,537,123,22.91,53700,37050,-16650,68.99,301.22,10.14,74.17,731.46,-5.18,12.77,-430.24,mixed_edge
1-5,lane1_target_national_rank_pair x target_outer_pressure_bucket,2-1 | some_other_pressure,129,18,13.95,12900,8900,-4000,68.99,494.44,6.7,75.78,1131.51,-6.79,7.25,-637.07,mixed_edge
1-6,lane1_target_start_gap_pair x target_outer_pressure_bucket,<=0.03-best | low_other_pressure,47,6,12.77,4700,3240,-1460,68.94,540.0,4.05,73.3,1810.13,-4.36,8.72,-1270.13,mixed_edge
1-3,lane1_target_start_gap_pair x target_outer_pressure_bucket,0.04-0.06-0.04-0.06 | some_other_pressure,75,14,18.67,7500,5170,-2330,68.93,369.29,15.86,79.54,501.69,-10.61,2.81,-132.4,mixed_edge
1-5,lane1_local_win_rank_bucket,2,3167,224,7.07,316700,218250,-98450,68.91,974.33,6.7,75.78,1131.51,-6.87,0.37,-157.18,mixed_edge
1-5,lane1_boat_rank_bucket,4+,7509,471,6.27,750900,516650,-234250,68.8,1096.92,6.7,75.78,1131.51,-6.98,-0.43,-34.59,mixed_edge
1-4,lane1_target_start_gap_pair x target_outer_pressure_bucket,<=0.03-0.04-0.06 | some_other_pressure,100,9,9.0,10000,6880,-3120,68.8,764.44,10.14,74.17,731.46,-5.37,-1.14,32.98,mixed_edge
1-5,race_no_bucket,4-6R,3891,255,6.55,389100,267600,-121500,68.77,1049.41,6.7,75.78,1131.51,-7.01,-0.15,-82.1,mixed_edge
1-5,race_no_bucket x target_lane,4-6R | 5,3891,255,6.55,389100,267600,-121500,68.77,1049.41,6.7,75.78,1131.51,-7.01,-0.15,-82.1,mixed_edge
1-4,lane1_target_group_pair,B-A,2324,218,9.38,232400,159680,-72720,68.71,732.48,10.14,74.17,731.46,-5.46,-0.76,1.02,mixed_edge
1-2,lane1_target_national_rank_pair x target_outer_pressure_bucket,1-2 | low_other_pressure,263,86,32.7,26300,18070,-8230,68.71,210.12,18.61,79.76,428.68,-11.05,14.09,-218.56,mixed_edge
1-6,lane1_target_start_gap_pair,<=0.03-<=0.03,670,30,4.48,67000,45990,-21010,68.64,1533.0,4.05,73.3,1810.13,-4.66,0.43,-277.13,mixed_edge
1-6,target_lane x lane1_target_start_gap_pair,6 | <=0.03-<=0.03,670,30,4.48,67000,45990,-21010,68.64,1533.0,4.05,73.3,1810.13,-4.66,0.43,-277.13,mixed_edge
1-6,lane1_start_exhibition_gap_bucket x target_start_exhibition_gap_bucket,<=0.03 | <=0.03,670,30,4.48,67000,45990,-21010,68.64,1533.0,4.05,73.3,1810.13,-4.66,0.43,-277.13,mixed_edge
1-3,lane1_target_start_exhibition_st_diff_bucket,target_faster_0.03_0.06,1960,285,14.54,196000,134460,-61540,68.6,471.79,15.86,79.54,501.69,-10.94,-1.32,-29.9,mixed_edge
1-3,lane1_target_national_rank_pair x target_outer_pressure_bucket,2-3 | high_other_pressure,347,58,16.71,34700,23800,-10900,68.59,410.34,15.86,79.54,501.69,-10.95,0.85,-91.35,mixed_edge
1-5,lane1_target_class_pair,A1-B2,234,10,4.27,23400,16050,-7350,68.59,1605.0,6.7,75.78,1131.51,-7.19,-2.43,473.49,mixed_edge
1-4,wind_bucket,3-4,4976,500,10.05,497600,341160,-156440,68.56,682.32,10.14,74.17,731.46,-5.61,-0.09,-49.14,mixed_edge
1-5,lane1_target_exhibition_st_rank_pair,3-4+,1305,67,5.13,130500,89400,-41100,68.51,1334.33,6.7,75.78,1131.51,-7.27,-1.57,202.82,mixed_edge
1-5,lane1_exhibition_st_rank_bucket x target_exhibition_st_rank_bucket,3 | 4+,1305,67,5.13,130500,89400,-41100,68.51,1334.33,6.7,75.78,1131.51,-7.27,-1.57,202.82,mixed_edge
1-5,lane1_target_national_rank_pair x target_outer_pressure_bucket,4+-1 | some_other_pressure,228,22,9.65,22800,15620,-7180,68.51,710.0,6.7,75.78,1131.51,-7.27,2.95,-421.51,mixed_edge
1-6,lane1_target_class_pair,A2-A1,734,77,10.49,73400,50270,-23130,68.49,652.86,4.05,73.3,1810.13,-4.81,6.44,-1157.27,mixed_edge
1-2,other_group_pattern,B-A-B-A,996,158,15.86,99600,68210,-31390,68.48,431.71,18.61,79.76,428.68,-11.28,-2.75,3.03,mixed_edge
1-4,lane1_target_class_pair,A2-A2,868,116,13.36,86800,59440,-27360,68.48,512.41,10.14,74.17,731.46,-5.69,3.22,-219.05,mixed_edge
1-2,lane1_target_start_gap_pair x target_outer_pressure_bucket,>0.06-<=0.03 | some_other_pressure,97,19,19.59,9700,6640,-3060,68.45,349.47,18.61,79.76,428.68,-11.31,0.98,-79.21,mixed_edge
1-3,lane1_target_start_gap_pair,0.04-0.06-best,740,121,16.35,74000,50570,-23430,68.34,417.93,15.86,79.54,501.69,-11.2,0.49,-83.76,mixed_edge
1-3,target_lane x lane1_target_start_gap_pair,3 | 0.04-0.06-best,740,121,16.35,74000,50570,-23430,68.34,417.93,15.86,79.54,501.69,-11.2,0.49,-83.76,mixed_edge
1-3,lane1_start_exhibition_gap_bucket x target_start_exhibition_gap_bucket,0.04-0.06 | best,740,121,16.35,74000,50570,-23430,68.34,417.93,15.86,79.54,501.69,-11.2,0.49,-83.76,mixed_edge
1-3,target_exhibition_st_rank_bucket,4+,6408,835,13.03,640800,437570,-203230,68.28,524.04,15.86,79.54,501.69,-11.26,-2.83,22.35,mixed_edge
1-3,target_lane x target_exhibition_st_rank_bucket,3 | 4+,6408,835,13.03,640800,437570,-203230,68.28,524.04,15.86,79.54,501.69,-11.26,-2.83,22.35,mixed_edge
1-5,lane1_target_exhibition_time_diff_bucket x lane1_target_start_exhibition_st_diff_bucket,lane1_faster_0.05_0.10 | lane1_faster_0.06+,1098,61,5.56,109800,74880,-34920,68.2,1227.54,6.7,75.78,1131.51,-7.58,-1.14,96.03,mixed_edge
1-5,lane1_target_motor_place_diff_bucket,near_equal,5132,325,6.33,513200,349920,-163280,68.18,1076.68,6.7,75.78,1131.51,-7.6,-0.37,-54.83,mixed_edge
1-6,lane1_motor_rank_bucket,1,2961,126,4.26,296100,201880,-94220,68.18,1602.22,4.05,73.3,1810.13,-5.12,0.21,-207.91,mixed_edge
1-6,stadium_code,21,608,21,3.45,60800,41440,-19360,68.16,1973.33,4.05,73.3,1810.13,-5.14,-0.6,163.2,mixed_edge
1-6,stadium_code x target_lane,21 | 6,608,21,3.45,60800,41440,-19360,68.16,1973.33,4.05,73.3,1810.13,-5.14,-0.6,163.2,mixed_edge
1-3,lane1_target_start_gap_pair x target_outer_pressure_bucket,0.04-0.06-<=0.03 | some_other_pressure,122,26,21.31,12200,8310,-3890,68.11,319.62,15.86,79.54,501.69,-11.43,5.45,-182.07,mixed_edge
1-4,lane1_national_win_rank_bucket,3,2691,245,9.1,269100,183260,-85840,68.1,748.0,10.14,74.17,731.46,-6.07,-1.04,16.54,mixed_edge
1-5,lane1_target_group_pair x other_a_count_bucket,A-A | 1,885,112,12.66,88500,60250,-28250,68.08,537.95,6.7,75.78,1131.51,-7.7,5.96,-593.56,mixed_edge
1-3,lane1_target_start_gap_pair x target_outer_pressure_bucket,0.04-0.06-best | some_other_pressure,150,31,20.67,15000,10210,-4790,68.07,329.35,15.86,79.54,501.69,-11.47,4.81,-172.34,mixed_edge
1-5,lane1_target_exhibition_time_diff_bucket x lane1_target_start_exhibition_st_diff_bucket,near_equal | target_faster_0.06+,1232,71,5.76,123200,83830,-39370,68.04,1180.7,6.7,75.78,1131.51,-7.74,-0.94,49.19,mixed_edge
1-4,other_a_count_bucket,3,2163,155,7.17,216300,147040,-69260,67.98,948.65,10.14,74.17,731.46,-6.19,-2.97,217.19,mixed_edge
1-4,target_lane x other_a_count_bucket,4 | 3,2163,155,7.17,216300,147040,-69260,67.98,948.65,10.14,74.17,731.46,-6.19,-2.97,217.19,mixed_edge
1-2,lane1_target_group_pair x target_outer_pressure_bucket,B-B | some_other_pressure,322,60,18.63,32200,21890,-10310,67.98,364.83,18.61,79.76,428.68,-11.78,0.02,-63.85,mixed_edge
1-6,lane1_target_start_gap_pair x target_outer_pressure_bucket,>0.06-best | some_other_pressure,164,13,7.93,16400,11140,-5260,67.93,856.92,4.05,73.3,1810.13,-5.37,3.88,-953.21,mixed_edge
1-4,target_national_win_rank_bucket,3,2591,261,10.07,259100,175880,-83220,67.88,673.87,10.14,74.17,731.46,-6.29,-0.07,-57.59,mixed_edge
1-6,lane1_national_win_rank_bucket,1,3823,156,4.08,382300,259480,-122820,67.87,1663.33,4.05,73.3,1810.13,-5.43,0.03,-146.8,mixed_edge
1-6,lane1_national_win_rank_bucket,4+,5697,176,3.09,569700,386340,-183360,67.81,2195.11,4.05,73.3,1810.13,-5.49,-0.96,384.98,mixed_edge
1-4,other_a_count_bucket,0,2299,313,13.61,229900,155810,-74090,67.77,497.8,10.14,74.17,731.46,-6.4,3.47,-233.66,mixed_edge
1-4,other_group_pattern,B-B-B-B,2299,313,13.61,229900,155810,-74090,67.77,497.8,10.14,74.17,731.46,-6.4,3.47,-233.66,mixed_edge
1-4,target_lane x other_a_count_bucket,4 | 0,2299,313,13.61,229900,155810,-74090,67.77,497.8,10.14,74.17,731.46,-6.4,3.47,-233.66,mixed_edge
1-3,stadium_code,04,589,59,10.02,58900,39910,-18990,67.76,676.44,15.86,79.54,501.69,-11.78,-5.84,174.75,mixed_edge
1-3,stadium_code x target_lane,04 | 3,589,59,10.02,58900,39910,-18990,67.76,676.44,15.86,79.54,501.69,-11.78,-5.84,174.75,mixed_edge
1-6,lane1_class,A2,4342,210,4.84,434200,293780,-140420,67.66,1398.95,4.05,73.3,1810.13,-5.64,0.79,-411.18,mixed_edge
1-6,lane1_target_national_rank_pair x target_outer_pressure_bucket,3-1 | some_other_pressure,123,12,9.76,12300,8320,-3980,67.64,693.33,4.05,73.3,1810.13,-5.66,5.71,-1116.8,mixed_edge
1-4,lane1_target_national_rank_pair,4+-3,1177,73,6.2,117700,79510,-38190,67.55,1089.18,10.14,74.17,731.46,-6.62,-3.94,357.72,mixed_edge
1-4,target_lane x lane1_target_national_rank_pair,4 | 4+-3,1177,73,6.2,117700,79510,-38190,67.55,1089.18,10.14,74.17,731.46,-6.62,-3.94,357.72,mixed_edge
1-4,lane1_boat_rank_bucket,2,2627,258,9.82,262700,177340,-85360,67.51,687.36,10.14,74.17,731.46,-6.66,-0.32,-44.1,mixed_edge
1-6,lane1_target_local_win_diff_bucket,near_equal,2022,85,4.2,202200,136500,-65700,67.51,1605.88,4.05,73.3,1810.13,-5.79,0.15,-204.25,mixed_edge
1-6,lane1_motor_rank_bucket,4+,7439,278,3.74,743900,502080,-241820,67.49,1806.04,4.05,73.3,1810.13,-5.81,-0.31,-4.09,mixed_edge
1-5,race_no_bucket,7-9R,3851,232,6.02,385100,259920,-125180,67.49,1120.34,6.7,75.78,1131.51,-8.29,-0.68,-11.17,mixed_edge
1-5,race_no_bucket x target_lane,7-9R | 5,3851,232,6.02,385100,259920,-125180,67.49,1120.34,6.7,75.78,1131.51,-8.29,-0.68,-11.17,mixed_edge
1-2,lane1_target_exhibition_time_diff_bucket x lane1_target_start_exhibition_st_diff_bucket,target_faster_0.10+ | target_faster_0.06+,120,9,7.5,12000,8090,-3910,67.42,898.89,18.61,79.76,428.68,-12.34,-11.11,470.21,mixed_edge
1-4,lane1_target_national_rank_pair x target_outer_pressure_bucket,4+-3 | high_other_pressure,1174,72,6.13,117400,79120,-38280,67.39,1098.89,10.14,74.17,731.46,-6.78,-4.01,367.43,mixed_edge
1-4,target_motor_rank_bucket,4+,7921,725,9.15,792100,533690,-258410,67.38,736.12,10.14,74.17,731.46,-6.79,-0.99,4.66,mixed_edge
1-3,lane1_start_exhibition_gap_bucket,0.04-0.06,2834,399,14.08,283400,190960,-92440,67.38,478.6,15.86,79.54,501.69,-12.16,-1.78,-23.09,mixed_edge
1-2,lane1_target_class_pair,B1-B2,242,22,9.09,24200,16280,-7920,67.27,740.0,18.61,79.76,428.68,-12.49,-9.52,311.32,mixed_edge
1-6,lane1_target_group_pair x target_outer_pressure_bucket,A-B | high_other_pressure,4293,107,2.49,429300,288680,-140620,67.24,2697.94,4.05,73.3,1810.13,-6.06,-1.56,887.81,mixed_edge
1-4,lane1_target_exhibition_time_diff_bucket x lane1_target_start_exhibition_st_diff_bucket,target_faster_0.05_0.10 | lane1_faster_0.06+,410,50,12.2,41000,27570,-13430,67.24,551.4,10.14,74.17,731.46,-6.93,2.06,-180.06,mixed_edge
1-5,lane1_target_group_pair x other_a_count_bucket,A-B | 2,1614,69,4.28,161400,108370,-53030,67.14,1570.58,6.7,75.78,1131.51,-8.64,-2.42,439.07,mixed_edge
1-5,lane1_local_win_rank_bucket,3,2683,168,6.26,268300,180120,-88180,67.13,1072.14,6.7,75.78,1131.51,-8.65,-0.44,-59.37,mixed_edge
1-5,lane1_target_national_rank_pair x target_outer_pressure_bucket,4+-1 | low_other_pressure,272,22,8.09,27200,18250,-8950,67.1,829.55,6.7,75.78,1131.51,-8.68,1.39,-301.96,mixed_edge
1-6,lane1_target_group_pair x other_a_count_bucket,B-B | 1,910,22,2.42,91000,60940,-30060,66.97,2770.0,4.05,73.3,1810.13,-6.33,-1.63,959.87,mixed_edge
1-3,lane1_target_start_gap_pair x target_outer_pressure_bucket,0.04-0.06-best | high_other_pressure,526,76,14.45,52600,35160,-17440,66.84,462.63,15.86,79.54,501.69,-12.7,-1.41,-39.06,mixed_edge
1-3,lane1_target_exhibition_time_diff_bucket x lane1_target_start_exhibition_st_diff_bucket,lane1_faster_0.05_0.10 | target_faster_0.06+,457,59,12.91,45700,30530,-15170,66.81,517.46,15.86,79.54,501.69,-12.73,-2.95,15.77,mixed_edge
1-4,target_class,A2,3542,408,11.52,354200,236390,-117810,66.74,579.39,10.14,74.17,731.46,-7.43,1.38,-152.07,mixed_edge
1-5,meeting_phase_bucket,day3-4,5543,335,6.04,554300,369850,-184450,66.72,1104.03,6.7,75.78,1131.51,-9.06,-0.66,-27.48,mixed_edge
1-5,meeting_phase_bucket x target_lane,day3-4 | 5,5543,335,6.04,554300,369850,-184450,66.72,1104.03,6.7,75.78,1131.51,-9.06,-0.66,-27.48,mixed_edge
1-6,other_group_pattern,A-B-B-B,1021,55,5.39,102100,68080,-34020,66.68,1237.82,4.05,73.3,1810.13,-6.62,1.34,-572.31,mixed_edge
1-4,target_exhibition_st_rank_bucket,4+,7750,686,8.85,775000,516730,-258270,66.67,753.25,10.14,74.17,731.46,-7.5,-1.29,21.79,mixed_edge
1-4,target_lane x target_exhibition_st_rank_bucket,4 | 4+,7750,686,8.85,775000,516730,-258270,66.67,753.25,10.14,74.17,731.46,-7.5,-1.29,21.79,mixed_edge
1-4,grade_group,G3,48,5,10.42,4800,3200,-1600,66.67,640.0,10.14,74.17,731.46,-7.5,0.28,-91.46,mixed_edge
1-6,lane1_target_start_gap_pair x target_outer_pressure_bucket,<=0.03-<=0.03 | high_other_pressure,536,21,3.92,53600,35710,-17890,66.62,1700.48,4.05,73.3,1810.13,-6.68,-0.13,-109.65,mixed_edge
1-4,target_exhibition_st_rank_bucket x other_st_faster_than_target_count_bucket,3 | 2,1107,88,7.95,110700,73730,-36970,66.6,837.84,10.14,74.17,731.46,-7.57,-2.19,106.38,mixed_edge
1-6,lane1_target_exhibition_time_diff_bucket x lane1_target_start_exhibition_st_diff_bucket,near_equal | lane1_faster_0.03_0.06,934,42,4.5,93400,62200,-31200,66.6,1480.95,4.05,73.3,1810.13,-6.7,0.45,-329.18,mixed_edge
1-3,lane1_target_group_pair x target_outer_pressure_bucket,A-A | low_other_pressure,452,123,27.21,45200,30100,-15100,66.59,244.72,15.86,79.54,501.69,-12.95,11.35,-256.97,mixed_edge
1-4,lane1_target_motor_place_diff_bucket,lane1_plus_4_10,2734,256,9.36,273400,181930,-91470,66.54,710.66,10.14,74.17,731.46,-7.63,-0.78,-20.8,mixed_edge
1-6,other_a_count_bucket,2,5044,145,2.87,504400,335320,-169080,66.48,2312.55,4.05,73.3,1810.13,-6.82,-1.18,502.42,mixed_edge
1-6,target_lane x other_a_count_bucket,6 | 2,5044,145,2.87,504400,335320,-169080,66.48,2312.55,4.05,73.3,1810.13,-6.82,-1.18,502.42,mixed_edge
1-5,lane1_target_group_pair x other_a_count_bucket,A-B | 3,762,31,4.07,76200,50620,-25580,66.43,1632.9,6.7,75.78,1131.51,-9.35,-2.63,501.39,mixed_edge
1-3,lane1_target_group_pair x other_a_count_bucket,B-A | 3,176,18,10.23,17600,11690,-5910,66.42,649.44,15.86,79.54,501.69,-13.12,-5.63,147.75,mixed_edge
1-6,month,2025-12,4763,177,3.72,476300,316180,-160120,66.38,1786.33,4.05,73.3,1810.13,-6.92,-0.33,-23.8,mixed_edge
1-4,target_local_win_rank_bucket,2,2462,296,12.02,246200,163070,-83130,66.23,550.91,10.14,74.17,731.46,-7.94,1.88,-180.55,mixed_edge
1-6,lane1_target_exhibition_time_diff_bucket x lane1_target_start_exhibition_st_diff_bucket,target_faster_0.05_0.10 | near_equal,403,20,4.96,40300,26680,-13620,66.2,1334.0,4.05,73.3,1810.13,-7.1,0.91,-476.13,mixed_edge
1-6,lane1_boat_rank_bucket,3,2587,101,3.9,258700,171030,-87670,66.11,1693.37,4.05,73.3,1810.13,-7.19,-0.15,-116.76,mixed_edge
1-5,lane1_target_group_pair,B-B,4051,130,3.21,405100,267670,-137430,66.08,2059.0,6.7,75.78,1131.51,-9.7,-3.49,927.49,mixed_edge
1-5,lane1_target_group_pair x target_outer_pressure_bucket,B-B | high_other_pressure,3815,112,2.94,381500,252090,-129410,66.08,2250.8,6.7,75.78,1131.51,-9.7,-3.76,1119.29,mixed_edge
1-6,lane1_target_exhibition_time_diff_bucket x lane1_target_start_exhibition_st_diff_bucket,near_equal | lane1_faster_0.06+,2387,82,3.44,238700,157740,-80960,66.08,1923.66,4.05,73.3,1810.13,-7.22,-0.61,113.53,mixed_edge
1-2,other_b2_count_bucket,3,43,10,23.26,4300,2840,-1460,66.05,284.0,18.61,79.76,428.68,-13.71,4.65,-144.68,mixed_edge
1-3,other_group_pattern,A-B-A-A,513,54,10.53,51300,33860,-17440,66.0,627.04,15.86,79.54,501.69,-13.54,-5.33,125.35,mixed_edge
1-4,target_national_win_rank_bucket x other_national_better_than_target_count_bucket,3 | 2,1168,71,6.08,116800,77080,-39720,65.99,1085.63,10.14,74.17,731.46,-8.18,-4.06,354.17,mixed_edge
1-5,other_national_better_than_target_count_bucket,4,3587,99,2.76,358700,236630,-122070,65.97,2390.2,6.7,75.78,1131.51,-9.81,-3.94,1258.69,mixed_edge
1-5,target_national_win_rank_bucket x other_national_better_than_target_count_bucket,4+ | 4,3587,99,2.76,358700,236630,-122070,65.97,2390.2,6.7,75.78,1131.51,-9.81,-3.94,1258.69,mixed_edge
1-6,target_exhibition_st_rank_bucket x other_st_faster_than_target_count_bucket,3 | 2,736,27,3.67,73600,48520,-25080,65.92,1797.04,4.05,73.3,1810.13,-7.38,-0.38,-13.09,mixed_edge
1-4,month,2026-03,1397,129,9.23,139700,92070,-47630,65.91,713.72,10.14,74.17,731.46,-8.26,-0.91,-17.74,mixed_edge
1-4,race_no_bucket,7-9R,3851,361,9.37,385100,253720,-131380,65.88,702.83,10.14,74.17,731.46,-8.29,-0.77,-28.63,mixed_edge
1-4,race_no_bucket x target_lane,7-9R | 4,3851,361,9.37,385100,253720,-131380,65.88,702.83,10.14,74.17,731.46,-8.29,-0.77,-28.63,mixed_edge
1-4,lane1_target_group_pair x other_a_count_bucket,A-A | 2,961,137,14.26,96100,63300,-32800,65.87,462.04,10.14,74.17,731.46,-8.3,4.12,-269.42,mixed_edge
1-6,other_group_pattern,B-A-A-B,800,27,3.38,80000,52630,-27370,65.79,1949.26,4.05,73.3,1810.13,-7.51,-0.67,139.13,mixed_edge
1-4,lane1_local_win_rank_bucket,3,2683,257,9.58,268300,176470,-91830,65.77,686.65,10.14,74.17,731.46,-8.4,-0.56,-44.81,mixed_edge
1-4,lane1_target_exhibition_st_rank_pair,4+-3,1321,107,8.1,132100,86830,-45270,65.73,811.5,10.14,74.17,731.46,-8.44,-2.04,80.04,mixed_edge
1-4,lane1_exhibition_st_rank_bucket x target_exhibition_st_rank_bucket,4+ | 3,1321,107,8.1,132100,86830,-45270,65.73,811.5,10.14,74.17,731.46,-8.44,-2.04,80.04,mixed_edge
1-4,lane1_target_group_pair x target_outer_pressure_bucket,B-A | high_other_pressure,1513,129,8.53,151300,99320,-51980,65.64,769.92,10.14,74.17,731.46,-8.53,-1.61,38.46,mixed_edge
1-4,lane1_target_national_rank_pair x target_outer_pressure_bucket,1-3 | high_other_pressure,449,64,14.25,44900,29450,-15450,65.59,460.16,10.14,74.17,731.46,-8.58,4.11,-271.3,mixed_edge
1-5,wave_bucket,10+,231,11,4.76,23100,15130,-7970,65.5,1375.45,6.7,75.78,1131.51,-10.28,-1.94,243.94,mixed_edge
1-4,target_exhibition_rank_bucket x other_exhibition_faster_than_target_count_bucket,3 | 2,800,65,8.12,80000,52380,-27620,65.47,805.85,10.14,74.17,731.46,-8.7,-2.02,74.39,mixed_edge
1-2,wind_bucket,7+,793,123,15.51,79300,51870,-27430,65.41,421.71,18.61,79.76,428.68,-14.35,-3.1,-6.97,mixed_edge
1-2,lane1_target_start_gap_pair,>0.06-0.04-0.06,755,96,12.72,75500,49330,-26170,65.34,513.85,18.61,79.76,428.68,-14.42,-5.89,85.17,mixed_edge
1-2,target_lane x lane1_target_start_gap_pair,2 | >0.06-0.04-0.06,755,96,12.72,75500,49330,-26170,65.34,513.85,18.61,79.76,428.68,-14.42,-5.89,85.17,mixed_edge
1-2,lane1_start_exhibition_gap_bucket x target_start_exhibition_gap_bucket,>0.06 | 0.04-0.06,755,96,12.72,75500,49330,-26170,65.34,513.85,18.61,79.76,428.68,-14.42,-5.89,85.17,mixed_edge
1-6,target_class_group,B,8555,207,2.42,855500,558350,-297150,65.27,2697.34,4.05,73.3,1810.13,-8.03,-1.63,887.21,mixed_edge
1-6,target_lane x target_class_group,6 | B,8555,207,2.42,855500,558350,-297150,65.27,2697.34,4.05,73.3,1810.13,-8.03,-1.63,887.21,mixed_edge
1-4,lane1_target_group_pair x other_a_count_bucket,B-A | 2,953,73,7.66,95300,62190,-33110,65.26,851.92,10.14,74.17,731.46,-8.91,-2.48,120.46,mixed_edge
1-3,lane1_target_class_pair,A1-A2,1097,219,19.96,109700,71490,-38210,65.17,326.44,15.86,79.54,501.69,-14.37,4.1,-175.25,mixed_edge
1-4,lane1_target_national_rank_pair,3-4+,1651,92,5.57,165100,107560,-57540,65.15,1169.13,10.14,74.17,731.46,-9.02,-4.57,437.67,mixed_edge
1-4,target_lane x lane1_target_national_rank_pair,4 | 3-4+,1651,92,5.57,165100,107560,-57540,65.15,1169.13,10.14,74.17,731.46,-9.02,-4.57,437.67,mixed_edge
1-4,lane1_target_national_rank_pair x target_outer_pressure_bucket,3-4+ | high_other_pressure,1651,92,5.57,165100,107560,-57540,65.15,1169.13,10.14,74.17,731.46,-9.02,-4.57,437.67,mixed_edge
1-5,lane1_target_start_gap_pair x target_outer_pressure_bucket,>0.06-<=0.03 | high_other_pressure,788,39,4.95,78800,51330,-27470,65.14,1316.15,6.7,75.78,1131.51,-10.64,-1.75,184.64,mixed_edge
1-4,lane1_target_boat_place_diff_bucket,lane1_plus_4_10,2883,277,9.61,288300,187730,-100570,65.12,677.73,10.14,74.17,731.46,-9.05,-0.53,-53.73,mixed_edge
1-4,lane1_target_national_rank_pair x target_outer_pressure_bucket,1-3 | some_other_pressure,305,45,14.75,30500,19840,-10660,65.05,440.89,10.14,74.17,731.46,-9.12,4.61,-290.57,mixed_edge
1-6,lane1_target_exhibition_time_diff_bucket,target_faster_0.10+,827,41,4.96,82700,53720,-28980,64.96,1310.24,4.05,73.3,1810.13,-8.34,0.91,-499.89,mixed_edge
1-3,lane1_target_exhibition_time_diff_bucket x lane1_target_start_exhibition_st_diff_bucket,near_equal | target_faster_0.03_0.06,941,139,14.77,94100,61090,-33010,64.92,439.5,15.86,79.54,501.69,-14.62,-1.09,-62.19,mixed_edge
1-6,target_local_win_rank_bucket,4+,8651,203,2.35,865100,561500,-303600,64.91,2766.01,4.05,73.3,1810.13,-8.39,-1.7,955.88,mixed_edge
1-6,lane1_target_local_win_diff_bucket,lane1_plus_1.00+,6493,177,2.73,649300,421030,-228270,64.84,2378.7,4.05,73.3,1810.13,-8.46,-1.32,568.57,mixed_edge
1-4,lane1_target_start_gap_pair,best->0.06,2376,225,9.47,237600,154070,-83530,64.84,684.76,10.14,74.17,731.46,-9.33,-0.67,-46.7,mixed_edge
1-4,target_lane x lane1_target_start_gap_pair,4 | best->0.06,2376,225,9.47,237600,154070,-83530,64.84,684.76,10.14,74.17,731.46,-9.33,-0.67,-46.7,mixed_edge
1-4,lane1_start_exhibition_gap_bucket x target_start_exhibition_gap_bucket,best | >0.06,2376,225,9.47,237600,154070,-83530,64.84,684.76,10.14,74.17,731.46,-9.33,-0.67,-46.7,mixed_edge
1-4,stadium_code,11,720,71,9.86,72000,46680,-25320,64.83,657.46,10.14,74.17,731.46,-9.34,-0.28,-74.0,mixed_edge
1-4,stadium_code x target_lane,11 | 4,720,71,9.86,72000,46680,-25320,64.83,657.46,10.14,74.17,731.46,-9.34,-0.28,-74.0,mixed_edge
1-4,target_exhibition_rank_bucket x other_exhibition_faster_than_target_count_bucket,3 | 0,180,24,13.33,18000,11670,-6330,64.83,486.25,10.14,74.17,731.46,-9.34,3.19,-245.21,mixed_edge
1-5,other_group_pattern,B-A-B-A,903,54,5.98,90300,58520,-31780,64.81,1083.7,6.7,75.78,1131.51,-10.97,-0.72,-47.81,mixed_edge
1-4,lane1_target_national_rank_pair,1-3,761,109,14.32,76100,49290,-26810,64.77,452.2,10.14,74.17,731.46,-9.4,4.18,-279.26,mixed_edge
1-4,target_lane x lane1_target_national_rank_pair,4 | 1-3,761,109,14.32,76100,49290,-26810,64.77,452.2,10.14,74.17,731.46,-9.4,4.18,-279.26,mixed_edge
1-6,other_group_pattern,A-B-A-B,1023,30,2.93,102300,66190,-36110,64.7,2206.33,4.05,73.3,1810.13,-8.6,-1.12,396.2,mixed_edge
1-4,target_class_group x target_outer_pressure_bucket,B | some_other_pressure,564,66,11.7,56400,36490,-19910,64.7,552.88,10.14,74.17,731.46,-9.47,1.56,-178.58,mixed_edge
1-3,stadium_code,09,436,64,14.68,43600,28180,-15420,64.63,440.31,15.86,79.54,501.69,-14.91,-1.18,-61.38,mixed_edge
1-3,stadium_code x target_lane,09 | 3,436,64,14.68,43600,28180,-15420,64.63,440.31,15.86,79.54,501.69,-14.91,-1.18,-61.38,mixed_edge
1-2,lane1_target_exhibition_st_rank_pair,2-4+,1083,174,16.07,108300,69970,-38330,64.61,402.13,18.61,79.76,428.68,-15.15,-2.54,-26.55,mixed_edge
1-2,lane1_exhibition_st_rank_bucket x target_exhibition_st_rank_bucket,2 | 4+,1083,174,16.07,108300,69970,-38330,64.61,402.13,18.61,79.76,428.68,-15.15,-2.54,-26.55,mixed_edge
1-5,month,2026-03,1397,92,6.59,139700,90150,-49550,64.53,979.89,6.7,75.78,1131.51,-11.25,-0.11,-151.62,mixed_edge
1-5,other_group_pattern,B-A-A-B,708,33,4.66,70800,45680,-25120,64.52,1384.24,6.7,75.78,1131.51,-11.26,-2.04,252.73,mixed_edge
1-4,lane1_target_group_pair x other_a_count_bucket,A-B | 3,724,44,6.08,72400,46680,-25720,64.48,1060.91,10.14,74.17,731.46,-9.69,-4.06,329.45,mixed_edge
1-4,lane1_target_group_pair x target_outer_pressure_bucket,B-A | some_other_pressure,533,46,8.63,53300,34370,-18930,64.48,747.17,10.14,74.17,731.46,-9.69,-1.51,15.71,mixed_edge
1-2,target_class_group x target_outer_pressure_bucket,B | low_other_pressure,149,37,24.83,14900,9600,-5300,64.43,259.46,18.61,79.76,428.68,-15.33,6.22,-169.22,mixed_edge
1-2,lane1_target_exhibition_st_rank_pair,3-4+,1305,188,14.41,130500,83950,-46550,64.33,446.54,18.61,79.76,428.68,-15.43,-4.2,17.86,mixed_edge
1-2,lane1_exhibition_st_rank_bucket x target_exhibition_st_rank_bucket,3 | 4+,1305,188,14.41,130500,83950,-46550,64.33,446.54,18.61,79.76,428.68,-15.43,-4.2,17.86,mixed_edge
1-5,lane1_target_national_rank_pair x target_outer_pressure_bucket,2-3 | high_other_pressure,359,20,5.57,35900,23080,-12820,64.29,1154.0,6.7,75.78,1131.51,-11.49,-1.13,22.49,mixed_edge
1-6,lane1_local_win_rank_bucket,3,2683,98,3.65,268300,172350,-95950,64.24,1758.67,4.05,73.3,1810.13,-9.06,-0.4,-51.46,mixed_edge
1-2,lane1_target_start_gap_pair x target_outer_pressure_bucket,<=0.03->0.06 | some_other_pressure,77,15,19.48,7700,4940,-2760,64.16,329.33,18.61,79.76,428.68,-15.6,0.87,-99.35,mixed_edge
1-5,other_st_faster_than_target_count_bucket,3,3390,196,5.78,339000,217450,-121550,64.14,1109.44,6.7,75.78,1131.51,-11.64,-0.92,-22.07,mixed_edge
1-5,target_exhibition_st_rank_bucket x other_st_faster_than_target_count_bucket,4+ | 3,3390,196,5.78,339000,217450,-121550,64.14,1109.44,6.7,75.78,1131.51,-11.64,-0.92,-22.07,mixed_edge
1-3,other_group_pattern,B-B-A-A,674,94,13.95,67400,43210,-24190,64.11,459.68,15.86,79.54,501.69,-15.43,-1.91,-42.01,mixed_edge
1-6,lane1_start_exhibition_gap_bucket,<=0.03,3495,129,3.69,349500,223940,-125560,64.07,1735.97,4.05,73.3,1810.13,-9.23,-0.36,-74.16,mixed_edge
1-4,lane1_target_local_win_diff_bucket,near_equal,2278,224,9.83,227800,145660,-82140,63.94,650.27,10.14,74.17,731.46,-10.23,-0.31,-81.19,mixed_edge
1-4,stadium_code,22,587,52,8.86,58700,37530,-21170,63.94,721.73,10.14,74.17,731.46,-10.23,-1.28,-9.73,mixed_edge
1-4,stadium_code x target_lane,22 | 4,587,52,8.86,58700,37530,-21170,63.94,721.73,10.14,74.17,731.46,-10.23,-1.28,-9.73,mixed_edge
1-3,lane1_target_group_pair x other_a_count_bucket,B-B | 3,636,33,5.19,63600,40650,-22950,63.92,1231.82,15.86,79.54,501.69,-15.62,-10.67,730.13,mixed_edge
1-5,stadium_code,10,564,44,7.8,56400,36010,-20390,63.85,818.41,6.7,75.78,1131.51,-11.93,1.1,-313.1,mixed_edge
1-5,stadium_code x target_lane,10 | 5,564,44,7.8,56400,36010,-20390,63.85,818.41,6.7,75.78,1131.51,-11.93,1.1,-313.1,mixed_edge
1-2,lane1_target_start_gap_pair,<=0.03-0.04-0.06,740,121,16.35,74000,47080,-26920,63.62,389.09,18.61,79.76,428.68,-16.14,-2.26,-39.59,mixed_edge
1-2,target_lane x lane1_target_start_gap_pair,2 | <=0.03-0.04-0.06,740,121,16.35,74000,47080,-26920,63.62,389.09,18.61,79.76,428.68,-16.14,-2.26,-39.59,mixed_edge
1-2,lane1_start_exhibition_gap_bucket x target_start_exhibition_gap_bucket,<=0.03 | 0.04-0.06,740,121,16.35,74000,47080,-26920,63.62,389.09,18.61,79.76,428.68,-16.14,-2.26,-39.59,mixed_edge
1-3,other_st_faster_than_target_count_bucket,3,2607,340,13.04,260700,165700,-95000,63.56,487.35,15.86,79.54,501.69,-15.98,-2.82,-14.34,mixed_edge
1-3,target_exhibition_st_rank_bucket x other_st_faster_than_target_count_bucket,4+ | 3,2607,340,13.04,260700,165700,-95000,63.56,487.35,15.86,79.54,501.69,-15.98,-2.82,-14.34,mixed_edge
1-2,lane1_target_class_pair,B2-A1,58,8,13.79,5800,3680,-2120,63.45,460.0,18.61,79.76,428.68,-16.31,-4.82,31.32,mixed_edge
1-5,lane1_target_start_gap_pair,>0.06-<=0.03,943,52,5.51,94300,59770,-34530,63.38,1149.42,6.7,75.78,1131.51,-12.4,-1.19,17.91,mixed_edge
1-5,target_lane x lane1_target_start_gap_pair,5 | >0.06-<=0.03,943,52,5.51,94300,59770,-34530,63.38,1149.42,6.7,75.78,1131.51,-12.4,-1.19,17.91,mixed_edge
1-5,lane1_start_exhibition_gap_bucket x target_start_exhibition_gap_bucket,>0.06 | <=0.03,943,52,5.51,94300,59770,-34530,63.38,1149.42,6.7,75.78,1131.51,-12.4,-1.19,17.91,mixed_edge
1-2,target_exhibition_st_rank_bucket,4+,7118,1029,14.46,711800,451090,-260710,63.37,438.38,18.61,79.76,428.68,-16.39,-4.15,9.7,mixed_edge
1-2,target_lane x target_exhibition_st_rank_bucket,2 | 4+,7118,1029,14.46,711800,451090,-260710,63.37,438.38,18.61,79.76,428.68,-16.39,-4.15,9.7,mixed_edge
1-5,lane1_target_start_gap_pair,>0.06-best,1064,63,5.92,106400,67430,-38970,63.37,1070.32,6.7,75.78,1131.51,-12.41,-0.78,-61.19,mixed_edge
1-5,target_lane x lane1_target_start_gap_pair,5 | >0.06-best,1064,63,5.92,106400,67430,-38970,63.37,1070.32,6.7,75.78,1131.51,-12.41,-0.78,-61.19,mixed_edge
1-5,lane1_start_exhibition_gap_bucket x target_start_exhibition_gap_bucket,>0.06 | best,1064,63,5.92,106400,67430,-38970,63.37,1070.32,6.7,75.78,1131.51,-12.41,-0.78,-61.19,mixed_edge
1-6,lane1_target_exhibition_time_diff_bucket x lane1_target_start_exhibition_st_diff_bucket,lane1_faster_0.05_0.10 | lane1_faster_0.06+,1217,30,2.47,121700,77100,-44600,63.35,2570.0,4.05,73.3,1810.13,-9.95,-1.58,759.87,mixed_edge
1-2,other_group_pattern,A-A-A-B,479,74,15.45,47900,30330,-17570,63.32,409.86,18.61,79.76,428.68,-16.44,-3.16,-18.82,mixed_edge
1-5,lane1_target_national_rank_pair x target_outer_pressure_bucket,2-1 | low_other_pressure,161,23,14.29,16100,10190,-5910,63.29,443.04,6.7,75.78,1131.51,-12.49,7.59,-688.47,mixed_edge
1-5,lane1_national_win_rank_bucket,3,2691,172,6.39,269100,170170,-98930,63.24,989.36,6.7,75.78,1131.51,-12.54,-0.31,-142.15,mixed_edge
1-5,stadium_code,06,695,42,6.04,69500,43950,-25550,63.24,1046.43,6.7,75.78,1131.51,-12.54,-0.66,-85.08,mixed_edge
1-5,stadium_code x target_lane,06 | 5,695,42,6.04,69500,43950,-25550,63.24,1046.43,6.7,75.78,1131.51,-12.54,-0.66,-85.08,mixed_edge
1-5,lane1_target_class_pair,A2-A1,604,78,12.91,60400,38140,-22260,63.15,488.97,6.7,75.78,1131.51,-12.63,6.21,-642.54,mixed_edge
1-2,lane1_class,B2,418,36,8.61,41800,26390,-15410,63.13,733.06,18.61,79.76,428.68,-16.63,-10.0,304.38,mixed_edge
1-6,target_motor_rank_bucket,2,2470,105,4.25,247000,155800,-91200,63.08,1483.81,4.05,73.3,1810.13,-10.22,0.2,-326.32,mixed_edge
1-3,lane1_target_exhibition_st_rank_pair,3-4+,1142,140,12.26,114200,72030,-42170,63.07,514.5,15.86,79.54,501.69,-16.47,-3.6,12.81,mixed_edge
1-3,lane1_exhibition_st_rank_bucket x target_exhibition_st_rank_bucket,3 | 4+,1142,140,12.26,114200,72030,-42170,63.07,514.5,15.86,79.54,501.69,-16.47,-3.6,12.81,mixed_edge
1-6,lane1_target_national_rank_pair x target_outer_pressure_bucket,2-1 | some_other_pressure,141,19,13.48,14100,8890,-5210,63.05,467.89,4.05,73.3,1810.13,-10.25,9.43,-1342.24,mixed_edge
1-5,lane1_target_exhibition_time_diff_bucket,lane1_faster_0.10+,2338,129,5.52,233800,146830,-86970,62.8,1138.22,6.7,75.78,1131.51,-12.98,-1.18,6.71,mixed_edge
1-4,other_st_faster_than_target_count_bucket,3,2556,201,7.86,255600,160470,-95130,62.78,798.36,10.14,74.17,731.46,-11.39,-2.28,66.9,mixed_edge
1-4,target_exhibition_st_rank_bucket x other_st_faster_than_target_count_bucket,4+ | 3,2556,201,7.86,255600,160470,-95130,62.78,798.36,10.14,74.17,731.46,-11.39,-2.28,66.9,mixed_edge
1-3,lane1_target_start_gap_pair,>0.06-<=0.03,674,86,12.76,67400,42290,-25110,62.74,491.74,15.86,79.54,501.69,-16.8,-3.1,-9.95,mixed_edge
1-3,target_lane x lane1_target_start_gap_pair,3 | >0.06-<=0.03,674,86,12.76,67400,42290,-25110,62.74,491.74,15.86,79.54,501.69,-16.8,-3.1,-9.95,mixed_edge
1-3,lane1_start_exhibition_gap_bucket x target_start_exhibition_gap_bucket,>0.06 | <=0.03,674,86,12.76,67400,42290,-25110,62.74,491.74,15.86,79.54,501.69,-16.8,-3.1,-9.95,mixed_edge
1-5,lane1_target_national_rank_pair,2-3,590,40,6.78,59000,36980,-22020,62.68,924.5,6.7,75.78,1131.51,-13.1,0.08,-207.01,mixed_edge
1-5,target_lane x lane1_target_national_rank_pair,5 | 2-3,590,40,6.78,59000,36980,-22020,62.68,924.5,6.7,75.78,1131.51,-13.1,0.08,-207.01,mixed_edge
1-4,stadium_code,23,672,65,9.67,67200,42040,-25160,62.56,646.77,10.14,74.17,731.46,-11.61,-0.47,-84.69,mixed_edge
1-4,stadium_code x target_lane,23 | 4,672,65,9.67,67200,42040,-25160,62.56,646.77,10.14,74.17,731.46,-11.61,-0.47,-84.69,mixed_edge
1-4,stadium_code,02,671,54,8.05,67100,41980,-25120,62.56,777.41,10.14,74.17,731.46,-11.61,-2.09,45.95,mixed_edge
1-4,stadium_code x target_lane,02 | 4,671,54,8.05,67100,41980,-25120,62.56,777.41,10.14,74.17,731.46,-11.61,-2.09,45.95,mixed_edge
1-4,other_exhibition_faster_than_target_count_bucket,4,2607,182,6.98,260700,163040,-97660,62.54,895.82,10.14,74.17,731.46,-11.63,-3.16,164.36,mixed_edge
1-4,target_exhibition_rank_bucket x other_exhibition_faster_than_target_count_bucket,4+ | 4,2607,182,6.98,260700,163040,-97660,62.54,895.82,10.14,74.17,731.46,-11.63,-3.16,164.36,mixed_edge
1-6,lane1_target_group_pair x other_a_count_bucket,A-B | 2,1423,29,2.04,142300,88990,-53310,62.54,3068.62,4.05,73.3,1810.13,-10.76,-2.01,1258.49,mixed_edge
1-4,lane1_target_exhibition_time_diff_bucket x lane1_target_start_exhibition_st_diff_bucket,near_equal | lane1_faster_0.06+,1863,170,9.13,186300,116460,-69840,62.51,685.06,10.14,74.17,731.46,-11.66,-1.01,-46.4,mixed_edge
1-4,lane1_target_start_gap_pair x target_outer_pressure_bucket,<=0.03->0.06 | low_other_pressure,48,7,14.58,4800,3000,-1800,62.5,428.57,10.14,74.17,731.46,-11.67,4.44,-302.89,mixed_edge
1-2,lane1_target_start_gap_pair x target_outer_pressure_bucket,0.04-0.06-best | some_other_pressure,121,27,22.31,12100,7560,-4540,62.48,280.0,18.61,79.76,428.68,-17.28,3.7,-148.68,mixed_edge
1-6,target_class_group x target_outer_pressure_bucket,B | high_other_pressure,8030,164,2.04,803000,501310,-301690,62.43,3056.77,4.05,73.3,1810.13,-10.87,-2.01,1246.64,mixed_edge
1-2,lane1_target_start_gap_pair x target_outer_pressure_bucket,>0.06->0.06 | low_other_pressure,120,24,20.0,12000,7490,-4510,62.42,312.08,18.61,79.76,428.68,-17.34,1.39,-116.6,mixed_edge
1-6,lane1_target_national_rank_pair x target_outer_pressure_bucket,1-4+ | high_other_pressure,2516,62,2.46,251600,157010,-94590,62.4,2532.42,4.05,73.3,1810.13,-10.9,-1.59,722.29,mixed_edge
1-6,lane1_target_national_rank_pair,1-4+,2520,62,2.46,252000,157010,-94990,62.31,2532.42,4.05,73.3,1810.13,-10.99,-1.59,722.29,mixed_edge
1-6,target_lane x lane1_target_national_rank_pair,6 | 1-4+,2520,62,2.46,252000,157010,-94990,62.31,2532.42,4.05,73.3,1810.13,-10.99,-1.59,722.29,mixed_edge
1-6,lane1_target_exhibition_time_diff_bucket,lane1_faster_0.10+,2496,81,3.25,249600,155510,-94090,62.3,1919.88,4.05,73.3,1810.13,-11.0,-0.8,109.75,mixed_edge
1-2,lane1_target_exhibition_time_diff_bucket x lane1_target_start_exhibition_st_diff_bucket,lane1_faster_0.10+ | target_faster_0.03_0.06,185,28,15.14,18500,11510,-6990,62.22,411.07,18.61,79.76,428.68,-17.54,-3.47,-17.61,mixed_edge
1-5,lane1_exhibition_st_rank_bucket,4+,5490,294,5.36,549000,340980,-208020,62.11,1159.8,6.7,75.78,1131.51,-13.67,-1.34,28.29,mixed_edge
1-6,lane1_target_start_exhibition_st_diff_bucket,lane1_faster_0.06+,5441,169,3.11,544100,336890,-207210,61.92,1993.43,4.05,73.3,1810.13,-11.38,-0.94,183.3,mixed_edge
1-4,lane1_target_exhibition_time_diff_bucket x lane1_target_start_exhibition_st_diff_bucket,lane1_faster_0.10+ | target_faster_0.06+,353,23,6.52,35300,21820,-13480,61.81,948.7,10.14,74.17,731.46,-12.36,-3.62,217.24,mixed_edge
1-4,lane1_target_national_rank_pair x target_outer_pressure_bucket,1-2 | some_other_pressure,199,38,19.1,19900,12300,-7600,61.81,323.68,10.14,74.17,731.46,-12.36,8.96,-407.78,mixed_edge
1-5,lane1_target_start_gap_pair,<=0.03->0.06,1139,60,5.27,113900,70380,-43520,61.79,1173.0,6.7,75.78,1131.51,-13.99,-1.43,41.49,mixed_edge
1-5,target_lane x lane1_target_start_gap_pair,5 | <=0.03->0.06,1139,60,5.27,113900,70380,-43520,61.79,1173.0,6.7,75.78,1131.51,-13.99,-1.43,41.49,mixed_edge
1-5,lane1_start_exhibition_gap_bucket x target_start_exhibition_gap_bucket,<=0.03 | >0.06,1139,60,5.27,113900,70380,-43520,61.79,1173.0,6.7,75.78,1131.51,-13.99,-1.43,41.49,mixed_edge
1-6,lane1_target_exhibition_st_rank_pair,3-4+,1524,50,3.28,152400,94150,-58250,61.78,1883.0,4.05,73.3,1810.13,-11.52,-0.77,72.87,mixed_edge
1-6,lane1_exhibition_st_rank_bucket x target_exhibition_st_rank_bucket,3 | 4+,1524,50,3.28,152400,94150,-58250,61.78,1883.0,4.05,73.3,1810.13,-11.52,-0.77,72.87,mixed_edge
1-5,lane1_target_group_pair x other_a_count_bucket,B-B | 2,1620,34,2.1,162000,99940,-62060,61.69,2939.41,6.7,75.78,1131.51,-14.09,-4.6,1807.9,mixed_edge
1-6,lane1_target_group_pair x other_a_count_bucket,B-A | 0,219,17,7.76,21900,13510,-8390,61.69,794.71,4.05,73.3,1810.13,-11.61,3.71,-1015.42,mixed_edge
1-4,lane1_target_group_pair x other_a_count_bucket,B-B | 3,754,25,3.32,75400,46450,-28950,61.6,1858.0,10.14,74.17,731.46,-12.57,-6.82,1126.54,mixed_edge
1-5,target_start_exhibition_gap_bucket,>0.06,5842,310,5.31,584200,359830,-224370,61.59,1160.74,6.7,75.78,1131.51,-14.19,-1.39,29.23,mixed_edge
1-5,target_lane x target_start_exhibition_gap_bucket,5 | >0.06,5842,310,5.31,584200,359830,-224370,61.59,1160.74,6.7,75.78,1131.51,-14.19,-1.39,29.23,mixed_edge
1-4,lane1_target_start_gap_pair x target_outer_pressure_bucket,best-best | high_other_pressure,190,19,10.0,19000,11690,-7310,61.53,615.26,10.14,74.17,731.46,-12.64,-0.14,-116.2,mixed_edge
1-6,target_national_win_rank_bucket,4+,8634,163,1.89,863400,529970,-333430,61.38,3251.35,4.05,73.3,1810.13,-11.92,-2.16,1441.22,mixed_edge
1-3,target_exhibition_rank_bucket x other_exhibition_faster_than_target_count_bucket,3 | 2,826,99,11.99,82600,50680,-31920,61.36,511.92,15.86,79.54,501.69,-18.18,-3.87,10.23,mixed_edge
1-2,lane1_target_national_rank_pair x target_outer_pressure_bucket,4+-1 | some_other_pressure,296,48,16.22,29600,18120,-11480,61.22,377.5,18.61,79.76,428.68,-18.54,-2.39,-51.18,mixed_edge
1-4,lane1_target_start_gap_pair x target_outer_pressure_bucket,0.04-0.06->0.06 | some_other_pressure,82,9,10.98,8200,5020,-3180,61.22,557.78,10.14,74.17,731.46,-12.95,0.84,-173.68,mixed_edge
1-4,lane1_exhibition_st_rank_bucket,4+,5490,432,7.87,549000,335990,-213010,61.2,777.75,10.14,74.17,731.46,-12.97,-2.27,46.29,mixed_edge
1-6,other_group_pattern,B-A-B-A,878,24,2.73,87800,53650,-34150,61.1,2235.42,4.05,73.3,1810.13,-12.2,-1.32,425.29,mixed_edge
1-3,lane1_target_class_pair,A1-B2,115,14,12.17,11500,7020,-4480,61.04,501.43,15.86,79.54,501.69,-18.5,-3.69,-0.26,mixed_edge
1-6,other_exhibition_faster_than_target_count_bucket,4,2933,80,2.73,293300,178950,-114350,61.01,2236.88,4.05,73.3,1810.13,-12.29,-1.32,426.75,mixed_edge
1-6,target_exhibition_rank_bucket x other_exhibition_faster_than_target_count_bucket,4+ | 4,2933,80,2.73,293300,178950,-114350,61.01,2236.88,4.05,73.3,1810.13,-12.29,-1.32,426.75,mixed_edge
1-6,stadium_code,10,564,20,3.55,56400,34390,-22010,60.98,1719.5,4.05,73.3,1810.13,-12.32,-0.5,-90.63,mixed_edge
1-6,stadium_code x target_lane,10 | 6,564,20,3.55,56400,34390,-22010,60.98,1719.5,4.05,73.3,1810.13,-12.32,-0.5,-90.63,mixed_edge
1-4,lane1_target_start_gap_pair x target_outer_pressure_bucket,<=0.03->0.06 | some_other_pressure,95,14,14.74,9500,5790,-3710,60.95,413.57,10.14,74.17,731.46,-13.22,4.6,-317.89,mixed_edge
1-2,other_st_faster_than_target_count_bucket,3,2672,399,14.93,267200,162810,-104390,60.93,408.05,18.61,79.76,428.68,-18.83,-3.68,-20.63,mixed_edge
1-2,target_exhibition_st_rank_bucket x other_st_faster_than_target_count_bucket,4+ | 3,2672,399,14.93,267200,162810,-104390,60.93,408.05,18.61,79.76,428.68,-18.83,-3.68,-20.63,mixed_edge
1-4,lane1_target_national_rank_pair x target_outer_pressure_bucket,1-2 | low_other_pressure,211,42,19.91,21100,12850,-8250,60.9,305.95,10.14,74.17,731.46,-13.27,9.77,-425.51,mixed_edge
1-5,target_exhibition_rank_bucket x other_exhibition_faster_than_target_count_bucket,3 | 2,760,44,5.79,76000,46280,-29720,60.89,1051.82,6.7,75.78,1131.51,-14.89,-0.91,-79.69,mixed_edge
1-4,stadium_code,07,816,78,9.56,81600,49670,-31930,60.87,636.79,10.14,74.17,731.46,-13.3,-0.58,-94.67,mixed_edge
1-4,stadium_code x target_lane,07 | 4,816,78,9.56,81600,49670,-31930,60.87,636.79,10.14,74.17,731.46,-13.3,-0.58,-94.67,mixed_edge
1-6,stadium_code,07,816,29,3.55,81600,49630,-31970,60.82,1711.38,4.05,73.3,1810.13,-12.48,-0.5,-98.75,mixed_edge
1-6,stadium_code x target_lane,07 | 6,816,29,3.55,81600,49630,-31970,60.82,1711.38,4.05,73.3,1810.13,-12.48,-0.5,-98.75,mixed_edge
1-3,lane1_target_group_pair x target_outer_pressure_bucket,A-B | low_other_pressure,61,16,26.23,6100,3710,-2390,60.82,231.88,15.86,79.54,501.69,-18.72,10.37,-269.81,mixed_edge
1-6,lane1_target_boat_place_diff_bucket,target_plus_4_10,2822,108,3.83,282200,171080,-111120,60.62,1584.07,4.05,73.3,1810.13,-12.68,-0.22,-226.06,mixed_edge
1-5,lane1_target_start_gap_pair x target_outer_pressure_bucket,<=0.03-0.04-0.06 | low_other_pressure,32,5,15.62,3200,1940,-1260,60.62,388.0,6.7,75.78,1131.51,-15.16,8.92,-743.51,mixed_edge
1-6,lane1_target_group_pair x other_a_count_bucket,A-B | 4,168,3,1.79,16800,10170,-6630,60.54,3390.0,4.05,73.3,1810.13,-12.76,-2.26,1579.87,mixed_edge
1-6,target_exhibition_st_rank_bucket x other_st_faster_than_target_count_bucket,4+ | 1,503,26,5.17,50300,30410,-19890,60.46,1169.62,4.05,73.3,1810.13,-12.84,1.12,-640.51,mixed_edge
1-2,lane1_target_exhibition_time_diff_bucket x lane1_target_start_exhibition_st_diff_bucket,lane1_faster_0.10+ | lane1_faster_0.06+,350,48,13.71,35000,21140,-13860,60.4,440.42,18.61,79.76,428.68,-19.36,-4.9,11.74,mixed_edge
1-4,lane1_target_start_gap_pair x target_outer_pressure_bucket,best->0.06 | high_other_pressure,2003,151,7.54,200300,120890,-79410,60.35,800.6,10.14,74.17,731.46,-13.82,-2.6,69.14,mixed_edge
1-4,lane1_target_start_gap_pair x target_outer_pressure_bucket,0.04-0.06-best | some_other_pressure,105,15,14.29,10500,6330,-4170,60.29,422.0,10.14,74.17,731.46,-13.88,4.15,-309.46,mixed_edge
1-6,lane1_target_group_pair,B-B,3963,73,1.84,396300,238860,-157440,60.27,3272.05,4.05,73.3,1810.13,-13.03,-2.21,1461.92,mixed_edge
1-6,wind_bucket,5-6,2074,69,3.33,207400,124990,-82410,60.27,1811.45,4.05,73.3,1810.13,-13.03,-0.72,1.32,mixed_edge
1-5,lane1_target_group_pair x other_a_count_bucket,B-B | 3,781,20,2.56,78100,47040,-31060,60.23,2352.0,6.7,75.78,1131.51,-15.55,-4.14,1220.49,mixed_edge
1-6,target_exhibition_rank_bucket x other_exhibition_faster_than_target_count_bucket,3 | 2,674,22,3.26,67400,40570,-26830,60.19,1844.09,4.05,73.3,1810.13,-13.11,-0.79,33.96,mixed_edge
1-5,lane1_target_national_rank_pair x target_outer_pressure_bucket,2-3 | some_other_pressure,231,20,8.66,23100,13900,-9200,60.17,695.0,6.7,75.78,1131.51,-15.61,1.96,-436.51,mixed_edge
1-4,other_group_pattern,A-B-B-A,1036,78,7.53,103600,62320,-41280,60.15,798.97,10.14,74.17,731.46,-14.02,-2.61,67.51,mixed_edge
1-5,other_group_pattern,A-B-A-B,908,33,3.63,90800,54590,-36210,60.12,1654.24,6.7,75.78,1131.51,-15.66,-3.07,522.73,mixed_edge
1-5,other_exhibition_faster_than_target_count_bucket,4,2817,121,4.3,281700,169340,-112360,60.11,1399.5,6.7,75.78,1131.51,-15.67,-2.4,267.99,mixed_edge
1-5,target_exhibition_rank_bucket x other_exhibition_faster_than_target_count_bucket,4+ | 4,2817,121,4.3,281700,169340,-112360,60.11,1399.5,6.7,75.78,1131.51,-15.67,-2.4,267.99,mixed_edge
1-6,lane1_target_start_gap_pair,>0.06-0.04-0.06,742,28,3.77,74200,44370,-29830,59.8,1584.64,4.05,73.3,1810.13,-13.5,-0.28,-225.49,mixed_edge
1-6,target_lane x lane1_target_start_gap_pair,6 | >0.06-0.04-0.06,742,28,3.77,74200,44370,-29830,59.8,1584.64,4.05,73.3,1810.13,-13.5,-0.28,-225.49,mixed_edge
1-6,lane1_start_exhibition_gap_bucket x target_start_exhibition_gap_bucket,>0.06 | 0.04-0.06,742,28,3.77,74200,44370,-29830,59.8,1584.64,4.05,73.3,1810.13,-13.5,-0.28,-225.49,mixed_edge
1-3,lane1_target_start_gap_pair x target_outer_pressure_bucket,>0.06-<=0.03 | high_other_pressure,549,61,11.11,54900,32820,-22080,59.78,538.03,15.86,79.54,501.69,-19.76,-4.75,36.34,mixed_edge
1-6,lane1_target_start_exhibition_st_diff_bucket,lane1_faster_0.03_0.06,2170,89,4.1,217000,129580,-87420,59.71,1455.96,4.05,73.3,1810.13,-13.59,0.05,-354.17,mixed_edge
1-2,lane1_exhibition_st_rank_bucket,4+,5490,719,13.1,549000,327520,-221480,59.66,455.52,18.61,79.76,428.68,-20.1,-5.51,26.84,mixed_edge
1-6,lane1_target_start_gap_pair x target_outer_pressure_bucket,<=0.03->0.06 | high_other_pressure,1234,29,2.35,123400,73600,-49800,59.64,2537.93,4.05,73.3,1810.13,-13.66,-1.7,727.8,mixed_edge
1-4,wave_bucket,10+,231,15,6.49,23100,13760,-9340,59.57,917.33,10.14,74.17,731.46,-14.6,-3.65,185.87,mixed_edge
1-3,target_exhibition_rank_bucket x other_exhibition_faster_than_target_count_bucket,3 | 0,116,19,16.38,11600,6900,-4700,59.48,363.16,15.86,79.54,501.69,-20.06,0.52,-138.53,mixed_edge
1-4,lane1_target_start_exhibition_st_diff_bucket,lane1_faster_0.06+,4052,356,8.79,405200,240780,-164420,59.42,676.35,10.14,74.17,731.46,-14.75,-1.35,-55.11,mixed_edge
1-4,lane1_target_national_rank_pair,3-2,528,56,10.61,52800,31360,-21440,59.39,560.0,10.14,74.17,731.46,-14.78,0.47,-171.46,mixed_edge
1-4,target_lane x lane1_target_national_rank_pair,4 | 3-2,528,56,10.61,52800,31360,-21440,59.39,560.0,10.14,74.17,731.46,-14.78,0.47,-171.46,mixed_edge
1-2,lane1_target_exhibition_time_diff_bucket x lane1_target_start_exhibition_st_diff_bucket,lane1_faster_0.05_0.10 | lane1_faster_0.06+,597,79,13.23,59700,35450,-24250,59.38,448.73,18.61,79.76,428.68,-20.38,-5.38,20.05,mixed_edge
1-6,lane1_target_national_win_diff_bucket,lane1_plus_1.00+,5808,135,2.32,580800,343710,-237090,59.18,2546.0,4.05,73.3,1810.13,-14.12,-1.73,735.87,mixed_edge
1-4,lane1_target_start_gap_pair,0.04-0.06->0.06,738,48,6.5,73800,43660,-30140,59.16,909.58,10.14,74.17,731.46,-15.01,-3.64,178.12,mixed_edge
1-4,target_lane x lane1_target_start_gap_pair,4 | 0.04-0.06->0.06,738,48,6.5,73800,43660,-30140,59.16,909.58,10.14,74.17,731.46,-15.01,-3.64,178.12,mixed_edge
1-4,lane1_start_exhibition_gap_bucket x target_start_exhibition_gap_bucket,0.04-0.06 | >0.06,738,48,6.5,73800,43660,-30140,59.16,909.58,10.14,74.17,731.46,-15.01,-3.64,178.12,mixed_edge
1-2,lane1_target_exhibition_time_diff_bucket x lane1_target_start_exhibition_st_diff_bucket,target_faster_0.05_0.10 | target_faster_0.06+,181,17,9.39,18100,10700,-7400,59.12,629.41,18.61,79.76,428.68,-20.64,-9.22,200.73,mixed_edge
1-5,lane1_target_start_exhibition_st_diff_bucket,target_faster_0.06+,2590,138,5.33,259000,152860,-106140,59.02,1107.68,6.7,75.78,1131.51,-16.76,-1.37,-23.83,mixed_edge
1-6,lane1_target_national_rank_pair x target_outer_pressure_bucket,2-1 | high_other_pressure,307,28,9.12,30700,18110,-12590,58.99,646.79,4.05,73.3,1810.13,-14.31,5.07,-1163.34,mixed_edge
1-4,lane1_target_exhibition_st_rank_pair,4+-1,1406,114,8.11,140600,82770,-57830,58.87,726.05,10.14,74.17,731.46,-15.3,-2.03,-5.41,mixed_edge
1-4,lane1_exhibition_st_rank_bucket x target_exhibition_st_rank_bucket,4+ | 1,1406,114,8.11,140600,82770,-57830,58.87,726.05,10.14,74.17,731.46,-15.3,-2.03,-5.41,mixed_edge
1-5,target_exhibition_rank_bucket x other_exhibition_faster_than_target_count_bucket,2 | 1,1146,77,6.72,114600,67450,-47150,58.86,875.97,6.7,75.78,1131.51,-16.92,0.02,-255.54,mixed_edge
1-4,lane1_target_start_gap_pair x target_outer_pressure_bucket,0.04-0.06->0.06 | high_other_pressure,631,35,5.55,63100,37140,-25960,58.86,1061.14,10.14,74.17,731.46,-15.31,-4.59,329.68,mixed_edge
1-6,other_a_count_bucket,3,2018,31,1.54,201800,118150,-83650,58.55,3811.29,4.05,73.3,1810.13,-14.75,-2.51,2001.16,mixed_edge
1-6,target_lane x other_a_count_bucket,6 | 3,2018,31,1.54,201800,118150,-83650,58.55,3811.29,4.05,73.3,1810.13,-14.75,-2.51,2001.16,mixed_edge
1-3,lane1_target_national_rank_pair x target_outer_pressure_bucket,1-2 | low_other_pressure,213,56,26.29,21300,12470,-8830,58.54,222.68,15.86,79.54,501.69,-21.0,10.43,-279.01,mixed_edge
1-6,lane1_target_start_gap_pair,<=0.03->0.06,1450,41,2.83,145000,84710,-60290,58.42,2066.1,4.05,73.3,1810.13,-14.88,-1.22,255.97,mixed_edge
1-6,target_lane x lane1_target_start_gap_pair,6 | <=0.03->0.06,1450,41,2.83,145000,84710,-60290,58.42,2066.1,4.05,73.3,1810.13,-14.88,-1.22,255.97,mixed_edge
1-6,lane1_start_exhibition_gap_bucket x target_start_exhibition_gap_bucket,<=0.03 | >0.06,1450,41,2.83,145000,84710,-60290,58.42,2066.1,4.05,73.3,1810.13,-14.88,-1.22,255.97,mixed_edge
1-4,other_group_pattern,A-A-B-B,814,53,6.51,81400,47490,-33910,58.34,896.04,10.14,74.17,731.46,-15.83,-3.63,164.58,mixed_edge
1-2,lane1_target_group_pair x target_outer_pressure_bucket,A-B | low_other_pressure,91,25,27.47,9100,5300,-3800,58.24,212.0,18.61,79.76,428.68,-21.52,8.86,-216.68,mixed_edge
1-3,target_start_exhibition_gap_bucket,>0.06,4699,534,11.36,469900,272910,-196990,58.08,511.07,15.86,79.54,501.69,-21.46,-4.5,9.38,mixed_edge
1-3,target_lane x target_start_exhibition_gap_bucket,3 | >0.06,4699,534,11.36,469900,272910,-196990,58.08,511.07,15.86,79.54,501.69,-21.46,-4.5,9.38,mixed_edge
1-4,lane1_target_start_gap_pair x target_outer_pressure_bucket,0.04-0.06-0.04-0.06 | some_other_pressure,72,9,12.5,7200,4180,-3020,58.06,464.44,10.14,74.17,731.46,-16.11,2.36,-267.02,mixed_edge
1-6,lane1_target_class_pair,B2-A2,96,3,3.12,9600,5570,-4030,58.02,1856.67,4.05,73.3,1810.13,-15.28,-0.93,46.54,mixed_edge
1-5,stadium_code,16,732,47,6.42,73200,42380,-30820,57.9,901.7,6.7,75.78,1131.51,-17.88,-0.28,-229.81,mixed_edge
1-5,stadium_code x target_lane,16 | 5,732,47,6.42,73200,42380,-30820,57.9,901.7,6.7,75.78,1131.51,-17.88,-0.28,-229.81,mixed_edge
1-5,lane1_target_start_gap_pair x target_outer_pressure_bucket,<=0.03->0.06 | high_other_pressure,974,40,4.11,97400,56250,-41150,57.75,1406.25,6.7,75.78,1131.51,-18.03,-2.59,274.74,mixed_edge
1-6,stadium_code,06,695,25,3.6,69500,40070,-29430,57.65,1602.8,4.05,73.3,1810.13,-15.65,-0.45,-207.33,mixed_edge
1-6,stadium_code x target_lane,06 | 6,695,25,3.6,69500,40070,-29430,57.65,1602.8,4.05,73.3,1810.13,-15.65,-0.45,-207.33,mixed_edge
1-6,lane1_target_national_rank_pair,1-2,637,45,7.06,63700,36660,-27040,57.55,814.67,4.05,73.3,1810.13,-15.75,3.01,-995.46,mixed_edge
1-6,target_lane x lane1_target_national_rank_pair,6 | 1-2,637,45,7.06,63700,36660,-27040,57.55,814.67,4.05,73.3,1810.13,-15.75,3.01,-995.46,mixed_edge
1-4,other_group_pattern,B-A-A-A,410,30,7.32,41000,23590,-17410,57.54,786.33,10.14,74.17,731.46,-16.63,-2.82,54.87,mixed_edge
1-2,lane1_target_start_gap_pair x target_outer_pressure_bucket,0.04-0.06->0.06 | some_other_pressure,138,24,17.39,13800,7910,-5890,57.32,329.58,18.61,79.76,428.68,-22.44,-1.22,-99.1,mixed_edge
1-6,target_national_win_rank_bucket x other_national_better_than_target_count_bucket,2 | 0,660,46,6.97,66000,37820,-28180,57.3,822.17,4.05,73.3,1810.13,-16.0,2.92,-987.96,mixed_edge
1-2,target_start_exhibition_gap_bucket,>0.06,5189,670,12.91,518900,297010,-221890,57.24,443.3,18.61,79.76,428.68,-22.52,-5.7,14.62,mixed_edge
1-2,target_lane x target_start_exhibition_gap_bucket,2 | >0.06,5189,670,12.91,518900,297010,-221890,57.24,443.3,18.61,79.76,428.68,-22.52,-5.7,14.62,mixed_edge
1-3,lane1_target_exhibition_st_rank_pair,4+-1,1135,139,12.25,113500,64970,-48530,57.24,467.41,15.86,79.54,501.69,-22.3,-3.61,-34.28,mixed_edge
1-3,lane1_exhibition_st_rank_bucket x target_exhibition_st_rank_bucket,4+ | 1,1135,139,12.25,113500,64970,-48530,57.24,467.41,15.86,79.54,501.69,-22.3,-3.61,-34.28,mixed_edge
1-6,target_exhibition_st_rank_bucket,4+,9823,304,3.09,982300,559970,-422330,57.01,1842.01,4.05,73.3,1810.13,-16.29,-0.96,31.88,mixed_edge
1-6,target_lane x target_exhibition_st_rank_bucket,6 | 4+,9823,304,3.09,982300,559970,-422330,57.01,1842.01,4.05,73.3,1810.13,-16.29,-0.96,31.88,mixed_edge
1-4,lane1_target_start_gap_pair x target_outer_pressure_bucket,>0.06-<=0.03 | high_other_pressure,752,50,6.65,75200,42870,-32330,57.01,857.4,10.14,74.17,731.46,-17.16,-3.49,125.94,mixed_edge
1-6,lane1_target_group_pair x target_outer_pressure_bucket,B-B | high_other_pressure,3737,57,1.53,373700,212630,-161070,56.9,3730.35,4.05,73.3,1810.13,-16.4,-2.52,1920.22,mixed_edge
1-4,lane1_target_group_pair x target_outer_pressure_bucket,B-B | some_other_pressure,254,21,8.27,25400,14440,-10960,56.85,687.62,10.14,74.17,731.46,-17.32,-1.87,-43.84,mixed_edge
1-2,lane1_target_start_exhibition_st_diff_bucket,target_faster_0.06+,1471,161,10.94,147100,83560,-63540,56.8,519.01,18.61,79.76,428.68,-22.96,-7.67,90.33,mixed_edge
1-3,lane1_target_start_gap_pair x target_outer_pressure_bucket,>0.06-0.04-0.06 | some_other_pressure,98,19,19.39,9800,5560,-4240,56.73,292.63,15.86,79.54,501.69,-22.81,3.53,-209.06,mixed_edge
1-6,target_start_exhibition_gap_bucket,>0.06,7045,208,2.95,704500,399290,-305210,56.68,1919.66,4.05,73.3,1810.13,-16.62,-1.1,109.53,mixed_edge
1-6,target_lane x target_start_exhibition_gap_bucket,6 | >0.06,7045,208,2.95,704500,399290,-305210,56.68,1919.66,4.05,73.3,1810.13,-16.62,-1.1,109.53,mixed_edge
1-2,lane1_target_group_pair x other_a_count_bucket,B-B | 3,522,36,6.9,52200,29560,-22640,56.63,821.11,18.61,79.76,428.68,-23.13,-11.71,392.43,mixed_edge
1-5,wave_bucket,5-9,2345,116,4.95,234500,132170,-102330,56.36,1139.4,6.7,75.78,1131.51,-19.42,-1.75,7.89,mixed_edge
1-6,target_exhibition_rank_bucket x other_exhibition_faster_than_target_count_bucket,4+ | 1,610,17,2.79,61000,34090,-26910,55.89,2005.29,4.05,73.3,1810.13,-17.41,-1.26,195.16,mixed_edge
1-3,lane1_target_start_gap_pair x target_outer_pressure_bucket,>0.06-best | some_other_pressure,163,23,14.11,16300,9110,-7190,55.89,396.09,15.86,79.54,501.69,-23.65,-1.75,-105.6,mixed_edge
1-5,stadium_code,01,666,38,5.71,66600,37190,-29410,55.84,978.68,6.7,75.78,1131.51,-19.94,-0.99,-152.83,mixed_edge
1-5,stadium_code x target_lane,01 | 5,666,38,5.71,66600,37190,-29410,55.84,978.68,6.7,75.78,1131.51,-19.94,-0.99,-152.83,mixed_edge
1-3,lane1_target_exhibition_time_diff_bucket x lane1_target_start_exhibition_st_diff_bucket,lane1_faster_0.10+ | lane1_faster_0.06+,466,50,10.73,46600,26020,-20580,55.84,520.4,15.86,79.54,501.69,-23.7,-5.13,18.71,mixed_edge
1-4,other_group_pattern,B-B-B-A,1093,121,11.07,109300,61020,-48280,55.83,504.3,10.14,74.17,731.46,-18.34,0.93,-227.16,mixed_edge
1-2,lane1_target_exhibition_time_diff_bucket x lane1_target_start_exhibition_st_diff_bucket,near_equal | target_faster_0.06+,720,85,11.81,72000,40200,-31800,55.83,472.94,18.61,79.76,428.68,-23.93,-6.8,44.26,mixed_edge
1-3,other_group_pattern,B-A-A-A,294,30,10.2,29400,16330,-13070,55.54,544.33,15.86,79.54,501.69,-24.0,-5.66,42.64,mixed_edge
1-5,lane1_target_group_pair x other_a_count_bucket,A-B | 4,142,6,4.23,14200,7870,-6330,55.42,1311.67,6.7,75.78,1131.51,-20.36,-2.47,180.16,mixed_edge
1-3,lane1_exhibition_st_rank_bucket,4+,5490,619,11.28,549000,303540,-245460,55.29,490.37,15.86,79.54,501.69,-24.25,-4.58,-11.32,mixed_edge
1-4,lane1_target_class_pair,B1-A2,1430,96,6.71,143000,78970,-64030,55.22,822.6,10.14,74.17,731.46,-18.95,-3.43,91.14,mixed_edge
1-2,lane1_target_exhibition_time_diff_bucket x lane1_target_start_exhibition_st_diff_bucket,lane1_faster_0.10+ | target_faster_0.06+,168,20,11.9,16800,9270,-7530,55.18,463.5,18.61,79.76,428.68,-24.58,-6.71,34.82,mixed_edge
1-2,lane1_target_group_pair x other_a_count_bucket,A-A | 0,255,65,25.49,25500,14030,-11470,55.02,215.85,18.61,79.76,428.68,-24.74,6.88,-212.83,mixed_edge
1-5,wind_bucket,5-6,2074,103,4.97,207400,114060,-93340,55.0,1107.38,6.7,75.78,1131.51,-20.78,-1.73,-24.13,mixed_edge
1-6,other_group_pattern,A-A-B-A,620,9,1.45,62000,34090,-27910,54.98,3787.78,4.05,73.3,1810.13,-18.32,-2.6,1977.65,mixed_edge
1-4,lane1_target_exhibition_time_diff_bucket x lane1_target_start_exhibition_st_diff_bucket,lane1_faster_0.05_0.10 | target_faster_0.06+,568,42,7.39,56800,31180,-25620,54.89,742.38,10.14,74.17,731.46,-19.28,-2.75,10.92,mixed_edge
1-4,lane1_target_start_gap_pair,>0.06-<=0.03,921,68,7.38,92100,50540,-41560,54.88,743.24,10.14,74.17,731.46,-19.29,-2.76,11.78,mixed_edge
1-4,target_lane x lane1_target_start_gap_pair,4 | >0.06-<=0.03,921,68,7.38,92100,50540,-41560,54.88,743.24,10.14,74.17,731.46,-19.29,-2.76,11.78,mixed_edge
1-4,lane1_start_exhibition_gap_bucket x target_start_exhibition_gap_bucket,>0.06 | <=0.03,921,68,7.38,92100,50540,-41560,54.88,743.24,10.14,74.17,731.46,-19.29,-2.76,11.78,mixed_edge
1-6,lane1_target_start_gap_pair x target_outer_pressure_bucket,>0.06-0.04-0.06 | high_other_pressure,617,17,2.76,61700,33780,-27920,54.75,1987.06,4.05,73.3,1810.13,-18.55,-1.29,176.93,mixed_edge
1-6,other_st_faster_than_target_count_bucket,3,3043,98,3.22,304300,166340,-137960,54.66,1697.35,4.05,73.3,1810.13,-18.64,-0.83,-112.78,mixed_edge
1-6,target_exhibition_st_rank_bucket x other_st_faster_than_target_count_bucket,4+ | 3,3043,98,3.22,304300,166340,-137960,54.66,1697.35,4.05,73.3,1810.13,-18.64,-0.83,-112.78,mixed_edge
1-3,target_class_group x target_outer_pressure_bucket,B | low_other_pressure,112,22,19.64,11200,6100,-5100,54.46,277.27,15.86,79.54,501.69,-25.08,3.78,-224.42,mixed_edge
1-5,lane1_class,B2,418,16,3.83,41800,22680,-19120,54.26,1417.5,6.7,75.78,1131.51,-21.52,-2.87,285.99,mixed_edge
1-2,lane1_target_exhibition_time_diff_bucket x lane1_target_start_exhibition_st_diff_bucket,lane1_faster_0.05_0.10 | target_faster_0.06+,282,30,10.64,28200,15300,-12900,54.26,510.0,18.61,79.76,428.68,-25.5,-7.97,81.32,mixed_edge
1-4,lane1_target_exhibition_st_rank_pair,3-4+,1306,101,7.73,130600,70250,-60350,53.79,695.54,10.14,74.17,731.46,-20.38,-2.41,-35.92,mixed_edge
1-4,lane1_exhibition_st_rank_bucket x target_exhibition_st_rank_bucket,3 | 4+,1306,101,7.73,130600,70250,-60350,53.79,695.54,10.14,74.17,731.46,-20.38,-2.41,-35.92,mixed_edge
1-5,lane1_target_exhibition_time_diff_bucket x lane1_target_start_exhibition_st_diff_bucket,lane1_faster_0.10+ | lane1_faster_0.06+,774,34,4.39,77400,41630,-35770,53.79,1224.41,6.7,75.78,1131.51,-21.99,-2.31,92.9,mixed_edge
1-5,lane1_target_exhibition_st_rank_pair,4+-3,1168,63,5.39,116800,62740,-54060,53.72,995.87,6.7,75.78,1131.51,-22.06,-1.31,-135.64,mixed_edge
1-5,lane1_exhibition_st_rank_bucket x target_exhibition_st_rank_bucket,4+ | 3,1168,63,5.39,116800,62740,-54060,53.72,995.87,6.7,75.78,1131.51,-22.06,-1.31,-135.64,mixed_edge
1-4,target_start_exhibition_gap_bucket,>0.06,5242,393,7.5,524200,281160,-243040,53.64,715.42,10.14,74.17,731.46,-20.53,-2.64,-16.04,mixed_edge
1-4,target_lane x target_start_exhibition_gap_bucket,4 | >0.06,5242,393,7.5,524200,281160,-243040,53.64,715.42,10.14,74.17,731.46,-20.53,-2.64,-16.04,mixed_edge
1-5,lane1_target_start_gap_pair x target_outer_pressure_bucket,<=0.03-best | low_other_pressure,50,5,10.0,5000,2680,-2320,53.6,536.0,6.7,75.78,1131.51,-22.18,3.3,-595.51,mixed_edge
1-4,lane1_target_start_gap_pair x target_outer_pressure_bucket,>0.06-0.04-0.06 | high_other_pressure,688,45,6.54,68800,36800,-32000,53.49,817.78,10.14,74.17,731.46,-20.68,-3.6,86.32,mixed_edge
1-6,other_b2_count_bucket,2,305,14,4.59,30500,16250,-14250,53.28,1160.71,4.05,73.3,1810.13,-20.02,0.54,-649.42,mixed_edge
1-6,other_group_pattern,A-A-A-B,535,8,1.5,53500,28490,-25010,53.25,3561.25,4.05,73.3,1810.13,-20.05,-2.55,1751.12,mixed_edge
1-6,stadium_code,11,720,26,3.61,72000,38240,-33760,53.11,1470.77,4.05,73.3,1810.13,-20.19,-0.44,-339.36,mixed_edge
1-6,stadium_code x target_lane,11 | 6,720,26,3.61,72000,38240,-33760,53.11,1470.77,4.05,73.3,1810.13,-20.19,-0.44,-339.36,mixed_edge
1-2,other_st_faster_than_target_count_bucket,4,2829,315,11.13,282900,150230,-132670,53.1,476.92,18.61,79.76,428.68,-26.66,-7.48,48.24,mixed_edge
1-2,target_exhibition_st_rank_bucket x other_st_faster_than_target_count_bucket,4+ | 4,2829,315,11.13,282900,150230,-132670,53.1,476.92,18.61,79.76,428.68,-26.66,-7.48,48.24,mixed_edge
1-2,lane1_target_start_gap_pair x target_outer_pressure_bucket,<=0.03-<=0.03 | low_other_pressure,75,16,21.33,7500,3980,-3520,53.07,248.75,18.61,79.76,428.68,-26.69,2.72,-179.93,mixed_edge
1-4,lane1_target_exhibition_time_diff_bucket x lane1_target_start_exhibition_st_diff_bucket,target_faster_0.05_0.10 | target_faster_0.03_0.06,212,16,7.55,21200,11240,-9960,53.02,702.5,10.14,74.17,731.46,-21.15,-2.59,-28.96,mixed_edge
1-5,lane1_target_exhibition_time_diff_bucket x lane1_target_start_exhibition_st_diff_bucket,lane1_faster_0.05_0.10 | target_faster_0.06+,536,28,5.22,53600,28330,-25270,52.85,1011.79,6.7,75.78,1131.51,-22.93,-1.48,-119.72,mixed_edge
1-5,lane1_start_exhibition_gap_bucket,>0.06,4044,186,4.6,404400,213260,-191140,52.73,1146.56,6.7,75.78,1131.51,-23.05,-2.1,15.05,mixed_edge
1-2,lane1_target_exhibition_st_rank_pair,4+-4+,3063,353,11.52,306300,161370,-144930,52.68,457.14,18.61,79.76,428.68,-27.08,-7.09,28.46,mixed_edge
1-2,lane1_exhibition_st_rank_bucket x target_exhibition_st_rank_bucket,4+ | 4+,3063,353,11.52,306300,161370,-144930,52.68,457.14,18.61,79.76,428.68,-27.08,-7.09,28.46,mixed_edge
1-6,lane1_target_start_gap_pair x target_outer_pressure_bucket,>0.06-0.04-0.06 | some_other_pressure,90,5,5.56,9000,4740,-4260,52.67,948.0,4.05,73.3,1810.13,-20.63,1.51,-862.13,mixed_edge
1-3,lane1_target_exhibition_st_rank_pair,4+-3,1068,118,11.05,106800,56240,-50560,52.66,476.61,15.86,79.54,501.69,-26.88,-4.81,-25.08,mixed_edge
1-3,lane1_exhibition_st_rank_bucket x target_exhibition_st_rank_bucket,4+ | 3,1068,118,11.05,106800,56240,-50560,52.66,476.61,15.86,79.54,501.69,-26.88,-4.81,-25.08,mixed_edge
1-5,lane1_target_start_gap_pair x target_outer_pressure_bucket,0.04-0.06-<=0.03 | some_other_pressure,78,5,6.41,7800,4100,-3700,52.56,820.0,6.7,75.78,1131.51,-23.22,-0.29,-311.51,mixed_edge
1-3,lane1_target_exhibition_time_diff_bucket x lane1_target_start_exhibition_st_diff_bucket,target_faster_0.05_0.10 | target_faster_0.03_0.06,234,29,12.39,23400,12280,-11120,52.48,423.45,15.86,79.54,501.69,-27.06,-3.47,-78.24,mixed_edge
1-5,lane1_target_exhibition_time_diff_bucket x lane1_target_start_exhibition_st_diff_bucket,target_faster_0.05_0.10 | target_faster_0.06+,298,15,5.03,29800,15620,-14180,52.42,1041.33,6.7,75.78,1131.51,-23.36,-1.67,-90.18,mixed_edge
1-2,lane1_target_exhibition_st_rank_pair,4+-3,820,101,12.32,82000,42930,-39070,52.35,425.05,18.61,79.76,428.68,-27.41,-6.29,-3.63,mixed_edge
1-2,lane1_exhibition_st_rank_bucket x target_exhibition_st_rank_bucket,4+ | 3,820,101,12.32,82000,42930,-39070,52.35,425.05,18.61,79.76,428.68,-27.41,-6.29,-3.63,mixed_edge
1-2,lane1_target_start_gap_pair x target_outer_pressure_bucket,<=0.03-0.04-0.06 | high_other_pressure,587,76,12.95,58700,30720,-27980,52.33,404.21,18.61,79.76,428.68,-27.43,-5.66,-24.47,mixed_edge
1-4,lane1_target_group_pair x other_a_count_bucket,A-B | 0,890,97,10.9,89000,46510,-42490,52.26,479.48,10.14,74.17,731.46,-21.91,0.76,-251.98,mixed_edge
1-5,other_group_pattern,A-A-B-B,918,38,4.14,91800,47970,-43830,52.25,1262.37,6.7,75.78,1131.51,-23.53,-2.56,130.86,mixed_edge
1-3,lane1_target_start_gap_pair x target_outer_pressure_bucket,0.04-0.06->0.06 | some_other_pressure,90,13,14.44,9000,4700,-4300,52.22,361.54,15.86,79.54,501.69,-27.32,-1.42,-140.15,mixed_edge
1-6,lane1_target_start_gap_pair x target_outer_pressure_bucket,<=0.03-<=0.03 | some_other_pressure,95,4,4.21,9500,4960,-4540,52.21,1240.0,4.05,73.3,1810.13,-21.09,0.16,-570.13,mixed_edge
1-5,lane1_target_national_rank_pair,3-4+,1721,52,3.02,172100,89690,-82410,52.12,1724.81,6.7,75.78,1131.51,-23.66,-3.68,593.3,mixed_edge
1-5,target_lane x lane1_target_national_rank_pair,5 | 3-4+,1721,52,3.02,172100,89690,-82410,52.12,1724.81,6.7,75.78,1131.51,-23.66,-3.68,593.3,mixed_edge
1-5,lane1_target_national_rank_pair x target_outer_pressure_bucket,3-4+ | high_other_pressure,1721,52,3.02,172100,89690,-82410,52.12,1724.81,6.7,75.78,1131.51,-23.66,-3.68,593.3,mixed_edge
1-4,lane1_target_exhibition_time_diff_bucket x lane1_target_start_exhibition_st_diff_bucket,lane1_faster_0.05_0.10 | lane1_faster_0.06+,906,73,8.06,90600,47020,-43580,51.9,644.11,10.14,74.17,731.46,-22.27,-2.08,-87.35,mixed_edge
1-5,lane1_target_start_gap_pair,>0.06->0.06,1167,47,4.03,116700,60230,-56470,51.61,1281.49,6.7,75.78,1131.51,-24.17,-2.67,149.98,mixed_edge
1-5,target_lane x lane1_target_start_gap_pair,5 | >0.06->0.06,1167,47,4.03,116700,60230,-56470,51.61,1281.49,6.7,75.78,1131.51,-24.17,-2.67,149.98,mixed_edge
1-5,lane1_start_exhibition_gap_bucket x target_start_exhibition_gap_bucket,>0.06 | >0.06,1167,47,4.03,116700,60230,-56470,51.61,1281.49,6.7,75.78,1131.51,-24.17,-2.67,149.98,mixed_edge
1-5,lane1_target_start_gap_pair x target_outer_pressure_bucket,>0.06->0.06 | high_other_pressure,1031,38,3.69,103100,53180,-49920,51.58,1399.47,6.7,75.78,1131.51,-24.2,-3.01,267.96,mixed_edge
1-6,grade_group,G1,551,20,3.63,55100,28330,-26770,51.42,1416.5,4.05,73.3,1810.13,-21.88,-0.42,-393.63,mixed_edge
1-3,stadium_code,15,652,76,11.66,65200,33470,-31730,51.33,440.39,15.86,79.54,501.69,-28.21,-4.2,-61.3,mixed_edge
1-3,stadium_code x target_lane,15 | 3,652,76,11.66,65200,33470,-31730,51.33,440.39,15.86,79.54,501.69,-28.21,-4.2,-61.3,mixed_edge
1-3,lane1_target_exhibition_time_diff_bucket x lane1_target_start_exhibition_st_diff_bucket,target_faster_0.05_0.10 | target_faster_0.06+,281,29,10.32,28100,14370,-13730,51.14,495.52,15.86,79.54,501.69,-28.4,-5.54,-6.17,mixed_edge
1-4,other_group_pattern,A-A-A-B,665,42,6.32,66500,33950,-32550,51.05,808.33,10.14,74.17,731.46,-23.12,-3.82,76.87,mixed_edge
1-6,lane1_target_group_pair x other_a_count_bucket,B-B | 2,1607,16,1.0,160700,82000,-78700,51.03,5125.0,4.05,73.3,1810.13,-22.27,-3.05,3314.87,mixed_edge
1-2,target_exhibition_st_rank_bucket x other_st_faster_than_target_count_bucket,3 | 2,842,101,12.0,84200,42930,-41270,50.99,425.05,18.61,79.76,428.68,-28.77,-6.61,-3.63,mixed_edge
1-6,lane1_target_national_rank_pair x target_outer_pressure_bucket,1-2 | high_other_pressure,371,22,5.93,37100,18890,-18210,50.92,858.64,4.05,73.3,1810.13,-22.38,1.88,-951.49,mixed_edge
1-2,lane1_target_start_gap_pair,>0.06-<=0.03,504,61,12.1,50400,25660,-24740,50.91,420.66,18.61,79.76,428.68,-28.85,-6.51,-8.02,mixed_edge
1-2,target_lane x lane1_target_start_gap_pair,2 | >0.06-<=0.03,504,61,12.1,50400,25660,-24740,50.91,420.66,18.61,79.76,428.68,-28.85,-6.51,-8.02,mixed_edge
1-2,lane1_start_exhibition_gap_bucket x target_start_exhibition_gap_bucket,>0.06 | <=0.03,504,61,12.1,50400,25660,-24740,50.91,420.66,18.61,79.76,428.68,-28.85,-6.51,-8.02,mixed_edge
1-6,lane1_target_exhibition_st_rank_pair,2-4+,1954,61,3.12,195400,99460,-95940,50.9,1630.49,4.05,73.3,1810.13,-22.4,-0.93,-179.64,mixed_edge
1-6,lane1_exhibition_st_rank_bucket x target_exhibition_st_rank_bucket,2 | 4+,1954,61,3.12,195400,99460,-95940,50.9,1630.49,4.05,73.3,1810.13,-22.4,-0.93,-179.64,mixed_edge
1-4,lane1_target_start_gap_pair x target_outer_pressure_bucket,>0.06-<=0.03 | some_other_pressure,116,12,10.34,11600,5880,-5720,50.69,490.0,10.14,74.17,731.46,-23.48,0.2,-241.46,mixed_edge
1-6,lane1_target_start_gap_pair,<=0.03-0.04-0.06,746,24,3.22,74600,37720,-36880,50.56,1571.67,4.05,73.3,1810.13,-22.74,-0.83,-238.46,mixed_edge
1-6,target_lane x lane1_target_start_gap_pair,6 | <=0.03-0.04-0.06,746,24,3.22,74600,37720,-36880,50.56,1571.67,4.05,73.3,1810.13,-22.74,-0.83,-238.46,mixed_edge
1-6,lane1_start_exhibition_gap_bucket x target_start_exhibition_gap_bucket,<=0.03 | 0.04-0.06,746,24,3.22,74600,37720,-36880,50.56,1571.67,4.05,73.3,1810.13,-22.74,-0.83,-238.46,mixed_edge
1-6,lane1_target_start_gap_pair x target_outer_pressure_bucket,<=0.03-0.04-0.06 | some_other_pressure,77,4,5.19,7700,3890,-3810,50.52,972.5,4.05,73.3,1810.13,-22.78,1.14,-837.63,mixed_edge
1-3,lane1_target_start_exhibition_st_diff_bucket,target_faster_0.06+,2129,220,10.33,212900,106610,-106290,50.08,484.59,15.86,79.54,501.69,-29.46,-5.53,-17.1,mixed_edge
1-2,lane1_start_exhibition_gap_bucket,>0.06,4044,423,10.46,404400,202340,-202060,50.03,478.35,18.61,79.76,428.68,-29.73,-8.15,49.67,mixed_edge
1-4,lane1_target_exhibition_time_diff_bucket x lane1_target_start_exhibition_st_diff_bucket,target_faster_0.05_0.10 | target_faster_0.06+,326,24,7.36,32600,16300,-16300,50.0,679.17,10.14,74.17,731.46,-24.17,-2.78,-52.29,mixed_edge
1-2,lane1_target_start_gap_pair x target_outer_pressure_bucket,>0.06-<=0.03 | low_other_pressure,38,5,13.16,3800,1900,-1900,50.0,380.0,18.61,79.76,428.68,-29.76,-5.45,-48.68,mixed_edge
1-5,lane1_target_exhibition_time_diff_bucket x lane1_target_start_exhibition_st_diff_bucket,target_faster_0.05_0.10 | lane1_faster_0.06+,432,24,5.56,43200,21570,-21630,49.93,898.75,6.7,75.78,1131.51,-25.85,-1.14,-232.76,mixed_edge
1-4,lane1_target_start_exhibition_st_diff_bucket,target_faster_0.06+,2720,186,6.84,272000,135720,-136280,49.9,729.68,10.14,74.17,731.46,-24.27,-3.3,-1.78,mixed_edge
1-5,lane1_target_exhibition_time_diff_bucket x lane1_target_start_exhibition_st_diff_bucket,target_faster_0.10+ | target_faster_0.06+,162,9,5.56,16200,8070,-8130,49.81,896.67,6.7,75.78,1131.51,-25.97,-1.14,-234.84,mixed_edge
1-3,lane1_target_exhibition_st_rank_pair,4+-4+,2119,203,9.58,211900,104810,-107090,49.46,516.31,15.86,79.54,501.69,-30.08,-6.28,14.62,mixed_edge
1-3,lane1_exhibition_st_rank_bucket x target_exhibition_st_rank_bucket,4+ | 4+,2119,203,9.58,211900,104810,-107090,49.46,516.31,15.86,79.54,501.69,-30.08,-6.28,14.62,mixed_edge
1-5,lane1_target_start_gap_pair x target_outer_pressure_bucket,0.04-0.06->0.06 | high_other_pressure,737,25,3.39,73700,36380,-37320,49.36,1455.2,6.7,75.78,1131.51,-26.42,-3.31,323.69,mixed_edge
1-5,lane1_target_exhibition_time_diff_bucket x lane1_target_start_exhibition_st_diff_bucket,target_faster_0.10+ | near_equal,197,9,4.57,19700,9700,-10000,49.24,1077.78,6.7,75.78,1131.51,-26.54,-2.13,-53.73,mixed_edge
1-4,lane1_target_exhibition_time_diff_bucket x lane1_target_start_exhibition_st_diff_bucket,lane1_faster_0.10+ | lane1_faster_0.06+,661,39,5.9,66100,32360,-33740,48.96,829.74,10.14,74.17,731.46,-25.21,-4.24,98.28,mixed_edge
1-3,target_exhibition_st_rank_bucket x other_st_faster_than_target_count_bucket,3 | 2,1005,105,10.45,100500,48900,-51600,48.66,465.71,15.86,79.54,501.69,-30.88,-5.41,-35.98,mixed_edge
1-4,lane1_target_start_gap_pair,>0.06-0.04-0.06,829,53,6.39,82900,40320,-42580,48.64,760.75,10.14,74.17,731.46,-25.53,-3.75,29.29,mixed_edge
1-4,target_lane x lane1_target_start_gap_pair,4 | >0.06-0.04-0.06,829,53,6.39,82900,40320,-42580,48.64,760.75,10.14,74.17,731.46,-25.53,-3.75,29.29,mixed_edge
1-4,lane1_start_exhibition_gap_bucket x target_start_exhibition_gap_bucket,>0.06 | 0.04-0.06,829,53,6.39,82900,40320,-42580,48.64,760.75,10.14,74.17,731.46,-25.53,-3.75,29.29,mixed_edge
1-3,lane1_target_start_gap_pair,<=0.03->0.06,653,67,10.26,65300,31680,-33620,48.51,472.84,15.86,79.54,501.69,-31.03,-5.6,-28.85,mixed_edge
1-3,target_lane x lane1_target_start_gap_pair,3 | <=0.03->0.06,653,67,10.26,65300,31680,-33620,48.51,472.84,15.86,79.54,501.69,-31.03,-5.6,-28.85,mixed_edge
1-3,lane1_start_exhibition_gap_bucket x target_start_exhibition_gap_bucket,<=0.03 | >0.06,653,67,10.26,65300,31680,-33620,48.51,472.84,15.86,79.54,501.69,-31.03,-5.6,-28.85,mixed_edge
1-6,other_national_better_than_target_count_bucket,4,4178,46,1.1,417800,201500,-216300,48.23,4380.43,4.05,73.3,1810.13,-25.07,-2.95,2570.3,mixed_edge
1-6,target_national_win_rank_bucket x other_national_better_than_target_count_bucket,4+ | 4,4178,46,1.1,417800,201500,-216300,48.23,4380.43,4.05,73.3,1810.13,-25.07,-2.95,2570.3,mixed_edge
1-6,other_group_pattern,A-A-B-B,876,21,2.4,87600,42180,-45420,48.15,2008.57,4.05,73.3,1810.13,-25.15,-1.65,198.44,mixed_edge
1-5,stadium_code,02,671,27,4.02,67100,32310,-34790,48.15,1196.67,6.7,75.78,1131.51,-27.63,-2.68,65.16,mixed_edge
1-5,stadium_code x target_lane,02 | 5,671,27,4.02,67100,32310,-34790,48.15,1196.67,6.7,75.78,1131.51,-27.63,-2.68,65.16,mixed_edge
1-5,lane1_target_start_gap_pair x target_outer_pressure_bucket,>0.06-0.04-0.06 | some_other_pressure,97,7,7.22,9700,4660,-5040,48.04,665.71,6.7,75.78,1131.51,-27.74,0.52,-465.8,mixed_edge
1-3,lane1_target_start_gap_pair x target_outer_pressure_bucket,>0.06-0.04-0.06 | high_other_pressure,670,59,8.81,67000,32150,-34850,47.99,544.92,15.86,79.54,501.69,-31.55,-7.05,43.23,mixed_edge
1-5,lane1_target_exhibition_st_rank_pair,4+-4+,1735,69,3.98,173500,82780,-90720,47.71,1199.71,6.7,75.78,1131.51,-28.07,-2.72,68.2,mixed_edge
1-5,lane1_exhibition_st_rank_bucket x target_exhibition_st_rank_bucket,4+ | 4+,1735,69,3.98,173500,82780,-90720,47.71,1199.71,6.7,75.78,1131.51,-28.07,-2.72,68.2,mixed_edge
1-3,lane1_target_start_gap_pair,>0.06-0.04-0.06,803,80,9.96,80300,38290,-42010,47.68,478.62,15.86,79.54,501.69,-31.86,-5.9,-23.07,mixed_edge
1-3,target_lane x lane1_target_start_gap_pair,3 | >0.06-0.04-0.06,803,80,9.96,80300,38290,-42010,47.68,478.62,15.86,79.54,501.69,-31.86,-5.9,-23.07,mixed_edge
1-3,lane1_start_exhibition_gap_bucket x target_start_exhibition_gap_bucket,>0.06 | 0.04-0.06,803,80,9.96,80300,38290,-42010,47.68,478.62,15.86,79.54,501.69,-31.86,-5.9,-23.07,mixed_edge
1-3,lane1_target_start_gap_pair,>0.06-best,797,81,10.16,79700,37940,-41760,47.6,468.4,15.86,79.54,501.69,-31.94,-5.7,-33.29,mixed_edge
1-3,target_lane x lane1_target_start_gap_pair,3 | >0.06-best,797,81,10.16,79700,37940,-41760,47.6,468.4,15.86,79.54,501.69,-31.94,-5.7,-33.29,mixed_edge
1-3,lane1_start_exhibition_gap_bucket x target_start_exhibition_gap_bucket,>0.06 | best,797,81,10.16,79700,37940,-41760,47.6,468.4,15.86,79.54,501.69,-31.94,-5.7,-33.29,mixed_edge
1-3,lane1_target_start_gap_pair,0.04-0.06->0.06,727,73,10.04,72700,34600,-38100,47.59,473.97,15.86,79.54,501.69,-31.95,-5.82,-27.72,mixed_edge
1-3,target_lane x lane1_target_start_gap_pair,3 | 0.04-0.06->0.06,727,73,10.04,72700,34600,-38100,47.59,473.97,15.86,79.54,501.69,-31.95,-5.82,-27.72,mixed_edge
1-3,lane1_start_exhibition_gap_bucket x target_start_exhibition_gap_bucket,0.04-0.06 | >0.06,727,73,10.04,72700,34600,-38100,47.59,473.97,15.86,79.54,501.69,-31.95,-5.82,-27.72,mixed_edge
1-4,lane1_target_exhibition_st_rank_pair,4+-4+,1463,88,6.02,146300,69510,-76790,47.51,789.89,10.14,74.17,731.46,-26.66,-4.12,58.43,mixed_edge
1-4,lane1_exhibition_st_rank_bucket x target_exhibition_st_rank_bucket,4+ | 4+,1463,88,6.02,146300,69510,-76790,47.51,789.89,10.14,74.17,731.46,-26.66,-4.12,58.43,mixed_edge
1-6,lane1_target_group_pair x other_a_count_bucket,B-B | 3,721,4,0.55,72100,33920,-38180,47.05,8480.0,4.05,73.3,1810.13,-26.25,-3.5,6669.87,mixed_edge
1-6,lane1_target_start_gap_pair x target_outer_pressure_bucket,<=0.03-0.04-0.06 | high_other_pressure,638,16,2.51,63800,30020,-33780,47.05,1876.25,4.05,73.3,1810.13,-26.25,-1.54,66.12,mixed_edge
1-4,lane1_target_start_gap_pair x target_outer_pressure_bucket,>0.06->0.06 | low_other_pressure,54,7,12.96,5400,2540,-2860,47.04,362.86,10.14,74.17,731.46,-27.13,2.82,-368.6,mixed_edge
1-5,lane1_target_exhibition_time_diff_bucket x lane1_target_start_exhibition_st_diff_bucket,lane1_faster_0.10+ | target_faster_0.06+,362,15,4.14,36200,17010,-19190,46.99,1134.0,6.7,75.78,1131.51,-28.79,-2.56,2.49,mixed_edge
1-6,lane1_target_exhibition_time_diff_bucket x lane1_target_start_exhibition_st_diff_bucket,target_faster_0.05_0.10 | lane1_faster_0.03_0.06,253,10,3.95,25300,11860,-13440,46.88,1186.0,4.05,73.3,1810.13,-26.42,-0.1,-624.13,mixed_edge
1-3,lane1_target_group_pair x target_outer_pressure_bucket,B-B | low_other_pressure,51,6,11.76,5100,2390,-2710,46.86,398.33,15.86,79.54,501.69,-32.68,-4.1,-103.36,mixed_edge
1-4,lane1_target_class_pair,B2-B1,230,7,3.04,23000,10760,-12240,46.78,1537.14,10.14,74.17,731.46,-27.39,-7.1,805.68,mixed_edge
1-4,lane1_target_exhibition_time_diff_bucket x lane1_target_start_exhibition_st_diff_bucket,near_equal | target_faster_0.06+,1292,89,6.89,129200,60350,-68850,46.71,678.09,10.14,74.17,731.46,-27.46,-3.25,-53.37,mixed_edge
1-4,grade_group,SG,72,5,6.94,7200,3350,-3850,46.53,670.0,10.14,74.17,731.46,-27.64,-3.2,-61.46,mixed_edge
1-2,lane1_target_start_gap_pair x target_outer_pressure_bucket,>0.06-<=0.03 | high_other_pressure,369,37,10.03,36900,17120,-19780,46.4,462.7,18.61,79.76,428.68,-33.36,-8.58,34.02,mixed_edge
1-4,lane1_target_group_pair x other_a_count_bucket,B-A | 3,178,7,3.93,17800,8260,-9540,46.4,1180.0,10.14,74.17,731.46,-27.77,-6.21,448.54,mixed_edge
1-5,lane1_target_class_pair,B1-B2,779,11,1.41,77900,36020,-41880,46.24,3274.55,6.7,75.78,1131.51,-29.54,-5.29,2143.04,mixed_edge
1-4,lane1_target_national_rank_pair x target_outer_pressure_bucket,3-2 | some_other_pressure,221,23,10.41,22100,10200,-11900,46.15,443.48,10.14,74.17,731.46,-28.02,0.27,-287.98,mixed_edge
1-5,target_exhibition_st_rank_bucket x other_st_faster_than_target_count_bucket,3 | 2,831,37,4.45,83100,38320,-44780,46.11,1035.68,6.7,75.78,1131.51,-29.67,-2.25,-95.83,mixed_edge
1-5,lane1_target_start_gap_pair,0.04-0.06->0.06,836,28,3.35,83600,38500,-45100,46.05,1375.0,6.7,75.78,1131.51,-29.73,-3.35,243.49,mixed_edge
1-5,target_lane x lane1_target_start_gap_pair,5 | 0.04-0.06->0.06,836,28,3.35,83600,38500,-45100,46.05,1375.0,6.7,75.78,1131.51,-29.73,-3.35,243.49,mixed_edge
1-5,lane1_start_exhibition_gap_bucket x target_start_exhibition_gap_bucket,0.04-0.06 | >0.06,836,28,3.35,83600,38500,-45100,46.05,1375.0,6.7,75.78,1131.51,-29.73,-3.35,243.49,mixed_edge
1-5,lane1_target_start_gap_pair x target_outer_pressure_bucket,>0.06->0.06 | some_other_pressure,106,5,4.72,10600,4880,-5720,46.04,976.0,6.7,75.78,1131.51,-29.74,-1.98,-155.51,mixed_edge
1-3,lane1_target_start_gap_pair x target_outer_pressure_bucket,>0.06->0.06 | some_other_pressure,206,28,13.59,20600,9480,-11120,46.02,338.57,15.86,79.54,501.69,-33.52,-2.27,-163.12,mixed_edge
1-3,lane1_target_start_gap_pair x target_outer_pressure_bucket,0.04-0.06->0.06 | high_other_pressure,614,54,8.79,61400,28150,-33250,45.85,521.3,15.86,79.54,501.69,-33.69,-7.07,19.61,mixed_edge
1-3,lane1_target_start_gap_pair x target_outer_pressure_bucket,>0.06-best | high_other_pressure,570,49,8.6,57000,25990,-31010,45.6,530.41,15.86,79.54,501.69,-33.94,-7.26,28.72,mixed_edge
1-3,lane1_target_exhibition_time_diff_bucket x lane1_target_start_exhibition_st_diff_bucket,near_equal | target_faster_0.06+,994,99,9.96,99400,45320,-54080,45.59,457.78,15.86,79.54,501.69,-33.95,-5.9,-43.91,mixed_edge
1-2,lane1_target_class_pair,B2-B1,242,14,5.79,24200,11030,-13170,45.58,787.86,18.61,79.76,428.68,-34.18,-12.82,359.18,mixed_edge
1-4,lane1_target_start_gap_pair,<=0.03->0.06,958,73,7.62,95800,43050,-52750,44.94,589.73,10.14,74.17,731.46,-29.23,-2.52,-141.73,mixed_edge
1-4,target_lane x lane1_target_start_gap_pair,4 | <=0.03->0.06,958,73,7.62,95800,43050,-52750,44.94,589.73,10.14,74.17,731.46,-29.23,-2.52,-141.73,mixed_edge
1-4,lane1_start_exhibition_gap_bucket x target_start_exhibition_gap_bucket,<=0.03 | >0.06,958,73,7.62,95800,43050,-52750,44.94,589.73,10.14,74.17,731.46,-29.23,-2.52,-141.73,mixed_edge
1-3,other_st_faster_than_target_count_bucket,4,1838,140,7.62,183800,82570,-101230,44.92,589.79,15.86,79.54,501.69,-34.62,-8.24,88.1,mixed_edge
1-3,target_exhibition_st_rank_bucket x other_st_faster_than_target_count_bucket,4+ | 4,1838,140,7.62,183800,82570,-101230,44.92,589.79,15.86,79.54,501.69,-34.62,-8.24,88.1,mixed_edge
1-6,other_st_faster_than_target_count_bucket,4,4138,93,2.25,413800,184980,-228820,44.7,1989.03,4.05,73.3,1810.13,-28.6,-1.8,178.9,mixed_edge
1-6,target_exhibition_st_rank_bucket x other_st_faster_than_target_count_bucket,4+ | 4,4138,93,2.25,413800,184980,-228820,44.7,1989.03,4.05,73.3,1810.13,-28.6,-1.8,178.9,mixed_edge
1-5,wind_bucket,7+,793,33,4.16,79300,35390,-43910,44.63,1072.42,6.7,75.78,1131.51,-31.15,-2.54,-59.09,mixed_edge
1-4,other_st_faster_than_target_count_bucket,4,2052,114,5.56,205200,91520,-113680,44.6,802.81,10.14,74.17,731.46,-29.57,-4.58,71.35,mixed_edge
1-4,target_exhibition_st_rank_bucket x other_st_faster_than_target_count_bucket,4+ | 4,2052,114,5.56,205200,91520,-113680,44.6,802.81,10.14,74.17,731.46,-29.57,-4.58,71.35,mixed_edge
1-6,lane1_target_exhibition_time_diff_bucket x lane1_target_start_exhibition_st_diff_bucket,target_faster_0.10+ | target_faster_0.06+,160,7,4.38,16000,7120,-8880,44.5,1017.14,4.05,73.3,1810.13,-28.8,0.33,-792.99,mixed_edge
1-3,lane1_target_start_gap_pair x target_outer_pressure_bucket,>0.06-best | low_other_pressure,64,9,14.06,6400,2840,-3560,44.38,315.56,15.86,79.54,501.69,-35.16,-1.8,-186.13,mixed_edge
1-4,lane1_start_exhibition_gap_bucket,>0.06,4044,241,5.96,404400,179150,-225250,44.3,743.36,10.14,74.17,731.46,-29.87,-4.18,11.9,mixed_edge
1-5,lane1_target_start_gap_pair x target_outer_pressure_bucket,>0.06-<=0.03 | some_other_pressure,106,6,5.66,10600,4670,-5930,44.06,778.33,6.7,75.78,1131.51,-31.72,-1.04,-353.18,mixed_edge
1-5,target_class,B2,1539,32,2.08,153900,67770,-86130,44.04,2117.81,6.7,75.78,1131.51,-31.74,-4.62,986.3,mixed_edge
1-6,lane1_target_group_pair x other_a_count_bucket,A-A | 3,473,12,2.54,47300,20820,-26480,44.02,1735.0,4.05,73.3,1810.13,-29.28,-1.51,-75.13,mixed_edge
1-6,lane1_target_start_gap_pair x target_outer_pressure_bucket,<=0.03->0.06 | some_other_pressure,152,7,4.61,15200,6680,-8520,43.95,954.29,4.05,73.3,1810.13,-29.35,0.56,-855.84,mixed_edge
1-4,lane1_target_start_gap_pair x target_outer_pressure_bucket,>0.06-best | high_other_pressure,865,51,5.9,86500,38000,-48500,43.93,745.1,10.14,74.17,731.46,-30.24,-4.24,13.64,mixed_edge
1-2,lane1_target_start_gap_pair x target_outer_pressure_bucket,>0.06-0.04-0.06 | some_other_pressure,120,17,14.17,12000,5220,-6780,43.5,307.06,18.61,79.76,428.68,-36.26,-4.44,-121.62,mixed_edge
1-3,lane1_target_exhibition_time_diff_bucket x lane1_target_start_exhibition_st_diff_bucket,target_faster_0.10+ | target_faster_0.06+,132,8,6.06,13200,5740,-7460,43.48,717.5,15.86,79.54,501.69,-36.06,-9.8,215.81,mixed_edge
1-3,lane1_start_exhibition_gap_bucket,>0.06,4044,367,9.08,404400,175520,-228880,43.4,478.26,15.86,79.54,501.69,-36.14,-6.78,-23.43,mixed_edge
1-6,lane1_target_start_gap_pair,>0.06->0.06,1430,33,2.31,143000,62040,-80960,43.38,1880.0,4.05,73.3,1810.13,-29.92,-1.74,69.87,mixed_edge
1-6,target_lane x lane1_target_start_gap_pair,6 | >0.06->0.06,1430,33,2.31,143000,62040,-80960,43.38,1880.0,4.05,73.3,1810.13,-29.92,-1.74,69.87,mixed_edge
1-6,lane1_start_exhibition_gap_bucket x target_start_exhibition_gap_bucket,>0.06 | >0.06,1430,33,2.31,143000,62040,-80960,43.38,1880.0,4.05,73.3,1810.13,-29.92,-1.74,69.87,mixed_edge
1-5,lane1_target_group_pair x target_outer_pressure_bucket,B-B | low_other_pressure,42,3,7.14,4200,1810,-2390,43.1,603.33,6.7,75.78,1131.51,-32.68,0.44,-528.18,mixed_edge
1-3,lane1_target_start_gap_pair x target_outer_pressure_bucket,<=0.03->0.06 | high_other_pressure,550,44,8.0,55000,23680,-31320,43.05,538.18,15.86,79.54,501.69,-36.49,-7.86,36.49,mixed_edge
1-6,lane1_target_exhibition_time_diff_bucket x lane1_target_start_exhibition_st_diff_bucket,target_faster_0.10+ | near_equal,187,7,3.74,18700,7970,-10730,42.62,1138.57,4.05,73.3,1810.13,-30.68,-0.31,-671.56,mixed_edge
1-6,stadium_code,18,768,30,3.91,76800,32700,-44100,42.58,1090.0,4.05,73.3,1810.13,-30.72,-0.14,-720.13,mixed_edge
1-6,stadium_code x target_lane,18 | 6,768,30,3.91,76800,32700,-44100,42.58,1090.0,4.05,73.3,1810.13,-30.72,-0.14,-720.13,mixed_edge
1-4,lane1_target_start_gap_pair,>0.06-best,1134,73,6.44,113400,47910,-65490,42.25,656.3,10.14,74.17,731.46,-31.92,-3.7,-75.16,mixed_edge
1-4,target_lane x lane1_target_start_gap_pair,4 | >0.06-best,1134,73,6.44,113400,47910,-65490,42.25,656.3,10.14,74.17,731.46,-31.92,-3.7,-75.16,mixed_edge
1-4,lane1_start_exhibition_gap_bucket x target_start_exhibition_gap_bucket,>0.06 | best,1134,73,6.44,113400,47910,-65490,42.25,656.3,10.14,74.17,731.46,-31.92,-3.7,-75.16,mixed_edge
1-4,lane1_target_start_gap_pair x target_outer_pressure_bucket,<=0.03->0.06 | high_other_pressure,815,52,6.38,81500,34260,-47240,42.04,658.85,10.14,74.17,731.46,-32.13,-3.76,-72.61,mixed_edge
1-2,lane1_target_start_gap_pair,<=0.03->0.06,661,76,11.5,66100,27650,-38450,41.83,363.82,18.61,79.76,428.68,-37.93,-7.11,-64.86,mixed_edge
1-2,target_lane x lane1_target_start_gap_pair,2 | <=0.03->0.06,661,76,11.5,66100,27650,-38450,41.83,363.82,18.61,79.76,428.68,-37.93,-7.11,-64.86,mixed_edge
1-2,lane1_start_exhibition_gap_bucket x target_start_exhibition_gap_bucket,<=0.03 | >0.06,661,76,11.5,66100,27650,-38450,41.83,363.82,18.61,79.76,428.68,-37.93,-7.11,-64.86,mixed_edge
1-2,lane1_target_start_gap_pair,>0.06->0.06,2288,207,9.05,228800,94940,-133860,41.49,458.65,18.61,79.76,428.68,-38.27,-9.56,29.97,mixed_edge
1-2,target_lane x lane1_target_start_gap_pair,2 | >0.06->0.06,2288,207,9.05,228800,94940,-133860,41.49,458.65,18.61,79.76,428.68,-38.27,-9.56,29.97,mixed_edge
1-2,lane1_start_exhibition_gap_bucket x target_start_exhibition_gap_bucket,>0.06 | >0.06,2288,207,9.05,228800,94940,-133860,41.49,458.65,18.61,79.76,428.68,-38.27,-9.56,29.97,mixed_edge
1-4,lane1_target_exhibition_time_diff_bucket x lane1_target_start_exhibition_st_diff_bucket,target_faster_0.10+ | near_equal,220,18,8.18,22000,9110,-12890,41.41,506.11,10.14,74.17,731.46,-32.76,-1.96,-225.35,mixed_edge
1-2,lane1_target_start_gap_pair x target_outer_pressure_bucket,0.04-0.06-0.04-0.06 | low_other_pressure,33,5,15.15,3300,1360,-1940,41.21,272.0,18.61,79.76,428.68,-38.55,-3.46,-156.68,mixed_edge
1-6,grade_group,G3,48,3,6.25,4800,1960,-2840,40.83,653.33,4.05,73.3,1810.13,-32.47,2.2,-1156.8,mixed_edge
1-6,lane1_target_class_pair,A1-B2,401,4,1.0,40100,16300,-23800,40.65,4075.0,4.05,73.3,1810.13,-32.65,-3.05,2264.87,mixed_edge
1-6,stadium_code,22,587,17,2.9,58700,23830,-34870,40.6,1401.76,4.05,73.3,1810.13,-32.7,-1.15,-408.37,mixed_edge
1-6,stadium_code x target_lane,22 | 6,587,17,2.9,58700,23830,-34870,40.6,1401.76,4.05,73.3,1810.13,-32.7,-1.15,-408.37,mixed_edge
1-3,lane1_target_start_gap_pair x target_outer_pressure_bucket,0.04-0.06-0.04-0.06 | low_other_pressure,37,7,18.92,3700,1500,-2200,40.54,214.29,15.86,79.54,501.69,-39.0,3.06,-287.4,mixed_edge
1-2,lane1_target_start_gap_pair x target_outer_pressure_bucket,>0.06->0.06 | some_other_pressure,349,40,11.46,34900,14110,-20790,40.43,352.75,18.61,79.76,428.68,-39.33,-7.15,-75.93,mixed_edge
1-4,lane1_target_start_gap_pair x target_outer_pressure_bucket,>0.06-best | some_other_pressure,184,17,9.24,18400,7430,-10970,40.38,437.06,10.14,74.17,731.46,-33.79,-0.9,-294.4,mixed_edge
1-4,stadium_code,06,695,50,7.19,69500,28040,-41460,40.35,560.8,10.14,74.17,731.46,-33.82,-2.95,-170.66,mixed_edge
1-4,stadium_code x target_lane,06 | 4,695,50,7.19,69500,28040,-41460,40.35,560.8,10.14,74.17,731.46,-33.82,-2.95,-170.66,mixed_edge
1-2,lane1_target_start_gap_pair x target_outer_pressure_bucket,>0.06->0.06 | high_other_pressure,1819,143,7.86,181900,73340,-108560,40.32,512.87,18.61,79.76,428.68,-39.44,-10.75,84.19,mixed_edge
1-3,lane1_target_exhibition_time_diff_bucket x lane1_target_start_exhibition_st_diff_bucket,lane1_faster_0.10+ | target_faster_0.06+,265,25,9.43,26500,10650,-15850,40.19,426.0,15.86,79.54,501.69,-39.35,-6.43,-75.69,mixed_edge
1-6,lane1_target_national_rank_pair,4+-4+,2464,19,0.77,246400,95270,-151130,38.66,5014.21,4.05,73.3,1810.13,-34.64,-3.28,3204.08,mixed_edge
1-6,target_lane x lane1_target_national_rank_pair,6 | 4+-4+,2464,19,0.77,246400,95270,-151130,38.66,5014.21,4.05,73.3,1810.13,-34.64,-3.28,3204.08,mixed_edge
1-6,lane1_target_national_rank_pair x target_outer_pressure_bucket,4+-4+ | high_other_pressure,2464,19,0.77,246400,95270,-151130,38.66,5014.21,4.05,73.3,1810.13,-34.64,-3.28,3204.08,mixed_edge
1-6,lane1_target_start_gap_pair x target_outer_pressure_bucket,>0.06->0.06 | high_other_pressure,1240,20,1.61,124000,47940,-76060,38.66,2397.0,4.05,73.3,1810.13,-34.64,-2.44,586.87,mixed_edge
1-6,stadium_code,14,559,13,2.33,55900,21400,-34500,38.28,1646.15,4.05,73.3,1810.13,-35.02,-1.72,-163.98,mixed_edge
1-6,stadium_code x target_lane,14 | 6,559,13,2.33,55900,21400,-34500,38.28,1646.15,4.05,73.3,1810.13,-35.02,-1.72,-163.98,mixed_edge
1-5,lane1_target_start_gap_pair x target_outer_pressure_bucket,>0.06-best | low_other_pressure,85,5,5.88,8500,3190,-5310,37.53,638.0,6.7,75.78,1131.51,-38.25,-0.82,-493.51,mixed_edge
1-5,other_st_faster_than_target_count_bucket,4,2176,63,2.9,217600,80770,-136830,37.12,1282.06,6.7,75.78,1131.51,-38.66,-3.8,150.55,mixed_edge
1-5,target_exhibition_st_rank_bucket x other_st_faster_than_target_count_bucket,4+ | 4,2176,63,2.9,217600,80770,-136830,37.12,1282.06,6.7,75.78,1131.51,-38.66,-3.8,150.55,mixed_edge
1-2,lane1_target_start_gap_pair x target_outer_pressure_bucket,<=0.03->0.06 | high_other_pressure,551,52,9.44,55100,20190,-34910,36.64,388.27,18.61,79.76,428.68,-43.12,-9.17,-40.41,mixed_edge
1-4,lane1_target_start_gap_pair x target_outer_pressure_bucket,>0.06->0.06 | high_other_pressure,938,33,3.52,93800,34280,-59520,36.55,1038.79,10.14,74.17,731.46,-37.62,-6.62,307.33,mixed_edge
1-4,lane1_target_start_gap_pair,>0.06->0.06,1109,47,4.24,110900,40380,-70520,36.41,859.15,10.14,74.17,731.46,-37.76,-5.9,127.69,mixed_edge
1-4,target_lane x lane1_target_start_gap_pair,4 | >0.06->0.06,1109,47,4.24,110900,40380,-70520,36.41,859.15,10.14,74.17,731.46,-37.76,-5.9,127.69,mixed_edge
1-4,lane1_start_exhibition_gap_bucket x target_start_exhibition_gap_bucket,>0.06 | >0.06,1109,47,4.24,110900,40380,-70520,36.41,859.15,10.14,74.17,731.46,-37.76,-5.9,127.69,mixed_edge
1-5,stadium_code,14,559,23,4.11,55900,20220,-35680,36.17,879.13,6.7,75.78,1131.51,-39.61,-2.59,-252.38,mixed_edge
1-5,stadium_code x target_lane,14 | 5,559,23,4.11,55900,20220,-35680,36.17,879.13,6.7,75.78,1131.51,-39.61,-2.59,-252.38,mixed_edge
1-6,lane1_target_exhibition_time_diff_bucket x lane1_target_start_exhibition_st_diff_bucket,lane1_faster_0.10+ | lane1_faster_0.06+,987,22,2.23,98700,35300,-63400,35.76,1604.55,4.05,73.3,1810.13,-37.54,-1.82,-205.58,mixed_edge
1-3,lane1_target_start_gap_pair x target_outer_pressure_bucket,>0.06-<=0.03 | low_other_pressure,37,4,10.81,3700,1320,-2380,35.68,330.0,15.86,79.54,501.69,-43.86,-5.05,-171.69,mixed_edge
1-6,lane1_target_exhibition_time_diff_bucket x lane1_target_start_exhibition_st_diff_bucket,lane1_faster_0.10+ | lane1_faster_0.03_0.06,372,9,2.42,37200,13260,-23940,35.65,1473.33,4.05,73.3,1810.13,-37.65,-1.63,-336.8,mixed_edge
1-2,lane1_target_start_gap_pair x target_outer_pressure_bucket,>0.06-0.04-0.06 | low_other_pressure,48,7,14.58,4800,1710,-3090,35.62,244.29,18.61,79.76,428.68,-44.14,-4.03,-184.39,mixed_edge
1-5,lane1_target_start_gap_pair x target_outer_pressure_bucket,>0.06-best | some_other_pressure,163,11,6.75,16300,5770,-10530,35.4,524.55,6.7,75.78,1131.51,-40.38,0.05,-606.96,mixed_edge
1-6,lane1_target_exhibition_st_rank_pair,4+-4+,2340,45,1.92,234000,82510,-151490,35.26,1833.56,4.05,73.3,1810.13,-38.04,-2.13,23.43,mixed_edge
1-6,lane1_exhibition_st_rank_bucket x target_exhibition_st_rank_bucket,4+ | 4+,2340,45,1.92,234000,82510,-151490,35.26,1833.56,4.05,73.3,1810.13,-38.04,-2.13,23.43,mixed_edge
1-5,other_group_pattern,A-A-A-B,561,18,3.21,56100,19500,-36600,34.76,1083.33,6.7,75.78,1131.51,-41.02,-3.49,-48.18,mixed_edge
1-4,lane1_target_start_gap_pair x target_outer_pressure_bucket,>0.06-<=0.03 | low_other_pressure,53,6,11.32,5300,1790,-3510,33.77,298.33,10.14,74.17,731.46,-40.4,1.18,-433.13,mixed_edge
1-6,lane1_target_start_gap_pair,0.04-0.06->0.06,1115,25,2.24,111500,37490,-74010,33.62,1499.6,4.05,73.3,1810.13,-39.68,-1.81,-310.53,mixed_edge
1-6,target_lane x lane1_target_start_gap_pair,6 | 0.04-0.06->0.06,1115,25,2.24,111500,37490,-74010,33.62,1499.6,4.05,73.3,1810.13,-39.68,-1.81,-310.53,mixed_edge
1-6,lane1_start_exhibition_gap_bucket x target_start_exhibition_gap_bucket,0.04-0.06 | >0.06,1115,25,2.24,111500,37490,-74010,33.62,1499.6,4.05,73.3,1810.13,-39.68,-1.81,-310.53,mixed_edge
1-4,lane1_target_exhibition_time_diff_bucket x lane1_target_start_exhibition_st_diff_bucket,target_faster_0.10+ | target_faster_0.06+,181,8,4.42,18100,6070,-12030,33.54,758.75,10.14,74.17,731.46,-40.63,-5.72,27.29,mixed_edge
1-5,lane1_target_class_pair,A2-B2,471,11,2.34,47100,15700,-31400,33.33,1427.27,6.7,75.78,1131.51,-42.45,-4.36,295.76,mixed_edge
1-3,lane1_target_start_gap_pair,>0.06->0.06,1723,120,6.96,172300,57000,-115300,33.08,475.0,15.86,79.54,501.69,-46.46,-8.9,-26.69,mixed_edge
1-3,target_lane x lane1_target_start_gap_pair,3 | >0.06->0.06,1723,120,6.96,172300,57000,-115300,33.08,475.0,15.86,79.54,501.69,-46.46,-8.9,-26.69,mixed_edge
1-3,lane1_start_exhibition_gap_bucket x target_start_exhibition_gap_bucket,>0.06 | >0.06,1723,120,6.96,172300,57000,-115300,33.08,475.0,15.86,79.54,501.69,-46.46,-8.9,-26.69,mixed_edge
1-4,lane1_target_start_gap_pair x target_outer_pressure_bucket,>0.06-0.04-0.06 | some_other_pressure,102,7,6.86,10200,3290,-6910,32.25,470.0,10.14,74.17,731.46,-41.92,-3.28,-261.46,mixed_edge
1-5,lane1_target_class_pair,B2-B1,210,6,2.86,21000,6750,-14250,32.14,1125.0,6.7,75.78,1131.51,-43.64,-3.84,-6.51,mixed_edge
1-5,lane1_target_start_gap_pair,>0.06-0.04-0.06,809,24,2.97,80900,25830,-55070,31.93,1076.25,6.7,75.78,1131.51,-43.85,-3.73,-55.26,mixed_edge
1-5,target_lane x lane1_target_start_gap_pair,5 | >0.06-0.04-0.06,809,24,2.97,80900,25830,-55070,31.93,1076.25,6.7,75.78,1131.51,-43.85,-3.73,-55.26,mixed_edge
1-5,lane1_start_exhibition_gap_bucket x target_start_exhibition_gap_bucket,>0.06 | 0.04-0.06,809,24,2.97,80900,25830,-55070,31.93,1076.25,6.7,75.78,1131.51,-43.85,-3.73,-55.26,mixed_edge
1-6,lane1_target_class_pair,A2-B2,654,9,1.38,65400,20670,-44730,31.61,2296.67,4.05,73.3,1810.13,-41.69,-2.67,486.54,mixed_edge
1-3,lane1_target_start_gap_pair x target_outer_pressure_bucket,>0.06->0.06 | high_other_pressure,1427,84,5.89,142700,44900,-97800,31.46,534.52,15.86,79.54,501.69,-48.08,-9.97,32.83,mixed_edge
1-6,target_class,B2,2228,23,1.03,222800,68580,-154220,30.78,2981.74,4.05,73.3,1810.13,-42.52,-3.02,1171.61,mixed_edge
1-4,lane1_target_start_gap_pair x target_outer_pressure_bucket,>0.06->0.06 | some_other_pressure,117,7,5.98,11700,3560,-8140,30.43,508.57,10.14,74.17,731.46,-43.74,-4.16,-222.89,mixed_edge
1-4,lane1_target_class_pair,A2-B2,298,15,5.03,29800,8870,-20930,29.77,591.33,10.14,74.17,731.46,-44.4,-5.11,-140.13,mixed_edge
1-5,lane1_target_start_gap_pair x target_outer_pressure_bucket,>0.06-0.04-0.06 | high_other_pressure,686,15,2.19,68600,20240,-48360,29.5,1349.33,6.7,75.78,1131.51,-46.28,-4.51,217.82,mixed_edge
1-4,lane1_target_start_gap_pair x target_outer_pressure_bucket,>0.06-best | low_other_pressure,85,5,5.88,8500,2480,-6020,29.18,496.0,10.14,74.17,731.46,-44.99,-4.26,-235.46,mixed_edge
1-6,lane1_target_national_rank_pair x target_outer_pressure_bucket,1-2 | some_other_pressure,104,4,3.85,10400,3030,-7370,29.13,757.5,4.05,73.3,1810.13,-44.17,-0.2,-1052.63,mixed_edge
1-3,lane1_target_start_gap_pair x target_outer_pressure_bucket,>0.06->0.06 | low_other_pressure,90,8,8.89,9000,2620,-6380,29.11,327.5,15.86,79.54,501.69,-50.43,-6.97,-174.19,mixed_edge
1-6,lane1_target_class_pair,B1-B2,1090,9,0.83,109000,30800,-78200,28.26,3422.22,4.05,73.3,1810.13,-45.04,-3.22,1612.09,mixed_edge
1-6,lane1_target_group_pair x other_a_count_bucket,B-B | 4,53,1,1.89,5300,1490,-3810,28.11,1490.0,4.05,73.3,1810.13,-45.19,-2.16,-320.13,mixed_edge
1-6,lane1_target_start_gap_pair x target_outer_pressure_bucket,0.04-0.06->0.06 | high_other_pressure,974,15,1.54,97400,23210,-74190,23.83,1547.33,4.05,73.3,1810.13,-49.47,-2.51,-262.8,mixed_edge
1-6,lane1_target_exhibition_time_diff_bucket x lane1_target_start_exhibition_st_diff_bucket,target_faster_0.10+ | lane1_faster_0.03_0.06,110,4,3.64,11000,2550,-8450,23.18,637.5,4.05,73.3,1810.13,-50.12,-0.41,-1172.63,mixed_edge
1-4,lane1_target_class_pair,A1-B2,127,4,3.15,12700,2930,-9770,23.07,732.5,10.14,74.17,731.46,-51.1,-6.99,1.04,mixed_edge
1-5,grade_group,G3,48,1,2.08,4800,850,-3950,17.71,850.0,6.7,75.78,1131.51,-58.07,-4.62,-281.51,mixed_edge
1-5,lane1_target_start_gap_pair x target_outer_pressure_bucket,0.04-0.06->0.06 | some_other_pressure,79,2,2.53,7900,1340,-6560,16.96,670.0,6.7,75.78,1131.51,-58.82,-4.17,-461.51,mixed_edge
1-6,other_group_pattern,B-A-A-A,373,3,0.8,37300,6260,-31040,16.78,2086.67,4.05,73.3,1810.13,-56.52,-3.25,276.54,mixed_edge
1-3,lane1_target_start_gap_pair x target_outer_pressure_bucket,>0.06-0.04-0.06 | low_other_pressure,35,2,5.71,3500,580,-2920,16.57,290.0,15.86,79.54,501.69,-62.97,-10.15,-211.69,mixed_edge
1-6,target_exhibition_rank_bucket x other_exhibition_faster_than_target_count_bucket,4+ | 0,63,1,1.59,6300,620,-5680,9.84,620.0,4.05,73.3,1810.13,-63.46,-2.46,-1190.13,mixed_edge
1-6,lane1_target_class_pair,B2-B2,83,1,1.2,8300,810,-7490,9.76,810.0,4.05,73.3,1810.13,-63.54,-2.85,-1000.13,mixed_edge
1-4,lane1_target_start_gap_pair x target_outer_pressure_bucket,>0.06-0.04-0.06 | low_other_pressure,39,1,2.56,3900,230,-3670,5.9,230.0,10.14,74.17,731.46,-68.27,-7.58,-501.46,mixed_edge
1-5,lane1_target_exhibition_time_diff_bucket,missing,420,0,0.0,42000,0,-42000,0.0,0.0,6.7,75.78,1131.51,-75.78,-6.7,-1131.51,mixed_edge
1-5,lane1_target_start_exhibition_st_diff_bucket,missing,420,0,0.0,42000,0,-42000,0.0,0.0,6.7,75.78,1131.51,-75.78,-6.7,-1131.51,mixed_edge
1-5,lane1_target_exhibition_time_diff_bucket x lane1_target_start_exhibition_st_diff_bucket,missing | missing,420,0,0.0,42000,0,-42000,0.0,0.0,6.7,75.78,1131.51,-75.78,-6.7,-1131.51,mixed_edge
1-3,lane1_target_exhibition_time_diff_bucket,missing,401,0,0.0,40100,0,-40100,0.0,0.0,15.86,79.54,501.69,-79.54,-15.86,-501.69,mixed_edge
1-3,lane1_target_start_exhibition_st_diff_bucket,missing,401,0,0.0,40100,0,-40100,0.0,0.0,15.86,79.54,501.69,-79.54,-15.86,-501.69,mixed_edge
1-3,lane1_target_exhibition_time_diff_bucket x lane1_target_start_exhibition_st_diff_bucket,missing | missing,401,0,0.0,40100,0,-40100,0.0,0.0,15.86,79.54,501.69,-79.54,-15.86,-501.69,mixed_edge
1-6,lane1_target_exhibition_time_diff_bucket,missing,398,0,0.0,39800,0,-39800,0.0,0.0,4.05,73.3,1810.13,-73.3,-4.05,-1810.13,mixed_edge
1-6,lane1_target_start_exhibition_st_diff_bucket,missing,398,0,0.0,39800,0,-39800,0.0,0.0,4.05,73.3,1810.13,-73.3,-4.05,-1810.13,mixed_edge
1-6,lane1_target_exhibition_time_diff_bucket x lane1_target_start_exhibition_st_diff_bucket,missing | missing,398,0,0.0,39800,0,-39800,0.0,0.0,4.05,73.3,1810.13,-73.3,-4.05,-1810.13,mixed_edge
1-4,lane1_target_exhibition_time_diff_bucket,missing,395,0,0.0,39500,0,-39500,0.0,0.0,10.14,74.17,731.46,-74.17,-10.14,-731.46,mixed_edge
1-4,lane1_target_start_exhibition_st_diff_bucket,missing,395,0,0.0,39500,0,-39500,0.0,0.0,10.14,74.17,731.46,-74.17,-10.14,-731.46,mixed_edge
1-4,lane1_target_exhibition_time_diff_bucket x lane1_target_start_exhibition_st_diff_bucket,missing | missing,395,0,0.0,39500,0,-39500,0.0,0.0,10.14,74.17,731.46,-74.17,-10.14,-731.46,mixed_edge
1-2,lane1_target_exhibition_time_diff_bucket,missing,383,0,0.0,38300,0,-38300,0.0,0.0,18.61,79.76,428.68,-79.76,-18.61,-428.68,mixed_edge
1-2,lane1_target_start_exhibition_st_diff_bucket,missing,383,0,0.0,38300,0,-38300,0.0,0.0,18.61,79.76,428.68,-79.76,-18.61,-428.68,mixed_edge
1-2,lane1_target_exhibition_time_diff_bucket x lane1_target_start_exhibition_st_diff_bucket,missing | missing,383,0,0.0,38300,0,-38300,0.0,0.0,18.61,79.76,428.68,-79.76,-18.61,-428.68,mixed_edge
1-5,target_exhibition_rank_bucket,missing,237,0,0.0,23700,0,-23700,0.0,0.0,6.7,75.78,1131.51,-75.78,-6.7,-1131.51,mixed_edge
1-5,target_exhibition_st_rank_bucket,missing,237,0,0.0,23700,0,-23700,0.0,0.0,6.7,75.78,1131.51,-75.78,-6.7,-1131.51,mixed_edge
1-5,target_start_exhibition_gap_bucket,missing,237,0,0.0,23700,0,-23700,0.0,0.0,6.7,75.78,1131.51,-75.78,-6.7,-1131.51,mixed_edge
1-5,target_lane x target_exhibition_st_rank_bucket,5 | missing,237,0,0.0,23700,0,-23700,0.0,0.0,6.7,75.78,1131.51,-75.78,-6.7,-1131.51,mixed_edge
1-5,target_lane x target_start_exhibition_gap_bucket,5 | missing,237,0,0.0,23700,0,-23700,0.0,0.0,6.7,75.78,1131.51,-75.78,-6.7,-1131.51,mixed_edge
1-5,target_exhibition_st_rank_bucket x other_st_faster_than_target_count_bucket,missing | 0,237,0,0.0,23700,0,-23700,0.0,0.0,6.7,75.78,1131.51,-75.78,-6.7,-1131.51,mixed_edge
1-5,target_exhibition_rank_bucket x other_exhibition_faster_than_target_count_bucket,missing | 0,237,0,0.0,23700,0,-23700,0.0,0.0,6.7,75.78,1131.51,-75.78,-6.7,-1131.51,mixed_edge
1-3,target_exhibition_rank_bucket,missing,216,0,0.0,21600,0,-21600,0.0,0.0,15.86,79.54,501.69,-79.54,-15.86,-501.69,mixed_edge
1-3,target_exhibition_st_rank_bucket,missing,216,0,0.0,21600,0,-21600,0.0,0.0,15.86,79.54,501.69,-79.54,-15.86,-501.69,mixed_edge
1-3,target_start_exhibition_gap_bucket,missing,216,0,0.0,21600,0,-21600,0.0,0.0,15.86,79.54,501.69,-79.54,-15.86,-501.69,mixed_edge
1-3,target_lane x target_exhibition_st_rank_bucket,3 | missing,216,0,0.0,21600,0,-21600,0.0,0.0,15.86,79.54,501.69,-79.54,-15.86,-501.69,mixed_edge
1-3,target_lane x target_start_exhibition_gap_bucket,3 | missing,216,0,0.0,21600,0,-21600,0.0,0.0,15.86,79.54,501.69,-79.54,-15.86,-501.69,mixed_edge
1-3,target_exhibition_st_rank_bucket x other_st_faster_than_target_count_bucket,missing | 0,216,0,0.0,21600,0,-21600,0.0,0.0,15.86,79.54,501.69,-79.54,-15.86,-501.69,mixed_edge
1-3,target_exhibition_rank_bucket x other_exhibition_faster_than_target_count_bucket,missing | 0,216,0,0.0,21600,0,-21600,0.0,0.0,15.86,79.54,501.69,-79.54,-15.86,-501.69,mixed_edge
1-4,target_exhibition_rank_bucket,missing,208,0,0.0,20800,0,-20800,0.0,0.0,10.14,74.17,731.46,-74.17,-10.14,-731.46,mixed_edge
1-4,target_exhibition_st_rank_bucket,missing,208,0,0.0,20800,0,-20800,0.0,0.0,10.14,74.17,731.46,-74.17,-10.14,-731.46,mixed_edge
1-4,target_start_exhibition_gap_bucket,missing,208,0,0.0,20800,0,-20800,0.0,0.0,10.14,74.17,731.46,-74.17,-10.14,-731.46,mixed_edge
1-4,target_lane x target_exhibition_st_rank_bucket,4 | missing,208,0,0.0,20800,0,-20800,0.0,0.0,10.14,74.17,731.46,-74.17,-10.14,-731.46,mixed_edge
1-4,target_lane x target_start_exhibition_gap_bucket,4 | missing,208,0,0.0,20800,0,-20800,0.0,0.0,10.14,74.17,731.46,-74.17,-10.14,-731.46,mixed_edge
1-4,target_exhibition_st_rank_bucket x other_st_faster_than_target_count_bucket,missing | 0,208,0,0.0,20800,0,-20800,0.0,0.0,10.14,74.17,731.46,-74.17,-10.14,-731.46,mixed_edge
1-4,target_exhibition_rank_bucket x other_exhibition_faster_than_target_count_bucket,missing | 0,208,0,0.0,20800,0,-20800,0.0,0.0,10.14,74.17,731.46,-74.17,-10.14,-731.46,mixed_edge
1-6,target_exhibition_rank_bucket,missing,208,0,0.0,20800,0,-20800,0.0,0.0,4.05,73.3,1810.13,-73.3,-4.05,-1810.13,mixed_edge
1-6,target_exhibition_st_rank_bucket,missing,208,0,0.0,20800,0,-20800,0.0,0.0,4.05,73.3,1810.13,-73.3,-4.05,-1810.13,mixed_edge
1-6,target_start_exhibition_gap_bucket,missing,208,0,0.0,20800,0,-20800,0.0,0.0,4.05,73.3,1810.13,-73.3,-4.05,-1810.13,mixed_edge
1-6,target_lane x target_exhibition_st_rank_bucket,6 | missing,208,0,0.0,20800,0,-20800,0.0,0.0,4.05,73.3,1810.13,-73.3,-4.05,-1810.13,mixed_edge
1-6,target_lane x target_start_exhibition_gap_bucket,6 | missing,208,0,0.0,20800,0,-20800,0.0,0.0,4.05,73.3,1810.13,-73.3,-4.05,-1810.13,mixed_edge
1-6,target_exhibition_st_rank_bucket x other_st_faster_than_target_count_bucket,missing | 0,208,0,0.0,20800,0,-20800,0.0,0.0,4.05,73.3,1810.13,-73.3,-4.05,-1810.13,mixed_edge
1-6,target_exhibition_rank_bucket x other_exhibition_faster_than_target_count_bucket,missing | 0,208,0,0.0,20800,0,-20800,0.0,0.0,4.05,73.3,1810.13,-73.3,-4.05,-1810.13,mixed_edge
1-2,target_exhibition_rank_bucket,missing,205,0,0.0,20500,0,-20500,0.0,0.0,18.61,79.76,428.68,-79.76,-18.61,-428.68,mixed_edge
1-2,target_exhibition_st_rank_bucket,missing,205,0,0.0,20500,0,-20500,0.0,0.0,18.61,79.76,428.68,-79.76,-18.61,-428.68,mixed_edge
1-2,target_start_exhibition_gap_bucket,missing,205,0,0.0,20500,0,-20500,0.0,0.0,18.61,79.76,428.68,-79.76,-18.61,-428.68,mixed_edge
1-2,target_lane x target_exhibition_st_rank_bucket,2 | missing,205,0,0.0,20500,0,-20500,0.0,0.0,18.61,79.76,428.68,-79.76,-18.61,-428.68,mixed_edge
1-2,target_lane x target_start_exhibition_gap_bucket,2 | missing,205,0,0.0,20500,0,-20500,0.0,0.0,18.61,79.76,428.68,-79.76,-18.61,-428.68,mixed_edge
1-2,target_exhibition_st_rank_bucket x other_st_faster_than_target_count_bucket,missing | 0,205,0,0.0,20500,0,-20500,0.0,0.0,18.61,79.76,428.68,-79.76,-18.61,-428.68,mixed_edge
1-2,target_exhibition_rank_bucket x other_exhibition_faster_than_target_count_bucket,missing | 0,205,0,0.0,20500,0,-20500,0.0,0.0,18.61,79.76,428.68,-79.76,-18.61,-428.68,mixed_edge
1-2,lane1_exhibition_rank_bucket,missing,196,0,0.0,19600,0,-19600,0.0,0.0,18.61,79.76,428.68,-79.76,-18.61,-428.68,mixed_edge
1-2,lane1_exhibition_st_rank_bucket,missing,196,0,0.0,19600,0,-19600,0.0,0.0,18.61,79.76,428.68,-79.76,-18.61,-428.68,mixed_edge
1-2,lane1_start_exhibition_gap_bucket,missing,196,0,0.0,19600,0,-19600,0.0,0.0,18.61,79.76,428.68,-79.76,-18.61,-428.68,mixed_edge
1-3,lane1_exhibition_rank_bucket,missing,196,0,0.0,19600,0,-19600,0.0,0.0,15.86,79.54,501.69,-79.54,-15.86,-501.69,mixed_edge
1-3,lane1_exhibition_st_rank_bucket,missing,196,0,0.0,19600,0,-19600,0.0,0.0,15.86,79.54,501.69,-79.54,-15.86,-501.69,mixed_edge
1-3,lane1_start_exhibition_gap_bucket,missing,196,0,0.0,19600,0,-19600,0.0,0.0,15.86,79.54,501.69,-79.54,-15.86,-501.69,mixed_edge
1-4,lane1_exhibition_rank_bucket,missing,196,0,0.0,19600,0,-19600,0.0,0.0,10.14,74.17,731.46,-74.17,-10.14,-731.46,mixed_edge
1-4,lane1_exhibition_st_rank_bucket,missing,196,0,0.0,19600,0,-19600,0.0,0.0,10.14,74.17,731.46,-74.17,-10.14,-731.46,mixed_edge
1-4,lane1_start_exhibition_gap_bucket,missing,196,0,0.0,19600,0,-19600,0.0,0.0,10.14,74.17,731.46,-74.17,-10.14,-731.46,mixed_edge
1-5,lane1_exhibition_rank_bucket,missing,196,0,0.0,19600,0,-19600,0.0,0.0,6.7,75.78,1131.51,-75.78,-6.7,-1131.51,mixed_edge
1-5,lane1_exhibition_st_rank_bucket,missing,196,0,0.0,19600,0,-19600,0.0,0.0,6.7,75.78,1131.51,-75.78,-6.7,-1131.51,mixed_edge
1-5,lane1_start_exhibition_gap_bucket,missing,196,0,0.0,19600,0,-19600,0.0,0.0,6.7,75.78,1131.51,-75.78,-6.7,-1131.51,mixed_edge
1-6,lane1_exhibition_rank_bucket,missing,196,0,0.0,19600,0,-19600,0.0,0.0,4.05,73.3,1810.13,-73.3,-4.05,-1810.13,mixed_edge
1-6,lane1_exhibition_st_rank_bucket,missing,196,0,0.0,19600,0,-19600,0.0,0.0,4.05,73.3,1810.13,-73.3,-4.05,-1810.13,mixed_edge
1-6,lane1_start_exhibition_gap_bucket,missing,196,0,0.0,19600,0,-19600,0.0,0.0,4.05,73.3,1810.13,-73.3,-4.05,-1810.13,mixed_edge
1-6,lane1_target_exhibition_st_rank_pair,missing-4+,101,0,0.0,10100,0,-10100,0.0,0.0,4.05,73.3,1810.13,-73.3,-4.05,-1810.13,mixed_edge
1-6,lane1_exhibition_st_rank_bucket x target_exhibition_st_rank_bucket,missing | 4+,101,0,0.0,10100,0,-10100,0.0,0.0,4.05,73.3,1810.13,-73.3,-4.05,-1810.13,mixed_edge
1-6,lane1_target_start_gap_pair,missing->0.06,88,0,0.0,8800,0,-8800,0.0,0.0,4.05,73.3,1810.13,-73.3,-4.05,-1810.13,mixed_edge
1-6,target_lane x lane1_target_start_gap_pair,6 | missing->0.06,88,0,0.0,8800,0,-8800,0.0,0.0,4.05,73.3,1810.13,-73.3,-4.05,-1810.13,mixed_edge
1-6,lane1_start_exhibition_gap_bucket x target_start_exhibition_gap_bucket,missing | >0.06,88,0,0.0,8800,0,-8800,0.0,0.0,4.05,73.3,1810.13,-73.3,-4.05,-1810.13,mixed_edge
1-5,lane1_target_exhibition_st_rank_pair,missing-4+,83,0,0.0,8300,0,-8300,0.0,0.0,6.7,75.78,1131.51,-75.78,-6.7,-1131.51,mixed_edge
1-5,lane1_exhibition_st_rank_bucket x target_exhibition_st_rank_bucket,missing | 4+,83,0,0.0,8300,0,-8300,0.0,0.0,6.7,75.78,1131.51,-75.78,-6.7,-1131.51,mixed_edge
1-6,lane1_target_exhibition_st_rank_pair,1-missing,77,0,0.0,7700,0,-7700,0.0,0.0,4.05,73.3,1810.13,-73.3,-4.05,-1810.13,mixed_edge
1-6,lane1_target_start_gap_pair,best-missing,77,0,0.0,7700,0,-7700,0.0,0.0,4.05,73.3,1810.13,-73.3,-4.05,-1810.13,mixed_edge
1-6,target_lane x lane1_target_start_gap_pair,6 | best-missing,77,0,0.0,7700,0,-7700,0.0,0.0,4.05,73.3,1810.13,-73.3,-4.05,-1810.13,mixed_edge
1-6,lane1_exhibition_st_rank_bucket x target_exhibition_st_rank_bucket,1 | missing,77,0,0.0,7700,0,-7700,0.0,0.0,4.05,73.3,1810.13,-73.3,-4.05,-1810.13,mixed_edge
1-6,lane1_start_exhibition_gap_bucket x target_start_exhibition_gap_bucket,best | missing,77,0,0.0,7700,0,-7700,0.0,0.0,4.05,73.3,1810.13,-73.3,-4.05,-1810.13,mixed_edge
1-6,lane1_target_start_gap_pair x target_outer_pressure_bucket,missing->0.06 | high_other_pressure,75,0,0.0,7500,0,-7500,0.0,0.0,4.05,73.3,1810.13,-73.3,-4.05,-1810.13,mixed_edge
1-2,lane1_target_exhibition_st_rank_pair,1-missing,74,0,0.0,7400,0,-7400,0.0,0.0,18.61,79.76,428.68,-79.76,-18.61,-428.68,mixed_edge
1-2,lane1_target_start_gap_pair,best-missing,74,0,0.0,7400,0,-7400,0.0,0.0,18.61,79.76,428.68,-79.76,-18.61,-428.68,mixed_edge
1-2,target_lane x lane1_target_start_gap_pair,2 | best-missing,74,0,0.0,7400,0,-7400,0.0,0.0,18.61,79.76,428.68,-79.76,-18.61,-428.68,mixed_edge
1-2,lane1_exhibition_st_rank_bucket x target_exhibition_st_rank_bucket,1 | missing,74,0,0.0,7400,0,-7400,0.0,0.0,18.61,79.76,428.68,-79.76,-18.61,-428.68,mixed_edge
1-2,lane1_start_exhibition_gap_bucket x target_start_exhibition_gap_bucket,best | missing,74,0,0.0,7400,0,-7400,0.0,0.0,18.61,79.76,428.68,-79.76,-18.61,-428.68,mixed_edge
1-5,lane1_target_exhibition_st_rank_pair,1-missing,74,0,0.0,7400,0,-7400,0.0,0.0,6.7,75.78,1131.51,-75.78,-6.7,-1131.51,mixed_edge
1-5,lane1_target_start_gap_pair,best-missing,74,0,0.0,7400,0,-7400,0.0,0.0,6.7,75.78,1131.51,-75.78,-6.7,-1131.51,mixed_edge
1-5,target_lane x lane1_target_start_gap_pair,5 | best-missing,74,0,0.0,7400,0,-7400,0.0,0.0,6.7,75.78,1131.51,-75.78,-6.7,-1131.51,mixed_edge
1-5,lane1_exhibition_st_rank_bucket x target_exhibition_st_rank_bucket,1 | missing,74,0,0.0,7400,0,-7400,0.0,0.0,6.7,75.78,1131.51,-75.78,-6.7,-1131.51,mixed_edge
1-5,lane1_start_exhibition_gap_bucket x target_start_exhibition_gap_bucket,best | missing,74,0,0.0,7400,0,-7400,0.0,0.0,6.7,75.78,1131.51,-75.78,-6.7,-1131.51,mixed_edge
1-3,lane1_target_exhibition_st_rank_pair,1-missing,70,0,0.0,7000,0,-7000,0.0,0.0,15.86,79.54,501.69,-79.54,-15.86,-501.69,mixed_edge
1-3,lane1_target_start_gap_pair,best-missing,70,0,0.0,7000,0,-7000,0.0,0.0,15.86,79.54,501.69,-79.54,-15.86,-501.69,mixed_edge
1-3,target_lane x lane1_target_start_gap_pair,3 | best-missing,70,0,0.0,7000,0,-7000,0.0,0.0,15.86,79.54,501.69,-79.54,-15.86,-501.69,mixed_edge
1-3,lane1_exhibition_st_rank_bucket x target_exhibition_st_rank_bucket,1 | missing,70,0,0.0,7000,0,-7000,0.0,0.0,15.86,79.54,501.69,-79.54,-15.86,-501.69,mixed_edge
1-3,lane1_start_exhibition_gap_bucket x target_start_exhibition_gap_bucket,best | missing,70,0,0.0,7000,0,-7000,0.0,0.0,15.86,79.54,501.69,-79.54,-15.86,-501.69,mixed_edge
1-5,lane1_target_start_gap_pair,missing->0.06,68,0,0.0,6800,0,-6800,0.0,0.0,6.7,75.78,1131.51,-75.78,-6.7,-1131.51,mixed_edge
1-5,target_lane x lane1_target_start_gap_pair,5 | missing->0.06,68,0,0.0,6800,0,-6800,0.0,0.0,6.7,75.78,1131.51,-75.78,-6.7,-1131.51,mixed_edge
1-5,lane1_start_exhibition_gap_bucket x target_start_exhibition_gap_bucket,missing | >0.06,68,0,0.0,6800,0,-6800,0.0,0.0,6.7,75.78,1131.51,-75.78,-6.7,-1131.51,mixed_edge
1-2,lane1_target_exhibition_st_rank_pair,missing-1,66,0,0.0,6600,0,-6600,0.0,0.0,18.61,79.76,428.68,-79.76,-18.61,-428.68,mixed_edge
1-2,lane1_target_start_gap_pair,missing-best,66,0,0.0,6600,0,-6600,0.0,0.0,18.61,79.76,428.68,-79.76,-18.61,-428.68,mixed_edge
1-2,target_lane x lane1_target_start_gap_pair,2 | missing-best,66,0,0.0,6600,0,-6600,0.0,0.0,18.61,79.76,428.68,-79.76,-18.61,-428.68,mixed_edge
1-2,lane1_exhibition_st_rank_bucket x target_exhibition_st_rank_bucket,missing | 1,66,0,0.0,6600,0,-6600,0.0,0.0,18.61,79.76,428.68,-79.76,-18.61,-428.68,mixed_edge
1-2,lane1_start_exhibition_gap_bucket x target_start_exhibition_gap_bucket,missing | best,66,0,0.0,6600,0,-6600,0.0,0.0,18.61,79.76,428.68,-79.76,-18.61,-428.68,mixed_edge
1-5,lane1_target_exhibition_st_rank_pair,4+-missing,64,0,0.0,6400,0,-6400,0.0,0.0,6.7,75.78,1131.51,-75.78,-6.7,-1131.51,mixed_edge
1-5,lane1_exhibition_st_rank_bucket x target_exhibition_st_rank_bucket,4+ | missing,64,0,0.0,6400,0,-6400,0.0,0.0,6.7,75.78,1131.51,-75.78,-6.7,-1131.51,mixed_edge
1-5,lane1_target_start_gap_pair x target_outer_pressure_bucket,missing->0.06 | high_other_pressure,63,0,0.0,6300,0,-6300,0.0,0.0,6.7,75.78,1131.51,-75.78,-6.7,-1131.51,mixed_edge
1-4,lane1_target_exhibition_st_rank_pair,1-missing,62,0,0.0,6200,0,-6200,0.0,0.0,10.14,74.17,731.46,-74.17,-10.14,-731.46,mixed_edge
1-4,lane1_target_start_gap_pair,best-missing,62,0,0.0,6200,0,-6200,0.0,0.0,10.14,74.17,731.46,-74.17,-10.14,-731.46,mixed_edge
1-4,target_lane x lane1_target_start_gap_pair,4 | best-missing,62,0,0.0,6200,0,-6200,0.0,0.0,10.14,74.17,731.46,-74.17,-10.14,-731.46,mixed_edge
1-4,lane1_exhibition_st_rank_bucket x target_exhibition_st_rank_bucket,1 | missing,62,0,0.0,6200,0,-6200,0.0,0.0,10.14,74.17,731.46,-74.17,-10.14,-731.46,mixed_edge
1-4,lane1_start_exhibition_gap_bucket x target_start_exhibition_gap_bucket,best | missing,62,0,0.0,6200,0,-6200,0.0,0.0,10.14,74.17,731.46,-74.17,-10.14,-731.46,mixed_edge
1-4,lane1_target_start_gap_pair,missing->0.06,61,0,0.0,6100,0,-6100,0.0,0.0,10.14,74.17,731.46,-74.17,-10.14,-731.46,mixed_edge
1-4,target_lane x lane1_target_start_gap_pair,4 | missing->0.06,61,0,0.0,6100,0,-6100,0.0,0.0,10.14,74.17,731.46,-74.17,-10.14,-731.46,mixed_edge
1-4,lane1_start_exhibition_gap_bucket x target_start_exhibition_gap_bucket,missing | >0.06,61,0,0.0,6100,0,-6100,0.0,0.0,10.14,74.17,731.46,-74.17,-10.14,-731.46,mixed_edge
1-5,lane1_target_start_gap_pair,>0.06-missing,61,0,0.0,6100,0,-6100,0.0,0.0,6.7,75.78,1131.51,-75.78,-6.7,-1131.51,mixed_edge
1-5,target_lane x lane1_target_start_gap_pair,5 | >0.06-missing,61,0,0.0,6100,0,-6100,0.0,0.0,6.7,75.78,1131.51,-75.78,-6.7,-1131.51,mixed_edge
1-5,lane1_start_exhibition_gap_bucket x target_start_exhibition_gap_bucket,>0.06 | missing,61,0,0.0,6100,0,-6100,0.0,0.0,6.7,75.78,1131.51,-75.78,-6.7,-1131.51,mixed_edge
1-3,lane1_target_start_gap_pair,missing-best,58,0,0.0,5800,0,-5800,0.0,0.0,15.86,79.54,501.69,-79.54,-15.86,-501.69,mixed_edge
1-3,target_lane x lane1_target_start_gap_pair,3 | missing-best,58,0,0.0,5800,0,-5800,0.0,0.0,15.86,79.54,501.69,-79.54,-15.86,-501.69,mixed_edge
1-3,lane1_start_exhibition_gap_bucket x target_start_exhibition_gap_bucket,missing | best,58,0,0.0,5800,0,-5800,0.0,0.0,15.86,79.54,501.69,-79.54,-15.86,-501.69,mixed_edge
1-4,lane1_target_exhibition_st_rank_pair,missing-4+,58,0,0.0,5800,0,-5800,0.0,0.0,10.14,74.17,731.46,-74.17,-10.14,-731.46,mixed_edge
1-4,lane1_exhibition_st_rank_bucket x target_exhibition_st_rank_bucket,missing | 4+,58,0,0.0,5800,0,-5800,0.0,0.0,10.14,74.17,731.46,-74.17,-10.14,-731.46,mixed_edge
1-6,lane1_target_start_gap_pair x target_outer_pressure_bucket,best-missing | high_other_pressure,56,0,0.0,5600,0,-5600,0.0,0.0,4.05,73.3,1810.13,-73.3,-4.05,-1810.13,mixed_edge
1-3,lane1_target_start_gap_pair,<=0.03-missing,55,0,0.0,5500,0,-5500,0.0,0.0,15.86,79.54,501.69,-79.54,-15.86,-501.69,mixed_edge
1-3,target_lane x lane1_target_start_gap_pair,3 | <=0.03-missing,55,0,0.0,5500,0,-5500,0.0,0.0,15.86,79.54,501.69,-79.54,-15.86,-501.69,mixed_edge
1-3,lane1_start_exhibition_gap_bucket x target_start_exhibition_gap_bucket,<=0.03 | missing,55,0,0.0,5500,0,-5500,0.0,0.0,15.86,79.54,501.69,-79.54,-15.86,-501.69,mixed_edge
1-5,lane1_target_class_pair,B2-B2,55,0,0.0,5500,0,-5500,0.0,0.0,6.7,75.78,1131.51,-75.78,-6.7,-1131.51,mixed_edge
1-2,lane1_target_exhibition_st_rank_pair,missing-4+,54,0,0.0,5400,0,-5400,0.0,0.0,18.61,79.76,428.68,-79.76,-18.61,-428.68,mixed_edge
1-2,lane1_exhibition_st_rank_bucket x target_exhibition_st_rank_bucket,missing | 4+,54,0,0.0,5400,0,-5400,0.0,0.0,18.61,79.76,428.68,-79.76,-18.61,-428.68,mixed_edge
1-3,lane1_target_exhibition_st_rank_pair,missing-1,53,0,0.0,5300,0,-5300,0.0,0.0,15.86,79.54,501.69,-79.54,-15.86,-501.69,mixed_edge
1-3,lane1_exhibition_st_rank_bucket x target_exhibition_st_rank_bucket,missing | 1,53,0,0.0,5300,0,-5300,0.0,0.0,15.86,79.54,501.69,-79.54,-15.86,-501.69,mixed_edge
1-4,lane1_target_start_gap_pair x target_outer_pressure_bucket,missing->0.06 | high_other_pressure,53,0,0.0,5300,0,-5300,0.0,0.0,10.14,74.17,731.46,-74.17,-10.14,-731.46,mixed_edge
1-6,lane1_target_exhibition_st_rank_pair,4+-missing,53,0,0.0,5300,0,-5300,0.0,0.0,4.05,73.3,1810.13,-73.3,-4.05,-1810.13,mixed_edge
1-6,lane1_exhibition_st_rank_bucket x target_exhibition_st_rank_bucket,4+ | missing,53,0,0.0,5300,0,-5300,0.0,0.0,4.05,73.3,1810.13,-73.3,-4.05,-1810.13,mixed_edge
1-3,lane1_target_exhibition_st_rank_pair,missing-2,52,0,0.0,5200,0,-5200,0.0,0.0,15.86,79.54,501.69,-79.54,-15.86,-501.69,mixed_edge
1-3,lane1_exhibition_st_rank_bucket x target_exhibition_st_rank_bucket,missing | 2,52,0,0.0,5200,0,-5200,0.0,0.0,15.86,79.54,501.69,-79.54,-15.86,-501.69,mixed_edge
1-4,lane1_target_start_gap_pair,<=0.03-missing,52,0,0.0,5200,0,-5200,0.0,0.0,10.14,74.17,731.46,-74.17,-10.14,-731.46,mixed_edge
1-4,target_lane x lane1_target_start_gap_pair,4 | <=0.03-missing,52,0,0.0,5200,0,-5200,0.0,0.0,10.14,74.17,731.46,-74.17,-10.14,-731.46,mixed_edge
1-4,lane1_start_exhibition_gap_bucket x target_start_exhibition_gap_bucket,<=0.03 | missing,52,0,0.0,5200,0,-5200,0.0,0.0,10.14,74.17,731.46,-74.17,-10.14,-731.46,mixed_edge
1-4,lane1_target_exhibition_st_rank_pair,missing-3,51,0,0.0,5100,0,-5100,0.0,0.0,10.14,74.17,731.46,-74.17,-10.14,-731.46,mixed_edge
1-4,lane1_target_start_gap_pair,>0.06-missing,51,0,0.0,5100,0,-5100,0.0,0.0,10.14,74.17,731.46,-74.17,-10.14,-731.46,mixed_edge
1-4,target_lane x lane1_target_start_gap_pair,4 | >0.06-missing,51,0,0.0,5100,0,-5100,0.0,0.0,10.14,74.17,731.46,-74.17,-10.14,-731.46,mixed_edge
1-4,lane1_exhibition_st_rank_bucket x target_exhibition_st_rank_bucket,missing | 3,51,0,0.0,5100,0,-5100,0.0,0.0,10.14,74.17,731.46,-74.17,-10.14,-731.46,mixed_edge
1-4,lane1_start_exhibition_gap_bucket x target_start_exhibition_gap_bucket,>0.06 | missing,51,0,0.0,5100,0,-5100,0.0,0.0,10.14,74.17,731.46,-74.17,-10.14,-731.46,mixed_edge
1-3,lane1_target_exhibition_st_rank_pair,2-missing,50,0,0.0,5000,0,-5000,0.0,0.0,15.86,79.54,501.69,-79.54,-15.86,-501.69,mixed_edge
1-3,lane1_exhibition_st_rank_bucket x target_exhibition_st_rank_bucket,2 | missing,50,0,0.0,5000,0,-5000,0.0,0.0,15.86,79.54,501.69,-79.54,-15.86,-501.69,mixed_edge
1-4,lane1_target_exhibition_st_rank_pair,missing-2,50,0,0.0,5000,0,-5000,0.0,0.0,10.14,74.17,731.46,-74.17,-10.14,-731.46,mixed_edge
1-4,lane1_exhibition_st_rank_bucket x target_exhibition_st_rank_bucket,missing | 2,50,0,0.0,5000,0,-5000,0.0,0.0,10.14,74.17,731.46,-74.17,-10.14,-731.46,mixed_edge
1-5,lane1_target_start_gap_pair,<=0.03-missing,50,0,0.0,5000,0,-5000,0.0,0.0,6.7,75.78,1131.51,-75.78,-6.7,-1131.51,mixed_edge
1-5,target_lane x lane1_target_start_gap_pair,5 | <=0.03-missing,50,0,0.0,5000,0,-5000,0.0,0.0,6.7,75.78,1131.51,-75.78,-6.7,-1131.51,mixed_edge
1-5,lane1_start_exhibition_gap_bucket x target_start_exhibition_gap_bucket,<=0.03 | missing,50,0,0.0,5000,0,-5000,0.0,0.0,6.7,75.78,1131.51,-75.78,-6.7,-1131.51,mixed_edge
1-5,lane1_target_start_gap_pair x target_outer_pressure_bucket,best-missing | high_other_pressure,50,0,0.0,5000,0,-5000,0.0,0.0,6.7,75.78,1131.51,-75.78,-6.7,-1131.51,mixed_edge
1-2,lane1_target_start_gap_pair,>0.06-missing,49,0,0.0,4900,0,-4900,0.0,0.0,18.61,79.76,428.68,-79.76,-18.61,-428.68,mixed_edge
1-2,target_lane x lane1_target_start_gap_pair,2 | >0.06-missing,49,0,0.0,4900,0,-4900,0.0,0.0,18.61,79.76,428.68,-79.76,-18.61,-428.68,mixed_edge
1-2,lane1_start_exhibition_gap_bucket x target_start_exhibition_gap_bucket,>0.06 | missing,49,0,0.0,4900,0,-4900,0.0,0.0,18.61,79.76,428.68,-79.76,-18.61,-428.68,mixed_edge
1-2,lane1_target_start_gap_pair x target_outer_pressure_bucket,best-missing | high_other_pressure,49,0,0.0,4900,0,-4900,0.0,0.0,18.61,79.76,428.68,-79.76,-18.61,-428.68,mixed_edge
1-5,lane1_target_exhibition_st_rank_pair,missing-3,49,0,0.0,4900,0,-4900,0.0,0.0,6.7,75.78,1131.51,-75.78,-6.7,-1131.51,mixed_edge
1-5,lane1_exhibition_st_rank_bucket x target_exhibition_st_rank_bucket,missing | 3,49,0,0.0,4900,0,-4900,0.0,0.0,6.7,75.78,1131.51,-75.78,-6.7,-1131.51,mixed_edge
1-6,lane1_target_start_gap_pair,<=0.03-missing,49,0,0.0,4900,0,-4900,0.0,0.0,4.05,73.3,1810.13,-73.3,-4.05,-1810.13,mixed_edge
1-6,target_lane x lane1_target_start_gap_pair,6 | <=0.03-missing,49,0,0.0,4900,0,-4900,0.0,0.0,4.05,73.3,1810.13,-73.3,-4.05,-1810.13,mixed_edge
1-6,lane1_start_exhibition_gap_bucket x target_start_exhibition_gap_bucket,<=0.03 | missing,49,0,0.0,4900,0,-4900,0.0,0.0,4.05,73.3,1810.13,-73.3,-4.05,-1810.13,mixed_edge
1-2,lane1_target_exhibition_st_rank_pair,4+-missing,48,0,0.0,4800,0,-4800,0.0,0.0,18.61,79.76,428.68,-79.76,-18.61,-428.68,mixed_edge
1-2,lane1_target_start_gap_pair,missing->0.06,48,0,0.0,4800,0,-4800,0.0,0.0,18.61,79.76,428.68,-79.76,-18.61,-428.68,mixed_edge
1-2,target_lane x lane1_target_start_gap_pair,2 | missing->0.06,48,0,0.0,4800,0,-4800,0.0,0.0,18.61,79.76,428.68,-79.76,-18.61,-428.68,mixed_edge
1-2,lane1_exhibition_st_rank_bucket x target_exhibition_st_rank_bucket,4+ | missing,48,0,0.0,4800,0,-4800,0.0,0.0,18.61,79.76,428.68,-79.76,-18.61,-428.68,mixed_edge
1-2,lane1_start_exhibition_gap_bucket x target_start_exhibition_gap_bucket,missing | >0.06,48,0,0.0,4800,0,-4800,0.0,0.0,18.61,79.76,428.68,-79.76,-18.61,-428.68,mixed_edge
1-3,lane1_target_exhibition_st_rank_pair,4+-missing,48,0,0.0,4800,0,-4800,0.0,0.0,15.86,79.54,501.69,-79.54,-15.86,-501.69,mixed_edge
1-3,lane1_exhibition_st_rank_bucket x target_exhibition_st_rank_bucket,4+ | missing,48,0,0.0,4800,0,-4800,0.0,0.0,15.86,79.54,501.69,-79.54,-15.86,-501.69,mixed_edge
1-3,lane1_target_start_gap_pair x target_outer_pressure_bucket,missing-best | high_other_pressure,48,0,0.0,4800,0,-4800,0.0,0.0,15.86,79.54,501.69,-79.54,-15.86,-501.69,mixed_edge
1-4,lane1_target_exhibition_st_rank_pair,2-missing,48,0,0.0,4800,0,-4800,0.0,0.0,10.14,74.17,731.46,-74.17,-10.14,-731.46,mixed_edge
1-4,lane1_target_start_gap_pair,missing-<=0.03,48,0,0.0,4800,0,-4800,0.0,0.0,10.14,74.17,731.46,-74.17,-10.14,-731.46,mixed_edge
1-4,target_lane x lane1_target_start_gap_pair,4 | missing-<=0.03,48,0,0.0,4800,0,-4800,0.0,0.0,10.14,74.17,731.46,-74.17,-10.14,-731.46,mixed_edge
1-4,lane1_exhibition_st_rank_bucket x target_exhibition_st_rank_bucket,2 | missing,48,0,0.0,4800,0,-4800,0.0,0.0,10.14,74.17,731.46,-74.17,-10.14,-731.46,mixed_edge
1-4,lane1_start_exhibition_gap_bucket x target_start_exhibition_gap_bucket,missing | <=0.03,48,0,0.0,4800,0,-4800,0.0,0.0,10.14,74.17,731.46,-74.17,-10.14,-731.46,mixed_edge
1-5,lane1_target_start_gap_pair,missing-0.04-0.06,48,0,0.0,4800,0,-4800,0.0,0.0,6.7,75.78,1131.51,-75.78,-6.7,-1131.51,mixed_edge
1-5,target_lane x lane1_target_start_gap_pair,5 | missing-0.04-0.06,48,0,0.0,4800,0,-4800,0.0,0.0,6.7,75.78,1131.51,-75.78,-6.7,-1131.51,mixed_edge
1-5,lane1_start_exhibition_gap_bucket x target_start_exhibition_gap_bucket,missing | 0.04-0.06,48,0,0.0,4800,0,-4800,0.0,0.0,6.7,75.78,1131.51,-75.78,-6.7,-1131.51,mixed_edge
1-3,lane1_target_start_gap_pair,>0.06-missing,47,0,0.0,4700,0,-4700,0.0,0.0,15.86,79.54,501.69,-79.54,-15.86,-501.69,mixed_edge
1-3,lane1_target_start_gap_pair,missing->0.06,47,0,0.0,4700,0,-4700,0.0,0.0,15.86,79.54,501.69,-79.54,-15.86,-501.69,mixed_edge
1-3,target_lane x lane1_target_start_gap_pair,3 | >0.06-missing,47,0,0.0,4700,0,-4700,0.0,0.0,15.86,79.54,501.69,-79.54,-15.86,-501.69,mixed_edge
1-3,target_lane x lane1_target_start_gap_pair,3 | missing->0.06,47,0,0.0,4700,0,-4700,0.0,0.0,15.86,79.54,501.69,-79.54,-15.86,-501.69,mixed_edge
1-3,lane1_start_exhibition_gap_bucket x target_start_exhibition_gap_bucket,>0.06 | missing,47,0,0.0,4700,0,-4700,0.0,0.0,15.86,79.54,501.69,-79.54,-15.86,-501.69,mixed_edge
1-3,lane1_start_exhibition_gap_bucket x target_start_exhibition_gap_bucket,missing | >0.06,47,0,0.0,4700,0,-4700,0.0,0.0,15.86,79.54,501.69,-79.54,-15.86,-501.69,mixed_edge
1-4,lane1_target_exhibition_st_rank_pair,4+-missing,47,0,0.0,4700,0,-4700,0.0,0.0,10.14,74.17,731.46,-74.17,-10.14,-731.46,mixed_edge
1-4,lane1_exhibition_st_rank_bucket x target_exhibition_st_rank_bucket,4+ | missing,47,0,0.0,4700,0,-4700,0.0,0.0,10.14,74.17,731.46,-74.17,-10.14,-731.46,mixed_edge
1-5,lane1_target_exhibition_st_rank_pair,2-missing,47,0,0.0,4700,0,-4700,0.0,0.0,6.7,75.78,1131.51,-75.78,-6.7,-1131.51,mixed_edge
1-5,lane1_exhibition_st_rank_bucket x target_exhibition_st_rank_bucket,2 | missing,47,0,0.0,4700,0,-4700,0.0,0.0,6.7,75.78,1131.51,-75.78,-6.7,-1131.51,mixed_edge
1-3,lane1_target_start_gap_pair,missing-<=0.03,44,0,0.0,4400,0,-4400,0.0,0.0,15.86,79.54,501.69,-79.54,-15.86,-501.69,mixed_edge
1-3,target_lane x lane1_target_start_gap_pair,3 | missing-<=0.03,44,0,0.0,4400,0,-4400,0.0,0.0,15.86,79.54,501.69,-79.54,-15.86,-501.69,mixed_edge
1-3,lane1_target_group_pair x other_a_count_bucket,B-B | 4,44,0,0.0,4400,0,-4400,0.0,0.0,15.86,79.54,501.69,-79.54,-15.86,-501.69,mixed_edge
1-3,lane1_start_exhibition_gap_bucket x target_start_exhibition_gap_bucket,missing | <=0.03,44,0,0.0,4400,0,-4400,0.0,0.0,15.86,79.54,501.69,-79.54,-15.86,-501.69,mixed_edge
1-2,lane1_target_start_gap_pair x target_outer_pressure_bucket,missing-best | high_other_pressure,42,0,0.0,4200,0,-4200,0.0,0.0,18.61,79.76,428.68,-79.76,-18.61,-428.68,mixed_edge
1-3,lane1_target_start_gap_pair x target_outer_pressure_bucket,best-missing | high_other_pressure,42,0,0.0,4200,0,-4200,0.0,0.0,15.86,79.54,501.69,-79.54,-15.86,-501.69,mixed_edge
1-4,lane1_target_exhibition_st_rank_pair,3-missing,42,0,0.0,4200,0,-4200,0.0,0.0,10.14,74.17,731.46,-74.17,-10.14,-731.46,mixed_edge
1-4,lane1_target_group_pair x other_a_count_bucket,B-B | 4,42,0,0.0,4200,0,-4200,0.0,0.0,10.14,74.17,731.46,-74.17,-10.14,-731.46,mixed_edge
1-4,lane1_exhibition_st_rank_bucket x target_exhibition_st_rank_bucket,3 | missing,42,0,0.0,4200,0,-4200,0.0,0.0,10.14,74.17,731.46,-74.17,-10.14,-731.46,mixed_edge
1-5,lane1_target_start_gap_pair x target_outer_pressure_bucket,missing-0.04-0.06 | high_other_pressure,42,0,0.0,4200,0,-4200,0.0,0.0,6.7,75.78,1131.51,-75.78,-6.7,-1131.51,mixed_edge
1-3,lane1_target_exhibition_st_rank_pair,missing-3,41,0,0.0,4100,0,-4100,0.0,0.0,15.86,79.54,501.69,-79.54,-15.86,-501.69,mixed_edge
1-3,lane1_exhibition_st_rank_bucket x target_exhibition_st_rank_bucket,missing | 3,41,0,0.0,4100,0,-4100,0.0,0.0,15.86,79.54,501.69,-79.54,-15.86,-501.69,mixed_edge
1-5,lane1_target_start_gap_pair,missing-<=0.03,41,0,0.0,4100,0,-4100,0.0,0.0,6.7,75.78,1131.51,-75.78,-6.7,-1131.51,mixed_edge
1-5,target_lane x lane1_target_start_gap_pair,5 | missing-<=0.03,41,0,0.0,4100,0,-4100,0.0,0.0,6.7,75.78,1131.51,-75.78,-6.7,-1131.51,mixed_edge
1-5,lane1_start_exhibition_gap_bucket x target_start_exhibition_gap_bucket,missing | <=0.03,41,0,0.0,4100,0,-4100,0.0,0.0,6.7,75.78,1131.51,-75.78,-6.7,-1131.51,mixed_edge
1-6,lane1_target_exhibition_st_rank_pair,2-missing,41,0,0.0,4100,0,-4100,0.0,0.0,4.05,73.3,1810.13,-73.3,-4.05,-1810.13,mixed_edge
1-6,lane1_exhibition_st_rank_bucket x target_exhibition_st_rank_bucket,2 | missing,41,0,0.0,4100,0,-4100,0.0,0.0,4.05,73.3,1810.13,-73.3,-4.05,-1810.13,mixed_edge
1-3,lane1_target_start_gap_pair x target_outer_pressure_bucket,missing->0.06 | high_other_pressure,40,0,0.0,4000,0,-4000,0.0,0.0,15.86,79.54,501.69,-79.54,-15.86,-501.69,mixed_edge
1-4,lane1_target_start_gap_pair x target_outer_pressure_bucket,best-missing | high_other_pressure,40,0,0.0,4000,0,-4000,0.0,0.0,10.14,74.17,731.46,-74.17,-10.14,-731.46,mixed_edge
1-4,lane1_target_start_gap_pair x target_outer_pressure_bucket,missing-<=0.03 | high_other_pressure,40,0,0.0,4000,0,-4000,0.0,0.0,10.14,74.17,731.46,-74.17,-10.14,-731.46,mixed_edge
1-6,lane1_target_start_gap_pair,>0.06-missing,40,0,0.0,4000,0,-4000,0.0,0.0,4.05,73.3,1810.13,-73.3,-4.05,-1810.13,mixed_edge
1-6,target_lane x lane1_target_start_gap_pair,6 | >0.06-missing,40,0,0.0,4000,0,-4000,0.0,0.0,4.05,73.3,1810.13,-73.3,-4.05,-1810.13,mixed_edge
1-6,lane1_start_exhibition_gap_bucket x target_start_exhibition_gap_bucket,>0.06 | missing,40,0,0.0,4000,0,-4000,0.0,0.0,4.05,73.3,1810.13,-73.3,-4.05,-1810.13,mixed_edge
1-2,lane1_target_start_gap_pair,missing-<=0.03,39,0,0.0,3900,0,-3900,0.0,0.0,18.61,79.76,428.68,-79.76,-18.61,-428.68,mixed_edge
1-2,target_lane x lane1_target_start_gap_pair,2 | missing-<=0.03,39,0,0.0,3900,0,-3900,0.0,0.0,18.61,79.76,428.68,-79.76,-18.61,-428.68,mixed_edge
1-2,lane1_start_exhibition_gap_bucket x target_start_exhibition_gap_bucket,missing | <=0.03,39,0,0.0,3900,0,-3900,0.0,0.0,18.61,79.76,428.68,-79.76,-18.61,-428.68,mixed_edge
1-3,lane1_target_exhibition_st_rank_pair,missing-4+,39,0,0.0,3900,0,-3900,0.0,0.0,15.86,79.54,501.69,-79.54,-15.86,-501.69,mixed_edge
1-3,lane1_exhibition_st_rank_bucket x target_exhibition_st_rank_bucket,missing | 4+,39,0,0.0,3900,0,-3900,0.0,0.0,15.86,79.54,501.69,-79.54,-15.86,-501.69,mixed_edge
1-4,lane1_target_start_gap_pair,missing-0.04-0.06,39,0,0.0,3900,0,-3900,0.0,0.0,10.14,74.17,731.46,-74.17,-10.14,-731.46,mixed_edge
1-4,lane1_target_start_gap_pair,missing-best,39,0,0.0,3900,0,-3900,0.0,0.0,10.14,74.17,731.46,-74.17,-10.14,-731.46,mixed_edge
1-4,target_lane x lane1_target_start_gap_pair,4 | missing-0.04-0.06,39,0,0.0,3900,0,-3900,0.0,0.0,10.14,74.17,731.46,-74.17,-10.14,-731.46,mixed_edge
1-4,target_lane x lane1_target_start_gap_pair,4 | missing-best,39,0,0.0,3900,0,-3900,0.0,0.0,10.14,74.17,731.46,-74.17,-10.14,-731.46,mixed_edge
1-4,lane1_start_exhibition_gap_bucket x target_start_exhibition_gap_bucket,missing | 0.04-0.06,39,0,0.0,3900,0,-3900,0.0,0.0,10.14,74.17,731.46,-74.17,-10.14,-731.46,mixed_edge
1-4,lane1_start_exhibition_gap_bucket x target_start_exhibition_gap_bucket,missing | best,39,0,0.0,3900,0,-3900,0.0,0.0,10.14,74.17,731.46,-74.17,-10.14,-731.46,mixed_edge
1-5,lane1_target_exhibition_st_rank_pair,3-missing,39,0,0.0,3900,0,-3900,0.0,0.0,6.7,75.78,1131.51,-75.78,-6.7,-1131.51,mixed_edge
1-5,lane1_target_start_gap_pair,0.04-0.06-missing,39,0,0.0,3900,0,-3900,0.0,0.0,6.7,75.78,1131.51,-75.78,-6.7,-1131.51,mixed_edge
1-5,target_lane x lane1_target_start_gap_pair,5 | 0.04-0.06-missing,39,0,0.0,3900,0,-3900,0.0,0.0,6.7,75.78,1131.51,-75.78,-6.7,-1131.51,mixed_edge
1-5,lane1_exhibition_st_rank_bucket x target_exhibition_st_rank_bucket,3 | missing,39,0,0.0,3900,0,-3900,0.0,0.0,6.7,75.78,1131.51,-75.78,-6.7,-1131.51,mixed_edge
1-5,lane1_start_exhibition_gap_bucket x target_start_exhibition_gap_bucket,0.04-0.06 | missing,39,0,0.0,3900,0,-3900,0.0,0.0,6.7,75.78,1131.51,-75.78,-6.7,-1131.51,mixed_edge
1-6,lane1_target_start_gap_pair,missing-0.04-0.06,38,0,0.0,3800,0,-3800,0.0,0.0,4.05,73.3,1810.13,-73.3,-4.05,-1810.13,mixed_edge
1-6,target_lane x lane1_target_start_gap_pair,6 | missing-0.04-0.06,38,0,0.0,3800,0,-3800,0.0,0.0,4.05,73.3,1810.13,-73.3,-4.05,-1810.13,mixed_edge
1-6,lane1_start_exhibition_gap_bucket x target_start_exhibition_gap_bucket,missing | 0.04-0.06,38,0,0.0,3800,0,-3800,0.0,0.0,4.05,73.3,1810.13,-73.3,-4.05,-1810.13,mixed_edge
1-2,lane1_target_exhibition_st_rank_pair,2-missing,37,0,0.0,3700,0,-3700,0.0,0.0,18.61,79.76,428.68,-79.76,-18.61,-428.68,mixed_edge
1-2,lane1_exhibition_st_rank_bucket x target_exhibition_st_rank_bucket,2 | missing,37,0,0.0,3700,0,-3700,0.0,0.0,18.61,79.76,428.68,-79.76,-18.61,-428.68,mixed_edge
1-2,lane1_target_start_gap_pair x target_outer_pressure_bucket,missing->0.06 | high_other_pressure,37,0,0.0,3700,0,-3700,0.0,0.0,18.61,79.76,428.68,-79.76,-18.61,-428.68,mixed_edge
1-3,lane1_target_exhibition_st_rank_pair,3-missing,37,0,0.0,3700,0,-3700,0.0,0.0,15.86,79.54,501.69,-79.54,-15.86,-501.69,mixed_edge
1-3,lane1_exhibition_st_rank_bucket x target_exhibition_st_rank_bucket,3 | missing,37,0,0.0,3700,0,-3700,0.0,0.0,15.86,79.54,501.69,-79.54,-15.86,-501.69,mixed_edge
1-6,lane1_target_start_gap_pair,missing-best,37,0,0.0,3700,0,-3700,0.0,0.0,4.05,73.3,1810.13,-73.3,-4.05,-1810.13,mixed_edge
1-6,target_lane x lane1_target_start_gap_pair,6 | missing-best,37,0,0.0,3700,0,-3700,0.0,0.0,4.05,73.3,1810.13,-73.3,-4.05,-1810.13,mixed_edge
1-6,lane1_start_exhibition_gap_bucket x target_start_exhibition_gap_bucket,missing | best,37,0,0.0,3700,0,-3700,0.0,0.0,4.05,73.3,1810.13,-73.3,-4.05,-1810.13,mixed_edge
1-2,lane1_target_exhibition_st_rank_pair,missing-2,36,0,0.0,3600,0,-3600,0.0,0.0,18.61,79.76,428.68,-79.76,-18.61,-428.68,mixed_edge
1-2,lane1_exhibition_st_rank_bucket x target_exhibition_st_rank_bucket,missing | 2,36,0,0.0,3600,0,-3600,0.0,0.0,18.61,79.76,428.68,-79.76,-18.61,-428.68,mixed_edge
1-3,lane1_target_start_gap_pair,missing-0.04-0.06,36,0,0.0,3600,0,-3600,0.0,0.0,15.86,79.54,501.69,-79.54,-15.86,-501.69,mixed_edge
1-3,target_lane x lane1_target_start_gap_pair,3 | missing-0.04-0.06,36,0,0.0,3600,0,-3600,0.0,0.0,15.86,79.54,501.69,-79.54,-15.86,-501.69,mixed_edge
1-3,lane1_start_exhibition_gap_bucket x target_start_exhibition_gap_bucket,missing | 0.04-0.06,36,0,0.0,3600,0,-3600,0.0,0.0,15.86,79.54,501.69,-79.54,-15.86,-501.69,mixed_edge
1-5,lane1_target_start_gap_pair x target_outer_pressure_bucket,>0.06-missing | high_other_pressure,36,0,0.0,3600,0,-3600,0.0,0.0,6.7,75.78,1131.51,-75.78,-6.7,-1131.51,mixed_edge
1-6,lane1_target_start_gap_pair,0.04-0.06-missing,36,0,0.0,3600,0,-3600,0.0,0.0,4.05,73.3,1810.13,-73.3,-4.05,-1810.13,mixed_edge
1-6,target_lane x lane1_target_start_gap_pair,6 | 0.04-0.06-missing,36,0,0.0,3600,0,-3600,0.0,0.0,4.05,73.3,1810.13,-73.3,-4.05,-1810.13,mixed_edge
1-6,lane1_start_exhibition_gap_bucket x target_start_exhibition_gap_bucket,0.04-0.06 | missing,36,0,0.0,3600,0,-3600,0.0,0.0,4.05,73.3,1810.13,-73.3,-4.05,-1810.13,mixed_edge
1-4,lane1_target_start_gap_pair,0.04-0.06-missing,34,0,0.0,3400,0,-3400,0.0,0.0,10.14,74.17,731.46,-74.17,-10.14,-731.46,mixed_edge
1-4,target_lane x lane1_target_start_gap_pair,4 | 0.04-0.06-missing,34,0,0.0,3400,0,-3400,0.0,0.0,10.14,74.17,731.46,-74.17,-10.14,-731.46,mixed_edge
1-4,lane1_start_exhibition_gap_bucket x target_start_exhibition_gap_bucket,0.04-0.06 | missing,34,0,0.0,3400,0,-3400,0.0,0.0,10.14,74.17,731.46,-74.17,-10.14,-731.46,mixed_edge
1-6,lane1_target_start_gap_pair x target_outer_pressure_bucket,<=0.03-missing | high_other_pressure,34,0,0.0,3400,0,-3400,0.0,0.0,4.05,73.3,1810.13,-73.3,-4.05,-1810.13,mixed_edge
1-3,lane1_target_start_gap_pair,0.04-0.06-missing,33,0,0.0,3300,0,-3300,0.0,0.0,15.86,79.54,501.69,-79.54,-15.86,-501.69,mixed_edge
1-3,target_lane x lane1_target_start_gap_pair,3 | 0.04-0.06-missing,33,0,0.0,3300,0,-3300,0.0,0.0,15.86,79.54,501.69,-79.54,-15.86,-501.69,mixed_edge
1-3,lane1_start_exhibition_gap_bucket x target_start_exhibition_gap_bucket,0.04-0.06 | missing,33,0,0.0,3300,0,-3300,0.0,0.0,15.86,79.54,501.69,-79.54,-15.86,-501.69,mixed_edge
1-3,lane1_target_start_gap_pair x target_outer_pressure_bucket,missing-<=0.03 | high_other_pressure,33,0,0.0,3300,0,-3300,0.0,0.0,15.86,79.54,501.69,-79.54,-15.86,-501.69,mixed_edge
1-6,lane1_target_exhibition_st_rank_pair,missing-3,33,0,0.0,3300,0,-3300,0.0,0.0,4.05,73.3,1810.13,-73.3,-4.05,-1810.13,mixed_edge
1-6,lane1_exhibition_st_rank_bucket x target_exhibition_st_rank_bucket,missing | 3,33,0,0.0,3300,0,-3300,0.0,0.0,4.05,73.3,1810.13,-73.3,-4.05,-1810.13,mixed_edge
1-2,lane1_target_start_gap_pair,0.04-0.06-missing,32,0,0.0,3200,0,-3200,0.0,0.0,18.61,79.76,428.68,-79.76,-18.61,-428.68,mixed_edge
1-2,lane1_target_start_gap_pair,<=0.03-missing,32,0,0.0,3200,0,-3200,0.0,0.0,18.61,79.76,428.68,-79.76,-18.61,-428.68,mixed_edge
1-2,target_lane x lane1_target_start_gap_pair,2 | 0.04-0.06-missing,32,0,0.0,3200,0,-3200,0.0,0.0,18.61,79.76,428.68,-79.76,-18.61,-428.68,mixed_edge
1-2,target_lane x lane1_target_start_gap_pair,2 | <=0.03-missing,32,0,0.0,3200,0,-3200,0.0,0.0,18.61,79.76,428.68,-79.76,-18.61,-428.68,mixed_edge
1-2,lane1_start_exhibition_gap_bucket x target_start_exhibition_gap_bucket,0.04-0.06 | missing,32,0,0.0,3200,0,-3200,0.0,0.0,18.61,79.76,428.68,-79.76,-18.61,-428.68,mixed_edge
1-2,lane1_start_exhibition_gap_bucket x target_start_exhibition_gap_bucket,<=0.03 | missing,32,0,0.0,3200,0,-3200,0.0,0.0,18.61,79.76,428.68,-79.76,-18.61,-428.68,mixed_edge
1-5,lane1_target_exhibition_st_rank_pair,missing-2,32,0,0.0,3200,0,-3200,0.0,0.0,6.7,75.78,1131.51,-75.78,-6.7,-1131.51,mixed_edge
1-5,lane1_exhibition_st_rank_bucket x target_exhibition_st_rank_bucket,missing | 2,32,0,0.0,3200,0,-3200,0.0,0.0,6.7,75.78,1131.51,-75.78,-6.7,-1131.51,mixed_edge
1-5,lane1_target_start_gap_pair x target_outer_pressure_bucket,<=0.03-missing | high_other_pressure,32,0,0.0,3200,0,-3200,0.0,0.0,6.7,75.78,1131.51,-75.78,-6.7,-1131.51,mixed_edge
1-2,lane1_target_start_gap_pair x target_outer_pressure_bucket,missing-<=0.03 | high_other_pressure,31,0,0.0,3100,0,-3100,0.0,0.0,18.61,79.76,428.68,-79.76,-18.61,-428.68,mixed_edge
1-6,lane1_target_exhibition_st_rank_pair,3-missing,31,0,0.0,3100,0,-3100,0.0,0.0,4.05,73.3,1810.13,-73.3,-4.05,-1810.13,mixed_edge
1-6,lane1_exhibition_st_rank_bucket x target_exhibition_st_rank_bucket,3 | missing,31,0,0.0,3100,0,-3100,0.0,0.0,4.05,73.3,1810.13,-73.3,-4.05,-1810.13,mixed_edge
1-6,lane1_target_exhibition_st_rank_pair,missing-1,30,0,0.0,3000,0,-3000,0.0,0.0,4.05,73.3,1810.13,-73.3,-4.05,-1810.13,mixed_edge
1-6,lane1_exhibition_st_rank_bucket x target_exhibition_st_rank_bucket,missing | 1,30,0,0.0,3000,0,-3000,0.0,0.0,4.05,73.3,1810.13,-73.3,-4.05,-1810.13,mixed_edge
1-6,lane1_target_start_gap_pair x target_outer_pressure_bucket,missing-best | high_other_pressure,30,0,0.0,3000,0,-3000,0.0,0.0,4.05,73.3,1810.13,-73.3,-4.05,-1810.13,mixed_edge
