race_id,race_date,stadium_code,race_no,exacta_combo_norm,exacta_payout,logic_id,combo,is_hit,return_yen
202501110204,2025-01-11,02,4,2-1,1120,L01,1-2,0,0
202501110210,2025-01-11,02,10,1-2,270,L01,1-2,1,270
202501110210,2025-01-11,02,10,1-2,270,L09,1-3,0,0
202501110211,2025-01-11,02,11,2-1,4770,L07,1-3,0,0
202501110501,2025-01-11,05,1,1-2,360,L06,1-2,1,360
202501110507,2025-01-11,05,7,1-4,1480,L06,1-2,0,0
202501110509,2025-01-11,05,9,2-1,1310,L05,1-2,0,0
202501110607,2025-01-11,06,7,3-1,660,L06,1-2,0,0
202501110608,2025-01-11,06,8,1-3,210,L05,1-2,0,0
202501110611,2025-01-11,06,11,1-3,280,L02,1-2,0,0
202501110611,2025-01-11,06,11,1-3,280,L03,1-3,1,280
202501110612,2025-01-11,06,12,1-5,520,L06,1-2,0,0
202501110801,2025-01-11,08,1,1-2,190,L01,1-2,1,190
202501110802,2025-01-11,08,2,1-2,390,L06,1-2,1,390
202501110806,2025-01-11,08,6,2-3,1730,L02,1-2,0,0
202501110806,2025-01-11,08,6,2-3,1730,L03,1-3,0,0
202501110809,2025-01-11,08,9,1-3,360,L01,1-2,0,0
202501110810,2025-01-11,08,10,1-3,700,L01,1-2,0,0
202501110902,2025-01-11,09,2,1-2,280,L01,1-2,1,280
202501110902,2025-01-11,09,2,1-2,280,L08,1-3,0,0
202501110903,2025-01-11,09,3,3-5,4340,L05,1-2,0,0
202501110909,2025-01-11,09,9,5-1,1940,L01,1-2,0,0
202501110909,2025-01-11,09,9,5-1,1940,L08,1-3,0,0
202501110910,2025-01-11,09,10,1-4,1130,L01,1-2,0,0
202501110910,2025-01-11,09,10,1-4,1130,L09,1-3,0,0
202501110912,2025-01-11,09,12,1-2,190,L02,1-2,1,190
202501111201,2025-01-11,12,1,1-3,270,L02,1-2,0,0
202501111203,2025-01-11,12,3,2-1,230,L01,1-2,0,0
202501111204,2025-01-11,12,4,1-4,830,L06,1-2,0,0
202501111208,2025-01-11,12,8,5-1,4290,L01,1-2,0,0
202501111209,2025-01-11,12,9,1-5,410,L01,1-2,0,0
202501111210,2025-01-11,12,10,1-2,320,L01,1-2,1,320
202501111211,2025-01-11,12,11,1-3,390,L06,1-2,0,0
202501111404,2025-01-11,14,4,5-1,600,L06,1-2,0,0
202501111407,2025-01-11,14,7,1-3,750,L01,1-2,0,0
202501111408,2025-01-11,14,8,3-2,1700,L03,1-3,0,0
202501111409,2025-01-11,14,9,1-2,550,L01,1-2,1,550
202501111412,2025-01-11,14,12,2-4,5580,L01,1-2,0,0
202501111505,2025-01-11,15,5,2-1,810,L01,1-2,0,0
202501111505,2025-01-11,15,5,2-1,810,L08,1-3,0,0
202501111506,2025-01-11,15,6,3-1,800,L06,1-2,0,0
202501111508,2025-01-11,15,8,1-4,270,L01,1-2,0,0
202501111508,2025-01-11,15,8,1-4,270,L08,1-3,0,0
202501111510,2025-01-11,15,10,1-3,690,L01,1-2,0,0
202501111510,2025-01-11,15,10,1-3,690,L08,1-3,1,690
202501111607,2025-01-11,16,7,1-3,310,L02,1-2,0,0
202501111607,2025-01-11,16,7,1-3,310,L03,1-3,1,310
202501111609,2025-01-11,16,9,1-2,300,L06,1-2,1,300
202501111610,2025-01-11,16,10,1-2,190,L06,1-2,1,190
202501111701,2025-01-11,17,1,2-4,5450,L01,1-2,0,0
202501111701,2025-01-11,17,1,2-4,5450,L10,1-3,0,0
202501111703,2025-01-11,17,3,2-3,780,L01,1-2,0,0
202501111703,2025-01-11,17,3,2-3,780,L09,1-3,0,0
202501111705,2025-01-11,17,5,1-2,330,L01,1-2,1,330
202501111707,2025-01-11,17,7,2-1,420,L03,1-3,0,0
202501111708,2025-01-11,17,8,1-2,570,L06,1-2,1,570
202501111709,2025-01-11,17,9,2-1,750,L02,1-2,0,0
202501111709,2025-01-11,17,9,2-1,750,L08,1-3,0,0
202501111710,2025-01-11,17,10,1-4,390,L01,1-2,0,0
202501111710,2025-01-11,17,10,1-4,390,L08,1-3,0,0
202501111711,2025-01-11,17,11,1-3,370,L06,1-2,0,0
202501111802,2025-01-11,18,2,6-1,1290,L01,1-2,0,0
202501111804,2025-01-11,18,4,1-4,520,L09,1-3,0,0
202501111806,2025-01-11,18,6,2-5,1010,L06,1-2,0,0
202501111903,2025-01-11,19,3,1-2,370,L01,1-2,1,370
202501111904,2025-01-11,19,4,1-3,1020,L01,1-2,0,0
202501111904,2025-01-11,19,4,1-3,1020,L08,1-3,1,1020
202501111906,2025-01-11,19,6,1-2,280,L05,1-2,1,280
202501111910,2025-01-11,19,10,1-4,270,L01,1-2,0,0
202501111912,2025-01-11,19,12,1-4,540,L06,1-2,0,0
202501111912,2025-01-11,19,12,1-4,540,L07,1-3,0,0
202501112101,2025-01-11,21,1,1-5,490,L10,1-3,0,0
202501112103,2025-01-11,21,3,1-3,160,L01,1-2,0,0
202501112104,2025-01-11,21,4,1-2,210,L06,1-2,1,210
202501112104,2025-01-11,21,4,1-2,210,L10,1-3,0,0
202501112105,2025-01-11,21,5,1-3,260,L06,1-2,0,0
202501112108,2025-01-11,21,8,2-4,540,L05,1-2,0,0
202501112111,2025-01-11,21,11,1-3,280,L01,1-2,0,0
202501120203,2025-01-12,02,3,6-3,2880,L05,1-2,0,0
202501120207,2025-01-12,02,7,1-4,350,L08,1-3,0,0
202501120208,2025-01-12,02,8,3-4,4500,L05,1-2,0,0
202501120210,2025-01-12,02,10,1-3,2210,L02,1-2,0,0
202501120501,2025-01-12,05,1,3-1,3390,L03,1-3,0,0
202501120504,2025-01-12,05,4,1-3,470,L06,1-2,0,0
202501120504,2025-01-12,05,4,1-3,470,L07,1-3,1,470
202501120505,2025-01-12,05,5,3-2,2800,L07,1-3,0,0
202501120512,2025-01-12,05,12,1-4,210,L01,1-2,0,0
202501120601,2025-01-12,06,1,6-1,8950,L03,1-3,0,0
202501120604,2025-01-12,06,4,6-4,1180,L05,1-2,0,0
202501120605,2025-01-12,06,5,1-6,3010,L01,1-2,0,0
202501120605,2025-01-12,06,5,1-6,3010,L08,1-3,0,0
202501120606,2025-01-12,06,6,6-1,1520,L10,1-3,0,0
202501120610,2025-01-12,06,10,1-2,350,L08,1-3,0,0
202501120612,2025-01-12,06,12,1-2,190,L01,1-2,1,190
202501120612,2025-01-12,06,12,1-2,190,L08,1-3,0,0
202501120903,2025-01-12,09,3,1-3,1650,L01,1-2,0,0
202501120904,2025-01-12,09,4,3-2,1120,L06,1-2,0,0
202501120905,2025-01-12,09,5,1-2,330,L01,1-2,1,330
202501120906,2025-01-12,09,6,4-1,560,L01,1-2,0,0
202501120912,2025-01-12,09,12,3-1,1070,L10,1-3,0,0
202501121202,2025-01-12,12,2,6-4,8500,L10,1-3,0,0
202501121206,2025-01-12,12,6,4-6,3100,L01,1-2,0,0
202501121207,2025-01-12,12,7,1-3,240,L06,1-2,0,0
202501121208,2025-01-12,12,8,1-2,680,L06,1-2,1,680
202501121401,2025-01-12,14,1,1-3,260,L06,1-2,0,0
202501121402,2025-01-12,14,2,1-4,700,L01,1-2,0,0
202501121402,2025-01-12,14,2,1-4,700,L08,1-3,0,0
202501121404,2025-01-12,14,4,1-6,1830,L05,1-2,0,0
202501121406,2025-01-12,14,6,2-1,590,L02,1-2,0,0
202501121406,2025-01-12,14,6,2-1,590,L03,1-3,0,0
202501121407,2025-01-12,14,7,1-6,840,L01,1-2,0,0
202501121408,2025-01-12,14,8,1-4,410,L03,1-3,0,0
202501121410,2025-01-12,14,10,1-2,320,L02,1-2,1,320
202501121410,2025-01-12,14,10,1-2,320,L08,1-3,0,0
202501121412,2025-01-12,14,12,1-2,220,L01,1-2,1,220
202501121412,2025-01-12,14,12,1-2,220,L08,1-3,0,0
202501121503,2025-01-12,15,3,5-3,2040,L01,1-2,0,0
202501121504,2025-01-12,15,4,2-1,460,L01,1-2,0,0
202501121505,2025-01-12,15,5,1-5,530,L01,1-2,0,0
202501121507,2025-01-12,15,7,2-4,1610,L10,1-3,0,0
202501121508,2025-01-12,15,8,1-2,200,L03,1-3,0,0
202501121509,2025-01-12,15,9,2-6,10200,L05,1-2,0,0
202501121511,2025-01-12,15,11,1-3,320,L05,1-2,0,0
202501121512,2025-01-12,15,12,1-4,570,L06,1-2,0,0
202501121604,2025-01-12,16,4,1-4,640,L06,1-2,0,0
202501121606,2025-01-12,16,6,3-1,1750,L02,1-2,0,0
202501121606,2025-01-12,16,6,3-1,1750,L03,1-3,0,0
202501121607,2025-01-12,16,7,2-4,1880,L05,1-2,0,0
202501121609,2025-01-12,16,9,1-3,290,L08,1-3,1,290
202501121611,2025-01-12,16,11,4-1,1030,L10,1-3,0,0
202501121612,2025-01-12,16,12,1-2,230,L03,1-3,0,0
202501121701,2025-01-12,17,1,1-2,190,L01,1-2,1,190
202501121703,2025-01-12,17,3,1-6,2740,L01,1-2,0,0
202501121705,2025-01-12,17,5,6-5,1070,L03,1-3,0,0
202501121708,2025-01-12,17,8,2-6,630,L06,1-2,0,0
202501121709,2025-01-12,17,9,1-2,250,L01,1-2,1,250
202501121712,2025-01-12,17,12,1-3,200,L01,1-2,0,0
202501121712,2025-01-12,17,12,1-3,200,L08,1-3,1,200
202501121803,2025-01-12,18,3,1-2,210,L10,1-3,0,0
202501121903,2025-01-12,19,3,1-5,1030,L06,1-2,0,0
202501121904,2025-01-12,19,4,2-6,9640,L06,1-2,0,0
202501121907,2025-01-12,19,7,2-1,850,L06,1-2,0,0
202501121908,2025-01-12,19,8,2-1,890,L02,1-2,0,0
202501121909,2025-01-12,19,9,3-1,1060,L03,1-3,0,0
202501121911,2025-01-12,19,11,1-3,280,L01,1-2,0,0
202501122102,2025-01-12,21,2,4-2,2480,L06,1-2,0,0
202501122102,2025-01-12,21,2,4-2,2480,L07,1-3,0,0
202501122103,2025-01-12,21,3,3-5,720,L03,1-3,0,0
202501122104,2025-01-12,21,4,1-5,340,L01,1-2,0,0
202501122106,2025-01-12,21,6,2-3,950,L05,1-2,0,0
202501122108,2025-01-12,21,8,1-3,2760,L05,1-2,0,0
202501122108,2025-01-12,21,8,1-3,2760,L10,1-3,1,2760
202501122109,2025-01-12,21,9,1-3,430,L03,1-3,1,430
202501130202,2025-01-13,02,2,1-2,440,L05,1-2,1,440
202501130208,2025-01-13,02,8,1-2,400,L06,1-2,1,400
202501130208,2025-01-13,02,8,1-2,400,L07,1-3,0,0
202501130210,2025-01-13,02,10,1-2,450,L01,1-2,1,450
202501130212,2025-01-13,02,12,1-4,370,L06,1-2,0,0
202501130212,2025-01-13,02,12,1-4,370,L07,1-3,0,0
202501130501,2025-01-13,05,1,1-5,240,L01,1-2,0,0
202501130502,2025-01-13,05,2,5-2,1570,L01,1-2,0,0
202501130505,2025-01-13,05,5,2-3,870,L01,1-2,0,0
202501130505,2025-01-13,05,5,2-3,870,L08,1-3,0,0
202501130509,2025-01-13,05,9,1-3,190,L03,1-3,1,190
202501130601,2025-01-13,06,1,2-4,1370,L10,1-3,0,0
202501130605,2025-01-13,06,5,4-1,5050,L01,1-2,0,0
202501130606,2025-01-13,06,6,1-3,580,L03,1-3,1,580
202501130607,2025-01-13,06,7,3-5,1090,L01,1-2,0,0
202501130607,2025-01-13,06,7,3-5,1090,L08,1-3,0,0
202501130609,2025-01-13,06,9,1-3,890,L03,1-3,1,890
202501130612,2025-01-13,06,12,2-4,7070,L05,1-2,0,0
202501130902,2025-01-13,09,2,1-4,860,L06,1-2,0,0
202501130909,2025-01-13,09,9,1-2,360,L05,1-2,1,360
202501130911,2025-01-13,09,11,2-1,1080,L06,1-2,0,0
202501130912,2025-01-13,09,12,2-1,1930,L10,1-3,0,0
202501131101,2025-01-13,11,1,1-2,390,L01,1-2,1,390
202501131102,2025-01-13,11,2,1-3,400,L01,1-2,0,0
202501131104,2025-01-13,11,4,2-4,950,L02,1-2,0,0
202501131106,2025-01-13,11,6,2-4,440,L05,1-2,0,0
202501131107,2025-01-13,11,7,1-3,1430,L01,1-2,0,0
202501131110,2025-01-13,11,10,1-3,560,L03,1-3,1,560
202501131111,2025-01-13,11,11,4-3,2980,L05,1-2,0,0
202501131112,2025-01-13,11,12,1-3,260,L01,1-2,0,0
202501131201,2025-01-13,12,1,1-2,410,L06,1-2,1,410
202501131203,2025-01-13,12,3,3-2,2160,L05,1-2,0,0
202501131209,2025-01-13,12,9,3-5,1040,L03,1-3,0,0
202501131301,2025-01-13,13,1,1-3,450,L05,1-2,0,0
202501131303,2025-01-13,13,3,3-2,560,L05,1-2,0,0
202501131304,2025-01-13,13,4,1-2,240,L02,1-2,1,240
202501131304,2025-01-13,13,4,1-2,240,L08,1-3,0,0
202501131306,2025-01-13,13,6,1-2,250,L05,1-2,1,250
202501131307,2025-01-13,13,7,1-2,510,L03,1-3,0,0
202501131310,2025-01-13,13,10,1-4,410,L08,1-3,0,0
202501131402,2025-01-13,14,2,1-5,2530,L06,1-2,0,0
202501131404,2025-01-13,14,4,4-1,1030,L01,1-2,0,0
202501131406,2025-01-13,14,6,3-1,2120,L01,1-2,0,0
202501131407,2025-01-13,14,7,2-5,710,L05,1-2,0,0
202501131408,2025-01-13,14,8,3-4,3330,L03,1-3,0,0
202501131411,2025-01-13,14,11,1-2,370,L08,1-3,0,0
202501131507,2025-01-13,15,7,1-2,370,L01,1-2,1,370
202501131508,2025-01-13,15,8,4-1,890,L05,1-2,0,0
202501131510,2025-01-13,15,10,1-4,480,L06,1-2,0,0
202501131512,2025-01-13,15,12,3-1,1210,L01,1-2,0,0
202501131701,2025-01-13,17,1,6-1,560,L01,1-2,0,0
202501131704,2025-01-13,17,4,4-6,2840,L05,1-2,0,0
202501131706,2025-01-13,17,6,3-4,1080,L06,1-2,0,0
202501131707,2025-01-13,17,7,2-4,1440,L02,1-2,0,0
202501131708,2025-01-13,17,8,5-2,360,L05,1-2,0,0
202501131709,2025-01-13,17,9,1-2,370,L01,1-2,1,370
202501131711,2025-01-13,17,11,1-2,320,L05,1-2,1,320
202501131712,2025-01-13,17,12,1-4,320,L03,1-3,0,0
202501131801,2025-01-13,18,1,1-2,220,L08,1-3,0,0
202501131802,2025-01-13,18,2,1-2,500,L02,1-2,1,500
202501131802,2025-01-13,18,2,1-2,500,L03,1-3,0,0
202501131803,2025-01-13,18,3,1-3,500,L10,1-3,1,500
202501131804,2025-01-13,18,4,1-4,210,L01,1-2,0,0
202501131804,2025-01-13,18,4,1-4,210,L08,1-3,0,0
202501131805,2025-01-13,18,5,1-5,510,L08,1-3,0,0
202501131806,2025-01-13,18,6,2-6,2600,L05,1-2,0,0
202501131902,2025-01-13,19,2,2-1,960,L01,1-2,0,0
202501131902,2025-01-13,19,2,2-1,960,L08,1-3,0,0
202501131903,2025-01-13,19,3,1-3,610,L01,1-2,0,0
202501131903,2025-01-13,19,3,1-3,610,L08,1-3,1,610
202501131904,2025-01-13,19,4,1-4,310,L06,1-2,0,0
202501131906,2025-01-13,19,6,1-6,4140,L06,1-2,0,0
202501131907,2025-01-13,19,7,1-6,2080,L01,1-2,0,0
202501131907,2025-01-13,19,7,1-6,2080,L08,1-3,0,0
202501132001,2025-01-13,20,1,1-6,2320,L03,1-3,0,0
202501132002,2025-01-13,20,2,1-4,2860,L06,1-2,0,0
202501132008,2025-01-13,20,8,1-2,180,L06,1-2,1,180
202501132009,2025-01-13,20,9,1-6,710,L05,1-2,0,0
202501132012,2025-01-13,20,12,1-3,460,L08,1-3,1,460
202501132101,2025-01-13,21,1,5-1,2820,L01,1-2,0,0
202501132101,2025-01-13,21,1,5-1,2820,L08,1-3,0,0
202501132105,2025-01-13,21,5,2-1,700,L01,1-2,0,0
202501132105,2025-01-13,21,5,2-1,700,L08,1-3,0,0
202501132106,2025-01-13,21,6,4-6,3740,L10,1-3,0,0
202501132109,2025-01-13,21,9,4-2,3600,L08,1-3,0,0
202501132110,2025-01-13,21,10,1-6,1220,L01,1-2,0,0
202501140201,2025-01-14,02,1,1-3,930,L10,1-3,1,930
202501140203,2025-01-14,02,3,2-5,3270,L01,1-2,0,0
202501140206,2025-01-14,02,6,5-1,3070,L01,1-2,0,0
202501140206,2025-01-14,02,6,5-1,3070,L08,1-3,0,0
202501140208,2025-01-14,02,8,3-5,4560,L02,1-2,0,0
202501140208,2025-01-14,02,8,3-5,4560,L03,1-3,0,0
202501140209,2025-01-14,02,9,1-2,860,L01,1-2,1,860
202501140210,2025-01-14,02,10,1-2,370,L05,1-2,1,370
202501140211,2025-01-14,02,11,1-2,560,L01,1-2,1,560
202501140211,2025-01-14,02,11,1-2,560,L08,1-3,0,0
202501140302,2025-01-14,03,2,1-6,2540,L03,1-3,0,0
202501140303,2025-01-14,03,3,1-5,1340,L03,1-3,0,0
202501140304,2025-01-14,03,4,1-2,360,L01,1-2,1,360
202501140307,2025-01-14,03,7,5-1,3540,L03,1-3,0,0
202501140308,2025-01-14,03,8,1-4,690,L02,1-2,0,0
202501140312,2025-01-14,03,12,3-1,2190,L03,1-3,0,0
202501140504,2025-01-14,05,4,1-5,510,L08,1-3,0,0
202501140505,2025-01-14,05,5,1-3,680,L06,1-2,0,0
202501140509,2025-01-14,05,9,1-2,370,L10,1-3,0,0
202501140510,2025-01-14,05,10,2-3,1700,L05,1-2,0,0
202501140901,2025-01-14,09,1,1-2,240,L06,1-2,1,240
202501140904,2025-01-14,09,4,3-1,910,L05,1-2,0,0
202501140905,2025-01-14,09,5,1-4,380,L03,1-3,0,0
202501140909,2025-01-14,09,9,2-4,2500,L05,1-2,0,0
202501141002,2025-01-14,10,2,2-1,390,L06,1-2,0,0
202501141002,2025-01-14,10,2,2-1,390,L07,1-3,0,0
202501141003,2025-01-14,10,3,2-4,5730,L01,1-2,0,0
202501141005,2025-01-14,10,5,2-3,2380,L02,1-2,0,0
202501141006,2025-01-14,10,6,1-4,1050,L07,1-3,0,0
202501141008,2025-01-14,10,8,1-3,420,L05,1-2,0,0
202501141010,2025-01-14,10,10,2-1,520,L01,1-2,0,0
202501141012,2025-01-14,10,12,1-3,540,L03,1-3,1,540
202501141103,2025-01-14,11,3,2-1,540,L10,1-3,0,0
202501141104,2025-01-14,11,4,2-1,4270,L06,1-2,0,0
202501141104,2025-01-14,11,4,2-1,4270,L07,1-3,0,0
202501141105,2025-01-14,11,5,1-3,600,L01,1-2,0,0
202501141109,2025-01-14,11,9,2-1,240,L06,1-2,0,0
202501141110,2025-01-14,11,10,1-3,1050,L06,1-2,0,0
202501141110,2025-01-14,11,10,1-3,1050,L10,1-3,1,1050
202501141111,2025-01-14,11,11,1-4,360,L01,1-2,0,0
202501141111,2025-01-14,11,11,1-4,360,L08,1-3,0,0
202501141112,2025-01-14,11,12,1-2,600,L01,1-2,1,600
202501141203,2025-01-14,12,3,1-3,360,L02,1-2,0,0
202501141203,2025-01-14,12,3,1-3,360,L03,1-3,1,360
202501141208,2025-01-14,12,8,1-2,200,L01,1-2,1,200
202501141208,2025-01-14,12,8,1-2,200,L08,1-3,0,0
202501141210,2025-01-14,12,10,1-2,350,L05,1-2,1,350
202501141211,2025-01-14,12,11,1-3,840,L02,1-2,0,0
202501141211,2025-01-14,12,11,1-3,840,L03,1-3,1,840
202501141301,2025-01-14,13,1,1-3,340,L01,1-2,0,0
202501141304,2025-01-14,13,4,4-2,550,L05,1-2,0,0
202501141306,2025-01-14,13,6,1-4,310,L05,1-2,0,0
202501141308,2025-01-14,13,8,2-1,710,L06,1-2,0,0
202501141311,2025-01-14,13,11,1-2,270,L03,1-3,0,0
202501141702,2025-01-14,17,2,4-1,4580,L05,1-2,0,0
202501141704,2025-01-14,17,4,2-1,1810,L06,1-2,0,0
202501141710,2025-01-14,17,10,1-3,230,L03,1-3,1,230
202501141711,2025-01-14,17,11,1-3,190,L09,1-3,1,190
202501141712,2025-01-14,17,12,3-4,4960,L05,1-2,0,0
202501141901,2025-01-14,19,1,1-4,2480,L08,1-3,0,0
202501141902,2025-01-14,19,2,1-2,260,L01,1-2,1,260
202501141906,2025-01-14,19,6,1-2,430,L06,1-2,1,430
202501141907,2025-01-14,19,7,1-4,1060,L01,1-2,0,0
202501141907,2025-01-14,19,7,1-4,1060,L08,1-3,0,0
202501141909,2025-01-14,19,9,2-1,2790,L05,1-2,0,0
202501141910,2025-01-14,19,10,1-2,230,L07,1-3,0,0
202501142003,2025-01-14,20,3,1-6,710,L06,1-2,0,0
202501142003,2025-01-14,20,3,1-6,710,L07,1-3,0,0
202501142004,2025-01-14,20,4,6-3,2510,L01,1-2,0,0
202501142007,2025-01-14,20,7,2-5,4060,L01,1-2,0,0
202501142007,2025-01-14,20,7,2-5,4060,L08,1-3,0,0
202501142009,2025-01-14,20,9,1-5,1130,L02,1-2,0,0
202501142009,2025-01-14,20,9,1-5,1130,L03,1-3,0,0
202501142010,2025-01-14,20,10,1-3,330,L06,1-2,0,0
202501142011,2025-01-14,20,11,2-1,430,L02,1-2,0,0
202501142012,2025-01-14,20,12,1-4,340,L02,1-2,0,0
202501142101,2025-01-14,21,1,1-2,230,L01,1-2,1,230
202501142102,2025-01-14,21,2,1-4,320,L05,1-2,0,0
202501142106,2025-01-14,21,6,5-2,2190,L10,1-3,0,0
202501142111,2025-01-14,21,11,1-2,300,L01,1-2,1,300
202501142201,2025-01-14,22,1,1-4,440,L01,1-2,0,0
202501142202,2025-01-14,22,2,1-2,1100,L06,1-2,1,1100
202501142202,2025-01-14,22,2,1-2,1100,L07,1-3,0,0
202501142203,2025-01-14,22,3,2-3,660,L06,1-2,0,0
202501142204,2025-01-14,22,4,1-5,610,L10,1-3,0,0
202501142207,2025-01-14,22,7,3-1,520,L03,1-3,0,0
202501142208,2025-01-14,22,8,1-2,440,L01,1-2,1,440
202501142208,2025-01-14,22,8,1-2,440,L08,1-3,0,0
202501142211,2025-01-14,22,11,3-1,5160,L02,1-2,0,0
202501142211,2025-01-14,22,11,3-1,5160,L08,1-3,0,0
202501142212,2025-01-14,22,12,4-1,1250,L01,1-2,0,0
202501142212,2025-01-14,22,12,4-1,1250,L08,1-3,0,0
202501150302,2025-01-15,03,2,1-5,1020,L03,1-3,0,0
202501150305,2025-01-15,03,5,2-5,1930,L01,1-2,0,0
202501150305,2025-01-15,03,5,2-5,1930,L08,1-3,0,0
202501150306,2025-01-15,03,6,4-1,3710,L01,1-2,0,0
202501150311,2025-01-15,03,11,1-5,900,L08,1-3,0,0
202501150312,2025-01-15,03,12,1-2,320,L01,1-2,1,320
202501150504,2025-01-15,05,4,2-3,790,L09,1-3,0,0
202501150505,2025-01-15,05,5,2-6,410,L05,1-2,0,0
202501150510,2025-01-15,05,10,4-1,2440,L02,1-2,0,0
202501150511,2025-01-15,05,11,1-4,390,L05,1-2,0,0
202501150512,2025-01-15,05,12,5-1,1970,L02,1-2,0,0
202501150703,2025-01-15,07,3,1-2,1060,L01,1-2,1,1060
202501150703,2025-01-15,07,3,1-2,1060,L08,1-3,0,0
202501150704,2025-01-15,07,4,1-6,750,L01,1-2,0,0
202501150704,2025-01-15,07,4,1-6,750,L08,1-3,0,0
202501150705,2025-01-15,07,5,4-5,370,L10,1-3,0,0
202501150707,2025-01-15,07,7,1-3,260,L01,1-2,0,0
202501150708,2025-01-15,07,8,2-1,350,L01,1-2,0,0
202501150708,2025-01-15,07,8,2-1,350,L08,1-3,0,0
202501150711,2025-01-15,07,11,1-5,1470,L07,1-3,0,0
202501151006,2025-01-15,10,6,1-5,700,L01,1-2,0,0
202501151007,2025-01-15,10,7,2-1,830,L01,1-2,0,0
202501151007,2025-01-15,10,7,2-1,830,L09,1-3,0,0
202501151012,2025-01-15,10,12,2-1,2040,L06,1-2,0,0
202501151101,2025-01-15,11,1,1-2,510,L05,1-2,1,510
202501151102,2025-01-15,11,2,1-5,1900,L01,1-2,0,0
202501151106,2025-01-15,11,6,5-1,1530,L08,1-3,0,0
202501151107,2025-01-15,11,7,1-2,4040,L01,1-2,1,4040
202501151108,2025-01-15,11,8,1-2,1140,L08,1-3,0,0
202501151110,2025-01-15,11,10,2-1,1350,L01,1-2,0,0
202501151111,2025-01-15,11,11,1-5,550,L05,1-2,0,0
202501151112,2025-01-15,11,12,1-3,250,L06,1-2,0,0
202501151304,2025-01-15,13,4,2-6,950,L02,1-2,0,0
202501151304,2025-01-15,13,4,2-6,950,L08,1-3,0,0
202501151305,2025-01-15,13,5,2-3,570,L01,1-2,0,0
202501151309,2025-01-15,13,9,2-6,750,L05,1-2,0,0
202501151310,2025-01-15,13,10,1-5,470,L06,1-2,0,0
202501151702,2025-01-15,17,2,2-4,12280,L05,1-2,0,0
202501151703,2025-01-15,17,3,1-2,2030,L01,1-2,1,2030
202501151704,2025-01-15,17,4,2-4,9060,L02,1-2,0,0
202501151704,2025-01-15,17,4,2-4,9060,L08,1-3,0,0
202501151706,2025-01-15,17,6,5-3,21880,L01,1-2,0,0
202501151706,2025-01-15,17,6,5-3,21880,L08,1-3,0,0
202501151709,2025-01-15,17,9,1-3,560,L01,1-2,0,0
202501151710,2025-01-15,17,10,1-5,760,L02,1-2,0,0
202501151710,2025-01-15,17,10,1-5,760,L08,1-3,0,0
202501151712,2025-01-15,17,12,1-5,1720,L09,1-3,0,0
202501151901,2025-01-15,19,1,3-5,4860,L01,1-2,0,0
202501151902,2025-01-15,19,2,2-1,1130,L08,1-3,0,0
202501151903,2025-01-15,19,3,1-2,380,L07,1-3,0,0
202501151904,2025-01-15,19,4,3-4,16860,L02,1-2,0,0
202501151904,2025-01-15,19,4,3-4,16860,L03,1-3,0,0
202501151909,2025-01-15,19,9,3-1,820,L03,1-3,0,0
202501151910,2025-01-15,19,10,4-5,7390,L07,1-3,0,0
202501151911,2025-01-15,19,11,1-6,4360,L05,1-2,0,0
202501151912,2025-01-15,19,12,1-3,270,L08,1-3,1,270
202501152002,2025-01-15,20,2,1-3,670,L06,1-2,0,0
202501152002,2025-01-15,20,2,1-3,670,L07,1-3,1,670
202501152005,2025-01-15,20,5,1-4,470,L06,1-2,0,0
202501152005,2025-01-15,20,5,1-4,470,L07,1-3,0,0
202501152006,2025-01-15,20,6,1-4,1480,L06,1-2,0,0
202501152007,2025-01-15,20,7,1-5,1610,L02,1-2,0,0
202501152007,2025-01-15,20,7,1-5,1610,L03,1-3,0,0
202501152008,2025-01-15,20,8,2-5,9750,L05,1-2,0,0
202501152010,2025-01-15,20,10,1-5,880,L05,1-2,0,0
202501152101,2025-01-15,21,1,1-2,310,L02,1-2,1,310
202501152101,2025-01-15,21,1,1-2,310,L03,1-3,0,0
202501152102,2025-01-15,21,2,1-2,400,L02,1-2,1,400
202501152108,2025-01-15,21,8,2-1,420,L05,1-2,0,0
202501152109,2025-01-15,21,9,1-4,380,L10,1-3,0,0
202501152110,2025-01-15,21,10,1-5,1610,L01,1-2,0,0
202501152111,2025-01-15,21,11,1-3,430,L05,1-2,0,0
202501152204,2025-01-15,22,4,3-5,3130,L06,1-2,0,0
202501152204,2025-01-15,22,4,3-5,3130,L07,1-3,0,0
202501152207,2025-01-15,22,7,1-2,360,L01,1-2,1,360
202501152208,2025-01-15,22,8,2-4,370,L06,1-2,0,0
202501152209,2025-01-15,22,9,1-2,660,L02,1-2,1,660
202501152209,2025-01-15,22,9,1-2,660,L09,1-3,0,0
202501152210,2025-01-15,22,10,1-3,190,L01,1-2,0,0
202501152210,2025-01-15,22,10,1-3,190,L08,1-3,1,190
202501152211,2025-01-15,22,11,3-1,4140,L06,1-2,0,0
202501152212,2025-01-15,22,12,1-3,520,L01,1-2,0,0
202501160302,2025-01-16,03,2,1-2,460,L03,1-3,0,0
202501160303,2025-01-16,03,3,2-3,1370,L05,1-2,0,0
202501160305,2025-01-16,03,5,2-3,1140,L01,1-2,0,0
202501160309,2025-01-16,03,9,2-3,2540,L01,1-2,0,0
202501160311,2025-01-16,03,11,1-2,350,L01,1-2,1,350
202501160601,2025-01-16,06,1,1-5,1340,L01,1-2,0,0
202501160601,2025-01-16,06,1,1-5,1340,L09,1-3,0,0
202501160602,2025-01-16,06,2,1-3,540,L01,1-2,0,0
202501160603,2025-01-16,06,3,1-2,360,L01,1-2,1,360
202501160603,2025-01-16,06,3,1-2,360,L09,1-3,0,0
202501160605,2025-01-16,06,5,1-2,240,L01,1-2,1,240
202501160605,2025-01-16,06,5,1-2,240,L08,1-3,0,0
202501160609,2025-01-16,06,9,1-2,320,L01,1-2,1,320
202501160612,2025-01-16,06,12,3-1,1970,L05,1-2,0,0
202501160702,2025-01-16,07,2,2-1,450,L01,1-2,0,0
202501160703,2025-01-16,07,3,3-4,4500,L05,1-2,0,0
202501160706,2025-01-16,07,6,3-1,660,L01,1-2,0,0
202501160708,2025-01-16,07,8,1-4,480,L06,1-2,0,0
202501160803,2025-01-16,08,3,5-1,5240,L01,1-2,0,0
202501160806,2025-01-16,08,6,1-6,640,L01,1-2,0,0
202501160811,2025-01-16,08,11,2-1,3090,L02,1-2,0,0
202501160811,2025-01-16,08,11,2-1,3090,L03,1-3,0,0
202501160812,2025-01-16,08,12,4-2,1630,L06,1-2,0,0
202501161001,2025-01-16,10,1,1-4,1030,L07,1-3,0,0
202501161002,2025-01-16,10,2,2-1,350,L01,1-2,0,0
202501161002,2025-01-16,10,2,2-1,350,L08,1-3,0,0
202501161005,2025-01-16,10,5,1-2,130,L03,1-3,0,0
202501161008,2025-01-16,10,8,1-6,900,L01,1-2,0,0
202501161009,2025-01-16,10,9,4-1,1040,L01,1-2,0,0
202501161009,2025-01-16,10,9,4-1,1040,L08,1-3,0,0
202501161101,2025-01-16,11,1,1-3,190,L01,1-2,0,0
202501161103,2025-01-16,11,3,2-5,1950,L05,1-2,0,0
202501161104,2025-01-16,11,4,5-1,540,L05,1-2,0,0
202501161107,2025-01-16,11,7,1-5,430,L10,1-3,0,0
202501161108,2025-01-16,11,8,3-4,1140,L03,1-3,0,0
202501161112,2025-01-16,11,12,1-4,570,L01,1-2,0,0
202501161303,2025-01-16,13,3,1-6,2460,L02,1-2,0,0
202501161303,2025-01-16,13,3,1-6,2460,L03,1-3,0,0
202501161304,2025-01-16,13,4,1-5,2330,L01,1-2,0,0
202501161307,2025-01-16,13,7,1-2,230,L05,1-2,1,230
202501161308,2025-01-16,13,8,3-1,1060,L09,1-3,0,0
202501161310,2025-01-16,13,10,1-6,1940,L03,1-3,0,0
202501161311,2025-01-16,13,11,3-1,1460,L05,1-2,0,0
202501161312,2025-01-16,13,12,1-3,230,L06,1-2,0,0
202501161701,2025-01-16,17,1,1-3,860,L08,1-3,1,860
202501161706,2025-01-16,17,6,1-3,740,L02,1-2,0,0
202501161706,2025-01-16,17,6,1-3,740,L08,1-3,1,740
202501161709,2025-01-16,17,9,1-4,470,L01,1-2,0,0
202501161711,2025-01-16,17,11,5-1,3250,L01,1-2,0,0
202501161712,2025-01-16,17,12,1-4,320,L01,1-2,0,0
202501161905,2025-01-16,19,5,5-1,1320,L05,1-2,0,0
202501161907,2025-01-16,19,7,3-4,7640,L05,1-2,0,0
202501161910,2025-01-16,19,10,1-2,300,L03,1-3,0,0
202501161911,2025-01-16,19,11,4-3,7860,L05,1-2,0,0
202501161912,2025-01-16,19,12,1-2,370,L06,1-2,1,370
202501162001,2025-01-16,20,1,5-1,5470,L01,1-2,0,0
202501162005,2025-01-16,20,5,3-6,14870,L05,1-2,0,0
202501162006,2025-01-16,20,6,1-2,150,L01,1-2,1,150
202501162010,2025-01-16,20,10,1-3,410,L01,1-2,0,0
202501162101,2025-01-16,21,1,1-2,390,L03,1-3,0,0
202501162103,2025-01-16,21,3,1-3,220,L01,1-2,0,0
202501162106,2025-01-16,21,6,1-2,380,L01,1-2,1,380
202501162106,2025-01-16,21,6,1-2,380,L08,1-3,0,0
202501162107,2025-01-16,21,7,1-2,300,L01,1-2,1,300
202501162108,2025-01-16,21,8,5-2,2900,L10,1-3,0,0
202501162109,2025-01-16,21,9,3-5,2470,L06,1-2,0,0
202501162112,2025-01-16,21,12,1-2,260,L05,1-2,1,260
202501162201,2025-01-16,22,1,1-3,300,L01,1-2,0,0
202501162203,2025-01-16,22,3,3-5,1380,L03,1-3,0,0
202501162204,2025-01-16,22,4,2-6,1710,L05,1-2,0,0
202501162205,2025-01-16,22,5,1-3,250,L01,1-2,0,0
202501162205,2025-01-16,22,5,1-3,250,L09,1-3,1,250
202501162206,2025-01-16,22,6,1-2,320,L03,1-3,0,0
202501162209,2025-01-16,22,9,1-2,610,L03,1-3,0,0
202501162210,2025-01-16,22,10,1-2,220,L06,1-2,1,220
202501162211,2025-01-16,22,11,3-1,840,L10,1-3,0,0
202501162212,2025-01-16,22,12,1-2,170,L02,1-2,1,170
202501162212,2025-01-16,22,12,1-2,170,L03,1-3,0,0
202501170101,2025-01-17,01,1,1-4,870,L01,1-2,0,0
202501170101,2025-01-17,01,1,1-4,870,L08,1-3,0,0
202501170103,2025-01-17,01,3,1-5,1660,L06,1-2,0,0
202501170103,2025-01-17,01,3,1-5,1660,L07,1-3,0,0
202501170105,2025-01-17,01,5,5-1,2400,L05,1-2,0,0
202501170106,2025-01-17,01,6,1-4,270,L01,1-2,0,0
202501170106,2025-01-17,01,6,1-4,270,L08,1-3,0,0
202501170107,2025-01-17,01,7,1-2,520,L06,1-2,1,520
202501170301,2025-01-17,03,1,1-2,360,L01,1-2,1,360
202501170301,2025-01-17,03,1,1-2,360,L08,1-3,0,0
202501170302,2025-01-17,03,2,3-2,3000,L08,1-3,0,0
202501170305,2025-01-17,03,5,2-1,1080,L01,1-2,0,0
202501170307,2025-01-17,03,7,1-2,620,L06,1-2,1,620
202501170309,2025-01-17,03,9,2-4,3340,L01,1-2,0,0
202501170309,2025-01-17,03,9,2-4,3340,L08,1-3,0,0
202501170310,2025-01-17,03,10,1-6,2990,L02,1-2,0,0
202501170605,2025-01-17,06,5,3-2,5780,L05,1-2,0,0
202501170606,2025-01-17,06,6,2-1,1690,L06,1-2,0,0
202501170609,2025-01-17,06,9,1-2,610,L01,1-2,1,610
202501170610,2025-01-17,06,10,1-3,290,L09,1-3,1,290
202501170611,2025-01-17,06,11,1-2,610,L01,1-2,1,610
202501170611,2025-01-17,06,11,1-2,610,L08,1-3,0,0
202501170704,2025-01-17,07,4,1-4,930,L01,1-2,0,0
202501170704,2025-01-17,07,4,1-4,930,L08,1-3,0,0
202501170705,2025-01-17,07,5,5-2,1220,L05,1-2,0,0
202501170705,2025-01-17,07,5,5-2,1220,L10,1-3,0,0
202501170706,2025-01-17,07,6,1-3,4770,L10,1-3,1,4770
202501170707,2025-01-17,07,7,1-3,210,L03,1-3,1,210
202501170709,2025-01-17,07,9,1-5,470,L01,1-2,0,0
202501170712,2025-01-17,07,12,1-5,480,L07,1-3,0,0
202501170804,2025-01-17,08,4,1-3,550,L06,1-2,0,0
202501170807,2025-01-17,08,7,1-3,560,L03,1-3,1,560
202501170808,2025-01-17,08,8,6-1,1490,L06,1-2,0,0
202501170808,2025-01-17,08,8,6-1,1490,L10,1-3,0,0
202501170811,2025-01-17,08,11,1-2,280,L01,1-2,1,280
202501170901,2025-01-17,09,1,1-2,320,L02,1-2,1,320
202501170901,2025-01-17,09,1,1-2,320,L08,1-3,0,0
202501170905,2025-01-17,09,5,1-2,160,L02,1-2,1,160
202501170907,2025-01-17,09,7,5-2,3350,L02,1-2,0,0
202501170907,2025-01-17,09,7,5-2,3350,L03,1-3,0,0
202501170908,2025-01-17,09,8,1-2,540,L01,1-2,1,540
202501170908,2025-01-17,09,8,1-2,540,L08,1-3,0,0
202501170909,2025-01-17,09,9,2-5,1930,L06,1-2,0,0
202501170911,2025-01-17,09,11,1-4,260,L01,1-2,0,0
202501171002,2025-01-17,10,2,1-3,240,L01,1-2,0,0
202501171002,2025-01-17,10,2,1-3,240,L09,1-3,1,240
202501171006,2025-01-17,10,6,3-2,1370,L03,1-3,0,0
202501171007,2025-01-17,10,7,2-1,1060,L01,1-2,0,0
202501171007,2025-01-17,10,7,2-1,1060,L08,1-3,0,0
202501171009,2025-01-17,10,9,3-4,740,L03,1-3,0,0
202501171012,2025-01-17,10,12,1-2,360,L09,1-3,0,0
202501171101,2025-01-17,11,1,1-3,330,L03,1-3,1,330
202501171103,2025-01-17,11,3,2-6,2670,L10,1-3,0,0
202501171110,2025-01-17,11,10,1-4,590,L03,1-3,0,0
202501171111,2025-01-17,11,11,2-1,1610,L01,1-2,0,0
202501171402,2025-01-17,14,2,1-2,210,L01,1-2,1,210
202501171405,2025-01-17,14,5,2-1,480,L05,1-2,0,0
202501171408,2025-01-17,14,8,2-1,2040,L06,1-2,0,0
202501171501,2025-01-17,15,1,1-2,450,L06,1-2,1,450
202501171504,2025-01-17,15,4,2-4,600,L10,1-3,0,0
202501171505,2025-01-17,15,5,1-4,680,L05,1-2,0,0
202501171506,2025-01-17,15,6,3-2,2260,L05,1-2,0,0
202501171507,2025-01-17,15,7,3-1,1370,L02,1-2,0,0
202501171507,2025-01-17,15,7,3-1,1370,L03,1-3,0,0
202501171509,2025-01-17,15,9,4-1,570,L03,1-3,0,0
202501171511,2025-01-17,15,11,1-2,200,L01,1-2,1,200
202501171512,2025-01-17,15,12,1-4,400,L01,1-2,0,0
202501171601,2025-01-17,16,1,1-4,610,L01,1-2,0,0
202501171607,2025-01-17,16,7,3-5,1470,L08,1-3,0,0
202501171803,2025-01-17,18,3,1-5,4300,L05,1-2,0,0
202501171804,2025-01-17,18,4,1-2,290,L01,1-2,1,290
202501171804,2025-01-17,18,4,1-2,290,L08,1-3,0,0
202501171805,2025-01-17,18,5,1-5,670,L02,1-2,0,0
202501171805,2025-01-17,18,5,1-5,670,L08,1-3,0,0
202501171810,2025-01-17,18,10,1-3,270,L05,1-2,0,0
202501172009,2025-01-17,20,9,1-2,210,L02,1-2,1,210
202501172009,2025-01-17,20,9,1-2,210,L03,1-3,0,0
202501172012,2025-01-17,20,12,1-2,410,L02,1-2,1,410
202501172012,2025-01-17,20,12,1-2,410,L03,1-3,0,0
202501172203,2025-01-17,22,3,1-2,890,L01,1-2,1,890
202501172204,2025-01-17,22,4,1-3,800,L06,1-2,0,0
202501172205,2025-01-17,22,5,2-5,480,L06,1-2,0,0
202501172207,2025-01-17,22,7,2-1,790,L03,1-3,0,0
202501172209,2025-01-17,22,9,2-1,240,L06,1-2,0,0
202501172210,2025-01-17,22,10,1-3,960,L01,1-2,0,0
202501172210,2025-01-17,22,10,1-3,960,L08,1-3,1,960
202501172211,2025-01-17,22,11,1-2,160,L01,1-2,1,160
202501172212,2025-01-17,22,12,1-6,2090,L02,1-2,0,0
202501172212,2025-01-17,22,12,1-6,2090,L08,1-3,0,0
202501180105,2025-01-18,01,5,1-2,330,L10,1-3,0,0
202501180106,2025-01-18,01,6,1-2,570,L01,1-2,1,570
202501180107,2025-01-18,01,7,2-3,8710,L06,1-2,0,0
202501180108,2025-01-18,01,8,1-3,260,L01,1-2,0,0
202501180110,2025-01-18,01,10,4-3,3080,L03,1-3,0,0
202501180301,2025-01-18,03,1,3-1,1360,L01,1-2,0,0
202501180302,2025-01-18,03,2,1-2,610,L02,1-2,1,610
202501180302,2025-01-18,03,2,1-2,610,L03,1-3,0,0
202501180303,2025-01-18,03,3,2-4,3180,L01,1-2,0,0
202501180305,2025-01-18,03,5,1-4,820,L03,1-3,0,0
202501180306,2025-01-18,03,6,4-1,5040,L03,1-3,0,0
202501180307,2025-01-18,03,7,1-2,390,L01,1-2,1,390
202501180307,2025-01-18,03,7,1-2,390,L08,1-3,0,0
202501180308,2025-01-18,03,8,1-4,630,L06,1-2,0,0
202501180308,2025-01-18,03,8,1-4,630,L07,1-3,0,0
202501180309,2025-01-18,03,9,1-4,510,L01,1-2,0,0
202501180311,2025-01-18,03,11,1-2,300,L03,1-3,0,0
202501180603,2025-01-18,06,3,1-2,640,L01,1-2,1,640
202501180603,2025-01-18,06,3,1-2,640,L08,1-3,0,0
202501180605,2025-01-18,06,5,1-2,230,L01,1-2,1,230
202501180605,2025-01-18,06,5,1-2,230,L08,1-3,0,0
202501180607,2025-01-18,06,7,1-4,4020,L08,1-3,0,0
202501180612,2025-01-18,06,12,1-2,310,L01,1-2,1,310
202501180701,2025-01-18,07,1,1-4,810,L05,1-2,0,0
202501180702,2025-01-18,07,2,1-4,3320,L01,1-2,0,0
202501180703,2025-01-18,07,3,1-5,4250,L06,1-2,0,0
202501180706,2025-01-18,07,6,4-5,220,L10,1-3,0,0
202501180803,2025-01-18,08,3,1-3,460,L02,1-2,0,0
202501180803,2025-01-18,08,3,1-3,460,L03,1-3,1,460
202501180808,2025-01-18,08,8,1-4,1970,L06,1-2,0,0
202501180812,2025-01-18,08,12,3-1,730,L07,1-3,0,0
202501180902,2025-01-18,09,2,1-5,590,L03,1-3,0,0
202501180903,2025-01-18,09,3,1-3,770,L03,1-3,1,770
202501180904,2025-01-18,09,4,3-1,2070,L01,1-2,0,0
202501180905,2025-01-18,09,5,1-2,220,L05,1-2,1,220
202501180906,2025-01-18,09,6,1-4,660,L05,1-2,0,0
202501180907,2025-01-18,09,7,2-1,410,L03,1-3,0,0
202501180911,2025-01-18,09,11,1-3,430,L02,1-2,0,0
202501180912,2025-01-18,09,12,1-3,1040,L06,1-2,0,0
202501181001,2025-01-18,10,1,2-1,500,L03,1-3,0,0
202501181004,2025-01-18,10,4,1-4,800,L01,1-2,0,0
202501181004,2025-01-18,10,4,1-4,800,L08,1-3,0,0
202501181005,2025-01-18,10,5,1-2,390,L03,1-3,0,0
202501181006,2025-01-18,10,6,1-5,800,L06,1-2,0,0
202501181007,2025-01-18,10,7,2-1,850,L06,1-2,0,0
202501181008,2025-01-18,10,8,1-3,610,L01,1-2,0,0
202501181009,2025-01-18,10,9,1-3,340,L06,1-2,0,0
202501181010,2025-01-18,10,10,1-4,630,L02,1-2,0,0
202501181010,2025-01-18,10,10,1-4,630,L03,1-3,0,0
202501181012,2025-01-18,10,12,1-4,680,L01,1-2,0,0
202501181101,2025-01-18,11,1,1-2,540,L06,1-2,1,540
202501181102,2025-01-18,11,2,1-2,460,L01,1-2,1,460
202501181103,2025-01-18,11,3,1-3,1340,L02,1-2,0,0
202501181103,2025-01-18,11,3,1-3,1340,L03,1-3,1,1340
202501181104,2025-01-18,11,4,1-2,530,L06,1-2,1,530
202501181104,2025-01-18,11,4,1-2,530,L07,1-3,0,0
202501181106,2025-01-18,11,6,1-5,410,L06,1-2,0,0
202501181107,2025-01-18,11,7,3-1,1890,L05,1-2,0,0
202501181108,2025-01-18,11,8,1-2,240,L06,1-2,1,240
202501181110,2025-01-18,11,10,1-3,720,L02,1-2,0,0
202501181110,2025-01-18,11,10,1-3,720,L03,1-3,1,720
202501181112,2025-01-18,11,12,1-2,270,L03,1-3,0,0
202501181407,2025-01-18,14,7,2-1,600,L03,1-3,0,0
202501181408,2025-01-18,14,8,2-3,570,L10,1-3,0,0
202501181411,2025-01-18,14,11,3-5,4540,L01,1-2,0,0
202501181411,2025-01-18,14,11,3-5,4540,L08,1-3,0,0
202501181503,2025-01-18,15,3,1-4,620,L03,1-3,0,0
202501181504,2025-01-18,15,4,3-4,1400,L05,1-2,0,0
202501181505,2025-01-18,15,5,3-4,1390,L06,1-2,0,0
202501181507,2025-01-18,15,7,2-1,1560,L06,1-2,0,0
202501181508,2025-01-18,15,8,1-2,240,L08,1-3,0,0
202501181511,2025-01-18,15,11,2-1,480,L05,1-2,0,0
202501181602,2025-01-18,16,2,2-1,1450,L05,1-2,0,0
202501181603,2025-01-18,16,3,1-2,310,L06,1-2,1,310
202501181605,2025-01-18,16,5,1-4,900,L01,1-2,0,0
202501181608,2025-01-18,16,8,1-3,790,L01,1-2,0,0
202501181610,2025-01-18,16,10,1-3,900,L08,1-3,1,900
202501181801,2025-01-18,18,1,1-3,280,L01,1-2,0,0
202501181801,2025-01-18,18,1,1-3,280,L09,1-3,1,280
202501181804,2025-01-18,18,4,1-2,210,L05,1-2,1,210
202501181808,2025-01-18,18,8,2-3,690,L07,1-3,0,0
202501181810,2025-01-18,18,10,1-2,400,L06,1-2,1,400
202501181811,2025-01-18,18,11,1-4,1580,L09,1-3,0,0
202501181812,2025-01-18,18,12,1-4,260,L05,1-2,0,0
202501182005,2025-01-18,20,5,1-4,380,L07,1-3,0,0
202501182006,2025-01-18,20,6,1-3,1520,L08,1-3,1,1520
202501182008,2025-01-18,20,8,2-1,3640,L01,1-2,0,0
202501182011,2025-01-18,20,11,1-3,410,L03,1-3,1,410
202501182202,2025-01-18,22,2,4-5,3820,L05,1-2,0,0
202501182203,2025-01-18,22,3,1-2,700,L01,1-2,1,700
202501182208,2025-01-18,22,8,1-3,270,L01,1-2,0,0
202501182210,2025-01-18,22,10,1-3,440,L01,1-2,0,0
202501182210,2025-01-18,22,10,1-3,440,L08,1-3,1,440
202501182211,2025-01-18,22,11,1-2,210,L06,1-2,1,210
202501190102,2025-01-19,01,2,1-2,1310,L02,1-2,1,1310
202501190102,2025-01-19,01,2,1-2,1310,L09,1-3,0,0
202501190103,2025-01-19,01,3,6-2,670,L05,1-2,0,0
202501190104,2025-01-19,01,4,1-2,460,L01,1-2,1,460
202501190111,2025-01-19,01,11,2-4,1450,L06,1-2,0,0
202501190111,2025-01-19,01,11,2-4,1450,L07,1-3,0,0
202501190302,2025-01-19,03,2,1-6,1030,L06,1-2,0,0
202501190304,2025-01-19,03,4,1-4,770,L02,1-2,0,0
202501190305,2025-01-19,03,5,1-4,570,L06,1-2,0,0
202501190306,2025-01-19,03,6,1-3,400,L01,1-2,0,0
202501190307,2025-01-19,03,7,2-1,700,L02,1-2,0,0
202501190307,2025-01-19,03,7,2-1,700,L03,1-3,0,0
202501190308,2025-01-19,03,8,3-1,1260,L06,1-2,0,0
202501190310,2025-01-19,03,10,1-3,460,L06,1-2,0,0
202501190311,2025-01-19,03,11,3-1,1260,L02,1-2,0,0
202501190503,2025-01-19,05,3,1-3,1300,L03,1-3,1,1300
202501190504,2025-01-19,05,4,2-1,1000,L01,1-2,0,0
202501190504,2025-01-19,05,4,2-1,1000,L08,1-3,0,0
202501190509,2025-01-19,05,9,1-2,330,L06,1-2,1,330
202501190511,2025-01-19,05,11,1-4,330,L05,1-2,0,0
202501190605,2025-01-19,06,5,1-3,250,L01,1-2,0,0
202501190605,2025-01-19,06,5,1-3,250,L08,1-3,1,250
202501190607,2025-01-19,06,7,3-1,1120,L01,1-2,0,0
202501190607,2025-01-19,06,7,3-1,1120,L08,1-3,0,0
202501190701,2025-01-19,07,1,2-3,8880,L01,1-2,0,0
202501190701,2025-01-19,07,1,2-3,8880,L10,1-3,0,0
202501190705,2025-01-19,07,5,1-4,330,L03,1-3,0,0
202501190711,2025-01-19,07,11,1-2,260,L02,1-2,1,260
202501190803,2025-01-19,08,3,2-1,660,L05,1-2,0,0
202501190806,2025-01-19,08,6,1-2,520,L01,1-2,1,520
202501190807,2025-01-19,08,7,2-6,2310,L01,1-2,0,0
202501190807,2025-01-19,08,7,2-6,2310,L10,1-3,0,0
202501190808,2025-01-19,08,8,2-1,590,L02,1-2,0,0
202501190808,2025-01-19,08,8,2-1,590,L03,1-3,0,0
202501190811,2025-01-19,08,11,1-3,380,L03,1-3,1,380
202501190901,2025-01-19,09,1,1-2,200,L05,1-2,1,200
202501190903,2025-01-19,09,3,1-2,2210,L06,1-2,1,2210
202501190903,2025-01-19,09,3,1-2,2210,L07,1-3,0,0
202501190906,2025-01-19,09,6,2-5,2800,L05,1-2,0,0
202501190907,2025-01-19,09,7,2-1,390,L08,1-3,0,0
202501190908,2025-01-19,09,8,1-4,320,L08,1-3,0,0
202501190909,2025-01-19,09,9,4-1,570,L05,1-2,0,0
202501190910,2025-01-19,09,10,1-4,1030,L08,1-3,0,0
202501191401,2025-01-19,14,1,1-6,1070,L01,1-2,0,0
202501191401,2025-01-19,14,1,1-6,1070,L08,1-3,0,0
202501191506,2025-01-19,15,6,1-4,600,L01,1-2,0,0
202501191509,2025-01-19,15,9,1-4,650,L06,1-2,0,0
202501191510,2025-01-19,15,10,1-4,2330,L05,1-2,0,0
202501191511,2025-01-19,15,11,1-2,270,L01,1-2,1,270
202501191512,2025-01-19,15,12,1-2,480,L01,1-2,1,480
202501191602,2025-01-19,16,2,1-3,580,L08,1-3,1,580
202501191605,2025-01-19,16,5,1-2,600,L01,1-2,1,600
202501191607,2025-01-19,16,7,4-1,640,L02,1-2,0,0
202501191607,2025-01-19,16,7,4-1,640,L08,1-3,0,0
202501191608,2025-01-19,16,8,1-6,430,L02,1-2,0,0
202501191609,2025-01-19,16,9,1-3,400,L01,1-2,0,0
202501191609,2025-01-19,16,9,1-3,400,L09,1-3,1,400
202501191610,2025-01-19,16,10,1-4,1210,L06,1-2,0,0
202501191612,2025-01-19,16,12,1-3,220,L03,1-3,1,220
202501191801,2025-01-19,18,1,1-5,430,L01,1-2,0,0
202501191801,2025-01-19,18,1,1-5,430,L08,1-3,0,0
202501191804,2025-01-19,18,4,6-1,4900,L02,1-2,0,0
202501191804,2025-01-19,18,4,6-1,4900,L09,1-3,0,0
202501191808,2025-01-19,18,8,1-2,320,L05,1-2,1,320
202501191809,2025-01-19,18,9,1-2,350,L05,1-2,1,350
202501191811,2025-01-19,18,11,2-1,510,L01,1-2,0,0
202501191811,2025-01-19,18,11,2-1,510,L08,1-3,0,0
202501191812,2025-01-19,18,12,1-2,200,L06,1-2,1,200
202501192001,2025-01-19,20,1,1-2,380,L01,1-2,1,380
202501192002,2025-01-19,20,2,1-2,370,L01,1-2,1,370
202501192004,2025-01-19,20,4,1-2,430,L01,1-2,1,430
202501192201,2025-01-19,22,1,1-6,1050,L08,1-3,0,0
202501192206,2025-01-19,22,6,1-2,160,L05,1-2,1,160
202501192208,2025-01-19,22,8,3-6,1890,L05,1-2,0,0
202501192209,2025-01-19,22,9,1-3,300,L01,1-2,0,0
202501192211,2025-01-19,22,11,1-3,170,L03,1-3,1,170
202501192212,2025-01-19,22,12,1-2,290,L10,1-3,0,0
202501192301,2025-01-19,23,1,1-3,370,L08,1-3,1,370
202501192302,2025-01-19,23,2,1-2,300,L01,1-2,1,300
202501192302,2025-01-19,23,2,1-2,300,L10,1-3,0,0
202501192309,2025-01-19,23,9,1-2,380,L06,1-2,1,380
202501192402,2025-01-19,24,2,1-2,700,L01,1-2,1,700
202501192402,2025-01-19,24,2,1-2,700,L08,1-3,0,0
202501192404,2025-01-19,24,4,1-2,940,L01,1-2,1,940
202501192404,2025-01-19,24,4,1-2,940,L08,1-3,0,0
202501192407,2025-01-19,24,7,1-4,250,L03,1-3,0,0
202501192408,2025-01-19,24,8,1-2,400,L02,1-2,1,400
202501192411,2025-01-19,24,11,1-2,280,L02,1-2,1,280
202501192411,2025-01-19,24,11,1-2,280,L08,1-3,0,0
202501200103,2025-01-20,01,3,3-4,640,L01,1-2,0,0
202501200108,2025-01-20,01,8,1-3,260,L02,1-2,0,0
202501200109,2025-01-20,01,9,4-2,2740,L05,1-2,0,0
202501200401,2025-01-20,04,1,3-4,3290,L05,1-2,0,0
202501200403,2025-01-20,04,3,1-2,520,L06,1-2,1,520
202501200403,2025-01-20,04,3,1-2,520,L07,1-3,0,0
202501200404,2025-01-20,04,4,1-2,860,L06,1-2,1,860
202501200405,2025-01-20,04,5,2-5,6650,L01,1-2,0,0
202501200405,2025-01-20,04,5,2-5,6650,L08,1-3,0,0
202501200408,2025-01-20,04,8,1-3,950,L01,1-2,0,0
202501200408,2025-01-20,04,8,1-3,950,L08,1-3,1,950
202501200409,2025-01-20,04,9,1-3,1110,L03,1-3,1,1110
202501200410,2025-01-20,04,10,3-2,3300,L02,1-2,0,0
202501200504,2025-01-20,05,4,2-3,1170,L06,1-2,0,0
202501200504,2025-01-20,05,4,2-3,1170,L07,1-3,0,0
202501200506,2025-01-20,05,6,3-2,2070,L06,1-2,0,0
202501200508,2025-01-20,05,8,2-5,24340,L01,1-2,0,0
202501200509,2025-01-20,05,9,2-1,300,L06,1-2,0,0
202501200509,2025-01-20,05,9,2-1,300,L10,1-3,0,0
202501200510,2025-01-20,05,10,2-1,930,L01,1-2,0,0
202501200511,2025-01-20,05,11,1-3,290,L03,1-3,1,290
202501200602,2025-01-20,06,2,1-3,440,L01,1-2,0,0
202501200604,2025-01-20,06,4,1-3,420,L09,1-3,1,420
202501200605,2025-01-20,06,5,1-5,870,L09,1-3,0,0
202501200607,2025-01-20,06,7,3-1,940,L01,1-2,0,0
202501200608,2025-01-20,06,8,3-1,670,L05,1-2,0,0
202501200609,2025-01-20,06,9,1-4,360,L06,1-2,0,0
202501200610,2025-01-20,06,10,1-3,320,L03,1-3,1,320
202501200612,2025-01-20,06,12,1-3,220,L01,1-2,0,0
202501200612,2025-01-20,06,12,1-3,220,L09,1-3,1,220
202501200701,2025-01-20,07,1,2-1,4220,L03,1-3,0,0
202501200702,2025-01-20,07,2,1-4,410,L01,1-2,0,0
202501200706,2025-01-20,07,6,1-2,670,L01,1-2,1,670
202501200708,2025-01-20,07,8,1-4,220,L10,1-3,0,0
202501200709,2025-01-20,07,9,1-5,660,L02,1-2,0,0
202501200710,2025-01-20,07,10,1-3,220,L03,1-3,1,220
202501200901,2025-01-20,09,1,1-3,320,L01,1-2,0,0
202501200901,2025-01-20,09,1,1-3,320,L08,1-3,1,320
202501200902,2025-01-20,09,2,3-2,1970,L09,1-3,0,0
202501200903,2025-01-20,09,3,1-2,580,L06,1-2,1,580
202501200907,2025-01-20,09,7,2-4,480,L05,1-2,0,0
202501200908,2025-01-20,09,8,3-1,4490,L01,1-2,0,0
202501200912,2025-01-20,09,12,1-2,330,L05,1-2,1,330
202501201303,2025-01-20,13,3,1-4,700,L05,1-2,0,0
202501201306,2025-01-20,13,6,1-6,2650,L06,1-2,0,0
202501201307,2025-01-20,13,7,1-3,590,L01,1-2,0,0
202501201307,2025-01-20,13,7,1-3,590,L08,1-3,1,590
202501201312,2025-01-20,13,12,1-3,340,L05,1-2,0,0
202501201401,2025-01-20,14,1,2-1,430,L01,1-2,0,0
202501201401,2025-01-20,14,1,2-1,430,L08,1-3,0,0
202501201403,2025-01-20,14,3,1-3,600,L01,1-2,0,0
202501201403,2025-01-20,14,3,1-3,600,L08,1-3,1,600
202501201404,2025-01-20,14,4,2-1,390,L05,1-2,0,0
202501201406,2025-01-20,14,6,3-2,1660,L05,1-2,0,0
202501201409,2025-01-20,14,9,1-5,2290,L01,1-2,0,0
202501201409,2025-01-20,14,9,1-5,2290,L09,1-3,0,0
202501201410,2025-01-20,14,10,1-2,470,L01,1-2,1,470
202501201411,2025-01-20,14,11,6-2,9730,L01,1-2,0,0
202501201411,2025-01-20,14,11,6-2,9730,L08,1-3,0,0
202501201412,2025-01-20,14,12,1-2,190,L06,1-2,1,190
202501201501,2025-01-20,15,1,1-3,280,L06,1-2,0,0
202501201503,2025-01-20,15,3,1-2,340,L02,1-2,1,340
202501201503,2025-01-20,15,3,1-2,340,L09,1-3,0,0
202501201504,2025-01-20,15,4,1-2,380,L01,1-2,1,380
202501201505,2025-01-20,15,5,1-2,290,L06,1-2,1,290
202501201509,2025-01-20,15,9,3-1,2080,L02,1-2,0,0
202501201509,2025-01-20,15,9,3-1,2080,L03,1-3,0,0
202501201511,2025-01-20,15,11,3-1,2100,L01,1-2,0,0
202501201601,2025-01-20,16,1,2-3,4000,L07,1-3,0,0
202501201606,2025-01-20,16,6,1-3,700,L01,1-2,0,0
202501201803,2025-01-20,18,3,1-3,1160,L05,1-2,0,0
202501201804,2025-01-20,18,4,1-2,160,L01,1-2,1,160
202501201805,2025-01-20,18,5,2-3,4290,L06,1-2,0,0
202501201806,2025-01-20,18,6,4-2,3360,L06,1-2,0,0
202501201806,2025-01-20,18,6,4-2,3360,L07,1-3,0,0
202501201807,2025-01-20,18,7,3-2,3650,L05,1-2,0,0
202501201810,2025-01-20,18,10,2-3,900,L06,1-2,0,0
202501201811,2025-01-20,18,11,4-1,1950,L05,1-2,0,0
202501202301,2025-01-20,23,1,1-4,330,L02,1-2,0,0
202501202301,2025-01-20,23,1,1-4,330,L03,1-3,0,0
202501202306,2025-01-20,23,6,2-1,660,L05,1-2,0,0
202501202401,2025-01-20,24,1,2-1,400,L03,1-3,0,0
202501202405,2025-01-20,24,5,2-1,5650,L06,1-2,0,0
202501202405,2025-01-20,24,5,2-1,5650,L07,1-3,0,0
202501202406,2025-01-20,24,6,2-4,930,L06,1-2,0,0
202501202411,2025-01-20,24,11,5-1,2040,L05,1-2,0,0
202501210101,2025-01-21,01,1,1-4,430,L09,1-3,0,0
202501210102,2025-01-21,01,2,2-1,1630,L01,1-2,0,0
202501210103,2025-01-21,01,3,2-1,880,L06,1-2,0,0
202501210104,2025-01-21,01,4,2-1,1030,L06,1-2,0,0
202501210105,2025-01-21,01,5,1-3,690,L08,1-3,1,690
202501210106,2025-01-21,01,6,1-6,930,L02,1-2,0,0
202501210106,2025-01-21,01,6,1-6,930,L03,1-3,0,0
202501210107,2025-01-21,01,7,1-5,1390,L03,1-3,0,0
202501210108,2025-01-21,01,8,1-4,650,L06,1-2,0,0
202501210401,2025-01-21,04,1,3-1,700,L05,1-2,0,0
202501210405,2025-01-21,04,5,1-6,430,L01,1-2,0,0
202501210408,2025-01-21,04,8,1-4,260,L05,1-2,0,0
202501210409,2025-01-21,04,9,3-1,570,L09,1-3,0,0
202501210411,2025-01-21,04,11,2-5,5330,L05,1-2,0,0
202501210411,2025-01-21,04,11,2-5,5330,L10,1-3,0,0
202501210501,2025-01-21,05,1,1-4,390,L01,1-2,0,0
202501210501,2025-01-21,05,1,1-4,390,L08,1-3,0,0
202501210504,2025-01-21,05,4,2-1,400,L05,1-2,0,0
202501210507,2025-01-21,05,7,6-1,5400,L01,1-2,0,0
202501210508,2025-01-21,05,8,1-2,600,L05,1-2,1,600
202501210510,2025-01-21,05,10,1-5,2420,L05,1-2,0,0
202501210512,2025-01-21,05,12,1-2,160,L06,1-2,1,160
202501210602,2025-01-21,06,2,4-2,7330,L06,1-2,0,0
202501210604,2025-01-21,06,4,1-5,1140,L01,1-2,0,0
202501210605,2025-01-21,06,5,1-5,710,L09,1-3,0,0
202501210609,2025-01-21,06,9,1-3,600,L01,1-2,0,0
202501210610,2025-01-21,06,10,2-1,750,L01,1-2,0,0
202501210902,2025-01-21,09,2,1-2,320,L10,1-3,0,0
202501210903,2025-01-21,09,3,1-2,320,L06,1-2,1,320
202501210903,2025-01-21,09,3,1-2,320,L07,1-3,0,0
202501210908,2025-01-21,09,8,2-6,18200,L05,1-2,0,0
202501210909,2025-01-21,09,9,1-6,570,L08,1-3,0,0
202501210910,2025-01-21,09,10,1-2,250,L03,1-3,0,0
202501210911,2025-01-21,09,11,1-4,380,L01,1-2,0,0
202501210912,2025-01-21,09,12,1-4,450,L03,1-3,0,0
202501211204,2025-01-21,12,4,1-2,330,L06,1-2,1,330
202501211210,2025-01-21,12,10,1-3,280,L08,1-3,1,280
202501211211,2025-01-21,12,11,1-2,220,L05,1-2,1,220
202501211312,2025-01-21,13,12,5-1,1060,L05,1-2,0,0
202501211604,2025-01-21,16,4,1-5,600,L09,1-3,0,0
202501211606,2025-01-21,16,6,1-4,1320,L02,1-2,0,0
202501211606,2025-01-21,16,6,1-4,1320,L03,1-3,0,0
202501211607,2025-01-21,16,7,3-4,5540,L05,1-2,0,0
202501211608,2025-01-21,16,8,3-4,5530,L05,1-2,0,0
202501211609,2025-01-21,16,9,1-3,500,L05,1-2,0,0
202501211611,2025-01-21,16,11,1-3,260,L06,1-2,0,0
202501211612,2025-01-21,16,12,1-2,290,L01,1-2,1,290
202501211801,2025-01-21,18,1,1-2,190,L05,1-2,1,190
202501211803,2025-01-21,18,3,1-3,400,L06,1-2,0,0
202501211811,2025-01-21,18,11,4-1,14960,L02,1-2,0,0
202501211812,2025-01-21,18,12,1-3,280,L06,1-2,0,0
202501211901,2025-01-21,19,1,1-2,360,L08,1-3,0,0
202501211902,2025-01-21,19,2,1-2,270,L02,1-2,1,270
202501211902,2025-01-21,19,2,1-2,270,L03,1-3,0,0
202501211903,2025-01-21,19,3,1-2,350,L01,1-2,1,350
202501211903,2025-01-21,19,3,1-2,350,L09,1-3,0,0
202501211904,2025-01-21,19,4,2-3,1910,L06,1-2,0,0
202501211908,2025-01-21,19,8,1-3,470,L01,1-2,0,0
202501211908,2025-01-21,19,8,1-3,470,L08,1-3,1,470
202501211909,2025-01-21,19,9,1-3,250,L02,1-2,0,0
202501211909,2025-01-21,19,9,1-3,250,L09,1-3,1,250
202501211910,2025-01-21,19,10,1-5,1640,L03,1-3,0,0
202501211911,2025-01-21,19,11,1-2,360,L06,1-2,1,360
202501211912,2025-01-21,19,12,1-3,290,L01,1-2,0,0
202501212302,2025-01-21,23,2,1-2,190,L05,1-2,1,190
202501212303,2025-01-21,23,3,1-2,240,L01,1-2,1,240
202501212303,2025-01-21,23,3,1-2,240,L08,1-3,0,0
202501212304,2025-01-21,23,4,1-3,550,L08,1-3,1,550
202501212309,2025-01-21,23,9,2-3,310,L05,1-2,0,0
202501212310,2025-01-21,23,10,1-6,7210,L05,1-2,0,0
202501212312,2025-01-21,23,12,2-1,320,L02,1-2,0,0
202501212312,2025-01-21,23,12,2-1,320,L08,1-3,0,0
202501212402,2025-01-21,24,2,1-3,220,L08,1-3,1,220
202501212405,2025-01-21,24,5,1-2,1860,L01,1-2,1,1860
202501212407,2025-01-21,24,7,1-3,300,L05,1-2,0,0
202501212412,2025-01-21,24,12,1-3,600,L01,1-2,0,0
202501220103,2025-01-22,01,3,1-2,420,L01,1-2,1,420
202501220107,2025-01-22,01,7,2-3,14280,L01,1-2,0,0
202501220107,2025-01-22,01,7,2-3,14280,L09,1-3,0,0
202501220109,2025-01-22,01,9,2-3,3410,L05,1-2,0,0
202501220402,2025-01-22,04,2,1-4,650,L06,1-2,0,0
202501220404,2025-01-22,04,4,2-1,1310,L01,1-2,0,0
202501220404,2025-01-22,04,4,2-1,1310,L08,1-3,0,0
202501220408,2025-01-22,04,8,4-1,400,L10,1-3,0,0
202501220411,2025-01-22,04,11,1-3,220,L01,1-2,0,0
202501220504,2025-01-22,05,4,2-1,2740,L03,1-3,0,0
202501220506,2025-01-22,05,6,1-4,1480,L10,1-3,0,0
202501220507,2025-01-22,05,7,4-6,5380,L01,1-2,0,0
202501220507,2025-01-22,05,7,4-6,5380,L08,1-3,0,0
202501220510,2025-01-22,05,10,1-2,170,L01,1-2,1,170
202501220512,2025-01-22,05,12,1-3,260,L01,1-2,0,0
202501220512,2025-01-22,05,12,1-3,260,L08,1-3,1,260
202501220901,2025-01-22,09,1,1-4,460,L06,1-2,0,0
202501220903,2025-01-22,09,3,1-4,2020,L01,1-2,0,0
202501220903,2025-01-22,09,3,1-4,2020,L08,1-3,0,0
202501220904,2025-01-22,09,4,2-1,1030,L05,1-2,0,0
202501220909,2025-01-22,09,9,5-1,3460,L01,1-2,0,0
202501220911,2025-01-22,09,11,1-5,2000,L01,1-2,0,0
202501220912,2025-01-22,09,12,1-4,750,L01,1-2,0,0
202501221101,2025-01-22,11,1,1-3,600,L01,1-2,0,0
202501221106,2025-01-22,11,6,1-2,850,L06,1-2,1,850
202501221106,2025-01-22,11,6,1-2,850,L07,1-3,0,0
202501221108,2025-01-22,11,8,1-3,350,L01,1-2,0,0
202501221109,2025-01-22,11,9,1-3,330,L01,1-2,0,0
202501221109,2025-01-22,11,9,1-3,330,L09,1-3,1,330
202501221110,2025-01-22,11,10,4-1,1130,L10,1-3,0,0
202501221111,2025-01-22,11,11,1-2,290,L01,1-2,1,290
202501221112,2025-01-22,11,12,3-2,2580,L01,1-2,0,0
202501221204,2025-01-22,12,4,2-4,1210,L02,1-2,0,0
202501221204,2025-01-22,12,4,2-4,1210,L03,1-3,0,0
202501221205,2025-01-22,12,5,4-1,1440,L08,1-3,0,0
202501221207,2025-01-22,12,7,3-1,1020,L08,1-3,0,0
202501221302,2025-01-22,13,2,5-1,4560,L02,1-2,0,0
202501221302,2025-01-22,13,2,5-1,4560,L08,1-3,0,0
202501221304,2025-01-22,13,4,1-6,1820,L05,1-2,0,0
202501221306,2025-01-22,13,6,4-1,690,L01,1-2,0,0
202501221307,2025-01-22,13,7,1-3,370,L01,1-2,0,0
202501221310,2025-01-22,13,10,1-4,380,L01,1-2,0,0
202501221601,2025-01-22,16,1,1-6,1140,L06,1-2,0,0
202501221602,2025-01-22,16,2,1-4,490,L05,1-2,0,0
202501221604,2025-01-22,16,4,1-2,300,L01,1-2,1,300
202501221606,2025-01-22,16,6,1-4,680,L05,1-2,0,0
202501221609,2025-01-22,16,9,1-3,260,L03,1-3,1,260
202501221610,2025-01-22,16,10,1-2,230,L06,1-2,1,230
202501221612,2025-01-22,16,12,1-2,270,L02,1-2,1,270
202501221612,2025-01-22,16,12,1-2,270,L03,1-3,0,0
202501221802,2025-01-22,18,2,2-1,3020,L05,1-2,0,0
202501221805,2025-01-22,18,5,1-3,330,L05,1-2,0,0
202501221807,2025-01-22,18,7,1-3,240,L02,1-2,0,0
202501221807,2025-01-22,18,7,1-3,240,L08,1-3,1,240
202501221808,2025-01-22,18,8,1-2,240,L05,1-2,1,240
202501221811,2025-01-22,18,11,1-3,580,L06,1-2,0,0
202501221903,2025-01-22,19,3,1-3,310,L01,1-2,0,0
202501221904,2025-01-22,19,4,1-4,540,L01,1-2,0,0
202501221904,2025-01-22,19,4,1-4,540,L08,1-3,0,0
202501221905,2025-01-22,19,5,2-6,5760,L07,1-3,0,0
202501221906,2025-01-22,19,6,2-5,8790,L05,1-2,0,0
202501222301,2025-01-22,23,1,1-4,390,L02,1-2,0,0
202501222302,2025-01-22,23,2,1-5,920,L05,1-2,0,0
202501222306,2025-01-22,23,6,3-1,310,L09,1-3,0,0
202501222307,2025-01-22,23,7,1-2,580,L05,1-2,1,580
202501222401,2025-01-22,24,1,1-5,1100,L01,1-2,0,0
202501222402,2025-01-22,24,2,1-4,1530,L01,1-2,0,0
202501222405,2025-01-22,24,5,3-2,720,L07,1-3,0,0
202501222409,2025-01-22,24,9,1-4,430,L05,1-2,0,0
202501222412,2025-01-22,24,12,1-3,190,L03,1-3,1,190
202501230304,2025-01-23,03,4,1-4,280,L10,1-3,0,0
202501230305,2025-01-23,03,5,4-1,940,L02,1-2,0,0
202501230305,2025-01-23,03,5,4-1,940,L03,1-3,0,0
202501230307,2025-01-23,03,7,1-2,1200,L09,1-3,0,0
202501230308,2025-01-23,03,8,2-1,1230,L03,1-3,0,0
202501230309,2025-01-23,03,9,2-1,1170,L02,1-2,0,0
202501230309,2025-01-23,03,9,2-1,1170,L03,1-3,0,0
202501230401,2025-01-23,04,1,1-3,2420,L08,1-3,1,2420
202501230405,2025-01-23,04,5,1-2,270,L06,1-2,1,270
202501230410,2025-01-23,04,10,1-2,320,L07,1-3,0,0
202501230412,2025-01-23,04,12,1-4,300,L06,1-2,0,0
202501230501,2025-01-23,05,1,1-3,320,L03,1-3,1,320
202501230502,2025-01-23,05,2,2-4,3270,L05,1-2,0,0
202501230505,2025-01-23,05,5,1-2,460,L03,1-3,0,0
202501230506,2025-01-23,05,6,2-1,1660,L08,1-3,0,0
202501230508,2025-01-23,05,8,1-3,450,L05,1-2,0,0
202501230509,2025-01-23,05,9,1-2,230,L01,1-2,1,230
202501230510,2025-01-23,05,10,1-4,380,L01,1-2,0,0
202501230510,2025-01-23,05,10,1-4,380,L08,1-3,0,0
202501230512,2025-01-23,05,12,1-3,540,L05,1-2,0,0
202501230701,2025-01-23,07,1,2-6,1830,L06,1-2,0,0
202501230702,2025-01-23,07,2,1-2,360,L02,1-2,1,360
202501230702,2025-01-23,07,2,1-2,360,L03,1-3,0,0
202501230703,2025-01-23,07,3,1-3,1200,L05,1-2,0,0
202501230710,2025-01-23,07,10,2-1,930,L05,1-2,0,0
202501230712,2025-01-23,07,12,1-3,360,L02,1-2,0,0
202501230712,2025-01-23,07,12,1-3,360,L03,1-3,1,360
202501230801,2025-01-23,08,1,1-2,330,L06,1-2,1,330
202501230801,2025-01-23,08,1,1-2,330,L07,1-3,0,0
202501230805,2025-01-23,08,5,1-3,420,L05,1-2,0,0
202501230808,2025-01-23,08,8,1-2,420,L02,1-2,1,420
202501230809,2025-01-23,08,9,2-5,5260,L05,1-2,0,0
202501230810,2025-01-23,08,10,1-3,290,L01,1-2,0,0
202501230812,2025-01-23,08,12,2-4,10760,L02,1-2,0,0
202501231102,2025-01-23,11,2,3-5,3780,L03,1-3,0,0
202501231104,2025-01-23,11,4,2-1,330,L01,1-2,0,0
202501231105,2025-01-23,11,5,2-4,200,L05,1-2,0,0
202501231108,2025-01-23,11,8,2-1,3500,L03,1-3,0,0
202501231109,2025-01-23,11,9,2-3,1530,L05,1-2,0,0
202501231110,2025-01-23,11,10,1-3,400,L03,1-3,1,400
202501231111,2025-01-23,11,11,1-2,350,L01,1-2,1,350
202501231112,2025-01-23,11,12,1-2,310,L05,1-2,1,310
202501231202,2025-01-23,12,2,1-2,860,L01,1-2,1,860
202501231206,2025-01-23,12,6,1-5,660,L08,1-3,0,0
202501231207,2025-01-23,12,7,1-2,510,L06,1-2,1,510
202501231207,2025-01-23,12,7,1-2,510,L07,1-3,0,0
202501231210,2025-01-23,12,10,1-2,250,L01,1-2,1,250
202501231210,2025-01-23,12,10,1-2,250,L08,1-3,0,0
202501231211,2025-01-23,12,11,6-2,9010,L05,1-2,0,0
202501231302,2025-01-23,13,2,6-1,1060,L06,1-2,0,0
202501231304,2025-01-23,13,4,1-3,320,L06,1-2,0,0
202501231311,2025-01-23,13,11,3-2,8610,L05,1-2,0,0
202501231701,2025-01-23,17,1,1-3,400,L08,1-3,1,400
202501231703,2025-01-23,17,3,2-3,580,L06,1-2,0,0
202501231705,2025-01-23,17,5,1-2,2450,L06,1-2,1,2450
202501231706,2025-01-23,17,6,1-3,560,L01,1-2,0,0
202501231709,2025-01-23,17,9,1-4,380,L02,1-2,0,0
202501231709,2025-01-23,17,9,1-4,380,L03,1-3,0,0
202501231902,2025-01-23,19,2,3-1,1400,L03,1-3,0,0
202501231903,2025-01-23,19,3,1-5,660,L03,1-3,0,0
202501231904,2025-01-23,19,4,6-4,23790,L06,1-2,0,0
202501231908,2025-01-23,19,8,1-4,490,L02,1-2,0,0
202501231908,2025-01-23,19,8,1-4,490,L03,1-3,0,0
202501231910,2025-01-23,19,10,1-3,530,L08,1-3,1,530
202501231911,2025-01-23,19,11,1-3,170,L03,1-3,1,170
202501231912,2025-01-23,19,12,1-5,960,L01,1-2,0,0
202501232102,2025-01-23,21,2,1-4,240,L01,1-2,0,0
202501232103,2025-01-23,21,3,3-1,310,L05,1-2,0,0
202501232104,2025-01-23,21,4,3-1,2480,L03,1-3,0,0
202501232105,2025-01-23,21,5,1-4,270,L10,1-3,0,0
202501232106,2025-01-23,21,6,2-1,750,L05,1-2,0,0
202501232107,2025-01-23,21,7,1-2,200,L06,1-2,1,200
202501232108,2025-01-23,21,8,4-2,1810,L01,1-2,0,0
202501232108,2025-01-23,21,8,4-2,1810,L08,1-3,0,0
202501232110,2025-01-23,21,10,1-4,760,L03,1-3,0,0
202501232112,2025-01-23,21,12,1-4,380,L01,1-2,0,0
202501232112,2025-01-23,21,12,1-4,380,L08,1-3,0,0
202501232305,2025-01-23,23,5,4-1,700,L06,1-2,0,0
202501232306,2025-01-23,23,6,3-5,5040,L06,1-2,0,0
202501232307,2025-01-23,23,7,1-6,370,L05,1-2,0,0
202501232307,2025-01-23,23,7,1-6,370,L10,1-3,0,0
202501232312,2025-01-23,23,12,1-3,170,L03,1-3,1,170
202501232401,2025-01-23,24,1,1-2,370,L05,1-2,1,370
202501232403,2025-01-23,24,3,1-2,230,L01,1-2,1,230
202501232404,2025-01-23,24,4,1-4,590,L01,1-2,0,0
202501232404,2025-01-23,24,4,1-4,590,L08,1-3,0,0
202501232407,2025-01-23,24,7,1-3,230,L03,1-3,1,230
202501232409,2025-01-23,24,9,1-3,420,L03,1-3,1,420
202501232410,2025-01-23,24,10,1-3,200,L03,1-3,1,200
202501232411,2025-01-23,24,11,1-2,210,L08,1-3,0,0
202501232412,2025-01-23,24,12,1-2,500,L01,1-2,1,500
202501240301,2025-01-24,03,1,1-4,1860,L06,1-2,0,0
202501240302,2025-01-24,03,2,4-1,1330,L03,1-3,0,0
202501240304,2025-01-24,03,4,1-5,1400,L02,1-2,0,0
202501240304,2025-01-24,03,4,1-5,1400,L03,1-3,0,0
202501240306,2025-01-24,03,6,1-2,390,L06,1-2,1,390
202501240308,2025-01-24,03,8,4-6,4110,L05,1-2,0,0
202501240403,2025-01-24,04,3,2-1,1430,L01,1-2,0,0
202501240408,2025-01-24,04,8,1-5,480,L06,1-2,0,0
202501240408,2025-01-24,04,8,1-5,480,L07,1-3,0,0
202501240409,2025-01-24,04,9,1-3,710,L02,1-2,0,0
202501240410,2025-01-24,04,10,2-3,4720,L03,1-3,0,0
202501240411,2025-01-24,04,11,1-2,300,L01,1-2,1,300
202501240411,2025-01-24,04,11,1-2,300,L09,1-3,0,0
202501240701,2025-01-24,07,1,3-1,530,L05,1-2,0,0
202501240703,2025-01-24,07,3,1-2,630,L03,1-3,0,0
202501240706,2025-01-24,07,6,1-2,250,L06,1-2,1,250
202501240802,2025-01-24,08,2,1-5,2350,L06,1-2,0,0
202501240806,2025-01-24,08,6,1-3,550,L06,1-2,0,0
202501240809,2025-01-24,08,9,1-4,530,L05,1-2,0,0
202501240810,2025-01-24,08,10,1-2,250,L03,1-3,0,0
202501240811,2025-01-24,08,11,1-3,290,L01,1-2,0,0
202501241101,2025-01-24,11,1,1-4,440,L05,1-2,0,0
202501241101,2025-01-24,11,1,1-4,440,L10,1-3,0,0
202501241105,2025-01-24,11,5,1-2,250,L01,1-2,1,250
202501241106,2025-01-24,11,6,1-3,2010,L01,1-2,0,0
202501241108,2025-01-24,11,8,1-2,190,L08,1-3,0,0
202501241111,2025-01-24,11,11,1-3,520,L06,1-2,0,0
202501241202,2025-01-24,12,2,3-1,2010,L01,1-2,0,0
202501241207,2025-01-24,12,7,1-5,680,L01,1-2,0,0
202501241210,2025-01-24,12,10,1-2,180,L06,1-2,1,180
202501241212,2025-01-24,12,12,1-4,410,L03,1-3,0,0
202501241302,2025-01-24,13,2,1-4,270,L03,1-3,0,0
202501241304,2025-01-24,13,4,1-3,320,L05,1-2,0,0
202501241305,2025-01-24,13,5,1-6,340,L05,1-2,0,0
202501241310,2025-01-24,13,10,1-4,1310,L05,1-2,0,0
202501241401,2025-01-24,14,1,3-5,2890,L02,1-2,0,0
202501241402,2025-01-24,14,2,1-2,350,L02,1-2,1,350
202501241402,2025-01-24,14,2,1-2,350,L03,1-3,0,0
202501241404,2025-01-24,14,4,1-2,420,L06,1-2,1,420
202501241406,2025-01-24,14,6,1-2,930,L06,1-2,1,930
202501241408,2025-01-24,14,8,1-3,460,L06,1-2,0,0
202501241412,2025-01-24,14,12,1-2,410,L03,1-3,0,0
202501241701,2025-01-24,17,1,1-4,380,L01,1-2,0,0
202501241701,2025-01-24,17,1,1-4,380,L08,1-3,0,0
202501241703,2025-01-24,17,3,1-4,600,L05,1-2,0,0
202501241706,2025-01-24,17,6,5-1,1450,L01,1-2,0,0
202501241706,2025-01-24,17,6,5-1,1450,L08,1-3,0,0
202501241708,2025-01-24,17,8,2-6,4600,L05,1-2,0,0
202501241710,2025-01-24,17,10,1-3,730,L01,1-2,0,0
202501241902,2025-01-24,19,2,1-3,270,L01,1-2,0,0
202501241902,2025-01-24,19,2,1-3,270,L08,1-3,1,270
202501241903,2025-01-24,19,3,2-1,470,L06,1-2,0,0
202501241903,2025-01-24,19,3,2-1,470,L07,1-3,0,0
202501241904,2025-01-24,19,4,1-3,1730,L06,1-2,0,0
202501241906,2025-01-24,19,6,6-3,5410,L05,1-2,0,0
202501241911,2025-01-24,19,11,1-3,330,L02,1-2,0,0
202501241911,2025-01-24,19,11,1-3,330,L03,1-3,1,330
202501241912,2025-01-24,19,12,1-2,700,L05,1-2,1,700
202501242108,2025-01-24,21,8,2-3,410,L06,1-2,0,0
202501242110,2025-01-24,21,10,1-2,220,L05,1-2,1,220
202501242112,2025-01-24,21,12,1-2,300,L01,1-2,1,300
202501242304,2025-01-24,23,4,1-3,450,L03,1-3,1,450
202501242307,2025-01-24,23,7,1-5,490,L05,1-2,0,0
202501242312,2025-01-24,23,12,1-2,290,L01,1-2,1,290
202501242312,2025-01-24,23,12,1-2,290,L08,1-3,0,0
202501242401,2025-01-24,24,1,1-2,260,L01,1-2,1,260
202501242402,2025-01-24,24,2,1-5,1210,L06,1-2,0,0
202501242410,2025-01-24,24,10,1-2,290,L03,1-3,0,0
202501242412,2025-01-24,24,12,2-3,9340,L01,1-2,0,0
202501242412,2025-01-24,24,12,2-3,9340,L08,1-3,0,0
202501250301,2025-01-25,03,1,1-3,820,L01,1-2,0,0
202501250302,2025-01-25,03,2,2-3,2250,L10,1-3,0,0
202501250303,2025-01-25,03,3,1-4,1580,L02,1-2,0,0
202501250303,2025-01-25,03,3,1-4,1580,L03,1-3,0,0
202501250304,2025-01-25,03,4,1-5,1490,L02,1-2,0,0
202501250304,2025-01-25,03,4,1-5,1490,L03,1-3,0,0
202501250305,2025-01-25,03,5,1-5,1180,L02,1-2,0,0
202501250305,2025-01-25,03,5,1-5,1180,L03,1-3,0,0
202501250306,2025-01-25,03,6,4-2,8030,L06,1-2,0,0
202501250306,2025-01-25,03,6,4-2,8030,L07,1-3,0,0
202501250310,2025-01-25,03,10,1-2,220,L08,1-3,0,0
202501250311,2025-01-25,03,11,1-4,1720,L03,1-3,0,0
202501250312,2025-01-25,03,12,5-1,5510,L03,1-3,0,0
202501250404,2025-01-25,04,4,1-6,3690,L06,1-2,0,0
202501250405,2025-01-25,04,5,1-2,680,L10,1-3,0,0
202501250407,2025-01-25,04,7,2-1,1830,L01,1-2,0,0
202501250408,2025-01-25,04,8,6-2,6690,L08,1-3,0,0
202501250409,2025-01-25,04,9,1-2,660,L02,1-2,1,660
202501250702,2025-01-25,07,2,4-5,2250,L03,1-3,0,0
202501250705,2025-01-25,07,5,1-5,490,L01,1-2,0,0
202501250706,2025-01-25,07,6,2-4,1390,L05,1-2,0,0
202501250707,2025-01-25,07,7,1-5,1970,L01,1-2,0,0
202501250707,2025-01-25,07,7,1-5,1970,L09,1-3,0,0
202501250712,2025-01-25,07,12,1-3,250,L01,1-2,0,0
202501250803,2025-01-25,08,3,1-2,570,L05,1-2,1,570
202501250805,2025-01-25,08,5,3-6,3380,L06,1-2,0,0
202501250808,2025-01-25,08,8,1-2,330,L06,1-2,1,330
202501250808,2025-01-25,08,8,1-2,330,L07,1-3,0,0
202501250809,2025-01-25,08,9,3-6,1260,L05,1-2,0,0
202501250810,2025-01-25,08,10,1-2,330,L08,1-3,0,0
202501250812,2025-01-25,08,12,1-4,850,L05,1-2,0,0
202501251001,2025-01-25,10,1,1-2,690,L02,1-2,1,690
202501251001,2025-01-25,10,1,1-2,690,L03,1-3,0,0
202501251002,2025-01-25,10,2,1-2,220,L02,1-2,1,220
202501251002,2025-01-25,10,2,1-2,220,L08,1-3,0,0
202501251003,2025-01-25,10,3,1-2,470,L02,1-2,1,470
202501251003,2025-01-25,10,3,1-2,470,L08,1-3,0,0
202501251005,2025-01-25,10,5,6-3,13230,L07,1-3,0,0
202501251006,2025-01-25,10,6,2-3,2230,L01,1-2,0,0
202501251007,2025-01-25,10,7,4-3,3340,L05,1-2,0,0
202501251009,2025-01-25,10,9,3-2,440,L01,1-2,0,0
202501251009,2025-01-25,10,9,3-2,440,L09,1-3,0,0
202501251012,2025-01-25,10,12,1-4,800,L05,1-2,0,0
202501251105,2025-01-25,11,5,1-2,200,L01,1-2,1,200
202501251106,2025-01-25,11,6,1-3,420,L03,1-3,1,420
202501251108,2025-01-25,11,8,1-2,130,L01,1-2,1,130
202501251108,2025-01-25,11,8,1-2,130,L08,1-3,0,0
202501251109,2025-01-25,11,9,1-3,330,L01,1-2,0,0
202501251201,2025-01-25,12,1,1-4,290,L01,1-2,0,0
202501251202,2025-01-25,12,2,5-6,5050,L01,1-2,0,0
202501251207,2025-01-25,12,7,1-6,1140,L06,1-2,0,0
202501251209,2025-01-25,12,9,2-1,1190,L06,1-2,0,0
202501251210,2025-01-25,12,10,1-3,350,L05,1-2,0,0
202501251301,2025-01-25,13,1,1-3,370,L03,1-3,1,370
202501251302,2025-01-25,13,2,1-3,1340,L01,1-2,0,0
202501251302,2025-01-25,13,2,1-3,1340,L08,1-3,1,1340
202501251303,2025-01-25,13,3,1-2,180,L01,1-2,1,180
202501251304,2025-01-25,13,4,1-2,160,L05,1-2,1,160
202501251305,2025-01-25,13,5,3-1,1040,L01,1-2,0,0
202501251408,2025-01-25,14,8,2-6,1240,L06,1-2,0,0
202501251410,2025-01-25,14,10,3-4,590,L03,1-3,0,0
202501251411,2025-01-25,14,11,1-5,380,L02,1-2,0,0
202501251411,2025-01-25,14,11,1-5,380,L03,1-3,0,0
202501251412,2025-01-25,14,12,1-2,350,L02,1-2,1,350
202501251412,2025-01-25,14,12,1-2,350,L03,1-3,0,0
202501251501,2025-01-25,15,1,1-3,430,L06,1-2,0,0
202501251502,2025-01-25,15,2,1-3,610,L03,1-3,1,610
202501251503,2025-01-25,15,3,4-2,4410,L05,1-2,0,0
202501251504,2025-01-25,15,4,2-6,3120,L02,1-2,0,0
202501251504,2025-01-25,15,4,2-6,3120,L03,1-3,0,0
202501251505,2025-01-25,15,5,3-4,1170,L06,1-2,0,0
202501251506,2025-01-25,15,6,3-1,450,L01,1-2,0,0
202501251507,2025-01-25,15,7,1-6,1810,L01,1-2,0,0
202501251507,2025-01-25,15,7,1-6,1810,L10,1-3,0,0
202501251508,2025-01-25,15,8,1-2,100,L01,1-2,1,100
202501251510,2025-01-25,15,10,1-2,220,L02,1-2,1,220
202501251510,2025-01-25,15,10,1-2,220,L08,1-3,0,0
202501251701,2025-01-25,17,1,1-3,460,L01,1-2,0,0
202501251701,2025-01-25,17,1,1-3,460,L08,1-3,1,460
202501251702,2025-01-25,17,2,2-1,3280,L05,1-2,0,0
202501251703,2025-01-25,17,3,2-3,480,L06,1-2,0,0
202501251708,2025-01-25,17,8,6-2,1640,L05,1-2,0,0
202501251709,2025-01-25,17,9,1-2,740,L03,1-3,0,0
202501251902,2025-01-25,19,2,2-1,1450,L05,1-2,0,0
202501251907,2025-01-25,19,7,1-6,230,L02,1-2,0,0
202501251912,2025-01-25,19,12,1-2,480,L03,1-3,0,0
202501252101,2025-01-25,21,1,1-3,460,L01,1-2,0,0
202501252101,2025-01-25,21,1,1-3,460,L08,1-3,1,460
202501252109,2025-01-25,21,9,1-3,390,L01,1-2,0,0
202501252111,2025-01-25,21,11,4-2,6490,L05,1-2,0,0
202501252112,2025-01-25,21,12,1-3,250,L01,1-2,0,0
202501252112,2025-01-25,21,12,1-3,250,L09,1-3,1,250
202501260201,2025-01-26,02,1,6-2,2290,L05,1-2,0,0
202501260204,2025-01-26,02,4,2-1,400,L05,1-2,0,0
202501260205,2025-01-26,02,5,1-3,530,L03,1-3,1,530
202501260207,2025-01-26,02,7,5-2,7280,L01,1-2,0,0
202501260207,2025-01-26,02,7,5-2,7280,L08,1-3,0,0
202501260208,2025-01-26,02,8,1-6,2800,L01,1-2,0,0
202501260212,2025-01-26,02,12,2-1,810,L05,1-2,0,0
202501260302,2025-01-26,03,2,2-3,2020,L02,1-2,0,0
202501260302,2025-01-26,03,2,2-3,2020,L03,1-3,0,0
202501260303,2025-01-26,03,3,1-3,660,L05,1-2,0,0
202501260304,2025-01-26,03,4,3-1,880,L01,1-2,0,0
202501260304,2025-01-26,03,4,3-1,880,L08,1-3,0,0
202501260306,2025-01-26,03,6,1-3,270,L01,1-2,0,0
202501260310,2025-01-26,03,10,1-4,1580,L02,1-2,0,0
202501260312,2025-01-26,03,12,3-1,1800,L03,1-3,0,0
202501260702,2025-01-26,07,2,5-3,4200,L05,1-2,0,0
202501260706,2025-01-26,07,6,1-5,330,L06,1-2,0,0
202501260707,2025-01-26,07,7,1-5,500,L06,1-2,0,0
202501260708,2025-01-26,07,8,1-2,410,L02,1-2,1,410
202501260708,2025-01-26,07,8,1-2,410,L08,1-3,0,0
202501260710,2025-01-26,07,10,1-4,310,L01,1-2,0,0
202501260711,2025-01-26,07,11,1-3,650,L01,1-2,0,0
202501260801,2025-01-26,08,1,1-3,340,L03,1-3,1,340
202501260804,2025-01-26,08,4,2-1,1190,L02,1-2,0,0
202501260804,2025-01-26,08,4,2-1,1190,L03,1-3,0,0
202501260805,2025-01-26,08,5,6-4,2030,L01,1-2,0,0
202501260805,2025-01-26,08,5,6-4,2030,L09,1-3,0,0
202501260807,2025-01-26,08,7,1-2,270,L06,1-2,1,270
202501260807,2025-01-26,08,7,1-2,270,L07,1-3,0,0
202501260809,2025-01-26,08,9,1-3,460,L01,1-2,0,0
202501260809,2025-01-26,08,9,1-3,460,L08,1-3,1,460
202501260811,2025-01-26,08,11,3-4,530,L01,1-2,0,0
202501260812,2025-01-26,08,12,1-3,290,L01,1-2,0,0
202501260904,2025-01-26,09,4,1-3,1030,L01,1-2,0,0
202501260905,2025-01-26,09,5,1-4,380,L02,1-2,0,0
202501260905,2025-01-26,09,5,1-4,380,L03,1-3,0,0
202501260907,2025-01-26,09,7,1-2,1000,L05,1-2,1,1000
202501261002,2025-01-26,10,2,2-1,250,L06,1-2,0,0
202501261004,2025-01-26,10,4,1-3,420,L01,1-2,0,0
202501261004,2025-01-26,10,4,1-3,420,L09,1-3,1,420
202501261005,2025-01-26,10,5,3-1,2870,L01,1-2,0,0
202501261005,2025-01-26,10,5,3-1,2870,L08,1-3,0,0
202501261007,2025-01-26,10,7,1-3,3120,L10,1-3,1,3120
202501261009,2025-01-26,10,9,2-1,700,L06,1-2,0,0
202501261011,2025-01-26,10,11,4-2,20220,L05,1-2,0,0
202501261012,2025-01-26,10,12,1-2,250,L01,1-2,1,250
202501261101,2025-01-26,11,1,1-6,800,L02,1-2,0,0
202501261101,2025-01-26,11,1,1-6,800,L03,1-3,0,0
202501261102,2025-01-26,11,2,2-5,2720,L06,1-2,0,0
202501261103,2025-01-26,11,3,6-1,1110,L02,1-2,0,0
202501261105,2025-01-26,11,5,2-6,1410,L10,1-3,0,0
202501261106,2025-01-26,11,6,3-4,2170,L02,1-2,0,0
202501261108,2025-01-26,11,8,1-3,430,L08,1-3,1,430
202501261109,2025-01-26,11,9,1-2,180,L01,1-2,1,180
202501261112,2025-01-26,11,12,1-5,860,L06,1-2,0,0
202501261207,2025-01-26,12,7,1-4,950,L03,1-3,0,0
202501261210,2025-01-26,12,10,1-3,330,L03,1-3,1,330
202501261406,2025-01-26,14,6,6-1,2570,L08,1-3,0,0
202501261407,2025-01-26,14,7,6-5,9000,L08,1-3,0,0
202501261411,2025-01-26,14,11,1-2,240,L01,1-2,1,240
202501261501,2025-01-26,15,1,1-5,270,L03,1-3,0,0
202501261507,2025-01-26,15,7,1-3,250,L01,1-2,0,0
202501261507,2025-01-26,15,7,1-3,250,L08,1-3,1,250
202501261508,2025-01-26,15,8,1-2,190,L01,1-2,1,190
202501261510,2025-01-26,15,10,1-3,350,L06,1-2,0,0
202501261511,2025-01-26,15,11,1-2,290,L03,1-3,0,0
202501261512,2025-01-26,15,12,1-3,650,L06,1-2,0,0
202501261601,2025-01-26,16,1,1-2,230,L05,1-2,1,230
202501261604,2025-01-26,16,4,1-4,320,L02,1-2,0,0
202501261604,2025-01-26,16,4,1-4,320,L03,1-3,0,0
202501261605,2025-01-26,16,5,1-3,200,L05,1-2,0,0
202501261607,2025-01-26,16,7,2-5,2080,L01,1-2,0,0
202501261607,2025-01-26,16,7,2-5,2080,L08,1-3,0,0
202501261610,2025-01-26,16,10,5-1,4410,L03,1-3,0,0
202501261611,2025-01-26,16,11,1-4,400,L08,1-3,0,0
202501261704,2025-01-26,17,4,4-2,1230,L05,1-2,0,0
202501261705,2025-01-26,17,5,2-1,550,L05,1-2,0,0
202501261706,2025-01-26,17,6,1-2,310,L05,1-2,1,310
202501261708,2025-01-26,17,8,2-1,350,L01,1-2,0,0
202501261708,2025-01-26,17,8,2-1,350,L08,1-3,0,0
202501261709,2025-01-26,17,9,1-4,310,L03,1-3,0,0
202501261710,2025-01-26,17,10,1-3,1180,L05,1-2,0,0
202501261711,2025-01-26,17,11,1-2,340,L01,1-2,1,340
202501261712,2025-01-26,17,12,1-3,180,L06,1-2,0,0
202501261902,2025-01-26,19,2,1-3,430,L03,1-3,1,430
202501261903,2025-01-26,19,3,1-6,1040,L05,1-2,0,0
202501261904,2025-01-26,19,4,1-3,260,L01,1-2,0,0
202501261909,2025-01-26,19,9,1-5,2850,L01,1-2,0,0
202501261910,2025-01-26,19,10,2-1,1170,L06,1-2,0,0
202501262008,2025-01-26,20,8,1-2,390,L05,1-2,1,390
202501262102,2025-01-26,21,2,4-1,470,L06,1-2,0,0
202501262103,2025-01-26,21,3,1-3,270,L03,1-3,1,270
202501262107,2025-01-26,21,7,1-3,280,L03,1-3,1,280
202501262111,2025-01-26,21,11,1-5,1220,L01,1-2,0,0
202501262111,2025-01-26,21,11,1-5,1220,L08,1-3,0,0
202501262112,2025-01-26,21,12,1-3,390,L05,1-2,0,0
202501270202,2025-01-27,02,2,3-2,1160,L05,1-2,0,0
202501270205,2025-01-27,02,5,3-4,950,L07,1-3,0,0
202501270206,2025-01-27,02,6,1-2,360,L01,1-2,1,360
202501270206,2025-01-27,02,6,1-2,360,L08,1-3,0,0
202501270207,2025-01-27,02,7,1-2,420,L10,1-3,0,0
202501270209,2025-01-27,02,9,1-5,1390,L05,1-2,0,0
202501270210,2025-01-27,02,10,1-5,1380,L03,1-3,0,0
202501270301,2025-01-27,03,1,1-2,1130,L08,1-3,0,0
202501270302,2025-01-27,03,2,3-1,3150,L10,1-3,0,0
202501270303,2025-01-27,03,3,1-3,470,L02,1-2,0,0
202501270303,2025-01-27,03,3,1-3,470,L03,1-3,1,470
202501270304,2025-01-27,03,4,1-6,390,L05,1-2,0,0
202501270306,2025-01-27,03,6,1-2,470,L01,1-2,1,470
202501270308,2025-01-27,03,8,1-3,2180,L05,1-2,0,0
202501270308,2025-01-27,03,8,1-3,2180,L10,1-3,1,2180
202501270310,2025-01-27,03,10,1-5,610,L09,1-3,0,0
202501270704,2025-01-27,07,4,1-4,450,L01,1-2,0,0
202501270704,2025-01-27,07,4,1-4,450,L08,1-3,0,0
202501270709,2025-01-27,07,9,1-4,380,L05,1-2,0,0
202501270711,2025-01-27,07,11,1-3,350,L03,1-3,1,350
202501270902,2025-01-27,09,2,1-2,370,L05,1-2,1,370
202501270904,2025-01-27,09,4,4-5,6390,L05,1-2,0,0
202501270907,2025-01-27,09,7,1-5,420,L08,1-3,0,0
202501270908,2025-01-27,09,8,1-2,620,L01,1-2,1,620
202501270908,2025-01-27,09,8,1-2,620,L09,1-3,0,0
202501270909,2025-01-27,09,9,1-2,800,L05,1-2,1,800
202501270910,2025-01-27,09,10,3-1,530,L03,1-3,0,0
202501270911,2025-01-27,09,11,3-1,430,L01,1-2,0,0
202501270912,2025-01-27,09,12,2-1,620,L03,1-3,0,0
202501271001,2025-01-27,10,1,1-2,220,L03,1-3,0,0
202501271002,2025-01-27,10,2,1-5,1110,L02,1-2,0,0
202501271002,2025-01-27,10,2,1-5,1110,L08,1-3,0,0
202501271004,2025-01-27,10,4,1-4,3450,L01,1-2,0,0
202501271004,2025-01-27,10,4,1-4,3450,L08,1-3,0,0
202501271005,2025-01-27,10,5,2-1,2730,L01,1-2,0,0
202501271006,2025-01-27,10,6,3-1,2920,L05,1-2,0,0
202501271008,2025-01-27,10,8,1-3,250,L03,1-3,1,250
202501271010,2025-01-27,10,10,1-5,450,L01,1-2,0,0
202501271010,2025-01-27,10,10,1-5,450,L08,1-3,0,0
202501271101,2025-01-27,11,1,3-4,3980,L05,1-2,0,0
202501271103,2025-01-27,11,3,4-5,690,L05,1-2,0,0
202501271105,2025-01-27,11,5,1-2,900,L05,1-2,1,900
202501271106,2025-01-27,11,6,1-2,650,L06,1-2,1,650
202501271106,2025-01-27,11,6,1-2,650,L07,1-3,0,0
202501271107,2025-01-27,11,7,2-1,1070,L01,1-2,0,0
202501271107,2025-01-27,11,7,2-1,1070,L08,1-3,0,0
202501271109,2025-01-27,11,9,3-6,2070,L02,1-2,0,0
202501271109,2025-01-27,11,9,3-6,2070,L03,1-3,0,0
202501271110,2025-01-27,11,10,1-2,240,L05,1-2,1,240
202501271111,2025-01-27,11,11,1-5,1680,L01,1-2,0,0
202501271111,2025-01-27,11,11,1-5,1680,L09,1-3,0,0
202501271112,2025-01-27,11,12,1-5,470,L02,1-2,0,0
202501271112,2025-01-27,11,12,1-5,470,L03,1-3,0,0
202501271401,2025-01-27,14,1,1-2,260,L01,1-2,1,260
202501271402,2025-01-27,14,2,4-3,1910,L10,1-3,0,0
202501271405,2025-01-27,14,5,5-3,4240,L05,1-2,0,0
202501271412,2025-01-27,14,12,1-6,3170,L01,1-2,0,0
202501271412,2025-01-27,14,12,1-6,3170,L09,1-3,0,0
202501271502,2025-01-27,15,2,1-3,420,L05,1-2,0,0
202501271504,2025-01-27,15,4,3-4,730,L10,1-3,0,0
202501271506,2025-01-27,15,6,1-3,420,L05,1-2,0,0
202501271507,2025-01-27,15,7,3-2,3540,L03,1-3,0,0
202501271509,2025-01-27,15,9,2-1,1570,L06,1-2,0,0
202501271509,2025-01-27,15,9,2-1,1570,L07,1-3,0,0
202501271510,2025-01-27,15,10,1-2,350,L02,1-2,1,350
202501271511,2025-01-27,15,11,5-2,6300,L05,1-2,0,0
202501271512,2025-01-27,15,12,1-3,520,L01,1-2,0,0
202501271512,2025-01-27,15,12,1-3,520,L08,1-3,1,520
202501271603,2025-01-27,16,3,2-1,760,L06,1-2,0,0
202501271605,2025-01-27,16,5,6-1,1750,L06,1-2,0,0
202501271606,2025-01-27,16,6,2-1,550,L03,1-3,0,0
202501271607,2025-01-27,16,7,1-3,930,L05,1-2,0,0
202501271609,2025-01-27,16,9,1-5,380,L01,1-2,0,0
202501271610,2025-01-27,16,10,1-2,360,L06,1-2,1,360
202501271702,2025-01-27,17,2,1-3,260,L02,1-2,0,0
202501271702,2025-01-27,17,2,1-3,260,L08,1-3,1,260
202501271703,2025-01-27,17,3,1-3,480,L08,1-3,1,480
202501271708,2025-01-27,17,8,6-1,9400,L05,1-2,0,0
202501271710,2025-01-27,17,10,4-2,5760,L05,1-2,0,0
202501271711,2025-01-27,17,11,1-2,200,L01,1-2,1,200
202501272101,2025-01-27,21,1,1-3,200,L02,1-2,0,0
202501272101,2025-01-27,21,1,1-3,200,L03,1-3,1,200
202501272103,2025-01-27,21,3,1-2,800,L01,1-2,1,800
202501272105,2025-01-27,21,5,1-4,1450,L01,1-2,0,0
202501272105,2025-01-27,21,5,1-4,1450,L09,1-3,0,0
202501272107,2025-01-27,21,7,1-4,890,L01,1-2,0,0
202501272112,2025-01-27,21,12,1-4,960,L06,1-2,0,0
202501272403,2025-01-27,24,3,2-1,1030,L01,1-2,0,0
202501272403,2025-01-27,24,3,2-1,1030,L08,1-3,0,0
202501272405,2025-01-27,24,5,1-2,400,L06,1-2,1,400
202501272405,2025-01-27,24,5,1-2,400,L07,1-3,0,0
202501272406,2025-01-27,24,6,1-2,260,L01,1-2,1,260
202501272406,2025-01-27,24,6,1-2,260,L08,1-3,0,0
202501272409,2025-01-27,24,9,1-3,240,L01,1-2,0,0
202501280202,2025-01-28,02,2,1-5,590,L02,1-2,0,0
202501280207,2025-01-28,02,7,4-1,660,L08,1-3,0,0
202501280209,2025-01-28,02,9,2-3,2230,L03,1-3,0,0
202501280210,2025-01-28,02,10,1-3,410,L05,1-2,0,0
202501280301,2025-01-28,03,1,1-4,590,L01,1-2,0,0
202501280303,2025-01-28,03,3,4-5,2370,L05,1-2,0,0
202501280307,2025-01-28,03,7,3-1,4320,L10,1-3,0,0
202501280308,2025-01-28,03,8,6-2,1110,L01,1-2,0,0
202501280311,2025-01-28,03,11,1-2,410,L05,1-2,1,410
202501280501,2025-01-28,05,1,1-3,1410,L05,1-2,0,0
202501280503,2025-01-28,05,3,1-4,990,L01,1-2,0,0
202501280504,2025-01-28,05,4,1-3,270,L06,1-2,0,0
202501280506,2025-01-28,05,6,5-2,6590,L05,1-2,0,0
202501280508,2025-01-28,05,8,1-2,590,L01,1-2,1,590
202501280508,2025-01-28,05,8,1-2,590,L08,1-3,0,0
202501280509,2025-01-28,05,9,1-3,460,L01,1-2,0,0
202501280510,2025-01-28,05,10,1-2,440,L03,1-3,0,0
202501280511,2025-01-28,05,11,1-5,480,L06,1-2,0,0
202501280701,2025-01-28,07,1,1-3,370,L01,1-2,0,0
202501280703,2025-01-28,07,3,2-3,670,L01,1-2,0,0
202501280703,2025-01-28,07,3,2-3,670,L09,1-3,0,0
202501280704,2025-01-28,07,4,5-3,3770,L01,1-2,0,0
202501280705,2025-01-28,07,5,1-5,390,L06,1-2,0,0
202501280706,2025-01-28,07,6,2-4,2230,L06,1-2,0,0
202501280706,2025-01-28,07,6,2-4,2230,L07,1-3,0,0
202501280707,2025-01-28,07,7,1-4,230,L01,1-2,0,0
202501280710,2025-01-28,07,10,2-3,7580,L07,1-3,0,0
202501280711,2025-01-28,07,11,1-2,250,L01,1-2,1,250
202501281002,2025-01-28,10,2,1-3,560,L01,1-2,0,0
202501281003,2025-01-28,10,3,1-5,1140,L05,1-2,0,0
202501281004,2025-01-28,10,4,4-6,2610,L05,1-2,0,0
202501281005,2025-01-28,10,5,1-3,1060,L03,1-3,1,1060
202501281007,2025-01-28,10,7,1-4,550,L01,1-2,0,0
202501281010,2025-01-28,10,10,1-3,240,L01,1-2,0,0
202501281010,2025-01-28,10,10,1-3,240,L09,1-3,1,240
202501281101,2025-01-28,11,1,1-3,330,L01,1-2,0,0
202501281103,2025-01-28,11,3,1-4,380,L01,1-2,0,0
202501281104,2025-01-28,11,4,1-3,420,L01,1-2,0,0
202501281105,2025-01-28,11,5,1-3,290,L09,1-3,1,290
202501281106,2025-01-28,11,6,1-4,740,L10,1-3,0,0
202501281109,2025-01-28,11,9,1-3,1720,L01,1-2,0,0
202501281110,2025-01-28,11,10,2-1,1010,L01,1-2,0,0
202501281111,2025-01-28,11,11,1-2,200,L06,1-2,1,200
202501281112,2025-01-28,11,12,1-3,350,L01,1-2,0,0
202501281503,2025-01-28,15,3,1-2,1600,L08,1-3,0,0
202501281506,2025-01-28,15,6,1-3,210,L09,1-3,1,210
202501281509,2025-01-28,15,9,6-3,1600,L05,1-2,0,0
202501281510,2025-01-28,15,10,2-3,1900,L06,1-2,0,0
202501281512,2025-01-28,15,12,2-4,4120,L06,1-2,0,0
202501281601,2025-01-28,16,1,1-2,280,L03,1-3,0,0
202501281606,2025-01-28,16,6,2-1,960,L01,1-2,0,0
202501281607,2025-01-28,16,7,2-1,610,L01,1-2,0,0
202501281609,2025-01-28,16,9,1-3,740,L05,1-2,0,0
202501281610,2025-01-28,16,10,2-1,1340,L06,1-2,0,0
202501281611,2025-01-28,16,11,1-2,500,L03,1-3,0,0
202501281703,2025-01-28,17,3,2-1,1320,L01,1-2,0,0
202501281707,2025-01-28,17,7,5-3,17370,L03,1-3,0,0
202501281712,2025-01-28,17,12,1-2,640,L06,1-2,1,640
202501281803,2025-01-28,18,3,6-4,11280,L05,1-2,0,0
202501281804,2025-01-28,18,4,1-3,200,L08,1-3,1,200
202501281806,2025-01-28,18,6,1-4,630,L01,1-2,0,0
202501281809,2025-01-28,18,9,1-2,400,L03,1-3,0,0
202501282101,2025-01-28,21,1,4-5,8650,L01,1-2,0,0
202501282102,2025-01-28,21,2,1-4,260,L03,1-3,0,0
202501282105,2025-01-28,21,5,1-2,300,L02,1-2,1,300
202501282105,2025-01-28,21,5,1-2,300,L03,1-3,0,0
202501282109,2025-01-28,21,9,2-3,3890,L06,1-2,0,0
202501282109,2025-01-28,21,9,2-3,3890,L10,1-3,0,0
202501282403,2025-01-28,24,3,1-3,440,L06,1-2,0,0
202501282410,2025-01-28,24,10,3-1,810,L01,1-2,0,0
202501282411,2025-01-28,24,11,1-6,1770,L06,1-2,0,0
202501290203,2025-01-29,02,3,1-2,1540,L01,1-2,1,1540
202501290204,2025-01-29,02,4,5-4,1160,L10,1-3,0,0
202501290205,2025-01-29,02,5,3-4,1560,L02,1-2,0,0
202501290205,2025-01-29,02,5,3-4,1560,L03,1-3,0,0
202501290210,2025-01-29,02,10,1-2,140,L06,1-2,1,140
202501290211,2025-01-29,02,11,2-1,420,L05,1-2,0,0
202501290402,2025-01-29,04,2,5-2,1850,L05,1-2,0,0
202501290403,2025-01-29,04,3,1-4,2360,L01,1-2,0,0
202501290406,2025-01-29,04,6,1-3,2630,L02,1-2,0,0
202501290406,2025-01-29,04,6,1-3,2630,L03,1-3,1,2630
202501290409,2025-01-29,04,9,1-5,600,L10,1-3,0,0
202501290503,2025-01-29,05,3,1-2,2090,L01,1-2,1,2090
202501290503,2025-01-29,05,3,1-2,2090,L08,1-3,0,0
202501291001,2025-01-29,10,1,1-3,300,L06,1-2,0,0
202501291002,2025-01-29,10,2,1-2,280,L01,1-2,1,280
202501291003,2025-01-29,10,3,5-2,16280,L05,1-2,0,0
202501291005,2025-01-29,10,5,3-1,1710,L02,1-2,0,0
202501291005,2025-01-29,10,5,3-1,1710,L03,1-3,0,0
202501291007,2025-01-29,10,7,1-3,390,L01,1-2,0,0
202501291010,2025-01-29,10,10,5-1,7350,L02,1-2,0,0
202501291012,2025-01-29,10,12,1-2,340,L08,1-3,0,0
202501291204,2025-01-29,12,4,3-2,1330,L05,1-2,0,0
202501291206,2025-01-29,12,6,1-6,7300,L05,1-2,0,0
202501291304,2025-01-29,13,4,1-2,270,L06,1-2,1,270
202501291308,2025-01-29,13,8,1-3,210,L02,1-2,0,0
202501291308,2025-01-29,13,8,1-3,210,L03,1-3,1,210
202501291310,2025-01-29,13,10,1-6,2400,L05,1-2,0,0
202501291311,2025-01-29,13,11,1-5,850,L10,1-3,0,0
202501291504,2025-01-29,15,4,3-2,4710,L05,1-2,0,0
202501291505,2025-01-29,15,5,1-3,340,L01,1-2,0,0
202501291505,2025-01-29,15,5,1-3,340,L08,1-3,1,340
202501291507,2025-01-29,15,7,1-3,650,L05,1-2,0,0
202501291508,2025-01-29,15,8,1-2,190,L06,1-2,1,190
202501291512,2025-01-29,15,12,3-5,2120,L05,1-2,0,0
202501291601,2025-01-29,16,1,1-4,410,L02,1-2,0,0
202501291602,2025-01-29,16,2,4-1,4450,L06,1-2,0,0
202501291604,2025-01-29,16,4,3-4,900,L05,1-2,0,0
202501291608,2025-01-29,16,8,1-4,330,L01,1-2,0,0
202501291611,2025-01-29,16,11,1-4,420,L01,1-2,0,0
202501291612,2025-01-29,16,12,2-1,2040,L01,1-2,0,0
202501291612,2025-01-29,16,12,2-1,2040,L08,1-3,0,0
202501291801,2025-01-29,18,1,1-4,490,L05,1-2,0,0
202501291804,2025-01-29,18,4,1-2,160,L05,1-2,1,160
202501291807,2025-01-29,18,7,1-2,1880,L01,1-2,1,1880
202501291807,2025-01-29,18,7,1-2,1880,L09,1-3,0,0
202501291808,2025-01-29,18,8,1-3,360,L01,1-2,0,0
202501291809,2025-01-29,18,9,3-5,750,L05,1-2,0,0
202501291811,2025-01-29,18,11,1-3,1460,L03,1-3,1,1460
202501292402,2025-01-29,24,2,1-2,550,L02,1-2,1,550
202501292402,2025-01-29,24,2,1-2,550,L03,1-3,0,0
202501292405,2025-01-29,24,5,1-6,6680,L05,1-2,0,0
202501292408,2025-01-29,24,8,1-2,210,L03,1-3,0,0
202501292410,2025-01-29,24,10,2-3,3060,L01,1-2,0,0
202501292410,2025-01-29,24,10,2-3,3060,L08,1-3,0,0
202501292412,2025-01-29,24,12,1-4,530,L03,1-3,0,0
202501300202,2025-01-30,02,2,1-2,720,L01,1-2,1,720
202501300203,2025-01-30,02,3,1-2,720,L01,1-2,1,720
202501300204,2025-01-30,02,4,1-2,430,L08,1-3,0,0
202501300205,2025-01-30,02,5,1-2,430,L05,1-2,1,430
202501300206,2025-01-30,02,6,1-6,1140,L02,1-2,0,0
202501300206,2025-01-30,02,6,1-6,1140,L03,1-3,0,0
202501300207,2025-01-30,02,7,2-1,570,L03,1-3,0,0
202501300208,2025-01-30,02,8,3-6,1010,L05,1-2,0,0
202501300209,2025-01-30,02,9,1-2,190,L01,1-2,1,190
202501300209,2025-01-30,02,9,1-2,190,L08,1-3,0,0
202501300210,2025-01-30,02,10,3-6,5430,L05,1-2,0,0
202501300401,2025-01-30,04,1,3-4,860,L02,1-2,0,0
202501300401,2025-01-30,04,1,3-4,860,L03,1-3,0,0
202501300404,2025-01-30,04,4,1-3,510,L01,1-2,0,0
202501300404,2025-01-30,04,4,1-3,510,L08,1-3,1,510
202501300405,2025-01-30,04,5,1-3,260,L08,1-3,1,260
202501300412,2025-01-30,04,12,1-3,490,L01,1-2,0,0
202501300412,2025-01-30,04,12,1-3,490,L08,1-3,1,490
202501300502,2025-01-30,05,2,1-3,430,L03,1-3,1,430
202501300507,2025-01-30,05,7,1-2,1000,L05,1-2,1,1000
202501300511,2025-01-30,05,11,1-6,2780,L02,1-2,0,0
202501300511,2025-01-30,05,11,1-6,2780,L03,1-3,0,0
202501300602,2025-01-30,06,2,3-4,620,L03,1-3,0,0
202501300603,2025-01-30,06,3,3-1,1500,L01,1-2,0,0
202501300606,2025-01-30,06,6,2-3,1180,L05,1-2,0,0
202501300608,2025-01-30,06,8,2-5,420,L02,1-2,0,0
202501300608,2025-01-30,06,8,2-5,420,L03,1-3,0,0
202501300610,2025-01-30,06,10,1-4,1320,L07,1-3,0,0
202501301204,2025-01-30,12,4,1-5,500,L03,1-3,0,0
202501301206,2025-01-30,12,6,1-3,290,L05,1-2,0,0
202501301209,2025-01-30,12,9,1-5,4210,L03,1-3,0,0
202501301212,2025-01-30,12,12,1-4,350,L05,1-2,0,0
202501301301,2025-01-30,13,1,2-1,2120,L01,1-2,0,0
202501301302,2025-01-30,13,2,2-1,370,L05,1-2,0,0
202501301303,2025-01-30,13,3,1-4,900,L01,1-2,0,0
202501301305,2025-01-30,13,5,1-6,1720,L01,1-2,0,0
202501301308,2025-01-30,13,8,6-2,1220,L05,1-2,0,0
202501301309,2025-01-30,13,9,1-5,430,L07,1-3,0,0
202501301311,2025-01-30,13,11,1-2,320,L01,1-2,1,320
202501301312,2025-01-30,13,12,1-4,300,L01,1-2,0,0
202501301401,2025-01-30,14,1,1-2,290,L01,1-2,1,290
202501301405,2025-01-30,14,5,4-6,6890,L05,1-2,0,0
202501301407,2025-01-30,14,7,4-1,810,L02,1-2,0,0
202501301407,2025-01-30,14,7,4-1,810,L03,1-3,0,0
202501301501,2025-01-30,15,1,1-4,1490,L01,1-2,0,0
202501301501,2025-01-30,15,1,1-4,1490,L08,1-3,0,0
202501301504,2025-01-30,15,4,6-1,2090,L02,1-2,0,0
202501301508,2025-01-30,15,8,1-3,760,L01,1-2,0,0
202501301509,2025-01-30,15,9,1-2,450,L02,1-2,1,450
202501301509,2025-01-30,15,9,1-2,450,L03,1-3,0,0
202501301510,2025-01-30,15,10,1-3,300,L05,1-2,0,0
202501301512,2025-01-30,15,12,3-2,2470,L06,1-2,0,0
202501301601,2025-01-30,16,1,1-3,330,L01,1-2,0,0
202501301603,2025-01-30,16,3,4-1,2220,L05,1-2,0,0
202501301604,2025-01-30,16,4,1-2,620,L01,1-2,1,620
202501301606,2025-01-30,16,6,2-1,520,L06,1-2,0,0
202501301609,2025-01-30,16,9,1-2,270,L03,1-3,0,0
202501301611,2025-01-30,16,11,1-2,190,L01,1-2,1,190
202501301612,2025-01-30,16,12,1-2,180,L06,1-2,1,180
202501301801,2025-01-30,18,1,1-4,660,L06,1-2,0,0
202501301801,2025-01-30,18,1,1-4,660,L07,1-3,0,0
202501301802,2025-01-30,18,2,1-2,490,L08,1-3,0,0
202501301806,2025-01-30,18,6,1-2,260,L01,1-2,1,260
202501301806,2025-01-30,18,6,1-2,260,L08,1-3,0,0
202501301809,2025-01-30,18,9,1-2,310,L01,1-2,1,310
202501301811,2025-01-30,18,11,1-4,1370,L05,1-2,0,0
202501301812,2025-01-30,18,12,1-4,360,L03,1-3,0,0
202501302003,2025-01-30,20,3,1-2,950,L05,1-2,1,950
202501302005,2025-01-30,20,5,1-2,180,L06,1-2,1,180
202501302008,2025-01-30,20,8,1-2,280,L01,1-2,1,280
202501302012,2025-01-30,20,12,5-2,19000,L05,1-2,0,0
202501302402,2025-01-30,24,2,1-3,390,L01,1-2,0,0
202501302406,2025-01-30,24,6,1-5,710,L01,1-2,0,0
202501302408,2025-01-30,24,8,1-2,420,L08,1-3,0,0
202501302409,2025-01-30,24,9,1-2,320,L01,1-2,1,320
202501302411,2025-01-30,24,11,1-3,310,L06,1-2,0,0
202501302412,2025-01-30,24,12,1-4,430,L01,1-2,0,0
202501310101,2025-01-31,01,1,1-4,600,L01,1-2,0,0
202501310106,2025-01-31,01,6,1-3,320,L03,1-3,1,320
202501310201,2025-01-31,02,1,2-5,2210,L06,1-2,0,0
202501310202,2025-01-31,02,2,5-3,810,L03,1-3,0,0
202501310203,2025-01-31,02,3,5-1,1570,L05,1-2,0,0
202501310204,2025-01-31,02,4,1-2,410,L01,1-2,1,410
202501310206,2025-01-31,02,6,5-4,2990,L10,1-3,0,0
202501310207,2025-01-31,02,7,2-4,3260,L05,1-2,0,0
202501310208,2025-01-31,02,8,1-3,290,L05,1-2,0,0
202501310209,2025-01-31,02,9,1-5,790,L06,1-2,0,0
202501310212,2025-01-31,02,12,1-3,350,L01,1-2,0,0
202501310212,2025-01-31,02,12,1-3,350,L09,1-3,1,350
202501310408,2025-01-31,04,8,1-4,430,L05,1-2,0,0
202501310409,2025-01-31,04,9,1-2,280,L06,1-2,1,280
202501310411,2025-01-31,04,11,1-2,170,L02,1-2,1,170
202501310411,2025-01-31,04,11,1-2,170,L03,1-3,0,0
202501310412,2025-01-31,04,12,1-2,250,L05,1-2,1,250
202501310502,2025-01-31,05,2,3-6,1080,L03,1-3,0,0
202501310602,2025-01-31,06,2,1-2,780,L03,1-3,0,0
202501310603,2025-01-31,06,3,3-1,4900,L01,1-2,0,0
202501310606,2025-01-31,06,6,1-3,630,L03,1-3,1,630
202501310609,2025-01-31,06,9,1-3,430,L06,1-2,0,0
202501310701,2025-01-31,07,1,1-2,730,L03,1-3,0,0
202501310702,2025-01-31,07,2,2-1,1110,L01,1-2,0,0
202501310704,2025-01-31,07,4,1-3,480,L03,1-3,1,480
202501310705,2025-01-31,07,5,1-3,230,L05,1-2,0,0
202501310706,2025-01-31,07,6,2-1,900,L01,1-2,0,0
202501310708,2025-01-31,07,8,3-1,420,L06,1-2,0,0
202501310708,2025-01-31,07,8,3-1,420,L07,1-3,0,0
202501310709,2025-01-31,07,9,1-2,200,L03,1-3,0,0
202501310710,2025-01-31,07,10,1-3,360,L01,1-2,0,0
202501310712,2025-01-31,07,12,1-3,320,L03,1-3,1,320
202501310802,2025-01-31,08,2,1-3,300,L03,1-3,1,300
202501310803,2025-01-31,08,3,1-4,680,L03,1-3,0,0
202501310902,2025-01-31,09,2,1-4,900,L06,1-2,0,0
202501310905,2025-01-31,09,5,1-2,370,L06,1-2,1,370
202501310906,2025-01-31,09,6,1-3,660,L01,1-2,0,0
202501310907,2025-01-31,09,7,1-2,290,L02,1-2,1,290
202501310907,2025-01-31,09,7,1-2,290,L03,1-3,0,0
202501311101,2025-01-31,11,1,1-2,310,L01,1-2,1,310
202501311102,2025-01-31,11,2,1-4,860,L05,1-2,0,0
202501311103,2025-01-31,11,3,1-2,500,L01,1-2,1,500
202501311103,2025-01-31,11,3,1-2,500,L08,1-3,0,0
202501311105,2025-01-31,11,5,1-2,180,L02,1-2,1,180
202501311105,2025-01-31,11,5,1-2,180,L03,1-3,0,0
202501311106,2025-01-31,11,6,1-2,410,L05,1-2,1,410
202501311107,2025-01-31,11,7,1-5,2880,L01,1-2,0,0
202501311108,2025-01-31,11,8,3-1,430,L01,1-2,0,0
202501311109,2025-01-31,11,9,1-4,780,L08,1-3,0,0
202501311110,2025-01-31,11,10,5-1,1770,L05,1-2,0,0
202501311111,2025-01-31,11,11,1-4,300,L03,1-3,0,0
202501311201,2025-01-31,12,1,2-1,960,L01,1-2,0,0
202501311209,2025-01-31,12,9,3-4,1740,L02,1-2,0,0
202501311212,2025-01-31,12,12,1-5,750,L03,1-3,0,0
202501311302,2025-01-31,13,2,1-3,300,L01,1-2,0,0
202501311304,2025-01-31,13,4,3-1,11880,L02,1-2,0,0
202501311306,2025-01-31,13,6,1-3,670,L05,1-2,0,0
202501311307,2025-01-31,13,7,2-1,300,L05,1-2,0,0
202501311309,2025-01-31,13,9,1-2,200,L05,1-2,1,200
202501311402,2025-01-31,14,2,5-4,1390,L10,1-3,0,0
202501311405,2025-01-31,14,5,1-3,870,L01,1-2,0,0
202501311406,2025-01-31,14,6,2-1,220,L10,1-3,0,0
202501311408,2025-01-31,14,8,1-3,390,L01,1-2,0,0
202501311409,2025-01-31,14,9,2-3,430,L06,1-2,0,0
202501311409,2025-01-31,14,9,2-3,430,L07,1-3,0,0
202501311411,2025-01-31,14,11,3-1,350,L02,1-2,0,0
202501311411,2025-01-31,14,11,3-1,350,L09,1-3,0,0
202501311606,2025-01-31,16,6,1-4,620,L02,1-2,0,0
202501311606,2025-01-31,16,6,1-4,620,L08,1-3,0,0
202501311607,2025-01-31,16,7,1-2,420,L01,1-2,1,420
202501311608,2025-01-31,16,8,1-4,280,L05,1-2,0,0
202501311611,2025-01-31,16,11,1-2,250,L01,1-2,1,250
202501311806,2025-01-31,18,6,1-2,300,L01,1-2,1,300
202501311807,2025-01-31,18,7,4-1,10440,L02,1-2,0,0
202501311807,2025-01-31,18,7,4-1,10440,L03,1-3,0,0
202501311810,2025-01-31,18,10,1-2,250,L01,1-2,1,250
202501311810,2025-01-31,18,10,1-2,250,L08,1-3,0,0
202501311905,2025-01-31,19,5,1-2,370,L01,1-2,1,370
202501311906,2025-01-31,19,6,1-2,800,L03,1-3,0,0
202501312405,2025-01-31,24,5,3-1,1100,L01,1-2,0,0
202501312406,2025-01-31,24,6,2-1,480,L05,1-2,0,0
202501312407,2025-01-31,24,7,3-2,12060,L03,1-3,0,0
202501312408,2025-01-31,24,8,1-3,380,L05,1-2,0,0
202501312410,2025-01-31,24,10,1-6,2390,L01,1-2,0,0
202502010101,2025-02-01,01,1,1-5,650,L10,1-3,0,0
202502010102,2025-02-01,01,2,1-2,350,L02,1-2,1,350
202502010102,2025-02-01,01,2,1-2,350,L03,1-3,0,0
202502010104,2025-02-01,01,4,5-2,4810,L10,1-3,0,0
202502010105,2025-02-01,01,5,3-6,3370,L08,1-3,0,0
202502010106,2025-02-01,01,6,1-5,570,L06,1-2,0,0
202502010108,2025-02-01,01,8,5-1,310,L06,1-2,0,0
202502010109,2025-02-01,01,9,1-2,580,L05,1-2,1,580
202502010401,2025-02-01,04,1,2-4,5740,L05,1-2,0,0
202502010403,2025-02-01,04,3,2-1,290,L06,1-2,0,0
202502010405,2025-02-01,04,5,1-3,370,L01,1-2,0,0
202502010406,2025-02-01,04,6,2-1,610,L01,1-2,0,0
202502010411,2025-02-01,04,11,1-4,2200,L01,1-2,0,0
202502010501,2025-02-01,05,1,1-2,520,L01,1-2,1,520
202502010503,2025-02-01,05,3,1-3,700,L01,1-2,0,0
202502010505,2025-02-01,05,5,1-2,330,L01,1-2,1,330
202502010506,2025-02-01,05,6,1-5,2010,L08,1-3,0,0
202502010507,2025-02-01,05,7,1-6,690,L08,1-3,0,0
202502010511,2025-02-01,05,11,1-2,220,L01,1-2,1,220
202502010603,2025-02-01,06,3,1-5,3140,L01,1-2,0,0
202502010607,2025-02-01,06,7,6-2,650,L01,1-2,0,0
202502010609,2025-02-01,06,9,1-2,310,L01,1-2,1,310
202502010612,2025-02-01,06,12,1-3,180,L01,1-2,0,0
202502010703,2025-02-01,07,3,2-6,9620,L10,1-3,0,0
202502010705,2025-02-01,07,5,6-1,1970,L05,1-2,0,0
202502010708,2025-02-01,07,8,1-3,540,L01,1-2,0,0
202502010708,2025-02-01,07,8,1-3,540,L08,1-3,1,540
202502010709,2025-02-01,07,9,1-2,200,L10,1-3,0,0
202502010710,2025-02-01,07,10,1-3,450,L01,1-2,0,0
202502010710,2025-02-01,07,10,1-3,450,L08,1-3,1,450
202502010803,2025-02-01,08,3,2-1,410,L01,1-2,0,0
202502010804,2025-02-01,08,4,1-5,520,L01,1-2,0,0
202502010804,2025-02-01,08,4,1-5,520,L08,1-3,0,0
202502010811,2025-02-01,08,11,1-4,410,L06,1-2,0,0
202502011101,2025-02-01,11,1,1-3,820,L01,1-2,0,0
202502011101,2025-02-01,11,1,1-3,820,L09,1-3,1,820
202502011102,2025-02-01,11,2,1-2,430,L01,1-2,1,430
202502011103,2025-02-01,11,3,1-5,600,L01,1-2,0,0
202502011105,2025-02-01,11,5,1-2,270,L01,1-2,1,270
202502011110,2025-02-01,11,10,1-2,740,L01,1-2,1,740
202502011110,2025-02-01,11,10,1-2,740,L09,1-3,0,0
202502011111,2025-02-01,11,11,1-3,1730,L01,1-2,0,0
202502011111,2025-02-01,11,11,1-3,1730,L08,1-3,1,1730
202502011112,2025-02-01,11,12,3-1,730,L03,1-3,0,0
202502011201,2025-02-01,12,1,2-5,3870,L06,1-2,0,0
202502011201,2025-02-01,12,1,2-5,3870,L10,1-3,0,0
202502011203,2025-02-01,12,3,3-1,600,L01,1-2,0,0
202502011203,2025-02-01,12,3,3-1,600,L08,1-3,0,0
202502011208,2025-02-01,12,8,2-1,1010,L05,1-2,0,0
202502011211,2025-02-01,12,11,3-1,630,L05,1-2,0,0
202502011303,2025-02-01,13,3,1-4,320,L02,1-2,0,0
202502011303,2025-02-01,13,3,1-4,320,L03,1-3,0,0
202502011305,2025-02-01,13,5,1-5,2480,L08,1-3,0,0
202502011312,2025-02-01,13,12,1-3,210,L01,1-2,0,0
202502011312,2025-02-01,13,12,1-3,210,L08,1-3,1,210
202502011403,2025-02-01,14,3,4-2,6050,L10,1-3,0,0
202502011407,2025-02-01,14,7,3-1,280,L03,1-3,0,0
202502011802,2025-02-01,18,2,1-6,630,L01,1-2,0,0
202502011803,2025-02-01,18,3,1-3,320,L03,1-3,1,320
202502011805,2025-02-01,18,5,1-2,1310,L06,1-2,1,1310
202502011809,2025-02-01,18,9,1-2,230,L06,1-2,1,230
202502011812,2025-02-01,18,12,1-2,240,L05,1-2,1,240
202502011901,2025-02-01,19,1,1-6,840,L03,1-3,0,0
202502011906,2025-02-01,19,6,6-1,1210,L01,1-2,0,0
202502011907,2025-02-01,19,7,1-4,240,L03,1-3,0,0
202502011909,2025-02-01,19,9,1-2,410,L01,1-2,1,410
202502011909,2025-02-01,19,9,1-2,410,L10,1-3,0,0
202502011911,2025-02-01,19,11,1-5,1360,L03,1-3,0,0
202502011912,2025-02-01,19,12,1-3,240,L02,1-2,0,0
202502011912,2025-02-01,19,12,1-3,240,L03,1-3,1,240
202502012002,2025-02-01,20,2,5-6,8360,L09,1-3,0,0
202502012003,2025-02-01,20,3,1-4,440,L01,1-2,0,0
202502012003,2025-02-01,20,3,1-4,440,L10,1-3,0,0
202502012004,2025-02-01,20,4,3-1,1120,L06,1-2,0,0
202502012007,2025-02-01,20,7,1-3,870,L06,1-2,0,0
202502012301,2025-02-01,23,1,1-3,500,L06,1-2,0,0
202502012303,2025-02-01,23,3,2-1,2490,L01,1-2,0,0
202502012303,2025-02-01,23,3,2-1,2490,L08,1-3,0,0
202502012306,2025-02-01,23,6,1-4,490,L06,1-2,0,0
202502012307,2025-02-01,23,7,2-6,7820,L02,1-2,0,0
202502012309,2025-02-01,23,9,1-3,380,L01,1-2,0,0
202502012310,2025-02-01,23,10,1-6,2150,L01,1-2,0,0
202502012310,2025-02-01,23,10,1-6,2150,L08,1-3,0,0
202502012311,2025-02-01,23,11,1-3,250,L03,1-3,1,250
202502012312,2025-02-01,23,12,1-3,360,L01,1-2,0,0
202502012401,2025-02-01,24,1,1-5,1860,L03,1-3,0,0
202502012403,2025-02-01,24,3,1-3,520,L06,1-2,0,0
202502012405,2025-02-01,24,5,1-3,240,L01,1-2,0,0
202502012405,2025-02-01,24,5,1-3,240,L09,1-3,1,240
202502012406,2025-02-01,24,6,1-2,610,L02,1-2,1,610
202502012406,2025-02-01,24,6,1-2,610,L08,1-3,0,0
202502012407,2025-02-01,24,7,1-3,250,L05,1-2,0,0
202502012409,2025-02-01,24,9,1-4,460,L02,1-2,0,0
202502012409,2025-02-01,24,9,1-4,460,L08,1-3,0,0
202502012411,2025-02-01,24,11,1-3,360,L03,1-3,1,360
202502012412,2025-02-01,24,12,1-4,390,L06,1-2,0,0
202502020101,2025-02-02,01,1,1-5,920,L06,1-2,0,0
202502020107,2025-02-02,01,7,3-1,220,L01,1-2,0,0
202502020108,2025-02-02,01,8,2-5,7210,L02,1-2,0,0
202502020108,2025-02-02,01,8,2-5,7210,L03,1-3,0,0
202502020109,2025-02-02,01,9,1-3,440,L01,1-2,0,0
202502020110,2025-02-02,01,10,2-4,480,L05,1-2,0,0
202502020402,2025-02-02,04,2,1-5,990,L05,1-2,0,0
202502020403,2025-02-02,04,3,2-3,510,L03,1-3,0,0
202502020404,2025-02-02,04,4,5-3,20040,L02,1-2,0,0
202502020408,2025-02-02,04,8,1-2,400,L01,1-2,1,400
202502020409,2025-02-02,04,9,1-2,390,L03,1-3,0,0
202502020410,2025-02-02,04,10,2-6,5150,L02,1-2,0,0
202502020410,2025-02-02,04,10,2-6,5150,L03,1-3,0,0
202502020411,2025-02-02,04,11,1-3,370,L03,1-3,1,370
202502020502,2025-02-02,05,2,1-5,5460,L05,1-2,0,0
202502020503,2025-02-02,05,3,3-2,1710,L08,1-3,0,0
202502020508,2025-02-02,05,8,1-5,490,L01,1-2,0,0
202502020510,2025-02-02,05,10,1-3,180,L02,1-2,0,0
202502020510,2025-02-02,05,10,1-3,180,L03,1-3,1,180
202502020511,2025-02-02,05,11,1-4,480,L06,1-2,0,0
202502020512,2025-02-02,05,12,1-2,210,L03,1-3,0,0
202502020601,2025-02-02,06,1,1-6,640,L02,1-2,0,0
202502020602,2025-02-02,06,2,3-2,1630,L01,1-2,0,0
202502020604,2025-02-02,06,4,1-4,1030,L06,1-2,0,0
202502020604,2025-02-02,06,4,1-4,1030,L07,1-3,0,0
202502020605,2025-02-02,06,5,1-4,360,L01,1-2,0,0
202502020608,2025-02-02,06,8,1-6,2950,L01,1-2,0,0
202502020608,2025-02-02,06,8,1-6,2950,L08,1-3,0,0
202502020701,2025-02-02,07,1,1-6,640,L06,1-2,0,0
202502020702,2025-02-02,07,2,5-2,11920,L01,1-2,0,0
202502020703,2025-02-02,07,3,2-1,910,L07,1-3,0,0
202502020704,2025-02-02,07,4,1-2,580,L01,1-2,1,580
202502020705,2025-02-02,07,5,2-1,410,L03,1-3,0,0
202502020708,2025-02-02,07,8,2-3,590,L10,1-3,0,0
202502020710,2025-02-02,07,10,5-3,4970,L05,1-2,0,0
202502020711,2025-02-02,07,11,1-4,500,L08,1-3,0,0
202502020801,2025-02-02,08,1,2-6,750,L10,1-3,0,0
202502020803,2025-02-02,08,3,1-2,860,L08,1-3,0,0
202502020804,2025-02-02,08,4,2-4,5120,L03,1-3,0,0
202502020807,2025-02-02,08,7,1-5,2190,L01,1-2,0,0
202502020809,2025-02-02,08,9,1-3,340,L01,1-2,0,0
202502020810,2025-02-02,08,10,3-1,1520,L06,1-2,0,0
202502020811,2025-02-02,08,11,1-3,310,L03,1-3,1,310
202502021001,2025-02-02,10,1,1-3,230,L02,1-2,0,0
202502021001,2025-02-02,10,1,1-3,230,L09,1-3,1,230
202502021002,2025-02-02,10,2,1-3,330,L03,1-3,1,330
202502021003,2025-02-02,10,3,1-3,360,L02,1-2,0,0
202502021004,2025-02-02,10,4,2-3,1590,L02,1-2,0,0
202502021005,2025-02-02,10,5,3-2,1030,L01,1-2,0,0
202502021006,2025-02-02,10,6,1-2,290,L08,1-3,0,0
202502021102,2025-02-02,11,2,1-3,310,L02,1-2,0,0
202502021102,2025-02-02,11,2,1-3,310,L03,1-3,1,310
202502021104,2025-02-02,11,4,3-6,920,L02,1-2,0,0
202502021104,2025-02-02,11,4,3-6,920,L03,1-3,0,0
202502021106,2025-02-02,11,6,3-1,1000,L06,1-2,0,0
202502021107,2025-02-02,11,7,1-5,5210,L01,1-2,0,0
202502021107,2025-02-02,11,7,1-5,5210,L08,1-3,0,0
202502021108,2025-02-02,11,8,1-5,500,L08,1-3,0,0
202502021112,2025-02-02,11,12,1-2,180,L01,1-2,1,180
202502021112,2025-02-02,11,12,1-2,180,L08,1-3,0,0
202502021201,2025-02-02,12,1,1-2,320,L06,1-2,1,320
202502021202,2025-02-02,12,2,3-1,3600,L05,1-2,0,0
202502021207,2025-02-02,12,7,1-3,290,L01,1-2,0,0
202502021207,2025-02-02,12,7,1-3,290,L08,1-3,1,290
202502021209,2025-02-02,12,9,1-2,240,L02,1-2,1,240
202502021209,2025-02-02,12,9,1-2,240,L03,1-3,0,0
202502021210,2025-02-02,12,10,4-2,7090,L05,1-2,0,0
202502021212,2025-02-02,12,12,2-1,570,L05,1-2,0,0
202502021304,2025-02-02,13,4,1-3,290,L01,1-2,0,0
202502021311,2025-02-02,13,11,1-2,210,L06,1-2,1,210
202502021312,2025-02-02,13,12,3-4,1990,L06,1-2,0,0
202502021402,2025-02-02,14,2,1-6,540,L01,1-2,0,0
202502021402,2025-02-02,14,2,1-6,540,L08,1-3,0,0
202502021404,2025-02-02,14,4,1-2,300,L08,1-3,0,0
202502021406,2025-02-02,14,6,1-3,730,L01,1-2,0,0
202502021406,2025-02-02,14,6,1-3,730,L08,1-3,1,730
202502021410,2025-02-02,14,10,3-6,8590,L03,1-3,0,0
202502021411,2025-02-02,14,11,1-3,300,L01,1-2,0,0
202502021411,2025-02-02,14,11,1-3,300,L08,1-3,1,300
202502021412,2025-02-02,14,12,1-2,150,L01,1-2,1,150
202502021412,2025-02-02,14,12,1-2,150,L08,1-3,0,0
202502021801,2025-02-02,18,1,1-4,330,L01,1-2,0,0
202502021801,2025-02-02,18,1,1-4,330,L08,1-3,0,0
202502021805,2025-02-02,18,5,1-5,2620,L05,1-2,0,0
202502021807,2025-02-02,18,7,1-6,1980,L05,1-2,0,0
202502021811,2025-02-02,18,11,1-6,2260,L08,1-3,0,0
202502021812,2025-02-02,18,12,1-2,200,L01,1-2,1,200
202502021904,2025-02-02,19,4,6-1,470,L01,1-2,0,0
202502021907,2025-02-02,19,7,1-4,790,L01,1-2,0,0
202502021907,2025-02-02,19,7,1-4,790,L08,1-3,0,0
202502021910,2025-02-02,19,10,1-2,320,L06,1-2,1,320
202502021912,2025-02-02,19,12,3-2,1120,L01,1-2,0,0
202502022001,2025-02-02,20,1,1-3,620,L01,1-2,0,0
202502022003,2025-02-02,20,3,3-1,650,L06,1-2,0,0
202502022005,2025-02-02,20,5,1-2,230,L01,1-2,1,230
202502022006,2025-02-02,20,6,1-3,460,L06,1-2,0,0
202502022007,2025-02-02,20,7,2-1,250,L01,1-2,0,0
202502022009,2025-02-02,20,9,1-2,420,L01,1-2,1,420
202502022011,2025-02-02,20,11,1-4,240,L01,1-2,0,0
202502022011,2025-02-02,20,11,1-4,240,L08,1-3,0,0
202502022012,2025-02-02,20,12,1-3,210,L03,1-3,1,210
202502022301,2025-02-02,23,1,4-5,1580,L10,1-3,0,0
202502022306,2025-02-02,23,6,1-2,510,L06,1-2,1,510
202502022307,2025-02-02,23,7,1-2,1230,L01,1-2,1,1230
202502022307,2025-02-02,23,7,1-2,1230,L08,1-3,0,0
202502022312,2025-02-02,23,12,1-5,1410,L06,1-2,0,0
202502030101,2025-02-03,01,1,3-2,2020,L07,1-3,0,0
202502030105,2025-02-03,01,5,1-4,410,L06,1-2,0,0
202502030106,2025-02-03,01,6,1-2,240,L01,1-2,1,240
202502030108,2025-02-03,01,8,1-2,270,L08,1-3,0,0
202502030109,2025-02-03,01,9,1-4,1580,L02,1-2,0,0
202502030112,2025-02-03,01,12,1-2,310,L02,1-2,1,310
202502030112,2025-02-03,01,12,1-2,310,L03,1-3,0,0
202502030202,2025-02-03,02,2,2-3,1610,L07,1-3,0,0
202502030205,2025-02-03,02,5,4-2,1140,L05,1-2,0,0
202502030207,2025-02-03,02,7,1-2,220,L03,1-3,0,0
202502030208,2025-02-03,02,8,2-1,1270,L05,1-2,0,0
202502030209,2025-02-03,02,9,4-5,4880,L01,1-2,0,0
202502030210,2025-02-03,02,10,1-5,990,L03,1-3,0,0
202502030211,2025-02-03,02,11,1-2,320,L01,1-2,1,320
202502030401,2025-02-03,04,1,1-5,410,L01,1-2,0,0
202502030403,2025-02-03,04,3,6-3,3450,L01,1-2,0,0
202502030411,2025-02-03,04,11,2-1,1340,L01,1-2,0,0
202502030601,2025-02-03,06,1,1-4,1220,L02,1-2,0,0
202502030601,2025-02-03,06,1,1-4,1220,L08,1-3,0,0
202502030602,2025-02-03,06,2,1-6,820,L03,1-3,0,0
202502030604,2025-02-03,06,4,1-6,380,L06,1-2,0,0
202502030605,2025-02-03,06,5,1-3,270,L03,1-3,1,270
202502030606,2025-02-03,06,6,1-5,390,L01,1-2,0,0
202502030607,2025-02-03,06,7,1-3,190,L01,1-2,0,0
202502030607,2025-02-03,06,7,1-3,190,L09,1-3,1,190
202502030608,2025-02-03,06,8,5-3,3970,L03,1-3,0,0
202502030610,2025-02-03,06,10,1-3,780,L01,1-2,0,0
202502030611,2025-02-03,06,11,1-2,350,L01,1-2,1,350
202502030611,2025-02-03,06,11,1-2,350,L08,1-3,0,0
202502030612,2025-02-03,06,12,1-2,230,L02,1-2,1,230
202502030706,2025-02-03,07,6,5-1,2270,L01,1-2,0,0
202502030707,2025-02-03,07,7,1-3,350,L03,1-3,1,350
202502030712,2025-02-03,07,12,1-2,370,L01,1-2,1,370
202502030712,2025-02-03,07,12,1-2,370,L08,1-3,0,0
202502030805,2025-02-03,08,5,1-2,800,L03,1-3,0,0
202502030806,2025-02-03,08,6,2-1,950,L05,1-2,0,0
202502030808,2025-02-03,08,8,5-2,650,L05,1-2,0,0
202502030811,2025-02-03,08,11,1-3,460,L06,1-2,0,0
202502030901,2025-02-03,09,1,3-1,960,L03,1-3,0,0
202502030902,2025-02-03,09,2,3-1,1280,L03,1-3,0,0
202502030903,2025-02-03,09,3,2-1,1490,L06,1-2,0,0
202502030904,2025-02-03,09,4,1-3,500,L05,1-2,0,0
202502030907,2025-02-03,09,7,1-6,670,L01,1-2,0,0
202502030908,2025-02-03,09,8,1-2,270,L02,1-2,1,270
202502030910,2025-02-03,09,10,1-4,400,L05,1-2,0,0
202502030912,2025-02-03,09,12,1-3,300,L01,1-2,0,0
202502031006,2025-02-03,10,6,2-1,960,L01,1-2,0,0
202502031010,2025-02-03,10,10,1-2,250,L01,1-2,1,250
202502031102,2025-02-03,11,2,3-1,1260,L06,1-2,0,0
202502031103,2025-02-03,11,3,1-2,310,L02,1-2,1,310
202502031103,2025-02-03,11,3,1-2,310,L03,1-3,0,0
202502031105,2025-02-03,11,5,1-2,180,L01,1-2,1,180
202502031108,2025-02-03,11,8,1-2,330,L03,1-3,0,0
202502031111,2025-02-03,11,11,1-4,320,L02,1-2,0,0
202502031111,2025-02-03,11,11,1-4,320,L03,1-3,0,0
202502031112,2025-02-03,11,12,1-2,290,L08,1-3,0,0
202502031201,2025-02-03,12,1,1-3,310,L06,1-2,0,0
202502031204,2025-02-03,12,4,1-6,3030,L01,1-2,0,0
202502031204,2025-02-03,12,4,1-6,3030,L08,1-3,0,0
202502031206,2025-02-03,12,6,1-3,1290,L10,1-3,1,1290
202502031210,2025-02-03,12,10,4-2,1970,L01,1-2,0,0
202502031212,2025-02-03,12,12,1-3,350,L05,1-2,0,0
202502031401,2025-02-03,14,1,1-3,290,L08,1-3,1,290
202502031403,2025-02-03,14,3,1-6,2890,L01,1-2,0,0
202502031408,2025-02-03,14,8,1-3,540,L01,1-2,0,0
202502031411,2025-02-03,14,11,1-6,960,L03,1-3,0,0
202502031412,2025-02-03,14,12,2-1,670,L10,1-3,0,0
202502031604,2025-02-03,16,4,1-3,2080,L06,1-2,0,0
202502031605,2025-02-03,16,5,1-2,330,L06,1-2,1,330
202502031605,2025-02-03,16,5,1-2,330,L07,1-3,0,0
202502031606,2025-02-03,16,6,1-2,140,L06,1-2,1,140
202502031608,2025-02-03,16,8,1-2,300,L01,1-2,1,300
202502031609,2025-02-03,16,9,1-2,380,L05,1-2,1,380
202502031610,2025-02-03,16,10,6-1,3880,L01,1-2,0,0
202502031610,2025-02-03,16,10,6-1,3880,L08,1-3,0,0
202502031611,2025-02-03,16,11,1-4,330,L05,1-2,0,0
202502031901,2025-02-03,19,1,2-1,2880,L05,1-2,0,0
202502031902,2025-02-03,19,2,1-5,1020,L06,1-2,0,0
202502031903,2025-02-03,19,3,2-1,320,L05,1-2,0,0
202502031905,2025-02-03,19,5,1-5,860,L01,1-2,0,0
202502031905,2025-02-03,19,5,1-5,860,L08,1-3,0,0
202502031907,2025-02-03,19,7,1-3,1060,L01,1-2,0,0
202502031908,2025-02-03,19,8,1-2,200,L02,1-2,1,200
202502031908,2025-02-03,19,8,1-2,200,L03,1-3,0,0
202502031909,2025-02-03,19,9,1-5,1410,L03,1-3,0,0
202502032003,2025-02-03,20,3,2-3,510,L02,1-2,0,0
202502032003,2025-02-03,20,3,2-3,510,L03,1-3,0,0
202502032004,2025-02-03,20,4,5-2,16370,L05,1-2,0,0
202502032005,2025-02-03,20,5,1-4,1490,L06,1-2,0,0
202502032010,2025-02-03,20,10,1-2,310,L06,1-2,1,310
202502032011,2025-02-03,20,11,1-2,290,L01,1-2,1,290
202502032011,2025-02-03,20,11,1-2,290,L08,1-3,0,0
202502032304,2025-02-03,23,4,4-3,1670,L03,1-3,0,0
202502032305,2025-02-03,23,5,1-3,180,L01,1-2,0,0
202502032305,2025-02-03,23,5,1-3,180,L09,1-3,1,180
202502032306,2025-02-03,23,6,2-3,520,L06,1-2,0,0
202502032307,2025-02-03,23,7,3-2,1640,L02,1-2,0,0
202502032307,2025-02-03,23,7,3-2,1640,L09,1-3,0,0
202502032312,2025-02-03,23,12,2-3,730,L06,1-2,0,0
202502040103,2025-02-04,01,3,1-3,1890,L03,1-3,1,1890
202502040106,2025-02-04,01,6,1-4,400,L10,1-3,0,0
202502040109,2025-02-04,01,9,1-3,730,L06,1-2,0,0
202502040111,2025-02-04,01,11,1-3,250,L01,1-2,0,0
202502040112,2025-02-04,01,12,1-3,490,L06,1-2,0,0
202502040202,2025-02-04,02,2,3-2,750,L06,1-2,0,0
202502040204,2025-02-04,02,4,2-4,820,L02,1-2,0,0
202502040204,2025-02-04,02,4,2-4,820,L03,1-3,0,0
202502040207,2025-02-04,02,7,1-2,360,L01,1-2,1,360
202502040209,2025-02-04,02,9,1-3,950,L06,1-2,0,0
202502040301,2025-02-04,03,1,1-6,4760,L03,1-3,0,0
202502040302,2025-02-04,03,2,1-5,1450,L01,1-2,0,0
202502040307,2025-02-04,03,7,1-2,300,L01,1-2,1,300
202502040308,2025-02-04,03,8,5-1,1090,L10,1-3,0,0
202502040309,2025-02-04,03,9,1-2,220,L03,1-3,0,0
202502040310,2025-02-04,03,10,1-2,490,L01,1-2,1,490
202502040312,2025-02-04,03,12,2-1,840,L02,1-2,0,0
202502040312,2025-02-04,03,12,2-1,840,L03,1-3,0,0
202502040602,2025-02-04,06,2,2-4,2800,L03,1-3,0,0
202502040603,2025-02-04,06,3,1-2,390,L01,1-2,1,390
202502040604,2025-02-04,06,4,2-1,1100,L01,1-2,0,0
202502040605,2025-02-04,06,5,3-2,7660,L02,1-2,0,0
202502040605,2025-02-04,06,5,3-2,7660,L03,1-3,0,0
202502040608,2025-02-04,06,8,1-4,310,L01,1-2,0,0
202502040612,2025-02-04,06,12,1-2,170,L03,1-3,0,0
202502040702,2025-02-04,07,2,1-4,910,L05,1-2,0,0
202502040703,2025-02-04,07,3,4-1,1520,L05,1-2,0,0
202502040704,2025-02-04,07,4,5-4,6190,L10,1-3,0,0
202502040705,2025-02-04,07,5,1-4,300,L01,1-2,0,0
202502040707,2025-02-04,07,7,4-1,520,L01,1-2,0,0
202502041001,2025-02-04,10,1,3-4,1360,L09,1-3,0,0
202502041006,2025-02-04,10,6,1-2,970,L05,1-2,1,970
202502041007,2025-02-04,10,7,4-5,2280,L08,1-3,0,0
202502041008,2025-02-04,10,8,6-1,4580,L05,1-2,0,0
202502041012,2025-02-04,10,12,2-3,4220,L03,1-3,0,0
202502041101,2025-02-04,11,1,2-6,9710,L01,1-2,0,0
202502041102,2025-02-04,11,2,1-6,640,L03,1-3,0,0
202502041104,2025-02-04,11,4,1-3,750,L01,1-2,0,0
202502041105,2025-02-04,11,5,3-1,3060,L03,1-3,0,0
202502041106,2025-02-04,11,6,6-1,1080,L01,1-2,0,0
202502041106,2025-02-04,11,6,6-1,1080,L08,1-3,0,0
202502041110,2025-02-04,11,10,1-2,180,L06,1-2,1,180
202502041111,2025-02-04,11,11,1-3,430,L03,1-3,1,430
202502041112,2025-02-04,11,12,1-3,250,L01,1-2,0,0
202502041504,2025-02-04,15,4,2-1,1040,L05,1-2,0,0
202502041506,2025-02-04,15,6,4-2,5590,L05,1-2,0,0
202502041507,2025-02-04,15,7,1-4,720,L01,1-2,0,0
202502041509,2025-02-04,15,9,1-3,290,L03,1-3,1,290
202502041511,2025-02-04,15,11,4-5,2180,L05,1-2,0,0
202502041512,2025-02-04,15,12,1-5,890,L03,1-3,0,0
202502041602,2025-02-04,16,2,3-1,900,L02,1-2,0,0
202502041602,2025-02-04,16,2,3-1,900,L03,1-3,0,0
202502041603,2025-02-04,16,3,1-4,2330,L03,1-3,0,0
202502041605,2025-02-04,16,5,3-1,2140,L09,1-3,0,0
202502041606,2025-02-04,16,6,3-2,1100,L01,1-2,0,0
202502041606,2025-02-04,16,6,3-2,1100,L09,1-3,0,0
202502041612,2025-02-04,16,12,1-3,340,L03,1-3,1,340
202502042001,2025-02-04,20,1,2-1,790,L03,1-3,0,0
202502042003,2025-02-04,20,3,4-5,1830,L05,1-2,0,0
202502042004,2025-02-04,20,4,5-3,480,L06,1-2,0,0
202502042004,2025-02-04,20,4,5-3,480,L07,1-3,0,0
202502042005,2025-02-04,20,5,1-3,490,L06,1-2,0,0
202502042007,2025-02-04,20,7,3-5,3460,L01,1-2,0,0
202502042007,2025-02-04,20,7,3-5,3460,L08,1-3,0,0
202502042008,2025-02-04,20,8,1-2,270,L01,1-2,1,270
202502042010,2025-02-04,20,10,1-5,390,L05,1-2,0,0
202502042101,2025-02-04,21,1,1-3,680,L10,1-3,1,680
202502042102,2025-02-04,21,2,2-1,1560,L01,1-2,0,0
202502042104,2025-02-04,21,4,1-5,560,L08,1-3,0,0
202502042105,2025-02-04,21,5,1-2,850,L01,1-2,1,850
202502042106,2025-02-04,21,6,5-3,4190,L10,1-3,0,0
202502042108,2025-02-04,21,8,2-1,710,L02,1-2,0,0
202502042109,2025-02-04,21,9,2-1,4490,L07,1-3,0,0
202502042111,2025-02-04,21,11,1-4,980,L02,1-2,0,0
202502042111,2025-02-04,21,11,1-4,980,L03,1-3,0,0
202502042306,2025-02-04,23,6,1-4,300,L01,1-2,0,0
202502042306,2025-02-04,23,6,1-4,300,L08,1-3,0,0
202502042307,2025-02-04,23,7,1-5,1970,L03,1-3,0,0
202502042308,2025-02-04,23,8,4-5,1480,L02,1-2,0,0
202502042308,2025-02-04,23,8,4-5,1480,L08,1-3,0,0
202502042309,2025-02-04,23,9,1-3,370,L06,1-2,0,0
202502042309,2025-02-04,23,9,1-3,370,L07,1-3,1,370
202502042310,2025-02-04,23,10,1-5,410,L08,1-3,0,0
202502042312,2025-02-04,23,12,1-2,250,L01,1-2,1,250
202502050105,2025-02-05,01,5,3-2,11970,L02,1-2,0,0
202502050105,2025-02-05,01,5,3-2,11970,L03,1-3,0,0
202502050106,2025-02-05,01,6,1-3,650,L06,1-2,0,0
202502050109,2025-02-05,01,9,1-4,680,L05,1-2,0,0
202502050112,2025-02-05,01,12,1-3,290,L01,1-2,0,0
202502050202,2025-02-05,02,2,1-2,440,L06,1-2,1,440
202502050204,2025-02-05,02,4,4-2,950,L05,1-2,0,0
202502050208,2025-02-05,02,8,2-6,2660,L06,1-2,0,0
202502050211,2025-02-05,02,11,1-2,440,L01,1-2,1,440
202502050212,2025-02-05,02,12,1-2,290,L01,1-2,1,290
202502050303,2025-02-05,03,3,3-4,5050,L01,1-2,0,0
202502050303,2025-02-05,03,3,3-4,5050,L08,1-3,0,0
202502050305,2025-02-05,03,5,2-6,3090,L03,1-3,0,0
202502050306,2025-02-05,03,6,3-1,930,L03,1-3,0,0
202502050308,2025-02-05,03,8,2-1,690,L01,1-2,0,0
202502050308,2025-02-05,03,8,2-1,690,L09,1-3,0,0
202502050311,2025-02-05,03,11,3-1,570,L01,1-2,0,0
202502050312,2025-02-05,03,12,1-2,270,L10,1-3,0,0
202502051002,2025-02-05,10,2,1-3,380,L02,1-2,0,0
202502051003,2025-02-05,10,3,1-3,880,L06,1-2,0,0
202502051105,2025-02-05,11,5,3-5,1590,L02,1-2,0,0
202502051105,2025-02-05,11,5,3-5,1590,L03,1-3,0,0
202502051111,2025-02-05,11,11,2-3,4530,L06,1-2,0,0
202502051601,2025-02-05,16,1,1-2,220,L06,1-2,1,220
202502051603,2025-02-05,16,3,1-3,360,L03,1-3,1,360
202502051604,2025-02-05,16,4,1-3,240,L01,1-2,0,0
202502051604,2025-02-05,16,4,1-3,240,L08,1-3,1,240
202502051606,2025-02-05,16,6,1-2,460,L01,1-2,1,460
202502051610,2025-02-05,16,10,1-2,420,L01,1-2,1,420
202502051611,2025-02-05,16,11,5-1,1510,L02,1-2,0,0
202502051611,2025-02-05,16,11,5-1,1510,L03,1-3,0,0
202502051612,2025-02-05,16,12,1-3,650,L03,1-3,1,650
202502051701,2025-02-05,17,1,1-6,740,L03,1-3,0,0
202502051703,2025-02-05,17,3,3-2,4790,L01,1-2,0,0
202502051703,2025-02-05,17,3,3-2,4790,L08,1-3,0,0
202502051708,2025-02-05,17,8,1-2,380,L06,1-2,1,380
202502051709,2025-02-05,17,9,3-1,880,L01,1-2,0,0
202502051709,2025-02-05,17,9,3-1,880,L08,1-3,0,0
202502052101,2025-02-05,21,1,1-3,330,L05,1-2,0,0
202502052103,2025-02-05,21,3,1-5,1820,L01,1-2,0,0
202502052105,2025-02-05,21,5,1-6,1280,L02,1-2,0,0
202502052106,2025-02-05,21,6,4-2,3000,L01,1-2,0,0
202502052107,2025-02-05,21,7,2-1,1930,L08,1-3,0,0
202502052110,2025-02-05,21,10,1-4,880,L06,1-2,0,0
202502052301,2025-02-05,23,1,1-6,550,L06,1-2,0,0
202502052304,2025-02-05,23,4,1-4,2070,L01,1-2,0,0
202502052305,2025-02-05,23,5,1-6,2060,L05,1-2,0,0
202502052308,2025-02-05,23,8,1-3,370,L09,1-3,1,370
202502052309,2025-02-05,23,9,2-1,690,L05,1-2,0,0
202502060204,2025-02-06,02,4,3-2,1880,L06,1-2,0,0
202502060204,2025-02-06,02,4,3-2,1880,L07,1-3,0,0
202502060206,2025-02-06,02,6,1-3,540,L06,1-2,0,0
202502060207,2025-02-06,02,7,1-5,520,L02,1-2,0,0
202502060207,2025-02-06,02,7,1-5,520,L03,1-3,0,0
202502060208,2025-02-06,02,8,2-1,730,L01,1-2,0,0
202502060210,2025-02-06,02,10,1-4,630,L06,1-2,0,0
202502060302,2025-02-06,03,2,1-2,1450,L05,1-2,1,1450
202502060304,2025-02-06,03,4,1-2,3430,L05,1-2,1,3430
202502060305,2025-02-06,03,5,4-6,2750,L10,1-3,0,0
202502060306,2025-02-06,03,6,1-3,1450,L01,1-2,0,0
202502060306,2025-02-06,03,6,1-3,1450,L08,1-3,1,1450
202502060307,2025-02-06,03,7,1-2,290,L08,1-3,0,0
202502060309,2025-02-06,03,9,4-2,2790,L01,1-2,0,0
202502061001,2025-02-06,10,1,1-2,290,L01,1-2,1,290
202502061001,2025-02-06,10,1,1-2,290,L08,1-3,0,0
202502061004,2025-02-06,10,4,1-2,400,L07,1-3,0,0
202502061006,2025-02-06,10,6,2-1,690,L01,1-2,0,0
202502061007,2025-02-06,10,7,1-2,530,L01,1-2,1,530
202502061010,2025-02-06,10,10,1-6,1860,L03,1-3,0,0
202502061011,2025-02-06,10,11,1-2,360,L03,1-3,0,0
202502061201,2025-02-06,12,1,1-5,640,L10,1-3,0,0
202502061207,2025-02-06,12,7,1-3,1390,L05,1-2,0,0
202502061210,2025-02-06,12,10,4-3,2140,L10,1-3,0,0
202502061211,2025-02-06,12,11,2-1,990,L01,1-2,0,0
202502061502,2025-02-06,15,2,2-1,990,L05,1-2,0,0
202502061503,2025-02-06,15,3,1-2,540,L01,1-2,1,540
202502061503,2025-02-06,15,3,1-2,540,L08,1-3,0,0
202502061504,2025-02-06,15,4,6-1,1430,L05,1-2,0,0
202502061505,2025-02-06,15,5,1-2,310,L03,1-3,0,0
202502061508,2025-02-06,15,8,1-2,370,L01,1-2,1,370
202502061510,2025-02-06,15,10,1-2,230,L08,1-3,0,0
202502061512,2025-02-06,15,12,1-2,260,L08,1-3,0,0
202502061601,2025-02-06,16,1,1-3,240,L05,1-2,0,0
202502061603,2025-02-06,16,3,2-4,1300,L01,1-2,0,0
202502061605,2025-02-06,16,5,3-1,1400,L03,1-3,0,0
202502061606,2025-02-06,16,6,3-2,2180,L01,1-2,0,0
202502061606,2025-02-06,16,6,3-2,2180,L09,1-3,0,0
202502061608,2025-02-06,16,8,2-1,1030,L06,1-2,0,0
202502061609,2025-02-06,16,9,2-5,2850,L01,1-2,0,0
202502061609,2025-02-06,16,9,2-5,2850,L09,1-3,0,0
202502061610,2025-02-06,16,10,5-1,2140,L08,1-3,0,0
202502061704,2025-02-06,17,4,1-2,340,L01,1-2,1,340
202502061704,2025-02-06,17,4,1-2,340,L10,1-3,0,0
202502061707,2025-02-06,17,7,4-2,3950,L03,1-3,0,0
202502061710,2025-02-06,17,10,6-1,3550,L05,1-2,0,0
202502062003,2025-02-06,20,3,1-3,850,L07,1-3,1,850
202502062004,2025-02-06,20,4,6-1,1670,L06,1-2,0,0
202502062008,2025-02-06,20,8,1-3,240,L05,1-2,0,0
202502062010,2025-02-06,20,10,4-3,7870,L06,1-2,0,0
202502062012,2025-02-06,20,12,2-5,5300,L10,1-3,0,0
202502062101,2025-02-06,21,1,1-2,450,L02,1-2,1,450
202502062101,2025-02-06,21,1,1-2,450,L10,1-3,0,0
202502062107,2025-02-06,21,7,1-4,390,L06,1-2,0,0
202502062109,2025-02-06,21,9,1-3,230,L02,1-2,0,0
202502062109,2025-02-06,21,9,1-3,230,L03,1-3,1,230
202502062301,2025-02-06,23,1,2-1,850,L01,1-2,0,0
202502062302,2025-02-06,23,2,2-3,1210,L01,1-2,0,0
202502062302,2025-02-06,23,2,2-3,1210,L08,1-3,0,0
202502062303,2025-02-06,23,3,1-2,330,L05,1-2,1,330
202502062304,2025-02-06,23,4,1-2,330,L02,1-2,1,330
202502062308,2025-02-06,23,8,1-4,440,L01,1-2,0,0
202502062310,2025-02-06,23,10,1-3,690,L01,1-2,0,0
202502062310,2025-02-06,23,10,1-3,690,L08,1-3,1,690
202502062311,2025-02-06,23,11,1-3,300,L01,1-2,0,0
202502070301,2025-02-07,03,1,1-3,580,L01,1-2,0,0
202502070304,2025-02-07,03,4,2-5,1600,L10,1-3,0,0
202502070305,2025-02-07,03,5,1-4,290,L01,1-2,0,0
202502070306,2025-02-07,03,6,6-1,13960,L01,1-2,0,0
202502070309,2025-02-07,03,9,1-4,740,L01,1-2,0,0
202502070310,2025-02-07,03,10,1-6,2350,L03,1-3,0,0
202502070701,2025-02-07,07,1,1-3,320,L01,1-2,0,0
202502070704,2025-02-07,07,4,3-1,640,L01,1-2,0,0
202502070704,2025-02-07,07,4,3-1,640,L09,1-3,0,0
202502070708,2025-02-07,07,8,1-3,190,L01,1-2,0,0
202502070709,2025-02-07,07,9,1-2,280,L01,1-2,1,280
202502070709,2025-02-07,07,9,1-2,280,L08,1-3,0,0
202502070711,2025-02-07,07,11,1-3,310,L01,1-2,0,0
202502070711,2025-02-07,07,11,1-3,310,L09,1-3,1,310
202502070712,2025-02-07,07,12,1-5,1550,L01,1-2,0,0
202502070901,2025-02-07,09,1,1-3,710,L01,1-2,0,0
202502070904,2025-02-07,09,4,1-3,390,L01,1-2,0,0
202502070905,2025-02-07,09,5,1-5,1440,L03,1-3,0,0
202502070908,2025-02-07,09,8,3-1,1420,L03,1-3,0,0
202502070912,2025-02-07,09,12,1-3,210,L01,1-2,0,0
202502071005,2025-02-07,10,5,1-2,220,L01,1-2,1,220
202502071005,2025-02-07,10,5,1-2,220,L08,1-3,0,0
202502071006,2025-02-07,10,6,1-2,330,L05,1-2,1,330
202502071007,2025-02-07,10,7,2-1,2200,L01,1-2,0,0
202502071010,2025-02-07,10,10,1-4,700,L01,1-2,0,0
202502071012,2025-02-07,10,12,1-2,220,L01,1-2,1,220
202502071012,2025-02-07,10,12,1-2,220,L08,1-3,0,0
202502071201,2025-02-07,12,1,2-1,920,L03,1-3,0,0
202502071202,2025-02-07,12,2,1-4,460,L05,1-2,0,0
202502071206,2025-02-07,12,6,1-2,540,L06,1-2,1,540
202502071207,2025-02-07,12,7,1-5,820,L10,1-3,0,0
202502071209,2025-02-07,12,9,2-3,780,L01,1-2,0,0
202502071210,2025-02-07,12,10,6-3,3440,L06,1-2,0,0
202502071403,2025-02-07,14,3,1-4,950,L01,1-2,0,0
202502071406,2025-02-07,14,6,4-3,4770,L06,1-2,0,0
202502071407,2025-02-07,14,7,3-1,2090,L01,1-2,0,0
202502071408,2025-02-07,14,8,3-2,1590,L01,1-2,0,0
202502071408,2025-02-07,14,8,3-2,1590,L09,1-3,0,0
202502071409,2025-02-07,14,9,1-5,630,L09,1-3,0,0
202502071411,2025-02-07,14,11,5-1,2300,L01,1-2,0,0
202502071411,2025-02-07,14,11,5-1,2300,L09,1-3,0,0
202502071412,2025-02-07,14,12,3-2,2660,L05,1-2,0,0
202502071502,2025-02-07,15,2,2-5,3330,L05,1-2,0,0
202502071503,2025-02-07,15,3,1-3,740,L05,1-2,0,0
202502071601,2025-02-07,16,1,1-3,350,L01,1-2,0,0
202502071601,2025-02-07,16,1,1-3,350,L08,1-3,1,350
202502071602,2025-02-07,16,2,2-6,4740,L06,1-2,0,0
202502071603,2025-02-07,16,3,4-5,530,L05,1-2,0,0
202502071603,2025-02-07,16,3,4-5,530,L10,1-3,0,0
202502071604,2025-02-07,16,4,4-1,2340,L05,1-2,0,0
202502071605,2025-02-07,16,5,1-3,550,L03,1-3,1,550
202502071606,2025-02-07,16,6,1-2,160,L01,1-2,1,160
202502071609,2025-02-07,16,9,4-2,2440,L05,1-2,0,0
202502071704,2025-02-07,17,4,3-4,2970,L03,1-3,0,0
202502071707,2025-02-07,17,7,2-3,440,L05,1-2,0,0
202502071709,2025-02-07,17,9,1-2,470,L02,1-2,1,470
202502071709,2025-02-07,17,9,1-2,470,L03,1-3,0,0
202502071710,2025-02-07,17,10,4-5,420,L01,1-2,0,0
202502071712,2025-02-07,17,12,1-3,190,L01,1-2,0,0
202502071712,2025-02-07,17,12,1-3,190,L08,1-3,1,190
202502072101,2025-02-07,21,1,1-3,310,L03,1-3,1,310
202502072103,2025-02-07,21,3,1-5,600,L02,1-2,0,0
202502072103,2025-02-07,21,3,1-5,600,L03,1-3,0,0
202502072107,2025-02-07,21,7,2-1,570,L10,1-3,0,0
202502072108,2025-02-07,21,8,2-3,1880,L06,1-2,0,0
202502072108,2025-02-07,21,8,2-3,1880,L07,1-3,0,0
202502072109,2025-02-07,21,9,1-2,270,L06,1-2,1,270
202502072110,2025-02-07,21,10,2-3,2070,L01,1-2,0,0
202502072111,2025-02-07,21,11,2-1,760,L01,1-2,0,0
202502072111,2025-02-07,21,11,2-1,760,L08,1-3,0,0
202502080302,2025-02-08,03,2,1-5,2020,L10,1-3,0,0
202502080305,2025-02-08,03,5,1-5,510,L10,1-3,0,0
202502080307,2025-02-08,03,7,4-2,1790,L05,1-2,0,0
202502080309,2025-02-08,03,9,1-3,850,L01,1-2,0,0
202502080309,2025-02-08,03,9,1-3,850,L08,1-3,1,850
202502080701,2025-02-08,07,1,3-2,1270,L03,1-3,0,0
202502080703,2025-02-08,07,3,1-3,660,L01,1-2,0,0
202502080704,2025-02-08,07,4,1-4,2000,L01,1-2,0,0
202502080704,2025-02-08,07,4,1-4,2000,L08,1-3,0,0
202502080705,2025-02-08,07,5,1-6,540,L08,1-3,0,0
202502080706,2025-02-08,07,6,3-1,710,L06,1-2,0,0
202502080712,2025-02-08,07,12,1-5,440,L08,1-3,0,0
202502080801,2025-02-08,08,1,3-1,870,L03,1-3,0,0
202502080802,2025-02-08,08,2,5-3,1770,L01,1-2,0,0
202502080802,2025-02-08,08,2,5-3,1770,L08,1-3,0,0
202502080806,2025-02-08,08,6,2-3,4800,L06,1-2,0,0
202502080810,2025-02-08,08,10,1-2,570,L01,1-2,1,570
202502080810,2025-02-08,08,10,1-2,570,L08,1-3,0,0
202502080811,2025-02-08,08,11,1-3,650,L03,1-3,1,650
202502080901,2025-02-08,09,1,1-2,260,L02,1-2,1,260
202502080901,2025-02-08,09,1,1-2,260,L03,1-3,0,0
202502081003,2025-02-08,10,3,1-2,280,L03,1-3,0,0
202502081006,2025-02-08,10,6,3-6,1480,L03,1-3,0,0
202502081007,2025-02-08,10,7,2-1,880,L02,1-2,0,0
202502081008,2025-02-08,10,8,1-5,1100,L03,1-3,0,0
202502081011,2025-02-08,10,11,3-1,2570,L03,1-3,0,0
202502081202,2025-02-08,12,2,1-3,1750,L01,1-2,0,0
202502081202,2025-02-08,12,2,1-3,1750,L08,1-3,1,1750
202502081203,2025-02-08,12,3,1-4,1640,L01,1-2,0,0
202502081203,2025-02-08,12,3,1-4,1640,L08,1-3,0,0
202502081204,2025-02-08,12,4,4-2,1500,L06,1-2,0,0
202502081204,2025-02-08,12,4,4-2,1500,L07,1-3,0,0
202502081209,2025-02-08,12,9,2-1,340,L02,1-2,0,0
202502081209,2025-02-08,12,9,2-1,340,L03,1-3,0,0
202502081210,2025-02-08,12,10,2-3,900,L06,1-2,0,0
202502081401,2025-02-08,14,1,2-4,5480,L10,1-3,0,0
202502081402,2025-02-08,14,2,3-2,1400,L01,1-2,0,0
202502081403,2025-02-08,14,3,2-3,620,L01,1-2,0,0
202502081411,2025-02-08,14,11,1-3,820,L06,1-2,0,0
202502081411,2025-02-08,14,11,1-3,820,L07,1-3,1,820
202502081503,2025-02-08,15,3,1-2,710,L02,1-2,1,710
202502081503,2025-02-08,15,3,1-2,710,L03,1-3,0,0
202502081505,2025-02-08,15,5,4-2,790,L06,1-2,0,0
202502081507,2025-02-08,15,7,2-1,1940,L03,1-3,0,0
202502081701,2025-02-08,17,1,1-2,530,L01,1-2,1,530
202502081703,2025-02-08,17,3,5-3,590,L01,1-2,0,0
202502081703,2025-02-08,17,3,5-3,590,L08,1-3,0,0
202502081704,2025-02-08,17,4,1-2,720,L03,1-3,0,0
202502081705,2025-02-08,17,5,1-2,340,L02,1-2,1,340
202502081705,2025-02-08,17,5,1-2,340,L08,1-3,0,0
202502081707,2025-02-08,17,7,6-5,7060,L01,1-2,0,0
202502081707,2025-02-08,17,7,6-5,7060,L08,1-3,0,0
202502081708,2025-02-08,17,8,1-3,260,L01,1-2,0,0
202502081708,2025-02-08,17,8,1-3,260,L09,1-3,1,260
202502081709,2025-02-08,17,9,2-1,1160,L06,1-2,0,0
202502081710,2025-02-08,17,10,3-2,1140,L05,1-2,0,0
202502081801,2025-02-08,18,1,5-1,2970,L08,1-3,0,0
202502081803,2025-02-08,18,3,1-2,710,L06,1-2,1,710
202502081807,2025-02-08,18,7,5-1,2000,L01,1-2,0,0
202502081807,2025-02-08,18,7,5-1,2000,L09,1-3,0,0
202502081812,2025-02-08,18,12,1-2,380,L06,1-2,1,380
202502082101,2025-02-08,21,1,2-1,570,L10,1-3,0,0
202502082102,2025-02-08,21,2,2-1,770,L01,1-2,0,0
202502082104,2025-02-08,21,4,1-4,380,L10,1-3,0,0
202502082105,2025-02-08,21,5,4-2,7100,L01,1-2,0,0
202502082108,2025-02-08,21,8,3-2,1560,L05,1-2,0,0
202502082109,2025-02-08,21,9,1-2,560,L06,1-2,1,560
202502082109,2025-02-08,21,9,1-2,560,L07,1-3,0,0
202502082111,2025-02-08,21,11,5-3,8260,L06,1-2,0,0
202502082112,2025-02-08,21,12,3-1,1110,L10,1-3,0,0
202502090206,2025-02-09,02,6,3-4,6610,L02,1-2,0,0
202502090206,2025-02-09,02,6,3-4,6610,L03,1-3,0,0
202502090207,2025-02-09,02,7,4-2,4470,L01,1-2,0,0
202502090209,2025-02-09,02,9,4-3,1970,L01,1-2,0,0
202502090212,2025-02-09,02,12,1-2,220,L01,1-2,1,220
202502090302,2025-02-09,03,2,3-1,600,L03,1-3,0,0
202502090304,2025-02-09,03,4,1-4,1460,L05,1-2,0,0
202502090306,2025-02-09,03,6,1-3,390,L07,1-3,1,390
202502090307,2025-02-09,03,7,3-5,7680,L01,1-2,0,0
202502090307,2025-02-09,03,7,3-5,7680,L08,1-3,0,0
202502090308,2025-02-09,03,8,2-1,1350,L01,1-2,0,0
202502090311,2025-02-09,03,11,6-1,5970,L10,1-3,0,0
202502090602,2025-02-09,06,2,4-3,3260,L05,1-2,0,0
202502090603,2025-02-09,06,3,1-6,660,L01,1-2,0,0
202502090605,2025-02-09,06,5,1-3,630,L08,1-3,1,630
202502090606,2025-02-09,06,6,1-2,730,L01,1-2,1,730
202502090610,2025-02-09,06,10,1-5,1120,L01,1-2,0,0
202502090611,2025-02-09,06,11,1-2,490,L05,1-2,1,490
202502090612,2025-02-09,06,12,2-1,1530,L01,1-2,0,0
202502090612,2025-02-09,06,12,2-1,1530,L08,1-3,0,0
202502090701,2025-02-09,07,1,1-2,520,L01,1-2,1,520
202502090702,2025-02-09,07,2,1-3,810,L06,1-2,0,0
202502090708,2025-02-09,07,8,1-3,400,L01,1-2,0,0
202502090708,2025-02-09,07,8,1-3,400,L08,1-3,1,400
202502090710,2025-02-09,07,10,1-3,210,L02,1-2,0,0
202502090710,2025-02-09,07,10,1-3,210,L03,1-3,1,210
202502090711,2025-02-09,07,11,1-4,230,L05,1-2,0,0
202502090802,2025-02-09,08,2,1-6,1080,L01,1-2,0,0
202502090804,2025-02-09,08,4,1-2,280,L02,1-2,1,280
202502090805,2025-02-09,08,5,1-3,1140,L03,1-3,1,1140
202502090806,2025-02-09,08,6,1-2,560,L08,1-3,0,0
202502090807,2025-02-09,08,7,2-1,1800,L03,1-3,0,0
202502090808,2025-02-09,08,8,1-3,330,L03,1-3,1,330
202502090809,2025-02-09,08,9,1-2,310,L01,1-2,1,310
202502090810,2025-02-09,08,10,1-6,580,L03,1-3,0,0
202502090905,2025-02-09,09,5,2-1,1030,L01,1-2,0,0
202502090907,2025-02-09,09,7,2-1,380,L01,1-2,0,0
202502090911,2025-02-09,09,11,1-2,280,L01,1-2,1,280
202502090911,2025-02-09,09,11,1-2,280,L09,1-3,0,0
202502091102,2025-02-09,11,2,3-1,410,L01,1-2,0,0
202502091103,2025-02-09,11,3,1-3,370,L01,1-2,0,0
202502091110,2025-02-09,11,10,4-1,4870,L05,1-2,0,0
202502091202,2025-02-09,12,2,1-2,400,L10,1-3,0,0
202502091205,2025-02-09,12,5,1-4,1010,L10,1-3,0,0
202502091206,2025-02-09,12,6,1-5,1920,L05,1-2,0,0
202502091211,2025-02-09,12,11,1-2,180,L01,1-2,1,180
202502091211,2025-02-09,12,11,1-2,180,L08,1-3,0,0
202502091401,2025-02-09,14,1,1-4,330,L01,1-2,0,0
202502091402,2025-02-09,14,2,1-2,1180,L05,1-2,1,1180
202502091404,2025-02-09,14,4,1-2,300,L02,1-2,1,300
202502091404,2025-02-09,14,4,1-2,300,L08,1-3,0,0
202502091406,2025-02-09,14,6,6-3,4010,L06,1-2,0,0
202502091502,2025-02-09,15,2,1-3,390,L06,1-2,0,0
202502091506,2025-02-09,15,6,2-6,9020,L06,1-2,0,0
202502091507,2025-02-09,15,7,1-2,390,L02,1-2,1,390
202502091508,2025-02-09,15,8,1-3,300,L03,1-3,1,300
202502091510,2025-02-09,15,10,1-2,220,L08,1-3,0,0
202502091512,2025-02-09,15,12,1-3,330,L01,1-2,0,0
202502091512,2025-02-09,15,12,1-3,330,L09,1-3,1,330
202502091701,2025-02-09,17,1,1-3,460,L01,1-2,0,0
202502091706,2025-02-09,17,6,1-2,380,L06,1-2,1,380
202502091709,2025-02-09,17,9,1-2,400,L01,1-2,1,400
202502091709,2025-02-09,17,9,1-2,400,L08,1-3,0,0
202502091710,2025-02-09,17,10,1-4,730,L06,1-2,0,0
202502091712,2025-02-09,17,12,1-6,1320,L01,1-2,0,0
202502091802,2025-02-09,18,2,2-1,710,L06,1-2,0,0
202502091804,2025-02-09,18,4,1-2,370,L01,1-2,1,370
202502091808,2025-02-09,18,8,1-6,510,L05,1-2,0,0
202502091812,2025-02-09,18,12,1-5,850,L02,1-2,0,0
202502091812,2025-02-09,18,12,1-5,850,L08,1-3,0,0
202502092003,2025-02-09,20,3,4-5,1840,L05,1-2,0,0
202502092004,2025-02-09,20,4,3-2,2560,L01,1-2,0,0
202502092007,2025-02-09,20,7,2-1,360,L05,1-2,0,0
202502092009,2025-02-09,20,9,3-2,2560,L05,1-2,0,0
202502092010,2025-02-09,20,10,2-1,1090,L01,1-2,0,0
202502092102,2025-02-09,21,2,3-1,1160,L08,1-3,0,0
202502092104,2025-02-09,21,4,1-5,520,L01,1-2,0,0
202502092106,2025-02-09,21,6,4-1,2310,L06,1-2,0,0
202502092107,2025-02-09,21,7,4-2,3090,L03,1-3,0,0
202502092110,2025-02-09,21,10,3-1,2490,L06,1-2,0,0
202502092111,2025-02-09,21,11,1-2,390,L01,1-2,1,390
202502092112,2025-02-09,21,12,1-2,350,L08,1-3,0,0
202502100202,2025-02-10,02,2,1-3,390,L03,1-3,1,390
202502100203,2025-02-10,02,3,1-6,3670,L01,1-2,0,0
202502100209,2025-02-10,02,9,3-6,7100,L03,1-3,0,0
202502100212,2025-02-10,02,12,1-3,360,L02,1-2,0,0
202502100601,2025-02-10,06,1,3-2,1810,L01,1-2,0,0
202502100601,2025-02-10,06,1,3-2,1810,L09,1-3,0,0
202502100603,2025-02-10,06,3,1-4,1430,L01,1-2,0,0
202502100603,2025-02-10,06,3,1-4,1430,L08,1-3,0,0
202502100605,2025-02-10,06,5,1-4,460,L05,1-2,0,0
202502100606,2025-02-10,06,6,1-3,1050,L03,1-3,1,1050
202502100607,2025-02-10,06,7,2-1,980,L06,1-2,0,0
202502100608,2025-02-10,06,8,1-2,980,L03,1-3,0,0
202502100610,2025-02-10,06,10,4-1,450,L06,1-2,0,0
202502100610,2025-02-10,06,10,4-1,450,L07,1-3,0,0
202502100612,2025-02-10,06,12,3-6,5630,L05,1-2,0,0
202502100702,2025-02-10,07,2,5-1,3980,L05,1-2,0,0
202502100707,2025-02-10,07,7,3-1,5560,L06,1-2,0,0
202502100709,2025-02-10,07,9,1-2,280,L01,1-2,1,280
202502100711,2025-02-10,07,11,1-2,470,L03,1-3,0,0
202502100712,2025-02-10,07,12,1-6,1710,L02,1-2,0,0
202502100803,2025-02-10,08,3,4-3,2050,L05,1-2,0,0
202502100805,2025-02-10,08,5,2-3,1560,L05,1-2,0,0
202502100807,2025-02-10,08,7,1-2,1140,L01,1-2,1,1140
202502100809,2025-02-10,08,9,2-3,870,L01,1-2,0,0
202502100904,2025-02-10,09,4,2-3,3880,L06,1-2,0,0
202502100908,2025-02-10,09,8,1-3,500,L03,1-3,1,500
202502100909,2025-02-10,09,9,1-3,350,L01,1-2,0,0
202502100909,2025-02-10,09,9,1-3,350,L08,1-3,1,350
202502100910,2025-02-10,09,10,1-2,490,L03,1-3,0,0
202502101101,2025-02-10,11,1,3-5,4770,L01,1-2,0,0
202502101105,2025-02-10,11,5,5-1,5510,L05,1-2,0,0
202502101107,2025-02-10,11,7,3-5,3860,L05,1-2,0,0
202502101109,2025-02-10,11,9,1-2,360,L05,1-2,1,360
202502101110,2025-02-10,11,10,3-2,4170,L09,1-3,0,0
202502101111,2025-02-10,11,11,3-1,600,L01,1-2,0,0
202502101204,2025-02-10,12,4,1-3,800,L02,1-2,0,0
202502101204,2025-02-10,12,4,1-3,800,L08,1-3,1,800
202502101208,2025-02-10,12,8,1-3,330,L01,1-2,0,0
202502101208,2025-02-10,12,8,1-3,330,L10,1-3,1,330
202502101210,2025-02-10,12,10,1-2,390,L06,1-2,1,390
202502101401,2025-02-10,14,1,1-3,290,L01,1-2,0,0
202502101403,2025-02-10,14,3,3-4,2420,L05,1-2,0,0
202502101407,2025-02-10,14,7,1-2,470,L09,1-3,0,0
202502101408,2025-02-10,14,8,4-1,1510,L02,1-2,0,0
202502101408,2025-02-10,14,8,4-1,1510,L08,1-3,0,0
202502101409,2025-02-10,14,9,3-5,1630,L01,1-2,0,0
202502101412,2025-02-10,14,12,4-6,6170,L01,1-2,0,0
202502101501,2025-02-10,15,1,1-5,450,L03,1-3,0,0
202502101502,2025-02-10,15,2,1-4,510,L06,1-2,0,0
202502101506,2025-02-10,15,6,4-1,640,L05,1-2,0,0
202502101509,2025-02-10,15,9,1-2,340,L02,1-2,1,340
202502101510,2025-02-10,15,10,1-2,490,L06,1-2,1,490
202502101511,2025-02-10,15,11,1-3,240,L08,1-3,1,240
202502101606,2025-02-10,16,6,3-2,1320,L01,1-2,0,0
202502101606,2025-02-10,16,6,3-2,1320,L08,1-3,0,0
202502101608,2025-02-10,16,8,2-1,330,L01,1-2,0,0
202502101610,2025-02-10,16,10,1-2,580,L06,1-2,1,580
202502101611,2025-02-10,16,11,5-6,7650,L05,1-2,0,0
202502101612,2025-02-10,16,12,1-4,470,L06,1-2,0,0
202502101807,2025-02-10,18,7,1-3,710,L03,1-3,1,710
202502101808,2025-02-10,18,8,1-2,460,L01,1-2,1,460
202502101808,2025-02-10,18,8,1-2,460,L08,1-3,0,0
202502101809,2025-02-10,18,9,2-1,530,L06,1-2,0,0
202502101810,2025-02-10,18,10,1-3,180,L05,1-2,0,0
202502101811,2025-02-10,18,11,5-2,5710,L02,1-2,0,0
202502101901,2025-02-10,19,1,1-2,620,L10,1-3,0,0
202502101902,2025-02-10,19,2,1-2,400,L06,1-2,1,400
202502101904,2025-02-10,19,4,4-6,1780,L06,1-2,0,0
202502101905,2025-02-10,19,5,1-5,750,L08,1-3,0,0
202502101908,2025-02-10,19,8,1-2,240,L08,1-3,0,0
202502101911,2025-02-10,19,11,1-4,420,L03,1-3,0,0
202502102007,2025-02-10,20,7,1-5,360,L01,1-2,0,0
202502102007,2025-02-10,20,7,1-5,360,L08,1-3,0,0
202502102008,2025-02-10,20,8,1-5,680,L01,1-2,0,0
202502102010,2025-02-10,20,10,1-2,210,L05,1-2,1,210
202502102012,2025-02-10,20,12,1-3,590,L01,1-2,0,0
202502102305,2025-02-10,23,5,3-4,1590,L03,1-3,0,0
202502102308,2025-02-10,23,8,2-6,1540,L05,1-2,0,0
202502102310,2025-02-10,23,10,1-3,450,L02,1-2,0,0
202502102312,2025-02-10,23,12,1-2,240,L06,1-2,1,240
202502102401,2025-02-10,24,1,1-3,420,L06,1-2,0,0
202502102403,2025-02-10,24,3,1-5,2070,L01,1-2,0,0
202502102405,2025-02-10,24,5,1-3,180,L01,1-2,0,0
202502102405,2025-02-10,24,5,1-3,180,L09,1-3,1,180
202502102407,2025-02-10,24,7,1-2,290,L05,1-2,1,290
202502102409,2025-02-10,24,9,1-4,310,L02,1-2,0,0
202502102409,2025-02-10,24,9,1-4,310,L03,1-3,0,0
202502102412,2025-02-10,24,12,1-3,300,L02,1-2,0,0
