combo,slice_family,slice_value,sample_races,hits,hit_rate_pct,stake_yen,return_yen,profit_yen,roi_pct,avg_hit_payout_yen,baseline_hit_rate_pct,baseline_roi_pct,baseline_avg_hit_payout_yen,roi_lift_pct,hit_rate_lift_pct,avg_payout_lift_yen,distortion_type
1-6,lane1_target_start_gap_pair x target_outer_pressure_bucket,0.04-0.06-<=0.03 | low_other_pressure,33,8,24.24,3300,7520,4220,227.88,940.0,3.91,69.96,1787.33,157.92,20.33,-847.33,probability_plus_price
1-4,lane1_target_start_gap_pair x target_outer_pressure_bucket,0.04-0.06-<=0.03 | low_other_pressure,45,21,46.67,4500,9420,4920,209.33,448.57,10.08,74.47,738.96,134.86,36.59,-290.39,probability_plus_price
1-6,lane1_target_start_gap_pair x target_outer_pressure_bucket,0.04-0.06-best | some_other_pressure,90,11,12.22,9000,18140,9140,201.56,1649.09,3.91,69.96,1787.33,131.6,8.31,-138.24,probability_plus_price
1-6,lane1_target_start_gap_pair x target_outer_pressure_bucket,>0.06-0.04-0.06 | low_other_pressure,40,7,17.5,4000,7730,3730,193.25,1104.29,3.91,69.96,1787.33,123.29,13.59,-683.04,probability_plus_price
1-6,target_exhibition_st_rank_bucket x other_st_faster_than_target_count_bucket,4+ | 0,81,6,7.41,8100,15190,7090,187.53,2531.67,3.91,69.96,1787.33,117.57,3.5,744.34,price_distortion
1-4,lane1_target_start_gap_pair x target_outer_pressure_bucket,best-best | some_other_pressure,42,12,28.57,4200,7380,3180,175.71,615.0,10.08,74.47,738.96,101.24,18.49,-123.96,probability_plus_price
1-4,lane1_target_exhibition_time_diff_bucket x lane1_target_start_exhibition_st_diff_bucket,target_faster_0.10+ | target_faster_0.03_0.06,100,14,14.0,10000,16350,6350,163.5,1167.86,10.08,74.47,738.96,89.03,3.92,428.9,price_distortion
1-6,lane1_target_exhibition_time_diff_bucket x lane1_target_start_exhibition_st_diff_bucket,target_faster_0.05_0.10 | target_faster_0.03_0.06,181,15,8.29,18100,29460,11360,162.76,1964.0,3.91,69.96,1787.33,92.8,4.38,176.67,price_distortion
1-5,lane1_target_group_pair x other_a_count_bucket,B-B | 4,43,2,4.65,4300,6960,2660,161.86,3480.0,6.57,78.41,1193.16,83.45,-1.92,2286.84,price_distortion
1-6,lane1_target_class_pair,B2-A1,60,8,13.33,6000,8970,2970,149.5,1121.25,3.91,69.96,1787.33,79.54,9.42,-666.08,probability_plus_price
1-6,lane1_target_exhibition_st_rank_pair,3-1,358,28,7.82,35800,52330,16530,146.17,1868.93,3.91,69.96,1787.33,76.21,3.91,81.6,price_distortion
1-6,lane1_exhibition_st_rank_bucket x target_exhibition_st_rank_bucket,3 | 1,358,28,7.82,35800,52330,16530,146.17,1868.93,3.91,69.96,1787.33,76.21,3.91,81.6,price_distortion
1-5,lane1_target_start_gap_pair x target_outer_pressure_bucket,<=0.03-best | some_other_pressure,82,15,18.29,8200,11940,3740,145.61,796.0,6.57,78.41,1193.16,67.2,11.72,-397.16,probability_plus_price
1-3,lane1_target_start_gap_pair x target_outer_pressure_bucket,<=0.03-0.04-0.06 | some_other_pressure,88,27,30.68,8800,12540,3740,142.5,464.44,15.77,78.64,498.72,63.86,14.91,-34.28,probability_plus_price
1-3,other_b2_count_bucket,3,55,16,29.09,5500,7640,2140,138.91,477.5,15.77,78.64,498.72,60.27,13.32,-21.22,probability_plus_price
1-6,lane1_target_start_gap_pair x target_outer_pressure_bucket,best-<=0.03 | some_other_pressure,94,10,10.64,9400,13020,3620,138.51,1302.0,3.91,69.96,1787.33,68.55,6.73,-485.33,probability_plus_price
1-6,lane1_target_exhibition_time_diff_bucket x lane1_target_start_exhibition_st_diff_bucket,target_faster_0.05_0.10 | target_faster_0.06+,346,24,6.94,34600,46070,11470,133.15,1919.58,3.91,69.96,1787.33,63.19,3.03,132.25,price_distortion
1-2,lane1_target_group_pair x other_a_count_bucket,A-B | 4,81,22,27.16,8100,10700,2600,132.1,486.36,18.99,80.04,421.45,52.06,8.17,64.91,probability_plus_price
1-6,lane1_target_start_gap_pair x target_outer_pressure_bucket,best-0.04-0.06 | some_other_pressure,121,15,12.4,12100,15970,3870,131.98,1064.67,3.91,69.96,1787.33,62.02,8.49,-722.66,probability_plus_price
1-2,lane1_target_start_gap_pair x target_outer_pressure_bucket,best-best | low_other_pressure,42,20,47.62,4200,5530,1330,131.67,276.5,18.99,80.04,421.45,51.63,28.63,-144.95,probability_plus_price
1-5,lane1_target_start_gap_pair x target_outer_pressure_bucket,0.04-0.06-0.04-0.06 | some_other_pressure,56,10,17.86,5600,7340,1740,131.07,734.0,6.57,78.41,1193.16,52.66,11.29,-459.16,probability_plus_price
1-5,lane1_target_group_pair x other_a_count_bucket,B-A | 3,185,17,9.19,18500,24160,5660,130.59,1421.18,6.57,78.41,1193.16,52.18,2.62,228.02,price_distortion
1-5,lane1_target_exhibition_st_rank_pair,1-2,511,54,10.57,51100,65860,14760,128.88,1219.63,6.57,78.41,1193.16,50.47,4.0,26.47,mixed_edge
1-5,lane1_exhibition_st_rank_bucket x target_exhibition_st_rank_bucket,1 | 2,511,54,10.57,51100,65860,14760,128.88,1219.63,6.57,78.41,1193.16,50.47,4.0,26.47,mixed_edge
1-2,lane1_target_start_gap_pair x target_outer_pressure_bucket,best-best | high_other_pressure,308,90,29.22,30800,39440,8640,128.05,438.22,18.99,80.04,421.45,48.01,10.23,16.77,probability_plus_price
1-6,lane1_target_group_pair x target_outer_pressure_bucket,B-B | some_other_pressure,158,11,6.96,15800,20150,4350,127.53,1831.82,3.91,69.96,1787.33,57.57,3.05,44.49,mixed_edge
1-6,lane1_target_start_gap_pair,0.04-0.06-best,618,42,6.8,61800,78610,16810,127.2,1871.67,3.91,69.96,1787.33,57.24,2.89,84.34,price_distortion
1-6,target_lane x lane1_target_start_gap_pair,6 | 0.04-0.06-best,618,42,6.8,61800,78610,16810,127.2,1871.67,3.91,69.96,1787.33,57.24,2.89,84.34,price_distortion
1-6,lane1_start_exhibition_gap_bucket x target_start_exhibition_gap_bucket,0.04-0.06 | best,618,42,6.8,61800,78610,16810,127.2,1871.67,3.91,69.96,1787.33,57.24,2.89,84.34,price_distortion
1-3,lane1_target_start_gap_pair x target_outer_pressure_bucket,best-0.04-0.06 | low_other_pressure,66,25,37.88,6600,8360,1760,126.67,334.4,15.77,78.64,498.72,48.03,22.11,-164.32,probability_plus_price
1-5,lane1_target_start_gap_pair x target_outer_pressure_bucket,best-<=0.03 | high_other_pressure,695,61,8.78,69500,87500,18000,125.9,1434.43,6.57,78.41,1193.16,47.49,2.21,241.27,price_distortion
1-5,lane1_target_start_gap_pair x target_outer_pressure_bucket,0.04-0.06-best | low_other_pressure,44,8,18.18,4400,5510,1110,125.23,688.75,6.57,78.41,1193.16,46.82,11.61,-504.41,probability_plus_price
1-3,lane1_target_start_gap_pair x target_outer_pressure_bucket,<=0.03-<=0.03 | some_other_pressure,126,43,34.13,12600,15770,3170,125.16,366.74,15.77,78.64,498.72,46.52,18.36,-131.98,probability_plus_price
1-5,lane1_target_start_gap_pair x target_outer_pressure_bucket,<=0.03-0.04-0.06 | some_other_pressure,66,9,13.64,6600,8240,1640,124.85,915.56,6.57,78.41,1193.16,46.44,7.07,-277.6,probability_plus_price
1-3,target_exhibition_st_rank_bucket x other_st_faster_than_target_count_bucket,3 | 0,254,61,24.02,25400,31560,6160,124.25,517.38,15.77,78.64,498.72,45.61,8.25,18.66,probability_plus_price
1-6,lane1_target_start_gap_pair x target_outer_pressure_bucket,>0.06-<=0.03 | low_other_pressure,38,4,10.53,3800,4720,920,124.21,1180.0,3.91,69.96,1787.33,54.25,6.62,-607.33,probability_plus_price
1-5,target_exhibition_st_rank_bucket x other_st_faster_than_target_count_bucket,3 | 0,278,29,10.43,27800,34350,6550,123.56,1184.48,6.57,78.41,1193.16,45.15,3.86,-8.68,mixed_edge
1-2,lane1_target_start_gap_pair,best-best,406,126,31.03,40600,50000,9400,123.15,396.83,18.99,80.04,421.45,43.11,12.04,-24.62,probability_plus_price
1-2,target_lane x lane1_target_start_gap_pair,2 | best-best,406,126,31.03,40600,50000,9400,123.15,396.83,18.99,80.04,421.45,43.11,12.04,-24.62,probability_plus_price
1-2,lane1_start_exhibition_gap_bucket x target_start_exhibition_gap_bucket,best | best,406,126,31.03,40600,50000,9400,123.15,396.83,18.99,80.04,421.45,43.11,12.04,-24.62,probability_plus_price
1-5,target_exhibition_rank_bucket x other_exhibition_faster_than_target_count_bucket,3 | 0,244,23,9.43,24400,29890,5490,122.5,1299.57,6.57,78.41,1193.16,44.09,2.86,106.41,price_distortion
1-2,lane1_target_start_gap_pair x target_outer_pressure_bucket,best-<=0.03 | some_other_pressure,271,101,37.27,27100,33070,5970,122.03,327.43,18.99,80.04,421.45,41.99,18.28,-94.02,probability_plus_price
1-3,lane1_target_exhibition_st_rank_pair,1-2,1089,260,23.88,108900,132810,23910,121.96,510.81,15.77,78.64,498.72,43.32,8.11,12.09,probability_plus_price
1-3,lane1_exhibition_st_rank_bucket x target_exhibition_st_rank_bucket,1 | 2,1089,260,23.88,108900,132810,23910,121.96,510.81,15.77,78.64,498.72,43.32,8.11,12.09,probability_plus_price
1-6,lane1_target_exhibition_st_rank_pair,2-1,396,33,8.33,39600,48190,8590,121.69,1460.3,3.91,69.96,1787.33,51.73,4.42,-327.03,mixed_edge
1-6,lane1_exhibition_st_rank_bucket x target_exhibition_st_rank_bucket,2 | 1,396,33,8.33,39600,48190,8590,121.69,1460.3,3.91,69.96,1787.33,51.73,4.42,-327.03,mixed_edge
1-3,lane1_target_start_gap_pair x target_outer_pressure_bucket,best-<=0.03 | high_other_pressure,1008,209,20.73,100800,122120,21320,121.15,584.31,15.77,78.64,498.72,42.51,4.96,85.59,price_distortion
1-5,lane1_target_class_pair,B2-A1,57,7,12.28,5700,6840,1140,120.0,977.14,6.57,78.41,1193.16,41.59,5.71,-216.02,probability_plus_price
1-5,lane1_target_start_gap_pair,best-<=0.03,866,90,10.39,86600,103910,17310,119.99,1154.56,6.57,78.41,1193.16,41.58,3.82,-38.6,mixed_edge
1-5,target_lane x lane1_target_start_gap_pair,5 | best-<=0.03,866,90,10.39,86600,103910,17310,119.99,1154.56,6.57,78.41,1193.16,41.58,3.82,-38.6,mixed_edge
1-5,lane1_start_exhibition_gap_bucket x target_start_exhibition_gap_bucket,best | <=0.03,866,90,10.39,86600,103910,17310,119.99,1154.56,6.57,78.41,1193.16,41.58,3.82,-38.6,mixed_edge
1-6,lane1_target_start_gap_pair x target_outer_pressure_bucket,best->0.06 | low_other_pressure,117,17,14.53,11700,14010,2310,119.74,824.12,3.91,69.96,1787.33,49.78,10.62,-963.21,probability_plus_price
1-3,lane1_target_exhibition_time_diff_bucket x lane1_target_start_exhibition_st_diff_bucket,target_faster_0.10+ | target_faster_0.03_0.06,113,13,11.5,11300,13490,2190,119.38,1037.69,15.77,78.64,498.72,40.74,-4.27,538.97,price_distortion
1-5,lane1_target_start_gap_pair x target_outer_pressure_bucket,best-0.04-0.06 | some_other_pressure,109,17,15.6,10900,13010,2110,119.36,765.29,6.57,78.41,1193.16,40.95,9.03,-427.87,probability_plus_price
1-6,lane1_target_exhibition_time_diff_bucket x lane1_target_start_exhibition_st_diff_bucket,lane1_faster_0.10+ | target_faster_0.03_0.06,213,10,4.69,21300,25380,4080,119.15,2538.0,3.91,69.96,1787.33,49.19,0.78,750.67,price_distortion
1-5,lane1_target_start_gap_pair,0.04-0.06-0.04-0.06,554,46,8.3,55400,65530,10130,118.29,1424.57,6.57,78.41,1193.16,39.88,1.73,231.41,price_distortion
1-5,target_lane x lane1_target_start_gap_pair,5 | 0.04-0.06-0.04-0.06,554,46,8.3,55400,65530,10130,118.29,1424.57,6.57,78.41,1193.16,39.88,1.73,231.41,price_distortion
1-5,lane1_start_exhibition_gap_bucket x target_start_exhibition_gap_bucket,0.04-0.06 | 0.04-0.06,554,46,8.3,55400,65530,10130,118.29,1424.57,6.57,78.41,1193.16,39.88,1.73,231.41,price_distortion
1-2,lane1_target_start_gap_pair x target_outer_pressure_bucket,<=0.03-<=0.03 | some_other_pressure,128,41,32.03,12800,15120,2320,118.12,368.78,18.99,80.04,421.45,38.08,13.04,-52.67,probability_plus_price
1-6,lane1_target_start_gap_pair x target_outer_pressure_bucket,>0.06-best | high_other_pressure,981,44,4.49,98100,115670,17570,117.91,2628.86,3.91,69.96,1787.33,47.95,0.58,841.53,price_distortion
1-3,lane1_target_start_gap_pair,best-<=0.03,1286,298,23.17,128600,151480,22880,117.79,508.32,15.77,78.64,498.72,39.15,7.4,9.6,probability_plus_price
1-3,target_lane x lane1_target_start_gap_pair,3 | best-<=0.03,1286,298,23.17,128600,151480,22880,117.79,508.32,15.77,78.64,498.72,39.15,7.4,9.6,probability_plus_price
1-3,lane1_start_exhibition_gap_bucket x target_start_exhibition_gap_bucket,best | <=0.03,1286,298,23.17,128600,151480,22880,117.79,508.32,15.77,78.64,498.72,39.15,7.4,9.6,probability_plus_price
1-5,lane1_target_start_gap_pair x target_outer_pressure_bucket,0.04-0.06-0.04-0.06 | high_other_pressure,478,34,7.11,47800,56190,8390,117.55,1652.65,6.57,78.41,1193.16,39.14,0.54,459.49,price_distortion
1-6,lane1_target_start_gap_pair x target_outer_pressure_bucket,0.04-0.06-best | high_other_pressure,488,24,4.92,48800,57360,8560,117.54,2390.0,3.91,69.96,1787.33,47.58,1.01,602.67,price_distortion
1-2,lane1_target_start_gap_pair x target_outer_pressure_bucket,<=0.03-best | low_other_pressure,92,34,36.96,9200,10790,1590,117.28,317.35,18.99,80.04,421.45,37.24,17.97,-104.1,probability_plus_price
1-5,stadium_code,21,597,53,8.88,59700,69480,9780,116.38,1310.94,6.57,78.41,1193.16,37.97,2.31,117.78,price_distortion
1-5,stadium_code x target_lane,21 | 5,597,53,8.88,59700,69480,9780,116.38,1310.94,6.57,78.41,1193.16,37.97,2.31,117.78,price_distortion
1-3,target_exhibition_st_rank_bucket x other_st_faster_than_target_count_bucket,2 | 0,1354,315,23.26,135400,156790,21390,115.8,497.75,15.77,78.64,498.72,37.16,7.49,-0.97,probability_plus_price
1-2,lane1_target_exhibition_time_diff_bucket x lane1_target_start_exhibition_st_diff_bucket,target_faster_0.10+ | near_equal,321,60,18.69,32100,37100,5000,115.58,618.33,18.99,80.04,421.45,35.54,-0.3,196.88,price_distortion
1-4,lane1_target_exhibition_time_diff_bucket x lane1_target_start_exhibition_st_diff_bucket,target_faster_0.05_0.10 | lane1_faster_0.03_0.06,213,30,14.08,21300,24600,3300,115.49,820.0,10.08,74.47,738.96,41.02,4.0,81.04,price_distortion
1-4,lane1_target_start_gap_pair x target_outer_pressure_bucket,best-<=0.03 | high_other_pressure,766,103,13.45,76600,88450,11850,115.47,858.74,10.08,74.47,738.96,41.0,3.37,119.78,price_distortion
1-2,lane1_target_start_gap_pair x target_outer_pressure_bucket,best-<=0.03 | high_other_pressure,1049,261,24.88,104900,121090,16190,115.43,463.95,18.99,80.04,421.45,35.39,5.89,42.5,probability_plus_price
1-6,lane1_target_start_gap_pair x target_outer_pressure_bucket,>0.06-<=0.03 | some_other_pressure,144,13,9.03,14400,16620,2220,115.42,1278.46,3.91,69.96,1787.33,45.46,5.12,-508.87,probability_plus_price
1-2,lane1_target_exhibition_st_rank_pair,1-2,1752,494,28.2,175200,201860,26660,115.22,408.62,18.99,80.04,421.45,35.18,9.21,-12.83,probability_plus_price
1-2,lane1_exhibition_st_rank_bucket x target_exhibition_st_rank_bucket,1 | 2,1752,494,28.2,175200,201860,26660,115.22,408.62,18.99,80.04,421.45,35.18,9.21,-12.83,probability_plus_price
1-2,target_exhibition_st_rank_bucket x other_st_faster_than_target_count_bucket,2 | 0,1752,494,28.2,175200,201860,26660,115.22,408.62,18.99,80.04,421.45,35.18,9.21,-12.83,probability_plus_price
1-6,target_exhibition_st_rank_bucket,1,1837,111,6.04,183700,211630,27930,115.2,1906.58,3.91,69.96,1787.33,45.24,2.13,119.25,price_distortion
1-6,target_lane x target_exhibition_st_rank_bucket,6 | 1,1837,111,6.04,183700,211630,27930,115.2,1906.58,3.91,69.96,1787.33,45.24,2.13,119.25,price_distortion
1-6,target_exhibition_st_rank_bucket x other_st_faster_than_target_count_bucket,1 | 0,1837,111,6.04,183700,211630,27930,115.2,1906.58,3.91,69.96,1787.33,45.24,2.13,119.25,price_distortion
1-2,lane1_target_start_gap_pair x target_outer_pressure_bucket,<=0.03->0.06 | low_other_pressure,39,14,35.9,3900,4480,580,114.87,320.0,18.99,80.04,421.45,34.83,16.91,-101.45,probability_plus_price
1-5,lane1_target_start_gap_pair x target_outer_pressure_bucket,best-<=0.03 | some_other_pressure,125,24,19.2,12500,14330,1830,114.64,597.08,6.57,78.41,1193.16,36.23,12.63,-596.08,probability_plus_price
1-6,lane1_target_start_gap_pair x target_outer_pressure_bucket,<=0.03-<=0.03 | low_other_pressure,33,3,9.09,3300,3770,470,114.24,1256.67,3.91,69.96,1787.33,44.28,5.18,-530.66,probability_plus_price
1-3,lane1_target_start_gap_pair x target_outer_pressure_bucket,best-<=0.03 | some_other_pressure,202,65,32.18,20200,23000,2800,113.86,353.85,15.77,78.64,498.72,35.22,16.41,-144.87,probability_plus_price
1-5,lane1_target_exhibition_time_diff_bucket x lane1_target_start_exhibition_st_diff_bucket,target_faster_0.05_0.10 | lane1_faster_0.03_0.06,200,29,14.5,20000,22760,2760,113.8,784.83,6.57,78.41,1193.16,35.39,7.93,-408.33,probability_plus_price
1-4,lane1_target_start_gap_pair,best-<=0.03,944,139,14.72,94400,107040,12640,113.39,770.07,10.08,74.47,738.96,38.92,4.64,31.11,mixed_edge
1-4,target_lane x lane1_target_start_gap_pair,4 | best-<=0.03,944,139,14.72,94400,107040,12640,113.39,770.07,10.08,74.47,738.96,38.92,4.64,31.11,mixed_edge
1-4,lane1_start_exhibition_gap_bucket x target_start_exhibition_gap_bucket,best | <=0.03,944,139,14.72,94400,107040,12640,113.39,770.07,10.08,74.47,738.96,38.92,4.64,31.11,mixed_edge
1-5,lane1_target_exhibition_time_diff_bucket x lane1_target_start_exhibition_st_diff_bucket,lane1_faster_0.05_0.10 | lane1_faster_0.03_0.06,446,31,6.95,44600,50540,5940,113.32,1630.32,6.57,78.41,1193.16,34.91,0.38,437.16,price_distortion
1-2,lane1_target_start_gap_pair,best-<=0.03,1421,389,27.38,142100,160790,18690,113.15,413.34,18.99,80.04,421.45,33.11,8.39,-8.11,probability_plus_price
1-2,target_lane x lane1_target_start_gap_pair,2 | best-<=0.03,1421,389,27.38,142100,160790,18690,113.15,413.34,18.99,80.04,421.45,33.11,8.39,-8.11,probability_plus_price
1-2,lane1_start_exhibition_gap_bucket x target_start_exhibition_gap_bucket,best | <=0.03,1421,389,27.38,142100,160790,18690,113.15,413.34,18.99,80.04,421.45,33.11,8.39,-8.11,probability_plus_price
1-3,lane1_target_exhibition_time_diff_bucket x lane1_target_start_exhibition_st_diff_bucket,lane1_faster_0.10+ | lane1_faster_0.03_0.06,327,69,21.1,32700,36910,4210,112.87,534.93,15.77,78.64,498.72,34.23,5.33,36.21,probability_plus_price
1-4,lane1_target_group_pair x target_outer_pressure_bucket,B-B | low_other_pressure,39,10,25.64,3900,4400,500,112.82,440.0,10.08,74.47,738.96,38.35,15.56,-298.96,probability_plus_price
1-4,lane1_target_group_pair x other_a_count_bucket,B-A | 3,171,13,7.6,17100,19140,2040,111.93,1472.31,10.08,74.47,738.96,37.46,-2.48,733.35,price_distortion
1-3,lane1_target_start_gap_pair x target_outer_pressure_bucket,best-best | high_other_pressure,262,47,17.94,26200,29300,3100,111.83,623.4,15.77,78.64,498.72,33.19,2.17,124.68,price_distortion
1-6,lane1_target_group_pair x target_outer_pressure_bucket,B-A | low_other_pressure,292,35,11.99,29200,32650,3450,111.82,932.86,3.91,69.96,1787.33,41.86,8.08,-854.47,probability_plus_price
1-2,lane1_target_start_gap_pair x target_outer_pressure_bucket,<=0.03-0.04-0.06 | low_other_pressure,35,14,40.0,3500,3910,410,111.71,279.29,18.99,80.04,421.45,31.67,21.01,-142.16,probability_plus_price
1-5,target_exhibition_st_rank_bucket x other_st_faster_than_target_count_bucket,4+ | 0,42,6,14.29,4200,4690,490,111.67,781.67,6.57,78.41,1193.16,33.26,7.72,-411.49,probability_plus_price
1-5,lane1_target_start_gap_pair x target_outer_pressure_bucket,<=0.03-<=0.03 | low_other_pressure,37,7,18.92,3700,4130,430,111.62,590.0,6.57,78.41,1193.16,33.21,12.35,-603.16,probability_plus_price
1-3,lane1_target_class_pair,A1-B2,99,15,15.15,9900,11040,1140,111.52,736.0,15.77,78.64,498.72,32.88,-0.62,237.28,price_distortion
1-5,lane1_target_start_gap_pair x target_outer_pressure_bucket,best-0.04-0.06 | low_other_pressure,46,10,21.74,4600,5130,530,111.52,513.0,6.57,78.41,1193.16,33.11,15.17,-680.16,probability_plus_price
1-5,other_group_pattern,A-B-B-A,915,73,7.98,91500,101770,10270,111.22,1394.11,6.57,78.41,1193.16,32.81,1.41,200.95,price_distortion
1-2,lane1_target_start_gap_pair x target_outer_pressure_bucket,0.04-0.06-best | low_other_pressure,48,16,33.33,4800,5330,530,111.04,333.12,18.99,80.04,421.45,31.0,14.34,-88.33,probability_plus_price
1-6,stadium_code,19,680,36,5.29,68000,75350,7350,110.81,2093.06,3.91,69.96,1787.33,40.85,1.38,305.73,price_distortion
1-6,stadium_code x target_lane,19 | 6,680,36,5.29,68000,75350,7350,110.81,2093.06,3.91,69.96,1787.33,40.85,1.38,305.73,price_distortion
1-6,lane1_target_start_gap_pair,>0.06-best,1225,64,5.22,122500,134760,12260,110.01,2105.62,3.91,69.96,1787.33,40.05,1.31,318.29,price_distortion
1-6,target_lane x lane1_target_start_gap_pair,6 | >0.06-best,1225,64,5.22,122500,134760,12260,110.01,2105.62,3.91,69.96,1787.33,40.05,1.31,318.29,price_distortion
1-6,lane1_start_exhibition_gap_bucket x target_start_exhibition_gap_bucket,>0.06 | best,1225,64,5.22,122500,134760,12260,110.01,2105.62,3.91,69.96,1787.33,40.05,1.31,318.29,price_distortion
1-4,lane1_target_exhibition_st_rank_pair,3-1,487,70,14.37,48700,53550,4850,109.96,765.0,10.08,74.47,738.96,35.49,4.29,26.04,mixed_edge
1-4,lane1_exhibition_st_rank_bucket x target_exhibition_st_rank_bucket,3 | 1,487,70,14.37,48700,53550,4850,109.96,765.0,10.08,74.47,738.96,35.49,4.29,26.04,mixed_edge
1-5,lane1_target_start_gap_pair x target_outer_pressure_bucket,<=0.03-best | high_other_pressure,548,47,8.58,54800,59970,5170,109.43,1275.96,6.57,78.41,1193.16,31.02,2.01,82.8,price_distortion
1-5,lane1_target_start_gap_pair,<=0.03-best,672,64,9.52,67200,73240,6040,108.99,1144.38,6.57,78.41,1193.16,30.58,2.95,-48.78,mixed_edge
1-5,target_lane x lane1_target_start_gap_pair,5 | <=0.03-best,672,64,9.52,67200,73240,6040,108.99,1144.38,6.57,78.41,1193.16,30.58,2.95,-48.78,mixed_edge
1-5,lane1_start_exhibition_gap_bucket x target_start_exhibition_gap_bucket,<=0.03 | best,672,64,9.52,67200,73240,6040,108.99,1144.38,6.57,78.41,1193.16,30.58,2.95,-48.78,mixed_edge
1-5,stadium_code,09,353,27,7.65,35300,38470,3170,108.98,1424.81,6.57,78.41,1193.16,30.57,1.08,231.65,price_distortion
1-5,stadium_code x target_lane,09 | 5,353,27,7.65,35300,38470,3170,108.98,1424.81,6.57,78.41,1193.16,30.57,1.08,231.65,price_distortion
1-6,lane1_target_national_rank_pair x target_outer_pressure_bucket,4+-1 | low_other_pressure,284,27,9.51,28400,30910,2510,108.84,1144.81,3.91,69.96,1787.33,38.88,5.6,-642.52,probability_plus_price
1-2,lane1_target_start_gap_pair x target_outer_pressure_bucket,<=0.03-best | some_other_pressure,175,53,30.29,17500,19030,1530,108.74,359.06,18.99,80.04,421.45,28.7,11.3,-62.39,probability_plus_price
1-3,lane1_target_exhibition_time_diff_bucket x lane1_target_start_exhibition_st_diff_bucket,target_faster_0.05_0.10 | lane1_faster_0.03_0.06,235,42,17.87,23500,25410,1910,108.13,605.0,15.77,78.64,498.72,29.49,2.1,106.28,price_distortion
1-5,stadium_code,12,575,46,8.0,57500,62100,4600,108.0,1350.0,6.57,78.41,1193.16,29.59,1.43,156.84,price_distortion
1-5,stadium_code x target_lane,12 | 5,575,46,8.0,57500,62100,4600,108.0,1350.0,6.57,78.41,1193.16,29.59,1.43,156.84,price_distortion
1-4,stadium_code,09,353,42,11.9,35300,38120,2820,107.99,907.62,10.08,74.47,738.96,33.52,1.82,168.66,price_distortion
1-4,stadium_code x target_lane,09 | 4,353,42,11.9,35300,38120,2820,107.99,907.62,10.08,74.47,738.96,33.52,1.82,168.66,price_distortion
1-2,lane1_target_start_gap_pair x target_outer_pressure_bucket,best->0.06 | low_other_pressure,101,35,34.65,10100,10870,770,107.62,310.57,18.99,80.04,421.45,27.58,15.66,-110.88,probability_plus_price
1-3,lane1_target_start_gap_pair,<=0.03-<=0.03,898,182,20.27,89800,96540,6740,107.51,530.44,15.77,78.64,498.72,28.87,4.5,31.72,mixed_edge
1-3,target_lane x lane1_target_start_gap_pair,3 | <=0.03-<=0.03,898,182,20.27,89800,96540,6740,107.51,530.44,15.77,78.64,498.72,28.87,4.5,31.72,mixed_edge
1-3,lane1_start_exhibition_gap_bucket x target_start_exhibition_gap_bucket,<=0.03 | <=0.03,898,182,20.27,89800,96540,6740,107.51,530.44,15.77,78.64,498.72,28.87,4.5,31.72,mixed_edge
1-4,lane1_target_start_gap_pair x target_outer_pressure_bucket,best-<=0.03 | some_other_pressure,126,24,19.05,12600,13510,910,107.22,562.92,10.08,74.47,738.96,32.75,8.97,-176.04,probability_plus_price
1-4,lane1_target_start_gap_pair x target_outer_pressure_bucket,<=0.03-best | high_other_pressure,564,77,13.65,56400,60400,4000,107.09,784.42,10.08,74.47,738.96,32.62,3.57,45.46,mixed_edge
1-2,lane1_target_exhibition_st_rank_pair,1-3,977,255,26.1,97700,104380,6680,106.84,409.33,18.99,80.04,421.45,26.8,7.11,-12.12,probability_plus_price
1-2,lane1_exhibition_st_rank_bucket x target_exhibition_st_rank_bucket,1 | 3,977,255,26.1,97700,104380,6680,106.84,409.33,18.99,80.04,421.45,26.8,7.11,-12.12,probability_plus_price
1-4,lane1_target_start_gap_pair x target_outer_pressure_bucket,best->0.06 | some_other_pressure,250,48,19.2,25000,26710,1710,106.84,556.46,10.08,74.47,738.96,32.37,9.12,-182.5,probability_plus_price
1-5,target_national_win_rank_bucket x other_national_better_than_target_count_bucket,3 | 2,964,56,5.81,96400,102810,6410,106.65,1835.89,6.57,78.41,1193.16,28.24,-0.76,642.73,price_distortion
1-3,lane1_target_start_gap_pair x target_outer_pressure_bucket,<=0.03-<=0.03 | high_other_pressure,722,126,17.45,72200,76990,4790,106.63,611.03,15.77,78.64,498.72,27.99,1.68,112.31,price_distortion
1-6,target_class_group x target_outer_pressure_bucket,B | some_other_pressure,397,28,7.05,39700,42320,2620,106.6,1511.43,3.91,69.96,1787.33,36.64,3.14,-275.9,mixed_edge
1-3,lane1_target_start_gap_pair,best-best,347,72,20.75,34700,36970,2270,106.54,513.47,15.77,78.64,498.72,27.9,4.98,14.75,mixed_edge
1-3,target_lane x lane1_target_start_gap_pair,3 | best-best,347,72,20.75,34700,36970,2270,106.54,513.47,15.77,78.64,498.72,27.9,4.98,14.75,mixed_edge
1-3,lane1_start_exhibition_gap_bucket x target_start_exhibition_gap_bucket,best | best,347,72,20.75,34700,36970,2270,106.54,513.47,15.77,78.64,498.72,27.9,4.98,14.75,mixed_edge
1-4,grade_group,SG,70,11,15.71,7000,7450,450,106.43,677.27,10.08,74.47,738.96,31.96,5.63,-61.69,probability_plus_price
1-4,other_b2_count_bucket,3,37,10,27.03,3700,3930,230,106.22,393.0,10.08,74.47,738.96,31.75,16.95,-345.96,probability_plus_price
1-3,lane1_target_start_gap_pair x target_outer_pressure_bucket,<=0.03-best | high_other_pressure,724,155,21.41,72400,76780,4380,106.05,495.35,15.77,78.64,498.72,27.41,5.64,-3.37,probability_plus_price
1-2,lane1_target_class_pair,B2-A2,100,17,17.0,10000,10590,590,105.9,622.94,18.99,80.04,421.45,25.86,-1.99,201.49,price_distortion
1-4,lane1_target_group_pair x other_a_count_bucket,B-A | 4,39,5,12.82,3900,4130,230,105.9,826.0,10.08,74.47,738.96,31.43,2.74,87.04,price_distortion
1-3,lane1_target_exhibition_st_rank_pair,1-3,1347,286,21.23,134700,142600,7900,105.86,498.6,15.77,78.64,498.72,27.22,5.46,-0.12,probability_plus_price
1-3,lane1_exhibition_st_rank_bucket x target_exhibition_st_rank_bucket,1 | 3,1347,286,21.23,134700,142600,7900,105.86,498.6,15.77,78.64,498.72,27.22,5.46,-0.12,probability_plus_price
1-6,lane1_target_start_gap_pair x target_outer_pressure_bucket,0.04-0.06-<=0.03 | some_other_pressure,82,8,9.76,8200,8670,470,105.73,1083.75,3.91,69.96,1787.33,35.77,5.85,-703.58,probability_plus_price
1-4,lane1_target_start_gap_pair x target_outer_pressure_bucket,best-0.04-0.06 | low_other_pressure,62,18,29.03,6200,6550,350,105.65,363.89,10.08,74.47,738.96,31.18,18.95,-375.07,probability_plus_price
1-3,lane1_target_class_pair,A2-B2,172,19,11.05,17200,18160,960,105.58,955.79,15.77,78.64,498.72,26.94,-4.72,457.07,price_distortion
1-4,lane1_target_start_gap_pair x target_outer_pressure_bucket,<=0.03-0.04-0.06 | high_other_pressure,556,73,13.13,55600,58690,3090,105.56,803.97,10.08,74.47,738.96,31.09,3.05,65.01,mixed_edge
1-5,lane1_target_national_rank_pair x target_outer_pressure_bucket,4+-3 | high_other_pressure,977,56,5.73,97700,102810,5110,105.23,1835.89,6.57,78.41,1193.16,26.82,-0.84,642.73,price_distortion
1-4,target_class_group x target_outer_pressure_bucket,B | low_other_pressure,100,27,27.0,10000,10520,520,105.2,389.63,10.08,74.47,738.96,30.73,16.92,-349.33,probability_plus_price
1-2,lane1_target_exhibition_st_rank_pair,2-1,717,187,26.08,71700,75420,3720,105.19,403.32,18.99,80.04,421.45,25.15,7.09,-18.13,probability_plus_price
1-2,lane1_exhibition_st_rank_bucket x target_exhibition_st_rank_bucket,2 | 1,717,187,26.08,71700,75420,3720,105.19,403.32,18.99,80.04,421.45,25.15,7.09,-18.13,probability_plus_price
1-5,target_exhibition_st_rank_bucket x other_st_faster_than_target_count_bucket,2 | 0,1007,85,8.44,100700,105800,5100,105.06,1244.71,6.57,78.41,1193.16,26.65,1.87,51.55,mixed_edge
1-5,lane1_target_exhibition_st_rank_pair,1-3,702,73,10.4,70200,73750,3550,105.06,1010.27,6.57,78.41,1193.16,26.65,3.83,-182.89,mixed_edge
1-5,lane1_exhibition_st_rank_bucket x target_exhibition_st_rank_bucket,1 | 3,702,73,10.4,70200,73750,3550,105.06,1010.27,6.57,78.41,1193.16,26.65,3.83,-182.89,mixed_edge
1-2,lane1_target_start_gap_pair x target_outer_pressure_bucket,best-0.04-0.06 | high_other_pressure,900,204,22.67,90000,94470,4470,104.97,463.09,18.99,80.04,421.45,24.93,3.68,41.64,mixed_edge
1-4,lane1_target_national_rank_pair x target_outer_pressure_bucket,4+-1 | some_other_pressure,199,30,15.08,19900,20870,970,104.87,695.67,10.08,74.47,738.96,30.4,5.0,-43.29,probability_plus_price
1-6,lane1_target_national_rank_pair x target_outer_pressure_bucket,4+-2 | high_other_pressure,572,23,4.02,57200,59830,2630,104.6,2601.3,3.91,69.96,1787.33,34.64,0.11,813.97,price_distortion
1-5,lane1_target_national_rank_pair,4+-3,984,56,5.69,98400,102810,4410,104.48,1835.89,6.57,78.41,1193.16,26.07,-0.88,642.73,price_distortion
1-5,target_lane x lane1_target_national_rank_pair,5 | 4+-3,984,56,5.69,98400,102810,4410,104.48,1835.89,6.57,78.41,1193.16,26.07,-0.88,642.73,price_distortion
1-6,lane1_target_exhibition_st_rank_pair,4+-1,1064,50,4.7,106400,111110,4710,104.43,2222.2,3.91,69.96,1787.33,34.47,0.79,434.87,price_distortion
1-6,lane1_exhibition_st_rank_bucket x target_exhibition_st_rank_bucket,4+ | 1,1064,50,4.7,106400,111110,4710,104.43,2222.2,3.91,69.96,1787.33,34.47,0.79,434.87,price_distortion
1-4,lane1_target_start_gap_pair,<=0.03-0.04-0.06,681,96,14.1,68100,70850,2750,104.04,738.02,10.08,74.47,738.96,29.57,4.02,-0.94,mixed_edge
1-4,target_lane x lane1_target_start_gap_pair,4 | <=0.03-0.04-0.06,681,96,14.1,68100,70850,2750,104.04,738.02,10.08,74.47,738.96,29.57,4.02,-0.94,mixed_edge
1-4,lane1_start_exhibition_gap_bucket x target_start_exhibition_gap_bucket,<=0.03 | 0.04-0.06,681,96,14.1,68100,70850,2750,104.04,738.02,10.08,74.47,738.96,29.57,4.02,-0.94,mixed_edge
1-4,lane1_target_exhibition_st_rank_pair,1-2,654,102,15.6,65400,68010,2610,103.99,666.76,10.08,74.47,738.96,29.52,5.52,-72.2,probability_plus_price
1-4,lane1_exhibition_st_rank_bucket x target_exhibition_st_rank_bucket,1 | 2,654,102,15.6,65400,68010,2610,103.99,666.76,10.08,74.47,738.96,29.52,5.52,-72.2,probability_plus_price
1-4,lane1_target_start_gap_pair,<=0.03-best,725,113,15.59,72500,75350,2850,103.93,666.81,10.08,74.47,738.96,29.46,5.51,-72.15,probability_plus_price
1-4,target_lane x lane1_target_start_gap_pair,4 | <=0.03-best,725,113,15.59,72500,75350,2850,103.93,666.81,10.08,74.47,738.96,29.46,5.51,-72.15,probability_plus_price
1-4,lane1_start_exhibition_gap_bucket x target_start_exhibition_gap_bucket,<=0.03 | best,725,113,15.59,72500,75350,2850,103.93,666.81,10.08,74.47,738.96,29.46,5.51,-72.15,probability_plus_price
1-3,lane1_target_start_gap_pair x target_outer_pressure_bucket,best-0.04-0.06 | high_other_pressure,919,166,18.06,91900,95430,3530,103.84,574.88,15.77,78.64,498.72,25.2,2.29,76.16,mixed_edge
1-5,target_exhibition_st_rank_bucket x other_st_faster_than_target_count_bucket,4+ | 2,2278,179,7.86,227800,236460,8660,103.8,1321.01,6.57,78.41,1193.16,25.39,1.29,127.85,price_distortion
1-6,lane1_target_national_rank_pair x target_outer_pressure_bucket,3-2 | high_other_pressure,301,19,6.31,30100,31070,970,103.22,1635.26,3.91,69.96,1787.33,33.26,2.4,-152.07,mixed_edge
1-2,stadium_code,07,766,169,22.06,76600,79060,2460,103.21,467.81,18.99,80.04,421.45,23.17,3.07,46.36,mixed_edge
1-2,stadium_code x target_lane,07 | 2,766,169,22.06,76600,79060,2460,103.21,467.81,18.99,80.04,421.45,23.17,3.07,46.36,mixed_edge
1-3,lane1_exhibition_st_rank_bucket,1,4430,876,19.77,443000,456620,13620,103.07,521.26,15.77,78.64,498.72,24.43,4.0,22.54,mixed_edge
1-3,lane1_start_exhibition_gap_bucket,best,4430,876,19.77,443000,456620,13620,103.07,521.26,15.77,78.64,498.72,24.43,4.0,22.54,mixed_edge
1-4,target_exhibition_st_rank_bucket x other_st_faster_than_target_count_bucket,4+ | 1,334,44,13.17,33400,34410,1010,103.02,782.05,10.08,74.47,738.96,28.55,3.09,43.09,mixed_edge
1-2,lane1_target_exhibition_st_rank_pair,3-1,552,132,23.91,55200,56640,1440,102.61,429.09,18.99,80.04,421.45,22.57,4.92,7.64,mixed_edge
1-2,lane1_exhibition_st_rank_bucket x target_exhibition_st_rank_bucket,3 | 1,552,132,23.91,55200,56640,1440,102.61,429.09,18.99,80.04,421.45,22.57,4.92,7.64,mixed_edge
1-5,lane1_target_exhibition_st_rank_pair,3-1,389,40,10.28,38900,39680,780,102.01,992.0,6.57,78.41,1193.16,23.6,3.71,-201.16,mixed_edge
1-5,lane1_exhibition_st_rank_bucket x target_exhibition_st_rank_bucket,3 | 1,389,40,10.28,38900,39680,780,102.01,992.0,6.57,78.41,1193.16,23.6,3.71,-201.16,mixed_edge
1-5,target_exhibition_st_rank_bucket x other_st_faster_than_target_count_bucket,4+ | 1,464,40,8.62,46400,47240,840,101.81,1181.0,6.57,78.41,1193.16,23.4,2.05,-12.16,mixed_edge
1-3,target_exhibition_rank_bucket x other_exhibition_faster_than_target_count_bucket,2 | 0,1084,261,24.08,108400,110350,1950,101.8,422.8,15.77,78.64,498.72,23.16,8.31,-75.92,mixed_edge
1-3,other_group_pattern,A-B-B-A,947,127,13.41,94700,96310,1610,101.7,758.35,15.77,78.64,498.72,23.06,-2.36,259.63,mixed_edge
1-5,lane1_target_group_pair x target_outer_pressure_bucket,A-B | low_other_pressure,58,11,18.97,5800,5890,90,101.55,535.45,6.57,78.41,1193.16,23.14,12.4,-657.71,mixed_edge
1-6,target_start_exhibition_gap_bucket,best,2692,146,5.42,269200,272900,3700,101.37,1869.18,3.91,69.96,1787.33,31.41,1.51,81.85,price_distortion
1-6,target_lane x target_start_exhibition_gap_bucket,6 | best,2692,146,5.42,269200,272900,3700,101.37,1869.18,3.91,69.96,1787.33,31.41,1.51,81.85,price_distortion
1-6,lane1_target_exhibition_time_diff_bucket x lane1_target_start_exhibition_st_diff_bucket,target_faster_0.10+ | target_faster_0.03_0.06,104,8,7.69,10400,10540,140,101.35,1317.5,3.91,69.96,1787.33,31.39,3.78,-469.83,mixed_edge
1-3,lane1_target_start_gap_pair,best-0.04-0.06,1153,229,19.86,115300,116820,1520,101.32,510.13,15.77,78.64,498.72,22.68,4.09,11.41,mixed_edge
1-3,target_lane x lane1_target_start_gap_pair,3 | best-0.04-0.06,1153,229,19.86,115300,116820,1520,101.32,510.13,15.77,78.64,498.72,22.68,4.09,11.41,mixed_edge
1-3,lane1_start_exhibition_gap_bucket x target_start_exhibition_gap_bucket,best | 0.04-0.06,1153,229,19.86,115300,116820,1520,101.32,510.13,15.77,78.64,498.72,22.68,4.09,11.41,mixed_edge
1-4,lane1_target_start_gap_pair x target_outer_pressure_bucket,0.04-0.06-best | high_other_pressure,591,69,11.68,59100,59720,620,101.05,865.51,10.08,74.47,738.96,26.58,1.6,126.55,price_distortion
1-3,lane1_target_group_pair x other_a_count_bucket,A-B | 4,92,10,10.87,9200,9280,80,100.87,928.0,15.77,78.64,498.72,22.23,-4.9,429.28,mixed_edge
1-2,lane1_target_start_gap_pair,<=0.03-best,991,253,25.53,99100,99780,680,100.69,394.39,18.99,80.04,421.45,20.65,6.54,-27.06,mixed_edge
1-2,target_lane x lane1_target_start_gap_pair,2 | <=0.03-best,991,253,25.53,99100,99780,680,100.69,394.39,18.99,80.04,421.45,20.65,6.54,-27.06,mixed_edge
1-2,lane1_start_exhibition_gap_bucket x target_start_exhibition_gap_bucket,<=0.03 | best,991,253,25.53,99100,99780,680,100.69,394.39,18.99,80.04,421.45,20.65,6.54,-27.06,mixed_edge
1-4,other_group_pattern,A-B-A-A,494,43,8.7,49400,49650,250,100.51,1154.65,10.08,74.47,738.96,26.04,-1.38,415.69,price_distortion
1-4,lane1_target_group_pair x target_outer_pressure_bucket,A-B | low_other_pressure,61,17,27.87,6100,6120,20,100.33,360.0,10.08,74.47,738.96,25.86,17.79,-378.96,probability_plus_price
1-5,grade_group,G3,414,33,7.97,41400,41500,100,100.24,1257.58,6.57,78.41,1193.16,21.83,1.4,64.42,mixed_edge
1-2,lane1_target_start_gap_pair x target_outer_pressure_bucket,<=0.03-0.04-0.06 | some_other_pressure,99,27,27.27,9900,9920,20,100.2,367.41,18.99,80.04,421.45,20.16,8.28,-54.04,mixed_edge
1-6,lane1_target_exhibition_st_rank_pair,1-2,424,33,7.78,42400,42460,60,100.14,1286.67,3.91,69.96,1787.33,30.18,3.87,-500.66,mixed_edge
1-6,lane1_exhibition_st_rank_bucket x target_exhibition_st_rank_bucket,1 | 2,424,33,7.78,42400,42460,60,100.14,1286.67,3.91,69.96,1787.33,30.18,3.87,-500.66,mixed_edge
1-6,lane1_target_group_pair x target_outer_pressure_bucket,B-B | low_other_pressure,37,3,8.11,3700,3700,0,100.0,1233.33,3.91,69.96,1787.33,30.04,4.2,-554.0,mixed_edge
1-6,target_exhibition_st_rank_bucket x other_st_faster_than_target_count_bucket,3 | 0,320,17,5.31,32000,31960,-40,99.88,1880.0,3.91,69.96,1787.33,29.92,1.4,92.67,price_distortion
1-5,lane1_target_class_pair,B2-A2,98,6,6.12,9800,9760,-40,99.59,1626.67,6.57,78.41,1193.16,21.18,-0.45,433.51,mixed_edge
1-6,lane1_target_national_rank_pair,3-2,521,34,6.53,52100,51610,-490,99.06,1517.94,3.91,69.96,1787.33,29.1,2.62,-269.39,mixed_edge
1-6,target_lane x lane1_target_national_rank_pair,6 | 3-2,521,34,6.53,52100,51610,-490,99.06,1517.94,3.91,69.96,1787.33,29.1,2.62,-269.39,mixed_edge
1-2,lane1_target_national_rank_pair x target_outer_pressure_bucket,3-2 | some_other_pressure,319,88,27.59,31900,31550,-350,98.9,358.52,18.99,80.04,421.45,18.86,8.6,-62.93,mixed_edge
1-2,lane1_exhibition_st_rank_bucket,1,4430,1058,23.88,443000,437890,-5110,98.85,413.88,18.99,80.04,421.45,18.81,4.89,-7.57,mixed_edge
1-2,lane1_start_exhibition_gap_bucket,best,4430,1058,23.88,443000,437890,-5110,98.85,413.88,18.99,80.04,421.45,18.81,4.89,-7.57,mixed_edge
1-4,other_group_pattern,A-A-B-A,556,41,7.37,55600,54960,-640,98.85,1340.49,10.08,74.47,738.96,24.38,-2.71,601.53,mixed_edge
1-3,target_start_exhibition_gap_bucket,<=0.03,3638,687,18.88,363800,358560,-5240,98.56,521.92,15.77,78.64,498.72,19.92,3.11,23.2,mixed_edge
1-3,target_lane x target_start_exhibition_gap_bucket,3 | <=0.03,3638,687,18.88,363800,358560,-5240,98.56,521.92,15.77,78.64,498.72,19.92,3.11,23.2,mixed_edge
1-5,target_exhibition_rank_bucket,1,1804,175,9.7,180400,177750,-2650,98.53,1015.71,6.57,78.41,1193.16,20.12,3.13,-177.45,mixed_edge
1-5,target_exhibition_rank_bucket x other_exhibition_faster_than_target_count_bucket,1 | 0,1804,175,9.7,180400,177750,-2650,98.53,1015.71,6.57,78.41,1193.16,20.12,3.13,-177.45,mixed_edge
1-3,lane1_target_group_pair x target_outer_pressure_bucket,A-B | some_other_pressure,335,97,28.96,33500,32990,-510,98.48,340.1,15.77,78.64,498.72,19.84,13.19,-158.62,mixed_edge
1-5,other_national_better_than_target_count_bucket,2,2921,205,7.02,292100,287630,-4470,98.47,1403.07,6.57,78.41,1193.16,20.06,0.45,209.91,mixed_edge
1-6,target_class_group x target_outer_pressure_bucket,A | low_other_pressure,662,85,12.84,66200,65130,-1070,98.38,766.24,3.91,69.96,1787.33,28.42,8.93,-1021.09,probability_plus_price
1-3,lane1_target_start_gap_pair,<=0.03-best,941,207,22.0,94100,92480,-1620,98.28,446.76,15.77,78.64,498.72,19.64,6.23,-51.96,mixed_edge
1-3,target_lane x lane1_target_start_gap_pair,3 | <=0.03-best,941,207,22.0,94100,92480,-1620,98.28,446.76,15.77,78.64,498.72,19.64,6.23,-51.96,mixed_edge
1-3,lane1_start_exhibition_gap_bucket x target_start_exhibition_gap_bucket,<=0.03 | best,941,207,22.0,94100,92480,-1620,98.28,446.76,15.77,78.64,498.72,19.64,6.23,-51.96,mixed_edge
1-5,lane1_target_exhibition_time_diff_bucket x lane1_target_start_exhibition_st_diff_bucket,lane1_faster_0.05_0.10 | near_equal,793,54,6.81,79300,77920,-1380,98.26,1442.96,6.57,78.41,1193.16,19.85,0.24,249.8,mixed_edge
1-4,lane1_target_start_gap_pair x target_outer_pressure_bucket,best-0.04-0.06 | some_other_pressure,140,25,17.86,14000,13750,-250,98.21,550.0,10.08,74.47,738.96,23.74,7.78,-188.96,mixed_edge
1-6,other_st_faster_than_target_count_bucket,0,3332,184,5.52,333200,327200,-6000,98.2,1778.26,3.91,69.96,1787.33,28.24,1.61,-9.07,mixed_edge
1-2,target_exhibition_st_rank_bucket,2,3061,723,23.62,306100,300200,-5900,98.07,415.21,18.99,80.04,421.45,18.03,4.63,-6.24,mixed_edge
1-2,target_lane x target_exhibition_st_rank_bucket,2 | 2,3061,723,23.62,306100,300200,-5900,98.07,415.21,18.99,80.04,421.45,18.03,4.63,-6.24,mixed_edge
1-2,lane1_target_group_pair x target_outer_pressure_bucket,A-B | some_other_pressure,416,128,30.77,41600,40750,-850,97.96,318.36,18.99,80.04,421.45,17.92,11.78,-103.09,mixed_edge
1-4,lane1_target_start_gap_pair x target_outer_pressure_bucket,<=0.03-<=0.03 | some_other_pressure,110,18,16.36,11000,10770,-230,97.91,598.33,10.08,74.47,738.96,23.44,6.28,-140.63,mixed_edge
1-6,target_outer_pressure_bucket,low_other_pressure,748,93,12.43,74800,73230,-1570,97.9,787.42,3.91,69.96,1787.33,27.94,8.52,-999.91,probability_plus_price
1-6,target_lane x target_outer_pressure_bucket,6 | low_other_pressure,748,93,12.43,74800,73230,-1570,97.9,787.42,3.91,69.96,1787.33,27.94,8.52,-999.91,probability_plus_price
1-5,lane1_target_exhibition_time_diff_bucket x lane1_target_start_exhibition_st_diff_bucket,target_faster_0.10+ | lane1_faster_0.03_0.06,100,9,9.0,10000,9790,-210,97.9,1087.78,6.57,78.41,1193.16,19.49,2.43,-105.38,mixed_edge
1-4,stadium_code,15,619,71,11.47,61900,60540,-1360,97.8,852.68,10.08,74.47,738.96,23.33,1.39,113.72,mixed_edge
1-4,stadium_code x target_lane,15 | 4,619,71,11.47,61900,60540,-1360,97.8,852.68,10.08,74.47,738.96,23.33,1.39,113.72,mixed_edge
1-3,lane1_target_national_rank_pair x target_outer_pressure_bucket,1-3 | some_other_pressure,343,110,32.07,34300,33530,-770,97.76,304.82,15.77,78.64,498.72,19.12,16.3,-193.9,mixed_edge
1-4,lane1_target_start_gap_pair x target_outer_pressure_bucket,best-<=0.03 | low_other_pressure,52,12,23.08,5200,5080,-120,97.69,423.33,10.08,74.47,738.96,23.22,13.0,-315.63,mixed_edge
1-3,target_exhibition_st_rank_bucket x other_st_faster_than_target_count_bucket,3 | 1,1882,374,19.87,188200,183550,-4650,97.53,490.78,15.77,78.64,498.72,18.89,4.1,-7.94,mixed_edge
1-4,lane1_target_exhibition_time_diff_bucket x lane1_target_start_exhibition_st_diff_bucket,near_equal | lane1_faster_0.03_0.06,1035,137,13.24,103500,100900,-2600,97.49,736.5,10.08,74.47,738.96,23.02,3.16,-2.46,mixed_edge
1-5,lane1_target_group_pair x other_a_count_bucket,A-B | 1,1432,87,6.08,143200,139340,-3860,97.3,1601.61,6.57,78.41,1193.16,18.89,-0.49,408.45,mixed_edge
1-2,lane1_target_start_gap_pair,best-0.04-0.06,1184,275,23.23,118400,115140,-3260,97.25,418.69,18.99,80.04,421.45,17.21,4.24,-2.76,mixed_edge
1-2,target_lane x lane1_target_start_gap_pair,2 | best-0.04-0.06,1184,275,23.23,118400,115140,-3260,97.25,418.69,18.99,80.04,421.45,17.21,4.24,-2.76,mixed_edge
1-2,lane1_start_exhibition_gap_bucket x target_start_exhibition_gap_bucket,best | 0.04-0.06,1184,275,23.23,118400,115140,-3260,97.25,418.69,18.99,80.04,421.45,17.21,4.24,-2.76,mixed_edge
1-2,other_st_faster_than_target_count_bucket,0,4168,989,23.73,416800,404930,-11870,97.15,409.43,18.99,80.04,421.45,17.11,4.74,-12.02,mixed_edge
1-4,target_exhibition_st_rank_bucket x other_st_faster_than_target_count_bucket,2 | 0,972,140,14.4,97200,94370,-2830,97.09,674.07,10.08,74.47,738.96,22.62,4.32,-64.89,mixed_edge
1-2,target_exhibition_st_rank_bucket x other_st_faster_than_target_count_bucket,3 | 1,1635,390,23.85,163500,158680,-4820,97.05,406.87,18.99,80.04,421.45,17.01,4.86,-14.58,mixed_edge
1-2,stadium_code,18,744,177,23.79,74400,72100,-2300,96.91,407.34,18.99,80.04,421.45,16.87,4.8,-14.11,mixed_edge
1-2,stadium_code x target_lane,18 | 2,744,177,23.79,74400,72100,-2300,96.91,407.34,18.99,80.04,421.45,16.87,4.8,-14.11,mixed_edge
1-6,target_exhibition_st_rank_bucket x other_st_faster_than_target_count_bucket,2 | 1,976,58,5.94,97600,94320,-3280,96.64,1626.21,3.91,69.96,1787.33,26.68,2.03,-161.12,mixed_edge
1-2,lane1_target_start_gap_pair x target_outer_pressure_bucket,<=0.03-best | high_other_pressure,724,166,22.93,72400,69960,-2440,96.63,421.45,18.99,80.04,421.45,16.59,3.94,0.0,mixed_edge
1-2,stadium_code,04,761,115,15.11,76100,73440,-2660,96.5,638.61,18.99,80.04,421.45,16.46,-3.88,217.16,mixed_edge
1-2,stadium_code x target_lane,04 | 2,761,115,15.11,76100,73440,-2660,96.5,638.61,18.99,80.04,421.45,16.46,-3.88,217.16,mixed_edge
1-5,stadium_code,17,677,47,6.94,67700,65170,-2530,96.26,1386.6,6.57,78.41,1193.16,17.85,0.37,193.44,mixed_edge
1-5,stadium_code x target_lane,17 | 5,677,47,6.94,67700,65170,-2530,96.26,1386.6,6.57,78.41,1193.16,17.85,0.37,193.44,mixed_edge
1-6,lane1_target_start_gap_pair,best-<=0.03,718,44,6.13,71800,69110,-2690,96.25,1570.68,3.91,69.96,1787.33,26.29,2.22,-216.65,mixed_edge
1-6,target_lane x lane1_target_start_gap_pair,6 | best-<=0.03,718,44,6.13,71800,69110,-2690,96.25,1570.68,3.91,69.96,1787.33,26.29,2.22,-216.65,mixed_edge
1-6,lane1_start_exhibition_gap_bucket x target_start_exhibition_gap_bucket,best | <=0.03,718,44,6.13,71800,69110,-2690,96.25,1570.68,3.91,69.96,1787.33,26.29,2.22,-216.65,mixed_edge
1-3,grade_group,G3,414,76,18.36,41400,39830,-1570,96.21,524.08,15.77,78.64,498.72,17.57,2.59,25.36,mixed_edge
1-5,lane1_target_group_pair x target_outer_pressure_bucket,B-A | some_other_pressure,566,53,9.36,56600,54420,-2180,96.15,1026.79,6.57,78.41,1193.16,17.74,2.79,-166.37,mixed_edge
1-5,stadium_code,24,612,44,7.19,61200,58730,-2470,95.96,1334.77,6.57,78.41,1193.16,17.55,0.62,141.61,mixed_edge
1-5,stadium_code x target_lane,24 | 5,612,44,7.19,61200,58730,-2470,95.96,1334.77,6.57,78.41,1193.16,17.55,0.62,141.61,mixed_edge
1-6,lane1_target_start_gap_pair x target_outer_pressure_bucket,>0.06-best | low_other_pressure,66,8,12.12,6600,6330,-270,95.91,791.25,3.91,69.96,1787.33,25.95,8.21,-996.08,probability_plus_price
1-6,lane1_target_national_rank_pair x target_outer_pressure_bucket,1-3 | high_other_pressure,382,23,6.02,38200,36620,-1580,95.86,1592.17,3.91,69.96,1787.33,25.9,2.11,-195.16,mixed_edge
1-2,grade_group,SG,70,19,27.14,7000,6710,-290,95.86,353.16,18.99,80.04,421.45,15.82,8.15,-68.29,mixed_edge
1-5,stadium_code,22,575,53,9.22,57500,55090,-2410,95.81,1039.43,6.57,78.41,1193.16,17.4,2.65,-153.73,mixed_edge
1-5,stadium_code x target_lane,22 | 5,575,53,9.22,57500,55090,-2410,95.81,1039.43,6.57,78.41,1193.16,17.4,2.65,-153.73,mixed_edge
1-3,lane1_target_start_gap_pair x target_outer_pressure_bucket,best->0.06 | some_other_pressure,217,57,26.27,21700,20790,-910,95.81,364.74,15.77,78.64,498.72,17.17,10.5,-133.98,mixed_edge
1-3,lane1_target_exhibition_st_rank_pair,2-1,599,134,22.37,59900,57160,-2740,95.43,426.57,15.77,78.64,498.72,16.79,6.6,-72.15,mixed_edge
1-3,lane1_exhibition_st_rank_bucket x target_exhibition_st_rank_bucket,2 | 1,599,134,22.37,59900,57160,-2740,95.43,426.57,15.77,78.64,498.72,16.79,6.6,-72.15,mixed_edge
1-4,lane1_target_exhibition_st_rank_pair,2-3,466,51,10.94,46600,44450,-2150,95.39,871.57,10.08,74.47,738.96,20.92,0.86,132.61,mixed_edge
1-4,lane1_exhibition_st_rank_bucket x target_exhibition_st_rank_bucket,2 | 3,466,51,10.94,46600,44450,-2150,95.39,871.57,10.08,74.47,738.96,20.92,0.86,132.61,mixed_edge
1-3,stadium_code,08,558,103,18.46,55800,53220,-2580,95.38,516.7,15.77,78.64,498.72,16.74,2.69,17.98,mixed_edge
1-3,stadium_code x target_lane,08 | 3,558,103,18.46,55800,53220,-2580,95.38,516.7,15.77,78.64,498.72,16.74,2.69,17.98,mixed_edge
1-6,lane1_target_national_rank_pair x target_outer_pressure_bucket,2-3 | high_other_pressure,357,20,5.6,35700,33980,-1720,95.18,1699.0,3.91,69.96,1787.33,25.22,1.69,-88.33,mixed_edge
1-3,lane1_target_national_rank_pair x target_outer_pressure_bucket,2-3 | some_other_pressure,298,75,25.17,29800,28350,-1450,95.13,378.0,15.77,78.64,498.72,16.49,9.4,-120.72,mixed_edge
1-3,target_exhibition_st_rank_bucket,2,2821,527,18.68,282100,267980,-14120,94.99,508.5,15.77,78.64,498.72,16.35,2.91,9.78,mixed_edge
1-3,target_lane x target_exhibition_st_rank_bucket,3 | 2,2821,527,18.68,282100,267980,-14120,94.99,508.5,15.77,78.64,498.72,16.35,2.91,9.78,mixed_edge
1-6,lane1_target_national_rank_pair,2-3,629,36,5.72,62900,59750,-3150,94.99,1659.72,3.91,69.96,1787.33,25.03,1.81,-127.61,mixed_edge
1-6,target_lane x lane1_target_national_rank_pair,6 | 2-3,629,36,5.72,62900,59750,-3150,94.99,1659.72,3.91,69.96,1787.33,25.03,1.81,-127.61,mixed_edge
1-4,lane1_target_start_gap_pair x target_outer_pressure_bucket,<=0.03-best | some_other_pressure,118,28,23.73,11800,11200,-600,94.92,400.0,10.08,74.47,738.96,20.45,13.65,-338.96,mixed_edge
1-5,lane1_target_start_gap_pair,<=0.03-0.04-0.06,635,45,7.09,63500,60240,-3260,94.87,1338.67,6.57,78.41,1193.16,16.46,0.52,145.51,mixed_edge
1-5,target_lane x lane1_target_start_gap_pair,5 | <=0.03-0.04-0.06,635,45,7.09,63500,60240,-3260,94.87,1338.67,6.57,78.41,1193.16,16.46,0.52,145.51,mixed_edge
1-5,lane1_start_exhibition_gap_bucket x target_start_exhibition_gap_bucket,<=0.03 | 0.04-0.06,635,45,7.09,63500,60240,-3260,94.87,1338.67,6.57,78.41,1193.16,16.46,0.52,145.51,mixed_edge
1-3,lane1_target_start_gap_pair x target_outer_pressure_bucket,best->0.06 | high_other_pressure,1310,201,15.34,131000,124160,-6840,94.78,617.71,15.77,78.64,498.72,16.14,-0.43,118.99,mixed_edge
1-6,lane1_target_national_rank_pair x target_outer_pressure_bucket,2-3 | some_other_pressure,272,16,5.88,27200,25770,-1430,94.74,1610.62,3.91,69.96,1787.33,24.78,1.97,-176.71,mixed_edge
1-6,lane1_target_national_rank_pair x target_outer_pressure_bucket,3-2 | some_other_pressure,217,15,6.91,21700,20540,-1160,94.65,1369.33,3.91,69.96,1787.33,24.69,3.0,-418.0,mixed_edge
1-2,target_start_exhibition_gap_bucket,best,2674,621,23.22,267400,253070,-14330,94.64,407.52,18.99,80.04,421.45,14.6,4.23,-13.93,mixed_edge
1-2,target_lane x target_start_exhibition_gap_bucket,2 | best,2674,621,23.22,267400,253070,-14330,94.64,407.52,18.99,80.04,421.45,14.6,4.23,-13.93,mixed_edge
1-4,lane1_target_exhibition_time_diff_bucket x lane1_target_start_exhibition_st_diff_bucket,near_equal | near_equal,1850,236,12.76,185000,175080,-9920,94.64,741.86,10.08,74.47,738.96,20.17,2.68,2.9,mixed_edge
1-6,lane1_target_national_rank_pair x target_outer_pressure_bucket,3-1 | low_other_pressure,158,24,15.19,15800,14940,-860,94.56,622.5,3.91,69.96,1787.33,24.6,11.28,-1164.83,mixed_edge
1-6,lane1_target_start_gap_pair x target_outer_pressure_bucket,<=0.03->0.06 | low_other_pressure,57,6,10.53,5700,5390,-310,94.56,898.33,3.91,69.96,1787.33,24.6,6.62,-889.0,mixed_edge
1-3,lane1_target_start_gap_pair,best->0.06,1601,277,17.3,160100,151350,-8750,94.53,546.39,15.77,78.64,498.72,15.89,1.53,47.67,mixed_edge
1-3,target_lane x lane1_target_start_gap_pair,3 | best->0.06,1601,277,17.3,160100,151350,-8750,94.53,546.39,15.77,78.64,498.72,15.89,1.53,47.67,mixed_edge
1-3,lane1_start_exhibition_gap_bucket x target_start_exhibition_gap_bucket,best | >0.06,1601,277,17.3,160100,151350,-8750,94.53,546.39,15.77,78.64,498.72,15.89,1.53,47.67,mixed_edge
1-5,lane1_target_class_pair,A2-B1,2364,140,5.92,236400,223370,-13030,94.49,1595.5,6.57,78.41,1193.16,16.08,-0.65,402.34,mixed_edge
1-6,lane1_target_start_exhibition_st_diff_bucket,target_faster_0.03_0.06,1556,82,5.27,155600,146980,-8620,94.46,1792.44,3.91,69.96,1787.33,24.5,1.36,5.11,mixed_edge
1-5,target_national_win_rank_bucket x other_national_better_than_target_count_bucket,4+ | 2,1957,149,7.61,195700,184820,-10880,94.44,1240.4,6.57,78.41,1193.16,16.03,1.04,47.24,mixed_edge
1-4,lane1_target_start_gap_pair,best-0.04-0.06,1045,143,13.68,104500,98430,-6070,94.19,688.32,10.08,74.47,738.96,19.72,3.6,-50.64,mixed_edge
1-4,target_lane x lane1_target_start_gap_pair,4 | best-0.04-0.06,1045,143,13.68,104500,98430,-6070,94.19,688.32,10.08,74.47,738.96,19.72,3.6,-50.64,mixed_edge
1-4,lane1_start_exhibition_gap_bucket x target_start_exhibition_gap_bucket,best | 0.04-0.06,1045,143,13.68,104500,98430,-6070,94.19,688.32,10.08,74.47,738.96,19.72,3.6,-50.64,mixed_edge
1-6,target_class_group x target_outer_pressure_bucket,B | low_other_pressure,86,8,9.3,8600,8100,-500,94.19,1012.5,3.91,69.96,1787.33,24.23,5.39,-774.83,mixed_edge
1-3,lane1_target_exhibition_time_diff_bucket x lane1_target_start_exhibition_st_diff_bucket,target_faster_0.05_0.10 | near_equal,564,119,21.1,56400,53110,-3290,94.17,446.3,15.77,78.64,498.72,15.53,5.33,-52.42,mixed_edge
1-4,lane1_target_start_gap_pair,0.04-0.06-best,736,93,12.64,73600,69270,-4330,94.12,744.84,10.08,74.47,738.96,19.65,2.56,5.88,mixed_edge
1-4,target_lane x lane1_target_start_gap_pair,4 | 0.04-0.06-best,736,93,12.64,73600,69270,-4330,94.12,744.84,10.08,74.47,738.96,19.65,2.56,5.88,mixed_edge
1-4,lane1_start_exhibition_gap_bucket x target_start_exhibition_gap_bucket,0.04-0.06 | best,736,93,12.64,73600,69270,-4330,94.12,744.84,10.08,74.47,738.96,19.65,2.56,5.88,mixed_edge
1-5,lane1_motor_rank_bucket,1,2866,214,7.47,286600,269720,-16880,94.11,1260.37,6.57,78.41,1193.16,15.7,0.9,67.21,mixed_edge
1-5,lane1_target_start_gap_pair x target_outer_pressure_bucket,0.04-0.06-<=0.03 | high_other_pressure,563,38,6.75,56300,52890,-3410,93.94,1391.84,6.57,78.41,1193.16,15.53,0.18,198.68,mixed_edge
1-3,target_class_group x target_outer_pressure_bucket,B | some_other_pressure,571,147,25.74,57100,53620,-3480,93.91,364.76,15.77,78.64,498.72,15.27,9.97,-133.96,mixed_edge
1-6,target_national_win_rank_bucket x other_national_better_than_target_count_bucket,2 | 1,1490,74,4.97,149000,139880,-9120,93.88,1890.27,3.91,69.96,1787.33,23.92,1.06,102.94,mixed_edge
1-4,lane1_target_national_rank_pair x target_outer_pressure_bucket,2-1 | low_other_pressure,219,63,28.77,21900,20560,-1340,93.88,326.35,10.08,74.47,738.96,19.41,18.69,-412.61,mixed_edge
1-3,lane1_target_exhibition_time_diff_bucket x lane1_target_start_exhibition_st_diff_bucket,lane1_faster_0.05_0.10 | near_equal,1009,199,19.72,100900,94700,-6200,93.86,475.88,15.77,78.64,498.72,15.22,3.95,-22.84,mixed_edge
1-5,lane1_target_start_gap_pair x target_outer_pressure_bucket,0.04-0.06-best | some_other_pressure,86,7,8.14,8600,8070,-530,93.84,1152.86,6.57,78.41,1193.16,15.43,1.57,-40.3,mixed_edge
1-4,lane1_target_start_gap_pair x target_outer_pressure_bucket,<=0.03-0.04-0.06 | some_other_pressure,97,15,15.46,9700,9100,-600,93.81,606.67,10.08,74.47,738.96,19.34,5.38,-132.29,mixed_edge
1-5,lane1_target_national_win_diff_bucket,near_equal,2657,218,8.2,265700,249090,-16610,93.75,1142.61,6.57,78.41,1193.16,15.34,1.63,-50.55,mixed_edge
1-2,lane1_target_class_pair,A1-B1,1504,355,23.6,150400,140930,-9470,93.7,396.99,18.99,80.04,421.45,13.66,4.61,-24.46,mixed_edge
1-2,target_start_exhibition_gap_bucket,<=0.03,3546,799,22.53,354600,332000,-22600,93.63,415.52,18.99,80.04,421.45,13.59,3.54,-5.93,mixed_edge
1-2,target_lane x target_start_exhibition_gap_bucket,2 | <=0.03,3546,799,22.53,354600,332000,-22600,93.63,415.52,18.99,80.04,421.45,13.59,3.54,-5.93,mixed_edge
1-2,lane1_target_start_gap_pair x target_outer_pressure_bucket,0.04-0.06-<=0.03 | low_other_pressure,48,16,33.33,4800,4490,-310,93.54,280.62,18.99,80.04,421.45,13.5,14.34,-140.83,mixed_edge
1-5,lane1_target_national_rank_pair x target_outer_pressure_bucket,1-3 | some_other_pressure,301,44,14.62,30100,28120,-1980,93.42,639.09,6.57,78.41,1193.16,15.01,8.05,-554.07,mixed_edge
1-5,lane1_target_start_gap_pair,0.04-0.06-<=0.03,673,52,7.73,67300,62830,-4470,93.36,1208.27,6.57,78.41,1193.16,14.95,1.16,15.11,mixed_edge
1-5,target_lane x lane1_target_start_gap_pair,5 | 0.04-0.06-<=0.03,673,52,7.73,67300,62830,-4470,93.36,1208.27,6.57,78.41,1193.16,14.95,1.16,15.11,mixed_edge
1-5,lane1_start_exhibition_gap_bucket x target_start_exhibition_gap_bucket,0.04-0.06 | <=0.03,673,52,7.73,67300,62830,-4470,93.36,1208.27,6.57,78.41,1193.16,14.95,1.16,15.11,mixed_edge
1-6,lane1_target_start_gap_pair x target_outer_pressure_bucket,0.04-0.06->0.06 | some_other_pressure,101,7,6.93,10100,9420,-680,93.27,1345.71,3.91,69.96,1787.33,23.31,3.02,-441.62,mixed_edge
1-5,lane1_target_start_gap_pair,best-0.04-0.06,925,83,8.97,92500,86220,-6280,93.21,1038.8,6.57,78.41,1193.16,14.8,2.4,-154.36,mixed_edge
1-5,target_lane x lane1_target_start_gap_pair,5 | best-0.04-0.06,925,83,8.97,92500,86220,-6280,93.21,1038.8,6.57,78.41,1193.16,14.8,2.4,-154.36,mixed_edge
1-5,lane1_start_exhibition_gap_bucket x target_start_exhibition_gap_bucket,best | 0.04-0.06,925,83,8.97,92500,86220,-6280,93.21,1038.8,6.57,78.41,1193.16,14.8,2.4,-154.36,mixed_edge
1-5,lane1_target_start_gap_pair x target_outer_pressure_bucket,>0.06-<=0.03 | low_other_pressure,57,9,15.79,5700,5310,-390,93.16,590.0,6.57,78.41,1193.16,14.75,9.22,-603.16,mixed_edge
1-2,lane1_target_national_rank_pair x target_outer_pressure_bucket,3-1 | some_other_pressure,118,36,30.51,11800,10990,-810,93.14,305.28,18.99,80.04,421.45,13.1,11.52,-116.17,mixed_edge
1-5,lane1_target_start_gap_pair x target_outer_pressure_bucket,<=0.03-0.04-0.06 | high_other_pressure,546,33,6.04,54600,50840,-3760,93.11,1540.61,6.57,78.41,1193.16,14.7,-0.53,347.45,mixed_edge
1-5,lane1_target_national_rank_pair x target_outer_pressure_bucket,4+-2 | some_other_pressure,493,39,7.91,49300,45900,-3400,93.1,1176.92,6.57,78.41,1193.16,14.69,1.34,-16.24,mixed_edge
1-5,lane1_target_exhibition_st_rank_pair,2-4+,1726,115,6.66,172600,160610,-11990,93.05,1396.61,6.57,78.41,1193.16,14.64,0.09,203.45,mixed_edge
1-5,lane1_exhibition_st_rank_bucket x target_exhibition_st_rank_bucket,2 | 4+,1726,115,6.66,172600,160610,-11990,93.05,1396.61,6.57,78.41,1193.16,14.64,0.09,203.45,mixed_edge
1-4,other_group_pattern,B-A-A-B,841,69,8.2,84100,78210,-5890,93.0,1133.48,10.08,74.47,738.96,18.53,-1.88,394.52,mixed_edge
1-2,lane1_target_start_gap_pair,<=0.03-<=0.03,869,194,22.32,86900,80810,-6090,92.99,416.55,18.99,80.04,421.45,12.95,3.33,-4.9,mixed_edge
1-2,target_lane x lane1_target_start_gap_pair,2 | <=0.03-<=0.03,869,194,22.32,86900,80810,-6090,92.99,416.55,18.99,80.04,421.45,12.95,3.33,-4.9,mixed_edge
1-2,lane1_start_exhibition_gap_bucket x target_start_exhibition_gap_bucket,<=0.03 | <=0.03,869,194,22.32,86900,80810,-6090,92.99,416.55,18.99,80.04,421.45,12.95,3.33,-4.9,mixed_edge
1-6,lane1_target_national_rank_pair x target_outer_pressure_bucket,2-1 | low_other_pressure,157,25,15.92,15700,14600,-1100,92.99,584.0,3.91,69.96,1787.33,23.03,12.01,-1203.33,mixed_edge
1-6,lane1_target_group_pair x other_a_count_bucket,B-A | 2,1025,51,4.98,102500,95230,-7270,92.91,1867.25,3.91,69.96,1787.33,22.95,1.07,79.92,mixed_edge
1-3,lane1_target_exhibition_st_rank_pair,1-4+,1951,330,16.91,195100,181210,-13890,92.88,549.12,15.77,78.64,498.72,14.24,1.14,50.4,mixed_edge
1-3,lane1_exhibition_st_rank_bucket x target_exhibition_st_rank_bucket,1 | 4+,1951,330,16.91,195100,181210,-13890,92.88,549.12,15.77,78.64,498.72,14.24,1.14,50.4,mixed_edge
1-4,target_motor_rank_bucket,3,2480,284,11.45,248000,230240,-17760,92.84,810.7,10.08,74.47,738.96,18.37,1.37,71.74,mixed_edge
1-3,lane1_target_exhibition_time_diff_bucket x lane1_target_start_exhibition_st_diff_bucket,lane1_faster_0.05_0.10 | lane1_faster_0.06+,814,133,16.34,81400,75550,-5850,92.81,568.05,15.77,78.64,498.72,14.17,0.57,69.33,mixed_edge
1-6,lane1_target_group_pair x target_outer_pressure_bucket,A-B | some_other_pressure,239,17,7.11,23900,22170,-1730,92.76,1304.12,3.91,69.96,1787.33,22.8,3.2,-483.21,mixed_edge
1-4,lane1_target_exhibition_st_rank_pair,1-3,795,120,15.09,79500,73730,-5770,92.74,614.42,10.08,74.47,738.96,18.27,5.01,-124.54,mixed_edge
1-4,lane1_exhibition_st_rank_bucket x target_exhibition_st_rank_bucket,1 | 3,795,120,15.09,79500,73730,-5770,92.74,614.42,10.08,74.47,738.96,18.27,5.01,-124.54,mixed_edge
1-4,lane1_target_start_gap_pair x target_outer_pressure_bucket,best-0.04-0.06 | high_other_pressure,843,100,11.86,84300,78130,-6170,92.68,781.3,10.08,74.47,738.96,18.21,1.78,42.34,mixed_edge
1-6,other_group_pattern,B-B-A-B,1214,62,5.11,121400,112470,-8930,92.64,1814.03,3.91,69.96,1787.33,22.68,1.2,26.7,mixed_edge
1-2,lane1_target_exhibition_time_diff_bucket x lane1_target_start_exhibition_st_diff_bucket,near_equal | near_equal,2718,626,23.03,271800,251380,-20420,92.49,401.57,18.99,80.04,421.45,12.45,4.04,-19.88,mixed_edge
1-4,target_exhibition_st_rank_bucket x other_st_faster_than_target_count_bucket,3 | 1,1315,167,12.7,131500,121620,-9880,92.49,728.26,10.08,74.47,738.96,18.02,2.62,-10.7,mixed_edge
1-6,lane1_target_exhibition_st_rank_pair,4+-2,1047,53,5.06,104700,96760,-7940,92.42,1825.66,3.91,69.96,1787.33,22.46,1.15,38.33,mixed_edge
1-6,lane1_exhibition_st_rank_bucket x target_exhibition_st_rank_bucket,4+ | 2,1047,53,5.06,104700,96760,-7940,92.42,1825.66,3.91,69.96,1787.33,22.46,1.15,38.33,mixed_edge
1-2,lane1_target_start_gap_pair x target_outer_pressure_bucket,0.04-0.06-best | high_other_pressure,410,83,20.24,41000,37870,-3130,92.37,456.27,18.99,80.04,421.45,12.33,1.25,34.82,mixed_edge
1-2,lane1_target_exhibition_time_diff_bucket x lane1_target_start_exhibition_st_diff_bucket,lane1_faster_0.10+ | lane1_faster_0.03_0.06,329,61,18.54,32900,30350,-2550,92.25,497.54,18.99,80.04,421.45,12.21,-0.45,76.09,mixed_edge
1-6,other_national_better_than_target_count_bucket,1,2832,154,5.44,283200,260910,-22290,92.13,1694.22,3.91,69.96,1787.33,22.17,1.53,-93.11,mixed_edge
1-4,lane1_target_start_exhibition_st_diff_bucket,lane1_faster_0.03_0.06,2151,269,12.51,215100,198100,-17000,92.1,736.43,10.08,74.47,738.96,17.63,2.43,-2.53,mixed_edge
1-5,other_st_faster_than_target_count_bucket,2,3179,228,7.17,317900,292660,-25240,92.06,1283.6,6.57,78.41,1193.16,13.65,0.6,90.44,mixed_edge
1-2,lane1_target_start_gap_pair x target_outer_pressure_bucket,<=0.03-<=0.03 | high_other_pressure,678,140,20.65,67800,62410,-5390,92.05,445.79,18.99,80.04,421.45,12.01,1.66,24.34,mixed_edge
1-6,lane1_target_national_rank_pair x target_outer_pressure_bucket,4+-1 | some_other_pressure,269,19,7.06,26900,24750,-2150,92.01,1302.63,3.91,69.96,1787.33,22.05,3.15,-484.7,mixed_edge
1-5,stadium_code,03,527,33,6.26,52700,48460,-4240,91.95,1468.48,6.57,78.41,1193.16,13.54,-0.31,275.32,mixed_edge
1-5,stadium_code x target_lane,03 | 5,527,33,6.26,52700,48460,-4240,91.95,1468.48,6.57,78.41,1193.16,13.54,-0.31,275.32,mixed_edge
1-6,lane1_target_national_rank_pair x target_outer_pressure_bucket,1-2 | low_other_pressure,139,17,12.23,13900,12780,-1120,91.94,751.76,3.91,69.96,1787.33,21.98,8.32,-1035.57,mixed_edge
1-4,target_exhibition_st_rank_bucket x other_st_faster_than_target_count_bucket,3 | 0,207,30,14.49,20700,19030,-1670,91.93,634.33,10.08,74.47,738.96,17.46,4.41,-104.63,mixed_edge
1-6,stadium_code,13,752,38,5.05,75200,69110,-6090,91.9,1818.68,3.91,69.96,1787.33,21.94,1.14,31.35,mixed_edge
1-6,stadium_code x target_lane,13 | 6,752,38,5.05,75200,69110,-6090,91.9,1818.68,3.91,69.96,1787.33,21.94,1.14,31.35,mixed_edge
1-6,target_national_win_rank_bucket x other_national_better_than_target_count_bucket,3 | 1,1319,80,6.07,131900,121030,-10870,91.76,1512.88,3.91,69.96,1787.33,21.8,2.16,-274.45,mixed_edge
1-4,lane1_target_start_gap_pair x target_outer_pressure_bucket,>0.06-0.04-0.06 | some_other_pressure,115,12,10.43,11500,10550,-950,91.74,879.17,10.08,74.47,738.96,17.27,0.35,140.21,mixed_edge
1-5,target_local_win_rank_bucket,3,2389,182,7.62,238900,219080,-19820,91.7,1203.74,6.57,78.41,1193.16,13.29,1.05,10.58,mixed_edge
1-2,lane1_target_exhibition_time_diff_bucket x lane1_target_start_exhibition_st_diff_bucket,near_equal | target_faster_0.03_0.06,897,192,21.4,89700,82210,-7490,91.65,428.18,18.99,80.04,421.45,11.61,2.41,6.73,mixed_edge
1-5,lane1_target_exhibition_time_diff_bucket x lane1_target_start_exhibition_st_diff_bucket,lane1_faster_0.05_0.10 | target_faster_0.03_0.06,397,27,6.8,39700,36370,-3330,91.61,1347.04,6.57,78.41,1193.16,13.2,0.23,153.88,mixed_edge
1-6,stadium_code,23,690,27,3.91,69000,63190,-5810,91.58,2340.37,3.91,69.96,1787.33,21.62,0.0,553.04,mixed_edge
1-6,stadium_code x target_lane,23 | 6,690,27,3.91,69000,63190,-5810,91.58,2340.37,3.91,69.96,1787.33,21.62,0.0,553.04,mixed_edge
1-2,lane1_target_class_pair,A1-B2,95,14,14.74,9500,8690,-810,91.47,620.71,18.99,80.04,421.45,11.43,-4.25,199.26,mixed_edge
1-2,stadium_code,03,527,94,17.84,52700,48190,-4510,91.44,512.66,18.99,80.04,421.45,11.4,-1.15,91.21,mixed_edge
1-2,stadium_code x target_lane,03 | 2,527,94,17.84,52700,48190,-4510,91.44,512.66,18.99,80.04,421.45,11.4,-1.15,91.21,mixed_edge
1-2,other_group_pattern,A-B-A-A,466,81,17.38,46600,42450,-4150,91.09,524.07,18.99,80.04,421.45,11.05,-1.61,102.62,mixed_edge
1-2,lane1_target_class_pair,B2-A1,57,12,21.05,5700,5190,-510,91.05,432.5,18.99,80.04,421.45,11.01,2.06,11.05,mixed_edge
1-6,other_group_pattern,A-B-A-B,1031,35,3.39,103100,93860,-9240,91.04,2681.71,3.91,69.96,1787.33,21.08,-0.52,894.38,mixed_edge
1-4,lane1_target_national_rank_pair x target_outer_pressure_bucket,4+-2 | some_other_pressure,507,55,10.85,50700,46110,-4590,90.95,838.36,10.08,74.47,738.96,16.48,0.77,99.4,mixed_edge
1-5,other_group_pattern,A-B-A-A,604,37,6.13,60400,54900,-5500,90.89,1483.78,6.57,78.41,1193.16,12.48,-0.44,290.62,mixed_edge
1-6,lane1_target_group_pair x other_a_count_bucket,B-B | 0,636,31,4.87,63600,57800,-5800,90.88,1864.52,3.91,69.96,1787.33,20.92,0.96,77.19,mixed_edge
1-3,other_group_pattern,B-A-B-A,869,127,14.61,86900,78970,-7930,90.87,621.81,15.77,78.64,498.72,12.23,-1.16,123.09,mixed_edge
1-6,lane1_target_national_rank_pair,4+-2,993,42,4.23,99300,90190,-9110,90.83,2147.38,3.91,69.96,1787.33,20.87,0.32,360.05,mixed_edge
1-6,target_lane x lane1_target_national_rank_pair,6 | 4+-2,993,42,4.23,99300,90190,-9110,90.83,2147.38,3.91,69.96,1787.33,20.87,0.32,360.05,mixed_edge
1-5,target_exhibition_rank_bucket x other_exhibition_faster_than_target_count_bucket,4+ | 1,515,34,6.6,51500,46770,-4730,90.82,1375.59,6.57,78.41,1193.16,12.41,0.03,182.43,mixed_edge
1-3,target_exhibition_st_rank_bucket x other_st_faster_than_target_count_bucket,4+ | 2,1720,298,17.33,172000,156190,-15810,90.81,524.13,15.77,78.64,498.72,12.17,1.56,25.41,mixed_edge
1-5,other_exhibition_faster_than_target_count_bucket,0,3189,288,9.03,318900,289470,-29430,90.77,1005.1,6.57,78.41,1193.16,12.36,2.46,-188.06,mixed_edge
1-5,lane1_target_start_gap_pair x target_outer_pressure_bucket,best->0.06 | some_other_pressure,274,32,11.68,27400,24830,-2570,90.62,775.94,6.57,78.41,1193.16,12.21,5.11,-417.22,mixed_edge
1-3,lane1_target_national_rank_pair,1-3,767,214,27.9,76700,69440,-7260,90.53,324.49,15.77,78.64,498.72,11.89,12.13,-174.23,mixed_edge
1-3,target_lane x lane1_target_national_rank_pair,3 | 1-3,767,214,27.9,76700,69440,-7260,90.53,324.49,15.77,78.64,498.72,11.89,12.13,-174.23,mixed_edge
1-4,lane1_target_start_gap_pair x target_outer_pressure_bucket,<=0.03-<=0.03 | high_other_pressure,707,71,10.04,70700,64000,-6700,90.52,901.41,10.08,74.47,738.96,16.05,-0.04,162.45,mixed_edge
1-4,lane1_target_start_gap_pair,<=0.03-<=0.03,858,100,11.66,85800,77660,-8140,90.51,776.6,10.08,74.47,738.96,16.04,1.58,37.64,mixed_edge
1-4,target_lane x lane1_target_start_gap_pair,4 | <=0.03-<=0.03,858,100,11.66,85800,77660,-8140,90.51,776.6,10.08,74.47,738.96,16.04,1.58,37.64,mixed_edge
1-4,lane1_start_exhibition_gap_bucket x target_start_exhibition_gap_bucket,<=0.03 | <=0.03,858,100,11.66,85800,77660,-8140,90.51,776.6,10.08,74.47,738.96,16.04,1.58,37.64,mixed_edge
1-5,target_motor_rank_bucket,3,2369,176,7.43,236900,214280,-22620,90.45,1217.5,6.57,78.41,1193.16,12.04,0.86,24.34,mixed_edge
1-2,other_group_pattern,B-A-B-B,1280,258,20.16,128000,115690,-12310,90.38,448.41,18.99,80.04,421.45,10.34,1.17,26.96,mixed_edge
1-5,other_group_pattern,A-B-B-B,948,73,7.7,94800,85660,-9140,90.36,1173.42,6.57,78.41,1193.16,11.95,1.13,-19.74,mixed_edge
1-2,lane1_target_start_exhibition_st_diff_bucket,near_equal,5365,1160,21.62,536500,484480,-52020,90.3,417.66,18.99,80.04,421.45,10.26,2.63,-3.79,mixed_edge
1-3,lane1_target_group_pair x other_a_count_bucket,B-B | 2,1473,112,7.6,147300,133000,-14300,90.29,1187.5,15.77,78.64,498.72,11.65,-8.17,688.78,mixed_edge
1-6,lane1_target_start_exhibition_st_diff_bucket,target_faster_0.06+,2847,131,4.6,284700,257010,-27690,90.27,1961.91,3.91,69.96,1787.33,20.31,0.69,174.58,mixed_edge
1-2,stadium_code,24,612,148,24.18,61200,55230,-5970,90.25,373.18,18.99,80.04,421.45,10.21,5.19,-48.27,mixed_edge
1-2,stadium_code x target_lane,24 | 2,612,148,24.18,61200,55230,-5970,90.25,373.18,18.99,80.04,421.45,10.21,5.19,-48.27,mixed_edge
1-2,lane1_target_national_rank_pair x target_outer_pressure_bucket,1-2 | some_other_pressure,201,76,37.81,20100,18140,-1960,90.25,238.68,18.99,80.04,421.45,10.21,18.82,-182.77,mixed_edge
1-5,lane1_target_group_pair x other_a_count_bucket,A-A | 2,899,113,12.57,89900,81080,-8820,90.19,717.52,6.57,78.41,1193.16,11.78,6.0,-475.64,mixed_edge
1-5,lane1_target_local_win_diff_bucket,near_equal,2055,181,8.81,205500,185320,-20180,90.18,1023.87,6.57,78.41,1193.16,11.77,2.24,-169.29,mixed_edge
1-6,lane1_target_start_gap_pair,>0.06-<=0.03,843,38,4.51,84300,76020,-8280,90.18,2000.53,3.91,69.96,1787.33,20.22,0.6,213.2,mixed_edge
1-6,target_lane x lane1_target_start_gap_pair,6 | >0.06-<=0.03,843,38,4.51,84300,76020,-8280,90.18,2000.53,3.91,69.96,1787.33,20.22,0.6,213.2,mixed_edge
1-6,lane1_start_exhibition_gap_bucket x target_start_exhibition_gap_bucket,>0.06 | <=0.03,843,38,4.51,84300,76020,-8280,90.18,2000.53,3.91,69.96,1787.33,20.22,0.6,213.2,mixed_edge
1-5,other_st_faster_than_target_count_bucket,0,3426,267,7.79,342600,308930,-33670,90.17,1157.04,6.57,78.41,1193.16,11.76,1.22,-36.12,mixed_edge
1-6,other_group_pattern,A-B-A-A,497,9,1.81,49700,44780,-4920,90.1,4975.56,3.91,69.96,1787.33,20.14,-2.1,3188.23,mixed_edge
1-3,lane1_target_exhibition_time_diff_bucket x lane1_target_start_exhibition_st_diff_bucket,lane1_faster_0.10+ | near_equal,632,110,17.41,63200,56920,-6280,90.06,517.45,15.77,78.64,498.72,11.42,1.64,18.73,mixed_edge
1-5,lane1_target_exhibition_time_diff_bucket x lane1_target_start_exhibition_st_diff_bucket,near_equal | near_equal,1760,135,7.67,176000,158460,-17540,90.03,1173.78,6.57,78.41,1193.16,11.62,1.1,-19.38,mixed_edge
1-5,lane1_target_start_gap_pair x target_outer_pressure_bucket,best->0.06 | low_other_pressure,73,13,17.81,7300,6570,-730,90.0,505.38,6.57,78.41,1193.16,11.59,11.24,-687.78,mixed_edge
1-6,lane1_target_start_gap_pair x target_outer_pressure_bucket,best-<=0.03 | high_other_pressure,592,27,4.56,59200,53270,-5930,89.98,1972.96,3.91,69.96,1787.33,20.02,0.65,185.63,mixed_edge
1-2,lane1_target_national_rank_pair,3-2,584,138,23.63,58400,52490,-5910,89.88,380.36,18.99,80.04,421.45,9.84,4.64,-41.09,mixed_edge
1-2,target_lane x lane1_target_national_rank_pair,2 | 3-2,584,138,23.63,58400,52490,-5910,89.88,380.36,18.99,80.04,421.45,9.84,4.64,-41.09,mixed_edge
1-2,lane1_target_start_gap_pair x target_outer_pressure_bucket,best-best | some_other_pressure,56,16,28.57,5600,5030,-570,89.82,314.38,18.99,80.04,421.45,9.78,9.58,-107.07,mixed_edge
1-6,lane1_target_group_pair x other_a_count_bucket,A-A | 1,1047,101,9.65,104700,94020,-10680,89.8,930.89,3.91,69.96,1787.33,19.84,5.74,-856.44,mixed_edge
1-6,lane1_target_group_pair x target_outer_pressure_bucket,A-B | low_other_pressure,49,5,10.2,4900,4400,-500,89.8,880.0,3.91,69.96,1787.33,19.84,6.29,-907.33,mixed_edge
1-3,lane1_target_start_exhibition_st_diff_bucket,lane1_faster_0.03_0.06,2399,433,18.05,239900,215360,-24540,89.77,497.37,15.77,78.64,498.72,11.13,2.28,-1.35,mixed_edge
1-4,stadium_code,03,527,46,8.73,52700,47260,-5440,89.68,1027.39,10.08,74.47,738.96,15.21,-1.35,288.43,mixed_edge
1-4,stadium_code x target_lane,03 | 4,527,46,8.73,52700,47260,-5440,89.68,1027.39,10.08,74.47,738.96,15.21,-1.35,288.43,mixed_edge
1-2,lane1_target_exhibition_time_diff_bucket x lane1_target_start_exhibition_st_diff_bucket,lane1_faster_0.05_0.10 | near_equal,1056,226,21.4,105600,94640,-10960,89.62,418.76,18.99,80.04,421.45,9.58,2.41,-2.69,mixed_edge
1-2,lane1_target_group_pair x other_a_count_bucket,A-B | 3,559,99,17.71,55900,50060,-5840,89.55,505.66,18.99,80.04,421.45,9.51,-1.28,84.21,mixed_edge
1-2,target_exhibition_st_rank_bucket,1,2268,495,21.83,226800,203070,-23730,89.54,410.24,18.99,80.04,421.45,9.5,2.84,-11.21,mixed_edge
1-2,target_lane x target_exhibition_st_rank_bucket,2 | 1,2268,495,21.83,226800,203070,-23730,89.54,410.24,18.99,80.04,421.45,9.5,2.84,-11.21,mixed_edge
1-2,target_exhibition_st_rank_bucket x other_st_faster_than_target_count_bucket,1 | 0,2268,495,21.83,226800,203070,-23730,89.54,410.24,18.99,80.04,421.45,9.5,2.84,-11.21,mixed_edge
1-5,race_no_bucket,1-3R,3827,242,6.32,382700,342150,-40550,89.4,1413.84,6.57,78.41,1193.16,10.99,-0.25,220.68,mixed_edge
1-5,race_no_bucket x target_lane,1-3R | 5,3827,242,6.32,382700,342150,-40550,89.4,1413.84,6.57,78.41,1193.16,10.99,-0.25,220.68,mixed_edge
1-3,target_exhibition_st_rank_bucket x other_st_faster_than_target_count_bucket,4+ | 1,146,23,15.75,14600,13050,-1550,89.38,567.39,15.77,78.64,498.72,10.74,-0.02,68.67,mixed_edge
1-2,other_group_pattern,A-B-B-A,1008,165,16.37,100800,90070,-10730,89.36,545.88,18.99,80.04,421.45,9.32,-2.62,124.43,mixed_edge
1-6,lane1_target_class_pair,A2-A2,951,61,6.41,95100,84940,-10160,89.32,1392.46,3.91,69.96,1787.33,19.36,2.5,-394.87,mixed_edge
1-4,lane1_target_group_pair x target_outer_pressure_bucket,B-A | some_other_pressure,527,58,11.01,52700,47070,-5630,89.32,811.55,10.08,74.47,738.96,14.85,0.93,72.59,mixed_edge
1-3,lane1_target_national_rank_pair x target_outer_pressure_bucket,3-1 | low_other_pressure,157,43,27.39,15700,14020,-1680,89.3,326.05,15.77,78.64,498.72,10.66,11.62,-172.67,mixed_edge
1-6,stadium_code,08,558,21,3.76,55800,49790,-6010,89.23,2370.95,3.91,69.96,1787.33,19.27,-0.15,583.62,mixed_edge
1-6,stadium_code x target_lane,08 | 6,558,21,3.76,55800,49790,-6010,89.23,2370.95,3.91,69.96,1787.33,19.27,-0.15,583.62,mixed_edge
1-2,lane1_target_national_rank_pair,1-4+,2056,464,22.57,205600,183320,-22280,89.16,395.09,18.99,80.04,421.45,9.12,3.58,-26.36,mixed_edge
1-2,target_lane x lane1_target_national_rank_pair,2 | 1-4+,2056,464,22.57,205600,183320,-22280,89.16,395.09,18.99,80.04,421.45,9.12,3.58,-26.36,mixed_edge
1-2,lane1_target_national_rank_pair x target_outer_pressure_bucket,1-4+ | high_other_pressure,2056,464,22.57,205600,183320,-22280,89.16,395.09,18.99,80.04,421.45,9.12,3.58,-26.36,mixed_edge
1-5,lane1_target_national_rank_pair x target_outer_pressure_bucket,3-1 | some_other_pressure,95,15,15.79,9500,8470,-1030,89.16,564.67,6.57,78.41,1193.16,10.75,9.22,-628.49,mixed_edge
1-3,target_class,B2,542,55,10.15,54200,48310,-5890,89.13,878.36,15.77,78.64,498.72,10.49,-5.62,379.64,mixed_edge
1-4,lane1_target_exhibition_time_diff_bucket x lane1_target_start_exhibition_st_diff_bucket,lane1_faster_0.05_0.10 | near_equal,842,94,11.16,84200,75000,-9200,89.07,797.87,10.08,74.47,738.96,14.6,1.08,58.91,mixed_edge
1-2,lane1_target_start_gap_pair,0.04-0.06-best,581,129,22.2,58100,51670,-6430,88.93,400.54,18.99,80.04,421.45,8.89,3.21,-20.91,mixed_edge
1-2,target_lane x lane1_target_start_gap_pair,2 | 0.04-0.06-best,581,129,22.2,58100,51670,-6430,88.93,400.54,18.99,80.04,421.45,8.89,3.21,-20.91,mixed_edge
1-2,lane1_start_exhibition_gap_bucket x target_start_exhibition_gap_bucket,0.04-0.06 | best,581,129,22.2,58100,51670,-6430,88.93,400.54,18.99,80.04,421.45,8.89,3.21,-20.91,mixed_edge
1-5,lane1_target_motor_place_diff_bucket,lane1_plus_4_10,2608,182,6.98,260800,231890,-28910,88.91,1274.12,6.57,78.41,1193.16,10.5,0.41,80.96,mixed_edge
1-4,target_start_exhibition_gap_bucket,<=0.03,3477,405,11.65,347700,309090,-38610,88.9,763.19,10.08,74.47,738.96,14.43,1.57,24.23,mixed_edge
1-4,target_lane x target_start_exhibition_gap_bucket,4 | <=0.03,3477,405,11.65,347700,309090,-38610,88.9,763.19,10.08,74.47,738.96,14.43,1.57,24.23,mixed_edge
1-3,lane1_target_exhibition_time_diff_bucket x lane1_target_start_exhibition_st_diff_bucket,lane1_faster_0.05_0.10 | target_faster_0.03_0.06,403,69,17.12,40300,35820,-4480,88.88,519.13,15.77,78.64,498.72,10.24,1.35,20.41,mixed_edge
1-3,lane1_target_exhibition_st_rank_pair,2-3,679,130,19.15,67900,60340,-7560,88.87,464.15,15.77,78.64,498.72,10.23,3.38,-34.57,mixed_edge
1-3,lane1_exhibition_st_rank_bucket x target_exhibition_st_rank_bucket,2 | 3,679,130,19.15,67900,60340,-7560,88.87,464.15,15.77,78.64,498.72,10.23,3.38,-34.57,mixed_edge
1-5,target_start_exhibition_gap_bucket,<=0.03,3405,260,7.64,340500,302250,-38250,88.77,1162.5,6.57,78.41,1193.16,10.36,1.07,-30.66,mixed_edge
1-5,target_lane x target_start_exhibition_gap_bucket,5 | <=0.03,3405,260,7.64,340500,302250,-38250,88.77,1162.5,6.57,78.41,1193.16,10.36,1.07,-30.66,mixed_edge
1-5,other_group_pattern,A-A-B-A,573,32,5.58,57300,50840,-6460,88.73,1588.75,6.57,78.41,1193.16,10.32,-0.99,395.59,mixed_edge
1-5,lane1_target_start_exhibition_st_diff_bucket,near_equal,3762,276,7.34,376200,333730,-42470,88.71,1209.17,6.57,78.41,1193.16,10.3,0.77,16.01,mixed_edge
1-5,lane1_target_group_pair x other_a_count_bucket,A-B | 3,803,39,4.86,80300,71230,-9070,88.7,1826.41,6.57,78.41,1193.16,10.29,-1.71,633.25,mixed_edge
1-5,grade_group,G1,659,54,8.19,65900,58450,-7450,88.69,1082.41,6.57,78.41,1193.16,10.28,1.62,-110.75,mixed_edge
1-3,stadium_code,21,597,130,21.78,59700,52950,-6750,88.69,407.31,15.77,78.64,498.72,10.05,6.01,-91.41,mixed_edge
1-3,stadium_code x target_lane,21 | 3,597,130,21.78,59700,52950,-6750,88.69,407.31,15.77,78.64,498.72,10.05,6.01,-91.41,mixed_edge
1-5,target_exhibition_rank_bucket x other_exhibition_faster_than_target_count_bucket,3 | 1,1366,107,7.83,136600,120980,-15620,88.57,1130.65,6.57,78.41,1193.16,10.16,1.26,-62.51,mixed_edge
1-3,other_st_faster_than_target_count_bucket,0,4100,758,18.49,410000,362620,-47380,88.44,478.39,15.77,78.64,498.72,9.8,2.72,-20.33,mixed_edge
1-6,target_national_win_rank_bucket,2,2089,125,5.98,208900,184720,-24180,88.43,1477.76,3.91,69.96,1787.33,18.47,2.07,-309.57,mixed_edge
1-5,stadium_code,06,740,52,7.03,74000,65440,-8560,88.43,1258.46,6.57,78.41,1193.16,10.02,0.46,65.3,mixed_edge
1-5,stadium_code x target_lane,06 | 5,740,52,7.03,74000,65440,-8560,88.43,1258.46,6.57,78.41,1193.16,10.02,0.46,65.3,mixed_edge
1-5,lane1_target_start_gap_pair x target_outer_pressure_bucket,best-0.04-0.06 | high_other_pressure,770,56,7.27,77000,68080,-8920,88.42,1215.71,6.57,78.41,1193.16,10.01,0.7,22.55,mixed_edge
1-3,stadium_code,03,527,70,13.28,52700,46580,-6120,88.39,665.43,15.77,78.64,498.72,9.75,-2.49,166.71,mixed_edge
1-3,stadium_code x target_lane,03 | 3,527,70,13.28,52700,46580,-6120,88.39,665.43,15.77,78.64,498.72,9.75,-2.49,166.71,mixed_edge
1-5,lane1_target_national_win_diff_bucket,target_plus_1.00+,2482,200,8.06,248200,219360,-28840,88.38,1096.8,6.57,78.41,1193.16,9.97,1.49,-96.36,mixed_edge
1-3,lane1_target_national_rank_pair x target_outer_pressure_bucket,2-1 | some_other_pressure,167,56,33.53,16700,14760,-1940,88.38,263.57,15.77,78.64,498.72,9.74,17.76,-235.15,mixed_edge
1-2,lane1_target_group_pair x other_a_count_bucket,A-B | 0,857,251,29.29,85700,75630,-10070,88.25,301.31,18.99,80.04,421.45,8.21,10.3,-120.14,mixed_edge
1-5,lane1_target_start_exhibition_st_diff_bucket,lane1_faster_0.03_0.06,2010,157,7.81,201000,177330,-23670,88.22,1129.49,6.57,78.41,1193.16,9.81,1.24,-63.67,mixed_edge
1-6,lane1_target_exhibition_time_diff_bucket x lane1_target_start_exhibition_st_diff_bucket,near_equal | target_faster_0.06+,1319,61,4.62,131900,116260,-15640,88.14,1905.9,3.91,69.96,1787.33,18.18,0.71,118.57,mixed_edge
1-4,lane1_target_national_rank_pair x target_outer_pressure_bucket,4+-1 | high_other_pressure,543,66,12.15,54300,47860,-6440,88.14,725.15,10.08,74.47,738.96,13.67,2.07,-13.81,mixed_edge
1-3,lane1_target_start_gap_pair x target_outer_pressure_bucket,0.04-0.06-<=0.03 | high_other_pressure,509,74,14.54,50900,44860,-6040,88.13,606.22,15.77,78.64,498.72,9.49,-1.23,107.5,mixed_edge
1-6,lane1_target_start_gap_pair x target_outer_pressure_bucket,best-<=0.03 | low_other_pressure,32,7,21.88,3200,2820,-380,88.12,402.86,3.91,69.96,1787.33,18.16,17.97,-1384.47,mixed_edge
1-3,other_st_faster_than_target_count_bucket,1,3495,609,17.42,349500,307790,-41710,88.07,505.4,15.77,78.64,498.72,9.43,1.65,6.68,mixed_edge
1-5,other_group_pattern,B-B-B-A,890,83,9.33,89000,78360,-10640,88.04,944.1,6.57,78.41,1193.16,9.63,2.76,-249.06,mixed_edge
1-5,lane1_target_national_rank_pair x target_outer_pressure_bucket,2-1 | high_other_pressure,279,48,17.2,27900,24540,-3360,87.96,511.25,6.57,78.41,1193.16,9.55,10.63,-681.91,mixed_edge
1-5,lane1_target_local_win_diff_bucket,target_plus_0.35_1.00,1454,119,8.18,145400,127870,-17530,87.94,1074.54,6.57,78.41,1193.16,9.53,1.61,-118.62,mixed_edge
1-2,target_class_group x target_outer_pressure_bucket,B | some_other_pressure,706,181,25.64,70600,62020,-8580,87.85,342.65,18.99,80.04,421.45,7.81,6.65,-78.8,mixed_edge
1-6,lane1_target_exhibition_time_diff_bucket x lane1_target_start_exhibition_st_diff_bucket,lane1_faster_0.10+ | target_faster_0.06+,425,20,4.71,42500,37330,-5170,87.84,1866.5,3.91,69.96,1787.33,17.88,0.8,79.17,mixed_edge
1-4,lane1_target_start_gap_pair x target_outer_pressure_bucket,best->0.06 | low_other_pressure,111,27,24.32,11100,9750,-1350,87.84,361.11,10.08,74.47,738.96,13.37,14.24,-377.85,mixed_edge
1-3,lane1_target_start_exhibition_st_diff_bucket,near_equal,4776,865,18.11,477600,419310,-58290,87.8,484.75,15.77,78.64,498.72,9.16,2.34,-13.97,mixed_edge
1-6,lane1_target_group_pair x target_outer_pressure_bucket,A-A | low_other_pressure,370,50,13.51,37000,32480,-4520,87.78,649.6,3.91,69.96,1787.33,17.82,9.6,-1137.73,mixed_edge
1-6,lane1_target_class_pair,B1-A2,1278,60,4.69,127800,112170,-15630,87.77,1869.5,3.91,69.96,1787.33,17.81,0.78,82.17,mixed_edge
1-5,stadium_code,13,752,62,8.24,75200,65970,-9230,87.73,1064.03,6.57,78.41,1193.16,9.32,1.67,-129.13,mixed_edge
1-5,stadium_code x target_lane,13 | 5,752,62,8.24,75200,65970,-9230,87.73,1064.03,6.57,78.41,1193.16,9.32,1.67,-129.13,mixed_edge
1-4,target_exhibition_rank_bucket,1,1987,269,13.54,198700,174270,-24430,87.71,647.84,10.08,74.47,738.96,13.24,3.46,-91.12,mixed_edge
1-4,target_exhibition_rank_bucket x other_exhibition_faster_than_target_count_bucket,1 | 0,1987,269,13.54,198700,174270,-24430,87.71,647.84,10.08,74.47,738.96,13.24,3.46,-91.12,mixed_edge
1-4,lane1_target_class_pair,B1-A1,755,98,12.98,75500,66190,-9310,87.67,675.41,10.08,74.47,738.96,13.2,2.9,-63.55,mixed_edge
1-5,lane1_target_exhibition_time_diff_bucket,lane1_faster_0.05_0.10,3329,202,6.07,332900,291830,-41070,87.66,1444.7,6.57,78.41,1193.16,9.25,-0.5,251.54,mixed_edge
1-6,stadium_code,12,575,23,4.0,57500,50400,-7100,87.65,2191.3,3.91,69.96,1787.33,17.69,0.09,403.97,mixed_edge
1-6,stadium_code x target_lane,12 | 6,575,23,4.0,57500,50400,-7100,87.65,2191.3,3.91,69.96,1787.33,17.69,0.09,403.97,mixed_edge
1-3,lane1_exhibition_rank_bucket,1,4451,885,19.88,445100,390050,-55050,87.63,440.73,15.77,78.64,498.72,8.99,4.11,-57.99,mixed_edge
1-5,target_national_win_rank_bucket,3,2250,175,7.78,225000,197090,-27910,87.6,1126.23,6.57,78.41,1193.16,9.19,1.21,-66.93,mixed_edge
1-2,lane1_target_start_gap_pair x target_outer_pressure_bucket,0.04-0.06-0.04-0.06 | some_other_pressure,104,25,24.04,10400,9100,-1300,87.5,364.0,18.99,80.04,421.45,7.46,5.05,-57.45,mixed_edge
1-4,other_group_pattern,B-B-A-B,815,108,13.25,81500,71270,-10230,87.45,659.91,10.08,74.47,738.96,12.98,3.17,-79.05,mixed_edge
1-2,lane1_target_boat_place_diff_bucket,target_plus_10+,1854,369,19.9,185400,162110,-23290,87.44,439.32,18.99,80.04,421.45,7.4,0.91,17.87,mixed_edge
1-5,month,2026-04,1230,82,6.67,123000,107550,-15450,87.44,1311.59,6.57,78.41,1193.16,9.03,0.1,118.43,mixed_edge
1-3,lane1_target_group_pair x target_outer_pressure_bucket,B-B | some_other_pressure,236,50,21.19,23600,20630,-2970,87.42,412.6,15.77,78.64,498.72,8.78,5.42,-86.12,mixed_edge
1-5,lane1_target_exhibition_time_diff_bucket x lane1_target_start_exhibition_st_diff_bucket,target_faster_0.05_0.10 | target_faster_0.03_0.06,197,16,8.12,19700,17220,-2480,87.41,1076.25,6.57,78.41,1193.16,9.0,1.55,-116.91,mixed_edge
1-5,stadium_code,05,522,40,7.66,52200,45600,-6600,87.36,1140.0,6.57,78.41,1193.16,8.95,1.09,-53.16,mixed_edge
1-5,stadium_code x target_lane,05 | 5,522,40,7.66,52200,45600,-6600,87.36,1140.0,6.57,78.41,1193.16,8.95,1.09,-53.16,mixed_edge
1-2,lane1_target_motor_place_diff_bucket,target_plus_4_10,2549,507,19.89,254900,222550,-32350,87.31,438.95,18.99,80.04,421.45,7.27,0.9,17.5,mixed_edge
1-2,other_st_faster_than_target_count_bucket,1,2944,619,21.03,294400,257020,-37380,87.3,415.22,18.99,80.04,421.45,7.26,2.04,-6.23,mixed_edge
1-5,wind_bucket,0-2,6932,511,7.37,693200,604860,-88340,87.26,1183.68,6.57,78.41,1193.16,8.85,0.8,-9.48,mixed_edge
1-4,lane1_target_start_gap_pair x target_outer_pressure_bucket,<=0.03-best | low_other_pressure,43,8,18.6,4300,3750,-550,87.21,468.75,10.08,74.47,738.96,12.74,8.52,-270.21,mixed_edge
1-2,other_group_pattern,A-B-A-B,975,149,15.28,97500,84990,-12510,87.17,570.4,18.99,80.04,421.45,7.13,-3.71,148.95,mixed_edge
1-5,lane1_target_exhibition_time_diff_bucket x lane1_target_start_exhibition_st_diff_bucket,near_equal | lane1_faster_0.06+,1936,140,7.23,193600,168750,-24850,87.16,1205.36,6.57,78.41,1193.16,8.75,0.66,12.2,mixed_edge
1-3,stadium_code,20,581,106,18.24,58100,50610,-7490,87.11,477.45,15.77,78.64,498.72,8.47,2.47,-21.27,mixed_edge
1-3,stadium_code x target_lane,20 | 3,581,106,18.24,58100,50610,-7490,87.11,477.45,15.77,78.64,498.72,8.47,2.47,-21.27,mixed_edge
1-3,lane1_target_group_pair x other_a_count_bucket,A-B | 2,1422,191,13.43,142200,123820,-18380,87.07,648.27,15.77,78.64,498.72,8.43,-2.34,149.55,mixed_edge
1-3,lane1_target_exhibition_time_diff_bucket,lane1_faster_0.05_0.10,3294,567,17.21,329400,286770,-42630,87.06,505.77,15.77,78.64,498.72,8.42,1.44,7.05,mixed_edge
1-4,stadium_code,17,677,71,10.49,67700,58920,-8780,87.03,829.86,10.08,74.47,738.96,12.56,0.41,90.9,mixed_edge
1-4,stadium_code x target_lane,17 | 4,677,71,10.49,67700,58920,-8780,87.03,829.86,10.08,74.47,738.96,12.56,0.41,90.9,mixed_edge
1-4,lane1_exhibition_st_rank_bucket,1,4430,531,11.99,443000,385490,-57510,87.02,725.97,10.08,74.47,738.96,12.55,1.91,-12.99,mixed_edge
1-4,lane1_start_exhibition_gap_bucket,best,4430,531,11.99,443000,385490,-57510,87.02,725.97,10.08,74.47,738.96,12.55,1.91,-12.99,mixed_edge
1-5,lane1_target_group_pair,B-A,2333,185,7.93,233300,203000,-30300,87.01,1097.3,6.57,78.41,1193.16,8.6,1.36,-95.86,mixed_edge
1-6,grade_group,G3,414,17,4.11,41400,36000,-5400,86.96,2117.65,3.91,69.96,1787.33,17.0,0.2,330.32,mixed_edge
1-6,lane1_target_exhibition_time_diff_bucket,target_faster_0.05_0.10,1697,87,5.13,169700,147540,-22160,86.94,1695.86,3.91,69.96,1787.33,16.98,1.22,-91.47,mixed_edge
1-3,target_national_win_rank_bucket x other_national_better_than_target_count_bucket,3 | 1,1433,348,24.28,143300,124580,-18720,86.94,357.99,15.77,78.64,498.72,8.3,8.51,-140.73,mixed_edge
1-4,target_exhibition_st_rank_bucket,3,2632,293,11.13,263200,228810,-34390,86.93,780.92,10.08,74.47,738.96,12.46,1.05,41.96,mixed_edge
1-4,target_lane x target_exhibition_st_rank_bucket,4 | 3,2632,293,11.13,263200,228810,-34390,86.93,780.92,10.08,74.47,738.96,12.46,1.05,41.96,mixed_edge
1-5,lane1_target_group_pair x other_a_count_bucket,B-A | 4,39,3,7.69,3900,3390,-510,86.92,1130.0,6.57,78.41,1193.16,8.51,1.12,-63.16,mixed_edge
1-2,lane1_target_group_pair x other_a_count_bucket,A-A | 3,505,143,28.32,50500,43870,-6630,86.87,306.78,18.99,80.04,421.45,6.83,9.33,-114.67,mixed_edge
1-2,lane1_target_group_pair,A-B,4437,867,19.54,443700,385380,-58320,86.86,444.5,18.99,80.04,421.45,6.82,0.55,23.05,mixed_edge
1-4,lane1_target_national_rank_pair,4+-3,1166,84,7.2,116600,101260,-15340,86.84,1205.48,10.08,74.47,738.96,12.37,-2.88,466.52,mixed_edge
1-4,target_lane x lane1_target_national_rank_pair,4 | 4+-3,1166,84,7.2,116600,101260,-15340,86.84,1205.48,10.08,74.47,738.96,12.37,-2.88,466.52,mixed_edge
1-4,lane1_target_national_rank_pair x target_outer_pressure_bucket,4+-3 | high_other_pressure,1162,83,7.14,116200,100870,-15330,86.81,1215.3,10.08,74.47,738.96,12.34,-2.94,476.34,mixed_edge
1-5,stadium_code,23,690,44,6.38,69000,59900,-9100,86.81,1361.36,6.57,78.41,1193.16,8.4,-0.19,168.2,mixed_edge
1-5,stadium_code x target_lane,23 | 5,690,44,6.38,69000,59900,-9100,86.81,1361.36,6.57,78.41,1193.16,8.4,-0.19,168.2,mixed_edge
1-3,target_exhibition_st_rank_bucket,3,3152,558,17.7,315200,273590,-41610,86.8,490.3,15.77,78.64,498.72,8.16,1.93,-8.42,mixed_edge
1-3,target_lane x target_exhibition_st_rank_bucket,3 | 3,3152,558,17.7,315200,273590,-41610,86.8,490.3,15.77,78.64,498.72,8.16,1.93,-8.42,mixed_edge
1-4,lane1_target_start_exhibition_st_diff_bucket,near_equal,3963,474,11.96,396300,343860,-52440,86.77,725.44,10.08,74.47,738.96,12.3,1.88,-13.52,mixed_edge
1-2,lane1_target_national_rank_pair x target_outer_pressure_bucket,1-3 | high_other_pressure,425,122,28.71,42500,36840,-5660,86.68,301.97,18.99,80.04,421.45,6.64,9.72,-119.48,mixed_edge
1-2,lane1_target_group_pair x target_outer_pressure_bucket,A-B | low_other_pressure,91,36,39.56,9100,7880,-1220,86.59,218.89,18.99,80.04,421.45,6.55,20.57,-202.56,mixed_edge
1-6,target_local_win_rank_bucket,2,2180,119,5.46,218000,188670,-29330,86.55,1585.46,3.91,69.96,1787.33,16.59,1.55,-201.87,mixed_edge
1-6,lane1_target_national_rank_pair,1-3,683,43,6.3,68300,59110,-9190,86.54,1374.65,3.91,69.96,1787.33,16.58,2.39,-412.68,mixed_edge
1-6,target_lane x lane1_target_national_rank_pair,6 | 1-3,683,43,6.3,68300,59110,-9190,86.54,1374.65,3.91,69.96,1787.33,16.58,2.39,-412.68,mixed_edge
1-3,stadium_code,17,677,114,16.84,67700,58590,-9110,86.54,513.95,15.77,78.64,498.72,7.9,1.07,15.23,mixed_edge
1-3,stadium_code x target_lane,17 | 3,677,114,16.84,67700,58590,-9110,86.54,513.95,15.77,78.64,498.72,7.9,1.07,15.23,mixed_edge
1-5,lane1_motor_rank_bucket,2,2567,181,7.05,256700,222130,-34570,86.53,1227.24,6.57,78.41,1193.16,8.12,0.48,34.08,mixed_edge
1-3,lane1_target_start_gap_pair x target_outer_pressure_bucket,<=0.03-best | low_other_pressure,72,20,27.78,7200,6230,-970,86.53,311.5,15.77,78.64,498.72,7.89,12.01,-187.22,mixed_edge
1-5,lane1_local_win_rank_bucket,4+,6028,335,5.56,602800,521540,-81260,86.52,1556.84,6.57,78.41,1193.16,8.11,-1.01,363.68,mixed_edge
1-2,lane1_national_win_rank_bucket,1,3740,1011,27.03,374000,323580,-50420,86.52,320.06,18.99,80.04,421.45,6.48,8.04,-101.39,mixed_edge
1-3,lane1_target_start_gap_pair x target_outer_pressure_bucket,best->0.06 | low_other_pressure,74,19,25.68,7400,6400,-1000,86.49,336.84,15.77,78.64,498.72,7.85,9.91,-161.88,mixed_edge
1-2,lane1_target_group_pair x other_a_count_bucket,B-A | 1,1150,200,17.39,115000,99450,-15550,86.48,497.25,18.99,80.04,421.45,6.44,-1.6,75.8,mixed_edge
1-3,target_national_win_rank_bucket,3,2664,489,18.36,266400,230270,-36130,86.44,470.9,15.77,78.64,498.72,7.8,2.59,-27.82,mixed_edge
1-3,lane1_start_exhibition_gap_bucket,<=0.03,3295,587,17.81,329500,284680,-44820,86.4,484.97,15.77,78.64,498.72,7.76,2.04,-13.75,mixed_edge
1-5,target_class_group x target_outer_pressure_bucket,A | some_other_pressure,1346,155,11.52,134600,116280,-18320,86.39,750.19,6.57,78.41,1193.16,7.98,4.95,-442.97,mixed_edge
1-3,lane1_target_exhibition_time_diff_bucket x lane1_target_start_exhibition_st_diff_bucket,near_equal | lane1_faster_0.03_0.06,1152,213,18.49,115200,99520,-15680,86.39,467.23,15.77,78.64,498.72,7.75,2.72,-31.49,mixed_edge
1-2,lane1_local_win_rank_bucket,1,3471,880,25.35,347100,299830,-47270,86.38,340.72,18.99,80.04,421.45,6.34,6.36,-80.73,mixed_edge
1-2,target_exhibition_st_rank_bucket,3,2560,533,20.82,256000,221070,-34930,86.36,414.77,18.99,80.04,421.45,6.32,1.83,-6.68,mixed_edge
1-2,target_lane x target_exhibition_st_rank_bucket,2 | 3,2560,533,20.82,256000,221070,-34930,86.36,414.77,18.99,80.04,421.45,6.32,1.83,-6.68,mixed_edge
1-2,lane1_target_national_rank_pair x target_outer_pressure_bucket,4+-1 | high_other_pressure,532,106,19.92,53200,45940,-7260,86.35,433.4,18.99,80.04,421.45,6.31,0.93,11.95,mixed_edge
1-5,lane1_target_group_pair x target_outer_pressure_bucket,B-A | high_other_pressure,1510,105,6.95,151000,130380,-20620,86.34,1241.71,6.57,78.41,1193.16,7.93,0.38,48.55,mixed_edge
1-5,lane1_target_start_gap_pair x target_outer_pressure_bucket,>0.06-best | high_other_pressure,929,56,6.03,92900,80190,-12710,86.32,1431.96,6.57,78.41,1193.16,7.91,-0.54,238.8,mixed_edge
1-5,month,2026-03,4647,315,6.78,464700,400970,-63730,86.29,1272.92,6.57,78.41,1193.16,7.88,0.21,79.76,mixed_edge
1-2,other_national_better_than_target_count_bucket,3,3128,489,15.63,312800,269870,-42930,86.28,551.88,18.99,80.04,421.45,6.24,-3.36,130.43,mixed_edge
1-2,target_national_win_rank_bucket x other_national_better_than_target_count_bucket,4+ | 3,3128,489,15.63,312800,269870,-42930,86.28,551.88,18.99,80.04,421.45,6.24,-3.36,130.43,mixed_edge
1-2,month,2026-04,1230,249,20.24,123000,106110,-16890,86.27,426.14,18.99,80.04,421.45,6.23,1.25,4.69,mixed_edge
1-4,stadium_code,16,864,105,12.15,86400,74530,-11870,86.26,709.81,10.08,74.47,738.96,11.79,2.07,-29.15,mixed_edge
1-4,stadium_code x target_lane,16 | 4,864,105,12.15,86400,74530,-11870,86.26,709.81,10.08,74.47,738.96,11.79,2.07,-29.15,mixed_edge
1-5,lane1_exhibition_st_rank_bucket,1,4430,350,7.9,443000,381890,-61110,86.21,1091.11,6.57,78.41,1193.16,7.8,1.33,-102.05,mixed_edge
1-5,lane1_start_exhibition_gap_bucket,best,4430,350,7.9,443000,381890,-61110,86.21,1091.11,6.57,78.41,1193.16,7.8,1.33,-102.05,mixed_edge
1-2,target_exhibition_rank_bucket x other_exhibition_faster_than_target_count_bucket,2 | 0,1340,320,23.88,134000,115490,-18510,86.19,360.91,18.99,80.04,421.45,6.15,4.89,-60.54,mixed_edge
1-4,target_exhibition_rank_bucket x other_exhibition_faster_than_target_count_bucket,4+ | 1,343,39,11.37,34300,29560,-4740,86.18,757.95,10.08,74.47,738.96,11.71,1.29,18.99,mixed_edge
1-4,other_group_pattern,A-B-A-B,910,68,7.47,91000,78380,-12620,86.13,1152.65,10.08,74.47,738.96,11.66,-2.61,413.69,mixed_edge
1-2,stadium_code,09,353,86,24.36,35300,30400,-4900,86.12,353.49,18.99,80.04,421.45,6.08,5.37,-67.96,mixed_edge
1-2,stadium_code x target_lane,09 | 2,353,86,24.36,35300,30400,-4900,86.12,353.49,18.99,80.04,421.45,6.08,5.37,-67.96,mixed_edge
1-6,lane1_target_start_gap_pair,best-best,221,12,5.43,22100,19030,-3070,86.11,1585.83,3.91,69.96,1787.33,16.15,1.52,-201.5,mixed_edge
1-6,target_lane x lane1_target_start_gap_pair,6 | best-best,221,12,5.43,22100,19030,-3070,86.11,1585.83,3.91,69.96,1787.33,16.15,1.52,-201.5,mixed_edge
1-6,lane1_start_exhibition_gap_bucket x target_start_exhibition_gap_bucket,best | best,221,12,5.43,22100,19030,-3070,86.11,1585.83,3.91,69.96,1787.33,16.15,1.52,-201.5,mixed_edge
1-5,lane1_national_win_rank_bucket,4+,5619,293,5.21,561900,483420,-78480,86.03,1649.9,6.57,78.41,1193.16,7.62,-1.36,456.74,mixed_edge
1-4,lane1_target_exhibition_time_diff_bucket x lane1_target_start_exhibition_st_diff_bucket,lane1_faster_0.05_0.10 | lane1_faster_0.03_0.06,463,58,12.53,46300,39830,-6470,86.03,686.72,10.08,74.47,738.96,11.56,2.45,-52.24,mixed_edge
1-3,lane1_target_national_rank_pair x target_outer_pressure_bucket,4+-3 | high_other_pressure,1232,141,11.44,123200,105840,-17360,85.91,750.64,15.77,78.64,498.72,7.27,-4.33,251.92,mixed_edge
1-3,stadium_code,14,501,70,13.97,50100,43040,-7060,85.91,614.86,15.77,78.64,498.72,7.27,-1.8,116.14,mixed_edge
1-3,stadium_code x target_lane,14 | 3,501,70,13.97,50100,43040,-7060,85.91,614.86,15.77,78.64,498.72,7.27,-1.8,116.14,mixed_edge
1-3,target_national_win_rank_bucket x other_national_better_than_target_count_bucket,3 | 2,1227,140,11.41,122700,105380,-17320,85.88,752.71,15.77,78.64,498.72,7.24,-4.36,253.99,mixed_edge
1-2,lane1_target_start_gap_pair x target_outer_pressure_bucket,>0.06-<=0.03 | some_other_pressure,115,27,23.48,11500,9870,-1630,85.83,365.56,18.99,80.04,421.45,5.79,4.49,-55.89,mixed_edge
1-2,lane1_target_exhibition_time_diff_bucket,near_equal,7394,1547,20.92,739400,634490,-104910,85.81,410.14,18.99,80.04,421.45,5.77,1.93,-11.31,mixed_edge
1-4,lane1_target_national_rank_pair,4+-1,1027,131,12.76,102700,88130,-14570,85.81,672.75,10.08,74.47,738.96,11.34,2.68,-66.21,mixed_edge
1-4,target_lane x lane1_target_national_rank_pair,4 | 4+-1,1027,131,12.76,102700,88130,-14570,85.81,672.75,10.08,74.47,738.96,11.34,2.68,-66.21,mixed_edge
1-3,lane1_target_national_rank_pair,4+-3,1235,141,11.42,123500,105840,-17660,85.7,750.64,15.77,78.64,498.72,7.06,-4.35,251.92,mixed_edge
1-3,target_lane x lane1_target_national_rank_pair,3 | 4+-3,1235,141,11.42,123500,105840,-17660,85.7,750.64,15.77,78.64,498.72,7.06,-4.35,251.92,mixed_edge
1-5,lane1_target_group_pair x other_a_count_bucket,B-A | 1,961,84,8.74,96100,82360,-13740,85.7,980.48,6.57,78.41,1193.16,7.29,2.17,-212.68,mixed_edge
1-2,lane1_target_group_pair x target_outer_pressure_bucket,A-B | high_other_pressure,3930,703,17.89,393000,336750,-56250,85.69,479.02,18.99,80.04,421.45,5.65,-1.1,57.57,mixed_edge
1-5,lane1_target_class_pair,B1-A1,851,84,9.87,85100,72890,-12210,85.65,867.74,6.57,78.41,1193.16,7.24,3.3,-325.42,mixed_edge
1-5,lane1_target_exhibition_time_diff_bucket x lane1_target_start_exhibition_st_diff_bucket,target_faster_0.10+ | lane1_faster_0.06+,220,21,9.55,22000,18840,-3160,85.64,897.14,6.57,78.41,1193.16,7.23,2.98,-296.02,mixed_edge
1-3,target_exhibition_rank_bucket,2,2512,462,18.39,251200,215110,-36090,85.63,465.61,15.77,78.64,498.72,6.99,2.62,-33.11,mixed_edge
1-5,lane1_target_class_pair,B1-A2,1327,88,6.63,132700,113510,-19190,85.54,1289.89,6.57,78.41,1193.16,7.13,0.06,96.73,mixed_edge
1-5,lane1_target_exhibition_time_diff_bucket,near_equal,6884,500,7.26,688400,588260,-100140,85.45,1176.52,6.57,78.41,1193.16,7.04,0.69,-16.64,mixed_edge
1-4,lane1_target_group_pair x other_a_count_bucket,B-B | 0,636,62,9.75,63600,54340,-9260,85.44,876.45,10.08,74.47,738.96,10.97,-0.33,137.49,mixed_edge
1-4,target_national_win_rank_bucket x other_national_better_than_target_count_bucket,3 | 2,1157,82,7.09,115700,98830,-16870,85.42,1205.24,10.08,74.47,738.96,10.95,-2.99,466.28,mixed_edge
1-6,stadium_code,01,666,23,3.45,66600,56890,-9710,85.42,2473.48,3.91,69.96,1787.33,15.46,-0.46,686.15,mixed_edge
1-6,stadium_code x target_lane,01 | 6,666,23,3.45,66600,56890,-9710,85.42,2473.48,3.91,69.96,1787.33,15.46,-0.46,686.15,mixed_edge
1-3,lane1_target_exhibition_st_rank_pair,3-2,514,86,16.73,51400,43900,-7500,85.41,510.47,15.77,78.64,498.72,6.77,0.96,11.75,mixed_edge
1-3,lane1_exhibition_st_rank_bucket x target_exhibition_st_rank_bucket,3 | 2,514,86,16.73,51400,43900,-7500,85.41,510.47,15.77,78.64,498.72,6.77,0.96,11.75,mixed_edge
1-3,lane1_target_national_rank_pair x target_outer_pressure_bucket,3-2 | high_other_pressure,266,55,20.68,26600,22720,-3880,85.41,413.09,15.77,78.64,498.72,6.77,4.91,-85.63,mixed_edge
1-6,target_exhibition_st_rank_bucket x other_st_faster_than_target_count_bucket,3 | 1,1041,52,5.0,104100,88900,-15200,85.4,1709.62,3.91,69.96,1787.33,15.44,1.09,-77.71,mixed_edge
1-3,lane1_target_exhibition_time_diff_bucket x lane1_target_start_exhibition_st_diff_bucket,lane1_faster_0.10+ | target_faster_0.03_0.06,240,39,16.25,24000,20480,-3520,85.33,525.13,15.77,78.64,498.72,6.69,0.48,26.41,mixed_edge
1-5,lane1_target_national_rank_pair x target_outer_pressure_bucket,4+-1 | some_other_pressure,222,27,12.16,22200,18930,-3270,85.27,701.11,6.57,78.41,1193.16,6.86,5.59,-492.05,mixed_edge
1-5,target_exhibition_st_rank_bucket,2,2497,173,6.93,249700,212640,-37060,85.16,1229.13,6.57,78.41,1193.16,6.75,0.36,35.97,mixed_edge
1-5,target_lane x target_exhibition_st_rank_bucket,5 | 2,2497,173,6.93,249700,212640,-37060,85.16,1229.13,6.57,78.41,1193.16,6.75,0.36,35.97,mixed_edge
1-5,lane1_boat_rank_bucket,2,2580,174,6.74,258000,219680,-38320,85.15,1262.53,6.57,78.41,1193.16,6.74,0.17,69.37,mixed_edge
1-3,lane1_target_boat_place_diff_bucket,lane1_plus_10+,1822,284,15.59,182200,155120,-27080,85.14,546.2,15.77,78.64,498.72,6.5,-0.18,47.48,mixed_edge
1-6,target_national_win_rank_bucket,3,2350,109,4.64,235000,200030,-34970,85.12,1835.14,3.91,69.96,1787.33,15.16,0.73,47.81,mixed_edge
1-2,other_group_pattern,A-A-B-B,805,128,15.9,80500,68520,-11980,85.12,535.31,18.99,80.04,421.45,5.08,-3.09,113.86,mixed_edge
1-5,lane1_target_exhibition_time_diff_bucket x lane1_target_start_exhibition_st_diff_bucket,lane1_faster_0.10+ | near_equal,602,41,6.81,60200,51240,-8960,85.12,1249.76,6.57,78.41,1193.16,6.71,0.24,56.6,mixed_edge
1-3,stadium_code,01,666,104,15.62,66600,56680,-9920,85.11,545.0,15.77,78.64,498.72,6.47,-0.15,46.28,mixed_edge
1-3,stadium_code x target_lane,01 | 3,666,104,15.62,66600,56680,-9920,85.11,545.0,15.77,78.64,498.72,6.47,-0.15,46.28,mixed_edge
1-2,lane1_target_national_rank_pair,1-3,855,260,30.41,85500,72760,-12740,85.1,279.85,18.99,80.04,421.45,5.06,11.42,-141.6,mixed_edge
1-2,target_lane x lane1_target_national_rank_pair,2 | 1-3,855,260,30.41,85500,72760,-12740,85.1,279.85,18.99,80.04,421.45,5.06,11.42,-141.6,mixed_edge
1-6,lane1_target_national_win_diff_bucket,lane1_plus_0.35_1.00,2511,111,4.42,251100,213620,-37480,85.07,1924.5,3.91,69.96,1787.33,15.11,0.51,137.17,mixed_edge
1-2,lane1_target_group_pair x target_outer_pressure_bucket,B-A | some_other_pressure,775,130,16.77,77500,65910,-11590,85.05,507.0,18.99,80.04,421.45,5.01,-2.22,85.55,mixed_edge
1-2,lane1_target_national_rank_pair x target_outer_pressure_bucket,2-3 | some_other_pressure,370,86,23.24,37000,31460,-5540,85.03,365.81,18.99,80.04,421.45,4.99,4.25,-55.64,mixed_edge
1-3,lane1_target_group_pair x other_a_count_bucket,B-A | 0,288,62,21.53,28800,24490,-4310,85.03,395.0,15.77,78.64,498.72,6.39,5.76,-103.72,mixed_edge
1-2,grade_group,G3,414,83,20.05,41400,35190,-6210,85.0,423.98,18.99,80.04,421.45,4.96,1.06,2.53,mixed_edge
1-2,lane1_target_exhibition_time_diff_bucket,target_faster_0.10+,911,147,16.14,91100,77430,-13670,84.99,526.73,18.99,80.04,421.45,4.95,-2.85,105.28,mixed_edge
1-2,lane1_target_exhibition_time_diff_bucket x lane1_target_start_exhibition_st_diff_bucket,lane1_faster_0.10+ | near_equal,589,125,21.22,58900,50060,-8840,84.99,400.48,18.99,80.04,421.45,4.95,2.23,-20.97,mixed_edge
1-2,lane1_target_start_gap_pair x target_outer_pressure_bucket,0.04-0.06-<=0.03 | high_other_pressure,434,80,18.43,43400,36880,-6520,84.98,461.0,18.99,80.04,421.45,4.94,-0.56,39.55,mixed_edge
1-3,target_exhibition_rank_bucket x other_exhibition_faster_than_target_count_bucket,4+ | 2,2274,372,16.36,227400,193080,-34320,84.91,519.03,15.77,78.64,498.72,6.27,0.59,20.31,mixed_edge
1-2,lane1_boat_rank_bucket,1,2743,559,20.38,274300,232840,-41460,84.89,416.53,18.99,80.04,421.45,4.85,1.39,-4.92,mixed_edge
1-2,lane1_target_group_pair x other_a_count_bucket,A-B | 1,1428,260,18.21,142800,121170,-21630,84.85,466.04,18.99,80.04,421.45,4.81,-0.78,44.59,mixed_edge
1-2,stadium_code,11,600,121,20.17,60000,50890,-9110,84.82,420.58,18.99,80.04,421.45,4.78,1.18,-0.87,mixed_edge
1-2,stadium_code x target_lane,11 | 2,600,121,20.17,60000,50890,-9110,84.82,420.58,18.99,80.04,421.45,4.78,1.18,-0.87,mixed_edge
1-6,lane1_target_class_pair,A1-B1,1498,54,3.6,149800,126930,-22870,84.73,2350.56,3.91,69.96,1787.33,14.77,-0.31,563.23,mixed_edge
1-3,lane1_target_national_rank_pair x target_outer_pressure_bucket,1-3 | high_other_pressure,424,104,24.53,42400,35910,-6490,84.69,345.29,15.77,78.64,498.72,6.05,8.76,-153.43,mixed_edge
1-5,target_exhibition_st_rank_bucket,1,1938,147,7.59,193800,164090,-29710,84.67,1116.26,6.57,78.41,1193.16,6.26,1.02,-76.9,mixed_edge
1-5,target_lane x target_exhibition_st_rank_bucket,5 | 1,1938,147,7.59,193800,164090,-29710,84.67,1116.26,6.57,78.41,1193.16,6.26,1.02,-76.9,mixed_edge
1-5,target_exhibition_st_rank_bucket x other_st_faster_than_target_count_bucket,1 | 0,1938,147,7.59,193800,164090,-29710,84.67,1116.26,6.57,78.41,1193.16,6.26,1.02,-76.9,mixed_edge
1-4,lane1_target_group_pair x other_a_count_bucket,B-B | 1,844,54,6.4,84400,71440,-12960,84.64,1322.96,10.08,74.47,738.96,10.17,-3.68,584.0,mixed_edge
1-6,target_motor_rank_bucket,1,2389,126,5.27,238900,202080,-36820,84.59,1603.81,3.91,69.96,1787.33,14.63,1.36,-183.52,mixed_edge
1-6,stadium_code,03,527,24,4.55,52700,44580,-8120,84.59,1857.5,3.91,69.96,1787.33,14.63,0.64,70.17,mixed_edge
1-6,stadium_code x target_lane,03 | 6,527,24,4.55,52700,44580,-8120,84.59,1857.5,3.91,69.96,1787.33,14.63,0.64,70.17,mixed_edge
1-5,lane1_exhibition_st_rank_bucket,3,2307,167,7.24,230700,195130,-35570,84.58,1168.44,6.57,78.41,1193.16,6.17,0.67,-24.72,mixed_edge
1-5,lane1_target_national_rank_pair x target_outer_pressure_bucket,4+-1 | high_other_pressure,539,47,8.72,53900,45590,-8310,84.58,970.0,6.57,78.41,1193.16,6.17,2.15,-223.16,mixed_edge
1-6,lane1_target_start_gap_pair x target_outer_pressure_bucket,best-best | high_other_pressure,177,8,4.52,17700,14970,-2730,84.58,1871.25,3.91,69.96,1787.33,14.62,0.61,83.92,mixed_edge
1-2,lane1_target_group_pair x other_a_count_bucket,A-B | 2,1512,235,15.54,151200,127820,-23380,84.54,543.91,18.99,80.04,421.45,4.5,-3.45,122.46,mixed_edge
1-4,other_b2_count_bucket,2,442,66,14.93,44200,37360,-6840,84.52,566.06,10.08,74.47,738.96,10.05,4.85,-172.9,mixed_edge
1-5,lane1_exhibition_rank_bucket,2,3312,229,6.91,331200,279770,-51430,84.47,1221.7,6.57,78.41,1193.16,6.06,0.34,28.54,mixed_edge
1-5,meeting_phase_bucket,final,1066,75,7.04,106600,90010,-16590,84.44,1200.13,6.57,78.41,1193.16,6.03,0.47,6.97,mixed_edge
1-5,meeting_phase_bucket x target_lane,final | 5,1066,75,7.04,106600,90010,-16590,84.44,1200.13,6.57,78.41,1193.16,6.03,0.47,6.97,mixed_edge
1-3,other_a_count_bucket,2,4992,653,13.08,499200,421450,-77750,84.43,645.41,15.77,78.64,498.72,5.79,-2.69,146.69,mixed_edge
1-3,target_lane x other_a_count_bucket,3 | 2,4992,653,13.08,499200,421450,-77750,84.43,645.41,15.77,78.64,498.72,5.79,-2.69,146.69,mixed_edge
1-5,lane1_target_start_exhibition_st_diff_bucket,target_faster_0.03_0.06,1773,124,6.99,177300,149690,-27610,84.43,1207.18,6.57,78.41,1193.16,6.02,0.42,14.02,mixed_edge
1-3,lane1_target_national_rank_pair,3-2,539,113,20.96,53900,45510,-8390,84.43,402.74,15.77,78.64,498.72,5.79,5.19,-95.98,mixed_edge
1-3,target_lane x lane1_target_national_rank_pair,3 | 3-2,539,113,20.96,53900,45510,-8390,84.43,402.74,15.77,78.64,498.72,5.79,5.19,-95.98,mixed_edge
1-4,target_exhibition_st_rank_bucket x other_st_faster_than_target_count_bucket,4+ | 2,2496,293,11.74,249600,210700,-38900,84.42,719.11,10.08,74.47,738.96,9.95,1.66,-19.85,mixed_edge
1-5,lane1_target_exhibition_time_diff_bucket x lane1_target_start_exhibition_st_diff_bucket,near_equal | target_faster_0.03_0.06,853,63,7.39,85300,72010,-13290,84.42,1143.02,6.57,78.41,1193.16,6.01,0.82,-50.14,mixed_edge
1-2,lane1_target_start_gap_pair x target_outer_pressure_bucket,>0.06-0.04-0.06 | high_other_pressure,616,91,14.77,61600,51970,-9630,84.37,571.1,18.99,80.04,421.45,4.33,-4.22,149.65,mixed_edge
1-3,stadium_code,11,600,87,14.5,60000,50620,-9380,84.37,581.84,15.77,78.64,498.72,5.73,-1.27,83.12,mixed_edge
1-3,stadium_code x target_lane,11 | 3,600,87,14.5,60000,50620,-9380,84.37,581.84,15.77,78.64,498.72,5.73,-1.27,83.12,mixed_edge
1-4,stadium_code,10,582,53,9.11,58200,49100,-9100,84.36,926.42,10.08,74.47,738.96,9.89,-0.97,187.46,mixed_edge
1-4,stadium_code x target_lane,10 | 4,582,53,9.11,58200,49100,-9100,84.36,926.42,10.08,74.47,738.96,9.89,-0.97,187.46,mixed_edge
1-5,target_exhibition_rank_bucket x other_exhibition_faster_than_target_count_bucket,2 | 0,951,89,9.36,95100,80200,-14900,84.33,901.12,6.57,78.41,1193.16,5.92,2.79,-292.04,mixed_edge
1-6,target_exhibition_st_rank_bucket,2,1930,108,5.6,193000,162740,-30260,84.32,1506.85,3.91,69.96,1787.33,14.36,1.69,-280.48,mixed_edge
1-6,target_lane x target_exhibition_st_rank_bucket,6 | 2,1930,108,5.6,193000,162740,-30260,84.32,1506.85,3.91,69.96,1787.33,14.36,1.69,-280.48,mixed_edge
1-6,other_group_pattern,B-B-A-A,549,18,3.28,54900,46290,-8610,84.32,2571.67,3.91,69.96,1787.33,14.36,-0.63,784.34,mixed_edge
1-4,target_motor_rank_bucket,1,2531,301,11.89,253100,213390,-39710,84.31,708.94,10.08,74.47,738.96,9.84,1.81,-30.02,mixed_edge
1-5,lane1_target_exhibition_st_rank_pair,4+-1,1180,83,7.03,118000,99470,-18530,84.3,1198.43,6.57,78.41,1193.16,5.89,0.46,5.27,mixed_edge
1-5,lane1_exhibition_st_rank_bucket x target_exhibition_st_rank_bucket,4+ | 1,1180,83,7.03,118000,99470,-18530,84.3,1198.43,6.57,78.41,1193.16,5.89,0.46,5.27,mixed_edge
1-2,lane1_target_class_pair,A2-B2,198,33,16.67,19800,16680,-3120,84.24,505.45,18.99,80.04,421.45,4.2,-2.32,84.0,mixed_edge
1-5,lane1_target_group_pair x other_a_count_bucket,B-A | 2,967,62,6.41,96700,81450,-15250,84.23,1313.71,6.57,78.41,1193.16,5.82,-0.16,120.55,mixed_edge
1-3,lane1_target_exhibition_time_diff_bucket x lane1_target_start_exhibition_st_diff_bucket,near_equal | near_equal,2299,396,17.22,229900,193590,-36310,84.21,488.86,15.77,78.64,498.72,5.57,1.45,-9.86,mixed_edge
1-2,other_exhibition_faster_than_target_count_bucket,3,2449,441,18.01,244900,206120,-38780,84.16,467.39,18.99,80.04,421.45,4.12,-0.98,45.94,mixed_edge
1-2,target_exhibition_rank_bucket x other_exhibition_faster_than_target_count_bucket,4+ | 3,2449,441,18.01,244900,206120,-38780,84.16,467.39,18.99,80.04,421.45,4.12,-0.98,45.94,mixed_edge
1-4,lane1_target_national_rank_pair,4+-2,1113,107,9.61,111300,93670,-17630,84.16,875.42,10.08,74.47,738.96,9.69,-0.47,136.46,mixed_edge
1-4,target_lane x lane1_target_national_rank_pair,4 | 4+-2,1113,107,9.61,111300,93670,-17630,84.16,875.42,10.08,74.47,738.96,9.69,-0.47,136.46,mixed_edge
1-2,lane1_target_start_gap_pair,0.04-0.06-<=0.03,588,118,20.07,58800,49480,-9320,84.15,419.32,18.99,80.04,421.45,4.11,1.08,-2.13,mixed_edge
1-2,target_lane x lane1_target_start_gap_pair,2 | 0.04-0.06-<=0.03,588,118,20.07,58800,49480,-9320,84.15,419.32,18.99,80.04,421.45,4.11,1.08,-2.13,mixed_edge
1-2,lane1_start_exhibition_gap_bucket x target_start_exhibition_gap_bucket,0.04-0.06 | <=0.03,588,118,20.07,58800,49480,-9320,84.15,419.32,18.99,80.04,421.45,4.11,1.08,-2.13,mixed_edge
1-2,race_no_bucket,10-12R,3770,913,24.22,377000,317010,-59990,84.09,347.22,18.99,80.04,421.45,4.05,5.23,-74.23,mixed_edge
1-2,race_no_bucket x target_lane,10-12R | 2,3770,913,24.22,377000,317010,-59990,84.09,347.22,18.99,80.04,421.45,4.05,5.23,-74.23,mixed_edge
1-3,lane1_target_national_rank_pair x target_outer_pressure_bucket,3-1 | some_other_pressure,130,35,26.92,13000,10930,-2070,84.08,312.29,15.77,78.64,498.72,5.44,11.15,-186.43,mixed_edge
1-5,target_class,B1,7159,364,5.08,715900,601670,-114230,84.04,1652.94,6.57,78.41,1193.16,5.63,-1.49,459.78,mixed_edge
1-5,lane1_target_boat_place_diff_bucket,lane1_plus_10+,1777,119,6.7,177700,149280,-28420,84.01,1254.45,6.57,78.41,1193.16,5.6,0.13,61.29,mixed_edge
1-6,lane1_target_group_pair x other_a_count_bucket,B-A | 1,971,67,6.9,97100,81560,-15540,84.0,1217.31,3.91,69.96,1787.33,14.04,2.99,-570.02,mixed_edge
1-4,other_group_pattern,B-B-A-A,522,52,9.96,52200,43850,-8350,84.0,843.27,10.08,74.47,738.96,9.53,-0.12,104.31,mixed_edge
1-6,lane1_target_group_pair,B-A,2428,141,5.81,242800,203930,-38870,83.99,1446.31,3.91,69.96,1787.33,14.03,1.9,-341.02,mixed_edge
1-4,stadium_code,14,501,50,9.98,50100,42080,-8020,83.99,841.6,10.08,74.47,738.96,9.52,-0.1,102.64,mixed_edge
1-4,stadium_code x target_lane,14 | 4,501,50,9.98,50100,42080,-8020,83.99,841.6,10.08,74.47,738.96,9.52,-0.1,102.64,mixed_edge
1-6,other_st_faster_than_target_count_bucket,1,2458,132,5.37,245800,206410,-39390,83.97,1563.71,3.91,69.96,1787.33,14.01,1.46,-223.62,mixed_edge
1-6,lane1_target_national_rank_pair,4+-1,1153,71,6.16,115300,96820,-18480,83.97,1363.66,3.91,69.96,1787.33,14.01,2.25,-423.67,mixed_edge
1-6,target_lane x lane1_target_national_rank_pair,6 | 4+-1,1153,71,6.16,115300,96820,-18480,83.97,1363.66,3.91,69.96,1787.33,14.01,2.25,-423.67,mixed_edge
1-4,lane1_motor_rank_bucket,2,2567,292,11.38,256700,215510,-41190,83.95,738.05,10.08,74.47,738.96,9.48,1.3,-0.91,mixed_edge
1-3,lane1_target_national_rank_pair x target_outer_pressure_bucket,2-1 | high_other_pressure,328,94,28.66,32800,27530,-5270,83.93,292.87,15.77,78.64,498.72,5.29,12.89,-205.85,mixed_edge
1-3,lane1_motor_rank_bucket,2,2567,425,16.56,256700,215430,-41270,83.92,506.89,15.77,78.64,498.72,5.28,0.79,8.17,mixed_edge
1-6,lane1_target_national_win_diff_bucket,target_plus_0.35_1.00,1902,105,5.52,190200,159580,-30620,83.9,1519.81,3.91,69.96,1787.33,13.94,1.61,-267.52,mixed_edge
1-5,lane1_target_motor_place_diff_bucket,lane1_plus_10+,2508,160,6.38,250800,210260,-40540,83.84,1314.12,6.57,78.41,1193.16,5.43,-0.19,120.96,mixed_edge
1-2,target_national_win_rank_bucket x other_national_better_than_target_count_bucket,2 | 1,1810,322,17.79,181000,151670,-29330,83.8,471.02,18.99,80.04,421.45,3.76,-1.2,49.57,mixed_edge
1-5,lane1_target_start_gap_pair x target_outer_pressure_bucket,<=0.03->0.06 | some_other_pressure,121,14,11.57,12100,10140,-1960,83.8,724.29,6.57,78.41,1193.16,5.39,5.0,-468.87,mixed_edge
1-2,lane1_target_start_gap_pair x target_outer_pressure_bucket,best->0.06 | some_other_pressure,232,59,25.43,23200,19440,-3760,83.79,329.49,18.99,80.04,421.45,3.75,6.44,-91.96,mixed_edge
1-5,lane1_local_win_rank_bucket,1,3471,298,8.59,347100,290640,-56460,83.73,975.3,6.57,78.41,1193.16,5.32,2.02,-217.86,mixed_edge
1-6,lane1_target_local_win_diff_bucket,lane1_plus_0.35_1.00,1748,72,4.12,174800,146310,-28490,83.7,2032.08,3.91,69.96,1787.33,13.74,0.21,244.75,mixed_edge
1-2,lane1_class,A1,4712,1204,25.55,471200,394280,-76920,83.68,327.48,18.99,80.04,421.45,3.64,6.56,-93.97,mixed_edge
1-2,target_exhibition_rank_bucket x other_exhibition_faster_than_target_count_bucket,4+ | 2,1997,408,20.43,199700,167100,-32600,83.68,409.56,18.99,80.04,421.45,3.64,1.44,-11.89,mixed_edge
1-3,lane1_target_start_gap_pair x target_outer_pressure_bucket,best-<=0.03 | low_other_pressure,76,24,31.58,7600,6360,-1240,83.68,265.0,15.77,78.64,498.72,5.04,15.81,-233.72,mixed_edge
1-2,lane1_target_motor_place_diff_bucket,target_plus_10+,2455,494,20.12,245500,205410,-40090,83.67,415.81,18.99,80.04,421.45,3.63,1.13,-5.64,mixed_edge
1-2,other_national_better_than_target_count_bucket,1,3348,732,21.86,334800,280100,-54700,83.66,382.65,18.99,80.04,421.45,3.62,2.87,-38.8,mixed_edge
1-3,lane1_local_win_rank_bucket,3,2620,417,15.92,262000,219190,-42810,83.66,525.64,15.77,78.64,498.72,5.02,0.15,26.92,mixed_edge
1-6,target_start_exhibition_gap_bucket,<=0.03,2783,138,4.96,278300,232800,-45500,83.65,1686.96,3.91,69.96,1787.33,13.69,1.05,-100.37,mixed_edge
1-6,target_lane x target_start_exhibition_gap_bucket,6 | <=0.03,2783,138,4.96,278300,232800,-45500,83.65,1686.96,3.91,69.96,1787.33,13.69,1.05,-100.37,mixed_edge
1-3,other_group_pattern,A-B-B-B,847,126,14.88,84700,70830,-13870,83.62,562.14,15.77,78.64,498.72,4.98,-0.89,63.42,mixed_edge
1-4,lane1_target_exhibition_time_diff_bucket x lane1_target_start_exhibition_st_diff_bucket,target_faster_0.05_0.10 | near_equal,464,60,12.93,46400,38800,-7600,83.62,646.67,10.08,74.47,738.96,9.15,2.85,-92.29,mixed_edge
1-3,lane1_target_national_rank_pair,2-1,691,211,30.54,69100,57770,-11330,83.6,273.79,15.77,78.64,498.72,4.96,14.77,-224.93,mixed_edge
1-3,target_lane x lane1_target_national_rank_pair,3 | 2-1,691,211,30.54,69100,57770,-11330,83.6,273.79,15.77,78.64,498.72,4.96,14.77,-224.93,mixed_edge
1-4,lane1_target_national_rank_pair x target_outer_pressure_bucket,2-1 | some_other_pressure,165,43,26.06,16500,13790,-2710,83.58,320.7,10.08,74.47,738.96,9.11,15.98,-418.26,mixed_edge
1-4,lane1_start_exhibition_gap_bucket,<=0.03,3295,391,11.87,329500,275240,-54260,83.53,703.94,10.08,74.47,738.96,9.06,1.79,-35.02,mixed_edge
1-3,meeting_phase_bucket,final,1066,189,17.73,106600,89040,-17560,83.53,471.11,15.77,78.64,498.72,4.89,1.96,-27.61,mixed_edge
1-3,meeting_phase_bucket x target_lane,final | 3,1066,189,17.73,106600,89040,-17560,83.53,471.11,15.77,78.64,498.72,4.89,1.96,-27.61,mixed_edge
1-2,lane1_target_national_rank_pair x target_outer_pressure_bucket,1-3 | some_other_pressure,430,138,32.09,43000,35920,-7080,83.53,260.29,18.99,80.04,421.45,3.49,13.1,-161.16,mixed_edge
1-6,lane1_target_exhibition_st_rank_pair,2-3,310,14,4.52,31000,25890,-5110,83.52,1849.29,3.91,69.96,1787.33,13.56,0.61,61.96,mixed_edge
1-6,lane1_exhibition_st_rank_bucket x target_exhibition_st_rank_bucket,2 | 3,310,14,4.52,31000,25890,-5110,83.52,1849.29,3.91,69.96,1787.33,13.56,0.61,61.96,mixed_edge
1-2,target_national_win_rank_bucket x other_national_better_than_target_count_bucket,3 | 1,1538,410,26.66,153800,128430,-25370,83.5,313.24,18.99,80.04,421.45,3.46,7.67,-108.21,mixed_edge
1-2,lane1_target_local_win_diff_bucket,near_equal,2131,438,20.55,213100,177920,-35180,83.49,406.21,18.99,80.04,421.45,3.45,1.56,-15.24,mixed_edge
1-3,lane1_target_national_rank_pair x target_outer_pressure_bucket,3-2 | some_other_pressure,273,58,21.25,27300,22790,-4510,83.48,392.93,15.77,78.64,498.72,4.84,5.48,-105.79,mixed_edge
1-3,lane1_target_start_gap_pair,<=0.03-0.04-0.06,636,105,16.51,63600,53070,-10530,83.44,505.43,15.77,78.64,498.72,4.8,0.74,6.71,mixed_edge
1-3,target_lane x lane1_target_start_gap_pair,3 | <=0.03-0.04-0.06,636,105,16.51,63600,53070,-10530,83.44,505.43,15.77,78.64,498.72,4.8,0.74,6.71,mixed_edge
1-3,lane1_start_exhibition_gap_bucket x target_start_exhibition_gap_bucket,<=0.03 | 0.04-0.06,636,105,16.51,63600,53070,-10530,83.44,505.43,15.77,78.64,498.72,4.8,0.74,6.71,mixed_edge
1-4,lane1_target_national_rank_pair x target_outer_pressure_bucket,1-2 | high_other_pressure,424,87,20.52,42400,35330,-7070,83.33,406.09,10.08,74.47,738.96,8.86,10.44,-332.87,mixed_edge
1-6,lane1_target_exhibition_time_diff_bucket x lane1_target_start_exhibition_st_diff_bucket,lane1_faster_0.05_0.10 | near_equal,763,34,4.46,76300,63560,-12740,83.3,1869.41,3.91,69.96,1787.33,13.34,0.55,82.08,mixed_edge
1-3,lane1_target_exhibition_time_diff_bucket,target_faster_0.05_0.10,1666,279,16.75,166600,138760,-27840,83.29,497.35,15.77,78.64,498.72,4.65,0.98,-1.37,mixed_edge
1-2,lane1_target_local_win_diff_bucket,lane1_plus_0.35_1.00,1996,441,22.09,199600,166140,-33460,83.24,376.73,18.99,80.04,421.45,3.2,3.1,-44.72,mixed_edge
1-5,other_a_count_bucket,3,2247,114,5.07,224700,186980,-37720,83.21,1640.18,6.57,78.41,1193.16,4.8,-1.5,447.02,mixed_edge
1-5,target_lane x other_a_count_bucket,5 | 3,2247,114,5.07,224700,186980,-37720,83.21,1640.18,6.57,78.41,1193.16,4.8,-1.5,447.02,mixed_edge
1-5,lane1_target_national_rank_pair,4+-1,1019,100,9.81,101900,84770,-17130,83.19,847.7,6.57,78.41,1193.16,4.78,3.24,-345.46,mixed_edge
1-5,target_lane x lane1_target_national_rank_pair,5 | 4+-1,1019,100,9.81,101900,84770,-17130,83.19,847.7,6.57,78.41,1193.16,4.78,3.24,-345.46,mixed_edge
1-6,lane1_target_exhibition_time_diff_bucket x lane1_target_start_exhibition_st_diff_bucket,lane1_faster_0.05_0.10 | target_faster_0.06+,570,20,3.51,57000,47400,-9600,83.16,2370.0,3.91,69.96,1787.33,13.2,-0.4,582.67,mixed_edge
1-5,lane1_target_exhibition_st_rank_pair,3-2,541,42,7.76,54100,44990,-9110,83.16,1071.19,6.57,78.41,1193.16,4.75,1.19,-121.97,mixed_edge
1-5,lane1_exhibition_st_rank_bucket x target_exhibition_st_rank_bucket,3 | 2,541,42,7.76,54100,44990,-9110,83.16,1071.19,6.57,78.41,1193.16,4.75,1.19,-121.97,mixed_edge
1-2,other_exhibition_faster_than_target_count_bucket,2,2942,562,19.1,294200,244480,-49720,83.1,435.02,18.99,80.04,421.45,3.06,0.11,13.57,mixed_edge
1-2,stadium_code,22,575,125,21.74,57500,47780,-9720,83.1,382.24,18.99,80.04,421.45,3.06,2.75,-39.21,mixed_edge
1-2,stadium_code x target_lane,22 | 2,575,125,21.74,57500,47780,-9720,83.1,382.24,18.99,80.04,421.45,3.06,2.75,-39.21,mixed_edge
1-3,lane1_target_exhibition_time_diff_bucket x lane1_target_start_exhibition_st_diff_bucket,target_faster_0.05_0.10 | lane1_faster_0.06+,354,50,14.12,35400,29410,-5990,83.08,588.2,15.77,78.64,498.72,4.44,-1.65,89.48,mixed_edge
1-3,lane1_target_national_rank_pair,2-3,662,134,20.24,66200,54990,-11210,83.07,410.37,15.77,78.64,498.72,4.43,4.47,-88.35,mixed_edge
1-3,target_lane x lane1_target_national_rank_pair,3 | 2-3,662,134,20.24,66200,54990,-11210,83.07,410.37,15.77,78.64,498.72,4.43,4.47,-88.35,mixed_edge
1-2,target_national_win_rank_bucket,2,2639,609,23.08,263900,219170,-44730,83.05,359.89,18.99,80.04,421.45,3.01,4.09,-61.56,mixed_edge
1-2,target_motor_rank_bucket,1,2444,498,20.38,244400,202970,-41430,83.05,407.57,18.99,80.04,421.45,3.01,1.39,-13.88,mixed_edge
1-2,target_exhibition_st_rank_bucket x other_st_faster_than_target_count_bucket,4+ | 2,1569,311,19.82,156900,130290,-26610,83.04,418.94,18.99,80.04,421.45,3.0,0.83,-2.51,mixed_edge
1-5,lane1_target_class_pair,B2-B1,195,7,3.59,19500,16190,-3310,83.03,2312.86,6.57,78.41,1193.16,4.62,-2.98,1119.7,mixed_edge
1-2,target_motor_rank_bucket,2,2755,549,19.93,275500,228660,-46840,83.0,416.5,18.99,80.04,421.45,2.96,0.94,-4.95,mixed_edge
1-4,other_st_faster_than_target_count_bucket,1,3065,348,11.35,306500,254370,-52130,82.99,730.95,10.08,74.47,738.96,8.52,1.27,-8.01,mixed_edge
1-2,lane1_target_class_pair,A2-B1,2640,465,17.61,264000,219080,-44920,82.98,471.14,18.99,80.04,421.45,2.94,-1.38,49.69,mixed_edge
1-3,lane1_target_start_gap_pair,0.04-0.06-<=0.03,659,107,16.24,65900,54670,-11230,82.96,510.93,15.77,78.64,498.72,4.32,0.47,12.21,mixed_edge
1-3,target_lane x lane1_target_start_gap_pair,3 | 0.04-0.06-<=0.03,659,107,16.24,65900,54670,-11230,82.96,510.93,15.77,78.64,498.72,4.32,0.47,12.21,mixed_edge
1-3,lane1_start_exhibition_gap_bucket x target_start_exhibition_gap_bucket,0.04-0.06 | <=0.03,659,107,16.24,65900,54670,-11230,82.96,510.93,15.77,78.64,498.72,4.32,0.47,12.21,mixed_edge
1-6,target_national_win_rank_bucket x other_national_better_than_target_count_bucket,4+ | 2,1662,62,3.73,166200,137840,-28360,82.94,2223.23,3.91,69.96,1787.33,12.98,-0.18,435.9,mixed_edge
1-6,lane1_target_group_pair x target_outer_pressure_bucket,B-A | high_other_pressure,1547,70,4.52,154700,128310,-26390,82.94,1833.0,3.91,69.96,1787.33,12.98,0.61,45.67,mixed_edge
1-3,lane1_target_start_gap_pair x target_outer_pressure_bucket,0.04-0.06-best | high_other_pressure,499,79,15.83,49900,41380,-8520,82.93,523.8,15.77,78.64,498.72,4.29,0.06,25.08,mixed_edge
1-4,other_st_faster_than_target_count_bucket,2,3606,389,10.79,360600,298860,-61740,82.88,768.28,10.08,74.47,738.96,8.41,0.71,29.32,mixed_edge
1-4,lane1_target_national_rank_pair,2-4+,1843,147,7.98,184300,152740,-31560,82.88,1039.05,10.08,74.47,738.96,8.41,-2.1,300.09,mixed_edge
1-4,target_lane x lane1_target_national_rank_pair,4 | 2-4+,1843,147,7.98,184300,152740,-31560,82.88,1039.05,10.08,74.47,738.96,8.41,-2.1,300.09,mixed_edge
1-5,lane1_target_class_pair,A1-A2,993,102,10.27,99300,82300,-17000,82.88,806.86,6.57,78.41,1193.16,4.47,3.7,-386.3,mixed_edge
1-4,lane1_target_exhibition_st_rank_pair,1-4+,2942,309,10.5,294200,243750,-50450,82.85,788.83,10.08,74.47,738.96,8.38,0.42,49.87,mixed_edge
1-4,lane1_exhibition_st_rank_bucket x target_exhibition_st_rank_bucket,1 | 4+,2942,309,10.5,294200,243750,-50450,82.85,788.83,10.08,74.47,738.96,8.38,0.42,49.87,mixed_edge
1-4,lane1_target_exhibition_st_rank_pair,3-2,455,53,11.65,45500,37690,-7810,82.84,711.13,10.08,74.47,738.96,8.37,1.57,-27.83,mixed_edge
1-4,lane1_exhibition_st_rank_bucket x target_exhibition_st_rank_bucket,3 | 2,455,53,11.65,45500,37690,-7810,82.84,711.13,10.08,74.47,738.96,8.37,1.57,-27.83,mixed_edge
1-2,lane1_motor_rank_bucket,2,2567,507,19.75,256700,212610,-44090,82.82,419.35,18.99,80.04,421.45,2.78,0.76,-2.1,mixed_edge
1-2,lane1_class_group,A,8984,2075,23.1,898400,743890,-154510,82.8,358.5,18.99,80.04,421.45,2.76,4.11,-62.95,mixed_edge
1-6,lane1_target_exhibition_st_rank_pair,4+-3,1225,56,4.57,122500,101430,-21070,82.8,1811.25,3.91,69.96,1787.33,12.84,0.66,23.92,mixed_edge
1-6,lane1_exhibition_st_rank_bucket x target_exhibition_st_rank_bucket,4+ | 3,1225,56,4.57,122500,101430,-21070,82.8,1811.25,3.91,69.96,1787.33,12.84,0.66,23.92,mixed_edge
1-4,lane1_target_group_pair x other_a_count_bucket,A-A | 3,465,65,13.98,46500,38500,-8000,82.8,592.31,10.08,74.47,738.96,8.33,3.9,-146.65,mixed_edge
1-3,lane1_target_start_gap_pair x target_outer_pressure_bucket,0.04-0.06-best | low_other_pressure,54,13,24.07,5400,4470,-930,82.78,343.85,15.77,78.64,498.72,4.14,8.3,-154.87,mixed_edge
1-5,lane1_exhibition_st_rank_bucket,2,2504,163,6.51,250400,207200,-43200,82.75,1271.17,6.57,78.41,1193.16,4.34,-0.06,78.01,mixed_edge
1-3,lane1_target_group_pair x target_outer_pressure_bucket,B-A | low_other_pressure,325,61,18.77,32500,26890,-5610,82.74,440.82,15.77,78.64,498.72,4.1,3.0,-57.9,mixed_edge
1-4,lane1_boat_rank_bucket,1,2743,285,10.39,274300,226900,-47400,82.72,796.14,10.08,74.47,738.96,8.25,0.31,57.18,mixed_edge
1-6,lane1_target_start_gap_pair x target_outer_pressure_bucket,>0.06-<=0.03 | high_other_pressure,661,21,3.18,66100,54680,-11420,82.72,2603.81,3.91,69.96,1787.33,12.76,-0.73,816.48,mixed_edge
1-5,other_a_count_bucket,1,4152,310,7.47,415200,343370,-71830,82.7,1107.65,6.57,78.41,1193.16,4.29,0.9,-85.51,mixed_edge
1-5,target_lane x other_a_count_bucket,5 | 1,4152,310,7.47,415200,343370,-71830,82.7,1107.65,6.57,78.41,1193.16,4.29,0.9,-85.51,mixed_edge
1-5,target_start_exhibition_gap_bucket,0.04-0.06,3035,208,6.85,303500,250990,-52510,82.7,1206.68,6.57,78.41,1193.16,4.29,0.28,13.52,mixed_edge
1-5,target_lane x target_start_exhibition_gap_bucket,5 | 0.04-0.06,3035,208,6.85,303500,250990,-52510,82.7,1206.68,6.57,78.41,1193.16,4.29,0.28,13.52,mixed_edge
1-2,lane1_target_national_win_diff_bucket,lane1_plus_1.00+,4480,837,18.68,448000,370440,-77560,82.69,442.58,18.99,80.04,421.45,2.65,-0.31,21.13,mixed_edge
1-2,lane1_exhibition_rank_bucket,3,2622,517,19.72,262200,216800,-45400,82.68,419.34,18.99,80.04,421.45,2.64,0.73,-2.11,mixed_edge
1-4,lane1_target_exhibition_st_rank_pair,4+-3,1338,122,9.12,133800,110630,-23170,82.68,906.8,10.08,74.47,738.96,8.21,-0.96,167.84,mixed_edge
1-4,lane1_exhibition_st_rank_bucket x target_exhibition_st_rank_bucket,4+ | 3,1338,122,9.12,133800,110630,-23170,82.68,906.8,10.08,74.47,738.96,8.21,-0.96,167.84,mixed_edge
1-2,lane1_target_national_rank_pair,3-4+,1533,211,13.76,153300,126700,-26600,82.65,600.47,18.99,80.04,421.45,2.61,-5.23,179.02,mixed_edge
1-2,target_lane x lane1_target_national_rank_pair,2 | 3-4+,1533,211,13.76,153300,126700,-26600,82.65,600.47,18.99,80.04,421.45,2.61,-5.23,179.02,mixed_edge
1-2,lane1_target_national_rank_pair x target_outer_pressure_bucket,3-4+ | high_other_pressure,1533,211,13.76,153300,126700,-26600,82.65,600.47,18.99,80.04,421.45,2.61,-5.23,179.02,mixed_edge
1-4,target_start_exhibition_gap_bucket,0.04-0.06,3152,349,11.07,315200,260400,-54800,82.61,746.13,10.08,74.47,738.96,8.14,0.99,7.17,mixed_edge
1-4,target_lane x target_start_exhibition_gap_bucket,4 | 0.04-0.06,3152,349,11.07,315200,260400,-54800,82.61,746.13,10.08,74.47,738.96,8.14,0.99,7.17,mixed_edge
1-2,target_boat_rank_bucket,2,2791,545,19.53,279100,230530,-48570,82.6,422.99,18.99,80.04,421.45,2.56,0.54,1.54,mixed_edge
1-4,lane1_target_group_pair x other_a_count_bucket,A-B | 3,683,46,6.73,68300,56390,-11910,82.56,1225.87,10.08,74.47,738.96,8.09,-3.35,486.91,mixed_edge
1-4,lane1_target_national_win_diff_bucket,target_plus_1.00+,2501,265,10.6,250100,206450,-43650,82.55,779.06,10.08,74.47,738.96,8.08,0.52,40.1,mixed_edge
1-2,other_group_pattern,A-B-B-B,1083,187,17.27,108300,89390,-18910,82.54,478.02,18.99,80.04,421.45,2.5,-1.72,56.57,mixed_edge
1-3,lane1_target_group_pair,A-B,4386,668,15.23,438600,361970,-76630,82.53,541.87,15.77,78.64,498.72,3.89,-0.54,43.15,mixed_edge
1-5,lane1_target_national_rank_pair,4+-4+,2494,68,2.73,249400,205810,-43590,82.52,3026.62,6.57,78.41,1193.16,4.11,-3.84,1833.46,mixed_edge
1-5,target_lane x lane1_target_national_rank_pair,5 | 4+-4+,2494,68,2.73,249400,205810,-43590,82.52,3026.62,6.57,78.41,1193.16,4.11,-3.84,1833.46,mixed_edge
1-5,lane1_target_national_rank_pair x target_outer_pressure_bucket,4+-4+ | high_other_pressure,2494,68,2.73,249400,205810,-43590,82.52,3026.62,6.57,78.41,1193.16,4.11,-3.84,1833.46,mixed_edge
1-2,lane1_target_exhibition_st_rank_pair,2-3,658,135,20.52,65800,54300,-11500,82.52,402.22,18.99,80.04,421.45,2.48,1.53,-19.23,mixed_edge
1-2,lane1_exhibition_st_rank_bucket x target_exhibition_st_rank_bucket,2 | 3,658,135,20.52,65800,54300,-11500,82.52,402.22,18.99,80.04,421.45,2.48,1.53,-19.23,mixed_edge
1-2,target_outer_pressure_bucket,some_other_pressure,2518,608,24.15,251800,207760,-44040,82.51,341.71,18.99,80.04,421.45,2.47,5.16,-79.74,mixed_edge
1-2,target_lane x target_outer_pressure_bucket,2 | some_other_pressure,2518,608,24.15,251800,207760,-44040,82.51,341.71,18.99,80.04,421.45,2.47,5.16,-79.74,mixed_edge
1-5,lane1_target_exhibition_time_diff_bucket x lane1_target_start_exhibition_st_diff_bucket,near_equal | target_faster_0.06+,1400,96,6.86,140000,115500,-24500,82.5,1203.12,6.57,78.41,1193.16,4.09,0.29,9.96,mixed_edge
1-5,lane1_target_national_rank_pair x target_outer_pressure_bucket,3-2 | high_other_pressure,279,26,9.32,27900,23000,-4900,82.44,884.62,6.57,78.41,1193.16,4.03,2.75,-308.54,mixed_edge
1-5,target_outer_pressure_bucket,some_other_pressure,1803,200,11.09,180300,148630,-31670,82.43,743.15,6.57,78.41,1193.16,4.02,4.52,-450.01,mixed_edge
1-5,target_lane x target_outer_pressure_bucket,5 | some_other_pressure,1803,200,11.09,180300,148630,-31670,82.43,743.15,6.57,78.41,1193.16,4.02,4.52,-450.01,mixed_edge
1-2,lane1_exhibition_st_rank_bucket,2,2504,518,20.69,250400,206380,-44020,82.42,398.42,18.99,80.04,421.45,2.38,1.7,-23.03,mixed_edge
1-4,meeting_phase_bucket,final,1066,122,11.44,106600,87820,-18780,82.38,719.84,10.08,74.47,738.96,7.91,1.36,-19.12,mixed_edge
1-4,meeting_phase_bucket x target_lane,final | 4,1066,122,11.44,106600,87820,-18780,82.38,719.84,10.08,74.47,738.96,7.91,1.36,-19.12,mixed_edge
1-6,lane1_target_national_rank_pair,3-1,545,54,9.91,54500,44890,-9610,82.37,831.3,3.91,69.96,1787.33,12.41,6.0,-956.03,mixed_edge
1-6,target_lane x lane1_target_national_rank_pair,6 | 3-1,545,54,9.91,54500,44890,-9610,82.37,831.3,3.91,69.96,1787.33,12.41,6.0,-956.03,mixed_edge
1-6,target_outer_pressure_bucket,some_other_pressure,1856,130,7.0,185600,152860,-32740,82.36,1175.85,3.91,69.96,1787.33,12.4,3.09,-611.48,mixed_edge
1-6,target_lane x target_outer_pressure_bucket,6 | some_other_pressure,1856,130,7.0,185600,152860,-32740,82.36,1175.85,3.91,69.96,1787.33,12.4,3.09,-611.48,mixed_edge
1-5,lane1_start_exhibition_gap_bucket,<=0.03,3295,230,6.98,329500,271340,-58160,82.35,1179.74,6.57,78.41,1193.16,3.94,0.41,-13.42,mixed_edge
1-2,lane1_national_win_rank_bucket,3,2643,478,18.09,264300,217620,-46680,82.34,455.27,18.99,80.04,421.45,2.3,-0.9,33.82,mixed_edge
1-3,target_motor_rank_bucket,2,2462,420,17.06,246200,202700,-43500,82.33,482.62,15.77,78.64,498.72,3.69,1.29,-16.1,mixed_edge
1-2,lane1_target_class_pair,A2-A1,687,196,28.53,68700,56560,-12140,82.33,288.57,18.99,80.04,421.45,2.29,9.54,-132.88,mixed_edge
1-5,other_exhibition_faster_than_target_count_bucket,1,3046,222,7.29,304600,250760,-53840,82.32,1129.55,6.57,78.41,1193.16,3.91,0.72,-63.61,mixed_edge
1-3,lane1_target_class_pair,A1-B1,1624,288,17.73,162400,133690,-28710,82.32,464.2,15.77,78.64,498.72,3.68,1.96,-34.52,mixed_edge
1-2,meeting_phase_bucket,day5+,3376,739,21.89,337600,277840,-59760,82.3,375.97,18.99,80.04,421.45,2.26,2.9,-45.48,mixed_edge
1-2,meeting_phase_bucket x target_lane,day5+ | 2,3376,739,21.89,337600,277840,-59760,82.3,375.97,18.99,80.04,421.45,2.26,2.9,-45.48,mixed_edge
1-5,lane1_target_national_rank_pair x target_outer_pressure_bucket,1-2 | high_other_pressure,395,55,13.92,39500,32510,-6990,82.3,591.09,6.57,78.41,1193.16,3.89,7.35,-602.07,mixed_edge
1-5,target_motor_rank_bucket,2,2522,176,6.98,252200,207460,-44740,82.26,1178.75,6.57,78.41,1193.16,3.85,0.41,-14.41,mixed_edge
1-2,target_local_win_rank_bucket,2,2703,604,22.35,270300,222290,-48010,82.24,368.03,18.99,80.04,421.45,2.2,3.36,-53.42,mixed_edge
1-3,target_local_win_rank_bucket,3,2693,438,16.26,269300,221470,-47830,82.24,505.64,15.77,78.64,498.72,3.6,0.49,6.92,mixed_edge
1-4,lane1_target_local_win_diff_bucket,target_plus_0.35_1.00,1573,198,12.59,157300,129360,-27940,82.24,653.33,10.08,74.47,738.96,7.77,2.51,-85.63,mixed_edge
1-2,target_exhibition_rank_bucket,2,2976,614,20.63,297600,244690,-52910,82.22,398.52,18.99,80.04,421.45,2.18,1.64,-22.93,mixed_edge
1-5,target_start_exhibition_gap_bucket,best,2723,199,7.31,272300,223860,-48440,82.21,1124.92,6.57,78.41,1193.16,3.8,0.74,-68.24,mixed_edge
1-5,target_lane x target_start_exhibition_gap_bucket,5 | best,2723,199,7.31,272300,223860,-48440,82.21,1124.92,6.57,78.41,1193.16,3.8,0.74,-68.24,mixed_edge
1-3,lane1_target_motor_place_diff_bucket,near_equal,5135,817,15.91,513500,422000,-91500,82.18,516.52,15.77,78.64,498.72,3.54,0.14,17.8,mixed_edge
1-6,lane1_target_national_rank_pair x target_outer_pressure_bucket,3-1 | high_other_pressure,263,20,7.6,26300,21610,-4690,82.17,1080.5,3.91,69.96,1787.33,12.21,3.69,-706.83,mixed_edge
1-2,lane1_exhibition_rank_bucket,2,3312,661,19.96,331200,272100,-59100,82.16,411.65,18.99,80.04,421.45,2.12,0.97,-9.8,mixed_edge
1-4,stadium_code,05,522,50,9.58,52200,42860,-9340,82.11,857.2,10.08,74.47,738.96,7.64,-0.5,118.24,mixed_edge
1-4,stadium_code x target_lane,05 | 4,522,50,9.58,52200,42860,-9340,82.11,857.2,10.08,74.47,738.96,7.64,-0.5,118.24,mixed_edge
1-3,meeting_phase_bucket,day3-4,5336,827,15.5,533600,438020,-95580,82.09,529.65,15.77,78.64,498.72,3.45,-0.27,30.93,mixed_edge
1-3,meeting_phase_bucket x target_lane,day3-4 | 3,5336,827,15.5,533600,438020,-95580,82.09,529.65,15.77,78.64,498.72,3.45,-0.27,30.93,mixed_edge
1-4,race_no_bucket,10-12R,3770,477,12.65,377000,309470,-67530,82.09,648.78,10.08,74.47,738.96,7.62,2.57,-90.18,mixed_edge
1-4,race_no_bucket x target_lane,10-12R | 4,3770,477,12.65,377000,309470,-67530,82.09,648.78,10.08,74.47,738.96,7.62,2.57,-90.18,mixed_edge
1-2,lane1_target_boat_place_diff_bucket,near_equal,6072,1161,19.12,607200,498330,-108870,82.07,429.22,18.99,80.04,421.45,2.03,0.13,7.77,mixed_edge
1-2,lane1_start_exhibition_gap_bucket,<=0.03,3295,684,20.76,329500,270410,-59090,82.07,395.34,18.99,80.04,421.45,2.03,1.77,-26.11,mixed_edge
1-2,target_local_win_rank_bucket,3,2734,545,19.93,273400,224330,-49070,82.05,411.61,18.99,80.04,421.45,2.01,0.94,-9.84,mixed_edge
1-3,lane1_target_motor_place_diff_bucket,target_plus_10+,2339,392,16.76,233900,191920,-41980,82.05,489.59,15.77,78.64,498.72,3.41,0.99,-9.13,mixed_edge
1-3,lane1_target_group_pair x other_a_count_bucket,A-B | 3,689,76,11.03,68900,56510,-12390,82.02,743.55,15.77,78.64,498.72,3.38,-4.74,244.83,mixed_edge
1-5,lane1_start_exhibition_gap_bucket,0.04-0.06,2760,183,6.63,276000,226240,-49760,81.97,1236.28,6.57,78.41,1193.16,3.56,0.06,43.12,mixed_edge
1-4,lane1_target_exhibition_st_rank_pair,2-1,436,66,15.14,43600,35740,-7860,81.97,541.52,10.08,74.47,738.96,7.5,5.06,-197.44,mixed_edge
1-4,lane1_exhibition_st_rank_bucket x target_exhibition_st_rank_bucket,2 | 1,436,66,15.14,43600,35740,-7860,81.97,541.52,10.08,74.47,738.96,7.5,5.06,-197.44,mixed_edge
1-5,lane1_exhibition_rank_bucket,1,4451,327,7.35,445100,364570,-80530,81.91,1114.89,6.57,78.41,1193.16,3.5,0.78,-78.27,mixed_edge
1-4,lane1_target_national_rank_pair x target_outer_pressure_bucket,2-4+ | high_other_pressure,1841,146,7.93,184100,150800,-33300,81.91,1032.88,10.08,74.47,738.96,7.44,-2.15,293.92,mixed_edge
1-2,target_exhibition_rank_bucket x other_exhibition_faster_than_target_count_bucket,3 | 2,945,154,16.3,94500,77380,-17120,81.88,502.47,18.99,80.04,421.45,1.84,-2.69,81.02,mixed_edge
1-2,other_a_count_bucket,1,4415,865,19.59,441500,361420,-80080,81.86,417.83,18.99,80.04,421.45,1.82,0.6,-3.62,mixed_edge
1-2,target_lane x other_a_count_bucket,2 | 1,4415,865,19.59,441500,361420,-80080,81.86,417.83,18.99,80.04,421.45,1.82,0.6,-3.62,mixed_edge
1-2,wind_bucket,0-2,6932,1377,19.86,693200,567320,-125880,81.84,412.0,18.99,80.04,421.45,1.8,0.87,-9.45,mixed_edge
1-2,lane1_class,A2,4272,871,20.39,427200,349610,-77590,81.84,401.39,18.99,80.04,421.45,1.8,1.4,-20.06,mixed_edge
1-2,lane1_target_start_gap_pair,best->0.06,1368,268,19.59,136800,111960,-24840,81.84,417.76,18.99,80.04,421.45,1.8,0.6,-3.69,mixed_edge
1-2,target_lane x lane1_target_start_gap_pair,2 | best->0.06,1368,268,19.59,136800,111960,-24840,81.84,417.76,18.99,80.04,421.45,1.8,0.6,-3.69,mixed_edge
1-2,lane1_start_exhibition_gap_bucket x target_start_exhibition_gap_bucket,best | >0.06,1368,268,19.59,136800,111960,-24840,81.84,417.76,18.99,80.04,421.45,1.8,0.6,-3.69,mixed_edge
1-5,lane1_target_exhibition_st_rank_pair,3-4+,1350,85,6.3,135000,110460,-24540,81.82,1299.53,6.57,78.41,1193.16,3.41,-0.27,106.37,mixed_edge
1-5,lane1_exhibition_st_rank_bucket x target_exhibition_st_rank_bucket,3 | 4+,1350,85,6.3,135000,110460,-24540,81.82,1299.53,6.57,78.41,1193.16,3.41,-0.27,106.37,mixed_edge
1-3,lane1_target_class_pair,B2-B1,215,17,7.91,21500,17590,-3910,81.81,1034.71,15.77,78.64,498.72,3.17,-7.86,535.99,mixed_edge
1-2,lane1_target_boat_place_diff_bucket,lane1_plus_10+,1803,349,19.36,180300,147460,-32840,81.79,422.52,18.99,80.04,421.45,1.75,0.37,1.07,mixed_edge
1-3,other_group_pattern,B-A-B-B,1178,194,16.47,117800,96340,-21460,81.78,496.6,15.77,78.64,498.72,3.14,0.7,-2.12,mixed_edge
1-5,lane1_boat_rank_bucket,1,2743,188,6.85,274300,224250,-50050,81.75,1192.82,6.57,78.41,1193.16,3.34,0.28,-0.34,mixed_edge
1-3,lane1_motor_rank_bucket,3,2499,410,16.41,249900,204210,-45690,81.72,498.07,15.77,78.64,498.72,3.08,0.64,-0.65,mixed_edge
1-2,lane1_target_national_win_diff_bucket,lane1_plus_0.35_1.00,2813,596,21.19,281300,229850,-51450,81.71,385.65,18.99,80.04,421.45,1.67,2.2,-35.8,mixed_edge
1-5,lane1_target_class_pair,B1-B1,2878,110,3.82,287800,235070,-52730,81.68,2137.0,6.57,78.41,1193.16,3.27,-2.75,943.84,mixed_edge
1-6,lane1_target_national_win_diff_bucket,target_plus_1.00+,2565,159,6.2,256500,209450,-47050,81.66,1317.3,3.91,69.96,1787.33,11.7,2.29,-470.03,mixed_edge
1-5,target_exhibition_rank_bucket x other_exhibition_faster_than_target_count_bucket,4+ | 2,2309,163,7.06,230900,188510,-42390,81.64,1156.5,6.57,78.41,1193.16,3.23,0.49,-36.66,mixed_edge
1-4,target_class_group x target_outer_pressure_bucket,A | some_other_pressure,1460,233,15.96,146000,119190,-26810,81.64,511.55,10.08,74.47,738.96,7.17,5.88,-227.41,mixed_edge
1-3,month,2026-02,4167,667,16.01,416700,340170,-76530,81.63,510.0,15.77,78.64,498.72,2.99,0.24,11.28,mixed_edge
1-5,lane1_target_local_win_diff_bucket,target_plus_1.00+,3586,250,6.97,358600,292740,-65860,81.63,1170.96,6.57,78.41,1193.16,3.22,0.4,-22.2,mixed_edge
1-3,wave_bucket,10+,175,21,12.0,17500,14280,-3220,81.6,680.0,15.77,78.64,498.72,2.96,-3.77,181.28,mixed_edge
1-3,other_exhibition_faster_than_target_count_bucket,0,3538,654,18.49,353800,288660,-65140,81.59,441.38,15.77,78.64,498.72,2.95,2.72,-57.34,mixed_edge
1-3,other_national_better_than_target_count_bucket,1,3138,607,19.34,313800,256010,-57790,81.58,421.76,15.77,78.64,498.72,2.94,3.57,-76.96,mixed_edge
1-3,lane1_target_national_win_diff_bucket,near_equal,2985,521,17.45,298500,243530,-54970,81.58,467.43,15.77,78.64,498.72,2.94,1.68,-31.29,mixed_edge
1-4,lane1_exhibition_rank_bucket,3,2622,263,10.03,262200,213870,-48330,81.57,813.19,10.08,74.47,738.96,7.1,-0.05,74.23,mixed_edge
1-2,lane1_target_national_rank_pair,2-3,683,150,21.96,68300,55670,-12630,81.51,371.13,18.99,80.04,421.45,1.47,2.97,-50.32,mixed_edge
1-2,target_lane x lane1_target_national_rank_pair,2 | 2-3,683,150,21.96,68300,55670,-12630,81.51,371.13,18.99,80.04,421.45,1.47,2.97,-50.32,mixed_edge
1-3,lane1_target_local_win_diff_bucket,lane1_plus_0.35_1.00,1940,348,17.94,194000,157980,-36020,81.43,453.97,15.77,78.64,498.72,2.79,2.17,-44.75,mixed_edge
1-5,lane1_target_local_win_diff_bucket,lane1_plus_0.35_1.00,1879,125,6.65,187900,153010,-34890,81.43,1224.08,6.57,78.41,1193.16,3.02,0.08,30.92,mixed_edge
1-2,lane1_target_national_rank_pair,1-2,829,287,34.62,82900,67500,-15400,81.42,235.19,18.99,80.04,421.45,1.38,15.63,-186.26,mixed_edge
1-2,target_lane x lane1_target_national_rank_pair,2 | 1-2,829,287,34.62,82900,67500,-15400,81.42,235.19,18.99,80.04,421.45,1.38,15.63,-186.26,mixed_edge
1-2,target_national_win_rank_bucket x other_national_better_than_target_count_bucket,2 | 0,829,287,34.62,82900,67500,-15400,81.42,235.19,18.99,80.04,421.45,1.38,15.63,-186.26,mixed_edge
1-2,lane1_target_group_pair x other_a_count_bucket,A-A | 1,947,299,31.57,94700,77100,-17600,81.41,257.86,18.99,80.04,421.45,1.37,12.58,-163.59,mixed_edge
1-2,target_class,B1,7362,1174,15.95,736200,599060,-137140,81.37,510.27,18.99,80.04,421.45,1.33,-3.04,88.82,mixed_edge
1-3,lane1_target_class_pair,B2-A2,102,15,14.71,10200,8300,-1900,81.37,553.33,15.77,78.64,498.72,2.73,-1.06,54.61,mixed_edge
1-2,target_exhibition_rank_bucket,4+,6492,1143,17.61,649200,528130,-121070,81.35,462.06,18.99,80.04,421.45,1.31,-1.38,40.61,mixed_edge
1-3,race_no_bucket,4-6R,3822,546,14.29,382200,310900,-71300,81.34,569.41,15.77,78.64,498.72,2.7,-1.48,70.69,mixed_edge
1-3,race_no_bucket x target_lane,4-6R | 3,3822,546,14.29,382200,310900,-71300,81.34,569.41,15.77,78.64,498.72,2.7,-1.48,70.69,mixed_edge
1-2,lane1_target_national_rank_pair x target_outer_pressure_bucket,4+-2 | some_other_pressure,655,99,15.11,65500,53280,-12220,81.34,538.18,18.99,80.04,421.45,1.3,-3.88,116.73,mixed_edge
1-3,lane1_target_exhibition_time_diff_bucket x lane1_target_start_exhibition_st_diff_bucket,target_faster_0.10+ | lane1_faster_0.06+,172,26,15.12,17200,13990,-3210,81.34,538.08,15.77,78.64,498.72,2.7,-0.65,39.36,mixed_edge
1-3,lane1_target_group_pair x target_outer_pressure_bucket,A-B | high_other_pressure,3986,550,13.8,398600,324050,-74550,81.3,589.18,15.77,78.64,498.72,2.66,-1.97,90.46,mixed_edge
1-3,race_no_bucket,7-9R,3782,587,15.52,378200,307460,-70740,81.3,523.78,15.77,78.64,498.72,2.66,-0.25,25.06,mixed_edge
1-3,race_no_bucket x target_lane,7-9R | 3,3782,587,15.52,378200,307460,-70740,81.3,523.78,15.77,78.64,498.72,2.66,-0.25,25.06,mixed_edge
1-3,stadium_code,05,522,77,14.75,52200,42440,-9760,81.3,551.17,15.77,78.64,498.72,2.66,-1.02,52.45,mixed_edge
1-3,stadium_code x target_lane,05 | 3,522,77,14.75,52200,42440,-9760,81.3,551.17,15.77,78.64,498.72,2.66,-1.02,52.45,mixed_edge
1-2,month,2026-01,5157,961,18.63,515700,419160,-96540,81.28,436.17,18.99,80.04,421.45,1.24,-0.36,14.72,mixed_edge
1-2,lane1_target_start_gap_pair x target_outer_pressure_bucket,>0.06-best | high_other_pressure,471,78,16.56,47100,38280,-8820,81.27,490.77,18.99,80.04,421.45,1.23,-2.43,69.32,mixed_edge
1-3,lane1_target_group_pair x target_outer_pressure_bucket,B-A | high_other_pressure,1626,213,13.1,162600,132110,-30490,81.25,620.23,15.77,78.64,498.72,2.61,-2.67,121.51,mixed_edge
1-3,lane1_target_class_pair,B1-A2,1614,202,12.52,161400,131110,-30290,81.23,649.06,15.77,78.64,498.72,2.59,-3.25,150.34,mixed_edge
1-4,lane1_target_boat_place_diff_bucket,target_plus_10+,1815,186,10.25,181500,147420,-34080,81.22,792.58,10.08,74.47,738.96,6.75,0.17,53.62,mixed_edge
1-3,other_group_pattern,A-A-B-A,634,74,11.67,63400,51480,-11920,81.2,695.68,15.77,78.64,498.72,2.56,-4.1,196.96,mixed_edge
1-4,lane1_national_win_rank_bucket,2,3199,402,12.57,319900,259730,-60170,81.19,646.09,10.08,74.47,738.96,6.72,2.49,-92.87,mixed_edge
1-3,lane1_target_group_pair x other_a_count_bucket,B-B | 1,756,82,10.85,75600,61380,-14220,81.19,748.54,15.77,78.64,498.72,2.55,-4.92,249.82,mixed_edge
1-2,stadium_code,06,740,128,17.3,74000,60080,-13920,81.19,469.38,18.99,80.04,421.45,1.15,-1.69,47.93,mixed_edge
1-2,stadium_code x target_lane,06 | 2,740,128,17.3,74000,60080,-13920,81.19,469.38,18.99,80.04,421.45,1.15,-1.69,47.93,mixed_edge
1-2,lane1_target_local_win_diff_bucket,lane1_plus_1.00+,5466,1022,18.7,546600,443710,-102890,81.18,434.16,18.99,80.04,421.45,1.14,-0.29,12.71,mixed_edge
1-5,wave_bucket,0-4,12800,876,6.84,1280000,1038790,-241210,81.16,1185.83,6.57,78.41,1193.16,2.75,0.27,-7.33,mixed_edge
1-4,meeting_phase_bucket,day5+,3376,395,11.7,337600,273980,-63620,81.16,693.62,10.08,74.47,738.96,6.69,1.62,-45.34,mixed_edge
1-4,meeting_phase_bucket x target_lane,day5+ | 4,3376,395,11.7,337600,273980,-63620,81.16,693.62,10.08,74.47,738.96,6.69,1.62,-45.34,mixed_edge
1-4,other_a_count_bucket,3,2093,152,7.26,209300,169850,-39450,81.15,1117.43,10.08,74.47,738.96,6.68,-2.82,378.47,mixed_edge
1-4,target_lane x other_a_count_bucket,4 | 3,2093,152,7.26,209300,169850,-39450,81.15,1117.43,10.08,74.47,738.96,6.68,-2.82,378.47,mixed_edge
1-4,lane1_target_national_rank_pair,2-1,724,178,24.59,72400,58750,-13650,81.15,330.06,10.08,74.47,738.96,6.68,14.51,-408.9,mixed_edge
1-4,target_lane x lane1_target_national_rank_pair,4 | 2-1,724,178,24.59,72400,58750,-13650,81.15,330.06,10.08,74.47,738.96,6.68,14.51,-408.9,mixed_edge
1-6,lane1_boat_rank_bucket,2,2580,114,4.42,258000,209320,-48680,81.13,1836.14,3.91,69.96,1787.33,11.17,0.51,48.81,mixed_edge
1-2,lane1_target_national_rank_pair x target_outer_pressure_bucket,2-1 | low_other_pressure,213,72,33.8,21300,17270,-4030,81.08,239.86,18.99,80.04,421.45,1.04,14.81,-181.59,mixed_edge
1-6,target_national_win_rank_bucket,1,2313,204,8.82,231300,187500,-43800,81.06,919.12,3.91,69.96,1787.33,11.1,4.91,-868.21,mixed_edge
1-6,target_national_win_rank_bucket x other_national_better_than_target_count_bucket,1 | 0,2313,204,8.82,231300,187500,-43800,81.06,919.12,3.91,69.96,1787.33,11.1,4.91,-868.21,mixed_edge
1-4,lane1_target_exhibition_time_diff_bucket x lane1_target_start_exhibition_st_diff_bucket,lane1_faster_0.05_0.10 | target_faster_0.03_0.06,397,47,11.84,39700,32180,-7520,81.06,684.68,10.08,74.47,738.96,6.59,1.76,-54.28,mixed_edge
1-3,lane1_target_national_rank_pair x target_outer_pressure_bucket,4+-1 | high_other_pressure,564,88,15.6,56400,45710,-10690,81.05,519.43,15.77,78.64,498.72,2.41,-0.17,20.71,mixed_edge
1-2,target_class_group,B,7902,1246,15.77,790200,640260,-149940,81.03,513.85,18.99,80.04,421.45,0.99,-3.22,92.4,mixed_edge
1-2,target_lane x target_class_group,2 | B,7902,1246,15.77,790200,640260,-149940,81.03,513.85,18.99,80.04,421.45,0.99,-3.22,92.4,mixed_edge
1-5,lane1_target_exhibition_time_diff_bucket x lane1_target_start_exhibition_st_diff_bucket,lane1_faster_0.05_0.10 | lane1_faster_0.06+,1081,63,5.83,108100,87570,-20530,81.01,1390.0,6.57,78.41,1193.16,2.6,-0.74,196.84,mixed_edge
1-2,lane1_target_national_rank_pair x target_outer_pressure_bucket,2-1 | high_other_pressure,267,88,32.96,26700,21630,-5070,81.01,245.8,18.99,80.04,421.45,0.97,13.97,-175.65,mixed_edge
1-3,target_class_group,B,7964,997,12.52,796400,645060,-151340,81.0,647.0,15.77,78.64,498.72,2.36,-3.25,148.28,mixed_edge
1-3,target_lane x target_class_group,3 | B,7964,997,12.52,796400,645060,-151340,81.0,647.0,15.77,78.64,498.72,2.36,-3.25,148.28,mixed_edge
1-3,target_motor_rank_bucket,1,2461,433,17.59,246100,199350,-46750,81.0,460.39,15.77,78.64,498.72,2.36,1.82,-38.33,mixed_edge
1-3,target_boat_rank_bucket,4+,7419,1182,15.93,741900,600860,-141040,80.99,508.34,15.77,78.64,498.72,2.35,0.16,9.62,mixed_edge
1-2,other_b2_count_bucket,1,3938,703,17.85,393800,318950,-74850,80.99,453.7,18.99,80.04,421.45,0.95,-1.14,32.25,mixed_edge
1-6,lane1_target_exhibition_time_diff_bucket x lane1_target_start_exhibition_st_diff_bucket,near_equal | target_faster_0.03_0.06,734,38,5.18,73400,59450,-13950,80.99,1564.47,3.91,69.96,1787.33,11.03,1.27,-222.86,mixed_edge
1-2,lane1_target_exhibition_time_diff_bucket x lane1_target_start_exhibition_st_diff_bucket,target_faster_0.10+ | lane1_faster_0.06+,171,31,18.13,17100,13850,-3250,80.99,446.77,18.99,80.04,421.45,0.95,-0.86,25.32,mixed_edge
1-5,target_local_win_rank_bucket,2,2277,199,8.74,227700,184400,-43300,80.98,926.63,6.57,78.41,1193.16,2.57,2.17,-266.53,mixed_edge
1-6,other_national_better_than_target_count_bucket,2,2678,91,3.4,267800,216840,-50960,80.97,2382.86,3.91,69.96,1787.33,11.01,-0.51,595.53,mixed_edge
1-3,stadium_code,06,740,117,15.81,74000,59920,-14080,80.97,512.14,15.77,78.64,498.72,2.33,0.04,13.42,mixed_edge
1-3,stadium_code x target_lane,06 | 3,740,117,15.81,74000,59920,-14080,80.97,512.14,15.77,78.64,498.72,2.33,0.04,13.42,mixed_edge
1-4,lane1_target_start_gap_pair,best-best,243,35,14.4,24300,19670,-4630,80.95,562.0,10.08,74.47,738.96,6.48,4.32,-176.96,mixed_edge
1-4,target_lane x lane1_target_start_gap_pair,4 | best-best,243,35,14.4,24300,19670,-4630,80.95,562.0,10.08,74.47,738.96,6.48,4.32,-176.96,mixed_edge
1-4,lane1_start_exhibition_gap_bucket x target_start_exhibition_gap_bucket,best | best,243,35,14.4,24300,19670,-4630,80.95,562.0,10.08,74.47,738.96,6.48,4.32,-176.96,mixed_edge
1-5,meeting_phase_bucket,day5+,3376,237,7.02,337600,273260,-64340,80.94,1153.0,6.57,78.41,1193.16,2.53,0.45,-40.16,mixed_edge
1-5,meeting_phase_bucket x target_lane,day5+ | 5,3376,237,7.02,337600,273260,-64340,80.94,1153.0,6.57,78.41,1193.16,2.53,0.45,-40.16,mixed_edge
1-2,lane1_target_start_gap_pair x target_outer_pressure_bucket,best-0.04-0.06 | some_other_pressure,191,51,26.7,19100,15460,-3640,80.94,303.14,18.99,80.04,421.45,0.9,7.71,-118.31,mixed_edge
1-2,target_national_win_rank_bucket,4+,7410,1158,15.63,741000,599660,-141340,80.93,517.84,18.99,80.04,421.45,0.89,-3.36,96.39,mixed_edge
1-3,month,2026-03,4647,737,15.86,464700,375970,-88730,80.91,510.14,15.77,78.64,498.72,2.27,0.09,11.42,mixed_edge
1-2,target_start_exhibition_gap_bucket,0.04-0.06,3282,630,19.2,328200,265550,-62650,80.91,421.51,18.99,80.04,421.45,0.87,0.21,0.06,mixed_edge
1-2,target_lane x target_start_exhibition_gap_bucket,2 | 0.04-0.06,3282,630,19.2,328200,265550,-62650,80.91,421.51,18.99,80.04,421.45,0.87,0.21,0.06,mixed_edge
1-2,lane1_local_win_rank_bucket,2,3082,638,20.7,308200,249380,-58820,80.91,390.88,18.99,80.04,421.45,0.87,1.71,-30.57,mixed_edge
1-4,stadium_code,20,581,80,13.77,58100,47010,-11090,80.91,587.62,10.08,74.47,738.96,6.44,3.69,-151.34,mixed_edge
1-4,stadium_code x target_lane,20 | 4,581,80,13.77,58100,47010,-11090,80.91,587.62,10.08,74.47,738.96,6.44,3.69,-151.34,mixed_edge
1-2,lane1_target_national_rank_pair,4+-2,1226,184,15.01,122600,99180,-23420,80.9,539.02,18.99,80.04,421.45,0.86,-3.98,117.57,mixed_edge
1-2,target_lane x lane1_target_national_rank_pair,2 | 4+-2,1226,184,15.01,122600,99180,-23420,80.9,539.02,18.99,80.04,421.45,0.86,-3.98,117.57,mixed_edge
1-3,lane1_class,A2,4272,757,17.72,427200,345500,-81700,80.88,456.41,15.77,78.64,498.72,2.24,1.95,-42.31,mixed_edge
1-6,lane1_national_win_rank_bucket,3,2643,117,4.43,264300,213740,-50560,80.87,1826.84,3.91,69.96,1787.33,10.91,0.52,39.51,mixed_edge
1-3,wind_bucket,0-2,6932,1125,16.23,693200,560360,-132840,80.84,498.1,15.77,78.64,498.72,2.2,0.46,-0.62,mixed_edge
1-3,other_b2_count_bucket,1,3951,612,15.49,395100,319400,-75700,80.84,521.9,15.77,78.64,498.72,2.2,-0.28,23.18,mixed_edge
1-4,lane1_target_start_gap_pair,0.04-0.06-<=0.03,660,77,11.67,66000,53320,-12680,80.79,692.47,10.08,74.47,738.96,6.32,1.59,-46.49,mixed_edge
1-4,target_lane x lane1_target_start_gap_pair,4 | 0.04-0.06-<=0.03,660,77,11.67,66000,53320,-12680,80.79,692.47,10.08,74.47,738.96,6.32,1.59,-46.49,mixed_edge
1-4,lane1_start_exhibition_gap_bucket x target_start_exhibition_gap_bucket,0.04-0.06 | <=0.03,660,77,11.67,66000,53320,-12680,80.79,692.47,10.08,74.47,738.96,6.32,1.59,-46.49,mixed_edge
1-5,target_class,A2,3256,271,8.32,325600,263010,-62590,80.78,970.52,6.57,78.41,1193.16,2.37,1.75,-222.64,mixed_edge
1-3,target_outer_pressure_bucket,some_other_pressure,2222,499,22.46,222200,179480,-42720,80.77,359.68,15.77,78.64,498.72,2.13,6.69,-139.04,mixed_edge
1-3,target_lane x target_outer_pressure_bucket,3 | some_other_pressure,2222,499,22.46,222200,179480,-42720,80.77,359.68,15.77,78.64,498.72,2.13,6.69,-139.04,mixed_edge
1-6,lane1_target_boat_place_diff_bucket,target_plus_10+,1837,66,3.59,183700,148300,-35400,80.73,2246.97,3.91,69.96,1787.33,10.77,-0.32,459.64,mixed_edge
1-4,target_exhibition_st_rank_bucket,2,2388,277,11.6,238800,192710,-46090,80.7,695.7,10.08,74.47,738.96,6.23,1.52,-43.26,mixed_edge
1-4,target_lane x target_exhibition_st_rank_bucket,4 | 2,2388,277,11.6,238800,192710,-46090,80.7,695.7,10.08,74.47,738.96,6.23,1.52,-43.26,mixed_edge
1-5,target_boat_rank_bucket,4+,7751,494,6.37,775100,625440,-149660,80.69,1266.07,6.57,78.41,1193.16,2.28,-0.2,72.91,mixed_edge
1-3,stadium_code,22,575,90,15.65,57500,46390,-11110,80.68,515.44,15.77,78.64,498.72,2.04,-0.12,16.72,mixed_edge
1-3,stadium_code x target_lane,22 | 3,575,90,15.65,57500,46390,-11110,80.68,515.44,15.77,78.64,498.72,2.04,-0.12,16.72,mixed_edge
1-4,month,2026-04,1230,123,10.0,123000,99180,-23820,80.63,806.34,10.08,74.47,738.96,6.16,-0.08,67.38,mixed_edge
1-2,lane1_boat_rank_bucket,4+,7365,1379,18.72,736500,593760,-142740,80.62,430.57,18.99,80.04,421.45,0.58,-0.27,9.12,mixed_edge
1-6,lane1_target_motor_place_diff_bucket,target_plus_10+,2400,110,4.58,240000,193500,-46500,80.62,1759.09,3.91,69.96,1787.33,10.66,0.67,-28.24,mixed_edge
1-2,lane1_exhibition_st_rank_bucket,3,2307,432,18.73,230700,185990,-44710,80.62,430.53,18.99,80.04,421.45,0.58,-0.26,9.08,mixed_edge
1-2,lane1_target_national_win_diff_bucket,target_plus_0.35_1.00,2113,422,19.97,211300,170350,-40950,80.62,403.67,18.99,80.04,421.45,0.58,0.98,-17.78,mixed_edge
1-3,lane1_target_group_pair x other_a_count_bucket,B-A | 2,1084,125,11.53,108400,87390,-21010,80.62,699.12,15.77,78.64,498.72,1.98,-4.24,200.4,mixed_edge
1-6,month,2026-01,5157,233,4.52,515700,415680,-100020,80.61,1784.03,3.91,69.96,1787.33,10.65,0.61,-3.3,mixed_edge
1-5,target_boat_rank_bucket,2,2525,187,7.41,252500,203490,-49010,80.59,1088.18,6.57,78.41,1193.16,2.18,0.84,-104.98,mixed_edge
1-6,stadium_code,04,761,30,3.94,76100,61330,-14770,80.59,2044.33,3.91,69.96,1787.33,10.63,0.03,257.0,mixed_edge
1-6,stadium_code x target_lane,04 | 6,761,30,3.94,76100,61330,-14770,80.59,2044.33,3.91,69.96,1787.33,10.63,0.03,257.0,mixed_edge
1-3,stadium_code,19,680,122,17.94,68000,54790,-13210,80.57,449.1,15.77,78.64,498.72,1.93,2.17,-49.62,mixed_edge
1-3,stadium_code x target_lane,19 | 3,680,122,17.94,68000,54790,-13210,80.57,449.1,15.77,78.64,498.72,1.93,2.17,-49.62,mixed_edge
1-5,lane1_class,B2,407,20,4.91,40700,32790,-7910,80.57,1639.5,6.57,78.41,1193.16,2.16,-1.66,446.34,mixed_edge
1-4,target_class,A1,3471,566,16.31,347100,279630,-67470,80.56,494.05,10.08,74.47,738.96,6.09,6.23,-244.91,mixed_edge
1-3,lane1_target_class_pair,A2-A2,864,199,23.03,86400,69600,-16800,80.56,349.75,15.77,78.64,498.72,1.92,7.26,-148.97,mixed_edge
1-2,lane1_motor_rank_bucket,4+,7269,1332,18.32,726900,585420,-141480,80.54,439.5,18.99,80.04,421.45,0.5,-0.67,18.05,mixed_edge
1-4,lane1_target_motor_place_diff_bucket,target_plus_4_10,2672,302,11.3,267200,215200,-52000,80.54,712.58,10.08,74.47,738.96,6.07,1.22,-26.38,mixed_edge
1-2,race_no_bucket,7-9R,3782,698,18.46,378200,304520,-73680,80.52,436.28,18.99,80.04,421.45,0.48,-0.53,14.83,mixed_edge
1-2,race_no_bucket x target_lane,7-9R | 2,3782,698,18.46,378200,304520,-73680,80.52,436.28,18.99,80.04,421.45,0.48,-0.53,14.83,mixed_edge
1-5,lane1_target_boat_place_diff_bucket,target_plus_10+,1818,131,7.21,181800,146380,-35420,80.52,1117.4,6.57,78.41,1193.16,2.11,0.64,-75.76,mixed_edge
1-4,lane1_local_win_rank_bucket,2,3082,369,11.97,308200,248120,-60080,80.51,672.41,10.08,74.47,738.96,6.04,1.89,-66.55,mixed_edge
1-3,lane1_target_exhibition_time_diff_bucket,lane1_faster_0.10+,2015,312,15.48,201500,162210,-39290,80.5,519.9,15.77,78.64,498.72,1.86,-0.29,21.18,mixed_edge
1-3,lane1_target_motor_place_diff_bucket,lane1_plus_4_10,2613,404,15.46,261300,210250,-51050,80.46,520.42,15.77,78.64,498.72,1.82,-0.31,21.7,mixed_edge
1-3,lane1_target_group_pair x other_a_count_bucket,A-A | 0,352,117,33.24,35200,28320,-6880,80.45,242.05,15.77,78.64,498.72,1.81,17.47,-256.67,mixed_edge
1-2,target_class_group x target_outer_pressure_bucket,A | some_other_pressure,1812,427,23.57,181200,145740,-35460,80.43,341.31,18.99,80.04,421.45,0.39,4.58,-80.14,mixed_edge
1-6,lane1_target_group_pair x other_a_count_bucket,A-A | 2,1032,55,5.33,103200,83000,-20200,80.43,1509.09,3.91,69.96,1787.33,10.47,1.42,-278.24,mixed_edge
1-2,month,2026-03,4647,895,19.26,464700,373710,-90990,80.42,417.55,18.99,80.04,421.45,0.38,0.27,-3.9,mixed_edge
1-2,lane1_target_national_rank_pair x target_outer_pressure_bucket,4+-1 | low_other_pressure,455,84,18.46,45500,36590,-8910,80.42,435.6,18.99,80.04,421.45,0.38,-0.53,14.15,mixed_edge
1-2,race_no_bucket,1-3R,3827,651,17.01,382700,307720,-74980,80.41,472.69,18.99,80.04,421.45,0.37,-1.98,51.24,mixed_edge
1-2,race_no_bucket x target_lane,1-3R | 2,3827,651,17.01,382700,307720,-74980,80.41,472.69,18.99,80.04,421.45,0.37,-1.98,51.24,mixed_edge
1-5,lane1_target_exhibition_time_diff_bucket x lane1_target_start_exhibition_st_diff_bucket,target_faster_0.05_0.10 | near_equal,412,35,8.5,41200,33130,-8070,80.41,946.57,6.57,78.41,1193.16,2.0,1.93,-246.59,mixed_edge
1-3,target_class,B1,7422,942,12.69,742200,596750,-145450,80.4,633.49,15.77,78.64,498.72,1.76,-3.08,134.77,mixed_edge
1-6,lane1_target_class_pair,B1-B1,2531,61,2.41,253100,203470,-49630,80.39,3335.57,3.91,69.96,1787.33,10.43,-1.5,1548.24,mixed_edge
1-2,lane1_target_national_rank_pair x target_outer_pressure_bucket,4+-2 | high_other_pressure,571,85,14.89,57100,45900,-11200,80.39,540.0,18.99,80.04,421.45,0.35,-4.1,118.55,mixed_edge
1-2,target_class_group x target_outer_pressure_bucket,B | high_other_pressure,7045,1017,14.44,704500,566190,-138310,80.37,556.73,18.99,80.04,421.45,0.33,-4.55,135.28,mixed_edge
1-3,lane1_target_group_pair x other_a_count_bucket,A-B | 0,857,202,23.57,85700,68880,-16820,80.37,340.99,15.77,78.64,498.72,1.73,7.8,-157.73,mixed_edge
1-4,other_b2_count_bucket,1,3677,390,10.61,367700,295420,-72280,80.34,757.49,10.08,74.47,738.96,5.87,0.53,18.53,mixed_edge
1-5,target_national_win_rank_bucket x other_national_better_than_target_count_bucket,2 | 1,1587,115,7.25,158700,127500,-31200,80.34,1108.7,6.57,78.41,1193.16,1.93,0.68,-84.46,mixed_edge
1-2,stadium_code,17,677,133,19.65,67700,54390,-13310,80.34,408.95,18.99,80.04,421.45,0.3,0.66,-12.5,mixed_edge
1-2,stadium_code x target_lane,17 | 2,677,133,19.65,67700,54390,-13310,80.34,408.95,18.99,80.04,421.45,0.3,0.66,-12.5,mixed_edge
1-3,stadium_code,10,582,89,15.29,58200,46740,-11460,80.31,525.17,15.77,78.64,498.72,1.67,-0.48,26.45,mixed_edge
1-3,stadium_code x target_lane,10 | 3,582,89,15.29,58200,46740,-11460,80.31,525.17,15.77,78.64,498.72,1.67,-0.48,26.45,mixed_edge
1-4,target_local_win_rank_bucket,3,2530,277,10.95,253000,203160,-49840,80.3,733.43,10.08,74.47,738.96,5.83,0.87,-5.53,mixed_edge
1-3,lane1_target_boat_place_diff_bucket,target_plus_10+,1839,294,15.99,183900,147630,-36270,80.28,502.14,15.77,78.64,498.72,1.64,0.22,3.42,mixed_edge
1-3,target_class_group x target_outer_pressure_bucket,B | high_other_pressure,7276,823,11.31,727600,583940,-143660,80.26,709.53,15.77,78.64,498.72,1.62,-4.46,210.81,mixed_edge
1-6,target_exhibition_rank_bucket x other_exhibition_faster_than_target_count_bucket,2 | 0,938,49,5.22,93800,75280,-18520,80.26,1536.33,3.91,69.96,1787.33,10.3,1.31,-251.0,mixed_edge
1-3,lane1_national_win_rank_bucket,1,3740,809,21.63,374000,300140,-73860,80.25,371.0,15.77,78.64,498.72,1.61,5.86,-127.72,mixed_edge
1-5,target_exhibition_rank_bucket,3,2319,165,7.12,231900,186080,-45820,80.24,1127.76,6.57,78.41,1193.16,1.83,0.55,-65.4,mixed_edge
1-5,lane1_target_national_rank_pair,4+-2,1122,69,6.15,112200,90030,-22170,80.24,1304.78,6.57,78.41,1193.16,1.83,-0.42,111.62,mixed_edge
1-5,target_lane x lane1_target_national_rank_pair,5 | 4+-2,1122,69,6.15,112200,90030,-22170,80.24,1304.78,6.57,78.41,1193.16,1.83,-0.42,111.62,mixed_edge
1-6,lane1_local_win_rank_bucket,2,3082,166,5.39,308200,247280,-60920,80.23,1489.64,3.91,69.96,1787.33,10.27,1.48,-297.69,mixed_edge
1-2,wave_bucket,0-4,12800,2457,19.2,1280000,1026580,-253420,80.2,417.82,18.99,80.04,421.45,0.16,0.21,-3.63,mixed_edge
1-2,target_exhibition_rank_bucket,3,2806,558,19.89,280600,225050,-55550,80.2,403.32,18.99,80.04,421.45,0.16,0.9,-18.13,mixed_edge
1-4,target_national_win_rank_bucket,1,2273,387,17.03,227300,182270,-45030,80.19,470.98,10.08,74.47,738.96,5.72,6.95,-267.98,mixed_edge
1-4,target_national_win_rank_bucket x other_national_better_than_target_count_bucket,1 | 0,2273,387,17.03,227300,182270,-45030,80.19,470.98,10.08,74.47,738.96,5.72,6.95,-267.98,mixed_edge
1-3,lane1_boat_rank_bucket,4+,7365,1148,15.59,736500,590480,-146020,80.17,514.36,15.77,78.64,498.72,1.53,-0.18,15.64,mixed_edge
1-4,other_group_pattern,B-A-B-B,1096,111,10.13,109600,87860,-21740,80.16,791.53,10.08,74.47,738.96,5.69,0.05,52.57,mixed_edge
1-3,lane1_target_national_rank_pair,4+-4+,2070,163,7.87,207000,165910,-41090,80.15,1017.85,15.77,78.64,498.72,1.51,-7.9,519.13,mixed_edge
1-3,target_lane x lane1_target_national_rank_pair,3 | 4+-4+,2070,163,7.87,207000,165910,-41090,80.15,1017.85,15.77,78.64,498.72,1.51,-7.9,519.13,mixed_edge
1-3,lane1_target_national_rank_pair x target_outer_pressure_bucket,4+-4+ | high_other_pressure,2070,163,7.87,207000,165910,-41090,80.15,1017.85,15.77,78.64,498.72,1.51,-7.9,519.13,mixed_edge
1-2,target_boat_rank_bucket,4+,7432,1407,18.93,743200,595620,-147580,80.14,423.33,18.99,80.04,421.45,0.1,-0.06,1.88,mixed_edge
1-3,other_national_better_than_target_count_bucket,3,3141,354,11.27,314100,251700,-62400,80.13,711.02,15.77,78.64,498.72,1.49,-4.5,212.3,mixed_edge
1-3,target_national_win_rank_bucket x other_national_better_than_target_count_bucket,4+ | 3,3141,354,11.27,314100,251700,-62400,80.13,711.02,15.77,78.64,498.72,1.49,-4.5,212.3,mixed_edge
1-2,target_local_win_rank_bucket,4+,7321,1199,16.38,732100,586540,-145560,80.12,489.19,18.99,80.04,421.45,0.08,-2.61,67.74,mixed_edge
1-3,lane1_target_local_win_diff_bucket,target_plus_1.00+,3902,582,14.92,390200,312580,-77620,80.11,537.08,15.77,78.64,498.72,1.47,-0.85,38.36,mixed_edge
1-2,other_a_count_bucket,4,1855,419,22.59,185500,148570,-36930,80.09,354.58,18.99,80.04,421.45,0.05,3.6,-66.87,mixed_edge
1-2,other_group_pattern,A-A-A-A,1855,419,22.59,185500,148570,-36930,80.09,354.58,18.99,80.04,421.45,0.05,3.6,-66.87,mixed_edge
1-2,target_lane x other_a_count_bucket,2 | 4,1855,419,22.59,185500,148570,-36930,80.09,354.58,18.99,80.04,421.45,0.05,3.6,-66.87,mixed_edge
1-3,lane1_target_national_rank_pair,1-4+,2117,366,17.29,211700,169520,-42180,80.08,463.17,15.77,78.64,498.72,1.44,1.52,-35.55,mixed_edge
1-3,target_lane x lane1_target_national_rank_pair,3 | 1-4+,2117,366,17.29,211700,169520,-42180,80.08,463.17,15.77,78.64,498.72,1.44,1.52,-35.55,mixed_edge
1-3,lane1_target_national_rank_pair x target_outer_pressure_bucket,1-4+ | high_other_pressure,2117,366,17.29,211700,169520,-42180,80.08,463.17,15.77,78.64,498.72,1.44,1.52,-35.55,mixed_edge
1-2,lane1_target_start_gap_pair x target_outer_pressure_bucket,0.04-0.06->0.06 | some_other_pressure,133,31,23.31,13300,10650,-2650,80.08,343.55,18.99,80.04,421.45,0.04,4.32,-77.9,mixed_edge
1-6,lane1_exhibition_rank_bucket,2,3312,143,4.32,331200,265150,-66050,80.06,1854.2,3.91,69.96,1787.33,10.1,0.41,66.87,mixed_edge
1-5,target_class_group,A,6544,607,9.28,654400,523850,-130550,80.05,863.01,6.57,78.41,1193.16,1.64,2.71,-330.15,mixed_edge
1-5,target_lane x target_class_group,5 | A,6544,607,9.28,654400,523850,-130550,80.05,863.01,6.57,78.41,1193.16,1.64,2.71,-330.15,mixed_edge
1-3,target_start_exhibition_gap_bucket,0.04-0.06,3237,531,16.4,323700,259110,-64590,80.05,487.97,15.77,78.64,498.72,1.41,0.63,-10.75,mixed_edge
1-3,target_lane x target_start_exhibition_gap_bucket,3 | 0.04-0.06,3237,531,16.4,323700,259110,-64590,80.05,487.97,15.77,78.64,498.72,1.41,0.63,-10.75,mixed_edge
1-2,target_lane,2,15201,2887,18.99,1520100,1216730,-303370,80.04,421.45,18.99,80.04,421.45,0.0,0.0,0.0,mixed_edge
1-2,target_lane_zone,inner_2_3,15201,2887,18.99,1520100,1216730,-303370,80.04,421.45,18.99,80.04,421.45,0.0,0.0,0.0,mixed_edge
1-2,meeting_phase_bucket,day3-4,5336,971,18.2,533600,427060,-106540,80.03,439.81,18.99,80.04,421.45,-0.01,-0.79,18.36,mixed_edge
1-2,meeting_phase_bucket x target_lane,day3-4 | 2,5336,971,18.2,533600,427060,-106540,80.03,439.81,18.99,80.04,421.45,-0.01,-0.79,18.36,mixed_edge
1-4,lane1_target_national_rank_pair x target_outer_pressure_bucket,2-3 | high_other_pressure,358,42,11.73,35800,28650,-7150,80.03,682.14,10.08,74.47,738.96,5.56,1.65,-56.82,mixed_edge
1-2,grade_group,一般,14058,2643,18.8,1405800,1124930,-280870,80.02,425.63,18.99,80.04,421.45,-0.02,-0.19,4.18,mixed_edge
1-6,lane1_motor_rank_bucket,3,2499,104,4.16,249900,199920,-49980,80.0,1922.31,3.91,69.96,1787.33,10.04,0.25,134.98,mixed_edge
1-3,lane1_target_start_gap_pair x target_outer_pressure_bucket,best-best | some_other_pressure,57,14,24.56,5700,4560,-1140,80.0,325.71,15.77,78.64,498.72,1.36,8.79,-173.01,mixed_edge
1-6,target_class,A2,3499,174,4.97,349900,279840,-70060,79.98,1608.28,3.91,69.96,1787.33,10.02,1.06,-179.05,mixed_edge
1-3,target_exhibition_rank_bucket,4+,7698,1123,14.59,769800,615610,-154190,79.97,548.18,15.77,78.64,498.72,1.33,-1.18,49.46,mixed_edge
1-5,lane1_boat_rank_bucket,4+,7365,481,6.53,736500,588890,-147610,79.96,1224.3,6.57,78.41,1193.16,1.55,-0.04,31.14,mixed_edge
1-3,lane1_target_local_win_diff_bucket,target_plus_0.35_1.00,1677,290,17.29,167700,134070,-33630,79.95,462.31,15.77,78.64,498.72,1.31,1.52,-36.41,mixed_edge
1-5,wind_bucket,3-4,5413,348,6.43,541300,432710,-108590,79.94,1243.42,6.57,78.41,1193.16,1.53,-0.14,50.26,mixed_edge
1-3,lane1_target_group_pair x other_a_count_bucket,A-A | 3,494,109,22.06,49400,39490,-9910,79.94,362.29,15.77,78.64,498.72,1.3,6.29,-136.43,mixed_edge
1-4,target_boat_rank_bucket,1,2473,275,11.12,247300,197670,-49630,79.93,718.8,10.08,74.47,738.96,5.46,1.04,-20.16,mixed_edge
1-3,lane1_target_class_pair,A2-B1,2491,346,13.89,249100,199080,-50020,79.92,575.38,15.77,78.64,498.72,1.28,-1.88,76.66,mixed_edge
1-6,lane1_target_class_pair,A1-A1,1655,81,4.89,165500,132260,-33240,79.92,1632.84,3.91,69.96,1787.33,9.96,0.98,-154.49,mixed_edge
1-4,lane1_target_boat_place_diff_bucket,lane1_plus_10+,1774,166,9.36,177400,141720,-35680,79.89,853.73,10.08,74.47,738.96,5.42,-0.72,114.77,mixed_edge
1-5,lane1_exhibition_rank_bucket,3,2622,167,6.37,262200,209440,-52760,79.88,1254.13,6.57,78.41,1193.16,1.47,-0.2,60.97,mixed_edge
1-2,other_a_count_bucket,2,5231,840,16.06,523100,417760,-105340,79.86,497.33,18.99,80.04,421.45,-0.18,-2.93,75.88,mixed_edge
1-2,target_lane x other_a_count_bucket,2 | 2,5231,840,16.06,523100,417760,-105340,79.86,497.33,18.99,80.04,421.45,-0.18,-2.93,75.88,mixed_edge
1-2,lane1_exhibition_rank_bucket,4+,4684,769,16.42,468400,373920,-94480,79.83,486.24,18.99,80.04,421.45,-0.21,-2.57,64.79,mixed_edge
1-2,target_class_group x target_outer_pressure_bucket,B | low_other_pressure,151,48,31.79,15100,12050,-3050,79.8,251.04,18.99,80.04,421.45,-0.24,12.8,-170.41,mixed_edge
1-2,lane1_target_exhibition_st_rank_pair,1-4+,1650,309,18.73,165000,131650,-33350,79.79,426.05,18.99,80.04,421.45,-0.25,-0.26,4.6,mixed_edge
1-2,lane1_exhibition_st_rank_bucket x target_exhibition_st_rank_bucket,1 | 4+,1650,309,18.73,165000,131650,-33350,79.79,426.05,18.99,80.04,421.45,-0.25,-0.26,4.6,mixed_edge
1-2,lane1_target_exhibition_time_diff_bucket x lane1_target_start_exhibition_st_diff_bucket,near_equal | lane1_faster_0.03_0.06,1276,268,21.0,127600,101810,-25790,79.79,379.89,18.99,80.04,421.45,-0.25,2.01,-41.56,mixed_edge
1-2,lane1_local_win_rank_bucket,3,2620,474,18.09,262000,209030,-52970,79.78,440.99,18.99,80.04,421.45,-0.26,-0.9,19.54,mixed_edge
1-2,other_b2_count_bucket,0,10697,2064,19.3,1069700,853290,-216410,79.77,413.42,18.99,80.04,421.45,-0.27,0.31,-8.03,mixed_edge
1-2,lane1_target_exhibition_time_diff_bucket x lane1_target_start_exhibition_st_diff_bucket,near_equal | lane1_faster_0.06+,1514,287,18.96,151400,120750,-30650,79.76,420.73,18.99,80.04,421.45,-0.28,-0.03,-0.72,mixed_edge
1-5,lane1_target_national_rank_pair x target_outer_pressure_bucket,2-1 | some_other_pressure,126,20,15.87,12600,10050,-2550,79.76,502.5,6.57,78.41,1193.16,1.35,9.3,-690.66,mixed_edge
1-3,lane1_target_class_pair,B1-B1,3092,291,9.41,309200,246390,-62810,79.69,846.7,15.77,78.64,498.72,1.05,-6.36,347.98,mixed_edge
1-5,lane1_target_group_pair x other_a_count_bucket,A-A | 0,246,44,17.89,24600,19590,-5010,79.63,445.23,6.57,78.41,1193.16,1.22,11.32,-747.93,mixed_edge
1-2,target_outer_pressure_bucket,high_other_pressure,11582,1982,17.11,1158200,922140,-236060,79.62,465.26,18.99,80.04,421.45,-0.42,-1.88,43.81,mixed_edge
1-2,target_lane x target_outer_pressure_bucket,2 | high_other_pressure,11582,1982,17.11,1158200,922140,-236060,79.62,465.26,18.99,80.04,421.45,-0.42,-1.88,43.81,mixed_edge
1-3,other_exhibition_faster_than_target_count_bucket,2,3073,466,15.16,307300,244680,-62620,79.62,525.06,15.77,78.64,498.72,0.98,-0.61,26.34,mixed_edge
1-2,target_class,A1,3624,882,24.34,362400,288480,-73920,79.6,327.07,18.99,80.04,421.45,-0.44,5.35,-94.38,mixed_edge
1-2,lane1_target_group_pair x target_outer_pressure_bucket,A-A | high_other_pressure,2984,739,24.77,298400,237520,-60880,79.6,321.41,18.99,80.04,421.45,-0.44,5.78,-100.04,mixed_edge
1-2,lane1_target_class_pair,A1-A1,1898,505,26.61,189800,151050,-38750,79.58,299.11,18.99,80.04,421.45,-0.46,7.62,-122.34,mixed_edge
1-3,other_exhibition_faster_than_target_count_bucket,3,2797,398,14.23,279700,222560,-57140,79.57,559.2,15.77,78.64,498.72,0.93,-1.54,60.48,mixed_edge
1-3,target_exhibition_rank_bucket x other_exhibition_faster_than_target_count_bucket,4+ | 3,2797,398,14.23,279700,222560,-57140,79.57,559.2,15.77,78.64,498.72,0.93,-1.54,60.48,mixed_edge
1-5,lane1_target_motor_place_diff_bucket,target_plus_4_10,2560,177,6.91,256000,203630,-52370,79.54,1150.45,6.57,78.41,1193.16,1.13,0.34,-42.71,mixed_edge
1-3,race_no_bucket,1-3R,3827,593,15.5,382700,304350,-78350,79.53,513.24,15.77,78.64,498.72,0.89,-0.27,14.52,mixed_edge
1-3,race_no_bucket x target_lane,1-3R | 3,3827,593,15.5,382700,304350,-78350,79.53,513.24,15.77,78.64,498.72,0.89,-0.27,14.52,mixed_edge
1-2,lane1_exhibition_rank_bucket,1,4451,940,21.12,445100,353910,-91190,79.51,376.5,18.99,80.04,421.45,-0.53,2.13,-44.95,mixed_edge
1-6,meeting_phase_bucket,day1-2,5423,237,4.37,542300,431080,-111220,79.49,1818.9,3.91,69.96,1787.33,9.53,0.46,31.57,mixed_edge
1-6,meeting_phase_bucket x target_lane,day1-2 | 6,5423,237,4.37,542300,431080,-111220,79.49,1818.9,3.91,69.96,1787.33,9.53,0.46,31.57,mixed_edge
1-2,lane1_national_win_rank_bucket,2,3199,654,20.44,319900,254280,-65620,79.49,388.81,18.99,80.04,421.45,-0.55,1.45,-32.64,mixed_edge
1-3,lane1_local_win_rank_bucket,2,3082,529,17.16,308200,244970,-63230,79.48,463.08,15.77,78.64,498.72,0.84,1.39,-35.64,mixed_edge
1-4,lane1_target_local_win_diff_bucket,target_plus_1.00+,3658,390,10.66,365800,290630,-75170,79.45,745.21,10.08,74.47,738.96,4.98,0.58,6.25,mixed_edge
1-3,lane1_target_start_exhibition_st_diff_bucket,lane1_faster_0.06+,3381,506,14.97,338100,268620,-69480,79.45,530.87,15.77,78.64,498.72,0.81,-0.8,32.15,mixed_edge
1-2,other_group_pattern,B-B-A-B,971,194,19.98,97100,77150,-19950,79.45,397.68,18.99,80.04,421.45,-0.59,0.99,-23.77,mixed_edge
1-3,target_start_exhibition_gap_bucket,best,2961,509,17.19,296100,235220,-60880,79.44,462.12,15.77,78.64,498.72,0.8,1.42,-36.6,mixed_edge
1-3,target_lane x target_start_exhibition_gap_bucket,3 | best,2961,509,17.19,296100,235220,-60880,79.44,462.12,15.77,78.64,498.72,0.8,1.42,-36.6,mixed_edge
1-4,lane1_target_class_pair,A1-A1,1886,304,16.12,188600,149830,-38770,79.44,492.86,10.08,74.47,738.96,4.97,6.04,-246.1,mixed_edge
1-3,wave_bucket,0-4,12800,2070,16.17,1280000,1016570,-263430,79.42,491.1,15.77,78.64,498.72,0.78,0.4,-7.62,mixed_edge
1-5,race_no_bucket,10-12R,3770,293,7.77,377000,299430,-77570,79.42,1021.95,6.57,78.41,1193.16,1.01,1.2,-171.21,mixed_edge
1-5,race_no_bucket x target_lane,10-12R | 5,3770,293,7.77,377000,299430,-77570,79.42,1021.95,6.57,78.41,1193.16,1.01,1.2,-171.21,mixed_edge
1-4,target_exhibition_st_rank_bucket x other_st_faster_than_target_count_bucket,3 | 2,1110,96,8.65,111000,88160,-22840,79.42,918.33,10.08,74.47,738.96,4.95,-1.43,179.37,mixed_edge
1-4,lane1_target_start_exhibition_st_diff_bucket,target_faster_0.03_0.06,1753,187,10.67,175300,139210,-36090,79.41,744.44,10.08,74.47,738.96,4.94,0.59,5.48,mixed_edge
1-6,other_national_better_than_target_count_bucket,0,2927,255,8.71,292700,232340,-60360,79.38,911.14,3.91,69.96,1787.33,9.42,4.8,-876.19,mixed_edge
1-3,lane1_boat_rank_bucket,2,2580,427,16.55,258000,204800,-53200,79.38,479.63,15.77,78.64,498.72,0.74,0.78,-19.09,mixed_edge
1-5,wave_bucket,10+,175,9,5.14,17500,13890,-3610,79.37,1543.33,6.57,78.41,1193.16,0.96,-1.43,350.17,mixed_edge
1-2,wind_bucket,3-4,5413,1015,18.75,541300,429580,-111720,79.36,423.23,18.99,80.04,421.45,-0.68,-0.24,1.78,mixed_edge
1-3,lane1_class,B2,407,46,11.3,40700,32300,-8400,79.36,702.17,15.77,78.64,498.72,0.72,-4.47,203.45,mixed_edge
1-5,lane1_target_group_pair,A-B,4773,266,5.57,477300,378760,-98540,79.35,1423.91,6.57,78.41,1193.16,0.94,-1.0,230.75,mixed_edge
1-2,target_exhibition_rank_bucket x other_exhibition_faster_than_target_count_bucket,3 | 1,1861,404,21.71,186100,147670,-38430,79.35,365.52,18.99,80.04,421.45,-0.69,2.72,-55.93,mixed_edge
1-3,lane1_target_start_gap_pair,0.04-0.06-best,676,118,17.46,67600,53640,-13960,79.35,454.58,15.77,78.64,498.72,0.71,1.69,-44.14,mixed_edge
1-3,target_lane x lane1_target_start_gap_pair,3 | 0.04-0.06-best,676,118,17.46,67600,53640,-13960,79.35,454.58,15.77,78.64,498.72,0.71,1.69,-44.14,mixed_edge
1-3,lane1_start_exhibition_gap_bucket x target_start_exhibition_gap_bucket,0.04-0.06 | best,676,118,17.46,67600,53640,-13960,79.35,454.58,15.77,78.64,498.72,0.71,1.69,-44.14,mixed_edge
1-6,target_exhibition_st_rank_bucket,3,2165,100,4.62,216500,171780,-44720,79.34,1717.8,3.91,69.96,1787.33,9.38,0.71,-69.53,mixed_edge
1-6,target_lane x target_exhibition_st_rank_bucket,6 | 3,2165,100,4.62,216500,171780,-44720,79.34,1717.8,3.91,69.96,1787.33,9.38,0.71,-69.53,mixed_edge
1-5,target_class,A1,3288,336,10.22,328800,260840,-67960,79.33,776.31,6.57,78.41,1193.16,0.92,3.65,-416.85,mixed_edge
1-2,lane1_target_national_rank_pair x target_outer_pressure_bucket,1-2 | low_other_pressure,249,93,37.35,24900,19750,-5150,79.32,212.37,18.99,80.04,421.45,-0.72,18.36,-209.08,mixed_edge
1-5,lane1_target_group_pair x target_outer_pressure_bucket,A-A | some_other_pressure,780,102,13.08,78000,61860,-16140,79.31,606.47,6.57,78.41,1193.16,0.9,6.51,-586.69,mixed_edge
1-2,wave_bucket,5-9,2226,403,18.1,222600,176530,-46070,79.3,438.04,18.99,80.04,421.45,-0.74,-0.89,16.59,mixed_edge
1-5,target_national_win_rank_bucket,1,2048,250,12.21,204800,162390,-42410,79.29,649.56,6.57,78.41,1193.16,0.88,5.64,-543.6,mixed_edge
1-5,target_national_win_rank_bucket x other_national_better_than_target_count_bucket,1 | 0,2048,250,12.21,204800,162390,-42410,79.29,649.56,6.57,78.41,1193.16,0.88,5.64,-543.6,mixed_edge
1-2,lane1_target_national_rank_pair,2-1,621,204,32.85,62100,49240,-12860,79.29,241.37,18.99,80.04,421.45,-0.75,13.86,-180.08,mixed_edge
1-2,target_lane x lane1_target_national_rank_pair,2 | 2-1,621,204,32.85,62100,49240,-12860,79.29,241.37,18.99,80.04,421.45,-0.75,13.86,-180.08,mixed_edge
1-2,lane1_target_group_pair x target_outer_pressure_bucket,B-A | low_other_pressure,424,77,18.16,42400,33620,-8780,79.29,436.62,18.99,80.04,421.45,-0.75,-0.83,15.17,mixed_edge
1-5,lane1_target_group_pair x target_outer_pressure_bucket,A-B | some_other_pressure,266,32,12.03,26600,21090,-5510,79.29,659.06,6.57,78.41,1193.16,0.88,5.46,-534.1,mixed_edge
1-2,meeting_phase_bucket,day1-2,5423,954,17.59,542300,429920,-112380,79.28,450.65,18.99,80.04,421.45,-0.76,-1.4,29.2,mixed_edge
1-2,meeting_phase_bucket x target_lane,day1-2 | 2,5423,954,17.59,542300,429920,-112380,79.28,450.65,18.99,80.04,421.45,-0.76,-1.4,29.2,mixed_edge
1-3,target_boat_rank_bucket,2,2453,390,15.9,245300,194470,-50830,79.28,498.64,15.77,78.64,498.72,0.64,0.13,-0.08,mixed_edge
1-6,stadium_code,20,581,30,5.16,58100,46060,-12040,79.28,1535.33,3.91,69.96,1787.33,9.32,1.25,-252.0,mixed_edge
1-6,stadium_code x target_lane,20 | 6,581,30,5.16,58100,46060,-12040,79.28,1535.33,3.91,69.96,1787.33,9.32,1.25,-252.0,mixed_edge
1-4,lane1_target_group_pair x other_a_count_bucket,B-A | 2,984,86,8.74,98400,78000,-20400,79.27,906.98,10.08,74.47,738.96,4.8,-1.34,168.02,mixed_edge
1-2,lane1_target_start_exhibition_st_diff_bucket,target_faster_0.03_0.06,1800,341,18.94,180000,142610,-37390,79.23,418.21,18.99,80.04,421.45,-0.81,-0.05,-3.24,mixed_edge
1-6,target_exhibition_rank_bucket,2,2012,97,4.82,201200,159370,-41830,79.21,1642.99,3.91,69.96,1787.33,9.25,0.91,-144.34,mixed_edge
1-2,lane1_target_exhibition_time_diff_bucket x lane1_target_start_exhibition_st_diff_bucket,near_equal | target_faster_0.06+,989,174,17.59,98900,78340,-20560,79.21,450.23,18.99,80.04,421.45,-0.83,-1.4,28.78,mixed_edge
1-5,lane1_class_group,B,6217,311,5.0,621700,492360,-129340,79.2,1583.15,6.57,78.41,1193.16,0.79,-1.57,389.99,mixed_edge
1-2,lane1_target_group_pair,B-A,2752,433,15.73,275200,217960,-57240,79.2,503.37,18.99,80.04,421.45,-0.84,-3.26,81.92,mixed_edge
1-2,other_exhibition_faster_than_target_count_bucket,1,3497,698,19.96,349700,276870,-72830,79.17,396.66,18.99,80.04,421.45,-0.87,0.97,-24.79,mixed_edge
1-3,lane1_target_group_pair,B-B,3578,329,9.2,357800,283090,-74710,79.12,860.46,15.77,78.64,498.72,0.48,-6.57,361.74,mixed_edge
1-3,lane1_class_group,B,6217,701,11.28,621700,491830,-129870,79.11,701.61,15.77,78.64,498.72,0.47,-4.49,202.89,mixed_edge
1-5,lane1_class,B1,5810,291,5.01,581000,459570,-121430,79.1,1579.28,6.57,78.41,1193.16,0.69,-1.56,386.12,mixed_edge
1-5,target_class_group x target_outer_pressure_bucket,A | high_other_pressure,4609,375,8.14,460900,364560,-96340,79.1,972.16,6.57,78.41,1193.16,0.69,1.57,-221.0,mixed_edge
1-3,lane1_target_group_pair,B-A,2639,372,14.1,263900,208740,-55160,79.1,561.13,15.77,78.64,498.72,0.46,-1.67,62.41,mixed_edge
1-3,lane1_class,B1,5810,655,11.27,581000,459530,-121470,79.09,701.57,15.77,78.64,498.72,0.45,-4.5,202.85,mixed_edge
1-5,other_b2_count_bucket,0,11507,740,6.43,1150700,909820,-240880,79.07,1229.49,6.57,78.41,1193.16,0.66,-0.14,36.33,mixed_edge
1-5,lane1_target_group_pair x target_outer_pressure_bucket,A-B | high_other_pressure,4449,223,5.01,444900,351780,-93120,79.07,1577.49,6.57,78.41,1193.16,0.66,-1.56,384.33,mixed_edge
1-2,lane1_target_motor_place_diff_bucket,near_equal,5013,917,18.29,501300,396260,-105040,79.05,432.13,18.99,80.04,421.45,-0.99,-0.7,10.68,mixed_edge
1-2,lane1_target_start_gap_pair,>0.06-best,653,113,17.3,65300,51620,-13680,79.05,456.81,18.99,80.04,421.45,-0.99,-1.69,35.36,mixed_edge
1-2,target_lane x lane1_target_start_gap_pair,2 | >0.06-best,653,113,17.3,65300,51620,-13680,79.05,456.81,18.99,80.04,421.45,-0.99,-1.69,35.36,mixed_edge
1-2,lane1_start_exhibition_gap_bucket x target_start_exhibition_gap_bucket,>0.06 | best,653,113,17.3,65300,51620,-13680,79.05,456.81,18.99,80.04,421.45,-0.99,-1.69,35.36,mixed_edge
1-3,lane1_target_group_pair x target_outer_pressure_bucket,A-A | some_other_pressure,963,254,26.38,96300,76120,-20180,79.04,299.69,15.77,78.64,498.72,0.4,10.61,-199.03,mixed_edge
1-5,lane1_class,A2,4272,297,6.95,427200,337560,-89640,79.02,1136.57,6.57,78.41,1193.16,0.61,0.38,-56.59,mixed_edge
1-2,lane1_target_national_rank_pair x target_outer_pressure_bucket,3-2 | high_other_pressure,265,50,18.87,26500,20940,-5560,79.02,418.8,18.99,80.04,421.45,-1.02,-0.12,-2.65,mixed_edge
1-5,lane1_target_class_pair,A1-A1,1764,169,9.58,176400,139370,-37030,79.01,824.67,6.57,78.41,1193.16,0.6,3.01,-368.49,mixed_edge
1-6,lane1_target_start_gap_pair x target_outer_pressure_bucket,<=0.03-best | low_other_pressure,50,7,14.0,5000,3950,-1050,79.0,564.29,3.91,69.96,1787.33,9.04,10.09,-1223.04,mixed_edge
1-3,lane1_target_group_pair x target_outer_pressure_bucket,B-B | high_other_pressure,3290,273,8.3,329000,259890,-69110,78.99,951.98,15.77,78.64,498.72,0.35,-7.47,453.26,mixed_edge
1-2,target_class_group,A,7299,1641,22.48,729900,576470,-153430,78.98,351.29,18.99,80.04,421.45,-1.06,3.49,-70.16,mixed_edge
1-2,target_lane x target_class_group,2 | A,7299,1641,22.48,729900,576470,-153430,78.98,351.29,18.99,80.04,421.45,-1.06,3.49,-70.16,mixed_edge
1-3,lane1_target_national_rank_pair x target_outer_pressure_bucket,2-1 | low_other_pressure,196,61,31.12,19600,15480,-4120,78.98,253.77,15.77,78.64,498.72,0.34,15.35,-244.95,mixed_edge
1-2,target_exhibition_rank_bucket x other_exhibition_faster_than_target_count_bucket,2 | 1,1636,294,17.97,163600,129200,-34400,78.97,439.46,18.99,80.04,421.45,-1.07,-1.02,18.01,mixed_edge
1-2,lane1_target_start_gap_pair x target_outer_pressure_bucket,best->0.06 | high_other_pressure,1035,174,16.81,103500,81650,-21850,78.89,469.25,18.99,80.04,421.45,-1.15,-2.18,47.8,mixed_edge
1-4,wind_bucket,7+,768,74,9.64,76800,60590,-16210,78.89,818.78,10.08,74.47,738.96,4.42,-0.44,79.82,mixed_edge
1-2,stadium_code,15,619,128,20.68,61900,48830,-13070,78.89,381.48,18.99,80.04,421.45,-1.15,1.69,-39.97,mixed_edge
1-2,stadium_code x target_lane,15 | 2,619,128,20.68,61900,48830,-13070,78.89,381.48,18.99,80.04,421.45,-1.15,1.69,-39.97,mixed_edge
1-3,lane1_target_start_gap_pair x target_outer_pressure_bucket,<=0.03-0.04-0.06 | low_other_pressure,45,14,31.11,4500,3550,-950,78.89,253.57,15.77,78.64,498.72,0.25,15.34,-245.15,mixed_edge
1-2,target_boat_rank_bucket,1,2477,472,19.06,247700,195350,-52350,78.87,413.88,18.99,80.04,421.45,-1.17,0.07,-7.57,mixed_edge
1-2,target_outer_pressure_bucket,low_other_pressure,1101,297,26.98,110100,86830,-23270,78.86,292.36,18.99,80.04,421.45,-1.18,7.99,-129.09,mixed_edge
1-2,target_lane x target_outer_pressure_bucket,2 | low_other_pressure,1101,297,26.98,110100,86830,-23270,78.86,292.36,18.99,80.04,421.45,-1.18,7.99,-129.09,mixed_edge
1-2,lane1_target_group_pair,A-A,4547,1208,26.57,454700,358510,-96190,78.85,296.78,18.99,80.04,421.45,-1.19,7.58,-124.67,mixed_edge
1-2,wind_bucket,5-6,2088,364,17.43,208800,164640,-44160,78.85,452.31,18.99,80.04,421.45,-1.19,-1.56,30.86,mixed_edge
1-2,lane1_target_group_pair x other_a_count_bucket,A-A | 4,1702,387,22.74,170200,134210,-35990,78.85,346.8,18.99,80.04,421.45,-1.19,3.75,-74.65,mixed_edge
1-4,other_national_better_than_target_count_bucket,0,3117,559,17.93,311700,245710,-65990,78.83,439.55,10.08,74.47,738.96,4.36,7.85,-299.41,mixed_edge
1-2,lane1_target_exhibition_time_diff_bucket,lane1_faster_0.05_0.10,2996,558,18.62,299600,236160,-63440,78.83,423.23,18.99,80.04,421.45,-1.21,-0.37,1.78,mixed_edge
1-2,lane1_target_national_rank_pair,2-4+,1895,300,15.83,189500,149370,-40130,78.82,497.9,18.99,80.04,421.45,-1.22,-3.16,76.45,mixed_edge
1-2,target_lane x lane1_target_national_rank_pair,2 | 2-4+,1895,300,15.83,189500,149370,-40130,78.82,497.9,18.99,80.04,421.45,-1.22,-3.16,76.45,mixed_edge
1-2,lane1_target_national_rank_pair x target_outer_pressure_bucket,2-4+ | high_other_pressure,1895,300,15.83,189500,149370,-40130,78.82,497.9,18.99,80.04,421.45,-1.22,-3.16,76.45,mixed_edge
1-2,other_b2_count_bucket,2,513,106,20.66,51300,40430,-10870,78.81,381.42,18.99,80.04,421.45,-1.23,1.67,-40.03,mixed_edge
1-4,grade_group,G1,659,81,12.29,65900,51930,-13970,78.8,641.11,10.08,74.47,738.96,4.33,2.21,-97.85,mixed_edge
1-4,other_exhibition_faster_than_target_count_bucket,0,3380,436,12.9,338000,266300,-71700,78.79,610.78,10.08,74.47,738.96,4.32,2.82,-128.18,mixed_edge
1-2,target_exhibition_rank_bucket,1,2779,572,20.58,277900,218860,-59040,78.75,382.62,18.99,80.04,421.45,-1.29,1.59,-38.83,mixed_edge
1-2,target_exhibition_rank_bucket x other_exhibition_faster_than_target_count_bucket,1 | 0,2779,572,20.58,277900,218860,-59040,78.75,382.62,18.99,80.04,421.45,-1.29,1.59,-38.83,mixed_edge
1-3,target_outer_pressure_bucket,high_other_pressure,12079,1687,13.97,1207900,951140,-256760,78.74,563.81,15.77,78.64,498.72,0.1,-1.8,65.09,mixed_edge
1-3,target_lane x target_outer_pressure_bucket,3 | high_other_pressure,12079,1687,13.97,1207900,951140,-256760,78.74,563.81,15.77,78.64,498.72,0.1,-1.8,65.09,mixed_edge
1-5,target_motor_rank_bucket,1,2510,189,7.53,251000,197630,-53370,78.74,1045.66,6.57,78.41,1193.16,0.33,0.96,-147.5,mixed_edge
1-3,lane1_target_class_pair,A2-A1,745,193,25.91,74500,58660,-15840,78.74,303.94,15.77,78.64,498.72,0.1,10.14,-194.78,mixed_edge
1-2,other_a_count_bucket,3,1803,298,16.53,180300,141940,-38360,78.72,476.31,18.99,80.04,421.45,-1.32,-2.46,54.86,mixed_edge
1-2,target_lane x other_a_count_bucket,2 | 3,1803,298,16.53,180300,141940,-38360,78.72,476.31,18.99,80.04,421.45,-1.32,-2.46,54.86,mixed_edge
1-2,target_class_group x target_outer_pressure_bucket,A | low_other_pressure,950,249,26.21,95000,74780,-20220,78.72,300.32,18.99,80.04,421.45,-1.32,7.22,-121.13,mixed_edge
1-6,stadium_code,05,522,23,4.41,52200,41090,-11110,78.72,1786.52,3.91,69.96,1787.33,8.76,0.5,-0.81,mixed_edge
1-6,stadium_code x target_lane,05 | 6,522,23,4.41,52200,41090,-11110,78.72,1786.52,3.91,69.96,1787.33,8.76,0.5,-0.81,mixed_edge
1-2,target_motor_rank_bucket,4+,7398,1339,18.1,739800,582260,-157540,78.71,434.85,18.99,80.04,421.45,-1.33,-0.89,13.4,mixed_edge
1-3,target_local_win_rank_bucket,4+,7459,983,13.18,745900,587000,-158900,78.7,597.15,15.77,78.64,498.72,0.06,-2.59,98.43,mixed_edge
1-3,lane1_target_national_win_diff_bucket,lane1_plus_1.00+,4592,654,14.24,459200,361290,-97910,78.68,552.43,15.77,78.64,498.72,0.04,-1.53,53.71,mixed_edge
1-4,month,2026-02,4167,442,10.61,416700,327800,-88900,78.67,741.63,10.08,74.47,738.96,4.2,0.53,2.67,mixed_edge
1-5,lane1_target_exhibition_time_diff_bucket x lane1_target_start_exhibition_st_diff_bucket,near_equal | lane1_faster_0.03_0.06,935,66,7.06,93500,73540,-19960,78.65,1114.24,6.57,78.41,1193.16,0.24,0.49,-78.92,mixed_edge
1-3,target_lane,3,15201,2397,15.77,1520100,1195440,-324660,78.64,498.72,15.77,78.64,498.72,0.0,0.0,0.0,mixed_edge
1-3,target_lane_zone,inner_2_3,15201,2397,15.77,1520100,1195440,-324660,78.64,498.72,15.77,78.64,498.72,0.0,0.0,0.0,mixed_edge
1-3,other_a_count_bucket,0,2133,480,22.5,213300,167710,-45590,78.63,349.4,15.77,78.64,498.72,-0.01,6.73,-149.32,mixed_edge
1-3,other_group_pattern,B-B-B-B,2133,480,22.5,213300,167710,-45590,78.63,349.4,15.77,78.64,498.72,-0.01,6.73,-149.32,mixed_edge
1-3,target_lane x other_a_count_bucket,3 | 0,2133,480,22.5,213300,167710,-45590,78.63,349.4,15.77,78.64,498.72,-0.01,6.73,-149.32,mixed_edge
1-3,other_national_better_than_target_count_bucket,2,3279,472,14.39,327900,257750,-70150,78.61,546.08,15.77,78.64,498.72,-0.03,-1.38,47.36,mixed_edge
1-5,lane1_target_national_rank_pair x target_outer_pressure_bucket,2-3 | high_other_pressure,368,25,6.79,36800,28930,-7870,78.61,1157.2,6.57,78.41,1193.16,0.2,0.22,-35.96,mixed_edge
1-3,grade_group,一般,14058,2198,15.64,1405800,1104800,-301000,78.59,502.64,15.77,78.64,498.72,-0.05,-0.13,3.92,mixed_edge
1-3,lane1_target_exhibition_time_diff_bucket x lane1_target_start_exhibition_st_diff_bucket,lane1_faster_0.05_0.10 | lane1_faster_0.03_0.06,542,86,15.87,54200,42590,-11610,78.58,495.23,15.77,78.64,498.72,-0.06,0.1,-3.49,mixed_edge
1-4,lane1_target_boat_place_diff_bucket,lane1_plus_4_10,2840,296,10.42,284000,223120,-60880,78.56,753.78,10.08,74.47,738.96,4.09,0.34,14.82,mixed_edge
1-4,lane1_target_group_pair x other_a_count_bucket,A-B | 2,1468,108,7.36,146800,115330,-31470,78.56,1067.87,10.08,74.47,738.96,4.09,-2.72,328.91,mixed_edge
1-4,lane1_target_exhibition_time_diff_bucket,lane1_faster_0.05_0.10,3248,338,10.41,324800,255110,-69690,78.54,754.76,10.08,74.47,738.96,4.07,0.33,15.8,mixed_edge
1-5,target_national_win_rank_bucket,2,2268,206,9.08,226800,178140,-48660,78.54,864.76,6.57,78.41,1193.16,0.13,2.51,-328.4,mixed_edge
1-3,stadium_code,12,575,105,18.26,57500,45160,-12340,78.54,430.1,15.77,78.64,498.72,-0.1,2.49,-68.62,mixed_edge
1-3,stadium_code x target_lane,12 | 3,575,105,18.26,57500,45160,-12340,78.54,430.1,15.77,78.64,498.72,-0.1,2.49,-68.62,mixed_edge
1-3,lane1_target_boat_place_diff_bucket,near_equal,6041,958,15.86,604100,474210,-129890,78.5,495.0,15.77,78.64,498.72,-0.14,0.09,-3.72,mixed_edge
1-2,lane1_target_group_pair x other_a_count_bucket,B-B | 2,1362,125,9.18,136200,106920,-29280,78.5,855.36,18.99,80.04,421.45,-1.54,-9.81,433.91,mixed_edge
1-5,lane1_target_national_rank_pair x target_outer_pressure_bucket,1-2 | low_other_pressure,147,24,16.33,14700,11540,-3160,78.5,480.83,6.57,78.41,1193.16,0.09,9.76,-712.33,mixed_edge
1-5,lane1_target_national_rank_pair x target_outer_pressure_bucket,4+-1 | low_other_pressure,258,26,10.08,25800,20250,-5550,78.49,778.85,6.57,78.41,1193.16,0.08,3.51,-414.31,mixed_edge
1-4,lane1_target_national_rank_pair x target_outer_pressure_bucket,4+-2 | high_other_pressure,606,52,8.58,60600,47560,-13040,78.48,914.62,10.08,74.47,738.96,4.01,-1.5,175.66,mixed_edge
1-4,lane1_target_national_rank_pair x target_outer_pressure_bucket,3-1 | low_other_pressure,145,25,17.24,14500,11380,-3120,78.48,455.2,10.08,74.47,738.96,4.01,7.16,-283.76,mixed_edge
1-3,other_st_faster_than_target_count_bucket,2,2736,421,15.39,273600,214670,-58930,78.46,509.9,15.77,78.64,498.72,-0.18,-0.38,11.18,mixed_edge
1-4,lane1_target_group_pair x other_a_count_bucket,A-A | 4,1702,226,13.28,170200,133540,-36660,78.46,590.88,10.08,74.47,738.96,3.99,3.2,-148.08,mixed_edge
1-2,target_class_group x target_outer_pressure_bucket,A | high_other_pressure,4537,965,21.27,453700,355950,-97750,78.45,368.86,18.99,80.04,421.45,-1.59,2.28,-52.59,mixed_edge
1-2,lane1_motor_rank_bucket,1,2866,573,19.99,286600,224820,-61780,78.44,392.36,18.99,80.04,421.45,-1.6,1.0,-29.09,mixed_edge
1-3,lane1_local_win_rank_bucket,4+,6028,764,12.67,602800,472760,-130040,78.43,618.8,15.77,78.64,498.72,-0.21,-3.1,120.08,mixed_edge
1-2,lane1_target_class_pair,B1-A2,1613,235,14.57,161300,126500,-34800,78.43,538.3,18.99,80.04,421.45,-1.61,-4.42,116.85,mixed_edge
1-5,lane1_target_group_pair x other_a_count_bucket,A-A | 3,468,39,8.33,46800,36700,-10100,78.42,941.03,6.57,78.41,1193.16,0.01,1.76,-252.13,mixed_edge
1-5,target_lane,5,15201,999,6.57,1520100,1191970,-328130,78.41,1193.16,6.57,78.41,1193.16,0.0,0.0,0.0,mixed_edge
1-5,target_lane_zone,outer_5_6,15201,999,6.57,1520100,1191970,-328130,78.41,1193.16,6.57,78.41,1193.16,0.0,0.0,0.0,mixed_edge
1-3,meeting_phase_bucket,day1-2,5423,812,14.97,542300,425200,-117100,78.41,523.65,15.77,78.64,498.72,-0.23,-0.8,24.93,mixed_edge
1-3,meeting_phase_bucket x target_lane,day1-2 | 3,5423,812,14.97,542300,425200,-117100,78.41,523.65,15.77,78.64,498.72,-0.23,-0.8,24.93,mixed_edge
1-2,target_national_win_rank_bucket x other_national_better_than_target_count_bucket,4+ | 2,2108,406,19.26,210800,165200,-45600,78.37,406.9,18.99,80.04,421.45,-1.67,0.27,-14.55,mixed_edge
1-5,lane1_target_national_rank_pair x target_outer_pressure_bucket,3-1 | low_other_pressure,141,23,16.31,14100,11050,-3050,78.37,480.43,6.57,78.41,1193.16,-0.04,9.74,-712.73,mixed_edge
1-2,other_exhibition_faster_than_target_count_bucket,0,4267,892,20.9,426700,334350,-92350,78.36,374.83,18.99,80.04,421.45,-1.68,1.91,-46.62,mixed_edge
1-2,target_class,A2,3675,759,20.65,367500,287990,-79510,78.36,379.43,18.99,80.04,421.45,-1.68,1.66,-42.02,mixed_edge
1-2,lane1_boat_rank_bucket,2,2580,474,18.37,258000,202180,-55820,78.36,426.54,18.99,80.04,421.45,-1.68,-0.62,5.09,mixed_edge
1-3,lane1_national_win_rank_bucket,4+,5619,619,11.02,561900,440270,-121630,78.35,711.26,15.77,78.64,498.72,-0.29,-4.75,212.54,mixed_edge
1-3,lane1_class_group,A,8984,1696,18.88,898400,703610,-194790,78.32,414.86,15.77,78.64,498.72,-0.32,3.11,-83.86,mixed_edge
1-3,target_exhibition_rank_bucket,1,2195,373,16.99,219500,171880,-47620,78.31,460.8,15.77,78.64,498.72,-0.33,1.22,-37.92,mixed_edge
1-3,target_exhibition_rank_bucket x other_exhibition_faster_than_target_count_bucket,1 | 0,2195,373,16.99,219500,171880,-47620,78.31,460.8,15.77,78.64,498.72,-0.33,1.22,-37.92,mixed_edge
1-3,target_exhibition_rank_bucket x other_exhibition_faster_than_target_count_bucket,4+ | 1,183,37,20.22,18300,14330,-3970,78.31,387.3,15.77,78.64,498.72,-0.33,4.45,-111.42,mixed_edge
1-6,target_exhibition_rank_bucket x other_exhibition_faster_than_target_count_bucket,2 | 1,1074,48,4.47,107400,84090,-23310,78.3,1751.88,3.91,69.96,1787.33,8.34,0.56,-35.45,mixed_edge
1-6,target_exhibition_rank_bucket x other_exhibition_faster_than_target_count_bucket,3 | 1,1281,63,4.92,128100,100280,-27820,78.28,1591.75,3.91,69.96,1787.33,8.32,1.01,-195.58,mixed_edge
1-2,other_group_pattern,A-A-A-B,507,81,15.98,50700,39690,-11010,78.28,490.0,18.99,80.04,421.45,-1.76,-3.01,68.55,mixed_edge
1-6,lane1_exhibition_rank_bucket,3,2622,113,4.31,262200,205230,-56970,78.27,1816.19,3.91,69.96,1787.33,8.31,0.4,28.86,mixed_edge
1-2,lane1_target_group_pair x target_outer_pressure_bucket,A-A | low_other_pressure,526,172,32.7,52600,41160,-11440,78.25,239.3,18.99,80.04,421.45,-1.79,13.71,-182.15,mixed_edge
1-4,other_st_faster_than_target_count_bucket,0,3725,428,11.49,372500,291280,-81220,78.2,680.56,10.08,74.47,738.96,3.73,1.41,-58.4,mixed_edge
1-6,lane1_target_national_rank_pair,4+-3,1038,30,2.89,103800,81170,-22630,78.2,2705.67,3.91,69.96,1787.33,8.24,-1.02,918.34,mixed_edge
1-6,target_lane x lane1_target_national_rank_pair,6 | 4+-3,1038,30,2.89,103800,81170,-22630,78.2,2705.67,3.91,69.96,1787.33,8.24,-1.02,918.34,mixed_edge
1-3,lane1_target_local_win_diff_bucket,lane1_plus_1.00+,5472,807,14.75,547200,427880,-119320,78.19,530.21,15.77,78.64,498.72,-0.45,-1.02,31.49,mixed_edge
1-3,lane1_national_win_rank_bucket,2,3199,563,17.6,319900,250050,-69850,78.17,444.14,15.77,78.64,498.72,-0.47,1.83,-54.58,mixed_edge
1-3,wind_bucket,3-4,5413,864,15.96,541300,423070,-118230,78.16,489.66,15.77,78.64,498.72,-0.48,0.19,-9.06,mixed_edge
1-2,other_national_better_than_target_count_bucket,0,3247,851,26.21,324700,253780,-70920,78.16,298.21,18.99,80.04,421.45,-1.88,7.22,-123.24,mixed_edge
1-5,target_outer_pressure_bucket,high_other_pressure,12705,708,5.57,1270500,992630,-277870,78.13,1402.02,6.57,78.41,1193.16,-0.28,-1.0,208.86,mixed_edge
1-5,target_lane x target_outer_pressure_bucket,5 | high_other_pressure,12705,708,5.57,1270500,992630,-277870,78.13,1402.02,6.57,78.41,1193.16,-0.28,-1.0,208.86,mixed_edge
1-2,lane1_target_national_rank_pair x target_outer_pressure_bucket,1-2 | high_other_pressure,379,118,31.13,37900,29610,-8290,78.13,250.93,18.99,80.04,421.45,-1.91,12.14,-170.52,mixed_edge
1-4,lane1_target_group_pair,B-A,2297,226,9.84,229700,179440,-50260,78.12,793.98,10.08,74.47,738.96,3.65,-0.24,55.02,mixed_edge
1-3,lane1_exhibition_st_rank_bucket,2,2504,431,17.21,250400,195590,-54810,78.11,453.81,15.77,78.64,498.72,-0.53,1.44,-44.91,mixed_edge
1-5,lane1_target_boat_place_diff_bucket,lane1_plus_4_10,2772,181,6.53,277200,216500,-60700,78.1,1196.13,6.57,78.41,1193.16,-0.31,-0.04,2.97,mixed_edge
1-2,target_boat_rank_bucket,3,2501,463,18.51,250100,195230,-54870,78.06,421.66,18.99,80.04,421.45,-1.98,-0.48,0.21,mixed_edge
1-2,lane1_target_local_win_diff_bucket,target_plus_1.00+,3934,665,16.9,393400,307000,-86400,78.04,461.65,18.99,80.04,421.45,-2.0,-2.09,40.2,mixed_edge
1-3,lane1_target_group_pair x other_a_count_bucket,A-B | 1,1326,189,14.25,132600,103480,-29120,78.04,547.51,15.77,78.64,498.72,-0.6,-1.52,48.79,mixed_edge
1-5,meeting_phase_bucket,day1-2,5423,340,6.27,542300,423100,-119200,78.02,1244.41,6.57,78.41,1193.16,-0.39,-0.3,51.25,mixed_edge
1-5,meeting_phase_bucket x target_lane,day1-2 | 5,5423,340,6.27,542300,423100,-119200,78.02,1244.41,6.57,78.41,1193.16,-0.39,-0.3,51.25,mixed_edge
1-2,lane1_target_start_gap_pair,>0.06-0.04-0.06,803,124,15.44,80300,62650,-17650,78.02,505.24,18.99,80.04,421.45,-2.02,-3.55,83.79,mixed_edge
1-2,target_lane x lane1_target_start_gap_pair,2 | >0.06-0.04-0.06,803,124,15.44,80300,62650,-17650,78.02,505.24,18.99,80.04,421.45,-2.02,-3.55,83.79,mixed_edge
1-2,lane1_start_exhibition_gap_bucket x target_start_exhibition_gap_bucket,>0.06 | 0.04-0.06,803,124,15.44,80300,62650,-17650,78.02,505.24,18.99,80.04,421.45,-2.02,-3.55,83.79,mixed_edge
1-6,target_class_group,A,6929,398,5.74,692900,540540,-152360,78.01,1358.14,3.91,69.96,1787.33,8.05,1.83,-429.19,mixed_edge
1-6,target_lane x target_class_group,6 | A,6929,398,5.74,692900,540540,-152360,78.01,1358.14,3.91,69.96,1787.33,8.05,1.83,-429.19,mixed_edge
1-3,lane1_target_boat_place_diff_bucket,target_plus_4_10,2769,433,15.64,276900,215970,-60930,78.0,498.78,15.77,78.64,498.72,-0.64,-0.13,0.06,mixed_edge
1-4,target_outer_pressure_bucket,some_other_pressure,1979,292,14.75,197900,154340,-43560,77.99,528.56,10.08,74.47,738.96,3.52,4.67,-210.4,mixed_edge
1-4,target_lane x target_outer_pressure_bucket,4 | some_other_pressure,1979,292,14.75,197900,154340,-43560,77.99,528.56,10.08,74.47,738.96,3.52,4.67,-210.4,mixed_edge
1-4,lane1_target_start_gap_pair x target_outer_pressure_bucket,0.04-0.06-<=0.03 | some_other_pressure,84,10,11.9,8400,6550,-1850,77.98,655.0,10.08,74.47,738.96,3.51,1.82,-83.96,mixed_edge
1-4,other_national_better_than_target_count_bucket,2,3016,265,8.79,301600,235170,-66430,77.97,887.43,10.08,74.47,738.96,3.5,-1.29,148.47,mixed_edge
1-4,lane1_target_national_win_diff_bucket,target_plus_0.35_1.00,2073,245,11.82,207300,161630,-45670,77.97,659.71,10.08,74.47,738.96,3.5,1.74,-79.25,mixed_edge
1-5,other_group_pattern,B-A-B-B,1204,84,6.98,120400,93850,-26550,77.95,1117.26,6.57,78.41,1193.16,-0.46,0.41,-75.9,mixed_edge
1-5,other_national_better_than_target_count_bucket,1,2884,235,8.15,288400,224770,-63630,77.94,956.47,6.57,78.41,1193.16,-0.47,1.58,-236.69,mixed_edge
1-3,target_national_win_rank_bucket,4+,7568,909,12.01,756800,589630,-167170,77.91,648.66,15.77,78.64,498.72,-0.73,-3.76,149.94,mixed_edge
1-3,other_national_better_than_target_count_bucket,4,2369,220,9.29,236900,184560,-52340,77.91,838.91,15.77,78.64,498.72,-0.73,-6.48,340.19,mixed_edge
1-3,target_national_win_rank_bucket x other_national_better_than_target_count_bucket,4+ | 4,2369,220,9.29,236900,184560,-52340,77.91,838.91,15.77,78.64,498.72,-0.73,-6.48,340.19,mixed_edge
1-2,lane1_target_group_pair x other_a_count_bucket,B-A | 2,1214,171,14.09,121400,94580,-26820,77.91,553.1,18.99,80.04,421.45,-2.13,-4.9,131.65,mixed_edge
1-2,target_motor_rank_bucket,3,2604,501,19.24,260400,202840,-57560,77.9,404.87,18.99,80.04,421.45,-2.14,0.25,-16.58,mixed_edge
1-6,target_exhibition_rank_bucket,1,1985,119,5.99,198500,154610,-43890,77.89,1299.24,3.91,69.96,1787.33,7.93,2.08,-488.09,mixed_edge
1-6,target_exhibition_rank_bucket x other_exhibition_faster_than_target_count_bucket,1 | 0,1985,119,5.99,198500,154610,-43890,77.89,1299.24,3.91,69.96,1787.33,7.93,2.08,-488.09,mixed_edge
1-5,lane1_class_group,A,8984,688,7.66,898400,699610,-198790,77.87,1016.88,6.57,78.41,1193.16,-0.54,1.09,-176.28,mixed_edge
1-2,lane1_target_start_exhibition_st_diff_bucket,lane1_faster_0.03_0.06,2620,512,19.54,262000,204030,-57970,77.87,398.5,18.99,80.04,421.45,-2.17,0.55,-22.95,mixed_edge
1-3,lane1_target_exhibition_st_rank_pair,3-1,521,87,16.7,52100,40570,-11530,77.87,466.32,15.77,78.64,498.72,-0.77,0.93,-32.4,mixed_edge
1-3,lane1_exhibition_st_rank_bucket x target_exhibition_st_rank_bucket,3 | 1,521,87,16.7,52100,40570,-11530,77.87,466.32,15.77,78.64,498.72,-0.77,0.93,-32.4,mixed_edge
1-2,lane1_target_exhibition_time_diff_bucket,lane1_faster_0.10+,1707,310,18.16,170700,132900,-37800,77.86,428.71,18.99,80.04,421.45,-2.18,-0.83,7.26,mixed_edge
1-5,other_national_better_than_target_count_bucket,0,2737,341,12.46,273700,213030,-60670,77.83,624.72,6.57,78.41,1193.16,-0.58,5.89,-568.44,mixed_edge
1-3,lane1_target_national_rank_pair x target_outer_pressure_bucket,4+-2 | high_other_pressure,613,76,12.4,61300,47710,-13590,77.83,627.76,15.77,78.64,498.72,-0.81,-3.37,129.04,mixed_edge
1-2,wave_bucket,10+,175,27,15.43,17500,13620,-3880,77.83,504.44,18.99,80.04,421.45,-2.21,-3.56,82.99,mixed_edge
1-6,target_national_win_rank_bucket x other_national_better_than_target_count_bucket,3 | 2,1016,29,2.85,101600,79000,-22600,77.76,2724.14,3.91,69.96,1787.33,7.8,-1.06,936.81,mixed_edge
1-4,lane1_target_start_gap_pair,0.04-0.06-0.04-0.06,545,52,9.54,54500,42380,-12120,77.76,815.0,10.08,74.47,738.96,3.29,-0.54,76.04,mixed_edge
1-4,target_lane x lane1_target_start_gap_pair,4 | 0.04-0.06-0.04-0.06,545,52,9.54,54500,42380,-12120,77.76,815.0,10.08,74.47,738.96,3.29,-0.54,76.04,mixed_edge
1-4,lane1_start_exhibition_gap_bucket x target_start_exhibition_gap_bucket,0.04-0.06 | 0.04-0.06,545,52,9.54,54500,42380,-12120,77.76,815.0,10.08,74.47,738.96,3.29,-0.54,76.04,mixed_edge
1-6,lane1_target_start_gap_pair x target_outer_pressure_bucket,0.04-0.06-best | low_other_pressure,40,7,17.5,4000,3110,-890,77.75,444.29,3.91,69.96,1787.33,7.79,13.59,-1343.04,mixed_edge
1-3,other_b2_count_bucket,0,10693,1679,15.7,1069300,831310,-237990,77.74,495.12,15.77,78.64,498.72,-0.9,-0.07,-3.6,mixed_edge
1-5,lane1_target_national_rank_pair,3-2,482,46,9.54,48200,37470,-10730,77.74,814.57,6.57,78.41,1193.16,-0.67,2.97,-378.59,mixed_edge
1-5,target_lane x lane1_target_national_rank_pair,5 | 3-2,482,46,9.54,48200,37470,-10730,77.74,814.57,6.57,78.41,1193.16,-0.67,2.97,-378.59,mixed_edge
1-3,lane1_target_national_win_diff_bucket,target_plus_0.35_1.00,2204,385,17.47,220400,171250,-49150,77.7,444.81,15.77,78.64,498.72,-0.94,1.7,-53.91,mixed_edge
1-4,lane1_target_exhibition_time_diff_bucket,near_equal,6982,739,10.58,698200,542360,-155840,77.68,733.91,10.08,74.47,738.96,3.21,0.5,-5.05,mixed_edge
1-3,target_motor_rank_bucket,4+,7535,1119,14.85,753500,585280,-168220,77.67,523.04,15.77,78.64,498.72,-0.97,-0.92,24.32,mixed_edge
1-6,lane1_target_group_pair x target_outer_pressure_bucket,A-A | some_other_pressure,870,66,7.59,87000,67570,-19430,77.67,1023.79,3.91,69.96,1787.33,7.71,3.68,-763.54,mixed_edge
1-5,other_b2_count_bucket,1,3247,223,6.87,324700,252120,-72580,77.65,1130.58,6.57,78.41,1193.16,-0.76,0.3,-62.58,mixed_edge
1-2,lane1_start_exhibition_gap_bucket,0.04-0.06,2760,507,18.37,276000,214280,-61720,77.64,422.64,18.99,80.04,421.45,-2.4,-0.62,1.19,mixed_edge
1-3,other_group_pattern,A-A-B-B,907,103,11.36,90700,70420,-20280,77.64,683.69,15.77,78.64,498.72,-1.0,-4.41,184.97,mixed_edge
1-6,stadium_code,16,864,42,4.86,86400,67060,-19340,77.62,1596.67,3.91,69.96,1787.33,7.66,0.95,-190.66,mixed_edge
1-6,stadium_code x target_lane,16 | 6,864,42,4.86,86400,67060,-19340,77.62,1596.67,3.91,69.96,1787.33,7.66,0.95,-190.66,mixed_edge
1-4,target_national_win_rank_bucket x other_national_better_than_target_count_bucket,2 | 1,1616,166,10.27,161600,125420,-36180,77.61,755.54,10.08,74.47,738.96,3.14,0.19,16.58,mixed_edge
1-5,lane1_target_group_pair x other_a_count_bucket,A-B | 0,857,73,8.52,85700,66500,-19200,77.6,910.96,6.57,78.41,1193.16,-0.81,1.95,-282.2,mixed_edge
1-5,target_class_group x target_outer_pressure_bucket,B | high_other_pressure,8096,333,4.11,809600,628070,-181530,77.58,1886.1,6.57,78.41,1193.16,-0.83,-2.46,692.94,mixed_edge
1-2,lane1_motor_rank_bucket,3,2499,475,19.01,249900,193880,-56020,77.58,408.17,18.99,80.04,421.45,-2.46,0.02,-13.28,mixed_edge
1-2,lane1_target_national_rank_pair,4+-1,1271,231,18.17,127100,98610,-28490,77.58,426.88,18.99,80.04,421.45,-2.46,-0.82,5.43,mixed_edge
1-2,target_lane x lane1_target_national_rank_pair,2 | 4+-1,1271,231,18.17,127100,98610,-28490,77.58,426.88,18.99,80.04,421.45,-2.46,-0.82,5.43,mixed_edge
1-5,lane1_target_start_gap_pair,>0.06-best,1181,76,6.44,118100,91620,-26480,77.58,1205.53,6.57,78.41,1193.16,-0.83,-0.13,12.37,mixed_edge
1-5,target_lane x lane1_target_start_gap_pair,5 | >0.06-best,1181,76,6.44,118100,91620,-26480,77.58,1205.53,6.57,78.41,1193.16,-0.83,-0.13,12.37,mixed_edge
1-5,lane1_start_exhibition_gap_bucket x target_start_exhibition_gap_bucket,>0.06 | best,1181,76,6.44,118100,91620,-26480,77.58,1205.53,6.57,78.41,1193.16,-0.83,-0.13,12.37,mixed_edge
1-3,target_exhibition_rank_bucket x other_exhibition_faster_than_target_count_bucket,3 | 1,1738,325,18.7,173800,134810,-38990,77.57,414.8,15.77,78.64,498.72,-1.07,2.93,-83.92,mixed_edge
1-3,stadium_code,18,744,130,17.47,74400,57710,-16690,77.57,443.92,15.77,78.64,498.72,-1.07,1.7,-54.8,mixed_edge
1-3,stadium_code x target_lane,18 | 3,744,130,17.47,74400,57710,-16690,77.57,443.92,15.77,78.64,498.72,-1.07,1.7,-54.8,mixed_edge
1-3,lane1_national_win_rank_bucket,3,2643,406,15.36,264300,204980,-59320,77.56,504.88,15.77,78.64,498.72,-1.08,-0.41,6.16,mixed_edge
1-2,lane1_target_exhibition_st_rank_pair,4+-2,928,166,17.89,92800,71980,-20820,77.56,433.61,18.99,80.04,421.45,-2.48,-1.1,12.16,mixed_edge
1-2,lane1_exhibition_st_rank_bucket x target_exhibition_st_rank_bucket,4+ | 2,928,166,17.89,92800,71980,-20820,77.56,433.61,18.99,80.04,421.45,-2.48,-1.1,12.16,mixed_edge
1-3,lane1_target_start_gap_pair x target_outer_pressure_bucket,best-0.04-0.06 | some_other_pressure,168,38,22.62,16800,13030,-3770,77.56,342.89,15.77,78.64,498.72,-1.08,6.85,-155.83,mixed_edge
1-4,lane1_target_exhibition_time_diff_bucket x lane1_target_start_exhibition_st_diff_bucket,near_equal | target_faster_0.03_0.06,828,90,10.87,82800,64200,-18600,77.54,713.33,10.08,74.47,738.96,3.07,0.79,-25.63,mixed_edge
1-3,lane1_motor_rank_bucket,4+,7269,1097,15.09,726900,563560,-163340,77.53,513.73,15.77,78.64,498.72,-1.11,-0.68,15.01,mixed_edge
1-6,lane1_target_class_pair,B1-A1,996,70,7.03,99600,77220,-22380,77.53,1103.14,3.91,69.96,1787.33,7.57,3.12,-684.19,mixed_edge
1-3,other_group_pattern,A-B-A-B,955,119,12.46,95500,74040,-21460,77.53,622.18,15.77,78.64,498.72,-1.11,-3.31,123.46,mixed_edge
1-2,other_a_count_bucket,0,1897,465,24.51,189700,147040,-42660,77.51,316.22,18.99,80.04,421.45,-2.53,5.52,-105.23,mixed_edge
1-2,other_group_pattern,B-B-B-B,1897,465,24.51,189700,147040,-42660,77.51,316.22,18.99,80.04,421.45,-2.53,5.52,-105.23,mixed_edge
1-2,target_lane x other_a_count_bucket,2 | 0,1897,465,24.51,189700,147040,-42660,77.51,316.22,18.99,80.04,421.45,-2.53,5.52,-105.23,mixed_edge
1-4,lane1_target_class_pair,B1-B1,3143,183,5.82,314300,243590,-70710,77.5,1331.09,10.08,74.47,738.96,3.03,-4.26,592.13,mixed_edge
1-5,lane1_target_boat_place_diff_bucket,target_plus_4_10,2764,170,6.15,276400,214210,-62190,77.5,1260.06,6.57,78.41,1193.16,-0.91,-0.42,66.9,mixed_edge
1-5,lane1_target_national_rank_pair,2-1,548,86,15.69,54800,42460,-12340,77.48,493.72,6.57,78.41,1193.16,-0.93,9.12,-699.44,mixed_edge
1-5,target_lane x lane1_target_national_rank_pair,5 | 2-1,548,86,15.69,54800,42460,-12340,77.48,493.72,6.57,78.41,1193.16,-0.93,9.12,-699.44,mixed_edge
1-5,target_exhibition_st_rank_bucket,4+,8220,509,6.19,822000,636650,-185350,77.45,1250.79,6.57,78.41,1193.16,-0.96,-0.38,57.63,mixed_edge
1-5,target_lane x target_exhibition_st_rank_bucket,5 | 4+,8220,509,6.19,822000,636650,-185350,77.45,1250.79,6.57,78.41,1193.16,-0.96,-0.38,57.63,mixed_edge
1-3,stadium_code,24,612,113,18.46,61200,47400,-13800,77.45,419.47,15.77,78.64,498.72,-1.19,2.69,-79.25,mixed_edge
1-3,stadium_code x target_lane,24 | 3,612,113,18.46,61200,47400,-13800,77.45,419.47,15.77,78.64,498.72,-1.19,2.69,-79.25,mixed_edge
1-3,other_group_pattern,B-B-A-A,649,93,14.33,64900,50260,-14640,77.44,540.43,15.77,78.64,498.72,-1.2,-1.44,41.71,mixed_edge
1-3,lane1_target_national_win_diff_bucket,target_plus_1.00+,2703,359,13.28,270300,209280,-61020,77.43,582.95,15.77,78.64,498.72,-1.21,-2.49,84.23,mixed_edge
1-2,target_national_win_rank_bucket,3,2734,556,20.34,273400,211620,-61780,77.4,380.61,18.99,80.04,421.45,-2.64,1.35,-40.84,mixed_edge
1-2,lane1_target_group_pair x other_a_count_bucket,A-A | 2,1143,309,27.03,114300,88440,-25860,77.38,286.21,18.99,80.04,421.45,-2.66,8.04,-135.24,mixed_edge
1-4,lane1_target_class_pair,A2-A1,778,156,20.05,77800,60190,-17610,77.37,385.83,10.08,74.47,738.96,2.9,9.97,-353.13,mixed_edge
1-3,other_group_pattern,B-A-A-B,665,84,12.63,66500,51450,-15050,77.37,612.5,15.77,78.64,498.72,-1.27,-3.14,113.78,mixed_edge
1-4,lane1_target_start_gap_pair x target_outer_pressure_bucket,0.04-0.06->0.06 | some_other_pressure,95,15,15.79,9500,7350,-2150,77.37,490.0,10.08,74.47,738.96,2.9,5.71,-248.96,mixed_edge
1-4,lane1_class,B1,5810,408,7.02,581000,449390,-131610,77.35,1101.45,10.08,74.47,738.96,2.88,-3.06,362.49,mixed_edge
1-6,target_boat_rank_bucket,3,2413,94,3.9,241300,186650,-54650,77.35,1985.64,3.91,69.96,1787.33,7.39,-0.01,198.31,mixed_edge
1-5,other_group_pattern,B-B-A-A,653,42,6.43,65300,50510,-14790,77.35,1202.62,6.57,78.41,1193.16,-1.06,-0.14,9.46,mixed_edge
1-2,lane1_target_national_rank_pair x target_outer_pressure_bucket,2-3 | high_other_pressure,313,64,20.45,31300,24210,-7090,77.35,378.28,18.99,80.04,421.45,-2.69,1.46,-43.17,mixed_edge
1-6,lane1_target_boat_place_diff_bucket,lane1_plus_10+,1828,87,4.76,182800,141380,-41420,77.34,1625.06,3.91,69.96,1787.33,7.38,0.85,-162.27,mixed_edge
1-2,lane1_target_motor_place_diff_bucket,lane1_plus_10+,2550,483,18.94,255000,197190,-57810,77.33,408.26,18.99,80.04,421.45,-2.71,-0.05,-13.19,mixed_edge
1-3,lane1_target_national_win_diff_bucket,lane1_plus_0.35_1.00,2717,478,17.59,271700,210090,-61610,77.32,439.52,15.77,78.64,498.72,-1.32,1.82,-59.2,mixed_edge
1-5,grade_group,一般,14058,908,6.46,1405800,1086780,-319020,77.31,1196.89,6.57,78.41,1193.16,-1.1,-0.11,3.73,mixed_edge
1-2,lane1_target_start_gap_pair x target_outer_pressure_bucket,0.04-0.06->0.06 | low_other_pressure,52,14,26.92,5200,4020,-1180,77.31,287.14,18.99,80.04,421.45,-2.73,7.93,-134.31,mixed_edge
1-4,wind_bucket,0-2,6932,738,10.65,693200,535860,-157340,77.3,726.1,10.08,74.47,738.96,2.83,0.57,-12.86,mixed_edge
1-4,lane1_target_group_pair x target_outer_pressure_bucket,A-A | some_other_pressure,933,175,18.76,93300,72120,-21180,77.3,412.11,10.08,74.47,738.96,2.83,8.68,-326.85,mixed_edge
1-2,other_st_faster_than_target_count_bucket,2,2494,454,18.2,249400,192680,-56720,77.26,424.41,18.99,80.04,421.45,-2.78,-0.79,2.96,mixed_edge
1-5,lane1_target_motor_place_diff_bucket,target_plus_10+,2423,175,7.22,242300,187140,-55160,77.23,1069.37,6.57,78.41,1193.16,-1.18,0.65,-123.79,mixed_edge
1-4,lane1_target_motor_place_diff_bucket,target_plus_10+,2386,242,10.14,238600,184270,-54330,77.23,761.45,10.08,74.47,738.96,2.76,0.06,22.49,mixed_edge
1-6,other_group_pattern,B-A-B-A,852,29,3.4,85200,65800,-19400,77.23,2268.97,3.91,69.96,1787.33,7.27,-0.51,481.64,mixed_edge
1-4,lane1_target_national_rank_pair,1-2,816,171,20.96,81600,63010,-18590,77.22,368.48,10.08,74.47,738.96,2.75,10.88,-370.48,mixed_edge
1-4,target_lane x lane1_target_national_rank_pair,4 | 1-2,816,171,20.96,81600,63010,-18590,77.22,368.48,10.08,74.47,738.96,2.75,10.88,-370.48,mixed_edge
1-3,lane1_target_group_pair x other_a_count_bucket,B-A | 1,1039,164,15.78,103900,80200,-23700,77.19,489.02,15.77,78.64,498.72,-1.45,0.01,-9.7,mixed_edge
1-5,target_class_group,B,8657,392,4.53,865700,668120,-197580,77.18,1704.39,6.57,78.41,1193.16,-1.23,-2.04,511.23,mixed_edge
1-5,target_lane x target_class_group,5 | B,8657,392,4.53,865700,668120,-197580,77.18,1704.39,6.57,78.41,1193.16,-1.23,-2.04,511.23,mixed_edge
1-3,stadium_code,23,690,113,16.38,69000,53250,-15750,77.17,471.24,15.77,78.64,498.72,-1.47,0.61,-27.48,mixed_edge
1-3,stadium_code x target_lane,23 | 3,690,113,16.38,69000,53250,-15750,77.17,471.24,15.77,78.64,498.72,-1.47,0.61,-27.48,mixed_edge
1-3,lane1_target_exhibition_time_diff_bucket x lane1_target_start_exhibition_st_diff_bucket,target_faster_0.10+ | near_equal,272,41,15.07,27200,20990,-6210,77.17,511.95,15.77,78.64,498.72,-1.47,-0.7,13.23,mixed_edge
1-3,lane1_target_exhibition_st_rank_pair,4+-2,1183,181,15.3,118300,91270,-27030,77.15,504.25,15.77,78.64,498.72,-1.49,-0.47,5.53,mixed_edge
1-3,lane1_exhibition_st_rank_bucket x target_exhibition_st_rank_bucket,4+ | 2,1183,181,15.3,118300,91270,-27030,77.15,504.25,15.77,78.64,498.72,-1.49,-0.47,5.53,mixed_edge
1-5,target_exhibition_rank_bucket,2,2116,170,8.03,211600,163210,-48390,77.13,960.06,6.57,78.41,1193.16,-1.28,1.46,-233.1,mixed_edge
1-3,lane1_target_exhibition_time_diff_bucket,target_faster_0.10+,875,116,13.26,87500,67490,-20010,77.13,581.81,15.77,78.64,498.72,-1.51,-2.51,83.09,mixed_edge
1-4,lane1_local_win_rank_bucket,4+,6028,506,8.39,602800,464840,-137960,77.11,918.66,10.08,74.47,738.96,2.64,-1.69,179.7,mixed_edge
1-4,lane1_motor_rank_bucket,1,2866,308,10.75,286600,220900,-65700,77.08,717.21,10.08,74.47,738.96,2.61,0.67,-21.75,mixed_edge
1-3,lane1_target_start_gap_pair x target_outer_pressure_bucket,>0.06->0.06 | some_other_pressure,253,48,18.97,25300,19500,-5800,77.08,406.25,15.77,78.64,498.72,-1.56,3.2,-92.47,mixed_edge
1-2,lane1_target_national_win_diff_bucket,near_equal,2986,622,20.83,298600,230120,-68480,77.07,369.97,18.99,80.04,421.45,-2.97,1.84,-51.48,mixed_edge
1-2,lane1_target_class_pair,B1-A1,982,169,17.21,98200,75680,-22520,77.07,447.81,18.99,80.04,421.45,-2.97,-1.78,26.36,mixed_edge
1-4,other_group_pattern,A-B-B-B,962,107,11.12,96200,74140,-22060,77.07,692.9,10.08,74.47,738.96,2.6,1.04,-46.06,mixed_edge
1-4,lane1_target_start_gap_pair x target_outer_pressure_bucket,>0.06-<=0.03 | high_other_pressure,802,68,8.48,80200,61810,-18390,77.07,908.97,10.08,74.47,738.96,2.6,-1.6,170.01,mixed_edge
1-2,lane1_target_class_pair,A1-A2,1215,330,27.16,121500,93610,-27890,77.05,283.67,18.99,80.04,421.45,-2.99,8.17,-137.78,mixed_edge
1-4,target_national_win_rank_bucket,2,2446,337,13.78,244600,188430,-56170,77.04,559.14,10.08,74.47,738.96,2.57,3.7,-179.82,mixed_edge
1-2,target_national_win_rank_bucket,1,2418,564,23.33,241800,186280,-55520,77.04,330.28,18.99,80.04,421.45,-3.0,4.34,-91.17,mixed_edge
1-2,target_national_win_rank_bucket x other_national_better_than_target_count_bucket,1 | 0,2418,564,23.33,241800,186280,-55520,77.04,330.28,18.99,80.04,421.45,-3.0,4.34,-91.17,mixed_edge
1-4,lane1_exhibition_rank_bucket,2,3312,349,10.54,331200,255110,-76090,77.03,730.97,10.08,74.47,738.96,2.56,0.46,-7.99,mixed_edge
1-5,other_group_pattern,B-B-A-B,1110,70,6.31,111000,85500,-25500,77.03,1221.43,6.57,78.41,1193.16,-1.38,-0.26,28.27,mixed_edge
1-4,lane1_national_win_rank_bucket,4+,5619,417,7.42,561900,432620,-129280,76.99,1037.46,10.08,74.47,738.96,2.52,-2.66,298.5,mixed_edge
1-2,lane1_target_group_pair x target_outer_pressure_bucket,A-A | some_other_pressure,1037,297,28.64,103700,79830,-23870,76.98,268.79,18.99,80.04,421.45,-3.06,9.65,-152.66,mixed_edge
1-4,other_a_count_bucket,4,1919,240,12.51,191900,147700,-44200,76.97,615.42,10.08,74.47,738.96,2.5,2.43,-123.54,mixed_edge
1-4,other_group_pattern,A-A-A-A,1919,240,12.51,191900,147700,-44200,76.97,615.42,10.08,74.47,738.96,2.5,2.43,-123.54,mixed_edge
1-4,target_lane x other_a_count_bucket,4 | 4,1919,240,12.51,191900,147700,-44200,76.97,615.42,10.08,74.47,738.96,2.5,2.43,-123.54,mixed_edge
1-2,lane1_target_exhibition_time_diff_bucket x lane1_target_start_exhibition_st_diff_bucket,lane1_faster_0.10+ | target_faster_0.03_0.06,168,31,18.45,16800,12930,-3870,76.96,417.1,18.99,80.04,421.45,-3.08,-0.54,-4.35,mixed_edge
1-2,lane1_target_national_win_diff_bucket,target_plus_1.00+,2809,410,14.6,280900,215970,-64930,76.89,526.76,18.99,80.04,421.45,-3.15,-4.39,105.31,mixed_edge
1-5,lane1_class,A1,4712,391,8.3,471200,362050,-109150,76.84,925.96,6.57,78.41,1193.16,-1.57,1.73,-267.2,mixed_edge
1-3,lane1_exhibition_rank_bucket,4+,4684,632,13.49,468400,359910,-108490,76.84,569.48,15.77,78.64,498.72,-1.8,-2.28,70.76,mixed_edge
1-2,meeting_phase_bucket,final,1066,223,20.92,106600,81910,-24690,76.84,367.31,18.99,80.04,421.45,-3.2,1.93,-54.14,mixed_edge
1-2,meeting_phase_bucket x target_lane,final | 2,1066,223,20.92,106600,81910,-24690,76.84,367.31,18.99,80.04,421.45,-3.2,1.93,-54.14,mixed_edge
1-4,stadium_code,12,575,61,10.61,57500,44170,-13330,76.82,724.1,10.08,74.47,738.96,2.35,0.53,-14.86,mixed_edge
1-4,stadium_code x target_lane,12 | 4,575,61,10.61,57500,44170,-13330,76.82,724.1,10.08,74.47,738.96,2.35,0.53,-14.86,mixed_edge
1-5,other_group_pattern,B-A-A-A,491,19,3.87,49100,37710,-11390,76.8,1984.74,6.57,78.41,1193.16,-1.61,-2.7,791.58,mixed_edge
1-4,target_exhibition_rank_bucket x other_exhibition_faster_than_target_count_bucket,3 | 2,808,72,8.91,80800,62050,-18750,76.79,861.81,10.08,74.47,738.96,2.32,-1.17,122.85,mixed_edge
1-3,target_national_win_rank_bucket x other_national_better_than_target_count_bucket,2 | 1,1699,256,15.07,169900,130430,-39470,76.77,509.49,15.77,78.64,498.72,-1.87,-0.7,10.77,mixed_edge
1-6,lane1_target_national_rank_pair x target_outer_pressure_bucket,4+-3 | high_other_pressure,1029,29,2.82,102900,79000,-23900,76.77,2724.14,3.91,69.96,1787.33,6.81,-1.09,936.81,mixed_edge
1-5,other_exhibition_faster_than_target_count_bucket,3,3097,173,5.59,309700,237710,-71990,76.75,1374.05,6.57,78.41,1193.16,-1.66,-0.98,180.89,mixed_edge
1-5,target_exhibition_rank_bucket x other_exhibition_faster_than_target_count_bucket,4+ | 3,3097,173,5.59,309700,237710,-71990,76.75,1374.05,6.57,78.41,1193.16,-1.66,-0.98,180.89,mixed_edge
1-6,target_class,B1,6164,177,2.87,616400,473030,-143370,76.74,2672.49,3.91,69.96,1787.33,6.78,-1.04,885.16,mixed_edge
1-6,other_exhibition_faster_than_target_count_bucket,1,2953,131,4.44,295300,226580,-68720,76.73,1729.62,3.91,69.96,1787.33,6.77,0.53,-57.71,mixed_edge
1-5,lane1_target_boat_place_diff_bucket,near_equal,6070,398,6.56,607000,465600,-141400,76.71,1169.85,6.57,78.41,1193.16,-1.7,-0.01,-23.31,mixed_edge
1-3,target_local_win_rank_bucket,1,2474,506,20.45,247400,189790,-57610,76.71,375.08,15.77,78.64,498.72,-1.93,4.68,-123.64,mixed_edge
1-2,lane1_target_class_pair,A2-A2,747,177,23.69,74700,57290,-17410,76.69,323.67,18.99,80.04,421.45,-3.35,4.7,-97.78,mixed_edge
1-2,stadium_code,02,659,103,15.63,65900,50540,-15360,76.69,490.68,18.99,80.04,421.45,-3.35,-3.36,69.23,mixed_edge
1-2,stadium_code x target_lane,02 | 2,659,103,15.63,65900,50540,-15360,76.69,490.68,18.99,80.04,421.45,-3.35,-3.36,69.23,mixed_edge
1-2,lane1_class,B1,5810,767,13.2,581000,445490,-135510,76.68,580.82,18.99,80.04,421.45,-3.36,-5.79,159.37,mixed_edge
1-5,target_boat_rank_bucket,3,2469,163,6.6,246900,189280,-57620,76.66,1161.23,6.57,78.41,1193.16,-1.75,0.03,-31.93,mixed_edge
1-4,target_boat_rank_bucket,3,2572,260,10.11,257200,197150,-60050,76.65,758.27,10.08,74.47,738.96,2.18,0.03,19.31,mixed_edge
1-5,other_st_faster_than_target_count_bucket,1,3160,220,6.96,316000,242120,-73880,76.62,1100.55,6.57,78.41,1193.16,-1.79,0.39,-92.61,mixed_edge
1-3,lane1_boat_rank_bucket,3,2513,411,16.35,251300,192550,-58750,76.62,468.49,15.77,78.64,498.72,-2.02,0.58,-30.23,mixed_edge
1-4,target_national_win_rank_bucket,3,2560,267,10.43,256000,196040,-59960,76.58,734.23,10.08,74.47,738.96,2.11,0.35,-4.73,mixed_edge
1-3,target_local_win_rank_bucket,2,2575,470,18.25,257500,197180,-60320,76.57,419.53,15.77,78.64,498.72,-2.07,2.48,-79.19,mixed_edge
1-2,stadium_code,21,597,111,18.59,59700,45700,-14000,76.55,411.71,18.99,80.04,421.45,-3.49,-0.4,-9.74,mixed_edge
1-2,stadium_code x target_lane,21 | 2,597,111,18.59,59700,45700,-14000,76.55,411.71,18.99,80.04,421.45,-3.49,-0.4,-9.74,mixed_edge
1-2,lane1_target_start_gap_pair x target_outer_pressure_bucket,0.04-0.06-<=0.03 | some_other_pressure,106,22,20.75,10600,8110,-2490,76.51,368.64,18.99,80.04,421.45,-3.53,1.76,-52.81,mixed_edge
1-3,lane1_target_start_exhibition_st_diff_bucket,target_faster_0.03_0.06,1837,279,15.19,183700,140500,-43200,76.48,503.58,15.77,78.64,498.72,-2.16,-0.58,4.86,mixed_edge
1-4,lane1_class,A1,4712,640,13.58,471200,360310,-110890,76.47,562.98,10.08,74.47,738.96,2.0,3.5,-175.98,mixed_edge
1-6,other_exhibition_faster_than_target_count_bucket,3,2906,107,3.68,290600,222220,-68380,76.47,2076.82,3.91,69.96,1787.33,6.51,-0.23,289.49,mixed_edge
1-6,target_exhibition_rank_bucket x other_exhibition_faster_than_target_count_bucket,4+ | 3,2906,107,3.68,290600,222220,-68380,76.47,2076.82,3.91,69.96,1787.33,6.51,-0.23,289.49,mixed_edge
1-3,target_class,A2,3666,633,17.27,366600,280320,-86280,76.46,442.84,15.77,78.64,498.72,-2.18,1.5,-55.88,mixed_edge
1-3,target_class_group x target_outer_pressure_bucket,A | high_other_pressure,4803,864,17.99,480300,367200,-113100,76.45,425.0,15.77,78.64,498.72,-2.19,2.22,-73.72,mixed_edge
1-3,lane1_target_exhibition_time_diff_bucket x lane1_target_start_exhibition_st_diff_bucket,target_faster_0.10+ | lane1_faster_0.03_0.06,143,23,16.08,14300,10930,-3370,76.43,475.22,15.77,78.64,498.72,-2.21,0.31,-23.5,mixed_edge
1-4,other_exhibition_faster_than_target_count_bucket,2,3143,306,9.74,314300,240170,-74130,76.41,784.87,10.08,74.47,738.96,1.94,-0.34,45.91,mixed_edge
1-5,lane1_target_exhibition_st_rank_pair,1-4+,3171,223,7.03,317100,242280,-74820,76.4,1086.46,6.57,78.41,1193.16,-2.01,0.46,-106.7,mixed_edge
1-5,lane1_exhibition_st_rank_bucket x target_exhibition_st_rank_bucket,1 | 4+,3171,223,7.03,317100,242280,-74820,76.4,1086.46,6.57,78.41,1193.16,-2.01,0.46,-106.7,mixed_edge
1-4,lane1_target_class_pair,A1-B1,1551,156,10.06,155100,118440,-36660,76.36,759.23,10.08,74.47,738.96,1.89,-0.02,20.27,mixed_edge
1-3,lane1_target_motor_place_diff_bucket,lane1_plus_10+,2527,396,15.67,252700,192920,-59780,76.34,487.17,15.77,78.64,498.72,-2.3,-0.1,-11.55,mixed_edge
1-2,lane1_target_exhibition_time_diff_bucket x lane1_target_start_exhibition_st_diff_bucket,lane1_faster_0.05_0.10 | lane1_faster_0.03_0.06,544,103,18.93,54400,41530,-12870,76.34,403.2,18.99,80.04,421.45,-3.7,-0.06,-18.25,mixed_edge
1-4,lane1_target_national_rank_pair,2-3,632,77,12.18,63200,48240,-14960,76.33,626.49,10.08,74.47,738.96,1.86,2.1,-112.47,mixed_edge
1-4,target_lane x lane1_target_national_rank_pair,4 | 2-3,632,77,12.18,63200,48240,-14960,76.33,626.49,10.08,74.47,738.96,1.86,2.1,-112.47,mixed_edge
1-3,other_a_count_bucket,1,4158,686,16.5,415800,317340,-98460,76.32,462.59,15.77,78.64,498.72,-2.32,0.73,-36.13,mixed_edge
1-3,target_lane x other_a_count_bucket,3 | 1,4158,686,16.5,415800,317340,-98460,76.32,462.59,15.77,78.64,498.72,-2.32,0.73,-36.13,mixed_edge
1-2,lane1_target_boat_place_diff_bucket,lane1_plus_4_10,2765,519,18.77,276500,211030,-65470,76.32,406.61,18.99,80.04,421.45,-3.72,-0.22,-14.84,mixed_edge
1-4,lane1_boat_rank_bucket,3,2513,255,10.15,251300,191760,-59540,76.31,752.0,10.08,74.47,738.96,1.84,0.07,13.04,mixed_edge
1-2,target_class,B2,540,72,13.33,54000,41200,-12800,76.3,572.22,18.99,80.04,421.45,-3.74,-5.66,150.77,mixed_edge
1-2,lane1_target_class_pair,B1-B1,2982,338,11.33,298200,227480,-70720,76.28,673.02,18.99,80.04,421.45,-3.76,-7.66,251.57,mixed_edge
1-4,target_exhibition_rank_bucket x other_exhibition_faster_than_target_count_bucket,4+ | 2,2335,234,10.02,233500,178120,-55380,76.28,761.2,10.08,74.47,738.96,1.81,-0.06,22.24,mixed_edge
1-3,lane1_target_exhibition_time_diff_bucket,near_equal,7083,1123,15.85,708300,540210,-168090,76.27,481.04,15.77,78.64,498.72,-2.37,0.08,-17.68,mixed_edge
1-5,lane1_target_national_rank_pair,1-2,664,91,13.7,66400,50640,-15760,76.27,556.48,6.57,78.41,1193.16,-2.14,7.13,-636.68,mixed_edge
1-5,target_lane x lane1_target_national_rank_pair,5 | 1-2,664,91,13.7,66400,50640,-15760,76.27,556.48,6.57,78.41,1193.16,-2.14,7.13,-636.68,mixed_edge
1-2,lane1_target_start_exhibition_st_diff_bucket,lane1_faster_0.06+,3157,558,17.68,315700,240740,-74960,76.26,431.43,18.99,80.04,421.45,-3.78,-1.31,9.98,mixed_edge
1-2,lane1_target_group_pair x target_outer_pressure_bucket,B-A | high_other_pressure,1553,226,14.55,155300,118430,-36870,76.26,524.03,18.99,80.04,421.45,-3.78,-4.44,102.58,mixed_edge
1-2,month,2026-02,4167,782,18.77,416700,317750,-98950,76.25,406.33,18.99,80.04,421.45,-3.79,-0.22,-15.12,mixed_edge
1-3,lane1_target_group_pair x other_a_count_bucket,A-A | 2,1013,225,22.21,101300,77240,-24060,76.25,343.29,15.77,78.64,498.72,-2.39,6.44,-155.43,mixed_edge
1-6,lane1_target_national_rank_pair x target_outer_pressure_bucket,1-3 | some_other_pressure,295,20,6.78,29500,22490,-7010,76.24,1124.5,3.91,69.96,1787.33,6.28,2.87,-662.83,mixed_edge
1-3,target_class_group x target_outer_pressure_bucket,A | some_other_pressure,1651,352,21.32,165100,125860,-39240,76.23,357.56,15.77,78.64,498.72,-2.41,5.55,-141.16,mixed_edge
1-6,lane1_target_exhibition_time_diff_bucket x lane1_target_start_exhibition_st_diff_bucket,lane1_faster_0.10+ | near_equal,544,20,3.68,54400,41470,-12930,76.23,2073.5,3.91,69.96,1787.33,6.27,-0.23,286.17,mixed_edge
1-5,lane1_target_group_pair,A-A,4211,422,10.02,421100,320850,-100250,76.19,760.31,6.57,78.41,1193.16,-2.22,3.45,-432.85,mixed_edge
1-3,wind_bucket,5-6,2088,317,15.18,208800,159090,-49710,76.19,501.86,15.77,78.64,498.72,-2.45,-0.59,3.14,mixed_edge
1-3,lane1_target_group_pair x other_a_count_bucket,B-A | 3,189,16,8.47,18900,14400,-4500,76.19,900.0,15.77,78.64,498.72,-2.45,-7.3,401.28,mixed_edge
1-3,lane1_target_national_rank_pair,3-4+,1535,162,10.55,153500,116910,-36590,76.16,721.67,15.77,78.64,498.72,-2.48,-5.22,222.95,mixed_edge
1-3,target_lane x lane1_target_national_rank_pair,3 | 3-4+,1535,162,10.55,153500,116910,-36590,76.16,721.67,15.77,78.64,498.72,-2.48,-5.22,222.95,mixed_edge
1-3,lane1_target_national_rank_pair x target_outer_pressure_bucket,3-4+ | high_other_pressure,1535,162,10.55,153500,116910,-36590,76.16,721.67,15.77,78.64,498.72,-2.48,-5.22,222.95,mixed_edge
1-4,lane1_start_exhibition_gap_bucket,0.04-0.06,2760,282,10.22,276000,210040,-65960,76.1,744.82,10.08,74.47,738.96,1.63,0.14,5.86,mixed_edge
1-5,lane1_target_start_gap_pair x target_outer_pressure_bucket,>0.06->0.06 | high_other_pressure,1268,53,4.18,126800,96500,-30300,76.1,1820.75,6.57,78.41,1193.16,-2.31,-2.39,627.59,mixed_edge
1-2,lane1_target_start_gap_pair x target_outer_pressure_bucket,>0.06-best | some_other_pressure,118,24,20.34,11800,8980,-2820,76.1,374.17,18.99,80.04,421.45,-3.94,1.35,-47.28,mixed_edge
1-2,lane1_class_group,B,6217,812,13.06,621700,472840,-148860,76.06,582.32,18.99,80.04,421.45,-3.98,-5.93,160.87,mixed_edge
1-2,lane1_local_win_rank_bucket,4+,6028,895,14.85,602800,458490,-144310,76.06,512.28,18.99,80.04,421.45,-3.98,-4.14,90.83,mixed_edge
1-3,target_class_group,A,7237,1400,19.35,723700,550380,-173320,76.05,393.13,15.77,78.64,498.72,-2.59,3.58,-105.59,mixed_edge
1-3,target_lane x target_class_group,3 | A,7237,1400,19.35,723700,550380,-173320,76.05,393.13,15.77,78.64,498.72,-2.59,3.58,-105.59,mixed_edge
1-5,meeting_phase_bucket,day3-4,5336,347,6.5,533600,405600,-128000,76.01,1168.88,6.57,78.41,1193.16,-2.4,-0.07,-24.28,mixed_edge
1-5,meeting_phase_bucket x target_lane,day3-4 | 5,5336,347,6.5,533600,405600,-128000,76.01,1168.88,6.57,78.41,1193.16,-2.4,-0.07,-24.28,mixed_edge
1-6,target_class,A1,3430,224,6.53,343000,260700,-82300,76.01,1163.84,3.91,69.96,1787.33,6.05,2.62,-623.49,mixed_edge
1-3,lane1_class,A1,4712,939,19.93,471200,358110,-113090,76.0,381.37,15.77,78.64,498.72,-2.64,4.16,-117.35,mixed_edge
1-4,lane1_exhibition_st_rank_bucket,2,2504,278,11.1,250400,190270,-60130,75.99,684.42,10.08,74.47,738.96,1.52,1.02,-54.54,mixed_edge
1-4,lane1_target_exhibition_time_diff_bucket x lane1_target_start_exhibition_st_diff_bucket,lane1_faster_0.10+ | lane1_faster_0.03_0.06,316,37,11.71,31600,24010,-7590,75.98,648.92,10.08,74.47,738.96,1.51,1.63,-90.04,mixed_edge
1-3,month,2026-04,1230,190,15.45,123000,93440,-29560,75.97,491.79,15.77,78.64,498.72,-2.67,-0.32,-6.93,mixed_edge
1-3,other_group_pattern,A-B-A-A,541,56,10.35,54100,41100,-13000,75.97,733.93,15.77,78.64,498.72,-2.67,-5.42,235.21,mixed_edge
1-3,other_exhibition_faster_than_target_count_bucket,4,2444,316,12.93,244400,185640,-58760,75.96,587.47,15.77,78.64,498.72,-2.68,-2.84,88.75,mixed_edge
1-3,target_exhibition_rank_bucket x other_exhibition_faster_than_target_count_bucket,4+ | 4,2444,316,12.93,244400,185640,-58760,75.96,587.47,15.77,78.64,498.72,-2.68,-2.84,88.75,mixed_edge
1-4,wave_bucket,5-9,2226,192,8.63,222600,169070,-53530,75.95,880.57,10.08,74.47,738.96,1.48,-1.45,141.61,mixed_edge
1-5,lane1_target_national_rank_pair,2-3,593,48,8.09,59300,45030,-14270,75.94,938.12,6.57,78.41,1193.16,-2.47,1.52,-255.04,mixed_edge
1-5,target_lane x lane1_target_national_rank_pair,5 | 2-3,593,48,8.09,59300,45030,-14270,75.94,938.12,6.57,78.41,1193.16,-2.47,1.52,-255.04,mixed_edge
1-4,target_national_win_rank_bucket x other_national_better_than_target_count_bucket,2 | 0,830,171,20.6,83000,63010,-19990,75.92,368.48,10.08,74.47,738.96,1.45,10.52,-370.48,mixed_edge
1-6,target_class_group x target_outer_pressure_bucket,A | high_other_pressure,4808,211,4.39,480800,364870,-115930,75.89,1729.24,3.91,69.96,1787.33,5.93,0.48,-58.09,mixed_edge
1-4,lane1_target_start_gap_pair x target_outer_pressure_bucket,0.04-0.06-0.04-0.06 | high_other_pressure,465,39,8.39,46500,35290,-11210,75.89,904.87,10.08,74.47,738.96,1.42,-1.69,165.91,mixed_edge
1-3,target_motor_rank_bucket,3,2743,425,15.49,274300,208110,-66190,75.87,489.67,15.77,78.64,498.72,-2.77,-0.28,-9.05,mixed_edge
1-3,lane1_target_group_pair x target_outer_pressure_bucket,A-B | low_other_pressure,65,21,32.31,6500,4930,-1570,75.85,234.76,15.77,78.64,498.72,-2.79,16.54,-263.96,mixed_edge
1-6,lane1_target_national_win_diff_bucket,near_equal,2645,110,4.16,264500,200540,-63960,75.82,1823.09,3.91,69.96,1787.33,5.86,0.25,35.76,mixed_edge
1-3,other_exhibition_faster_than_target_count_bucket,1,3349,563,16.81,334900,253900,-81000,75.81,450.98,15.77,78.64,498.72,-2.83,1.04,-47.74,mixed_edge
1-3,target_exhibition_st_rank_bucket x other_st_faster_than_target_count_bucket,2 | 1,1467,212,14.45,146700,111190,-35510,75.79,524.48,15.77,78.64,498.72,-2.85,-1.32,25.76,mixed_edge
1-3,lane1_target_class_pair,B1-A1,857,144,16.8,85700,64950,-20750,75.79,451.04,15.77,78.64,498.72,-2.85,1.03,-47.68,mixed_edge
1-5,target_national_win_rank_bucket,4+,8635,368,4.26,863500,654350,-209150,75.78,1778.12,6.57,78.41,1193.16,-2.63,-2.31,584.96,mixed_edge
1-3,target_boat_rank_bucket,3,2733,395,14.45,273300,207080,-66220,75.77,524.25,15.77,78.64,498.72,-2.87,-1.32,25.53,mixed_edge
1-3,target_national_win_rank_bucket,1,2409,512,21.25,240900,182530,-58370,75.77,356.5,15.77,78.64,498.72,-2.87,5.48,-142.22,mixed_edge
1-3,target_national_win_rank_bucket x other_national_better_than_target_count_bucket,1 | 0,2409,512,21.25,240900,182530,-58370,75.77,356.5,15.77,78.64,498.72,-2.87,5.48,-142.22,mixed_edge
1-5,lane1_target_group_pair x target_outer_pressure_bucket,B-B | high_other_pressure,3647,110,3.02,364700,276290,-88410,75.76,2511.73,6.57,78.41,1193.16,-2.65,-3.55,1318.57,mixed_edge
1-6,target_class_group x target_outer_pressure_bucket,A | some_other_pressure,1459,102,6.99,145900,110540,-35360,75.76,1083.73,3.91,69.96,1787.33,5.8,3.08,-703.6,mixed_edge
1-2,other_group_pattern,A-A-B-A,538,89,16.54,53800,40750,-13050,75.74,457.87,18.99,80.04,421.45,-4.3,-2.45,36.42,mixed_edge
1-2,grade_group,G1,659,142,21.55,65900,49900,-16000,75.72,351.41,18.99,80.04,421.45,-4.32,2.56,-70.04,mixed_edge
1-6,lane1_target_exhibition_time_diff_bucket x lane1_target_start_exhibition_st_diff_bucket,lane1_faster_0.05_0.10 | lane1_faster_0.03_0.06,439,19,4.33,43900,33240,-10660,75.72,1749.47,3.91,69.96,1787.33,5.76,0.42,-37.86,mixed_edge
1-4,lane1_target_boat_place_diff_bucket,target_plus_4_10,2753,282,10.24,275300,208440,-66860,75.71,739.15,10.08,74.47,738.96,1.24,0.16,0.19,mixed_edge
1-2,other_national_better_than_target_count_bucket,4,2174,263,12.1,217400,164590,-52810,75.71,625.82,18.99,80.04,421.45,-4.33,-6.89,204.37,mixed_edge
1-2,target_national_win_rank_bucket x other_national_better_than_target_count_bucket,4+ | 4,2174,263,12.1,217400,164590,-52810,75.71,625.82,18.99,80.04,421.45,-4.33,-6.89,204.37,mixed_edge
1-2,other_exhibition_faster_than_target_count_bucket,4,2046,294,14.37,204600,154910,-49690,75.71,526.9,18.99,80.04,421.45,-4.33,-4.62,105.45,mixed_edge
1-2,target_exhibition_rank_bucket x other_exhibition_faster_than_target_count_bucket,4+ | 4,2046,294,14.37,204600,154910,-49690,75.71,526.9,18.99,80.04,421.45,-4.33,-4.62,105.45,mixed_edge
1-5,other_a_count_bucket,0,1920,168,8.75,192000,145350,-46650,75.7,865.18,6.57,78.41,1193.16,-2.71,2.18,-327.98,mixed_edge
1-5,other_group_pattern,B-B-B-B,1920,168,8.75,192000,145350,-46650,75.7,865.18,6.57,78.41,1193.16,-2.71,2.18,-327.98,mixed_edge
1-5,target_lane x other_a_count_bucket,5 | 0,1920,168,8.75,192000,145350,-46650,75.7,865.18,6.57,78.41,1193.16,-2.71,2.18,-327.98,mixed_edge
1-3,lane1_boat_rank_bucket,1,2743,411,14.98,274300,207610,-66690,75.69,505.13,15.77,78.64,498.72,-2.95,-0.79,6.41,mixed_edge
1-4,lane1_class_group,B,6217,433,6.96,621700,470440,-151260,75.67,1086.47,10.08,74.47,738.96,1.2,-3.12,347.51,mixed_edge
1-6,lane1_exhibition_st_rank_bucket,1,4430,190,4.29,443000,335210,-107790,75.67,1764.26,3.91,69.96,1787.33,5.71,0.38,-23.07,mixed_edge
1-6,lane1_start_exhibition_gap_bucket,best,4430,190,4.29,443000,335210,-107790,75.67,1764.26,3.91,69.96,1787.33,5.71,0.38,-23.07,mixed_edge
1-4,target_start_exhibition_gap_bucket,best,2966,331,11.16,296600,224440,-72160,75.67,678.07,10.08,74.47,738.96,1.2,1.08,-60.89,mixed_edge
1-4,target_lane x target_start_exhibition_gap_bucket,4 | best,2966,331,11.16,296600,224440,-72160,75.67,678.07,10.08,74.47,738.96,1.2,1.08,-60.89,mixed_edge
1-2,stadium_code,20,581,108,18.59,58100,43950,-14150,75.65,406.94,18.99,80.04,421.45,-4.39,-0.4,-14.51,mixed_edge
1-2,stadium_code x target_lane,20 | 2,581,108,18.59,58100,43950,-14150,75.65,406.94,18.99,80.04,421.45,-4.39,-0.4,-14.51,mixed_edge
1-3,target_class,A1,3571,767,21.48,357100,270060,-87040,75.63,352.1,15.77,78.64,498.72,-3.01,5.71,-146.62,mixed_edge
1-3,lane1_target_start_gap_pair x target_outer_pressure_bucket,<=0.03-<=0.03 | low_other_pressure,50,13,26.0,5000,3780,-1220,75.6,290.77,15.77,78.64,498.72,-3.04,10.23,-207.95,mixed_edge
1-3,lane1_exhibition_rank_bucket,2,3312,510,15.4,331200,250370,-80830,75.59,490.92,15.77,78.64,498.72,-3.05,-0.37,-7.8,mixed_edge
1-4,target_outer_pressure_bucket,low_other_pressure,858,166,19.35,85800,64850,-20950,75.58,390.66,10.08,74.47,738.96,1.11,9.27,-348.3,mixed_edge
1-4,target_lane x target_outer_pressure_bucket,4 | low_other_pressure,858,166,19.35,85800,64850,-20950,75.58,390.66,10.08,74.47,738.96,1.11,9.27,-348.3,mixed_edge
1-5,lane1_target_group_pair x target_outer_pressure_bucket,A-A | high_other_pressure,3099,270,8.71,309900,234180,-75720,75.57,867.33,6.57,78.41,1193.16,-2.84,2.14,-325.83,mixed_edge
1-5,target_exhibition_rank_bucket,4+,8800,489,5.56,880000,664930,-215070,75.56,1359.78,6.57,78.41,1193.16,-2.85,-1.01,166.62,mixed_edge
1-4,lane1_target_exhibition_time_diff_bucket x lane1_target_start_exhibition_st_diff_bucket,lane1_faster_0.10+ | near_equal,601,66,10.98,60100,45410,-14690,75.56,688.03,10.08,74.47,738.96,1.09,0.9,-50.93,mixed_edge
1-5,stadium_code,19,680,36,5.29,68000,51350,-16650,75.51,1426.39,6.57,78.41,1193.16,-2.9,-1.28,233.23,mixed_edge
1-5,stadium_code x target_lane,19 | 5,680,36,5.29,68000,51350,-16650,75.51,1426.39,6.57,78.41,1193.16,-2.9,-1.28,233.23,mixed_edge
1-2,stadium_code,12,575,111,19.3,57500,43420,-14080,75.51,391.17,18.99,80.04,421.45,-4.53,0.31,-30.28,mixed_edge
1-2,stadium_code x target_lane,12 | 2,575,111,19.3,57500,43420,-14080,75.51,391.17,18.99,80.04,421.45,-4.53,0.31,-30.28,mixed_edge
1-4,target_class,B1,7227,533,7.38,722700,545630,-177070,75.5,1023.7,10.08,74.47,738.96,1.03,-2.7,284.74,mixed_edge
1-6,lane1_start_exhibition_gap_bucket,>0.06,4584,178,3.88,458400,346040,-112360,75.49,1944.04,3.91,69.96,1787.33,5.53,-0.03,156.71,mixed_edge
1-4,stadium_code,24,612,64,10.46,61200,46200,-15000,75.49,721.88,10.08,74.47,738.96,1.02,0.38,-17.08,mixed_edge
1-4,stadium_code x target_lane,24 | 4,612,64,10.46,61200,46200,-15000,75.49,721.88,10.08,74.47,738.96,1.02,0.38,-17.08,mixed_edge
1-6,lane1_target_national_rank_pair x target_outer_pressure_bucket,2-1 | some_other_pressure,141,21,14.89,14100,10640,-3460,75.46,506.67,3.91,69.96,1787.33,5.5,10.98,-1280.66,mixed_edge
1-3,lane1_target_start_gap_pair x target_outer_pressure_bucket,>0.06-best | some_other_pressure,175,31,17.71,17500,13200,-4300,75.43,425.81,15.77,78.64,498.72,-3.21,1.94,-72.91,mixed_edge
1-5,lane1_target_start_gap_pair x target_outer_pressure_bucket,0.04-0.06->0.06 | some_other_pressure,85,7,8.24,8500,6410,-2090,75.41,915.71,6.57,78.41,1193.16,-3.0,1.67,-277.45,mixed_edge
1-3,target_national_win_rank_bucket,2,2560,487,19.02,256000,193010,-62990,75.39,396.32,15.77,78.64,498.72,-3.25,3.25,-102.4,mixed_edge
1-4,target_local_win_rank_bucket,1,2322,361,15.55,232200,175030,-57170,75.38,484.85,10.08,74.47,738.96,0.91,5.47,-254.11,mixed_edge
1-2,lane1_target_exhibition_time_diff_bucket x lane1_target_start_exhibition_st_diff_bucket,target_faster_0.05_0.10 | near_equal,681,123,18.06,68100,51300,-16800,75.33,417.07,18.99,80.04,421.45,-4.71,-0.93,-4.38,mixed_edge
1-5,target_local_win_rank_bucket,1,2168,224,10.33,216800,163270,-53530,75.31,728.88,6.57,78.41,1193.16,-3.1,3.76,-464.28,mixed_edge
1-5,stadium_code,10,582,48,8.25,58200,43830,-14370,75.31,913.12,6.57,78.41,1193.16,-3.1,1.68,-280.04,mixed_edge
1-5,stadium_code x target_lane,10 | 5,582,48,8.25,58200,43830,-14370,75.31,913.12,6.57,78.41,1193.16,-3.1,1.68,-280.04,mixed_edge
1-5,lane1_target_national_win_diff_bucket,target_plus_0.35_1.00,1897,152,8.01,189700,142830,-46870,75.29,939.67,6.57,78.41,1193.16,-3.12,1.44,-253.49,mixed_edge
1-3,lane1_target_exhibition_time_diff_bucket x lane1_target_start_exhibition_st_diff_bucket,near_equal | lane1_faster_0.06+,1541,236,15.31,154100,116000,-38100,75.28,491.53,15.77,78.64,498.72,-3.36,-0.46,-7.19,mixed_edge
1-5,other_a_count_bucket,2,4980,278,5.58,498000,374780,-123220,75.26,1348.13,6.57,78.41,1193.16,-3.15,-0.99,154.97,mixed_edge
1-5,target_lane x other_a_count_bucket,5 | 2,4980,278,5.58,498000,374780,-123220,75.26,1348.13,6.57,78.41,1193.16,-3.15,-0.99,154.97,mixed_edge
1-4,target_class_group,A,6996,960,13.72,699600,526430,-173170,75.25,548.36,10.08,74.47,738.96,0.78,3.64,-190.6,mixed_edge
1-4,target_lane x target_class_group,4 | A,6996,960,13.72,699600,526430,-173170,75.25,548.36,10.08,74.47,738.96,0.78,3.64,-190.6,mixed_edge
1-6,lane1_target_start_gap_pair x target_outer_pressure_bucket,0.04-0.06-0.04-0.06 | high_other_pressure,417,15,3.6,41700,31380,-10320,75.25,2092.0,3.91,69.96,1787.33,5.29,-0.31,304.67,mixed_edge
1-2,race_no_bucket,4-6R,3822,625,16.35,382200,287480,-94720,75.22,459.97,18.99,80.04,421.45,-4.82,-2.64,38.52,mixed_edge
1-2,race_no_bucket x target_lane,4-6R | 2,3822,625,16.35,382200,287480,-94720,75.22,459.97,18.99,80.04,421.45,-4.82,-2.64,38.52,mixed_edge
1-6,lane1_target_local_win_diff_bucket,target_plus_1.00+,3649,185,5.07,364900,274430,-90470,75.21,1483.41,3.91,69.96,1787.33,5.25,1.16,-303.92,mixed_edge
1-4,lane1_target_group_pair x target_outer_pressure_bucket,B-A | low_other_pressure,290,37,12.76,29000,21810,-7190,75.21,589.46,10.08,74.47,738.96,0.74,2.68,-149.5,mixed_edge
1-2,other_national_better_than_target_count_bucket,2,3304,552,16.71,330400,248390,-82010,75.18,449.98,18.99,80.04,421.45,-4.86,-2.28,28.53,mixed_edge
1-5,other_group_pattern,A-A-A-B,579,26,4.49,57900,43530,-14370,75.18,1674.23,6.57,78.41,1193.16,-3.23,-2.08,481.07,mixed_edge
1-2,target_local_win_rank_bucket,1,2443,539,22.06,244300,183570,-60730,75.14,340.58,18.99,80.04,421.45,-4.9,3.07,-80.87,mixed_edge
1-2,target_exhibition_st_rank_bucket x other_st_faster_than_target_count_bucket,2 | 1,1309,229,17.49,130900,98340,-32560,75.13,429.43,18.99,80.04,421.45,-4.91,-1.5,7.98,mixed_edge
1-2,lane1_target_start_gap_pair,0.04-0.06->0.06,938,148,15.78,93800,70470,-23330,75.13,476.15,18.99,80.04,421.45,-4.91,-3.21,54.7,mixed_edge
1-2,target_lane x lane1_target_start_gap_pair,2 | 0.04-0.06->0.06,938,148,15.78,93800,70470,-23330,75.13,476.15,18.99,80.04,421.45,-4.91,-3.21,54.7,mixed_edge
1-2,lane1_start_exhibition_gap_bucket x target_start_exhibition_gap_bucket,0.04-0.06 | >0.06,938,148,15.78,93800,70470,-23330,75.13,476.15,18.99,80.04,421.45,-4.91,-3.21,54.7,mixed_edge
1-5,race_no_bucket,4-6R,3822,240,6.28,382200,286990,-95210,75.09,1195.79,6.57,78.41,1193.16,-3.32,-0.29,2.63,mixed_edge
1-5,race_no_bucket x target_lane,4-6R | 5,3822,240,6.28,382200,286990,-95210,75.09,1195.79,6.57,78.41,1193.16,-3.32,-0.29,2.63,mixed_edge
1-5,lane1_target_group_pair x other_a_count_bucket,B-B | 1,863,33,3.82,86300,64770,-21530,75.05,1962.73,6.57,78.41,1193.16,-3.36,-2.75,769.57,mixed_edge
1-2,lane1_target_exhibition_time_diff_bucket x lane1_target_start_exhibition_st_diff_bucket,target_faster_0.10+ | target_faster_0.06+,149,18,12.08,14900,11180,-3720,75.03,621.11,18.99,80.04,421.45,-5.01,-6.91,199.66,mixed_edge
1-6,lane1_target_national_rank_pair x target_outer_pressure_bucket,1-2 | some_other_pressure,104,9,8.65,10400,7800,-2600,75.0,866.67,3.91,69.96,1787.33,5.04,4.74,-920.66,mixed_edge
1-2,lane1_national_win_rank_bucket,4+,5619,744,13.24,561900,421250,-140650,74.97,566.2,18.99,80.04,421.45,-5.07,-5.75,144.75,mixed_edge
1-6,lane1_target_start_gap_pair,0.04-0.06-<=0.03,541,28,5.18,54100,40560,-13540,74.97,1448.57,3.91,69.96,1787.33,5.01,1.27,-338.76,mixed_edge
1-6,target_lane x lane1_target_start_gap_pair,6 | 0.04-0.06-<=0.03,541,28,5.18,54100,40560,-13540,74.97,1448.57,3.91,69.96,1787.33,5.01,1.27,-338.76,mixed_edge
1-6,lane1_start_exhibition_gap_bucket x target_start_exhibition_gap_bucket,0.04-0.06 | <=0.03,541,28,5.18,54100,40560,-13540,74.97,1448.57,3.91,69.96,1787.33,5.01,1.27,-338.76,mixed_edge
1-3,other_national_better_than_target_count_bucket,0,3274,744,22.72,327400,245420,-81980,74.96,329.87,15.77,78.64,498.72,-3.68,6.95,-168.85,mixed_edge
1-5,lane1_target_start_gap_pair x target_outer_pressure_bucket,<=0.03-<=0.03 | some_other_pressure,107,12,11.21,10700,8020,-2680,74.95,668.33,6.57,78.41,1193.16,-3.46,4.64,-524.83,mixed_edge
1-4,stadium_code,13,752,86,11.44,75200,56350,-18850,74.93,655.23,10.08,74.47,738.96,0.46,1.36,-83.73,mixed_edge
1-4,stadium_code x target_lane,13 | 4,752,86,11.44,75200,56350,-18850,74.93,655.23,10.08,74.47,738.96,0.46,1.36,-83.73,mixed_edge
1-4,race_no_bucket,7-9R,3782,369,9.76,378200,283320,-94880,74.91,767.8,10.08,74.47,738.96,0.44,-0.32,28.84,mixed_edge
1-4,race_no_bucket x target_lane,7-9R | 4,3782,369,9.76,378200,283320,-94880,74.91,767.8,10.08,74.47,738.96,0.44,-0.32,28.84,mixed_edge
1-4,other_group_pattern,B-A-A-A,402,27,6.72,40200,30110,-10090,74.9,1115.19,10.08,74.47,738.96,0.43,-3.36,376.23,mixed_edge
1-5,target_exhibition_st_rank_bucket,3,2385,170,7.13,238500,178590,-59910,74.88,1050.53,6.57,78.41,1193.16,-3.53,0.56,-142.63,mixed_edge
1-5,target_lane x target_exhibition_st_rank_bucket,5 | 3,2385,170,7.13,238500,178590,-59910,74.88,1050.53,6.57,78.41,1193.16,-3.53,0.56,-142.63,mixed_edge
1-4,lane1_target_class_pair,B1-A2,1387,111,8.0,138700,103840,-34860,74.87,935.5,10.08,74.47,738.96,0.4,-2.08,196.54,mixed_edge
1-5,lane1_target_group_pair x other_a_count_bucket,B-B | 0,636,32,5.03,63600,47620,-15980,74.87,1488.12,6.57,78.41,1193.16,-3.54,-1.54,294.96,mixed_edge
1-6,target_national_win_rank_bucket x other_national_better_than_target_count_bucket,2 | 0,599,51,8.51,59900,44840,-15060,74.86,879.22,3.91,69.96,1787.33,4.9,4.6,-908.11,mixed_edge
1-5,grade_group,SG,70,4,5.71,7000,5240,-1760,74.86,1310.0,6.57,78.41,1193.16,-3.55,-0.86,116.84,mixed_edge
1-3,month,2026-01,5157,803,15.57,515700,385860,-129840,74.82,480.52,15.77,78.64,498.72,-3.82,-0.2,-18.2,mixed_edge
1-4,lane1_target_class_pair,A2-B1,2315,187,8.08,231500,173210,-58290,74.82,926.26,10.08,74.47,738.96,0.35,-2.0,187.3,mixed_edge
1-3,other_a_count_bucket,3,2046,237,11.58,204600,153090,-51510,74.82,645.95,15.77,78.64,498.72,-3.82,-4.19,147.23,mixed_edge
1-3,target_lane x other_a_count_bucket,3 | 3,2046,237,11.58,204600,153090,-51510,74.82,645.95,15.77,78.64,498.72,-3.82,-4.19,147.23,mixed_edge
1-3,lane1_target_national_rank_pair,3-1,569,131,23.02,56900,42560,-14340,74.8,324.89,15.77,78.64,498.72,-3.84,7.25,-173.83,mixed_edge
1-3,target_lane x lane1_target_national_rank_pair,3 | 3-1,569,131,23.02,56900,42560,-14340,74.8,324.89,15.77,78.64,498.72,-3.84,7.25,-173.83,mixed_edge
1-6,lane1_target_group_pair,A-A,4501,257,5.71,450100,336610,-113490,74.79,1309.77,3.91,69.96,1787.33,4.83,1.8,-477.56,mixed_edge
1-2,lane1_boat_rank_bucket,3,2513,475,18.9,251300,187950,-63350,74.79,395.68,18.99,80.04,421.45,-5.25,-0.09,-25.77,mixed_edge
1-4,lane1_exhibition_rank_bucket,1,4451,522,11.73,445100,332820,-112280,74.77,637.59,10.08,74.47,738.96,0.3,1.65,-101.37,mixed_edge
1-4,target_local_win_rank_bucket,2,2384,287,12.04,238400,178250,-60150,74.77,621.08,10.08,74.47,738.96,0.3,1.96,-117.88,mixed_edge
1-4,other_a_count_bucket,1,3894,439,11.27,389400,291120,-98280,74.76,663.14,10.08,74.47,738.96,0.29,1.19,-75.82,mixed_edge
1-4,target_lane x other_a_count_bucket,4 | 1,3894,439,11.27,389400,291120,-98280,74.76,663.14,10.08,74.47,738.96,0.29,1.19,-75.82,mixed_edge
1-5,lane1_target_start_gap_pair,best->0.06,2365,161,6.81,236500,176790,-59710,74.75,1098.07,6.57,78.41,1193.16,-3.66,0.24,-95.09,mixed_edge
1-5,target_lane x lane1_target_start_gap_pair,5 | best->0.06,2365,161,6.81,236500,176790,-59710,74.75,1098.07,6.57,78.41,1193.16,-3.66,0.24,-95.09,mixed_edge
1-5,lane1_start_exhibition_gap_bucket x target_start_exhibition_gap_bucket,best | >0.06,2365,161,6.81,236500,176790,-59710,74.75,1098.07,6.57,78.41,1193.16,-3.66,0.24,-95.09,mixed_edge
1-5,lane1_target_group_pair x target_outer_pressure_bucket,A-A | low_other_pressure,332,50,15.06,33200,24810,-8390,74.73,496.2,6.57,78.41,1193.16,-3.68,8.49,-696.96,mixed_edge
1-5,target_local_win_rank_bucket,4+,8367,394,4.71,836700,625220,-211480,74.72,1586.85,6.57,78.41,1193.16,-3.69,-1.86,393.69,mixed_edge
1-4,lane1_target_group_pair x target_outer_pressure_bucket,B-A | high_other_pressure,1480,131,8.85,148000,110560,-37440,74.7,843.97,10.08,74.47,738.96,0.23,-1.23,105.01,mixed_edge
1-2,lane1_target_exhibition_st_rank_pair,3-4+,1379,237,17.19,137900,102990,-34910,74.68,434.56,18.99,80.04,421.45,-5.36,-1.8,13.11,mixed_edge
1-2,lane1_exhibition_st_rank_bucket x target_exhibition_st_rank_bucket,3 | 4+,1379,237,17.19,137900,102990,-34910,74.68,434.56,18.99,80.04,421.45,-5.36,-1.8,13.11,mixed_edge
1-4,other_exhibition_faster_than_target_count_bucket,3,2980,279,9.36,298000,222510,-75490,74.67,797.53,10.08,74.47,738.96,0.2,-0.72,58.57,mixed_edge
1-4,target_exhibition_rank_bucket x other_exhibition_faster_than_target_count_bucket,4+ | 3,2980,279,9.36,298000,222510,-75490,74.67,797.53,10.08,74.47,738.96,0.2,-0.72,58.57,mixed_edge
1-3,lane1_target_class_pair,A1-A1,1903,419,22.02,190300,142070,-48230,74.66,339.07,15.77,78.64,498.72,-3.98,6.25,-159.65,mixed_edge
1-5,lane1_target_exhibition_time_diff_bucket x lane1_target_start_exhibition_st_diff_bucket,target_faster_0.10+ | target_faster_0.03_0.06,86,7,8.14,8600,6420,-2180,74.65,917.14,6.57,78.41,1193.16,-3.76,1.57,-276.02,mixed_edge
1-6,lane1_target_national_rank_pair,1-2,575,49,8.52,57500,42920,-14580,74.64,875.92,3.91,69.96,1787.33,4.68,4.61,-911.41,mixed_edge
1-6,target_lane x lane1_target_national_rank_pair,6 | 1-2,575,49,8.52,57500,42920,-14580,74.64,875.92,3.91,69.96,1787.33,4.68,4.61,-911.41,mixed_edge
1-4,lane1_target_group_pair x other_a_count_bucket,A-B | 4,121,8,6.61,12100,9030,-3070,74.63,1128.75,10.08,74.47,738.96,0.16,-3.47,389.79,mixed_edge
1-2,lane1_target_exhibition_time_diff_bucket x lane1_target_start_exhibition_st_diff_bucket,target_faster_0.05_0.10 | lane1_faster_0.06+,408,70,17.16,40800,30440,-10360,74.61,434.86,18.99,80.04,421.45,-5.43,-1.83,13.41,mixed_edge
1-4,lane1_target_local_win_diff_bucket,lane1_plus_0.35_1.00,1852,194,10.48,185200,138120,-47080,74.58,711.96,10.08,74.47,738.96,0.11,0.4,-27.0,mixed_edge
1-6,lane1_target_start_gap_pair x target_outer_pressure_bucket,<=0.03-<=0.03 | high_other_pressure,544,22,4.04,54400,40570,-13830,74.58,1844.09,3.91,69.96,1787.33,4.62,0.13,56.76,mixed_edge
1-4,grade_group,一般,14058,1402,9.97,1405800,1047840,-357960,74.54,747.39,10.08,74.47,738.96,0.07,-0.11,8.43,mixed_edge
1-2,lane1_target_exhibition_time_diff_bucket x lane1_target_start_exhibition_st_diff_bucket,lane1_faster_0.05_0.10 | target_faster_0.06+,392,66,16.84,39200,29210,-9990,74.52,442.58,18.99,80.04,421.45,-5.52,-2.15,21.13,mixed_edge
1-5,lane1_target_start_gap_pair x target_outer_pressure_bucket,0.04-0.06-<=0.03 | some_other_pressure,82,9,10.98,8200,6110,-2090,74.51,678.89,6.57,78.41,1193.16,-3.9,4.41,-514.27,mixed_edge
1-5,lane1_target_group_pair,B-B,3884,126,3.24,388400,289360,-99040,74.5,2296.51,6.57,78.41,1193.16,-3.91,-3.33,1103.35,mixed_edge
1-5,lane1_target_start_exhibition_st_diff_bucket,lane1_faster_0.06+,4421,276,6.24,442100,329330,-112770,74.49,1193.22,6.57,78.41,1193.16,-3.92,-0.33,0.06,mixed_edge
1-3,lane1_local_win_rank_bucket,1,3471,687,19.79,347100,258520,-88580,74.48,376.3,15.77,78.64,498.72,-4.16,4.02,-122.42,mixed_edge
1-4,other_national_better_than_target_count_bucket,1,3023,353,11.68,302300,225150,-77150,74.48,637.82,10.08,74.47,738.96,0.01,1.6,-101.14,mixed_edge
1-4,target_lane,4,15201,1532,10.08,1520100,1132080,-388020,74.47,738.96,10.08,74.47,738.96,0.0,0.0,0.0,mixed_edge
1-4,target_lane_zone,center_4,15201,1532,10.08,1520100,1132080,-388020,74.47,738.96,10.08,74.47,738.96,0.0,0.0,0.0,mixed_edge
1-6,lane1_target_national_rank_pair,2-1,615,79,12.85,61500,45790,-15710,74.46,579.62,3.91,69.96,1787.33,4.5,8.94,-1207.71,mixed_edge
1-6,target_lane x lane1_target_national_rank_pair,6 | 2-1,615,79,12.85,61500,45790,-15710,74.46,579.62,3.91,69.96,1787.33,4.5,8.94,-1207.71,mixed_edge
1-3,lane1_exhibition_rank_bucket,3,2622,370,14.11,262200,195110,-67090,74.41,527.32,15.77,78.64,498.72,-4.23,-1.66,28.6,mixed_edge
1-4,target_exhibition_rank_bucket,3,2538,265,10.44,253800,188860,-64940,74.41,712.68,10.08,74.47,738.96,-0.06,0.36,-26.28,mixed_edge
1-4,wave_bucket,0-4,12800,1326,10.36,1280000,952240,-327760,74.39,718.13,10.08,74.47,738.96,-0.08,0.28,-20.83,mixed_edge
1-5,other_a_count_bucket,4,1902,129,6.78,190200,141490,-48710,74.39,1096.82,6.57,78.41,1193.16,-4.02,0.21,-96.34,mixed_edge
1-5,other_group_pattern,A-A-A-A,1902,129,6.78,190200,141490,-48710,74.39,1096.82,6.57,78.41,1193.16,-4.02,0.21,-96.34,mixed_edge
1-5,target_lane x other_a_count_bucket,5 | 4,1902,129,6.78,190200,141490,-48710,74.39,1096.82,6.57,78.41,1193.16,-4.02,0.21,-96.34,mixed_edge
1-5,lane1_target_start_gap_pair,<=0.03-<=0.03,808,59,7.3,80800,60110,-20690,74.39,1018.81,6.57,78.41,1193.16,-4.02,0.73,-174.35,mixed_edge
1-5,target_lane x lane1_target_start_gap_pair,5 | <=0.03-<=0.03,808,59,7.3,80800,60110,-20690,74.39,1018.81,6.57,78.41,1193.16,-4.02,0.73,-174.35,mixed_edge
1-5,lane1_start_exhibition_gap_bucket x target_start_exhibition_gap_bucket,<=0.03 | <=0.03,808,59,7.3,80800,60110,-20690,74.39,1018.81,6.57,78.41,1193.16,-4.02,0.73,-174.35,mixed_edge
1-6,race_no_bucket,4-6R,3822,177,4.63,382200,284260,-97940,74.37,1605.99,3.91,69.96,1787.33,4.41,0.72,-181.34,mixed_edge
1-6,race_no_bucket x target_lane,4-6R | 6,3822,177,4.63,382200,284260,-97940,74.37,1605.99,3.91,69.96,1787.33,4.41,0.72,-181.34,mixed_edge
1-3,lane1_target_national_rank_pair,2-4+,1846,218,11.81,184600,137290,-47310,74.37,629.77,15.77,78.64,498.72,-4.27,-3.96,131.05,mixed_edge
1-3,target_lane x lane1_target_national_rank_pair,3 | 2-4+,1846,218,11.81,184600,137290,-47310,74.37,629.77,15.77,78.64,498.72,-4.27,-3.96,131.05,mixed_edge
1-5,lane1_target_group_pair x other_a_count_bucket,A-A | 4,1702,120,7.05,170200,126580,-43620,74.37,1054.83,6.57,78.41,1193.16,-4.04,0.48,-138.33,mixed_edge
1-3,target_boat_rank_bucket,1,2596,430,16.56,259600,193030,-66570,74.36,448.91,15.77,78.64,498.72,-4.28,0.79,-49.81,mixed_edge
1-5,target_national_win_rank_bucket x other_national_better_than_target_count_bucket,2 | 0,681,91,13.36,68100,50640,-17460,74.36,556.48,6.57,78.41,1193.16,-4.05,6.79,-636.68,mixed_edge
1-6,lane1_target_national_rank_pair,3-4+,1577,29,1.84,157700,117240,-40460,74.34,4042.76,3.91,69.96,1787.33,4.38,-2.07,2255.43,mixed_edge
1-6,target_lane x lane1_target_national_rank_pair,6 | 3-4+,1577,29,1.84,157700,117240,-40460,74.34,4042.76,3.91,69.96,1787.33,4.38,-2.07,2255.43,mixed_edge
1-6,lane1_target_national_rank_pair x target_outer_pressure_bucket,3-4+ | high_other_pressure,1577,29,1.84,157700,117240,-40460,74.34,4042.76,3.91,69.96,1787.33,4.38,-2.07,2255.43,mixed_edge
1-5,lane1_national_win_rank_bucket,1,3740,312,8.34,374000,277940,-96060,74.32,890.83,6.57,78.41,1193.16,-4.09,1.77,-302.33,mixed_edge
1-4,other_exhibition_faster_than_target_count_bucket,1,3110,325,10.45,311000,231090,-79910,74.31,711.05,10.08,74.47,738.96,-0.16,0.37,-27.91,mixed_edge
1-3,lane1_target_group_pair,A-A,4598,1028,22.36,459800,341640,-118160,74.3,332.33,15.77,78.64,498.72,-4.34,6.59,-166.39,mixed_edge
1-5,lane1_target_national_rank_pair x target_outer_pressure_bucket,1-4+ | high_other_pressure,2397,150,6.26,239700,178050,-61650,74.28,1187.0,6.57,78.41,1193.16,-4.13,-0.31,-6.16,mixed_edge
1-2,lane1_target_exhibition_st_rank_pair,4+-1,956,176,18.41,95600,71010,-24590,74.28,403.47,18.99,80.04,421.45,-5.76,-0.58,-17.98,mixed_edge
1-2,lane1_exhibition_st_rank_bucket x target_exhibition_st_rank_bucket,4+ | 1,956,176,18.41,95600,71010,-24590,74.28,403.47,18.99,80.04,421.45,-5.76,-0.58,-17.98,mixed_edge
1-4,lane1_target_start_gap_pair,best->0.06,2159,214,9.91,215900,160350,-55550,74.27,749.3,10.08,74.47,738.96,-0.2,-0.17,10.34,mixed_edge
1-4,target_lane x lane1_target_start_gap_pair,4 | best->0.06,2159,214,9.91,215900,160350,-55550,74.27,749.3,10.08,74.47,738.96,-0.2,-0.17,10.34,mixed_edge
1-4,lane1_start_exhibition_gap_bucket x target_start_exhibition_gap_bucket,best | >0.06,2159,214,9.91,215900,160350,-55550,74.27,749.3,10.08,74.47,738.96,-0.2,-0.17,10.34,mixed_edge
1-4,lane1_target_group_pair x other_a_count_bucket,A-B | 1,1156,111,9.6,115600,85840,-29760,74.26,773.33,10.08,74.47,738.96,-0.21,-0.48,34.37,mixed_edge
1-3,target_national_win_rank_bucket x other_national_better_than_target_count_bucket,4+ | 2,2052,332,16.18,205200,152370,-52830,74.25,458.95,15.77,78.64,498.72,-4.39,0.41,-39.77,mixed_edge
1-2,lane1_target_exhibition_st_rank_pair,3-2,355,63,17.75,35500,26360,-9140,74.25,418.41,18.99,80.04,421.45,-5.79,-1.24,-3.04,mixed_edge
1-2,lane1_exhibition_st_rank_bucket x target_exhibition_st_rank_bucket,3 | 2,355,63,17.75,35500,26360,-9140,74.25,418.41,18.99,80.04,421.45,-5.79,-1.24,-3.04,mixed_edge
1-4,lane1_target_group_pair,B-B,3920,207,5.28,392000,291000,-101000,74.23,1405.8,10.08,74.47,738.96,-0.24,-4.8,666.84,mixed_edge
1-5,lane1_target_group_pair x other_a_count_bucket,B-B | 2,1551,40,2.58,155100,115120,-39980,74.22,2878.0,6.57,78.41,1193.16,-4.19,-3.99,1684.84,mixed_edge
1-4,lane1_target_group_pair x other_a_count_bucket,B-A | 0,200,27,13.5,20000,14840,-5160,74.2,549.63,10.08,74.47,738.96,-0.27,3.42,-189.33,mixed_edge
1-3,target_exhibition_st_rank_bucket,1,2349,382,16.26,234900,174270,-60630,74.19,456.2,15.77,78.64,498.72,-4.45,0.49,-42.52,mixed_edge
1-3,target_lane x target_exhibition_st_rank_bucket,3 | 1,2349,382,16.26,234900,174270,-60630,74.19,456.2,15.77,78.64,498.72,-4.45,0.49,-42.52,mixed_edge
1-3,target_exhibition_st_rank_bucket x other_st_faster_than_target_count_bucket,1 | 0,2349,382,16.26,234900,174270,-60630,74.19,456.2,15.77,78.64,498.72,-4.45,0.49,-42.52,mixed_edge
1-4,lane1_target_national_rank_pair x target_outer_pressure_bucket,1-2 | some_other_pressure,191,41,21.47,19100,14170,-4930,74.19,345.61,10.08,74.47,738.96,-0.28,11.39,-393.35,mixed_edge
1-3,lane1_target_boat_place_diff_bucket,lane1_plus_4_10,2730,428,15.68,273000,202510,-70490,74.18,473.15,15.77,78.64,498.72,-4.46,-0.09,-25.57,mixed_edge
1-3,lane1_target_national_rank_pair x target_outer_pressure_bucket,2-4+ | high_other_pressure,1843,216,11.72,184300,136710,-47590,74.18,632.92,15.77,78.64,498.72,-4.46,-4.05,134.2,mixed_edge
1-3,lane1_target_start_gap_pair x target_outer_pressure_bucket,>0.06-<=0.03 | high_other_pressure,605,73,12.07,60500,44880,-15620,74.18,614.79,15.77,78.64,498.72,-4.46,-3.7,116.07,mixed_edge
1-3,other_b2_count_bucket,2,500,90,18.0,50000,37090,-12910,74.18,412.11,15.77,78.64,498.72,-4.46,2.23,-86.61,mixed_edge
1-4,target_exhibition_st_rank_bucket,1,2379,255,10.72,237900,176440,-61460,74.17,691.92,10.08,74.47,738.96,-0.3,0.64,-47.04,mixed_edge
1-4,target_lane x target_exhibition_st_rank_bucket,4 | 1,2379,255,10.72,237900,176440,-61460,74.17,691.92,10.08,74.47,738.96,-0.3,0.64,-47.04,mixed_edge
1-4,target_exhibition_st_rank_bucket x other_st_faster_than_target_count_bucket,1 | 0,2379,255,10.72,237900,176440,-61460,74.17,691.92,10.08,74.47,738.96,-0.3,0.64,-47.04,mixed_edge
1-5,month,2026-01,5157,329,6.38,515700,382390,-133310,74.15,1162.28,6.57,78.41,1193.16,-4.26,-0.19,-30.88,mixed_edge
1-2,lane1_target_motor_place_diff_bucket,lane1_plus_4_10,2634,486,18.45,263400,195320,-68080,74.15,401.89,18.99,80.04,421.45,-5.89,-0.54,-19.56,mixed_edge
1-6,lane1_target_exhibition_st_rank_pair,1-4+,3349,127,3.79,334900,248290,-86610,74.14,1955.04,3.91,69.96,1787.33,4.18,-0.12,167.71,mixed_edge
1-6,lane1_exhibition_st_rank_bucket x target_exhibition_st_rank_bucket,1 | 4+,3349,127,3.79,334900,248290,-86610,74.14,1955.04,3.91,69.96,1787.33,4.18,-0.12,167.71,mixed_edge
1-5,other_exhibition_faster_than_target_count_bucket,2,3018,198,6.56,301800,223720,-78080,74.13,1129.9,6.57,78.41,1193.16,-4.28,-0.01,-63.26,mixed_edge
1-2,lane1_target_start_gap_pair x target_outer_pressure_bucket,0.04-0.06->0.06 | high_other_pressure,753,103,13.68,75300,55800,-19500,74.1,541.75,18.99,80.04,421.45,-5.94,-5.31,120.3,mixed_edge
1-5,lane1_target_national_rank_pair,1-4+,2403,150,6.24,240300,178050,-62250,74.09,1187.0,6.57,78.41,1193.16,-4.32,-0.33,-6.16,mixed_edge
1-5,target_lane x lane1_target_national_rank_pair,5 | 1-4+,2403,150,6.24,240300,178050,-62250,74.09,1187.0,6.57,78.41,1193.16,-4.32,-0.33,-6.16,mixed_edge
1-3,lane1_target_national_rank_pair,4+-2,1165,145,12.45,116500,86320,-30180,74.09,595.31,15.77,78.64,498.72,-4.55,-3.32,96.59,mixed_edge
1-3,target_lane x lane1_target_national_rank_pair,3 | 4+-2,1165,145,12.45,116500,86320,-30180,74.09,595.31,15.77,78.64,498.72,-4.55,-3.32,96.59,mixed_edge
1-5,lane1_national_win_rank_bucket,2,3199,222,6.94,319900,236970,-82930,74.08,1067.43,6.57,78.41,1193.16,-4.33,0.37,-125.73,mixed_edge
1-3,stadium_code,02,659,67,10.17,65900,48820,-17080,74.08,728.66,15.77,78.64,498.72,-4.56,-5.6,229.94,mixed_edge
1-3,stadium_code x target_lane,02 | 3,659,67,10.17,65900,48820,-17080,74.08,728.66,15.77,78.64,498.72,-4.56,-5.6,229.94,mixed_edge
1-3,lane1_motor_rank_bucket,1,2866,465,16.22,286600,212240,-74360,74.05,456.43,15.77,78.64,498.72,-4.59,0.45,-42.29,mixed_edge
1-2,stadium_code,13,752,148,19.68,75200,55680,-19520,74.04,376.22,18.99,80.04,421.45,-6.0,0.69,-45.23,mixed_edge
1-2,stadium_code x target_lane,13 | 2,752,148,19.68,75200,55680,-19520,74.04,376.22,18.99,80.04,421.45,-6.0,0.69,-45.23,mixed_edge
1-5,target_class_group x target_outer_pressure_bucket,B | low_other_pressure,104,14,13.46,10400,7700,-2700,74.04,550.0,6.57,78.41,1193.16,-4.37,6.89,-643.16,mixed_edge
1-5,lane1_target_start_gap_pair x target_outer_pressure_bucket,>0.06-<=0.03 | high_other_pressure,847,41,4.84,84700,62690,-22010,74.01,1529.02,6.57,78.41,1193.16,-4.4,-1.73,335.86,mixed_edge
1-3,lane1_target_group_pair x target_outer_pressure_bucket,A-A | high_other_pressure,3177,651,20.49,317700,235090,-82610,74.0,361.12,15.77,78.64,498.72,-4.64,4.72,-137.6,mixed_edge
1-4,lane1_target_start_gap_pair x target_outer_pressure_bucket,0.04-0.06-best | some_other_pressure,100,17,17.0,10000,7400,-2600,74.0,435.29,10.08,74.47,738.96,-0.47,6.92,-303.67,mixed_edge
1-4,lane1_target_class_pair,A1-A2,1151,171,14.86,115100,85130,-29970,73.96,497.84,10.08,74.47,738.96,-0.51,4.78,-241.12,mixed_edge
1-4,lane1_target_group_pair x target_outer_pressure_bucket,B-B | high_other_pressure,3666,179,4.88,366600,271100,-95500,73.95,1514.53,10.08,74.47,738.96,-0.52,-5.2,775.57,mixed_edge
1-3,wave_bucket,5-9,2226,306,13.75,222600,164590,-58010,73.94,537.88,15.77,78.64,498.72,-4.7,-2.02,39.16,mixed_edge
1-6,other_a_count_bucket,1,4211,226,5.37,421100,311130,-109970,73.89,1376.68,3.91,69.96,1787.33,3.93,1.46,-410.65,mixed_edge
1-6,target_lane x other_a_count_bucket,6 | 1,4211,226,5.37,421100,311130,-109970,73.89,1376.68,3.91,69.96,1787.33,3.93,1.46,-410.65,mixed_edge
1-4,meeting_phase_bucket,day1-2,5423,510,9.4,542300,400660,-141640,73.88,785.61,10.08,74.47,738.96,-0.59,-0.68,46.65,mixed_edge
1-4,meeting_phase_bucket x target_lane,day1-2 | 4,5423,510,9.4,542300,400660,-141640,73.88,785.61,10.08,74.47,738.96,-0.59,-0.68,46.65,mixed_edge
1-6,lane1_target_exhibition_time_diff_bucket,lane1_faster_0.05_0.10,3208,112,3.49,320800,237020,-83780,73.88,2116.25,3.91,69.96,1787.33,3.92,-0.42,328.92,mixed_edge
1-4,target_class_group x target_outer_pressure_bucket,A | high_other_pressure,4778,588,12.31,477800,352910,-124890,73.86,600.19,10.08,74.47,738.96,-0.61,2.23,-138.77,mixed_edge
1-6,wind_bucket,3-4,5413,219,4.05,541300,399710,-141590,73.84,1825.16,3.91,69.96,1787.33,3.88,0.14,37.83,mixed_edge
1-4,lane1_target_group_pair,A-A,4699,734,15.62,469900,346990,-122910,73.84,472.74,10.08,74.47,738.96,-0.63,5.54,-266.22,mixed_edge
1-4,target_outer_pressure_bucket,high_other_pressure,12364,1074,8.69,1236400,912890,-323510,73.83,849.99,10.08,74.47,738.96,-0.64,-1.39,111.03,mixed_edge
1-4,target_lane x target_outer_pressure_bucket,4 | high_other_pressure,12364,1074,8.69,1236400,912890,-323510,73.83,849.99,10.08,74.47,738.96,-0.64,-1.39,111.03,mixed_edge
1-4,target_class_group x target_outer_pressure_bucket,B | high_other_pressure,7586,486,6.41,758600,559980,-198620,73.82,1152.22,10.08,74.47,738.96,-0.65,-3.67,413.26,mixed_edge
1-4,target_class_group,B,8205,572,6.97,820500,605650,-214850,73.81,1058.83,10.08,74.47,738.96,-0.66,-3.11,319.87,mixed_edge
1-4,target_lane x target_class_group,4 | B,8205,572,6.97,820500,605650,-214850,73.81,1058.83,10.08,74.47,738.96,-0.66,-3.11,319.87,mixed_edge
1-4,target_motor_rank_bucket,2,2437,253,10.38,243700,179790,-63910,73.78,710.63,10.08,74.47,738.96,-0.69,0.3,-28.33,mixed_edge
1-4,lane1_target_exhibition_time_diff_bucket,target_faster_0.05_0.10,1672,190,11.36,167200,123360,-43840,73.78,649.26,10.08,74.47,738.96,-0.69,1.28,-89.7,mixed_edge
1-5,lane1_target_class_pair,A1-B1,1722,107,6.21,172200,127040,-45160,73.77,1187.29,6.57,78.41,1193.16,-4.64,-0.36,-5.87,mixed_edge
1-5,target_national_win_rank_bucket x other_national_better_than_target_count_bucket,3 | 1,1278,119,9.31,127800,94280,-33520,73.77,792.27,6.57,78.41,1193.16,-4.64,2.74,-400.89,mixed_edge
1-4,target_boat_rank_bucket,4+,7719,764,9.9,771900,569200,-202700,73.74,745.03,10.08,74.47,738.96,-0.73,-0.18,6.07,mixed_edge
1-5,lane1_target_start_gap_pair,>0.06->0.06,1444,67,4.64,144400,106480,-37920,73.74,1589.25,6.57,78.41,1193.16,-4.67,-1.93,396.09,mixed_edge
1-5,target_lane x lane1_target_start_gap_pair,5 | >0.06->0.06,1444,67,4.64,144400,106480,-37920,73.74,1589.25,6.57,78.41,1193.16,-4.67,-1.93,396.09,mixed_edge
1-5,lane1_start_exhibition_gap_bucket x target_start_exhibition_gap_bucket,>0.06 | >0.06,1444,67,4.64,144400,106480,-37920,73.74,1589.25,6.57,78.41,1193.16,-4.67,-1.93,396.09,mixed_edge
1-2,stadium_code,05,522,93,17.82,52200,38490,-13710,73.74,413.87,18.99,80.04,421.45,-6.3,-1.17,-7.58,mixed_edge
1-2,stadium_code x target_lane,05 | 2,522,93,17.82,52200,38490,-13710,73.74,413.87,18.99,80.04,421.45,-6.3,-1.17,-7.58,mixed_edge
1-3,lane1_target_local_win_diff_bucket,near_equal,2210,370,16.74,221000,162930,-58070,73.72,440.35,15.77,78.64,498.72,-4.92,0.97,-58.37,mixed_edge
1-4,lane1_target_group_pair x target_outer_pressure_bucket,A-B | high_other_pressure,3920,307,7.83,392000,288880,-103120,73.69,940.98,10.08,74.47,738.96,-0.78,-2.25,202.02,mixed_edge
1-2,lane1_target_group_pair x target_outer_pressure_bucket,B-B | high_other_pressure,3115,314,10.08,311500,229440,-82060,73.66,730.7,18.99,80.04,421.45,-6.38,-8.91,309.25,mixed_edge
1-6,target_exhibition_st_rank_bucket x other_st_faster_than_target_count_bucket,4+ | 2,1988,68,3.42,198800,146430,-52370,73.66,2153.38,3.91,69.96,1787.33,3.7,-0.49,366.05,mixed_edge
1-4,target_exhibition_rank_bucket x other_exhibition_faster_than_target_count_bucket,3 | 1,1552,166,10.7,155200,114320,-40880,73.66,688.67,10.08,74.47,738.96,-0.81,0.62,-50.29,mixed_edge
1-4,lane1_class_group,A,8984,1099,12.23,898400,661640,-236760,73.65,602.04,10.08,74.47,738.96,-0.82,2.15,-136.92,mixed_edge
1-5,lane1_target_exhibition_time_diff_bucket x lane1_target_start_exhibition_st_diff_bucket,lane1_faster_0.10+ | target_faster_0.03_0.06,240,11,4.58,24000,17670,-6330,73.62,1606.36,6.57,78.41,1193.16,-4.79,-1.99,413.2,mixed_edge
1-3,lane1_target_national_rank_pair x target_outer_pressure_bucket,1-2 | some_other_pressure,201,58,28.86,20100,14790,-5310,73.58,255.0,15.77,78.64,498.72,-5.06,13.09,-243.72,mixed_edge
1-2,lane1_target_group_pair,B-B,3465,379,10.94,346500,254880,-91620,73.56,672.51,18.99,80.04,421.45,-6.48,-8.05,251.06,mixed_edge
1-3,lane1_target_start_gap_pair x target_outer_pressure_bucket,<=0.03-0.04-0.06 | high_other_pressure,503,64,12.72,50300,36980,-13320,73.52,577.81,15.77,78.64,498.72,-5.12,-3.05,79.09,mixed_edge
1-3,lane1_target_national_rank_pair x target_outer_pressure_bucket,1-2 | high_other_pressure,441,110,24.94,44100,32420,-11680,73.51,294.73,15.77,78.64,498.72,-5.13,9.17,-203.99,mixed_edge
1-4,lane1_target_group_pair x target_outer_pressure_bucket,A-A | high_other_pressure,3298,457,13.86,329800,242350,-87450,73.48,530.31,10.08,74.47,738.96,-0.99,3.78,-208.65,mixed_edge
1-6,lane1_class,A1,4712,188,3.99,471200,345980,-125220,73.43,1840.32,3.91,69.96,1787.33,3.47,0.08,52.99,mixed_edge
1-4,lane1_target_group_pair,A-B,4285,365,8.52,428500,314650,-113850,73.43,862.05,10.08,74.47,738.96,-1.04,-1.56,123.09,mixed_edge
1-5,target_motor_rank_bucket,4+,7800,458,5.87,780000,572600,-207400,73.41,1250.22,6.57,78.41,1193.16,-5.0,-0.7,57.06,mixed_edge
1-3,target_exhibition_rank_bucket x other_exhibition_faster_than_target_count_bucket,2 | 1,1428,201,14.08,142800,104760,-38040,73.36,521.19,15.77,78.64,498.72,-5.28,-1.69,22.47,mixed_edge
1-4,target_national_win_rank_bucket x other_national_better_than_target_count_bucket,4+ | 2,1859,183,9.84,185900,136340,-49560,73.34,745.03,10.08,74.47,738.96,-1.13,-0.24,6.07,mixed_edge
1-2,lane1_target_group_pair x target_outer_pressure_bucket,B-B | some_other_pressure,290,53,18.28,29000,21270,-7730,73.34,401.32,18.99,80.04,421.45,-6.7,-0.71,-20.13,mixed_edge
1-4,month,2026-01,5157,529,10.26,515700,378150,-137550,73.33,714.84,10.08,74.47,738.96,-1.14,0.18,-24.12,mixed_edge
1-2,lane1_target_national_rank_pair x target_outer_pressure_bucket,2-1 | some_other_pressure,141,44,31.21,14100,10340,-3760,73.33,235.0,18.99,80.04,421.45,-6.71,12.22,-186.45,mixed_edge
1-6,lane1_target_boat_place_diff_bucket,lane1_plus_4_10,2761,102,3.69,276100,202420,-73680,73.31,1984.51,3.91,69.96,1787.33,3.35,-0.22,197.18,mixed_edge
1-4,target_exhibition_rank_bucket x other_exhibition_faster_than_target_count_bucket,2 | 0,1058,138,13.04,105800,77560,-28240,73.31,562.03,10.08,74.47,738.96,-1.16,2.96,-176.93,mixed_edge
1-2,stadium_code,14,501,76,15.17,50100,36730,-13370,73.31,483.29,18.99,80.04,421.45,-6.73,-3.82,61.84,mixed_edge
1-2,stadium_code x target_lane,14 | 2,501,76,15.17,50100,36730,-13370,73.31,483.29,18.99,80.04,421.45,-6.73,-3.82,61.84,mixed_edge
1-5,lane1_target_start_gap_pair,>0.06-<=0.03,1029,59,5.73,102900,75400,-27500,73.28,1277.97,6.57,78.41,1193.16,-5.13,-0.84,84.81,mixed_edge
1-5,target_lane x lane1_target_start_gap_pair,5 | >0.06-<=0.03,1029,59,5.73,102900,75400,-27500,73.28,1277.97,6.57,78.41,1193.16,-5.13,-0.84,84.81,mixed_edge
1-5,lane1_start_exhibition_gap_bucket x target_start_exhibition_gap_bucket,>0.06 | <=0.03,1029,59,5.73,102900,75400,-27500,73.28,1277.97,6.57,78.41,1193.16,-5.13,-0.84,84.81,mixed_edge
1-6,race_no_bucket,1-3R,3827,141,3.68,382700,280400,-102300,73.27,1988.65,3.91,69.96,1787.33,3.31,-0.23,201.32,mixed_edge
1-6,race_no_bucket x target_lane,1-3R | 6,3827,141,3.68,382700,280400,-102300,73.27,1988.65,3.91,69.96,1787.33,3.31,-0.23,201.32,mixed_edge
1-5,lane1_national_win_rank_bucket,3,2643,172,6.51,264300,193640,-70660,73.27,1125.81,6.57,78.41,1193.16,-5.14,-0.06,-67.35,mixed_edge
1-2,other_group_pattern,B-B-B-A,1081,226,20.91,108100,79190,-28910,73.26,350.4,18.99,80.04,421.45,-6.78,1.92,-71.05,mixed_edge
1-4,stadium_code,18,744,78,10.48,74400,54480,-19920,73.23,698.46,10.08,74.47,738.96,-1.24,0.4,-40.5,mixed_edge
1-4,stadium_code x target_lane,18 | 4,744,78,10.48,74400,54480,-19920,73.23,698.46,10.08,74.47,738.96,-1.24,0.4,-40.5,mixed_edge
1-6,lane1_target_motor_place_diff_bucket,lane1_plus_4_10,2686,103,3.83,268600,196640,-71960,73.21,1909.13,3.91,69.96,1787.33,3.25,-0.08,121.8,mixed_edge
1-3,target_class_group x target_outer_pressure_bucket,A | low_other_pressure,783,184,23.5,78300,57320,-20980,73.21,311.52,15.77,78.64,498.72,-5.43,7.73,-187.2,mixed_edge
1-3,lane1_target_national_rank_pair x target_outer_pressure_bucket,2-3 | high_other_pressure,364,59,16.21,36400,26640,-9760,73.19,451.53,15.77,78.64,498.72,-5.45,0.44,-47.19,mixed_edge
1-5,lane1_target_national_rank_pair,1-3,673,71,10.55,67300,49250,-18050,73.18,693.66,6.57,78.41,1193.16,-5.23,3.98,-499.5,mixed_edge
1-5,target_lane x lane1_target_national_rank_pair,5 | 1-3,673,71,10.55,67300,49250,-18050,73.18,693.66,6.57,78.41,1193.16,-5.23,3.98,-499.5,mixed_edge
1-6,other_a_count_bucket,0,2022,125,6.18,202200,147940,-54260,73.17,1183.52,3.91,69.96,1787.33,3.21,2.27,-603.81,mixed_edge
1-6,other_group_pattern,B-B-B-B,2022,125,6.18,202200,147940,-54260,73.17,1183.52,3.91,69.96,1787.33,3.21,2.27,-603.81,mixed_edge
1-6,target_lane x other_a_count_bucket,6 | 0,2022,125,6.18,202200,147940,-54260,73.17,1183.52,3.91,69.96,1787.33,3.21,2.27,-603.81,mixed_edge
1-5,target_outer_pressure_bucket,low_other_pressure,693,91,13.13,69300,50710,-18590,73.17,557.25,6.57,78.41,1193.16,-5.24,6.56,-635.91,mixed_edge
1-5,target_lane x target_outer_pressure_bucket,5 | low_other_pressure,693,91,13.13,69300,50710,-18590,73.17,557.25,6.57,78.41,1193.16,-5.24,6.56,-635.91,mixed_edge
1-4,target_exhibition_rank_bucket,4+,8259,740,8.96,825900,604180,-221720,73.15,816.46,10.08,74.47,738.96,-1.32,-1.12,77.5,mixed_edge
1-5,lane1_motor_rank_bucket,3,2499,159,6.36,249900,182790,-67110,73.15,1149.62,6.57,78.41,1193.16,-5.26,-0.21,-43.54,mixed_edge
1-6,lane1_target_group_pair x other_a_count_bucket,A-A | 0,308,39,12.66,30800,22530,-8270,73.15,577.69,3.91,69.96,1787.33,3.19,8.75,-1209.64,mixed_edge
1-6,other_a_count_bucket,2,5010,156,3.11,501000,366420,-134580,73.14,2348.85,3.91,69.96,1787.33,3.18,-0.8,561.52,mixed_edge
1-6,target_lane x other_a_count_bucket,6 | 2,5010,156,3.11,501000,366420,-134580,73.14,2348.85,3.91,69.96,1787.33,3.18,-0.8,561.52,mixed_edge
1-4,lane1_target_national_win_diff_bucket,near_equal,2974,354,11.9,297400,217510,-79890,73.14,614.44,10.08,74.47,738.96,-1.33,1.82,-124.52,mixed_edge
1-6,target_local_win_rank_bucket,1,2323,183,7.88,232300,169900,-62400,73.14,928.42,3.91,69.96,1787.33,3.18,3.97,-858.91,mixed_edge
1-4,stadium_code,04,761,74,9.72,76100,55650,-20450,73.13,752.03,10.08,74.47,738.96,-1.34,-0.36,13.07,mixed_edge
1-4,stadium_code x target_lane,04 | 4,761,74,9.72,76100,55650,-20450,73.13,752.03,10.08,74.47,738.96,-1.34,-0.36,13.07,mixed_edge
1-4,lane1_target_motor_place_diff_bucket,lane1_plus_4_10,2720,276,10.15,272000,198830,-73170,73.1,720.4,10.08,74.47,738.96,-1.37,0.07,-18.56,mixed_edge
1-5,lane1_target_national_rank_pair,3-1,481,64,13.31,48100,35160,-12940,73.1,549.38,6.57,78.41,1193.16,-5.31,6.74,-643.78,mixed_edge
1-5,target_lane x lane1_target_national_rank_pair,5 | 3-1,481,64,13.31,48100,35160,-12940,73.1,549.38,6.57,78.41,1193.16,-5.31,6.74,-643.78,mixed_edge
1-2,stadium_code,16,864,160,18.52,86400,63140,-23260,73.08,394.62,18.99,80.04,421.45,-6.96,-0.47,-26.83,mixed_edge
1-2,stadium_code x target_lane,16 | 2,864,160,18.52,86400,63140,-23260,73.08,394.62,18.99,80.04,421.45,-6.96,-0.47,-26.83,mixed_edge
1-2,lane1_target_boat_place_diff_bucket,target_plus_4_10,2707,489,18.06,270700,197800,-72900,73.07,404.5,18.99,80.04,421.45,-6.97,-0.93,-16.95,mixed_edge
1-2,lane1_target_national_rank_pair,3-1,526,129,24.52,52600,38430,-14170,73.06,297.91,18.99,80.04,421.45,-6.98,5.53,-123.54,mixed_edge
1-2,target_lane x lane1_target_national_rank_pair,2 | 3-1,526,129,24.52,52600,38430,-14170,73.06,297.91,18.99,80.04,421.45,-6.98,5.53,-123.54,mixed_edge
1-3,lane1_target_group_pair x other_a_count_bucket,A-A | 4,1702,326,19.15,170200,124310,-45890,73.04,381.32,15.77,78.64,498.72,-5.6,3.38,-117.4,mixed_edge
1-5,target_class_group x target_outer_pressure_bucket,A | low_other_pressure,589,77,13.07,58900,43010,-15890,73.02,558.57,6.57,78.41,1193.16,-5.39,6.5,-634.59,mixed_edge
1-5,target_exhibition_st_rank_bucket x other_st_faster_than_target_count_bucket,3 | 1,1206,92,7.63,120600,88040,-32560,73.0,956.96,6.57,78.41,1193.16,-5.41,1.06,-236.2,mixed_edge
1-6,lane1_target_exhibition_st_rank_pair,1-3,609,30,4.93,60900,44460,-16440,73.0,1482.0,3.91,69.96,1787.33,3.04,1.02,-305.33,mixed_edge
1-6,lane1_exhibition_st_rank_bucket x target_exhibition_st_rank_bucket,1 | 3,609,30,4.93,60900,44460,-16440,73.0,1482.0,3.91,69.96,1787.33,3.04,1.02,-305.33,mixed_edge
1-6,lane1_target_group_pair x target_outer_pressure_bucket,B-A | some_other_pressure,589,36,6.11,58900,42970,-15930,72.95,1193.61,3.91,69.96,1787.33,2.99,2.2,-593.72,mixed_edge
1-3,lane1_target_start_gap_pair,>0.06-<=0.03,766,100,13.05,76600,55870,-20730,72.94,558.7,15.77,78.64,498.72,-5.7,-2.72,59.98,mixed_edge
1-3,target_lane x lane1_target_start_gap_pair,3 | >0.06-<=0.03,766,100,13.05,76600,55870,-20730,72.94,558.7,15.77,78.64,498.72,-5.7,-2.72,59.98,mixed_edge
1-3,lane1_start_exhibition_gap_bucket x target_start_exhibition_gap_bucket,>0.06 | <=0.03,766,100,13.05,76600,55870,-20730,72.94,558.7,15.77,78.64,498.72,-5.7,-2.72,59.98,mixed_edge
1-4,other_a_count_bucket,2,5080,402,7.91,508000,370460,-137540,72.93,921.54,10.08,74.47,738.96,-1.54,-2.17,182.58,mixed_edge
1-4,target_lane x other_a_count_bucket,4 | 2,5080,402,7.91,508000,370460,-137540,72.93,921.54,10.08,74.47,738.96,-1.54,-2.17,182.58,mixed_edge
1-6,lane1_boat_rank_bucket,1,2743,114,4.16,274300,199950,-74350,72.89,1753.95,3.91,69.96,1787.33,2.93,0.25,-33.38,mixed_edge
1-2,lane1_target_local_win_diff_bucket,target_plus_0.35_1.00,1674,321,19.18,167400,121960,-45440,72.86,379.94,18.99,80.04,421.45,-7.18,0.19,-41.51,mixed_edge
1-2,lane1_target_national_rank_pair,4+-4+,1926,183,9.5,192600,140270,-52330,72.83,766.5,18.99,80.04,421.45,-7.21,-9.49,345.05,mixed_edge
1-2,target_lane x lane1_target_national_rank_pair,2 | 4+-4+,1926,183,9.5,192600,140270,-52330,72.83,766.5,18.99,80.04,421.45,-7.21,-9.49,345.05,mixed_edge
1-2,lane1_target_national_rank_pair x target_outer_pressure_bucket,4+-4+ | high_other_pressure,1926,183,9.5,192600,140270,-52330,72.83,766.5,18.99,80.04,421.45,-7.21,-9.49,345.05,mixed_edge
1-6,target_motor_rank_bucket,3,2506,96,3.83,250600,182370,-68230,72.77,1899.69,3.91,69.96,1787.33,2.81,-0.08,112.36,mixed_edge
1-3,lane1_exhibition_st_rank_bucket,3,2307,338,14.65,230700,167880,-62820,72.77,496.69,15.77,78.64,498.72,-5.87,-1.12,-2.03,mixed_edge
1-5,lane1_target_national_rank_pair x target_outer_pressure_bucket,2-4+ | high_other_pressure,2055,88,4.28,205500,149480,-56020,72.74,1698.64,6.57,78.41,1193.16,-5.67,-2.29,505.48,mixed_edge
1-2,lane1_target_group_pair x other_a_count_bucket,B-B | 0,636,110,17.3,63600,46260,-17340,72.74,420.55,18.99,80.04,421.45,-7.3,-1.69,-0.9,mixed_edge
1-6,lane1_target_start_gap_pair,best-0.04-0.06,885,41,4.63,88500,64370,-24130,72.73,1570.0,3.91,69.96,1787.33,2.77,0.72,-217.33,mixed_edge
1-6,target_lane x lane1_target_start_gap_pair,6 | best-0.04-0.06,885,41,4.63,88500,64370,-24130,72.73,1570.0,3.91,69.96,1787.33,2.77,0.72,-217.33,mixed_edge
1-6,lane1_start_exhibition_gap_bucket x target_start_exhibition_gap_bucket,best | 0.04-0.06,885,41,4.63,88500,64370,-24130,72.73,1570.0,3.91,69.96,1787.33,2.77,0.72,-217.33,mixed_edge
1-6,lane1_target_group_pair x other_a_count_bucket,A-A | 4,1702,54,3.17,170200,123760,-46440,72.71,2291.85,3.91,69.96,1787.33,2.75,-0.74,504.52,mixed_edge
1-5,other_group_pattern,B-A-B-A,901,54,5.99,90100,65500,-24600,72.7,1212.96,6.57,78.41,1193.16,-5.71,-0.58,19.8,mixed_edge
1-3,target_exhibition_rank_bucket,3,2653,439,16.55,265300,192840,-72460,72.69,439.27,15.77,78.64,498.72,-5.95,0.78,-59.45,mixed_edge
1-2,lane1_target_start_exhibition_st_diff_bucket,target_faster_0.06+,1993,316,15.86,199300,144870,-54430,72.69,458.45,18.99,80.04,421.45,-7.35,-3.13,37.0,mixed_edge
1-6,lane1_target_start_gap_pair,0.04-0.06-0.04-0.06,502,21,4.18,50200,36490,-13710,72.69,1737.62,3.91,69.96,1787.33,2.73,0.27,-49.71,mixed_edge
1-6,target_lane x lane1_target_start_gap_pair,6 | 0.04-0.06-0.04-0.06,502,21,4.18,50200,36490,-13710,72.69,1737.62,3.91,69.96,1787.33,2.73,0.27,-49.71,mixed_edge
1-6,lane1_start_exhibition_gap_bucket x target_start_exhibition_gap_bucket,0.04-0.06 | 0.04-0.06,502,21,4.18,50200,36490,-13710,72.69,1737.62,3.91,69.96,1787.33,2.73,0.27,-49.71,mixed_edge
1-3,target_national_win_rank_bucket x other_national_better_than_target_count_bucket,2 | 0,861,231,26.83,86100,62580,-23520,72.68,270.91,15.77,78.64,498.72,-5.96,11.06,-227.81,mixed_edge
1-4,lane1_target_motor_place_diff_bucket,lane1_plus_10+,2466,247,10.02,246600,179180,-67420,72.66,725.43,10.08,74.47,738.96,-1.81,-0.06,-13.53,mixed_edge
1-5,lane1_target_national_rank_pair,2-4+,2058,88,4.28,205800,149480,-56320,72.63,1698.64,6.57,78.41,1193.16,-5.78,-2.29,505.48,mixed_edge
1-5,target_lane x lane1_target_national_rank_pair,5 | 2-4+,2058,88,4.28,205800,149480,-56320,72.63,1698.64,6.57,78.41,1193.16,-5.78,-2.29,505.48,mixed_edge
1-3,other_a_count_bucket,4,1872,341,18.22,187200,135850,-51350,72.57,398.39,15.77,78.64,498.72,-6.07,2.45,-100.33,mixed_edge
1-3,other_group_pattern,A-A-A-A,1872,341,18.22,187200,135850,-51350,72.57,398.39,15.77,78.64,498.72,-6.07,2.45,-100.33,mixed_edge
1-3,target_lane x other_a_count_bucket,3 | 4,1872,341,18.22,187200,135850,-51350,72.57,398.39,15.77,78.64,498.72,-6.07,2.45,-100.33,mixed_edge
1-6,lane1_national_win_rank_bucket,2,3199,156,4.88,319900,232120,-87780,72.56,1487.95,3.91,69.96,1787.33,2.6,0.97,-299.38,mixed_edge
1-6,lane1_target_group_pair x target_outer_pressure_bucket,A-A | high_other_pressure,3261,141,4.32,326100,236560,-89540,72.54,1677.73,3.91,69.96,1787.33,2.58,0.41,-109.6,mixed_edge
1-6,lane1_target_start_gap_pair x target_outer_pressure_bucket,<=0.03-best | some_other_pressure,79,6,7.59,7900,5730,-2170,72.53,955.0,3.91,69.96,1787.33,2.57,3.68,-832.33,mixed_edge
1-4,lane1_boat_rank_bucket,2,2580,259,10.04,258000,187070,-70930,72.51,722.28,10.08,74.47,738.96,-1.96,-0.04,-16.68,mixed_edge
1-2,lane1_target_exhibition_time_diff_bucket x lane1_target_start_exhibition_st_diff_bucket,lane1_faster_0.05_0.10 | lane1_faster_0.06+,663,105,15.84,66300,48070,-18230,72.5,457.81,18.99,80.04,421.45,-7.54,-3.15,36.36,mixed_edge
1-6,lane1_target_start_gap_pair x target_outer_pressure_bucket,>0.06->0.06 | low_other_pressure,64,7,10.94,6400,4640,-1760,72.5,662.86,3.91,69.96,1787.33,2.54,7.03,-1124.47,mixed_edge
1-4,lane1_target_start_gap_pair x target_outer_pressure_bucket,0.04-0.06->0.06 | low_other_pressure,32,6,18.75,3200,2320,-880,72.5,386.67,10.08,74.47,738.96,-1.97,8.67,-352.29,mixed_edge
1-4,target_exhibition_rank_bucket,2,2273,258,11.35,227300,164770,-62530,72.49,638.64,10.08,74.47,738.96,-1.98,1.27,-100.32,mixed_edge
1-5,other_group_pattern,A-B-A-B,924,44,4.76,92400,66980,-25420,72.49,1522.27,6.57,78.41,1193.16,-5.92,-1.81,329.11,mixed_edge
1-6,other_exhibition_faster_than_target_count_bucket,0,3442,181,5.26,344200,249460,-94740,72.48,1378.23,3.91,69.96,1787.33,2.52,1.35,-409.1,mixed_edge
1-4,lane1_target_start_gap_pair,>0.06-<=0.03,981,89,9.07,98100,71070,-27030,72.45,798.54,10.08,74.47,738.96,-2.02,-1.01,59.58,mixed_edge
1-4,target_lane x lane1_target_start_gap_pair,4 | >0.06-<=0.03,981,89,9.07,98100,71070,-27030,72.45,798.54,10.08,74.47,738.96,-2.02,-1.01,59.58,mixed_edge
1-4,lane1_start_exhibition_gap_bucket x target_start_exhibition_gap_bucket,>0.06 | <=0.03,981,89,9.07,98100,71070,-27030,72.45,798.54,10.08,74.47,738.96,-2.02,-1.01,59.58,mixed_edge
1-3,lane1_target_exhibition_time_diff_bucket x lane1_target_start_exhibition_st_diff_bucket,lane1_faster_0.05_0.10 | target_faster_0.06+,526,80,15.21,52600,38110,-14490,72.45,476.38,15.77,78.64,498.72,-6.19,-0.56,-22.34,mixed_edge
1-3,lane1_target_group_pair x other_a_count_bucket,B-B | 0,636,99,15.57,63600,46020,-17580,72.36,464.85,15.77,78.64,498.72,-6.28,-0.2,-33.87,mixed_edge
1-3,race_no_bucket,10-12R,3770,671,17.8,377000,272730,-104270,72.34,406.45,15.77,78.64,498.72,-6.3,2.03,-92.27,mixed_edge
1-3,race_no_bucket x target_lane,10-12R | 3,3770,671,17.8,377000,272730,-104270,72.34,406.45,15.77,78.64,498.72,-6.3,2.03,-92.27,mixed_edge
1-3,lane1_target_group_pair x target_outer_pressure_bucket,B-A | some_other_pressure,688,98,14.24,68800,49740,-19060,72.3,507.55,15.77,78.64,498.72,-6.34,-1.53,8.83,mixed_edge
1-6,lane1_target_national_rank_pair x target_outer_pressure_bucket,4+-2 | some_other_pressure,420,19,4.52,42000,30360,-11640,72.29,1597.89,3.91,69.96,1787.33,2.33,0.61,-189.44,mixed_edge
1-4,target_local_win_rank_bucket,4+,7965,607,7.62,796500,575640,-220860,72.27,948.34,10.08,74.47,738.96,-2.2,-2.46,209.38,mixed_edge
1-6,month,2026-02,4167,151,3.62,416700,301150,-115550,72.27,1994.37,3.91,69.96,1787.33,2.31,-0.29,207.04,mixed_edge
1-5,month,2026-02,4167,273,6.55,416700,301060,-115640,72.25,1102.78,6.57,78.41,1193.16,-6.16,-0.02,-90.38,mixed_edge
1-5,stadium_code,02,659,31,4.7,65900,47610,-18290,72.25,1535.81,6.57,78.41,1193.16,-6.16,-1.87,342.65,mixed_edge
1-5,stadium_code x target_lane,02 | 5,659,31,4.7,65900,47610,-18290,72.25,1535.81,6.57,78.41,1193.16,-6.16,-1.87,342.65,mixed_edge
1-4,lane1_target_national_win_diff_bucket,lane1_plus_1.00+,4886,385,7.88,488600,352950,-135650,72.24,916.75,10.08,74.47,738.96,-2.23,-2.2,177.79,mixed_edge
1-5,lane1_target_start_gap_pair x target_outer_pressure_bucket,<=0.03-<=0.03 | high_other_pressure,664,40,6.02,66400,47960,-18440,72.23,1199.0,6.57,78.41,1193.16,-6.18,-0.55,5.84,mixed_edge
1-5,lane1_exhibition_rank_bucket,4+,4684,276,5.89,468400,338190,-130210,72.2,1225.33,6.57,78.41,1193.16,-6.21,-0.68,32.17,mixed_edge
1-2,lane1_target_start_gap_pair x target_outer_pressure_bucket,<=0.03->0.06 | some_other_pressure,100,22,22.0,10000,7220,-2780,72.2,328.18,18.99,80.04,421.45,-7.84,3.01,-93.27,mixed_edge
1-3,stadium_code,16,864,126,14.58,86400,62320,-24080,72.13,494.6,15.77,78.64,498.72,-6.51,-1.19,-4.12,mixed_edge
1-3,stadium_code x target_lane,16 | 3,864,126,14.58,86400,62320,-24080,72.13,494.6,15.77,78.64,498.72,-6.51,-1.19,-4.12,mixed_edge
1-4,lane1_target_group_pair x other_a_count_bucket,B-B | 3,774,28,3.62,77400,55820,-21580,72.12,1993.57,10.08,74.47,738.96,-2.35,-6.46,1254.61,mixed_edge
1-4,lane1_motor_rank_bucket,3,2499,248,9.92,249900,180210,-69690,72.11,726.65,10.08,74.47,738.96,-2.36,-0.16,-12.31,mixed_edge
1-4,lane1_target_group_pair x target_outer_pressure_bucket,B-B | some_other_pressure,215,18,8.37,21500,15500,-6000,72.09,861.11,10.08,74.47,738.96,-2.38,-1.71,122.15,mixed_edge
1-5,lane1_target_start_gap_pair x target_outer_pressure_bucket,best->0.06 | high_other_pressure,2018,116,5.75,201800,145390,-56410,72.05,1253.36,6.57,78.41,1193.16,-6.36,-0.82,60.2,mixed_edge
1-3,meeting_phase_bucket,day5+,3376,569,16.85,337600,243180,-94420,72.03,427.38,15.77,78.64,498.72,-6.61,1.08,-71.34,mixed_edge
1-3,meeting_phase_bucket x target_lane,day5+ | 3,3376,569,16.85,337600,243180,-94420,72.03,427.38,15.77,78.64,498.72,-6.61,1.08,-71.34,mixed_edge
1-5,lane1_target_national_rank_pair,3-4+,1680,62,3.69,168000,121010,-46990,72.03,1951.77,6.57,78.41,1193.16,-6.38,-2.88,758.61,mixed_edge
1-5,target_lane x lane1_target_national_rank_pair,5 | 3-4+,1680,62,3.69,168000,121010,-46990,72.03,1951.77,6.57,78.41,1193.16,-6.38,-2.88,758.61,mixed_edge
1-5,lane1_target_national_rank_pair x target_outer_pressure_bucket,3-4+ | high_other_pressure,1680,62,3.69,168000,121010,-46990,72.03,1951.77,6.57,78.41,1193.16,-6.38,-2.88,758.61,mixed_edge
1-3,target_outer_pressure_bucket,low_other_pressure,900,211,23.44,90000,64820,-25180,72.02,307.2,15.77,78.64,498.72,-6.62,7.67,-191.52,mixed_edge
1-3,target_lane x target_outer_pressure_bucket,3 | low_other_pressure,900,211,23.44,90000,64820,-25180,72.02,307.2,15.77,78.64,498.72,-6.62,7.67,-191.52,mixed_edge
1-2,other_group_pattern,B-B-A-A,724,123,16.99,72400,52130,-20270,72.0,423.82,18.99,80.04,421.45,-8.04,-2.0,2.37,mixed_edge
1-2,lane1_target_exhibition_time_diff_bucket x lane1_target_start_exhibition_st_diff_bucket,target_faster_0.05_0.10 | lane1_faster_0.03_0.06,318,57,17.92,31800,22890,-8910,71.98,401.58,18.99,80.04,421.45,-8.06,-1.07,-19.87,mixed_edge
1-3,stadium_code,04,761,87,11.43,76100,54770,-21330,71.97,629.54,15.77,78.64,498.72,-6.67,-4.34,130.82,mixed_edge
1-3,stadium_code x target_lane,04 | 3,761,87,11.43,76100,54770,-21330,71.97,629.54,15.77,78.64,498.72,-6.67,-4.34,130.82,mixed_edge
1-5,other_national_better_than_target_count_bucket,4,3560,98,2.75,356000,256140,-99860,71.95,2613.67,6.57,78.41,1193.16,-6.46,-3.82,1420.51,mixed_edge
1-5,target_national_win_rank_bucket x other_national_better_than_target_count_bucket,4+ | 4,3560,98,2.75,356000,256140,-99860,71.95,2613.67,6.57,78.41,1193.16,-6.46,-3.82,1420.51,mixed_edge
1-2,stadium_code,08,558,103,18.46,55800,40150,-15650,71.95,389.81,18.99,80.04,421.45,-8.09,-0.53,-31.64,mixed_edge
1-2,stadium_code x target_lane,08 | 2,558,103,18.46,55800,40150,-15650,71.95,389.81,18.99,80.04,421.45,-8.09,-0.53,-31.64,mixed_edge
1-3,stadium_code,13,752,123,16.36,75200,54090,-21110,71.93,439.76,15.77,78.64,498.72,-6.71,0.59,-58.96,mixed_edge
1-3,stadium_code x target_lane,13 | 3,752,123,16.36,75200,54090,-21110,71.93,439.76,15.77,78.64,498.72,-6.71,0.59,-58.96,mixed_edge
1-5,lane1_target_national_win_diff_bucket,lane1_plus_1.00+,5488,258,4.7,548800,394520,-154280,71.89,1529.15,6.57,78.41,1193.16,-6.52,-1.87,335.99,mixed_edge
1-2,wind_bucket,7+,768,131,17.06,76800,55190,-21610,71.86,421.3,18.99,80.04,421.45,-8.18,-1.93,-0.15,mixed_edge
1-2,lane1_target_national_rank_pair x target_outer_pressure_bucket,3-1 | low_other_pressure,184,48,26.09,18400,13220,-5180,71.85,275.42,18.99,80.04,421.45,-8.19,7.1,-146.03,mixed_edge
1-4,other_b2_count_bucket,0,11041,1064,9.64,1104100,792520,-311580,71.78,744.85,10.08,74.47,738.96,-2.69,-0.44,5.89,mixed_edge
1-4,target_exhibition_rank_bucket x other_exhibition_faster_than_target_count_bucket,2 | 1,1215,120,9.88,121500,87210,-34290,71.78,726.75,10.08,74.47,738.96,-2.69,-0.2,-12.21,mixed_edge
1-4,lane1_target_exhibition_time_diff_bucket x lane1_target_start_exhibition_st_diff_bucket,lane1_faster_0.05_0.10 | target_faster_0.06+,651,54,8.29,65100,46730,-18370,71.78,865.37,10.08,74.47,738.96,-2.69,-1.79,126.41,mixed_edge
1-4,lane1_target_national_rank_pair x target_outer_pressure_bucket,2-1 | high_other_pressure,340,72,21.18,34000,24400,-9600,71.76,338.89,10.08,74.47,738.96,-2.71,11.1,-400.07,mixed_edge
1-6,target_exhibition_st_rank_bucket x other_st_faster_than_target_count_bucket,2 | 0,954,50,5.24,95400,68420,-26980,71.72,1368.4,3.91,69.96,1787.33,1.76,1.33,-418.93,mixed_edge
1-5,target_exhibition_st_rank_bucket x other_st_faster_than_target_count_bucket,2 | 1,1490,88,5.91,149000,106840,-42160,71.7,1214.09,6.57,78.41,1193.16,-6.71,-0.66,20.93,mixed_edge
1-6,lane1_target_start_gap_pair x target_outer_pressure_bucket,>0.06-best | some_other_pressure,178,12,6.74,17800,12760,-5040,71.69,1063.33,3.91,69.96,1787.33,1.73,2.83,-724.0,mixed_edge
1-4,target_class_group x target_outer_pressure_bucket,A | low_other_pressure,758,139,18.34,75800,54330,-21470,71.68,390.86,10.08,74.47,738.96,-2.79,8.26,-348.1,mixed_edge
1-4,race_no_bucket,1-3R,3827,335,8.75,382700,274230,-108470,71.66,818.6,10.08,74.47,738.96,-2.81,-1.33,79.64,mixed_edge
1-4,race_no_bucket x target_lane,1-3R | 4,3827,335,8.75,382700,274230,-108470,71.66,818.6,10.08,74.47,738.96,-2.81,-1.33,79.64,mixed_edge
1-5,lane1_target_exhibition_time_diff_bucket,target_faster_0.10+,779,58,7.45,77900,55810,-22090,71.64,962.24,6.57,78.41,1193.16,-6.77,0.88,-230.92,mixed_edge
1-4,wind_bucket,3-4,5413,546,10.09,541300,387670,-153630,71.62,710.02,10.08,74.47,738.96,-2.85,0.01,-28.94,mixed_edge
1-2,other_b2_count_bucket,3,50,12,24.0,5000,3580,-1420,71.6,298.33,18.99,80.04,421.45,-8.44,5.01,-123.12,mixed_edge
1-6,lane1_local_win_rank_bucket,1,3471,142,4.09,347100,248490,-98610,71.59,1749.93,3.91,69.96,1787.33,1.63,0.18,-37.4,mixed_edge
1-6,lane1_target_local_win_diff_bucket,target_plus_0.35_1.00,1499,82,5.47,149900,107280,-42620,71.57,1308.29,3.91,69.96,1787.33,1.61,1.56,-479.04,mixed_edge
1-2,lane1_target_group_pair x other_a_count_bucket,B-B | 1,890,106,11.91,89000,63700,-25300,71.57,600.94,18.99,80.04,421.45,-8.47,-7.08,179.49,mixed_edge
1-5,lane1_target_national_rank_pair x target_outer_pressure_bucket,2-3 | some_other_pressure,225,23,10.22,22500,16100,-6400,71.56,700.0,6.57,78.41,1193.16,-6.85,3.65,-493.16,mixed_edge
1-4,lane1_target_motor_place_diff_bucket,near_equal,4957,465,9.38,495700,354600,-141100,71.54,762.58,10.08,74.47,738.96,-2.93,-0.7,23.62,mixed_edge
1-3,lane1_target_national_rank_pair,4+-1,1149,170,14.8,114900,82200,-32700,71.54,483.53,15.77,78.64,498.72,-7.1,-0.97,-15.19,mixed_edge
1-3,target_lane x lane1_target_national_rank_pair,3 | 4+-1,1149,170,14.8,114900,82200,-32700,71.54,483.53,15.77,78.64,498.72,-7.1,-0.97,-15.19,mixed_edge
1-4,lane1_target_national_rank_pair x target_outer_pressure_bucket,2-3 | some_other_pressure,274,35,12.77,27400,19590,-7810,71.5,559.71,10.08,74.47,738.96,-2.97,2.69,-179.25,mixed_edge
1-5,lane1_target_exhibition_st_rank_pair,4+-2,1424,77,5.41,142400,101790,-40610,71.48,1321.95,6.57,78.41,1193.16,-6.93,-1.16,128.79,mixed_edge
1-5,lane1_exhibition_st_rank_bucket x target_exhibition_st_rank_bucket,4+ | 2,1424,77,5.41,142400,101790,-40610,71.48,1321.95,6.57,78.41,1193.16,-6.93,-1.16,128.79,mixed_edge
1-4,lane1_boat_rank_bucket,4+,7365,733,9.95,736500,526350,-210150,71.47,718.08,10.08,74.47,738.96,-3.0,-0.13,-20.88,mixed_edge
1-3,lane1_target_national_rank_pair,1-2,856,229,26.75,85600,61180,-24420,71.47,267.16,15.77,78.64,498.72,-7.17,10.98,-231.56,mixed_edge
1-3,target_lane x lane1_target_national_rank_pair,3 | 1-2,856,229,26.75,85600,61180,-24420,71.47,267.16,15.77,78.64,498.72,-7.17,10.98,-231.56,mixed_edge
1-6,lane1_target_start_gap_pair,best->0.06,2558,93,3.64,255800,182700,-73100,71.42,1964.52,3.91,69.96,1787.33,1.46,-0.27,177.19,mixed_edge
1-6,target_lane x lane1_target_start_gap_pair,6 | best->0.06,2558,93,3.64,255800,182700,-73100,71.42,1964.52,3.91,69.96,1787.33,1.46,-0.27,177.19,mixed_edge
1-6,lane1_start_exhibition_gap_bucket x target_start_exhibition_gap_bucket,best | >0.06,2558,93,3.64,255800,182700,-73100,71.42,1964.52,3.91,69.96,1787.33,1.46,-0.27,177.19,mixed_edge
1-6,wave_bucket,5-9,2226,84,3.77,222600,158930,-63670,71.4,1892.02,3.91,69.96,1787.33,1.44,-0.14,104.69,mixed_edge
1-3,lane1_target_start_gap_pair x target_outer_pressure_bucket,>0.06-<=0.03 | low_other_pressure,43,7,16.28,4300,3070,-1230,71.4,438.57,15.77,78.64,498.72,-7.24,0.51,-60.15,mixed_edge
1-4,target_national_win_rank_bucket,4+,7922,541,6.83,792200,565340,-226860,71.36,1044.99,10.08,74.47,738.96,-3.11,-3.25,306.03,mixed_edge
1-6,other_b2_count_bucket,1,2831,156,5.51,283100,202010,-81090,71.36,1294.94,3.91,69.96,1787.33,1.4,1.6,-492.39,mixed_edge
1-4,lane1_target_local_win_diff_bucket,lane1_plus_1.00+,5880,517,8.79,588000,419420,-168580,71.33,811.26,10.08,74.47,738.96,-3.14,-1.29,72.3,mixed_edge
1-5,lane1_target_national_rank_pair x target_outer_pressure_bucket,3-2 | some_other_pressure,203,20,9.85,20300,14470,-5830,71.28,723.5,6.57,78.41,1193.16,-7.13,3.28,-469.66,mixed_edge
1-5,target_exhibition_rank_bucket x other_exhibition_faster_than_target_count_bucket,2 | 1,1165,81,6.95,116500,83010,-33490,71.25,1024.81,6.57,78.41,1193.16,-7.16,0.38,-168.35,mixed_edge
1-6,lane1_target_start_gap_pair x target_outer_pressure_bucket,>0.06-0.04-0.06 | some_other_pressure,91,6,6.59,9100,6480,-2620,71.21,1080.0,3.91,69.96,1787.33,1.25,2.68,-707.33,mixed_edge
1-3,target_exhibition_st_rank_bucket,4+,6736,930,13.81,673600,479600,-194000,71.2,515.7,15.77,78.64,498.72,-7.44,-1.96,16.98,mixed_edge
1-3,target_lane x target_exhibition_st_rank_bucket,3 | 4+,6736,930,13.81,673600,479600,-194000,71.2,515.7,15.77,78.64,498.72,-7.44,-1.96,16.98,mixed_edge
1-4,lane1_target_exhibition_time_diff_bucket,target_faster_0.10+,831,71,8.54,83100,59160,-23940,71.19,833.24,10.08,74.47,738.96,-3.28,-1.54,94.28,mixed_edge
1-5,lane1_motor_rank_bucket,4+,7269,445,6.12,726900,517330,-209570,71.17,1162.54,6.57,78.41,1193.16,-7.24,-0.45,-30.62,mixed_edge
1-2,other_group_pattern,B-A-A-B,754,118,15.65,75400,53660,-21740,71.17,454.75,18.99,80.04,421.45,-8.87,-3.34,33.3,mixed_edge
1-4,lane1_target_group_pair x other_a_count_bucket,A-A | 1,991,179,18.06,99100,70510,-28590,71.15,393.91,10.08,74.47,738.96,-3.32,7.98,-345.05,mixed_edge
1-6,lane1_motor_rank_bucket,2,2567,99,3.86,256700,182500,-74200,71.09,1843.43,3.91,69.96,1787.33,1.13,-0.05,56.1,mixed_edge
1-6,other_group_pattern,B-A-B-B,1253,73,5.83,125300,89060,-36240,71.08,1220.0,3.91,69.96,1787.33,1.12,1.92,-567.33,mixed_edge
1-6,lane1_exhibition_st_rank_bucket,3,2307,100,4.33,230700,163960,-66740,71.07,1639.6,3.91,69.96,1787.33,1.11,0.42,-147.73,mixed_edge
1-6,wind_bucket,0-2,6932,275,3.97,693200,492480,-200720,71.04,1790.84,3.91,69.96,1787.33,1.08,0.06,3.51,mixed_edge
1-4,other_national_better_than_target_count_bucket,3,3071,199,6.48,307100,218150,-88950,71.04,1096.23,10.08,74.47,738.96,-3.43,-3.6,357.27,mixed_edge
1-4,target_national_win_rank_bucket x other_national_better_than_target_count_bucket,4+ | 3,3071,199,6.48,307100,218150,-88950,71.04,1096.23,10.08,74.47,738.96,-3.43,-3.6,357.27,mixed_edge
1-2,lane1_target_start_gap_pair x target_outer_pressure_bucket,>0.06->0.06 | low_other_pressure,147,35,23.81,14700,10440,-4260,71.02,298.29,18.99,80.04,421.45,-9.02,4.82,-123.16,mixed_edge
1-6,lane1_class,B1,5810,198,3.41,581000,412560,-168440,71.01,2083.64,3.91,69.96,1787.33,1.05,-0.5,296.31,mixed_edge
1-6,lane1_exhibition_st_rank_bucket,4+,5828,211,3.62,582800,413700,-169100,70.98,1960.66,3.91,69.96,1787.33,1.02,-0.29,173.33,mixed_edge
1-4,lane1_target_national_rank_pair x target_outer_pressure_bucket,1-4+ | high_other_pressure,2154,209,9.7,215400,152820,-62580,70.95,731.2,10.08,74.47,738.96,-3.52,-0.38,-7.76,mixed_edge
1-4,lane1_motor_rank_bucket,4+,7269,684,9.41,726900,515460,-211440,70.91,753.6,10.08,74.47,738.96,-3.56,-0.67,14.64,mixed_edge
1-2,other_group_pattern,B-A-B-A,965,157,16.27,96500,68390,-28110,70.87,435.61,18.99,80.04,421.45,-9.17,-2.72,14.16,mixed_edge
1-4,wind_bucket,5-6,2088,174,8.33,208800,147960,-60840,70.86,850.34,10.08,74.47,738.96,-3.61,-1.75,111.38,mixed_edge
1-4,lane1_target_national_rank_pair,1-4+,2162,210,9.71,216200,153160,-63040,70.84,729.33,10.08,74.47,738.96,-3.63,-0.37,-9.63,mixed_edge
1-4,target_lane x lane1_target_national_rank_pair,4 | 1-4+,2162,210,9.71,216200,153160,-63040,70.84,729.33,10.08,74.47,738.96,-3.63,-0.37,-9.63,mixed_edge
1-5,lane1_target_group_pair x target_outer_pressure_bucket,B-A | low_other_pressure,257,27,10.51,25700,18200,-7500,70.82,674.07,6.57,78.41,1193.16,-7.59,3.94,-519.09,mixed_edge
1-4,stadium_code,01,666,48,7.21,66600,47150,-19450,70.8,982.29,10.08,74.47,738.96,-3.67,-2.87,243.33,mixed_edge
1-4,stadium_code x target_lane,01 | 4,666,48,7.21,66600,47150,-19450,70.8,982.29,10.08,74.47,738.96,-3.67,-2.87,243.33,mixed_edge
1-5,target_class_group x target_outer_pressure_bucket,B | some_other_pressure,457,45,9.85,45700,32350,-13350,70.79,718.89,6.57,78.41,1193.16,-7.62,3.28,-474.27,mixed_edge
1-6,lane1_target_group_pair x other_a_count_bucket,B-A | 4,39,2,5.13,3900,2760,-1140,70.77,1380.0,3.91,69.96,1787.33,0.81,1.22,-407.33,mixed_edge
1-4,lane1_local_win_rank_bucket,1,3471,415,11.96,347100,245570,-101530,70.75,591.73,10.08,74.47,738.96,-3.72,1.88,-147.23,mixed_edge
1-5,target_boat_rank_bucket,1,2456,155,6.31,245600,173760,-71840,70.75,1121.03,6.57,78.41,1193.16,-7.66,-0.26,-72.13,mixed_edge
1-6,other_st_faster_than_target_count_bucket,2,2792,99,3.55,279200,197350,-81850,70.68,1993.43,3.91,69.96,1787.33,0.72,-0.36,206.1,mixed_edge
1-5,stadium_code,16,864,54,6.25,86400,61050,-25350,70.66,1130.56,6.57,78.41,1193.16,-7.75,-0.32,-62.6,mixed_edge
1-5,stadium_code x target_lane,16 | 5,864,54,6.25,86400,61050,-25350,70.66,1130.56,6.57,78.41,1193.16,-7.75,-0.32,-62.6,mixed_edge
1-4,lane1_target_exhibition_time_diff_bucket x lane1_target_start_exhibition_st_diff_bucket,target_faster_0.10+ | lane1_faster_0.03_0.06,124,7,5.65,12400,8760,-3640,70.65,1251.43,10.08,74.47,738.96,-3.82,-4.43,512.47,mixed_edge
1-2,stadium_code,19,680,128,18.82,68000,48030,-19970,70.63,375.23,18.99,80.04,421.45,-9.41,-0.17,-46.22,mixed_edge
1-2,stadium_code x target_lane,19 | 2,680,128,18.82,68000,48030,-19970,70.63,375.23,18.99,80.04,421.45,-9.41,-0.17,-46.22,mixed_edge
1-5,target_start_exhibition_gap_bucket,>0.06,5877,332,5.65,587700,414870,-172830,70.59,1249.61,6.57,78.41,1193.16,-7.82,-0.92,56.45,mixed_edge
1-5,target_lane x target_start_exhibition_gap_bucket,5 | >0.06,5877,332,5.65,587700,414870,-172830,70.59,1249.61,6.57,78.41,1193.16,-7.82,-0.92,56.45,mixed_edge
1-6,target_exhibition_rank_bucket x other_exhibition_faster_than_target_count_bucket,4+ | 1,598,20,3.34,59800,42210,-17590,70.59,2110.5,3.91,69.96,1787.33,0.63,-0.57,323.17,mixed_edge
1-6,lane1_start_exhibition_gap_bucket,0.04-0.06,2760,117,4.24,276000,194800,-81200,70.58,1664.96,3.91,69.96,1787.33,0.62,0.33,-122.37,mixed_edge
1-4,lane1_class,A2,4272,459,10.74,427200,301330,-125870,70.54,656.49,10.08,74.47,738.96,-3.93,0.66,-82.47,mixed_edge
1-6,lane1_target_start_gap_pair,<=0.03-<=0.03,668,28,4.19,66800,47110,-19690,70.52,1682.5,3.91,69.96,1787.33,0.56,0.28,-104.83,mixed_edge
1-6,target_lane x lane1_target_start_gap_pair,6 | <=0.03-<=0.03,668,28,4.19,66800,47110,-19690,70.52,1682.5,3.91,69.96,1787.33,0.56,0.28,-104.83,mixed_edge
1-6,lane1_start_exhibition_gap_bucket x target_start_exhibition_gap_bucket,<=0.03 | <=0.03,668,28,4.19,66800,47110,-19690,70.52,1682.5,3.91,69.96,1787.33,0.56,0.28,-104.83,mixed_edge
1-4,lane1_exhibition_rank_bucket,4+,4684,398,8.5,468400,330280,-138120,70.51,829.85,10.08,74.47,738.96,-3.96,-1.58,90.89,mixed_edge
1-6,wind_bucket,7+,768,32,4.17,76800,54150,-22650,70.51,1692.19,3.91,69.96,1787.33,0.55,0.26,-95.14,mixed_edge
1-5,lane1_target_national_rank_pair x target_outer_pressure_bucket,4+-2 | high_other_pressure,626,30,4.79,62600,44130,-18470,70.5,1471.0,6.57,78.41,1193.16,-7.91,-1.78,277.84,mixed_edge
1-4,lane1_target_start_gap_pair x target_outer_pressure_bucket,<=0.03-<=0.03 | low_other_pressure,41,11,26.83,4100,2890,-1210,70.49,262.73,10.08,74.47,738.96,-3.98,16.75,-476.23,mixed_edge
1-6,grade_group,一般,14058,556,3.96,1405800,990570,-415230,70.46,1781.6,3.91,69.96,1787.33,0.5,0.05,-5.73,mixed_edge
1-2,lane1_target_exhibition_time_diff_bucket,target_faster_0.05_0.10,1927,325,16.87,192700,135750,-56950,70.45,417.69,18.99,80.04,421.45,-9.59,-2.12,-3.76,mixed_edge
1-5,lane1_target_start_gap_pair,0.04-0.06-best,625,43,6.88,62500,44030,-18470,70.45,1023.95,6.57,78.41,1193.16,-7.96,0.31,-169.21,mixed_edge
1-5,target_lane x lane1_target_start_gap_pair,5 | 0.04-0.06-best,625,43,6.88,62500,44030,-18470,70.45,1023.95,6.57,78.41,1193.16,-7.96,0.31,-169.21,mixed_edge
1-5,lane1_start_exhibition_gap_bucket x target_start_exhibition_gap_bucket,0.04-0.06 | best,625,43,6.88,62500,44030,-18470,70.45,1023.95,6.57,78.41,1193.16,-7.96,0.31,-169.21,mixed_edge
1-4,lane1_exhibition_st_rank_bucket,3,2307,230,9.97,230700,162500,-68200,70.44,706.52,10.08,74.47,738.96,-4.03,-0.11,-32.44,mixed_edge
1-6,other_b2_count_bucket,0,12022,422,3.51,1202200,846610,-355590,70.42,2006.18,3.91,69.96,1787.33,0.46,-0.4,218.85,mixed_edge
1-3,other_group_pattern,B-B-B-A,1142,202,17.69,114200,80400,-33800,70.4,398.02,15.77,78.64,498.72,-8.24,1.92,-100.7,mixed_edge
1-3,other_group_pattern,B-B-A-B,991,164,16.55,99100,69770,-29330,70.4,425.43,15.77,78.64,498.72,-8.24,0.78,-73.29,mixed_edge
1-6,lane1_target_exhibition_time_diff_bucket,near_equal,6774,275,4.06,677400,476730,-200670,70.38,1733.56,3.91,69.96,1787.33,0.42,0.15,-53.77,mixed_edge
1-5,lane1_target_motor_place_diff_bucket,near_equal,5102,305,5.98,510200,359050,-151150,70.37,1177.21,6.57,78.41,1193.16,-8.04,-0.59,-15.95,mixed_edge
1-4,month,2026-03,4647,438,9.43,464700,326950,-137750,70.36,746.46,10.08,74.47,738.96,-4.11,-0.65,7.5,mixed_edge
1-4,lane1_target_start_gap_pair x target_outer_pressure_bucket,0.04-0.06-<=0.03 | high_other_pressure,531,46,8.66,53100,37350,-15750,70.34,811.96,10.08,74.47,738.96,-4.13,-1.42,73.0,mixed_edge
1-3,grade_group,G1,659,112,17.0,65900,46330,-19570,70.3,413.66,15.77,78.64,498.72,-8.34,1.23,-85.06,mixed_edge
1-4,lane1_target_exhibition_st_rank_pair,2-4+,1566,161,10.28,156600,110080,-46520,70.29,683.73,10.08,74.47,738.96,-4.18,0.2,-55.23,mixed_edge
1-4,lane1_exhibition_st_rank_bucket x target_exhibition_st_rank_bucket,2 | 4+,1566,161,10.28,156600,110080,-46520,70.29,683.73,10.08,74.47,738.96,-4.18,0.2,-55.23,mixed_edge
1-4,lane1_national_win_rank_bucket,1,3740,487,13.02,374000,262710,-111290,70.24,539.45,10.08,74.47,738.96,-4.23,2.94,-199.51,mixed_edge
1-6,lane1_target_start_exhibition_st_diff_bucket,near_equal,3492,151,4.32,349200,245240,-103960,70.23,1624.11,3.91,69.96,1787.33,0.27,0.41,-163.22,mixed_edge
1-6,lane1_class_group,B,6217,213,3.43,621700,436510,-185190,70.21,2049.34,3.91,69.96,1787.33,0.25,-0.48,262.01,mixed_edge
1-4,target_exhibition_rank_bucket x other_exhibition_faster_than_target_count_bucket,3 | 0,178,27,15.17,17800,12490,-5310,70.17,462.59,10.08,74.47,738.96,-4.3,5.09,-276.37,mixed_edge
1-4,lane1_target_group_pair x other_a_count_bucket,B-A | 1,903,95,10.52,90300,63330,-26970,70.13,666.63,10.08,74.47,738.96,-4.34,0.44,-72.33,mixed_edge
1-3,lane1_start_exhibition_gap_bucket,0.04-0.06,2760,410,14.86,276000,193500,-82500,70.11,471.95,15.77,78.64,498.72,-8.53,-0.91,-26.77,mixed_edge
1-5,lane1_target_exhibition_st_rank_pair,2-1,356,24,6.74,35600,24940,-10660,70.06,1039.17,6.57,78.41,1193.16,-8.35,0.17,-153.99,mixed_edge
1-5,lane1_exhibition_st_rank_bucket x target_exhibition_st_rank_bucket,2 | 1,356,24,6.74,35600,24940,-10660,70.06,1039.17,6.57,78.41,1193.16,-8.35,0.17,-153.99,mixed_edge
1-6,stadium_code,06,740,33,4.46,74000,51840,-22160,70.05,1570.91,3.91,69.96,1787.33,0.09,0.55,-216.42,mixed_edge
1-6,stadium_code x target_lane,06 | 6,740,33,4.46,74000,51840,-22160,70.05,1570.91,3.91,69.96,1787.33,0.09,0.55,-216.42,mixed_edge
1-6,wave_bucket,0-4,12800,505,3.95,1280000,896500,-383500,70.04,1775.25,3.91,69.96,1787.33,0.08,0.04,-12.08,mixed_edge
1-4,target_class,A2,3525,394,11.18,352500,246800,-105700,70.01,626.4,10.08,74.47,738.96,-4.46,1.1,-112.56,mixed_edge
1-5,lane1_target_start_gap_pair x target_outer_pressure_bucket,best-best | high_other_pressure,178,11,6.18,17800,12460,-5340,70.0,1132.73,6.57,78.41,1193.16,-8.41,-0.39,-60.43,mixed_edge
1-6,lane1_target_start_gap_pair x target_outer_pressure_bucket,best->0.06 | high_other_pressure,2176,61,2.8,217600,152300,-65300,69.99,2496.72,3.91,69.96,1787.33,0.03,-1.11,709.39,mixed_edge
1-6,target_lane,6,15201,595,3.91,1520100,1063460,-456640,69.96,1787.33,3.91,69.96,1787.33,0.0,0.0,0.0,mixed_edge
1-6,target_lane_zone,outer_5_6,15201,595,3.91,1520100,1063460,-456640,69.96,1787.33,3.91,69.96,1787.33,0.0,0.0,0.0,mixed_edge
1-5,lane1_exhibition_st_rank_bucket,4+,5828,319,5.47,582800,407750,-175050,69.96,1278.21,6.57,78.41,1193.16,-8.45,-1.1,85.05,mixed_edge
1-4,lane1_target_national_win_diff_bucket,lane1_plus_0.35_1.00,2767,283,10.23,276700,193540,-83160,69.95,683.89,10.08,74.47,738.96,-4.52,0.15,-55.07,mixed_edge
1-3,other_group_pattern,B-A-A-A,275,32,11.64,27500,19230,-8270,69.93,600.94,15.77,78.64,498.72,-8.71,-4.13,102.22,mixed_edge
1-4,other_national_better_than_target_count_bucket,4,2974,156,5.25,297400,207900,-89500,69.91,1332.69,10.08,74.47,738.96,-4.56,-4.83,593.73,mixed_edge
1-4,target_national_win_rank_bucket x other_national_better_than_target_count_bucket,4+ | 4,2974,156,5.25,297400,207900,-89500,69.91,1332.69,10.08,74.47,738.96,-4.56,-4.83,593.73,mixed_edge
1-4,lane1_target_exhibition_st_rank_pair,4+-2,1246,122,9.79,124600,87010,-37590,69.83,713.2,10.08,74.47,738.96,-4.64,-0.29,-25.76,mixed_edge
1-4,lane1_exhibition_st_rank_bucket x target_exhibition_st_rank_bucket,4+ | 2,1246,122,9.79,124600,87010,-37590,69.83,713.2,10.08,74.47,738.96,-4.64,-0.29,-25.76,mixed_edge
1-6,lane1_class_group,A,8984,382,4.25,898400,626950,-271450,69.79,1641.23,3.91,69.96,1787.33,-0.17,0.34,-146.1,mixed_edge
1-5,other_b2_count_bucket,2,423,35,8.27,42300,29510,-12790,69.76,843.14,6.57,78.41,1193.16,-8.65,1.7,-350.02,mixed_edge
1-4,target_exhibition_st_rank_bucket,4+,7658,707,9.23,765800,534120,-231680,69.75,755.47,10.08,74.47,738.96,-4.72,-0.85,16.51,mixed_edge
1-4,target_lane x target_exhibition_st_rank_bucket,4 | 4+,7658,707,9.23,765800,534120,-231680,69.75,755.47,10.08,74.47,738.96,-4.72,-0.85,16.51,mixed_edge
1-6,lane1_target_motor_place_diff_bucket,near_equal,5039,201,3.99,503900,351450,-152450,69.75,1748.51,3.91,69.96,1787.33,-0.21,0.08,-38.82,mixed_edge
1-3,lane1_target_group_pair x other_a_count_bucket,A-A | 1,1037,251,24.2,103700,72280,-31420,69.7,287.97,15.77,78.64,498.72,-8.94,8.43,-210.75,mixed_edge
1-4,target_national_win_rank_bucket x other_national_better_than_target_count_bucket,3 | 1,1389,184,13.25,138900,96780,-42120,69.68,525.98,10.08,74.47,738.96,-4.79,3.17,-212.98,mixed_edge
1-5,race_no_bucket,7-9R,3782,224,5.92,378200,263400,-114800,69.65,1175.89,6.57,78.41,1193.16,-8.76,-0.65,-17.27,mixed_edge
1-5,race_no_bucket x target_lane,7-9R | 5,3782,224,5.92,378200,263400,-114800,69.65,1175.89,6.57,78.41,1193.16,-8.76,-0.65,-17.27,mixed_edge
1-2,lane1_target_national_rank_pair,4+-3,1196,146,12.21,119600,83190,-36410,69.56,569.79,18.99,80.04,421.45,-10.48,-6.78,148.34,mixed_edge
1-2,target_lane x lane1_target_national_rank_pair,2 | 4+-3,1196,146,12.21,119600,83190,-36410,69.56,569.79,18.99,80.04,421.45,-10.48,-6.78,148.34,mixed_edge
1-2,lane1_target_national_rank_pair x target_outer_pressure_bucket,4+-3 | high_other_pressure,1196,146,12.21,119600,83190,-36410,69.56,569.79,18.99,80.04,421.45,-10.48,-6.78,148.34,mixed_edge
1-2,target_national_win_rank_bucket x other_national_better_than_target_count_bucket,3 | 2,1196,146,12.21,119600,83190,-36410,69.56,569.79,18.99,80.04,421.45,-10.48,-6.78,148.34,mixed_edge
1-2,lane1_target_exhibition_st_rank_pair,2-4+,1102,196,17.79,110200,76660,-33540,69.56,391.12,18.99,80.04,421.45,-10.48,-1.2,-30.33,mixed_edge
1-2,lane1_exhibition_st_rank_bucket x target_exhibition_st_rank_bucket,2 | 4+,1102,196,17.79,110200,76660,-33540,69.56,391.12,18.99,80.04,421.45,-10.48,-1.2,-30.33,mixed_edge
1-5,lane1_target_local_win_diff_bucket,lane1_plus_1.00+,6227,324,5.2,622700,433030,-189670,69.54,1336.51,6.57,78.41,1193.16,-8.87,-1.37,143.35,mixed_edge
1-5,lane1_target_national_win_diff_bucket,lane1_plus_0.35_1.00,2677,171,6.39,267700,186170,-81530,69.54,1088.71,6.57,78.41,1193.16,-8.87,-0.18,-104.45,mixed_edge
1-2,lane1_target_group_pair x target_outer_pressure_bucket,B-B | low_other_pressure,60,12,20.0,6000,4170,-1830,69.5,347.5,18.99,80.04,421.45,-10.54,1.01,-73.95,mixed_edge
1-4,lane1_target_group_pair x target_outer_pressure_bucket,A-A | low_other_pressure,468,102,21.79,46800,32520,-14280,69.49,318.82,10.08,74.47,738.96,-4.98,11.71,-420.14,mixed_edge
1-4,target_exhibition_st_rank_bucket x other_st_faster_than_target_count_bucket,2 | 1,1416,137,9.68,141600,98340,-43260,69.45,717.81,10.08,74.47,738.96,-5.02,-0.4,-21.15,mixed_edge
1-5,lane1_target_group_pair x other_a_count_bucket,B-B | 3,791,19,2.4,79100,54890,-24210,69.39,2888.95,6.57,78.41,1193.16,-9.02,-4.17,1695.79,mixed_edge
1-2,lane1_target_start_gap_pair,<=0.03-0.04-0.06,650,119,18.31,65000,45100,-19900,69.38,378.99,18.99,80.04,421.45,-10.66,-0.68,-42.46,mixed_edge
1-2,target_lane x lane1_target_start_gap_pair,2 | <=0.03-0.04-0.06,650,119,18.31,65000,45100,-19900,69.38,378.99,18.99,80.04,421.45,-10.66,-0.68,-42.46,mixed_edge
1-2,lane1_start_exhibition_gap_bucket x target_start_exhibition_gap_bucket,<=0.03 | 0.04-0.06,650,119,18.31,65000,45100,-19900,69.38,378.99,18.99,80.04,421.45,-10.66,-0.68,-42.46,mixed_edge
1-4,race_no_bucket,4-6R,3822,351,9.18,382200,265060,-117140,69.35,755.16,10.08,74.47,738.96,-5.12,-0.9,16.2,mixed_edge
1-4,race_no_bucket x target_lane,4-6R | 4,3822,351,9.18,382200,265060,-117140,69.35,755.16,10.08,74.47,738.96,-5.12,-0.9,16.2,mixed_edge
1-5,lane1_target_exhibition_time_diff_bucket,target_faster_0.05_0.10,1573,117,7.44,157300,109030,-48270,69.31,931.88,6.57,78.41,1193.16,-9.1,0.87,-261.28,mixed_edge
1-6,target_boat_rank_bucket,4+,7917,322,4.07,791700,548660,-243040,69.3,1703.91,3.91,69.96,1787.33,-0.66,0.16,-83.42,mixed_edge
1-4,meeting_phase_bucket,day3-4,5336,505,9.46,533600,369620,-163980,69.27,731.92,10.08,74.47,738.96,-5.2,-0.62,-7.04,mixed_edge
1-4,meeting_phase_bucket x target_lane,day3-4 | 4,5336,505,9.46,533600,369620,-163980,69.27,731.92,10.08,74.47,738.96,-5.2,-0.62,-7.04,mixed_edge
1-3,other_group_pattern,A-A-A-B,596,75,12.58,59600,41280,-18320,69.26,550.4,15.77,78.64,498.72,-9.38,-3.19,51.68,mixed_edge
1-6,lane1_target_group_pair x other_a_count_bucket,A-B | 1,1370,42,3.07,137000,94830,-42170,69.22,2257.86,3.91,69.96,1787.33,-0.74,-0.84,470.53,mixed_edge
1-4,lane1_target_exhibition_time_diff_bucket,lane1_faster_0.10+,2199,194,8.82,219900,152090,-67810,69.16,783.97,10.08,74.47,738.96,-5.31,-1.26,45.01,mixed_edge
1-5,other_group_pattern,B-A-A-B,733,34,4.64,73300,50690,-22610,69.15,1490.88,6.57,78.41,1193.16,-9.26,-1.93,297.72,mixed_edge
1-6,lane1_target_group_pair x other_a_count_bucket,A-B | 3,670,12,1.79,67000,46330,-20670,69.15,3860.83,3.91,69.96,1787.33,-0.81,-2.12,2073.5,mixed_edge
1-3,lane1_target_class_pair,B1-B2,247,18,7.29,24700,17080,-7620,69.15,948.89,15.77,78.64,498.72,-9.49,-8.48,450.17,mixed_edge
1-3,lane1_target_national_rank_pair x target_outer_pressure_bucket,4+-2 | some_other_pressure,551,68,12.34,55100,38090,-17010,69.13,560.15,15.77,78.64,498.72,-9.51,-3.43,61.43,mixed_edge
1-4,lane1_target_local_win_diff_bucket,near_equal,2238,233,10.41,223800,154550,-69250,69.06,663.3,10.08,74.47,738.96,-5.41,0.33,-75.66,mixed_edge
1-4,other_a_count_bucket,0,2215,299,13.5,221500,152950,-68550,69.05,511.54,10.08,74.47,738.96,-5.42,3.42,-227.42,mixed_edge
1-4,other_group_pattern,B-B-B-B,2215,299,13.5,221500,152950,-68550,69.05,511.54,10.08,74.47,738.96,-5.42,3.42,-227.42,mixed_edge
1-4,target_lane x other_a_count_bucket,4 | 0,2215,299,13.5,221500,152950,-68550,69.05,511.54,10.08,74.47,738.96,-5.42,3.42,-227.42,mixed_edge
1-2,lane1_target_start_gap_pair x target_outer_pressure_bucket,0.04-0.06-0.04-0.06 | low_other_pressure,31,8,25.81,3100,2140,-960,69.03,267.5,18.99,80.04,421.45,-11.01,6.82,-153.95,mixed_edge
1-6,lane1_target_boat_place_diff_bucket,near_equal,6059,239,3.94,605900,418200,-187700,69.02,1749.79,3.91,69.96,1787.33,-0.94,0.03,-37.54,mixed_edge
1-4,target_boat_rank_bucket,2,2437,233,9.56,243700,168060,-75640,68.96,721.29,10.08,74.47,738.96,-5.51,-0.52,-17.67,mixed_edge
1-3,lane1_target_motor_place_diff_bucket,target_plus_4_10,2587,388,15.0,258700,178350,-80350,68.94,459.66,15.77,78.64,498.72,-9.7,-0.77,-39.06,mixed_edge
1-5,lane1_local_win_rank_bucket,3,2620,165,6.3,262000,180550,-81450,68.91,1094.24,6.57,78.41,1193.16,-9.5,-0.27,-98.92,mixed_edge
1-3,wind_bucket,7+,768,91,11.85,76800,52920,-23880,68.91,581.54,15.77,78.64,498.72,-9.73,-3.92,82.82,mixed_edge
1-4,lane1_target_start_gap_pair x target_outer_pressure_bucket,best->0.06 | high_other_pressure,1798,139,7.73,179800,123890,-55910,68.9,891.29,10.08,74.47,738.96,-5.57,-2.35,152.33,mixed_edge
1-2,lane1_target_exhibition_time_diff_bucket x lane1_target_start_exhibition_st_diff_bucket,lane1_faster_0.10+ | lane1_faster_0.06+,401,65,16.21,40100,27630,-12470,68.9,425.08,18.99,80.04,421.45,-11.14,-2.78,3.63,mixed_edge
1-4,stadium_code,02,659,56,8.5,65900,45390,-20510,68.88,810.54,10.08,74.47,738.96,-5.59,-1.58,71.58,mixed_edge
1-4,stadium_code x target_lane,02 | 4,659,56,8.5,65900,45390,-20510,68.88,810.54,10.08,74.47,738.96,-5.59,-1.58,71.58,mixed_edge
1-5,stadium_code,11,600,39,6.5,60000,41320,-18680,68.87,1059.49,6.57,78.41,1193.16,-9.54,-0.07,-133.67,mixed_edge
1-5,stadium_code x target_lane,11 | 5,600,39,6.5,60000,41320,-18680,68.87,1059.49,6.57,78.41,1193.16,-9.54,-0.07,-133.67,mixed_edge
1-2,lane1_target_start_gap_pair x target_outer_pressure_bucket,0.04-0.06-best | some_other_pressure,123,30,24.39,12300,8470,-3830,68.86,282.33,18.99,80.04,421.45,-11.18,5.4,-139.12,mixed_edge
1-6,lane1_target_exhibition_time_diff_bucket x lane1_target_start_exhibition_st_diff_bucket,target_faster_0.10+ | lane1_faster_0.06+,260,12,4.62,26000,17880,-8120,68.77,1490.0,3.91,69.96,1787.33,-1.19,0.71,-297.33,mixed_edge
1-2,target_exhibition_st_rank_bucket,4+,7164,1136,15.86,716400,492390,-224010,68.73,433.44,18.99,80.04,421.45,-11.31,-3.13,11.99,mixed_edge
1-2,target_lane x target_exhibition_st_rank_bucket,2 | 4+,7164,1136,15.86,716400,492390,-224010,68.73,433.44,18.99,80.04,421.45,-11.31,-3.13,11.99,mixed_edge
1-4,lane1_target_exhibition_time_diff_bucket x lane1_target_start_exhibition_st_diff_bucket,target_faster_0.10+ | lane1_faster_0.06+,226,24,10.62,22600,15530,-7070,68.72,647.08,10.08,74.47,738.96,-5.75,0.54,-91.88,mixed_edge
1-2,lane1_target_exhibition_st_rank_pair,4+-3,908,143,15.75,90800,62390,-28410,68.71,436.29,18.99,80.04,421.45,-11.33,-3.24,14.84,mixed_edge
1-2,lane1_exhibition_st_rank_bucket x target_exhibition_st_rank_bucket,4+ | 3,908,143,15.75,90800,62390,-28410,68.71,436.29,18.99,80.04,421.45,-11.33,-3.24,14.84,mixed_edge
1-5,stadium_code,20,581,33,5.68,58100,39900,-18200,68.67,1209.09,6.57,78.41,1193.16,-9.74,-0.89,15.93,mixed_edge
1-5,stadium_code x target_lane,20 | 5,581,33,5.68,58100,39900,-18200,68.67,1209.09,6.57,78.41,1193.16,-9.74,-0.89,15.93,mixed_edge
1-3,lane1_target_start_gap_pair x target_outer_pressure_bucket,<=0.03->0.06 | some_other_pressure,97,19,19.59,9700,6660,-3040,68.66,350.53,15.77,78.64,498.72,-9.98,3.82,-148.19,mixed_edge
1-5,stadium_code,07,766,42,5.48,76600,52560,-24040,68.62,1251.43,6.57,78.41,1193.16,-9.79,-1.09,58.27,mixed_edge
1-5,stadium_code x target_lane,07 | 5,766,42,5.48,76600,52560,-24040,68.62,1251.43,6.57,78.41,1193.16,-9.79,-1.09,58.27,mixed_edge
1-4,lane1_target_national_rank_pair x target_outer_pressure_bucket,3-2 | high_other_pressure,294,33,11.22,29400,20170,-9230,68.61,611.21,10.08,74.47,738.96,-5.86,1.14,-127.75,mixed_edge
1-6,lane1_target_national_rank_pair x target_outer_pressure_bucket,4+-1 | high_other_pressure,600,25,4.17,60000,41160,-18840,68.6,1646.4,3.91,69.96,1787.33,-1.36,0.26,-140.93,mixed_edge
1-4,lane1_target_exhibition_time_diff_bucket x lane1_target_start_exhibition_st_diff_bucket,lane1_faster_0.05_0.10 | lane1_faster_0.06+,895,85,9.5,89500,61370,-28130,68.57,722.0,10.08,74.47,738.96,-5.9,-0.58,-16.96,mixed_edge
1-5,lane1_target_class_pair,A2-A2,838,75,8.95,83800,57440,-26360,68.54,765.87,6.57,78.41,1193.16,-9.87,2.38,-427.29,mixed_edge
1-4,lane1_target_national_rank_pair x target_outer_pressure_bucket,3-1 | high_other_pressure,265,41,15.47,26500,18160,-8340,68.53,442.93,10.08,74.47,738.96,-5.94,5.39,-296.03,mixed_edge
1-2,stadium_code,23,690,129,18.7,69000,47280,-21720,68.52,366.51,18.99,80.04,421.45,-11.52,-0.29,-54.94,mixed_edge
1-2,stadium_code x target_lane,23 | 2,690,129,18.7,69000,47280,-21720,68.52,366.51,18.99,80.04,421.45,-11.52,-0.29,-54.94,mixed_edge
1-4,lane1_target_national_rank_pair,3-4+,1604,89,5.55,160400,109880,-50520,68.5,1234.61,10.08,74.47,738.96,-5.97,-4.53,495.65,mixed_edge
1-4,target_lane x lane1_target_national_rank_pair,4 | 3-4+,1604,89,5.55,160400,109880,-50520,68.5,1234.61,10.08,74.47,738.96,-5.97,-4.53,495.65,mixed_edge
1-4,lane1_target_national_rank_pair x target_outer_pressure_bucket,3-4+ | high_other_pressure,1604,89,5.55,160400,109880,-50520,68.5,1234.61,10.08,74.47,738.96,-5.97,-4.53,495.65,mixed_edge
1-3,lane1_target_start_gap_pair x target_outer_pressure_bucket,0.04-0.06-<=0.03 | some_other_pressure,106,23,21.7,10600,7260,-3340,68.49,315.65,15.77,78.64,498.72,-10.15,5.93,-183.07,mixed_edge
1-6,lane1_local_win_rank_bucket,4+,6028,193,3.2,602800,412610,-190190,68.45,2137.88,3.91,69.96,1787.33,-1.51,-0.71,350.55,mixed_edge
1-5,lane1_target_start_exhibition_st_diff_bucket,target_faster_0.06+,2950,166,5.63,295000,201890,-93110,68.44,1216.2,6.57,78.41,1193.16,-9.97,-0.94,23.04,mixed_edge
1-4,stadium_code,11,600,56,9.33,60000,41060,-18940,68.43,733.21,10.08,74.47,738.96,-6.04,-0.75,-5.75,mixed_edge
1-4,stadium_code x target_lane,11 | 4,600,56,9.33,60000,41060,-18940,68.43,733.21,10.08,74.47,738.96,-6.04,-0.75,-5.75,mixed_edge
1-6,lane1_target_class_pair,A2-B1,1959,59,3.01,195900,134030,-61870,68.42,2271.69,3.91,69.96,1787.33,-1.54,-0.9,484.36,mixed_edge
1-5,stadium_code,18,744,48,6.45,74400,50900,-23500,68.41,1060.42,6.57,78.41,1193.16,-10.0,-0.12,-132.74,mixed_edge
1-5,stadium_code x target_lane,18 | 5,744,48,6.45,74400,50900,-23500,68.41,1060.42,6.57,78.41,1193.16,-10.0,-0.12,-132.74,mixed_edge
1-4,lane1_target_group_pair x other_a_count_bucket,A-A | 0,522,118,22.61,52200,35710,-16490,68.41,302.63,10.08,74.47,738.96,-6.06,12.53,-436.33,mixed_edge
1-6,lane1_target_exhibition_time_diff_bucket x lane1_target_start_exhibition_st_diff_bucket,lane1_faster_0.05_0.10 | target_faster_0.03_0.06,324,11,3.4,32400,22150,-10250,68.36,2013.64,3.91,69.96,1787.33,-1.6,-0.51,226.31,mixed_edge
1-4,lane1_target_boat_place_diff_bucket,near_equal,6019,602,10.0,601900,411380,-190520,68.35,683.36,10.08,74.47,738.96,-6.12,-0.08,-55.6,mixed_edge
1-6,lane1_national_win_rank_bucket,1,3740,160,4.28,374000,255540,-118460,68.33,1597.12,3.91,69.96,1787.33,-1.63,0.37,-190.21,mixed_edge
1-6,lane1_boat_rank_bucket,4+,7365,274,3.72,736500,502200,-234300,68.19,1832.85,3.91,69.96,1787.33,-1.77,-0.19,45.52,mixed_edge
1-6,other_a_count_bucket,4,1971,58,2.94,197100,134380,-62720,68.18,2316.9,3.91,69.96,1787.33,-1.78,-0.97,529.57,mixed_edge
1-6,other_group_pattern,A-A-A-A,1971,58,2.94,197100,134380,-62720,68.18,2316.9,3.91,69.96,1787.33,-1.78,-0.97,529.57,mixed_edge
1-6,target_lane x other_a_count_bucket,6 | 4,1971,58,2.94,197100,134380,-62720,68.18,2316.9,3.91,69.96,1787.33,-1.78,-0.97,529.57,mixed_edge
1-5,lane1_start_exhibition_gap_bucket,>0.06,4584,236,5.15,458400,312500,-145900,68.17,1324.15,6.57,78.41,1193.16,-10.24,-1.42,130.99,mixed_edge
1-3,lane1_target_start_gap_pair x target_outer_pressure_bucket,0.04-0.06-0.04-0.06 | high_other_pressure,468,68,14.53,46800,31890,-14910,68.14,468.97,15.77,78.64,498.72,-10.5,-1.24,-29.75,mixed_edge
1-4,lane1_target_class_pair,B1-B2,525,16,3.05,52500,35770,-16730,68.13,2235.62,10.08,74.47,738.96,-6.34,-7.03,1496.66,mixed_edge
1-2,lane1_target_start_gap_pair x target_outer_pressure_bucket,>0.06-best | low_other_pressure,64,11,17.19,6400,4360,-2040,68.12,396.36,18.99,80.04,421.45,-11.92,-1.8,-25.09,mixed_edge
1-6,target_exhibition_rank_bucket,4+,8800,288,3.27,880000,599380,-280620,68.11,2081.18,3.91,69.96,1787.33,-1.85,-0.64,293.85,mixed_edge
1-4,lane1_target_national_rank_pair x target_outer_pressure_bucket,4+-1 | low_other_pressure,285,35,12.28,28500,19400,-9100,68.07,554.29,10.08,74.47,738.96,-6.4,2.2,-184.67,mixed_edge
1-6,target_local_win_rank_bucket,3,2235,83,3.71,223500,152000,-71500,68.01,1831.33,3.91,69.96,1787.33,-1.95,-0.2,44.0,mixed_edge
1-6,target_boat_rank_bucket,2,2415,90,3.73,241500,164130,-77370,67.96,1823.67,3.91,69.96,1787.33,-2.0,-0.18,36.34,mixed_edge
1-2,lane1_target_class_pair,B1-B2,233,25,10.73,23300,15830,-7470,67.94,633.2,18.99,80.04,421.45,-12.1,-8.26,211.75,mixed_edge
1-5,other_national_better_than_target_count_bucket,3,3099,120,3.87,309900,210400,-99500,67.89,1753.33,6.57,78.41,1193.16,-10.52,-2.7,560.17,mixed_edge
1-5,target_national_win_rank_bucket x other_national_better_than_target_count_bucket,4+ | 3,3099,120,3.87,309900,210400,-99500,67.89,1753.33,6.57,78.41,1193.16,-10.52,-2.7,560.17,mixed_edge
1-5,lane1_target_start_gap_pair,<=0.03->0.06,1146,62,5.41,114600,77750,-36850,67.84,1254.03,6.57,78.41,1193.16,-10.57,-1.16,60.87,mixed_edge
1-5,target_lane x lane1_target_start_gap_pair,5 | <=0.03->0.06,1146,62,5.41,114600,77750,-36850,67.84,1254.03,6.57,78.41,1193.16,-10.57,-1.16,60.87,mixed_edge
1-5,lane1_start_exhibition_gap_bucket x target_start_exhibition_gap_bucket,<=0.03 | >0.06,1146,62,5.41,114600,77750,-36850,67.84,1254.03,6.57,78.41,1193.16,-10.57,-1.16,60.87,mixed_edge
1-2,lane1_target_start_gap_pair,0.04-0.06-0.04-0.06,629,112,17.81,62900,42660,-20240,67.82,380.89,18.99,80.04,421.45,-12.22,-1.18,-40.56,mixed_edge
1-2,target_lane x lane1_target_start_gap_pair,2 | 0.04-0.06-0.04-0.06,629,112,17.81,62900,42660,-20240,67.82,380.89,18.99,80.04,421.45,-12.22,-1.18,-40.56,mixed_edge
1-2,lane1_start_exhibition_gap_bucket x target_start_exhibition_gap_bucket,0.04-0.06 | 0.04-0.06,629,112,17.81,62900,42660,-20240,67.82,380.89,18.99,80.04,421.45,-12.22,-1.18,-40.56,mixed_edge
1-3,lane1_target_start_gap_pair x target_outer_pressure_bucket,>0.06-best | low_other_pressure,78,15,19.23,7800,5290,-2510,67.82,352.67,15.77,78.64,498.72,-10.82,3.46,-146.05,mixed_edge
1-4,lane1_target_national_rank_pair,3-1,522,78,14.94,52200,35390,-16810,67.8,453.72,10.08,74.47,738.96,-6.67,4.86,-285.24,mixed_edge
1-4,target_lane x lane1_target_national_rank_pair,4 | 3-1,522,78,14.94,52200,35390,-16810,67.8,453.72,10.08,74.47,738.96,-6.67,4.86,-285.24,mixed_edge
1-5,lane1_target_class_pair,A2-A1,616,76,12.34,61600,41740,-19860,67.76,549.21,6.57,78.41,1193.16,-10.65,5.77,-643.95,mixed_edge
1-6,target_exhibition_rank_bucket x other_exhibition_faster_than_target_count_bucket,4+ | 2,2312,83,3.59,231200,156610,-74590,67.74,1886.87,3.91,69.96,1787.33,-2.22,-0.32,99.54,mixed_edge
1-4,target_class_group x target_outer_pressure_bucket,B | some_other_pressure,519,59,11.37,51900,35150,-16750,67.73,595.76,10.08,74.47,738.96,-6.74,1.29,-143.2,mixed_edge
1-3,stadium_code,07,766,120,15.67,76600,51840,-24760,67.68,432.0,15.77,78.64,498.72,-10.96,-0.1,-66.72,mixed_edge
1-3,stadium_code x target_lane,07 | 3,766,120,15.67,76600,51840,-24760,67.68,432.0,15.77,78.64,498.72,-10.96,-0.1,-66.72,mixed_edge
1-4,lane1_exhibition_st_rank_bucket,4+,5828,493,8.46,582800,393820,-188980,67.57,798.82,10.08,74.47,738.96,-6.9,-1.62,59.86,mixed_edge
1-6,lane1_exhibition_rank_bucket,1,4451,182,4.09,445100,300640,-144460,67.54,1651.87,3.91,69.96,1787.33,-2.42,0.18,-135.46,mixed_edge
1-5,lane1_target_start_gap_pair x target_outer_pressure_bucket,>0.06-0.04-0.06 | low_other_pressure,36,5,13.89,3600,2430,-1170,67.5,486.0,6.57,78.41,1193.16,-10.91,7.32,-707.16,mixed_edge
1-4,lane1_target_group_pair x other_a_count_bucket,A-A | 2,1019,146,14.33,101900,68730,-33170,67.45,470.75,10.08,74.47,738.96,-7.02,4.25,-268.21,mixed_edge
1-2,target_exhibition_st_rank_bucket x other_st_faster_than_target_count_bucket,3 | 2,925,143,15.46,92500,62390,-30110,67.45,436.29,18.99,80.04,421.45,-12.59,-3.53,14.84,mixed_edge
1-4,lane1_target_group_pair x other_a_count_bucket,B-B | 2,1609,62,3.85,160900,108400,-52500,67.37,1748.39,10.08,74.47,738.96,-7.1,-6.23,1009.43,mixed_edge
1-3,lane1_target_exhibition_time_diff_bucket x lane1_target_start_exhibition_st_diff_bucket,lane1_faster_0.10+ | lane1_faster_0.06+,500,61,12.2,50000,33670,-16330,67.34,551.97,15.77,78.64,498.72,-11.3,-3.57,53.25,mixed_edge
1-2,stadium_code,01,666,101,15.17,66600,44820,-21780,67.3,443.76,18.99,80.04,421.45,-12.74,-3.82,22.31,mixed_edge
1-2,stadium_code x target_lane,01 | 2,666,101,15.17,66600,44820,-21780,67.3,443.76,18.99,80.04,421.45,-12.74,-3.82,22.31,mixed_edge
1-6,lane1_target_national_rank_pair x target_outer_pressure_bucket,1-2 | high_other_pressure,332,23,6.93,33200,22340,-10860,67.29,971.3,3.91,69.96,1787.33,-2.67,3.02,-816.03,mixed_edge
1-6,lane1_target_start_gap_pair,<=0.03-best,602,28,4.65,60200,40500,-19700,67.28,1446.43,3.91,69.96,1787.33,-2.68,0.74,-340.9,mixed_edge
1-6,target_lane x lane1_target_start_gap_pair,6 | <=0.03-best,602,28,4.65,60200,40500,-19700,67.28,1446.43,3.91,69.96,1787.33,-2.68,0.74,-340.9,mixed_edge
1-6,lane1_start_exhibition_gap_bucket x target_start_exhibition_gap_bucket,<=0.03 | best,602,28,4.65,60200,40500,-19700,67.28,1446.43,3.91,69.96,1787.33,-2.68,0.74,-340.9,mixed_edge
1-6,lane1_target_national_rank_pair x target_outer_pressure_bucket,3-1 | some_other_pressure,124,10,8.06,12400,8340,-4060,67.26,834.0,3.91,69.96,1787.33,-2.7,4.15,-953.33,mixed_edge
1-6,lane1_motor_rank_bucket,1,2866,125,4.36,286600,192730,-93870,67.25,1541.84,3.91,69.96,1787.33,-2.71,0.45,-245.49,mixed_edge
1-3,lane1_target_start_gap_pair x target_outer_pressure_bucket,0.04-0.06-0.04-0.06 | some_other_pressure,72,15,20.83,7200,4840,-2360,67.22,322.67,15.77,78.64,498.72,-11.42,5.06,-176.05,mixed_edge
1-4,lane1_target_national_rank_pair x target_outer_pressure_bucket,1-2 | low_other_pressure,201,43,21.39,20100,13510,-6590,67.21,314.19,10.08,74.47,738.96,-7.26,11.31,-424.77,mixed_edge
1-2,lane1_class,B2,407,45,11.06,40700,27350,-13350,67.2,607.78,18.99,80.04,421.45,-12.84,-7.93,186.33,mixed_edge
1-6,lane1_motor_rank_bucket,4+,7269,267,3.67,726900,488310,-238590,67.18,1828.88,3.91,69.96,1787.33,-2.78,-0.24,41.55,mixed_edge
1-6,stadium_code,15,619,22,3.55,61900,41580,-20320,67.17,1890.0,3.91,69.96,1787.33,-2.79,-0.36,102.67,mixed_edge
1-6,stadium_code x target_lane,15 | 6,619,22,3.55,61900,41580,-20320,67.17,1890.0,3.91,69.96,1787.33,-2.79,-0.36,102.67,mixed_edge
1-2,other_st_faster_than_target_count_bucket,3,2731,444,16.26,273100,183410,-89690,67.16,413.09,18.99,80.04,421.45,-12.88,-2.73,-8.36,mixed_edge
1-2,target_exhibition_st_rank_bucket x other_st_faster_than_target_count_bucket,4+ | 3,2731,444,16.26,273100,183410,-89690,67.16,413.09,18.99,80.04,421.45,-12.88,-2.73,-8.36,mixed_edge
1-3,lane1_target_exhibition_st_rank_pair,3-4+,1242,165,13.29,124200,83410,-40790,67.16,505.52,15.77,78.64,498.72,-11.48,-2.48,6.8,mixed_edge
1-3,lane1_exhibition_st_rank_bucket x target_exhibition_st_rank_bucket,3 | 4+,1242,165,13.29,124200,83410,-40790,67.16,505.52,15.77,78.64,498.72,-11.48,-2.48,6.8,mixed_edge
1-3,lane1_target_start_gap_pair x target_outer_pressure_bucket,>0.06-<=0.03 | some_other_pressure,118,20,16.95,11800,7920,-3880,67.12,396.0,15.77,78.64,498.72,-11.52,1.18,-102.72,mixed_edge
1-2,lane1_target_exhibition_time_diff_bucket x lane1_target_start_exhibition_st_diff_bucket,target_faster_0.10+ | target_faster_0.03_0.06,117,15,12.82,11700,7850,-3850,67.09,523.33,18.99,80.04,421.45,-12.95,-6.17,101.88,mixed_edge
1-3,other_st_faster_than_target_count_bucket,3,2740,389,14.2,274000,183690,-90310,67.04,472.21,15.77,78.64,498.72,-11.6,-1.57,-26.51,mixed_edge
1-3,target_exhibition_st_rank_bucket x other_st_faster_than_target_count_bucket,4+ | 3,2740,389,14.2,274000,183690,-90310,67.04,472.21,15.77,78.64,498.72,-11.6,-1.57,-26.51,mixed_edge
1-4,lane1_national_win_rank_bucket,3,2643,226,8.55,264300,177020,-87280,66.98,783.27,10.08,74.47,738.96,-7.49,-1.53,44.31,mixed_edge
1-5,lane1_target_exhibition_time_diff_bucket x lane1_target_start_exhibition_st_diff_bucket,target_faster_0.10+ | near_equal,194,11,5.67,19400,12980,-6420,66.91,1180.0,6.57,78.41,1193.16,-11.5,-0.9,-13.16,mixed_edge
1-6,other_group_pattern,A-B-B-A,907,19,2.09,90700,60670,-30030,66.89,3193.16,3.91,69.96,1787.33,-3.07,-1.82,1405.83,mixed_edge
1-4,lane1_target_national_rank_pair x target_outer_pressure_bucket,1-3 | some_other_pressure,295,47,15.93,29500,19710,-9790,66.81,419.36,10.08,74.47,738.96,-7.66,5.85,-319.6,mixed_edge
1-6,target_boat_rank_bucket,1,2456,89,3.62,245600,164020,-81580,66.78,1842.92,3.91,69.96,1787.33,-3.18,-0.29,55.59,mixed_edge
1-5,other_exhibition_faster_than_target_count_bucket,4,2851,118,4.14,285100,190310,-94790,66.75,1612.8,6.57,78.41,1193.16,-11.66,-2.43,419.64,mixed_edge
1-5,target_exhibition_rank_bucket x other_exhibition_faster_than_target_count_bucket,4+ | 4,2851,118,4.14,285100,190310,-94790,66.75,1612.8,6.57,78.41,1193.16,-11.66,-2.43,419.64,mixed_edge
1-2,lane1_target_group_pair x other_a_count_bucket,B-A | 0,154,34,22.08,15400,10260,-5140,66.62,301.76,18.99,80.04,421.45,-13.42,3.09,-119.69,mixed_edge
1-2,lane1_target_exhibition_time_diff_bucket x lane1_target_start_exhibition_st_diff_bucket,lane1_faster_0.05_0.10 | target_faster_0.03_0.06,341,58,17.01,34100,22710,-11390,66.6,391.55,18.99,80.04,421.45,-13.44,-1.98,-29.9,mixed_edge
1-6,target_outer_pressure_bucket,high_other_pressure,12597,372,2.95,1259700,837370,-422330,66.47,2250.99,3.91,69.96,1787.33,-3.49,-0.96,463.66,mixed_edge
1-6,target_lane x target_outer_pressure_bucket,6 | high_other_pressure,12597,372,2.95,1259700,837370,-422330,66.47,2250.99,3.91,69.96,1787.33,-3.49,-0.96,463.66,mixed_edge
1-4,other_exhibition_faster_than_target_count_bucket,4,2588,186,7.19,258800,172010,-86790,66.46,924.78,10.08,74.47,738.96,-8.01,-2.89,185.82,mixed_edge
1-4,target_exhibition_rank_bucket x other_exhibition_faster_than_target_count_bucket,4+ | 4,2588,186,7.19,258800,172010,-86790,66.46,924.78,10.08,74.47,738.96,-8.01,-2.89,185.82,mixed_edge
1-6,lane1_target_local_win_diff_bucket,near_equal,1952,81,4.15,195200,129710,-65490,66.45,1601.36,3.91,69.96,1787.33,-3.51,0.24,-185.97,mixed_edge
1-3,lane1_target_group_pair x target_outer_pressure_bucket,A-A | low_other_pressure,458,123,26.86,45800,30430,-15370,66.44,247.4,15.77,78.64,498.72,-12.2,11.09,-251.32,mixed_edge
1-6,target_motor_rank_bucket,4+,7848,266,3.39,784800,521380,-263420,66.43,1960.08,3.91,69.96,1787.33,-3.53,-0.52,172.75,mixed_edge
1-2,lane1_target_group_pair x other_a_count_bucket,B-B | 3,544,33,6.07,54400,36130,-18270,66.42,1094.85,18.99,80.04,421.45,-13.62,-12.92,673.4,mixed_edge
1-4,stadium_code,23,690,70,10.14,69000,45820,-23180,66.41,654.57,10.08,74.47,738.96,-8.06,0.06,-84.39,mixed_edge
1-4,stadium_code x target_lane,23 | 4,690,70,10.14,69000,45820,-23180,66.41,654.57,10.08,74.47,738.96,-8.06,0.06,-84.39,mixed_edge
1-6,race_no_bucket,10-12R,3770,127,3.37,377000,250170,-126830,66.36,1969.84,3.91,69.96,1787.33,-3.6,-0.54,182.51,mixed_edge
1-6,race_no_bucket x target_lane,10-12R | 6,3770,127,3.37,377000,250170,-126830,66.36,1969.84,3.91,69.96,1787.33,-3.6,-0.54,182.51,mixed_edge
1-6,lane1_target_start_gap_pair,>0.06-0.04-0.06,781,32,4.1,78100,51830,-26270,66.36,1619.69,3.91,69.96,1787.33,-3.6,0.19,-167.64,mixed_edge
1-6,target_lane x lane1_target_start_gap_pair,6 | >0.06-0.04-0.06,781,32,4.1,78100,51830,-26270,66.36,1619.69,3.91,69.96,1787.33,-3.6,0.19,-167.64,mixed_edge
1-6,lane1_start_exhibition_gap_bucket x target_start_exhibition_gap_bucket,>0.06 | 0.04-0.06,781,32,4.1,78100,51830,-26270,66.36,1619.69,3.91,69.96,1787.33,-3.6,0.19,-167.64,mixed_edge
1-3,lane1_target_class_pair,B2-A1,66,11,16.67,6600,4380,-2220,66.36,398.18,15.77,78.64,498.72,-12.28,0.9,-100.54,mixed_edge
1-6,target_exhibition_rank_bucket,3,2263,91,4.02,226300,150100,-76200,66.33,1649.45,3.91,69.96,1787.33,-3.63,0.11,-137.88,mixed_edge
1-2,lane1_exhibition_st_rank_bucket,4+,5828,879,15.08,582800,386470,-196330,66.31,439.67,18.99,80.04,421.45,-13.73,-3.91,18.22,mixed_edge
1-4,other_st_faster_than_target_count_bucket,3,2581,220,8.52,258100,171150,-86950,66.31,777.95,10.08,74.47,738.96,-8.16,-1.56,38.99,mixed_edge
1-4,target_exhibition_st_rank_bucket x other_st_faster_than_target_count_bucket,4+ | 3,2581,220,8.52,258100,171150,-86950,66.31,777.95,10.08,74.47,738.96,-8.16,-1.56,38.99,mixed_edge
1-4,lane1_local_win_rank_bucket,3,2620,242,9.24,262000,173550,-88450,66.24,717.15,10.08,74.47,738.96,-8.23,-0.84,-21.81,mixed_edge
1-6,lane1_target_start_gap_pair x target_outer_pressure_bucket,0.04-0.06->0.06 | low_other_pressure,37,2,5.41,3700,2450,-1250,66.22,1225.0,3.91,69.96,1787.33,-3.74,1.5,-562.33,mixed_edge
1-6,other_group_pattern,B-B-B-A,788,40,5.08,78800,52120,-26680,66.14,1303.0,3.91,69.96,1787.33,-3.82,1.17,-484.33,mixed_edge
1-5,lane1_target_exhibition_st_rank_pair,4+-3,1258,73,5.8,125800,83190,-42610,66.13,1139.59,6.57,78.41,1193.16,-12.28,-0.77,-53.57,mixed_edge
1-5,lane1_exhibition_st_rank_bucket x target_exhibition_st_rank_bucket,4+ | 3,1258,73,5.8,125800,83190,-42610,66.13,1139.59,6.57,78.41,1193.16,-12.28,-0.77,-53.57,mixed_edge
1-5,lane1_target_start_gap_pair x target_outer_pressure_bucket,<=0.03->0.06 | high_other_pressure,981,42,4.28,98100,64840,-33260,66.1,1543.81,6.57,78.41,1193.16,-12.31,-2.29,350.65,mixed_edge
1-5,other_st_faster_than_target_count_bucket,3,3153,191,6.06,315300,208290,-107010,66.06,1090.52,6.57,78.41,1193.16,-12.35,-0.51,-102.64,mixed_edge
1-5,target_exhibition_st_rank_bucket x other_st_faster_than_target_count_bucket,4+ | 3,3153,191,6.06,315300,208290,-107010,66.06,1090.52,6.57,78.41,1193.16,-12.35,-0.51,-102.64,mixed_edge
1-3,lane1_target_start_gap_pair,0.04-0.06-0.04-0.06,577,89,15.42,57700,38110,-19590,66.05,428.2,15.77,78.64,498.72,-12.59,-0.35,-70.52,mixed_edge
1-3,target_lane x lane1_target_start_gap_pair,3 | 0.04-0.06-0.04-0.06,577,89,15.42,57700,38110,-19590,66.05,428.2,15.77,78.64,498.72,-12.59,-0.35,-70.52,mixed_edge
1-3,lane1_start_exhibition_gap_bucket x target_start_exhibition_gap_bucket,0.04-0.06 | 0.04-0.06,577,89,15.42,57700,38110,-19590,66.05,428.2,15.77,78.64,498.72,-12.59,-0.35,-70.52,mixed_edge
1-2,stadium_code,10,582,92,15.81,58200,38410,-19790,66.0,417.5,18.99,80.04,421.45,-14.04,-3.18,-3.95,mixed_edge
1-2,stadium_code x target_lane,10 | 2,582,92,15.81,58200,38410,-19790,66.0,417.5,18.99,80.04,421.45,-14.04,-3.18,-3.95,mixed_edge
1-2,target_start_exhibition_gap_bucket,>0.06,5551,837,15.08,555100,366110,-188990,65.95,437.41,18.99,80.04,421.45,-14.09,-3.91,15.96,mixed_edge
1-2,target_lane x target_start_exhibition_gap_bucket,2 | >0.06,5551,837,15.08,555100,366110,-188990,65.95,437.41,18.99,80.04,421.45,-14.09,-3.91,15.96,mixed_edge
1-6,lane1_class,A2,4272,194,4.54,427200,280970,-146230,65.77,1448.3,3.91,69.96,1787.33,-4.19,0.63,-339.03,mixed_edge
1-4,lane1_target_class_pair,B2-A1,52,8,15.38,5200,3420,-1780,65.77,427.5,10.08,74.47,738.96,-8.7,5.3,-311.46,mixed_edge
1-6,lane1_target_exhibition_time_diff_bucket x lane1_target_start_exhibition_st_diff_bucket,near_equal | near_equal,1617,71,4.39,161700,106320,-55380,65.75,1497.46,3.91,69.96,1787.33,-4.21,0.48,-289.87,mixed_edge
1-6,race_no_bucket,7-9R,3782,150,3.97,378200,248630,-129570,65.74,1657.53,3.91,69.96,1787.33,-4.22,0.06,-129.8,mixed_edge
1-6,race_no_bucket x target_lane,7-9R | 6,3782,150,3.97,378200,248630,-129570,65.74,1657.53,3.91,69.96,1787.33,-4.22,0.06,-129.8,mixed_edge
1-4,lane1_target_exhibition_time_diff_bucket x lane1_target_start_exhibition_st_diff_bucket,lane1_faster_0.10+ | lane1_faster_0.06+,666,48,7.21,66600,43780,-22820,65.74,912.08,10.08,74.47,738.96,-8.73,-2.87,173.12,mixed_edge
1-6,lane1_target_group_pair x other_a_count_bucket,B-B | 2,1541,20,1.3,154100,101240,-52860,65.7,5062.0,3.91,69.96,1787.33,-4.26,-2.61,3274.67,mixed_edge
1-3,lane1_target_class_pair,A1-A2,1086,217,19.98,108600,71310,-37290,65.66,328.62,15.77,78.64,498.72,-12.98,4.21,-170.1,mixed_edge
1-5,lane1_target_start_gap_pair,best-best,228,16,7.02,22800,14970,-7830,65.66,935.62,6.57,78.41,1193.16,-12.75,0.45,-257.54,mixed_edge
1-5,target_lane x lane1_target_start_gap_pair,5 | best-best,228,16,7.02,22800,14970,-7830,65.66,935.62,6.57,78.41,1193.16,-12.75,0.45,-257.54,mixed_edge
1-5,lane1_start_exhibition_gap_bucket x target_start_exhibition_gap_bucket,best | best,228,16,7.02,22800,14970,-7830,65.66,935.62,6.57,78.41,1193.16,-12.75,0.45,-257.54,mixed_edge
1-2,lane1_target_start_gap_pair x target_outer_pressure_bucket,best-<=0.03 | low_other_pressure,101,27,26.73,10100,6630,-3470,65.64,245.56,18.99,80.04,421.45,-14.4,7.74,-175.89,mixed_edge
1-4,target_motor_rank_bucket,4+,7753,694,8.95,775300,508660,-266640,65.61,732.94,10.08,74.47,738.96,-8.86,-1.13,-6.02,mixed_edge
1-6,lane1_target_class_pair,A1-A2,1176,50,4.25,117600,77160,-40440,65.61,1543.2,3.91,69.96,1787.33,-4.35,0.34,-244.13,mixed_edge
1-3,target_start_exhibition_gap_bucket,>0.06,5222,670,12.83,522200,342550,-179650,65.6,511.27,15.77,78.64,498.72,-13.04,-2.94,12.55,mixed_edge
1-3,target_lane x target_start_exhibition_gap_bucket,3 | >0.06,5222,670,12.83,522200,342550,-179650,65.6,511.27,15.77,78.64,498.72,-13.04,-2.94,12.55,mixed_edge
1-5,stadium_code,04,761,44,5.78,76100,49870,-26230,65.53,1133.41,6.57,78.41,1193.16,-12.88,-0.79,-59.75,mixed_edge
1-5,stadium_code x target_lane,04 | 5,761,44,5.78,76100,49870,-26230,65.53,1133.41,6.57,78.41,1193.16,-12.88,-0.79,-59.75,mixed_edge
1-3,stadium_code,09,353,52,14.73,35300,23120,-12180,65.5,444.62,15.77,78.64,498.72,-13.14,-1.04,-54.1,mixed_edge
1-3,stadium_code x target_lane,09 | 3,353,52,14.73,35300,23120,-12180,65.5,444.62,15.77,78.64,498.72,-13.14,-1.04,-54.1,mixed_edge
1-3,lane1_target_exhibition_st_rank_pair,2-4+,1193,167,14.0,119300,78090,-41210,65.46,467.6,15.77,78.64,498.72,-13.18,-1.77,-31.12,mixed_edge
1-3,lane1_exhibition_st_rank_bucket x target_exhibition_st_rank_bucket,2 | 4+,1193,167,14.0,119300,78090,-41210,65.46,467.6,15.77,78.64,498.72,-13.18,-1.77,-31.12,mixed_edge
1-3,lane1_target_exhibition_time_diff_bucket x lane1_target_start_exhibition_st_diff_bucket,near_equal | target_faster_0.03_0.06,878,129,14.69,87800,57450,-30350,65.43,445.35,15.77,78.64,498.72,-13.21,-1.08,-53.37,mixed_edge
1-6,lane1_target_start_gap_pair x target_outer_pressure_bucket,>0.06->0.06 | some_other_pressure,176,8,4.55,17600,11510,-6090,65.4,1438.75,3.91,69.96,1787.33,-4.56,0.64,-348.58,mixed_edge
1-6,meeting_phase_bucket,day5+,3376,151,4.47,337600,220600,-117000,65.34,1460.93,3.91,69.96,1787.33,-4.62,0.56,-326.4,mixed_edge
1-6,meeting_phase_bucket x target_lane,day5+ | 6,3376,151,4.47,337600,220600,-117000,65.34,1460.93,3.91,69.96,1787.33,-4.62,0.56,-326.4,mixed_edge
1-6,target_local_win_rank_bucket,4+,8463,210,2.48,846300,552890,-293410,65.33,2632.81,3.91,69.96,1787.33,-4.63,-1.43,845.48,mixed_edge
1-3,lane1_target_exhibition_time_diff_bucket x lane1_target_start_exhibition_st_diff_bucket,target_faster_0.05_0.10 | target_faster_0.03_0.06,203,29,14.29,20300,13260,-7040,65.32,457.24,15.77,78.64,498.72,-13.32,-1.48,-41.48,mixed_edge
1-3,lane1_target_start_gap_pair x target_outer_pressure_bucket,<=0.03-best | some_other_pressure,145,32,22.07,14500,9470,-5030,65.31,295.94,15.77,78.64,498.72,-13.33,6.3,-202.78,mixed_edge
1-3,lane1_target_national_rank_pair x target_outer_pressure_bucket,1-2 | low_other_pressure,214,61,28.5,21400,13970,-7430,65.28,229.02,15.77,78.64,498.72,-13.36,12.73,-269.7,mixed_edge
1-2,other_group_pattern,B-A-A-A,292,47,16.1,29200,19050,-10150,65.24,405.32,18.99,80.04,421.45,-14.8,-2.89,-16.13,mixed_edge
1-6,lane1_target_start_gap_pair x target_outer_pressure_bucket,<=0.03-best | high_other_pressure,473,15,3.17,47300,30820,-16480,65.16,2054.67,3.91,69.96,1787.33,-4.8,-0.74,267.34,mixed_edge
1-4,stadium_code,21,597,68,11.39,59700,38870,-20830,65.11,571.62,10.08,74.47,738.96,-9.36,1.31,-167.34,mixed_edge
1-4,stadium_code x target_lane,21 | 4,597,68,11.39,59700,38870,-20830,65.11,571.62,10.08,74.47,738.96,-9.36,1.31,-167.34,mixed_edge
1-6,other_national_better_than_target_count_bucket,3,2722,54,1.98,272200,177080,-95120,65.06,3279.26,3.91,69.96,1787.33,-4.9,-1.93,1491.93,mixed_edge
1-6,target_national_win_rank_bucket x other_national_better_than_target_count_bucket,4+ | 3,2722,54,1.98,272200,177080,-95120,65.06,3279.26,3.91,69.96,1787.33,-4.9,-1.93,1491.93,mixed_edge
1-6,meeting_phase_bucket,day3-4,5336,171,3.2,533600,346660,-186940,64.97,2027.25,3.91,69.96,1787.33,-4.99,-0.71,239.92,mixed_edge
1-6,meeting_phase_bucket x target_lane,day3-4 | 6,5336,171,3.2,533600,346660,-186940,64.97,2027.25,3.91,69.96,1787.33,-4.99,-0.71,239.92,mixed_edge
1-6,lane1_target_exhibition_time_diff_bucket x lane1_target_start_exhibition_st_diff_bucket,near_equal | lane1_faster_0.06+,2199,77,3.5,219900,142750,-77150,64.92,1853.9,3.91,69.96,1787.33,-5.04,-0.41,66.57,mixed_edge
1-6,lane1_target_national_rank_pair x target_outer_pressure_bucket,2-1 | high_other_pressure,317,33,10.41,31700,20550,-11150,64.83,622.73,3.91,69.96,1787.33,-5.13,6.5,-1164.6,mixed_edge
1-6,lane1_target_exhibition_time_diff_bucket x lane1_target_start_exhibition_st_diff_bucket,target_faster_0.05_0.10 | lane1_faster_0.06+,529,18,3.4,52900,34290,-18610,64.82,1905.0,3.91,69.96,1787.33,-5.14,-0.51,117.67,mixed_edge
1-6,lane1_target_national_rank_pair x target_outer_pressure_bucket,2-4+ | high_other_pressure,1954,41,2.1,195400,126580,-68820,64.78,3087.32,3.91,69.96,1787.33,-5.18,-1.81,1299.99,mixed_edge
1-6,lane1_target_group_pair x other_a_count_bucket,B-A | 3,172,5,2.91,17200,11140,-6060,64.77,2228.0,3.91,69.96,1787.33,-5.19,-1.0,440.67,mixed_edge
1-6,lane1_target_group_pair,A-B,4483,125,2.79,448300,290340,-157960,64.76,2322.72,3.91,69.96,1787.33,-5.2,-1.12,535.39,mixed_edge
1-6,lane1_target_national_rank_pair,2-4+,1955,41,2.1,195500,126580,-68920,64.75,3087.32,3.91,69.96,1787.33,-5.21,-1.81,1299.99,mixed_edge
1-6,target_lane x lane1_target_national_rank_pair,6 | 2-4+,1955,41,2.1,195500,126580,-68920,64.75,3087.32,3.91,69.96,1787.33,-5.21,-1.81,1299.99,mixed_edge
1-4,lane1_target_national_rank_pair,4+-4+,2313,95,4.11,231300,149560,-81740,64.66,1574.32,10.08,74.47,738.96,-9.81,-5.97,835.36,mixed_edge
1-4,target_lane x lane1_target_national_rank_pair,4 | 4+-4+,2313,95,4.11,231300,149560,-81740,64.66,1574.32,10.08,74.47,738.96,-9.81,-5.97,835.36,mixed_edge
1-4,lane1_target_national_rank_pair x target_outer_pressure_bucket,4+-4+ | high_other_pressure,2313,95,4.11,231300,149560,-81740,64.66,1574.32,10.08,74.47,738.96,-9.81,-5.97,835.36,mixed_edge
1-5,lane1_local_win_rank_bucket,2,3082,201,6.52,308200,199240,-108960,64.65,991.24,6.57,78.41,1193.16,-13.76,-0.05,-201.92,mixed_edge
1-4,lane1_target_group_pair x target_outer_pressure_bucket,A-B | some_other_pressure,304,41,13.49,30400,19650,-10750,64.64,479.27,10.08,74.47,738.96,-9.83,3.41,-259.69,mixed_edge
1-4,stadium_code,07,766,80,10.44,76600,49480,-27120,64.6,618.5,10.08,74.47,738.96,-9.87,0.36,-120.46,mixed_edge
1-4,stadium_code x target_lane,07 | 4,766,80,10.44,76600,49480,-27120,64.6,618.5,10.08,74.47,738.96,-9.87,0.36,-120.46,mixed_edge
1-3,target_exhibition_rank_bucket x other_exhibition_faster_than_target_count_bucket,3 | 2,799,94,11.76,79900,51600,-28300,64.58,548.94,15.77,78.64,498.72,-14.06,-4.01,50.22,mixed_edge
1-6,lane1_target_start_gap_pair x target_outer_pressure_bucket,best-0.04-0.06 | high_other_pressure,716,22,3.07,71600,46220,-25380,64.55,2100.91,3.91,69.96,1787.33,-5.41,-0.84,313.58,mixed_edge
1-5,lane1_target_exhibition_time_diff_bucket x lane1_target_start_exhibition_st_diff_bucket,lane1_faster_0.05_0.10 | target_faster_0.06+,611,27,4.42,61100,39430,-21670,64.53,1460.37,6.57,78.41,1193.16,-13.88,-2.15,267.21,mixed_edge
1-6,lane1_national_win_rank_bucket,4+,5619,162,2.88,561900,362060,-199840,64.43,2234.94,3.91,69.96,1787.33,-5.53,-1.03,447.61,mixed_edge
1-3,lane1_exhibition_st_rank_bucket,4+,5828,752,12.9,582800,375350,-207450,64.4,499.14,15.77,78.64,498.72,-14.24,-2.87,0.42,mixed_edge
1-4,lane1_target_start_exhibition_st_diff_bucket,lane1_faster_0.06+,4051,362,8.94,405100,260840,-144260,64.39,720.55,10.08,74.47,738.96,-10.08,-1.14,-18.41,mixed_edge
1-5,lane1_target_exhibition_st_rank_pair,4+-4+,1917,86,4.49,191700,123300,-68400,64.32,1433.72,6.57,78.41,1193.16,-14.09,-2.08,240.56,mixed_edge
1-5,lane1_exhibition_st_rank_bucket x target_exhibition_st_rank_bucket,4+ | 4+,1917,86,4.49,191700,123300,-68400,64.32,1433.72,6.57,78.41,1193.16,-14.09,-2.08,240.56,mixed_edge
1-5,lane1_target_group_pair x other_a_count_bucket,B-A | 0,181,19,10.5,18100,11640,-6460,64.31,612.63,6.57,78.41,1193.16,-14.1,3.93,-580.53,mixed_edge
1-3,lane1_target_exhibition_st_rank_pair,4+-3,1099,142,12.92,109900,70650,-39250,64.29,497.54,15.77,78.64,498.72,-14.35,-2.85,-1.18,mixed_edge
1-3,lane1_exhibition_st_rank_bucket x target_exhibition_st_rank_bucket,4+ | 3,1099,142,12.92,109900,70650,-39250,64.29,497.54,15.77,78.64,498.72,-14.35,-2.85,-1.18,mixed_edge
1-4,stadium_code,19,680,71,10.44,68000,43700,-24300,64.26,615.49,10.08,74.47,738.96,-10.21,0.36,-123.47,mixed_edge
1-4,stadium_code x target_lane,19 | 4,680,71,10.44,68000,43700,-24300,64.26,615.49,10.08,74.47,738.96,-10.21,0.36,-123.47,mixed_edge
1-2,lane1_start_exhibition_gap_bucket,>0.06,4584,638,13.92,458400,294150,-164250,64.17,461.05,18.99,80.04,421.45,-15.87,-5.07,39.6,mixed_edge
1-3,lane1_target_exhibition_st_rank_pair,4+-1,1193,161,13.5,119300,76540,-42760,64.16,475.4,15.77,78.64,498.72,-14.48,-2.27,-23.32,mixed_edge
1-3,lane1_exhibition_st_rank_bucket x target_exhibition_st_rank_bucket,4+ | 1,1193,161,13.5,119300,76540,-42760,64.16,475.4,15.77,78.64,498.72,-14.48,-2.27,-23.32,mixed_edge
1-4,other_group_pattern,A-B-B-A,1025,80,7.8,102500,65740,-36760,64.14,821.75,10.08,74.47,738.96,-10.33,-2.28,82.79,mixed_edge
1-2,lane1_target_start_gap_pair,>0.06-<=0.03,638,98,15.36,63800,40920,-22880,64.14,417.55,18.99,80.04,421.45,-15.9,-3.63,-3.9,mixed_edge
1-2,target_lane x lane1_target_start_gap_pair,2 | >0.06-<=0.03,638,98,15.36,63800,40920,-22880,64.14,417.55,18.99,80.04,421.45,-15.9,-3.63,-3.9,mixed_edge
1-2,lane1_start_exhibition_gap_bucket x target_start_exhibition_gap_bucket,>0.06 | <=0.03,638,98,15.36,63800,40920,-22880,64.14,417.55,18.99,80.04,421.45,-15.9,-3.63,-3.9,mixed_edge
1-6,target_motor_rank_bucket,2,2458,107,4.35,245800,157630,-88170,64.13,1473.18,3.91,69.96,1787.33,-5.83,0.44,-314.15,mixed_edge
1-3,target_class_group x target_outer_pressure_bucket,B | low_other_pressure,117,27,23.08,11700,7500,-4200,64.1,277.78,15.77,78.64,498.72,-14.54,7.31,-220.94,mixed_edge
1-6,lane1_target_motor_place_diff_bucket,target_plus_4_10,2548,98,3.85,254800,163240,-91560,64.07,1665.71,3.91,69.96,1787.33,-5.89,-0.06,-121.62,mixed_edge
1-3,grade_group,SG,70,11,15.71,7000,4480,-2520,64.0,407.27,15.77,78.64,498.72,-14.64,-0.06,-91.45,mixed_edge
1-6,lane1_target_exhibition_time_diff_bucket x lane1_target_start_exhibition_st_diff_bucket,target_faster_0.05_0.10 | near_equal,395,19,4.81,39500,25240,-14260,63.9,1328.42,3.91,69.96,1787.33,-6.06,0.9,-458.91,mixed_edge
1-6,lane1_target_local_win_diff_bucket,lane1_plus_1.00+,6353,175,2.75,635300,405730,-229570,63.86,2318.46,3.91,69.96,1787.33,-6.1,-1.16,531.13,mixed_edge
1-5,lane1_target_national_rank_pair x target_outer_pressure_bucket,3-1 | high_other_pressure,245,26,10.61,24500,15640,-8860,63.84,601.54,6.57,78.41,1193.16,-14.57,4.04,-591.62,mixed_edge
1-6,stadium_code,02,659,19,2.88,65900,41980,-23920,63.7,2209.47,3.91,69.96,1787.33,-6.26,-1.03,422.14,mixed_edge
1-6,stadium_code x target_lane,02 | 6,659,19,2.88,65900,41980,-23920,63.7,2209.47,3.91,69.96,1787.33,-6.26,-1.03,422.14,mixed_edge
1-2,lane1_target_start_gap_pair x target_outer_pressure_bucket,0.04-0.06-0.04-0.06 | high_other_pressure,494,79,15.99,49400,31420,-17980,63.6,397.72,18.99,80.04,421.45,-16.44,-3.0,-23.73,mixed_edge
1-6,lane1_target_exhibition_time_diff_bucket x lane1_target_start_exhibition_st_diff_bucket,lane1_faster_0.05_0.10 | lane1_faster_0.06+,1112,28,2.52,111200,70670,-40530,63.55,2523.93,3.91,69.96,1787.33,-6.41,-1.39,736.6,mixed_edge
1-5,lane1_target_group_pair x other_a_count_bucket,A-A | 1,896,106,11.83,89600,56900,-32700,63.5,536.79,6.57,78.41,1193.16,-14.91,5.26,-656.37,mixed_edge
1-2,lane1_target_national_rank_pair x target_outer_pressure_bucket,3-1 | high_other_pressure,224,45,20.09,22400,14220,-8180,63.48,316.0,18.99,80.04,421.45,-16.56,1.1,-105.45,mixed_edge
1-6,lane1_target_group_pair x other_a_count_bucket,A-B | 0,857,39,4.55,85700,54370,-31330,63.44,1394.1,3.91,69.96,1787.33,-6.52,0.64,-393.23,mixed_edge
1-3,lane1_target_group_pair x other_a_count_bucket,B-B | 3,674,36,5.34,67400,42690,-24710,63.34,1185.83,15.77,78.64,498.72,-15.3,-10.43,687.11,mixed_edge
1-5,lane1_boat_rank_bucket,3,2513,156,6.21,251300,159150,-92150,63.33,1020.19,6.57,78.41,1193.16,-15.08,-0.36,-172.97,mixed_edge
1-6,target_exhibition_st_rank_bucket x other_st_faster_than_target_count_bucket,3 | 2,804,31,3.86,80400,50920,-29480,63.33,1642.58,3.91,69.96,1787.33,-6.63,-0.05,-144.75,mixed_edge
1-4,lane1_target_exhibition_time_diff_bucket x lane1_target_start_exhibition_st_diff_bucket,lane1_faster_0.10+ | target_faster_0.06+,406,29,7.14,40600,25710,-14890,63.33,886.55,10.08,74.47,738.96,-11.14,-2.94,147.59,mixed_edge
1-3,lane1_target_start_gap_pair x target_outer_pressure_bucket,0.04-0.06-best | some_other_pressure,123,26,21.14,12300,7790,-4510,63.33,299.62,15.77,78.64,498.72,-15.31,5.37,-199.1,mixed_edge
1-4,lane1_target_exhibition_time_diff_bucket x lane1_target_start_exhibition_st_diff_bucket,target_faster_0.05_0.10 | target_faster_0.06+,346,31,8.96,34600,21900,-12700,63.29,706.45,10.08,74.47,738.96,-11.18,-1.12,-32.51,mixed_edge
1-6,target_class_group,B,8272,197,2.38,827200,522920,-304280,63.22,2654.42,3.91,69.96,1787.33,-6.74,-1.53,867.09,mixed_edge
1-6,target_lane x target_class_group,6 | B,8272,197,2.38,827200,522920,-304280,63.22,2654.42,3.91,69.96,1787.33,-6.74,-1.53,867.09,mixed_edge
1-6,lane1_target_exhibition_time_diff_bucket,lane1_faster_0.10+,2416,84,3.48,241600,152600,-89000,63.16,1816.67,3.91,69.96,1787.33,-6.8,-0.43,29.34,mixed_edge
1-4,lane1_target_start_exhibition_st_diff_bucket,target_faster_0.06+,3014,240,7.96,301400,190070,-111330,63.06,791.96,10.08,74.47,738.96,-11.41,-2.12,53.0,mixed_edge
1-2,lane1_target_start_gap_pair x target_outer_pressure_bucket,>0.06-0.04-0.06 | some_other_pressure,132,24,18.18,13200,8320,-4880,63.03,346.67,18.99,80.04,421.45,-17.01,-0.81,-74.78,mixed_edge
1-6,month,2026-03,4647,176,3.79,464700,292810,-171890,63.01,1663.69,3.91,69.96,1787.33,-6.95,-0.12,-123.64,mixed_edge
1-6,other_exhibition_faster_than_target_count_bucket,2,2977,99,3.33,297700,187480,-110220,62.98,1893.74,3.91,69.96,1787.33,-6.98,-0.58,106.41,mixed_edge
1-4,lane1_target_exhibition_time_diff_bucket x lane1_target_start_exhibition_st_diff_bucket,near_equal | lane1_faster_0.06+,1833,158,8.62,183300,115400,-67900,62.96,730.38,10.08,74.47,738.96,-11.51,-1.46,-8.58,mixed_edge
1-5,lane1_target_start_gap_pair x target_outer_pressure_bucket,<=0.03->0.06 | low_other_pressure,44,6,13.64,4400,2770,-1630,62.95,461.67,6.57,78.41,1193.16,-15.46,7.07,-731.49,mixed_edge
1-5,lane1_target_exhibition_time_diff_bucket x lane1_target_start_exhibition_st_diff_bucket,lane1_faster_0.10+ | lane1_faster_0.03_0.06,329,22,6.69,32900,20700,-12200,62.92,940.91,6.57,78.41,1193.16,-15.49,0.12,-252.25,mixed_edge
1-6,lane1_target_start_gap_pair x target_outer_pressure_bucket,<=0.03->0.06 | high_other_pressure,1132,28,2.47,113200,71200,-42000,62.9,2542.86,3.91,69.96,1787.33,-7.06,-1.44,755.53,mixed_edge
1-6,lane1_target_group_pair x target_outer_pressure_bucket,A-B | high_other_pressure,4195,103,2.46,419500,263770,-155730,62.88,2560.87,3.91,69.96,1787.33,-7.08,-1.45,773.54,mixed_edge
1-4,lane1_target_exhibition_time_diff_bucket x lane1_target_start_exhibition_st_diff_bucket,lane1_faster_0.10+ | target_faster_0.03_0.06,210,14,6.67,21000,13180,-7820,62.76,941.43,10.08,74.47,738.96,-11.71,-3.41,202.47,mixed_edge
1-6,lane1_target_motor_place_diff_bucket,lane1_plus_10+,2528,83,3.28,252800,158630,-94170,62.75,1911.2,3.91,69.96,1787.33,-7.21,-0.63,123.87,mixed_edge
1-3,lane1_target_national_rank_pair x target_outer_pressure_bucket,4+-1 | low_other_pressure,332,45,13.55,33200,20830,-12370,62.74,462.89,15.77,78.64,498.72,-15.9,-2.22,-35.83,mixed_edge
1-5,lane1_target_exhibition_time_diff_bucket,lane1_faster_0.10+,2350,122,5.19,235000,147040,-87960,62.57,1205.25,6.57,78.41,1193.16,-15.84,-1.38,12.09,mixed_edge
1-5,wave_bucket,5-9,2226,114,5.12,222600,139290,-83310,62.57,1221.84,6.57,78.41,1193.16,-15.84,-1.45,28.68,mixed_edge
1-3,lane1_target_national_rank_pair x target_outer_pressure_bucket,3-1 | high_other_pressure,282,53,18.79,28200,17610,-10590,62.45,332.26,15.77,78.64,498.72,-16.19,3.02,-166.46,mixed_edge
1-6,lane1_exhibition_rank_bucket,4+,4684,157,3.35,468400,292440,-175960,62.43,1862.68,3.91,69.96,1787.33,-7.53,-0.56,75.35,mixed_edge
1-2,other_st_faster_than_target_count_bucket,4,2864,381,13.3,286400,178690,-107710,62.39,469.0,18.99,80.04,421.45,-17.65,-5.69,47.55,mixed_edge
1-2,target_exhibition_st_rank_bucket x other_st_faster_than_target_count_bucket,4+ | 4,2864,381,13.3,286400,178690,-107710,62.39,469.0,18.99,80.04,421.45,-17.65,-5.69,47.55,mixed_edge
1-5,target_exhibition_st_rank_bucket x other_st_faster_than_target_count_bucket,3 | 2,901,49,5.44,90100,56200,-33900,62.38,1146.94,6.57,78.41,1193.16,-16.03,-1.13,-46.22,mixed_edge
1-5,stadium_code,08,558,32,5.73,55800,34700,-21100,62.19,1084.38,6.57,78.41,1193.16,-16.22,-0.84,-108.78,mixed_edge
1-5,stadium_code x target_lane,08 | 5,558,32,5.73,55800,34700,-21100,62.19,1084.38,6.57,78.41,1193.16,-16.22,-0.84,-108.78,mixed_edge
1-6,other_group_pattern,B-A-A-B,833,29,3.48,83300,51780,-31520,62.16,1785.52,3.91,69.96,1787.33,-7.8,-0.43,-1.81,mixed_edge
1-5,lane1_target_group_pair x other_a_count_bucket,A-B | 2,1563,63,4.03,156300,97130,-59170,62.14,1541.75,6.57,78.41,1193.16,-16.27,-2.54,348.59,mixed_edge
1-6,lane1_target_start_gap_pair,<=0.03->0.06,1334,41,3.07,133400,82690,-50710,61.99,2016.83,3.91,69.96,1787.33,-7.97,-0.84,229.5,mixed_edge
1-6,target_lane x lane1_target_start_gap_pair,6 | <=0.03->0.06,1334,41,3.07,133400,82690,-50710,61.99,2016.83,3.91,69.96,1787.33,-7.97,-0.84,229.5,mixed_edge
1-6,lane1_start_exhibition_gap_bucket x target_start_exhibition_gap_bucket,<=0.03 | >0.06,1334,41,3.07,133400,82690,-50710,61.99,2016.83,3.91,69.96,1787.33,-7.97,-0.84,229.5,mixed_edge
1-6,lane1_target_national_rank_pair x target_outer_pressure_bucket,1-4+ | high_other_pressure,2478,68,2.74,247800,153510,-94290,61.95,2257.5,3.91,69.96,1787.33,-8.01,-1.17,470.17,mixed_edge
1-4,target_start_exhibition_gap_bucket,>0.06,5462,447,8.18,546200,338150,-208050,61.91,756.49,10.08,74.47,738.96,-12.56,-1.9,17.53,mixed_edge
1-4,target_lane x target_start_exhibition_gap_bucket,4 | >0.06,5462,447,8.18,546200,338150,-208050,61.91,756.49,10.08,74.47,738.96,-12.56,-1.9,17.53,mixed_edge
1-3,lane1_target_start_gap_pair x target_outer_pressure_bucket,>0.06-0.04-0.06 | some_other_pressure,115,23,20.0,11500,7120,-4380,61.91,309.57,15.77,78.64,498.72,-16.73,4.23,-189.15,mixed_edge
1-3,lane1_target_national_rank_pair x target_outer_pressure_bucket,4+-1 | some_other_pressure,253,37,14.62,25300,15660,-9640,61.9,423.24,15.77,78.64,498.72,-16.74,-1.15,-75.48,mixed_edge
1-6,lane1_target_national_rank_pair,1-4+,2482,68,2.74,248200,153510,-94690,61.85,2257.5,3.91,69.96,1787.33,-8.11,-1.17,470.17,mixed_edge
1-6,target_lane x lane1_target_national_rank_pair,6 | 1-4+,2482,68,2.74,248200,153510,-94690,61.85,2257.5,3.91,69.96,1787.33,-8.11,-1.17,470.17,mixed_edge
1-6,lane1_target_start_gap_pair x target_outer_pressure_bucket,best->0.06 | some_other_pressure,265,15,5.66,26500,16390,-10110,61.85,1092.67,3.91,69.96,1787.33,-8.11,1.75,-694.66,mixed_edge
1-3,lane1_target_start_gap_pair x target_outer_pressure_bucket,>0.06-0.04-0.06 | low_other_pressure,40,7,17.5,4000,2470,-1530,61.75,352.86,15.77,78.64,498.72,-16.89,1.73,-145.86,mixed_edge
1-4,lane1_target_start_gap_pair x target_outer_pressure_bucket,<=0.03->0.06 | low_other_pressure,54,10,18.52,5400,3330,-2070,61.67,333.0,10.08,74.47,738.96,-12.8,8.44,-405.96,mixed_edge
1-5,lane1_target_start_gap_pair x target_outer_pressure_bucket,>0.06->0.06 | some_other_pressure,137,11,8.03,13700,8440,-5260,61.61,767.27,6.57,78.41,1193.16,-16.8,1.46,-425.89,mixed_edge
1-6,lane1_target_group_pair x other_a_count_bucket,A-B | 2,1412,30,2.12,141200,86950,-54250,61.58,2898.33,3.91,69.96,1787.33,-8.38,-1.79,1111.0,mixed_edge
1-4,wave_bucket,10+,175,14,8.0,17500,10770,-6730,61.54,769.29,10.08,74.47,738.96,-12.93,-2.08,30.33,mixed_edge
1-5,lane1_target_start_gap_pair x target_outer_pressure_bucket,0.04-0.06-best | high_other_pressure,495,28,5.66,49500,30450,-19050,61.52,1087.5,6.57,78.41,1193.16,-16.89,-0.91,-105.66,mixed_edge
1-5,lane1_target_start_gap_pair,0.04-0.06->0.06,876,42,4.79,87600,53850,-33750,61.47,1282.14,6.57,78.41,1193.16,-16.94,-1.78,88.98,mixed_edge
1-5,target_lane x lane1_target_start_gap_pair,5 | 0.04-0.06->0.06,876,42,4.79,87600,53850,-33750,61.47,1282.14,6.57,78.41,1193.16,-16.94,-1.78,88.98,mixed_edge
1-5,lane1_start_exhibition_gap_bucket x target_start_exhibition_gap_bucket,0.04-0.06 | >0.06,876,42,4.79,87600,53850,-33750,61.47,1282.14,6.57,78.41,1193.16,-16.94,-1.78,88.98,mixed_edge
1-4,lane1_target_exhibition_st_rank_pair,4+-4+,1775,130,7.32,177500,109030,-68470,61.43,838.69,10.08,74.47,738.96,-13.04,-2.76,99.73,mixed_edge
1-4,lane1_exhibition_st_rank_bucket x target_exhibition_st_rank_bucket,4+ | 4+,1775,130,7.32,177500,109030,-68470,61.43,838.69,10.08,74.47,738.96,-13.04,-2.76,99.73,mixed_edge
1-4,lane1_target_national_rank_pair,3-2,517,59,11.41,51700,31750,-19950,61.41,538.14,10.08,74.47,738.96,-13.06,1.33,-200.82,mixed_edge
1-4,target_lane x lane1_target_national_rank_pair,4 | 3-2,517,59,11.41,51700,31750,-19950,61.41,538.14,10.08,74.47,738.96,-13.06,1.33,-200.82,mixed_edge
1-6,lane1_target_group_pair,B-B,3789,72,1.9,378900,232580,-146320,61.38,3230.28,3.91,69.96,1787.33,-8.58,-2.01,1442.95,mixed_edge
1-4,target_class,B2,978,39,3.99,97800,60020,-37780,61.37,1538.97,10.08,74.47,738.96,-13.1,-6.09,800.01,mixed_edge
1-5,other_st_faster_than_target_count_bucket,4,2283,93,4.07,228300,139970,-88330,61.31,1505.05,6.57,78.41,1193.16,-17.1,-2.5,311.89,mixed_edge
1-5,target_exhibition_st_rank_bucket x other_st_faster_than_target_count_bucket,4+ | 4,2283,93,4.07,228300,139970,-88330,61.31,1505.05,6.57,78.41,1193.16,-17.1,-2.5,311.89,mixed_edge
1-4,lane1_target_start_gap_pair x target_outer_pressure_bucket,best-best | high_other_pressure,188,20,10.64,18800,11500,-7300,61.17,575.0,10.08,74.47,738.96,-13.3,0.56,-163.96,mixed_edge
1-6,meeting_phase_bucket,final,1066,36,3.38,106600,65120,-41480,61.09,1808.89,3.91,69.96,1787.33,-8.87,-0.53,21.56,mixed_edge
1-6,meeting_phase_bucket x target_lane,final | 6,1066,36,3.38,106600,65120,-41480,61.09,1808.89,3.91,69.96,1787.33,-8.87,-0.53,21.56,mixed_edge
1-4,lane1_target_national_rank_pair,1-3,762,106,13.91,76200,46540,-29660,61.08,439.06,10.08,74.47,738.96,-13.39,3.83,-299.9,mixed_edge
1-4,target_lane x lane1_target_national_rank_pair,4 | 1-3,762,106,13.91,76200,46540,-29660,61.08,439.06,10.08,74.47,738.96,-13.39,3.83,-299.9,mixed_edge
1-2,lane1_target_exhibition_time_diff_bucket x lane1_target_start_exhibition_st_diff_bucket,target_faster_0.05_0.10 | target_faster_0.03_0.06,277,45,16.25,27700,16910,-10790,61.05,375.78,18.99,80.04,421.45,-18.99,-2.74,-45.67,mixed_edge
1-4,lane1_target_exhibition_time_diff_bucket x lane1_target_start_exhibition_st_diff_bucket,target_faster_0.05_0.10 | target_faster_0.03_0.06,218,22,10.09,21800,13300,-8500,61.01,604.55,10.08,74.47,738.96,-13.46,0.01,-134.41,mixed_edge
1-2,lane1_target_group_pair x other_a_count_bucket,B-A | 3,195,23,11.79,19500,11880,-7620,60.92,516.52,18.99,80.04,421.45,-19.12,-7.2,95.07,mixed_edge
1-6,other_exhibition_faster_than_target_count_bucket,4,2923,77,2.63,292300,177720,-114580,60.8,2308.05,3.91,69.96,1787.33,-9.16,-1.28,520.72,mixed_edge
1-6,target_exhibition_rank_bucket x other_exhibition_faster_than_target_count_bucket,4+ | 4,2923,77,2.63,292300,177720,-114580,60.8,2308.05,3.91,69.96,1787.33,-9.16,-1.28,520.72,mixed_edge
1-4,lane1_target_exhibition_st_rank_pair,4+-1,1435,119,8.29,143500,87150,-56350,60.73,732.35,10.08,74.47,738.96,-13.74,-1.79,-6.61,mixed_edge
1-4,lane1_exhibition_st_rank_bucket x target_exhibition_st_rank_bucket,4+ | 1,1435,119,8.29,143500,87150,-56350,60.73,732.35,10.08,74.47,738.96,-13.74,-1.79,-6.61,mixed_edge
1-3,lane1_target_exhibition_time_diff_bucket x lane1_target_start_exhibition_st_diff_bucket,near_equal | target_faster_0.06+,1213,149,12.28,121300,73650,-47650,60.72,494.3,15.77,78.64,498.72,-17.92,-3.49,-4.42,mixed_edge
1-6,target_class_group x target_outer_pressure_bucket,B | high_other_pressure,7789,161,2.07,778900,472500,-306400,60.66,2934.78,3.91,69.96,1787.33,-9.3,-1.84,1147.45,mixed_edge
1-2,lane1_target_start_gap_pair x target_outer_pressure_bucket,<=0.03-0.04-0.06 | high_other_pressure,516,78,15.12,51600,31270,-20330,60.6,400.9,18.99,80.04,421.45,-19.44,-3.87,-20.55,mixed_edge
1-6,lane1_boat_rank_bucket,3,2513,93,3.7,251300,151990,-99310,60.48,1634.3,3.91,69.96,1787.33,-9.48,-0.21,-153.03,mixed_edge
1-4,lane1_target_exhibition_time_diff_bucket x lane1_target_start_exhibition_st_diff_bucket,near_equal | target_faster_0.06+,1436,118,8.22,143600,86780,-56820,60.43,735.42,10.08,74.47,738.96,-14.04,-1.86,-3.54,mixed_edge
1-4,other_group_pattern,B-A-B-A,990,81,8.18,99000,59800,-39200,60.4,738.27,10.08,74.47,738.96,-14.07,-1.9,-0.69,mixed_edge
1-2,lane1_target_exhibition_st_rank_pair,4+-4+,3001,394,13.13,300100,181090,-119010,60.34,459.62,18.99,80.04,421.45,-19.7,-5.86,38.17,mixed_edge
1-2,lane1_exhibition_st_rank_bucket x target_exhibition_st_rank_bucket,4+ | 4+,3001,394,13.13,300100,181090,-119010,60.34,459.62,18.99,80.04,421.45,-19.7,-5.86,38.17,mixed_edge
1-5,lane1_target_start_gap_pair x target_outer_pressure_bucket,0.04-0.06->0.06 | high_other_pressure,766,33,4.31,76600,46200,-30400,60.31,1400.0,6.57,78.41,1193.16,-18.1,-2.26,206.84,mixed_edge
1-3,lane1_target_start_gap_pair,>0.06-0.04-0.06,848,108,12.74,84800,51110,-33690,60.27,473.24,15.77,78.64,498.72,-18.37,-3.03,-25.48,mixed_edge
1-3,target_lane x lane1_target_start_gap_pair,3 | >0.06-0.04-0.06,848,108,12.74,84800,51110,-33690,60.27,473.24,15.77,78.64,498.72,-18.37,-3.03,-25.48,mixed_edge
1-3,lane1_start_exhibition_gap_bucket x target_start_exhibition_gap_bucket,>0.06 | 0.04-0.06,848,108,12.74,84800,51110,-33690,60.27,473.24,15.77,78.64,498.72,-18.37,-3.03,-25.48,mixed_edge
1-6,lane1_exhibition_st_rank_bucket,2,2504,94,3.75,250400,150590,-99810,60.14,1602.02,3.91,69.96,1787.33,-9.82,-0.16,-185.31,mixed_edge
1-6,other_group_pattern,A-B-B-B,956,51,5.33,95600,57480,-38120,60.13,1127.06,3.91,69.96,1787.33,-9.83,1.42,-660.27,mixed_edge
1-6,stadium_code,24,612,24,3.92,61200,36800,-24400,60.13,1533.33,3.91,69.96,1787.33,-9.83,0.01,-254.0,mixed_edge
1-6,stadium_code x target_lane,24 | 6,612,24,3.92,61200,36800,-24400,60.13,1533.33,3.91,69.96,1787.33,-9.83,0.01,-254.0,mixed_edge
1-4,grade_group,G3,414,38,9.18,41400,24860,-16540,60.05,654.21,10.08,74.47,738.96,-14.42,-0.9,-84.75,mixed_edge
1-3,lane1_target_start_gap_pair x target_outer_pressure_bucket,>0.06-0.04-0.06 | high_other_pressure,693,78,11.26,69300,41520,-27780,59.91,532.31,15.77,78.64,498.72,-18.73,-4.51,33.59,mixed_edge
1-6,lane1_target_group_pair x other_a_count_bucket,B-A | 0,221,16,7.24,22100,13240,-8860,59.91,827.5,3.91,69.96,1787.33,-10.05,3.33,-959.83,mixed_edge
1-6,lane1_target_start_exhibition_st_diff_bucket,lane1_faster_0.06+,4975,157,3.16,497500,297420,-200080,59.78,1894.39,3.91,69.96,1787.33,-10.18,-0.75,107.06,mixed_edge
1-6,target_exhibition_rank_bucket x other_exhibition_faster_than_target_count_bucket,3 | 0,317,12,3.79,31700,18950,-12750,59.78,1579.17,3.91,69.96,1787.33,-10.18,-0.12,-208.16,mixed_edge
1-3,lane1_target_start_exhibition_st_diff_bucket,target_faster_0.06+,2540,314,12.36,254000,151650,-102350,59.7,482.96,15.77,78.64,498.72,-18.94,-3.41,-15.76,mixed_edge
1-2,lane1_target_start_gap_pair x target_outer_pressure_bucket,>0.06-<=0.03 | high_other_pressure,470,60,12.77,47000,28060,-18940,59.7,467.67,18.99,80.04,421.45,-20.34,-6.22,46.22,mixed_edge
1-6,target_start_exhibition_gap_bucket,0.04-0.06,2847,107,3.76,284700,169800,-114900,59.64,1586.92,3.91,69.96,1787.33,-10.32,-0.15,-200.41,mixed_edge
1-6,target_lane x target_start_exhibition_gap_bucket,6 | 0.04-0.06,2847,107,3.76,284700,169800,-114900,59.64,1586.92,3.91,69.96,1787.33,-10.32,-0.15,-200.41,mixed_edge
1-2,lane1_target_group_pair x other_a_count_bucket,A-A | 0,250,70,28.0,25000,14890,-10110,59.56,212.71,18.99,80.04,421.45,-20.48,9.01,-208.74,mixed_edge
1-3,other_st_faster_than_target_count_bucket,4,2130,220,10.33,213000,126670,-86330,59.47,575.77,15.77,78.64,498.72,-19.17,-5.44,77.05,mixed_edge
1-3,target_exhibition_st_rank_bucket x other_st_faster_than_target_count_bucket,4+ | 4,2130,220,10.33,213000,126670,-86330,59.47,575.77,15.77,78.64,498.72,-19.17,-5.44,77.05,mixed_edge
1-4,lane1_target_start_gap_pair x target_outer_pressure_bucket,>0.06->0.06 | high_other_pressure,1232,71,5.76,123200,73050,-50150,59.29,1028.87,10.08,74.47,738.96,-15.18,-4.32,289.91,mixed_edge
1-6,lane1_target_class_pair,B2-A2,94,3,3.19,9400,5570,-3830,59.26,1856.67,3.91,69.96,1787.33,-10.7,-0.72,69.34,mixed_edge
1-6,lane1_target_exhibition_st_rank_pair,3-4+,1487,50,3.36,148700,88110,-60590,59.25,1762.2,3.91,69.96,1787.33,-10.71,-0.55,-25.13,mixed_edge
1-6,lane1_exhibition_st_rank_bucket x target_exhibition_st_rank_bucket,3 | 4+,1487,50,3.36,148700,88110,-60590,59.25,1762.2,3.91,69.96,1787.33,-10.71,-0.55,-25.13,mixed_edge
1-6,lane1_target_exhibition_time_diff_bucket,target_faster_0.10+,837,37,4.42,83700,49570,-34130,59.22,1339.73,3.91,69.96,1787.33,-10.74,0.51,-447.6,mixed_edge
1-5,lane1_target_start_gap_pair x target_outer_pressure_bucket,>0.06-<=0.03 | some_other_pressure,125,9,7.2,12500,7400,-5100,59.2,822.22,6.57,78.41,1193.16,-19.21,0.63,-370.94,mixed_edge
1-6,lane1_local_win_rank_bucket,3,2620,94,3.59,262000,155080,-106920,59.19,1649.79,3.91,69.96,1787.33,-10.77,-0.32,-137.54,mixed_edge
1-5,lane1_target_group_pair x target_outer_pressure_bucket,B-B | some_other_pressure,191,13,6.81,19100,11260,-7840,58.95,866.15,6.57,78.41,1193.16,-19.46,0.24,-327.01,mixed_edge
1-3,lane1_target_exhibition_st_rank_pair,4+-4+,2323,268,11.54,232300,136890,-95410,58.93,510.78,15.77,78.64,498.72,-19.71,-4.23,12.06,mixed_edge
1-3,lane1_exhibition_st_rank_bucket x target_exhibition_st_rank_bucket,4+ | 4+,2323,268,11.54,232300,136890,-95410,58.93,510.78,15.77,78.64,498.72,-19.71,-4.23,12.06,mixed_edge
1-6,lane1_class,B2,407,15,3.69,40700,23950,-16750,58.85,1596.67,3.91,69.96,1787.33,-11.11,-0.22,-190.66,mixed_edge
1-2,lane1_target_start_gap_pair,<=0.03->0.06,760,118,15.53,76000,44720,-31280,58.84,378.98,18.99,80.04,421.45,-21.2,-3.46,-42.47,mixed_edge
1-2,target_lane x lane1_target_start_gap_pair,2 | <=0.03->0.06,760,118,15.53,76000,44720,-31280,58.84,378.98,18.99,80.04,421.45,-21.2,-3.46,-42.47,mixed_edge
1-2,lane1_start_exhibition_gap_bucket x target_start_exhibition_gap_bucket,<=0.03 | >0.06,760,118,15.53,76000,44720,-31280,58.84,378.98,18.99,80.04,421.45,-21.2,-3.46,-42.47,mixed_edge
1-6,lane1_target_class_pair,A2-A1,719,65,9.04,71900,42250,-29650,58.76,650.0,3.91,69.96,1787.33,-11.2,5.13,-1137.33,mixed_edge
1-4,lane1_target_class_pair,A2-A2,884,103,11.65,88400,51840,-36560,58.64,503.3,10.08,74.47,738.96,-15.83,1.57,-235.66,mixed_edge
1-2,lane1_target_exhibition_time_diff_bucket x lane1_target_start_exhibition_st_diff_bucket,target_faster_0.05_0.10 | target_faster_0.06+,243,30,12.35,24300,14210,-10090,58.48,473.67,18.99,80.04,421.45,-21.56,-6.64,52.22,mixed_edge
1-4,lane1_target_national_rank_pair x target_outer_pressure_bucket,1-3 | high_other_pressure,460,59,12.83,46000,26830,-19170,58.33,454.75,10.08,74.47,738.96,-16.14,2.75,-284.21,mixed_edge
1-4,lane1_target_class_pair,B2-A2,103,9,8.74,10300,5990,-4310,58.16,665.56,10.08,74.47,738.96,-16.31,-1.34,-73.4,mixed_edge
1-6,target_national_win_rank_bucket,4+,8449,157,1.86,844900,491210,-353690,58.14,3128.73,3.91,69.96,1787.33,-11.82,-2.05,1341.4,mixed_edge
1-6,lane1_target_group_pair x target_outer_pressure_bucket,B-B | high_other_pressure,3594,58,1.61,359400,208730,-150670,58.08,3598.79,3.91,69.96,1787.33,-11.88,-2.3,1811.46,mixed_edge
1-3,lane1_target_start_gap_pair x target_outer_pressure_bucket,0.04-0.06-<=0.03 | low_other_pressure,44,10,22.73,4400,2550,-1850,57.95,255.0,15.77,78.64,498.72,-20.69,6.96,-243.72,mixed_edge
1-3,lane1_target_group_pair x other_a_count_bucket,B-A | 4,39,5,12.82,3900,2260,-1640,57.95,452.0,15.77,78.64,498.72,-20.69,-2.95,-46.72,mixed_edge
1-6,lane1_target_start_gap_pair x target_outer_pressure_bucket,>0.06-0.04-0.06 | high_other_pressure,650,19,2.92,65000,37620,-27380,57.88,1980.0,3.91,69.96,1787.33,-12.08,-0.99,192.67,mixed_edge
1-3,lane1_target_start_gap_pair x target_outer_pressure_bucket,0.04-0.06->0.06 | high_other_pressure,682,72,10.56,68200,39380,-28820,57.74,546.94,15.77,78.64,498.72,-20.9,-5.21,48.22,mixed_edge
1-4,stadium_code,08,558,45,8.06,55800,32130,-23670,57.58,714.0,10.08,74.47,738.96,-16.89,-2.02,-24.96,mixed_edge
1-4,stadium_code x target_lane,08 | 4,558,45,8.06,55800,32130,-23670,57.58,714.0,10.08,74.47,738.96,-16.89,-2.02,-24.96,mixed_edge
1-6,target_start_exhibition_gap_bucket,>0.06,6739,204,3.03,673900,387960,-285940,57.57,1901.76,3.91,69.96,1787.33,-12.39,-0.88,114.43,mixed_edge
1-6,target_lane x target_start_exhibition_gap_bucket,6 | >0.06,6739,204,3.03,673900,387960,-285940,57.57,1901.76,3.91,69.96,1787.33,-12.39,-0.88,114.43,mixed_edge
1-3,target_exhibition_st_rank_bucket x other_st_faster_than_target_count_bucket,3 | 2,1016,123,12.11,101600,58480,-43120,57.56,475.45,15.77,78.64,498.72,-21.08,-3.66,-23.27,mixed_edge
1-4,lane1_target_exhibition_time_diff_bucket x lane1_target_start_exhibition_st_diff_bucket,target_faster_0.05_0.10 | lane1_faster_0.06+,431,47,10.9,43100,24760,-18340,57.45,526.81,10.08,74.47,738.96,-17.02,0.82,-212.15,mixed_edge
1-5,lane1_target_start_gap_pair x target_outer_pressure_bucket,>0.06-0.04-0.06 | some_other_pressure,106,10,9.43,10600,6090,-4510,57.45,609.0,6.57,78.41,1193.16,-20.96,2.86,-584.16,mixed_edge
1-6,lane1_target_exhibition_time_diff_bucket x lane1_target_start_exhibition_st_diff_bucket,near_equal | lane1_faster_0.03_0.06,905,28,3.09,90500,51950,-38550,57.4,1855.36,3.91,69.96,1787.33,-12.56,-0.82,68.03,mixed_edge
1-6,other_group_pattern,A-A-B-B,838,26,3.1,83800,48020,-35780,57.3,1846.92,3.91,69.96,1787.33,-12.66,-0.81,59.59,mixed_edge
1-5,lane1_target_class_pair,A1-B2,233,13,5.58,23300,13340,-9960,57.25,1026.15,6.57,78.41,1193.16,-21.16,-0.99,-167.01,mixed_edge
1-3,lane1_target_start_gap_pair,0.04-0.06->0.06,823,96,11.66,82300,47080,-35220,57.21,490.42,15.77,78.64,498.72,-21.43,-4.11,-8.3,mixed_edge
1-3,target_lane x lane1_target_start_gap_pair,3 | 0.04-0.06->0.06,823,96,11.66,82300,47080,-35220,57.21,490.42,15.77,78.64,498.72,-21.43,-4.11,-8.3,mixed_edge
1-3,lane1_start_exhibition_gap_bucket x target_start_exhibition_gap_bucket,0.04-0.06 | >0.06,823,96,11.66,82300,47080,-35220,57.21,490.42,15.77,78.64,498.72,-21.43,-4.11,-8.3,mixed_edge
1-6,lane1_target_start_gap_pair x target_outer_pressure_bucket,0.04-0.06-<=0.03 | high_other_pressure,426,12,2.82,42600,24370,-18230,57.21,2030.83,3.91,69.96,1787.33,-12.75,-1.09,243.5,mixed_edge
1-4,lane1_start_exhibition_gap_bucket,>0.06,4584,328,7.16,458400,261310,-197090,57.0,796.68,10.08,74.47,738.96,-17.47,-2.92,57.72,mixed_edge
1-6,stadium_code,14,501,16,3.19,50100,28530,-21570,56.95,1783.12,3.91,69.96,1787.33,-13.01,-0.72,-4.21,mixed_edge
1-6,stadium_code x target_lane,14 | 6,501,16,3.19,50100,28530,-21570,56.95,1783.12,3.91,69.96,1787.33,-13.01,-0.72,-4.21,mixed_edge
1-5,lane1_target_national_rank_pair x target_outer_pressure_bucket,1-3 | high_other_pressure,371,27,7.28,37100,21130,-15970,56.95,782.59,6.57,78.41,1193.16,-21.46,0.71,-410.57,mixed_edge
1-4,lane1_target_start_gap_pair x target_outer_pressure_bucket,>0.06->0.06 | low_other_pressure,68,10,14.71,6800,3870,-2930,56.91,387.0,10.08,74.47,738.96,-17.56,4.63,-351.96,mixed_edge
1-6,lane1_start_exhibition_gap_bucket,<=0.03,3295,110,3.34,329500,187410,-142090,56.88,1703.73,3.91,69.96,1787.33,-13.08,-0.57,-83.6,mixed_edge
1-4,lane1_target_start_gap_pair,>0.06-0.04-0.06,857,58,6.77,85700,48740,-36960,56.87,840.34,10.08,74.47,738.96,-17.6,-3.31,101.38,mixed_edge
1-4,target_lane x lane1_target_start_gap_pair,4 | >0.06-0.04-0.06,857,58,6.77,85700,48740,-36960,56.87,840.34,10.08,74.47,738.96,-17.6,-3.31,101.38,mixed_edge
1-4,lane1_start_exhibition_gap_bucket x target_start_exhibition_gap_bucket,>0.06 | 0.04-0.06,857,58,6.77,85700,48740,-36960,56.87,840.34,10.08,74.47,738.96,-17.6,-3.31,101.38,mixed_edge
1-3,lane1_start_exhibition_gap_bucket,>0.06,4584,524,11.43,458400,260640,-197760,56.86,497.4,15.77,78.64,498.72,-21.78,-4.34,-1.32,mixed_edge
1-4,stadium_code,22,575,46,8.0,57500,32610,-24890,56.71,708.91,10.08,74.47,738.96,-17.76,-2.08,-30.05,mixed_edge
1-4,stadium_code x target_lane,22 | 4,575,46,8.0,57500,32610,-24890,56.71,708.91,10.08,74.47,738.96,-17.76,-2.08,-30.05,mixed_edge
1-3,lane1_target_exhibition_time_diff_bucket x lane1_target_start_exhibition_st_diff_bucket,target_faster_0.05_0.10 | target_faster_0.06+,310,39,12.58,31000,17570,-13430,56.68,450.51,15.77,78.64,498.72,-21.96,-3.19,-48.21,mixed_edge
1-6,target_exhibition_st_rank_bucket,4+,9129,276,3.02,912900,517310,-395590,56.67,1874.31,3.91,69.96,1787.33,-13.29,-0.89,86.98,mixed_edge
1-6,target_lane x target_exhibition_st_rank_bucket,6 | 4+,9129,276,3.02,912900,517310,-395590,56.67,1874.31,3.91,69.96,1787.33,-13.29,-0.89,86.98,mixed_edge
1-2,lane1_target_group_pair x other_a_count_bucket,B-B | 4,33,5,15.15,3300,1870,-1430,56.67,374.0,18.99,80.04,421.45,-23.37,-3.84,-47.45,mixed_edge
1-4,other_group_pattern,B-B-B-A,1021,113,11.07,102100,57850,-44250,56.66,511.95,10.08,74.47,738.96,-17.81,0.99,-227.01,mixed_edge
1-6,lane1_target_start_exhibition_st_diff_bucket,lane1_faster_0.03_0.06,2063,74,3.59,206300,116810,-89490,56.62,1578.51,3.91,69.96,1787.33,-13.34,-0.32,-208.82,mixed_edge
1-2,lane1_target_national_rank_pair x target_outer_pressure_bucket,4+-1 | some_other_pressure,284,41,14.44,28400,16080,-12320,56.62,392.2,18.99,80.04,421.45,-23.42,-4.55,-29.25,mixed_edge
1-2,lane1_target_start_gap_pair,>0.06->0.06,2456,303,12.34,245600,138960,-106640,56.58,458.61,18.99,80.04,421.45,-23.46,-6.65,37.16,mixed_edge
1-2,target_lane x lane1_target_start_gap_pair,2 | >0.06->0.06,2456,303,12.34,245600,138960,-106640,56.58,458.61,18.99,80.04,421.45,-23.46,-6.65,37.16,mixed_edge
1-2,lane1_start_exhibition_gap_bucket x target_start_exhibition_gap_bucket,>0.06 | >0.06,2456,303,12.34,245600,138960,-106640,56.58,458.61,18.99,80.04,421.45,-23.46,-6.65,37.16,mixed_edge
1-5,stadium_code,15,619,36,5.82,61900,34970,-26930,56.49,971.39,6.57,78.41,1193.16,-21.92,-0.75,-221.77,mixed_edge
1-5,stadium_code x target_lane,15 | 5,619,36,5.82,61900,34970,-26930,56.49,971.39,6.57,78.41,1193.16,-21.92,-0.75,-221.77,mixed_edge
1-5,wind_bucket,5-6,2088,106,5.08,208800,117880,-90920,56.46,1112.08,6.57,78.41,1193.16,-21.95,-1.49,-81.08,mixed_edge
1-2,lane1_target_start_gap_pair x target_outer_pressure_bucket,>0.06-<=0.03 | low_other_pressure,53,11,20.75,5300,2990,-2310,56.42,271.82,18.99,80.04,421.45,-23.62,1.76,-149.63,mixed_edge
1-4,lane1_target_start_gap_pair,0.04-0.06->0.06,799,60,7.51,79900,45070,-34830,56.41,751.17,10.08,74.47,738.96,-18.06,-2.57,12.21,mixed_edge
1-4,target_lane x lane1_target_start_gap_pair,4 | 0.04-0.06->0.06,799,60,7.51,79900,45070,-34830,56.41,751.17,10.08,74.47,738.96,-18.06,-2.57,12.21,mixed_edge
1-4,lane1_start_exhibition_gap_bucket x target_start_exhibition_gap_bucket,0.04-0.06 | >0.06,799,60,7.51,79900,45070,-34830,56.41,751.17,10.08,74.47,738.96,-18.06,-2.57,12.21,mixed_edge
1-6,lane1_target_boat_place_diff_bucket,target_plus_4_10,2716,101,3.72,271600,153160,-118440,56.39,1516.44,3.91,69.96,1787.33,-13.57,-0.19,-270.89,mixed_edge
1-2,lane1_target_start_gap_pair x target_outer_pressure_bucket,>0.06->0.06 | high_other_pressure,1927,213,11.05,192700,108550,-84150,56.33,509.62,18.99,80.04,421.45,-23.71,-7.94,88.17,mixed_edge
1-4,other_group_pattern,A-A-B-B,792,52,6.57,79200,44480,-34720,56.16,855.38,10.08,74.47,738.96,-18.31,-3.51,116.42,mixed_edge
1-6,wind_bucket,5-6,2088,69,3.3,208800,117120,-91680,56.09,1697.39,3.91,69.96,1787.33,-13.87,-0.61,-89.94,mixed_edge
1-6,stadium_code,18,744,35,4.7,74400,41730,-32670,56.09,1192.29,3.91,69.96,1787.33,-13.87,0.79,-595.04,mixed_edge
1-6,stadium_code x target_lane,18 | 6,744,35,4.7,74400,41730,-32670,56.09,1192.29,3.91,69.96,1787.33,-13.87,0.79,-595.04,mixed_edge
1-4,lane1_target_start_gap_pair x target_outer_pressure_bucket,<=0.03->0.06 | some_other_pressure,110,14,12.73,11000,6170,-4830,56.09,440.71,10.08,74.47,738.96,-18.38,2.65,-298.25,mixed_edge
1-4,lane1_target_group_pair x other_a_count_bucket,A-B | 0,857,92,10.74,85700,48060,-37640,56.08,522.39,10.08,74.47,738.96,-18.39,0.66,-216.57,mixed_edge
1-2,lane1_target_start_gap_pair x target_outer_pressure_bucket,best-0.04-0.06 | low_other_pressure,93,20,21.51,9300,5210,-4090,56.02,260.5,18.99,80.04,421.45,-24.02,2.52,-160.95,mixed_edge
1-4,lane1_target_class_pair,A1-B2,124,9,7.26,12400,6910,-5490,55.73,767.78,10.08,74.47,738.96,-18.74,-2.82,28.82,mixed_edge
1-3,stadium_code,15,619,82,13.25,61900,34390,-27510,55.56,419.39,15.77,78.64,498.72,-23.08,-2.52,-79.33,mixed_edge
1-3,stadium_code x target_lane,15 | 3,619,82,13.25,61900,34390,-27510,55.56,419.39,15.77,78.64,498.72,-23.08,-2.52,-79.33,mixed_edge
1-6,other_st_faster_than_target_count_bucket,3,2912,88,3.02,291200,161700,-129500,55.53,1837.5,3.91,69.96,1787.33,-14.43,-0.89,50.17,mixed_edge
1-6,target_exhibition_st_rank_bucket x other_st_faster_than_target_count_bucket,4+ | 3,2912,88,3.02,291200,161700,-129500,55.53,1837.5,3.91,69.96,1787.33,-14.43,-0.89,50.17,mixed_edge
1-3,target_exhibition_rank_bucket x other_exhibition_faster_than_target_count_bucket,3 | 0,116,20,17.24,11600,6430,-5170,55.43,321.5,15.77,78.64,498.72,-23.21,1.47,-177.22,mixed_edge
1-5,lane1_target_exhibition_time_diff_bucket x lane1_target_start_exhibition_st_diff_bucket,lane1_faster_0.10+ | target_faster_0.06+,435,18,4.14,43500,24100,-19400,55.4,1338.89,6.57,78.41,1193.16,-23.01,-2.43,145.73,mixed_edge
1-5,lane1_target_exhibition_st_rank_pair,2-3,391,24,6.14,39100,21650,-17450,55.37,902.08,6.57,78.41,1193.16,-23.04,-0.43,-291.08,mixed_edge
1-5,lane1_exhibition_st_rank_bucket x target_exhibition_st_rank_bucket,2 | 3,391,24,6.14,39100,21650,-17450,55.37,902.08,6.57,78.41,1193.16,-23.04,-0.43,-291.08,mixed_edge
1-4,lane1_target_start_gap_pair,>0.06->0.06,1471,91,6.19,147100,81350,-65750,55.3,893.96,10.08,74.47,738.96,-19.17,-3.89,155.0,mixed_edge
1-4,target_lane x lane1_target_start_gap_pair,4 | >0.06->0.06,1471,91,6.19,147100,81350,-65750,55.3,893.96,10.08,74.47,738.96,-19.17,-3.89,155.0,mixed_edge
1-4,lane1_start_exhibition_gap_bucket x target_start_exhibition_gap_bucket,>0.06 | >0.06,1471,91,6.19,147100,81350,-65750,55.3,893.96,10.08,74.47,738.96,-19.17,-3.89,155.0,mixed_edge
1-5,lane1_target_national_rank_pair x target_outer_pressure_bucket,2-1 | low_other_pressure,143,18,12.59,14300,7870,-6430,55.03,437.22,6.57,78.41,1193.16,-23.38,6.02,-755.94,mixed_edge
1-4,other_group_pattern,A-A-A-B,641,41,6.4,64100,35130,-28970,54.8,856.83,10.08,74.47,738.96,-19.67,-3.68,117.87,mixed_edge
1-4,lane1_target_class_pair,A2-B2,295,13,4.41,29500,16090,-13410,54.54,1237.69,10.08,74.47,738.96,-19.93,-5.67,498.73,mixed_edge
1-3,lane1_target_start_gap_pair,>0.06-best,957,112,11.7,95700,52130,-43570,54.47,465.45,15.77,78.64,498.72,-24.17,-4.07,-33.27,mixed_edge
1-3,target_lane x lane1_target_start_gap_pair,3 | >0.06-best,957,112,11.7,95700,52130,-43570,54.47,465.45,15.77,78.64,498.72,-24.17,-4.07,-33.27,mixed_edge
1-3,lane1_start_exhibition_gap_bucket x target_start_exhibition_gap_bucket,>0.06 | best,957,112,11.7,95700,52130,-43570,54.47,465.45,15.77,78.64,498.72,-24.17,-4.07,-33.27,mixed_edge
1-6,stadium_code,07,766,26,3.39,76600,41710,-34890,54.45,1604.23,3.91,69.96,1787.33,-15.51,-0.52,-183.1,mixed_edge
1-6,stadium_code x target_lane,07 | 6,766,26,3.39,76600,41710,-34890,54.45,1604.23,3.91,69.96,1787.33,-15.51,-0.52,-183.1,mixed_edge
1-3,lane1_target_start_gap_pair,<=0.03->0.06,783,93,11.88,78300,42590,-35710,54.39,457.96,15.77,78.64,498.72,-24.25,-3.89,-40.76,mixed_edge
1-3,target_lane x lane1_target_start_gap_pair,3 | <=0.03->0.06,783,93,11.88,78300,42590,-35710,54.39,457.96,15.77,78.64,498.72,-24.25,-3.89,-40.76,mixed_edge
1-3,lane1_start_exhibition_gap_bucket x target_start_exhibition_gap_bucket,<=0.03 | >0.06,783,93,11.88,78300,42590,-35710,54.39,457.96,15.77,78.64,498.72,-24.25,-3.89,-40.76,mixed_edge
1-2,lane1_target_exhibition_time_diff_bucket x lane1_target_start_exhibition_st_diff_bucket,lane1_faster_0.10+ | target_faster_0.06+,220,28,12.73,22000,11930,-10070,54.23,426.07,18.99,80.04,421.45,-25.81,-6.26,4.62,mixed_edge
1-5,lane1_target_national_rank_pair x target_outer_pressure_bucket,1-2 | some_other_pressure,122,12,9.84,12200,6590,-5610,54.02,549.17,6.57,78.41,1193.16,-24.39,3.27,-643.99,mixed_edge
1-4,lane1_target_start_gap_pair x target_outer_pressure_bucket,0.04-0.06-0.04-0.06 | some_other_pressure,63,7,11.11,6300,3400,-2900,53.97,485.71,10.08,74.47,738.96,-20.5,1.03,-253.25,mixed_edge
1-4,lane1_target_start_gap_pair x target_outer_pressure_bucket,>0.06-<=0.03 | low_other_pressure,62,7,11.29,6200,3340,-2860,53.87,477.14,10.08,74.47,738.96,-20.6,1.21,-261.82,mixed_edge
1-6,grade_group,G1,659,21,3.19,65900,35400,-30500,53.72,1685.71,3.91,69.96,1787.33,-16.24,-0.72,-101.62,mixed_edge
1-6,stadium_code,17,677,22,3.25,67700,36320,-31380,53.65,1650.91,3.91,69.96,1787.33,-16.31,-0.66,-136.42,mixed_edge
1-6,stadium_code x target_lane,17 | 6,677,22,3.25,67700,36320,-31380,53.65,1650.91,3.91,69.96,1787.33,-16.31,-0.66,-136.42,mixed_edge
1-3,lane1_target_start_gap_pair x target_outer_pressure_bucket,0.04-0.06->0.06 | some_other_pressure,113,18,15.93,11300,6030,-5270,53.36,335.0,15.77,78.64,498.72,-25.28,0.16,-163.72,mixed_edge
1-6,stadium_code,21,597,16,2.68,59700,31850,-27850,53.35,1990.62,3.91,69.96,1787.33,-16.61,-1.23,203.29,mixed_edge
1-6,stadium_code x target_lane,21 | 6,597,16,2.68,59700,31850,-27850,53.35,1990.62,3.91,69.96,1787.33,-16.61,-1.23,203.29,mixed_edge
1-4,lane1_target_exhibition_st_rank_pair,3-4+,1337,107,8.0,133700,71260,-62440,53.3,665.98,10.08,74.47,738.96,-21.17,-2.08,-72.98,mixed_edge
1-4,lane1_exhibition_st_rank_bucket x target_exhibition_st_rank_bucket,3 | 4+,1337,107,8.0,133700,71260,-62440,53.3,665.98,10.08,74.47,738.96,-21.17,-2.08,-72.98,mixed_edge
1-6,lane1_target_exhibition_st_rank_pair,3-2,442,22,4.98,44200,23520,-20680,53.21,1069.09,3.91,69.96,1787.33,-16.75,1.07,-718.24,mixed_edge
1-6,lane1_exhibition_st_rank_bucket x target_exhibition_st_rank_bucket,3 | 2,442,22,4.98,44200,23520,-20680,53.21,1069.09,3.91,69.96,1787.33,-16.75,1.07,-718.24,mixed_edge
1-6,lane1_target_exhibition_time_diff_bucket x lane1_target_start_exhibition_st_diff_bucket,target_faster_0.10+ | target_faster_0.06+,187,6,3.21,18700,9950,-8750,53.21,1658.33,3.91,69.96,1787.33,-16.75,-0.7,-129.0,mixed_edge
1-2,lane1_target_start_gap_pair x target_outer_pressure_bucket,<=0.03->0.06 | high_other_pressure,621,82,13.2,62100,33020,-29080,53.17,402.68,18.99,80.04,421.45,-26.87,-5.79,-18.77,mixed_edge
1-4,lane1_target_start_gap_pair x target_outer_pressure_bucket,>0.06-best | some_other_pressure,191,23,12.04,19100,10150,-8950,53.14,441.3,10.08,74.47,738.96,-21.33,1.96,-297.66,mixed_edge
1-6,lane1_target_start_gap_pair x target_outer_pressure_bucket,0.04-0.06-0.04-0.06 | some_other_pressure,64,4,6.25,6400,3390,-3010,52.97,847.5,3.91,69.96,1787.33,-16.99,2.34,-939.83,mixed_edge
1-4,lane1_target_start_gap_pair x target_outer_pressure_bucket,0.04-0.06->0.06 | high_other_pressure,672,39,5.8,67200,35400,-31800,52.68,907.69,10.08,74.47,738.96,-21.79,-4.28,168.73,mixed_edge
1-6,target_exhibition_st_rank_bucket x other_st_faster_than_target_count_bucket,4+ | 1,441,22,4.99,44100,23190,-20910,52.59,1054.09,3.91,69.96,1787.33,-17.37,1.08,-733.24,mixed_edge
1-4,other_st_faster_than_target_count_bucket,4,2224,147,6.61,222400,116420,-105980,52.35,791.97,10.08,74.47,738.96,-22.12,-3.47,53.01,mixed_edge
1-4,target_exhibition_st_rank_bucket x other_st_faster_than_target_count_bucket,4+ | 4,2224,147,6.61,222400,116420,-105980,52.35,791.97,10.08,74.47,738.96,-22.12,-3.47,53.01,mixed_edge
1-2,lane1_target_start_gap_pair x target_outer_pressure_bucket,>0.06->0.06 | some_other_pressure,382,55,14.4,38200,19970,-18230,52.28,363.09,18.99,80.04,421.45,-27.76,-4.59,-58.36,mixed_edge
1-4,lane1_target_national_rank_pair x target_outer_pressure_bucket,3-1 | some_other_pressure,112,12,10.71,11200,5850,-5350,52.23,487.5,10.08,74.47,738.96,-22.24,0.63,-251.46,mixed_edge
1-4,stadium_code,06,740,61,8.24,74000,38600,-35400,52.16,632.79,10.08,74.47,738.96,-22.31,-1.84,-106.17,mixed_edge
1-4,stadium_code x target_lane,06 | 4,740,61,8.24,74000,38600,-35400,52.16,632.79,10.08,74.47,738.96,-22.31,-1.84,-106.17,mixed_edge
1-4,lane1_target_national_rank_pair x target_outer_pressure_bucket,3-2 | some_other_pressure,222,26,11.71,22200,11580,-10620,52.16,445.38,10.08,74.47,738.96,-22.31,1.63,-293.58,mixed_edge
1-3,lane1_target_start_gap_pair x target_outer_pressure_bucket,<=0.03->0.06 | high_other_pressure,658,68,10.33,65800,34310,-31490,52.14,504.56,15.77,78.64,498.72,-26.5,-5.44,5.84,mixed_edge
1-6,other_a_count_bucket,3,1987,30,1.51,198700,103590,-95110,52.13,3453.0,3.91,69.96,1787.33,-17.83,-2.4,1665.67,mixed_edge
1-6,target_lane x other_a_count_bucket,6 | 3,1987,30,1.51,198700,103590,-95110,52.13,3453.0,3.91,69.96,1787.33,-17.83,-2.4,1665.67,mixed_edge
1-4,lane1_target_start_gap_pair x target_outer_pressure_bucket,>0.06-0.04-0.06 | high_other_pressure,699,41,5.87,69900,36410,-33490,52.09,888.05,10.08,74.47,738.96,-22.38,-4.21,149.09,mixed_edge
1-2,lane1_target_start_gap_pair x target_outer_pressure_bucket,<=0.03-<=0.03 | low_other_pressure,63,13,20.63,6300,3280,-3020,52.06,252.31,18.99,80.04,421.45,-27.98,1.64,-169.14,mixed_edge
1-4,lane1_class,B2,407,25,6.14,40700,21050,-19650,51.72,842.0,10.08,74.47,738.96,-22.75,-3.94,103.04,mixed_edge
1-4,lane1_target_start_gap_pair,<=0.03->0.06,995,82,8.24,99500,51380,-48120,51.64,626.59,10.08,74.47,738.96,-22.83,-1.84,-112.37,mixed_edge
1-4,target_lane x lane1_target_start_gap_pair,4 | <=0.03->0.06,995,82,8.24,99500,51380,-48120,51.64,626.59,10.08,74.47,738.96,-22.83,-1.84,-112.37,mixed_edge
1-4,lane1_start_exhibition_gap_bucket x target_start_exhibition_gap_bucket,<=0.03 | >0.06,995,82,8.24,99500,51380,-48120,51.64,626.59,10.08,74.47,738.96,-22.83,-1.84,-112.37,mixed_edge
1-3,lane1_target_start_gap_pair,>0.06->0.06,1982,204,10.29,198200,101530,-96670,51.23,497.7,15.77,78.64,498.72,-27.41,-5.48,-1.02,mixed_edge
1-3,target_lane x lane1_target_start_gap_pair,3 | >0.06->0.06,1982,204,10.29,198200,101530,-96670,51.23,497.7,15.77,78.64,498.72,-27.41,-5.48,-1.02,mixed_edge
1-3,lane1_start_exhibition_gap_bucket x target_start_exhibition_gap_bucket,>0.06 | >0.06,1982,204,10.29,198200,101530,-96670,51.23,497.7,15.77,78.64,498.72,-27.41,-5.48,-1.02,mixed_edge
1-4,lane1_target_exhibition_time_diff_bucket x lane1_target_start_exhibition_st_diff_bucket,target_faster_0.10+ | target_faster_0.06+,175,8,4.57,17500,8950,-8550,51.14,1118.75,10.08,74.47,738.96,-23.33,-5.51,379.79,mixed_edge
1-6,lane1_target_exhibition_time_diff_bucket x lane1_target_start_exhibition_st_diff_bucket,target_faster_0.05_0.10 | lane1_faster_0.03_0.06,246,11,4.47,24600,12480,-12120,50.73,1134.55,3.91,69.96,1787.33,-19.23,0.56,-652.78,mixed_edge
1-4,lane1_target_start_gap_pair x target_outer_pressure_bucket,>0.06-<=0.03 | some_other_pressure,117,14,11.97,11700,5920,-5780,50.6,422.86,10.08,74.47,738.96,-23.87,1.89,-316.1,mixed_edge
1-5,lane1_target_class_pair,B1-B2,754,9,1.19,75400,38100,-37300,50.53,4233.33,6.57,78.41,1193.16,-27.88,-5.38,3040.17,mixed_edge
1-4,lane1_target_start_gap_pair x target_outer_pressure_bucket,<=0.03->0.06 | high_other_pressure,831,58,6.98,83100,41880,-41220,50.4,722.07,10.08,74.47,738.96,-24.07,-3.1,-16.89,mixed_edge
1-6,lane1_target_exhibition_time_diff_bucket x lane1_target_start_exhibition_st_diff_bucket,target_faster_0.10+ | near_equal,172,7,4.07,17200,8650,-8550,50.29,1235.71,3.91,69.96,1787.33,-19.67,0.16,-551.62,mixed_edge
1-6,lane1_target_national_win_diff_bucket,lane1_plus_1.00+,5578,110,1.97,557800,280270,-277530,50.25,2547.91,3.91,69.96,1787.33,-19.71,-1.94,760.58,mixed_edge
1-4,lane1_target_start_gap_pair x target_outer_pressure_bucket,>0.06-best | high_other_pressure,942,60,6.37,94200,46920,-47280,49.81,782.0,10.08,74.47,738.96,-24.66,-3.71,43.04,mixed_edge
1-5,target_exhibition_rank_bucket x other_exhibition_faster_than_target_count_bucket,3 | 2,709,35,4.94,70900,35210,-35690,49.66,1006.0,6.57,78.41,1193.16,-28.75,-1.63,-187.16,mixed_edge
1-6,lane1_target_group_pair x other_a_count_bucket,B-B | 1,823,16,1.94,82300,40720,-41580,49.48,2545.0,3.91,69.96,1787.33,-20.48,-1.97,757.67,mixed_edge
1-3,lane1_target_group_pair x target_outer_pressure_bucket,B-B | low_other_pressure,52,6,11.54,5200,2570,-2630,49.42,428.33,15.77,78.64,498.72,-29.22,-4.23,-70.39,mixed_edge
1-5,stadium_code,01,666,34,5.11,66600,32770,-33830,49.2,963.82,6.57,78.41,1193.16,-29.21,-1.46,-229.34,mixed_edge
1-5,stadium_code x target_lane,01 | 5,666,34,5.11,66600,32770,-33830,49.2,963.82,6.57,78.41,1193.16,-29.21,-1.46,-229.34,mixed_edge
1-2,lane1_target_class_pair,B2-B1,236,16,6.78,23600,11570,-12030,49.03,723.12,18.99,80.04,421.45,-31.01,-12.21,301.67,mixed_edge
1-6,lane1_target_start_gap_pair,>0.06->0.06,1707,44,2.58,170700,83430,-87270,48.88,1896.14,3.91,69.96,1787.33,-21.08,-1.33,108.81,mixed_edge
1-6,target_lane x lane1_target_start_gap_pair,6 | >0.06->0.06,1707,44,2.58,170700,83430,-87270,48.88,1896.14,3.91,69.96,1787.33,-21.08,-1.33,108.81,mixed_edge
1-6,lane1_start_exhibition_gap_bucket x target_start_exhibition_gap_bucket,>0.06 | >0.06,1707,44,2.58,170700,83430,-87270,48.88,1896.14,3.91,69.96,1787.33,-21.08,-1.33,108.81,mixed_edge
1-6,lane1_target_class_pair,B2-B1,176,3,1.7,17600,8600,-9000,48.86,2866.67,3.91,69.96,1787.33,-21.1,-2.21,1079.34,mixed_edge
1-4,lane1_target_start_gap_pair,>0.06-best,1233,90,7.3,123300,60150,-63150,48.78,668.33,10.08,74.47,738.96,-25.69,-2.78,-70.63,mixed_edge
1-4,target_lane x lane1_target_start_gap_pair,4 | >0.06-best,1233,90,7.3,123300,60150,-63150,48.78,668.33,10.08,74.47,738.96,-25.69,-2.78,-70.63,mixed_edge
1-4,lane1_start_exhibition_gap_bucket x target_start_exhibition_gap_bucket,>0.06 | best,1233,90,7.3,123300,60150,-63150,48.78,668.33,10.08,74.47,738.96,-25.69,-2.78,-70.63,mixed_edge
1-2,lane1_target_exhibition_time_diff_bucket x lane1_target_start_exhibition_st_diff_bucket,target_faster_0.10+ | lane1_faster_0.03_0.06,153,23,15.03,15300,7450,-7850,48.69,323.91,18.99,80.04,421.45,-31.35,-3.96,-97.54,mixed_edge
1-3,lane1_target_start_gap_pair x target_outer_pressure_bucket,>0.06-best | high_other_pressure,704,66,9.38,70400,33640,-36760,47.78,509.7,15.77,78.64,498.72,-30.86,-6.39,10.98,mixed_edge
1-4,lane1_target_start_gap_pair x target_outer_pressure_bucket,0.04-0.06-best | low_other_pressure,45,7,15.56,4500,2150,-2350,47.78,307.14,10.08,74.47,738.96,-26.69,5.48,-431.82,mixed_edge
1-4,lane1_target_class_pair,B2-B1,218,7,3.21,21800,10390,-11410,47.66,1484.29,10.08,74.47,738.96,-26.81,-6.87,745.33,mixed_edge
1-3,lane1_target_start_gap_pair x target_outer_pressure_bucket,>0.06->0.06 | high_other_pressure,1628,141,8.66,162800,77520,-85280,47.62,549.79,15.77,78.64,498.72,-31.02,-7.11,51.07,mixed_edge
1-5,wind_bucket,7+,768,34,4.43,76800,36520,-40280,47.55,1074.12,6.57,78.41,1193.16,-30.86,-2.14,-119.04,mixed_edge
1-5,lane1_target_exhibition_time_diff_bucket x lane1_target_start_exhibition_st_diff_bucket,target_faster_0.05_0.10 | lane1_faster_0.06+,439,22,5.01,43900,20840,-23060,47.47,947.27,6.57,78.41,1193.16,-30.94,-1.56,-245.89,mixed_edge
1-4,lane1_target_exhibition_time_diff_bucket x lane1_target_start_exhibition_st_diff_bucket,target_faster_0.10+ | near_equal,206,18,8.74,20600,9570,-11030,46.46,531.67,10.08,74.47,738.96,-28.01,-1.34,-207.29,mixed_edge
1-6,target_exhibition_rank_bucket x other_exhibition_faster_than_target_count_bucket,3 | 2,665,16,2.41,66500,30870,-35630,46.42,1929.38,3.91,69.96,1787.33,-23.54,-1.5,142.05,mixed_edge
1-5,lane1_target_exhibition_time_diff_bucket x lane1_target_start_exhibition_st_diff_bucket,target_faster_0.05_0.10 | target_faster_0.06+,325,15,4.62,32500,15080,-17420,46.4,1005.33,6.57,78.41,1193.16,-32.01,-1.95,-187.83,mixed_edge
1-6,stadium_code,10,582,22,3.78,58200,26950,-31250,46.31,1225.0,3.91,69.96,1787.33,-23.65,-0.13,-562.33,mixed_edge
1-6,stadium_code x target_lane,10 | 6,582,22,3.78,58200,26950,-31250,46.31,1225.0,3.91,69.96,1787.33,-23.65,-0.13,-562.33,mixed_edge
1-3,lane1_target_exhibition_time_diff_bucket x lane1_target_start_exhibition_st_diff_bucket,target_faster_0.10+ | target_faster_0.06+,175,13,7.43,17500,8090,-9410,46.23,622.31,15.77,78.64,498.72,-32.41,-8.34,123.59,mixed_edge
1-6,lane1_target_exhibition_time_diff_bucket x lane1_target_start_exhibition_st_diff_bucket,lane1_faster_0.10+ | lane1_faster_0.03_0.06,359,12,3.34,35900,16590,-19310,46.21,1382.5,3.91,69.96,1787.33,-23.75,-0.57,-404.83,mixed_edge
1-6,other_st_faster_than_target_count_bucket,4,3707,92,2.48,370700,170800,-199900,46.07,1856.52,3.91,69.96,1787.33,-23.89,-1.43,69.19,mixed_edge
1-6,target_exhibition_st_rank_bucket x other_st_faster_than_target_count_bucket,4+ | 4,3707,92,2.48,370700,170800,-199900,46.07,1856.52,3.91,69.96,1787.33,-23.89,-1.43,69.19,mixed_edge
1-5,other_group_pattern,A-A-B-B,854,31,3.63,85400,39330,-46070,46.05,1268.71,6.57,78.41,1193.16,-32.36,-2.94,75.55,mixed_edge
1-6,other_group_pattern,A-A-A-B,510,6,1.18,51000,23470,-27530,46.02,3911.67,3.91,69.96,1787.33,-23.94,-2.73,2124.34,mixed_edge
1-2,lane1_target_group_pair x other_a_count_bucket,B-A | 4,39,5,12.82,3900,1790,-2110,45.9,358.0,18.99,80.04,421.45,-34.14,-6.17,-63.45,mixed_edge
1-6,wave_bucket,10+,175,6,3.43,17500,8030,-9470,45.89,1338.33,3.91,69.96,1787.33,-24.07,-0.48,-449.0,mixed_edge
1-6,lane1_target_start_gap_pair x target_outer_pressure_bucket,>0.06->0.06 | high_other_pressure,1467,29,1.98,146700,67280,-79420,45.86,2320.0,3.91,69.96,1787.33,-24.1,-1.93,532.67,mixed_edge
1-5,lane1_target_start_gap_pair x target_outer_pressure_bucket,>0.06-best | low_other_pressure,82,7,8.54,8200,3760,-4440,45.85,537.14,6.57,78.41,1193.16,-32.56,1.97,-656.02,mixed_edge
1-6,lane1_target_start_gap_pair x target_outer_pressure_bucket,best-0.04-0.06 | low_other_pressure,48,4,8.33,4800,2180,-2620,45.42,545.0,3.91,69.96,1787.33,-24.54,4.42,-1242.33,mixed_edge
1-5,lane1_target_start_gap_pair x target_outer_pressure_bucket,best-<=0.03 | low_other_pressure,46,5,10.87,4600,2080,-2520,45.22,416.0,6.57,78.41,1193.16,-33.19,4.3,-777.16,mixed_edge
1-6,lane1_target_group_pair x other_a_count_bucket,A-B | 4,174,2,1.15,17400,7860,-9540,45.17,3930.0,3.91,69.96,1787.33,-24.79,-2.76,2142.67,mixed_edge
1-5,lane1_target_start_gap_pair x target_outer_pressure_bucket,>0.06-best | some_other_pressure,170,13,7.65,17000,7670,-9330,45.12,590.0,6.57,78.41,1193.16,-33.29,1.08,-603.16,mixed_edge
1-3,lane1_target_exhibition_time_diff_bucket x lane1_target_start_exhibition_st_diff_bucket,lane1_faster_0.10+ | target_faster_0.06+,316,33,10.44,31600,14230,-17370,45.03,431.21,15.77,78.64,498.72,-33.61,-5.33,-67.51,mixed_edge
1-5,lane1_target_exhibition_time_diff_bucket x lane1_target_start_exhibition_st_diff_bucket,lane1_faster_0.10+ | lane1_faster_0.06+,744,30,4.03,74400,33330,-41070,44.8,1111.0,6.57,78.41,1193.16,-33.61,-2.54,-82.16,mixed_edge
1-6,lane1_target_group_pair x other_a_count_bucket,B-B | 3,733,5,0.68,73300,32820,-40480,44.77,6564.0,3.91,69.96,1787.33,-25.19,-3.23,4776.67,mixed_edge
1-3,lane1_target_start_gap_pair x target_outer_pressure_bucket,>0.06->0.06 | low_other_pressure,101,15,14.85,10100,4510,-5590,44.65,300.67,15.77,78.64,498.72,-33.99,-0.92,-198.05,mixed_edge
1-5,target_class,B2,1498,28,1.87,149800,66450,-83350,44.36,2373.21,6.57,78.41,1193.16,-34.05,-4.7,1180.05,mixed_edge
1-6,other_b2_count_bucket,2,318,16,5.03,31800,14030,-17770,44.12,876.88,3.91,69.96,1787.33,-25.84,1.12,-910.45,mixed_edge
1-6,stadium_code,09,353,8,2.27,35300,15510,-19790,43.94,1938.75,3.91,69.96,1787.33,-26.02,-1.64,151.42,mixed_edge
1-6,stadium_code x target_lane,09 | 6,353,8,2.27,35300,15510,-19790,43.94,1938.75,3.91,69.96,1787.33,-26.02,-1.64,151.42,mixed_edge
1-5,lane1_target_start_gap_pair,>0.06-0.04-0.06,889,34,3.82,88900,39000,-49900,43.87,1147.06,6.57,78.41,1193.16,-34.54,-2.75,-46.1,mixed_edge
1-5,target_lane x lane1_target_start_gap_pair,5 | >0.06-0.04-0.06,889,34,3.82,88900,39000,-49900,43.87,1147.06,6.57,78.41,1193.16,-34.54,-2.75,-46.1,mixed_edge
1-5,lane1_start_exhibition_gap_bucket x target_start_exhibition_gap_bucket,>0.06 | 0.04-0.06,889,34,3.82,88900,39000,-49900,43.87,1147.06,6.57,78.41,1193.16,-34.54,-2.75,-46.1,mixed_edge
1-6,month,2026-04,1230,35,2.85,123000,53820,-69180,43.76,1537.71,3.91,69.96,1787.33,-26.2,-1.06,-249.62,mixed_edge
1-6,other_national_better_than_target_count_bucket,4,4042,41,1.01,404200,176290,-227910,43.61,4299.76,3.91,69.96,1787.33,-26.35,-2.9,2512.43,mixed_edge
1-6,target_national_win_rank_bucket x other_national_better_than_target_count_bucket,4+ | 4,4042,41,1.01,404200,176290,-227910,43.61,4299.76,3.91,69.96,1787.33,-26.35,-2.9,2512.43,mixed_edge
1-5,lane1_target_exhibition_time_diff_bucket x lane1_target_start_exhibition_st_diff_bucket,target_faster_0.10+ | target_faster_0.06+,179,10,5.59,17900,7780,-10120,43.46,778.0,6.57,78.41,1193.16,-34.95,-0.98,-415.16,mixed_edge
1-6,lane1_target_exhibition_st_rank_pair,2-4+,1766,47,2.66,176600,76510,-100090,43.32,1627.87,3.91,69.96,1787.33,-26.64,-1.25,-159.46,mixed_edge
1-6,lane1_exhibition_st_rank_bucket x target_exhibition_st_rank_bucket,2 | 4+,1766,47,2.66,176600,76510,-100090,43.32,1627.87,3.91,69.96,1787.33,-26.64,-1.25,-159.46,mixed_edge
1-2,lane1_target_start_gap_pair x target_outer_pressure_bucket,>0.06-0.04-0.06 | low_other_pressure,55,9,16.36,5500,2360,-3140,42.91,262.22,18.99,80.04,421.45,-37.13,-2.63,-159.23,mixed_edge
1-6,lane1_target_exhibition_st_rank_pair,4+-4+,2456,52,2.12,245600,104400,-141200,42.51,2007.69,3.91,69.96,1787.33,-27.45,-1.79,220.36,mixed_edge
1-6,lane1_exhibition_st_rank_bucket x target_exhibition_st_rank_bucket,4+ | 4+,2456,52,2.12,245600,104400,-141200,42.51,2007.69,3.91,69.96,1787.33,-27.45,-1.79,220.36,mixed_edge
1-6,lane1_target_start_gap_pair x target_outer_pressure_bucket,<=0.03->0.06 | some_other_pressure,145,7,4.83,14500,6100,-8400,42.07,871.43,3.91,69.96,1787.33,-27.89,0.92,-915.9,mixed_edge
1-4,lane1_target_start_gap_pair x target_outer_pressure_bucket,>0.06-0.04-0.06 | low_other_pressure,43,5,11.63,4300,1780,-2520,41.4,356.0,10.08,74.47,738.96,-33.07,1.55,-382.96,mixed_edge
1-5,lane1_target_start_gap_pair x target_outer_pressure_bucket,>0.06-0.04-0.06 | high_other_pressure,747,19,2.54,74700,30480,-44220,40.8,1604.21,6.57,78.41,1193.16,-37.61,-4.03,411.05,mixed_edge
1-6,stadium_code,11,600,21,3.5,60000,24130,-35870,40.22,1149.05,3.91,69.96,1787.33,-29.74,-0.41,-638.28,mixed_edge
1-6,stadium_code x target_lane,11 | 6,600,21,3.5,60000,24130,-35870,40.22,1149.05,3.91,69.96,1787.33,-29.74,-0.41,-638.28,mixed_edge
1-5,lane1_target_start_gap_pair x target_outer_pressure_bucket,>0.06->0.06 | low_other_pressure,39,3,7.69,3900,1540,-2360,39.49,513.33,6.57,78.41,1193.16,-38.92,1.12,-679.83,mixed_edge
1-5,lane1_target_group_pair x target_outer_pressure_bucket,B-B | low_other_pressure,46,3,6.52,4600,1810,-2790,39.35,603.33,6.57,78.41,1193.16,-39.06,-0.05,-589.83,mixed_edge
1-5,lane1_target_group_pair x other_a_count_bucket,A-B | 4,118,4,3.39,11800,4560,-7240,38.64,1140.0,6.57,78.41,1193.16,-39.77,-3.18,-53.16,mixed_edge
1-6,lane1_target_national_rank_pair,4+-4+,2435,19,0.78,243500,93880,-149620,38.55,4941.05,3.91,69.96,1787.33,-31.41,-3.13,3153.72,mixed_edge
1-6,target_lane x lane1_target_national_rank_pair,6 | 4+-4+,2435,19,0.78,243500,93880,-149620,38.55,4941.05,3.91,69.96,1787.33,-31.41,-3.13,3153.72,mixed_edge
1-6,lane1_target_national_rank_pair x target_outer_pressure_bucket,4+-4+ | high_other_pressure,2435,19,0.78,243500,93880,-149620,38.55,4941.05,3.91,69.96,1787.33,-31.41,-3.13,3153.72,mixed_edge
1-3,lane1_target_start_gap_pair x target_outer_pressure_bucket,0.04-0.06-0.04-0.06 | low_other_pressure,37,6,16.22,3700,1380,-2320,37.3,230.0,15.77,78.64,498.72,-41.34,0.45,-268.72,mixed_edge
1-4,lane1_target_class_pair,B2-B2,34,1,2.94,3400,1250,-2150,36.76,1250.0,10.08,74.47,738.96,-37.71,-7.14,511.04,mixed_edge
1-6,other_group_pattern,A-A-B-A,589,9,1.53,58900,21530,-37370,36.55,2392.22,3.91,69.96,1787.33,-33.41,-2.38,604.89,mixed_edge
1-6,lane1_target_start_gap_pair,0.04-0.06->0.06,1076,26,2.42,107600,39140,-68460,36.38,1505.38,3.91,69.96,1787.33,-33.58,-1.49,-281.95,mixed_edge
1-6,target_lane x lane1_target_start_gap_pair,6 | 0.04-0.06->0.06,1076,26,2.42,107600,39140,-68460,36.38,1505.38,3.91,69.96,1787.33,-33.58,-1.49,-281.95,mixed_edge
1-6,lane1_start_exhibition_gap_bucket x target_start_exhibition_gap_bucket,0.04-0.06 | >0.06,1076,26,2.42,107600,39140,-68460,36.38,1505.38,3.91,69.96,1787.33,-33.58,-1.49,-281.95,mixed_edge
1-6,lane1_target_exhibition_time_diff_bucket x lane1_target_start_exhibition_st_diff_bucket,lane1_faster_0.10+ | lane1_faster_0.06+,875,22,2.51,87500,31830,-55670,36.38,1446.82,3.91,69.96,1787.33,-33.58,-1.4,-340.51,mixed_edge
1-6,other_group_pattern,B-A-A-A,391,6,1.53,39100,13810,-25290,35.32,2301.67,3.91,69.96,1787.33,-34.64,-2.38,514.34,mixed_edge
1-6,stadium_code,22,575,14,2.43,57500,19680,-37820,34.23,1405.71,3.91,69.96,1787.33,-35.73,-1.48,-381.62,mixed_edge
1-6,stadium_code x target_lane,22 | 6,575,14,2.43,57500,19680,-37820,34.23,1405.71,3.91,69.96,1787.33,-35.73,-1.48,-381.62,mixed_edge
1-6,lane1_target_start_gap_pair x target_outer_pressure_bucket,<=0.03-0.04-0.06 | some_other_pressure,71,2,2.82,7100,2410,-4690,33.94,1205.0,3.91,69.96,1787.33,-36.02,-1.09,-582.33,mixed_edge
1-5,stadium_code,14,501,21,4.19,50100,16730,-33370,33.39,796.67,6.57,78.41,1193.16,-45.02,-2.38,-396.49,mixed_edge
1-5,stadium_code x target_lane,14 | 5,501,21,4.19,50100,16730,-33370,33.39,796.67,6.57,78.41,1193.16,-45.02,-2.38,-396.49,mixed_edge
1-5,lane1_target_class_pair,A2-B2,454,6,1.32,45400,15010,-30390,33.06,2501.67,6.57,78.41,1193.16,-45.35,-5.25,1308.51,mixed_edge
1-6,lane1_target_group_pair x other_a_count_bucket,A-A | 3,412,8,1.94,41200,13300,-27900,32.28,1662.5,3.91,69.96,1787.33,-37.68,-1.97,-124.83,mixed_edge
1-5,lane1_target_start_gap_pair x target_outer_pressure_bucket,<=0.03-best | low_other_pressure,42,2,4.76,4200,1330,-2870,31.67,665.0,6.57,78.41,1193.16,-46.74,-1.81,-528.16,mixed_edge
1-4,lane1_target_start_gap_pair x target_outer_pressure_bucket,>0.06-best | low_other_pressure,100,7,7.0,10000,3080,-6920,30.8,440.0,10.08,74.47,738.96,-43.67,-3.08,-298.96,mixed_edge
1-6,lane1_target_class_pair,A2-B2,643,9,1.4,64300,19750,-44550,30.72,2194.44,3.91,69.96,1787.33,-39.24,-2.51,407.11,mixed_edge
1-6,lane1_target_start_gap_pair x target_outer_pressure_bucket,<=0.03-<=0.03 | some_other_pressure,91,3,3.3,9100,2770,-6330,30.44,923.33,3.91,69.96,1787.33,-39.52,-0.61,-864.0,mixed_edge
1-6,lane1_target_start_gap_pair x target_outer_pressure_bucket,0.04-0.06->0.06 | high_other_pressure,938,17,1.81,93800,27270,-66530,29.07,1604.12,3.91,69.96,1787.33,-40.89,-2.1,-183.21,mixed_edge
1-6,lane1_target_start_gap_pair,<=0.03-0.04-0.06,654,13,1.99,65400,17110,-48290,26.16,1316.15,3.91,69.96,1787.33,-43.8,-1.92,-471.18,mixed_edge
1-6,target_lane x lane1_target_start_gap_pair,6 | <=0.03-0.04-0.06,654,13,1.99,65400,17110,-48290,26.16,1316.15,3.91,69.96,1787.33,-43.8,-1.92,-471.18,mixed_edge
1-6,lane1_start_exhibition_gap_bucket x target_start_exhibition_gap_bucket,<=0.03 | 0.04-0.06,654,13,1.99,65400,17110,-48290,26.16,1316.15,3.91,69.96,1787.33,-43.8,-1.92,-471.18,mixed_edge
1-4,lane1_target_start_gap_pair x target_outer_pressure_bucket,>0.06->0.06 | some_other_pressure,171,10,5.85,17100,4430,-12670,25.91,443.0,10.08,74.47,738.96,-48.56,-4.23,-295.96,mixed_edge
1-6,lane1_target_class_pair,A1-B2,383,3,0.78,38300,9630,-28670,25.14,3210.0,3.91,69.96,1787.33,-44.82,-3.13,1422.67,mixed_edge
1-6,target_class,B2,2108,20,0.95,210800,49890,-160910,23.67,2494.5,3.91,69.96,1787.33,-46.29,-2.96,707.17,mixed_edge
1-6,lane1_target_exhibition_time_diff_bucket x lane1_target_start_exhibition_st_diff_bucket,target_faster_0.10+ | lane1_faster_0.03_0.06,114,4,3.51,11400,2550,-8850,22.37,637.5,3.91,69.96,1787.33,-47.59,-0.4,-1149.83,mixed_edge
1-6,lane1_target_start_gap_pair x target_outer_pressure_bucket,<=0.03-0.04-0.06 | high_other_pressure,555,8,1.44,55500,12390,-43110,22.32,1548.75,3.91,69.96,1787.33,-47.64,-2.47,-238.58,mixed_edge
1-6,grade_group,SG,70,1,1.43,7000,1490,-5510,21.29,1490.0,3.91,69.96,1787.33,-48.67,-2.48,-297.33,mixed_edge
1-5,lane1_target_start_gap_pair x target_outer_pressure_bucket,best-best | some_other_pressure,30,1,3.33,3000,590,-2410,19.67,590.0,6.57,78.41,1193.16,-58.74,-3.24,-603.16,mixed_edge
1-6,lane1_target_class_pair,B1-B2,1005,7,0.7,100500,19700,-80800,19.6,2814.29,3.91,69.96,1787.33,-50.36,-3.21,1026.96,mixed_edge
1-4,lane1_target_group_pair x other_a_count_bucket,B-B | 4,57,1,1.75,5700,1000,-4700,17.54,1000.0,10.08,74.47,738.96,-56.93,-8.33,261.04,mixed_edge
1-6,lane1_target_class_pair,B2-B2,77,1,1.3,7700,810,-6890,10.52,810.0,3.91,69.96,1787.33,-59.44,-2.61,-977.33,mixed_edge
1-6,target_exhibition_rank_bucket x other_exhibition_faster_than_target_count_bucket,4+ | 0,61,1,1.64,6100,620,-5480,10.16,620.0,3.91,69.96,1787.33,-59.8,-2.27,-1167.33,mixed_edge
1-5,lane1_target_exhibition_time_diff_bucket,missing,286,0,0.0,28600,0,-28600,0.0,0.0,6.57,78.41,1193.16,-78.41,-6.57,-1193.16,mixed_edge
1-5,lane1_target_start_exhibition_st_diff_bucket,missing,285,0,0.0,28500,0,-28500,0.0,0.0,6.57,78.41,1193.16,-78.41,-6.57,-1193.16,mixed_edge
1-5,lane1_target_exhibition_time_diff_bucket x lane1_target_start_exhibition_st_diff_bucket,missing | missing,284,0,0.0,28400,0,-28400,0.0,0.0,6.57,78.41,1193.16,-78.41,-6.57,-1193.16,mixed_edge
1-4,lane1_target_exhibition_time_diff_bucket,missing,269,0,0.0,26900,0,-26900,0.0,0.0,10.08,74.47,738.96,-74.47,-10.08,-738.96,mixed_edge
1-4,lane1_target_start_exhibition_st_diff_bucket,missing,269,0,0.0,26900,0,-26900,0.0,0.0,10.08,74.47,738.96,-74.47,-10.08,-738.96,mixed_edge
1-4,lane1_target_exhibition_time_diff_bucket x lane1_target_start_exhibition_st_diff_bucket,missing | missing,269,0,0.0,26900,0,-26900,0.0,0.0,10.08,74.47,738.96,-74.47,-10.08,-738.96,mixed_edge
1-6,lane1_target_exhibition_time_diff_bucket,missing,269,0,0.0,26900,0,-26900,0.0,0.0,3.91,69.96,1787.33,-69.96,-3.91,-1787.33,mixed_edge
1-3,lane1_target_exhibition_time_diff_bucket,missing,268,0,0.0,26800,0,-26800,0.0,0.0,15.77,78.64,498.72,-78.64,-15.77,-498.72,mixed_edge
1-3,lane1_target_start_exhibition_st_diff_bucket,missing,268,0,0.0,26800,0,-26800,0.0,0.0,15.77,78.64,498.72,-78.64,-15.77,-498.72,mixed_edge
1-3,lane1_target_exhibition_time_diff_bucket x lane1_target_start_exhibition_st_diff_bucket,missing | missing,268,0,0.0,26800,0,-26800,0.0,0.0,15.77,78.64,498.72,-78.64,-15.77,-498.72,mixed_edge
1-6,lane1_target_start_exhibition_st_diff_bucket,missing,268,0,0.0,26800,0,-26800,0.0,0.0,3.91,69.96,1787.33,-69.96,-3.91,-1787.33,mixed_edge
1-6,lane1_target_exhibition_time_diff_bucket x lane1_target_start_exhibition_st_diff_bucket,missing | missing,268,0,0.0,26800,0,-26800,0.0,0.0,3.91,69.96,1787.33,-69.96,-3.91,-1787.33,mixed_edge
1-2,lane1_target_exhibition_time_diff_bucket,missing,266,0,0.0,26600,0,-26600,0.0,0.0,18.99,80.04,421.45,-80.04,-18.99,-421.45,mixed_edge
1-2,lane1_target_start_exhibition_st_diff_bucket,missing,266,0,0.0,26600,0,-26600,0.0,0.0,18.99,80.04,421.45,-80.04,-18.99,-421.45,mixed_edge
1-2,lane1_target_exhibition_time_diff_bucket x lane1_target_start_exhibition_st_diff_bucket,missing | missing,266,0,0.0,26600,0,-26600,0.0,0.0,18.99,80.04,421.45,-80.04,-18.99,-421.45,mixed_edge
1-5,target_exhibition_rank_bucket,missing,162,0,0.0,16200,0,-16200,0.0,0.0,6.57,78.41,1193.16,-78.41,-6.57,-1193.16,mixed_edge
1-5,target_exhibition_rank_bucket x other_exhibition_faster_than_target_count_bucket,missing | 0,162,0,0.0,16200,0,-16200,0.0,0.0,6.57,78.41,1193.16,-78.41,-6.57,-1193.16,mixed_edge
1-5,target_exhibition_st_rank_bucket,missing,161,0,0.0,16100,0,-16100,0.0,0.0,6.57,78.41,1193.16,-78.41,-6.57,-1193.16,mixed_edge
1-5,target_start_exhibition_gap_bucket,missing,161,0,0.0,16100,0,-16100,0.0,0.0,6.57,78.41,1193.16,-78.41,-6.57,-1193.16,mixed_edge
1-5,target_lane x target_exhibition_st_rank_bucket,5 | missing,161,0,0.0,16100,0,-16100,0.0,0.0,6.57,78.41,1193.16,-78.41,-6.57,-1193.16,mixed_edge
1-5,target_lane x target_start_exhibition_gap_bucket,5 | missing,161,0,0.0,16100,0,-16100,0.0,0.0,6.57,78.41,1193.16,-78.41,-6.57,-1193.16,mixed_edge
1-5,target_exhibition_st_rank_bucket x other_st_faster_than_target_count_bucket,missing | 0,161,0,0.0,16100,0,-16100,0.0,0.0,6.57,78.41,1193.16,-78.41,-6.57,-1193.16,mixed_edge
1-2,target_exhibition_rank_bucket,missing,148,0,0.0,14800,0,-14800,0.0,0.0,18.99,80.04,421.45,-80.04,-18.99,-421.45,mixed_edge
1-2,target_exhibition_st_rank_bucket,missing,148,0,0.0,14800,0,-14800,0.0,0.0,18.99,80.04,421.45,-80.04,-18.99,-421.45,mixed_edge
1-2,target_start_exhibition_gap_bucket,missing,148,0,0.0,14800,0,-14800,0.0,0.0,18.99,80.04,421.45,-80.04,-18.99,-421.45,mixed_edge
1-2,target_lane x target_exhibition_st_rank_bucket,2 | missing,148,0,0.0,14800,0,-14800,0.0,0.0,18.99,80.04,421.45,-80.04,-18.99,-421.45,mixed_edge
1-2,target_lane x target_start_exhibition_gap_bucket,2 | missing,148,0,0.0,14800,0,-14800,0.0,0.0,18.99,80.04,421.45,-80.04,-18.99,-421.45,mixed_edge
1-2,target_exhibition_st_rank_bucket x other_st_faster_than_target_count_bucket,missing | 0,148,0,0.0,14800,0,-14800,0.0,0.0,18.99,80.04,421.45,-80.04,-18.99,-421.45,mixed_edge
1-2,target_exhibition_rank_bucket x other_exhibition_faster_than_target_count_bucket,missing | 0,148,0,0.0,14800,0,-14800,0.0,0.0,18.99,80.04,421.45,-80.04,-18.99,-421.45,mixed_edge
1-4,target_exhibition_rank_bucket,missing,144,0,0.0,14400,0,-14400,0.0,0.0,10.08,74.47,738.96,-74.47,-10.08,-738.96,mixed_edge
1-4,target_exhibition_st_rank_bucket,missing,144,0,0.0,14400,0,-14400,0.0,0.0,10.08,74.47,738.96,-74.47,-10.08,-738.96,mixed_edge
1-4,target_start_exhibition_gap_bucket,missing,144,0,0.0,14400,0,-14400,0.0,0.0,10.08,74.47,738.96,-74.47,-10.08,-738.96,mixed_edge
1-4,target_lane x target_exhibition_st_rank_bucket,4 | missing,144,0,0.0,14400,0,-14400,0.0,0.0,10.08,74.47,738.96,-74.47,-10.08,-738.96,mixed_edge
1-4,target_lane x target_start_exhibition_gap_bucket,4 | missing,144,0,0.0,14400,0,-14400,0.0,0.0,10.08,74.47,738.96,-74.47,-10.08,-738.96,mixed_edge
1-4,target_exhibition_st_rank_bucket x other_st_faster_than_target_count_bucket,missing | 0,144,0,0.0,14400,0,-14400,0.0,0.0,10.08,74.47,738.96,-74.47,-10.08,-738.96,mixed_edge
1-4,target_exhibition_rank_bucket x other_exhibition_faster_than_target_count_bucket,missing | 0,144,0,0.0,14400,0,-14400,0.0,0.0,10.08,74.47,738.96,-74.47,-10.08,-738.96,mixed_edge
1-3,target_exhibition_rank_bucket,missing,143,0,0.0,14300,0,-14300,0.0,0.0,15.77,78.64,498.72,-78.64,-15.77,-498.72,mixed_edge
1-3,target_exhibition_st_rank_bucket,missing,143,0,0.0,14300,0,-14300,0.0,0.0,15.77,78.64,498.72,-78.64,-15.77,-498.72,mixed_edge
1-3,target_start_exhibition_gap_bucket,missing,143,0,0.0,14300,0,-14300,0.0,0.0,15.77,78.64,498.72,-78.64,-15.77,-498.72,mixed_edge
1-3,target_lane x target_exhibition_st_rank_bucket,3 | missing,143,0,0.0,14300,0,-14300,0.0,0.0,15.77,78.64,498.72,-78.64,-15.77,-498.72,mixed_edge
1-3,target_lane x target_start_exhibition_gap_bucket,3 | missing,143,0,0.0,14300,0,-14300,0.0,0.0,15.77,78.64,498.72,-78.64,-15.77,-498.72,mixed_edge
1-3,target_exhibition_st_rank_bucket x other_st_faster_than_target_count_bucket,missing | 0,143,0,0.0,14300,0,-14300,0.0,0.0,15.77,78.64,498.72,-78.64,-15.77,-498.72,mixed_edge
1-3,target_exhibition_rank_bucket x other_exhibition_faster_than_target_count_bucket,missing | 0,143,0,0.0,14300,0,-14300,0.0,0.0,15.77,78.64,498.72,-78.64,-15.77,-498.72,mixed_edge
1-6,target_exhibition_rank_bucket,missing,141,0,0.0,14100,0,-14100,0.0,0.0,3.91,69.96,1787.33,-69.96,-3.91,-1787.33,mixed_edge
1-6,target_exhibition_rank_bucket x other_exhibition_faster_than_target_count_bucket,missing | 0,141,0,0.0,14100,0,-14100,0.0,0.0,3.91,69.96,1787.33,-69.96,-3.91,-1787.33,mixed_edge
1-6,target_exhibition_st_rank_bucket,missing,140,0,0.0,14000,0,-14000,0.0,0.0,3.91,69.96,1787.33,-69.96,-3.91,-1787.33,mixed_edge
1-6,target_start_exhibition_gap_bucket,missing,140,0,0.0,14000,0,-14000,0.0,0.0,3.91,69.96,1787.33,-69.96,-3.91,-1787.33,mixed_edge
1-6,target_lane x target_exhibition_st_rank_bucket,6 | missing,140,0,0.0,14000,0,-14000,0.0,0.0,3.91,69.96,1787.33,-69.96,-3.91,-1787.33,mixed_edge
1-6,target_lane x target_start_exhibition_gap_bucket,6 | missing,140,0,0.0,14000,0,-14000,0.0,0.0,3.91,69.96,1787.33,-69.96,-3.91,-1787.33,mixed_edge
1-6,target_exhibition_st_rank_bucket x other_st_faster_than_target_count_bucket,missing | 0,140,0,0.0,14000,0,-14000,0.0,0.0,3.91,69.96,1787.33,-69.96,-3.91,-1787.33,mixed_edge
1-2,lane1_exhibition_rank_bucket,missing,132,0,0.0,13200,0,-13200,0.0,0.0,18.99,80.04,421.45,-80.04,-18.99,-421.45,mixed_edge
1-2,lane1_exhibition_st_rank_bucket,missing,132,0,0.0,13200,0,-13200,0.0,0.0,18.99,80.04,421.45,-80.04,-18.99,-421.45,mixed_edge
1-2,lane1_start_exhibition_gap_bucket,missing,132,0,0.0,13200,0,-13200,0.0,0.0,18.99,80.04,421.45,-80.04,-18.99,-421.45,mixed_edge
1-3,lane1_exhibition_rank_bucket,missing,132,0,0.0,13200,0,-13200,0.0,0.0,15.77,78.64,498.72,-78.64,-15.77,-498.72,mixed_edge
1-3,lane1_exhibition_st_rank_bucket,missing,132,0,0.0,13200,0,-13200,0.0,0.0,15.77,78.64,498.72,-78.64,-15.77,-498.72,mixed_edge
1-3,lane1_start_exhibition_gap_bucket,missing,132,0,0.0,13200,0,-13200,0.0,0.0,15.77,78.64,498.72,-78.64,-15.77,-498.72,mixed_edge
1-4,lane1_exhibition_rank_bucket,missing,132,0,0.0,13200,0,-13200,0.0,0.0,10.08,74.47,738.96,-74.47,-10.08,-738.96,mixed_edge
1-4,lane1_exhibition_st_rank_bucket,missing,132,0,0.0,13200,0,-13200,0.0,0.0,10.08,74.47,738.96,-74.47,-10.08,-738.96,mixed_edge
1-4,lane1_start_exhibition_gap_bucket,missing,132,0,0.0,13200,0,-13200,0.0,0.0,10.08,74.47,738.96,-74.47,-10.08,-738.96,mixed_edge
1-5,lane1_exhibition_rank_bucket,missing,132,0,0.0,13200,0,-13200,0.0,0.0,6.57,78.41,1193.16,-78.41,-6.57,-1193.16,mixed_edge
1-5,lane1_exhibition_st_rank_bucket,missing,132,0,0.0,13200,0,-13200,0.0,0.0,6.57,78.41,1193.16,-78.41,-6.57,-1193.16,mixed_edge
1-5,lane1_start_exhibition_gap_bucket,missing,132,0,0.0,13200,0,-13200,0.0,0.0,6.57,78.41,1193.16,-78.41,-6.57,-1193.16,mixed_edge
1-6,lane1_exhibition_rank_bucket,missing,132,0,0.0,13200,0,-13200,0.0,0.0,3.91,69.96,1787.33,-69.96,-3.91,-1787.33,mixed_edge
1-6,lane1_exhibition_st_rank_bucket,missing,132,0,0.0,13200,0,-13200,0.0,0.0,3.91,69.96,1787.33,-69.96,-3.91,-1787.33,mixed_edge
1-6,lane1_start_exhibition_gap_bucket,missing,132,0,0.0,13200,0,-13200,0.0,0.0,3.91,69.96,1787.33,-69.96,-3.91,-1787.33,mixed_edge
1-6,lane1_target_exhibition_st_rank_pair,missing-4+,71,0,0.0,7100,0,-7100,0.0,0.0,3.91,69.96,1787.33,-69.96,-3.91,-1787.33,mixed_edge
1-6,lane1_exhibition_st_rank_bucket x target_exhibition_st_rank_bucket,missing | 4+,71,0,0.0,7100,0,-7100,0.0,0.0,3.91,69.96,1787.33,-69.96,-3.91,-1787.33,mixed_edge
1-6,lane1_target_start_gap_pair,missing->0.06,64,0,0.0,6400,0,-6400,0.0,0.0,3.91,69.96,1787.33,-69.96,-3.91,-1787.33,mixed_edge
1-6,target_lane x lane1_target_start_gap_pair,6 | missing->0.06,64,0,0.0,6400,0,-6400,0.0,0.0,3.91,69.96,1787.33,-69.96,-3.91,-1787.33,mixed_edge
1-6,lane1_start_exhibition_gap_bucket x target_start_exhibition_gap_bucket,missing | >0.06,64,0,0.0,6400,0,-6400,0.0,0.0,3.91,69.96,1787.33,-69.96,-3.91,-1787.33,mixed_edge
1-5,lane1_target_class_pair,B2-B2,57,0,0.0,5700,0,-5700,0.0,0.0,6.57,78.41,1193.16,-78.41,-6.57,-1193.16,mixed_edge
1-5,lane1_target_exhibition_st_rank_pair,missing-4+,56,0,0.0,5600,0,-5600,0.0,0.0,6.57,78.41,1193.16,-78.41,-6.57,-1193.16,mixed_edge
1-5,lane1_exhibition_st_rank_bucket x target_exhibition_st_rank_bucket,missing | 4+,56,0,0.0,5600,0,-5600,0.0,0.0,6.57,78.41,1193.16,-78.41,-6.57,-1193.16,mixed_edge
1-6,lane1_target_group_pair x other_a_count_bucket,B-B | 4,56,0,0.0,5600,0,-5600,0.0,0.0,3.91,69.96,1787.33,-69.96,-3.91,-1787.33,mixed_edge
1-6,lane1_target_start_gap_pair x target_outer_pressure_bucket,missing->0.06 | high_other_pressure,54,0,0.0,5400,0,-5400,0.0,0.0,3.91,69.96,1787.33,-69.96,-3.91,-1787.33,mixed_edge
1-2,lane1_target_exhibition_st_rank_pair,1-missing,51,0,0.0,5100,0,-5100,0.0,0.0,18.99,80.04,421.45,-80.04,-18.99,-421.45,mixed_edge
1-2,lane1_target_start_gap_pair,best-missing,51,0,0.0,5100,0,-5100,0.0,0.0,18.99,80.04,421.45,-80.04,-18.99,-421.45,mixed_edge
1-2,target_lane x lane1_target_start_gap_pair,2 | best-missing,51,0,0.0,5100,0,-5100,0.0,0.0,18.99,80.04,421.45,-80.04,-18.99,-421.45,mixed_edge
1-2,lane1_exhibition_st_rank_bucket x target_exhibition_st_rank_bucket,1 | missing,51,0,0.0,5100,0,-5100,0.0,0.0,18.99,80.04,421.45,-80.04,-18.99,-421.45,mixed_edge
1-2,lane1_start_exhibition_gap_bucket x target_start_exhibition_gap_bucket,best | missing,51,0,0.0,5100,0,-5100,0.0,0.0,18.99,80.04,421.45,-80.04,-18.99,-421.45,mixed_edge
1-5,lane1_target_exhibition_st_rank_pair,4+-missing,49,0,0.0,4900,0,-4900,0.0,0.0,6.57,78.41,1193.16,-78.41,-6.57,-1193.16,mixed_edge
1-5,lane1_exhibition_st_rank_bucket x target_exhibition_st_rank_bucket,4+ | missing,49,0,0.0,4900,0,-4900,0.0,0.0,6.57,78.41,1193.16,-78.41,-6.57,-1193.16,mixed_edge
1-6,lane1_target_exhibition_st_rank_pair,1-missing,48,0,0.0,4800,0,-4800,0.0,0.0,3.91,69.96,1787.33,-69.96,-3.91,-1787.33,mixed_edge
1-6,lane1_target_start_gap_pair,best-missing,48,0,0.0,4800,0,-4800,0.0,0.0,3.91,69.96,1787.33,-69.96,-3.91,-1787.33,mixed_edge
1-6,target_lane x lane1_target_start_gap_pair,6 | best-missing,48,0,0.0,4800,0,-4800,0.0,0.0,3.91,69.96,1787.33,-69.96,-3.91,-1787.33,mixed_edge
1-6,lane1_exhibition_st_rank_bucket x target_exhibition_st_rank_bucket,1 | missing,48,0,0.0,4800,0,-4800,0.0,0.0,3.91,69.96,1787.33,-69.96,-3.91,-1787.33,mixed_edge
1-6,lane1_start_exhibition_gap_bucket x target_start_exhibition_gap_bucket,best | missing,48,0,0.0,4800,0,-4800,0.0,0.0,3.91,69.96,1787.33,-69.96,-3.91,-1787.33,mixed_edge
1-5,lane1_target_exhibition_st_rank_pair,1-missing,46,0,0.0,4600,0,-4600,0.0,0.0,6.57,78.41,1193.16,-78.41,-6.57,-1193.16,mixed_edge
1-5,lane1_target_start_gap_pair,best-missing,46,0,0.0,4600,0,-4600,0.0,0.0,6.57,78.41,1193.16,-78.41,-6.57,-1193.16,mixed_edge
1-5,lane1_target_start_gap_pair,missing->0.06,46,0,0.0,4600,0,-4600,0.0,0.0,6.57,78.41,1193.16,-78.41,-6.57,-1193.16,mixed_edge
1-5,target_lane x lane1_target_start_gap_pair,5 | best-missing,46,0,0.0,4600,0,-4600,0.0,0.0,6.57,78.41,1193.16,-78.41,-6.57,-1193.16,mixed_edge
1-5,target_lane x lane1_target_start_gap_pair,5 | missing->0.06,46,0,0.0,4600,0,-4600,0.0,0.0,6.57,78.41,1193.16,-78.41,-6.57,-1193.16,mixed_edge
1-5,lane1_exhibition_st_rank_bucket x target_exhibition_st_rank_bucket,1 | missing,46,0,0.0,4600,0,-4600,0.0,0.0,6.57,78.41,1193.16,-78.41,-6.57,-1193.16,mixed_edge
1-5,lane1_start_exhibition_gap_bucket x target_start_exhibition_gap_bucket,best | missing,46,0,0.0,4600,0,-4600,0.0,0.0,6.57,78.41,1193.16,-78.41,-6.57,-1193.16,mixed_edge
1-5,lane1_start_exhibition_gap_bucket x target_start_exhibition_gap_bucket,missing | >0.06,46,0,0.0,4600,0,-4600,0.0,0.0,6.57,78.41,1193.16,-78.41,-6.57,-1193.16,mixed_edge
1-2,lane1_target_exhibition_st_rank_pair,missing-1,43,0,0.0,4300,0,-4300,0.0,0.0,18.99,80.04,421.45,-80.04,-18.99,-421.45,mixed_edge
1-2,lane1_target_start_gap_pair,missing-best,43,0,0.0,4300,0,-4300,0.0,0.0,18.99,80.04,421.45,-80.04,-18.99,-421.45,mixed_edge
1-2,target_lane x lane1_target_start_gap_pair,2 | missing-best,43,0,0.0,4300,0,-4300,0.0,0.0,18.99,80.04,421.45,-80.04,-18.99,-421.45,mixed_edge
1-2,lane1_exhibition_st_rank_bucket x target_exhibition_st_rank_bucket,missing | 1,43,0,0.0,4300,0,-4300,0.0,0.0,18.99,80.04,421.45,-80.04,-18.99,-421.45,mixed_edge
1-2,lane1_start_exhibition_gap_bucket x target_start_exhibition_gap_bucket,missing | best,43,0,0.0,4300,0,-4300,0.0,0.0,18.99,80.04,421.45,-80.04,-18.99,-421.45,mixed_edge
1-3,lane1_target_exhibition_st_rank_pair,1-missing,43,0,0.0,4300,0,-4300,0.0,0.0,15.77,78.64,498.72,-78.64,-15.77,-498.72,mixed_edge
1-3,lane1_target_start_gap_pair,best-missing,43,0,0.0,4300,0,-4300,0.0,0.0,15.77,78.64,498.72,-78.64,-15.77,-498.72,mixed_edge
1-3,target_lane x lane1_target_start_gap_pair,3 | best-missing,43,0,0.0,4300,0,-4300,0.0,0.0,15.77,78.64,498.72,-78.64,-15.77,-498.72,mixed_edge
1-3,lane1_exhibition_st_rank_bucket x target_exhibition_st_rank_bucket,1 | missing,43,0,0.0,4300,0,-4300,0.0,0.0,15.77,78.64,498.72,-78.64,-15.77,-498.72,mixed_edge
1-3,lane1_start_exhibition_gap_bucket x target_start_exhibition_gap_bucket,best | missing,43,0,0.0,4300,0,-4300,0.0,0.0,15.77,78.64,498.72,-78.64,-15.77,-498.72,mixed_edge
1-5,lane1_target_start_gap_pair x target_outer_pressure_bucket,missing->0.06 | high_other_pressure,43,0,0.0,4300,0,-4300,0.0,0.0,6.57,78.41,1193.16,-78.41,-6.57,-1193.16,mixed_edge
1-4,lane1_target_start_gap_pair,>0.06-missing,42,0,0.0,4200,0,-4200,0.0,0.0,10.08,74.47,738.96,-74.47,-10.08,-738.96,mixed_edge
1-4,target_lane x lane1_target_start_gap_pair,4 | >0.06-missing,42,0,0.0,4200,0,-4200,0.0,0.0,10.08,74.47,738.96,-74.47,-10.08,-738.96,mixed_edge
1-4,lane1_start_exhibition_gap_bucket x target_start_exhibition_gap_bucket,>0.06 | missing,42,0,0.0,4200,0,-4200,0.0,0.0,10.08,74.47,738.96,-74.47,-10.08,-738.96,mixed_edge
1-5,lane1_target_start_gap_pair,>0.06-missing,41,0,0.0,4100,0,-4100,0.0,0.0,6.57,78.41,1193.16,-78.41,-6.57,-1193.16,mixed_edge
1-5,target_lane x lane1_target_start_gap_pair,5 | >0.06-missing,41,0,0.0,4100,0,-4100,0.0,0.0,6.57,78.41,1193.16,-78.41,-6.57,-1193.16,mixed_edge
1-5,lane1_start_exhibition_gap_bucket x target_start_exhibition_gap_bucket,>0.06 | missing,41,0,0.0,4100,0,-4100,0.0,0.0,6.57,78.41,1193.16,-78.41,-6.57,-1193.16,mixed_edge
1-3,lane1_target_start_gap_pair,missing-best,40,0,0.0,4000,0,-4000,0.0,0.0,15.77,78.64,498.72,-78.64,-15.77,-498.72,mixed_edge
1-3,target_lane x lane1_target_start_gap_pair,3 | missing-best,40,0,0.0,4000,0,-4000,0.0,0.0,15.77,78.64,498.72,-78.64,-15.77,-498.72,mixed_edge
1-3,lane1_start_exhibition_gap_bucket x target_start_exhibition_gap_bucket,missing | best,40,0,0.0,4000,0,-4000,0.0,0.0,15.77,78.64,498.72,-78.64,-15.77,-498.72,mixed_edge
1-3,lane1_target_group_pair x other_a_count_bucket,B-B | 4,39,0,0.0,3900,0,-3900,0.0,0.0,15.77,78.64,498.72,-78.64,-15.77,-498.72,mixed_edge
1-4,lane1_target_exhibition_st_rank_pair,1-missing,39,0,0.0,3900,0,-3900,0.0,0.0,10.08,74.47,738.96,-74.47,-10.08,-738.96,mixed_edge
1-4,lane1_target_start_gap_pair,best-missing,39,0,0.0,3900,0,-3900,0.0,0.0,10.08,74.47,738.96,-74.47,-10.08,-738.96,mixed_edge
1-4,target_lane x lane1_target_start_gap_pair,4 | best-missing,39,0,0.0,3900,0,-3900,0.0,0.0,10.08,74.47,738.96,-74.47,-10.08,-738.96,mixed_edge
1-4,lane1_exhibition_st_rank_bucket x target_exhibition_st_rank_bucket,1 | missing,39,0,0.0,3900,0,-3900,0.0,0.0,10.08,74.47,738.96,-74.47,-10.08,-738.96,mixed_edge
1-4,lane1_start_exhibition_gap_bucket x target_start_exhibition_gap_bucket,best | missing,39,0,0.0,3900,0,-3900,0.0,0.0,10.08,74.47,738.96,-74.47,-10.08,-738.96,mixed_edge
1-4,lane1_target_exhibition_st_rank_pair,missing-4+,38,0,0.0,3800,0,-3800,0.0,0.0,10.08,74.47,738.96,-74.47,-10.08,-738.96,mixed_edge
1-4,lane1_target_start_gap_pair,missing->0.06,38,0,0.0,3800,0,-3800,0.0,0.0,10.08,74.47,738.96,-74.47,-10.08,-738.96,mixed_edge
1-4,target_lane x lane1_target_start_gap_pair,4 | missing->0.06,38,0,0.0,3800,0,-3800,0.0,0.0,10.08,74.47,738.96,-74.47,-10.08,-738.96,mixed_edge
1-4,lane1_exhibition_st_rank_bucket x target_exhibition_st_rank_bucket,missing | 4+,38,0,0.0,3800,0,-3800,0.0,0.0,10.08,74.47,738.96,-74.47,-10.08,-738.96,mixed_edge
1-4,lane1_start_exhibition_gap_bucket x target_start_exhibition_gap_bucket,missing | >0.06,38,0,0.0,3800,0,-3800,0.0,0.0,10.08,74.47,738.96,-74.47,-10.08,-738.96,mixed_edge
1-3,lane1_target_start_gap_pair,<=0.03-missing,37,0,0.0,3700,0,-3700,0.0,0.0,15.77,78.64,498.72,-78.64,-15.77,-498.72,mixed_edge
1-3,target_lane x lane1_target_start_gap_pair,3 | <=0.03-missing,37,0,0.0,3700,0,-3700,0.0,0.0,15.77,78.64,498.72,-78.64,-15.77,-498.72,mixed_edge
1-3,lane1_start_exhibition_gap_bucket x target_start_exhibition_gap_bucket,<=0.03 | missing,37,0,0.0,3700,0,-3700,0.0,0.0,15.77,78.64,498.72,-78.64,-15.77,-498.72,mixed_edge
1-6,lane1_target_start_gap_pair,<=0.03-missing,37,0,0.0,3700,0,-3700,0.0,0.0,3.91,69.96,1787.33,-69.96,-3.91,-1787.33,mixed_edge
1-6,target_lane x lane1_target_start_gap_pair,6 | <=0.03-missing,37,0,0.0,3700,0,-3700,0.0,0.0,3.91,69.96,1787.33,-69.96,-3.91,-1787.33,mixed_edge
1-6,lane1_start_exhibition_gap_bucket x target_start_exhibition_gap_bucket,<=0.03 | missing,37,0,0.0,3700,0,-3700,0.0,0.0,3.91,69.96,1787.33,-69.96,-3.91,-1787.33,mixed_edge
1-6,lane1_target_start_gap_pair x target_outer_pressure_bucket,best-missing | high_other_pressure,37,0,0.0,3700,0,-3700,0.0,0.0,3.91,69.96,1787.33,-69.96,-3.91,-1787.33,mixed_edge
1-3,lane1_target_exhibition_st_rank_pair,missing-1,36,0,0.0,3600,0,-3600,0.0,0.0,15.77,78.64,498.72,-78.64,-15.77,-498.72,mixed_edge
1-3,lane1_exhibition_st_rank_bucket x target_exhibition_st_rank_bucket,missing | 1,36,0,0.0,3600,0,-3600,0.0,0.0,15.77,78.64,498.72,-78.64,-15.77,-498.72,mixed_edge
1-4,lane1_target_exhibition_st_rank_pair,2-missing,36,0,0.0,3600,0,-3600,0.0,0.0,10.08,74.47,738.96,-74.47,-10.08,-738.96,mixed_edge
1-4,lane1_target_start_gap_pair,<=0.03-missing,36,0,0.0,3600,0,-3600,0.0,0.0,10.08,74.47,738.96,-74.47,-10.08,-738.96,mixed_edge
1-4,target_lane x lane1_target_start_gap_pair,4 | <=0.03-missing,36,0,0.0,3600,0,-3600,0.0,0.0,10.08,74.47,738.96,-74.47,-10.08,-738.96,mixed_edge
1-4,lane1_exhibition_st_rank_bucket x target_exhibition_st_rank_bucket,2 | missing,36,0,0.0,3600,0,-3600,0.0,0.0,10.08,74.47,738.96,-74.47,-10.08,-738.96,mixed_edge
1-4,lane1_start_exhibition_gap_bucket x target_start_exhibition_gap_bucket,<=0.03 | missing,36,0,0.0,3600,0,-3600,0.0,0.0,10.08,74.47,738.96,-74.47,-10.08,-738.96,mixed_edge
1-6,lane1_target_exhibition_st_rank_pair,4+-missing,36,0,0.0,3600,0,-3600,0.0,0.0,3.91,69.96,1787.33,-69.96,-3.91,-1787.33,mixed_edge
1-6,lane1_exhibition_st_rank_bucket x target_exhibition_st_rank_bucket,4+ | missing,36,0,0.0,3600,0,-3600,0.0,0.0,3.91,69.96,1787.33,-69.96,-3.91,-1787.33,mixed_edge
1-2,lane1_target_exhibition_st_rank_pair,4+-missing,35,0,0.0,3500,0,-3500,0.0,0.0,18.99,80.04,421.45,-80.04,-18.99,-421.45,mixed_edge
1-2,lane1_exhibition_st_rank_bucket x target_exhibition_st_rank_bucket,4+ | missing,35,0,0.0,3500,0,-3500,0.0,0.0,18.99,80.04,421.45,-80.04,-18.99,-421.45,mixed_edge
1-2,lane1_target_start_gap_pair x target_outer_pressure_bucket,best-missing | high_other_pressure,35,0,0.0,3500,0,-3500,0.0,0.0,18.99,80.04,421.45,-80.04,-18.99,-421.45,mixed_edge
1-3,lane1_target_exhibition_st_rank_pair,missing-2,35,0,0.0,3500,0,-3500,0.0,0.0,15.77,78.64,498.72,-78.64,-15.77,-498.72,mixed_edge
1-3,lane1_exhibition_st_rank_bucket x target_exhibition_st_rank_bucket,missing | 2,35,0,0.0,3500,0,-3500,0.0,0.0,15.77,78.64,498.72,-78.64,-15.77,-498.72,mixed_edge
1-2,lane1_target_start_gap_pair,>0.06-missing,34,0,0.0,3400,0,-3400,0.0,0.0,18.99,80.04,421.45,-80.04,-18.99,-421.45,mixed_edge
1-2,target_lane x lane1_target_start_gap_pair,2 | >0.06-missing,34,0,0.0,3400,0,-3400,0.0,0.0,18.99,80.04,421.45,-80.04,-18.99,-421.45,mixed_edge
1-2,lane1_start_exhibition_gap_bucket x target_start_exhibition_gap_bucket,>0.06 | missing,34,0,0.0,3400,0,-3400,0.0,0.0,18.99,80.04,421.45,-80.04,-18.99,-421.45,mixed_edge
1-4,lane1_target_exhibition_st_rank_pair,4+-missing,34,0,0.0,3400,0,-3400,0.0,0.0,10.08,74.47,738.96,-74.47,-10.08,-738.96,mixed_edge
1-4,lane1_target_start_gap_pair,missing-<=0.03,34,0,0.0,3400,0,-3400,0.0,0.0,10.08,74.47,738.96,-74.47,-10.08,-738.96,mixed_edge
1-4,target_lane x lane1_target_start_gap_pair,4 | missing-<=0.03,34,0,0.0,3400,0,-3400,0.0,0.0,10.08,74.47,738.96,-74.47,-10.08,-738.96,mixed_edge
1-4,lane1_exhibition_st_rank_bucket x target_exhibition_st_rank_bucket,4+ | missing,34,0,0.0,3400,0,-3400,0.0,0.0,10.08,74.47,738.96,-74.47,-10.08,-738.96,mixed_edge
1-4,lane1_start_exhibition_gap_bucket x target_start_exhibition_gap_bucket,missing | <=0.03,34,0,0.0,3400,0,-3400,0.0,0.0,10.08,74.47,738.96,-74.47,-10.08,-738.96,mixed_edge
1-4,lane1_target_start_gap_pair x target_outer_pressure_bucket,missing->0.06 | high_other_pressure,34,0,0.0,3400,0,-3400,0.0,0.0,10.08,74.47,738.96,-74.47,-10.08,-738.96,mixed_edge
1-5,lane1_target_exhibition_st_rank_pair,missing-3,34,0,0.0,3400,0,-3400,0.0,0.0,6.57,78.41,1193.16,-78.41,-6.57,-1193.16,mixed_edge
1-5,lane1_target_start_gap_pair,<=0.03-missing,34,0,0.0,3400,0,-3400,0.0,0.0,6.57,78.41,1193.16,-78.41,-6.57,-1193.16,mixed_edge
1-5,target_lane x lane1_target_start_gap_pair,5 | <=0.03-missing,34,0,0.0,3400,0,-3400,0.0,0.0,6.57,78.41,1193.16,-78.41,-6.57,-1193.16,mixed_edge
1-5,lane1_exhibition_st_rank_bucket x target_exhibition_st_rank_bucket,missing | 3,34,0,0.0,3400,0,-3400,0.0,0.0,6.57,78.41,1193.16,-78.41,-6.57,-1193.16,mixed_edge
1-5,lane1_start_exhibition_gap_bucket x target_start_exhibition_gap_bucket,<=0.03 | missing,34,0,0.0,3400,0,-3400,0.0,0.0,6.57,78.41,1193.16,-78.41,-6.57,-1193.16,mixed_edge
1-3,lane1_target_exhibition_st_rank_pair,2-missing,33,0,0.0,3300,0,-3300,0.0,0.0,15.77,78.64,498.72,-78.64,-15.77,-498.72,mixed_edge
1-3,lane1_target_start_gap_pair,missing->0.06,33,0,0.0,3300,0,-3300,0.0,0.0,15.77,78.64,498.72,-78.64,-15.77,-498.72,mixed_edge
1-3,target_lane x lane1_target_start_gap_pair,3 | missing->0.06,33,0,0.0,3300,0,-3300,0.0,0.0,15.77,78.64,498.72,-78.64,-15.77,-498.72,mixed_edge
1-3,lane1_exhibition_st_rank_bucket x target_exhibition_st_rank_bucket,2 | missing,33,0,0.0,3300,0,-3300,0.0,0.0,15.77,78.64,498.72,-78.64,-15.77,-498.72,mixed_edge
1-3,lane1_start_exhibition_gap_bucket x target_start_exhibition_gap_bucket,missing | >0.06,33,0,0.0,3300,0,-3300,0.0,0.0,15.77,78.64,498.72,-78.64,-15.77,-498.72,mixed_edge
1-3,lane1_target_start_gap_pair x target_outer_pressure_bucket,missing-best | high_other_pressure,33,0,0.0,3300,0,-3300,0.0,0.0,15.77,78.64,498.72,-78.64,-15.77,-498.72,mixed_edge
1-4,lane1_target_exhibition_st_rank_pair,missing-2,33,0,0.0,3300,0,-3300,0.0,0.0,10.08,74.47,738.96,-74.47,-10.08,-738.96,mixed_edge
1-4,lane1_target_exhibition_st_rank_pair,missing-3,33,0,0.0,3300,0,-3300,0.0,0.0,10.08,74.47,738.96,-74.47,-10.08,-738.96,mixed_edge
1-4,lane1_exhibition_st_rank_bucket x target_exhibition_st_rank_bucket,missing | 2,33,0,0.0,3300,0,-3300,0.0,0.0,10.08,74.47,738.96,-74.47,-10.08,-738.96,mixed_edge
1-4,lane1_exhibition_st_rank_bucket x target_exhibition_st_rank_bucket,missing | 3,33,0,0.0,3300,0,-3300,0.0,0.0,10.08,74.47,738.96,-74.47,-10.08,-738.96,mixed_edge
1-2,lane1_target_exhibition_st_rank_pair,missing-4+,32,0,0.0,3200,0,-3200,0.0,0.0,18.99,80.04,421.45,-80.04,-18.99,-421.45,mixed_edge
1-2,lane1_exhibition_st_rank_bucket x target_exhibition_st_rank_bucket,missing | 4+,32,0,0.0,3200,0,-3200,0.0,0.0,18.99,80.04,421.45,-80.04,-18.99,-421.45,mixed_edge
1-5,lane1_target_start_gap_pair,0.04-0.06-missing,32,0,0.0,3200,0,-3200,0.0,0.0,6.57,78.41,1193.16,-78.41,-6.57,-1193.16,mixed_edge
1-5,lane1_target_start_gap_pair,missing-0.04-0.06,32,0,0.0,3200,0,-3200,0.0,0.0,6.57,78.41,1193.16,-78.41,-6.57,-1193.16,mixed_edge
1-5,target_lane x lane1_target_start_gap_pair,5 | 0.04-0.06-missing,32,0,0.0,3200,0,-3200,0.0,0.0,6.57,78.41,1193.16,-78.41,-6.57,-1193.16,mixed_edge
1-5,target_lane x lane1_target_start_gap_pair,5 | missing-0.04-0.06,32,0,0.0,3200,0,-3200,0.0,0.0,6.57,78.41,1193.16,-78.41,-6.57,-1193.16,mixed_edge
1-5,lane1_start_exhibition_gap_bucket x target_start_exhibition_gap_bucket,0.04-0.06 | missing,32,0,0.0,3200,0,-3200,0.0,0.0,6.57,78.41,1193.16,-78.41,-6.57,-1193.16,mixed_edge
1-5,lane1_start_exhibition_gap_bucket x target_start_exhibition_gap_bucket,missing | 0.04-0.06,32,0,0.0,3200,0,-3200,0.0,0.0,6.57,78.41,1193.16,-78.41,-6.57,-1193.16,mixed_edge
1-5,lane1_target_start_gap_pair x target_outer_pressure_bucket,best-missing | high_other_pressure,32,0,0.0,3200,0,-3200,0.0,0.0,6.57,78.41,1193.16,-78.41,-6.57,-1193.16,mixed_edge
1-6,lane1_target_exhibition_st_rank_pair,2-missing,32,0,0.0,3200,0,-3200,0.0,0.0,3.91,69.96,1787.33,-69.96,-3.91,-1787.33,mixed_edge
1-6,lane1_exhibition_st_rank_bucket x target_exhibition_st_rank_bucket,2 | missing,32,0,0.0,3200,0,-3200,0.0,0.0,3.91,69.96,1787.33,-69.96,-3.91,-1787.33,mixed_edge
1-3,lane1_target_start_gap_pair,>0.06-missing,31,0,0.0,3100,0,-3100,0.0,0.0,15.77,78.64,498.72,-78.64,-15.77,-498.72,mixed_edge
1-3,target_lane x lane1_target_start_gap_pair,3 | >0.06-missing,31,0,0.0,3100,0,-3100,0.0,0.0,15.77,78.64,498.72,-78.64,-15.77,-498.72,mixed_edge
1-3,lane1_start_exhibition_gap_bucket x target_start_exhibition_gap_bucket,>0.06 | missing,31,0,0.0,3100,0,-3100,0.0,0.0,15.77,78.64,498.72,-78.64,-15.77,-498.72,mixed_edge
1-5,lane1_target_exhibition_st_rank_pair,2-missing,31,0,0.0,3100,0,-3100,0.0,0.0,6.57,78.41,1193.16,-78.41,-6.57,-1193.16,mixed_edge
1-5,lane1_exhibition_st_rank_bucket x target_exhibition_st_rank_bucket,2 | missing,31,0,0.0,3100,0,-3100,0.0,0.0,6.57,78.41,1193.16,-78.41,-6.57,-1193.16,mixed_edge
1-2,lane1_target_start_gap_pair,missing-<=0.03,30,0,0.0,3000,0,-3000,0.0,0.0,18.99,80.04,421.45,-80.04,-18.99,-421.45,mixed_edge
1-2,target_lane x lane1_target_start_gap_pair,2 | missing-<=0.03,30,0,0.0,3000,0,-3000,0.0,0.0,18.99,80.04,421.45,-80.04,-18.99,-421.45,mixed_edge
1-2,lane1_start_exhibition_gap_bucket x target_start_exhibition_gap_bucket,missing | <=0.03,30,0,0.0,3000,0,-3000,0.0,0.0,18.99,80.04,421.45,-80.04,-18.99,-421.45,mixed_edge
1-3,lane1_target_exhibition_st_rank_pair,3-missing,30,0,0.0,3000,0,-3000,0.0,0.0,15.77,78.64,498.72,-78.64,-15.77,-498.72,mixed_edge
1-3,lane1_target_exhibition_st_rank_pair,4+-missing,30,0,0.0,3000,0,-3000,0.0,0.0,15.77,78.64,498.72,-78.64,-15.77,-498.72,mixed_edge
1-3,lane1_exhibition_st_rank_bucket x target_exhibition_st_rank_bucket,3 | missing,30,0,0.0,3000,0,-3000,0.0,0.0,15.77,78.64,498.72,-78.64,-15.77,-498.72,mixed_edge
1-3,lane1_exhibition_st_rank_bucket x target_exhibition_st_rank_bucket,4+ | missing,30,0,0.0,3000,0,-3000,0.0,0.0,15.77,78.64,498.72,-78.64,-15.77,-498.72,mixed_edge
1-4,lane1_target_start_gap_pair x target_outer_pressure_bucket,missing-<=0.03 | high_other_pressure,30,0,0.0,3000,0,-3000,0.0,0.0,10.08,74.47,738.96,-74.47,-10.08,-738.96,mixed_edge
