race_id,race_date,stadium_code,race_no,exacta_combo_norm,exacta_payout,logic_id,combo,is_hit,return_yen
202504110304,2025-04-11,03,4,3-2,780,L01,1-2,0,0
202504110305,2025-04-11,03,5,3-2,6610,L01,1-2,0,0
202504110308,2025-04-11,03,8,1-2,330,L01,1-2,1,330
202504110709,2025-04-11,07,9,1-4,410,L01,1-2,0,0
202504111306,2025-04-11,13,6,1-3,310,L01,1-2,0,0
202504111308,2025-04-11,13,8,1-3,680,L01,1-2,0,0
202504112009,2025-04-11,20,9,1-3,260,L01,1-2,0,0
202504112104,2025-04-11,21,4,1-4,480,L01,1-2,0,0
202504112404,2025-04-11,24,4,1-4,770,L01,1-2,0,0
202504112412,2025-04-11,24,12,2-1,980,L01,1-2,0,0
202504120210,2025-04-12,02,10,5-2,4380,L01,1-2,0,0
202504120301,2025-04-12,03,1,1-2,330,L01,1-2,1,330
202504120307,2025-04-12,03,7,1-3,530,L01,1-2,0,0
202504120510,2025-04-12,05,10,1-3,1090,L01,1-2,0,0
202504120704,2025-04-12,07,4,1-2,400,L01,1-2,1,400
202504120802,2025-04-12,08,2,1-3,560,L01,1-2,0,0
202504121201,2025-04-12,12,1,1-4,490,L01,1-2,0,0
202504121207,2025-04-12,12,7,1-5,2570,L01,1-2,0,0
202504121208,2025-04-12,12,8,4-1,5110,L01,1-2,0,0
202504121509,2025-04-12,15,9,1-2,270,L01,1-2,1,270
202504121511,2025-04-12,15,11,1-2,220,L01,1-2,1,220
202504122003,2025-04-12,20,3,1-5,930,L01,1-2,0,0
202504122010,2025-04-12,20,10,2-1,1180,L01,1-2,0,0
202504122301,2025-04-12,23,1,1-2,230,L01,1-2,1,230
202504122311,2025-04-12,23,11,1-6,860,L01,1-2,0,0
202504130207,2025-04-13,02,7,1-4,440,L01,1-2,0,0
202504130401,2025-04-13,04,1,1-2,1590,L01,1-2,1,1590
202504130507,2025-04-13,05,7,1-4,660,L01,1-2,0,0
202504130904,2025-04-13,09,4,4-2,3230,L01,1-2,0,0
202504130912,2025-04-13,09,12,1-3,320,L01,1-2,0,0
202504131206,2025-04-13,12,6,1-5,1600,L01,1-2,0,0
202504131508,2025-04-13,15,8,2-1,1070,L01,1-2,0,0
202504131705,2025-04-13,17,5,1-4,770,L01,1-2,0,0
202504132101,2025-04-13,21,1,5-1,1240,L01,1-2,0,0
202504132207,2025-04-13,22,7,3-4,5000,L01,1-2,0,0
202504132212,2025-04-13,22,12,1-6,3170,L01,1-2,0,0
202504132305,2025-04-13,23,5,1-3,250,L01,1-2,0,0
202504140204,2025-04-14,02,4,1-2,1420,L01,1-2,1,1420
202504140212,2025-04-14,02,12,5-4,9060,L01,1-2,0,0
202504140410,2025-04-14,04,10,1-3,520,L01,1-2,0,0
202504142203,2025-04-14,22,3,1-3,570,L01,1-2,0,0
202504142205,2025-04-14,22,5,1-4,1530,L01,1-2,0,0
202504142207,2025-04-14,22,7,1-4,1080,L01,1-2,0,0
202504142304,2025-04-14,23,4,1-3,1100,L01,1-2,0,0
202504142308,2025-04-14,23,8,6-1,420,L01,1-2,0,0
202504142405,2025-04-14,24,5,3-4,760,L01,1-2,0,0
202504142409,2025-04-14,24,9,1-3,330,L01,1-2,0,0
202504150207,2025-04-15,02,7,1-2,470,L01,1-2,1,470
202504150209,2025-04-15,02,9,1-2,310,L01,1-2,1,310
202504150609,2025-04-15,06,9,3-1,1350,L01,1-2,0,0
202504152306,2025-04-15,23,6,1-3,760,L01,1-2,0,0
202504152404,2025-04-15,24,4,1-6,770,L01,1-2,0,0
202504152411,2025-04-15,24,11,3-1,1000,L01,1-2,0,0
202504160608,2025-04-16,06,8,1-2,690,L01,1-2,1,690
202504160610,2025-04-16,06,10,1-2,300,L01,1-2,1,300
202504160909,2025-04-16,09,9,1-2,380,L01,1-2,1,380
202504161002,2025-04-16,10,2,1-2,250,L01,1-2,1,250
202504161508,2025-04-16,15,8,1-2,250,L01,1-2,1,250
202504161709,2025-04-16,17,9,1-2,770,L01,1-2,1,770
202504162201,2025-04-16,22,1,2-1,1680,L01,1-2,0,0
202504162208,2025-04-16,22,8,2-6,3720,L01,1-2,0,0
202504162401,2025-04-16,24,1,2-1,2920,L01,1-2,0,0
202504162408,2025-04-16,24,8,3-1,480,L01,1-2,0,0
202504162409,2025-04-16,24,9,2-5,6410,L01,1-2,0,0
202504170403,2025-04-17,04,3,1-3,1580,L01,1-2,0,0
202504170607,2025-04-17,06,7,1-2,290,L01,1-2,1,290
202504170608,2025-04-17,06,8,1-2,610,L01,1-2,1,610
202504171403,2025-04-17,14,3,1-3,600,L01,1-2,0,0
202504171410,2025-04-17,14,10,1-4,990,L01,1-2,0,0
202504171511,2025-04-17,15,11,2-1,1330,L01,1-2,0,0
202504171703,2025-04-17,17,3,1-3,570,L01,1-2,0,0
202504171803,2025-04-17,18,3,1-2,310,L01,1-2,1,310
202504171807,2025-04-17,18,7,4-3,2800,L01,1-2,0,0
202504172203,2025-04-17,22,3,3-1,3310,L01,1-2,0,0
202504172205,2025-04-17,22,5,4-3,12230,L01,1-2,0,0
202504172401,2025-04-17,24,1,5-1,990,L01,1-2,0,0
202504172403,2025-04-17,24,3,1-2,380,L01,1-2,1,380
202504172409,2025-04-17,24,9,1-3,250,L01,1-2,0,0
202504180404,2025-04-18,04,4,1-3,380,L01,1-2,0,0
202504180406,2025-04-18,04,6,2-1,790,L01,1-2,0,0
202504180409,2025-04-18,04,9,1-2,460,L01,1-2,1,460
202504180705,2025-04-18,07,5,1-4,1570,L01,1-2,0,0
202504180707,2025-04-18,07,7,1-2,1680,L01,1-2,1,1680
202504180711,2025-04-18,07,11,1-3,450,L01,1-2,0,0
202504180812,2025-04-18,08,12,5-1,4760,L01,1-2,0,0
202504181001,2025-04-18,10,1,1-3,230,L01,1-2,0,0
202504181006,2025-04-18,10,6,1-3,940,L01,1-2,0,0
202504181510,2025-04-18,15,10,1-3,270,L01,1-2,0,0
202504181803,2025-04-18,18,3,1-2,310,L01,1-2,1,310
202504182006,2025-04-18,20,6,1-2,640,L01,1-2,1,640
202504182012,2025-04-18,20,12,1-3,380,L01,1-2,0,0
202504182402,2025-04-18,24,2,2-1,750,L01,1-2,0,0
202504182407,2025-04-18,24,7,1-3,230,L01,1-2,0,0
202504190212,2025-04-19,02,12,4-1,3430,L01,1-2,0,0
202504190602,2025-04-19,06,2,5-4,2710,L01,1-2,0,0
202504190711,2025-04-19,07,11,1-3,190,L01,1-2,0,0
202504190811,2025-04-19,08,11,1-3,270,L01,1-2,0,0
202504190812,2025-04-19,08,12,1-2,680,L01,1-2,1,680
202504190910,2025-04-19,09,10,3-1,380,L01,1-2,0,0
202504190911,2025-04-19,09,11,1-5,930,L01,1-2,0,0
202504191801,2025-04-19,18,1,1-2,710,L01,1-2,1,710
202504192011,2025-04-19,20,11,1-5,950,L01,1-2,0,0
202504192308,2025-04-19,23,8,1-3,1040,L01,1-2,0,0
202504200711,2025-04-20,07,11,1-2,400,L01,1-2,1,400
202504200909,2025-04-20,09,9,4-6,2040,L01,1-2,0,0
202504201306,2025-04-20,13,6,1-4,270,L01,1-2,0,0
202504201407,2025-04-20,14,7,1-3,610,L01,1-2,0,0
202504210204,2025-04-21,02,4,3-2,1090,L01,1-2,0,0
202504210404,2025-04-21,04,4,3-1,690,L01,1-2,0,0
202504210407,2025-04-21,04,7,2-1,320,L01,1-2,0,0
202504210509,2025-04-21,05,9,1-5,670,L01,1-2,0,0
202504210811,2025-04-21,08,11,4-2,4150,L01,1-2,0,0
202504211310,2025-04-21,13,10,1-2,210,L01,1-2,1,210
202504212303,2025-04-21,23,3,3-1,540,L01,1-2,0,0
202504220108,2025-04-22,01,8,1-2,380,L01,1-2,1,380
202504220109,2025-04-22,01,9,1-3,360,L01,1-2,0,0
202504220708,2025-04-22,07,8,1-3,200,L01,1-2,0,0
202504220801,2025-04-22,08,1,1-5,650,L01,1-2,0,0
202504220809,2025-04-22,08,9,1-4,360,L01,1-2,0,0
202504220912,2025-04-22,09,12,1-3,550,L01,1-2,0,0
202504221712,2025-04-22,17,12,1-4,250,L01,1-2,0,0
202504230111,2025-04-23,01,11,1-3,240,L01,1-2,0,0
202504230201,2025-04-23,02,1,1-3,330,L01,1-2,0,0
202504230510,2025-04-23,05,10,3-1,1790,L01,1-2,0,0
202504230710,2025-04-23,07,10,4-1,1340,L01,1-2,0,0
202504230901,2025-04-23,09,1,1-2,190,L01,1-2,1,190
202504231308,2025-04-23,13,8,1-6,680,L01,1-2,0,0
202504231310,2025-04-23,13,10,3-1,2900,L01,1-2,0,0
202504231707,2025-04-23,17,7,4-3,1660,L01,1-2,0,0
202504232111,2025-04-23,21,11,1-3,170,L01,1-2,0,0
202504232306,2025-04-23,23,6,3-1,1460,L01,1-2,0,0
202504232309,2025-04-23,23,9,1-3,720,L01,1-2,0,0
202504240107,2025-04-24,01,7,1-3,340,L01,1-2,0,0
202504240108,2025-04-24,01,8,5-6,1890,L01,1-2,0,0
202504240312,2025-04-24,03,12,3-1,2800,L01,1-2,0,0
202504242110,2025-04-24,21,10,1-3,330,L01,1-2,0,0
202504242206,2025-04-24,22,6,1-2,630,L01,1-2,1,630
202504250302,2025-04-25,03,2,1-4,1560,L01,1-2,0,0
202504250606,2025-04-25,06,6,3-1,730,L01,1-2,0,0
202504251005,2025-04-25,10,5,4-1,1120,L01,1-2,0,0
202504252201,2025-04-25,22,1,1-5,770,L01,1-2,0,0
202504260104,2025-04-26,01,4,1-2,290,L01,1-2,1,290
202504260608,2025-04-26,06,8,4-3,3600,L01,1-2,0,0
202504261411,2025-04-26,14,11,3-1,1010,L01,1-2,0,0
202504261803,2025-04-26,18,3,5-4,8370,L01,1-2,0,0
202504262011,2025-04-26,20,11,1-2,190,L01,1-2,1,190
202504262203,2025-04-26,22,3,1-3,450,L01,1-2,0,0
202504270106,2025-04-27,01,6,1-2,580,L01,1-2,1,580
202504270408,2025-04-27,04,8,4-1,710,L01,1-2,0,0
202504270410,2025-04-27,04,10,5-1,1940,L01,1-2,0,0
202504270612,2025-04-27,06,12,5-1,1450,L01,1-2,0,0
202504271405,2025-04-27,14,5,3-1,1260,L01,1-2,0,0
202504271803,2025-04-27,18,3,1-2,250,L01,1-2,1,250
202504272110,2025-04-27,21,10,1-6,1620,L01,1-2,0,0
202504272111,2025-04-27,21,11,1-5,1100,L01,1-2,0,0
202504272112,2025-04-27,21,12,1-4,530,L01,1-2,0,0
202504272210,2025-04-27,22,10,1-3,380,L01,1-2,0,0
202504280512,2025-04-28,05,12,1-4,850,L01,1-2,0,0
202504280801,2025-04-28,08,1,1-4,650,L01,1-2,0,0
202504280806,2025-04-28,08,6,1-5,2430,L01,1-2,0,0
202504280810,2025-04-28,08,10,4-6,7410,L01,1-2,0,0
202504280811,2025-04-28,08,11,1-2,150,L01,1-2,1,150
202504281412,2025-04-28,14,12,6-1,5790,L01,1-2,0,0
202504281902,2025-04-28,19,2,1-2,240,L01,1-2,1,240
202504290309,2025-04-29,03,9,5-4,6980,L01,1-2,0,0
202504290707,2025-04-29,07,7,4-3,4570,L01,1-2,0,0
202504292001,2025-04-29,20,1,3-5,4690,L01,1-2,0,0
202504300408,2025-04-30,04,8,5-4,2880,L01,1-2,0,0
202504300507,2025-04-30,05,7,1-2,280,L01,1-2,1,280
202504301302,2025-04-30,13,2,1-3,210,L01,1-2,0,0
202504301308,2025-04-30,13,8,1-3,390,L01,1-2,0,0
202504301704,2025-04-30,17,4,1-2,340,L01,1-2,1,340
202504302409,2025-04-30,24,9,1-2,230,L01,1-2,1,230
202505010509,2025-05-01,05,9,1-5,780,L01,1-2,0,0
202505011507,2025-05-01,15,7,1-2,680,L01,1-2,1,680
202505011508,2025-05-01,15,8,1-3,920,L01,1-2,0,0
202505020710,2025-05-02,07,10,1-5,1040,L01,1-2,0,0
202505021001,2025-05-02,10,1,1-2,220,L01,1-2,1,220
202505021106,2025-05-02,11,6,2-1,2190,L01,1-2,0,0
202505021603,2025-05-02,16,3,2-3,570,L01,1-2,0,0
202505021710,2025-05-02,17,10,4-2,900,L01,1-2,0,0
202505022309,2025-05-02,23,9,2-5,830,L01,1-2,0,0
202505022310,2025-05-02,23,10,1-2,1080,L01,1-2,1,1080
202505022405,2025-05-02,24,5,4-1,2160,L01,1-2,0,0
202505022407,2025-05-02,24,7,1-3,240,L01,1-2,0,0
202505030407,2025-05-03,04,7,4-2,8010,L01,1-2,0,0
202505030603,2025-05-03,06,3,3-2,770,L01,1-2,0,0
202505030707,2025-05-03,07,7,1-4,280,L01,1-2,0,0
202505031011,2025-05-03,10,11,1-3,420,L01,1-2,0,0
202505031209,2025-05-03,12,9,1-4,280,L01,1-2,0,0
202505031307,2025-05-03,13,7,4-5,2630,L01,1-2,0,0
202505031605,2025-05-03,16,5,3-1,490,L01,1-2,0,0
202505032203,2025-05-03,22,3,3-4,410,L01,1-2,0,0
202505032408,2025-05-03,24,8,1-3,890,L01,1-2,0,0
202505040203,2025-05-04,02,3,1-2,1530,L01,1-2,1,1530
202505041506,2025-05-04,15,6,4-2,4160,L01,1-2,0,0
202505041602,2025-05-04,16,2,2-1,1090,L01,1-2,0,0
202505041603,2025-05-04,16,3,2-1,690,L01,1-2,0,0
202505041701,2025-05-04,17,1,4-1,2940,L01,1-2,0,0
202505042010,2025-05-04,20,10,2-3,5940,L01,1-2,0,0
202505042203,2025-05-04,22,3,3-1,250,L01,1-2,0,0
202505050403,2025-05-05,04,3,4-5,2780,L01,1-2,0,0
202505050803,2025-05-05,08,3,1-5,520,L01,1-2,0,0
202505050806,2025-05-05,08,6,1-5,370,L01,1-2,0,0
202505050811,2025-05-05,08,11,1-5,660,L01,1-2,0,0
202505050812,2025-05-05,08,12,1-3,370,L01,1-2,0,0
202505050911,2025-05-05,09,11,1-4,530,L01,1-2,0,0
202505050912,2025-05-05,09,12,1-4,670,L01,1-2,0,0
202505051104,2025-05-05,11,4,3-1,610,L01,1-2,0,0
202505051109,2025-05-05,11,9,1-2,290,L01,1-2,1,290
202505051303,2025-05-05,13,3,3-5,13900,L01,1-2,0,0
202505052204,2025-05-05,22,4,2-5,2500,L01,1-2,0,0
202505060105,2025-05-06,01,5,1-4,810,L01,1-2,0,0
202505060204,2025-05-06,02,4,1-3,520,L01,1-2,0,0
202505060211,2025-05-06,02,11,3-5,1420,L01,1-2,0,0
202505060508,2025-05-06,05,8,1-3,390,L01,1-2,0,0
202505060601,2025-05-06,06,1,2-6,6320,L01,1-2,0,0
202505060603,2025-05-06,06,3,1-2,950,L01,1-2,1,950
202505060805,2025-05-06,08,5,1-5,2110,L01,1-2,0,0
202505060807,2025-05-06,08,7,2-5,5170,L01,1-2,0,0
202505060809,2025-05-06,08,9,1-5,490,L01,1-2,0,0
202505060903,2025-05-06,09,3,3-1,2070,L01,1-2,0,0
202505061005,2025-05-06,10,5,3-5,3250,L01,1-2,0,0
202505061009,2025-05-06,10,9,1-2,490,L01,1-2,1,490
202505061311,2025-05-06,13,11,3-1,1610,L01,1-2,0,0
202505061403,2025-05-06,14,3,1-3,250,L01,1-2,0,0
202505062101,2025-05-06,21,1,2-1,1170,L01,1-2,0,0
202505062211,2025-05-06,22,11,2-1,2130,L01,1-2,0,0
202505070507,2025-05-07,05,7,2-6,4190,L01,1-2,0,0
202505071203,2025-05-07,12,3,1-3,430,L01,1-2,0,0
202505071212,2025-05-07,12,12,1-4,510,L01,1-2,0,0
202505071304,2025-05-07,13,4,2-1,810,L01,1-2,0,0
202505072008,2025-05-07,20,8,1-3,190,L01,1-2,0,0
202505072201,2025-05-07,22,1,3-1,1220,L01,1-2,0,0
202505072202,2025-05-07,22,2,2-4,1870,L01,1-2,0,0
202505080712,2025-05-08,07,12,6-1,10850,L01,1-2,0,0
202505081511,2025-05-08,15,11,1-4,380,L01,1-2,0,0
202505081806,2025-05-08,18,6,4-5,740,L01,1-2,0,0
202505081911,2025-05-08,19,11,1-4,380,L01,1-2,0,0
202505082002,2025-05-08,20,2,3-6,1680,L01,1-2,0,0
202505082006,2025-05-08,20,6,6-3,4120,L01,1-2,0,0
202505082306,2025-05-08,23,6,1-6,1040,L01,1-2,0,0
202505090708,2025-05-09,07,8,1-3,210,L01,1-2,0,0
202505091407,2025-05-09,14,7,2-5,950,L01,1-2,0,0
202505091409,2025-05-09,14,9,1-4,440,L01,1-2,0,0
202505091802,2025-05-09,18,2,1-2,360,L01,1-2,1,360
202505092302,2025-05-09,23,2,1-3,330,L01,1-2,0,0
202505092309,2025-05-09,23,9,1-3,570,L01,1-2,0,0
202505100703,2025-05-10,07,3,3-2,1460,L01,1-2,0,0
202505100709,2025-05-10,07,9,1-3,490,L01,1-2,0,0
202505101309,2025-05-10,13,9,2-3,5680,L01,1-2,0,0
202504110203,2025-04-11,02,3,3-2,550,L02,1-2,0,0
202504110206,2025-04-11,02,6,3-4,2410,L02,1-2,0,0
202504110303,2025-04-11,03,3,1-3,1470,L02,1-2,0,0
202504110304,2025-04-11,03,4,3-2,780,L02,1-2,0,0
202504110305,2025-04-11,03,5,3-2,6610,L02,1-2,0,0
202504110308,2025-04-11,03,8,1-2,330,L02,1-2,1,330
202504110309,2025-04-11,03,9,1-3,1270,L02,1-2,0,0
202504110311,2025-04-11,03,11,1-5,1120,L02,1-2,0,0
202504110709,2025-04-11,07,9,1-4,410,L02,1-2,0,0
202504110712,2025-04-11,07,12,1-2,500,L02,1-2,1,500
202504110801,2025-04-11,08,1,1-3,340,L02,1-2,0,0
202504110802,2025-04-11,08,2,2-6,1300,L02,1-2,0,0
202504110803,2025-04-11,08,3,1-4,1830,L02,1-2,0,0
202504111301,2025-04-11,13,1,2-4,3500,L02,1-2,0,0
202504111302,2025-04-11,13,2,1-3,1630,L02,1-2,0,0
202504111308,2025-04-11,13,8,1-3,680,L02,1-2,0,0
202504111504,2025-04-11,15,4,1-2,1020,L02,1-2,1,1020
202504111505,2025-04-11,15,5,1-3,440,L02,1-2,0,0
202504111506,2025-04-11,15,6,2-1,1710,L02,1-2,0,0
202504112009,2025-04-11,20,9,1-3,260,L02,1-2,0,0
202504112011,2025-04-11,20,11,2-1,1780,L02,1-2,0,0
202504112102,2025-04-11,21,2,1-4,230,L02,1-2,0,0
202504112104,2025-04-11,21,4,1-4,480,L02,1-2,0,0
202504112301,2025-04-11,23,1,1-2,180,L02,1-2,1,180
202504120301,2025-04-12,03,1,1-2,330,L02,1-2,1,330
202504120504,2025-04-12,05,4,6-1,2310,L02,1-2,0,0
202504120510,2025-04-12,05,10,1-3,1090,L02,1-2,0,0
202504120705,2025-04-12,07,5,1-2,540,L02,1-2,1,540
202504120802,2025-04-12,08,2,1-3,560,L02,1-2,0,0
202504120804,2025-04-12,08,4,1-2,280,L02,1-2,1,280
202504121201,2025-04-12,12,1,1-4,490,L02,1-2,0,0
202504121207,2025-04-12,12,7,1-5,2570,L02,1-2,0,0
202504121503,2025-04-12,15,3,1-3,400,L02,1-2,0,0
202504121509,2025-04-12,15,9,1-2,270,L02,1-2,1,270
202504122002,2025-04-12,20,2,3-4,2280,L02,1-2,0,0
202504122003,2025-04-12,20,3,1-5,930,L02,1-2,0,0
202504122005,2025-04-12,20,5,1-4,560,L02,1-2,0,0
202504122007,2025-04-12,20,7,1-2,270,L02,1-2,1,270
202504122009,2025-04-12,20,9,3-1,1790,L02,1-2,0,0
202504122107,2025-04-12,21,7,2-1,740,L02,1-2,0,0
202504122112,2025-04-12,21,12,1-5,1280,L02,1-2,0,0
202504122301,2025-04-12,23,1,1-2,230,L02,1-2,1,230
202504122311,2025-04-12,23,11,1-6,860,L02,1-2,0,0
202504130204,2025-04-13,02,4,1-4,1610,L02,1-2,0,0
202504130208,2025-04-13,02,8,1-3,310,L02,1-2,0,0
202504130312,2025-04-13,03,12,1-2,330,L02,1-2,1,330
202504130410,2025-04-13,04,10,1-3,300,L02,1-2,0,0
202504130507,2025-04-13,05,7,1-4,660,L02,1-2,0,0
202504130904,2025-04-13,09,4,4-2,3230,L02,1-2,0,0
202504130912,2025-04-13,09,12,1-3,320,L02,1-2,0,0
202504131211,2025-04-13,12,11,1-4,480,L02,1-2,0,0
202504131508,2025-04-13,15,8,2-1,1070,L02,1-2,0,0
202504132104,2025-04-13,21,4,1-2,290,L02,1-2,1,290
202504132108,2025-04-13,21,8,1-2,660,L02,1-2,1,660
202504132111,2025-04-13,21,11,1-4,1470,L02,1-2,0,0
202504132204,2025-04-13,22,4,1-3,640,L02,1-2,0,0
202504132207,2025-04-13,22,7,3-4,5000,L02,1-2,0,0
202504132209,2025-04-13,22,9,2-1,1130,L02,1-2,0,0
202504132210,2025-04-13,22,10,1-3,450,L02,1-2,0,0
202504132212,2025-04-13,22,12,1-6,3170,L02,1-2,0,0
202504132304,2025-04-13,23,4,1-2,270,L02,1-2,1,270
202504132305,2025-04-13,23,5,1-3,250,L02,1-2,0,0
202504132306,2025-04-13,23,6,2-5,1080,L02,1-2,0,0
202504132310,2025-04-13,23,10,1-4,280,L02,1-2,0,0
202504140201,2025-04-14,02,1,1-4,1960,L02,1-2,0,0
202504140204,2025-04-14,02,4,1-2,1420,L02,1-2,1,1420
202504140209,2025-04-14,02,9,1-3,390,L02,1-2,0,0
202504140212,2025-04-14,02,12,5-4,9060,L02,1-2,0,0
202504140407,2025-04-14,04,7,1-2,420,L02,1-2,1,420
202504140410,2025-04-14,04,10,1-3,520,L02,1-2,0,0
202504140412,2025-04-14,04,12,1-2,360,L02,1-2,1,360
202504140701,2025-04-14,07,1,1-4,580,L02,1-2,0,0
202504140702,2025-04-14,07,2,5-6,3680,L02,1-2,0,0
202504140911,2025-04-14,09,11,1-2,180,L02,1-2,1,180
202504141006,2025-04-14,10,6,2-4,1580,L02,1-2,0,0
202504142205,2025-04-14,22,5,1-4,1530,L02,1-2,0,0
202504142207,2025-04-14,22,7,1-4,1080,L02,1-2,0,0
202504142209,2025-04-14,22,9,4-1,990,L02,1-2,0,0
202504142304,2025-04-14,23,4,1-3,1100,L02,1-2,0,0
202504142308,2025-04-14,23,8,6-1,420,L02,1-2,0,0
202504150207,2025-04-15,02,7,1-2,470,L02,1-2,1,470
202504150209,2025-04-15,02,9,1-2,310,L02,1-2,1,310
202504150406,2025-04-15,04,6,2-1,630,L02,1-2,0,0
202504150602,2025-04-15,06,2,4-2,1250,L02,1-2,0,0
202504150606,2025-04-15,06,6,5-2,2270,L02,1-2,0,0
202504150609,2025-04-15,06,9,3-1,1350,L02,1-2,0,0
202504150610,2025-04-15,06,10,1-2,290,L02,1-2,1,290
202504150612,2025-04-15,06,12,1-5,760,L02,1-2,0,0
202504151004,2025-04-15,10,4,1-4,230,L02,1-2,0,0
202504151007,2025-04-15,10,7,5-1,23010,L02,1-2,0,0
202504151809,2025-04-15,18,9,2-3,750,L02,1-2,0,0
202504152207,2025-04-15,22,7,2-1,4030,L02,1-2,0,0
202504152210,2025-04-15,22,10,1-4,400,L02,1-2,0,0
202504152305,2025-04-15,23,5,4-5,3700,L02,1-2,0,0
202504152306,2025-04-15,23,6,1-3,760,L02,1-2,0,0
202504152307,2025-04-15,23,7,1-3,520,L02,1-2,0,0
202504152309,2025-04-15,23,9,1-2,240,L02,1-2,1,240
202504152312,2025-04-15,23,12,1-3,320,L02,1-2,0,0
202504152403,2025-04-15,24,3,1-2,270,L02,1-2,1,270
202504160410,2025-04-16,04,10,1-3,2230,L02,1-2,0,0
202504160610,2025-04-16,06,10,1-2,300,L02,1-2,1,300
202504160909,2025-04-16,09,9,1-2,380,L02,1-2,1,380
202504161002,2025-04-16,10,2,1-2,250,L02,1-2,1,250
202504161006,2025-04-16,10,6,1-3,1060,L02,1-2,0,0
202504161009,2025-04-16,10,9,1-4,510,L02,1-2,0,0
202504161203,2025-04-16,12,3,1-3,350,L02,1-2,0,0
202504161204,2025-04-16,12,4,1-2,200,L02,1-2,1,200
202504161508,2025-04-16,15,8,1-2,250,L02,1-2,1,250
202504161701,2025-04-16,17,1,1-2,390,L02,1-2,1,390
202504161709,2025-04-16,17,9,1-2,770,L02,1-2,1,770
202504161711,2025-04-16,17,11,3-1,1560,L02,1-2,0,0
202504162201,2025-04-16,22,1,2-1,1680,L02,1-2,0,0
202504162206,2025-04-16,22,6,1-2,490,L02,1-2,1,490
202504162208,2025-04-16,22,8,2-6,3720,L02,1-2,0,0
202504162401,2025-04-16,24,1,2-1,2920,L02,1-2,0,0
202504162404,2025-04-16,24,4,1-2,1180,L02,1-2,1,1180
202504162405,2025-04-16,24,5,1-2,540,L02,1-2,1,540
202504162408,2025-04-16,24,8,3-1,480,L02,1-2,0,0
202504162410,2025-04-16,24,10,1-3,1250,L02,1-2,0,0
202504170403,2025-04-17,04,3,1-3,1580,L02,1-2,0,0
202504170411,2025-04-17,04,11,4-2,1900,L02,1-2,0,0
202504170412,2025-04-17,04,12,1-4,570,L02,1-2,0,0
202504170607,2025-04-17,06,7,1-2,290,L02,1-2,1,290
202504170612,2025-04-17,06,12,2-1,3050,L02,1-2,0,0
202504171201,2025-04-17,12,1,1-3,430,L02,1-2,0,0
202504171505,2025-04-17,15,5,1-2,260,L02,1-2,1,260
202504171511,2025-04-17,15,11,2-1,1330,L02,1-2,0,0
202504171703,2025-04-17,17,3,1-3,570,L02,1-2,0,0
202504171705,2025-04-17,17,5,1-2,230,L02,1-2,1,230
202504171803,2025-04-17,18,3,1-2,310,L02,1-2,1,310
202504171805,2025-04-17,18,5,1-2,240,L02,1-2,1,240
202504171807,2025-04-17,18,7,4-3,2800,L02,1-2,0,0
202504171811,2025-04-17,18,11,1-5,830,L02,1-2,0,0
202504172203,2025-04-17,22,3,3-1,3310,L02,1-2,0,0
202504172212,2025-04-17,22,12,1-2,290,L02,1-2,1,290
202504172408,2025-04-17,24,8,5-1,2280,L02,1-2,0,0
202504172409,2025-04-17,24,9,1-3,250,L02,1-2,0,0
202504172412,2025-04-17,24,12,1-2,400,L02,1-2,1,400
202504180404,2025-04-18,04,4,1-3,380,L02,1-2,0,0
202504180406,2025-04-18,04,6,2-1,790,L02,1-2,0,0
202504180411,2025-04-18,04,11,1-4,470,L02,1-2,0,0
202504180603,2025-04-18,06,3,1-3,1580,L02,1-2,0,0
202504180703,2025-04-18,07,3,1-2,400,L02,1-2,1,400
202504180705,2025-04-18,07,5,1-4,1570,L02,1-2,0,0
202504180706,2025-04-18,07,6,1-4,1610,L02,1-2,0,0
202504180710,2025-04-18,07,10,1-5,490,L02,1-2,0,0
202504180802,2025-04-18,08,2,2-1,1080,L02,1-2,0,0
202504181002,2025-04-18,10,2,1-4,1500,L02,1-2,0,0
202504181006,2025-04-18,10,6,1-3,940,L02,1-2,0,0
202504181504,2025-04-18,15,4,2-3,480,L02,1-2,0,0
202504181510,2025-04-18,15,10,1-3,270,L02,1-2,0,0
202504181803,2025-04-18,18,3,1-2,310,L02,1-2,1,310
202504182004,2025-04-18,20,4,3-1,1580,L02,1-2,0,0
202504182401,2025-04-18,24,1,4-2,3310,L02,1-2,0,0
202504182402,2025-04-18,24,2,2-1,750,L02,1-2,0,0
202504182404,2025-04-18,24,4,1-6,600,L02,1-2,0,0
202504182405,2025-04-18,24,5,1-2,260,L02,1-2,1,260
202504182412,2025-04-18,24,12,1-2,240,L02,1-2,1,240
202504190601,2025-04-19,06,1,1-4,1430,L02,1-2,0,0
202504190710,2025-04-19,07,10,1-4,320,L02,1-2,0,0
202504190711,2025-04-19,07,11,1-3,190,L02,1-2,0,0
202504190804,2025-04-19,08,4,1-5,1510,L02,1-2,0,0
202504190811,2025-04-19,08,11,1-3,270,L02,1-2,0,0
202504190902,2025-04-19,09,2,2-1,870,L02,1-2,0,0
202504190906,2025-04-19,09,6,5-1,680,L02,1-2,0,0
202504190911,2025-04-19,09,11,1-5,930,L02,1-2,0,0
202504191403,2025-04-19,14,3,1-5,570,L02,1-2,0,0
202504191404,2025-04-19,14,4,1-3,1830,L02,1-2,0,0
202504191507,2025-04-19,15,7,2-1,420,L02,1-2,0,0
202504191508,2025-04-19,15,8,1-2,290,L02,1-2,1,290
202504191801,2025-04-19,18,1,1-2,710,L02,1-2,1,710
202504191809,2025-04-19,18,9,1-3,250,L02,1-2,0,0
202504191812,2025-04-19,18,12,1-3,250,L02,1-2,0,0
202504192011,2025-04-19,20,11,1-5,950,L02,1-2,0,0
202504192308,2025-04-19,23,8,1-3,1040,L02,1-2,0,0
202504192312,2025-04-19,23,12,4-1,2560,L02,1-2,0,0
202504200704,2025-04-20,07,4,1-6,8010,L02,1-2,0,0
202504200711,2025-04-20,07,11,1-2,400,L02,1-2,1,400
202504201306,2025-04-20,13,6,1-4,270,L02,1-2,0,0
202504201309,2025-04-20,13,9,1-5,1360,L02,1-2,0,0
202504201405,2025-04-20,14,5,1-3,750,L02,1-2,0,0
202504201810,2025-04-20,18,10,1-3,300,L02,1-2,0,0
202504201812,2025-04-20,18,12,1-2,300,L02,1-2,1,300
202504210205,2025-04-21,02,5,1-4,300,L02,1-2,0,0
202504210407,2025-04-21,04,7,2-1,320,L02,1-2,0,0
202504210512,2025-04-21,05,12,3-6,8250,L02,1-2,0,0
202504210710,2025-04-21,07,10,1-4,410,L02,1-2,0,0
202504210811,2025-04-21,08,11,4-2,4150,L02,1-2,0,0
202504211001,2025-04-21,10,1,1-3,420,L02,1-2,0,0
202504211011,2025-04-21,10,11,1-5,880,L02,1-2,0,0
202504211012,2025-04-21,10,12,3-2,2740,L02,1-2,0,0
202504211311,2025-04-21,13,11,1-2,240,L02,1-2,1,240
202504220105,2025-04-22,01,5,1-2,360,L02,1-2,1,360
202504220109,2025-04-22,01,9,1-3,360,L02,1-2,0,0
202504220209,2025-04-22,02,9,1-6,1040,L02,1-2,0,0
202504220412,2025-04-22,04,12,1-2,250,L02,1-2,1,250
202504220709,2025-04-22,07,9,1-6,2680,L02,1-2,0,0
202504220803,2025-04-22,08,3,1-2,380,L02,1-2,1,380
202504220806,2025-04-22,08,6,1-3,380,L02,1-2,0,0
202504220809,2025-04-22,08,9,1-4,360,L02,1-2,0,0
202504221003,2025-04-22,10,3,3-5,780,L02,1-2,0,0
202504221302,2025-04-22,13,2,4-2,1070,L02,1-2,0,0
202504221709,2025-04-22,17,9,1-6,820,L02,1-2,0,0
202504221712,2025-04-22,17,12,1-4,250,L02,1-2,0,0
202504222301,2025-04-22,23,1,1-4,950,L02,1-2,0,0
202504222303,2025-04-22,23,3,1-2,370,L02,1-2,1,370
202504222412,2025-04-22,24,12,1-3,290,L02,1-2,0,0
202504230103,2025-04-23,01,3,1-2,280,L02,1-2,1,280
202504230111,2025-04-23,01,11,1-3,240,L02,1-2,0,0
202504230112,2025-04-23,01,12,1-2,430,L02,1-2,1,430
202504230211,2025-04-23,02,11,2-3,2790,L02,1-2,0,0
202504230404,2025-04-23,04,4,2-1,400,L02,1-2,0,0
202504230411,2025-04-23,04,11,3-1,560,L02,1-2,0,0
202504230510,2025-04-23,05,10,3-1,1790,L02,1-2,0,0
202504230703,2025-04-23,07,3,1-3,180,L02,1-2,0,0
202504230706,2025-04-23,07,6,1-3,490,L02,1-2,0,0
202504231010,2025-04-23,10,10,2-1,750,L02,1-2,0,0
202504231303,2025-04-23,13,3,1-5,290,L02,1-2,0,0
202504231308,2025-04-23,13,8,1-6,680,L02,1-2,0,0
202504231707,2025-04-23,17,7,4-3,1660,L02,1-2,0,0
202504231710,2025-04-23,17,10,2-4,12010,L02,1-2,0,0
202504232109,2025-04-23,21,9,1-4,200,L02,1-2,0,0
202504232111,2025-04-23,21,11,1-3,170,L02,1-2,0,0
202504232309,2025-04-23,23,9,1-3,720,L02,1-2,0,0
202504232310,2025-04-23,23,10,2-1,520,L02,1-2,0,0
202504232412,2025-04-23,24,12,1-3,200,L02,1-2,0,0
202504240108,2025-04-24,01,8,5-6,1890,L02,1-2,0,0
202504240211,2025-04-24,02,11,1-2,350,L02,1-2,1,350
202504240308,2025-04-24,03,8,1-4,940,L02,1-2,0,0
202504240310,2025-04-24,03,10,1-2,210,L02,1-2,1,210
202504240901,2025-04-24,09,1,1-5,690,L02,1-2,0,0
202504241001,2025-04-24,10,1,1-2,190,L02,1-2,1,190
202504241703,2025-04-24,17,3,1-3,730,L02,1-2,0,0
202504242109,2025-04-24,21,9,2-6,1860,L02,1-2,0,0
202504242110,2025-04-24,21,10,1-3,330,L02,1-2,0,0
202504242312,2025-04-24,23,12,1-3,700,L02,1-2,0,0
202504250102,2025-04-25,01,2,1-3,600,L02,1-2,0,0
202504250604,2025-04-25,06,4,1-2,220,L02,1-2,1,220
202504250606,2025-04-25,06,6,3-1,730,L02,1-2,0,0
202504251005,2025-04-25,10,5,4-1,1120,L02,1-2,0,0
202504251012,2025-04-25,10,12,1-4,590,L02,1-2,0,0
202504252201,2025-04-25,22,1,1-5,770,L02,1-2,0,0
202504260111,2025-04-26,01,11,1-4,630,L02,1-2,0,0
202504260508,2025-04-26,05,8,2-4,5350,L02,1-2,0,0
202504260605,2025-04-26,06,5,1-5,530,L02,1-2,0,0
202504260608,2025-04-26,06,8,4-3,3600,L02,1-2,0,0
202504260611,2025-04-26,06,11,4-5,1740,L02,1-2,0,0
202504260612,2025-04-26,06,12,1-6,4780,L02,1-2,0,0
202504260808,2025-04-26,08,8,1-2,570,L02,1-2,1,570
202504260810,2025-04-26,08,10,2-6,17900,L02,1-2,0,0
202504261401,2025-04-26,14,1,4-1,1570,L02,1-2,0,0
202504261408,2025-04-26,14,8,3-1,720,L02,1-2,0,0
202504261411,2025-04-26,14,11,3-1,1010,L02,1-2,0,0
202504261705,2025-04-26,17,5,1-3,640,L02,1-2,0,0
202504261803,2025-04-26,18,3,5-4,8370,L02,1-2,0,0
202504262010,2025-04-26,20,10,1-2,420,L02,1-2,1,420
202504262111,2025-04-26,21,11,1-4,660,L02,1-2,0,0
202504270102,2025-04-27,01,2,1-2,400,L02,1-2,1,400
202504270306,2025-04-27,03,6,5-4,1440,L02,1-2,0,0
202504270505,2025-04-27,05,5,4-5,5480,L02,1-2,0,0
202504270803,2025-04-27,08,3,2-1,350,L02,1-2,0,0
202504270806,2025-04-27,08,6,1-2,240,L02,1-2,1,240
202504271310,2025-04-27,13,10,5-1,1120,L02,1-2,0,0
202504271312,2025-04-27,13,12,4-6,2380,L02,1-2,0,0
202504271406,2025-04-27,14,6,3-2,930,L02,1-2,0,0
202504271706,2025-04-27,17,6,1-3,490,L02,1-2,0,0
202504271803,2025-04-27,18,3,1-2,250,L02,1-2,1,250
202504271902,2025-04-27,19,2,2-6,6480,L02,1-2,0,0
202504271910,2025-04-27,19,10,1-5,1030,L02,1-2,0,0
202504272111,2025-04-27,21,11,1-5,1100,L02,1-2,0,0
202504272112,2025-04-27,21,12,1-4,530,L02,1-2,0,0
202504280306,2025-04-28,03,6,4-2,2720,L02,1-2,0,0
202504280307,2025-04-28,03,7,1-5,770,L02,1-2,0,0
202504280511,2025-04-28,05,11,4-1,4210,L02,1-2,0,0
202504280801,2025-04-28,08,1,1-4,650,L02,1-2,0,0
202504280810,2025-04-28,08,10,4-6,7410,L02,1-2,0,0
202504280811,2025-04-28,08,11,1-2,150,L02,1-2,1,150
202504281304,2025-04-28,13,4,3-2,2870,L02,1-2,0,0
202504281309,2025-04-28,13,9,1-2,310,L02,1-2,1,310
202504281412,2025-04-28,14,12,6-1,5790,L02,1-2,0,0
202504281503,2025-04-28,15,3,2-6,1120,L02,1-2,0,0
202504281801,2025-04-28,18,1,1-2,140,L02,1-2,1,140
202504281902,2025-04-28,19,2,1-2,240,L02,1-2,1,240
202504282402,2025-04-28,24,2,1-2,670,L02,1-2,1,670
202504290302,2025-04-29,03,2,1-3,270,L02,1-2,0,0
202504290309,2025-04-29,03,9,5-4,6980,L02,1-2,0,0
202504290805,2025-04-29,08,5,1-2,1160,L02,1-2,1,1160
202504291305,2025-04-29,13,5,1-2,240,L02,1-2,1,240
202504291505,2025-04-29,15,5,4-2,2480,L02,1-2,0,0
202504291906,2025-04-29,19,6,1-2,290,L02,1-2,1,290
202504291909,2025-04-29,19,9,1-3,500,L02,1-2,0,0
202504292001,2025-04-29,20,1,3-5,4690,L02,1-2,0,0
202504292010,2025-04-29,20,10,4-1,2330,L02,1-2,0,0
202504292306,2025-04-29,23,6,2-1,770,L02,1-2,0,0
202504292405,2025-04-29,24,5,1-4,880,L02,1-2,0,0
202504300411,2025-04-30,04,11,1-3,570,L02,1-2,0,0
202504300507,2025-04-30,05,7,1-2,280,L02,1-2,1,280
202504300702,2025-04-30,07,2,2-4,1680,L02,1-2,0,0
202504300711,2025-04-30,07,11,1-2,250,L02,1-2,1,250
202504300802,2025-04-30,08,2,1-5,550,L02,1-2,0,0
202504301302,2025-04-30,13,2,1-3,210,L02,1-2,0,0
202504301308,2025-04-30,13,8,1-3,390,L02,1-2,0,0
202504301311,2025-04-30,13,11,1-4,570,L02,1-2,0,0
202504301409,2025-04-30,14,9,1-2,300,L02,1-2,1,300
202504301501,2025-04-30,15,1,1-5,1160,L02,1-2,0,0
202504301507,2025-04-30,15,7,1-6,320,L02,1-2,0,0
202504301704,2025-04-30,17,4,1-2,340,L02,1-2,1,340
202504302305,2025-04-30,23,5,2-4,8030,L02,1-2,0,0
202505010204,2025-05-01,02,4,3-5,1470,L02,1-2,0,0
202505010509,2025-05-01,05,9,1-5,780,L02,1-2,0,0
202505010510,2025-05-01,05,10,6-2,34020,L02,1-2,0,0
202505010812,2025-05-01,08,12,1-3,260,L02,1-2,0,0
202505010903,2025-05-01,09,3,3-2,630,L02,1-2,0,0
202505011105,2025-05-01,11,5,5-4,12250,L02,1-2,0,0
202505011501,2025-05-01,15,1,1-2,370,L02,1-2,1,370
202505011801,2025-05-01,18,1,1-2,210,L02,1-2,1,210
202505011803,2025-05-01,18,3,2-5,8720,L02,1-2,0,0
202505011809,2025-05-01,18,9,1-3,220,L02,1-2,0,0
202505020101,2025-05-02,01,1,4-2,1800,L02,1-2,0,0
202505020609,2025-05-02,06,9,1-6,1850,L02,1-2,0,0
202505020710,2025-05-02,07,10,1-5,1040,L02,1-2,0,0
202505021001,2025-05-02,10,1,1-2,220,L02,1-2,1,220
202505021011,2025-05-02,10,11,4-1,1970,L02,1-2,0,0
202505021207,2025-05-02,12,7,1-3,400,L02,1-2,0,0
202505022107,2025-05-02,21,7,1-4,220,L02,1-2,0,0
202505022305,2025-05-02,23,5,1-3,210,L02,1-2,0,0
202505030101,2025-05-03,01,1,2-1,560,L02,1-2,0,0
202505030205,2025-05-03,02,5,4-1,440,L02,1-2,0,0
202505030603,2025-05-03,06,3,3-2,770,L02,1-2,0,0
202505030612,2025-05-03,06,12,2-1,2370,L02,1-2,0,0
202505030803,2025-05-03,08,3,4-2,2450,L02,1-2,0,0
202505031004,2025-05-03,10,4,1-6,440,L02,1-2,0,0
202505031011,2025-05-03,10,11,1-3,420,L02,1-2,0,0
202505031112,2025-05-03,11,12,1-5,630,L02,1-2,0,0
202505031209,2025-05-03,12,9,1-4,280,L02,1-2,0,0
202505031703,2025-05-03,17,3,1-3,1040,L02,1-2,0,0
202505032203,2025-05-03,22,3,3-4,410,L02,1-2,0,0
202505032311,2025-05-03,23,11,4-1,2680,L02,1-2,0,0
202505032405,2025-05-03,24,5,5-1,2980,L02,1-2,0,0
202505032408,2025-05-03,24,8,1-3,890,L02,1-2,0,0
202505040203,2025-05-04,02,3,1-2,1530,L02,1-2,1,1530
202505040404,2025-05-04,04,4,3-6,1030,L02,1-2,0,0
202505040407,2025-05-04,04,7,1-2,750,L02,1-2,1,750
202505041012,2025-05-04,10,12,1-2,230,L02,1-2,1,230
202505041305,2025-05-04,13,5,5-1,12510,L02,1-2,0,0
202505041511,2025-05-04,15,11,1-4,830,L02,1-2,0,0
202505041603,2025-05-04,16,3,2-1,690,L02,1-2,0,0
202505050404,2025-05-05,04,4,3-6,2290,L02,1-2,0,0
202505050602,2025-05-05,06,2,2-3,2150,L02,1-2,0,0
202505050811,2025-05-05,08,11,1-5,660,L02,1-2,0,0
202505050911,2025-05-05,09,11,1-4,530,L02,1-2,0,0
202505051102,2025-05-05,11,2,1-4,1800,L02,1-2,0,0
202505051301,2025-05-05,13,1,3-1,440,L02,1-2,0,0
202505051707,2025-05-05,17,7,1-2,430,L02,1-2,1,430
202505052005,2025-05-05,20,5,1-2,200,L02,1-2,1,200
202505052109,2025-05-05,21,9,3-1,1130,L02,1-2,0,0
202505052211,2025-05-05,22,11,1-2,510,L02,1-2,1,510
202505060211,2025-05-06,02,11,3-5,1420,L02,1-2,0,0
202505060807,2025-05-06,08,7,2-5,5170,L02,1-2,0,0
202505060809,2025-05-06,08,9,1-5,490,L02,1-2,0,0
202505060903,2025-05-06,09,3,3-1,2070,L02,1-2,0,0
202505061005,2025-05-06,10,5,3-5,3250,L02,1-2,0,0
202505061009,2025-05-06,10,9,1-2,490,L02,1-2,1,490
202505061104,2025-05-06,11,4,1-3,200,L02,1-2,0,0
202505061208,2025-05-06,12,8,1-2,250,L02,1-2,1,250
202505061308,2025-05-06,13,8,1-4,230,L02,1-2,0,0
202505061403,2025-05-06,14,3,1-3,250,L02,1-2,0,0
202505061412,2025-05-06,14,12,2-3,7780,L02,1-2,0,0
202505062101,2025-05-06,21,1,2-1,1170,L02,1-2,0,0
202505062107,2025-05-06,21,7,4-2,5420,L02,1-2,0,0
202505062203,2025-05-06,22,3,4-1,5010,L02,1-2,0,0
202505062207,2025-05-06,22,7,4-1,1050,L02,1-2,0,0
202505070410,2025-05-07,04,10,1-2,350,L02,1-2,1,350
202505070509,2025-05-07,05,9,2-1,1760,L02,1-2,0,0
202505070612,2025-05-07,06,12,6-3,22920,L02,1-2,0,0
202505071304,2025-05-07,13,4,2-1,810,L02,1-2,0,0
202505071812,2025-05-07,18,12,1-4,410,L02,1-2,0,0
202505072003,2025-05-07,20,3,1-2,360,L02,1-2,1,360
202505080411,2025-05-08,04,11,1-2,370,L02,1-2,1,370
202505080511,2025-05-08,05,11,1-5,470,L02,1-2,0,0
202505080706,2025-05-08,07,6,1-5,360,L02,1-2,0,0
202505080712,2025-05-08,07,12,6-1,10850,L02,1-2,0,0
202505081511,2025-05-08,15,11,1-4,380,L02,1-2,0,0
202505081806,2025-05-08,18,6,4-5,740,L02,1-2,0,0
202505081911,2025-05-08,19,11,1-4,380,L02,1-2,0,0
202505082006,2025-05-08,20,6,6-3,4120,L02,1-2,0,0
202505082303,2025-05-08,23,3,5-1,560,L02,1-2,0,0
202505082306,2025-05-08,23,6,1-6,1040,L02,1-2,0,0
202505090708,2025-05-09,07,8,1-3,210,L02,1-2,0,0
202505091407,2025-05-09,14,7,2-5,950,L02,1-2,0,0
202505091409,2025-05-09,14,9,1-4,440,L02,1-2,0,0
202505091412,2025-05-09,14,12,2-3,4400,L02,1-2,0,0
202505091510,2025-05-09,15,10,1-4,390,L02,1-2,0,0
202505091512,2025-05-09,15,12,1-2,260,L02,1-2,1,260
202505091802,2025-05-09,18,2,1-2,360,L02,1-2,1,360
202505092302,2025-05-09,23,2,1-3,330,L02,1-2,0,0
202505092309,2025-05-09,23,9,1-3,570,L02,1-2,0,0
202505100108,2025-05-10,01,8,1-5,280,L02,1-2,0,0
202505100703,2025-05-10,07,3,3-2,1460,L02,1-2,0,0
202505100709,2025-05-10,07,9,1-3,490,L02,1-2,0,0
202505101101,2025-05-10,11,1,1-2,220,L02,1-2,1,220
202505101107,2025-05-10,11,7,1-3,200,L02,1-2,0,0
202505101309,2025-05-10,13,9,2-3,5680,L02,1-2,0,0
202505101805,2025-05-10,18,5,1-4,310,L02,1-2,0,0
202505102402,2025-05-10,24,2,2-4,750,L02,1-2,0,0
202504110304,2025-04-11,03,4,3-2,780,L03,1-2,0,0
202504110305,2025-04-11,03,5,3-2,6610,L03,1-2,0,0
202504110308,2025-04-11,03,8,1-2,330,L03,1-2,1,330
202504110709,2025-04-11,07,9,1-4,410,L03,1-2,0,0
202504110802,2025-04-11,08,2,2-6,1300,L03,1-2,0,0
202504111306,2025-04-11,13,6,1-3,310,L03,1-2,0,0
202504111308,2025-04-11,13,8,1-3,680,L03,1-2,0,0
202504112009,2025-04-11,20,9,1-3,260,L03,1-2,0,0
202504112011,2025-04-11,20,11,2-1,1780,L03,1-2,0,0
202504112104,2025-04-11,21,4,1-4,480,L03,1-2,0,0
202504112404,2025-04-11,24,4,1-4,770,L03,1-2,0,0
202504112405,2025-04-11,24,5,1-2,190,L03,1-2,1,190
202504112412,2025-04-11,24,12,2-1,980,L03,1-2,0,0
202504120210,2025-04-12,02,10,5-2,4380,L03,1-2,0,0
202504120301,2025-04-12,03,1,1-2,330,L03,1-2,1,330
202504120307,2025-04-12,03,7,1-3,530,L03,1-2,0,0
202504120510,2025-04-12,05,10,1-3,1090,L03,1-2,0,0
202504120704,2025-04-12,07,4,1-2,400,L03,1-2,1,400
202504120802,2025-04-12,08,2,1-3,560,L03,1-2,0,0
202504120804,2025-04-12,08,4,1-2,280,L03,1-2,1,280
202504121201,2025-04-12,12,1,1-4,490,L03,1-2,0,0
202504121207,2025-04-12,12,7,1-5,2570,L03,1-2,0,0
202504121208,2025-04-12,12,8,4-1,5110,L03,1-2,0,0
202504121509,2025-04-12,15,9,1-2,270,L03,1-2,1,270
202504121510,2025-04-12,15,10,2-1,370,L03,1-2,0,0
202504121511,2025-04-12,15,11,1-2,220,L03,1-2,1,220
202504122003,2025-04-12,20,3,1-5,930,L03,1-2,0,0
202504122007,2025-04-12,20,7,1-2,270,L03,1-2,1,270
202504122009,2025-04-12,20,9,3-1,1790,L03,1-2,0,0
202504122010,2025-04-12,20,10,2-1,1180,L03,1-2,0,0
202504122107,2025-04-12,21,7,2-1,740,L03,1-2,0,0
202504122109,2025-04-12,21,9,2-1,920,L03,1-2,0,0
202504122301,2025-04-12,23,1,1-2,230,L03,1-2,1,230
202504122311,2025-04-12,23,11,1-6,860,L03,1-2,0,0
202504130207,2025-04-13,02,7,1-4,440,L03,1-2,0,0
202504130401,2025-04-13,04,1,1-2,1590,L03,1-2,1,1590
202504130507,2025-04-13,05,7,1-4,660,L03,1-2,0,0
202504130904,2025-04-13,09,4,4-2,3230,L03,1-2,0,0
202504130912,2025-04-13,09,12,1-3,320,L03,1-2,0,0
202504131206,2025-04-13,12,6,1-5,1600,L03,1-2,0,0
202504131508,2025-04-13,15,8,2-1,1070,L03,1-2,0,0
202504131705,2025-04-13,17,5,1-4,770,L03,1-2,0,0
202504132101,2025-04-13,21,1,5-1,1240,L03,1-2,0,0
202504132104,2025-04-13,21,4,1-2,290,L03,1-2,1,290
202504132204,2025-04-13,22,4,1-3,640,L03,1-2,0,0
202504132207,2025-04-13,22,7,3-4,5000,L03,1-2,0,0
202504132212,2025-04-13,22,12,1-6,3170,L03,1-2,0,0
202504132305,2025-04-13,23,5,1-3,250,L03,1-2,0,0
202504140204,2025-04-14,02,4,1-2,1420,L03,1-2,1,1420
202504140212,2025-04-14,02,12,5-4,9060,L03,1-2,0,0
202504140410,2025-04-14,04,10,1-3,520,L03,1-2,0,0
202504140907,2025-04-14,09,7,1-4,1110,L03,1-2,0,0
202504140908,2025-04-14,09,8,1-2,490,L03,1-2,1,490
202504140912,2025-04-14,09,12,1-3,370,L03,1-2,0,0
202504141711,2025-04-14,17,11,2-1,630,L03,1-2,0,0
202504142203,2025-04-14,22,3,1-3,570,L03,1-2,0,0
202504142205,2025-04-14,22,5,1-4,1530,L03,1-2,0,0
202504142207,2025-04-14,22,7,1-4,1080,L03,1-2,0,0
202504142304,2025-04-14,23,4,1-3,1100,L03,1-2,0,0
202504142308,2025-04-14,23,8,6-1,420,L03,1-2,0,0
202504142405,2025-04-14,24,5,3-4,760,L03,1-2,0,0
202504142409,2025-04-14,24,9,1-3,330,L03,1-2,0,0
202504150207,2025-04-15,02,7,1-2,470,L03,1-2,1,470
202504150209,2025-04-15,02,9,1-2,310,L03,1-2,1,310
202504150602,2025-04-15,06,2,4-2,1250,L03,1-2,0,0
202504150606,2025-04-15,06,6,5-2,2270,L03,1-2,0,0
202504150609,2025-04-15,06,9,3-1,1350,L03,1-2,0,0
202504151007,2025-04-15,10,7,5-1,23010,L03,1-2,0,0
202504152306,2025-04-15,23,6,1-3,760,L03,1-2,0,0
202504152309,2025-04-15,23,9,1-2,240,L03,1-2,1,240
202504152404,2025-04-15,24,4,1-6,770,L03,1-2,0,0
202504152411,2025-04-15,24,11,3-1,1000,L03,1-2,0,0
202504160608,2025-04-16,06,8,1-2,690,L03,1-2,1,690
202504160610,2025-04-16,06,10,1-2,300,L03,1-2,1,300
202504160909,2025-04-16,09,9,1-2,380,L03,1-2,1,380
202504161002,2025-04-16,10,2,1-2,250,L03,1-2,1,250
202504161009,2025-04-16,10,9,1-4,510,L03,1-2,0,0
202504161508,2025-04-16,15,8,1-2,250,L03,1-2,1,250
202504161709,2025-04-16,17,9,1-2,770,L03,1-2,1,770
202504161711,2025-04-16,17,11,3-1,1560,L03,1-2,0,0
202504162201,2025-04-16,22,1,2-1,1680,L03,1-2,0,0
202504162206,2025-04-16,22,6,1-2,490,L03,1-2,1,490
202504162208,2025-04-16,22,8,2-6,3720,L03,1-2,0,0
202504162209,2025-04-16,22,9,1-5,490,L03,1-2,0,0
202504162401,2025-04-16,24,1,2-1,2920,L03,1-2,0,0
202504162408,2025-04-16,24,8,3-1,480,L03,1-2,0,0
202504162409,2025-04-16,24,9,2-5,6410,L03,1-2,0,0
202504170403,2025-04-17,04,3,1-3,1580,L03,1-2,0,0
202504170607,2025-04-17,06,7,1-2,290,L03,1-2,1,290
202504170608,2025-04-17,06,8,1-2,610,L03,1-2,1,610
202504170612,2025-04-17,06,12,2-1,3050,L03,1-2,0,0
202504171206,2025-04-17,12,6,1-2,230,L03,1-2,1,230
202504171403,2025-04-17,14,3,1-3,600,L03,1-2,0,0
202504171410,2025-04-17,14,10,1-4,990,L03,1-2,0,0
202504171511,2025-04-17,15,11,2-1,1330,L03,1-2,0,0
202504171703,2025-04-17,17,3,1-3,570,L03,1-2,0,0
202504171705,2025-04-17,17,5,1-2,230,L03,1-2,1,230
202504171803,2025-04-17,18,3,1-2,310,L03,1-2,1,310
202504171807,2025-04-17,18,7,4-3,2800,L03,1-2,0,0
202504172203,2025-04-17,22,3,3-1,3310,L03,1-2,0,0
202504172205,2025-04-17,22,5,4-3,12230,L03,1-2,0,0
202504172212,2025-04-17,22,12,1-2,290,L03,1-2,1,290
202504172401,2025-04-17,24,1,5-1,990,L03,1-2,0,0
202504172403,2025-04-17,24,3,1-2,380,L03,1-2,1,380
202504172409,2025-04-17,24,9,1-3,250,L03,1-2,0,0
202504180404,2025-04-18,04,4,1-3,380,L03,1-2,0,0
202504180406,2025-04-18,04,6,2-1,790,L03,1-2,0,0
202504180409,2025-04-18,04,9,1-2,460,L03,1-2,1,460
202504180603,2025-04-18,06,3,1-3,1580,L03,1-2,0,0
202504180701,2025-04-18,07,1,1-4,370,L03,1-2,0,0
202504180703,2025-04-18,07,3,1-2,400,L03,1-2,1,400
202504180705,2025-04-18,07,5,1-4,1570,L03,1-2,0,0
202504180706,2025-04-18,07,6,1-4,1610,L03,1-2,0,0
202504180707,2025-04-18,07,7,1-2,1680,L03,1-2,1,1680
202504180711,2025-04-18,07,11,1-3,450,L03,1-2,0,0
202504180812,2025-04-18,08,12,5-1,4760,L03,1-2,0,0
202504181001,2025-04-18,10,1,1-3,230,L03,1-2,0,0
202504181002,2025-04-18,10,2,1-4,1500,L03,1-2,0,0
202504181006,2025-04-18,10,6,1-3,940,L03,1-2,0,0
202504181510,2025-04-18,15,10,1-3,270,L03,1-2,0,0
202504181803,2025-04-18,18,3,1-2,310,L03,1-2,1,310
202504182006,2025-04-18,20,6,1-2,640,L03,1-2,1,640
202504182012,2025-04-18,20,12,1-3,380,L03,1-2,0,0
202504182402,2025-04-18,24,2,2-1,750,L03,1-2,0,0
202504182407,2025-04-18,24,7,1-3,230,L03,1-2,0,0
202504182412,2025-04-18,24,12,1-2,240,L03,1-2,1,240
202504190205,2025-04-19,02,5,2-4,1300,L03,1-2,0,0
202504190212,2025-04-19,02,12,4-1,3430,L03,1-2,0,0
202504190602,2025-04-19,06,2,5-4,2710,L03,1-2,0,0
202504190711,2025-04-19,07,11,1-3,190,L03,1-2,0,0
202504190811,2025-04-19,08,11,1-3,270,L03,1-2,0,0
202504190812,2025-04-19,08,12,1-2,680,L03,1-2,1,680
202504190902,2025-04-19,09,2,2-1,870,L03,1-2,0,0
202504190905,2025-04-19,09,5,1-5,500,L03,1-2,0,0
202504190910,2025-04-19,09,10,3-1,380,L03,1-2,0,0
202504190911,2025-04-19,09,11,1-5,930,L03,1-2,0,0
202504191403,2025-04-19,14,3,1-5,570,L03,1-2,0,0
202504191507,2025-04-19,15,7,2-1,420,L03,1-2,0,0
202504191801,2025-04-19,18,1,1-2,710,L03,1-2,1,710
202504192011,2025-04-19,20,11,1-5,950,L03,1-2,0,0
202504192308,2025-04-19,23,8,1-3,1040,L03,1-2,0,0
202504200711,2025-04-20,07,11,1-2,400,L03,1-2,1,400
202504200909,2025-04-20,09,9,4-6,2040,L03,1-2,0,0
202504201306,2025-04-20,13,6,1-4,270,L03,1-2,0,0
202504201405,2025-04-20,14,5,1-3,750,L03,1-2,0,0
202504201407,2025-04-20,14,7,1-3,610,L03,1-2,0,0
202504210204,2025-04-21,02,4,3-2,1090,L03,1-2,0,0
202504210404,2025-04-21,04,4,3-1,690,L03,1-2,0,0
202504210407,2025-04-21,04,7,2-1,320,L03,1-2,0,0
202504210509,2025-04-21,05,9,1-5,670,L03,1-2,0,0
202504210710,2025-04-21,07,10,1-4,410,L03,1-2,0,0
202504210811,2025-04-21,08,11,4-2,4150,L03,1-2,0,0
202504211310,2025-04-21,13,10,1-2,210,L03,1-2,1,210
202504212303,2025-04-21,23,3,3-1,540,L03,1-2,0,0
202504220105,2025-04-22,01,5,1-2,360,L03,1-2,1,360
202504220108,2025-04-22,01,8,1-2,380,L03,1-2,1,380
202504220109,2025-04-22,01,9,1-3,360,L03,1-2,0,0
202504220708,2025-04-22,07,8,1-3,200,L03,1-2,0,0
202504220801,2025-04-22,08,1,1-5,650,L03,1-2,0,0
202504220809,2025-04-22,08,9,1-4,360,L03,1-2,0,0
202504220912,2025-04-22,09,12,1-3,550,L03,1-2,0,0
202504221002,2025-04-22,10,2,2-3,1890,L03,1-2,0,0
202504221712,2025-04-22,17,12,1-4,250,L03,1-2,0,0
202504222301,2025-04-22,23,1,1-4,950,L03,1-2,0,0
202504230103,2025-04-23,01,3,1-2,280,L03,1-2,1,280
202504230111,2025-04-23,01,11,1-3,240,L03,1-2,0,0
202504230201,2025-04-23,02,1,1-3,330,L03,1-2,0,0
202504230510,2025-04-23,05,10,3-1,1790,L03,1-2,0,0
202504230710,2025-04-23,07,10,4-1,1340,L03,1-2,0,0
202504230901,2025-04-23,09,1,1-2,190,L03,1-2,1,190
202504231308,2025-04-23,13,8,1-6,680,L03,1-2,0,0
202504231310,2025-04-23,13,10,3-1,2900,L03,1-2,0,0
202504231707,2025-04-23,17,7,4-3,1660,L03,1-2,0,0
202504232111,2025-04-23,21,11,1-3,170,L03,1-2,0,0
202504232306,2025-04-23,23,6,3-1,1460,L03,1-2,0,0
202504232309,2025-04-23,23,9,1-3,720,L03,1-2,0,0
202504232310,2025-04-23,23,10,2-1,520,L03,1-2,0,0
202504240107,2025-04-24,01,7,1-3,340,L03,1-2,0,0
202504240108,2025-04-24,01,8,5-6,1890,L03,1-2,0,0
202504240211,2025-04-24,02,11,1-2,350,L03,1-2,1,350
202504240310,2025-04-24,03,10,1-2,210,L03,1-2,1,210
202504240312,2025-04-24,03,12,3-1,2800,L03,1-2,0,0
202504241001,2025-04-24,10,1,1-2,190,L03,1-2,1,190
202504242110,2025-04-24,21,10,1-3,330,L03,1-2,0,0
202504242206,2025-04-24,22,6,1-2,630,L03,1-2,1,630
202504242312,2025-04-24,23,12,1-3,700,L03,1-2,0,0
202504250302,2025-04-25,03,2,1-4,1560,L03,1-2,0,0
202504250606,2025-04-25,06,6,3-1,730,L03,1-2,0,0
202504251005,2025-04-25,10,5,4-1,1120,L03,1-2,0,0
202504252201,2025-04-25,22,1,1-5,770,L03,1-2,0,0
202504260104,2025-04-26,01,4,1-2,290,L03,1-2,1,290
202504260110,2025-04-26,01,10,1-2,280,L03,1-2,1,280
202504260608,2025-04-26,06,8,4-3,3600,L03,1-2,0,0
202504260808,2025-04-26,08,8,1-2,570,L03,1-2,1,570
202504260810,2025-04-26,08,10,2-6,17900,L03,1-2,0,0
202504261408,2025-04-26,14,8,3-1,720,L03,1-2,0,0
202504261411,2025-04-26,14,11,3-1,1010,L03,1-2,0,0
202504261803,2025-04-26,18,3,5-4,8370,L03,1-2,0,0
202504262011,2025-04-26,20,11,1-2,190,L03,1-2,1,190
202504262111,2025-04-26,21,11,1-4,660,L03,1-2,0,0
202504262203,2025-04-26,22,3,1-3,450,L03,1-2,0,0
202504270102,2025-04-27,01,2,1-2,400,L03,1-2,1,400
202504270106,2025-04-27,01,6,1-2,580,L03,1-2,1,580
202504270408,2025-04-27,04,8,4-1,710,L03,1-2,0,0
202504270410,2025-04-27,04,10,5-1,1940,L03,1-2,0,0
202504270505,2025-04-27,05,5,4-5,5480,L03,1-2,0,0
202504270612,2025-04-27,06,12,5-1,1450,L03,1-2,0,0
202504270803,2025-04-27,08,3,2-1,350,L03,1-2,0,0
202504271405,2025-04-27,14,5,3-1,1260,L03,1-2,0,0
202504271409,2025-04-27,14,9,3-2,1450,L03,1-2,0,0
202504271803,2025-04-27,18,3,1-2,250,L03,1-2,1,250
202504271902,2025-04-27,19,2,2-6,6480,L03,1-2,0,0
202504272110,2025-04-27,21,10,1-6,1620,L03,1-2,0,0
202504272111,2025-04-27,21,11,1-5,1100,L03,1-2,0,0
202504272112,2025-04-27,21,12,1-4,530,L03,1-2,0,0
202504272210,2025-04-27,22,10,1-3,380,L03,1-2,0,0
202504280512,2025-04-28,05,12,1-4,850,L03,1-2,0,0
202504280801,2025-04-28,08,1,1-4,650,L03,1-2,0,0
202504280806,2025-04-28,08,6,1-5,2430,L03,1-2,0,0
202504280810,2025-04-28,08,10,4-6,7410,L03,1-2,0,0
202504280811,2025-04-28,08,11,1-2,150,L03,1-2,1,150
202504281412,2025-04-28,14,12,6-1,5790,L03,1-2,0,0
202504281503,2025-04-28,15,3,2-6,1120,L03,1-2,0,0
202504281902,2025-04-28,19,2,1-2,240,L03,1-2,1,240
202504282402,2025-04-28,24,2,1-2,670,L03,1-2,1,670
202504290309,2025-04-29,03,9,5-4,6980,L03,1-2,0,0
202504290707,2025-04-29,07,7,4-3,4570,L03,1-2,0,0
202504291505,2025-04-29,15,5,4-2,2480,L03,1-2,0,0
202504291906,2025-04-29,19,6,1-2,290,L03,1-2,1,290
202504292001,2025-04-29,20,1,3-5,4690,L03,1-2,0,0
202504300408,2025-04-30,04,8,5-4,2880,L03,1-2,0,0
202504300507,2025-04-30,05,7,1-2,280,L03,1-2,1,280
202504300702,2025-04-30,07,2,2-4,1680,L03,1-2,0,0
202504300711,2025-04-30,07,11,1-2,250,L03,1-2,1,250
202504301302,2025-04-30,13,2,1-3,210,L03,1-2,0,0
202504301308,2025-04-30,13,8,1-3,390,L03,1-2,0,0
202504301311,2025-04-30,13,11,1-4,570,L03,1-2,0,0
202504301312,2025-04-30,13,12,1-2,180,L03,1-2,1,180
202504301704,2025-04-30,17,4,1-2,340,L03,1-2,1,340
202504301803,2025-04-30,18,3,1-3,400,L03,1-2,0,0
202504302409,2025-04-30,24,9,1-2,230,L03,1-2,1,230
202505010509,2025-05-01,05,9,1-5,780,L03,1-2,0,0
202505011105,2025-05-01,11,5,5-4,12250,L03,1-2,0,0
202505011507,2025-05-01,15,7,1-2,680,L03,1-2,1,680
202505011508,2025-05-01,15,8,1-3,920,L03,1-2,0,0
202505011806,2025-05-01,18,6,2-1,440,L03,1-2,0,0
202505020710,2025-05-02,07,10,1-5,1040,L03,1-2,0,0
202505021001,2025-05-02,10,1,1-2,220,L03,1-2,1,220
202505021106,2025-05-02,11,6,2-1,2190,L03,1-2,0,0
202505021603,2025-05-02,16,3,2-3,570,L03,1-2,0,0
202505021710,2025-05-02,17,10,4-2,900,L03,1-2,0,0
202505022305,2025-05-02,23,5,1-3,210,L03,1-2,0,0
202505022309,2025-05-02,23,9,2-5,830,L03,1-2,0,0
202505022310,2025-05-02,23,10,1-2,1080,L03,1-2,1,1080
202505022405,2025-05-02,24,5,4-1,2160,L03,1-2,0,0
202505022407,2025-05-02,24,7,1-3,240,L03,1-2,0,0
202505030407,2025-05-03,04,7,4-2,8010,L03,1-2,0,0
202505030603,2025-05-03,06,3,3-2,770,L03,1-2,0,0
202505030707,2025-05-03,07,7,1-4,280,L03,1-2,0,0
202505030903,2025-05-03,09,3,2-1,720,L03,1-2,0,0
202505031011,2025-05-03,10,11,1-3,420,L03,1-2,0,0
202505031112,2025-05-03,11,12,1-5,630,L03,1-2,0,0
202505031209,2025-05-03,12,9,1-4,280,L03,1-2,0,0
202505031307,2025-05-03,13,7,4-5,2630,L03,1-2,0,0
202505031605,2025-05-03,16,5,3-1,490,L03,1-2,0,0
202505031703,2025-05-03,17,3,1-3,1040,L03,1-2,0,0
202505032203,2025-05-03,22,3,3-4,410,L03,1-2,0,0
202505032408,2025-05-03,24,8,1-3,890,L03,1-2,0,0
202505040203,2025-05-04,02,3,1-2,1530,L03,1-2,1,1530
202505041506,2025-05-04,15,6,4-2,4160,L03,1-2,0,0
202505041511,2025-05-04,15,11,1-4,830,L03,1-2,0,0
202505041602,2025-05-04,16,2,2-1,1090,L03,1-2,0,0
202505041603,2025-05-04,16,3,2-1,690,L03,1-2,0,0
202505041701,2025-05-04,17,1,4-1,2940,L03,1-2,0,0
202505042010,2025-05-04,20,10,2-3,5940,L03,1-2,0,0
202505042203,2025-05-04,22,3,3-1,250,L03,1-2,0,0
202505050403,2025-05-05,04,3,4-5,2780,L03,1-2,0,0
202505050803,2025-05-05,08,3,1-5,520,L03,1-2,0,0
202505050806,2025-05-05,08,6,1-5,370,L03,1-2,0,0
202505050811,2025-05-05,08,11,1-5,660,L03,1-2,0,0
202505050812,2025-05-05,08,12,1-3,370,L03,1-2,0,0
202505050911,2025-05-05,09,11,1-4,530,L03,1-2,0,0
202505050912,2025-05-05,09,12,1-4,670,L03,1-2,0,0
202505051102,2025-05-05,11,2,1-4,1800,L03,1-2,0,0
202505051104,2025-05-05,11,4,3-1,610,L03,1-2,0,0
202505051109,2025-05-05,11,9,1-2,290,L03,1-2,1,290
202505051303,2025-05-05,13,3,3-5,13900,L03,1-2,0,0
202505051501,2025-05-05,15,1,2-1,410,L03,1-2,0,0
202505051503,2025-05-05,15,3,4-6,3020,L03,1-2,0,0
202505051711,2025-05-05,17,11,3-4,4910,L03,1-2,0,0
202505052204,2025-05-05,22,4,2-5,2500,L03,1-2,0,0
202505060105,2025-05-06,01,5,1-4,810,L03,1-2,0,0
202505060204,2025-05-06,02,4,1-3,520,L03,1-2,0,0
202505060211,2025-05-06,02,11,3-5,1420,L03,1-2,0,0
202505060502,2025-05-06,05,2,1-5,2790,L03,1-2,0,0
202505060508,2025-05-06,05,8,1-3,390,L03,1-2,0,0
202505060601,2025-05-06,06,1,2-6,6320,L03,1-2,0,0
202505060603,2025-05-06,06,3,1-2,950,L03,1-2,1,950
202505060805,2025-05-06,08,5,1-5,2110,L03,1-2,0,0
202505060807,2025-05-06,08,7,2-5,5170,L03,1-2,0,0
202505060809,2025-05-06,08,9,1-5,490,L03,1-2,0,0
202505060903,2025-05-06,09,3,3-1,2070,L03,1-2,0,0
202505060912,2025-05-06,09,12,1-2,190,L03,1-2,1,190
202505061005,2025-05-06,10,5,3-5,3250,L03,1-2,0,0
202505061009,2025-05-06,10,9,1-2,490,L03,1-2,1,490
202505061010,2025-05-06,10,10,1-4,520,L03,1-2,0,0
202505061202,2025-05-06,12,2,1-2,160,L03,1-2,1,160
202505061208,2025-05-06,12,8,1-2,250,L03,1-2,1,250
202505061210,2025-05-06,12,10,3-1,1160,L03,1-2,0,0
202505061308,2025-05-06,13,8,1-4,230,L03,1-2,0,0
202505061311,2025-05-06,13,11,3-1,1610,L03,1-2,0,0
202505061403,2025-05-06,14,3,1-3,250,L03,1-2,0,0
202505062101,2025-05-06,21,1,2-1,1170,L03,1-2,0,0
202505062207,2025-05-06,22,7,4-1,1050,L03,1-2,0,0
202505062208,2025-05-06,22,8,1-2,280,L03,1-2,1,280
202505062211,2025-05-06,22,11,2-1,2130,L03,1-2,0,0
202505070507,2025-05-07,05,7,2-6,4190,L03,1-2,0,0
202505070510,2025-05-07,05,10,2-1,480,L03,1-2,0,0
202505070607,2025-05-07,06,7,3-1,3550,L03,1-2,0,0
202505071203,2025-05-07,12,3,1-3,430,L03,1-2,0,0
202505071212,2025-05-07,12,12,1-4,510,L03,1-2,0,0
202505071304,2025-05-07,13,4,2-1,810,L03,1-2,0,0
202505071409,2025-05-07,14,9,1-2,220,L03,1-2,1,220
202505071612,2025-05-07,16,12,1-3,340,L03,1-2,0,0
202505071902,2025-05-07,19,2,1-2,350,L03,1-2,1,350
202505072008,2025-05-07,20,8,1-3,190,L03,1-2,0,0
202505072201,2025-05-07,22,1,3-1,1220,L03,1-2,0,0
202505072202,2025-05-07,22,2,2-4,1870,L03,1-2,0,0
202505080710,2025-05-08,07,10,1-4,490,L03,1-2,0,0
202505080712,2025-05-08,07,12,6-1,10850,L03,1-2,0,0
202505081511,2025-05-08,15,11,1-4,380,L03,1-2,0,0
202505081806,2025-05-08,18,6,4-5,740,L03,1-2,0,0
202505081911,2025-05-08,19,11,1-4,380,L03,1-2,0,0
202505082002,2025-05-08,20,2,3-6,1680,L03,1-2,0,0
202505082006,2025-05-08,20,6,6-3,4120,L03,1-2,0,0
202505082306,2025-05-08,23,6,1-6,1040,L03,1-2,0,0
202505090708,2025-05-09,07,8,1-3,210,L03,1-2,0,0
202505091407,2025-05-09,14,7,2-5,950,L03,1-2,0,0
202505091409,2025-05-09,14,9,1-4,440,L03,1-2,0,0
202505091510,2025-05-09,15,10,1-4,390,L03,1-2,0,0
202505091802,2025-05-09,18,2,1-2,360,L03,1-2,1,360
202505092302,2025-05-09,23,2,1-3,330,L03,1-2,0,0
202505092309,2025-05-09,23,9,1-3,570,L03,1-2,0,0
202505100703,2025-05-10,07,3,3-2,1460,L03,1-2,0,0
202505100709,2025-05-10,07,9,1-3,490,L03,1-2,0,0
202505101101,2025-05-10,11,1,1-2,220,L03,1-2,1,220
202505101309,2025-05-10,13,9,2-3,5680,L03,1-2,0,0
202504110211,2025-04-11,02,11,2-1,1430,L04,1-2,0,0
202504110302,2025-04-11,03,2,1-2,1060,L04,1-2,1,1060
202504111312,2025-04-11,13,12,1-2,610,L04,1-2,1,610
202504112302,2025-04-11,23,2,2-4,1230,L04,1-2,0,0
202504120505,2025-04-12,05,5,2-5,2800,L04,1-2,0,0
202504120805,2025-04-12,08,5,2-4,1470,L04,1-2,0,0
202504120809,2025-04-12,08,9,6-2,1450,L04,1-2,0,0
202504121205,2025-04-12,12,5,1-3,280,L04,1-2,0,0
202504121206,2025-04-12,12,6,1-3,390,L04,1-2,0,0
202504121506,2025-04-12,15,6,3-1,440,L04,1-2,0,0
202504121708,2025-04-12,17,8,5-2,1980,L04,1-2,0,0
202504122001,2025-04-12,20,1,1-2,380,L04,1-2,1,380
202504122008,2025-04-12,20,8,1-2,300,L04,1-2,1,300
202504122307,2025-04-12,23,7,2-1,630,L04,1-2,0,0
202504130301,2025-04-13,03,1,2-1,700,L04,1-2,0,0
202504130308,2025-04-13,03,8,3-4,1140,L04,1-2,0,0
202504130412,2025-04-13,04,12,1-3,450,L04,1-2,0,0
202504130905,2025-04-13,09,5,1-2,220,L04,1-2,1,220
202504131202,2025-04-13,12,2,1-4,740,L04,1-2,0,0
202504131204,2025-04-13,12,4,3-5,1580,L04,1-2,0,0
202504131504,2025-04-13,15,4,2-3,2590,L04,1-2,0,0
202504141004,2025-04-14,10,4,1-3,250,L04,1-2,0,0
202504141005,2025-04-14,10,5,1-3,1880,L04,1-2,0,0
202504141705,2025-04-14,17,5,1-3,290,L04,1-2,0,0
202504141709,2025-04-14,17,9,1-3,270,L04,1-2,0,0
202504142311,2025-04-14,23,11,1-2,240,L04,1-2,1,240
202504150203,2025-04-15,02,3,1-4,3680,L04,1-2,0,0
202504150603,2025-04-15,06,3,1-3,960,L04,1-2,0,0
202504150905,2025-04-15,09,5,1-2,120,L04,1-2,1,120
202504151709,2025-04-15,17,9,3-1,2310,L04,1-2,0,0
202504151812,2025-04-15,18,12,2-1,870,L04,1-2,0,0
202504152202,2025-04-15,22,2,1-5,570,L04,1-2,0,0
202504152204,2025-04-15,22,4,1-5,950,L04,1-2,0,0
202504152407,2025-04-15,24,7,1-3,170,L04,1-2,0,0
202504160604,2025-04-16,06,4,1-4,770,L04,1-2,0,0
202504161211,2025-04-16,12,11,1-2,280,L04,1-2,1,280
202504161505,2025-04-16,15,5,1-5,1630,L04,1-2,0,0
202504161710,2025-04-16,17,10,3-1,1160,L04,1-2,0,0
202504162203,2025-04-16,22,3,1-3,490,L04,1-2,0,0
202504162212,2025-04-16,22,12,1-2,230,L04,1-2,1,230
202504170406,2025-04-17,04,6,1-2,440,L04,1-2,1,440
202504170604,2025-04-17,06,4,1-2,250,L04,1-2,1,250
202504170605,2025-04-17,06,5,1-2,430,L04,1-2,1,430
202504170606,2025-04-17,06,6,3-5,1490,L04,1-2,0,0
202504171203,2025-04-17,12,3,1-3,450,L04,1-2,0,0
202504172208,2025-04-17,22,8,1-2,220,L04,1-2,1,220
202504180401,2025-04-18,04,1,2-4,2410,L04,1-2,0,0
202504180803,2025-04-18,08,3,1-3,2320,L04,1-2,0,0
202504180811,2025-04-18,08,11,1-2,350,L04,1-2,1,350
202504181306,2025-04-18,13,6,1-3,380,L04,1-2,0,0
202504181408,2025-04-18,14,8,4-2,2120,L04,1-2,0,0
202504181501,2025-04-18,15,1,1-6,1060,L04,1-2,0,0
202504182008,2025-04-18,20,8,1-2,350,L04,1-2,1,350
202504190208,2025-04-19,02,8,1-3,410,L04,1-2,0,0
202504190610,2025-04-19,06,10,1-2,220,L04,1-2,1,220
202504190801,2025-04-19,08,1,1-2,240,L04,1-2,1,240
202504190808,2025-04-19,08,8,1-2,230,L04,1-2,1,230
202504190907,2025-04-19,09,7,1-6,5400,L04,1-2,0,0
202504191504,2025-04-19,15,4,2-1,320,L04,1-2,0,0
202504191807,2025-04-19,18,7,1-2,290,L04,1-2,1,290
202504191810,2025-04-19,18,10,2-1,600,L04,1-2,0,0
202504201310,2025-04-20,13,10,1-3,790,L04,1-2,0,0
202504201510,2025-04-20,15,10,2-4,6100,L04,1-2,0,0
202504210412,2025-04-21,04,12,1-3,330,L04,1-2,0,0
202504210704,2025-04-21,07,4,2-3,1520,L04,1-2,0,0
202504211003,2025-04-21,10,3,4-3,6940,L04,1-2,0,0
202504211007,2025-04-21,10,7,6-1,680,L04,1-2,0,0
202504211008,2025-04-21,10,8,4-1,3200,L04,1-2,0,0
202504211504,2025-04-21,15,4,2-1,2360,L04,1-2,0,0
202504212008,2025-04-21,20,8,1-4,390,L04,1-2,0,0
202504220911,2025-04-22,09,11,3-2,980,L04,1-2,0,0
202504222410,2025-04-22,24,10,1-3,370,L04,1-2,0,0
202504230101,2025-04-23,01,1,1-4,590,L04,1-2,0,0
202504230107,2025-04-23,01,7,3-4,650,L04,1-2,0,0
202504230701,2025-04-23,07,1,4-6,1640,L04,1-2,0,0
202504230705,2025-04-23,07,5,1-3,660,L04,1-2,0,0
202504231006,2025-04-23,10,6,2-6,2090,L04,1-2,0,0
202504231011,2025-04-23,10,11,2-1,530,L04,1-2,0,0
202504232110,2025-04-23,21,10,1-2,280,L04,1-2,1,280
202504232301,2025-04-23,23,1,1-5,510,L04,1-2,0,0
202504240905,2025-04-24,09,5,1-2,200,L04,1-2,1,200
202504240912,2025-04-24,09,12,1-3,430,L04,1-2,0,0
202504241010,2025-04-24,10,10,1-2,160,L04,1-2,1,160
202504241707,2025-04-24,17,7,4-2,12340,L04,1-2,0,0
202504242102,2025-04-24,21,2,2-1,1240,L04,1-2,0,0
202504242303,2025-04-24,23,3,1-3,290,L04,1-2,0,0
202504242409,2025-04-24,24,9,3-1,1260,L04,1-2,0,0
202504250609,2025-04-25,06,9,1-2,520,L04,1-2,1,520
202504251009,2025-04-25,10,9,1-3,310,L04,1-2,0,0
202504251010,2025-04-25,10,10,3-1,1850,L04,1-2,0,0
202504251306,2025-04-25,13,6,1-4,410,L04,1-2,0,0
202504251310,2025-04-25,13,10,4-1,1920,L04,1-2,0,0
202504251401,2025-04-25,14,1,1-2,250,L04,1-2,1,250
202504252104,2025-04-25,21,4,1-2,270,L04,1-2,1,270
202504260809,2025-04-26,08,9,1-4,430,L04,1-2,0,0
202504270507,2025-04-27,05,7,1-3,290,L04,1-2,0,0
202504271708,2025-04-27,17,8,1-2,450,L04,1-2,1,450
202504272002,2025-04-27,20,2,1-4,560,L04,1-2,0,0
202504272104,2025-04-27,21,4,1-3,720,L04,1-2,0,0
202504280302,2025-04-28,03,2,1-3,870,L04,1-2,0,0
202504280505,2025-04-28,05,5,2-1,570,L04,1-2,0,0
202504282401,2025-04-28,24,1,6-4,5430,L04,1-2,0,0
202504290609,2025-04-29,06,9,3-2,1120,L04,1-2,0,0
202504290705,2025-04-29,07,5,5-2,770,L04,1-2,0,0
202504290801,2025-04-29,08,1,1-2,240,L04,1-2,1,240
202504291311,2025-04-29,13,11,1-5,2650,L04,1-2,0,0
202504291411,2025-04-29,14,11,4-1,3230,L04,1-2,0,0
202504291812,2025-04-29,18,12,1-2,200,L04,1-2,1,200
202504292003,2025-04-29,20,3,4-2,5670,L04,1-2,0,0
202504292312,2025-04-29,23,12,3-5,11180,L04,1-2,0,0
202504300406,2025-04-30,04,6,4-6,2550,L04,1-2,0,0
202504300407,2025-04-30,04,7,5-1,2150,L04,1-2,0,0
202504301504,2025-04-30,15,4,4-1,4980,L04,1-2,0,0
202504301710,2025-04-30,17,10,1-3,250,L04,1-2,0,0
202505010501,2025-05-01,05,1,1-2,310,L04,1-2,1,310
202505010805,2025-05-01,08,5,2-4,1120,L04,1-2,0,0
202505011710,2025-05-01,17,10,2-1,390,L04,1-2,0,0
202505011810,2025-05-01,18,10,1-2,440,L04,1-2,1,440
202505012305,2025-05-01,23,5,1-2,150,L04,1-2,1,150
202505020910,2025-05-02,09,10,1-2,310,L04,1-2,1,310
202505020912,2025-05-02,09,12,1-4,420,L04,1-2,0,0
202505021005,2025-05-02,10,5,5-3,3970,L04,1-2,0,0
202505021109,2025-05-02,11,9,2-3,580,L04,1-2,0,0
202505021606,2025-05-02,16,6,1-4,220,L04,1-2,0,0
202505021703,2025-05-02,17,3,1-4,510,L04,1-2,0,0
202505022408,2025-05-02,24,8,2-1,480,L04,1-2,0,0
202505030102,2025-05-03,01,2,4-3,330,L04,1-2,0,0
202505030609,2025-05-03,06,9,5-2,2270,L04,1-2,0,0
202505031001,2025-05-03,10,1,1-4,1340,L04,1-2,0,0
202505031007,2025-05-03,10,7,2-6,7660,L04,1-2,0,0
202505031010,2025-05-03,10,10,3-6,870,L04,1-2,0,0
202505031608,2025-05-03,16,8,1-4,280,L04,1-2,0,0
202505031709,2025-05-03,17,9,2-3,550,L04,1-2,0,0
202505032105,2025-05-03,21,5,3-6,5350,L04,1-2,0,0
202505032308,2025-05-03,23,8,1-2,800,L04,1-2,1,800
202505040106,2025-05-04,01,6,2-4,4030,L04,1-2,0,0
202505040607,2025-05-04,06,7,1-3,440,L04,1-2,0,0
202505041007,2025-05-04,10,7,1-4,2290,L04,1-2,0,0
202505041008,2025-05-04,10,8,3-5,2680,L04,1-2,0,0
202505041209,2025-05-04,12,9,3-4,860,L04,1-2,0,0
202505041501,2025-05-04,15,1,3-5,360,L04,1-2,0,0
202505041601,2025-05-04,16,1,4-6,12160,L04,1-2,0,0
202505042202,2025-05-04,22,2,2-4,730,L04,1-2,0,0
202505050601,2025-05-05,06,1,4-2,630,L04,1-2,0,0
202505051001,2025-05-05,10,1,1-4,670,L04,1-2,0,0
202505051108,2025-05-05,11,8,2-1,950,L04,1-2,0,0
202505051306,2025-05-05,13,6,1-5,580,L04,1-2,0,0
202505051409,2025-05-05,14,9,1-3,260,L04,1-2,0,0
202505051704,2025-05-05,17,4,1-2,430,L04,1-2,1,430
202505060911,2025-05-06,09,11,1-2,250,L04,1-2,1,250
202505061003,2025-05-06,10,3,1-5,1270,L04,1-2,0,0
202505061106,2025-05-06,11,6,1-2,720,L04,1-2,1,720
202505061108,2025-05-06,11,8,1-5,1240,L04,1-2,0,0
202505062005,2025-05-06,20,5,4-2,4190,L04,1-2,0,0
202505070303,2025-05-07,03,3,1-2,650,L04,1-2,1,650
202505070502,2025-05-07,05,2,1-3,1310,L04,1-2,0,0
202505070608,2025-05-07,06,8,1-3,300,L04,1-2,0,0
202505070610,2025-05-07,06,10,1-3,910,L04,1-2,0,0
202505071003,2025-05-07,10,3,3-1,850,L04,1-2,0,0
202505071008,2025-05-07,10,8,3-1,1020,L04,1-2,0,0
202505071210,2025-05-07,12,10,1-3,270,L04,1-2,0,0
202505071802,2025-05-07,18,2,1-2,360,L04,1-2,1,360
202505072209,2025-05-07,22,9,4-6,910,L04,1-2,0,0
202505081404,2025-05-08,14,4,2-4,3030,L04,1-2,0,0
202505081406,2025-05-08,14,6,1-2,600,L04,1-2,1,600
202505081501,2025-05-08,15,1,3-1,6240,L04,1-2,0,0
202505081910,2025-05-08,19,10,2-4,2770,L04,1-2,0,0
202505090208,2025-05-09,02,8,1-2,600,L04,1-2,1,600
202505090311,2025-05-09,03,11,3-5,4330,L04,1-2,0,0
202505091403,2025-05-09,14,3,1-4,330,L04,1-2,0,0
202505091502,2025-05-09,15,2,3-1,890,L04,1-2,0,0
202505091804,2025-05-09,18,4,1-3,980,L04,1-2,0,0
202505091805,2025-05-09,18,5,1-3,220,L04,1-2,0,0
202505092308,2025-05-09,23,8,3-1,350,L04,1-2,0,0
202505100106,2025-05-10,01,6,1-4,450,L04,1-2,0,0
202505100511,2025-05-10,05,11,1-2,330,L04,1-2,1,330
202505100707,2025-05-10,07,7,2-1,270,L04,1-2,0,0
202505100902,2025-05-10,09,2,1-3,460,L04,1-2,0,0
202505100912,2025-05-10,09,12,1-5,550,L04,1-2,0,0
202505102301,2025-05-10,23,1,1-2,220,L04,1-2,1,220
202505102308,2025-05-10,23,8,1-2,530,L04,1-2,1,530
202504110203,2025-04-11,02,3,3-2,550,L05,1-2,0,0
202504110303,2025-04-11,03,3,1-3,1470,L05,1-2,0,0
202504110307,2025-04-11,03,7,2-1,720,L05,1-2,0,0
202504110309,2025-04-11,03,9,1-3,1270,L05,1-2,0,0
202504110708,2025-04-11,07,8,3-1,280,L05,1-2,0,0
202504110711,2025-04-11,07,11,4-2,4140,L05,1-2,0,0
202504110805,2025-04-11,08,5,1-5,460,L05,1-2,0,0
202504110807,2025-04-11,08,7,1-2,420,L05,1-2,1,420
202504111301,2025-04-11,13,1,2-4,3500,L05,1-2,0,0
202504111302,2025-04-11,13,2,1-3,1630,L05,1-2,0,0
202504111505,2025-04-11,15,5,1-3,440,L05,1-2,0,0
202504111507,2025-04-11,15,7,1-6,270,L05,1-2,0,0
202504112006,2025-04-11,20,6,1-6,1010,L05,1-2,0,0
202504112010,2025-04-11,20,10,1-2,250,L05,1-2,1,250
202504112312,2025-04-11,23,12,3-1,1570,L05,1-2,0,0
202504112401,2025-04-11,24,1,1-3,420,L05,1-2,0,0
202504120201,2025-04-12,02,1,4-6,1100,L05,1-2,0,0
202504120207,2025-04-12,02,7,4-3,5010,L05,1-2,0,0
202504120312,2025-04-12,03,12,1-2,260,L05,1-2,1,260
202504120504,2025-04-12,05,4,6-1,2310,L05,1-2,0,0
202504120708,2025-04-12,07,8,1-4,330,L05,1-2,0,0
202504121503,2025-04-12,15,3,1-3,400,L05,1-2,0,0
202504121703,2025-04-12,17,3,6-2,8510,L05,1-2,0,0
202504121704,2025-04-12,17,4,4-3,1820,L05,1-2,0,0
202504122102,2025-04-12,21,2,1-4,240,L05,1-2,0,0
202504122112,2025-04-12,21,12,1-5,1280,L05,1-2,0,0
202504130204,2025-04-13,02,4,1-4,1610,L05,1-2,0,0
202504130208,2025-04-13,02,8,1-3,310,L05,1-2,0,0
202504130312,2025-04-13,03,12,1-2,330,L05,1-2,1,330
202504130502,2025-04-13,05,2,5-3,11100,L05,1-2,0,0
202504130706,2025-04-13,07,6,1-2,850,L05,1-2,1,850
202504132107,2025-04-13,21,7,2-4,1170,L05,1-2,0,0
202504132311,2025-04-13,23,11,1-3,250,L05,1-2,0,0
202504140205,2025-04-14,02,5,1-2,410,L05,1-2,1,410
202504140208,2025-04-14,02,8,5-4,1970,L05,1-2,0,0
202504140406,2025-04-14,04,6,1-3,630,L05,1-2,0,0
202504140412,2025-04-14,04,12,1-2,360,L05,1-2,1,360
202504140701,2025-04-14,07,1,1-4,580,L05,1-2,0,0
202504140703,2025-04-14,07,3,1-3,860,L05,1-2,0,0
202504140910,2025-04-14,09,10,3-2,2010,L05,1-2,0,0
202504140911,2025-04-14,09,11,1-2,180,L05,1-2,1,180
202504141003,2025-04-14,10,3,2-1,720,L05,1-2,0,0
202504141207,2025-04-14,12,7,1-5,1070,L05,1-2,0,0
202504141210,2025-04-14,12,10,1-3,310,L05,1-2,0,0
202504141701,2025-04-14,17,1,1-3,270,L05,1-2,0,0
202504141703,2025-04-14,17,3,1-2,160,L05,1-2,1,160
202504141704,2025-04-14,17,4,2-1,730,L05,1-2,0,0
202504142209,2025-04-14,22,9,4-1,990,L05,1-2,0,0
202504150403,2025-04-15,04,3,1-4,1440,L05,1-2,0,0
202504150610,2025-04-15,06,10,1-2,290,L05,1-2,1,290
202504150611,2025-04-15,06,11,1-4,960,L05,1-2,0,0
202504150612,2025-04-15,06,12,1-5,760,L05,1-2,0,0
202504150903,2025-04-15,09,3,3-4,4210,L05,1-2,0,0
202504150906,2025-04-15,09,6,4-2,3440,L05,1-2,0,0
202504150912,2025-04-15,09,12,1-2,340,L05,1-2,1,340
202504151004,2025-04-15,10,4,1-4,230,L05,1-2,0,0
202504151710,2025-04-15,17,10,5-1,6020,L05,1-2,0,0
202504151809,2025-04-15,18,9,2-3,750,L05,1-2,0,0
202504152205,2025-04-15,22,5,1-2,360,L05,1-2,1,360
202504152207,2025-04-15,22,7,2-1,4030,L05,1-2,0,0
202504152210,2025-04-15,22,10,1-4,400,L05,1-2,0,0
202504152212,2025-04-15,22,12,3-4,2320,L05,1-2,0,0
202504152301,2025-04-15,23,1,1-3,300,L05,1-2,0,0
202504152305,2025-04-15,23,5,4-5,3700,L05,1-2,0,0
202504152307,2025-04-15,23,7,1-3,520,L05,1-2,0,0
202504152403,2025-04-15,24,3,1-2,270,L05,1-2,1,270
202504160405,2025-04-16,04,5,5-1,590,L05,1-2,0,0
202504160409,2025-04-16,04,9,1-2,410,L05,1-2,1,410
202504160607,2025-04-16,06,7,2-3,810,L05,1-2,0,0
202504161208,2025-04-16,12,8,1-2,390,L05,1-2,1,390
202504161701,2025-04-16,17,1,1-2,390,L05,1-2,1,390
202504161703,2025-04-16,17,3,1-4,300,L05,1-2,0,0
202504161707,2025-04-16,17,7,1-3,510,L05,1-2,0,0
202504161712,2025-04-16,17,12,1-2,260,L05,1-2,1,260
202504161810,2025-04-16,18,10,1-5,430,L05,1-2,0,0
202504161812,2025-04-16,18,12,1-4,470,L05,1-2,0,0
202504162211,2025-04-16,22,11,3-4,5040,L05,1-2,0,0
202504162404,2025-04-16,24,4,1-2,1180,L05,1-2,1,1180
202504162405,2025-04-16,24,5,1-2,540,L05,1-2,1,540
202504162410,2025-04-16,24,10,1-3,1250,L05,1-2,0,0
202504170411,2025-04-17,04,11,4-2,1900,L05,1-2,0,0
202504170412,2025-04-17,04,12,1-4,570,L05,1-2,0,0
202504171210,2025-04-17,12,10,1-5,840,L05,1-2,0,0
202504171508,2025-04-17,15,8,1-2,300,L05,1-2,1,300
202504171704,2025-04-17,17,4,1-2,320,L05,1-2,1,320
202504171706,2025-04-17,17,6,1-4,390,L05,1-2,0,0
202504171801,2025-04-17,18,1,1-2,210,L05,1-2,1,210
202504171805,2025-04-17,18,5,1-2,240,L05,1-2,1,240
202504171806,2025-04-17,18,6,4-2,970,L05,1-2,0,0
202504171811,2025-04-17,18,11,1-5,830,L05,1-2,0,0
202504172201,2025-04-17,22,1,1-6,1900,L05,1-2,0,0
202504172406,2025-04-17,24,6,1-2,450,L05,1-2,1,450
202504180411,2025-04-18,04,11,1-4,470,L05,1-2,0,0
202504180510,2025-04-18,05,10,1-3,560,L05,1-2,0,0
202504180710,2025-04-18,07,10,1-5,490,L05,1-2,0,0
202504180802,2025-04-18,08,2,2-1,1080,L05,1-2,0,0
202504180806,2025-04-18,08,6,4-1,460,L05,1-2,0,0
202504181009,2025-04-18,10,9,1-2,200,L05,1-2,1,200
202504181411,2025-04-18,14,11,2-1,1610,L05,1-2,0,0
202504181504,2025-04-18,15,4,2-3,480,L05,1-2,0,0
202504181505,2025-04-18,15,5,3-1,2710,L05,1-2,0,0
202504182408,2025-04-18,24,8,6-3,4130,L05,1-2,0,0
202504190601,2025-04-19,06,1,1-4,1430,L05,1-2,0,0
202504190608,2025-04-19,06,8,1-4,210,L05,1-2,0,0
202504190612,2025-04-19,06,12,1-5,1750,L05,1-2,0,0
202504190708,2025-04-19,07,8,1-3,220,L05,1-2,0,0
202504190805,2025-04-19,08,5,1-2,230,L05,1-2,1,230
202504190806,2025-04-19,08,6,1-4,270,L05,1-2,0,0
202504190809,2025-04-19,08,9,1-2,200,L05,1-2,1,200
202504191404,2025-04-19,14,4,1-3,1830,L05,1-2,0,0
202504191508,2025-04-19,15,8,1-2,290,L05,1-2,1,290
202504191509,2025-04-19,15,9,1-3,340,L05,1-2,0,0
202504192002,2025-04-19,20,2,3-1,5170,L05,1-2,0,0
202504192302,2025-04-19,23,2,1-3,360,L05,1-2,0,0
202504192307,2025-04-19,23,7,2-4,2180,L05,1-2,0,0
202504200612,2025-04-20,06,12,1-2,300,L05,1-2,1,300
202504200702,2025-04-20,07,2,1-3,1960,L05,1-2,0,0
202504200706,2025-04-20,07,6,1-2,350,L05,1-2,1,350
202504201309,2025-04-20,13,9,1-5,1360,L05,1-2,0,0
202504201409,2025-04-20,14,9,4-6,5150,L05,1-2,0,0
202504201503,2025-04-20,15,3,1-6,540,L05,1-2,0,0
202504201810,2025-04-20,18,10,1-3,300,L05,1-2,0,0
202504210410,2025-04-21,04,10,1-2,530,L05,1-2,1,530
202504210411,2025-04-21,04,11,4-1,1520,L05,1-2,0,0
202504210512,2025-04-21,05,12,3-6,8250,L05,1-2,0,0
202504210705,2025-04-21,07,5,1-4,3310,L05,1-2,0,0
202504210809,2025-04-21,08,9,1-3,450,L05,1-2,0,0
202504210906,2025-04-21,09,6,2-6,470,L05,1-2,0,0
202504211011,2025-04-21,10,11,1-5,880,L05,1-2,0,0
202504211012,2025-04-21,10,12,3-2,2740,L05,1-2,0,0
202504212302,2025-04-21,23,2,1-2,230,L05,1-2,1,230
202504220107,2025-04-22,01,7,4-5,1520,L05,1-2,0,0
202504220412,2025-04-22,04,12,1-2,250,L05,1-2,1,250
202504220512,2025-04-22,05,12,1-5,1160,L05,1-2,0,0
202504220703,2025-04-22,07,3,3-1,2630,L05,1-2,0,0
202504220806,2025-04-22,08,6,1-3,380,L05,1-2,0,0
202504221311,2025-04-22,13,11,1-2,490,L05,1-2,1,490
202504222303,2025-04-22,23,3,1-2,370,L05,1-2,1,370
202504222403,2025-04-22,24,3,1-6,310,L05,1-2,0,0
202504222406,2025-04-22,24,6,5-1,870,L05,1-2,0,0
202504230106,2025-04-23,01,6,1-2,400,L05,1-2,1,400
202504230411,2025-04-23,04,11,3-1,560,L05,1-2,0,0
202504230703,2025-04-23,07,3,1-3,180,L05,1-2,0,0
202504231002,2025-04-23,10,2,2-1,210,L05,1-2,0,0
202504231303,2025-04-23,13,3,1-5,290,L05,1-2,0,0
202504231304,2025-04-23,13,4,1-2,140,L05,1-2,1,140
202504232412,2025-04-23,24,12,1-3,200,L05,1-2,0,0
202504240308,2025-04-24,03,8,1-4,940,L05,1-2,0,0
202504240910,2025-04-24,09,10,1-4,650,L05,1-2,0,0
202504242006,2025-04-24,20,6,2-1,620,L05,1-2,0,0
202504242109,2025-04-24,21,9,2-6,1860,L05,1-2,0,0
202504242202,2025-04-24,22,2,3-1,460,L05,1-2,0,0
202504242209,2025-04-24,22,9,1-4,420,L05,1-2,0,0
202504242210,2025-04-24,22,10,4-2,6650,L05,1-2,0,0
202504242211,2025-04-24,22,11,1-2,260,L05,1-2,1,260
202504242305,2025-04-24,23,5,1-3,300,L05,1-2,0,0
202504242405,2025-04-24,24,5,5-6,6780,L05,1-2,0,0
202504250102,2025-04-25,01,2,1-3,600,L05,1-2,0,0
202504250109,2025-04-25,01,9,4-1,2640,L05,1-2,0,0
202504250301,2025-04-25,03,1,1-2,400,L05,1-2,1,400
202504251012,2025-04-25,10,12,1-4,590,L05,1-2,0,0
202504252010,2025-04-25,20,10,6-4,5640,L05,1-2,0,0
202504252207,2025-04-25,22,7,1-3,1310,L05,1-2,0,0
202504252405,2025-04-25,24,5,3-1,1070,L05,1-2,0,0
202504252412,2025-04-25,24,12,1-2,290,L05,1-2,1,290
202504260304,2025-04-26,03,4,4-1,840,L05,1-2,0,0
202504260305,2025-04-26,03,5,5-4,3360,L05,1-2,0,0
202504260505,2025-04-26,05,5,4-3,1940,L05,1-2,0,0
202504260805,2025-04-26,08,5,4-5,11900,L05,1-2,0,0
202504261410,2025-04-26,14,10,1-3,440,L05,1-2,0,0
202504261903,2025-04-26,19,3,1-4,1980,L05,1-2,0,0
202504261908,2025-04-26,19,8,1-5,780,L05,1-2,0,0
202504270110,2025-04-27,01,10,1-3,430,L05,1-2,0,0
202504270309,2025-04-27,03,9,1-2,510,L05,1-2,1,510
202504270611,2025-04-27,06,11,1-4,570,L05,1-2,0,0
202504270801,2025-04-27,08,1,1-2,290,L05,1-2,1,290
202504271307,2025-04-27,13,7,2-1,510,L05,1-2,0,0
202504271406,2025-04-27,14,6,3-2,930,L05,1-2,0,0
202504271702,2025-04-27,17,2,1-3,390,L05,1-2,0,0
202504271706,2025-04-27,17,6,1-3,490,L05,1-2,0,0
202504271807,2025-04-27,18,7,2-4,820,L05,1-2,0,0
202504271812,2025-04-27,18,12,1-2,240,L05,1-2,1,240
202504271910,2025-04-27,19,10,1-5,1030,L05,1-2,0,0
202504272007,2025-04-27,20,7,4-6,3020,L05,1-2,0,0
202504280306,2025-04-28,03,6,4-2,2720,L05,1-2,0,0
202504280309,2025-04-28,03,9,2-1,680,L05,1-2,0,0
202504281307,2025-04-28,13,7,1-2,240,L05,1-2,1,240
202504282003,2025-04-28,20,3,4-1,460,L05,1-2,0,0
202504282208,2025-04-28,22,8,1-2,150,L05,1-2,1,150
202504282212,2025-04-28,22,12,1-5,720,L05,1-2,0,0
202504282409,2025-04-28,24,9,1-3,390,L05,1-2,0,0
202504290506,2025-04-29,05,6,5-1,1550,L05,1-2,0,0
202504290606,2025-04-29,06,6,6-2,8820,L05,1-2,0,0
202504290805,2025-04-29,08,5,1-2,1160,L05,1-2,1,1160
202504291408,2025-04-29,14,8,2-4,1520,L05,1-2,0,0
202504291508,2025-04-29,15,8,1-2,220,L05,1-2,1,220
202504291511,2025-04-29,15,11,1-3,1020,L05,1-2,0,0
202504291904,2025-04-29,19,4,1-6,360,L05,1-2,0,0
202504291912,2025-04-29,19,12,1-3,230,L05,1-2,0,0
202504292004,2025-04-29,20,4,1-5,620,L05,1-2,0,0
202504292007,2025-04-29,20,7,1-5,260,L05,1-2,0,0
202504300505,2025-04-30,05,5,3-1,1750,L05,1-2,0,0
202504301806,2025-04-30,18,6,2-4,1030,L05,1-2,0,0
202504301811,2025-04-30,18,11,1-2,220,L05,1-2,1,220
202504301909,2025-04-30,19,9,1-3,200,L05,1-2,0,0
202504301911,2025-04-30,19,11,1-2,260,L05,1-2,1,260
202505010106,2025-05-01,01,6,4-1,660,L05,1-2,0,0
202505010204,2025-05-01,02,4,3-5,1470,L05,1-2,0,0
202505010502,2025-05-01,05,2,1-4,3330,L05,1-2,0,0
202505010510,2025-05-01,05,10,6-2,34020,L05,1-2,0,0
202505011709,2025-05-01,17,9,3-2,930,L05,1-2,0,0
202505012104,2025-05-01,21,4,1-4,330,L05,1-2,0,0
202505020604,2025-05-02,06,4,4-2,1710,L05,1-2,0,0
202505021011,2025-05-02,10,11,4-1,1970,L05,1-2,0,0
202505021108,2025-05-02,11,8,4-1,340,L05,1-2,0,0
202505021704,2025-05-02,17,4,1-5,380,L05,1-2,0,0
202505022307,2025-05-02,23,7,4-1,380,L05,1-2,0,0
202505030106,2025-05-03,01,6,1-3,320,L05,1-2,0,0
202505030408,2025-05-03,04,8,3-4,2440,L05,1-2,0,0
202505030409,2025-05-03,04,9,3-4,1620,L05,1-2,0,0
202505030412,2025-05-03,04,12,5-4,13370,L05,1-2,0,0
202505030705,2025-05-03,07,5,1-5,840,L05,1-2,0,0
202505030901,2025-05-03,09,1,1-4,470,L05,1-2,0,0
202505030905,2025-05-03,09,5,3-1,8670,L05,1-2,0,0
202505031201,2025-05-03,12,1,3-5,4450,L05,1-2,0,0
202505031607,2025-05-03,16,7,3-1,4510,L05,1-2,0,0
202505031610,2025-05-03,16,10,1-3,1020,L05,1-2,0,0
202505031707,2025-05-03,17,7,4-5,990,L05,1-2,0,0
202505040209,2025-05-04,02,9,1-2,1050,L05,1-2,1,1050
202505040610,2025-05-04,06,10,1-6,3870,L05,1-2,0,0
202505040909,2025-05-04,09,9,2-1,440,L05,1-2,0,0
202505040910,2025-05-04,09,10,5-1,3570,L05,1-2,0,0
202505041012,2025-05-04,10,12,1-2,230,L05,1-2,1,230
202505041208,2025-05-04,12,8,1-3,340,L05,1-2,0,0
202505041305,2025-05-04,13,5,5-1,12510,L05,1-2,0,0
202505041312,2025-05-04,13,12,1-2,200,L05,1-2,1,200
202505042106,2025-05-04,21,6,3-1,480,L05,1-2,0,0
202505042107,2025-05-04,21,7,1-3,510,L05,1-2,0,0
202505050106,2025-05-05,01,6,1-3,450,L05,1-2,0,0
202505050107,2025-05-05,01,7,5-2,13160,L05,1-2,0,0
202505050110,2025-05-05,01,10,1-3,350,L05,1-2,0,0
202505050111,2025-05-05,01,11,1-3,170,L05,1-2,0,0
202505050204,2025-05-05,02,4,3-2,2080,L05,1-2,0,0
202505050605,2025-05-05,06,5,3-5,650,L05,1-2,0,0
202505050611,2025-05-05,06,11,1-6,1760,L05,1-2,0,0
202505051012,2025-05-05,10,12,1-4,290,L05,1-2,0,0
202505051110,2025-05-05,11,10,1-3,440,L05,1-2,0,0
202505051112,2025-05-05,11,12,1-2,260,L05,1-2,1,260
202505051209,2025-05-05,12,9,1-3,240,L05,1-2,0,0
202505051312,2025-05-05,13,12,1-3,240,L05,1-2,0,0
202505051601,2025-05-05,16,1,3-4,670,L05,1-2,0,0
202505051606,2025-05-05,16,6,1-4,240,L05,1-2,0,0
202505060806,2025-05-06,08,6,6-5,1530,L05,1-2,0,0
202505061104,2025-05-06,11,4,1-3,200,L05,1-2,0,0
202505061408,2025-05-06,14,8,4-6,630,L05,1-2,0,0
202505061412,2025-05-06,14,12,2-3,7780,L05,1-2,0,0
202505061501,2025-05-06,15,1,1-4,730,L05,1-2,0,0
202505061607,2025-05-06,16,7,1-4,280,L05,1-2,0,0
202505062007,2025-05-06,20,7,1-5,460,L05,1-2,0,0
202505070308,2025-05-07,03,8,4-2,4920,L05,1-2,0,0
202505070410,2025-05-07,04,10,1-2,350,L05,1-2,1,350
202505070612,2025-05-07,06,12,6-3,22920,L05,1-2,0,0
202505071211,2025-05-07,12,11,1-2,250,L05,1-2,1,250
202505071306,2025-05-07,13,6,2-4,4310,L05,1-2,0,0
202505072003,2025-05-07,20,3,1-2,360,L05,1-2,1,360
202505072207,2025-05-07,22,7,6-1,1220,L05,1-2,0,0
202505080403,2025-05-08,04,3,2-1,420,L05,1-2,0,0
202505080409,2025-05-08,04,9,5-4,8160,L05,1-2,0,0
202505080412,2025-05-08,04,12,1-3,660,L05,1-2,0,0
202505080504,2025-05-08,05,4,3-2,2120,L05,1-2,0,0
202505080701,2025-05-08,07,1,3-1,640,L05,1-2,0,0
202505080706,2025-05-08,07,6,1-5,360,L05,1-2,0,0
202505082001,2025-05-08,20,1,1-5,3120,L05,1-2,0,0
202505082303,2025-05-08,23,3,5-1,560,L05,1-2,0,0
202505082312,2025-05-08,23,12,5-3,46130,L05,1-2,0,0
202505090901,2025-05-09,09,1,1-2,310,L05,1-2,1,310
202505090912,2025-05-09,09,12,1-3,200,L05,1-2,0,0
202505091509,2025-05-09,15,9,1-3,650,L05,1-2,0,0
202505100212,2025-05-10,02,12,1-6,1900,L05,1-2,0,0
202505100509,2025-05-10,05,9,3-1,2680,L05,1-2,0,0
202505100708,2025-05-10,07,8,1-4,1210,L05,1-2,0,0
202505101404,2025-05-10,14,4,1-4,440,L05,1-2,0,0
202505101805,2025-05-10,18,5,1-4,310,L05,1-2,0,0
202505102302,2025-05-10,23,2,1-2,160,L05,1-2,1,160
202505102311,2025-05-10,23,11,1-3,390,L05,1-2,0,0
202504110203,2025-04-11,02,3,3-2,550,L06,1-3,0,0
202504110206,2025-04-11,02,6,3-4,2410,L06,1-3,0,0
202504110301,2025-04-11,03,1,1-3,370,L06,1-3,1,370
202504110304,2025-04-11,03,4,3-2,780,L06,1-3,0,0
202504110305,2025-04-11,03,5,3-2,6610,L06,1-3,0,0
202504110308,2025-04-11,03,8,1-2,330,L06,1-3,0,0
202504110309,2025-04-11,03,9,1-3,1270,L06,1-3,1,1270
202504110311,2025-04-11,03,11,1-5,1120,L06,1-3,0,0
202504110501,2025-04-11,05,1,1-2,870,L06,1-3,0,0
202504110709,2025-04-11,07,9,1-4,410,L06,1-3,0,0
202504110801,2025-04-11,08,1,1-3,340,L06,1-3,1,340
202504111301,2025-04-11,13,1,2-4,3500,L06,1-3,0,0
202504111302,2025-04-11,13,2,1-3,1630,L06,1-3,1,1630
202504111308,2025-04-11,13,8,1-3,680,L06,1-3,1,680
202504111504,2025-04-11,15,4,1-2,1020,L06,1-3,0,0
202504111505,2025-04-11,15,5,1-3,440,L06,1-3,1,440
202504111506,2025-04-11,15,6,2-1,1710,L06,1-3,0,0
202504112006,2025-04-11,20,6,1-6,1010,L06,1-3,0,0
202504112009,2025-04-11,20,9,1-3,260,L06,1-3,1,260
202504112104,2025-04-11,21,4,1-4,480,L06,1-3,0,0
202504112301,2025-04-11,23,1,1-2,180,L06,1-3,0,0
202504112305,2025-04-11,23,5,1-2,250,L06,1-3,0,0
202504112308,2025-04-11,23,8,1-5,480,L06,1-3,0,0
202504112407,2025-04-11,24,7,2-1,1780,L06,1-3,0,0
202504120301,2025-04-12,03,1,1-2,330,L06,1-3,0,0
202504120303,2025-04-12,03,3,1-3,150,L06,1-3,1,150
202504120704,2025-04-12,07,4,1-2,400,L06,1-3,0,0
202504120705,2025-04-12,07,5,1-2,540,L06,1-3,0,0
202504120802,2025-04-12,08,2,1-3,560,L06,1-3,1,560
202504120806,2025-04-12,08,6,1-2,200,L06,1-3,0,0
202504121505,2025-04-12,15,5,2-1,2300,L06,1-3,0,0
202504121509,2025-04-12,15,9,1-2,270,L06,1-3,0,0
202504122003,2025-04-12,20,3,1-5,930,L06,1-3,0,0
202504122007,2025-04-12,20,7,1-2,270,L06,1-3,0,0
202504122009,2025-04-12,20,9,3-1,1790,L06,1-3,0,0
202504122107,2025-04-12,21,7,2-1,740,L06,1-3,0,0
202504122112,2025-04-12,21,12,1-5,1280,L06,1-3,0,0
202504122311,2025-04-12,23,11,1-6,860,L06,1-3,0,0
202504130204,2025-04-13,02,4,1-4,1610,L06,1-3,0,0
202504130312,2025-04-13,03,12,1-2,330,L06,1-3,0,0
202504130410,2025-04-13,04,10,1-3,300,L06,1-3,1,300
202504130901,2025-04-13,09,1,1-5,2750,L06,1-3,0,0
202504130907,2025-04-13,09,7,1-2,390,L06,1-3,0,0
202504130912,2025-04-13,09,12,1-3,320,L06,1-3,1,320
202504131211,2025-04-13,12,11,1-4,480,L06,1-3,0,0
202504131501,2025-04-13,15,1,1-5,400,L06,1-3,0,0
202504131505,2025-04-13,15,5,1-2,230,L06,1-3,0,0
202504131508,2025-04-13,15,8,2-1,1070,L06,1-3,0,0
202504132101,2025-04-13,21,1,5-1,1240,L06,1-3,0,0
202504132104,2025-04-13,21,4,1-2,290,L06,1-3,0,0
202504132108,2025-04-13,21,8,1-2,660,L06,1-3,0,0
202504132111,2025-04-13,21,11,1-4,1470,L06,1-3,0,0
202504132204,2025-04-13,22,4,1-3,640,L06,1-3,1,640
202504132209,2025-04-13,22,9,2-1,1130,L06,1-3,0,0
202504132210,2025-04-13,22,10,1-3,450,L06,1-3,1,450
202504132212,2025-04-13,22,12,1-6,3170,L06,1-3,0,0
202504132304,2025-04-13,23,4,1-2,270,L06,1-3,0,0
202504132305,2025-04-13,23,5,1-3,250,L06,1-3,1,250
202504140201,2025-04-14,02,1,1-4,1960,L06,1-3,0,0
202504140204,2025-04-14,02,4,1-2,1420,L06,1-3,0,0
202504140209,2025-04-14,02,9,1-3,390,L06,1-3,1,390
202504140407,2025-04-14,04,7,1-2,420,L06,1-3,0,0
202504140410,2025-04-14,04,10,1-3,520,L06,1-3,1,520
202504140701,2025-04-14,07,1,1-4,580,L06,1-3,0,0
202504140910,2025-04-14,09,10,3-2,2010,L06,1-3,0,0
202504140911,2025-04-14,09,11,1-2,180,L06,1-3,0,0
202504141002,2025-04-14,10,2,1-2,210,L06,1-3,0,0
202504141006,2025-04-14,10,6,2-4,1580,L06,1-3,0,0
202504142205,2025-04-14,22,5,1-4,1530,L06,1-3,0,0
202504142207,2025-04-14,22,7,1-4,1080,L06,1-3,0,0
202504142208,2025-04-14,22,8,1-2,300,L06,1-3,0,0
202504142304,2025-04-14,23,4,1-3,1100,L06,1-3,1,1100
202504142312,2025-04-14,23,12,1-2,330,L06,1-3,0,0
202504150207,2025-04-15,02,7,1-2,470,L06,1-3,0,0
202504150209,2025-04-15,02,9,1-2,310,L06,1-3,0,0
202504150406,2025-04-15,04,6,2-1,630,L06,1-3,0,0
202504150612,2025-04-15,06,12,1-5,760,L06,1-3,0,0
202504150903,2025-04-15,09,3,3-4,4210,L06,1-3,0,0
202504150904,2025-04-15,09,4,2-6,6770,L06,1-3,0,0
202504150910,2025-04-15,09,10,1-3,760,L06,1-3,1,760
202504151004,2025-04-15,10,4,1-4,230,L06,1-3,0,0
202504151809,2025-04-15,18,9,2-3,750,L06,1-3,0,0
202504152207,2025-04-15,22,7,2-1,4030,L06,1-3,0,0
202504152210,2025-04-15,22,10,1-4,400,L06,1-3,0,0
202504152212,2025-04-15,22,12,3-4,2320,L06,1-3,0,0
202504152305,2025-04-15,23,5,4-5,3700,L06,1-3,0,0
202504152403,2025-04-15,24,3,1-2,270,L06,1-3,0,0
202504152404,2025-04-15,24,4,1-6,770,L06,1-3,0,0
202504160608,2025-04-16,06,8,1-2,690,L06,1-3,0,0
202504160907,2025-04-16,09,7,1-3,210,L06,1-3,1,210
202504160909,2025-04-16,09,9,1-2,380,L06,1-3,0,0
202504161002,2025-04-16,10,2,1-2,250,L06,1-3,0,0
202504161006,2025-04-16,10,6,1-3,1060,L06,1-3,1,1060
202504161203,2025-04-16,12,3,1-3,350,L06,1-3,1,350
202504161204,2025-04-16,12,4,1-2,200,L06,1-3,0,0
202504161508,2025-04-16,15,8,1-2,250,L06,1-3,0,0
202504161709,2025-04-16,17,9,1-2,770,L06,1-3,0,0
202504161711,2025-04-16,17,11,3-1,1560,L06,1-3,0,0
202504162206,2025-04-16,22,6,1-2,490,L06,1-3,0,0
202504162404,2025-04-16,24,4,1-2,1180,L06,1-3,0,0
202504162408,2025-04-16,24,8,3-1,480,L06,1-3,0,0
202504170607,2025-04-17,06,7,1-2,290,L06,1-3,0,0
202504171201,2025-04-17,12,1,1-3,430,L06,1-3,1,430
202504171505,2025-04-17,15,5,1-2,260,L06,1-3,0,0
202504171508,2025-04-17,15,8,1-2,300,L06,1-3,0,0
202504171803,2025-04-17,18,3,1-2,310,L06,1-3,0,0
202504171812,2025-04-17,18,12,1-3,490,L06,1-3,1,490
202504172203,2025-04-17,22,3,3-1,3310,L06,1-3,0,0
202504172209,2025-04-17,22,9,1-4,650,L06,1-3,0,0
202504172212,2025-04-17,22,12,1-2,290,L06,1-3,0,0
202504172405,2025-04-17,24,5,1-2,290,L06,1-3,0,0
202504172408,2025-04-17,24,8,5-1,2280,L06,1-3,0,0
202504172409,2025-04-17,24,9,1-3,250,L06,1-3,1,250
202504172412,2025-04-17,24,12,1-2,400,L06,1-3,0,0
202504180404,2025-04-18,04,4,1-3,380,L06,1-3,1,380
202504180603,2025-04-18,06,3,1-3,1580,L06,1-3,1,1580
202504180703,2025-04-18,07,3,1-2,400,L06,1-3,0,0
202504180710,2025-04-18,07,10,1-5,490,L06,1-3,0,0
202504180802,2025-04-18,08,2,2-1,1080,L06,1-3,0,0
202504181006,2025-04-18,10,6,1-3,940,L06,1-3,1,940
202504181504,2025-04-18,15,4,2-3,480,L06,1-3,0,0
202504181510,2025-04-18,15,10,1-3,270,L06,1-3,1,270
202504181803,2025-04-18,18,3,1-2,310,L06,1-3,0,0
202504181808,2025-04-18,18,8,3-1,2820,L06,1-3,0,0
202504182004,2025-04-18,20,4,3-1,1580,L06,1-3,0,0
202504182402,2025-04-18,24,2,2-1,750,L06,1-3,0,0
202504182405,2025-04-18,24,5,1-2,260,L06,1-3,0,0
202504182408,2025-04-18,24,8,6-3,4130,L06,1-3,0,0
202504182412,2025-04-18,24,12,1-2,240,L06,1-3,0,0
202504190510,2025-04-19,05,10,1-2,240,L06,1-3,0,0
202504190711,2025-04-19,07,11,1-3,190,L06,1-3,1,190
202504190804,2025-04-19,08,4,1-5,1510,L06,1-3,0,0
202504190805,2025-04-19,08,5,1-2,230,L06,1-3,0,0
202504190811,2025-04-19,08,11,1-3,270,L06,1-3,1,270
202504190902,2025-04-19,09,2,2-1,870,L06,1-3,0,0
202504191403,2025-04-19,14,3,1-5,570,L06,1-3,0,0
202504191508,2025-04-19,15,8,1-2,290,L06,1-3,0,0
202504191812,2025-04-19,18,12,1-3,250,L06,1-3,1,250
202504192011,2025-04-19,20,11,1-5,950,L06,1-3,0,0
202504192308,2025-04-19,23,8,1-3,1040,L06,1-3,1,1040
202504192312,2025-04-19,23,12,4-1,2560,L06,1-3,0,0
202504200202,2025-04-20,02,2,3-1,2280,L06,1-3,0,0
202504200906,2025-04-20,09,6,1-3,520,L06,1-3,1,520
202504201309,2025-04-20,13,9,1-5,1360,L06,1-3,0,0
202504201409,2025-04-20,14,9,4-6,5150,L06,1-3,0,0
202504210201,2025-04-21,02,1,4-1,880,L06,1-3,0,0
202504210710,2025-04-21,07,10,1-4,410,L06,1-3,0,0
202504210805,2025-04-21,08,5,2-1,2480,L06,1-3,0,0
202504210811,2025-04-21,08,11,4-2,4150,L06,1-3,0,0
202504210903,2025-04-21,09,3,3-1,640,L06,1-3,0,0
202504211011,2025-04-21,10,11,1-5,880,L06,1-3,0,0
202504211501,2025-04-21,15,1,4-1,2610,L06,1-3,0,0
202504212303,2025-04-21,23,3,3-1,540,L06,1-3,0,0
202504220107,2025-04-22,01,7,4-5,1520,L06,1-3,0,0
202504220209,2025-04-22,02,9,1-6,1040,L06,1-3,0,0
202504220803,2025-04-22,08,3,1-2,380,L06,1-3,0,0
202504220810,2025-04-22,08,10,4-5,4760,L06,1-3,0,0
202504221003,2025-04-22,10,3,3-5,780,L06,1-3,0,0
202504221302,2025-04-22,13,2,4-2,1070,L06,1-3,0,0
202504222301,2025-04-22,23,1,1-4,950,L06,1-3,0,0
202504222303,2025-04-22,23,3,1-2,370,L06,1-3,0,0
202504230411,2025-04-23,04,11,3-1,560,L06,1-3,0,0
202504230412,2025-04-23,04,12,1-3,420,L06,1-3,1,420
202504230706,2025-04-23,07,6,1-3,490,L06,1-3,1,490
202504231007,2025-04-23,10,7,3-6,730,L06,1-3,0,0
202504231010,2025-04-23,10,10,2-1,750,L06,1-3,0,0
202504231303,2025-04-23,13,3,1-5,290,L06,1-3,0,0
202504231308,2025-04-23,13,8,1-6,680,L06,1-3,0,0
202504231701,2025-04-23,17,1,1-4,800,L06,1-3,0,0
202504232109,2025-04-23,21,9,1-4,200,L06,1-3,0,0
202504232412,2025-04-23,24,12,1-3,200,L06,1-3,1,200
202504240205,2025-04-24,02,5,2-4,2410,L06,1-3,0,0
202504240207,2025-04-24,02,7,1-6,1440,L06,1-3,0,0
202504240211,2025-04-24,02,11,1-2,350,L06,1-3,0,0
202504240308,2025-04-24,03,8,1-4,940,L06,1-3,0,0
202504240605,2025-04-24,06,5,2-6,3270,L06,1-3,0,0
202504240901,2025-04-24,09,1,1-5,690,L06,1-3,0,0
202504241703,2025-04-24,17,3,1-3,730,L06,1-3,1,730
202504241708,2025-04-24,17,8,2-1,440,L06,1-3,0,0
202504242002,2025-04-24,20,2,4-5,1780,L06,1-3,0,0
202504242003,2025-04-24,20,3,5-4,4400,L06,1-3,0,0
202504242109,2025-04-24,21,9,2-6,1860,L06,1-3,0,0
202504242206,2025-04-24,22,6,1-2,630,L06,1-3,0,0
202504242304,2025-04-24,23,4,3-4,800,L06,1-3,0,0
202504242312,2025-04-24,23,12,1-3,700,L06,1-3,1,700
202504250604,2025-04-25,06,4,1-2,220,L06,1-3,0,0
202504251012,2025-04-25,10,12,1-4,590,L06,1-3,0,0
202504251403,2025-04-25,14,3,6-3,4340,L06,1-3,0,0
202504251706,2025-04-25,17,6,3-1,2030,L06,1-3,0,0
202504252412,2025-04-25,24,12,1-2,290,L06,1-3,0,0
202504260109,2025-04-26,01,9,3-2,2130,L06,1-3,0,0
202504260111,2025-04-26,01,11,1-4,630,L06,1-3,0,0
202504260301,2025-04-26,03,1,1-5,1320,L06,1-3,0,0
202504260304,2025-04-26,03,4,4-1,840,L06,1-3,0,0
202504260505,2025-04-26,05,5,4-3,1940,L06,1-3,0,0
202504260510,2025-04-26,05,10,1-2,310,L06,1-3,0,0
202504260602,2025-04-26,06,2,3-5,520,L06,1-3,0,0
202504260608,2025-04-26,06,8,4-3,3600,L06,1-3,0,0
202504260610,2025-04-26,06,10,5-3,4140,L06,1-3,0,0
202504261401,2025-04-26,14,1,4-1,1570,L06,1-3,0,0
202504261803,2025-04-26,18,3,5-4,8370,L06,1-3,0,0
202504262010,2025-04-26,20,10,1-2,420,L06,1-3,0,0
202504262111,2025-04-26,21,11,1-4,660,L06,1-3,0,0
202504270505,2025-04-27,05,5,4-5,5480,L06,1-3,0,0
202504270610,2025-04-27,06,10,2-3,1800,L06,1-3,0,0
202504270806,2025-04-27,08,6,1-2,240,L06,1-3,0,0
202504271305,2025-04-27,13,5,1-2,150,L06,1-3,0,0
202504271310,2025-04-27,13,10,5-1,1120,L06,1-3,0,0
202504271406,2025-04-27,14,6,3-2,930,L06,1-3,0,0
202504271706,2025-04-27,17,6,1-3,490,L06,1-3,1,490
202504271812,2025-04-27,18,12,1-2,240,L06,1-3,0,0
202504271907,2025-04-27,19,7,5-1,670,L06,1-3,0,0
202504272111,2025-04-27,21,11,1-5,1100,L06,1-3,0,0
202504272112,2025-04-27,21,12,1-4,530,L06,1-3,0,0
202504280309,2025-04-28,03,9,2-1,680,L06,1-3,0,0
202504280502,2025-04-28,05,2,1-3,700,L06,1-3,1,700
202504280511,2025-04-28,05,11,4-1,4210,L06,1-3,0,0
202504280811,2025-04-28,08,11,1-2,150,L06,1-3,0,0
202504281801,2025-04-28,18,1,1-2,140,L06,1-3,0,0
202504281811,2025-04-28,18,11,3-2,2230,L06,1-3,0,0
202504281902,2025-04-28,19,2,1-2,240,L06,1-3,0,0
202504282012,2025-04-28,20,12,6-5,2780,L06,1-3,0,0
202504282409,2025-04-28,24,9,1-3,390,L06,1-3,1,390
202504290309,2025-04-29,03,9,5-4,6980,L06,1-3,0,0
202504290310,2025-04-29,03,10,1-2,310,L06,1-3,0,0
202504290512,2025-04-29,05,12,1-3,380,L06,1-3,1,380
202504290709,2025-04-29,07,9,3-1,740,L06,1-3,0,0
202504290710,2025-04-29,07,10,1-2,390,L06,1-3,0,0
202504290805,2025-04-29,08,5,1-2,1160,L06,1-3,0,0
202504291305,2025-04-29,13,5,1-2,240,L06,1-3,0,0
202504291312,2025-04-29,13,12,1-2,370,L06,1-3,0,0
202504291408,2025-04-29,14,8,2-4,1520,L06,1-3,0,0
202504291906,2025-04-29,19,6,1-2,290,L06,1-3,0,0
202504291909,2025-04-29,19,9,1-3,500,L06,1-3,1,500
202504292004,2025-04-29,20,4,1-5,620,L06,1-3,0,0
202504292010,2025-04-29,20,10,4-1,2330,L06,1-3,0,0
202504300411,2025-04-30,04,11,1-3,570,L06,1-3,1,570
202504300702,2025-04-30,07,2,2-4,1680,L06,1-3,0,0
202504300711,2025-04-30,07,11,1-2,250,L06,1-3,0,0
202504301704,2025-04-30,17,4,1-2,340,L06,1-3,0,0
202504301906,2025-04-30,19,6,1-3,360,L06,1-3,1,360
202504301909,2025-04-30,19,9,1-3,200,L06,1-3,1,200
202504301911,2025-04-30,19,11,1-2,260,L06,1-3,0,0
202505010204,2025-05-01,02,4,3-5,1470,L06,1-3,0,0
202505010510,2025-05-01,05,10,6-2,34020,L06,1-3,0,0
202505011102,2025-05-01,11,2,2-5,1510,L06,1-3,0,0
202505011105,2025-05-01,11,5,5-4,12250,L06,1-3,0,0
202505011501,2025-05-01,15,1,1-2,370,L06,1-3,0,0
202505011705,2025-05-01,17,5,5-1,1120,L06,1-3,0,0
202505011801,2025-05-01,18,1,1-2,210,L06,1-3,0,0
202505011803,2025-05-01,18,3,2-5,8720,L06,1-3,0,0
202505011809,2025-05-01,18,9,1-3,220,L06,1-3,1,220
202505012304,2025-05-01,23,4,5-3,230,L06,1-3,0,0
202505012312,2025-05-01,23,12,1-3,200,L06,1-3,1,200
202505020210,2025-05-02,02,10,4-1,2150,L06,1-3,0,0
202505020609,2025-05-02,06,9,1-6,1850,L06,1-3,0,0
202505020707,2025-05-02,07,7,1-3,440,L06,1-3,1,440
202505021001,2025-05-02,10,1,1-2,220,L06,1-3,0,0
202505021102,2025-05-02,11,2,4-2,1170,L06,1-3,0,0
202505021106,2025-05-02,11,6,2-1,2190,L06,1-3,0,0
202505022110,2025-05-02,21,10,1-2,300,L06,1-3,0,0
202505022305,2025-05-02,23,5,1-3,210,L06,1-3,1,210
202505030101,2025-05-03,01,1,2-1,560,L06,1-3,0,0
202505030205,2025-05-03,02,5,4-1,440,L06,1-3,0,0
202505030607,2025-05-03,06,7,4-3,1560,L06,1-3,0,0
202505031004,2025-05-03,10,4,1-6,440,L06,1-3,0,0
202505031011,2025-05-03,10,11,1-3,420,L06,1-3,1,420
202505031201,2025-05-03,12,1,3-5,4450,L06,1-3,0,0
202505032302,2025-05-03,23,2,1-4,500,L06,1-3,0,0
202505032306,2025-05-03,23,6,6-1,490,L06,1-3,0,0
202505040203,2025-05-04,02,3,1-2,1530,L06,1-3,0,0
202505040404,2025-05-04,04,4,3-6,1030,L06,1-3,0,0
202505040407,2025-05-04,04,7,1-2,750,L06,1-3,0,0
202505040803,2025-05-04,08,3,1-4,840,L06,1-3,0,0
202505040812,2025-05-04,08,12,2-4,6470,L06,1-3,0,0
202505041012,2025-05-04,10,12,1-2,230,L06,1-3,0,0
202505041305,2025-05-04,13,5,5-1,12510,L06,1-3,0,0
202505041602,2025-05-04,16,2,2-1,1090,L06,1-3,0,0
202505041605,2025-05-04,16,5,4-1,780,L06,1-3,0,0
202505050404,2025-05-05,04,4,3-6,2290,L06,1-3,0,0
202505050612,2025-05-05,06,12,3-1,2120,L06,1-3,0,0
202505050801,2025-05-05,08,1,1-6,1380,L06,1-3,0,0
202505050907,2025-05-05,09,7,1-6,280,L06,1-3,0,0
202505051212,2025-05-05,12,12,1-2,160,L06,1-3,0,0
202505051408,2025-05-05,14,8,1-5,1710,L06,1-3,0,0
202505051502,2025-05-05,15,2,4-3,2610,L06,1-3,0,0
202505051512,2025-05-05,15,12,2-1,760,L06,1-3,0,0
202505051604,2025-05-05,16,4,3-2,810,L06,1-3,0,0
202505052005,2025-05-05,20,5,1-2,200,L06,1-3,0,0
202505052211,2025-05-05,22,11,1-2,510,L06,1-3,0,0
202505060806,2025-05-06,08,6,6-5,1530,L06,1-3,0,0
202505061104,2025-05-06,11,4,1-3,200,L06,1-3,1,200
202505061303,2025-05-06,13,3,2-5,6820,L06,1-3,0,0
202505061403,2025-05-06,14,3,1-3,250,L06,1-3,1,250
202505061503,2025-05-06,15,3,3-1,340,L06,1-3,0,0
202505062007,2025-05-06,20,7,1-5,460,L06,1-3,0,0
202505062107,2025-05-06,21,7,4-2,5420,L06,1-3,0,0
202505062203,2025-05-06,22,3,4-1,5010,L06,1-3,0,0
202505062207,2025-05-06,22,7,4-1,1050,L06,1-3,0,0
202505070509,2025-05-07,05,9,2-1,1760,L06,1-3,0,0
202505071304,2025-05-07,13,4,2-1,810,L06,1-3,0,0
202505071404,2025-05-07,14,4,3-5,1710,L06,1-3,0,0
202505080409,2025-05-08,04,9,5-4,8160,L06,1-3,0,0
202505080701,2025-05-08,07,1,3-1,640,L06,1-3,0,0
202505080706,2025-05-08,07,6,1-5,360,L06,1-3,0,0
202505080812,2025-05-08,08,12,1-3,220,L06,1-3,1,220
202505081307,2025-05-08,13,7,1-4,960,L06,1-3,0,0
202505081806,2025-05-08,18,6,4-5,740,L06,1-3,0,0
202505082001,2025-05-08,20,1,1-5,3120,L06,1-3,0,0
202505082303,2025-05-08,23,3,5-1,560,L06,1-3,0,0
202505082306,2025-05-08,23,6,1-6,1040,L06,1-3,0,0
202505090206,2025-05-09,02,6,1-2,270,L06,1-3,0,0
202505090307,2025-05-09,03,7,1-2,460,L06,1-3,0,0
202505090901,2025-05-09,09,1,1-2,310,L06,1-3,0,0
202505091109,2025-05-09,11,9,2-5,380,L06,1-3,0,0
202505091510,2025-05-09,15,10,1-4,390,L06,1-3,0,0
202505092302,2025-05-09,23,2,1-3,330,L06,1-3,1,330
202505092309,2025-05-09,23,9,1-3,570,L06,1-3,1,570
202505100209,2025-05-10,02,9,4-5,5490,L06,1-3,0,0
202505100703,2025-05-10,07,3,3-2,1460,L06,1-3,0,0
202505100708,2025-05-10,07,8,1-4,1210,L06,1-3,0,0
202505101102,2025-05-10,11,2,6-2,1390,L06,1-3,0,0
202505101107,2025-05-10,11,7,1-3,200,L06,1-3,1,200
202505101307,2025-05-10,13,7,3-1,3070,L06,1-3,0,0
202505101310,2025-05-10,13,10,1-3,580,L06,1-3,1,580
202505101402,2025-05-10,14,2,1-3,340,L06,1-3,1,340
202505101803,2025-05-10,18,3,4-2,13610,L06,1-3,0,0
202505102307,2025-05-10,23,7,4-6,3100,L06,1-3,0,0
202505102402,2025-05-10,24,2,2-4,750,L06,1-3,0,0
202504110509,2025-04-11,05,9,1-2,910,L07,1-3,0,0
202504110707,2025-04-11,07,7,1-2,490,L07,1-3,0,0
202504111306,2025-04-11,13,6,1-3,310,L07,1-3,1,310
202504111501,2025-04-11,15,1,1-2,310,L07,1-3,0,0
202504111508,2025-04-11,15,8,1-2,270,L07,1-3,0,0
202504112312,2025-04-11,23,12,3-1,1570,L07,1-3,0,0
202504112401,2025-04-11,24,1,1-3,420,L07,1-3,1,420
202504112409,2025-04-11,24,9,1-4,340,L07,1-3,0,0
202504112412,2025-04-11,24,12,2-1,980,L07,1-3,0,0
202504120203,2025-04-12,02,3,1-5,1020,L07,1-3,0,0
202504120207,2025-04-12,02,7,4-3,5010,L07,1-3,0,0
202504120307,2025-04-12,03,7,1-3,530,L07,1-3,1,530
202504120309,2025-04-12,03,9,3-4,750,L07,1-3,0,0
202504120312,2025-04-12,03,12,1-2,260,L07,1-3,0,0
202504121208,2025-04-12,12,8,4-1,5110,L07,1-3,0,0
202504121510,2025-04-12,15,10,2-1,370,L07,1-3,0,0
202504121704,2025-04-12,17,4,4-3,1820,L07,1-3,0,0
202504122010,2025-04-12,20,10,2-1,1180,L07,1-3,0,0
202504122012,2025-04-12,20,12,1-3,390,L07,1-3,1,390
202504130401,2025-04-13,04,1,1-2,1590,L07,1-3,0,0
202504130909,2025-04-13,09,9,1-3,290,L07,1-3,1,290
202504130910,2025-04-13,09,10,1-3,250,L07,1-3,1,250
202504130911,2025-04-13,09,11,1-3,320,L07,1-3,1,320
202504131206,2025-04-13,12,6,1-5,1600,L07,1-3,0,0
202504132311,2025-04-13,23,11,1-3,250,L07,1-3,1,250
202504140205,2025-04-14,02,5,1-2,410,L07,1-3,0,0
202504140208,2025-04-14,02,8,5-4,1970,L07,1-3,0,0
202504140907,2025-04-14,09,7,1-4,1110,L07,1-3,0,0
202504140908,2025-04-14,09,8,1-2,490,L07,1-3,0,0
202504141003,2025-04-14,10,3,2-1,720,L07,1-3,0,0
202504141212,2025-04-14,12,12,1-4,300,L07,1-3,0,0
202504141701,2025-04-14,17,1,1-3,270,L07,1-3,1,270
202504141711,2025-04-14,17,11,2-1,630,L07,1-3,0,0
202504142203,2025-04-14,22,3,1-3,570,L07,1-3,1,570
202504142303,2025-04-14,23,3,1-2,330,L07,1-3,0,0
202504142310,2025-04-14,23,10,1-2,230,L07,1-3,0,0
202504142405,2025-04-14,24,5,3-4,760,L07,1-3,0,0
202504142409,2025-04-14,24,9,1-3,330,L07,1-3,1,330
202504150403,2025-04-15,04,3,1-4,1440,L07,1-3,0,0
202504150706,2025-04-15,07,6,1-2,400,L07,1-3,0,0
202504150709,2025-04-15,07,9,1-4,370,L07,1-3,0,0
202504150908,2025-04-15,09,8,4-1,1400,L07,1-3,0,0
202504151011,2025-04-15,10,11,1-2,340,L07,1-3,0,0
202504152205,2025-04-15,22,5,1-2,360,L07,1-3,0,0
202504152208,2025-04-15,22,8,1-3,980,L07,1-3,1,980
202504152301,2025-04-15,23,1,1-3,300,L07,1-3,1,300
202504152411,2025-04-15,24,11,3-1,1000,L07,1-3,0,0
202504160409,2025-04-16,04,9,1-2,410,L07,1-3,0,0
202504160607,2025-04-16,06,7,2-3,810,L07,1-3,0,0
202504161201,2025-04-16,12,1,1-6,1250,L07,1-3,0,0
202504161208,2025-04-16,12,8,1-2,390,L07,1-3,0,0
202504161502,2025-04-16,15,2,1-2,240,L07,1-3,0,0
202504161703,2025-04-16,17,3,1-4,300,L07,1-3,0,0
202504161707,2025-04-16,17,7,1-3,510,L07,1-3,1,510
202504161810,2025-04-16,18,10,1-5,430,L07,1-3,0,0
202504162210,2025-04-16,22,10,1-3,340,L07,1-3,1,340
202504170405,2025-04-17,04,5,1-5,450,L07,1-3,0,0
202504170608,2025-04-17,06,8,1-2,610,L07,1-3,0,0
202504171206,2025-04-17,12,6,1-2,230,L07,1-3,0,0
202504171410,2025-04-17,14,10,1-4,990,L07,1-3,0,0
202504171411,2025-04-17,14,11,1-4,320,L07,1-3,0,0
202504171501,2025-04-17,15,1,1-3,440,L07,1-3,1,440
202504171801,2025-04-17,18,1,1-2,210,L07,1-3,0,0
202504171806,2025-04-17,18,6,4-2,970,L07,1-3,0,0
202504172201,2025-04-17,22,1,1-6,1900,L07,1-3,0,0
202504172205,2025-04-17,22,5,4-3,12230,L07,1-3,0,0
202504172401,2025-04-17,24,1,5-1,990,L07,1-3,0,0
202504172406,2025-04-17,24,6,1-2,450,L07,1-3,0,0
202504180402,2025-04-18,04,2,3-1,510,L07,1-3,0,0
202504180403,2025-04-18,04,3,2-1,1680,L07,1-3,0,0
202504180409,2025-04-18,04,9,1-2,460,L07,1-3,0,0
202504180709,2025-04-18,07,9,1-5,750,L07,1-3,0,0
202504181001,2025-04-18,10,1,1-3,230,L07,1-3,1,230
202504181009,2025-04-18,10,9,1-2,200,L07,1-3,0,0
202504181411,2025-04-18,14,11,2-1,1610,L07,1-3,0,0
202504181801,2025-04-18,18,1,1-3,270,L07,1-3,1,270
202504182006,2025-04-18,20,6,1-2,640,L07,1-3,0,0
202504182212,2025-04-18,22,12,1-3,400,L07,1-3,1,400
202504182407,2025-04-18,24,7,1-3,230,L07,1-3,1,230
202504190612,2025-04-19,06,12,1-5,1750,L07,1-3,0,0
202504190812,2025-04-19,08,12,1-2,680,L07,1-3,0,0
202504190905,2025-04-19,09,5,1-5,500,L07,1-3,0,0
202504191803,2025-04-19,18,3,1-2,180,L07,1-3,0,0
202504191811,2025-04-19,18,11,1-4,500,L07,1-3,0,0
202504192302,2025-04-19,23,2,1-3,360,L07,1-3,1,360
202504200512,2025-04-20,05,12,1-4,190,L07,1-3,0,0
202504200612,2025-04-20,06,12,1-2,300,L07,1-3,0,0
202504200706,2025-04-20,07,6,1-2,350,L07,1-3,0,0
202504201407,2025-04-20,14,7,1-3,610,L07,1-3,1,610
202504210404,2025-04-21,04,4,3-1,690,L07,1-3,0,0
202504210410,2025-04-21,04,10,1-2,530,L07,1-3,0,0
202504210509,2025-04-21,05,9,1-5,670,L07,1-3,0,0
202504210910,2025-04-21,09,10,3-1,670,L07,1-3,0,0
202504211310,2025-04-21,13,10,1-2,210,L07,1-3,0,0
202504211508,2025-04-21,15,8,2-1,1680,L07,1-3,0,0
202504220206,2025-04-22,02,6,6-4,8880,L07,1-3,0,0
202504220505,2025-04-22,05,5,1-5,1740,L07,1-3,0,0
202504220708,2025-04-22,07,8,1-3,200,L07,1-3,1,200
202504220812,2025-04-22,08,12,1-2,340,L07,1-3,0,0
202504220901,2025-04-22,09,1,1-4,250,L07,1-3,0,0
202504222311,2025-04-22,23,11,4-5,16090,L07,1-3,0,0
202504222403,2025-04-22,24,3,1-6,310,L07,1-3,0,0
202504222406,2025-04-22,24,6,5-1,870,L07,1-3,0,0
202504230707,2025-04-23,07,7,4-1,450,L07,1-3,0,0
202504230905,2025-04-23,09,5,2-6,47030,L07,1-3,0,0
202504231709,2025-04-23,17,9,6-3,1470,L07,1-3,0,0
202504240412,2025-04-24,04,12,1-4,450,L07,1-3,0,0
202504240601,2025-04-24,06,1,1-3,390,L07,1-3,1,390
202504240608,2025-04-24,06,8,1-2,750,L07,1-3,0,0
202504242211,2025-04-24,22,11,1-2,260,L07,1-3,0,0
202504242307,2025-04-24,23,7,2-1,810,L07,1-3,0,0
202504242405,2025-04-24,24,5,5-6,6780,L07,1-3,0,0
202504242407,2025-04-24,24,7,1-3,240,L07,1-3,1,240
202504251710,2025-04-25,17,10,4-2,3960,L07,1-3,0,0
202504251712,2025-04-25,17,12,1-4,380,L07,1-3,0,0
202504260104,2025-04-26,01,4,1-2,290,L07,1-3,0,0
202504260305,2025-04-26,03,5,5-4,3360,L07,1-3,0,0
202504260806,2025-04-26,08,6,1-2,480,L07,1-3,0,0
202504261312,2025-04-26,13,12,1-4,410,L07,1-3,0,0
202504261708,2025-04-26,17,8,1-3,210,L07,1-3,1,210
202504261712,2025-04-26,17,12,1-6,1410,L07,1-3,0,0
202504261903,2025-04-26,19,3,1-4,1980,L07,1-3,0,0
202504262201,2025-04-26,22,1,1-2,180,L07,1-3,0,0
202504270110,2025-04-27,01,10,1-3,430,L07,1-3,1,430
202504270304,2025-04-27,03,4,2-4,1850,L07,1-3,0,0
202504270402,2025-04-27,04,2,4-1,1500,L07,1-3,0,0
202504270408,2025-04-27,04,8,4-1,710,L07,1-3,0,0
202504270503,2025-04-27,05,3,1-2,1310,L07,1-3,0,0
202504270601,2025-04-27,06,1,1-2,190,L07,1-3,0,0
202504270605,2025-04-27,06,5,3-2,550,L07,1-3,0,0
202504270801,2025-04-27,08,1,1-2,290,L07,1-3,0,0
202504270810,2025-04-27,08,10,1-4,370,L07,1-3,0,0
202504271405,2025-04-27,14,5,3-1,1260,L07,1-3,0,0
202504271807,2025-04-27,18,7,2-4,820,L07,1-3,0,0
202504272110,2025-04-27,21,10,1-6,1620,L07,1-3,0,0
202504272210,2025-04-27,22,10,1-3,380,L07,1-3,1,380
202504280612,2025-04-28,06,12,1-2,250,L07,1-3,0,0
202504280806,2025-04-28,08,6,1-5,2430,L07,1-3,0,0
202504281405,2025-04-28,14,5,3-5,8100,L07,1-3,0,0
202504282208,2025-04-28,22,8,1-2,150,L07,1-3,0,0
202504282211,2025-04-28,22,11,1-2,280,L07,1-3,0,0
202504290506,2025-04-29,05,6,5-1,1550,L07,1-3,0,0
202504290707,2025-04-29,07,7,4-3,4570,L07,1-3,0,0
202504291502,2025-04-29,15,2,1-3,300,L07,1-3,1,300
202504291509,2025-04-29,15,9,1-2,280,L07,1-3,0,0
202504291511,2025-04-29,15,11,1-3,1020,L07,1-3,1,1020
202504291912,2025-04-29,19,12,1-3,230,L07,1-3,1,230
202504292406,2025-04-29,24,6,2-3,570,L07,1-3,0,0
202504292409,2025-04-29,24,9,1-6,1000,L07,1-3,0,0
202504300408,2025-04-30,04,8,5-4,2880,L07,1-3,0,0
202504300409,2025-04-30,04,9,4-1,1790,L07,1-3,0,0
202504300812,2025-04-30,08,12,1-3,230,L07,1-3,1,230
202504301806,2025-04-30,18,6,2-4,1030,L07,1-3,0,0
202504301807,2025-04-30,18,7,1-2,250,L07,1-3,0,0
202504302307,2025-04-30,23,7,4-5,9270,L07,1-3,0,0
202504302310,2025-04-30,23,10,2-3,600,L07,1-3,0,0
202504302408,2025-04-30,24,8,1-3,220,L07,1-3,1,220
202504302409,2025-04-30,24,9,1-2,230,L07,1-3,0,0
202505010205,2025-05-01,02,5,3-4,2050,L07,1-3,0,0
202505010702,2025-05-01,07,2,6-1,6220,L07,1-3,0,0
202505010709,2025-05-01,07,9,1-3,340,L07,1-3,1,340
202505010902,2025-05-01,09,2,3-1,560,L07,1-3,0,0
202505011106,2025-05-01,11,6,5-2,990,L07,1-3,0,0
202505011709,2025-05-01,17,9,3-2,930,L07,1-3,0,0
202505011811,2025-05-01,18,11,2-1,1370,L07,1-3,0,0
202505012104,2025-05-01,21,4,1-4,330,L07,1-3,0,0
202505012109,2025-05-01,21,9,6-2,12040,L07,1-3,0,0
202505012111,2025-05-01,21,11,1-3,220,L07,1-3,1,220
202505020211,2025-05-02,02,11,3-4,10380,L07,1-3,0,0
202505020602,2025-05-02,06,2,1-4,2580,L07,1-3,0,0
202505020611,2025-05-02,06,11,3-1,1710,L07,1-3,0,0
202505021112,2025-05-02,11,12,1-2,240,L07,1-3,0,0
202505021704,2025-05-02,17,4,1-5,380,L07,1-3,0,0
202505022301,2025-05-02,23,1,1-3,150,L07,1-3,1,150
202505022311,2025-05-02,23,11,5-3,730,L07,1-3,0,0
202505022405,2025-05-02,24,5,4-1,2160,L07,1-3,0,0
202505030207,2025-05-03,02,7,3-2,4620,L07,1-3,0,0
202505030212,2025-05-03,02,12,1-3,990,L07,1-3,1,990
202505030408,2025-05-03,04,8,3-4,2440,L07,1-3,0,0
202505030409,2025-05-03,04,9,3-4,1620,L07,1-3,0,0
202505030412,2025-05-03,04,12,5-4,13370,L07,1-3,0,0
202505030707,2025-05-03,07,7,1-4,280,L07,1-3,0,0
202505030903,2025-05-03,09,3,2-1,720,L07,1-3,0,0
202505030905,2025-05-03,09,5,3-1,8670,L07,1-3,0,0
202505030908,2025-05-03,09,8,2-1,280,L07,1-3,0,0
202505031208,2025-05-03,12,8,1-5,2040,L07,1-3,0,0
202505031607,2025-05-03,16,7,3-1,4510,L07,1-3,0,0
202505031610,2025-05-03,16,10,1-3,1020,L07,1-3,1,1020
202505031712,2025-05-03,17,12,1-6,2120,L07,1-3,0,0
202505032104,2025-05-03,21,4,1-3,200,L07,1-3,1,200
202505040209,2025-05-04,02,9,1-2,1050,L07,1-3,0,0
202505040411,2025-05-04,04,11,1-4,790,L07,1-3,0,0
202505040905,2025-05-04,09,5,1-4,410,L07,1-3,0,0
202505040910,2025-05-04,09,10,5-1,3570,L07,1-3,0,0
202505041208,2025-05-04,12,8,1-3,340,L07,1-3,1,340
202505041312,2025-05-04,13,12,1-2,200,L07,1-3,0,0
202505041506,2025-05-04,15,6,4-2,4160,L07,1-3,0,0
202505041701,2025-05-04,17,1,4-1,2940,L07,1-3,0,0
202505041711,2025-05-04,17,11,3-4,3050,L07,1-3,0,0
202505042006,2025-05-04,20,6,5-2,840,L07,1-3,0,0
202505042106,2025-05-04,21,6,3-1,480,L07,1-3,0,0
202505042107,2025-05-04,21,7,1-3,510,L07,1-3,1,510
202505042108,2025-05-04,21,8,4-6,25080,L07,1-3,0,0
202505042203,2025-05-04,22,3,3-1,250,L07,1-3,0,0
202505050106,2025-05-05,01,6,1-3,450,L07,1-3,1,450
202505050111,2025-05-05,01,11,1-3,170,L07,1-3,1,170
202505050403,2025-05-05,04,3,4-5,2780,L07,1-3,0,0
202505050611,2025-05-05,06,11,1-6,1760,L07,1-3,0,0
202505050803,2025-05-05,08,3,1-5,520,L07,1-3,0,0
202505050812,2025-05-05,08,12,1-3,370,L07,1-3,1,370
202505050904,2025-05-05,09,4,1-2,480,L07,1-3,0,0
202505050912,2025-05-05,09,12,1-4,670,L07,1-3,0,0
202505051002,2025-05-05,10,2,2-3,9140,L07,1-3,0,0
202505051012,2025-05-05,10,12,1-4,290,L07,1-3,0,0
202505051104,2025-05-05,11,4,3-1,610,L07,1-3,0,0
202505051110,2025-05-05,11,10,1-3,440,L07,1-3,1,440
202505051209,2025-05-05,12,9,1-3,240,L07,1-3,1,240
202505051312,2025-05-05,13,12,1-3,240,L07,1-3,1,240
202505051606,2025-05-05,16,6,1-4,240,L07,1-3,0,0
202505051609,2025-05-05,16,9,1-2,810,L07,1-3,0,0
202505052003,2025-05-05,20,3,4-5,3610,L07,1-3,0,0
202505052104,2025-05-05,21,4,1-3,410,L07,1-3,1,410
202505052105,2025-05-05,21,5,2-6,3270,L07,1-3,0,0
202505052108,2025-05-05,21,8,2-1,360,L07,1-3,0,0
202505060204,2025-05-06,02,4,1-3,520,L07,1-3,1,520
202505060501,2025-05-06,05,1,2-1,570,L07,1-3,0,0
202505060607,2025-05-06,06,7,1-3,540,L07,1-3,1,540
202505060910,2025-05-06,09,10,1-4,860,L07,1-3,0,0
202505060912,2025-05-06,09,12,1-2,190,L07,1-3,0,0
202505061210,2025-05-06,12,10,3-1,1160,L07,1-3,0,0
202505061402,2025-05-06,14,2,3-2,4500,L07,1-3,0,0
202505061506,2025-05-06,15,6,1-3,530,L07,1-3,1,530
202505061610,2025-05-06,16,10,1-3,210,L07,1-3,1,210
202505062103,2025-05-06,21,3,3-1,500,L07,1-3,0,0
202505062204,2025-05-06,22,4,4-2,3340,L07,1-3,0,0
202505062211,2025-05-06,22,11,2-1,2130,L07,1-3,0,0
202505070302,2025-05-07,03,2,5-1,8380,L07,1-3,0,0
202505070505,2025-05-07,05,5,1-3,450,L07,1-3,1,450
202505070510,2025-05-07,05,10,2-1,480,L07,1-3,0,0
202505071001,2025-05-07,10,1,3-1,910,L07,1-3,0,0
202505071212,2025-05-07,12,12,1-4,510,L07,1-3,0,0
202505071306,2025-05-07,13,6,2-4,4310,L07,1-3,0,0
202505071409,2025-05-07,14,9,1-2,220,L07,1-3,0,0
202505071411,2025-05-07,14,11,5-1,410,L07,1-3,0,0
202505071503,2025-05-07,15,3,1-5,1180,L07,1-3,0,0
202505071505,2025-05-07,15,5,2-3,1880,L07,1-3,0,0
202505071905,2025-05-07,19,5,1-3,440,L07,1-3,1,440
202505072001,2025-05-07,20,1,1-2,480,L07,1-3,0,0
202505072201,2025-05-07,22,1,3-1,1220,L07,1-3,0,0
202505072202,2025-05-07,22,2,2-4,1870,L07,1-3,0,0
202505080311,2025-05-08,03,11,2-1,610,L07,1-3,0,0
202505080506,2025-05-08,05,6,3-4,490,L07,1-3,0,0
202505080710,2025-05-08,07,10,1-4,490,L07,1-3,0,0
202505081412,2025-05-08,14,12,2-1,1230,L07,1-3,0,0
202505081805,2025-05-08,18,5,3-1,500,L07,1-3,0,0
202505082008,2025-05-08,20,8,1-2,440,L07,1-3,0,0
202505090302,2025-05-09,03,2,3-1,670,L07,1-3,0,0
202505090711,2025-05-09,07,11,1-4,620,L07,1-3,0,0
202505090905,2025-05-09,09,5,3-4,9940,L07,1-3,0,0
202505091505,2025-05-09,15,5,1-3,200,L07,1-3,1,200
202505091506,2025-05-09,15,6,1-3,260,L07,1-3,1,260
202505091801,2025-05-09,18,1,3-1,2750,L07,1-3,0,0
202505100306,2025-05-10,03,6,3-1,330,L07,1-3,0,0
202505100312,2025-05-10,03,12,4-5,4550,L07,1-3,0,0
202505100509,2025-05-10,05,9,3-1,2680,L07,1-3,0,0
202505100705,2025-05-10,07,5,1-2,310,L07,1-3,0,0
202505101106,2025-05-10,11,6,1-2,1720,L07,1-3,0,0
202505101808,2025-05-10,18,8,5-4,10070,L07,1-3,0,0
202505102311,2025-05-10,23,11,1-3,390,L07,1-3,1,390
202505102411,2025-05-10,24,11,2-3,4050,L07,1-3,0,0
202504112012,2025-04-11,20,12,2-1,720,L08,1-3,0,0
202504112106,2025-04-11,21,6,1-3,520,L08,1-3,1,520
202504120206,2025-04-12,02,6,6-5,4990,L08,1-3,0,0
202504120209,2025-04-12,02,9,1-6,1830,L08,1-3,0,0
202504120212,2025-04-12,02,12,1-4,810,L08,1-3,0,0
202504120302,2025-04-12,03,2,1-4,320,L08,1-3,0,0
202504120304,2025-04-12,03,4,2-1,2070,L08,1-3,0,0
202504120512,2025-04-12,05,12,1-2,210,L08,1-3,0,0
202504120701,2025-04-12,07,1,1-3,380,L08,1-3,1,380
202504120709,2025-04-12,07,9,1-3,180,L08,1-3,1,180
202504120803,2025-04-12,08,3,1-4,3280,L08,1-3,0,0
202504120811,2025-04-12,08,11,1-2,240,L08,1-3,0,0
202504121203,2025-04-12,12,3,1-3,380,L08,1-3,1,380
202504121212,2025-04-12,12,12,1-3,320,L08,1-3,1,320
202504122103,2025-04-12,21,3,1-3,230,L08,1-3,1,230
202504122108,2025-04-12,21,8,1-4,810,L08,1-3,0,0
202504122310,2025-04-12,23,10,3-5,1640,L08,1-3,0,0
202504130211,2025-04-13,02,11,3-6,27760,L08,1-3,0,0
202504130403,2025-04-13,04,3,4-2,1650,L08,1-3,0,0
202504130411,2025-04-13,04,11,1-4,390,L08,1-3,0,0
202504130503,2025-04-13,05,3,1-5,1410,L08,1-3,0,0
202504130504,2025-04-13,05,4,1-4,850,L08,1-3,0,0
202504131507,2025-04-13,15,7,1-2,240,L08,1-3,0,0
202504131511,2025-04-13,15,11,1-4,430,L08,1-3,0,0
202504131711,2025-04-13,17,11,1-3,270,L08,1-3,1,270
202504131712,2025-04-13,17,12,4-1,790,L08,1-3,0,0
202504132102,2025-04-13,21,2,2-4,1110,L08,1-3,0,0
202504140404,2025-04-14,04,4,2-1,540,L08,1-3,0,0
202504140408,2025-04-14,04,8,1-4,330,L08,1-3,0,0
202504141201,2025-04-14,12,1,1-2,360,L08,1-3,0,0
202504141205,2025-04-14,12,5,1-5,1090,L08,1-3,0,0
202504141708,2025-04-14,17,8,1-5,840,L08,1-3,0,0
202504142210,2025-04-14,22,10,2-1,910,L08,1-3,0,0
202504142211,2025-04-14,22,11,1-3,480,L08,1-3,1,480
202504150202,2025-04-15,02,2,3-4,1360,L08,1-3,0,0
202504150212,2025-04-15,02,12,1-5,1250,L08,1-3,0,0
202504150702,2025-04-15,07,2,1-4,1030,L08,1-3,0,0
202504151005,2025-04-15,10,5,3-2,940,L08,1-3,0,0
202504151010,2025-04-15,10,10,1-6,1170,L08,1-3,0,0
202504161205,2025-04-16,12,5,1-4,840,L08,1-3,0,0
202504161209,2025-04-16,12,9,1-2,280,L08,1-3,0,0
202504161212,2025-04-16,12,12,1-3,430,L08,1-3,1,430
202504161503,2025-04-16,15,3,1-2,580,L08,1-3,0,0
202504161811,2025-04-16,18,11,1-2,170,L08,1-3,0,0
202504162202,2025-04-16,22,2,1-2,290,L08,1-3,0,0
202504162207,2025-04-16,22,7,1-3,790,L08,1-3,1,790
202504162403,2025-04-16,24,3,1-3,460,L08,1-3,1,460
202504162411,2025-04-16,24,11,1-2,640,L08,1-3,0,0
202504171011,2025-04-17,10,11,3-6,7750,L08,1-3,0,0
202504171205,2025-04-17,12,5,1-2,290,L08,1-3,0,0
202504171207,2025-04-17,12,7,1-3,210,L08,1-3,1,210
202504171211,2025-04-17,12,11,1-5,900,L08,1-3,0,0
202504171404,2025-04-17,14,4,1-3,270,L08,1-3,1,270
202504171405,2025-04-17,14,5,1-3,630,L08,1-3,1,630
202504171408,2025-04-17,14,8,1-2,1410,L08,1-3,0,0
202504171502,2025-04-17,15,2,3-6,1790,L08,1-3,0,0
202504171504,2025-04-17,15,4,5-4,13220,L08,1-3,0,0
202504171810,2025-04-17,18,10,1-2,830,L08,1-3,0,0
202504172211,2025-04-17,22,11,3-4,2250,L08,1-3,0,0
202504180407,2025-04-18,04,7,1-6,620,L08,1-3,0,0
202504181012,2025-04-18,10,12,3-1,1510,L08,1-3,0,0
202504181308,2025-04-18,13,8,1-4,1900,L08,1-3,0,0
202504181811,2025-04-18,18,11,1-4,530,L08,1-3,0,0
202504182206,2025-04-18,22,6,2-5,3530,L08,1-3,0,0
202504182208,2025-04-18,22,8,2-1,2270,L08,1-3,0,0
202504190511,2025-04-19,05,11,1-3,350,L08,1-3,1,350
202504190702,2025-04-19,07,2,1-5,11790,L08,1-3,0,0
202504190703,2025-04-19,07,3,2-3,500,L08,1-3,0,0
202504190802,2025-04-19,08,2,3-4,540,L08,1-3,0,0
202504191506,2025-04-19,15,6,1-3,650,L08,1-3,1,650
202504191806,2025-04-19,18,6,1-3,380,L08,1-3,1,380
202504192008,2025-04-19,20,8,1-2,190,L08,1-3,0,0
202504200607,2025-04-20,06,7,4-6,1990,L08,1-3,0,0
202504200802,2025-04-20,08,2,1-5,460,L08,1-3,0,0
202504201307,2025-04-20,13,7,1-5,960,L08,1-3,0,0
202504201410,2025-04-20,14,10,5-2,4460,L08,1-3,0,0
202504201801,2025-04-20,18,1,2-1,610,L08,1-3,0,0
202504210206,2025-04-21,02,6,2-5,1510,L08,1-3,0,0
202504210406,2025-04-21,04,6,2-1,1010,L08,1-3,0,0
202504210501,2025-04-21,05,1,1-6,1650,L08,1-3,0,0
202504210508,2025-04-21,05,8,2-5,1290,L08,1-3,0,0
202504210701,2025-04-21,07,1,1-2,370,L08,1-3,0,0
202504210807,2025-04-21,08,7,1-3,1220,L08,1-3,1,1220
202504210904,2025-04-21,09,4,2-5,2220,L08,1-3,0,0
202504212004,2025-04-21,20,4,1-4,810,L08,1-3,0,0
202504212005,2025-04-21,20,5,1-4,330,L08,1-3,0,0
202504220211,2025-04-22,02,11,1-6,940,L08,1-3,0,0
202504220401,2025-04-22,04,1,1-2,610,L08,1-3,0,0
202504221303,2025-04-22,13,3,1-4,260,L08,1-3,0,0
202504221307,2025-04-22,13,7,3-1,2320,L08,1-3,0,0
202504221710,2025-04-22,17,10,1-2,330,L08,1-3,0,0
202504231712,2025-04-23,17,12,1-2,290,L08,1-3,0,0
202504232402,2025-04-23,24,2,2-1,4380,L08,1-3,0,0
202504232404,2025-04-23,24,4,1-4,240,L08,1-3,0,0
202504240212,2025-04-24,02,12,1-2,310,L08,1-3,0,0
202504240301,2025-04-24,03,1,1-2,710,L08,1-3,0,0
202504241008,2025-04-24,10,8,1-5,1380,L08,1-3,0,0
202504242302,2025-04-24,23,2,1-4,880,L08,1-3,0,0
202504250103,2025-04-25,01,3,1-4,810,L08,1-3,0,0
202504250112,2025-04-25,01,12,3-1,1090,L08,1-3,0,0
202504250804,2025-04-25,08,4,1-5,1300,L08,1-3,0,0
202504250811,2025-04-25,08,11,1-3,140,L08,1-3,1,140
202504251001,2025-04-25,10,1,1-4,200,L08,1-3,0,0
202504251006,2025-04-25,10,6,5-1,2350,L08,1-3,0,0
202504251703,2025-04-25,17,3,1-2,260,L08,1-3,0,0
202504252111,2025-04-25,21,11,1-3,240,L08,1-3,1,240
202504260504,2025-04-26,05,4,2-1,460,L08,1-3,0,0
202504260511,2025-04-26,05,11,2-1,1630,L08,1-3,0,0
202504261311,2025-04-26,13,11,1-4,400,L08,1-3,0,0
202504261811,2025-04-26,18,11,2-4,2270,L08,1-3,0,0
202504261912,2025-04-26,19,12,1-6,1480,L08,1-3,0,0
202504262209,2025-04-26,22,9,1-3,200,L08,1-3,1,200
202504270403,2025-04-27,04,3,2-4,2630,L08,1-3,0,0
202504270804,2025-04-27,08,4,1-4,1530,L08,1-3,0,0
202504271712,2025-04-27,17,12,1-4,520,L08,1-3,0,0
202504272012,2025-04-27,20,12,1-2,390,L08,1-3,0,0
202504272101,2025-04-27,21,1,1-3,210,L08,1-3,1,210
202504272107,2025-04-27,21,7,4-1,890,L08,1-3,0,0
202504280406,2025-04-28,04,6,1-6,1090,L08,1-3,0,0
202504280812,2025-04-28,08,12,4-5,1340,L08,1-3,0,0
202504281401,2025-04-28,14,1,1-2,260,L08,1-3,0,0
202504282004,2025-04-28,20,4,1-5,660,L08,1-3,0,0
202504282006,2025-04-28,20,6,3-1,2190,L08,1-3,0,0
202504282202,2025-04-28,22,2,3-5,1040,L08,1-3,0,0
202504282412,2025-04-28,24,12,3-4,1280,L08,1-3,0,0
202504290509,2025-04-29,05,9,1-2,290,L08,1-3,0,0
202504291402,2025-04-29,14,2,2-4,3000,L08,1-3,0,0
202504291901,2025-04-29,19,1,1-4,1630,L08,1-3,0,0
202504292302,2025-04-29,23,2,1-2,200,L08,1-3,0,0
202504300503,2025-04-30,05,3,2-5,2710,L08,1-3,0,0
202504300512,2025-04-30,05,12,1-3,250,L08,1-3,1,250
202504300706,2025-04-30,07,6,1-3,790,L08,1-3,1,790
202504301309,2025-04-30,13,9,1-3,280,L08,1-3,1,280
202504301712,2025-04-30,17,12,1-3,260,L08,1-3,1,260
202504301809,2025-04-30,18,9,6-4,6630,L08,1-3,0,0
202504302411,2025-04-30,24,11,1-2,310,L08,1-3,0,0
202505010208,2025-05-01,02,8,5-3,2790,L08,1-3,0,0
202505010212,2025-05-01,02,12,1-5,490,L08,1-3,0,0
202505010712,2025-05-01,07,12,1-5,1240,L08,1-3,0,0
202505010803,2025-05-01,08,3,4-6,3760,L08,1-3,0,0
202505010905,2025-05-01,09,5,1-2,190,L08,1-3,0,0
202505010910,2025-05-01,09,10,1-2,820,L08,1-3,0,0
202505011807,2025-05-01,18,7,1-5,550,L08,1-3,0,0
202505012107,2025-05-01,21,7,3-1,1340,L08,1-3,0,0
202505020212,2025-05-02,02,12,1-2,460,L08,1-3,0,0
202505021007,2025-05-02,10,7,1-3,3580,L08,1-3,1,3580
202505021208,2025-05-02,12,8,1-4,280,L08,1-3,0,0
202505021701,2025-05-02,17,1,1-2,340,L08,1-3,0,0
202505022306,2025-05-02,23,6,4-6,300,L08,1-3,0,0
202505022403,2025-05-02,24,3,1-3,240,L08,1-3,1,240
202505022409,2025-05-02,24,9,1-4,920,L08,1-3,0,0
202505022412,2025-05-02,24,12,1-2,540,L08,1-3,0,0
202505030111,2025-05-03,01,11,3-1,1270,L08,1-3,0,0
202505030405,2025-05-03,04,5,2-3,810,L08,1-3,0,0
202505030710,2025-05-03,07,10,1-2,250,L08,1-3,0,0
202505031012,2025-05-03,10,12,1-3,270,L08,1-3,1,270
202505031203,2025-05-03,12,3,5-1,2670,L08,1-3,0,0
202505031310,2025-05-03,13,10,3-5,7500,L08,1-3,0,0
202505032205,2025-05-03,22,5,3-5,2830,L08,1-3,0,0
202505040205,2025-05-04,02,5,4-1,460,L08,1-3,0,0
202505040601,2025-05-04,06,1,1-5,340,L08,1-3,0,0
202505040611,2025-05-04,06,11,1-3,260,L08,1-3,1,260
202505040706,2025-05-04,07,6,1-3,650,L08,1-3,1,650
202505040807,2025-05-04,08,7,1-4,2860,L08,1-3,0,0
202505041510,2025-05-04,15,10,3-1,470,L08,1-3,0,0
202505041702,2025-05-04,17,2,3-4,5090,L08,1-3,0,0
202505050903,2025-05-05,09,3,4-1,760,L08,1-3,0,0
202505051305,2025-05-05,13,5,1-6,480,L08,1-3,0,0
202505051307,2025-05-05,13,7,3-1,1060,L08,1-3,0,0
202505051310,2025-05-05,13,10,1-2,660,L08,1-3,0,0
202505051403,2025-05-05,14,3,1-3,350,L08,1-3,1,350
202505051412,2025-05-05,14,12,1-2,310,L08,1-3,0,0
202505051712,2025-05-05,17,12,1-5,700,L08,1-3,0,0
202505052101,2025-05-05,21,1,5-2,10320,L08,1-3,0,0
202505060409,2025-05-06,04,9,1-5,320,L08,1-3,0,0
202505061004,2025-05-06,10,4,1-2,2060,L08,1-3,0,0
202505061006,2025-05-06,10,6,1-2,650,L08,1-3,0,0
202505061305,2025-05-06,13,5,2-1,310,L08,1-3,0,0
202505061504,2025-05-06,15,4,4-6,3720,L08,1-3,0,0
202505062010,2025-05-06,20,10,1-5,1030,L08,1-3,0,0
202505070401,2025-05-07,04,1,3-1,920,L08,1-3,0,0
202505071401,2025-05-07,14,1,1-2,230,L08,1-3,0,0
202505081302,2025-05-08,13,2,2-5,3020,L08,1-3,0,0
202505081802,2025-05-08,18,2,5-1,1840,L08,1-3,0,0
202505082311,2025-05-08,23,11,1-3,520,L08,1-3,1,520
202505090502,2025-05-09,05,2,3-4,2370,L08,1-3,0,0
202505091112,2025-05-09,11,12,3-2,3870,L08,1-3,0,0
202505091803,2025-05-09,18,3,4-3,3590,L08,1-3,0,0
202505091809,2025-05-09,18,9,1-2,470,L08,1-3,0,0
202505100210,2025-05-10,02,10,2-3,1050,L08,1-3,0,0
202505101411,2025-05-10,14,11,2-5,560,L08,1-3,0,0
202505101811,2025-05-10,18,11,2-1,280,L08,1-3,0,0
