combo,slice_family,slice_value,sample_races,hits,hit_rate_pct,stake_yen,return_yen,profit_yen,roi_pct,avg_hit_payout_yen,baseline_hit_rate_pct,baseline_roi_pct,baseline_avg_hit_payout_yen,roi_lift_pct,hit_rate_lift_pct,avg_payout_lift_yen,distortion_type
1-5,lane1_target_group_pair x other_a_count_bucket,B-B | 4,42,3,7.14,4200,10940,6740,260.48,3646.67,6.36,75.45,1186.29,185.03,0.78,2460.38,price_distortion
1-6,lane1_target_start_gap_pair x target_outer_pressure_bucket,0.04-0.06-best | low_other_pressure,42,12,28.57,4200,9710,5510,231.19,809.17,3.98,73.03,1832.72,158.16,24.59,-1023.55,probability_plus_price
1-6,lane1_target_exhibition_st_rank_pair,1-2,360,40,11.11,36000,81330,45330,225.92,2033.25,3.98,73.03,1832.72,152.89,7.13,200.53,price_distortion
1-6,lane1_exhibition_st_rank_bucket x target_exhibition_st_rank_bucket,1 | 2,360,40,11.11,36000,81330,45330,225.92,2033.25,3.98,73.03,1832.72,152.89,7.13,200.53,price_distortion
1-6,lane1_target_start_gap_pair x target_outer_pressure_bucket,best-best | high_other_pressure,118,9,7.63,11800,26180,14380,221.86,2908.89,3.98,73.03,1832.72,148.83,3.65,1076.17,price_distortion
1-6,lane1_target_start_gap_pair,best-best,144,11,7.64,14400,29640,15240,205.83,2694.55,3.98,73.03,1832.72,132.8,3.66,861.83,price_distortion
1-6,target_lane x lane1_target_start_gap_pair,6 | best-best,144,11,7.64,14400,29640,15240,205.83,2694.55,3.98,73.03,1832.72,132.8,3.66,861.83,price_distortion
1-6,lane1_start_exhibition_gap_bucket x target_start_exhibition_gap_bucket,best | best,144,11,7.64,14400,29640,15240,205.83,2694.55,3.98,73.03,1832.72,132.8,3.66,861.83,price_distortion
1-6,lane1_target_class_pair,B2-B1,137,6,4.38,13700,26200,12500,191.24,4366.67,3.98,73.03,1832.72,118.21,0.4,2533.95,price_distortion
1-6,lane1_target_group_pair x target_outer_pressure_bucket,B-B | some_other_pressure,127,6,4.72,12700,23360,10660,183.94,3893.33,3.98,73.03,1832.72,110.91,0.74,2060.61,price_distortion
1-4,lane1_target_group_pair x other_a_count_bucket,B-B | 4,37,2,5.41,3700,6710,3010,181.35,3355.0,10.48,75.82,723.82,105.53,-5.07,2631.18,price_distortion
1-6,lane1_target_exhibition_time_diff_bucket x lane1_target_start_exhibition_st_diff_bucket,target_faster_0.05_0.10 | near_equal,352,25,7.1,35200,63270,28070,179.74,2530.8,3.98,73.03,1832.72,106.71,3.12,698.08,price_distortion
1-5,lane1_target_start_gap_pair x target_outer_pressure_bucket,best-<=0.03 | low_other_pressure,52,9,17.31,5200,9210,4010,177.12,1023.33,6.36,75.45,1186.29,101.67,10.95,-162.96,probability_plus_price
1-6,lane1_target_exhibition_st_rank_pair,3-1,293,29,9.9,29300,50860,21560,173.58,1753.79,3.98,73.03,1832.72,100.55,5.92,-78.93,probability_plus_price
1-6,lane1_exhibition_st_rank_bucket x target_exhibition_st_rank_bucket,3 | 1,293,29,9.9,29300,50860,21560,173.58,1753.79,3.98,73.03,1832.72,100.55,5.92,-78.93,probability_plus_price
1-6,lane1_target_start_gap_pair x target_outer_pressure_bucket,<=0.03-<=0.03 | some_other_pressure,94,10,10.64,9400,16250,6850,172.87,1625.0,3.98,73.03,1832.72,99.84,6.66,-207.72,probability_plus_price
1-6,lane1_target_start_gap_pair x target_outer_pressure_bucket,best-<=0.03 | some_other_pressure,106,17,16.04,10600,18250,7650,172.17,1073.53,3.98,73.03,1832.72,99.14,12.06,-759.19,probability_plus_price
1-6,lane1_target_start_gap_pair x target_outer_pressure_bucket,best-0.04-0.06 | low_other_pressure,49,9,18.37,4900,8210,3310,167.55,912.22,3.98,73.03,1832.72,94.52,14.39,-920.5,probability_plus_price
1-6,lane1_target_national_rank_pair x target_outer_pressure_bucket,3-2 | some_other_pressure,209,23,11.0,20900,34390,13490,164.55,1495.22,3.98,73.03,1832.72,91.52,7.02,-337.5,probability_plus_price
1-6,lane1_target_start_gap_pair x target_outer_pressure_bucket,<=0.03-best | some_other_pressure,80,8,10.0,8000,13060,5060,163.25,1632.5,3.98,73.03,1832.72,90.22,6.02,-200.22,probability_plus_price
1-6,target_exhibition_rank_bucket x other_exhibition_faster_than_target_count_bucket,4+ | 0,56,4,7.14,5600,9130,3530,163.04,2282.5,3.98,73.03,1832.72,90.01,3.16,449.78,price_distortion
1-6,target_exhibition_rank_bucket x other_exhibition_faster_than_target_count_bucket,3 | 0,303,18,5.94,30300,49360,19060,162.9,2742.22,3.98,73.03,1832.72,89.87,1.96,909.5,price_distortion
1-6,target_class_group x target_outer_pressure_bucket,B | some_other_pressure,353,24,6.8,35300,56600,21300,160.34,2358.33,3.98,73.03,1832.72,87.31,2.82,525.61,price_distortion
1-6,target_exhibition_st_rank_bucket x other_st_faster_than_target_count_bucket,2 | 0,730,61,8.36,73000,114110,41110,156.32,1870.66,3.98,73.03,1832.72,83.29,4.38,37.94,mixed_edge
1-4,lane1_target_start_gap_pair x target_outer_pressure_bucket,best-best | some_other_pressure,44,10,22.73,4400,6800,2400,154.55,680.0,10.48,75.82,723.82,78.73,12.25,-43.82,probability_plus_price
1-4,lane1_target_exhibition_time_diff_bucket x lane1_target_start_exhibition_st_diff_bucket,target_faster_0.10+ | lane1_faster_0.03_0.06,106,13,12.26,10600,15750,5150,148.58,1211.54,10.48,75.82,723.82,72.76,1.78,487.72,price_distortion
1-5,lane1_target_start_gap_pair x target_outer_pressure_bucket,0.04-0.06-best | low_other_pressure,40,10,25.0,4000,5930,1930,148.25,593.0,6.36,75.45,1186.29,72.8,18.64,-593.29,probability_plus_price
1-6,lane1_target_group_pair x target_outer_pressure_bucket,A-B | some_other_pressure,226,18,7.96,22600,33240,10640,147.08,1846.67,3.98,73.03,1832.72,74.05,3.98,13.95,mixed_edge
1-6,lane1_target_start_gap_pair x target_outer_pressure_bucket,0.04-0.06-<=0.03 | high_other_pressure,369,17,4.61,36900,53310,16410,144.47,3135.88,3.98,73.03,1832.72,71.44,0.63,1303.16,price_distortion
1-6,lane1_target_class_pair,B2-A2,46,1,2.17,4600,6640,2040,144.35,6640.0,3.98,73.03,1832.72,71.32,-1.81,4807.28,price_distortion
1-2,lane1_target_start_gap_pair x target_outer_pressure_bucket,best-0.04-0.06 | some_other_pressure,255,92,36.08,25500,36680,11180,143.84,398.7,19.48,83.11,426.57,60.73,16.6,-27.87,probability_plus_price
1-4,lane1_target_start_gap_pair x target_outer_pressure_bucket,<=0.03-0.04-0.06 | some_other_pressure,84,21,25.0,8400,12030,3630,143.21,572.86,10.48,75.82,723.82,67.39,14.52,-150.96,probability_plus_price
1-6,lane1_target_exhibition_time_diff_bucket x lane1_target_start_exhibition_st_diff_bucket,target_faster_0.05_0.10 | lane1_faster_0.03_0.06,206,14,6.8,20600,29500,8900,143.2,2107.14,3.98,73.03,1832.72,70.17,2.82,274.42,price_distortion
1-4,lane1_target_start_gap_pair x target_outer_pressure_bucket,<=0.03-<=0.03 | some_other_pressure,115,33,28.7,11500,16340,4840,142.09,495.15,10.48,75.82,723.82,66.27,18.22,-228.67,probability_plus_price
1-6,lane1_target_start_gap_pair x target_outer_pressure_bucket,<=0.03->0.06 | some_other_pressure,131,9,6.87,13100,18600,5500,141.98,2066.67,3.98,73.03,1832.72,68.95,2.89,233.95,price_distortion
1-6,lane1_target_start_gap_pair x target_outer_pressure_bucket,0.04-0.06-best | some_other_pressure,78,11,14.1,7800,11000,3200,141.03,1000.0,3.98,73.03,1832.72,68.0,10.12,-832.72,probability_plus_price
1-6,wave_bucket,10+,268,13,4.85,26800,37770,10970,140.93,2905.38,3.98,73.03,1832.72,67.9,0.87,1072.66,price_distortion
1-6,lane1_target_start_gap_pair x target_outer_pressure_bucket,>0.06-<=0.03 | some_other_pressure,85,10,11.76,8500,11940,3440,140.47,1194.0,3.98,73.03,1832.72,67.44,7.78,-638.72,probability_plus_price
1-6,lane1_target_start_gap_pair,0.04-0.06-<=0.03,462,30,6.49,46200,64730,18530,140.11,2157.67,3.98,73.03,1832.72,67.08,2.51,324.95,price_distortion
1-6,target_lane x lane1_target_start_gap_pair,6 | 0.04-0.06-<=0.03,462,30,6.49,46200,64730,18530,140.11,2157.67,3.98,73.03,1832.72,67.08,2.51,324.95,price_distortion
1-6,lane1_start_exhibition_gap_bucket x target_start_exhibition_gap_bucket,0.04-0.06 | <=0.03,462,30,6.49,46200,64730,18530,140.11,2157.67,3.98,73.03,1832.72,67.08,2.51,324.95,price_distortion
1-2,lane1_target_start_gap_pair x target_outer_pressure_bucket,best-best | some_other_pressure,75,26,34.67,7500,10420,2920,138.93,400.77,19.48,83.11,426.57,55.82,15.19,-25.8,probability_plus_price
1-2,lane1_target_start_gap_pair x target_outer_pressure_bucket,best->0.06 | low_other_pressure,46,18,39.13,4600,6390,1790,138.91,355.0,19.48,83.11,426.57,55.8,19.65,-71.57,probability_plus_price
1-6,lane1_target_start_gap_pair,0.04-0.06-best,486,43,8.85,48600,66680,18080,137.2,1550.7,3.98,73.03,1832.72,64.17,4.87,-282.02,mixed_edge
1-6,target_lane x lane1_target_start_gap_pair,6 | 0.04-0.06-best,486,43,8.85,48600,66680,18080,137.2,1550.7,3.98,73.03,1832.72,64.17,4.87,-282.02,mixed_edge
1-6,lane1_start_exhibition_gap_bucket x target_start_exhibition_gap_bucket,0.04-0.06 | best,486,43,8.85,48600,66680,18080,137.2,1550.7,3.98,73.03,1832.72,64.17,4.87,-282.02,mixed_edge
1-2,lane1_target_start_gap_pair x target_outer_pressure_bucket,best-best | high_other_pressure,312,93,29.81,31200,42690,11490,136.83,459.03,19.48,83.11,426.57,53.72,10.33,32.46,probability_plus_price
1-5,lane1_target_exhibition_st_rank_pair,1-2,442,67,15.16,44200,59980,15780,135.7,895.22,6.36,75.45,1186.29,60.25,8.8,-291.07,probability_plus_price
1-5,lane1_exhibition_st_rank_bucket x target_exhibition_st_rank_bucket,1 | 2,442,67,15.16,44200,59980,15780,135.7,895.22,6.36,75.45,1186.29,60.25,8.8,-291.07,probability_plus_price
1-6,lane1_target_exhibition_time_diff_bucket x lane1_target_start_exhibition_st_diff_bucket,near_equal | target_faster_0.03_0.06,614,40,6.51,61400,83020,21620,135.21,2075.5,3.98,73.03,1832.72,62.18,2.53,242.78,price_distortion
1-6,lane1_target_group_pair x other_a_count_bucket,B-B | 4,45,1,2.22,4500,6080,1580,135.11,6080.0,3.98,73.03,1832.72,62.08,-1.76,4247.28,price_distortion
1-2,lane1_target_start_gap_pair x target_outer_pressure_bucket,<=0.03-best | some_other_pressure,207,75,36.23,20700,27900,7200,134.78,372.0,19.48,83.11,426.57,51.67,16.75,-54.57,probability_plus_price
1-4,lane1_target_start_gap_pair x target_outer_pressure_bucket,<=0.03-best | high_other_pressure,545,85,15.6,54500,73280,18780,134.46,862.12,10.48,75.82,723.82,58.64,5.12,138.3,price_distortion
1-2,lane1_target_start_gap_pair,best-best,408,126,30.88,40800,54580,13780,133.77,433.17,19.48,83.11,426.57,50.66,11.4,6.6,probability_plus_price
1-2,target_lane x lane1_target_start_gap_pair,2 | best-best,408,126,30.88,40800,54580,13780,133.77,433.17,19.48,83.11,426.57,50.66,11.4,6.6,probability_plus_price
1-2,lane1_start_exhibition_gap_bucket x target_start_exhibition_gap_bucket,best | best,408,126,30.88,40800,54580,13780,133.77,433.17,19.48,83.11,426.57,50.66,11.4,6.6,probability_plus_price
1-6,lane1_target_exhibition_time_diff_bucket x lane1_target_start_exhibition_st_diff_bucket,lane1_faster_0.05_0.10 | target_faster_0.03_0.06,278,16,5.76,27800,37100,9300,133.45,2318.75,3.98,73.03,1832.72,60.42,1.78,486.03,price_distortion
1-6,lane1_target_national_rank_pair,3-2,441,38,8.62,44100,58660,14560,133.02,1543.68,3.98,73.03,1832.72,59.99,4.64,-289.04,mixed_edge
1-6,target_lane x lane1_target_national_rank_pair,6 | 3-2,441,38,8.62,44100,58660,14560,133.02,1543.68,3.98,73.03,1832.72,59.99,4.64,-289.04,mixed_edge
1-2,lane1_target_exhibition_st_rank_pair,1-2,2077,645,31.05,207700,273940,66240,131.89,424.71,19.48,83.11,426.57,48.78,11.57,-1.86,probability_plus_price
1-2,lane1_exhibition_st_rank_bucket x target_exhibition_st_rank_bucket,1 | 2,2077,645,31.05,207700,273940,66240,131.89,424.71,19.48,83.11,426.57,48.78,11.57,-1.86,probability_plus_price
1-2,target_exhibition_st_rank_bucket x other_st_faster_than_target_count_bucket,2 | 0,2077,645,31.05,207700,273940,66240,131.89,424.71,19.48,83.11,426.57,48.78,11.57,-1.86,probability_plus_price
1-5,lane1_target_start_gap_pair x target_outer_pressure_bucket,best-0.04-0.06 | low_other_pressure,42,11,26.19,4200,5530,1330,131.67,502.73,6.36,75.45,1186.29,56.22,19.83,-683.56,probability_plus_price
1-4,target_exhibition_st_rank_bucket x other_st_faster_than_target_count_bucket,4+ | 0,32,6,18.75,3200,4210,1010,131.56,701.67,10.48,75.82,723.82,55.74,8.27,-22.15,probability_plus_price
1-6,lane1_target_start_gap_pair x target_outer_pressure_bucket,<=0.03-<=0.03 | low_other_pressure,40,5,12.5,4000,5230,1230,130.75,1046.0,3.98,73.03,1832.72,57.72,8.52,-786.72,probability_plus_price
1-4,lane1_target_exhibition_st_rank_pair,1-2,590,108,18.31,59000,77120,18120,130.71,714.07,10.48,75.82,723.82,54.89,7.83,-9.75,probability_plus_price
1-4,lane1_exhibition_st_rank_bucket x target_exhibition_st_rank_bucket,1 | 2,590,108,18.31,59000,77120,18120,130.71,714.07,10.48,75.82,723.82,54.89,7.83,-9.75,probability_plus_price
1-4,target_exhibition_st_rank_bucket x other_st_faster_than_target_count_bucket,2 | 0,841,145,17.24,84100,109890,25790,130.67,757.86,10.48,75.82,723.82,54.85,6.76,34.04,probability_plus_price
1-2,lane1_target_start_gap_pair x target_outer_pressure_bucket,best-<=0.03 | high_other_pressure,1248,349,27.96,124800,162750,37950,130.41,466.33,19.48,83.11,426.57,47.3,8.48,39.76,probability_plus_price
1-3,lane1_target_start_gap_pair x target_outer_pressure_bucket,best-0.04-0.06 | low_other_pressure,78,37,47.44,7800,10160,2360,130.26,274.59,15.46,77.27,499.69,52.99,31.98,-225.1,probability_plus_price
1-5,lane1_target_exhibition_st_rank_pair,3-2,424,42,9.91,42400,54780,12380,129.2,1304.29,6.36,75.45,1186.29,53.75,3.55,118.0,price_distortion
1-5,lane1_exhibition_st_rank_bucket x target_exhibition_st_rank_bucket,3 | 2,424,42,9.91,42400,54780,12380,129.2,1304.29,6.36,75.45,1186.29,53.75,3.55,118.0,price_distortion
1-4,lane1_target_start_gap_pair x target_outer_pressure_bucket,best-<=0.03 | some_other_pressure,161,43,26.71,16100,20670,4570,128.39,480.7,10.48,75.82,723.82,52.57,16.23,-243.12,probability_plus_price
1-2,lane1_target_exhibition_st_rank_pair,1-3,1034,309,29.88,103400,131830,28430,127.5,426.63,19.48,83.11,426.57,44.39,10.4,0.06,probability_plus_price
1-2,lane1_exhibition_st_rank_bucket x target_exhibition_st_rank_bucket,1 | 3,1034,309,29.88,103400,131830,28430,127.5,426.63,19.48,83.11,426.57,44.39,10.4,0.06,probability_plus_price
1-6,lane1_target_start_gap_pair x target_outer_pressure_bucket,0.04-0.06-<=0.03 | some_other_pressure,58,7,12.07,5800,7390,1590,127.41,1055.71,3.98,73.03,1832.72,54.38,8.09,-777.01,probability_plus_price
1-6,lane1_class,B2,279,11,3.94,27900,35500,7600,127.24,3227.27,3.98,73.03,1832.72,54.21,-0.04,1394.55,price_distortion
1-5,lane1_target_start_gap_pair x target_outer_pressure_bucket,<=0.03-best | some_other_pressure,83,11,13.25,8300,10540,2240,126.99,958.18,6.36,75.45,1186.29,51.54,6.89,-228.11,probability_plus_price
1-2,lane1_target_start_gap_pair,best-<=0.03,1649,503,30.5,164900,209000,44100,126.74,415.51,19.48,83.11,426.57,43.63,11.02,-11.06,probability_plus_price
1-2,target_lane x lane1_target_start_gap_pair,2 | best-<=0.03,1649,503,30.5,164900,209000,44100,126.74,415.51,19.48,83.11,426.57,43.63,11.02,-11.06,probability_plus_price
1-2,lane1_start_exhibition_gap_bucket x target_start_exhibition_gap_bucket,best | <=0.03,1649,503,30.5,164900,209000,44100,126.74,415.51,19.48,83.11,426.57,43.63,11.02,-11.06,probability_plus_price
1-4,lane1_target_exhibition_st_rank_pair,2-1,453,82,18.1,45300,56960,11660,125.74,694.63,10.48,75.82,723.82,49.92,7.62,-29.19,probability_plus_price
1-4,lane1_exhibition_st_rank_bucket x target_exhibition_st_rank_bucket,2 | 1,453,82,18.1,45300,56960,11660,125.74,694.63,10.48,75.82,723.82,49.92,7.62,-29.19,probability_plus_price
1-6,lane1_target_start_gap_pair x target_outer_pressure_bucket,0.04-0.06-best | high_other_pressure,366,20,5.46,36600,45970,9370,125.6,2298.5,3.98,73.03,1832.72,52.57,1.48,465.78,price_distortion
1-5,lane1_target_exhibition_time_diff_bucket x lane1_target_start_exhibition_st_diff_bucket,lane1_faster_0.05_0.10 | target_faster_0.03_0.06,326,27,8.28,32600,40940,8340,125.58,1516.3,6.36,75.45,1186.29,50.13,1.92,330.01,price_distortion
1-6,target_exhibition_st_rank_bucket,2,1480,109,7.36,148000,185600,37600,125.41,1702.75,3.98,73.03,1832.72,52.38,3.38,-129.97,mixed_edge
1-6,target_lane x target_exhibition_st_rank_bucket,6 | 2,1480,109,7.36,148000,185600,37600,125.41,1702.75,3.98,73.03,1832.72,52.38,3.38,-129.97,mixed_edge
1-4,lane1_target_group_pair x target_outer_pressure_bucket,B-B | low_other_pressure,42,9,21.43,4200,5260,1060,125.24,584.44,10.48,75.82,723.82,49.42,10.95,-139.38,probability_plus_price
1-5,lane1_target_exhibition_st_rank_pair,2-3,338,29,8.58,33800,42320,8520,125.21,1459.31,6.36,75.45,1186.29,49.76,2.22,273.02,price_distortion
1-5,lane1_exhibition_st_rank_bucket x target_exhibition_st_rank_bucket,2 | 3,338,29,8.58,33800,42320,8520,125.21,1459.31,6.36,75.45,1186.29,49.76,2.22,273.02,price_distortion
1-6,stadium_code,03,636,34,5.35,63600,79460,15860,124.94,2337.06,3.98,73.03,1832.72,51.91,1.37,504.34,price_distortion
1-6,stadium_code x target_lane,03 | 6,636,34,5.35,63600,79460,15860,124.94,2337.06,3.98,73.03,1832.72,51.91,1.37,504.34,price_distortion
1-2,lane1_target_class_pair,B2-B1,174,20,11.49,17400,21620,4220,124.25,1081.0,19.48,83.11,426.57,41.14,-7.99,654.43,price_distortion
1-2,lane1_target_class_pair,A1-B2,60,16,26.67,6000,7400,1400,123.33,462.5,19.48,83.11,426.57,40.22,7.19,35.93,probability_plus_price
1-2,lane1_target_start_gap_pair x target_outer_pressure_bucket,<=0.03-best | high_other_pressure,679,173,25.48,67900,83370,15470,122.78,481.91,19.48,83.11,426.57,39.67,6.0,55.34,probability_plus_price
1-4,lane1_target_start_gap_pair x target_outer_pressure_bucket,0.04-0.06-<=0.03 | low_other_pressure,33,12,36.36,3300,4050,750,122.73,337.5,10.48,75.82,723.82,46.91,25.88,-386.32,probability_plus_price
1-4,lane1_target_class_pair,B2-A1,35,5,14.29,3500,4290,790,122.57,858.0,10.48,75.82,723.82,46.75,3.81,134.18,price_distortion
1-5,grade_group,SG,60,4,6.67,6000,7340,1340,122.33,1835.0,6.36,75.45,1186.29,46.88,0.31,648.71,price_distortion
1-2,lane1_target_start_gap_pair,<=0.03-best,983,277,28.18,98300,119620,21320,121.69,431.84,19.48,83.11,426.57,38.58,8.7,5.27,probability_plus_price
1-2,target_lane x lane1_target_start_gap_pair,2 | <=0.03-best,983,277,28.18,98300,119620,21320,121.69,431.84,19.48,83.11,426.57,38.58,8.7,5.27,probability_plus_price
1-2,lane1_start_exhibition_gap_bucket x target_start_exhibition_gap_bucket,<=0.03 | best,983,277,28.18,98300,119620,21320,121.69,431.84,19.48,83.11,426.57,38.58,8.7,5.27,probability_plus_price
1-4,target_exhibition_st_rank_bucket x other_st_faster_than_target_count_bucket,4+ | 1,416,65,15.62,41600,50540,8940,121.49,777.54,10.48,75.82,723.82,45.67,5.14,53.72,probability_plus_price
1-6,lane1_target_exhibition_time_diff_bucket x lane1_target_start_exhibition_st_diff_bucket,lane1_faster_0.05_0.10 | near_equal,685,41,5.99,68500,83110,14610,121.33,2027.07,3.98,73.03,1832.72,48.3,2.01,194.35,price_distortion
1-6,lane1_target_exhibition_time_diff_bucket x lane1_target_start_exhibition_st_diff_bucket,target_faster_0.10+ | target_faster_0.06+,99,3,3.03,9900,12010,2110,121.31,4003.33,3.98,73.03,1832.72,48.28,-0.95,2170.61,price_distortion
1-6,lane1_target_start_gap_pair x target_outer_pressure_bucket,best-<=0.03 | low_other_pressure,52,8,15.38,5200,6270,1070,120.58,783.75,3.98,73.03,1832.72,47.55,11.4,-1048.97,probability_plus_price
1-6,lane1_target_exhibition_st_rank_pair,3-2,307,24,7.82,30700,36950,6250,120.36,1539.58,3.98,73.03,1832.72,47.33,3.84,-293.14,mixed_edge
1-6,lane1_exhibition_st_rank_bucket x target_exhibition_st_rank_bucket,3 | 2,307,24,7.82,30700,36950,6250,120.36,1539.58,3.98,73.03,1832.72,47.33,3.84,-293.14,mixed_edge
1-5,lane1_target_start_gap_pair,best-<=0.03,867,93,10.73,86700,104250,17550,120.24,1120.97,6.36,75.45,1186.29,44.79,4.37,-65.32,mixed_edge
1-5,target_lane x lane1_target_start_gap_pair,5 | best-<=0.03,867,93,10.73,86700,104250,17550,120.24,1120.97,6.36,75.45,1186.29,44.79,4.37,-65.32,mixed_edge
1-5,lane1_start_exhibition_gap_bucket x target_start_exhibition_gap_bucket,best | <=0.03,867,93,10.73,86700,104250,17550,120.24,1120.97,6.36,75.45,1186.29,44.79,4.37,-65.32,mixed_edge
1-2,lane1_target_start_gap_pair x target_outer_pressure_bucket,0.04-0.06-<=0.03 | low_other_pressure,42,16,38.1,4200,5040,840,120.0,315.0,19.48,83.11,426.57,36.89,18.62,-111.57,probability_plus_price
1-6,lane1_target_exhibition_time_diff_bucket,target_faster_0.05_0.10,1525,85,5.57,152500,182990,30490,119.99,2152.82,3.98,73.03,1832.72,46.96,1.59,320.1,price_distortion
1-2,lane1_target_exhibition_st_rank_pair,2-1,689,196,28.45,68900,82380,13480,119.56,420.31,19.48,83.11,426.57,36.45,8.97,-6.26,probability_plus_price
1-2,lane1_exhibition_st_rank_bucket x target_exhibition_st_rank_bucket,2 | 1,689,196,28.45,68900,82380,13480,119.56,420.31,19.48,83.11,426.57,36.45,8.97,-6.26,probability_plus_price
1-2,lane1_target_exhibition_time_diff_bucket x lane1_target_start_exhibition_st_diff_bucket,target_faster_0.10+ | near_equal,325,74,22.77,32500,38830,6330,119.48,524.73,19.48,83.11,426.57,36.37,3.29,98.16,price_distortion
1-6,lane1_target_start_gap_pair,<=0.03-best,543,38,7.0,54300,64850,10550,119.43,1706.58,3.98,73.03,1832.72,46.4,3.02,-126.14,mixed_edge
1-6,target_lane x lane1_target_start_gap_pair,6 | <=0.03-best,543,38,7.0,54300,64850,10550,119.43,1706.58,3.98,73.03,1832.72,46.4,3.02,-126.14,mixed_edge
1-6,lane1_start_exhibition_gap_bucket x target_start_exhibition_gap_bucket,<=0.03 | best,543,38,7.0,54300,64850,10550,119.43,1706.58,3.98,73.03,1832.72,46.4,3.02,-126.14,mixed_edge
1-5,lane1_target_start_gap_pair x target_outer_pressure_bucket,best-<=0.03 | some_other_pressure,118,21,17.8,11800,14080,2280,119.32,670.48,6.36,75.45,1186.29,43.87,11.44,-515.81,probability_plus_price
1-6,lane1_target_start_exhibition_st_diff_bucket,target_faster_0.03_0.06,1292,81,6.27,129200,154150,24950,119.31,1903.09,3.98,73.03,1832.72,46.28,2.29,70.37,mixed_edge
1-6,lane1_target_start_gap_pair x target_outer_pressure_bucket,<=0.03-best | high_other_pressure,406,24,5.91,40600,48350,7750,119.09,2014.58,3.98,73.03,1832.72,46.06,1.93,181.86,price_distortion
1-6,lane1_target_start_gap_pair x target_outer_pressure_bucket,0.04-0.06->0.06 | some_other_pressure,91,6,6.59,9100,10830,1730,119.01,1805.0,3.98,73.03,1832.72,45.98,2.61,-27.72,mixed_edge
1-4,lane1_target_start_gap_pair x target_outer_pressure_bucket,best-<=0.03 | low_other_pressure,58,17,29.31,5800,6900,1100,118.97,405.88,10.48,75.82,723.82,43.15,18.83,-317.94,probability_plus_price
1-2,lane1_target_start_gap_pair,best-0.04-0.06,1407,396,28.14,140700,166980,26280,118.68,421.67,19.48,83.11,426.57,35.57,8.66,-4.9,probability_plus_price
1-2,target_lane x lane1_target_start_gap_pair,2 | best-0.04-0.06,1407,396,28.14,140700,166980,26280,118.68,421.67,19.48,83.11,426.57,35.57,8.66,-4.9,probability_plus_price
1-2,lane1_start_exhibition_gap_bucket x target_start_exhibition_gap_bucket,best | 0.04-0.06,1407,396,28.14,140700,166980,26280,118.68,421.67,19.48,83.11,426.57,35.57,8.66,-4.9,probability_plus_price
1-5,lane1_target_exhibition_st_rank_pair,3-1,311,37,11.9,31100,36860,5760,118.52,996.22,6.36,75.45,1186.29,43.07,5.54,-190.07,probability_plus_price
1-5,lane1_exhibition_st_rank_bucket x target_exhibition_st_rank_bucket,3 | 1,311,37,11.9,31100,36860,5760,118.52,996.22,6.36,75.45,1186.29,43.07,5.54,-190.07,probability_plus_price
1-4,lane1_target_start_gap_pair,<=0.03-best,732,118,16.12,73200,86580,13380,118.28,733.73,10.48,75.82,723.82,42.46,5.64,9.91,probability_plus_price
1-4,target_lane x lane1_target_start_gap_pair,4 | <=0.03-best,732,118,16.12,73200,86580,13380,118.28,733.73,10.48,75.82,723.82,42.46,5.64,9.91,probability_plus_price
1-4,lane1_start_exhibition_gap_bucket x target_start_exhibition_gap_bucket,<=0.03 | best,732,118,16.12,73200,86580,13380,118.28,733.73,10.48,75.82,723.82,42.46,5.64,9.91,probability_plus_price
1-2,lane1_target_group_pair x other_a_count_bucket,A-B | 4,73,15,20.55,7300,8630,1330,118.22,575.33,19.48,83.11,426.57,35.11,1.07,148.76,price_distortion
1-2,lane1_target_start_gap_pair x target_outer_pressure_bucket,0.04-0.06-0.04-0.06 | low_other_pressure,32,7,21.88,3200,3770,570,117.81,538.57,19.48,83.11,426.57,34.7,2.4,112.0,price_distortion
1-4,lane1_target_start_gap_pair x target_outer_pressure_bucket,best-0.04-0.06 | low_other_pressure,75,27,36.0,7500,8780,1280,117.07,325.19,10.48,75.82,723.82,41.25,25.52,-398.63,probability_plus_price
1-2,lane1_exhibition_st_rank_bucket,1,4603,1255,27.26,460300,536970,76670,116.66,427.86,19.48,83.11,426.57,33.55,7.78,1.29,probability_plus_price
1-2,lane1_start_exhibition_gap_bucket,best,4603,1255,27.26,460300,536970,76670,116.66,427.86,19.48,83.11,426.57,33.55,7.78,1.29,probability_plus_price
1-2,lane1_class,B2,279,35,12.54,27900,32540,4640,116.63,929.71,19.48,83.11,426.57,33.52,-6.94,503.14,price_distortion
1-6,target_start_exhibition_gap_bucket,best,2089,135,6.46,208900,243560,34660,116.59,1804.15,3.98,73.03,1832.72,43.56,2.48,-28.57,mixed_edge
1-6,target_lane x target_start_exhibition_gap_bucket,6 | best,2089,135,6.46,208900,243560,34660,116.59,1804.15,3.98,73.03,1832.72,43.56,2.48,-28.57,mixed_edge
1-6,lane1_target_exhibition_time_diff_bucket x lane1_target_start_exhibition_st_diff_bucket,target_faster_0.05_0.10 | target_faster_0.03_0.06,159,12,7.55,15900,18500,2600,116.35,1541.67,3.98,73.03,1832.72,43.32,3.57,-291.05,mixed_edge
1-5,lane1_target_start_gap_pair x target_outer_pressure_bucket,<=0.03-0.04-0.06 | some_other_pressure,87,13,14.94,8700,10120,1420,116.32,778.46,6.36,75.45,1186.29,40.87,8.58,-407.83,probability_plus_price
1-5,lane1_target_start_gap_pair x target_outer_pressure_bucket,best-<=0.03 | high_other_pressure,697,63,9.04,69700,80960,11260,116.15,1285.08,6.36,75.45,1186.29,40.7,2.68,98.79,price_distortion
1-2,lane1_target_start_gap_pair x target_outer_pressure_bucket,best-<=0.03 | low_other_pressure,124,55,44.35,12400,14370,1970,115.89,261.27,19.48,83.11,426.57,32.78,24.87,-165.3,probability_plus_price
1-6,other_st_faster_than_target_count_bucket,0,2764,181,6.55,276400,320170,43770,115.84,1768.9,3.98,73.03,1832.72,42.81,2.57,-63.82,mixed_edge
1-6,lane1_target_start_gap_pair x target_outer_pressure_bucket,0.04-0.06-<=0.03 | low_other_pressure,35,6,17.14,3500,4030,530,115.14,671.67,3.98,73.03,1832.72,42.11,13.16,-1161.05,probability_plus_price
1-2,lane1_target_start_gap_pair x target_outer_pressure_bucket,best-<=0.03 | some_other_pressure,277,99,35.74,27700,31880,4180,115.09,322.02,19.48,83.11,426.57,31.98,16.26,-104.55,probability_plus_price
1-6,stadium_code,23,587,31,5.28,58700,67530,8830,115.04,2178.39,3.98,73.03,1832.72,42.01,1.3,345.67,price_distortion
1-6,stadium_code x target_lane,23 | 6,587,31,5.28,58700,67530,8830,115.04,2178.39,3.98,73.03,1832.72,42.01,1.3,345.67,price_distortion
1-6,target_exhibition_st_rank_bucket,1,1507,100,6.64,150700,173240,22540,114.96,1732.4,3.98,73.03,1832.72,41.93,2.66,-100.32,mixed_edge
1-6,target_lane x target_exhibition_st_rank_bucket,6 | 1,1507,100,6.64,150700,173240,22540,114.96,1732.4,3.98,73.03,1832.72,41.93,2.66,-100.32,mixed_edge
1-6,target_exhibition_st_rank_bucket x other_st_faster_than_target_count_bucket,1 | 0,1507,100,6.64,150700,173240,22540,114.96,1732.4,3.98,73.03,1832.72,41.93,2.66,-100.32,mixed_edge
1-6,other_group_pattern,B-B-B-A,819,48,5.86,81900,94110,12210,114.91,1960.62,3.98,73.03,1832.72,41.88,1.88,127.9,price_distortion
1-5,target_exhibition_st_rank_bucket x other_st_faster_than_target_count_bucket,4+ | 1,491,46,9.37,49100,56400,7300,114.87,1226.09,6.36,75.45,1186.29,39.42,3.01,39.8,mixed_edge
1-4,grade_group,G1,169,15,8.88,16900,19310,2410,114.26,1287.33,10.48,75.82,723.82,38.44,-1.6,563.51,price_distortion
1-5,target_exhibition_st_rank_bucket x other_st_faster_than_target_count_bucket,2 | 0,813,95,11.69,81300,92800,11500,114.15,976.84,6.36,75.45,1186.29,38.7,5.33,-209.45,probability_plus_price
1-3,lane1_target_class_pair,B1-B2,190,14,7.37,19000,21640,2640,113.89,1545.71,15.46,77.27,499.69,36.62,-8.09,1046.02,price_distortion
1-2,lane1_target_start_gap_pair x target_outer_pressure_bucket,best-0.04-0.06 | high_other_pressure,1051,263,25.02,105100,119600,14500,113.8,454.75,19.48,83.11,426.57,30.69,5.54,28.18,probability_plus_price
1-4,lane1_target_exhibition_time_diff_bucket x lane1_target_start_exhibition_st_diff_bucket,target_faster_0.05_0.10 | near_equal,429,59,13.75,42900,48570,5670,113.22,823.22,10.48,75.82,723.82,37.4,3.27,99.4,price_distortion
1-3,lane1_target_exhibition_st_rank_pair,1-2,1134,286,25.22,113400,128370,14970,113.2,448.85,15.46,77.27,499.69,35.93,9.76,-50.84,probability_plus_price
1-3,lane1_exhibition_st_rank_bucket x target_exhibition_st_rank_bucket,1 | 2,1134,286,25.22,113400,128370,14970,113.2,448.85,15.46,77.27,499.69,35.93,9.76,-50.84,probability_plus_price
1-2,stadium_code,22,442,113,25.57,44200,50010,5810,113.14,442.57,19.48,83.11,426.57,30.03,6.09,16.0,probability_plus_price
1-2,stadium_code x target_lane,22 | 2,442,113,25.57,44200,50010,5810,113.14,442.57,19.48,83.11,426.57,30.03,6.09,16.0,probability_plus_price
1-6,lane1_target_start_gap_pair x target_outer_pressure_bucket,<=0.03->0.06 | low_other_pressure,43,5,11.63,4300,4860,560,113.02,972.0,3.98,73.03,1832.72,39.99,7.65,-860.72,probability_plus_price
1-2,target_exhibition_st_rank_bucket,2,3126,811,25.94,312600,352170,39570,112.66,434.24,19.48,83.11,426.57,29.55,6.46,7.67,probability_plus_price
1-2,target_lane x target_exhibition_st_rank_bucket,2 | 2,3126,811,25.94,312600,352170,39570,112.66,434.24,19.48,83.11,426.57,29.55,6.46,7.67,probability_plus_price
1-5,lane1_target_exhibition_st_rank_pair,2-1,294,31,10.54,29400,33090,3690,112.55,1067.42,6.36,75.45,1186.29,37.1,4.18,-118.87,mixed_edge
1-5,lane1_exhibition_st_rank_bucket x target_exhibition_st_rank_bucket,2 | 1,294,31,10.54,29400,33090,3690,112.55,1067.42,6.36,75.45,1186.29,37.1,4.18,-118.87,mixed_edge
1-6,target_exhibition_st_rank_bucket x other_st_faster_than_target_count_bucket,3 | 0,226,14,6.19,22600,25410,2810,112.43,1815.0,3.98,73.03,1832.72,39.4,2.21,-17.72,mixed_edge
1-3,lane1_target_exhibition_st_rank_pair,1-3,1565,340,21.73,156500,175780,19280,112.32,517.0,15.46,77.27,499.69,35.05,6.27,17.31,probability_plus_price
1-3,lane1_exhibition_st_rank_bucket x target_exhibition_st_rank_bucket,1 | 3,1565,340,21.73,156500,175780,19280,112.32,517.0,15.46,77.27,499.69,35.05,6.27,17.31,probability_plus_price
1-4,lane1_target_exhibition_st_rank_pair,3-2,388,66,17.01,38800,43340,4540,111.7,656.67,10.48,75.82,723.82,35.88,6.53,-67.15,probability_plus_price
1-4,lane1_exhibition_st_rank_bucket x target_exhibition_st_rank_bucket,3 | 2,388,66,17.01,38800,43340,4540,111.7,656.67,10.48,75.82,723.82,35.88,6.53,-67.15,probability_plus_price
1-5,lane1_target_exhibition_st_rank_pair,1-3,655,68,10.38,65500,73110,7610,111.62,1075.15,6.36,75.45,1186.29,36.17,4.02,-111.14,mixed_edge
1-5,lane1_exhibition_st_rank_bucket x target_exhibition_st_rank_bucket,1 | 3,655,68,10.38,65500,73110,7610,111.62,1075.15,6.36,75.45,1186.29,36.17,4.02,-111.14,mixed_edge
1-5,stadium_code,19,540,46,8.52,54000,60150,6150,111.39,1307.61,6.36,75.45,1186.29,35.94,2.16,121.32,price_distortion
1-5,stadium_code x target_lane,19 | 5,540,46,8.52,54000,60150,6150,111.39,1307.61,6.36,75.45,1186.29,35.94,2.16,121.32,price_distortion
1-4,lane1_target_start_gap_pair,best-<=0.03,936,161,17.2,93600,103980,10380,111.09,645.84,10.48,75.82,723.82,35.27,6.72,-77.98,probability_plus_price
1-4,target_lane x lane1_target_start_gap_pair,4 | best-<=0.03,936,161,17.2,93600,103980,10380,111.09,645.84,10.48,75.82,723.82,35.27,6.72,-77.98,probability_plus_price
1-4,lane1_start_exhibition_gap_bucket x target_start_exhibition_gap_bucket,best | <=0.03,936,161,17.2,93600,103980,10380,111.09,645.84,10.48,75.82,723.82,35.27,6.72,-77.98,probability_plus_price
1-5,target_exhibition_st_rank_bucket x other_st_faster_than_target_count_bucket,3 | 1,1105,98,8.87,110500,122600,12100,110.95,1251.02,6.36,75.45,1186.29,35.5,2.51,64.73,mixed_edge
1-4,lane1_target_exhibition_time_diff_bucket x lane1_target_start_exhibition_st_diff_bucket,lane1_faster_0.10+ | near_equal,519,67,12.91,51900,57520,5620,110.83,858.51,10.48,75.82,723.82,35.01,2.43,134.69,price_distortion
1-6,target_exhibition_st_rank_bucket x other_st_faster_than_target_count_bucket,4+ | 0,67,6,8.96,6700,7410,710,110.6,1235.0,3.98,73.03,1832.72,37.57,4.98,-597.72,mixed_edge
1-6,target_exhibition_st_rank_bucket x other_st_faster_than_target_count_bucket,4+ | 1,456,29,6.36,45600,50290,4690,110.29,1734.14,3.98,73.03,1832.72,37.26,2.38,-98.58,mixed_edge
1-5,target_exhibition_rank_bucket x other_exhibition_faster_than_target_count_bucket,3 | 2,650,40,6.15,65000,71480,6480,109.97,1787.0,6.36,75.45,1186.29,34.52,-0.21,600.71,price_distortion
1-4,lane1_target_start_gap_pair,<=0.03-<=0.03,821,126,15.35,82100,90260,8160,109.94,716.35,10.48,75.82,723.82,34.12,4.87,-7.47,mixed_edge
1-4,target_lane x lane1_target_start_gap_pair,4 | <=0.03-<=0.03,821,126,15.35,82100,90260,8160,109.94,716.35,10.48,75.82,723.82,34.12,4.87,-7.47,mixed_edge
1-4,lane1_start_exhibition_gap_bucket x target_start_exhibition_gap_bucket,<=0.03 | <=0.03,821,126,15.35,82100,90260,8160,109.94,716.35,10.48,75.82,723.82,34.12,4.87,-7.47,mixed_edge
1-2,lane1_target_exhibition_st_rank_pair,3-1,466,117,25.11,46600,51230,4630,109.94,437.86,19.48,83.11,426.57,26.83,5.63,11.29,probability_plus_price
1-2,lane1_exhibition_st_rank_bucket x target_exhibition_st_rank_bucket,3 | 1,466,117,25.11,46600,51230,4630,109.94,437.86,19.48,83.11,426.57,26.83,5.63,11.29,probability_plus_price
1-4,lane1_target_exhibition_time_diff_bucket x lane1_target_start_exhibition_st_diff_bucket,near_equal | lane1_faster_0.03_0.06,1035,150,14.49,103500,113570,10070,109.73,757.13,10.48,75.82,723.82,33.91,4.01,33.31,mixed_edge
1-2,target_exhibition_st_rank_bucket x other_st_faster_than_target_count_bucket,3 | 1,1738,455,26.18,173800,190270,16470,109.48,418.18,19.48,83.11,426.57,26.37,6.7,-8.39,probability_plus_price
1-3,target_exhibition_st_rank_bucket x other_st_faster_than_target_count_bucket,3 | 1,2001,415,20.74,200100,218820,18720,109.36,527.28,15.46,77.27,499.69,32.09,5.28,27.59,probability_plus_price
1-6,lane1_target_exhibition_st_rank_pair,2-3,223,13,5.83,22300,24360,2060,109.24,1873.85,3.98,73.03,1832.72,36.21,1.85,41.13,mixed_edge
1-6,lane1_exhibition_st_rank_bucket x target_exhibition_st_rank_bucket,2 | 3,223,13,5.83,22300,24360,2060,109.24,1873.85,3.98,73.03,1832.72,36.21,1.85,41.13,mixed_edge
1-6,lane1_target_group_pair x target_outer_pressure_bucket,A-B | low_other_pressure,45,6,13.33,4500,4910,410,109.11,818.33,3.98,73.03,1832.72,36.08,9.35,-1014.39,probability_plus_price
1-4,lane1_target_start_gap_pair x target_outer_pressure_bucket,<=0.03-0.04-0.06 | low_other_pressure,33,8,24.24,3300,3600,300,109.09,450.0,10.48,75.82,723.82,33.27,13.76,-273.82,probability_plus_price
1-6,lane1_target_national_rank_pair x target_outer_pressure_bucket,2-3 | some_other_pressure,227,14,6.17,22700,24660,1960,108.63,1761.43,3.98,73.03,1832.72,35.6,2.19,-71.29,mixed_edge
1-5,lane1_target_national_rank_pair x target_outer_pressure_bucket,1-3 | high_other_pressure,356,43,12.08,35600,38640,3040,108.54,898.6,6.36,75.45,1186.29,33.09,5.72,-287.69,probability_plus_price
1-6,stadium_code,05,562,33,5.87,56200,60900,4700,108.36,1845.45,3.98,73.03,1832.72,35.33,1.89,12.73,mixed_edge
1-6,stadium_code x target_lane,05 | 6,562,33,5.87,56200,60900,4700,108.36,1845.45,3.98,73.03,1832.72,35.33,1.89,12.73,mixed_edge
1-3,lane1_target_start_gap_pair x target_outer_pressure_bucket,best-0.04-0.06 | high_other_pressure,1082,215,19.87,108200,117220,9020,108.34,545.21,15.46,77.27,499.69,31.07,4.41,45.52,mixed_edge
1-3,lane1_target_start_gap_pair x target_outer_pressure_bucket,best-<=0.03 | high_other_pressure,1079,215,19.93,107900,116900,9000,108.34,543.72,15.46,77.27,499.69,31.07,4.47,44.03,mixed_edge
1-3,lane1_target_start_gap_pair x target_outer_pressure_bucket,<=0.03-<=0.03 | some_other_pressure,129,41,31.78,12900,13970,1070,108.29,340.73,15.46,77.27,499.69,31.02,16.32,-158.96,probability_plus_price
1-2,lane1_target_start_gap_pair x target_outer_pressure_bucket,<=0.03-<=0.03 | high_other_pressure,714,167,23.39,71400,77210,5810,108.14,462.34,19.48,83.11,426.57,25.03,3.91,35.77,mixed_edge
1-2,other_st_faster_than_target_count_bucket,0,4108,1046,25.46,410800,444030,33230,108.09,424.5,19.48,83.11,426.57,24.98,5.98,-2.07,mixed_edge
1-3,lane1_target_start_gap_pair x target_outer_pressure_bucket,<=0.03-best | high_other_pressure,697,137,19.66,69700,75290,5590,108.02,549.56,15.46,77.27,499.69,30.75,4.2,49.87,mixed_edge
1-3,lane1_target_start_gap_pair x target_outer_pressure_bucket,0.04-0.06-<=0.03 | low_other_pressure,45,17,37.78,4500,4860,360,108.0,285.88,15.46,77.27,499.69,30.73,22.32,-213.81,probability_plus_price
1-5,lane1_target_exhibition_time_diff_bucket x lane1_target_start_exhibition_st_diff_bucket,lane1_faster_0.10+ | target_faster_0.03_0.06,214,20,9.35,21400,23040,1640,107.66,1152.0,6.36,75.45,1186.29,32.21,2.99,-34.29,mixed_edge
1-6,lane1_target_national_rank_pair x target_outer_pressure_bucket,4+-2 | some_other_pressure,416,16,3.85,41600,44750,3150,107.57,2796.88,3.98,73.03,1832.72,34.54,-0.13,964.16,price_distortion
1-6,lane1_target_start_gap_pair,best-<=0.03,678,54,7.96,67800,72860,5060,107.46,1349.26,3.98,73.03,1832.72,34.43,3.98,-483.46,mixed_edge
1-6,target_lane x lane1_target_start_gap_pair,6 | best-<=0.03,678,54,7.96,67800,72860,5060,107.46,1349.26,3.98,73.03,1832.72,34.43,3.98,-483.46,mixed_edge
1-6,lane1_start_exhibition_gap_bucket x target_start_exhibition_gap_bucket,best | <=0.03,678,54,7.96,67800,72860,5060,107.46,1349.26,3.98,73.03,1832.72,34.43,3.98,-483.46,mixed_edge
1-4,lane1_target_exhibition_time_diff_bucket x lane1_target_start_exhibition_st_diff_bucket,target_faster_0.05_0.10 | lane1_faster_0.06+,420,54,12.86,42000,45030,3030,107.21,833.89,10.48,75.82,723.82,31.39,2.38,110.07,price_distortion
1-4,lane1_target_exhibition_time_diff_bucket x lane1_target_start_exhibition_st_diff_bucket,lane1_faster_0.05_0.10 | near_equal,835,121,14.49,83500,89510,6010,107.2,739.75,10.48,75.82,723.82,31.38,4.01,15.93,mixed_edge
1-5,lane1_target_start_gap_pair,best-best,161,17,10.56,16100,17260,1160,107.2,1015.29,6.36,75.45,1186.29,31.75,4.2,-171.0,mixed_edge
1-5,target_lane x lane1_target_start_gap_pair,5 | best-best,161,17,10.56,16100,17260,1160,107.2,1015.29,6.36,75.45,1186.29,31.75,4.2,-171.0,mixed_edge
1-5,lane1_start_exhibition_gap_bucket x target_start_exhibition_gap_bucket,best | best,161,17,10.56,16100,17260,1160,107.2,1015.29,6.36,75.45,1186.29,31.75,4.2,-171.0,mixed_edge
1-4,lane1_target_start_gap_pair x target_outer_pressure_bucket,<=0.03-<=0.03 | high_other_pressure,661,84,12.71,66100,70710,4610,106.97,841.79,10.48,75.82,723.82,31.15,2.23,117.97,price_distortion
1-6,lane1_target_national_rank_pair,2-3,503,27,5.37,50300,53790,3490,106.94,1992.22,3.98,73.03,1832.72,33.91,1.39,159.5,price_distortion
1-6,target_lane x lane1_target_national_rank_pair,6 | 2-3,503,27,5.37,50300,53790,3490,106.94,1992.22,3.98,73.03,1832.72,33.91,1.39,159.5,price_distortion
1-4,stadium_code,16,588,85,14.46,58800,62780,3980,106.77,738.59,10.48,75.82,723.82,30.95,3.98,14.77,mixed_edge
1-4,stadium_code x target_lane,16 | 4,588,85,14.46,58800,62780,3980,106.77,738.59,10.48,75.82,723.82,30.95,3.98,14.77,mixed_edge
1-3,target_exhibition_st_rank_bucket x other_st_faster_than_target_count_bucket,2 | 0,1340,311,23.21,134000,143040,9040,106.75,459.94,15.46,77.27,499.69,29.48,7.75,-39.75,probability_plus_price
1-4,lane1_target_start_gap_pair x target_outer_pressure_bucket,best-<=0.03 | high_other_pressure,717,101,14.09,71700,76410,4710,106.57,756.53,10.48,75.82,723.82,30.75,3.61,32.71,mixed_edge
1-6,lane1_target_exhibition_st_rank_pair,4+-1,871,51,5.86,87100,92800,5700,106.54,1819.61,3.98,73.03,1832.72,33.51,1.88,-13.11,mixed_edge
1-6,lane1_exhibition_st_rank_bucket x target_exhibition_st_rank_bucket,4+ | 1,871,51,5.86,87100,92800,5700,106.54,1819.61,3.98,73.03,1832.72,33.51,1.88,-13.11,mixed_edge
1-3,lane1_target_start_gap_pair,best-0.04-0.06,1350,297,22.0,135000,143390,8390,106.21,482.79,15.46,77.27,499.69,28.94,6.54,-16.9,probability_plus_price
1-3,target_lane x lane1_target_start_gap_pair,3 | best-0.04-0.06,1350,297,22.0,135000,143390,8390,106.21,482.79,15.46,77.27,499.69,28.94,6.54,-16.9,probability_plus_price
1-3,lane1_start_exhibition_gap_bucket x target_start_exhibition_gap_bucket,best | 0.04-0.06,1350,297,22.0,135000,143390,8390,106.21,482.79,15.46,77.27,499.69,28.94,6.54,-16.9,probability_plus_price
1-2,target_start_exhibition_gap_bucket,<=0.03,3574,880,24.62,357400,379530,22130,106.19,431.28,19.48,83.11,426.57,23.08,5.14,4.71,mixed_edge
1-2,target_lane x target_start_exhibition_gap_bucket,2 | <=0.03,3574,880,24.62,357400,379530,22130,106.19,431.28,19.48,83.11,426.57,23.08,5.14,4.71,mixed_edge
1-3,lane1_target_exhibition_st_rank_pair,2-1,605,141,23.31,60500,64180,3680,106.08,455.18,15.46,77.27,499.69,28.81,7.85,-44.51,probability_plus_price
1-3,lane1_exhibition_st_rank_bucket x target_exhibition_st_rank_bucket,2 | 1,605,141,23.31,60500,64180,3680,106.08,455.18,15.46,77.27,499.69,28.81,7.85,-44.51,probability_plus_price
1-2,lane1_target_start_gap_pair x target_outer_pressure_bucket,best-0.04-0.06 | low_other_pressure,101,41,40.59,10100,10700,600,105.94,260.98,19.48,83.11,426.57,22.83,21.11,-165.59,mixed_edge
1-3,lane1_target_start_gap_pair x target_outer_pressure_bucket,best->0.06 | low_other_pressure,66,22,33.33,6600,6990,390,105.91,317.73,15.46,77.27,499.69,28.64,17.87,-181.96,probability_plus_price
1-6,lane1_target_national_rank_pair x target_outer_pressure_bucket,2-3 | high_other_pressure,276,13,4.71,27600,29130,1530,105.54,2240.77,3.98,73.03,1832.72,32.51,0.73,408.05,price_distortion
1-3,lane1_target_exhibition_time_diff_bucket x lane1_target_start_exhibition_st_diff_bucket,target_faster_0.05_0.10 | lane1_faster_0.03_0.06,279,62,22.22,27900,29400,1500,105.38,474.19,15.46,77.27,499.69,28.11,6.76,-25.5,probability_plus_price
1-3,lane1_target_start_gap_pair x target_outer_pressure_bucket,<=0.03-0.04-0.06 | low_other_pressure,30,9,30.0,3000,3160,160,105.33,351.11,15.46,77.27,499.69,28.06,14.54,-148.58,probability_plus_price
1-3,lane1_target_start_gap_pair,best-<=0.03,1405,309,21.99,140500,147900,7400,105.27,478.64,15.46,77.27,499.69,28.0,6.53,-21.05,probability_plus_price
1-3,target_lane x lane1_target_start_gap_pair,3 | best-<=0.03,1405,309,21.99,140500,147900,7400,105.27,478.64,15.46,77.27,499.69,28.0,6.53,-21.05,probability_plus_price
1-3,lane1_start_exhibition_gap_bucket x target_start_exhibition_gap_bucket,best | <=0.03,1405,309,21.99,140500,147900,7400,105.27,478.64,15.46,77.27,499.69,28.0,6.53,-21.05,probability_plus_price
1-6,target_outer_pressure_bucket,some_other_pressure,1669,129,7.73,166900,175180,8280,104.96,1357.98,3.98,73.03,1832.72,31.93,3.75,-474.74,mixed_edge
1-6,target_lane x target_outer_pressure_bucket,6 | some_other_pressure,1669,129,7.73,166900,175180,8280,104.96,1357.98,3.98,73.03,1832.72,31.93,3.75,-474.74,mixed_edge
1-6,lane1_target_national_rank_pair x target_outer_pressure_bucket,3-2 | high_other_pressure,232,15,6.47,23200,24270,1070,104.61,1618.0,3.98,73.03,1832.72,31.58,2.49,-214.72,mixed_edge
1-6,stadium_code,02,653,27,4.13,65300,68230,2930,104.49,2527.04,3.98,73.03,1832.72,31.46,0.15,694.32,price_distortion
1-6,stadium_code x target_lane,02 | 6,653,27,4.13,65300,68230,2930,104.49,2527.04,3.98,73.03,1832.72,31.46,0.15,694.32,price_distortion
1-3,lane1_target_start_gap_pair x target_outer_pressure_bucket,<=0.03-0.04-0.06 | some_other_pressure,93,24,25.81,9300,9710,410,104.41,404.58,15.46,77.27,499.69,27.14,10.35,-95.11,probability_plus_price
1-4,lane1_target_start_gap_pair x target_outer_pressure_bucket,0.04-0.06-best | high_other_pressure,505,69,13.66,50500,52660,2160,104.28,763.19,10.48,75.82,723.82,28.46,3.18,39.37,mixed_edge
1-5,lane1_target_start_gap_pair x target_outer_pressure_bucket,best-0.04-0.06 | high_other_pressure,880,74,8.41,88000,91610,3610,104.1,1237.97,6.36,75.45,1186.29,28.65,2.05,51.68,mixed_edge
1-6,target_national_win_rank_bucket x other_national_better_than_target_count_bucket,2 | 1,1323,71,5.37,132300,137510,5210,103.94,1936.76,3.98,73.03,1832.72,30.91,1.39,104.04,price_distortion
1-2,lane1_target_start_gap_pair,<=0.03-<=0.03,938,231,24.63,93800,97440,3640,103.88,421.82,19.48,83.11,426.57,20.77,5.15,-4.75,mixed_edge
1-2,target_lane x lane1_target_start_gap_pair,2 | <=0.03-<=0.03,938,231,24.63,93800,97440,3640,103.88,421.82,19.48,83.11,426.57,20.77,5.15,-4.75,mixed_edge
1-2,lane1_start_exhibition_gap_bucket x target_start_exhibition_gap_bucket,<=0.03 | <=0.03,938,231,24.63,93800,97440,3640,103.88,421.82,19.48,83.11,426.57,20.77,5.15,-4.75,mixed_edge
1-2,lane1_target_class_pair,B2-A1,31,4,12.9,3100,3210,110,103.55,802.5,19.48,83.11,426.57,20.44,-6.58,375.93,mixed_edge
1-5,stadium_code,22,442,31,7.01,44200,45660,1460,103.3,1472.9,6.36,75.45,1186.29,27.85,0.65,286.61,price_distortion
1-5,stadium_code x target_lane,22 | 5,442,31,7.01,44200,45660,1460,103.3,1472.9,6.36,75.45,1186.29,27.85,0.65,286.61,price_distortion
1-4,stadium_code,20,588,72,12.24,58800,60690,1890,103.21,842.92,10.48,75.82,723.82,27.39,1.76,119.1,price_distortion
1-4,stadium_code x target_lane,20 | 4,588,72,12.24,58800,60690,1890,103.21,842.92,10.48,75.82,723.82,27.39,1.76,119.1,price_distortion
1-5,lane1_target_start_gap_pair x target_outer_pressure_bucket,<=0.03-best | high_other_pressure,452,47,10.4,45200,46620,1420,103.14,991.91,6.36,75.45,1186.29,27.69,4.04,-194.38,mixed_edge
1-4,lane1_target_start_gap_pair x target_outer_pressure_bucket,best-0.04-0.06 | high_other_pressure,917,111,12.1,91700,94520,2820,103.08,851.53,10.48,75.82,723.82,27.26,1.62,127.71,price_distortion
1-5,stadium_code,07,683,52,7.61,68300,70220,1920,102.81,1350.38,6.36,75.45,1186.29,27.36,1.25,164.09,price_distortion
1-5,stadium_code x target_lane,07 | 5,683,52,7.61,68300,70220,1920,102.81,1350.38,6.36,75.45,1186.29,27.36,1.25,164.09,price_distortion
1-5,lane1_target_start_gap_pair x target_outer_pressure_bucket,best-best | high_other_pressure,125,12,9.6,12500,12840,340,102.72,1070.0,6.36,75.45,1186.29,27.27,3.24,-116.29,mixed_edge
1-6,lane1_target_exhibition_st_rank_pair,1-3,496,43,8.67,49600,50930,1330,102.68,1184.42,3.98,73.03,1832.72,29.65,4.69,-648.3,mixed_edge
1-6,lane1_exhibition_st_rank_bucket x target_exhibition_st_rank_bucket,1 | 3,496,43,8.67,49600,50930,1330,102.68,1184.42,3.98,73.03,1832.72,29.65,4.69,-648.3,mixed_edge
1-4,lane1_target_exhibition_st_rank_pair,2-3,403,65,16.13,40300,41370,1070,102.66,636.46,10.48,75.82,723.82,26.84,5.65,-87.36,probability_plus_price
1-4,lane1_exhibition_st_rank_bucket x target_exhibition_st_rank_bucket,2 | 3,403,65,16.13,40300,41370,1070,102.66,636.46,10.48,75.82,723.82,26.84,5.65,-87.36,probability_plus_price
1-4,other_group_pattern,A-B-A-A,437,38,8.7,43700,44840,1140,102.61,1180.0,10.48,75.82,723.82,26.79,-1.78,456.18,price_distortion
1-4,lane1_target_start_gap_pair,best-0.04-0.06,1184,177,14.95,118400,121370,2970,102.51,685.71,10.48,75.82,723.82,26.69,4.47,-38.11,mixed_edge
1-4,target_lane x lane1_target_start_gap_pair,4 | best-0.04-0.06,1184,177,14.95,118400,121370,2970,102.51,685.71,10.48,75.82,723.82,26.69,4.47,-38.11,mixed_edge
1-4,lane1_start_exhibition_gap_bucket x target_start_exhibition_gap_bucket,best | 0.04-0.06,1184,177,14.95,118400,121370,2970,102.51,685.71,10.48,75.82,723.82,26.69,4.47,-38.11,mixed_edge
1-5,lane1_target_start_gap_pair,best-0.04-0.06,1063,105,9.88,106300,108840,2540,102.39,1036.57,6.36,75.45,1186.29,26.94,3.52,-149.72,mixed_edge
1-5,target_lane x lane1_target_start_gap_pair,5 | best-0.04-0.06,1063,105,9.88,106300,108840,2540,102.39,1036.57,6.36,75.45,1186.29,26.94,3.52,-149.72,mixed_edge
1-5,lane1_start_exhibition_gap_bucket x target_start_exhibition_gap_bucket,best | 0.04-0.06,1063,105,9.88,106300,108840,2540,102.39,1036.57,6.36,75.45,1186.29,26.94,3.52,-149.72,mixed_edge
1-5,target_exhibition_st_rank_bucket x other_st_faster_than_target_count_bucket,4+ | 0,52,4,7.69,5200,5320,120,102.31,1330.0,6.36,75.45,1186.29,26.86,1.33,143.71,price_distortion
1-6,lane1_target_national_rank_pair x target_outer_pressure_bucket,3-1 | low_other_pressure,146,21,14.38,14600,14910,310,102.12,710.0,3.98,73.03,1832.72,29.09,10.4,-1122.72,probability_plus_price
1-5,stadium_code,18,672,54,8.04,67200,68500,1300,101.93,1268.52,6.36,75.45,1186.29,26.48,1.68,82.23,price_distortion
1-5,stadium_code x target_lane,18 | 5,672,54,8.04,67200,68500,1300,101.93,1268.52,6.36,75.45,1186.29,26.48,1.68,82.23,price_distortion
1-6,lane1_target_national_rank_pair x target_outer_pressure_bucket,2-1 | some_other_pressure,132,23,17.42,13200,13440,240,101.82,584.35,3.98,73.03,1832.72,28.79,13.44,-1248.37,probability_plus_price
1-5,lane1_target_start_gap_pair,<=0.03-best,581,63,10.84,58100,58990,890,101.53,936.35,6.36,75.45,1186.29,26.08,4.48,-249.94,mixed_edge
1-5,target_lane x lane1_target_start_gap_pair,5 | <=0.03-best,581,63,10.84,58100,58990,890,101.53,936.35,6.36,75.45,1186.29,26.08,4.48,-249.94,mixed_edge
1-5,lane1_start_exhibition_gap_bucket x target_start_exhibition_gap_bucket,<=0.03 | best,581,63,10.84,58100,58990,890,101.53,936.35,6.36,75.45,1186.29,26.08,4.48,-249.94,mixed_edge
1-2,lane1_target_start_gap_pair x target_outer_pressure_bucket,best->0.06 | high_other_pressure,875,176,20.11,87500,88830,1330,101.52,504.72,19.48,83.11,426.57,18.41,0.63,78.15,mixed_edge
1-2,lane1_target_exhibition_time_diff_bucket x lane1_target_start_exhibition_st_diff_bucket,lane1_faster_0.10+ | near_equal,566,124,21.91,56600,57420,820,101.45,463.06,19.48,83.11,426.57,18.34,2.43,36.49,mixed_edge
1-4,lane1_target_group_pair x target_outer_pressure_bucket,B-B | some_other_pressure,200,25,12.5,20000,20290,290,101.45,811.6,10.48,75.82,723.82,25.63,2.02,87.78,price_distortion
1-5,lane1_target_exhibition_time_diff_bucket x lane1_target_start_exhibition_st_diff_bucket,lane1_faster_0.05_0.10 | lane1_faster_0.03_0.06,478,37,7.74,47800,48390,590,101.23,1307.84,6.36,75.45,1186.29,25.78,1.38,121.55,price_distortion
1-5,lane1_target_start_gap_pair,0.04-0.06-best,578,57,9.86,57800,58490,690,101.19,1026.14,6.36,75.45,1186.29,25.74,3.5,-160.15,mixed_edge
1-5,target_lane x lane1_target_start_gap_pair,5 | 0.04-0.06-best,578,57,9.86,57800,58490,690,101.19,1026.14,6.36,75.45,1186.29,25.74,3.5,-160.15,mixed_edge
1-5,lane1_start_exhibition_gap_bucket x target_start_exhibition_gap_bucket,0.04-0.06 | best,578,57,9.86,57800,58490,690,101.19,1026.14,6.36,75.45,1186.29,25.74,3.5,-160.15,mixed_edge
1-2,lane1_target_exhibition_time_diff_bucket x lane1_target_start_exhibition_st_diff_bucket,lane1_faster_0.10+ | target_faster_0.03_0.06,143,35,24.48,14300,14470,170,101.19,413.43,19.48,83.11,426.57,18.08,5.0,-13.14,mixed_edge
1-3,lane1_target_start_gap_pair,<=0.03-best,964,201,20.85,96400,97530,1130,101.17,485.22,15.46,77.27,499.69,23.9,5.39,-14.47,mixed_edge
1-3,target_lane x lane1_target_start_gap_pair,3 | <=0.03-best,964,201,20.85,96400,97530,1130,101.17,485.22,15.46,77.27,499.69,23.9,5.39,-14.47,mixed_edge
1-3,lane1_start_exhibition_gap_bucket x target_start_exhibition_gap_bucket,<=0.03 | best,964,201,20.85,96400,97530,1130,101.17,485.22,15.46,77.27,499.69,23.9,5.39,-14.47,mixed_edge
1-3,lane1_target_start_gap_pair,best->0.06,1410,268,19.01,141000,142430,1430,101.01,531.46,15.46,77.27,499.69,23.74,3.55,31.77,mixed_edge
1-3,target_lane x lane1_target_start_gap_pair,3 | best->0.06,1410,268,19.01,141000,142430,1430,101.01,531.46,15.46,77.27,499.69,23.74,3.55,31.77,mixed_edge
1-3,lane1_start_exhibition_gap_bucket x target_start_exhibition_gap_bucket,best | >0.06,1410,268,19.01,141000,142430,1430,101.01,531.46,15.46,77.27,499.69,23.74,3.55,31.77,mixed_edge
1-3,lane1_target_start_gap_pair x target_outer_pressure_bucket,best->0.06 | high_other_pressure,1172,205,17.49,117200,118260,1060,100.9,576.88,15.46,77.27,499.69,23.63,2.03,77.19,mixed_edge
1-3,lane1_exhibition_st_rank_bucket,1,4603,945,20.53,460300,464030,3730,100.81,491.04,15.46,77.27,499.69,23.54,5.07,-8.65,mixed_edge
1-3,lane1_start_exhibition_gap_bucket,best,4603,945,20.53,460300,464030,3730,100.81,491.04,15.46,77.27,499.69,23.54,5.07,-8.65,mixed_edge
1-6,target_start_exhibition_gap_bucket,<=0.03,2426,145,5.98,242600,244560,1960,100.81,1686.62,3.98,73.03,1832.72,27.78,2.0,-146.1,mixed_edge
1-6,target_lane x target_start_exhibition_gap_bucket,6 | <=0.03,2426,145,5.98,242600,244560,1960,100.81,1686.62,3.98,73.03,1832.72,27.78,2.0,-146.1,mixed_edge
1-3,lane1_target_start_gap_pair x target_outer_pressure_bucket,0.04-0.06-best | high_other_pressure,473,82,17.34,47300,47680,380,100.8,581.46,15.46,77.27,499.69,23.53,1.88,81.77,mixed_edge
1-2,lane1_target_start_gap_pair x target_outer_pressure_bucket,<=0.03-0.04-0.06 | low_other_pressure,45,20,44.44,4500,4530,30,100.67,226.5,19.48,83.11,426.57,17.56,24.96,-200.07,mixed_edge
1-4,lane1_target_start_gap_pair x target_outer_pressure_bucket,>0.06-<=0.03 | low_other_pressure,37,7,18.92,3700,3710,10,100.27,530.0,10.48,75.82,723.82,24.45,8.44,-193.82,mixed_edge
1-3,lane1_target_start_gap_pair,<=0.03-0.04-0.06,684,118,17.25,68400,68570,170,100.25,581.1,15.46,77.27,499.69,22.98,1.79,81.41,mixed_edge
1-3,target_lane x lane1_target_start_gap_pair,3 | <=0.03-0.04-0.06,684,118,17.25,68400,68570,170,100.25,581.1,15.46,77.27,499.69,22.98,1.79,81.41,mixed_edge
1-3,lane1_start_exhibition_gap_bucket x target_start_exhibition_gap_bucket,<=0.03 | 0.04-0.06,684,118,17.25,68400,68570,170,100.25,581.1,15.46,77.27,499.69,22.98,1.79,81.41,mixed_edge
1-6,other_national_better_than_target_count_bucket,1,2478,133,5.37,247800,248330,530,100.21,1867.14,3.98,73.03,1832.72,27.18,1.39,34.42,mixed_edge
1-3,lane1_target_exhibition_time_diff_bucket x lane1_target_start_exhibition_st_diff_bucket,lane1_faster_0.05_0.10 | lane1_faster_0.03_0.06,530,110,20.75,53000,53110,110,100.21,482.82,15.46,77.27,499.69,22.94,5.29,-16.87,mixed_edge
1-2,lane1_target_start_gap_pair,best->0.06,1062,230,21.66,106200,106410,210,100.2,462.65,19.48,83.11,426.57,17.09,2.18,36.08,mixed_edge
1-2,target_lane x lane1_target_start_gap_pair,2 | best->0.06,1062,230,21.66,106200,106410,210,100.2,462.65,19.48,83.11,426.57,17.09,2.18,36.08,mixed_edge
1-2,lane1_start_exhibition_gap_bucket x target_start_exhibition_gap_bucket,best | >0.06,1062,230,21.66,106200,106410,210,100.2,462.65,19.48,83.11,426.57,17.09,2.18,36.08,mixed_edge
1-3,lane1_target_start_gap_pair x target_outer_pressure_bucket,best-best | some_other_pressure,66,20,30.3,6600,6610,10,100.15,330.5,15.46,77.27,499.69,22.88,14.84,-169.19,mixed_edge
1-2,lane1_target_group_pair x other_a_count_bucket,B-A | 3,156,25,16.03,15600,15610,10,100.06,624.4,19.48,83.11,426.57,16.95,-3.45,197.83,mixed_edge
1-3,lane1_target_start_gap_pair x target_outer_pressure_bucket,best->0.06 | some_other_pressure,172,41,23.84,17200,17180,-20,99.88,419.02,15.46,77.27,499.69,22.61,8.38,-80.67,mixed_edge
1-2,other_group_pattern,A-B-B-B,898,168,18.71,89800,89680,-120,99.87,533.81,19.48,83.11,426.57,16.76,-0.77,107.24,mixed_edge
1-3,lane1_target_exhibition_st_rank_pair,2-3,699,133,19.03,69900,69740,-160,99.77,524.36,15.46,77.27,499.69,22.5,3.57,24.67,mixed_edge
1-3,lane1_exhibition_st_rank_bucket x target_exhibition_st_rank_bucket,2 | 3,699,133,19.03,69900,69740,-160,99.77,524.36,15.46,77.27,499.69,22.5,3.57,24.67,mixed_edge
1-2,target_start_exhibition_gap_bucket,best,2255,527,23.37,225500,224670,-830,99.63,426.32,19.48,83.11,426.57,16.52,3.89,-0.25,mixed_edge
1-2,target_lane x target_start_exhibition_gap_bucket,2 | best,2255,527,23.37,225500,224670,-830,99.63,426.32,19.48,83.11,426.57,16.52,3.89,-0.25,mixed_edge
1-3,other_group_pattern,A-A-B-A,586,74,12.63,58600,58240,-360,99.39,787.03,15.46,77.27,499.69,22.12,-2.83,287.34,mixed_edge
1-6,target_exhibition_rank_bucket x other_exhibition_faster_than_target_count_bucket,4+ | 1,610,36,5.9,61000,60610,-390,99.36,1683.61,3.98,73.03,1832.72,26.33,1.92,-149.11,mixed_edge
1-5,lane1_target_exhibition_time_diff_bucket x lane1_target_start_exhibition_st_diff_bucket,target_faster_0.10+ | near_equal,160,14,8.75,16000,15890,-110,99.31,1135.0,6.36,75.45,1186.29,23.86,2.39,-51.29,mixed_edge
1-6,target_exhibition_rank_bucket,1,1794,110,6.13,179400,178150,-1250,99.3,1619.55,3.98,73.03,1832.72,26.27,2.15,-213.17,mixed_edge
1-6,target_exhibition_rank_bucket x other_exhibition_faster_than_target_count_bucket,1 | 0,1794,110,6.13,179400,178150,-1250,99.3,1619.55,3.98,73.03,1832.72,26.27,2.15,-213.17,mixed_edge
1-3,lane1_target_start_gap_pair x target_outer_pressure_bucket,<=0.03-0.04-0.06 | high_other_pressure,561,85,15.15,56100,55700,-400,99.29,655.29,15.46,77.27,499.69,22.02,-0.31,155.6,mixed_edge
1-5,lane1_target_group_pair x target_outer_pressure_bucket,B-A | low_other_pressure,234,30,12.82,23400,23190,-210,99.1,773.0,6.36,75.45,1186.29,23.65,6.46,-413.29,mixed_edge
1-6,other_group_pattern,A-A-B-B,710,27,3.8,71000,70320,-680,99.04,2604.44,3.98,73.03,1832.72,26.01,-0.18,771.72,price_distortion
1-6,target_exhibition_st_rank_bucket x other_st_faster_than_target_count_bucket,3 | 2,623,25,4.01,62300,61680,-620,99.0,2467.2,3.98,73.03,1832.72,25.97,0.03,634.48,price_distortion
1-5,lane1_target_national_win_diff_bucket,lane1_plus_0.35_1.00,2437,176,7.22,243700,240720,-2980,98.78,1367.73,6.36,75.45,1186.29,23.33,0.86,181.44,mixed_edge
1-5,lane1_target_start_gap_pair x target_outer_pressure_bucket,best->0.06 | low_other_pressure,96,19,19.79,9600,9480,-120,98.75,498.95,6.36,75.45,1186.29,23.3,13.43,-687.34,mixed_edge
1-3,lane1_target_start_gap_pair x target_outer_pressure_bucket,<=0.03->0.06 | some_other_pressure,85,22,25.88,8500,8390,-110,98.71,381.36,15.46,77.27,499.69,21.44,10.42,-118.33,mixed_edge
1-5,lane1_target_start_gap_pair x target_outer_pressure_bucket,>0.06-best | some_other_pressure,171,18,10.53,17100,16870,-230,98.65,937.22,6.36,75.45,1186.29,23.2,4.17,-249.07,mixed_edge
1-5,lane1_target_exhibition_time_diff_bucket x lane1_target_start_exhibition_st_diff_bucket,lane1_faster_0.05_0.10 | near_equal,759,57,7.51,75900,74840,-1060,98.6,1312.98,6.36,75.45,1186.29,23.15,1.15,126.69,mixed_edge
1-5,lane1_target_start_gap_pair x target_outer_pressure_bucket,0.04-0.06-best | high_other_pressure,459,36,7.84,45900,45210,-690,98.5,1255.83,6.36,75.45,1186.29,23.05,1.48,69.54,mixed_edge
1-5,lane1_target_national_rank_pair,1-3,602,70,11.63,60200,59260,-940,98.44,846.57,6.36,75.45,1186.29,22.99,5.27,-339.72,mixed_edge
1-5,target_lane x lane1_target_national_rank_pair,5 | 1-3,602,70,11.63,60200,59260,-940,98.44,846.57,6.36,75.45,1186.29,22.99,5.27,-339.72,mixed_edge
1-2,lane1_target_exhibition_time_diff_bucket x lane1_target_start_exhibition_st_diff_bucket,target_faster_0.05_0.10 | lane1_faster_0.06+,286,60,20.98,28600,28140,-460,98.39,469.0,19.48,83.11,426.57,15.28,1.5,42.43,mixed_edge
1-2,lane1_target_national_rank_pair x target_outer_pressure_bucket,2-1 | high_other_pressure,229,83,36.24,22900,22520,-380,98.34,271.33,19.48,83.11,426.57,15.23,16.76,-155.24,mixed_edge
1-2,stadium_code,23,587,129,21.98,58700,57720,-980,98.33,447.44,19.48,83.11,426.57,15.22,2.5,20.87,mixed_edge
1-2,stadium_code x target_lane,23 | 2,587,129,21.98,58700,57720,-980,98.33,447.44,19.48,83.11,426.57,15.22,2.5,20.87,mixed_edge
1-4,lane1_target_group_pair x other_a_count_bucket,B-B | 3,727,27,3.71,72700,71470,-1230,98.31,2647.04,10.48,75.82,723.82,22.49,-6.77,1923.22,mixed_edge
1-5,lane1_target_exhibition_time_diff_bucket x lane1_target_start_exhibition_st_diff_bucket,near_equal | target_faster_0.03_0.06,703,58,8.25,70300,68930,-1370,98.05,1188.45,6.36,75.45,1186.29,22.6,1.89,2.16,mixed_edge
1-2,lane1_target_exhibition_st_rank_pair,3-2,334,75,22.46,33400,32750,-650,98.05,436.67,19.48,83.11,426.57,14.94,2.98,10.1,mixed_edge
1-2,lane1_exhibition_st_rank_bucket x target_exhibition_st_rank_bucket,3 | 2,334,75,22.46,33400,32750,-650,98.05,436.67,19.48,83.11,426.57,14.94,2.98,10.1,mixed_edge
1-2,lane1_target_exhibition_time_diff_bucket x lane1_target_start_exhibition_st_diff_bucket,near_equal | near_equal,2838,673,23.71,283800,277810,-5990,97.89,412.79,19.48,83.11,426.57,14.78,4.23,-13.78,mixed_edge
1-5,target_exhibition_st_rank_bucket,1,1713,160,9.34,171300,167550,-3750,97.81,1047.19,6.36,75.45,1186.29,22.36,2.98,-139.1,mixed_edge
1-5,target_lane x target_exhibition_st_rank_bucket,5 | 1,1713,160,9.34,171300,167550,-3750,97.81,1047.19,6.36,75.45,1186.29,22.36,2.98,-139.1,mixed_edge
1-5,target_exhibition_st_rank_bucket x other_st_faster_than_target_count_bucket,1 | 0,1713,160,9.34,171300,167550,-3750,97.81,1047.19,6.36,75.45,1186.29,22.36,2.98,-139.1,mixed_edge
1-2,stadium_code,11,570,117,20.53,57000,55690,-1310,97.7,475.98,19.48,83.11,426.57,14.59,1.05,49.41,mixed_edge
1-2,stadium_code x target_lane,11 | 2,570,117,20.53,57000,55690,-1310,97.7,475.98,19.48,83.11,426.57,14.59,1.05,49.41,mixed_edge
1-5,lane1_target_group_pair x target_outer_pressure_bucket,B-B | some_other_pressure,179,14,7.82,17900,17470,-430,97.6,1247.86,6.36,75.45,1186.29,22.15,1.46,61.57,mixed_edge
1-2,lane1_target_group_pair x target_outer_pressure_bucket,A-B | some_other_pressure,365,107,29.32,36500,35460,-1040,97.15,331.4,19.48,83.11,426.57,14.04,9.84,-95.17,mixed_edge
1-2,stadium_code,05,562,114,20.28,56200,54590,-1610,97.14,478.86,19.48,83.11,426.57,14.03,0.8,52.29,mixed_edge
1-2,stadium_code x target_lane,05 | 2,562,114,20.28,56200,54590,-1610,97.14,478.86,19.48,83.11,426.57,14.03,0.8,52.29,mixed_edge
1-5,lane1_target_start_gap_pair x target_outer_pressure_bucket,0.04-0.06-0.04-0.06 | high_other_pressure,458,31,6.77,45800,44490,-1310,97.14,1435.16,6.36,75.45,1186.29,21.69,0.41,248.87,mixed_edge
1-4,lane1_target_exhibition_st_rank_pair,1-3,853,133,15.59,85300,82640,-2660,96.88,621.35,10.48,75.82,723.82,21.06,5.11,-102.47,mixed_edge
1-4,lane1_exhibition_st_rank_bucket x target_exhibition_st_rank_bucket,1 | 3,853,133,15.59,85300,82640,-2660,96.88,621.35,10.48,75.82,723.82,21.06,5.11,-102.47,mixed_edge
1-4,lane1_target_start_gap_pair x target_outer_pressure_bucket,best->0.06 | low_other_pressure,89,23,25.84,8900,8610,-290,96.74,374.35,10.48,75.82,723.82,20.92,15.36,-349.47,mixed_edge
1-4,target_exhibition_st_rank_bucket x other_st_faster_than_target_count_bucket,4+ | 2,2468,308,12.48,246800,238580,-8220,96.67,774.61,10.48,75.82,723.82,20.85,2.0,50.79,mixed_edge
1-6,lane1_target_group_pair x other_a_count_bucket,B-A | 0,198,28,14.14,19800,19130,-670,96.62,683.21,3.98,73.03,1832.72,23.59,10.16,-1149.51,mixed_edge
1-4,lane1_target_national_rank_pair x target_outer_pressure_bucket,4+-1 | high_other_pressure,471,64,13.59,47100,45500,-1600,96.6,710.94,10.48,75.82,723.82,20.78,3.11,-12.88,mixed_edge
1-2,other_st_faster_than_target_count_bucket,1,2787,621,22.28,278700,268500,-10200,96.34,432.37,19.48,83.11,426.57,13.23,2.8,5.8,mixed_edge
1-5,target_start_exhibition_gap_bucket,best,2283,208,9.11,228300,219810,-8490,96.28,1056.78,6.36,75.45,1186.29,20.83,2.75,-129.51,mixed_edge
1-5,target_lane x target_start_exhibition_gap_bucket,5 | best,2283,208,9.11,228300,219810,-8490,96.28,1056.78,6.36,75.45,1186.29,20.83,2.75,-129.51,mixed_edge
1-6,lane1_target_start_gap_pair,<=0.03-<=0.03,635,38,5.98,63500,61020,-2480,96.09,1605.79,3.98,73.03,1832.72,23.06,2.0,-226.93,mixed_edge
1-6,target_lane x lane1_target_start_gap_pair,6 | <=0.03-<=0.03,635,38,5.98,63500,61020,-2480,96.09,1605.79,3.98,73.03,1832.72,23.06,2.0,-226.93,mixed_edge
1-6,lane1_start_exhibition_gap_bucket x target_start_exhibition_gap_bucket,<=0.03 | <=0.03,635,38,5.98,63500,61020,-2480,96.09,1605.79,3.98,73.03,1832.72,23.06,2.0,-226.93,mixed_edge
1-5,lane1_target_group_pair x other_a_count_bucket,B-A | 0,204,25,12.25,20400,19600,-800,96.08,784.0,6.36,75.45,1186.29,20.63,5.89,-402.29,mixed_edge
1-6,other_st_faster_than_target_count_bucket,1,2086,131,6.28,208600,200360,-8240,96.05,1529.47,3.98,73.03,1832.72,23.02,2.3,-303.25,mixed_edge
1-2,lane1_target_exhibition_time_diff_bucket x lane1_target_start_exhibition_st_diff_bucket,lane1_faster_0.10+ | lane1_faster_0.03_0.06,276,61,22.1,27600,26460,-1140,95.87,433.77,19.48,83.11,426.57,12.76,2.62,7.2,mixed_edge
1-2,target_exhibition_st_rank_bucket,3,2485,565,22.74,248500,238200,-10300,95.86,421.59,19.48,83.11,426.57,12.75,3.26,-4.98,mixed_edge
1-2,target_lane x target_exhibition_st_rank_bucket,2 | 3,2485,565,22.74,248500,238200,-10300,95.86,421.59,19.48,83.11,426.57,12.75,3.26,-4.98,mixed_edge
1-6,target_exhibition_st_rank_bucket,3,1729,93,5.38,172900,165670,-7230,95.82,1781.4,3.98,73.03,1832.72,22.79,1.4,-51.32,mixed_edge
1-6,target_lane x target_exhibition_st_rank_bucket,6 | 3,1729,93,5.38,172900,165670,-7230,95.82,1781.4,3.98,73.03,1832.72,22.79,1.4,-51.32,mixed_edge
1-2,other_group_pattern,A-A-B-A,511,96,18.79,51100,48960,-2140,95.81,510.0,19.48,83.11,426.57,12.7,-0.69,83.43,mixed_edge
1-2,lane1_target_start_exhibition_st_diff_bucket,near_equal,5533,1258,22.74,553300,530080,-23220,95.8,421.37,19.48,83.11,426.57,12.69,3.26,-5.2,mixed_edge
1-5,other_group_pattern,B-B-A-A,647,39,6.03,64700,61970,-2730,95.78,1588.97,6.36,75.45,1186.29,20.33,-0.33,402.68,mixed_edge
1-6,lane1_target_start_gap_pair x target_outer_pressure_bucket,>0.06-best | high_other_pressure,688,22,3.2,68800,65850,-2950,95.71,2993.18,3.98,73.03,1832.72,22.68,-0.78,1160.46,mixed_edge
1-6,other_group_pattern,B-B-A-A,500,21,4.2,50000,47820,-2180,95.64,2277.14,3.98,73.03,1832.72,22.61,0.22,444.42,mixed_edge
1-5,lane1_target_start_exhibition_st_diff_bucket,target_faster_0.03_0.06,1460,116,7.95,146000,139510,-6490,95.55,1202.67,6.36,75.45,1186.29,20.1,1.59,16.38,mixed_edge
1-3,lane1_target_exhibition_st_rank_pair,3-1,472,93,19.7,47200,45100,-2100,95.55,484.95,15.46,77.27,499.69,18.28,4.24,-14.74,mixed_edge
1-3,lane1_exhibition_st_rank_bucket x target_exhibition_st_rank_bucket,3 | 1,472,93,19.7,47200,45100,-2100,95.55,484.95,15.46,77.27,499.69,18.28,4.24,-14.74,mixed_edge
1-3,lane1_target_start_gap_pair x target_outer_pressure_bucket,best-<=0.03 | some_other_pressure,235,66,28.09,23500,22440,-1060,95.49,340.0,15.46,77.27,499.69,18.22,12.63,-159.69,mixed_edge
1-4,lane1_target_start_gap_pair,0.04-0.06-best,664,95,14.31,66400,63400,-3000,95.48,667.37,10.48,75.82,723.82,19.66,3.83,-56.45,mixed_edge
1-4,target_lane x lane1_target_start_gap_pair,4 | 0.04-0.06-best,664,95,14.31,66400,63400,-3000,95.48,667.37,10.48,75.82,723.82,19.66,3.83,-56.45,mixed_edge
1-4,lane1_start_exhibition_gap_bucket x target_start_exhibition_gap_bucket,0.04-0.06 | best,664,95,14.31,66400,63400,-3000,95.48,667.37,10.48,75.82,723.82,19.66,3.83,-56.45,mixed_edge
1-2,lane1_target_group_pair x other_a_count_bucket,B-B | 1,801,97,12.11,80100,76430,-3670,95.42,787.94,19.48,83.11,426.57,12.31,-7.37,361.37,mixed_edge
1-6,target_exhibition_st_rank_bucket x other_st_faster_than_target_count_bucket,2 | 1,750,48,6.4,75000,71490,-3510,95.32,1489.38,3.98,73.03,1832.72,22.29,2.42,-343.34,mixed_edge
1-3,other_group_pattern,A-B-B-A,830,117,14.1,83000,79110,-3890,95.31,676.15,15.46,77.27,499.69,18.04,-1.36,176.46,mixed_edge
1-6,lane1_target_start_gap_pair x target_outer_pressure_bucket,>0.06-best | some_other_pressure,116,11,9.48,11600,11050,-550,95.26,1004.55,3.98,73.03,1832.72,22.23,5.5,-828.17,mixed_edge
1-6,target_national_win_rank_bucket x other_national_better_than_target_count_bucket,3 | 1,1131,61,5.39,113100,107730,-5370,95.25,1766.07,3.98,73.03,1832.72,22.22,1.41,-66.65,mixed_edge
1-2,lane1_target_exhibition_time_diff_bucket x lane1_target_start_exhibition_st_diff_bucket,near_equal | lane1_faster_0.03_0.06,1428,330,23.11,142800,135990,-6810,95.23,412.09,19.48,83.11,426.57,12.12,3.63,-14.48,mixed_edge
1-3,lane1_target_national_rank_pair x target_outer_pressure_bucket,2-3 | some_other_pressure,287,75,26.13,28700,27320,-1380,95.19,364.27,15.46,77.27,499.69,17.92,10.67,-135.42,mixed_edge
1-5,lane1_target_start_gap_pair x target_outer_pressure_bucket,<=0.03-<=0.03 | low_other_pressure,33,7,21.21,3300,3140,-160,95.15,448.57,6.36,75.45,1186.29,19.7,14.85,-737.72,mixed_edge
1-4,lane1_target_start_exhibition_st_diff_bucket,lane1_faster_0.03_0.06,2147,281,13.09,214700,204270,-10430,95.14,726.94,10.48,75.82,723.82,19.32,2.61,3.12,mixed_edge
1-5,lane1_boat_rank_bucket,1,2555,187,7.32,255500,242840,-12660,95.05,1298.61,6.36,75.45,1186.29,19.6,0.96,112.32,mixed_edge
1-5,lane1_target_start_gap_pair,0.04-0.06-0.04-0.06,530,41,7.74,53000,50370,-2630,95.04,1228.54,6.36,75.45,1186.29,19.59,1.38,42.25,mixed_edge
1-5,target_lane x lane1_target_start_gap_pair,5 | 0.04-0.06-0.04-0.06,530,41,7.74,53000,50370,-2630,95.04,1228.54,6.36,75.45,1186.29,19.59,1.38,42.25,mixed_edge
1-5,lane1_start_exhibition_gap_bucket x target_start_exhibition_gap_bucket,0.04-0.06 | 0.04-0.06,530,41,7.74,53000,50370,-2630,95.04,1228.54,6.36,75.45,1186.29,19.59,1.38,42.25,mixed_edge
1-4,target_exhibition_st_rank_bucket,2,2114,277,13.1,211400,200470,-10930,94.83,723.72,10.48,75.82,723.82,19.01,2.62,-0.1,mixed_edge
1-4,target_lane x target_exhibition_st_rank_bucket,4 | 2,2114,277,13.1,211400,200470,-10930,94.83,723.72,10.48,75.82,723.82,19.01,2.62,-0.1,mixed_edge
1-4,lane1_target_start_exhibition_st_diff_bucket,near_equal,3715,491,13.22,371500,352030,-19470,94.76,716.97,10.48,75.82,723.82,18.94,2.74,-6.85,mixed_edge
1-6,lane1_target_start_exhibition_st_diff_bucket,near_equal,3107,163,5.25,310700,294060,-16640,94.64,1804.05,3.98,73.03,1832.72,21.61,1.27,-28.67,mixed_edge
1-2,lane1_target_exhibition_time_diff_bucket x lane1_target_start_exhibition_st_diff_bucket,lane1_faster_0.05_0.10 | target_faster_0.03_0.06,321,65,20.25,32100,30340,-1760,94.52,466.77,19.48,83.11,426.57,11.41,0.77,40.2,mixed_edge
1-2,lane1_target_national_rank_pair,1-4+,1981,483,24.38,198100,187080,-11020,94.44,387.33,19.48,83.11,426.57,11.33,4.9,-39.24,mixed_edge
1-2,target_lane x lane1_target_national_rank_pair,2 | 1-4+,1981,483,24.38,198100,187080,-11020,94.44,387.33,19.48,83.11,426.57,11.33,4.9,-39.24,mixed_edge
1-2,lane1_target_national_rank_pair x target_outer_pressure_bucket,1-4+ | high_other_pressure,1981,483,24.38,198100,187080,-11020,94.44,387.33,19.48,83.11,426.57,11.33,4.9,-39.24,mixed_edge
1-6,stadium_code,13,564,31,5.5,56400,53190,-3210,94.31,1715.81,3.98,73.03,1832.72,21.28,1.52,-116.91,mixed_edge
1-6,stadium_code x target_lane,13 | 6,564,31,5.5,56400,53190,-3210,94.31,1715.81,3.98,73.03,1832.72,21.28,1.52,-116.91,mixed_edge
1-3,target_exhibition_st_rank_bucket x other_st_faster_than_target_count_bucket,3 | 0,339,68,20.06,33900,31940,-1960,94.22,469.71,15.46,77.27,499.69,16.95,4.6,-29.98,mixed_edge
1-5,lane1_target_exhibition_time_diff_bucket x lane1_target_start_exhibition_st_diff_bucket,lane1_faster_0.10+ | lane1_faster_0.03_0.06,350,27,7.71,35000,32950,-2050,94.14,1220.37,6.36,75.45,1186.29,18.69,1.35,34.08,mixed_edge
1-4,lane1_target_start_gap_pair x target_outer_pressure_bucket,best-0.04-0.06 | some_other_pressure,192,39,20.31,19200,18070,-1130,94.11,463.33,10.48,75.82,723.82,18.29,9.83,-260.49,mixed_edge
1-3,lane1_target_exhibition_time_diff_bucket x lane1_target_start_exhibition_st_diff_bucket,lane1_faster_0.05_0.10 | near_equal,1080,207,19.17,108000,101630,-6370,94.1,490.97,15.46,77.27,499.69,16.83,3.71,-8.72,mixed_edge
1-3,lane1_target_start_gap_pair x target_outer_pressure_bucket,best-<=0.03 | low_other_pressure,91,28,30.77,9100,8560,-540,94.07,305.71,15.46,77.27,499.69,16.8,15.31,-193.98,mixed_edge
1-5,stadium_code,21,585,54,9.23,58500,55000,-3500,94.02,1018.52,6.36,75.45,1186.29,18.57,2.87,-167.77,mixed_edge
1-5,stadium_code x target_lane,21 | 5,585,54,9.23,58500,55000,-3500,94.02,1018.52,6.36,75.45,1186.29,18.57,2.87,-167.77,mixed_edge
1-4,lane1_target_national_rank_pair x target_outer_pressure_bucket,4+-1 | some_other_pressure,252,41,16.27,25200,23690,-1510,94.01,577.8,10.48,75.82,723.82,18.19,5.79,-146.02,mixed_edge
1-6,lane1_target_national_rank_pair x target_outer_pressure_bucket,2-1 | low_other_pressure,182,28,15.38,18200,17110,-1090,94.01,611.07,3.98,73.03,1832.72,20.98,11.4,-1221.65,mixed_edge
1-6,lane1_target_local_win_diff_bucket,target_plus_0.35_1.00,1429,84,5.88,142900,134320,-8580,94.0,1599.05,3.98,73.03,1832.72,20.97,1.9,-233.67,mixed_edge
1-2,stadium_code,09,408,102,25.0,40800,38290,-2510,93.85,375.39,19.48,83.11,426.57,10.74,5.52,-51.18,mixed_edge
1-2,stadium_code x target_lane,09 | 2,408,102,25.0,40800,38290,-2510,93.85,375.39,19.48,83.11,426.57,10.74,5.52,-51.18,mixed_edge
1-5,lane1_target_group_pair x other_a_count_bucket,A-A | 2,800,88,11.0,80000,75020,-4980,93.78,852.5,6.36,75.45,1186.29,18.33,4.64,-333.79,mixed_edge
1-2,lane1_start_exhibition_gap_bucket,<=0.03,3225,715,22.17,322500,302030,-20470,93.65,422.42,19.48,83.11,426.57,10.54,2.69,-4.15,mixed_edge
1-6,lane1_target_exhibition_st_rank_pair,4+-3,966,37,3.83,96600,90380,-6220,93.56,2442.7,3.98,73.03,1832.72,20.53,-0.15,609.98,mixed_edge
1-6,lane1_exhibition_st_rank_bucket x target_exhibition_st_rank_bucket,4+ | 3,966,37,3.83,96600,90380,-6220,93.56,2442.7,3.98,73.03,1832.72,20.53,-0.15,609.98,mixed_edge
1-6,target_exhibition_rank_bucket x other_exhibition_faster_than_target_count_bucket,2 | 1,930,42,4.52,93000,87000,-6000,93.55,2071.43,3.98,73.03,1832.72,20.52,0.54,238.71,mixed_edge
1-2,other_group_pattern,A-A-A-B,429,81,18.88,42900,40080,-2820,93.43,494.81,19.48,83.11,426.57,10.32,-0.6,68.24,mixed_edge
1-6,lane1_target_group_pair x other_a_count_bucket,A-A | 4,1545,66,4.27,154500,144330,-10170,93.42,2186.82,3.98,73.03,1832.72,20.39,0.29,354.1,mixed_edge
1-2,lane1_target_start_gap_pair x target_outer_pressure_bucket,0.04-0.06-best | some_other_pressure,95,26,27.37,9500,8870,-630,93.37,341.15,19.48,83.11,426.57,10.26,7.89,-85.42,mixed_edge
1-3,stadium_code,04,525,66,12.57,52500,49000,-3500,93.33,742.42,15.46,77.27,499.69,16.06,-2.89,242.73,mixed_edge
1-3,stadium_code x target_lane,04 | 3,525,66,12.57,52500,49000,-3500,93.33,742.42,15.46,77.27,499.69,16.06,-2.89,242.73,mixed_edge
1-6,lane1_target_exhibition_time_diff_bucket x lane1_target_start_exhibition_st_diff_bucket,target_faster_0.10+ | lane1_faster_0.03_0.06,118,5,4.24,11800,10990,-810,93.14,2198.0,3.98,73.03,1832.72,20.11,0.26,365.28,mixed_edge
1-5,lane1_target_start_gap_pair x target_outer_pressure_bucket,0.04-0.06-best | some_other_pressure,79,11,13.92,7900,7350,-550,93.04,668.18,6.36,75.45,1186.29,17.59,7.56,-518.11,mixed_edge
1-3,target_class,B2,416,34,8.17,41600,38700,-2900,93.03,1138.24,15.46,77.27,499.69,15.76,-7.29,638.55,mixed_edge
1-3,lane1_target_exhibition_time_diff_bucket x lane1_target_start_exhibition_st_diff_bucket,target_faster_0.10+ | lane1_faster_0.06+,136,19,13.97,13600,12650,-950,93.01,665.79,15.46,77.27,499.69,15.74,-1.49,166.1,mixed_edge
1-3,lane1_target_start_gap_pair,0.04-0.06-best,620,112,18.06,62000,57660,-4340,93.0,514.82,15.46,77.27,499.69,15.73,2.6,15.13,mixed_edge
1-3,target_lane x lane1_target_start_gap_pair,3 | 0.04-0.06-best,620,112,18.06,62000,57660,-4340,93.0,514.82,15.46,77.27,499.69,15.73,2.6,15.13,mixed_edge
1-3,lane1_start_exhibition_gap_bucket x target_start_exhibition_gap_bucket,0.04-0.06 | best,620,112,18.06,62000,57660,-4340,93.0,514.82,15.46,77.27,499.69,15.73,2.6,15.13,mixed_edge
1-4,stadium_code,04,525,54,10.29,52500,48820,-3680,92.99,904.07,10.48,75.82,723.82,17.17,-0.19,180.25,mixed_edge
1-4,stadium_code x target_lane,04 | 4,525,54,10.29,52500,48820,-3680,92.99,904.07,10.48,75.82,723.82,17.17,-0.19,180.25,mixed_edge
1-2,lane1_target_class_pair,A1-B1,1476,356,24.12,147600,137220,-10380,92.97,385.45,19.48,83.11,426.57,9.86,4.64,-41.12,mixed_edge
1-5,lane1_target_class_pair,A2-A2,764,75,9.82,76400,71020,-5380,92.96,946.93,6.36,75.45,1186.29,17.51,3.46,-239.36,mixed_edge
1-6,lane1_target_start_gap_pair x target_outer_pressure_bucket,best-<=0.03 | high_other_pressure,520,29,5.58,52000,48340,-3660,92.96,1666.9,3.98,73.03,1832.72,19.93,1.6,-165.82,mixed_edge
1-4,lane1_exhibition_st_rank_bucket,1,4603,600,13.03,460300,427730,-32570,92.92,712.88,10.48,75.82,723.82,17.1,2.55,-10.94,mixed_edge
1-4,lane1_start_exhibition_gap_bucket,best,4603,600,13.03,460300,427730,-32570,92.92,712.88,10.48,75.82,723.82,17.1,2.55,-10.94,mixed_edge
1-6,lane1_target_start_gap_pair x target_outer_pressure_bucket,best-0.04-0.06 | some_other_pressure,125,9,7.2,12500,11610,-890,92.88,1290.0,3.98,73.03,1832.72,19.85,3.22,-542.72,mixed_edge
1-3,target_exhibition_st_rank_bucket,3,3184,566,17.78,318400,295260,-23140,92.73,521.66,15.46,77.27,499.69,15.46,2.32,21.97,mixed_edge
1-3,target_lane x target_exhibition_st_rank_bucket,3 | 3,3184,566,17.78,318400,295260,-23140,92.73,521.66,15.46,77.27,499.69,15.46,2.32,21.97,mixed_edge
1-2,lane1_target_exhibition_st_rank_pair,1-4+,1415,301,21.27,141500,131200,-10300,92.72,435.88,19.48,83.11,426.57,9.61,1.79,9.31,mixed_edge
1-2,lane1_exhibition_st_rank_bucket x target_exhibition_st_rank_bucket,1 | 4+,1415,301,21.27,141500,131200,-10300,92.72,435.88,19.48,83.11,426.57,9.61,1.79,9.31,mixed_edge
1-6,lane1_target_class_pair,A2-A1,657,71,10.81,65700,60920,-4780,92.72,858.03,3.98,73.03,1832.72,19.69,6.83,-974.69,mixed_edge
1-5,lane1_target_exhibition_time_diff_bucket x lane1_target_start_exhibition_st_diff_bucket,near_equal | lane1_faster_0.03_0.06,961,82,8.53,96100,89060,-7040,92.67,1086.1,6.36,75.45,1186.29,17.22,2.17,-100.19,mixed_edge
1-5,other_st_faster_than_target_count_bucket,0,3065,280,9.14,306500,283790,-22710,92.59,1013.54,6.36,75.45,1186.29,17.14,2.78,-172.75,mixed_edge
1-6,lane1_target_start_gap_pair,>0.06-best,890,43,4.83,89000,82390,-6610,92.57,1916.05,3.98,73.03,1832.72,19.54,0.85,83.33,mixed_edge
1-6,target_lane x lane1_target_start_gap_pair,6 | >0.06-best,890,43,4.83,89000,82390,-6610,92.57,1916.05,3.98,73.03,1832.72,19.54,0.85,83.33,mixed_edge
1-6,lane1_start_exhibition_gap_bucket x target_start_exhibition_gap_bucket,>0.06 | best,890,43,4.83,89000,82390,-6610,92.57,1916.05,3.98,73.03,1832.72,19.54,0.85,83.33,mixed_edge
1-2,lane1_target_national_rank_pair,2-1,525,192,36.57,52500,48600,-3900,92.57,253.12,19.48,83.11,426.57,9.46,17.09,-173.45,mixed_edge
1-2,target_lane x lane1_target_national_rank_pair,2 | 2-1,525,192,36.57,52500,48600,-3900,92.57,253.12,19.48,83.11,426.57,9.46,17.09,-173.45,mixed_edge
1-2,lane1_target_start_exhibition_st_diff_bucket,lane1_faster_0.03_0.06,2790,630,22.58,279000,258060,-20940,92.49,409.62,19.48,83.11,426.57,9.38,3.1,-16.95,mixed_edge
1-6,lane1_target_exhibition_time_diff_bucket x lane1_target_start_exhibition_st_diff_bucket,target_faster_0.05_0.10 | lane1_faster_0.06+,544,19,3.49,54400,50290,-4110,92.44,2646.84,3.98,73.03,1832.72,19.41,-0.49,814.12,mixed_edge
1-4,target_exhibition_st_rank_bucket x other_st_faster_than_target_count_bucket,3 | 1,1251,180,14.39,125100,115540,-9560,92.36,641.89,10.48,75.82,723.82,16.54,3.91,-81.93,mixed_edge
1-2,lane1_target_group_pair x target_outer_pressure_bucket,B-A | some_other_pressure,658,114,17.33,65800,60730,-5070,92.29,532.72,19.48,83.11,426.57,9.18,-2.15,106.15,mixed_edge
1-3,other_group_pattern,B-A-A-B,593,87,14.67,59300,54690,-4610,92.23,628.62,15.46,77.27,499.69,14.96,-0.79,128.93,mixed_edge
1-4,other_group_pattern,B-A-A-B,732,69,9.43,73200,67440,-5760,92.13,977.39,10.48,75.82,723.82,16.31,-1.05,253.57,mixed_edge
1-2,target_exhibition_st_rank_bucket,1,1847,401,21.71,184700,170090,-14610,92.09,424.16,19.48,83.11,426.57,8.98,2.23,-2.41,mixed_edge
1-2,target_lane x target_exhibition_st_rank_bucket,2 | 1,1847,401,21.71,184700,170090,-14610,92.09,424.16,19.48,83.11,426.57,8.98,2.23,-2.41,mixed_edge
1-2,target_exhibition_st_rank_bucket x other_st_faster_than_target_count_bucket,1 | 0,1847,401,21.71,184700,170090,-14610,92.09,424.16,19.48,83.11,426.57,8.98,2.23,-2.41,mixed_edge
1-2,lane1_motor_rank_bucket,3,2255,461,20.44,225500,207340,-18160,91.95,449.76,19.48,83.11,426.57,8.84,0.96,23.19,mixed_edge
1-6,other_a_count_bucket,4,1756,71,4.04,175600,161460,-14140,91.95,2274.08,3.98,73.03,1832.72,18.92,0.06,441.36,mixed_edge
1-6,other_group_pattern,A-A-A-A,1756,71,4.04,175600,161460,-14140,91.95,2274.08,3.98,73.03,1832.72,18.92,0.06,441.36,mixed_edge
1-6,target_lane x other_a_count_bucket,6 | 4,1756,71,4.04,175600,161460,-14140,91.95,2274.08,3.98,73.03,1832.72,18.92,0.06,441.36,mixed_edge
1-2,lane1_target_start_gap_pair x target_outer_pressure_bucket,0.04-0.06-best | high_other_pressure,293,61,20.82,29300,26940,-2360,91.95,441.64,19.48,83.11,426.57,8.84,1.34,15.07,mixed_edge
1-2,target_exhibition_rank_bucket x other_exhibition_faster_than_target_count_bucket,2 | 0,1252,351,28.04,125200,115090,-10110,91.92,327.89,19.48,83.11,426.57,8.81,8.56,-98.68,mixed_edge
1-3,lane1_target_national_rank_pair x target_outer_pressure_bucket,2-1 | high_other_pressure,299,98,32.78,29900,27480,-2420,91.91,280.41,15.46,77.27,499.69,14.64,17.32,-219.28,mixed_edge
1-5,other_st_faster_than_target_count_bucket,1,2849,208,7.3,284900,261830,-23070,91.9,1258.8,6.36,75.45,1186.29,16.45,0.94,72.51,mixed_edge
1-6,stadium_code,08,620,28,4.52,62000,56900,-5100,91.77,2032.14,3.98,73.03,1832.72,18.74,0.54,199.42,mixed_edge
1-6,stadium_code x target_lane,08 | 6,620,28,4.52,62000,56900,-5100,91.77,2032.14,3.98,73.03,1832.72,18.74,0.54,199.42,mixed_edge
1-2,lane1_target_national_rank_pair x target_outer_pressure_bucket,4+-2 | some_other_pressure,621,106,17.07,62100,56970,-5130,91.74,537.45,19.48,83.11,426.57,8.63,-2.41,110.88,mixed_edge
1-5,lane1_target_national_rank_pair x target_outer_pressure_bucket,3-1 | low_other_pressure,127,20,15.75,12700,11640,-1060,91.65,582.0,6.36,75.45,1186.29,16.2,9.39,-604.29,mixed_edge
1-4,lane1_target_class_pair,B1-B1,3026,194,6.41,302600,277070,-25530,91.56,1428.2,10.48,75.82,723.82,15.74,-4.07,704.38,mixed_edge
1-6,lane1_start_exhibition_gap_bucket,0.04-0.06,2440,115,4.71,244000,223350,-20650,91.54,1942.17,3.98,73.03,1832.72,18.51,0.73,109.45,mixed_edge
1-6,lane1_target_start_gap_pair x target_outer_pressure_bucket,>0.06-0.04-0.06 | high_other_pressure,505,19,3.76,50500,46200,-4300,91.49,2431.58,3.98,73.03,1832.72,18.46,-0.22,598.86,mixed_edge
1-5,lane1_target_exhibition_time_diff_bucket x lane1_target_start_exhibition_st_diff_bucket,lane1_faster_0.10+ | near_equal,523,38,7.27,52300,47840,-4460,91.47,1258.95,6.36,75.45,1186.29,16.02,0.91,72.66,mixed_edge
1-5,other_b2_count_bucket,2,263,26,9.89,26300,24040,-2260,91.41,924.62,6.36,75.45,1186.29,15.96,3.53,-261.67,mixed_edge
1-2,stadium_code,19,540,122,22.59,54000,49310,-4690,91.31,404.18,19.48,83.11,426.57,8.2,3.11,-22.39,mixed_edge
1-2,stadium_code x target_lane,19 | 2,540,122,22.59,54000,49310,-4690,91.31,404.18,19.48,83.11,426.57,8.2,3.11,-22.39,mixed_edge
1-5,lane1_target_start_gap_pair x target_outer_pressure_bucket,>0.06-best | high_other_pressure,711,47,6.61,71100,64910,-6190,91.29,1381.06,6.36,75.45,1186.29,15.84,0.25,194.77,mixed_edge
1-3,lane1_target_start_exhibition_st_diff_bucket,lane1_faster_0.03_0.06,2459,451,18.34,245900,224270,-21630,91.2,497.27,15.46,77.27,499.69,13.93,2.88,-2.42,mixed_edge
1-6,other_exhibition_faster_than_target_count_bucket,0,3329,180,5.41,332900,303510,-29390,91.17,1686.17,3.98,73.03,1832.72,18.14,1.43,-146.55,mixed_edge
1-4,lane1_target_boat_place_diff_bucket,target_plus_10+,1612,167,10.36,161200,146920,-14280,91.14,879.76,10.48,75.82,723.82,15.32,-0.12,155.94,mixed_edge
1-2,stadium_code,01,534,96,17.98,53400,48670,-4730,91.14,506.98,19.48,83.11,426.57,8.03,-1.5,80.41,mixed_edge
1-2,stadium_code x target_lane,01 | 2,534,96,17.98,53400,48670,-4730,91.14,506.98,19.48,83.11,426.57,8.03,-1.5,80.41,mixed_edge
1-6,lane1_target_group_pair x target_outer_pressure_bucket,B-A | some_other_pressure,526,43,8.17,52600,47930,-4670,91.12,1114.65,3.98,73.03,1832.72,18.09,4.19,-718.07,mixed_edge
1-6,target_national_win_rank_bucket,2,1920,115,5.99,192000,174780,-17220,91.03,1519.83,3.98,73.03,1832.72,18.0,2.01,-312.89,mixed_edge
1-5,lane1_target_national_rank_pair x target_outer_pressure_bucket,3-1 | high_other_pressure,227,33,14.54,22700,20650,-2050,90.97,625.76,6.36,75.45,1186.29,15.52,8.18,-560.53,mixed_edge
1-3,lane1_target_class_pair,A1-B2,72,7,9.72,7200,6540,-660,90.83,934.29,15.46,77.27,499.69,13.56,-5.74,434.6,mixed_edge
1-4,lane1_target_national_win_diff_bucket,target_plus_0.35_1.00,1900,245,12.89,190000,172550,-17450,90.82,704.29,10.48,75.82,723.82,15.0,2.41,-19.53,mixed_edge
1-3,lane1_target_group_pair x other_a_count_bucket,B-B | 3,609,35,5.75,60900,55310,-5590,90.82,1580.29,15.46,77.27,499.69,13.55,-9.71,1080.6,mixed_edge
1-4,lane1_start_exhibition_gap_bucket,<=0.03,3225,396,12.28,322500,292870,-29630,90.81,739.57,10.48,75.82,723.82,14.99,1.8,15.75,mixed_edge
1-5,lane1_target_start_gap_pair,>0.06-best,937,71,7.58,93700,85070,-8630,90.79,1198.17,6.36,75.45,1186.29,15.34,1.22,11.88,mixed_edge
1-5,target_lane x lane1_target_start_gap_pair,5 | >0.06-best,937,71,7.58,93700,85070,-8630,90.79,1198.17,6.36,75.45,1186.29,15.34,1.22,11.88,mixed_edge
1-5,lane1_start_exhibition_gap_bucket x target_start_exhibition_gap_bucket,>0.06 | best,937,71,7.58,93700,85070,-8630,90.79,1198.17,6.36,75.45,1186.29,15.34,1.22,11.88,mixed_edge
1-6,lane1_target_exhibition_st_rank_pair,2-1,326,20,6.13,32600,29580,-3020,90.74,1479.0,3.98,73.03,1832.72,17.71,2.15,-353.72,mixed_edge
1-6,lane1_exhibition_st_rank_bucket x target_exhibition_st_rank_bucket,2 | 1,326,20,6.13,32600,29580,-3020,90.74,1479.0,3.98,73.03,1832.72,17.71,2.15,-353.72,mixed_edge
1-5,target_exhibition_rank_bucket x other_exhibition_faster_than_target_count_bucket,4+ | 1,482,40,8.3,48200,43730,-4470,90.73,1093.25,6.36,75.45,1186.29,15.28,1.94,-93.04,mixed_edge
1-3,lane1_target_exhibition_time_diff_bucket x lane1_target_start_exhibition_st_diff_bucket,near_equal | lane1_faster_0.03_0.06,1228,222,18.08,122800,111370,-11430,90.69,501.67,15.46,77.27,499.69,13.42,2.62,1.98,mixed_edge
1-2,target_exhibition_rank_bucket x other_exhibition_faster_than_target_count_bucket,3 | 1,1684,361,21.44,168400,152690,-15710,90.67,422.96,19.48,83.11,426.57,7.56,1.96,-3.61,mixed_edge
1-2,lane1_target_start_gap_pair x target_outer_pressure_bucket,<=0.03-<=0.03 | some_other_pressure,151,40,26.49,15100,13690,-1410,90.66,342.25,19.48,83.11,426.57,7.55,7.01,-84.32,mixed_edge
1-3,lane1_target_start_gap_pair,<=0.03-<=0.03,968,180,18.6,96800,87680,-9120,90.58,487.11,15.46,77.27,499.69,13.31,3.14,-12.58,mixed_edge
1-3,target_lane x lane1_target_start_gap_pair,3 | <=0.03-<=0.03,968,180,18.6,96800,87680,-9120,90.58,487.11,15.46,77.27,499.69,13.31,3.14,-12.58,mixed_edge
1-3,lane1_start_exhibition_gap_bucket x target_start_exhibition_gap_bucket,<=0.03 | <=0.03,968,180,18.6,96800,87680,-9120,90.58,487.11,15.46,77.27,499.69,13.31,3.14,-12.58,mixed_edge
1-4,lane1_exhibition_st_rank_bucket,2,2367,284,12.0,236700,214160,-22540,90.48,754.08,10.48,75.82,723.82,14.66,1.52,30.26,mixed_edge
1-3,lane1_target_exhibition_time_diff_bucket x lane1_target_start_exhibition_st_diff_bucket,near_equal | lane1_faster_0.06+,1268,214,16.88,126800,114700,-12100,90.46,535.98,15.46,77.27,499.69,13.19,1.42,36.29,mixed_edge
1-2,target_class_group x target_outer_pressure_bucket,B | some_other_pressure,634,156,24.61,63400,57350,-6050,90.46,367.63,19.48,83.11,426.57,7.35,5.13,-58.94,mixed_edge
1-5,lane1_target_start_exhibition_st_diff_bucket,lane1_faster_0.03_0.06,2094,172,8.21,209400,189360,-20040,90.43,1100.93,6.36,75.45,1186.29,14.98,1.85,-85.36,mixed_edge
1-6,lane1_target_national_rank_pair,2-1,609,86,14.12,60900,55050,-5850,90.39,640.12,3.98,73.03,1832.72,17.36,10.14,-1192.6,mixed_edge
1-6,target_lane x lane1_target_national_rank_pair,6 | 2-1,609,86,14.12,60900,55050,-5850,90.39,640.12,3.98,73.03,1832.72,17.36,10.14,-1192.6,mixed_edge
1-2,lane1_target_national_rank_pair x target_outer_pressure_bucket,3-2 | some_other_pressure,278,78,28.06,27800,25110,-2690,90.32,321.92,19.48,83.11,426.57,7.21,8.58,-104.65,mixed_edge
1-6,lane1_target_group_pair x target_outer_pressure_bucket,B-A | low_other_pressure,346,34,9.83,34600,31230,-3370,90.26,918.53,3.98,73.03,1832.72,17.23,5.85,-914.19,mixed_edge
1-6,target_class_group x target_outer_pressure_bucket,A | some_other_pressure,1316,105,7.98,131600,118580,-13020,90.11,1129.33,3.98,73.03,1832.72,17.08,4.0,-703.39,mixed_edge
1-5,stadium_code,04,525,35,6.67,52500,47290,-5210,90.08,1351.14,6.36,75.45,1186.29,14.63,0.31,164.85,mixed_edge
1-5,stadium_code x target_lane,04 | 5,525,35,6.67,52500,47290,-5210,90.08,1351.14,6.36,75.45,1186.29,14.63,0.31,164.85,mixed_edge
1-6,lane1_target_motor_place_diff_bucket,lane1_plus_4_10,2369,98,4.14,236900,213330,-23570,90.05,2176.84,3.98,73.03,1832.72,17.02,0.16,344.12,mixed_edge
1-2,lane1_national_win_rank_bucket,1,3503,984,28.09,350300,315310,-34990,90.01,320.44,19.48,83.11,426.57,6.9,8.61,-106.13,mixed_edge
1-3,lane1_target_start_gap_pair x target_outer_pressure_bucket,<=0.03-<=0.03 | high_other_pressure,778,125,16.07,77800,70010,-7790,89.99,560.08,15.46,77.27,499.69,12.72,0.61,60.39,mixed_edge
1-4,lane1_target_national_rank_pair,4+-1,981,139,14.17,98100,88270,-9830,89.98,635.04,10.48,75.82,723.82,14.16,3.69,-88.78,mixed_edge
1-4,target_lane x lane1_target_national_rank_pair,4 | 4+-1,981,139,14.17,98100,88270,-9830,89.98,635.04,10.48,75.82,723.82,14.16,3.69,-88.78,mixed_edge
1-2,target_motor_rank_bucket,2,2603,536,20.59,260300,233910,-26390,89.86,436.4,19.48,83.11,426.57,6.75,1.11,9.83,mixed_edge
1-2,lane1_target_class_pair,B2-A2,61,9,14.75,6100,5480,-620,89.84,608.89,19.48,83.11,426.57,6.73,-4.73,182.32,mixed_edge
1-4,lane1_target_group_pair x other_a_count_bucket,B-A | 2,850,91,10.71,85000,76310,-8690,89.78,838.57,10.48,75.82,723.82,13.96,0.23,114.75,mixed_edge
1-6,target_local_win_rank_bucket,1,2167,190,8.77,216700,194440,-22260,89.73,1023.37,3.98,73.03,1832.72,16.7,4.79,-809.35,mixed_edge
1-5,lane1_target_exhibition_st_rank_pair,4+-1,1088,92,8.46,108800,97600,-11200,89.71,1060.87,6.36,75.45,1186.29,14.26,2.1,-125.42,mixed_edge
1-5,lane1_exhibition_st_rank_bucket x target_exhibition_st_rank_bucket,4+ | 1,1088,92,8.46,108800,97600,-11200,89.71,1060.87,6.36,75.45,1186.29,14.26,2.1,-125.42,mixed_edge
1-2,lane1_target_national_rank_pair x target_outer_pressure_bucket,2-1 | low_other_pressure,175,64,36.57,17500,15700,-1800,89.71,245.31,19.48,83.11,426.57,6.6,17.09,-181.26,mixed_edge
1-2,lane1_target_start_gap_pair,0.04-0.06-<=0.03,543,103,18.97,54300,48690,-5610,89.67,472.72,19.48,83.11,426.57,6.56,-0.51,46.15,mixed_edge
1-2,target_lane x lane1_target_start_gap_pair,2 | 0.04-0.06-<=0.03,543,103,18.97,54300,48690,-5610,89.67,472.72,19.48,83.11,426.57,6.56,-0.51,46.15,mixed_edge
1-2,lane1_start_exhibition_gap_bucket x target_start_exhibition_gap_bucket,0.04-0.06 | <=0.03,543,103,18.97,54300,48690,-5610,89.67,472.72,19.48,83.11,426.57,6.56,-0.51,46.15,mixed_edge
1-3,lane1_start_exhibition_gap_bucket,<=0.03,3225,570,17.67,322500,289110,-33390,89.65,507.21,15.46,77.27,499.69,12.38,2.21,7.52,mixed_edge
1-3,lane1_target_start_gap_pair x target_outer_pressure_bucket,<=0.03-best | low_other_pressure,80,22,27.5,8000,7170,-830,89.62,325.91,15.46,77.27,499.69,12.35,12.04,-173.78,mixed_edge
1-5,lane1_target_start_exhibition_st_diff_bucket,near_equal,3513,267,7.6,351300,314800,-36500,89.61,1179.03,6.36,75.45,1186.29,14.16,1.24,-7.26,mixed_edge
1-6,lane1_target_start_gap_pair,best-0.04-0.06,917,51,5.56,91700,82160,-9540,89.6,1610.98,3.98,73.03,1832.72,16.57,1.58,-221.74,mixed_edge
1-6,target_lane x lane1_target_start_gap_pair,6 | best-0.04-0.06,917,51,5.56,91700,82160,-9540,89.6,1610.98,3.98,73.03,1832.72,16.57,1.58,-221.74,mixed_edge
1-6,lane1_start_exhibition_gap_bucket x target_start_exhibition_gap_bucket,best | 0.04-0.06,917,51,5.56,91700,82160,-9540,89.6,1610.98,3.98,73.03,1832.72,16.57,1.58,-221.74,mixed_edge
1-2,lane1_target_start_gap_pair x target_outer_pressure_bucket,<=0.03-<=0.03 | low_other_pressure,73,24,32.88,7300,6540,-760,89.59,272.5,19.48,83.11,426.57,6.48,13.4,-154.07,mixed_edge
1-2,lane1_target_start_gap_pair x target_outer_pressure_bucket,0.04-0.06-<=0.03 | some_other_pressure,81,20,24.69,8100,7250,-850,89.51,362.5,19.48,83.11,426.57,6.4,5.21,-64.07,mixed_edge
1-3,lane1_target_national_rank_pair,4+-4+,1897,155,8.17,189700,169770,-19930,89.49,1095.29,15.46,77.27,499.69,12.22,-7.29,595.6,mixed_edge
1-3,target_lane x lane1_target_national_rank_pair,3 | 4+-4+,1897,155,8.17,189700,169770,-19930,89.49,1095.29,15.46,77.27,499.69,12.22,-7.29,595.6,mixed_edge
1-3,lane1_target_national_rank_pair x target_outer_pressure_bucket,4+-4+ | high_other_pressure,1897,155,8.17,189700,169770,-19930,89.49,1095.29,15.46,77.27,499.69,12.22,-7.29,595.6,mixed_edge
1-6,lane1_target_group_pair x target_outer_pressure_bucket,A-A | some_other_pressure,790,62,7.85,79000,70650,-8350,89.43,1139.52,3.98,73.03,1832.72,16.4,3.87,-693.2,mixed_edge
1-4,stadium_code,15,637,79,12.4,63700,56970,-6730,89.43,721.14,10.48,75.82,723.82,13.61,1.92,-2.68,mixed_edge
1-4,stadium_code x target_lane,15 | 4,637,79,12.4,63700,56970,-6730,89.43,721.14,10.48,75.82,723.82,13.61,1.92,-2.68,mixed_edge
1-4,lane1_target_start_gap_pair,best-best,226,32,14.16,22600,20210,-2390,89.42,631.56,10.48,75.82,723.82,13.6,3.68,-92.26,mixed_edge
1-4,target_lane x lane1_target_start_gap_pair,4 | best-best,226,32,14.16,22600,20210,-2390,89.42,631.56,10.48,75.82,723.82,13.6,3.68,-92.26,mixed_edge
1-4,lane1_start_exhibition_gap_bucket x target_start_exhibition_gap_bucket,best | best,226,32,14.16,22600,20210,-2390,89.42,631.56,10.48,75.82,723.82,13.6,3.68,-92.26,mixed_edge
1-2,target_exhibition_rank_bucket,3,2541,501,19.72,254100,227100,-27000,89.37,453.29,19.48,83.11,426.57,6.26,0.24,26.72,mixed_edge
1-6,target_exhibition_st_rank_bucket x other_st_faster_than_target_count_bucket,3 | 1,880,54,6.14,88000,78580,-9420,89.3,1455.19,3.98,73.03,1832.72,16.27,2.16,-377.53,mixed_edge
1-3,lane1_target_start_gap_pair x target_outer_pressure_bucket,best-best | high_other_pressure,253,47,18.58,25300,22590,-2710,89.29,480.64,15.46,77.27,499.69,12.02,3.12,-19.05,mixed_edge
1-6,lane1_target_group_pair x other_a_count_bucket,B-B | 0,621,21,3.38,62100,55410,-6690,89.23,2638.57,3.98,73.03,1832.72,16.2,-0.6,805.85,mixed_edge
1-5,lane1_exhibition_st_rank_bucket,3,1969,136,6.91,196900,175640,-21260,89.2,1291.47,6.36,75.45,1186.29,13.75,0.55,105.18,mixed_edge
1-2,lane1_target_exhibition_time_diff_bucket,target_faster_0.10+,765,139,18.17,76500,68220,-8280,89.18,490.79,19.48,83.11,426.57,6.07,-1.31,64.22,mixed_edge
1-3,lane1_target_start_gap_pair,best-best,340,71,20.88,34000,30310,-3690,89.15,426.9,15.46,77.27,499.69,11.88,5.42,-72.79,mixed_edge
1-3,target_lane x lane1_target_start_gap_pair,3 | best-best,340,71,20.88,34000,30310,-3690,89.15,426.9,15.46,77.27,499.69,11.88,5.42,-72.79,mixed_edge
1-3,lane1_start_exhibition_gap_bucket x target_start_exhibition_gap_bucket,best | best,340,71,20.88,34000,30310,-3690,89.15,426.9,15.46,77.27,499.69,11.88,5.42,-72.79,mixed_edge
1-3,lane1_target_exhibition_time_diff_bucket,lane1_faster_0.05_0.10,2872,507,17.65,287200,256000,-31200,89.14,504.93,15.46,77.27,499.69,11.87,2.19,5.24,mixed_edge
1-5,target_local_win_rank_bucket,2,1988,179,9.0,198800,177220,-21580,89.14,990.06,6.36,75.45,1186.29,13.69,2.64,-196.23,mixed_edge
1-3,lane1_target_exhibition_time_diff_bucket x lane1_target_start_exhibition_st_diff_bucket,target_faster_0.05_0.10 | target_faster_0.03_0.06,185,30,16.22,18500,16490,-2010,89.14,549.67,15.46,77.27,499.69,11.87,0.76,49.98,mixed_edge
1-4,other_national_better_than_target_count_bucket,3,2829,211,7.46,282900,251880,-31020,89.03,1193.74,10.48,75.82,723.82,13.21,-3.02,469.92,mixed_edge
1-4,target_national_win_rank_bucket x other_national_better_than_target_count_bucket,4+ | 3,2829,211,7.46,282900,251880,-31020,89.03,1193.74,10.48,75.82,723.82,13.21,-3.02,469.92,mixed_edge
1-3,stadium_code,06,618,105,16.99,61800,55010,-6790,89.01,523.9,15.46,77.27,499.69,11.74,1.53,24.21,mixed_edge
1-3,stadium_code x target_lane,06 | 3,618,105,16.99,61800,55010,-6790,89.01,523.9,15.46,77.27,499.69,11.74,1.53,24.21,mixed_edge
1-2,lane1_exhibition_st_rank_bucket,2,2367,510,21.55,236700,210640,-26060,88.99,413.02,19.48,83.11,426.57,5.88,2.07,-13.55,mixed_edge
1-2,lane1_target_motor_place_diff_bucket,lane1_plus_4_10,2432,488,20.07,243200,216410,-26790,88.98,443.46,19.48,83.11,426.57,5.87,0.59,16.89,mixed_edge
1-2,lane1_target_national_rank_pair,4+-2,1164,185,15.89,116400,103570,-12830,88.98,559.84,19.48,83.11,426.57,5.87,-3.59,133.27,mixed_edge
1-2,target_lane x lane1_target_national_rank_pair,2 | 4+-2,1164,185,15.89,116400,103570,-12830,88.98,559.84,19.48,83.11,426.57,5.87,-3.59,133.27,mixed_edge
1-5,lane1_target_start_gap_pair x target_outer_pressure_bucket,<=0.03-<=0.03 | some_other_pressure,98,13,13.27,9800,8720,-1080,88.98,670.77,6.36,75.45,1186.29,13.53,6.91,-515.52,mixed_edge
1-3,other_st_faster_than_target_count_bucket,1,3528,620,17.57,352800,313890,-38910,88.97,506.27,15.46,77.27,499.69,11.7,2.11,6.58,mixed_edge
1-6,lane1_target_class_pair,A2-A2,901,46,5.11,90100,80100,-10000,88.9,1741.3,3.98,73.03,1832.72,15.87,1.13,-91.42,mixed_edge
1-6,lane1_target_national_rank_pair x target_outer_pressure_bucket,1-3 | some_other_pressure,251,14,5.58,25100,22310,-2790,88.88,1593.57,3.98,73.03,1832.72,15.85,1.6,-239.15,mixed_edge
1-6,lane1_target_group_pair x other_a_count_bucket,A-A | 1,1036,93,8.98,103600,92060,-11540,88.86,989.89,3.98,73.03,1832.72,15.83,5.0,-842.83,mixed_edge
1-4,lane1_target_national_rank_pair x target_outer_pressure_bucket,2-1 | some_other_pressure,155,42,27.1,15500,13750,-1750,88.71,327.38,10.48,75.82,723.82,12.89,16.62,-396.44,mixed_edge
1-3,lane1_target_class_pair,A2-B1,2323,352,15.15,232300,205960,-26340,88.66,585.11,15.46,77.27,499.69,11.39,-0.31,85.42,mixed_edge
1-2,target_class,B2,377,50,13.26,37700,33380,-4320,88.54,667.6,19.48,83.11,426.57,5.43,-6.22,241.03,mixed_edge
1-3,lane1_target_exhibition_st_rank_pair,1-4+,1806,319,17.66,180600,159880,-20720,88.53,501.19,15.46,77.27,499.69,11.26,2.2,1.5,mixed_edge
1-3,lane1_exhibition_st_rank_bucket x target_exhibition_st_rank_bucket,1 | 4+,1806,319,17.66,180600,159880,-20720,88.53,501.19,15.46,77.27,499.69,11.26,2.2,1.5,mixed_edge
1-2,lane1_target_local_win_diff_bucket,target_plus_1.00+,3297,591,17.93,329700,291670,-38030,88.47,493.52,19.48,83.11,426.57,5.36,-1.55,66.95,mixed_edge
1-6,lane1_target_local_win_diff_bucket,lane1_plus_0.35_1.00,1682,70,4.16,168200,148780,-19420,88.45,2125.43,3.98,73.03,1832.72,15.42,0.18,292.71,mixed_edge
1-3,lane1_target_national_rank_pair,2-3,613,138,22.51,61300,54200,-7100,88.42,392.75,15.46,77.27,499.69,11.15,7.05,-106.94,mixed_edge
1-3,target_lane x lane1_target_national_rank_pair,3 | 2-3,613,138,22.51,61300,54200,-7100,88.42,392.75,15.46,77.27,499.69,11.15,7.05,-106.94,mixed_edge
1-2,lane1_target_national_rank_pair x target_outer_pressure_bucket,1-2 | low_other_pressure,240,100,41.67,24000,21220,-2780,88.42,212.2,19.48,83.11,426.57,5.31,22.19,-214.37,mixed_edge
1-2,target_start_exhibition_gap_bucket,0.04-0.06,3392,705,20.78,339200,299260,-39940,88.23,424.48,19.48,83.11,426.57,5.12,1.3,-2.09,mixed_edge
1-2,target_lane x target_start_exhibition_gap_bucket,2 | 0.04-0.06,3392,705,20.78,339200,299260,-39940,88.23,424.48,19.48,83.11,426.57,5.12,1.3,-2.09,mixed_edge
1-5,target_start_exhibition_gap_bucket,0.04-0.06,3043,218,7.16,304300,268480,-35820,88.23,1231.56,6.36,75.45,1186.29,12.78,0.8,45.27,mixed_edge
1-5,target_lane x target_start_exhibition_gap_bucket,5 | 0.04-0.06,3043,218,7.16,304300,268480,-35820,88.23,1231.56,6.36,75.45,1186.29,12.78,0.8,45.27,mixed_edge
1-2,lane1_target_exhibition_time_diff_bucket x lane1_target_start_exhibition_st_diff_bucket,lane1_faster_0.05_0.10 | lane1_faster_0.03_0.06,603,141,23.38,60300,53190,-7110,88.21,377.23,19.48,83.11,426.57,5.1,3.9,-49.34,mixed_edge
1-6,lane1_target_national_win_diff_bucket,near_equal,2489,125,5.02,248900,219520,-29380,88.2,1756.16,3.98,73.03,1832.72,15.17,1.04,-76.56,mixed_edge
1-3,lane1_target_national_rank_pair,3-4+,1341,162,12.08,134100,118260,-15840,88.19,730.0,15.46,77.27,499.69,10.92,-3.38,230.31,mixed_edge
1-3,target_lane x lane1_target_national_rank_pair,3 | 3-4+,1341,162,12.08,134100,118260,-15840,88.19,730.0,15.46,77.27,499.69,10.92,-3.38,230.31,mixed_edge
1-3,lane1_target_national_rank_pair x target_outer_pressure_bucket,3-4+ | high_other_pressure,1341,162,12.08,134100,118260,-15840,88.19,730.0,15.46,77.27,499.69,10.92,-3.38,230.31,mixed_edge
1-2,target_exhibition_rank_bucket,1,2464,529,21.47,246400,217280,-29120,88.18,410.74,19.48,83.11,426.57,5.07,1.99,-15.83,mixed_edge
1-2,target_exhibition_rank_bucket x other_exhibition_faster_than_target_count_bucket,1 | 0,2464,529,21.47,246400,217280,-29120,88.18,410.74,19.48,83.11,426.57,5.07,1.99,-15.83,mixed_edge
1-6,lane1_target_exhibition_time_diff_bucket x lane1_target_start_exhibition_st_diff_bucket,near_equal | target_faster_0.06+,949,40,4.21,94900,83670,-11230,88.17,2091.75,3.98,73.03,1832.72,15.14,0.23,259.03,mixed_edge
1-5,lane1_target_national_rank_pair x target_outer_pressure_bucket,3-2 | some_other_pressure,186,22,11.83,18600,16400,-2200,88.17,745.45,6.36,75.45,1186.29,12.72,5.47,-440.84,mixed_edge
1-3,grade_group,SG,60,14,23.33,6000,5290,-710,88.17,377.86,15.46,77.27,499.69,10.9,7.87,-121.83,mixed_edge
1-5,lane1_local_win_rank_bucket,1,3166,281,8.88,316600,279080,-37520,88.15,993.17,6.36,75.45,1186.29,12.7,2.52,-193.12,mixed_edge
1-4,other_group_pattern,A-A-B-B,660,47,7.12,66000,58180,-7820,88.15,1237.87,10.48,75.82,723.82,12.33,-3.36,514.05,mixed_edge
1-5,target_local_win_rank_bucket,3,2137,143,6.69,213700,188270,-25430,88.1,1316.57,6.36,75.45,1186.29,12.65,0.33,130.28,mixed_edge
1-2,lane1_target_exhibition_time_diff_bucket x lane1_target_start_exhibition_st_diff_bucket,target_faster_0.05_0.10 | lane1_faster_0.03_0.06,345,70,20.29,34500,30390,-4110,88.09,434.14,19.48,83.11,426.57,4.98,0.81,7.57,mixed_edge
1-4,lane1_target_group_pair x other_a_count_bucket,A-A | 3,475,73,15.37,47500,41790,-5710,87.98,572.47,10.48,75.82,723.82,12.16,4.89,-151.35,mixed_edge
1-2,lane1_target_start_gap_pair,0.04-0.06-best,432,96,22.22,43200,37980,-5220,87.92,395.62,19.48,83.11,426.57,4.81,2.74,-30.95,mixed_edge
1-2,target_lane x lane1_target_start_gap_pair,2 | 0.04-0.06-best,432,96,22.22,43200,37980,-5220,87.92,395.62,19.48,83.11,426.57,4.81,2.74,-30.95,mixed_edge
1-2,lane1_start_exhibition_gap_bucket x target_start_exhibition_gap_bucket,0.04-0.06 | best,432,96,22.22,43200,37980,-5220,87.92,395.62,19.48,83.11,426.57,4.81,2.74,-30.95,mixed_edge
1-6,target_class,A1,3105,243,7.83,310500,272810,-37690,87.86,1122.67,3.98,73.03,1832.72,14.83,3.85,-710.05,mixed_edge
1-5,lane1_target_national_rank_pair,3-1,432,64,14.81,43200,37950,-5250,87.85,592.97,6.36,75.45,1186.29,12.4,8.45,-593.32,mixed_edge
1-5,target_lane x lane1_target_national_rank_pair,5 | 3-1,432,64,14.81,43200,37950,-5250,87.85,592.97,6.36,75.45,1186.29,12.4,8.45,-593.32,mixed_edge
1-4,lane1_target_national_rank_pair x target_outer_pressure_bucket,4+-2 | high_other_pressure,517,51,9.86,51700,45410,-6290,87.83,890.39,10.48,75.82,723.82,12.01,-0.62,166.57,mixed_edge
1-2,lane1_target_group_pair x target_outer_pressure_bucket,A-B | low_other_pressure,66,24,36.36,6600,5790,-810,87.73,241.25,19.48,83.11,426.57,4.62,16.88,-185.32,mixed_edge
1-6,lane1_target_national_rank_pair,4+-2,899,33,3.67,89900,78850,-11050,87.71,2389.39,3.98,73.03,1832.72,14.68,-0.31,556.67,mixed_edge
1-6,target_lane x lane1_target_national_rank_pair,6 | 4+-2,899,33,3.67,89900,78850,-11050,87.71,2389.39,3.98,73.03,1832.72,14.68,-0.31,556.67,mixed_edge
1-2,lane1_motor_rank_bucket,2,2284,463,20.27,228400,200280,-28120,87.69,432.57,19.48,83.11,426.57,4.58,0.79,6.0,mixed_edge
1-2,lane1_target_group_pair x target_outer_pressure_bucket,B-B | high_other_pressure,2843,330,11.61,284300,249040,-35260,87.6,754.67,19.48,83.11,426.57,4.49,-7.87,328.1,mixed_edge
1-3,other_national_better_than_target_count_bucket,4,2138,206,9.64,213800,187290,-26510,87.6,909.17,15.46,77.27,499.69,10.33,-5.82,409.48,mixed_edge
1-3,target_national_win_rank_bucket x other_national_better_than_target_count_bucket,4+ | 4,2138,206,9.64,213800,187290,-26510,87.6,909.17,15.46,77.27,499.69,10.33,-5.82,409.48,mixed_edge
1-2,month,2025-03,4517,933,20.66,451700,395160,-56540,87.48,423.54,19.48,83.11,426.57,4.37,1.18,-3.03,mixed_edge
1-6,lane1_target_class_pair,A1-A1,1489,85,5.71,148900,130250,-18650,87.47,1532.35,3.98,73.03,1832.72,14.44,1.73,-300.37,mixed_edge
1-2,lane1_target_group_pair x other_a_count_bucket,B-B | 3,477,41,8.6,47700,41700,-6000,87.42,1017.07,19.48,83.11,426.57,4.31,-10.88,590.5,mixed_edge
1-3,target_start_exhibition_gap_bucket,0.04-0.06,3378,588,17.41,337800,295250,-42550,87.4,502.13,15.46,77.27,499.69,10.13,1.95,2.44,mixed_edge
1-3,target_lane x target_start_exhibition_gap_bucket,3 | 0.04-0.06,3378,588,17.41,337800,295250,-42550,87.4,502.13,15.46,77.27,499.69,10.13,1.95,2.44,mixed_edge
1-3,target_exhibition_rank_bucket x other_exhibition_faster_than_target_count_bucket,2 | 0,959,208,21.69,95900,83780,-12120,87.36,402.79,15.46,77.27,499.69,10.09,6.23,-96.9,mixed_edge
1-5,lane1_target_group_pair x other_a_count_bucket,A-B | 1,1317,86,6.53,131700,115000,-16700,87.32,1337.21,6.36,75.45,1186.29,11.87,0.17,150.92,mixed_edge
1-4,other_st_faster_than_target_count_bucket,1,2940,377,12.82,294000,256660,-37340,87.3,680.8,10.48,75.82,723.82,11.48,2.34,-43.02,mixed_edge
1-2,lane1_target_exhibition_time_diff_bucket x lane1_target_start_exhibition_st_diff_bucket,lane1_faster_0.05_0.10 | near_equal,1137,245,21.55,113700,99190,-14510,87.24,404.86,19.48,83.11,426.57,4.13,2.07,-21.71,mixed_edge
1-5,lane1_target_exhibition_time_diff_bucket x lane1_target_start_exhibition_st_diff_bucket,near_equal | near_equal,1689,131,7.76,168900,147310,-21590,87.22,1124.5,6.36,75.45,1186.29,11.77,1.4,-61.79,mixed_edge
1-2,meeting_phase_bucket,day3-4,5067,974,19.22,506700,441910,-64790,87.21,453.71,19.48,83.11,426.57,4.1,-0.26,27.14,mixed_edge
1-2,meeting_phase_bucket x target_lane,day3-4 | 2,5067,974,19.22,506700,441910,-64790,87.21,453.71,19.48,83.11,426.57,4.1,-0.26,27.14,mixed_edge
1-4,stadium_code,18,672,92,13.69,67200,58600,-8600,87.2,636.96,10.48,75.82,723.82,11.38,3.21,-86.86,mixed_edge
1-4,stadium_code x target_lane,18 | 4,672,92,13.69,67200,58600,-8600,87.2,636.96,10.48,75.82,723.82,11.38,3.21,-86.86,mixed_edge
1-5,lane1_exhibition_st_rank_bucket,1,4603,358,7.78,460300,401270,-59030,87.18,1120.87,6.36,75.45,1186.29,11.73,1.42,-65.42,mixed_edge
1-5,lane1_start_exhibition_gap_bucket,best,4603,358,7.78,460300,401270,-59030,87.18,1120.87,6.36,75.45,1186.29,11.73,1.42,-65.42,mixed_edge
1-2,lane1_target_exhibition_time_diff_bucket x lane1_target_start_exhibition_st_diff_bucket,target_faster_0.10+ | lane1_faster_0.03_0.06,138,28,20.29,13800,12030,-1770,87.17,429.64,19.48,83.11,426.57,4.06,0.81,3.07,mixed_edge
1-3,lane1_target_national_win_diff_bucket,near_equal,2725,501,18.39,272500,237120,-35380,87.02,473.29,15.46,77.27,499.69,9.75,2.93,-26.4,mixed_edge
1-4,lane1_target_exhibition_st_rank_pair,1-4+,3081,359,11.65,308100,267970,-40130,86.98,746.43,10.48,75.82,723.82,11.16,1.17,22.61,mixed_edge
1-4,lane1_exhibition_st_rank_bucket x target_exhibition_st_rank_bucket,1 | 4+,3081,359,11.65,308100,267970,-40130,86.98,746.43,10.48,75.82,723.82,11.16,1.17,22.61,mixed_edge
1-3,stadium_code,12,636,117,18.4,63600,55320,-8280,86.98,472.82,15.46,77.27,499.69,9.71,2.94,-26.87,mixed_edge
1-3,stadium_code x target_lane,12 | 3,636,117,18.4,63600,55320,-8280,86.98,472.82,15.46,77.27,499.69,9.71,2.94,-26.87,mixed_edge
1-2,lane1_target_group_pair x other_a_count_bucket,A-B | 0,773,222,28.72,77300,67220,-10080,86.96,302.79,19.48,83.11,426.57,3.85,9.24,-123.78,mixed_edge
1-4,lane1_target_exhibition_time_diff_bucket,target_faster_0.05_0.10,1539,172,11.18,153900,133820,-20080,86.95,778.02,10.48,75.82,723.82,11.13,0.7,54.2,mixed_edge
1-2,target_outer_pressure_bucket,some_other_pressure,2258,567,25.11,225800,196270,-29530,86.92,346.16,19.48,83.11,426.57,3.81,5.63,-80.41,mixed_edge
1-2,target_lane x target_outer_pressure_bucket,2 | some_other_pressure,2258,567,25.11,225800,196270,-29530,86.92,346.16,19.48,83.11,426.57,3.81,5.63,-80.41,mixed_edge
1-3,other_st_faster_than_target_count_bucket,0,3956,729,18.43,395600,343830,-51770,86.91,471.65,15.46,77.27,499.69,9.64,2.97,-28.04,mixed_edge
1-4,lane1_motor_rank_bucket,3,2255,270,11.97,225500,195900,-29600,86.87,725.56,10.48,75.82,723.82,11.05,1.49,1.74,mixed_edge
1-5,stadium_code,05,562,38,6.76,56200,48810,-7390,86.85,1284.47,6.36,75.45,1186.29,11.4,0.4,98.18,mixed_edge
1-5,stadium_code x target_lane,05 | 5,562,38,6.76,56200,48810,-7390,86.85,1284.47,6.36,75.45,1186.29,11.4,0.4,98.18,mixed_edge
1-2,other_a_count_bucket,3,1628,290,17.81,162800,141360,-21440,86.83,487.45,19.48,83.11,426.57,3.72,-1.67,60.88,mixed_edge
1-2,target_lane x other_a_count_bucket,2 | 3,1628,290,17.81,162800,141360,-21440,86.83,487.45,19.48,83.11,426.57,3.72,-1.67,60.88,mixed_edge
1-2,target_exhibition_rank_bucket x other_exhibition_faster_than_target_count_bucket,3 | 2,857,140,16.34,85700,74410,-11290,86.83,531.5,19.48,83.11,426.57,3.72,-3.14,104.93,mixed_edge
1-3,lane1_target_national_rank_pair x target_outer_pressure_bucket,3-2 | some_other_pressure,246,50,20.33,24600,21360,-3240,86.83,427.2,15.46,77.27,499.69,9.56,4.87,-72.49,mixed_edge
1-2,lane1_target_group_pair x other_a_count_bucket,A-B | 2,1510,245,16.23,151000,130980,-20020,86.74,534.61,19.48,83.11,426.57,3.63,-3.25,108.04,mixed_edge
1-4,lane1_target_start_gap_pair x target_outer_pressure_bucket,0.04-0.06-best | low_other_pressure,49,10,20.41,4900,4250,-650,86.73,425.0,10.48,75.82,723.82,10.91,9.93,-298.82,mixed_edge
1-2,lane1_target_start_gap_pair x target_outer_pressure_bucket,0.04-0.06-<=0.03 | high_other_pressure,420,67,15.95,42000,36400,-5600,86.67,543.28,19.48,83.11,426.57,3.56,-3.53,116.71,mixed_edge
1-3,lane1_target_group_pair x target_outer_pressure_bucket,A-B | some_other_pressure,321,82,25.55,32100,27810,-4290,86.64,339.15,15.46,77.27,499.69,9.37,10.09,-160.54,mixed_edge
1-2,other_exhibition_faster_than_target_count_bucket,1,3111,624,20.06,311100,269520,-41580,86.63,431.92,19.48,83.11,426.57,3.52,0.58,5.35,mixed_edge
1-2,stadium_code,02,653,106,16.23,65300,56560,-8740,86.62,533.58,19.48,83.11,426.57,3.51,-3.25,107.01,mixed_edge
1-2,stadium_code x target_lane,02 | 2,653,106,16.23,65300,56560,-8740,86.62,533.58,19.48,83.11,426.57,3.51,-3.25,107.01,mixed_edge
1-2,target_exhibition_rank_bucket,2,2679,614,22.92,267900,231920,-35980,86.57,377.72,19.48,83.11,426.57,3.46,3.44,-48.85,mixed_edge
1-6,lane1_target_start_gap_pair x target_outer_pressure_bucket,>0.06->0.06 | some_other_pressure,107,6,5.61,10700,9260,-1440,86.54,1543.33,3.98,73.03,1832.72,13.51,1.63,-289.39,mixed_edge
1-2,other_group_pattern,B-A-A-B,679,111,16.35,67900,58730,-9170,86.49,529.1,19.48,83.11,426.57,3.38,-3.13,102.53,mixed_edge
1-2,wind_bucket,5-6,2124,399,18.79,212400,183620,-28780,86.45,460.2,19.48,83.11,426.57,3.34,-0.69,33.63,mixed_edge
1-2,lane1_target_group_pair,B-B,3163,388,12.27,316300,273410,-42890,86.44,704.66,19.48,83.11,426.57,3.33,-7.21,278.09,mixed_edge
1-2,target_class_group,B,7328,1204,16.43,732800,633390,-99410,86.43,526.07,19.48,83.11,426.57,3.32,-3.05,99.5,mixed_edge
1-2,target_lane x target_class_group,2 | B,7328,1204,16.43,732800,633390,-99410,86.43,526.07,19.48,83.11,426.57,3.32,-3.05,99.5,mixed_edge
1-2,lane1_target_group_pair,A-B,4165,816,19.59,416500,359980,-56520,86.43,441.15,19.48,83.11,426.57,3.32,0.11,14.58,mixed_edge
1-5,target_exhibition_st_rank_bucket x other_st_faster_than_target_count_bucket,4+ | 2,2216,148,6.68,221600,191520,-30080,86.43,1294.05,6.36,75.45,1186.29,10.98,0.32,107.76,mixed_edge
1-2,lane1_target_national_win_diff_bucket,lane1_plus_1.00+,4092,793,19.38,409200,353630,-55570,86.42,445.94,19.48,83.11,426.57,3.31,-0.1,19.37,mixed_edge
1-6,lane1_target_class_pair,B1-A1,914,83,9.08,91400,78980,-12420,86.41,951.57,3.98,73.03,1832.72,13.38,5.1,-881.15,mixed_edge
1-6,other_exhibition_faster_than_target_count_bucket,1,2687,126,4.69,268700,232160,-36540,86.4,1842.54,3.98,73.03,1832.72,13.37,0.71,9.82,mixed_edge
1-6,lane1_class,A2,3932,187,4.76,393200,339520,-53680,86.35,1815.61,3.98,73.03,1832.72,13.32,0.78,-17.11,mixed_edge
1-2,target_class_group x target_outer_pressure_bucket,B | high_other_pressure,6577,1015,15.43,657700,567770,-89930,86.33,559.38,19.48,83.11,426.57,3.22,-4.05,132.81,mixed_edge
1-2,target_class,B1,6951,1154,16.6,695100,600010,-95090,86.32,519.94,19.48,83.11,426.57,3.21,-2.88,93.37,mixed_edge
1-2,lane1_target_exhibition_time_diff_bucket,lane1_faster_0.05_0.10,2801,576,20.56,280100,241780,-38320,86.32,419.76,19.48,83.11,426.57,3.21,1.08,-6.81,mixed_edge
1-6,lane1_target_national_rank_pair,3-1,484,52,10.74,48400,41780,-6620,86.32,803.46,3.98,73.03,1832.72,13.29,6.76,-1029.26,mixed_edge
1-6,target_lane x lane1_target_national_rank_pair,6 | 3-1,484,52,10.74,48400,41780,-6620,86.32,803.46,3.98,73.03,1832.72,13.29,6.76,-1029.26,mixed_edge
1-2,lane1_local_win_rank_bucket,1,3166,848,26.78,316600,273240,-43360,86.3,322.22,19.48,83.11,426.57,3.19,7.3,-104.35,mixed_edge
1-2,other_national_better_than_target_count_bucket,4,1938,241,12.44,193800,167150,-26650,86.25,693.57,19.48,83.11,426.57,3.14,-7.04,267.0,mixed_edge
1-2,target_national_win_rank_bucket x other_national_better_than_target_count_bucket,4+ | 4,1938,241,12.44,193800,167150,-26650,86.25,693.57,19.48,83.11,426.57,3.14,-7.04,267.0,mixed_edge
1-4,lane1_target_start_gap_pair x target_outer_pressure_bucket,best->0.06 | high_other_pressure,1817,171,9.41,181700,156660,-25040,86.22,916.14,10.48,75.82,723.82,10.4,-1.07,192.32,mixed_edge
1-2,lane1_target_national_rank_pair x target_outer_pressure_bucket,1-2 | some_other_pressure,161,59,36.65,16100,13880,-2220,86.21,235.25,19.48,83.11,426.57,3.1,17.17,-191.32,mixed_edge
1-2,lane1_target_exhibition_time_diff_bucket,near_equal,6861,1408,20.52,686100,591430,-94670,86.2,420.05,19.48,83.11,426.57,3.09,1.04,-6.52,mixed_edge
1-2,lane1_target_national_rank_pair x target_outer_pressure_bucket,1-3 | some_other_pressure,390,121,31.03,39000,33610,-5390,86.18,277.77,19.48,83.11,426.57,3.07,11.55,-148.8,mixed_edge
1-5,lane1_target_class_pair,A2-B1,2245,119,5.3,224500,193400,-31100,86.15,1625.21,6.36,75.45,1186.29,10.7,-1.06,438.92,mixed_edge
1-2,target_exhibition_st_rank_bucket x other_st_faster_than_target_count_bucket,4+ | 2,1409,281,19.94,140900,121380,-19520,86.15,431.96,19.48,83.11,426.57,3.04,0.46,5.39,mixed_edge
1-2,target_national_win_rank_bucket x other_national_better_than_target_count_bucket,4+ | 2,1948,421,21.61,194800,167810,-26990,86.14,398.6,19.48,83.11,426.57,3.03,2.13,-27.97,mixed_edge
1-3,lane1_target_group_pair x other_a_count_bucket,A-B | 2,1366,187,13.69,136600,117650,-18950,86.13,629.14,15.46,77.27,499.69,8.86,-1.77,129.45,mixed_edge
1-2,lane1_motor_rank_bucket,1,2652,551,20.78,265200,228380,-36820,86.12,414.48,19.48,83.11,426.57,3.01,1.3,-12.09,mixed_edge
1-3,target_exhibition_rank_bucket x other_exhibition_faster_than_target_count_bucket,3 | 1,1522,279,18.33,152200,131070,-21130,86.12,469.78,15.46,77.27,499.69,8.85,2.87,-29.91,mixed_edge
1-2,lane1_target_start_gap_pair x target_outer_pressure_bucket,<=0.03-best | low_other_pressure,97,29,29.9,9700,8350,-1350,86.08,287.93,19.48,83.11,426.57,2.97,10.42,-138.64,mixed_edge
1-6,lane1_target_class_pair,A2-B1,1817,63,3.47,181700,156370,-25330,86.06,2482.06,3.98,73.03,1832.72,13.03,-0.51,649.34,mixed_edge
1-3,lane1_target_start_gap_pair x target_outer_pressure_bucket,>0.06-0.04-0.06 | low_other_pressure,43,11,25.58,4300,3700,-600,86.05,336.36,15.46,77.27,499.69,8.78,10.12,-163.33,mixed_edge
1-2,target_boat_rank_bucket,2,2601,518,19.92,260100,223790,-36310,86.04,432.03,19.48,83.11,426.57,2.93,0.44,5.46,mixed_edge
1-2,stadium_code,18,672,151,22.47,67200,57800,-9400,86.01,382.78,19.48,83.11,426.57,2.9,2.99,-43.79,mixed_edge
1-2,stadium_code x target_lane,18 | 2,672,151,22.47,67200,57800,-9400,86.01,382.78,19.48,83.11,426.57,2.9,2.99,-43.79,mixed_edge
1-2,lane1_class,A1,4373,1164,26.62,437300,375860,-61440,85.95,322.9,19.48,83.11,426.57,2.84,7.14,-103.67,mixed_edge
1-5,other_group_pattern,A-A-B-B,776,39,5.03,77600,66690,-10910,85.94,1710.0,6.36,75.45,1186.29,10.49,-1.33,523.71,mixed_edge
1-2,lane1_exhibition_rank_bucket,1,4072,930,22.84,407200,349900,-57300,85.93,376.24,19.48,83.11,426.57,2.82,3.36,-50.33,mixed_edge
1-2,target_national_win_rank_bucket x other_national_better_than_target_count_bucket,2 | 1,1697,313,18.44,169700,145810,-23890,85.92,465.85,19.48,83.11,426.57,2.81,-1.04,39.28,mixed_edge
1-2,lane1_target_class_pair,B1-A2,1444,231,16.0,144400,124020,-20380,85.89,536.88,19.48,83.11,426.57,2.78,-3.48,110.31,mixed_edge
1-4,race_no_bucket,1-3R,3489,361,10.35,348900,299630,-49270,85.88,830.0,10.48,75.82,723.82,10.06,-0.13,106.18,mixed_edge
1-4,race_no_bucket x target_lane,1-3R | 4,3489,361,10.35,348900,299630,-49270,85.88,830.0,10.48,75.82,723.82,10.06,-0.13,106.18,mixed_edge
1-2,lane1_target_national_rank_pair x target_outer_pressure_bucket,4+-2 | high_other_pressure,543,79,14.55,54300,46600,-7700,85.82,589.87,19.48,83.11,426.57,2.71,-4.93,163.3,mixed_edge
1-2,lane1_target_group_pair x other_a_count_bucket,A-A | 3,517,149,28.82,51700,44360,-7340,85.8,297.72,19.48,83.11,426.57,2.69,9.34,-128.85,mixed_edge
1-2,other_national_better_than_target_count_bucket,2,3068,581,18.94,306800,263210,-43590,85.79,453.03,19.48,83.11,426.57,2.68,-0.54,26.46,mixed_edge
1-2,lane1_target_national_rank_pair x target_outer_pressure_bucket,2-1 | some_other_pressure,121,45,37.19,12100,10380,-1720,85.79,230.67,19.48,83.11,426.57,2.68,17.71,-195.9,mixed_edge
1-4,wind_bucket,0-2,6085,724,11.9,608500,521960,-86540,85.78,720.94,10.48,75.82,723.82,9.96,1.42,-2.88,mixed_edge
1-3,lane1_target_exhibition_time_diff_bucket x lane1_target_start_exhibition_st_diff_bucket,near_equal | target_faster_0.03_0.06,865,146,16.88,86500,74120,-12380,85.69,507.67,15.46,77.27,499.69,8.42,1.42,7.98,mixed_edge
1-4,lane1_target_start_gap_pair x target_outer_pressure_bucket,0.04-0.06-0.04-0.06 | high_other_pressure,395,41,10.38,39500,33820,-5680,85.62,824.88,10.48,75.82,723.82,9.8,-0.1,101.06,mixed_edge
1-2,other_exhibition_faster_than_target_count_bucket,2,2690,503,18.7,269000,230210,-38790,85.58,457.67,19.48,83.11,426.57,2.47,-0.78,31.1,mixed_edge
1-2,stadium_code,17,598,105,17.56,59800,51170,-8630,85.57,487.33,19.48,83.11,426.57,2.46,-1.92,60.76,mixed_edge
1-2,stadium_code x target_lane,17 | 2,598,105,17.56,59800,51170,-8630,85.57,487.33,19.48,83.11,426.57,2.46,-1.92,60.76,mixed_edge
1-3,lane1_target_exhibition_time_diff_bucket x lane1_target_start_exhibition_st_diff_bucket,target_faster_0.05_0.10 | near_equal,546,96,17.58,54600,46710,-7890,85.55,486.56,15.46,77.27,499.69,8.28,2.12,-13.13,mixed_edge
1-4,target_start_exhibition_gap_bucket,<=0.03,3236,416,12.86,323600,276810,-46790,85.54,665.41,10.48,75.82,723.82,9.72,2.38,-58.41,mixed_edge
1-4,target_lane x target_start_exhibition_gap_bucket,4 | <=0.03,3236,416,12.86,323600,276810,-46790,85.54,665.41,10.48,75.82,723.82,9.72,2.38,-58.41,mixed_edge
1-2,target_class_group x target_outer_pressure_bucket,A | some_other_pressure,1624,411,25.31,162400,138920,-23480,85.54,338.0,19.48,83.11,426.57,2.43,5.83,-88.57,mixed_edge
1-6,lane1_target_exhibition_st_rank_pair,4+-2,787,45,5.72,78700,67320,-11380,85.54,1496.0,3.98,73.03,1832.72,12.51,1.74,-336.72,mixed_edge
1-6,lane1_exhibition_st_rank_bucket x target_exhibition_st_rank_bucket,4+ | 2,787,45,5.72,78700,67320,-11380,85.54,1496.0,3.98,73.03,1832.72,12.51,1.74,-336.72,mixed_edge
1-5,target_exhibition_st_rank_bucket,3,2017,143,7.09,201700,172460,-29240,85.5,1206.01,6.36,75.45,1186.29,10.05,0.73,19.72,mixed_edge
1-5,target_lane x target_exhibition_st_rank_bucket,5 | 3,2017,143,7.09,201700,172460,-29240,85.5,1206.01,6.36,75.45,1186.29,10.05,0.73,19.72,mixed_edge
1-2,wind_bucket,0-2,6085,1256,20.64,608500,520190,-88310,85.49,414.16,19.48,83.11,426.57,2.38,1.16,-12.41,mixed_edge
1-2,other_b2_count_bucket,2,362,79,21.82,36200,30940,-5260,85.47,391.65,19.48,83.11,426.57,2.36,2.34,-34.92,mixed_edge
1-4,meeting_phase_bucket,day3-4,5067,551,10.87,506700,432990,-73710,85.45,785.83,10.48,75.82,723.82,9.63,0.39,62.01,mixed_edge
1-4,meeting_phase_bucket x target_lane,day3-4 | 4,5067,551,10.87,506700,432990,-73710,85.45,785.83,10.48,75.82,723.82,9.63,0.39,62.01,mixed_edge
1-2,lane1_boat_rank_bucket,2,2355,469,19.92,235500,201240,-34260,85.45,429.08,19.48,83.11,426.57,2.34,0.44,2.51,mixed_edge
1-5,lane1_target_exhibition_time_diff_bucket,lane1_faster_0.05_0.10,2942,181,6.15,294200,251350,-42850,85.44,1388.67,6.36,75.45,1186.29,9.99,-0.21,202.38,mixed_edge
1-5,lane1_target_exhibition_time_diff_bucket,lane1_faster_0.10+,2017,132,6.54,201700,172310,-29390,85.43,1305.38,6.36,75.45,1186.29,9.98,0.18,119.09,mixed_edge
1-4,lane1_target_motor_place_diff_bucket,target_plus_10+,1904,228,11.97,190400,162610,-27790,85.4,713.2,10.48,75.82,723.82,9.58,1.49,-10.62,mixed_edge
1-4,lane1_local_win_rank_bucket,4+,5320,461,8.67,532000,454300,-77700,85.39,985.47,10.48,75.82,723.82,9.57,-1.81,261.65,mixed_edge
1-2,target_motor_rank_bucket,3,2272,449,19.76,227200,193980,-33220,85.38,432.03,19.48,83.11,426.57,2.27,0.28,5.46,mixed_edge
1-2,lane1_target_group_pair x target_outer_pressure_bucket,A-B | high_other_pressure,3734,685,18.34,373400,318730,-54670,85.36,465.3,19.48,83.11,426.57,2.25,-1.14,38.73,mixed_edge
1-2,race_no_bucket,1-3R,3489,613,17.57,348900,297790,-51110,85.35,485.79,19.48,83.11,426.57,2.24,-1.91,59.22,mixed_edge
1-2,race_no_bucket x target_lane,1-3R | 2,3489,613,17.57,348900,297790,-51110,85.35,485.79,19.48,83.11,426.57,2.24,-1.91,59.22,mixed_edge
1-3,lane1_target_group_pair x other_a_count_bucket,A-B | 3,555,64,11.53,55500,47350,-8150,85.32,739.84,15.46,77.27,499.69,8.05,-3.93,240.15,mixed_edge
1-2,lane1_target_class_pair,A1-A1,1679,475,28.29,167900,143200,-24700,85.29,301.47,19.48,83.11,426.57,2.18,8.81,-125.1,mixed_edge
1-6,stadium_code,24,611,28,4.58,61100,52110,-8990,85.29,1861.07,3.98,73.03,1832.72,12.26,0.6,28.35,mixed_edge
1-6,stadium_code x target_lane,24 | 6,611,28,4.58,61100,52110,-8990,85.29,1861.07,3.98,73.03,1832.72,12.26,0.6,28.35,mixed_edge
1-3,lane1_target_exhibition_time_diff_bucket x lane1_target_start_exhibition_st_diff_bucket,lane1_faster_0.05_0.10 | lane1_faster_0.06+,548,90,16.42,54800,46730,-8070,85.27,519.22,15.46,77.27,499.69,8.0,0.96,19.53,mixed_edge
1-2,lane1_target_group_pair x other_a_count_bucket,A-B | 1,1331,259,19.46,133100,113460,-19640,85.24,438.07,19.48,83.11,426.57,2.13,-0.02,11.5,mixed_edge
1-2,other_exhibition_faster_than_target_count_bucket,0,3900,880,22.56,390000,332370,-57630,85.22,377.69,19.48,83.11,426.57,2.11,3.08,-48.88,mixed_edge
1-2,target_local_win_rank_bucket,3,2533,507,20.02,253300,215850,-37450,85.22,425.74,19.48,83.11,426.57,2.11,0.54,-0.83,mixed_edge
1-5,lane1_target_national_rank_pair x target_outer_pressure_bucket,1-3 | some_other_pressure,242,27,11.16,24200,20620,-3580,85.21,763.7,6.36,75.45,1186.29,9.76,4.8,-422.59,mixed_edge
1-2,lane1_target_boat_place_diff_bucket,target_plus_4_10,2556,499,19.52,255600,217760,-37840,85.2,436.39,19.48,83.11,426.57,2.09,0.04,9.82,mixed_edge
1-2,lane1_target_exhibition_time_diff_bucket x lane1_target_start_exhibition_st_diff_bucket,target_faster_0.05_0.10 | near_equal,667,142,21.29,66700,56830,-9870,85.2,400.21,19.48,83.11,426.57,2.09,1.81,-26.36,mixed_edge
1-6,lane1_exhibition_st_rank_bucket,3,1969,98,4.98,196900,167740,-29160,85.19,1711.63,3.98,73.03,1832.72,12.16,1.0,-121.09,mixed_edge
1-6,target_motor_rank_bucket,1,2235,110,4.92,223500,190370,-33130,85.18,1730.64,3.98,73.03,1832.72,12.15,0.94,-102.08,mixed_edge
1-2,lane1_target_national_rank_pair,4+-3,1120,160,14.29,112000,95400,-16600,85.18,596.25,19.48,83.11,426.57,2.07,-5.19,169.68,mixed_edge
1-2,target_lane x lane1_target_national_rank_pair,2 | 4+-3,1120,160,14.29,112000,95400,-16600,85.18,596.25,19.48,83.11,426.57,2.07,-5.19,169.68,mixed_edge
1-2,lane1_target_national_rank_pair x target_outer_pressure_bucket,4+-3 | high_other_pressure,1120,160,14.29,112000,95400,-16600,85.18,596.25,19.48,83.11,426.57,2.07,-5.19,169.68,mixed_edge
1-2,target_national_win_rank_bucket x other_national_better_than_target_count_bucket,3 | 2,1120,160,14.29,112000,95400,-16600,85.18,596.25,19.48,83.11,426.57,2.07,-5.19,169.68,mixed_edge
1-2,target_national_win_rank_bucket,2,2478,594,23.97,247800,211000,-36800,85.15,355.22,19.48,83.11,426.57,2.04,4.49,-71.35,mixed_edge
1-2,lane1_local_win_rank_bucket,4+,5320,850,15.98,532000,452940,-79060,85.14,532.87,19.48,83.11,426.57,2.03,-3.5,106.3,mixed_edge
1-2,lane1_target_exhibition_time_diff_bucket,lane1_faster_0.10+,1368,265,19.37,136800,116450,-20350,85.12,439.43,19.48,83.11,426.57,2.01,-0.11,12.86,mixed_edge
1-2,lane1_target_class_pair,B1-B2,176,18,10.23,17600,14980,-2620,85.11,832.22,19.48,83.11,426.57,2.0,-9.25,405.65,mixed_edge
1-3,lane1_target_start_exhibition_st_diff_bucket,lane1_faster_0.06+,2654,427,16.09,265400,225850,-39550,85.1,528.92,15.46,77.27,499.69,7.83,0.63,29.23,mixed_edge
1-2,lane1_target_start_gap_pair x target_outer_pressure_bucket,0.04-0.06-0.04-0.06 | some_other_pressure,104,26,25.0,10400,8850,-1550,85.1,340.38,19.48,83.11,426.57,1.99,5.52,-86.19,mixed_edge
1-2,lane1_target_national_rank_pair x target_outer_pressure_bucket,3-1 | low_other_pressure,173,52,30.06,17300,14720,-2580,85.09,283.08,19.48,83.11,426.57,1.98,10.58,-143.49,mixed_edge
1-2,lane1_target_national_rank_pair,1-3,741,220,29.69,74100,63040,-11060,85.07,286.55,19.48,83.11,426.57,1.96,10.21,-140.02,mixed_edge
1-2,target_lane x lane1_target_national_rank_pair,2 | 1-3,741,220,29.69,74100,63040,-11060,85.07,286.55,19.48,83.11,426.57,1.96,10.21,-140.02,mixed_edge
1-6,lane1_exhibition_rank_bucket,3,2284,98,4.29,228400,194220,-34180,85.04,1981.84,3.98,73.03,1832.72,12.01,0.31,149.12,mixed_edge
1-2,other_a_count_bucket,1,3946,787,19.94,394600,335460,-59140,85.01,426.25,19.48,83.11,426.57,1.9,0.46,-0.32,mixed_edge
1-2,target_lane x other_a_count_bucket,2 | 1,3946,787,19.94,394600,335460,-59140,85.01,426.25,19.48,83.11,426.57,1.9,0.46,-0.32,mixed_edge
1-5,target_exhibition_st_rank_bucket,2,2066,159,7.7,206600,175630,-30970,85.01,1104.59,6.36,75.45,1186.29,9.56,1.34,-81.7,mixed_edge
1-5,target_lane x target_exhibition_st_rank_bucket,5 | 2,2066,159,7.7,206600,175630,-30970,85.01,1104.59,6.36,75.45,1186.29,9.56,1.34,-81.7,mixed_edge
1-2,stadium_code,24,611,138,22.59,61100,51940,-9160,85.01,376.38,19.48,83.11,426.57,1.9,3.11,-50.19,mixed_edge
1-2,stadium_code x target_lane,24 | 2,611,138,22.59,61100,51940,-9160,85.01,376.38,19.48,83.11,426.57,1.9,3.11,-50.19,mixed_edge
1-2,target_exhibition_rank_bucket x other_exhibition_faster_than_target_count_bucket,4+ | 2,1833,363,19.8,183300,155800,-27500,85.0,429.2,19.48,83.11,426.57,1.89,0.32,2.63,mixed_edge
1-2,wave_bucket,10+,268,41,15.3,26800,22780,-4020,85.0,555.61,19.48,83.11,426.57,1.89,-4.18,129.04,mixed_edge
1-4,lane1_target_national_rank_pair,4+-4+,2169,99,4.56,216900,184330,-32570,84.98,1861.92,10.48,75.82,723.82,9.16,-5.92,1138.1,mixed_edge
1-4,target_lane x lane1_target_national_rank_pair,4 | 4+-4+,2169,99,4.56,216900,184330,-32570,84.98,1861.92,10.48,75.82,723.82,9.16,-5.92,1138.1,mixed_edge
1-4,lane1_target_national_rank_pair x target_outer_pressure_bucket,4+-4+ | high_other_pressure,2169,99,4.56,216900,184330,-32570,84.98,1861.92,10.48,75.82,723.82,9.16,-5.92,1138.1,mixed_edge
1-5,lane1_exhibition_rank_bucket,1,4072,303,7.44,407200,345910,-61290,84.95,1141.62,6.36,75.45,1186.29,9.5,1.08,-44.67,mixed_edge
1-2,lane1_target_boat_place_diff_bucket,lane1_plus_4_10,2520,496,19.68,252000,214060,-37940,84.94,431.57,19.48,83.11,426.57,1.83,0.2,5.0,mixed_edge
1-3,lane1_target_exhibition_time_diff_bucket x lane1_target_start_exhibition_st_diff_bucket,lane1_faster_0.05_0.10 | target_faster_0.03_0.06,367,51,13.9,36700,31170,-5530,84.93,611.18,15.46,77.27,499.69,7.66,-1.56,111.49,mixed_edge
1-5,lane1_target_start_gap_pair,<=0.03-0.04-0.06,758,48,6.33,75800,64370,-11430,84.92,1341.04,6.36,75.45,1186.29,9.47,-0.03,154.75,mixed_edge
1-5,target_lane x lane1_target_start_gap_pair,5 | <=0.03-0.04-0.06,758,48,6.33,75800,64370,-11430,84.92,1341.04,6.36,75.45,1186.29,9.47,-0.03,154.75,mixed_edge
1-5,lane1_start_exhibition_gap_bucket x target_start_exhibition_gap_bucket,<=0.03 | 0.04-0.06,758,48,6.33,75800,64370,-11430,84.92,1341.04,6.36,75.45,1186.29,9.47,-0.03,154.75,mixed_edge
1-5,other_group_pattern,B-B-A-B,961,73,7.6,96100,81570,-14530,84.88,1117.4,6.36,75.45,1186.29,9.43,1.24,-68.89,mixed_edge
1-2,lane1_boat_rank_bucket,4+,6639,1296,19.52,663900,563470,-100430,84.87,434.78,19.48,83.11,426.57,1.76,0.04,8.21,mixed_edge
1-2,lane1_exhibition_rank_bucket,2,3009,593,19.71,300900,255380,-45520,84.87,430.66,19.48,83.11,426.57,1.76,0.23,4.09,mixed_edge
1-4,other_exhibition_faster_than_target_count_bucket,3,2613,248,9.49,261300,221770,-39530,84.87,894.23,10.48,75.82,723.82,9.05,-0.99,170.41,mixed_edge
1-4,target_exhibition_rank_bucket x other_exhibition_faster_than_target_count_bucket,4+ | 3,2613,248,9.49,261300,221770,-39530,84.87,894.23,10.48,75.82,723.82,9.05,-0.99,170.41,mixed_edge
1-3,target_exhibition_rank_bucket,3,2400,403,16.79,240000,203630,-36370,84.85,505.29,15.46,77.27,499.69,7.58,1.33,5.6,mixed_edge
1-2,lane1_target_start_gap_pair x target_outer_pressure_bucket,<=0.03-0.04-0.06 | some_other_pressure,110,30,27.27,11000,9330,-1670,84.82,311.0,19.48,83.11,426.57,1.71,7.79,-115.57,mixed_edge
1-5,lane1_target_group_pair x other_a_count_bucket,A-B | 3,649,30,4.62,64900,55040,-9860,84.81,1834.67,6.36,75.45,1186.29,9.36,-1.74,648.38,mixed_edge
1-4,lane1_target_national_rank_pair x target_outer_pressure_bucket,2-1 | high_other_pressure,331,77,23.26,33100,28070,-5030,84.8,364.55,10.48,75.82,723.82,8.98,12.78,-359.27,mixed_edge
1-2,other_b2_count_bucket,1,3290,624,18.97,329000,278960,-50040,84.79,447.05,19.48,83.11,426.57,1.68,-0.51,20.48,mixed_edge
1-6,lane1_target_national_rank_pair x target_outer_pressure_bucket,4+-1 | some_other_pressure,209,19,9.09,20900,17720,-3180,84.78,932.63,3.98,73.03,1832.72,11.75,5.11,-900.09,mixed_edge
1-5,target_class_group x target_outer_pressure_bucket,B | some_other_pressure,442,40,9.05,44200,37470,-6730,84.77,936.75,6.36,75.45,1186.29,9.32,2.69,-249.54,mixed_edge
1-4,lane1_target_exhibition_time_diff_bucket x lane1_target_start_exhibition_st_diff_bucket,near_equal | target_faster_0.03_0.06,875,112,12.8,87500,74160,-13340,84.75,662.14,10.48,75.82,723.82,8.93,2.32,-61.68,mixed_edge
1-2,race_no_bucket,4-6R,3477,588,16.91,347700,294630,-53070,84.74,501.07,19.48,83.11,426.57,1.63,-2.57,74.5,mixed_edge
1-2,race_no_bucket x target_lane,4-6R | 2,3477,588,16.91,347700,294630,-53070,84.74,501.07,19.48,83.11,426.57,1.63,-2.57,74.5,mixed_edge
1-6,lane1_target_local_win_diff_bucket,target_plus_1.00+,3157,168,5.32,315700,267410,-48290,84.7,1591.73,3.98,73.03,1832.72,11.67,1.34,-240.99,mixed_edge
1-2,lane1_target_national_win_diff_bucket,lane1_plus_0.35_1.00,2604,557,21.39,260400,220500,-39900,84.68,395.87,19.48,83.11,426.57,1.57,1.91,-30.7,mixed_edge
1-2,other_national_better_than_target_count_bucket,1,3101,680,21.93,310100,262550,-47550,84.67,386.1,19.48,83.11,426.57,1.56,2.45,-40.47,mixed_edge
1-5,target_exhibition_rank_bucket,3,2209,154,6.97,220900,187040,-33860,84.67,1214.55,6.36,75.45,1186.29,9.22,0.61,28.26,mixed_edge
1-4,target_local_win_rank_bucket,3,2313,268,11.59,231300,195830,-35470,84.66,730.71,10.48,75.82,723.82,8.84,1.11,6.89,mixed_edge
1-5,lane1_target_group_pair x other_a_count_bucket,A-A | 1,833,106,12.73,83300,70490,-12810,84.62,665.0,6.36,75.45,1186.29,9.17,6.37,-521.29,mixed_edge
1-4,other_st_faster_than_target_count_bucket,0,3447,425,12.33,344700,291600,-53100,84.6,686.12,10.48,75.82,723.82,8.78,1.85,-37.7,mixed_edge
1-2,other_group_pattern,B-A-A-A,285,54,18.95,28500,24090,-4410,84.53,446.11,19.48,83.11,426.57,1.42,-0.53,19.54,mixed_edge
1-3,lane1_target_exhibition_time_diff_bucket x lane1_target_start_exhibition_st_diff_bucket,near_equal | near_equal,2372,419,17.66,237200,200450,-36750,84.51,478.4,15.46,77.27,499.69,7.24,2.2,-21.29,mixed_edge
1-3,lane1_target_national_rank_pair,3-2,499,103,20.64,49900,42170,-7730,84.51,409.42,15.46,77.27,499.69,7.24,5.18,-90.27,mixed_edge
1-3,target_lane x lane1_target_national_rank_pair,3 | 3-2,499,103,20.64,49900,42170,-7730,84.51,409.42,15.46,77.27,499.69,7.24,5.18,-90.27,mixed_edge
1-2,stadium_code,08,620,139,22.42,62000,52370,-9630,84.47,376.76,19.48,83.11,426.57,1.36,2.94,-49.81,mixed_edge
1-2,stadium_code x target_lane,08 | 2,620,139,22.42,62000,52370,-9630,84.47,376.76,19.48,83.11,426.57,1.36,2.94,-49.81,mixed_edge
1-4,target_exhibition_rank_bucket x other_exhibition_faster_than_target_count_bucket,4+ | 2,2006,231,11.52,200600,169330,-31270,84.41,733.03,10.48,75.82,723.82,8.59,1.04,9.21,mixed_edge
1-3,target_start_exhibition_gap_bucket,<=0.03,3642,635,17.44,364200,307120,-57080,84.33,483.65,15.46,77.27,499.69,7.06,1.98,-16.04,mixed_edge
1-3,target_lane x target_start_exhibition_gap_bucket,3 | <=0.03,3642,635,17.44,364200,307120,-57080,84.33,483.65,15.46,77.27,499.69,7.06,1.98,-16.04,mixed_edge
1-4,lane1_target_exhibition_time_diff_bucket x lane1_target_start_exhibition_st_diff_bucket,target_faster_0.10+ | near_equal,180,20,11.11,18000,15180,-2820,84.33,759.0,10.48,75.82,723.82,8.51,0.63,35.18,mixed_edge
1-2,lane1_target_motor_place_diff_bucket,near_equal,5112,984,19.25,511200,431050,-80150,84.32,438.06,19.48,83.11,426.57,1.21,-0.23,11.49,mixed_edge
1-3,lane1_target_start_gap_pair x target_outer_pressure_bucket,best-0.04-0.06 | some_other_pressure,190,45,23.68,19000,16010,-2990,84.26,355.78,15.46,77.27,499.69,6.99,8.22,-143.91,mixed_edge
1-2,target_local_win_rank_bucket,1,2192,529,24.13,219200,184650,-34550,84.24,349.05,19.48,83.11,426.57,1.13,4.65,-77.52,mixed_edge
1-3,lane1_target_start_exhibition_st_diff_bucket,near_equal,4855,840,17.3,485500,408870,-76630,84.22,486.75,15.46,77.27,499.69,6.95,1.84,-12.94,mixed_edge
1-2,lane1_exhibition_rank_bucket,4+,4285,744,17.36,428500,360670,-67830,84.17,484.77,19.48,83.11,426.57,1.06,-2.12,58.2,mixed_edge
1-2,lane1_target_national_rank_pair x target_outer_pressure_bucket,2-3 | some_other_pressure,329,80,24.32,32900,27690,-5210,84.16,346.12,19.48,83.11,426.57,1.05,4.84,-80.45,mixed_edge
1-4,stadium_code,06,618,59,9.55,61800,51990,-9810,84.13,881.19,10.48,75.82,723.82,8.31,-0.93,157.37,mixed_edge
1-4,stadium_code x target_lane,06 | 4,618,59,9.55,61800,51990,-9810,84.13,881.19,10.48,75.82,723.82,8.31,-0.93,157.37,mixed_edge
1-3,lane1_target_group_pair x other_a_count_bucket,B-B | 2,1293,100,7.73,129300,108770,-20530,84.12,1087.7,15.46,77.27,499.69,6.85,-7.73,588.01,mixed_edge
1-5,lane1_target_group_pair x other_a_count_bucket,A-B | 0,773,64,8.28,77300,65020,-12280,84.11,1015.94,6.36,75.45,1186.29,8.66,1.92,-170.35,mixed_edge
1-3,stadium_code,17,598,105,17.56,59800,50290,-9510,84.1,478.95,15.46,77.27,499.69,6.83,2.1,-20.74,mixed_edge
1-3,stadium_code x target_lane,17 | 3,598,105,17.56,59800,50290,-9510,84.1,478.95,15.46,77.27,499.69,6.83,2.1,-20.74,mixed_edge
1-5,lane1_class,A2,3932,286,7.27,393200,330650,-62550,84.09,1156.12,6.36,75.45,1186.29,8.64,0.91,-30.17,mixed_edge
1-3,lane1_class,A2,3932,697,17.73,393200,330550,-62650,84.07,474.25,15.46,77.27,499.69,6.8,2.27,-25.44,mixed_edge
1-2,target_national_win_rank_bucket,3,2524,527,20.88,252400,212140,-40260,84.05,402.54,19.48,83.11,426.57,0.94,1.4,-24.03,mixed_edge
1-3,lane1_exhibition_st_rank_bucket,2,2367,404,17.07,236700,198880,-37820,84.02,492.28,15.46,77.27,499.69,6.75,1.61,-7.41,mixed_edge
1-5,other_exhibition_faster_than_target_count_bucket,2,2761,161,5.83,276100,231750,-44350,83.94,1439.44,6.36,75.45,1186.29,8.49,-0.53,253.15,mixed_edge
1-4,lane1_target_group_pair,B-B,3557,208,5.85,355700,298500,-57200,83.92,1435.1,10.48,75.82,723.82,8.1,-4.63,711.28,mixed_edge
1-2,target_local_win_rank_bucket,2,2408,561,23.3,240800,202040,-38760,83.9,360.14,19.48,83.11,426.57,0.79,3.82,-66.43,mixed_edge
1-6,lane1_target_start_gap_pair x target_outer_pressure_bucket,best-0.04-0.06 | high_other_pressure,743,33,4.44,74300,62340,-11960,83.9,1889.09,3.98,73.03,1832.72,10.87,0.46,56.37,mixed_edge
1-2,lane1_target_boat_place_diff_bucket,lane1_plus_10+,1621,307,18.94,162100,135970,-26130,83.88,442.9,19.48,83.11,426.57,0.77,-0.54,16.33,mixed_edge
1-2,lane1_target_national_rank_pair x target_outer_pressure_bucket,1-3 | high_other_pressure,351,99,28.21,35100,29430,-5670,83.85,297.27,19.48,83.11,426.57,0.74,8.73,-129.3,mixed_edge
1-2,target_national_win_rank_bucket,4+,6764,1077,15.92,676400,567040,-109360,83.83,526.5,19.48,83.11,426.57,0.72,-3.56,99.93,mixed_edge
1-2,lane1_target_class_pair,B1-B1,2800,348,12.43,280000,234580,-45420,83.78,674.08,19.48,83.11,426.57,0.67,-7.05,247.51,mixed_edge
1-2,lane1_target_group_pair x target_outer_pressure_bucket,A-A | low_other_pressure,499,175,35.07,49900,41800,-8100,83.77,238.86,19.48,83.11,426.57,0.66,15.59,-187.71,mixed_edge
1-2,lane1_target_motor_place_diff_bucket,lane1_plus_10+,1993,405,20.32,199300,166940,-32360,83.76,412.2,19.48,83.11,426.57,0.65,0.84,-14.37,mixed_edge
1-5,lane1_target_group_pair x target_outer_pressure_bucket,A-A | some_other_pressure,677,87,12.85,67700,56640,-11060,83.66,651.03,6.36,75.45,1186.29,8.21,6.49,-535.26,mixed_edge
1-5,lane1_target_group_pair x target_outer_pressure_bucket,A-B | low_other_pressure,41,6,14.63,4100,3430,-670,83.66,571.67,6.36,75.45,1186.29,8.21,8.27,-614.62,mixed_edge
1-3,target_exhibition_rank_bucket x other_exhibition_faster_than_target_count_bucket,4+ | 1,170,28,16.47,17000,14220,-2780,83.65,507.86,15.46,77.27,499.69,6.38,1.01,8.17,mixed_edge
1-2,lane1_class_group,B,5547,763,13.76,554700,463940,-90760,83.64,608.05,19.48,83.11,426.57,0.53,-5.72,181.48,mixed_edge
1-4,lane1_target_start_gap_pair,best->0.06,2178,230,10.56,217800,182170,-35630,83.64,792.04,10.48,75.82,723.82,7.82,0.08,68.22,mixed_edge
1-4,target_lane x lane1_target_start_gap_pair,4 | best->0.06,2178,230,10.56,217800,182170,-35630,83.64,792.04,10.48,75.82,723.82,7.82,0.08,68.22,mixed_edge
1-4,lane1_start_exhibition_gap_bucket x target_start_exhibition_gap_bucket,best | >0.06,2178,230,10.56,217800,182170,-35630,83.64,792.04,10.48,75.82,723.82,7.82,0.08,68.22,mixed_edge
1-3,lane1_target_group_pair x target_outer_pressure_bucket,B-B | high_other_pressure,2994,264,8.82,299400,250360,-49040,83.62,948.33,15.46,77.27,499.69,6.35,-6.64,448.64,mixed_edge
1-2,lane1_target_exhibition_time_diff_bucket x lane1_target_start_exhibition_st_diff_bucket,lane1_faster_0.05_0.10 | lane1_faster_0.06+,523,97,18.55,52300,43730,-8570,83.61,450.82,19.48,83.11,426.57,0.5,-0.93,24.25,mixed_edge
1-2,other_group_pattern,B-B-A-B,908,189,20.81,90800,75860,-14940,83.55,401.38,19.48,83.11,426.57,0.44,1.33,-25.19,mixed_edge
1-6,other_group_pattern,A-B-A-A,464,12,2.59,46400,38750,-7650,83.51,3229.17,3.98,73.03,1832.72,10.48,-1.39,1396.45,mixed_edge
1-5,target_exhibition_rank_bucket x other_exhibition_faster_than_target_count_bucket,3 | 1,1330,107,8.05,133000,111050,-21950,83.5,1037.85,6.36,75.45,1186.29,8.05,1.69,-148.44,mixed_edge
1-4,target_national_win_rank_bucket,1,2092,381,18.21,209200,174670,-34530,83.49,458.45,10.48,75.82,723.82,7.67,7.73,-265.37,mixed_edge
1-4,target_national_win_rank_bucket x other_national_better_than_target_count_bucket,1 | 0,2092,381,18.21,209200,174670,-34530,83.49,458.45,10.48,75.82,723.82,7.67,7.73,-265.37,mixed_edge
1-2,other_group_pattern,B-A-B-A,892,163,18.27,89200,74460,-14740,83.48,456.81,19.48,83.11,426.57,0.37,-1.21,30.24,mixed_edge
1-2,other_a_count_bucket,4,1658,392,23.64,165800,138390,-27410,83.47,353.04,19.48,83.11,426.57,0.36,4.16,-73.53,mixed_edge
1-2,other_group_pattern,A-A-A-A,1658,392,23.64,165800,138390,-27410,83.47,353.04,19.48,83.11,426.57,0.36,4.16,-73.53,mixed_edge
1-2,target_lane x other_a_count_bucket,2 | 4,1658,392,23.64,165800,138390,-27410,83.47,353.04,19.48,83.11,426.57,0.36,4.16,-73.53,mixed_edge
1-2,lane1_target_national_rank_pair,1-2,781,281,35.98,78100,65190,-12910,83.47,231.99,19.48,83.11,426.57,0.36,16.5,-194.58,mixed_edge
1-2,target_lane x lane1_target_national_rank_pair,2 | 1-2,781,281,35.98,78100,65190,-12910,83.47,231.99,19.48,83.11,426.57,0.36,16.5,-194.58,mixed_edge
1-2,target_national_win_rank_bucket x other_national_better_than_target_count_bucket,2 | 0,781,281,35.98,78100,65190,-12910,83.47,231.99,19.48,83.11,426.57,0.36,16.5,-194.58,mixed_edge
1-5,lane1_target_start_gap_pair x target_outer_pressure_bucket,<=0.03-0.04-0.06 | high_other_pressure,639,33,5.16,63900,53340,-10560,83.47,1616.36,6.36,75.45,1186.29,8.02,-1.2,430.07,mixed_edge
1-5,lane1_target_local_win_diff_bucket,target_plus_0.35_1.00,1377,98,7.12,137700,114900,-22800,83.44,1172.45,6.36,75.45,1186.29,7.99,0.76,-13.84,mixed_edge
1-2,grade_group,一般,13623,2663,19.55,1362300,1136440,-225860,83.42,426.75,19.48,83.11,426.57,0.31,0.07,0.18,mixed_edge
1-2,wave_bucket,0-4,11056,2203,19.93,1105600,922160,-183440,83.41,418.59,19.48,83.11,426.57,0.3,0.45,-7.98,mixed_edge
1-3,stadium_code,19,540,101,18.7,54000,45010,-8990,83.35,445.64,15.46,77.27,499.69,6.08,3.24,-54.05,mixed_edge
1-3,stadium_code x target_lane,19 | 3,540,101,18.7,54000,45010,-8990,83.35,445.64,15.46,77.27,499.69,6.08,3.24,-54.05,mixed_edge
1-2,other_a_count_bucket,0,1793,464,25.88,179300,149420,-29880,83.34,322.03,19.48,83.11,426.57,0.23,6.4,-104.54,mixed_edge
1-2,other_group_pattern,B-B-B-B,1793,464,25.88,179300,149420,-29880,83.34,322.03,19.48,83.11,426.57,0.23,6.4,-104.54,mixed_edge
1-2,target_lane x other_a_count_bucket,2 | 0,1793,464,25.88,179300,149420,-29880,83.34,322.03,19.48,83.11,426.57,0.23,6.4,-104.54,mixed_edge
1-3,target_exhibition_st_rank_bucket,2,2699,486,18.01,269900,224550,-45350,83.2,462.04,15.46,77.27,499.69,5.93,2.55,-37.65,mixed_edge
1-3,target_lane x target_exhibition_st_rank_bucket,3 | 2,2699,486,18.01,269900,224550,-45350,83.2,462.04,15.46,77.27,499.69,5.93,2.55,-37.65,mixed_edge
1-2,target_boat_rank_bucket,3,2297,436,18.98,229700,191080,-38620,83.19,438.26,19.48,83.11,426.57,0.08,-0.5,11.69,mixed_edge
1-4,target_exhibition_rank_bucket x other_exhibition_faster_than_target_count_bucket,2 | 1,1186,128,10.79,118600,98650,-19950,83.18,770.7,10.48,75.82,723.82,7.36,0.31,46.88,mixed_edge
1-4,lane1_target_group_pair x other_a_count_bucket,B-B | 0,621,64,10.31,62100,51650,-10450,83.17,807.03,10.48,75.82,723.82,7.35,-0.17,83.21,mixed_edge
1-3,target_exhibition_rank_bucket x other_exhibition_faster_than_target_count_bucket,3 | 2,769,105,13.65,76900,63950,-12950,83.16,609.05,15.46,77.27,499.69,5.89,-1.81,109.36,mixed_edge
1-2,target_national_win_rank_bucket x other_national_better_than_target_count_bucket,3 | 1,1404,367,26.14,140400,116740,-23660,83.15,318.09,19.48,83.11,426.57,0.04,6.66,-108.48,mixed_edge
1-2,target_lane,2,13852,2699,19.48,1385200,1151300,-233900,83.11,426.57,19.48,83.11,426.57,0.0,0.0,0.0,mixed_edge
1-2,target_lane_zone,inner_2_3,13852,2699,19.48,1385200,1151300,-233900,83.11,426.57,19.48,83.11,426.57,0.0,0.0,0.0,mixed_edge
1-4,lane1_national_win_rank_bucket,4+,5122,402,7.85,512200,425590,-86610,83.09,1058.68,10.48,75.82,723.82,7.27,-2.63,334.86,mixed_edge
1-2,lane1_target_local_win_diff_bucket,target_plus_0.35_1.00,1647,348,21.13,164700,136820,-27880,83.07,393.16,19.48,83.11,426.57,-0.04,1.65,-33.41,mixed_edge
1-6,lane1_target_national_rank_pair x target_outer_pressure_bucket,2-1 | high_other_pressure,295,35,11.86,29500,24500,-5000,83.05,700.0,3.98,73.03,1832.72,10.02,7.88,-1132.72,mixed_edge
1-2,lane1_target_group_pair x other_a_count_bucket,A-B | 3,478,75,15.69,47800,39690,-8110,83.03,529.2,19.48,83.11,426.57,-0.08,-3.79,102.63,mixed_edge
1-2,lane1_target_exhibition_st_rank_pair,2-3,704,146,20.74,70400,58440,-11960,83.01,400.27,19.48,83.11,426.57,-0.1,1.26,-26.3,mixed_edge
1-2,lane1_exhibition_st_rank_bucket x target_exhibition_st_rank_bucket,2 | 3,704,146,20.74,70400,58440,-11960,83.01,400.27,19.48,83.11,426.57,-0.1,1.26,-26.3,mixed_edge
1-5,lane1_target_group_pair x other_a_count_bucket,B-A | 2,875,46,5.26,87500,72620,-14880,82.99,1578.7,6.36,75.45,1186.29,7.54,-1.1,392.41,mixed_edge
1-2,lane1_target_group_pair x other_a_count_bucket,B-B | 0,621,120,19.32,62100,51530,-10570,82.98,429.42,19.48,83.11,426.57,-0.13,-0.16,2.85,mixed_edge
1-5,lane1_target_start_gap_pair x target_outer_pressure_bucket,best-0.04-0.06 | some_other_pressure,141,20,14.18,14100,11700,-2400,82.98,585.0,6.36,75.45,1186.29,7.53,7.82,-601.29,mixed_edge
1-5,target_national_win_rank_bucket x other_national_better_than_target_count_bucket,3 | 1,1166,102,8.75,116600,96710,-19890,82.94,948.14,6.36,75.45,1186.29,7.49,2.39,-238.15,mixed_edge
1-6,lane1_target_national_win_diff_bucket,target_plus_1.00+,2285,146,6.39,228500,189450,-39050,82.91,1297.6,3.98,73.03,1832.72,9.88,2.41,-535.12,mixed_edge
1-3,stadium_code,11,570,91,15.96,57000,47260,-9740,82.91,519.34,15.46,77.27,499.69,5.64,0.5,19.65,mixed_edge
1-3,stadium_code x target_lane,11 | 3,570,91,15.96,57000,47260,-9740,82.91,519.34,15.46,77.27,499.69,5.64,0.5,19.65,mixed_edge
1-2,lane1_target_group_pair x other_a_count_bucket,B-B | 2,1246,129,10.35,124600,103270,-21330,82.88,800.54,19.48,83.11,426.57,-0.23,-9.13,373.97,mixed_edge
1-2,lane1_boat_rank_bucket,1,2555,496,19.41,255500,211620,-43880,82.83,426.65,19.48,83.11,426.57,-0.28,-0.07,0.08,mixed_edge
1-3,other_exhibition_faster_than_target_count_bucket,1,3018,512,16.96,301800,249930,-51870,82.81,488.14,15.46,77.27,499.69,5.54,1.5,-11.55,mixed_edge
1-6,target_local_win_rank_bucket,3,1934,71,3.67,193400,160150,-33250,82.81,2255.63,3.98,73.03,1832.72,9.78,-0.31,422.91,mixed_edge
1-2,lane1_class_group,A,8305,1936,23.31,830500,687360,-143140,82.76,355.04,19.48,83.11,426.57,-0.35,3.83,-71.53,mixed_edge
1-3,stadium_code,07,683,110,16.11,68300,56520,-11780,82.75,513.82,15.46,77.27,499.69,5.48,0.65,14.13,mixed_edge
1-3,stadium_code x target_lane,07 | 3,683,110,16.11,68300,56520,-11780,82.75,513.82,15.46,77.27,499.69,5.48,0.65,14.13,mixed_edge
1-6,lane1_target_start_gap_pair x target_outer_pressure_bucket,<=0.03-0.04-0.06 | low_other_pressure,37,4,10.81,3700,3060,-640,82.7,765.0,3.98,73.03,1832.72,9.67,6.83,-1067.72,mixed_edge
1-4,lane1_class,B1,5268,399,7.57,526800,435480,-91320,82.67,1091.43,10.48,75.82,723.82,6.85,-2.91,367.61,mixed_edge
1-3,lane1_national_win_rank_bucket,3,2334,362,15.51,233400,192850,-40550,82.63,532.73,15.46,77.27,499.69,5.36,0.05,33.04,mixed_edge
1-3,lane1_exhibition_rank_bucket,3,2284,352,15.41,228400,188700,-39700,82.62,536.08,15.46,77.27,499.69,5.35,-0.05,36.39,mixed_edge
1-2,lane1_target_class_pair,A2-B1,2501,430,17.19,250100,206590,-43510,82.6,480.44,19.48,83.11,426.57,-0.51,-2.29,53.87,mixed_edge
1-4,lane1_target_national_rank_pair,2-1,672,164,24.4,67200,55510,-11690,82.6,338.48,10.48,75.82,723.82,6.78,13.92,-385.34,mixed_edge
1-4,target_lane x lane1_target_national_rank_pair,4 | 2-1,672,164,24.4,67200,55510,-11690,82.6,338.48,10.48,75.82,723.82,6.78,13.92,-385.34,mixed_edge
1-2,stadium_code,15,637,139,21.82,63700,52610,-11090,82.59,378.49,19.48,83.11,426.57,-0.52,2.34,-48.08,mixed_edge
1-2,stadium_code x target_lane,15 | 2,637,139,21.82,63700,52610,-11090,82.59,378.49,19.48,83.11,426.57,-0.52,2.34,-48.08,mixed_edge
1-4,stadium_code,10,544,59,10.85,54400,44930,-9470,82.59,761.53,10.48,75.82,723.82,6.77,0.37,37.71,mixed_edge
1-4,stadium_code x target_lane,10 | 4,544,59,10.85,54400,44930,-9470,82.59,761.53,10.48,75.82,723.82,6.77,0.37,37.71,mixed_edge
1-3,lane1_target_national_rank_pair x target_outer_pressure_bucket,3-2 | high_other_pressure,252,53,21.03,25200,20810,-4390,82.58,392.64,15.46,77.27,499.69,5.31,5.57,-107.05,mixed_edge
1-5,lane1_target_national_rank_pair x target_outer_pressure_bucket,2-4+ | high_other_pressure,1846,88,4.77,184600,152420,-32180,82.57,1732.05,6.36,75.45,1186.29,7.12,-1.59,545.76,mixed_edge
1-4,target_boat_rank_bucket,1,2249,239,10.63,224900,185680,-39220,82.56,776.9,10.48,75.82,723.82,6.74,0.15,53.08,mixed_edge
1-3,lane1_motor_rank_bucket,1,2652,457,17.23,265200,218910,-46290,82.55,479.02,15.46,77.27,499.69,5.28,1.77,-20.67,mixed_edge
1-2,target_outer_pressure_bucket,high_other_pressure,10617,1849,17.42,1061700,876310,-185390,82.54,473.94,19.48,83.11,426.57,-0.57,-2.06,47.37,mixed_edge
1-2,target_lane x target_outer_pressure_bucket,2 | high_other_pressure,10617,1849,17.42,1061700,876310,-185390,82.54,473.94,19.48,83.11,426.57,-0.57,-2.06,47.37,mixed_edge
1-2,target_boat_rank_bucket,4+,6711,1300,19.37,671100,553860,-117240,82.53,426.05,19.48,83.11,426.57,-0.58,-0.11,-0.52,mixed_edge
1-2,lane1_target_boat_place_diff_bucket,target_plus_10+,1610,302,18.76,161000,132820,-28180,82.5,439.8,19.48,83.11,426.57,-0.61,-0.72,13.23,mixed_edge
1-3,lane1_target_national_rank_pair,2-1,609,188,30.87,60900,50240,-10660,82.5,267.23,15.46,77.27,499.69,5.23,15.41,-232.46,mixed_edge
1-3,target_lane x lane1_target_national_rank_pair,3 | 2-1,609,188,30.87,60900,50240,-10660,82.5,267.23,15.46,77.27,499.69,5.23,15.41,-232.46,mixed_edge
1-5,lane1_target_national_rank_pair,2-4+,1848,88,4.76,184800,152420,-32380,82.48,1732.05,6.36,75.45,1186.29,7.03,-1.6,545.76,mixed_edge
1-5,target_lane x lane1_target_national_rank_pair,5 | 2-4+,1848,88,4.76,184800,152420,-32380,82.48,1732.05,6.36,75.45,1186.29,7.03,-1.6,545.76,mixed_edge
1-3,target_exhibition_rank_bucket,2,2285,413,18.07,228500,188420,-40080,82.46,456.22,15.46,77.27,499.69,5.19,2.61,-43.47,mixed_edge
1-6,target_national_win_rank_bucket,3,2083,81,3.89,208300,171750,-36550,82.45,2120.37,3.98,73.03,1832.72,9.42,-0.09,287.65,mixed_edge
1-3,lane1_target_national_rank_pair x target_outer_pressure_bucket,2-3 | high_other_pressure,326,63,19.33,32600,26880,-5720,82.45,426.67,15.46,77.27,499.69,5.18,3.87,-73.02,mixed_edge
1-3,lane1_target_start_exhibition_st_diff_bucket,target_faster_0.03_0.06,1720,277,16.1,172000,141790,-30210,82.44,511.88,15.46,77.27,499.69,5.17,0.64,12.19,mixed_edge
1-2,other_b2_count_bucket,0,10183,1990,19.54,1018300,839370,-178930,82.43,421.79,19.48,83.11,426.57,-0.68,0.06,-4.78,mixed_edge
1-2,other_group_pattern,A-B-B-A,945,134,14.18,94500,77890,-16610,82.42,581.27,19.48,83.11,426.57,-0.69,-5.3,154.7,mixed_edge
1-4,other_group_pattern,A-B-B-B,920,111,12.07,92000,75820,-16180,82.41,683.06,10.48,75.82,723.82,6.59,1.59,-40.76,mixed_edge
1-5,lane1_target_national_rank_pair x target_outer_pressure_bucket,1-2 | high_other_pressure,357,48,13.45,35700,29420,-6280,82.41,612.92,6.36,75.45,1186.29,6.96,7.09,-573.37,mixed_edge
1-4,lane1_target_class_pair,B1-A2,1169,113,9.67,116900,96330,-20570,82.4,852.48,10.48,75.82,723.82,6.58,-0.81,128.66,mixed_edge
1-3,other_a_count_bucket,3,1790,211,11.79,179000,147470,-31530,82.39,698.91,15.46,77.27,499.69,5.12,-3.67,199.22,mixed_edge
1-3,target_lane x other_a_count_bucket,3 | 3,1790,211,11.79,179000,147470,-31530,82.39,698.91,15.46,77.27,499.69,5.12,-3.67,199.22,mixed_edge
1-2,lane1_target_group_pair x other_a_count_bucket,A-A | 4,1545,370,23.95,154500,127290,-27210,82.39,344.03,19.48,83.11,426.57,-0.72,4.47,-82.54,mixed_edge
1-4,lane1_target_group_pair x target_outer_pressure_bucket,B-B | high_other_pressure,3315,174,5.25,331500,272950,-58550,82.34,1568.68,10.48,75.82,723.82,6.52,-5.23,844.86,mixed_edge
1-6,lane1_target_boat_place_diff_bucket,lane1_plus_4_10,2521,112,4.44,252100,207570,-44530,82.34,1853.3,3.98,73.03,1832.72,9.31,0.46,20.58,mixed_edge
1-3,other_exhibition_faster_than_target_count_bucket,2,2811,447,15.9,281100,231440,-49660,82.33,517.76,15.46,77.27,499.69,5.06,0.44,18.07,mixed_edge
1-3,lane1_target_boat_place_diff_bucket,target_plus_4_10,2564,405,15.8,256400,211060,-45340,82.32,521.14,15.46,77.27,499.69,5.05,0.34,21.45,mixed_edge
1-6,target_class_group x target_outer_pressure_bucket,A | low_other_pressure,756,80,10.58,75600,62230,-13370,82.31,777.88,3.98,73.03,1832.72,9.28,6.6,-1054.84,mixed_edge
1-5,lane1_target_class_pair,B2-A2,61,4,6.56,6100,5020,-1080,82.3,1255.0,6.36,75.45,1186.29,6.85,0.2,68.71,mixed_edge
1-2,lane1_target_national_rank_pair x target_outer_pressure_bucket,4+-1 | some_other_pressure,248,49,19.76,24800,20400,-4400,82.26,416.33,19.48,83.11,426.57,-0.85,0.28,-10.24,mixed_edge
1-3,lane1_target_motor_place_diff_bucket,target_plus_4_10,2453,376,15.33,245300,201630,-43670,82.2,536.25,15.46,77.27,499.69,4.93,-0.13,36.56,mixed_edge
1-6,target_exhibition_rank_bucket,2,1872,90,4.81,187200,153870,-33330,82.2,1709.67,3.98,73.03,1832.72,9.17,0.83,-123.05,mixed_edge
1-4,lane1_target_start_gap_pair x target_outer_pressure_bucket,<=0.03-best | some_other_pressure,127,24,18.9,12700,10440,-2260,82.2,435.0,10.48,75.82,723.82,6.38,8.42,-288.82,mixed_edge
1-3,meeting_phase_bucket,day1-2,5035,763,15.15,503500,413850,-89650,82.19,542.4,15.46,77.27,499.69,4.92,-0.31,42.71,mixed_edge
1-3,meeting_phase_bucket x target_lane,day1-2 | 3,5035,763,15.15,503500,413850,-89650,82.19,542.4,15.46,77.27,499.69,4.92,-0.31,42.71,mixed_edge
1-2,wind_bucket,7+,995,183,18.39,99500,81760,-17740,82.17,446.78,19.48,83.11,426.57,-0.94,-1.09,20.21,mixed_edge
1-2,stadium_code,10,544,121,22.24,54400,44700,-9700,82.17,369.42,19.48,83.11,426.57,-0.94,2.76,-57.15,mixed_edge
1-2,stadium_code x target_lane,10 | 2,544,121,22.24,54400,44700,-9700,82.17,369.42,19.48,83.11,426.57,-0.94,2.76,-57.15,mixed_edge
1-2,lane1_target_national_win_diff_bucket,target_plus_1.00+,2447,383,15.65,244700,201050,-43650,82.16,524.93,19.48,83.11,426.57,-0.95,-3.83,98.36,mixed_edge
1-2,lane1_national_win_rank_bucket,4+,5122,705,13.76,512200,420750,-91450,82.15,596.81,19.48,83.11,426.57,-0.96,-5.72,170.24,mixed_edge
1-3,lane1_target_group_pair,B-B,3269,307,9.39,326900,268410,-58490,82.11,874.3,15.46,77.27,499.69,4.84,-6.07,374.61,mixed_edge
1-5,lane1_target_class_pair,A1-B1,1620,110,6.79,162000,133020,-28980,82.11,1209.27,6.36,75.45,1186.29,6.66,0.43,22.98,mixed_edge
1-5,lane1_target_local_win_diff_bucket,target_plus_1.00+,3076,235,7.64,307600,252490,-55110,82.08,1074.43,6.36,75.45,1186.29,6.63,1.28,-111.86,mixed_edge
1-3,lane1_boat_rank_bucket,3,2303,381,16.54,230300,189040,-41260,82.08,496.17,15.46,77.27,499.69,4.81,1.08,-3.52,mixed_edge
1-6,target_exhibition_rank_bucket,3,2051,83,4.05,205100,168300,-36800,82.06,2027.71,3.98,73.03,1832.72,9.03,0.07,194.99,mixed_edge
1-3,stadium_code,03,636,79,12.42,63600,52170,-11430,82.03,660.38,15.46,77.27,499.69,4.76,-3.04,160.69,mixed_edge
1-3,stadium_code x target_lane,03 | 3,636,79,12.42,63600,52170,-11430,82.03,660.38,15.46,77.27,499.69,4.76,-3.04,160.69,mixed_edge
1-3,target_exhibition_rank_bucket x other_exhibition_faster_than_target_count_bucket,4+ | 2,2042,342,16.75,204200,167490,-36710,82.02,489.74,15.46,77.27,499.69,4.75,1.29,-9.95,mixed_edge
1-6,other_national_better_than_target_count_bucket,3,2434,60,2.47,243400,199500,-43900,81.96,3325.0,3.98,73.03,1832.72,8.93,-1.51,1492.28,mixed_edge
1-6,target_national_win_rank_bucket x other_national_better_than_target_count_bucket,4+ | 3,2434,60,2.47,243400,199500,-43900,81.96,3325.0,3.98,73.03,1832.72,8.93,-1.51,1492.28,mixed_edge
1-5,month,2025-02,4340,288,6.64,434000,355560,-78440,81.93,1234.58,6.36,75.45,1186.29,6.48,0.28,48.29,mixed_edge
1-2,target_class_group x target_outer_pressure_bucket,A | low_other_pressure,860,250,29.07,86000,70450,-15550,81.92,281.8,19.48,83.11,426.57,-1.19,9.59,-144.77,mixed_edge
1-6,lane1_target_start_gap_pair x target_outer_pressure_bucket,best->0.06 | some_other_pressure,300,14,4.67,30000,24570,-5430,81.9,1755.0,3.98,73.03,1832.72,8.87,0.69,-77.72,mixed_edge
1-2,lane1_class,B1,5268,728,13.82,526800,431400,-95400,81.89,592.58,19.48,83.11,426.57,-1.22,-5.66,166.01,mixed_edge
1-2,lane1_target_local_win_diff_bucket,near_equal,2138,432,20.21,213800,175080,-38720,81.89,405.28,19.48,83.11,426.57,-1.22,0.73,-21.29,mixed_edge
1-2,target_exhibition_rank_bucket x other_exhibition_faster_than_target_count_bucket,2 | 1,1427,263,18.43,142700,116830,-25870,81.87,444.22,19.48,83.11,426.57,-1.24,-1.05,17.65,mixed_edge
1-4,target_exhibition_rank_bucket,2,2150,267,12.42,215000,175980,-39020,81.85,659.1,10.48,75.82,723.82,6.03,1.94,-64.72,mixed_edge
1-4,lane1_target_start_gap_pair,0.04-0.06-0.04-0.06,481,55,11.43,48100,39370,-8730,81.85,715.82,10.48,75.82,723.82,6.03,0.95,-8.0,mixed_edge
1-4,target_lane x lane1_target_start_gap_pair,4 | 0.04-0.06-0.04-0.06,481,55,11.43,48100,39370,-8730,81.85,715.82,10.48,75.82,723.82,6.03,0.95,-8.0,mixed_edge
1-4,lane1_start_exhibition_gap_bucket x target_start_exhibition_gap_bucket,0.04-0.06 | 0.04-0.06,481,55,11.43,48100,39370,-8730,81.85,715.82,10.48,75.82,723.82,6.03,0.95,-8.0,mixed_edge
1-4,lane1_target_group_pair x other_a_count_bucket,B-B | 1,797,56,7.03,79700,65220,-14480,81.83,1164.64,10.48,75.82,723.82,6.01,-3.45,440.82,mixed_edge
1-3,lane1_target_class_pair,B1-B1,2897,280,9.67,289700,237020,-52680,81.82,846.5,15.46,77.27,499.69,4.55,-5.79,346.81,mixed_edge
1-2,lane1_target_group_pair x other_a_count_bucket,A-A | 1,862,276,32.02,86200,70530,-15670,81.82,255.54,19.48,83.11,426.57,-1.29,12.54,-171.03,mixed_edge
1-5,stadium_code,09,408,22,5.39,40800,33380,-7420,81.81,1517.27,6.36,75.45,1186.29,6.36,-0.97,330.98,mixed_edge
1-5,stadium_code x target_lane,09 | 5,408,22,5.39,40800,33380,-7420,81.81,1517.27,6.36,75.45,1186.29,6.36,-0.97,330.98,mixed_edge
1-3,other_exhibition_faster_than_target_count_bucket,3,2589,352,13.6,258900,211730,-47170,81.78,601.51,15.46,77.27,499.69,4.51,-1.86,101.82,mixed_edge
1-3,target_exhibition_rank_bucket x other_exhibition_faster_than_target_count_bucket,4+ | 3,2589,352,13.6,258900,211730,-47170,81.78,601.51,15.46,77.27,499.69,4.51,-1.86,101.82,mixed_edge
1-3,stadium_code,22,442,71,16.06,44200,36140,-8060,81.76,509.01,15.46,77.27,499.69,4.49,0.6,9.32,mixed_edge
1-3,stadium_code x target_lane,22 | 3,442,71,16.06,44200,36140,-8060,81.76,509.01,15.46,77.27,499.69,4.49,0.6,9.32,mixed_edge
1-4,lane1_target_local_win_diff_bucket,target_plus_1.00+,3202,350,10.93,320200,261640,-58560,81.71,747.54,10.48,75.82,723.82,5.89,0.45,23.72,mixed_edge
1-2,lane1_local_win_rank_bucket,3,2491,446,17.9,249100,203530,-45570,81.71,456.35,19.48,83.11,426.57,-1.4,-1.58,29.78,mixed_edge
1-2,lane1_target_national_rank_pair,4+-4+,1762,170,9.65,176200,143950,-32250,81.7,846.76,19.48,83.11,426.57,-1.41,-9.83,420.19,mixed_edge
1-2,target_lane x lane1_target_national_rank_pair,2 | 4+-4+,1762,170,9.65,176200,143950,-32250,81.7,846.76,19.48,83.11,426.57,-1.41,-9.83,420.19,mixed_edge
1-2,lane1_target_national_rank_pair x target_outer_pressure_bucket,4+-4+ | high_other_pressure,1762,170,9.65,176200,143950,-32250,81.7,846.76,19.48,83.11,426.57,-1.41,-9.83,420.19,mixed_edge
1-2,target_local_win_rank_bucket,4+,6719,1102,16.4,671900,548760,-123140,81.67,497.97,19.48,83.11,426.57,-1.44,-3.08,71.4,mixed_edge
1-5,wind_bucket,3-4,4648,310,6.67,464800,379540,-85260,81.66,1224.32,6.36,75.45,1186.29,6.21,0.31,38.03,mixed_edge
1-2,wave_bucket,5-9,2528,455,18.0,252800,206360,-46440,81.63,453.54,19.48,83.11,426.57,-1.48,-1.48,26.97,mixed_edge
1-3,other_group_pattern,A-B-A-A,451,55,12.2,45100,36810,-8290,81.62,669.27,15.46,77.27,499.69,4.35,-3.26,169.58,mixed_edge
1-3,lane1_target_national_rank_pair x target_outer_pressure_bucket,1-2 | some_other_pressure,181,57,31.49,18100,14770,-3330,81.6,259.12,15.46,77.27,499.69,4.33,16.03,-240.57,mixed_edge
1-3,target_start_exhibition_gap_bucket,best,2621,446,17.02,262100,213830,-48270,81.58,479.44,15.46,77.27,499.69,4.31,1.56,-20.25,mixed_edge
1-3,target_lane x target_start_exhibition_gap_bucket,3 | best,2621,446,17.02,262100,213830,-48270,81.58,479.44,15.46,77.27,499.69,4.31,1.56,-20.25,mixed_edge
1-5,other_group_pattern,A-B-B-B,844,64,7.58,84400,68820,-15580,81.54,1075.31,6.36,75.45,1186.29,6.09,1.22,-110.98,mixed_edge
1-6,wind_bucket,3-4,4648,194,4.17,464800,378890,-85910,81.52,1953.04,3.98,73.03,1832.72,8.49,0.19,120.32,mixed_edge
1-4,stadium_code,02,653,57,8.73,65300,53230,-12070,81.52,933.86,10.48,75.82,723.82,5.7,-1.75,210.04,mixed_edge
1-4,stadium_code x target_lane,02 | 4,653,57,8.73,65300,53230,-12070,81.52,933.86,10.48,75.82,723.82,5.7,-1.75,210.04,mixed_edge
1-3,lane1_target_start_gap_pair x target_outer_pressure_bucket,0.04-0.06-0.04-0.06 | some_other_pressure,86,18,20.93,8600,7010,-1590,81.51,389.44,15.46,77.27,499.69,4.24,5.47,-110.25,mixed_edge
1-3,other_a_count_bucket,2,4521,606,13.4,452100,368360,-83740,81.48,607.85,15.46,77.27,499.69,4.21,-2.06,108.16,mixed_edge
1-3,target_lane x other_a_count_bucket,3 | 2,4521,606,13.4,452100,368360,-83740,81.48,607.85,15.46,77.27,499.69,4.21,-2.06,108.16,mixed_edge
1-6,lane1_target_group_pair x other_a_count_bucket,A-B | 1,1247,40,3.21,124700,101600,-23100,81.48,2540.0,3.98,73.03,1832.72,8.45,-0.77,707.28,mixed_edge
1-3,lane1_exhibition_rank_bucket,1,4072,736,18.07,407200,331750,-75450,81.47,450.75,15.46,77.27,499.69,4.2,2.61,-48.94,mixed_edge
1-6,race_no_bucket,10-12R,3432,128,3.73,343200,279540,-63660,81.45,2183.91,3.98,73.03,1832.72,8.42,-0.25,351.19,mixed_edge
1-6,race_no_bucket x target_lane,10-12R | 6,3432,128,3.73,343200,279540,-63660,81.45,2183.91,3.98,73.03,1832.72,8.42,-0.25,351.19,mixed_edge
1-6,lane1_target_group_pair,A-A,4170,249,5.97,417000,339620,-77380,81.44,1363.94,3.98,73.03,1832.72,8.41,1.99,-468.78,mixed_edge
1-5,lane1_national_win_rank_bucket,1,3503,300,8.56,350300,285270,-65030,81.44,950.9,6.36,75.45,1186.29,5.99,2.2,-235.39,mixed_edge
1-4,lane1_exhibition_rank_bucket,1,4072,519,12.75,407200,331470,-75730,81.4,638.67,10.48,75.82,723.82,5.58,2.27,-85.15,mixed_edge
1-2,target_boat_rank_bucket,1,2243,445,19.84,224300,182570,-41730,81.4,410.27,19.48,83.11,426.57,-1.71,0.36,-16.3,mixed_edge
1-4,target_start_exhibition_gap_bucket,best,2605,308,11.82,260500,212020,-48480,81.39,688.38,10.48,75.82,723.82,5.57,1.34,-35.44,mixed_edge
1-4,target_lane x target_start_exhibition_gap_bucket,4 | best,2605,308,11.82,260500,212020,-48480,81.39,688.38,10.48,75.82,723.82,5.57,1.34,-35.44,mixed_edge
1-2,lane1_target_group_pair x target_outer_pressure_bucket,B-B | some_other_pressure,269,49,18.22,26900,21890,-5010,81.38,446.73,19.48,83.11,426.57,-1.73,-1.26,20.16,mixed_edge
1-3,target_exhibition_st_rank_bucket,1,2075,350,16.87,207500,168850,-38650,81.37,482.43,15.46,77.27,499.69,4.1,1.41,-17.26,mixed_edge
1-3,target_lane x target_exhibition_st_rank_bucket,3 | 1,2075,350,16.87,207500,168850,-38650,81.37,482.43,15.46,77.27,499.69,4.1,1.41,-17.26,mixed_edge
1-3,target_exhibition_st_rank_bucket x other_st_faster_than_target_count_bucket,1 | 0,2075,350,16.87,207500,168850,-38650,81.37,482.43,15.46,77.27,499.69,4.1,1.41,-17.26,mixed_edge
1-3,target_national_win_rank_bucket,4+,6870,824,11.99,687000,558950,-128050,81.36,678.34,15.46,77.27,499.69,4.09,-3.47,178.65,mixed_edge
1-4,lane1_target_group_pair x other_a_count_bucket,A-B | 2,1365,109,7.99,136500,111020,-25480,81.33,1018.53,10.48,75.82,723.82,5.51,-2.49,294.71,mixed_edge
1-5,target_national_win_rank_bucket x other_national_better_than_target_count_bucket,4+ | 2,1764,119,6.75,176400,143440,-32960,81.32,1205.38,6.36,75.45,1186.29,5.87,0.39,19.09,mixed_edge
1-6,stadium_code,15,637,23,3.61,63700,51780,-11920,81.29,2251.3,3.98,73.03,1832.72,8.26,-0.37,418.58,mixed_edge
1-6,stadium_code x target_lane,15 | 6,637,23,3.61,63700,51780,-11920,81.29,2251.3,3.98,73.03,1832.72,8.26,-0.37,418.58,mixed_edge
1-4,lane1_boat_rank_bucket,4+,6639,712,10.72,663900,539630,-124270,81.28,757.91,10.48,75.82,723.82,5.46,0.24,34.09,mixed_edge
1-2,lane1_target_boat_place_diff_bucket,near_equal,5545,1095,19.75,554500,450690,-103810,81.28,411.59,19.48,83.11,426.57,-1.83,0.27,-14.98,mixed_edge
1-2,target_motor_rank_bucket,4+,6731,1268,18.84,673100,546990,-126110,81.26,431.38,19.48,83.11,426.57,-1.85,-0.64,4.81,mixed_edge
1-2,race_no_bucket,10-12R,3432,849,24.74,343200,278870,-64330,81.26,328.47,19.48,83.11,426.57,-1.85,5.26,-98.1,mixed_edge
1-2,race_no_bucket x target_lane,10-12R | 2,3432,849,24.74,343200,278870,-64330,81.26,328.47,19.48,83.11,426.57,-1.85,5.26,-98.1,mixed_edge
1-2,lane1_national_win_rank_bucket,2,2893,603,20.84,289300,235050,-54250,81.25,389.8,19.48,83.11,426.57,-1.86,1.36,-36.77,mixed_edge
1-4,other_st_faster_than_target_count_bucket,2,3438,368,10.7,343800,279300,-64500,81.24,758.97,10.48,75.82,723.82,5.42,0.22,35.15,mixed_edge
1-4,lane1_class_group,B,5547,416,7.5,554700,450400,-104300,81.2,1082.69,10.48,75.82,723.82,5.38,-2.98,358.87,mixed_edge
1-6,lane1_target_exhibition_time_diff_bucket x lane1_target_start_exhibition_st_diff_bucket,target_faster_0.05_0.10 | target_faster_0.06+,264,15,5.68,26400,21430,-4970,81.17,1428.67,3.98,73.03,1832.72,8.14,1.7,-404.05,mixed_edge
1-3,target_class_group x target_outer_pressure_bucket,B | high_other_pressure,6700,770,11.49,670000,543740,-126260,81.16,706.16,15.46,77.27,499.69,3.89,-3.97,206.47,mixed_edge
1-2,lane1_exhibition_rank_bucket,3,2284,432,18.91,228400,185350,-43050,81.15,429.05,19.48,83.11,426.57,-1.96,-0.57,2.48,mixed_edge
1-2,month,2025-02,4340,813,18.73,434000,352150,-81850,81.14,433.15,19.48,83.11,426.57,-1.97,-0.75,6.58,mixed_edge
1-3,lane1_target_group_pair x other_a_count_bucket,B-B | 1,714,77,10.78,71400,57890,-13510,81.08,751.82,15.46,77.27,499.69,3.81,-4.68,252.13,mixed_edge
1-3,race_no_bucket,1-3R,3489,518,14.85,348900,282860,-66040,81.07,546.06,15.46,77.27,499.69,3.8,-0.61,46.37,mixed_edge
1-3,race_no_bucket x target_lane,1-3R | 3,3489,518,14.85,348900,282860,-66040,81.07,546.06,15.46,77.27,499.69,3.8,-0.61,46.37,mixed_edge
1-2,race_no_bucket,7-9R,3454,649,18.79,345400,280010,-65390,81.07,431.45,19.48,83.11,426.57,-2.04,-0.69,4.88,mixed_edge
1-2,race_no_bucket x target_lane,7-9R | 2,3454,649,18.79,345400,280010,-65390,81.07,431.45,19.48,83.11,426.57,-2.04,-0.69,4.88,mixed_edge
1-4,other_exhibition_faster_than_target_count_bucket,2,2745,291,10.6,274500,222540,-51960,81.07,764.74,10.48,75.82,723.82,5.25,0.12,40.92,mixed_edge
1-4,lane1_target_exhibition_time_diff_bucket x lane1_target_start_exhibition_st_diff_bucket,lane1_faster_0.10+ | lane1_faster_0.03_0.06,315,37,11.75,31500,25530,-5970,81.05,690.0,10.48,75.82,723.82,5.23,1.27,-33.82,mixed_edge
1-5,meeting_phase_bucket,day5+,3750,255,6.8,375000,303760,-71240,81.0,1191.22,6.36,75.45,1186.29,5.55,0.44,4.93,mixed_edge
1-5,meeting_phase_bucket x target_lane,day5+ | 5,3750,255,6.8,375000,303760,-71240,81.0,1191.22,6.36,75.45,1186.29,5.55,0.44,4.93,mixed_edge
1-2,lane1_target_national_rank_pair,2-3,663,147,22.17,66300,53700,-12600,81.0,365.31,19.48,83.11,426.57,-2.11,2.69,-61.26,mixed_edge
1-2,target_lane x lane1_target_national_rank_pair,2 | 2-3,663,147,22.17,66300,53700,-12600,81.0,365.31,19.48,83.11,426.57,-2.11,2.69,-61.26,mixed_edge
1-2,lane1_target_local_win_diff_bucket,lane1_plus_1.00+,4884,911,18.65,488400,395510,-92890,80.98,434.15,19.48,83.11,426.57,-2.13,-0.83,7.58,mixed_edge
1-3,month,2025-02,4340,693,15.97,434000,351450,-82550,80.98,507.14,15.46,77.27,499.69,3.71,0.51,7.45,mixed_edge
1-5,lane1_start_exhibition_gap_bucket,0.04-0.06,2440,172,7.05,244000,197570,-46430,80.97,1148.66,6.36,75.45,1186.29,5.52,0.69,-37.63,mixed_edge
1-6,stadium_code,17,598,21,3.51,59800,48410,-11390,80.95,2305.24,3.98,73.03,1832.72,7.92,-0.47,472.52,mixed_edge
1-6,stadium_code x target_lane,17 | 6,598,21,3.51,59800,48410,-11390,80.95,2305.24,3.98,73.03,1832.72,7.92,-0.47,472.52,mixed_edge
1-2,lane1_target_group_pair x target_outer_pressure_bucket,A-A | some_other_pressure,966,297,30.75,96600,78190,-18410,80.94,263.27,19.48,83.11,426.57,-2.17,11.27,-163.3,mixed_edge
1-2,meeting_phase_bucket,day1-2,5035,936,18.59,503500,407330,-96170,80.9,435.18,19.48,83.11,426.57,-2.21,-0.89,8.61,mixed_edge
1-2,meeting_phase_bucket x target_lane,day1-2 | 2,5035,936,18.59,503500,407330,-96170,80.9,435.18,19.48,83.11,426.57,-2.21,-0.89,8.61,mixed_edge
1-2,month,2025-01,4995,953,19.08,499500,403990,-95510,80.88,423.91,19.48,83.11,426.57,-2.23,-0.4,-2.66,mixed_edge
1-4,lane1_target_local_win_diff_bucket,target_plus_0.35_1.00,1551,192,12.38,155100,125430,-29670,80.87,653.28,10.48,75.82,723.82,5.05,1.9,-70.54,mixed_edge
1-4,target_boat_rank_bucket,3,2254,245,10.87,225400,182260,-43140,80.86,743.92,10.48,75.82,723.82,5.04,0.39,20.1,mixed_edge
1-3,target_boat_rank_bucket,1,2269,354,15.6,226900,183420,-43480,80.84,518.14,15.46,77.27,499.69,3.57,0.14,18.45,mixed_edge
1-6,target_outer_pressure_bucket,low_other_pressure,831,86,10.35,83100,67140,-15960,80.79,780.7,3.98,73.03,1832.72,7.76,6.37,-1052.02,mixed_edge
1-6,target_lane x target_outer_pressure_bucket,6 | low_other_pressure,831,86,10.35,83100,67140,-15960,80.79,780.7,3.98,73.03,1832.72,7.76,6.37,-1052.02,mixed_edge
1-5,lane1_target_group_pair x target_outer_pressure_bucket,A-B | high_other_pressure,4126,214,5.19,412600,333290,-79310,80.78,1557.43,6.36,75.45,1186.29,5.33,-1.17,371.14,mixed_edge
1-3,target_class_group,B,7352,910,12.38,735200,593430,-141770,80.72,652.12,15.46,77.27,499.69,3.45,-3.08,152.43,mixed_edge
1-3,target_lane x target_class_group,3 | B,7352,910,12.38,735200,593430,-141770,80.72,652.12,15.46,77.27,499.69,3.45,-3.08,152.43,mixed_edge
1-2,lane1_target_local_win_diff_bucket,lane1_plus_0.35_1.00,1886,417,22.11,188600,152220,-36380,80.71,365.04,19.48,83.11,426.57,-2.4,2.63,-61.53,mixed_edge
1-3,target_exhibition_st_rank_bucket x other_st_faster_than_target_count_bucket,4+ | 1,168,30,17.86,16800,13560,-3240,80.71,452.0,15.46,77.27,499.69,3.44,2.4,-47.69,mixed_edge
1-5,other_group_pattern,A-B-B-A,783,42,5.36,78300,63170,-15130,80.68,1504.05,6.36,75.45,1186.29,5.23,-1.0,317.76,mixed_edge
1-4,other_group_pattern,B-B-A-A,503,53,10.54,50300,40580,-9720,80.68,765.66,10.48,75.82,723.82,4.86,0.06,41.84,mixed_edge
1-5,lane1_motor_rank_bucket,1,2652,183,6.9,265200,213930,-51270,80.67,1169.02,6.36,75.45,1186.29,5.22,0.54,-17.27,mixed_edge
1-3,lane1_target_local_win_diff_bucket,lane1_plus_0.35_1.00,1885,314,16.66,188500,152020,-36480,80.65,484.14,15.46,77.27,499.69,3.38,1.2,-15.55,mixed_edge
1-2,other_national_better_than_target_count_bucket,3,2878,415,14.42,287800,232080,-55720,80.64,559.23,19.48,83.11,426.57,-2.47,-5.06,132.66,mixed_edge
1-2,target_national_win_rank_bucket x other_national_better_than_target_count_bucket,4+ | 3,2878,415,14.42,287800,232080,-55720,80.64,559.23,19.48,83.11,426.57,-2.47,-5.06,132.66,mixed_edge
1-2,other_group_pattern,A-A-B-B,752,108,14.36,75200,60640,-14560,80.64,561.48,19.48,83.11,426.57,-2.47,-5.12,134.91,mixed_edge
1-6,lane1_exhibition_rank_bucket,4+,4285,155,3.62,428500,345450,-83050,80.62,2228.71,3.98,73.03,1832.72,7.59,-0.36,395.99,mixed_edge
1-4,lane1_target_exhibition_time_diff_bucket x lane1_target_start_exhibition_st_diff_bucket,near_equal | near_equal,1752,224,12.79,175200,141250,-33950,80.62,630.58,10.48,75.82,723.82,4.8,2.31,-93.24,mixed_edge
1-3,lane1_target_start_gap_pair x target_outer_pressure_bucket,<=0.03-best | some_other_pressure,187,42,22.46,18700,15070,-3630,80.59,358.81,15.46,77.27,499.69,3.32,7.0,-140.88,mixed_edge
1-2,target_outer_pressure_bucket,low_other_pressure,977,283,28.97,97700,78720,-18980,80.57,278.16,19.48,83.11,426.57,-2.54,9.49,-148.41,mixed_edge
1-2,target_lane x target_outer_pressure_bucket,2 | low_other_pressure,977,283,28.97,97700,78720,-18980,80.57,278.16,19.48,83.11,426.57,-2.54,9.49,-148.41,mixed_edge
1-3,other_national_better_than_target_count_bucket,3,2887,341,11.81,288700,232580,-56120,80.56,682.05,15.46,77.27,499.69,3.29,-3.65,182.36,mixed_edge
1-3,target_national_win_rank_bucket x other_national_better_than_target_count_bucket,4+ | 3,2887,341,11.81,288700,232580,-56120,80.56,682.05,15.46,77.27,499.69,3.29,-3.65,182.36,mixed_edge
1-2,meeting_phase_bucket,day5+,3750,789,21.04,375000,302060,-72940,80.55,382.84,19.48,83.11,426.57,-2.56,1.56,-43.73,mixed_edge
1-2,meeting_phase_bucket x target_lane,day5+ | 2,3750,789,21.04,375000,302060,-72940,80.55,382.84,19.48,83.11,426.57,-2.56,1.56,-43.73,mixed_edge
1-4,lane1_target_national_rank_pair x target_outer_pressure_bucket,3-1 | low_other_pressure,114,23,20.18,11400,9180,-2220,80.53,399.13,10.48,75.82,723.82,4.71,9.7,-324.69,mixed_edge
1-5,lane1_target_group_pair,A-B,4430,246,5.55,443000,356720,-86280,80.52,1450.08,6.36,75.45,1186.29,5.07,-0.81,263.79,mixed_edge
1-5,lane1_target_national_win_diff_bucket,target_plus_1.00+,2172,185,8.52,217200,174850,-42350,80.5,945.14,6.36,75.45,1186.29,5.05,2.16,-241.15,mixed_edge
1-4,lane1_target_exhibition_st_rank_pair,3-1,427,54,12.65,42700,34370,-8330,80.49,636.48,10.48,75.82,723.82,4.67,2.17,-87.34,mixed_edge
1-4,lane1_exhibition_st_rank_bucket x target_exhibition_st_rank_bucket,3 | 1,427,54,12.65,42700,34370,-8330,80.49,636.48,10.48,75.82,723.82,4.67,2.17,-87.34,mixed_edge
1-2,other_exhibition_faster_than_target_count_bucket,3,2325,399,17.16,232500,187060,-45440,80.46,468.82,19.48,83.11,426.57,-2.65,-2.32,42.25,mixed_edge
1-2,target_exhibition_rank_bucket x other_exhibition_faster_than_target_count_bucket,4+ | 3,2325,399,17.16,232500,187060,-45440,80.46,468.82,19.48,83.11,426.57,-2.65,-2.32,42.25,mixed_edge
1-5,target_class,B1,6712,337,5.02,671200,539990,-131210,80.45,1602.34,6.36,75.45,1186.29,5.0,-1.34,416.05,mixed_edge
1-3,lane1_local_win_rank_bucket,3,2491,399,16.02,249100,200250,-48850,80.39,501.88,15.46,77.27,499.69,3.12,0.56,2.19,mixed_edge
1-3,target_motor_rank_bucket,3,2643,423,16.0,264300,212440,-51860,80.38,502.22,15.46,77.27,499.69,3.11,0.54,2.53,mixed_edge
1-3,lane1_target_exhibition_time_diff_bucket,near_equal,6603,1062,16.08,660300,530690,-129610,80.37,499.71,15.46,77.27,499.69,3.1,0.62,0.02,mixed_edge
1-5,lane1_target_group_pair x target_outer_pressure_bucket,B-A | high_other_pressure,1284,81,6.31,128400,103190,-25210,80.37,1273.95,6.36,75.45,1186.29,4.92,-0.05,87.66,mixed_edge
1-4,other_a_count_bucket,2,4458,397,8.91,445800,358190,-87610,80.35,902.24,10.48,75.82,723.82,4.53,-1.57,178.42,mixed_edge
1-4,target_lane x other_a_count_bucket,4 | 2,4458,397,8.91,445800,358190,-87610,80.35,902.24,10.48,75.82,723.82,4.53,-1.57,178.42,mixed_edge
1-3,stadium_code,24,611,122,19.97,61100,49080,-12020,80.33,402.3,15.46,77.27,499.69,3.06,4.51,-97.39,mixed_edge
1-3,stadium_code x target_lane,24 | 3,611,122,19.97,61100,49080,-12020,80.33,402.3,15.46,77.27,499.69,3.06,4.51,-97.39,mixed_edge
1-3,lane1_target_group_pair x other_a_count_bucket,B-A | 0,241,47,19.5,24100,19360,-4740,80.33,411.91,15.46,77.27,499.69,3.06,4.04,-87.78,mixed_edge
1-4,target_start_exhibition_gap_bucket,0.04-0.06,3175,364,11.46,317500,254960,-62540,80.3,700.44,10.48,75.82,723.82,4.48,0.98,-23.38,mixed_edge
1-4,target_lane x target_start_exhibition_gap_bucket,4 | 0.04-0.06,3175,364,11.46,317500,254960,-62540,80.3,700.44,10.48,75.82,723.82,4.48,0.98,-23.38,mixed_edge
1-5,other_a_count_bucket,0,1857,179,9.64,185700,149000,-36700,80.24,832.4,6.36,75.45,1186.29,4.79,3.28,-353.89,mixed_edge
1-5,other_group_pattern,B-B-B-B,1857,179,9.64,185700,149000,-36700,80.24,832.4,6.36,75.45,1186.29,4.79,3.28,-353.89,mixed_edge
1-5,target_lane x other_a_count_bucket,5 | 0,1857,179,9.64,185700,149000,-36700,80.24,832.4,6.36,75.45,1186.29,4.79,3.28,-353.89,mixed_edge
1-3,lane1_local_win_rank_bucket,2,2875,506,17.6,287500,230630,-56870,80.22,455.79,15.46,77.27,499.69,2.95,2.14,-43.9,mixed_edge
1-4,target_exhibition_rank_bucket x other_exhibition_faster_than_target_count_bucket,2 | 0,964,139,14.42,96400,77330,-19070,80.22,556.33,10.48,75.82,723.82,4.4,3.94,-167.49,mixed_edge
1-6,lane1_target_boat_place_diff_bucket,lane1_plus_10+,1631,57,3.49,163100,130730,-32370,80.15,2293.51,3.98,73.03,1832.72,7.12,-0.49,460.79,mixed_edge
1-3,lane1_target_national_rank_pair x target_outer_pressure_bucket,3-1 | low_other_pressure,145,38,26.21,14500,11620,-2880,80.14,305.79,15.46,77.27,499.69,2.87,10.75,-193.9,mixed_edge
1-6,lane1_target_group_pair x target_outer_pressure_bucket,A-A | high_other_pressure,2970,141,4.75,297000,237970,-59030,80.12,1687.73,3.98,73.03,1832.72,7.09,0.77,-144.99,mixed_edge
1-2,other_a_count_bucket,2,4827,766,15.87,482700,386670,-96030,80.11,504.79,19.48,83.11,426.57,-3.0,-3.61,78.22,mixed_edge
1-2,target_lane x other_a_count_bucket,2 | 2,4827,766,15.87,482700,386670,-96030,80.11,504.79,19.48,83.11,426.57,-3.0,-3.61,78.22,mixed_edge
1-2,lane1_target_national_win_diff_bucket,target_plus_0.35_1.00,1918,372,19.4,191800,153650,-38150,80.11,413.04,19.48,83.11,426.57,-3.0,-0.08,-13.53,mixed_edge
1-2,stadium_code,14,451,74,16.41,45100,36130,-8970,80.11,488.24,19.48,83.11,426.57,-3.0,-3.07,61.67,mixed_edge
1-2,stadium_code x target_lane,14 | 2,451,74,16.41,45100,36130,-8970,80.11,488.24,19.48,83.11,426.57,-3.0,-3.07,61.67,mixed_edge
1-6,target_motor_rank_bucket,3,2240,92,4.11,224000,179380,-44620,80.08,1949.78,3.98,73.03,1832.72,7.05,0.13,117.06,mixed_edge
1-2,other_group_pattern,B-A-B-B,1129,225,19.93,112900,90400,-22500,80.07,401.78,19.48,83.11,426.57,-3.04,0.45,-24.79,mixed_edge
1-4,other_b2_count_bucket,1,3005,337,11.21,300500,240490,-60010,80.03,713.62,10.48,75.82,723.82,4.21,0.73,-10.2,mixed_edge
1-5,stadium_code,11,570,42,7.37,57000,45610,-11390,80.02,1085.95,6.36,75.45,1186.29,4.57,1.01,-100.34,mixed_edge
1-5,stadium_code x target_lane,11 | 5,570,42,7.37,57000,45610,-11390,80.02,1085.95,6.36,75.45,1186.29,4.57,1.01,-100.34,mixed_edge
1-2,lane1_target_group_pair x other_a_count_bucket,A-A | 0,245,90,36.73,24500,19600,-4900,80.0,217.78,19.48,83.11,426.57,-3.11,17.25,-208.79,mixed_edge
1-3,target_class,B1,6936,876,12.63,693600,554730,-138870,79.98,633.25,15.46,77.27,499.69,2.71,-2.83,133.56,mixed_edge
1-5,lane1_target_motor_place_diff_bucket,target_plus_10+,1964,140,7.13,196400,157090,-39310,79.98,1122.07,6.36,75.45,1186.29,4.53,0.77,-64.22,mixed_edge
1-4,lane1_target_group_pair x target_outer_pressure_bucket,B-A | high_other_pressure,1234,115,9.32,123400,98670,-24730,79.96,858.0,10.48,75.82,723.82,4.14,-1.16,134.18,mixed_edge
1-4,lane1_target_boat_place_diff_bucket,target_plus_4_10,2441,259,10.61,244100,195170,-48930,79.95,753.55,10.48,75.82,723.82,4.13,0.13,29.73,mixed_edge
1-3,lane1_target_national_win_diff_bucket,lane1_plus_0.35_1.00,2641,445,16.85,264100,211120,-52980,79.94,474.43,15.46,77.27,499.69,2.67,1.39,-25.26,mixed_edge
1-4,other_national_better_than_target_count_bucket,0,2853,527,18.47,285300,228040,-57260,79.93,432.71,10.48,75.82,723.82,4.11,7.99,-291.11,mixed_edge
1-5,lane1_target_boat_place_diff_bucket,target_plus_4_10,2541,169,6.65,254100,203100,-51000,79.93,1201.78,6.36,75.45,1186.29,4.48,0.29,15.49,mixed_edge
1-2,lane1_target_group_pair,B-A,2384,375,15.73,238400,190530,-47870,79.92,508.08,19.48,83.11,426.57,-3.19,-3.75,81.51,mixed_edge
1-5,lane1_exhibition_st_rank_bucket,2,2367,149,6.29,236700,189170,-47530,79.92,1269.6,6.36,75.45,1186.29,4.47,-0.07,83.31,mixed_edge
1-3,lane1_target_exhibition_time_diff_bucket,target_faster_0.05_0.10,1568,258,16.45,156800,125320,-31480,79.92,485.74,15.46,77.27,499.69,2.65,0.99,-13.95,mixed_edge
1-3,target_local_win_rank_bucket,4+,6801,852,12.53,680100,543390,-136710,79.9,637.78,15.46,77.27,499.69,2.63,-2.93,138.09,mixed_edge
1-4,lane1_exhibition_st_rank_bucket,3,1969,206,10.46,196900,157250,-39650,79.86,763.35,10.48,75.82,723.82,4.04,-0.02,39.53,mixed_edge
1-5,other_group_pattern,A-A-B-A,498,23,4.62,49800,39750,-10050,79.82,1728.26,6.36,75.45,1186.29,4.37,-1.74,541.97,mixed_edge
1-6,lane1_target_national_rank_pair x target_outer_pressure_bucket,3-1 | high_other_pressure,249,23,9.24,24900,19870,-5030,79.8,863.91,3.98,73.03,1832.72,6.77,5.26,-968.81,mixed_edge
1-6,lane1_target_motor_place_diff_bucket,target_plus_4_10,2534,107,4.22,253400,202040,-51360,79.73,1888.22,3.98,73.03,1832.72,6.7,0.24,55.5,mixed_edge
1-3,other_group_pattern,A-A-B-B,817,98,12.0,81700,65140,-16560,79.73,664.69,15.46,77.27,499.69,2.46,-3.46,165.0,mixed_edge
1-2,lane1_target_national_win_diff_bucket,near_equal,2791,594,21.28,279100,222470,-56630,79.71,374.53,19.48,83.11,426.57,-3.4,1.8,-52.04,mixed_edge
1-5,stadium_code,20,588,44,7.48,58800,46870,-11930,79.71,1065.23,6.36,75.45,1186.29,4.26,1.12,-121.06,mixed_edge
1-5,stadium_code x target_lane,20 | 5,588,44,7.48,58800,46870,-11930,79.71,1065.23,6.36,75.45,1186.29,4.26,1.12,-121.06,mixed_edge
1-4,lane1_exhibition_rank_bucket,3,2284,245,10.73,228400,182010,-46390,79.69,742.9,10.48,75.82,723.82,3.87,0.25,19.08,mixed_edge
1-4,target_class_group x target_outer_pressure_bucket,B | low_other_pressure,96,16,16.67,9600,7650,-1950,79.69,478.12,10.48,75.82,723.82,3.87,6.19,-245.7,mixed_edge
1-4,lane1_target_national_rank_pair x target_outer_pressure_bucket,2-3 | high_other_pressure,283,31,10.95,28300,22550,-5750,79.68,727.42,10.48,75.82,723.82,3.86,0.47,3.6,mixed_edge
1-3,lane1_target_national_rank_pair x target_outer_pressure_bucket,2-1 | some_other_pressure,126,39,30.95,12600,10040,-2560,79.68,257.44,15.46,77.27,499.69,2.41,15.49,-242.25,mixed_edge
1-3,lane1_target_class_pair,A2-A2,786,158,20.1,78600,62580,-16020,79.62,396.08,15.46,77.27,499.69,2.35,4.64,-103.61,mixed_edge
1-3,lane1_target_group_pair,A-B,4083,603,14.77,408300,325020,-83280,79.6,539.0,15.46,77.27,499.69,2.33,-0.69,39.31,mixed_edge
1-6,lane1_target_start_gap_pair,>0.06-0.04-0.06,614,23,3.75,61400,48860,-12540,79.58,2124.35,3.98,73.03,1832.72,6.55,-0.23,291.63,mixed_edge
1-6,target_lane x lane1_target_start_gap_pair,6 | >0.06-0.04-0.06,614,23,3.75,61400,48860,-12540,79.58,2124.35,3.98,73.03,1832.72,6.55,-0.23,291.63,mixed_edge
1-6,lane1_start_exhibition_gap_bucket x target_start_exhibition_gap_bucket,>0.06 | 0.04-0.06,614,23,3.75,61400,48860,-12540,79.58,2124.35,3.98,73.03,1832.72,6.55,-0.23,291.63,mixed_edge
1-5,target_motor_rank_bucket,2,2203,152,6.9,220300,175300,-45000,79.57,1153.29,6.36,75.45,1186.29,4.12,0.54,-33.0,mixed_edge
1-5,lane1_target_national_rank_pair,3-2,394,37,9.39,39400,31350,-8050,79.57,847.3,6.36,75.45,1186.29,4.12,3.03,-338.99,mixed_edge
1-5,target_lane x lane1_target_national_rank_pair,5 | 3-2,394,37,9.39,39400,31350,-8050,79.57,847.3,6.36,75.45,1186.29,4.12,3.03,-338.99,mixed_edge
1-6,lane1_national_win_rank_bucket,2,2893,147,5.08,289300,230120,-59180,79.54,1565.44,3.98,73.03,1832.72,6.51,1.1,-267.28,mixed_edge
1-5,target_national_win_rank_bucket,3,2123,136,6.41,212300,168760,-43540,79.49,1240.88,6.36,75.45,1186.29,4.04,0.05,54.59,mixed_edge
1-2,lane1_target_motor_place_diff_bucket,target_plus_10+,1887,377,19.98,188700,149990,-38710,79.49,397.85,19.48,83.11,426.57,-3.62,0.5,-28.72,mixed_edge
1-6,lane1_target_group_pair x other_a_count_bucket,B-A | 1,903,66,7.31,90300,71780,-18520,79.49,1087.58,3.98,73.03,1832.72,6.46,3.33,-745.14,mixed_edge
1-5,target_start_exhibition_gap_bucket,<=0.03,3081,221,7.17,308100,244850,-63250,79.47,1107.92,6.36,75.45,1186.29,4.02,0.81,-78.37,mixed_edge
1-5,target_lane x target_start_exhibition_gap_bucket,5 | <=0.03,3081,221,7.17,308100,244850,-63250,79.47,1107.92,6.36,75.45,1186.29,4.02,0.81,-78.37,mixed_edge
1-3,stadium_code,20,588,90,15.31,58800,46720,-12080,79.46,519.11,15.46,77.27,499.69,2.19,-0.15,19.42,mixed_edge
1-3,stadium_code x target_lane,20 | 3,588,90,15.31,58800,46720,-12080,79.46,519.11,15.46,77.27,499.69,2.19,-0.15,19.42,mixed_edge
1-2,target_class,A1,3185,788,24.74,318500,252980,-65520,79.43,321.04,19.48,83.11,426.57,-3.68,5.26,-105.53,mixed_edge
1-6,lane1_motor_rank_bucket,2,2284,102,4.47,228400,181420,-46980,79.43,1778.63,3.98,73.03,1832.72,6.4,0.49,-54.09,mixed_edge
1-2,target_class_group,A,6524,1495,22.92,652400,517910,-134490,79.39,346.43,19.48,83.11,426.57,-3.72,3.44,-80.14,mixed_edge
1-2,target_lane x target_class_group,2 | A,6524,1495,22.92,652400,517910,-134490,79.39,346.43,19.48,83.11,426.57,-3.72,3.44,-80.14,mixed_edge
1-2,target_exhibition_rank_bucket,4+,5984,1055,17.63,598400,475000,-123400,79.38,450.24,19.48,83.11,426.57,-3.73,-1.85,23.67,mixed_edge
1-2,lane1_target_exhibition_time_diff_bucket,target_faster_0.05_0.10,1681,311,18.5,168100,133420,-34680,79.37,429.0,19.48,83.11,426.57,-3.74,-0.98,2.43,mixed_edge
1-3,lane1_national_win_rank_bucket,2,2893,525,18.15,289300,229590,-59710,79.36,437.31,15.46,77.27,499.69,2.09,2.69,-62.38,mixed_edge
1-2,lane1_target_group_pair x target_outer_pressure_bucket,B-A | low_other_pressure,361,75,20.78,36100,28650,-7450,79.36,382.0,19.48,83.11,426.57,-3.75,1.3,-44.57,mixed_edge
1-2,lane1_target_start_gap_pair x target_outer_pressure_bucket,best->0.06 | some_other_pressure,141,36,25.53,14100,11190,-2910,79.36,310.83,19.48,83.11,426.57,-3.75,6.05,-115.74,mixed_edge
1-4,target_class,B1,6797,526,7.74,679700,539320,-140380,79.35,1025.32,10.48,75.82,723.82,3.53,-2.74,301.5,mixed_edge
1-2,target_class,A2,3339,707,21.17,333900,264930,-68970,79.34,374.72,19.48,83.11,426.57,-3.77,1.69,-51.85,mixed_edge
1-4,lane1_target_local_win_diff_bucket,near_equal,2053,236,11.5,205300,162860,-42440,79.33,690.08,10.48,75.82,723.82,3.51,1.02,-33.74,mixed_edge
1-5,stadium_code,13,564,36,6.38,56400,44740,-11660,79.33,1242.78,6.36,75.45,1186.29,3.88,0.02,56.49,mixed_edge
1-5,stadium_code x target_lane,13 | 5,564,36,6.38,56400,44740,-11660,79.33,1242.78,6.36,75.45,1186.29,3.88,0.02,56.49,mixed_edge
1-5,target_motor_rank_bucket,3,2232,155,6.94,223200,177020,-46180,79.31,1142.06,6.36,75.45,1186.29,3.86,0.58,-44.23,mixed_edge
1-2,lane1_target_national_rank_pair,3-2,533,128,24.02,53300,42240,-11060,79.25,330.0,19.48,83.11,426.57,-3.86,4.54,-96.57,mixed_edge
1-2,target_lane x lane1_target_national_rank_pair,2 | 3-2,533,128,24.02,53300,42240,-11060,79.25,330.0,19.48,83.11,426.57,-3.86,4.54,-96.57,mixed_edge
1-5,target_exhibition_rank_bucket x other_exhibition_faster_than_target_count_bucket,2 | 0,845,78,9.23,84500,66950,-17550,79.23,858.33,6.36,75.45,1186.29,3.78,2.87,-327.96,mixed_edge
1-2,lane1_class,A2,3932,772,19.63,393200,311500,-81700,79.22,403.5,19.48,83.11,426.57,-3.89,0.15,-23.07,mixed_edge
1-5,lane1_target_national_rank_pair x target_outer_pressure_bucket,2-1 | low_other_pressure,129,26,20.16,12900,10220,-2680,79.22,393.08,6.36,75.45,1186.29,3.77,13.8,-793.21,mixed_edge
1-4,month,2025-03,4517,488,10.8,451700,357700,-94000,79.19,732.99,10.48,75.82,723.82,3.37,0.32,9.17,mixed_edge
1-6,lane1_national_win_rank_bucket,3,2334,111,4.76,233400,184820,-48580,79.19,1665.05,3.98,73.03,1832.72,6.16,0.78,-167.67,mixed_edge
1-5,lane1_exhibition_rank_bucket,2,3009,201,6.68,300900,238260,-62640,79.18,1185.37,6.36,75.45,1186.29,3.73,0.32,-0.92,mixed_edge
1-2,lane1_target_national_rank_pair x target_outer_pressure_bucket,1-2 | high_other_pressure,380,122,32.11,38000,30090,-7910,79.18,246.64,19.48,83.11,426.57,-3.93,12.63,-179.93,mixed_edge
1-3,lane1_target_group_pair x target_outer_pressure_bucket,A-B | high_other_pressure,3706,506,13.65,370600,293380,-77220,79.16,579.8,15.46,77.27,499.69,1.89,-1.81,80.11,mixed_edge
1-5,other_exhibition_faster_than_target_count_bucket,3,2724,156,5.73,272400,215560,-56840,79.13,1381.79,6.36,75.45,1186.29,3.68,-0.63,195.5,mixed_edge
1-5,target_exhibition_rank_bucket x other_exhibition_faster_than_target_count_bucket,4+ | 3,2724,156,5.73,272400,215560,-56840,79.13,1381.79,6.36,75.45,1186.29,3.68,-0.63,195.5,mixed_edge
1-5,lane1_national_win_rank_bucket,2,2893,204,7.05,289300,228890,-60410,79.12,1122.01,6.36,75.45,1186.29,3.67,0.69,-64.28,mixed_edge
1-6,target_class_group,A,6360,383,6.02,636000,503150,-132850,79.11,1313.71,3.98,73.03,1832.72,6.08,2.04,-519.01,mixed_edge
1-6,target_lane x target_class_group,6 | A,6360,383,6.02,636000,503150,-132850,79.11,1313.71,3.98,73.03,1832.72,6.08,2.04,-519.01,mixed_edge
1-6,lane1_target_start_gap_pair x target_outer_pressure_bucket,best->0.06 | low_other_pressure,132,12,9.09,13200,10440,-2760,79.09,870.0,3.98,73.03,1832.72,6.06,5.11,-962.72,mixed_edge
1-2,lane1_target_group_pair,A-A,4140,1120,27.05,414000,327380,-86620,79.08,292.3,19.48,83.11,426.57,-4.03,7.57,-134.27,mixed_edge
1-2,stadium_code,07,683,115,16.84,68300,54000,-14300,79.06,469.57,19.48,83.11,426.57,-4.05,-2.64,43.0,mixed_edge
1-2,stadium_code x target_lane,07 | 2,683,115,16.84,68300,54000,-14300,79.06,469.57,19.48,83.11,426.57,-4.05,-2.64,43.0,mixed_edge
1-3,target_boat_rank_bucket,4+,6692,1057,15.79,669200,528920,-140280,79.04,500.4,15.46,77.27,499.69,1.77,0.33,0.71,mixed_edge
1-3,lane1_motor_rank_bucket,4+,6661,1017,15.27,666100,526450,-139650,79.03,517.65,15.46,77.27,499.69,1.76,-0.19,17.96,mixed_edge
1-5,lane1_target_national_rank_pair x target_outer_pressure_bucket,2-1 | high_other_pressure,236,35,14.83,23600,18650,-4950,79.03,532.86,6.36,75.45,1186.29,3.58,8.47,-653.43,mixed_edge
1-4,target_class_group x target_outer_pressure_bucket,B | some_other_pressure,509,69,13.56,50900,40220,-10680,79.02,582.9,10.48,75.82,723.82,3.2,3.08,-140.92,mixed_edge
1-6,target_boat_rank_bucket,1,2263,100,4.42,226300,178760,-47540,78.99,1787.6,3.98,73.03,1832.72,5.96,0.44,-45.12,mixed_edge
1-4,target_exhibition_st_rank_bucket x other_st_faster_than_target_count_bucket,3 | 0,247,37,14.98,24700,19510,-5190,78.99,527.3,10.48,75.82,723.82,3.17,4.5,-196.52,mixed_edge
1-3,target_exhibition_rank_bucket x other_exhibition_faster_than_target_count_bucket,3 | 0,109,19,17.43,10900,8610,-2290,78.99,453.16,15.46,77.27,499.69,1.72,1.97,-46.53,mixed_edge
1-4,lane1_target_class_pair,A1-A1,1699,276,16.24,169900,134160,-35740,78.96,486.09,10.48,75.82,723.82,3.14,5.76,-237.73,mixed_edge
1-2,other_national_better_than_target_count_bucket,0,2867,782,27.28,286700,226310,-60390,78.94,289.4,19.48,83.11,426.57,-4.17,7.8,-137.17,mixed_edge
1-2,lane1_target_group_pair x other_a_count_bucket,B-A | 2,1100,157,14.27,110000,86820,-23180,78.93,552.99,19.48,83.11,426.57,-4.18,-5.21,126.42,mixed_edge
1-4,lane1_target_national_rank_pair,4+-2,947,90,9.5,94700,74740,-19960,78.92,830.44,10.48,75.82,723.82,3.1,-0.98,106.62,mixed_edge
1-4,target_lane x lane1_target_national_rank_pair,4 | 4+-2,947,90,9.5,94700,74740,-19960,78.92,830.44,10.48,75.82,723.82,3.1,-0.98,106.62,mixed_edge
1-6,lane1_target_start_gap_pair x target_outer_pressure_bucket,<=0.03-<=0.03 | high_other_pressure,501,23,4.59,50100,39540,-10560,78.92,1719.13,3.98,73.03,1832.72,5.89,0.61,-113.59,mixed_edge
1-5,lane1_target_national_rank_pair x target_outer_pressure_bucket,1-4+ | high_other_pressure,2267,145,6.4,226700,178880,-47820,78.91,1233.66,6.36,75.45,1186.29,3.46,0.04,47.37,mixed_edge
1-3,target_exhibition_rank_bucket x other_exhibition_faster_than_target_count_bucket,2 | 1,1326,205,15.46,132600,104640,-27960,78.91,510.44,15.46,77.27,499.69,1.64,0.0,10.75,mixed_edge
1-3,lane1_target_local_win_diff_bucket,near_equal,2114,350,16.56,211400,166800,-44600,78.9,476.57,15.46,77.27,499.69,1.63,1.1,-23.12,mixed_edge
1-5,lane1_target_exhibition_time_diff_bucket,near_equal,6337,444,7.01,633700,499920,-133780,78.89,1125.95,6.36,75.45,1186.29,3.44,0.65,-60.34,mixed_edge
1-5,other_national_better_than_target_count_bucket,2,2711,151,5.57,271100,213870,-57230,78.89,1416.36,6.36,75.45,1186.29,3.44,-0.79,230.07,mixed_edge
1-3,lane1_target_group_pair x other_a_count_bucket,A-B | 0,773,160,20.7,77300,60970,-16330,78.87,381.06,15.46,77.27,499.69,1.6,5.24,-118.63,mixed_edge
1-3,wind_bucket,3-4,4648,736,15.83,464800,366540,-98260,78.86,498.02,15.46,77.27,499.69,1.59,0.37,-1.67,mixed_edge
1-3,target_class_group x target_outer_pressure_bucket,B | some_other_pressure,553,120,21.7,55300,43610,-11690,78.86,363.42,15.46,77.27,499.69,1.59,6.24,-136.27,mixed_edge
1-6,other_a_count_bucket,1,3943,211,5.35,394300,310820,-83480,78.83,1473.08,3.98,73.03,1832.72,5.8,1.37,-359.64,mixed_edge
1-6,target_lane x other_a_count_bucket,6 | 1,3943,211,5.35,394300,310820,-83480,78.83,1473.08,3.98,73.03,1832.72,5.8,1.37,-359.64,mixed_edge
1-2,lane1_target_group_pair x other_a_count_bucket,B-A | 1,952,155,16.28,95200,75040,-20160,78.82,484.13,19.48,83.11,426.57,-4.29,-3.2,57.56,mixed_edge
1-2,lane1_target_start_gap_pair,<=0.03-0.04-0.06,711,137,19.27,71100,56030,-15070,78.8,408.98,19.48,83.11,426.57,-4.31,-0.21,-17.59,mixed_edge
1-2,target_lane x lane1_target_start_gap_pair,2 | <=0.03-0.04-0.06,711,137,19.27,71100,56030,-15070,78.8,408.98,19.48,83.11,426.57,-4.31,-0.21,-17.59,mixed_edge
1-2,lane1_start_exhibition_gap_bucket x target_start_exhibition_gap_bucket,<=0.03 | 0.04-0.06,711,137,19.27,71100,56030,-15070,78.8,408.98,19.48,83.11,426.57,-4.31,-0.21,-17.59,mixed_edge
1-5,target_exhibition_rank_bucket,4+,7896,465,5.89,789600,621950,-167650,78.77,1337.53,6.36,75.45,1186.29,3.32,-0.47,151.24,mixed_edge
1-5,lane1_target_national_rank_pair,1-4+,2273,145,6.38,227300,178880,-48420,78.7,1233.66,6.36,75.45,1186.29,3.25,0.02,47.37,mixed_edge
1-5,target_lane x lane1_target_national_rank_pair,5 | 1-4+,2273,145,6.38,227300,178880,-48420,78.7,1233.66,6.36,75.45,1186.29,3.25,0.02,47.37,mixed_edge
1-2,wind_bucket,3-4,4648,861,18.52,464800,365730,-99070,78.69,424.77,19.48,83.11,426.57,-4.42,-0.96,-1.8,mixed_edge
1-4,other_group_pattern,A-A-B-A,540,36,6.67,54000,42480,-11520,78.67,1180.0,10.48,75.82,723.82,2.85,-3.81,456.18,mixed_edge
1-2,other_group_pattern,B-B-B-A,1011,205,20.28,101100,79520,-21580,78.65,387.9,19.48,83.11,426.57,-4.46,0.8,-38.67,mixed_edge
1-6,lane1_target_national_rank_pair x target_outer_pressure_bucket,3-1 | some_other_pressure,89,8,8.99,8900,7000,-1900,78.65,875.0,3.98,73.03,1832.72,5.62,5.01,-957.72,mixed_edge
1-3,lane1_target_exhibition_time_diff_bucket x lane1_target_start_exhibition_st_diff_bucket,target_faster_0.05_0.10 | lane1_faster_0.06+,333,54,16.22,33300,26180,-7120,78.62,484.81,15.46,77.27,499.69,1.35,0.76,-14.88,mixed_edge
1-5,target_national_win_rank_bucket,1,1865,232,12.44,186500,146600,-39900,78.61,631.9,6.36,75.45,1186.29,3.16,6.08,-554.39,mixed_edge
1-5,target_national_win_rank_bucket x other_national_better_than_target_count_bucket,1 | 0,1865,232,12.44,186500,146600,-39900,78.61,631.9,6.36,75.45,1186.29,3.16,6.08,-554.39,mixed_edge
1-5,other_exhibition_faster_than_target_count_bucket,4,2546,145,5.7,254600,200110,-54490,78.6,1380.07,6.36,75.45,1186.29,3.15,-0.66,193.78,mixed_edge
1-5,target_exhibition_rank_bucket x other_exhibition_faster_than_target_count_bucket,4+ | 4,2546,145,5.7,254600,200110,-54490,78.6,1380.07,6.36,75.45,1186.29,3.15,-0.66,193.78,mixed_edge
1-4,lane1_target_exhibition_st_rank_pair,2-4+,1474,137,9.29,147400,115830,-31570,78.58,845.47,10.48,75.82,723.82,2.76,-1.19,121.65,mixed_edge
1-4,lane1_exhibition_st_rank_bucket x target_exhibition_st_rank_bucket,2 | 4+,1474,137,9.29,147400,115830,-31570,78.58,845.47,10.48,75.82,723.82,2.76,-1.19,121.65,mixed_edge
1-2,target_motor_rank_bucket,1,2246,446,19.86,224600,176420,-48180,78.55,395.56,19.48,83.11,426.57,-4.56,0.38,-31.01,mixed_edge
1-4,target_local_win_rank_bucket,1,2130,343,16.1,213000,167310,-45690,78.55,487.78,10.48,75.82,723.82,2.73,5.62,-236.04,mixed_edge
1-5,race_no_bucket,7-9R,3454,223,6.46,345400,271270,-74130,78.54,1216.46,6.36,75.45,1186.29,3.09,0.1,30.17,mixed_edge
1-5,race_no_bucket x target_lane,7-9R | 5,3454,223,6.46,345400,271270,-74130,78.54,1216.46,6.36,75.45,1186.29,3.09,0.1,30.17,mixed_edge
1-4,target_class_group x target_outer_pressure_bucket,A | high_other_pressure,4215,543,12.88,421500,331010,-90490,78.53,609.59,10.48,75.82,723.82,2.71,2.4,-114.23,mixed_edge
1-2,other_st_faster_than_target_count_bucket,2,2156,391,18.14,215600,169310,-46290,78.53,433.02,19.48,83.11,426.57,-4.58,-1.34,6.45,mixed_edge
1-4,other_a_count_bucket,3,1920,141,7.34,192000,150770,-41230,78.53,1069.29,10.48,75.82,723.82,2.71,-3.14,345.47,mixed_edge
1-4,target_lane x other_a_count_bucket,4 | 3,1920,141,7.34,192000,150770,-41230,78.53,1069.29,10.48,75.82,723.82,2.71,-3.14,345.47,mixed_edge
1-4,race_no_bucket,10-12R,3432,440,12.82,343200,269480,-73720,78.52,612.45,10.48,75.82,723.82,2.7,2.34,-111.37,mixed_edge
1-4,race_no_bucket x target_lane,10-12R | 4,3432,440,12.82,343200,269480,-73720,78.52,612.45,10.48,75.82,723.82,2.7,2.34,-111.37,mixed_edge
1-6,lane1_target_start_exhibition_st_diff_bucket,target_faster_0.06+,2001,82,4.1,200100,157090,-43010,78.51,1915.73,3.98,73.03,1832.72,5.48,0.12,83.01,mixed_edge
1-3,race_no_bucket,4-6R,3477,471,13.55,347700,272930,-74770,78.5,579.47,15.46,77.27,499.69,1.23,-1.91,79.78,mixed_edge
1-3,race_no_bucket x target_lane,4-6R | 3,3477,471,13.55,347700,272930,-74770,78.5,579.47,15.46,77.27,499.69,1.23,-1.91,79.78,mixed_edge
1-5,lane1_target_exhibition_st_rank_pair,1-4+,3417,223,6.53,341700,268180,-73520,78.48,1202.6,6.36,75.45,1186.29,3.03,0.17,16.31,mixed_edge
1-5,lane1_exhibition_st_rank_bucket x target_exhibition_st_rank_bucket,1 | 4+,3417,223,6.53,341700,268180,-73520,78.48,1202.6,6.36,75.45,1186.29,3.03,0.17,16.31,mixed_edge
1-3,target_outer_pressure_bucket,high_other_pressure,10920,1518,13.9,1092000,856910,-235090,78.47,564.5,15.46,77.27,499.69,1.2,-1.56,64.81,mixed_edge
1-3,target_lane x target_outer_pressure_bucket,3 | high_other_pressure,10920,1518,13.9,1092000,856910,-235090,78.47,564.5,15.46,77.27,499.69,1.2,-1.56,64.81,mixed_edge
1-2,lane1_target_national_rank_pair,3-4+,1316,160,12.16,131600,103260,-28340,78.47,645.38,19.48,83.11,426.57,-4.64,-7.32,218.81,mixed_edge
1-2,target_lane x lane1_target_national_rank_pair,2 | 3-4+,1316,160,12.16,131600,103260,-28340,78.47,645.38,19.48,83.11,426.57,-4.64,-7.32,218.81,mixed_edge
1-2,lane1_target_national_rank_pair x target_outer_pressure_bucket,3-4+ | high_other_pressure,1316,160,12.16,131600,103260,-28340,78.47,645.38,19.48,83.11,426.57,-4.64,-7.32,218.81,mixed_edge
1-3,target_motor_rank_bucket,2,2209,347,15.71,220900,173300,-47600,78.45,499.42,15.46,77.27,499.69,1.18,0.25,-0.27,mixed_edge
1-2,lane1_target_start_exhibition_st_diff_bucket,lane1_faster_0.06+,2416,429,17.76,241600,189510,-52090,78.44,441.75,19.48,83.11,426.57,-4.67,-1.72,15.18,mixed_edge
1-5,lane1_target_motor_place_diff_bucket,target_plus_4_10,2384,162,6.8,238400,186910,-51490,78.4,1153.77,6.36,75.45,1186.29,2.95,0.44,-32.52,mixed_edge
1-3,wind_bucket,0-2,6085,986,16.2,608500,476750,-131750,78.35,483.52,15.46,77.27,499.69,1.08,0.74,-16.17,mixed_edge
1-5,other_exhibition_faster_than_target_count_bucket,1,2824,209,7.4,282400,221270,-61130,78.35,1058.71,6.36,75.45,1186.29,2.9,1.04,-127.58,mixed_edge
1-4,lane1_target_exhibition_time_diff_bucket x lane1_target_start_exhibition_st_diff_bucket,near_equal | lane1_faster_0.06+,1712,169,9.87,171200,134140,-37060,78.35,793.73,10.48,75.82,723.82,2.53,-0.61,69.91,mixed_edge
1-6,stadium_code,10,544,16,2.94,54400,42620,-11780,78.35,2663.75,3.98,73.03,1832.72,5.32,-1.04,831.03,mixed_edge
1-6,stadium_code x target_lane,10 | 6,544,16,2.94,54400,42620,-11780,78.35,2663.75,3.98,73.03,1832.72,5.32,-1.04,831.03,mixed_edge
1-5,lane1_target_boat_place_diff_bucket,lane1_plus_10+,1643,112,6.82,164300,128700,-35600,78.33,1149.11,6.36,75.45,1186.29,2.88,0.46,-37.18,mixed_edge
1-2,lane1_target_exhibition_time_diff_bucket x lane1_target_start_exhibition_st_diff_bucket,target_faster_0.10+ | lane1_faster_0.06+,125,21,16.8,12500,9790,-2710,78.32,466.19,19.48,83.11,426.57,-4.79,-2.68,39.62,mixed_edge
1-4,lane1_target_exhibition_time_diff_bucket,near_equal,6497,716,11.02,649700,508700,-141000,78.3,710.47,10.48,75.82,723.82,2.48,0.54,-13.35,mixed_edge
1-6,lane1_target_national_rank_pair x target_outer_pressure_bucket,1-2 | low_other_pressure,161,16,9.94,16100,12600,-3500,78.26,787.5,3.98,73.03,1832.72,5.23,5.96,-1045.22,mixed_edge
1-3,lane1_target_local_win_diff_bucket,lane1_plus_1.00+,4945,722,14.6,494500,386940,-107560,78.25,535.93,15.46,77.27,499.69,0.98,-0.86,36.24,mixed_edge
1-5,lane1_target_national_rank_pair,2-1,478,82,17.15,47800,37400,-10400,78.24,456.1,6.36,75.45,1186.29,2.79,10.79,-730.19,mixed_edge
1-5,target_lane x lane1_target_national_rank_pair,5 | 2-1,478,82,17.15,47800,37400,-10400,78.24,456.1,6.36,75.45,1186.29,2.79,10.79,-730.19,mixed_edge
1-4,lane1_target_national_win_diff_bucket,near_equal,2727,307,11.26,272700,213330,-59370,78.23,694.89,10.48,75.82,723.82,2.41,0.78,-28.93,mixed_edge
1-6,other_group_pattern,B-A-B-B,1133,77,6.8,113300,88640,-24660,78.23,1151.17,3.98,73.03,1832.72,5.2,2.82,-681.55,mixed_edge
1-3,other_b2_count_bucket,0,10209,1584,15.52,1020900,798540,-222360,78.22,504.13,15.46,77.27,499.69,0.95,0.06,4.44,mixed_edge
1-5,lane1_motor_rank_bucket,4+,6661,415,6.23,666100,520860,-145240,78.2,1255.08,6.36,75.45,1186.29,2.75,-0.13,68.79,mixed_edge
1-3,lane1_target_boat_place_diff_bucket,lane1_plus_10+,1614,233,14.44,161400,126220,-35180,78.2,541.72,15.46,77.27,499.69,0.93,-1.02,42.03,mixed_edge
1-3,stadium_code,21,585,104,17.78,58500,45740,-12760,78.19,439.81,15.46,77.27,499.69,0.92,2.32,-59.88,mixed_edge
1-3,stadium_code x target_lane,21 | 3,585,104,17.78,58500,45740,-12760,78.19,439.81,15.46,77.27,499.69,0.92,2.32,-59.88,mixed_edge
1-4,lane1_target_national_win_diff_bucket,lane1_plus_0.35_1.00,2557,289,11.3,255700,199870,-55830,78.17,691.59,10.48,75.82,723.82,2.35,0.82,-32.23,mixed_edge
1-6,other_b2_count_bucket,1,2299,133,5.79,229900,179700,-50200,78.16,1351.13,3.98,73.03,1832.72,5.13,1.81,-481.59,mixed_edge
1-3,lane1_target_class_pair,A2-A1,684,176,25.73,68400,53460,-14940,78.16,303.75,15.46,77.27,499.69,0.89,10.27,-195.94,mixed_edge
1-6,lane1_target_class_pair,B1-B1,2375,44,1.85,237500,185560,-51940,78.13,4217.27,3.98,73.03,1832.72,5.1,-2.13,2384.55,mixed_edge
1-5,target_boat_rank_bucket,2,2140,128,5.98,214000,167140,-46860,78.1,1305.78,6.36,75.45,1186.29,2.65,-0.38,119.49,mixed_edge
1-5,target_exhibition_st_rank_bucket x other_st_faster_than_target_count_bucket,3 | 0,232,21,9.05,23200,18120,-5080,78.1,862.86,6.36,75.45,1186.29,2.65,2.69,-323.43,mixed_edge
1-2,lane1_target_start_exhibition_st_diff_bucket,target_faster_0.03_0.06,1560,281,18.01,156000,121790,-34210,78.07,433.42,19.48,83.11,426.57,-5.04,-1.47,6.85,mixed_edge
1-5,target_class,A2,3051,237,7.77,305100,238150,-66950,78.06,1004.85,6.36,75.45,1186.29,2.61,1.41,-181.44,mixed_edge
1-3,lane1_target_group_pair x other_a_count_bucket,A-A | 4,1545,294,19.03,154500,120550,-33950,78.03,410.03,15.46,77.27,499.69,0.76,3.57,-89.66,mixed_edge
1-5,lane1_target_boat_place_diff_bucket,near_equal,5559,357,6.42,555900,433310,-122590,77.95,1213.75,6.36,75.45,1186.29,2.5,0.06,27.46,mixed_edge
1-4,lane1_target_group_pair x target_outer_pressure_bucket,A-A | high_other_pressure,2981,428,14.36,298100,232340,-65760,77.94,542.85,10.48,75.82,723.82,2.12,3.88,-180.97,mixed_edge
1-5,other_a_count_bucket,2,4599,230,5.0,459900,358210,-101690,77.89,1557.43,6.36,75.45,1186.29,2.44,-1.36,371.14,mixed_edge
1-5,target_lane x other_a_count_bucket,5 | 2,4599,230,5.0,459900,358210,-101690,77.89,1557.43,6.36,75.45,1186.29,2.44,-1.36,371.14,mixed_edge
1-3,meeting_phase_bucket,day5+,3750,641,17.09,375000,292070,-82930,77.89,455.65,15.46,77.27,499.69,0.62,1.63,-44.04,mixed_edge
1-3,meeting_phase_bucket x target_lane,day5+ | 3,3750,641,17.09,375000,292070,-82930,77.89,455.65,15.46,77.27,499.69,0.62,1.63,-44.04,mixed_edge
1-3,lane1_target_motor_place_diff_bucket,near_equal,5098,805,15.79,509800,397010,-112790,77.88,493.18,15.46,77.27,499.69,0.61,0.33,-6.51,mixed_edge
1-2,lane1_target_national_rank_pair x target_outer_pressure_bucket,2-3 | high_other_pressure,334,67,20.06,33400,26010,-7390,77.87,388.21,19.48,83.11,426.57,-5.24,0.58,-38.36,mixed_edge
1-5,other_national_better_than_target_count_bucket,0,2509,319,12.71,250900,195350,-55550,77.86,612.38,6.36,75.45,1186.29,2.41,6.35,-573.91,mixed_edge
1-2,lane1_target_national_rank_pair,2-4+,1705,264,15.48,170500,132750,-37750,77.86,502.84,19.48,83.11,426.57,-5.25,-4.0,76.27,mixed_edge
1-2,target_lane x lane1_target_national_rank_pair,2 | 2-4+,1705,264,15.48,170500,132750,-37750,77.86,502.84,19.48,83.11,426.57,-5.25,-4.0,76.27,mixed_edge
1-2,lane1_target_national_rank_pair x target_outer_pressure_bucket,2-4+ | high_other_pressure,1705,264,15.48,170500,132750,-37750,77.86,502.84,19.48,83.11,426.57,-5.25,-4.0,76.27,mixed_edge
1-5,month,2025-01,4995,325,6.51,499500,388880,-110620,77.85,1196.55,6.36,75.45,1186.29,2.4,0.15,10.26,mixed_edge
1-2,stadium_code,13,564,109,19.33,56400,43890,-12510,77.82,402.66,19.48,83.11,426.57,-5.29,-0.15,-23.91,mixed_edge
1-2,stadium_code x target_lane,13 | 2,564,109,19.33,56400,43890,-12510,77.82,402.66,19.48,83.11,426.57,-5.29,-0.15,-23.91,mixed_edge
1-4,lane1_target_national_rank_pair x target_outer_pressure_bucket,3-2 | some_other_pressure,214,32,14.95,21400,16650,-4750,77.8,520.31,10.48,75.82,723.82,1.98,4.47,-203.51,mixed_edge
1-3,lane1_class_group,A,8305,1544,18.59,830500,646030,-184470,77.79,418.41,15.46,77.27,499.69,0.52,3.13,-81.28,mixed_edge
1-3,wave_bucket,0-4,11056,1760,15.92,1105600,859990,-245610,77.78,488.63,15.46,77.27,499.69,0.51,0.46,-11.06,mixed_edge
1-3,lane1_target_national_win_diff_bucket,lane1_plus_1.00+,4129,572,13.85,412900,321170,-91730,77.78,561.49,15.46,77.27,499.69,0.51,-1.61,61.8,mixed_edge
1-4,race_no_bucket,4-6R,3477,332,9.55,347700,270430,-77270,77.78,814.55,10.48,75.82,723.82,1.96,-0.93,90.73,mixed_edge
1-4,race_no_bucket x target_lane,4-6R | 4,3477,332,9.55,347700,270430,-77270,77.78,814.55,10.48,75.82,723.82,1.96,-0.93,90.73,mixed_edge
1-4,target_national_win_rank_bucket x other_national_better_than_target_count_bucket,2 | 1,1405,150,10.68,140500,109280,-31220,77.78,728.53,10.48,75.82,723.82,1.96,0.2,4.71,mixed_edge
1-3,lane1_target_group_pair x other_a_count_bucket,A-A | 2,894,208,23.27,89400,69530,-19870,77.77,334.28,15.46,77.27,499.69,0.5,7.81,-165.41,mixed_edge
1-2,lane1_target_class_pair,A2-A1,627,178,28.39,62700,48750,-13950,77.75,273.88,19.48,83.11,426.57,-5.36,8.91,-152.69,mixed_edge
1-3,target_exhibition_rank_bucket,4+,6937,985,14.2,693700,539010,-154690,77.7,547.22,15.46,77.27,499.69,0.43,-1.26,47.53,mixed_edge
1-5,lane1_local_win_rank_bucket,2,2875,195,6.78,287500,223350,-64150,77.69,1145.38,6.36,75.45,1186.29,2.24,0.42,-40.91,mixed_edge
1-4,lane1_target_group_pair x other_a_count_bucket,A-A | 2,868,138,15.9,86800,67410,-19390,77.66,488.48,10.48,75.82,723.82,1.84,5.42,-235.34,mixed_edge
1-3,lane1_class,B1,5268,573,10.88,526800,408990,-117810,77.64,713.77,15.46,77.27,499.69,0.37,-4.58,214.08,mixed_edge
1-5,wave_bucket,0-4,11056,722,6.53,1105600,857960,-247640,77.6,1188.31,6.36,75.45,1186.29,2.15,0.17,2.02,mixed_edge
1-4,other_exhibition_faster_than_target_count_bucket,1,2986,342,11.45,298600,231720,-66880,77.6,677.54,10.48,75.82,723.82,1.78,0.97,-46.28,mixed_edge
1-2,lane1_target_group_pair x target_outer_pressure_bucket,A-A | high_other_pressure,2675,648,24.22,267500,207390,-60110,77.53,320.05,19.48,83.11,426.57,-5.58,4.74,-106.52,mixed_edge
1-5,other_national_better_than_target_count_bucket,1,2551,197,7.72,255100,197710,-57390,77.5,1003.6,6.36,75.45,1186.29,2.05,1.36,-182.69,mixed_edge
1-6,target_class,B1,5782,155,2.68,578200,447960,-130240,77.47,2890.06,3.98,73.03,1832.72,4.44,-1.3,1057.34,mixed_edge
1-3,lane1_target_boat_place_diff_bucket,lane1_plus_4_10,2548,396,15.54,254800,197400,-57400,77.47,498.48,15.46,77.27,499.69,0.2,0.08,-1.21,mixed_edge
1-5,other_group_pattern,A-B-A-B,847,41,4.84,84700,65610,-19090,77.46,1600.24,6.36,75.45,1186.29,2.01,-1.52,413.95,mixed_edge
1-4,lane1_target_start_gap_pair,0.04-0.06-<=0.03,677,85,12.56,67700,52440,-15260,77.46,616.94,10.48,75.82,723.82,1.64,2.08,-106.88,mixed_edge
1-4,target_lane x lane1_target_start_gap_pair,4 | 0.04-0.06-<=0.03,677,85,12.56,67700,52440,-15260,77.46,616.94,10.48,75.82,723.82,1.64,2.08,-106.88,mixed_edge
1-4,lane1_start_exhibition_gap_bucket x target_start_exhibition_gap_bucket,0.04-0.06 | <=0.03,677,85,12.56,67700,52440,-15260,77.46,616.94,10.48,75.82,723.82,1.64,2.08,-106.88,mixed_edge
1-3,race_no_bucket,7-9R,3454,529,15.32,345400,267470,-77930,77.44,505.61,15.46,77.27,499.69,0.17,-0.14,5.92,mixed_edge
1-3,race_no_bucket x target_lane,7-9R | 3,3454,529,15.32,345400,267470,-77930,77.44,505.61,15.46,77.27,499.69,0.17,-0.14,5.92,mixed_edge
1-6,lane1_motor_rank_bucket,3,2255,83,3.68,225500,174590,-50910,77.42,2103.49,3.98,73.03,1832.72,4.39,-0.3,270.77,mixed_edge
1-3,lane1_boat_rank_bucket,4+,6639,1026,15.45,663900,513860,-150040,77.4,500.84,15.46,77.27,499.69,0.13,-0.01,1.15,mixed_edge
1-3,month,2025-01,4995,759,15.2,499500,386570,-112930,77.39,509.31,15.46,77.27,499.69,0.12,-0.26,9.62,mixed_edge
1-3,lane1_target_national_rank_pair,1-2,771,224,29.05,77100,59670,-17430,77.39,266.38,15.46,77.27,499.69,0.12,13.59,-233.31,mixed_edge
1-3,target_lane x lane1_target_national_rank_pair,3 | 1-2,771,224,29.05,77100,59670,-17430,77.39,266.38,15.46,77.27,499.69,0.12,13.59,-233.31,mixed_edge
1-5,lane1_class_group,A,8305,613,7.38,830500,642610,-187890,77.38,1048.3,6.36,75.45,1186.29,1.93,1.02,-137.99,mixed_edge
1-6,target_exhibition_rank_bucket x other_exhibition_faster_than_target_count_bucket,4+ | 2,2029,88,4.34,202900,157000,-45900,77.38,1784.09,3.98,73.03,1832.72,4.35,0.36,-48.63,mixed_edge
1-4,lane1_target_start_gap_pair,<=0.03-0.04-0.06,760,89,11.71,76000,58800,-17200,77.37,660.67,10.48,75.82,723.82,1.55,1.23,-63.15,mixed_edge
1-4,target_lane x lane1_target_start_gap_pair,4 | <=0.03-0.04-0.06,760,89,11.71,76000,58800,-17200,77.37,660.67,10.48,75.82,723.82,1.55,1.23,-63.15,mixed_edge
1-4,lane1_start_exhibition_gap_bucket x target_start_exhibition_gap_bucket,<=0.03 | 0.04-0.06,760,89,11.71,76000,58800,-17200,77.37,660.67,10.48,75.82,723.82,1.55,1.23,-63.15,mixed_edge
1-2,lane1_motor_rank_bucket,4+,6661,1224,18.38,666100,515300,-150800,77.36,421.0,19.48,83.11,426.57,-5.75,-1.1,-5.57,mixed_edge
1-6,other_a_count_bucket,0,1921,127,6.61,192100,148570,-43530,77.34,1169.84,3.98,73.03,1832.72,4.31,2.63,-662.88,mixed_edge
1-6,other_group_pattern,B-B-B-B,1921,127,6.61,192100,148570,-43530,77.34,1169.84,3.98,73.03,1832.72,4.31,2.63,-662.88,mixed_edge
1-6,target_lane x other_a_count_bucket,6 | 0,1921,127,6.61,192100,148570,-43530,77.34,1169.84,3.98,73.03,1832.72,4.31,2.63,-662.88,mixed_edge
1-2,lane1_target_exhibition_time_diff_bucket x lane1_target_start_exhibition_st_diff_bucket,near_equal | lane1_faster_0.06+,1209,214,17.7,120900,93510,-27390,77.34,436.96,19.48,83.11,426.57,-5.77,-1.78,10.39,mixed_edge
1-6,lane1_target_national_rank_pair,1-3,621,32,5.15,62100,48030,-14070,77.34,1500.94,3.98,73.03,1832.72,4.31,1.17,-331.78,mixed_edge
1-6,target_lane x lane1_target_national_rank_pair,6 | 1-3,621,32,5.15,62100,48030,-14070,77.34,1500.94,3.98,73.03,1832.72,4.31,1.17,-331.78,mixed_edge
1-3,grade_group,一般,13623,2101,15.42,1362300,1052880,-309420,77.29,501.13,15.46,77.27,499.69,0.02,-0.04,1.44,mixed_edge
1-3,target_lane,3,13852,2142,15.46,1385200,1070340,-314860,77.27,499.69,15.46,77.27,499.69,0.0,0.0,0.0,mixed_edge
1-3,target_lane_zone,inner_2_3,13852,2142,15.46,1385200,1070340,-314860,77.27,499.69,15.46,77.27,499.69,0.0,0.0,0.0,mixed_edge
1-6,lane1_local_win_rank_bucket,2,2875,150,5.22,287500,222120,-65380,77.26,1480.8,3.98,73.03,1832.72,4.23,1.24,-351.92,mixed_edge
1-2,target_national_win_rank_bucket,1,2086,501,24.02,208600,161120,-47480,77.24,321.6,19.48,83.11,426.57,-5.87,4.54,-104.97,mixed_edge
1-2,target_national_win_rank_bucket x other_national_better_than_target_count_bucket,1 | 0,2086,501,24.02,208600,161120,-47480,77.24,321.6,19.48,83.11,426.57,-5.87,4.54,-104.97,mixed_edge
1-4,lane1_target_national_win_diff_bucket,target_plus_1.00+,2228,252,11.31,222800,172020,-50780,77.21,682.62,10.48,75.82,723.82,1.39,0.83,-41.2,mixed_edge
1-5,lane1_target_exhibition_time_diff_bucket x lane1_target_start_exhibition_st_diff_bucket,lane1_faster_0.10+ | lane1_faster_0.06+,628,31,4.94,62800,48490,-14310,77.21,1564.19,6.36,75.45,1186.29,1.76,-1.42,377.9,mixed_edge
1-2,lane1_national_win_rank_bucket,3,2334,407,17.44,233400,180190,-53210,77.2,442.73,19.48,83.11,426.57,-5.91,-2.04,16.16,mixed_edge
1-4,other_group_pattern,B-A-B-A,916,79,8.62,91600,70690,-20910,77.17,894.81,10.48,75.82,723.82,1.35,-1.86,170.99,mixed_edge
1-3,target_motor_rank_bucket,1,2228,356,15.98,222800,171860,-50940,77.14,482.75,15.46,77.27,499.69,-0.13,0.52,-16.94,mixed_edge
1-3,other_group_pattern,A-B-B-B,763,103,13.5,76300,58850,-17450,77.13,571.36,15.46,77.27,499.69,-0.14,-1.96,71.67,mixed_edge
1-3,stadium_code,08,620,89,14.35,62000,47820,-14180,77.13,537.3,15.46,77.27,499.69,-0.14,-1.11,37.61,mixed_edge
1-3,stadium_code x target_lane,08 | 3,620,89,14.35,62000,47820,-14180,77.13,537.3,15.46,77.27,499.69,-0.14,-1.11,37.61,mixed_edge
1-4,lane1_start_exhibition_gap_bucket,0.04-0.06,2440,267,10.94,244000,188160,-55840,77.11,704.72,10.48,75.82,723.82,1.29,0.46,-19.1,mixed_edge
1-6,lane1_target_national_win_diff_bucket,target_plus_0.35_1.00,1687,93,5.51,168700,130080,-38620,77.11,1398.71,3.98,73.03,1832.72,4.08,1.53,-434.01,mixed_edge
1-5,other_st_faster_than_target_count_bucket,2,2896,172,5.94,289600,223260,-66340,77.09,1298.02,6.36,75.45,1186.29,1.64,-0.42,111.73,mixed_edge
1-4,lane1_target_class_pair,A2-A1,693,138,19.91,69300,53420,-15880,77.09,387.1,10.48,75.82,723.82,1.27,9.43,-336.72,mixed_edge
1-2,lane1_local_win_rank_bucket,2,2875,555,19.3,287500,221590,-65910,77.07,399.26,19.48,83.11,426.57,-6.04,-0.18,-27.31,mixed_edge
1-4,wave_bucket,0-4,11056,1201,10.86,1105600,852030,-253570,77.06,709.43,10.48,75.82,723.82,1.24,0.38,-14.39,mixed_edge
1-4,target_national_win_rank_bucket x other_national_better_than_target_count_bucket,4+ | 2,1789,190,10.62,178900,137850,-41050,77.05,725.53,10.48,75.82,723.82,1.23,0.14,1.71,mixed_edge
1-6,other_group_pattern,B-A-B-A,743,19,2.56,74300,57250,-17050,77.05,3013.16,3.98,73.03,1832.72,4.02,-1.42,1180.44,mixed_edge
1-4,other_national_better_than_target_count_bucket,2,2805,264,9.41,280500,216100,-64400,77.04,818.56,10.48,75.82,723.82,1.22,-1.07,94.74,mixed_edge
1-3,lane1_target_class_pair,A1-A1,1713,382,22.3,171300,131950,-39350,77.03,345.42,15.46,77.27,499.69,-0.24,6.84,-154.27,mixed_edge
1-4,target_national_win_rank_bucket x other_national_better_than_target_count_bucket,3 | 2,1016,74,7.28,101600,78250,-23350,77.02,1057.43,10.48,75.82,723.82,1.2,-3.2,333.61,mixed_edge
1-3,other_group_pattern,B-A-B-A,817,120,14.69,81700,62900,-18800,76.99,524.17,15.46,77.27,499.69,-0.28,-0.77,24.48,mixed_edge
1-2,lane1_target_motor_place_diff_bucket,target_plus_4_10,2428,445,18.33,242800,186910,-55890,76.98,420.02,19.48,83.11,426.57,-6.13,-1.15,-6.55,mixed_edge
1-3,wave_bucket,10+,268,35,13.06,26800,20630,-6170,76.98,589.43,15.46,77.27,499.69,-0.29,-2.4,89.74,mixed_edge
1-4,target_exhibition_rank_bucket,4+,7256,697,9.61,725600,558210,-167390,76.93,800.88,10.48,75.82,723.82,1.11,-0.87,77.06,mixed_edge
1-4,target_motor_rank_bucket,1,2213,260,11.75,221300,170090,-51210,76.86,654.19,10.48,75.82,723.82,1.04,1.27,-69.63,mixed_edge
1-6,month,2025-03,4517,174,3.85,451700,347080,-104620,76.84,1994.71,3.98,73.03,1832.72,3.81,-0.13,161.99,mixed_edge
1-3,lane1_target_local_win_diff_bucket,target_plus_0.35_1.00,1551,263,16.96,155100,119160,-35940,76.83,453.08,15.46,77.27,499.69,-0.44,1.5,-46.61,mixed_edge
1-6,race_no_bucket,7-9R,3454,154,4.46,345400,265330,-80070,76.82,1722.92,3.98,73.03,1832.72,3.79,0.48,-109.8,mixed_edge
1-6,race_no_bucket x target_lane,7-9R | 6,3454,154,4.46,345400,265330,-80070,76.82,1722.92,3.98,73.03,1832.72,3.79,0.48,-109.8,mixed_edge
1-4,target_class,A1,3131,504,16.1,313100,240490,-72610,76.81,477.16,10.48,75.82,723.82,0.99,5.62,-246.66,mixed_edge
1-6,target_local_win_rank_bucket,2,2022,111,5.49,202200,155310,-46890,76.81,1399.19,3.98,73.03,1832.72,3.78,1.51,-433.53,mixed_edge
1-5,lane1_target_class_pair,B1-B1,2704,102,3.77,270400,207620,-62780,76.78,2035.49,6.36,75.45,1186.29,1.33,-2.59,849.2,mixed_edge
1-4,lane1_target_motor_place_diff_bucket,near_equal,5112,530,10.37,511200,392270,-118930,76.74,740.13,10.48,75.82,723.82,0.92,-0.11,16.31,mixed_edge
1-3,target_national_win_rank_bucket x other_national_better_than_target_count_bucket,2 | 0,778,224,28.79,77800,59670,-18130,76.7,266.38,15.46,77.27,499.69,-0.57,13.33,-233.31,mixed_edge
1-4,lane1_target_national_rank_pair x target_outer_pressure_bucket,1-4+ | high_other_pressure,1987,221,11.12,198700,152220,-46480,76.61,688.78,10.48,75.82,723.82,0.79,0.64,-35.04,mixed_edge
1-5,lane1_target_motor_place_diff_bucket,lane1_plus_10+,2048,139,6.79,204800,156870,-47930,76.6,1128.56,6.36,75.45,1186.29,1.15,0.43,-57.73,mixed_edge
1-4,lane1_target_exhibition_time_diff_bucket,lane1_faster_0.10+,1866,192,10.29,186600,142930,-43670,76.6,744.43,10.48,75.82,723.82,0.78,-0.19,20.61,mixed_edge
1-5,other_b2_count_bucket,1,2673,199,7.44,267300,204680,-62620,76.57,1028.54,6.36,75.45,1186.29,1.12,1.08,-157.75,mixed_edge
1-3,target_local_win_rank_bucket,3,2444,406,16.61,244400,187130,-57270,76.57,460.91,15.46,77.27,499.69,-0.7,1.15,-38.78,mixed_edge
1-4,lane1_target_national_rank_pair x target_outer_pressure_bucket,4+-3 | high_other_pressure,1022,74,7.24,102200,78250,-23950,76.57,1057.43,10.48,75.82,723.82,0.75,-3.24,333.61,mixed_edge
1-5,lane1_target_national_rank_pair x target_outer_pressure_bucket,4+-1 | high_other_pressure,493,45,9.13,49300,37750,-11550,76.57,838.89,6.36,75.45,1186.29,1.12,2.77,-347.4,mixed_edge
1-3,lane1_target_motor_place_diff_bucket,target_plus_10+,1888,281,14.88,188800,144540,-44260,76.56,514.38,15.46,77.27,499.69,-0.71,-0.58,14.69,mixed_edge
1-3,stadium_code,23,587,99,16.87,58700,44940,-13760,76.56,453.94,15.46,77.27,499.69,-0.71,1.41,-45.75,mixed_edge
1-3,stadium_code x target_lane,23 | 3,587,99,16.87,58700,44940,-13760,76.56,453.94,15.46,77.27,499.69,-0.71,1.41,-45.75,mixed_edge
1-5,lane1_target_class_pair,A2-A1,561,82,14.62,56100,42940,-13160,76.54,523.66,6.36,75.45,1186.29,1.09,8.26,-662.63,mixed_edge
1-3,lane1_target_group_pair x target_outer_pressure_bucket,A-A | high_other_pressure,2838,581,20.47,283800,217130,-66670,76.51,373.72,15.46,77.27,499.69,-0.76,5.01,-125.97,mixed_edge
1-3,lane1_boat_rank_bucket,1,2555,381,14.91,255500,195450,-60050,76.5,512.99,15.46,77.27,499.69,-0.77,-0.55,13.3,mixed_edge
1-3,lane1_class_group,B,5547,598,10.78,554700,424310,-130390,76.49,709.55,15.46,77.27,499.69,-0.78,-4.68,209.86,mixed_edge
1-3,lane1_target_motor_place_diff_bucket,lane1_plus_4_10,2361,373,15.8,236100,180600,-55500,76.49,484.18,15.46,77.27,499.69,-0.78,0.34,-15.51,mixed_edge
1-3,lane1_national_win_rank_bucket,4+,5122,560,10.93,512200,391700,-120500,76.47,699.46,15.46,77.27,499.69,-0.8,-4.53,199.77,mixed_edge
1-3,other_a_count_bucket,4,1705,310,18.18,170500,130370,-40130,76.46,420.55,15.46,77.27,499.69,-0.81,2.72,-79.14,mixed_edge
1-3,other_group_pattern,A-A-A-A,1705,310,18.18,170500,130370,-40130,76.46,420.55,15.46,77.27,499.69,-0.81,2.72,-79.14,mixed_edge
1-3,target_lane x other_a_count_bucket,3 | 4,1705,310,18.18,170500,130370,-40130,76.46,420.55,15.46,77.27,499.69,-0.81,2.72,-79.14,mixed_edge
1-4,lane1_target_national_rank_pair,1-4+,1992,221,11.09,199200,152220,-46980,76.42,688.78,10.48,75.82,723.82,0.6,0.61,-35.04,mixed_edge
1-4,target_lane x lane1_target_national_rank_pair,4 | 1-4+,1992,221,11.09,199200,152220,-46980,76.42,688.78,10.48,75.82,723.82,0.6,0.61,-35.04,mixed_edge
1-4,other_group_pattern,A-A-A-B,601,46,7.65,60100,45930,-14170,76.42,998.48,10.48,75.82,723.82,0.6,-2.83,274.66,mixed_edge
1-4,target_outer_pressure_bucket,high_other_pressure,11127,1007,9.05,1112700,850010,-262690,76.39,844.1,10.48,75.82,723.82,0.57,-1.43,120.28,mixed_edge
1-4,target_lane x target_outer_pressure_bucket,4 | high_other_pressure,11127,1007,9.05,1112700,850010,-262690,76.39,844.1,10.48,75.82,723.82,0.57,-1.43,120.28,mixed_edge
1-5,target_boat_rank_bucket,4+,7244,473,6.53,724400,553200,-171200,76.37,1169.56,6.36,75.45,1186.29,0.92,0.17,-16.73,mixed_edge
1-2,target_class_group x target_outer_pressure_bucket,A | high_other_pressure,4040,834,20.64,404000,308540,-95460,76.37,369.95,19.48,83.11,426.57,-6.74,1.16,-56.62,mixed_edge
1-4,lane1_target_national_rank_pair,4+-3,1025,74,7.22,102500,78250,-24250,76.34,1057.43,10.48,75.82,723.82,0.52,-3.26,333.61,mixed_edge
1-4,target_lane x lane1_target_national_rank_pair,4 | 4+-3,1025,74,7.22,102500,78250,-24250,76.34,1057.43,10.48,75.82,723.82,0.52,-3.26,333.61,mixed_edge
1-4,lane1_target_group_pair,B-A,1990,208,10.45,199000,151900,-47100,76.33,730.29,10.48,75.82,723.82,0.51,-0.03,6.47,mixed_edge
1-4,target_class_group,A,6335,902,14.24,633500,483400,-150100,76.31,535.92,10.48,75.82,723.82,0.49,3.76,-187.9,mixed_edge
1-4,target_lane x target_class_group,4 | A,6335,902,14.24,633500,483400,-150100,76.31,535.92,10.48,75.82,723.82,0.49,3.76,-187.9,mixed_edge
1-5,race_no_bucket,4-6R,3477,212,6.1,347700,265280,-82420,76.3,1251.32,6.36,75.45,1186.29,0.85,-0.26,65.03,mixed_edge
1-5,race_no_bucket x target_lane,4-6R | 5,3477,212,6.1,347700,265280,-82420,76.3,1251.32,6.36,75.45,1186.29,0.85,-0.26,65.03,mixed_edge
1-4,lane1_target_group_pair,A-A,4345,694,15.97,434500,331500,-103000,76.29,477.67,10.48,75.82,723.82,0.47,5.49,-246.15,mixed_edge
1-4,target_exhibition_rank_bucket,1,1859,227,12.21,185900,141830,-44070,76.29,624.8,10.48,75.82,723.82,0.47,1.73,-99.02,mixed_edge
1-4,target_exhibition_rank_bucket x other_exhibition_faster_than_target_count_bucket,1 | 0,1859,227,12.21,185900,141830,-44070,76.29,624.8,10.48,75.82,723.82,0.47,1.73,-99.02,mixed_edge
1-4,target_motor_rank_bucket,4+,7145,735,10.29,714500,545050,-169450,76.28,741.56,10.48,75.82,723.82,0.46,-0.19,17.74,mixed_edge
1-5,target_class_group,B,7931,365,4.6,793100,604740,-188360,76.25,1656.82,6.36,75.45,1186.29,0.8,-1.76,470.53,mixed_edge
1-5,target_lane x target_class_group,5 | B,7931,365,4.6,793100,604740,-188360,76.25,1656.82,6.36,75.45,1186.29,0.8,-1.76,470.53,mixed_edge
1-4,stadium_code,03,636,59,9.28,63600,48480,-15120,76.23,821.69,10.48,75.82,723.82,0.41,-1.2,97.87,mixed_edge
1-4,stadium_code x target_lane,03 | 4,636,59,9.28,63600,48480,-15120,76.23,821.69,10.48,75.82,723.82,0.41,-1.2,97.87,mixed_edge
1-5,lane1_target_class_pair,B1-A2,1209,67,5.54,120900,92150,-28750,76.22,1375.37,6.36,75.45,1186.29,0.77,-0.82,189.08,mixed_edge
1-3,target_local_win_rank_bucket,1,2230,467,20.94,223000,169890,-53110,76.18,363.79,15.46,77.27,499.69,-1.09,5.48,-135.9,mixed_edge
1-6,other_group_pattern,B-B-A-B,1108,51,4.6,110800,84400,-26400,76.17,1654.9,3.98,73.03,1832.72,3.14,0.62,-177.82,mixed_edge
1-5,target_class_group x target_outer_pressure_bucket,B | low_other_pressure,73,9,12.33,7300,5560,-1740,76.16,617.78,6.36,75.45,1186.29,0.71,5.97,-568.51,mixed_edge
1-4,lane1_motor_rank_bucket,4+,6661,666,10.0,666100,507220,-158880,76.15,761.59,10.48,75.82,723.82,0.33,-0.48,37.77,mixed_edge
1-3,lane1_target_national_rank_pair x target_outer_pressure_bucket,1-2 | low_other_pressure,198,64,32.32,19800,15070,-4730,76.11,235.47,15.46,77.27,499.69,-1.16,16.86,-264.22,mixed_edge
1-3,lane1_target_exhibition_st_rank_pair,3-2,516,85,16.47,51600,39270,-12330,76.1,462.0,15.46,77.27,499.69,-1.17,1.01,-37.69,mixed_edge
1-3,lane1_exhibition_st_rank_bucket x target_exhibition_st_rank_bucket,3 | 2,516,85,16.47,51600,39270,-12330,76.1,462.0,15.46,77.27,499.69,-1.17,1.01,-37.69,mixed_edge
1-3,lane1_target_national_rank_pair x target_outer_pressure_bucket,1-2 | high_other_pressure,392,103,26.28,39200,29830,-9370,76.1,289.61,15.46,77.27,499.69,-1.17,10.82,-210.08,mixed_edge
1-3,lane1_target_group_pair x target_outer_pressure_bucket,A-A | low_other_pressure,453,131,28.92,45300,34470,-10830,76.09,263.13,15.46,77.27,499.69,-1.18,13.46,-236.56,mixed_edge
1-4,lane1_target_national_rank_pair x target_outer_pressure_bucket,1-3 | high_other_pressure,411,59,14.36,41100,31270,-9830,76.08,530.0,10.48,75.82,723.82,0.26,3.88,-193.82,mixed_edge
1-4,lane1_target_group_pair x other_a_count_bucket,A-A | 4,1545,194,12.56,154500,117490,-37010,76.05,605.62,10.48,75.82,723.82,0.23,2.08,-118.2,mixed_edge
1-5,lane1_target_start_gap_pair,<=0.03-<=0.03,778,59,7.58,77800,59170,-18630,76.05,1002.88,6.36,75.45,1186.29,0.6,1.22,-183.41,mixed_edge
1-5,target_lane x lane1_target_start_gap_pair,5 | <=0.03-<=0.03,778,59,7.58,77800,59170,-18630,76.05,1002.88,6.36,75.45,1186.29,0.6,1.22,-183.41,mixed_edge
1-5,lane1_start_exhibition_gap_bucket x target_start_exhibition_gap_bucket,<=0.03 | <=0.03,778,59,7.58,77800,59170,-18630,76.05,1002.88,6.36,75.45,1186.29,0.6,1.22,-183.41,mixed_edge
1-5,lane1_target_group_pair x target_outer_pressure_bucket,A-B | some_other_pressure,263,26,9.89,26300,20000,-6300,76.05,769.23,6.36,75.45,1186.29,0.6,3.53,-417.06,mixed_edge
1-5,lane1_target_start_gap_pair x target_outer_pressure_bucket,0.04-0.06->0.06 | high_other_pressure,627,29,4.63,62700,47680,-15020,76.04,1644.14,6.36,75.45,1186.29,0.59,-1.73,457.85,mixed_edge
1-3,lane1_target_group_pair,A-A,4222,941,22.29,422200,321010,-101190,76.03,341.14,15.46,77.27,499.69,-1.24,6.83,-158.55,mixed_edge
1-2,lane1_target_class_pair,A1-A2,1158,317,27.37,115800,88040,-27760,76.03,277.73,19.48,83.11,426.57,-7.08,7.89,-148.84,mixed_edge
1-4,lane1_target_group_pair x other_a_count_bucket,B-A | 3,137,12,8.76,13700,10410,-3290,75.99,867.5,10.48,75.82,723.82,0.17,-1.72,143.68,mixed_edge
1-2,lane1_boat_rank_bucket,3,2303,438,19.02,230300,174970,-55330,75.97,399.47,19.48,83.11,426.57,-7.14,-0.46,-27.1,mixed_edge
1-3,lane1_target_boat_place_diff_bucket,near_equal,5555,867,15.61,555500,421920,-133580,75.95,486.64,15.46,77.27,499.69,-1.32,0.15,-13.05,mixed_edge
1-3,target_exhibition_st_rank_bucket x other_st_faster_than_target_count_bucket,4+ | 2,1750,271,15.49,175000,132920,-42080,75.95,490.48,15.46,77.27,499.69,-1.32,0.03,-9.21,mixed_edge
1-6,wind_bucket,7+,995,36,3.62,99500,75550,-23950,75.93,2098.61,3.98,73.03,1832.72,2.9,-0.36,265.89,mixed_edge
1-5,target_exhibition_rank_bucket x other_exhibition_faster_than_target_count_bucket,4+ | 2,2111,121,5.73,211100,160270,-50830,75.92,1324.55,6.36,75.45,1186.29,0.47,-0.63,138.26,mixed_edge
1-4,target_boat_rank_bucket,2,2183,215,9.85,218300,165710,-52590,75.91,770.74,10.48,75.82,723.82,0.09,-0.63,46.92,mixed_edge
1-6,target_boat_rank_bucket,4+,7104,270,3.8,710400,539160,-171240,75.9,1996.89,3.98,73.03,1832.72,2.87,-0.18,164.17,mixed_edge
1-6,other_st_faster_than_target_count_bucket,2,2406,102,4.24,240600,182590,-58010,75.89,1790.1,3.98,73.03,1832.72,2.86,0.26,-42.62,mixed_edge
1-4,lane1_target_group_pair x target_outer_pressure_bucket,A-A | low_other_pressure,430,96,22.33,43000,32620,-10380,75.86,339.79,10.48,75.82,723.82,0.04,11.85,-384.03,mixed_edge
1-4,target_local_win_rank_bucket,2,2182,262,12.01,218200,165510,-52690,75.85,631.72,10.48,75.82,723.82,0.03,1.53,-92.1,mixed_edge
1-6,target_national_win_rank_bucket,1,2173,203,9.34,217300,164830,-52470,75.85,811.97,3.98,73.03,1832.72,2.82,5.36,-1020.75,mixed_edge
1-6,target_national_win_rank_bucket x other_national_better_than_target_count_bucket,1 | 0,2173,203,9.34,217300,164830,-52470,75.85,811.97,3.98,73.03,1832.72,2.82,5.36,-1020.75,mixed_edge
1-2,lane1_target_start_gap_pair x target_outer_pressure_bucket,<=0.03-0.04-0.06 | high_other_pressure,556,87,15.65,55600,42170,-13430,75.85,484.71,19.48,83.11,426.57,-7.26,-3.83,58.14,mixed_edge
1-5,lane1_target_exhibition_time_diff_bucket x lane1_target_start_exhibition_st_diff_bucket,target_faster_0.05_0.10 | lane1_faster_0.06+,457,29,6.35,45700,34660,-11040,75.84,1195.17,6.36,75.45,1186.29,0.39,-0.01,8.88,mixed_edge
1-4,target_lane,4,13852,1451,10.48,1385200,1050270,-334930,75.82,723.82,10.48,75.82,723.82,0.0,0.0,0.0,mixed_edge
1-4,target_lane_zone,center_4,13852,1451,10.48,1385200,1050270,-334930,75.82,723.82,10.48,75.82,723.82,0.0,0.0,0.0,mixed_edge
1-3,stadium_code,02,653,72,11.03,65300,49510,-15790,75.82,687.64,15.46,77.27,499.69,-1.45,-4.43,187.95,mixed_edge
1-3,stadium_code x target_lane,02 | 3,653,72,11.03,65300,49510,-15790,75.82,687.64,15.46,77.27,499.69,-1.45,-4.43,187.95,mixed_edge
1-4,target_class,A2,3204,398,12.42,320400,242910,-77490,75.81,610.33,10.48,75.82,723.82,-0.01,1.94,-113.49,mixed_edge
1-3,lane1_exhibition_rank_bucket,4+,4285,576,13.44,428500,324790,-103710,75.8,563.87,15.46,77.27,499.69,-1.47,-2.02,64.18,mixed_edge
1-5,wind_bucket,7+,995,56,5.63,99500,75390,-24110,75.77,1346.25,6.36,75.45,1186.29,0.32,-0.73,159.96,mixed_edge
1-5,target_class_group x target_outer_pressure_bucket,B | high_other_pressure,7416,316,4.26,741600,561710,-179890,75.74,1777.56,6.36,75.45,1186.29,0.29,-2.1,591.27,mixed_edge
1-6,lane1_boat_rank_bucket,2,2355,94,3.99,235500,178370,-57130,75.74,1897.55,3.98,73.03,1832.72,2.71,0.01,64.83,mixed_edge
1-3,target_motor_rank_bucket,4+,6772,1016,15.0,677200,512740,-164460,75.71,504.67,15.46,77.27,499.69,-1.56,-0.46,4.98,mixed_edge
1-3,other_b2_count_bucket,1,3281,498,15.18,328100,248400,-79700,75.71,498.8,15.46,77.27,499.69,-1.56,-0.28,-0.89,mixed_edge
1-5,lane1_target_exhibition_time_diff_bucket x lane1_target_start_exhibition_st_diff_bucket,target_faster_0.05_0.10 | near_equal,382,27,7.07,38200,28920,-9280,75.71,1071.11,6.36,75.45,1186.29,0.26,0.71,-115.18,mixed_edge
1-5,other_group_pattern,B-A-A-A,408,15,3.68,40800,30880,-9920,75.69,2058.67,6.36,75.45,1186.29,0.24,-2.68,872.38,mixed_edge
1-5,lane1_target_national_rank_pair x target_outer_pressure_bucket,4+-1 | some_other_pressure,218,20,9.17,21800,16500,-5300,75.69,825.0,6.36,75.45,1186.29,0.24,2.81,-361.29,mixed_edge
1-5,target_outer_pressure_bucket,high_other_pressure,11557,629,5.44,1155700,874280,-281420,75.65,1389.95,6.36,75.45,1186.29,0.2,-0.92,203.66,mixed_edge
1-5,target_lane x target_outer_pressure_bucket,5 | high_other_pressure,11557,629,5.44,1155700,874280,-281420,75.65,1389.95,6.36,75.45,1186.29,0.2,-0.92,203.66,mixed_edge
1-3,stadium_code,15,637,94,14.76,63700,48190,-15510,75.65,512.66,15.46,77.27,499.69,-1.62,-0.7,12.97,mixed_edge
1-3,stadium_code x target_lane,15 | 3,637,94,14.76,63700,48190,-15510,75.65,512.66,15.46,77.27,499.69,-1.62,-0.7,12.97,mixed_edge
1-6,lane1_target_class_pair,A2-B2,557,7,1.26,55700,42130,-13570,75.64,6018.57,3.98,73.03,1832.72,2.61,-2.72,4185.85,mixed_edge
1-6,lane1_target_group_pair x target_outer_pressure_bucket,A-A | low_other_pressure,410,46,11.22,41000,31000,-10000,75.61,673.91,3.98,73.03,1832.72,2.58,7.24,-1158.81,mixed_edge
1-6,lane1_boat_rank_bucket,1,2555,97,3.8,255500,193150,-62350,75.6,1991.24,3.98,73.03,1832.72,2.57,-0.18,158.52,mixed_edge
1-2,stadium_code,12,636,126,19.81,63600,48060,-15540,75.57,381.43,19.48,83.11,426.57,-7.54,0.33,-45.14,mixed_edge
1-2,stadium_code x target_lane,12 | 2,636,126,19.81,63600,48060,-15540,75.57,381.43,19.48,83.11,426.57,-7.54,0.33,-45.14,mixed_edge
1-6,lane1_exhibition_st_rank_bucket,1,4603,204,4.43,460300,347720,-112580,75.54,1704.51,3.98,73.03,1832.72,2.51,0.45,-128.21,mixed_edge
1-6,lane1_start_exhibition_gap_bucket,best,4603,204,4.43,460300,347720,-112580,75.54,1704.51,3.98,73.03,1832.72,2.51,0.45,-128.21,mixed_edge
1-4,grade_group,一般,13623,1432,10.51,1362300,1028890,-333410,75.53,718.5,10.48,75.82,723.82,-0.29,0.03,-5.32,mixed_edge
1-4,other_b2_count_bucket,0,10495,1079,10.28,1049500,792540,-256960,75.52,734.51,10.48,75.82,723.82,-0.3,-0.2,10.69,mixed_edge
1-5,lane1_target_group_pair,B-A,2046,149,7.28,204600,154490,-50110,75.51,1036.85,6.36,75.45,1186.29,0.06,0.92,-149.44,mixed_edge
1-3,target_national_win_rank_bucket x other_national_better_than_target_count_bucket,4+ | 2,1836,276,15.03,183600,138640,-44960,75.51,502.32,15.46,77.27,499.69,-1.76,-0.43,2.63,mixed_edge
1-5,lane1_target_national_rank_pair x target_outer_pressure_bucket,2-1 | some_other_pressure,113,21,18.58,11300,8530,-2770,75.49,406.19,6.36,75.45,1186.29,0.04,12.22,-780.1,mixed_edge
1-5,target_class_group x target_outer_pressure_bucket,A | high_other_pressure,4141,313,7.56,414100,312570,-101530,75.48,998.63,6.36,75.45,1186.29,0.03,1.2,-187.66,mixed_edge
1-5,wind_bucket,0-2,6085,400,6.57,608500,459190,-149310,75.46,1147.97,6.36,75.45,1186.29,0.01,0.21,-38.32,mixed_edge
1-5,target_lane,5,13852,881,6.36,1385200,1045120,-340080,75.45,1186.29,6.36,75.45,1186.29,0.0,0.0,0.0,mixed_edge
1-5,target_lane_zone,outer_5_6,13852,881,6.36,1385200,1045120,-340080,75.45,1186.29,6.36,75.45,1186.29,0.0,0.0,0.0,mixed_edge
1-6,lane1_local_win_rank_bucket,4+,5320,177,3.33,532000,401320,-130680,75.44,2267.34,3.98,73.03,1832.72,2.41,-0.65,434.62,mixed_edge
1-4,lane1_target_group_pair x other_a_count_bucket,A-A | 0,450,115,25.56,45000,33950,-11050,75.44,295.22,10.48,75.82,723.82,-0.38,15.08,-428.6,mixed_edge
1-5,other_a_count_bucket,1,3714,284,7.65,371400,280110,-91290,75.42,986.3,6.36,75.45,1186.29,-0.03,1.29,-199.99,mixed_edge
1-5,target_lane x other_a_count_bucket,5 | 1,3714,284,7.65,371400,280110,-91290,75.42,986.3,6.36,75.45,1186.29,-0.03,1.29,-199.99,mixed_edge
1-6,lane1_target_group_pair x other_a_count_bucket,A-A | 2,814,38,4.67,81400,61390,-20010,75.42,1615.53,3.98,73.03,1832.72,2.39,0.69,-217.19,mixed_edge
1-2,stadium_code,03,636,93,14.62,63600,47970,-15630,75.42,515.81,19.48,83.11,426.57,-7.69,-4.86,89.24,mixed_edge
1-2,stadium_code x target_lane,03 | 2,636,93,14.62,63600,47970,-15630,75.42,515.81,19.48,83.11,426.57,-7.69,-4.86,89.24,mixed_edge
1-4,target_class_group,B,7517,549,7.3,751700,566870,-184830,75.41,1032.55,10.48,75.82,723.82,-0.41,-3.18,308.73,mixed_edge
1-4,target_lane x target_class_group,4 | B,7517,549,7.3,751700,566870,-184830,75.41,1032.55,10.48,75.82,723.82,-0.41,-3.18,308.73,mixed_edge
1-4,target_national_win_rank_bucket,2,2157,296,13.72,215700,162650,-53050,75.41,549.49,10.48,75.82,723.82,-0.41,3.24,-174.33,mixed_edge
1-3,lane1_local_win_rank_bucket,4+,5320,621,11.67,532000,400980,-131020,75.37,645.7,15.46,77.27,499.69,-1.9,-3.79,146.01,mixed_edge
1-3,lane1_local_win_rank_bucket,1,3166,616,19.46,316600,238480,-78120,75.33,387.14,15.46,77.27,499.69,-1.94,4.0,-112.55,mixed_edge
1-3,target_national_win_rank_bucket x other_national_better_than_target_count_bucket,3 | 1,1389,300,21.6,138900,104630,-34270,75.33,348.77,15.46,77.27,499.69,-1.94,6.14,-150.92,mixed_edge
1-3,lane1_target_group_pair x other_a_count_bucket,A-A | 3,484,99,20.45,48400,36460,-11940,75.33,368.28,15.46,77.27,499.69,-1.94,4.99,-131.41,mixed_edge
1-5,grade_group,一般,13623,868,6.37,1362300,1026150,-336150,75.32,1182.2,6.36,75.45,1186.29,-0.13,0.01,-4.09,mixed_edge
1-3,target_class,A1,3190,680,21.32,319000,240220,-78780,75.3,353.26,15.46,77.27,499.69,-1.97,5.86,-146.43,mixed_edge
1-4,lane1_target_start_gap_pair x target_outer_pressure_bucket,0.04-0.06-<=0.03 | high_other_pressure,548,60,10.95,54800,41260,-13540,75.29,687.67,10.48,75.82,723.82,-0.53,0.47,-36.15,mixed_edge
1-4,other_a_count_bucket,4,1719,201,11.69,171900,129380,-42520,75.26,643.68,10.48,75.82,723.82,-0.56,1.21,-80.14,mixed_edge
1-4,other_group_pattern,A-A-A-A,1719,201,11.69,171900,129380,-42520,75.26,643.68,10.48,75.82,723.82,-0.56,1.21,-80.14,mixed_edge
1-4,target_lane x other_a_count_bucket,4 | 4,1719,201,11.69,171900,129380,-42520,75.26,643.68,10.48,75.82,723.82,-0.56,1.21,-80.14,mixed_edge
1-5,other_group_pattern,A-B-A-A,530,27,5.09,53000,39880,-13120,75.25,1477.04,6.36,75.45,1186.29,-0.2,-1.27,290.75,mixed_edge
1-4,lane1_target_group_pair x other_a_count_bucket,B-B | 2,1375,59,4.29,137500,103450,-34050,75.24,1753.39,10.48,75.82,723.82,-0.58,-6.19,1029.57,mixed_edge
1-4,lane1_exhibition_rank_bucket,4+,4285,386,9.01,428500,322140,-106360,75.18,834.56,10.48,75.82,723.82,-0.64,-1.47,110.74,mixed_edge
1-3,wind_bucket,5-6,2124,293,13.79,212400,159680,-52720,75.18,544.98,15.46,77.27,499.69,-2.09,-1.67,45.29,mixed_edge
1-6,target_class_group x target_outer_pressure_bucket,A | high_other_pressure,4288,198,4.62,428800,322340,-106460,75.17,1627.98,3.98,73.03,1832.72,2.14,0.64,-204.74,mixed_edge
1-6,lane1_target_exhibition_time_diff_bucket,near_equal,6227,264,4.24,622700,467750,-154950,75.12,1771.78,3.98,73.03,1832.72,2.09,0.26,-60.94,mixed_edge
1-5,target_boat_rank_bucket,1,2273,146,6.42,227300,170700,-56600,75.1,1169.18,6.36,75.45,1186.29,-0.35,0.06,-17.11,mixed_edge
1-4,target_class_group x target_outer_pressure_bucket,B | high_other_pressure,6912,464,6.71,691200,519000,-172200,75.09,1118.53,10.48,75.82,723.82,-0.73,-3.77,394.71,mixed_edge
1-3,other_national_better_than_target_count_bucket,2,2893,392,13.55,289300,217240,-72060,75.09,554.18,15.46,77.27,499.69,-2.18,-1.91,54.49,mixed_edge
1-3,wave_bucket,5-9,2528,347,13.73,252800,189720,-63080,75.05,546.74,15.46,77.27,499.69,-2.22,-1.73,47.05,mixed_edge
1-5,lane1_target_national_rank_pair,1-2,628,85,13.54,62800,47130,-15670,75.05,554.47,6.36,75.45,1186.29,-0.4,7.18,-631.82,mixed_edge
1-5,target_lane x lane1_target_national_rank_pair,5 | 1-2,628,85,13.54,62800,47130,-15670,75.05,554.47,6.36,75.45,1186.29,-0.4,7.18,-631.82,mixed_edge
1-5,target_outer_pressure_bucket,low_other_pressure,648,87,13.43,64800,48620,-16180,75.03,558.85,6.36,75.45,1186.29,-0.42,7.07,-627.44,mixed_edge
1-5,target_lane x target_outer_pressure_bucket,5 | low_other_pressure,648,87,13.43,64800,48620,-16180,75.03,558.85,6.36,75.45,1186.29,-0.42,7.07,-627.44,mixed_edge
1-5,lane1_start_exhibition_gap_bucket,<=0.03,3225,211,6.54,322500,241930,-80570,75.02,1146.59,6.36,75.45,1186.29,-0.43,0.18,-39.7,mixed_edge
1-4,target_motor_rank_bucket,2,2284,230,10.07,228400,171300,-57100,75.0,744.78,10.48,75.82,723.82,-0.82,-0.41,20.96,mixed_edge
1-4,lane1_target_exhibition_time_diff_bucket,target_faster_0.10+,642,60,9.35,64200,48150,-16050,75.0,802.5,10.48,75.82,723.82,-0.82,-1.13,78.68,mixed_edge
1-3,target_national_win_rank_bucket,3,2448,417,17.03,244800,183560,-61240,74.98,440.19,15.46,77.27,499.69,-2.29,1.57,-59.5,mixed_edge
1-4,target_exhibition_st_rank_bucket,1,2107,237,11.25,210700,157990,-52710,74.98,666.62,10.48,75.82,723.82,-0.84,0.77,-57.2,mixed_edge
1-4,target_lane x target_exhibition_st_rank_bucket,4 | 1,2107,237,11.25,210700,157990,-52710,74.98,666.62,10.48,75.82,723.82,-0.84,0.77,-57.2,mixed_edge
1-4,target_exhibition_st_rank_bucket x other_st_faster_than_target_count_bucket,1 | 0,2107,237,11.25,210700,157990,-52710,74.98,666.62,10.48,75.82,723.82,-0.84,0.77,-57.2,mixed_edge
1-4,lane1_local_win_rank_bucket,2,2875,348,12.1,287500,215480,-72020,74.95,619.2,10.48,75.82,723.82,-0.87,1.62,-104.62,mixed_edge
1-3,other_a_count_bucket,0,1928,383,19.87,192800,144510,-48290,74.95,377.31,15.46,77.27,499.69,-2.32,4.41,-122.38,mixed_edge
1-3,other_group_pattern,B-B-B-B,1928,383,19.87,192800,144510,-48290,74.95,377.31,15.46,77.27,499.69,-2.32,4.41,-122.38,mixed_edge
1-3,target_lane x other_a_count_bucket,3 | 0,1928,383,19.87,192800,144510,-48290,74.95,377.31,15.46,77.27,499.69,-2.32,4.41,-122.38,mixed_edge
1-6,lane1_target_exhibition_time_diff_bucket,target_faster_0.10+,722,30,4.16,72200,54110,-18090,74.94,1803.67,3.98,73.03,1832.72,1.91,0.18,-29.05,mixed_edge
1-3,lane1_target_national_rank_pair,2-4+,1671,199,11.91,167100,125150,-41950,74.9,628.89,15.46,77.27,499.69,-2.37,-3.55,129.2,mixed_edge
1-3,target_lane x lane1_target_national_rank_pair,3 | 2-4+,1671,199,11.91,167100,125150,-41950,74.9,628.89,15.46,77.27,499.69,-2.37,-3.55,129.2,mixed_edge
1-5,target_class_group x target_outer_pressure_bucket,A | low_other_pressure,575,78,13.57,57500,43060,-14440,74.89,552.05,6.36,75.45,1186.29,-0.56,7.21,-634.24,mixed_edge
1-5,meeting_phase_bucket,day1-2,5035,297,5.9,503500,377010,-126490,74.88,1269.39,6.36,75.45,1186.29,-0.57,-0.46,83.1,mixed_edge
1-5,meeting_phase_bucket x target_lane,day1-2 | 5,5035,297,5.9,503500,377010,-126490,74.88,1269.39,6.36,75.45,1186.29,-0.57,-0.46,83.1,mixed_edge
1-2,lane1_exhibition_st_rank_bucket,3,1969,344,17.47,196900,147430,-49470,74.88,428.58,19.48,83.11,426.57,-8.23,-2.01,2.01,mixed_edge
1-5,lane1_target_class_pair,B2-A1,35,4,11.43,3500,2620,-880,74.86,655.0,6.36,75.45,1186.29,-0.59,5.07,-531.29,mixed_edge
1-3,lane1_target_national_rank_pair x target_outer_pressure_bucket,1-3 | some_other_pressure,353,87,24.65,35300,26410,-8890,74.82,303.56,15.46,77.27,499.69,-2.45,9.19,-196.13,mixed_edge
1-2,lane1_target_national_rank_pair x target_outer_pressure_bucket,3-1 | some_other_pressure,110,29,26.36,11000,8230,-2770,74.82,283.79,19.48,83.11,426.57,-8.29,6.88,-142.78,mixed_edge
1-3,lane1_exhibition_rank_bucket,2,3009,478,15.89,300900,225100,-75800,74.81,470.92,15.46,77.27,499.69,-2.46,0.43,-28.77,mixed_edge
1-3,lane1_target_group_pair x other_a_count_bucket,B-A | 2,968,111,11.47,96800,72410,-24390,74.8,652.34,15.46,77.27,499.69,-2.47,-3.99,152.65,mixed_edge
1-5,other_b2_count_bucket,0,10908,655,6.0,1090800,815670,-275130,74.78,1245.3,6.36,75.45,1186.29,-0.67,-0.36,59.01,mixed_edge
1-6,lane1_class_group,A,8305,364,4.38,830500,620870,-209630,74.76,1705.69,3.98,73.03,1832.72,1.73,0.4,-127.03,mixed_edge
1-4,other_group_pattern,A-B-B-A,876,78,8.9,87600,65490,-22110,74.76,839.62,10.48,75.82,723.82,-1.06,-1.58,115.8,mixed_edge
1-2,lane1_target_exhibition_time_diff_bucket x lane1_target_start_exhibition_st_diff_bucket,near_equal | target_faster_0.03_0.06,784,136,17.35,78400,58610,-19790,74.76,430.96,19.48,83.11,426.57,-8.35,-2.13,4.39,mixed_edge
1-6,lane1_exhibition_st_rank_bucket,4+,4711,173,3.67,471100,352170,-118930,74.75,2035.66,3.98,73.03,1832.72,1.72,-0.31,202.94,mixed_edge
1-4,lane1_national_win_rank_bucket,1,3503,484,13.82,350300,261700,-88600,74.71,540.7,10.48,75.82,723.82,-1.11,3.34,-183.12,mixed_edge
1-4,lane1_target_exhibition_time_diff_bucket,lane1_faster_0.05_0.10,2900,311,10.72,290000,216670,-73330,74.71,696.69,10.48,75.82,723.82,-1.11,0.24,-27.13,mixed_edge
1-3,lane1_target_national_rank_pair x target_outer_pressure_bucket,2-4+ | high_other_pressure,1670,198,11.86,167000,124710,-42290,74.68,629.85,15.46,77.27,499.69,-2.59,-3.6,130.16,mixed_edge
1-6,lane1_target_group_pair,B-A,2190,134,6.12,219000,163530,-55470,74.67,1220.37,3.98,73.03,1832.72,1.64,2.14,-612.35,mixed_edge
1-4,lane1_target_start_gap_pair x target_outer_pressure_bucket,best-best | high_other_pressure,159,18,11.32,15900,11870,-4030,74.65,659.44,10.48,75.82,723.82,-1.17,0.84,-64.38,mixed_edge
1-3,lane1_exhibition_st_rank_bucket,3,1969,306,15.54,196900,146900,-50000,74.61,480.07,15.46,77.27,499.69,-2.66,0.08,-19.62,mixed_edge
1-5,lane1_target_national_rank_pair,4+-1,955,86,9.01,95500,71250,-24250,74.61,828.49,6.36,75.45,1186.29,-0.84,2.65,-357.8,mixed_edge
1-5,target_lane x lane1_target_national_rank_pair,5 | 4+-1,955,86,9.01,95500,71250,-24250,74.61,828.49,6.36,75.45,1186.29,-0.84,2.65,-357.8,mixed_edge
1-4,target_exhibition_rank_bucket x other_exhibition_faster_than_target_count_bucket,3 | 1,1453,175,12.04,145300,108390,-36910,74.6,619.37,10.48,75.82,723.82,-1.22,1.56,-104.45,mixed_edge
1-4,month,2025-02,4340,432,9.95,434000,323700,-110300,74.59,749.31,10.48,75.82,723.82,-1.23,-0.53,25.49,mixed_edge
1-2,target_exhibition_st_rank_bucket x other_st_faster_than_target_count_bucket,2 | 1,1049,166,15.82,104900,78230,-26670,74.58,471.27,19.48,83.11,426.57,-8.53,-3.66,44.7,mixed_edge
1-3,lane1_target_group_pair x other_a_count_bucket,A-A | 1,1006,258,25.65,100600,75010,-25590,74.56,290.74,15.46,77.27,499.69,-2.71,10.19,-208.95,mixed_edge
1-3,lane1_target_group_pair x target_outer_pressure_bucket,A-A | some_other_pressure,931,229,24.6,93100,69410,-23690,74.55,303.1,15.46,77.27,499.69,-2.72,9.14,-196.59,mixed_edge
1-5,stadium_code,15,637,37,5.81,63700,47480,-16220,74.54,1283.24,6.36,75.45,1186.29,-0.91,-0.55,96.95,mixed_edge
1-5,stadium_code x target_lane,15 | 5,637,37,5.81,63700,47480,-16220,74.54,1283.24,6.36,75.45,1186.29,-0.91,-0.55,96.95,mixed_edge
1-4,other_national_better_than_target_count_bucket,1,2738,328,11.98,273800,203950,-69850,74.49,621.8,10.48,75.82,723.82,-1.33,1.5,-102.02,mixed_edge
1-6,wave_bucket,5-9,2528,103,4.07,252800,188320,-64480,74.49,1828.35,3.98,73.03,1832.72,1.46,0.09,-4.37,mixed_edge
1-4,lane1_target_class_pair,A2-A2,865,117,13.53,86500,64420,-22080,74.47,550.6,10.48,75.82,723.82,-1.35,3.05,-173.22,mixed_edge
1-3,lane1_target_national_rank_pair x target_outer_pressure_bucket,1-4+ | high_other_pressure,1958,308,15.73,195800,145770,-50030,74.45,473.28,15.46,77.27,499.69,-2.82,0.27,-26.41,mixed_edge
1-6,lane1_boat_rank_bucket,3,2303,97,4.21,230300,171410,-58890,74.43,1767.11,3.98,73.03,1832.72,1.4,0.23,-65.61,mixed_edge
1-4,target_national_win_rank_bucket,4+,7263,523,7.2,726300,540390,-185910,74.4,1033.25,10.48,75.82,723.82,-1.42,-3.28,309.43,mixed_edge
1-5,target_class_group,A,5921,516,8.71,592100,440380,-151720,74.38,853.45,6.36,75.45,1186.29,-1.07,2.35,-332.84,mixed_edge
1-5,target_lane x target_class_group,5 | A,5921,516,8.71,592100,440380,-151720,74.38,853.45,6.36,75.45,1186.29,-1.07,2.35,-332.84,mixed_edge
1-5,race_no_bucket,10-12R,3432,246,7.17,343200,255280,-87920,74.38,1037.72,6.36,75.45,1186.29,-1.07,0.81,-148.57,mixed_edge
1-5,race_no_bucket x target_lane,10-12R | 5,3432,246,7.17,343200,255280,-87920,74.38,1037.72,6.36,75.45,1186.29,-1.07,0.81,-148.57,mixed_edge
1-5,target_national_win_rank_bucket x other_national_better_than_target_count_bucket,3 | 2,947,32,3.38,94700,70430,-24270,74.37,2200.94,6.36,75.45,1186.29,-1.08,-2.98,1014.65,mixed_edge
1-3,target_national_win_rank_bucket x other_national_better_than_target_count_bucket,3 | 2,1057,116,10.97,105700,78600,-27100,74.36,677.59,15.46,77.27,499.69,-2.91,-4.49,177.9,mixed_edge
1-2,lane1_target_exhibition_st_rank_pair,2-4+,939,168,17.89,93900,69820,-24080,74.36,415.6,19.48,83.11,426.57,-8.75,-1.59,-10.97,mixed_edge
1-2,lane1_exhibition_st_rank_bucket x target_exhibition_st_rank_bucket,2 | 4+,939,168,17.89,93900,69820,-24080,74.36,415.6,19.48,83.11,426.57,-8.75,-1.59,-10.97,mixed_edge
1-5,target_national_win_rank_bucket x other_national_better_than_target_count_bucket,2 | 0,634,85,13.41,63400,47130,-16270,74.34,554.47,6.36,75.45,1186.29,-1.11,7.05,-631.82,mixed_edge
1-6,lane1_target_exhibition_time_diff_bucket x lane1_target_start_exhibition_st_diff_bucket,target_faster_0.10+ | near_equal,182,11,6.04,18200,13530,-4670,74.34,1230.0,3.98,73.03,1832.72,1.31,2.06,-602.72,mixed_edge
1-4,target_exhibition_st_rank_bucket,4+,6943,660,9.51,694300,516040,-178260,74.33,781.88,10.48,75.82,723.82,-1.49,-0.97,58.06,mixed_edge
1-4,target_lane x target_exhibition_st_rank_bucket,4 | 4+,6943,660,9.51,694300,516040,-178260,74.33,781.88,10.48,75.82,723.82,-1.49,-0.97,58.06,mixed_edge
1-4,lane1_class,A1,4373,600,13.72,437300,325050,-112250,74.33,541.75,10.48,75.82,723.82,-1.49,3.24,-182.07,mixed_edge
1-3,lane1_target_national_rank_pair,1-4+,1961,308,15.71,196100,145770,-50330,74.33,473.28,15.46,77.27,499.69,-2.94,0.25,-26.41,mixed_edge
1-3,target_lane x lane1_target_national_rank_pair,3 | 1-4+,1961,308,15.71,196100,145770,-50330,74.33,473.28,15.46,77.27,499.69,-2.94,0.25,-26.41,mixed_edge
1-5,lane1_target_motor_place_diff_bucket,near_equal,5043,303,6.01,504300,374790,-129510,74.32,1236.93,6.36,75.45,1186.29,-1.13,-0.35,50.64,mixed_edge
1-4,lane1_national_win_rank_bucket,2,2893,356,12.31,289300,215020,-74280,74.32,603.99,10.48,75.82,723.82,-1.5,1.83,-119.83,mixed_edge
1-4,lane1_target_start_gap_pair x target_outer_pressure_bucket,0.04-0.06-<=0.03 | some_other_pressure,96,13,13.54,9600,7130,-2470,74.27,548.46,10.48,75.82,723.82,-1.55,3.06,-175.36,mixed_edge
1-3,target_class_group x target_outer_pressure_bucket,A | high_other_pressure,4220,748,17.73,422000,313170,-108830,74.21,418.68,15.46,77.27,499.69,-3.06,2.27,-81.01,mixed_edge
1-5,target_outer_pressure_bucket,some_other_pressure,1647,165,10.02,164700,122220,-42480,74.21,740.73,6.36,75.45,1186.29,-1.24,3.66,-445.56,mixed_edge
1-5,target_lane x target_outer_pressure_bucket,5 | some_other_pressure,1647,165,10.02,164700,122220,-42480,74.21,740.73,6.36,75.45,1186.29,-1.24,3.66,-445.56,mixed_edge
1-4,lane1_target_exhibition_time_diff_bucket x lane1_target_start_exhibition_st_diff_bucket,target_faster_0.05_0.10 | lane1_faster_0.03_0.06,247,31,12.55,24700,18320,-6380,74.17,590.97,10.48,75.82,723.82,-1.65,2.07,-132.85,mixed_edge
1-5,stadium_code,03,636,40,6.29,63600,47160,-16440,74.15,1179.0,6.36,75.45,1186.29,-1.3,-0.07,-7.29,mixed_edge
1-5,stadium_code x target_lane,03 | 5,636,40,6.29,63600,47160,-16440,74.15,1179.0,6.36,75.45,1186.29,-1.3,-0.07,-7.29,mixed_edge
1-3,target_boat_rank_bucket,2,2315,358,15.46,231500,171640,-59860,74.14,479.44,15.46,77.27,499.69,-3.13,0.0,-20.25,mixed_edge
1-5,lane1_target_local_win_diff_bucket,near_equal,1957,127,6.49,195700,145100,-50600,74.14,1142.52,6.36,75.45,1186.29,-1.31,0.13,-43.77,mixed_edge
1-4,target_motor_rank_bucket,3,2210,226,10.23,221000,163830,-57170,74.13,724.91,10.48,75.82,723.82,-1.69,-0.25,1.09,mixed_edge
1-5,target_national_win_rank_bucket,4+,7861,334,4.25,786100,582500,-203600,74.1,1744.01,6.36,75.45,1186.29,-1.35,-2.11,557.72,mixed_edge
1-2,lane1_target_group_pair x target_outer_pressure_bucket,B-A | high_other_pressure,1365,186,13.63,136500,101150,-35350,74.1,543.82,19.48,83.11,426.57,-9.01,-5.85,117.25,mixed_edge
1-5,lane1_target_national_rank_pair x target_outer_pressure_bucket,4+-3 | high_other_pressure,951,32,3.36,95100,70430,-24670,74.06,2200.94,6.36,75.45,1186.29,-1.39,-3.0,1014.65,mixed_edge
1-3,other_st_faster_than_target_count_bucket,3,2226,300,13.48,222600,164830,-57770,74.05,549.43,15.46,77.27,499.69,-3.22,-1.98,49.74,mixed_edge
1-3,target_exhibition_st_rank_bucket x other_st_faster_than_target_count_bucket,4+ | 3,2226,300,13.48,222600,164830,-57770,74.05,549.43,15.46,77.27,499.69,-3.22,-1.98,49.74,mixed_edge
1-5,lane1_target_start_gap_pair x target_outer_pressure_bucket,>0.06-0.04-0.06 | high_other_pressure,560,19,3.39,56000,41470,-14530,74.05,2182.63,6.36,75.45,1186.29,-1.4,-2.97,996.34,mixed_edge
1-2,other_group_pattern,A-B-A-B,904,137,15.15,90400,66900,-23500,74.0,488.32,19.48,83.11,426.57,-9.11,-4.33,61.75,mixed_edge
1-4,lane1_target_national_rank_pair,3-2,467,60,12.85,46700,34540,-12160,73.96,575.67,10.48,75.82,723.82,-1.86,2.37,-148.15,mixed_edge
1-4,target_lane x lane1_target_national_rank_pair,4 | 3-2,467,60,12.85,46700,34540,-12160,73.96,575.67,10.48,75.82,723.82,-1.86,2.37,-148.15,mixed_edge
1-5,lane1_target_group_pair x other_a_count_bucket,B-B | 0,621,44,7.09,62100,45920,-16180,73.95,1043.64,6.36,75.45,1186.29,-1.5,0.73,-142.65,mixed_edge
1-3,lane1_target_national_rank_pair x target_outer_pressure_bucket,4+-2 | high_other_pressure,600,69,11.5,60000,44370,-15630,73.95,643.04,15.46,77.27,499.69,-3.32,-3.96,143.35,mixed_edge
1-4,lane1_target_national_rank_pair x target_outer_pressure_bucket,4+-1 | low_other_pressure,258,34,13.18,25800,19080,-6720,73.95,561.18,10.48,75.82,723.82,-1.87,2.7,-162.64,mixed_edge
1-6,lane1_target_national_rank_pair x target_outer_pressure_bucket,1-2 | some_other_pressure,119,11,9.24,11900,8800,-3100,73.95,800.0,3.98,73.03,1832.72,0.92,5.26,-1032.72,mixed_edge
1-5,lane1_target_local_win_diff_bucket,lane1_plus_0.35_1.00,1742,118,6.77,174200,128810,-45390,73.94,1091.61,6.36,75.45,1186.29,-1.51,0.41,-94.68,mixed_edge
1-3,lane1_target_national_rank_pair x target_outer_pressure_bucket,4+-3 | high_other_pressure,1063,116,10.91,106300,78600,-27700,73.94,677.59,15.46,77.27,499.69,-3.33,-4.55,177.9,mixed_edge
1-6,lane1_target_exhibition_time_diff_bucket x lane1_target_start_exhibition_st_diff_bucket,near_equal | lane1_faster_0.03_0.06,949,44,4.64,94900,70160,-24740,73.93,1594.55,3.98,73.03,1832.72,0.9,0.66,-238.17,mixed_edge
1-3,lane1_target_national_rank_pair,4+-3,1064,116,10.9,106400,78600,-27800,73.87,677.59,15.46,77.27,499.69,-3.4,-4.56,177.9,mixed_edge
1-3,target_lane x lane1_target_national_rank_pair,3 | 4+-3,1064,116,10.9,106400,78600,-27800,73.87,677.59,15.46,77.27,499.69,-3.4,-4.56,177.9,mixed_edge
1-3,stadium_code,05,562,84,14.95,56200,41510,-14690,73.86,494.17,15.46,77.27,499.69,-3.41,-0.51,-5.52,mixed_edge
1-3,stadium_code x target_lane,05 | 3,562,84,14.95,56200,41510,-14690,73.86,494.17,15.46,77.27,499.69,-3.41,-0.51,-5.52,mixed_edge
1-4,month,2025-01,4995,531,10.63,499500,368870,-130630,73.85,694.67,10.48,75.82,723.82,-1.97,0.15,-29.15,mixed_edge
1-5,lane1_class,B1,5268,254,4.82,526800,388920,-137880,73.83,1531.18,6.36,75.45,1186.29,-1.62,-1.54,344.89,mixed_edge
1-3,other_group_pattern,B-A-B-B,1064,159,14.94,106400,78550,-27850,73.83,494.03,15.46,77.27,499.69,-3.44,-0.52,-5.66,mixed_edge
1-4,other_group_pattern,B-B-B-A,1027,132,12.85,102700,75820,-26880,73.83,574.39,10.48,75.82,723.82,-1.99,2.37,-149.43,mixed_edge
1-5,lane1_target_national_rank_pair,4+-3,954,32,3.35,95400,70430,-24970,73.83,2200.94,6.36,75.45,1186.29,-1.62,-3.01,1014.65,mixed_edge
1-5,target_lane x lane1_target_national_rank_pair,5 | 4+-3,954,32,3.35,95400,70430,-24970,73.83,2200.94,6.36,75.45,1186.29,-1.62,-3.01,1014.65,mixed_edge
1-3,lane1_target_start_gap_pair,0.04-0.06-<=0.03,614,103,16.78,61400,45330,-16070,73.83,440.1,15.46,77.27,499.69,-3.44,1.32,-59.59,mixed_edge
1-3,target_lane x lane1_target_start_gap_pair,3 | 0.04-0.06-<=0.03,614,103,16.78,61400,45330,-16070,73.83,440.1,15.46,77.27,499.69,-3.44,1.32,-59.59,mixed_edge
1-3,lane1_start_exhibition_gap_bucket x target_start_exhibition_gap_bucket,0.04-0.06 | <=0.03,614,103,16.78,61400,45330,-16070,73.83,440.1,15.46,77.27,499.69,-3.44,1.32,-59.59,mixed_edge
1-5,lane1_target_class_pair,B1-A1,741,74,9.99,74100,54700,-19400,73.82,739.19,6.36,75.45,1186.29,-1.63,3.63,-447.1,mixed_edge
1-5,lane1_target_group_pair,A-A,3875,367,9.47,387500,285890,-101610,73.78,778.99,6.36,75.45,1186.29,-1.67,3.11,-407.3,mixed_edge
1-4,lane1_target_motor_place_diff_bucket,lane1_plus_4_10,2422,256,10.57,242200,178620,-63580,73.75,697.73,10.48,75.82,723.82,-2.07,0.09,-26.09,mixed_edge
1-5,target_motor_rank_bucket,4+,7139,423,5.93,713900,526420,-187480,73.74,1244.49,6.36,75.45,1186.29,-1.71,-0.43,58.2,mixed_edge
1-4,target_national_win_rank_bucket,3,2340,251,10.73,234000,172560,-61440,73.74,687.49,10.48,75.82,723.82,-2.08,0.25,-36.33,mixed_edge
1-6,target_exhibition_rank_bucket x other_exhibition_faster_than_target_count_bucket,3 | 1,1147,48,4.18,114700,84550,-30150,73.71,1761.46,3.98,73.03,1832.72,0.68,0.2,-71.26,mixed_edge
1-4,target_exhibition_rank_bucket,3,2367,260,10.98,236700,174250,-62450,73.62,670.19,10.48,75.82,723.82,-2.2,0.5,-53.63,mixed_edge
1-3,other_group_pattern,B-B-A-A,607,90,14.83,60700,44690,-16010,73.62,496.56,15.46,77.27,499.69,-3.65,-0.63,-3.13,mixed_edge
1-4,lane1_target_national_rank_pair x target_outer_pressure_bucket,2-1 | low_other_pressure,186,45,24.19,18600,13690,-4910,73.6,304.22,10.48,75.82,723.82,-2.22,13.71,-419.6,mixed_edge
1-6,grade_group,一般,13623,545,4.0,1362300,1002370,-359930,73.58,1839.21,3.98,73.03,1832.72,0.55,0.02,6.49,mixed_edge
1-3,month,2025-03,4517,690,15.28,451700,332320,-119380,73.57,481.62,15.46,77.27,499.69,-3.7,-0.18,-18.07,mixed_edge
1-5,lane1_exhibition_rank_bucket,3,2284,145,6.35,228400,167940,-60460,73.53,1158.21,6.36,75.45,1186.29,-1.92,-0.01,-28.08,mixed_edge
1-5,target_national_win_rank_bucket,2,2003,179,8.94,200300,147260,-53040,73.52,822.68,6.36,75.45,1186.29,-1.93,2.58,-363.61,mixed_edge
1-4,target_outer_pressure_bucket,some_other_pressure,1961,299,15.25,196100,144180,-51920,73.52,482.21,10.48,75.82,723.82,-2.3,4.77,-241.61,mixed_edge
1-4,target_lane x target_outer_pressure_bucket,4 | some_other_pressure,1961,299,15.25,196100,144180,-51920,73.52,482.21,10.48,75.82,723.82,-2.3,4.77,-241.61,mixed_edge
1-6,lane1_target_start_gap_pair,>0.06-<=0.03,625,23,3.68,62500,45950,-16550,73.52,1997.83,3.98,73.03,1832.72,0.49,-0.3,165.11,mixed_edge
1-6,target_lane x lane1_target_start_gap_pair,6 | >0.06-<=0.03,625,23,3.68,62500,45950,-16550,73.52,1997.83,3.98,73.03,1832.72,0.49,-0.3,165.11,mixed_edge
1-6,lane1_start_exhibition_gap_bucket x target_start_exhibition_gap_bucket,>0.06 | <=0.03,625,23,3.68,62500,45950,-16550,73.52,1997.83,3.98,73.03,1832.72,0.49,-0.3,165.11,mixed_edge
1-3,target_outer_pressure_bucket,some_other_pressure,2092,423,20.22,209200,153790,-55410,73.51,363.57,15.46,77.27,499.69,-3.76,4.76,-136.12,mixed_edge
1-3,target_lane x target_outer_pressure_bucket,3 | some_other_pressure,2092,423,20.22,209200,153790,-55410,73.51,363.57,15.46,77.27,499.69,-3.76,4.76,-136.12,mixed_edge
1-6,month,2025-02,4340,190,4.38,434000,318790,-115210,73.45,1677.84,3.98,73.03,1832.72,0.42,0.4,-154.88,mixed_edge
1-3,target_national_win_rank_bucket,2,2401,455,18.95,240100,176310,-63790,73.43,387.49,15.46,77.27,499.69,-3.84,3.49,-112.2,mixed_edge
1-4,target_outer_pressure_bucket,low_other_pressure,764,145,18.98,76400,56080,-20320,73.4,386.76,10.48,75.82,723.82,-2.42,8.5,-337.06,mixed_edge
1-4,target_lane x target_outer_pressure_bucket,4 | low_other_pressure,764,145,18.98,76400,56080,-20320,73.4,386.76,10.48,75.82,723.82,-2.42,8.5,-337.06,mixed_edge
1-3,other_national_better_than_target_count_bucket,1,3021,532,17.61,302100,221710,-80390,73.39,416.75,15.46,77.27,499.69,-3.88,2.15,-82.94,mixed_edge
1-3,target_class_group,A,6500,1232,18.95,650000,476910,-173090,73.37,387.1,15.46,77.27,499.69,-3.9,3.49,-112.59,mixed_edge
1-3,target_lane x target_class_group,3 | A,6500,1232,18.95,650000,476910,-173090,73.37,387.1,15.46,77.27,499.69,-3.9,3.49,-112.59,mixed_edge
1-2,other_group_pattern,B-B-A-A,655,113,17.25,65500,48050,-17450,73.36,425.22,19.48,83.11,426.57,-9.75,-2.23,-1.35,mixed_edge
1-4,lane1_target_start_exhibition_st_diff_bucket,target_faster_0.03_0.06,1733,198,11.43,173300,127110,-46190,73.35,641.97,10.48,75.82,723.82,-2.47,0.95,-81.85,mixed_edge
1-5,lane1_target_group_pair x target_outer_pressure_bucket,A-A | high_other_pressure,2857,232,8.12,285700,209380,-76320,73.29,902.5,6.36,75.45,1186.29,-2.16,1.76,-283.79,mixed_edge
1-5,lane1_target_boat_place_diff_bucket,lane1_plus_4_10,2552,156,6.11,255200,186900,-68300,73.24,1198.08,6.36,75.45,1186.29,-2.21,-0.25,11.79,mixed_edge
1-4,lane1_target_start_exhibition_st_diff_bucket,lane1_faster_0.06+,3622,341,9.41,362200,265240,-96960,73.23,777.83,10.48,75.82,723.82,-2.59,-1.07,54.01,mixed_edge
1-5,lane1_target_start_gap_pair,0.04-0.06->0.06,705,36,5.11,70500,51620,-18880,73.22,1433.89,6.36,75.45,1186.29,-2.23,-1.25,247.6,mixed_edge
1-5,target_lane x lane1_target_start_gap_pair,5 | 0.04-0.06->0.06,705,36,5.11,70500,51620,-18880,73.22,1433.89,6.36,75.45,1186.29,-2.23,-1.25,247.6,mixed_edge
1-5,lane1_start_exhibition_gap_bucket x target_start_exhibition_gap_bucket,0.04-0.06 | >0.06,705,36,5.11,70500,51620,-18880,73.22,1433.89,6.36,75.45,1186.29,-2.23,-1.25,247.6,mixed_edge
1-5,lane1_boat_rank_bucket,4+,6639,406,6.12,663900,485750,-178150,73.17,1196.43,6.36,75.45,1186.29,-2.28,-0.24,10.14,mixed_edge
1-3,lane1_national_win_rank_bucket,1,3503,695,19.84,350300,256200,-94100,73.14,368.63,15.46,77.27,499.69,-4.13,4.38,-131.06,mixed_edge
1-5,target_national_win_rank_bucket x other_national_better_than_target_count_bucket,2 | 1,1369,94,6.87,136900,100130,-36770,73.14,1065.21,6.36,75.45,1186.29,-2.31,0.51,-121.08,mixed_edge
1-6,meeting_phase_bucket,day1-2,5035,202,4.01,503500,368160,-135340,73.12,1822.57,3.98,73.03,1832.72,0.09,0.03,-10.15,mixed_edge
1-6,meeting_phase_bucket x target_lane,day1-2 | 6,5035,202,4.01,503500,368160,-135340,73.12,1822.57,3.98,73.03,1832.72,0.09,0.03,-10.15,mixed_edge
1-4,lane1_target_boat_place_diff_bucket,lane1_plus_10+,1623,177,10.91,162300,118680,-43620,73.12,670.51,10.48,75.82,723.82,-2.7,0.43,-53.31,mixed_edge
1-5,lane1_target_start_gap_pair x target_outer_pressure_bucket,<=0.03-<=0.03 | high_other_pressure,647,39,6.03,64700,47310,-17390,73.12,1213.08,6.36,75.45,1186.29,-2.33,-0.33,26.79,mixed_edge
1-3,lane1_target_local_win_diff_bucket,target_plus_1.00+,3357,493,14.69,335700,245420,-90280,73.11,497.81,15.46,77.27,499.69,-4.16,-0.77,-1.88,mixed_edge
1-4,lane1_boat_rank_bucket,2,2355,244,10.36,235500,172170,-63330,73.11,705.61,10.48,75.82,723.82,-2.71,-0.12,-18.21,mixed_edge
1-4,lane1_target_exhibition_st_rank_pair,4+-2,1095,103,9.41,109500,80010,-29490,73.07,776.8,10.48,75.82,723.82,-2.75,-1.07,52.98,mixed_edge
1-4,lane1_exhibition_st_rank_bucket x target_exhibition_st_rank_bucket,4+ | 2,1095,103,9.41,109500,80010,-29490,73.07,776.8,10.48,75.82,723.82,-2.75,-1.07,52.98,mixed_edge
1-4,lane1_target_class_pair,A1-A2,1088,163,14.98,108800,79500,-29300,73.07,487.73,10.48,75.82,723.82,-2.75,4.5,-236.09,mixed_edge
1-4,lane1_target_national_rank_pair,1-3,768,117,15.23,76800,56110,-20690,73.06,479.57,10.48,75.82,723.82,-2.76,4.75,-244.25,mixed_edge
1-4,target_lane x lane1_target_national_rank_pair,4 | 1-3,768,117,15.23,76800,56110,-20690,73.06,479.57,10.48,75.82,723.82,-2.76,4.75,-244.25,mixed_edge
1-5,other_national_better_than_target_count_bucket,4,3275,100,3.05,327500,239210,-88290,73.04,2392.1,6.36,75.45,1186.29,-2.41,-3.31,1205.81,mixed_edge
1-5,target_national_win_rank_bucket x other_national_better_than_target_count_bucket,4+ | 4,3275,100,3.05,327500,239210,-88290,73.04,2392.1,6.36,75.45,1186.29,-2.41,-3.31,1205.81,mixed_edge
1-5,target_motor_rank_bucket,1,2278,151,6.63,227800,166380,-61420,73.04,1101.85,6.36,75.45,1186.29,-2.41,0.27,-84.44,mixed_edge
1-4,other_a_count_bucket,0,2002,300,14.99,200200,146230,-53970,73.04,487.43,10.48,75.82,723.82,-2.78,4.51,-236.39,mixed_edge
1-4,other_group_pattern,B-B-B-B,2002,300,14.99,200200,146230,-53970,73.04,487.43,10.48,75.82,723.82,-2.78,4.51,-236.39,mixed_edge
1-4,target_lane x other_a_count_bucket,4 | 0,2002,300,14.99,200200,146230,-53970,73.04,487.43,10.48,75.82,723.82,-2.78,4.51,-236.39,mixed_edge
1-6,target_lane,6,13852,552,3.98,1385200,1011660,-373540,73.03,1832.72,3.98,73.03,1832.72,0.0,0.0,0.0,mixed_edge
1-6,target_lane_zone,outer_5_6,13852,552,3.98,1385200,1011660,-373540,73.03,1832.72,3.98,73.03,1832.72,0.0,0.0,0.0,mixed_edge
1-3,lane1_boat_rank_bucket,2,2355,354,15.03,235500,171990,-63510,73.03,485.85,15.46,77.27,499.69,-4.24,-0.43,-13.84,mixed_edge
1-6,meeting_phase_bucket,day3-4,5067,186,3.67,506700,369990,-136710,73.02,1989.19,3.98,73.03,1832.72,-0.01,-0.31,156.47,mixed_edge
1-6,meeting_phase_bucket x target_lane,day3-4 | 6,5067,186,3.67,506700,369990,-136710,73.02,1989.19,3.98,73.03,1832.72,-0.01,-0.31,156.47,mixed_edge
1-6,meeting_phase_bucket,day5+,3750,164,4.37,375000,273510,-101490,72.94,1667.74,3.98,73.03,1832.72,-0.09,0.39,-164.98,mixed_edge
1-6,meeting_phase_bucket x target_lane,day5+ | 6,3750,164,4.37,375000,273510,-101490,72.94,1667.74,3.98,73.03,1832.72,-0.09,0.39,-164.98,mixed_edge
1-6,other_b2_count_bucket,0,11343,415,3.66,1134300,827230,-307070,72.93,1993.33,3.98,73.03,1832.72,-0.1,-0.32,160.61,mixed_edge
1-6,lane1_target_national_rank_pair,4+-3,959,22,2.29,95900,69930,-25970,72.92,3178.64,3.98,73.03,1832.72,-0.11,-1.69,1345.92,mixed_edge
1-6,target_lane x lane1_target_national_rank_pair,6 | 4+-3,959,22,2.29,95900,69930,-25970,72.92,3178.64,3.98,73.03,1832.72,-0.11,-1.69,1345.92,mixed_edge
1-4,other_exhibition_faster_than_target_count_bucket,0,3228,393,12.17,322800,235300,-87500,72.89,598.73,10.48,75.82,723.82,-2.93,1.69,-125.09,mixed_edge
1-3,lane1_target_start_gap_pair,0.04-0.06-0.04-0.06,614,96,15.64,61400,44710,-16690,72.82,465.73,15.46,77.27,499.69,-4.45,0.18,-33.96,mixed_edge
1-3,target_lane x lane1_target_start_gap_pair,3 | 0.04-0.06-0.04-0.06,614,96,15.64,61400,44710,-16690,72.82,465.73,15.46,77.27,499.69,-4.45,0.18,-33.96,mixed_edge
1-3,lane1_start_exhibition_gap_bucket x target_start_exhibition_gap_bucket,0.04-0.06 | 0.04-0.06,614,96,15.64,61400,44710,-16690,72.82,465.73,15.46,77.27,499.69,-4.45,0.18,-33.96,mixed_edge
1-6,other_national_better_than_target_count_bucket,0,2777,247,8.89,277700,202100,-75600,72.78,818.22,3.98,73.03,1832.72,-0.25,4.91,-1014.5,mixed_edge
1-5,lane1_target_group_pair x other_a_count_bucket,A-B | 2,1539,63,4.09,153900,112010,-41890,72.78,1777.94,6.36,75.45,1186.29,-2.67,-2.27,591.65,mixed_edge
1-6,other_exhibition_faster_than_target_count_bucket,2,2630,105,3.99,263000,191390,-71610,72.77,1822.76,3.98,73.03,1832.72,-0.26,0.01,-9.96,mixed_edge
1-4,lane1_target_exhibition_time_diff_bucket x lane1_target_start_exhibition_st_diff_bucket,lane1_faster_0.10+ | target_faster_0.03_0.06,224,26,11.61,22400,16300,-6100,72.77,626.92,10.48,75.82,723.82,-3.05,1.13,-96.9,mixed_edge
1-4,wind_bucket,7+,995,91,9.15,99500,72390,-27110,72.75,795.49,10.48,75.82,723.82,-3.07,-1.33,71.67,mixed_edge
1-3,lane1_target_exhibition_time_diff_bucket x lane1_target_start_exhibition_st_diff_bucket,lane1_faster_0.10+ | target_faster_0.03_0.06,214,40,18.69,21400,15560,-5840,72.71,389.0,15.46,77.27,499.69,-4.56,3.23,-110.69,mixed_edge
1-5,lane1_national_win_rank_bucket,3,2334,148,6.34,233400,169640,-63760,72.68,1146.22,6.36,75.45,1186.29,-2.77,-0.02,-40.07,mixed_edge
1-3,lane1_target_exhibition_time_diff_bucket x lane1_target_start_exhibition_st_diff_bucket,lane1_faster_0.10+ | near_equal,600,89,14.83,60000,43610,-16390,72.68,490.0,15.46,77.27,499.69,-4.59,-0.63,-9.69,mixed_edge
1-3,lane1_target_group_pair x other_a_count_bucket,A-B | 1,1283,182,14.19,128300,93220,-35080,72.66,512.2,15.46,77.27,499.69,-4.61,-1.27,12.51,mixed_edge
1-3,other_national_better_than_target_count_bucket,0,2913,671,23.03,291300,211520,-79780,72.61,315.23,15.46,77.27,499.69,-4.66,7.57,-184.46,mixed_edge
1-5,race_no_bucket,1-3R,3489,200,5.73,348900,253290,-95610,72.6,1266.45,6.36,75.45,1186.29,-2.85,-0.63,80.16,mixed_edge
1-5,race_no_bucket x target_lane,1-3R | 5,3489,200,5.73,348900,253290,-95610,72.6,1266.45,6.36,75.45,1186.29,-2.85,-0.63,80.16,mixed_edge
1-5,lane1_class_group,B,5547,268,4.83,554700,402510,-152190,72.56,1501.9,6.36,75.45,1186.29,-2.89,-1.53,315.61,mixed_edge
1-5,lane1_target_national_rank_pair x target_outer_pressure_bucket,3-1 | some_other_pressure,78,11,14.1,7800,5660,-2140,72.56,514.55,6.36,75.45,1186.29,-2.89,7.74,-671.74,mixed_edge
1-3,lane1_motor_rank_bucket,3,2255,311,13.79,225500,163580,-61920,72.54,525.98,15.46,77.27,499.69,-4.73,-1.67,26.29,mixed_edge
1-4,lane1_target_national_rank_pair x target_outer_pressure_bucket,1-2 | high_other_pressure,378,68,17.99,37800,27410,-10390,72.51,403.09,10.48,75.82,723.82,-3.31,7.51,-320.73,mixed_edge
1-4,target_class_group x target_outer_pressure_bucket,A | low_other_pressure,668,129,19.31,66800,48430,-18370,72.5,375.43,10.48,75.82,723.82,-3.32,8.83,-348.39,mixed_edge
1-3,stadium_code,16,588,96,16.33,58800,42630,-16170,72.5,444.06,15.46,77.27,499.69,-4.77,0.87,-55.63,mixed_edge
1-3,stadium_code x target_lane,16 | 3,588,96,16.33,58800,42630,-16170,72.5,444.06,15.46,77.27,499.69,-4.77,0.87,-55.63,mixed_edge
1-4,lane1_target_national_rank_pair,2-4+,1674,132,7.89,167400,121310,-46090,72.47,919.02,10.48,75.82,723.82,-3.35,-2.59,195.2,mixed_edge
1-4,target_lane x lane1_target_national_rank_pair,4 | 2-4+,1674,132,7.89,167400,121310,-46090,72.47,919.02,10.48,75.82,723.82,-3.35,-2.59,195.2,mixed_edge
1-4,lane1_target_national_rank_pair x target_outer_pressure_bucket,2-4+ | high_other_pressure,1670,131,7.84,167000,120950,-46050,72.43,923.28,10.48,75.82,723.82,-3.39,-2.64,199.46,mixed_edge
1-3,lane1_target_boat_place_diff_bucket,target_plus_10+,1571,241,15.34,157100,113740,-43360,72.4,471.95,15.46,77.27,499.69,-4.87,-0.12,-27.74,mixed_edge
1-4,lane1_target_local_win_diff_bucket,lane1_plus_1.00+,5208,470,9.02,520800,377030,-143770,72.39,802.19,10.48,75.82,723.82,-3.43,-1.46,78.37,mixed_edge
1-4,other_group_pattern,A-B-A-B,771,71,9.21,77100,55810,-21290,72.39,786.06,10.48,75.82,723.82,-3.43,-1.27,62.24,mixed_edge
1-2,other_exhibition_faster_than_target_count_bucket,4,1826,293,16.05,182600,132140,-50460,72.37,450.99,19.48,83.11,426.57,-10.74,-3.43,24.42,mixed_edge
1-2,target_exhibition_rank_bucket x other_exhibition_faster_than_target_count_bucket,4+ | 4,1826,293,16.05,182600,132140,-50460,72.37,450.99,19.48,83.11,426.57,-10.74,-3.43,24.42,mixed_edge
1-4,lane1_motor_rank_bucket,1,2652,287,10.82,265200,191850,-73350,72.34,668.47,10.48,75.82,723.82,-3.48,0.34,-55.35,mixed_edge
1-3,target_boat_rank_bucket,3,2576,373,14.48,257600,186360,-71240,72.34,499.62,15.46,77.27,499.69,-4.93,-0.98,-0.07,mixed_edge
1-2,lane1_target_national_rank_pair,4+-1,1076,190,17.66,107600,77830,-29770,72.33,409.63,19.48,83.11,426.57,-10.78,-1.82,-16.94,mixed_edge
1-2,target_lane x lane1_target_national_rank_pair,2 | 4+-1,1076,190,17.66,107600,77830,-29770,72.33,409.63,19.48,83.11,426.57,-10.78,-1.82,-16.94,mixed_edge
1-4,target_exhibition_rank_bucket x other_exhibition_faster_than_target_count_bucket,3 | 0,175,25,14.29,17500,12650,-4850,72.29,506.0,10.48,75.82,723.82,-3.53,3.81,-217.82,mixed_edge
1-3,target_class_group x target_outer_pressure_bucket,A | low_other_pressure,741,181,24.43,74100,53560,-20540,72.28,295.91,15.46,77.27,499.69,-4.99,8.97,-203.78,mixed_edge
1-4,lane1_target_motor_place_diff_bucket,lane1_plus_10+,1975,200,10.13,197500,142710,-54790,72.26,713.55,10.48,75.82,723.82,-3.56,-0.35,-10.27,mixed_edge
1-4,lane1_target_group_pair x target_outer_pressure_bucket,B-A | some_other_pressure,518,60,11.58,51800,37420,-14380,72.24,623.67,10.48,75.82,723.82,-3.58,1.1,-100.15,mixed_edge
1-4,lane1_class_group,A,8305,1035,12.46,830500,599870,-230630,72.23,579.58,10.48,75.82,723.82,-3.59,1.98,-144.24,mixed_edge
1-4,wave_bucket,5-9,2528,228,9.02,252800,182600,-70200,72.23,800.88,10.48,75.82,723.82,-3.59,-1.46,77.06,mixed_edge
1-5,other_group_pattern,B-A-B-A,850,38,4.47,85000,61390,-23610,72.22,1615.53,6.36,75.45,1186.29,-3.23,-1.89,429.24,mixed_edge
1-4,lane1_target_boat_place_diff_bucket,near_equal,5595,580,10.37,559500,403970,-155530,72.2,696.5,10.48,75.82,723.82,-3.62,-0.11,-27.32,mixed_edge
1-4,stadium_code,07,683,78,11.42,68300,49310,-18990,72.2,632.18,10.48,75.82,723.82,-3.62,0.94,-91.64,mixed_edge
1-4,stadium_code x target_lane,07 | 4,683,78,11.42,68300,49310,-18990,72.2,632.18,10.48,75.82,723.82,-3.62,0.94,-91.64,mixed_edge
1-4,target_local_win_rank_bucket,4+,7227,578,8.0,722700,521620,-201080,72.18,902.46,10.48,75.82,723.82,-3.64,-2.48,178.64,mixed_edge
1-5,lane1_target_start_gap_pair x target_outer_pressure_bucket,0.04-0.06-<=0.03 | some_other_pressure,78,9,11.54,7800,5630,-2170,72.18,625.56,6.36,75.45,1186.29,-3.27,5.18,-560.73,mixed_edge
1-6,target_start_exhibition_gap_bucket,0.04-0.06,2692,108,4.01,269200,194240,-74960,72.15,1798.52,3.98,73.03,1832.72,-0.88,0.03,-34.2,mixed_edge
1-6,target_lane x target_start_exhibition_gap_bucket,6 | 0.04-0.06,2692,108,4.01,269200,194240,-74960,72.15,1798.52,3.98,73.03,1832.72,-0.88,0.03,-34.2,mixed_edge
1-3,other_group_pattern,A-B-A-B,857,94,10.97,85700,61830,-23870,72.15,657.77,15.46,77.27,499.69,-5.12,-4.49,158.08,mixed_edge
1-3,lane1_class,A1,4373,847,19.37,437300,315480,-121820,72.14,372.47,15.46,77.27,499.69,-5.13,3.91,-127.22,mixed_edge
1-4,target_boat_rank_bucket,4+,7166,752,10.49,716600,516620,-199980,72.09,686.99,10.48,75.82,723.82,-3.73,0.01,-36.83,mixed_edge
1-3,lane1_target_exhibition_time_diff_bucket x lane1_target_start_exhibition_st_diff_bucket,lane1_faster_0.10+ | lane1_faster_0.03_0.06,315,38,12.06,31500,22700,-8800,72.06,597.37,15.46,77.27,499.69,-5.21,-3.4,97.68,mixed_edge
1-4,lane1_target_class_pair,A1-B1,1481,154,10.4,148100,106690,-41410,72.04,692.79,10.48,75.82,723.82,-3.78,-0.08,-31.03,mixed_edge
1-3,lane1_target_group_pair x other_a_count_bucket,B-B | 0,621,94,15.14,62100,44720,-17380,72.01,475.74,15.46,77.27,499.69,-5.26,-0.32,-23.95,mixed_edge
1-3,grade_group,G1,169,27,15.98,16900,12170,-4730,72.01,450.74,15.46,77.27,499.69,-5.26,0.52,-48.95,mixed_edge
1-4,target_exhibition_rank_bucket x other_exhibition_faster_than_target_count_bucket,3 | 2,739,60,8.12,73900,53210,-20690,72.0,886.83,10.48,75.82,723.82,-3.82,-2.36,163.01,mixed_edge
1-6,lane1_motor_rank_bucket,4+,6661,262,3.93,666100,479540,-186560,71.99,1830.31,3.98,73.03,1832.72,-1.04,-0.05,-2.41,mixed_edge
1-3,race_no_bucket,10-12R,3432,624,18.18,343200,247080,-96120,71.99,395.96,15.46,77.27,499.69,-5.28,2.72,-103.73,mixed_edge
1-3,race_no_bucket x target_lane,10-12R | 3,3432,624,18.18,343200,247080,-96120,71.99,395.96,15.46,77.27,499.69,-5.28,2.72,-103.73,mixed_edge
1-5,stadium_code,23,587,43,7.33,58700,42260,-16440,71.99,982.79,6.36,75.45,1186.29,-3.46,0.97,-203.5,mixed_edge
1-5,stadium_code x target_lane,23 | 5,587,43,7.33,58700,42260,-16440,71.99,982.79,6.36,75.45,1186.29,-3.46,0.97,-203.5,mixed_edge
1-3,lane1_start_exhibition_gap_bucket,0.04-0.06,2440,361,14.8,244000,175540,-68460,71.94,486.26,15.46,77.27,499.69,-5.33,-0.66,-13.43,mixed_edge
1-3,meeting_phase_bucket,day3-4,5067,738,14.56,506700,364420,-142280,71.92,493.79,15.46,77.27,499.69,-5.35,-0.9,-5.9,mixed_edge
1-3,meeting_phase_bucket x target_lane,day3-4 | 3,5067,738,14.56,506700,364420,-142280,71.92,493.79,15.46,77.27,499.69,-5.35,-0.9,-5.9,mixed_edge
1-5,meeting_phase_bucket,day3-4,5067,329,6.49,506700,364350,-142350,71.91,1107.45,6.36,75.45,1186.29,-3.54,0.13,-78.84,mixed_edge
1-5,meeting_phase_bucket x target_lane,day3-4 | 5,5067,329,6.49,506700,364350,-142350,71.91,1107.45,6.36,75.45,1186.29,-3.54,0.13,-78.84,mixed_edge
1-4,lane1_target_boat_place_diff_bucket,lane1_plus_4_10,2581,268,10.38,258100,185530,-72570,71.88,692.28,10.48,75.82,723.82,-3.94,-0.1,-31.54,mixed_edge
1-5,lane1_target_national_rank_pair x target_outer_pressure_bucket,3-2 | high_other_pressure,208,15,7.21,20800,14950,-5850,71.88,996.67,6.36,75.45,1186.29,-3.57,0.85,-189.62,mixed_edge
1-2,lane1_target_group_pair x other_a_count_bucket,B-A | 0,154,32,20.78,15400,11070,-4330,71.88,345.94,19.48,83.11,426.57,-11.23,1.3,-80.63,mixed_edge
1-3,target_national_win_rank_bucket x other_national_better_than_target_count_bucket,2 | 1,1623,231,14.23,162300,116640,-45660,71.87,504.94,15.46,77.27,499.69,-5.4,-1.23,5.25,mixed_edge
1-3,lane1_target_exhibition_time_diff_bucket x lane1_target_start_exhibition_st_diff_bucket,target_faster_0.10+ | lane1_faster_0.03_0.06,107,19,17.76,10700,7690,-3010,71.87,404.74,15.46,77.27,499.69,-5.4,2.3,-94.95,mixed_edge
1-5,target_exhibition_rank_bucket,2,1857,140,7.54,185700,133440,-52260,71.86,953.14,6.36,75.45,1186.29,-3.59,1.18,-233.15,mixed_edge
1-4,lane1_target_national_rank_pair,1-2,743,146,19.65,74300,53370,-20930,71.83,365.55,10.48,75.82,723.82,-3.99,9.17,-358.27,mixed_edge
1-4,target_lane x lane1_target_national_rank_pair,4 | 1-2,743,146,19.65,74300,53370,-20930,71.83,365.55,10.48,75.82,723.82,-3.99,9.17,-358.27,mixed_edge
1-4,lane1_boat_rank_bucket,1,2555,262,10.25,255500,183340,-72160,71.76,699.77,10.48,75.82,723.82,-4.06,-0.23,-24.05,mixed_edge
1-4,target_national_win_rank_bucket x other_national_better_than_target_count_bucket,3 | 1,1315,177,13.46,131500,94310,-37190,71.72,532.82,10.48,75.82,723.82,-4.1,2.98,-191.0,mixed_edge
1-2,stadium_code,06,618,102,16.5,61800,44310,-17490,71.7,434.41,19.48,83.11,426.57,-11.41,-2.98,7.84,mixed_edge
1-2,stadium_code x target_lane,06 | 2,618,102,16.5,61800,44310,-17490,71.7,434.41,19.48,83.11,426.57,-11.41,-2.98,7.84,mixed_edge
1-4,lane1_target_national_rank_pair x target_outer_pressure_bucket,1-2 | some_other_pressure,165,35,21.21,16500,11830,-4670,71.7,338.0,10.48,75.82,723.82,-4.12,10.73,-385.82,mixed_edge
1-5,lane1_target_national_rank_pair x target_outer_pressure_bucket,4+-2 | some_other_pressure,436,29,6.65,43600,31250,-12350,71.67,1077.59,6.36,75.45,1186.29,-3.78,0.29,-108.7,mixed_edge
1-6,wind_bucket,5-6,2124,87,4.1,212400,152100,-60300,71.61,1748.28,3.98,73.03,1832.72,-1.42,0.12,-84.44,mixed_edge
1-4,target_class_group x target_outer_pressure_bucket,A | some_other_pressure,1452,230,15.84,145200,103960,-41240,71.6,452.0,10.48,75.82,723.82,-4.22,5.36,-271.82,mixed_edge
1-3,target_class_group x target_outer_pressure_bucket,A | some_other_pressure,1539,303,19.69,153900,110180,-43720,71.59,363.63,15.46,77.27,499.69,-5.68,4.23,-136.06,mixed_edge
1-5,other_a_count_bucket,3,1921,86,4.48,192100,137510,-54590,71.58,1598.95,6.36,75.45,1186.29,-3.87,-1.88,412.66,mixed_edge
1-5,target_lane x other_a_count_bucket,5 | 3,1921,86,4.48,192100,137510,-54590,71.58,1598.95,6.36,75.45,1186.29,-3.87,-1.88,412.66,mixed_edge
1-5,lane1_target_national_rank_pair x target_outer_pressure_bucket,2-3 | high_other_pressure,332,16,4.82,33200,23760,-9440,71.57,1485.0,6.36,75.45,1186.29,-3.88,-1.54,298.71,mixed_edge
1-3,other_a_count_bucket,1,3908,632,16.17,390800,279630,-111170,71.55,442.45,15.46,77.27,499.69,-5.72,0.71,-57.24,mixed_edge
1-3,target_lane x other_a_count_bucket,3 | 1,3908,632,16.17,390800,279630,-111170,71.55,442.45,15.46,77.27,499.69,-5.72,0.71,-57.24,mixed_edge
1-2,lane1_target_national_rank_pair,3-1,485,119,24.54,48500,34690,-13810,71.53,291.51,19.48,83.11,426.57,-11.58,5.06,-135.06,mixed_edge
1-2,target_lane x lane1_target_national_rank_pair,2 | 3-1,485,119,24.54,48500,34690,-13810,71.53,291.51,19.48,83.11,426.57,-11.58,5.06,-135.06,mixed_edge
1-3,target_class,A2,3310,552,16.68,331000,236690,-94310,71.51,428.79,15.46,77.27,499.69,-5.76,1.22,-70.9,mixed_edge
1-3,target_local_win_rank_bucket,2,2377,417,17.54,237700,169930,-67770,71.49,407.51,15.46,77.27,499.69,-5.78,2.08,-92.18,mixed_edge
1-4,meeting_phase_bucket,day5+,3750,403,10.75,375000,267860,-107140,71.43,664.67,10.48,75.82,723.82,-4.39,0.27,-59.15,mixed_edge
1-4,meeting_phase_bucket x target_lane,day5+ | 4,3750,403,10.75,375000,267860,-107140,71.43,664.67,10.48,75.82,723.82,-4.39,0.27,-59.15,mixed_edge
1-3,lane1_target_motor_place_diff_bucket,lane1_plus_10+,2052,307,14.96,205200,146560,-58640,71.42,477.39,15.46,77.27,499.69,-5.85,-0.5,-22.3,mixed_edge
1-6,target_motor_rank_bucket,4+,7108,265,3.73,710800,507550,-203250,71.41,1915.28,3.98,73.03,1832.72,-1.62,-0.25,82.56,mixed_edge
1-3,lane1_target_start_gap_pair x target_outer_pressure_bucket,0.04-0.06-<=0.03 | high_other_pressure,475,66,13.89,47500,33920,-13580,71.41,513.94,15.46,77.27,499.69,-5.86,-1.57,14.25,mixed_edge
1-3,lane1_target_start_gap_pair x target_outer_pressure_bucket,0.04-0.06-0.04-0.06 | high_other_pressure,499,69,13.83,49900,35620,-14280,71.38,516.23,15.46,77.27,499.69,-5.89,-1.63,16.54,mixed_edge
1-4,lane1_target_motor_place_diff_bucket,target_plus_4_10,2439,237,9.72,243900,174060,-69840,71.37,734.43,10.48,75.82,723.82,-4.45,-0.76,10.61,mixed_edge
1-5,lane1_class,A1,4373,327,7.48,437300,311960,-125340,71.34,954.01,6.36,75.45,1186.29,-4.11,1.12,-232.28,mixed_edge
1-4,lane1_exhibition_rank_bucket,2,3009,301,10.0,300900,214650,-86250,71.34,713.12,10.48,75.82,723.82,-4.48,-0.48,-10.7,mixed_edge
1-4,lane1_target_exhibition_st_rank_pair,3-4+,1115,86,7.71,111500,79540,-31960,71.34,924.88,10.48,75.82,723.82,-4.48,-2.77,201.06,mixed_edge
1-4,lane1_exhibition_st_rank_bucket x target_exhibition_st_rank_bucket,3 | 4+,1115,86,7.71,111500,79540,-31960,71.34,924.88,10.48,75.82,723.82,-4.48,-2.77,201.06,mixed_edge
1-4,lane1_target_start_gap_pair x target_outer_pressure_bucket,<=0.03-<=0.03 | low_other_pressure,45,9,20.0,4500,3210,-1290,71.33,356.67,10.48,75.82,723.82,-4.49,9.52,-367.15,mixed_edge
1-5,lane1_local_win_rank_bucket,4+,5320,257,4.83,532000,379240,-152760,71.29,1475.64,6.36,75.45,1186.29,-4.16,-1.53,289.35,mixed_edge
1-5,lane1_target_group_pair x other_a_count_bucket,A-A | 0,259,46,17.76,25900,18460,-7440,71.27,401.3,6.36,75.45,1186.29,-4.18,11.4,-784.99,mixed_edge
1-6,lane1_target_national_rank_pair x target_outer_pressure_bucket,4+-3 | high_other_pressure,952,21,2.21,95200,67820,-27380,71.24,3229.52,3.98,73.03,1832.72,-1.79,-1.77,1396.8,mixed_edge
1-4,lane1_target_group_pair x target_outer_pressure_bucket,A-A | some_other_pressure,934,170,18.2,93400,66540,-26860,71.24,391.41,10.48,75.82,723.82,-4.58,7.72,-332.41,mixed_edge
1-4,target_exhibition_st_rank_bucket,3,2468,277,11.22,246800,175770,-71030,71.22,634.55,10.48,75.82,723.82,-4.6,0.74,-89.27,mixed_edge
1-4,target_lane x target_exhibition_st_rank_bucket,4 | 3,2468,277,11.22,246800,175770,-71030,71.22,634.55,10.48,75.82,723.82,-4.6,0.74,-89.27,mixed_edge
1-2,lane1_target_start_gap_pair x target_outer_pressure_bucket,0.04-0.06->0.06 | some_other_pressure,101,24,23.76,10100,7190,-2910,71.19,299.58,19.48,83.11,426.57,-11.92,4.28,-126.99,mixed_edge
1-5,lane1_target_group_pair x other_a_count_bucket,B-B | 2,1385,33,2.38,138500,98560,-39940,71.16,2986.67,6.36,75.45,1186.29,-4.29,-3.98,1800.38,mixed_edge
1-4,target_exhibition_st_rank_bucket x other_st_faster_than_target_count_bucket,2 | 1,1273,132,10.37,127300,90580,-36720,71.15,686.21,10.48,75.82,723.82,-4.67,-0.11,-37.61,mixed_edge
1-6,lane1_target_exhibition_time_diff_bucket x lane1_target_start_exhibition_st_diff_bucket,near_equal | near_equal,1443,67,4.64,144300,102620,-41680,71.12,1531.64,3.98,73.03,1832.72,-1.91,0.66,-301.08,mixed_edge
1-4,target_exhibition_rank_bucket x other_exhibition_faster_than_target_count_bucket,4+ | 1,347,39,11.24,34700,24680,-10020,71.12,632.82,10.48,75.82,723.82,-4.7,0.76,-91.0,mixed_edge
1-3,lane1_target_start_gap_pair x target_outer_pressure_bucket,0.04-0.06-best | some_other_pressure,93,20,21.51,9300,6610,-2690,71.08,330.5,15.46,77.27,499.69,-6.19,6.05,-169.19,mixed_edge
1-6,wave_bucket,0-4,11056,436,3.94,1105600,785570,-320030,71.05,1801.77,3.98,73.03,1832.72,-1.98,-0.04,-30.95,mixed_edge
1-3,target_national_win_rank_bucket,1,2133,446,20.91,213300,151520,-61780,71.04,339.73,15.46,77.27,499.69,-6.23,5.45,-159.96,mixed_edge
1-3,target_national_win_rank_bucket x other_national_better_than_target_count_bucket,1 | 0,2133,446,20.91,213300,151520,-61780,71.04,339.73,15.46,77.27,499.69,-6.23,5.45,-159.96,mixed_edge
1-3,target_outer_pressure_bucket,low_other_pressure,840,201,23.93,84000,59640,-24360,71.0,296.72,15.46,77.27,499.69,-6.27,8.47,-202.97,mixed_edge
1-3,target_lane x target_outer_pressure_bucket,3 | low_other_pressure,840,201,23.93,84000,59640,-24360,71.0,296.72,15.46,77.27,499.69,-6.27,8.47,-202.97,mixed_edge
1-6,target_exhibition_rank_bucket x other_exhibition_faster_than_target_count_bucket,2 | 0,942,48,5.1,94200,66870,-27330,70.99,1393.12,3.98,73.03,1832.72,-2.04,1.12,-439.6,mixed_edge
1-4,target_national_win_rank_bucket x other_national_better_than_target_count_bucket,2 | 0,752,146,19.41,75200,53370,-21830,70.97,365.55,10.48,75.82,723.82,-4.85,8.93,-358.27,mixed_edge
1-5,other_national_better_than_target_count_bucket,3,2806,114,4.06,280600,198980,-81620,70.91,1745.44,6.36,75.45,1186.29,-4.54,-2.3,559.15,mixed_edge
1-5,target_national_win_rank_bucket x other_national_better_than_target_count_bucket,4+ | 3,2806,114,4.06,280600,198980,-81620,70.91,1745.44,6.36,75.45,1186.29,-4.54,-2.3,559.15,mixed_edge
1-6,lane1_target_boat_place_diff_bucket,near_equal,5578,224,4.02,557800,395470,-162330,70.9,1765.49,3.98,73.03,1832.72,-2.13,0.04,-67.23,mixed_edge
1-6,lane1_target_national_rank_pair x target_outer_pressure_bucket,4+-2 | high_other_pressure,481,17,3.53,48100,34100,-14000,70.89,2005.88,3.98,73.03,1832.72,-2.14,-0.45,173.16,mixed_edge
1-5,lane1_target_local_win_diff_bucket,lane1_plus_1.00+,5700,303,5.32,570000,403820,-166180,70.85,1332.74,6.36,75.45,1186.29,-4.6,-1.04,146.45,mixed_edge
1-6,lane1_target_exhibition_time_diff_bucket x lane1_target_start_exhibition_st_diff_bucket,lane1_faster_0.10+ | near_equal,445,19,4.27,44500,31530,-12970,70.85,1659.47,3.98,73.03,1832.72,-2.18,0.29,-173.25,mixed_edge
1-5,lane1_target_group_pair,B-B,3501,119,3.4,350100,248020,-102080,70.84,2084.2,6.36,75.45,1186.29,-4.61,-2.96,897.91,mixed_edge
1-6,target_boat_rank_bucket,3,2227,90,4.04,222700,157750,-64950,70.84,1752.78,3.98,73.03,1832.72,-2.19,0.06,-79.94,mixed_edge
1-4,other_a_count_bucket,1,3753,412,10.98,375300,265700,-109600,70.8,644.9,10.48,75.82,723.82,-5.02,0.5,-78.92,mixed_edge
1-4,target_lane x other_a_count_bucket,4 | 1,3753,412,10.98,375300,265700,-109600,70.8,644.9,10.48,75.82,723.82,-5.02,0.5,-78.92,mixed_edge
1-6,lane1_local_win_rank_bucket,3,2491,94,3.77,249100,176360,-72740,70.8,1876.17,3.98,73.03,1832.72,-2.23,-0.21,43.45,mixed_edge
1-6,target_class,A2,3255,140,4.3,325500,230340,-95160,70.76,1645.29,3.98,73.03,1832.72,-2.27,0.32,-187.43,mixed_edge
1-5,lane1_target_exhibition_st_rank_pair,3-4+,1188,57,4.8,118800,84000,-34800,70.71,1473.68,6.36,75.45,1186.29,-4.74,-1.56,287.39,mixed_edge
1-5,lane1_exhibition_st_rank_bucket x target_exhibition_st_rank_bucket,3 | 4+,1188,57,4.8,118800,84000,-34800,70.71,1473.68,6.36,75.45,1186.29,-4.74,-1.56,287.39,mixed_edge
1-4,lane1_target_national_rank_pair x target_outer_pressure_bucket,3-2 | high_other_pressure,253,28,11.07,25300,17890,-7410,70.71,638.93,10.48,75.82,723.82,-5.11,0.59,-84.89,mixed_edge
1-2,target_class_group x target_outer_pressure_bucket,B | low_other_pressure,117,33,28.21,11700,8270,-3430,70.68,250.61,19.48,83.11,426.57,-12.43,8.73,-175.96,mixed_edge
1-3,lane1_motor_rank_bucket,2,2284,357,15.63,228400,161400,-67000,70.67,452.1,15.46,77.27,499.69,-6.6,0.17,-47.59,mixed_edge
1-2,lane1_target_exhibition_time_diff_bucket x lane1_target_start_exhibition_st_diff_bucket,lane1_faster_0.05_0.10 | target_faster_0.06+,217,28,12.9,21700,15330,-6370,70.65,547.5,19.48,83.11,426.57,-12.46,-6.58,120.93,mixed_edge
1-4,lane1_target_national_rank_pair x target_outer_pressure_bucket,1-2 | low_other_pressure,200,43,21.5,20000,14130,-5870,70.65,328.6,10.48,75.82,723.82,-5.17,11.02,-395.22,mixed_edge
1-6,lane1_boat_rank_bucket,4+,6639,264,3.98,663900,468730,-195170,70.6,1775.49,3.98,73.03,1832.72,-2.43,0.0,-57.23,mixed_edge
1-2,lane1_target_start_gap_pair x target_outer_pressure_bucket,>0.06-<=0.03 | high_other_pressure,302,34,11.26,30200,21320,-8880,70.6,627.06,19.48,83.11,426.57,-12.51,-8.22,200.49,mixed_edge
1-5,other_group_pattern,B-A-B-B,1026,77,7.5,102600,72390,-30210,70.56,940.13,6.36,75.45,1186.29,-4.89,1.14,-246.16,mixed_edge
1-5,lane1_national_win_rank_bucket,4+,5122,229,4.47,512200,361320,-150880,70.54,1577.82,6.36,75.45,1186.29,-4.91,-1.89,391.53,mixed_edge
1-5,lane1_target_start_gap_pair,best->0.06,2423,143,5.9,242300,170920,-71380,70.54,1195.24,6.36,75.45,1186.29,-4.91,-0.46,8.95,mixed_edge
1-5,target_lane x lane1_target_start_gap_pair,5 | best->0.06,2423,143,5.9,242300,170920,-71380,70.54,1195.24,6.36,75.45,1186.29,-4.91,-0.46,8.95,mixed_edge
1-5,lane1_start_exhibition_gap_bucket x target_start_exhibition_gap_bucket,best | >0.06,2423,143,5.9,242300,170920,-71380,70.54,1195.24,6.36,75.45,1186.29,-4.91,-0.46,8.95,mixed_edge
1-4,stadium_code,09,408,46,11.27,40800,28780,-12020,70.54,625.65,10.48,75.82,723.82,-5.28,0.79,-98.17,mixed_edge
1-4,stadium_code x target_lane,09 | 4,408,46,11.27,40800,28780,-12020,70.54,625.65,10.48,75.82,723.82,-5.28,0.79,-98.17,mixed_edge
1-5,target_class,A1,2870,279,9.72,287000,202230,-84770,70.46,724.84,6.36,75.45,1186.29,-4.99,3.36,-461.45,mixed_edge
1-6,lane1_class_group,B,5547,188,3.39,554700,390790,-163910,70.45,2078.67,3.98,73.03,1832.72,-2.58,-0.59,245.95,mixed_edge
1-4,lane1_target_group_pair x other_a_count_bucket,A-A | 1,1007,174,17.28,100700,70860,-29840,70.37,407.24,10.48,75.82,723.82,-5.45,6.8,-316.58,mixed_edge
1-4,lane1_target_national_rank_pair x target_outer_pressure_bucket,1-3 | some_other_pressure,353,58,16.43,35300,24840,-10460,70.37,428.28,10.48,75.82,723.82,-5.45,5.95,-295.54,mixed_edge
1-4,lane1_target_national_rank_pair,3-1,439,78,17.77,43900,30890,-13010,70.36,396.03,10.48,75.82,723.82,-5.46,7.29,-327.79,mixed_edge
1-4,target_lane x lane1_target_national_rank_pair,4 | 3-1,439,78,17.77,43900,30890,-13010,70.36,396.03,10.48,75.82,723.82,-5.46,7.29,-327.79,mixed_edge
1-5,target_class_group x target_outer_pressure_bucket,A | some_other_pressure,1205,125,10.37,120500,84750,-35750,70.33,678.0,6.36,75.45,1186.29,-5.12,4.01,-508.29,mixed_edge
1-2,grade_group,G1,169,29,17.16,16900,11880,-5020,70.3,409.66,19.48,83.11,426.57,-12.81,-2.32,-16.91,mixed_edge
1-3,lane1_target_class_pair,A1-A2,1039,225,21.66,103900,73020,-30880,70.28,324.53,15.46,77.27,499.69,-6.99,6.2,-175.16,mixed_edge
1-3,other_exhibition_faster_than_target_count_bucket,0,3298,568,17.22,329800,231670,-98130,70.25,407.87,15.46,77.27,499.69,-7.02,1.76,-91.82,mixed_edge
1-5,lane1_target_start_gap_pair x target_outer_pressure_bucket,best->0.06 | high_other_pressure,2088,104,4.98,208800,146690,-62110,70.25,1410.48,6.36,75.45,1186.29,-5.2,-1.38,224.19,mixed_edge
1-5,lane1_target_motor_place_diff_bucket,lane1_plus_4_10,2413,137,5.68,241300,169460,-71840,70.23,1236.93,6.36,75.45,1186.29,-5.22,-0.68,50.64,mixed_edge
1-5,target_boat_rank_bucket,3,2195,134,6.1,219500,154080,-65420,70.2,1149.85,6.36,75.45,1186.29,-5.25,-0.26,-36.44,mixed_edge
1-3,lane1_target_national_rank_pair x target_outer_pressure_bucket,4+-1 | some_other_pressure,250,39,15.6,25000,17550,-7450,70.2,450.0,15.46,77.27,499.69,-7.07,0.14,-49.69,mixed_edge
1-4,stadium_code,11,570,57,10.0,57000,39970,-17030,70.12,701.23,10.48,75.82,723.82,-5.7,-0.48,-22.59,mixed_edge
1-4,stadium_code x target_lane,11 | 4,570,57,10.0,57000,39970,-17030,70.12,701.23,10.48,75.82,723.82,-5.7,-0.48,-22.59,mixed_edge
1-5,lane1_target_national_rank_pair,4+-2,981,57,5.81,98100,68780,-29320,70.11,1206.67,6.36,75.45,1186.29,-5.34,-0.55,20.38,mixed_edge
1-5,target_lane x lane1_target_national_rank_pair,5 | 4+-2,981,57,5.81,98100,68780,-29320,70.11,1206.67,6.36,75.45,1186.29,-5.34,-0.55,20.38,mixed_edge
1-2,lane1_target_class_pair,A2-A2,676,150,22.19,67600,47390,-20210,70.1,315.93,19.48,83.11,426.57,-13.01,2.71,-110.64,mixed_edge
1-5,lane1_target_group_pair x other_a_count_bucket,B-B | 3,702,14,1.99,70200,49200,-21000,70.09,3514.29,6.36,75.45,1186.29,-5.36,-4.37,2328.0,mixed_edge
1-6,lane1_target_national_rank_pair x target_outer_pressure_bucket,1-3 | high_other_pressure,367,18,4.9,36700,25720,-10980,70.08,1428.89,3.98,73.03,1832.72,-2.95,0.92,-403.83,mixed_edge
1-4,stadium_code,17,598,63,10.54,59800,41900,-17900,70.07,665.08,10.48,75.82,723.82,-5.75,0.06,-58.74,mixed_edge
1-4,stadium_code x target_lane,17 | 4,598,63,10.54,59800,41900,-17900,70.07,665.08,10.48,75.82,723.82,-5.75,0.06,-58.74,mixed_edge
1-4,stadium_code,08,620,64,10.32,62000,43430,-18570,70.05,678.59,10.48,75.82,723.82,-5.77,-0.16,-45.23,mixed_edge
1-4,stadium_code x target_lane,08 | 4,620,64,10.32,62000,43430,-18570,70.05,678.59,10.48,75.82,723.82,-5.77,-0.16,-45.23,mixed_edge
1-4,lane1_target_exhibition_time_diff_bucket x lane1_target_start_exhibition_st_diff_bucket,lane1_faster_0.05_0.10 | lane1_faster_0.03_0.06,444,50,11.26,44400,31100,-13300,70.05,622.0,10.48,75.82,723.82,-5.77,0.78,-101.82,mixed_edge
1-2,other_group_pattern,A-B-A-A,403,59,14.64,40300,28230,-12070,70.05,478.47,19.48,83.11,426.57,-13.06,-4.84,51.9,mixed_edge
1-2,lane1_target_start_gap_pair x target_outer_pressure_bucket,>0.06-0.04-0.06 | low_other_pressure,44,11,25.0,4400,3080,-1320,70.0,280.0,19.48,83.11,426.57,-13.11,5.52,-146.57,mixed_edge
1-5,target_local_win_rank_bucket,1,1967,204,10.37,196700,137550,-59150,69.93,674.26,6.36,75.45,1186.29,-5.52,4.01,-512.03,mixed_edge
1-4,wind_bucket,5-6,2124,200,9.42,212400,148490,-63910,69.91,742.45,10.48,75.82,723.82,-5.91,-1.06,18.63,mixed_edge
1-4,lane1_class,A2,3932,435,11.06,393200,274820,-118380,69.89,631.77,10.48,75.82,723.82,-5.93,0.58,-92.05,mixed_edge
1-5,target_local_win_rank_bucket,4+,7760,355,4.57,776000,542080,-233920,69.86,1526.99,6.36,75.45,1186.29,-5.59,-1.79,340.7,mixed_edge
1-4,lane1_target_national_rank_pair,2-3,547,60,10.97,54700,38200,-16500,69.84,636.67,10.48,75.82,723.82,-5.98,0.49,-87.15,mixed_edge
1-4,target_lane x lane1_target_national_rank_pair,4 | 2-3,547,60,10.97,54700,38200,-16500,69.84,636.67,10.48,75.82,723.82,-5.98,0.49,-87.15,mixed_edge
1-2,lane1_start_exhibition_gap_bucket,0.04-0.06,2440,410,16.8,244000,170300,-73700,69.8,415.37,19.48,83.11,426.57,-13.31,-2.68,-11.2,mixed_edge
1-3,lane1_target_start_gap_pair x target_outer_pressure_bucket,0.04-0.06-<=0.03 | some_other_pressure,94,20,21.28,9400,6550,-2850,69.68,327.5,15.46,77.27,499.69,-7.59,5.82,-172.19,mixed_edge
1-5,lane1_target_national_rank_pair x target_outer_pressure_bucket,4+-1 | low_other_pressure,244,21,8.61,24400,17000,-7400,69.67,809.52,6.36,75.45,1186.29,-5.78,2.25,-376.77,mixed_edge
1-3,other_group_pattern,B-A-A-A,238,27,11.34,23800,16580,-7220,69.66,614.07,15.46,77.27,499.69,-7.61,-4.12,114.38,mixed_edge
1-6,lane1_target_motor_place_diff_bucket,near_equal,5086,188,3.7,508600,354030,-154570,69.61,1883.14,3.98,73.03,1832.72,-3.42,-0.28,50.42,mixed_edge
1-2,lane1_target_national_rank_pair x target_outer_pressure_bucket,4+-1 | low_other_pressure,389,67,17.22,38900,27080,-11820,69.61,404.18,19.48,83.11,426.57,-13.5,-2.26,-22.39,mixed_edge
1-6,lane1_national_win_rank_bucket,1,3503,145,4.14,350300,243790,-106510,69.59,1681.31,3.98,73.03,1832.72,-3.44,0.16,-151.41,mixed_edge
1-3,other_group_pattern,A-A-A-B,515,55,10.68,51500,35840,-15660,69.59,651.64,15.46,77.27,499.69,-7.68,-4.78,151.95,mixed_edge
1-6,lane1_target_motor_place_diff_bucket,target_plus_10+,1883,82,4.35,188300,130980,-57320,69.56,1597.32,3.98,73.03,1832.72,-3.47,0.37,-235.4,mixed_edge
1-5,lane1_boat_rank_bucket,3,2303,140,6.08,230300,160090,-70210,69.51,1143.5,6.36,75.45,1186.29,-5.94,-0.28,-42.79,mixed_edge
1-3,lane1_target_group_pair x target_outer_pressure_bucket,B-A | high_other_pressure,1382,167,12.08,138200,96040,-42160,69.49,575.09,15.46,77.27,499.69,-7.78,-3.38,75.4,mixed_edge
1-3,stadium_code,18,672,109,16.22,67200,46700,-20500,69.49,428.44,15.46,77.27,499.69,-7.78,0.76,-71.25,mixed_edge
1-3,stadium_code x target_lane,18 | 3,672,109,16.22,67200,46700,-20500,69.49,428.44,15.46,77.27,499.69,-7.78,0.76,-71.25,mixed_edge
1-5,lane1_target_group_pair x target_outer_pressure_bucket,B-B | high_other_pressure,3290,102,3.1,329000,228420,-100580,69.43,2239.41,6.36,75.45,1186.29,-6.02,-3.26,1053.12,mixed_edge
1-3,lane1_target_national_win_diff_bucket,target_plus_0.35_1.00,1946,314,16.14,194600,135090,-59510,69.42,430.22,15.46,77.27,499.69,-7.85,0.68,-69.47,mixed_edge
1-4,meeting_phase_bucket,day1-2,5035,497,9.87,503500,349420,-154080,69.4,703.06,10.48,75.82,723.82,-6.42,-0.61,-20.76,mixed_edge
1-4,meeting_phase_bucket x target_lane,day1-2 | 4,5035,497,9.87,503500,349420,-154080,69.4,703.06,10.48,75.82,723.82,-6.42,-0.61,-20.76,mixed_edge
1-4,stadium_code,21,585,62,10.6,58500,40590,-17910,69.38,654.68,10.48,75.82,723.82,-6.44,0.12,-69.14,mixed_edge
1-4,stadium_code x target_lane,21 | 4,585,62,10.6,58500,40590,-17910,69.38,654.68,10.48,75.82,723.82,-6.44,0.12,-69.14,mixed_edge
1-3,lane1_target_exhibition_time_diff_bucket x lane1_target_start_exhibition_st_diff_bucket,lane1_faster_0.10+ | lane1_faster_0.06+,369,50,13.55,36900,25590,-11310,69.35,511.8,15.46,77.27,499.69,-7.92,-1.91,12.11,mixed_edge
1-5,lane1_target_national_win_diff_bucket,target_plus_0.35_1.00,1696,122,7.19,169600,117570,-52030,69.32,963.69,6.36,75.45,1186.29,-6.13,0.83,-222.6,mixed_edge
1-6,lane1_exhibition_rank_bucket,2,3009,135,4.49,300900,208550,-92350,69.31,1544.81,3.98,73.03,1832.72,-3.72,0.51,-287.91,mixed_edge
1-4,lane1_local_win_rank_bucket,1,3166,408,12.89,316600,219270,-97330,69.26,537.43,10.48,75.82,723.82,-6.56,2.41,-186.39,mixed_edge
1-2,stadium_code,21,585,101,17.26,58500,40520,-17980,69.26,401.19,19.48,83.11,426.57,-13.85,-2.22,-25.38,mixed_edge
1-2,stadium_code x target_lane,21 | 2,585,101,17.26,58500,40520,-17980,69.26,401.19,19.48,83.11,426.57,-13.85,-2.22,-25.38,mixed_edge
1-6,month,2025-01,4995,188,3.76,499500,345790,-153710,69.23,1839.31,3.98,73.03,1832.72,-3.8,-0.22,6.59,mixed_edge
1-3,lane1_target_class_pair,B1-A2,1417,162,11.43,141700,98090,-43610,69.22,605.49,15.46,77.27,499.69,-8.05,-4.03,105.8,mixed_edge
1-2,lane1_target_national_rank_pair x target_outer_pressure_bucket,4+-1 | high_other_pressure,439,74,16.86,43900,30350,-13550,69.13,410.14,19.48,83.11,426.57,-13.98,-2.62,-16.43,mixed_edge
1-3,lane1_target_national_rank_pair x target_outer_pressure_bucket,2-1 | low_other_pressure,184,51,27.72,18400,12720,-5680,69.13,249.41,15.46,77.27,499.69,-8.14,12.26,-250.28,mixed_edge
1-6,lane1_target_group_pair x other_a_count_bucket,A-B | 0,773,36,4.66,77300,53430,-23870,69.12,1484.17,3.98,73.03,1832.72,-3.91,0.68,-348.55,mixed_edge
1-5,target_exhibition_rank_bucket x other_exhibition_faster_than_target_count_bucket,4+ | 0,33,3,9.09,3300,2280,-1020,69.09,760.0,6.36,75.45,1186.29,-6.36,2.73,-426.29,mixed_edge
1-4,lane1_target_class_pair,B1-A1,704,85,12.07,70400,48620,-21780,69.06,572.0,10.48,75.82,723.82,-6.76,1.59,-151.82,mixed_edge
1-6,lane1_target_national_rank_pair x target_outer_pressure_bucket,1-4+ | high_other_pressure,2297,69,3.0,229700,158490,-71210,69.0,2296.96,3.98,73.03,1832.72,-4.03,-0.98,464.24,mixed_edge
1-5,lane1_target_national_rank_pair x target_outer_pressure_bucket,4+-2 | high_other_pressure,544,28,5.15,54400,37530,-16870,68.99,1340.36,6.36,75.45,1186.29,-6.46,-1.21,154.07,mixed_edge
1-4,stadium_code,19,540,55,10.19,54000,37220,-16780,68.93,676.73,10.48,75.82,723.82,-6.89,-0.29,-47.09,mixed_edge
1-4,stadium_code x target_lane,19 | 4,540,55,10.19,54000,37220,-16780,68.93,676.73,10.48,75.82,723.82,-6.89,-0.29,-47.09,mixed_edge
1-6,stadium_code,20,588,29,4.93,58800,40520,-18280,68.91,1397.24,3.98,73.03,1832.72,-4.12,0.95,-435.48,mixed_edge
1-6,stadium_code x target_lane,20 | 6,588,29,4.93,58800,40520,-18280,68.91,1397.24,3.98,73.03,1832.72,-4.12,0.95,-435.48,mixed_edge
1-5,lane1_target_national_rank_pair,2-3,567,34,6.0,56700,39070,-17630,68.91,1149.12,6.36,75.45,1186.29,-6.54,-0.36,-37.17,mixed_edge
1-5,target_lane x lane1_target_national_rank_pair,5 | 2-3,567,34,6.0,56700,39070,-17630,68.91,1149.12,6.36,75.45,1186.29,-6.54,-0.36,-37.17,mixed_edge
1-6,lane1_national_win_rank_bucket,4+,5122,149,2.91,512200,352930,-159270,68.9,2368.66,3.98,73.03,1832.72,-4.13,-1.07,535.94,mixed_edge
1-6,lane1_start_exhibition_gap_bucket,<=0.03,3225,125,3.88,322500,222030,-100470,68.85,1776.24,3.98,73.03,1832.72,-4.18,-0.1,-56.48,mixed_edge
1-6,lane1_target_national_rank_pair,1-4+,2302,69,3.0,230200,158490,-71710,68.85,2296.96,3.98,73.03,1832.72,-4.18,-0.98,464.24,mixed_edge
1-6,target_lane x lane1_target_national_rank_pair,6 | 1-4+,2302,69,3.0,230200,158490,-71710,68.85,2296.96,3.98,73.03,1832.72,-4.18,-0.98,464.24,mixed_edge
1-4,stadium_code,12,636,68,10.69,63600,43790,-19810,68.85,643.97,10.48,75.82,723.82,-6.97,0.21,-79.85,mixed_edge
1-4,stadium_code x target_lane,12 | 4,636,68,10.69,63600,43790,-19810,68.85,643.97,10.48,75.82,723.82,-6.97,0.21,-79.85,mixed_edge
1-5,grade_group,G1,169,9,5.33,16900,11630,-5270,68.82,1292.22,6.36,75.45,1186.29,-6.63,-1.03,105.93,mixed_edge
1-5,lane1_target_class_pair,A1-A2,1017,91,8.95,101700,69960,-31740,68.79,768.79,6.36,75.45,1186.29,-6.66,2.59,-417.5,mixed_edge
1-3,lane1_target_national_win_diff_bucket,target_plus_1.00+,2411,310,12.86,241100,165840,-75260,68.78,534.97,15.46,77.27,499.69,-8.49,-2.6,35.28,mixed_edge
1-5,wave_bucket,5-9,2528,144,5.7,252800,173790,-79010,68.75,1206.88,6.36,75.45,1186.29,-6.7,-0.66,20.59,mixed_edge
1-3,other_group_pattern,B-B-A-B,955,170,17.8,95500,65650,-29850,68.74,386.18,15.46,77.27,499.69,-8.53,2.34,-113.51,mixed_edge
1-2,stadium_code,20,588,110,18.71,58800,40420,-18380,68.74,367.45,19.48,83.11,426.57,-14.37,-0.77,-59.12,mixed_edge
1-2,stadium_code x target_lane,20 | 2,588,110,18.71,58800,40420,-18380,68.74,367.45,19.48,83.11,426.57,-14.37,-0.77,-59.12,mixed_edge
1-3,stadium_code,13,564,86,15.25,56400,38740,-17660,68.69,450.47,15.46,77.27,499.69,-8.58,-0.21,-49.22,mixed_edge
1-3,stadium_code x target_lane,13 | 3,564,86,15.25,56400,38740,-17660,68.69,450.47,15.46,77.27,499.69,-8.58,-0.21,-49.22,mixed_edge
1-3,target_exhibition_rank_bucket,1,2028,341,16.81,202800,139280,-63520,68.68,408.45,15.46,77.27,499.69,-8.59,1.35,-91.24,mixed_edge
1-3,target_exhibition_rank_bucket x other_exhibition_faster_than_target_count_bucket,1 | 0,2028,341,16.81,202800,139280,-63520,68.68,408.45,15.46,77.27,499.69,-8.59,1.35,-91.24,mixed_edge
1-4,lane1_target_class_pair,A2-B1,2150,171,7.95,215000,147590,-67410,68.65,863.1,10.48,75.82,723.82,-7.17,-2.53,139.28,mixed_edge
1-5,lane1_motor_rank_bucket,3,2255,137,6.08,225500,154580,-70920,68.55,1128.32,6.36,75.45,1186.29,-6.9,-0.28,-57.97,mixed_edge
1-4,lane1_target_national_rank_pair x target_outer_pressure_bucket,4+-2 | some_other_pressure,428,39,9.11,42800,29330,-13470,68.53,752.05,10.48,75.82,723.82,-7.29,-1.37,28.23,mixed_edge
1-2,lane1_target_class_pair,A2-B2,128,14,10.94,12800,8770,-4030,68.52,626.43,19.48,83.11,426.57,-14.59,-8.54,199.86,mixed_edge
1-4,lane1_target_national_rank_pair x target_outer_pressure_bucket,3-1 | some_other_pressure,118,22,18.64,11800,8080,-3720,68.47,367.27,10.48,75.82,723.82,-7.35,8.16,-356.55,mixed_edge
1-3,stadium_code,10,544,78,14.34,54400,37240,-17160,68.46,477.44,15.46,77.27,499.69,-8.81,-1.12,-22.25,mixed_edge
1-3,stadium_code x target_lane,10 | 3,544,78,14.34,54400,37240,-17160,68.46,477.44,15.46,77.27,499.69,-8.81,-1.12,-22.25,mixed_edge
1-3,lane1_target_group_pair,B-A,2278,291,12.77,227800,155900,-71900,68.44,535.74,15.46,77.27,499.69,-8.83,-2.69,36.05,mixed_edge
1-4,lane1_target_group_pair x target_outer_pressure_bucket,A-B | high_other_pressure,3597,290,8.06,359700,246050,-113650,68.4,848.45,10.48,75.82,723.82,-7.42,-2.42,124.63,mixed_edge
1-3,other_st_faster_than_target_count_bucket,2,2594,354,13.65,259400,177420,-81980,68.4,501.19,15.46,77.27,499.69,-8.87,-1.81,1.5,mixed_edge
1-3,lane1_target_group_pair x target_outer_pressure_bucket,A-B | low_other_pressure,56,15,26.79,5600,3830,-1770,68.39,255.33,15.46,77.27,499.69,-8.88,11.33,-244.36,mixed_edge
1-5,lane1_exhibition_rank_bucket,4+,4285,232,5.41,428500,293010,-135490,68.38,1262.97,6.36,75.45,1186.29,-7.07,-0.95,76.68,mixed_edge
1-3,lane1_target_class_pair,B1-A1,764,117,15.31,76400,52240,-24160,68.38,446.5,15.46,77.27,499.69,-8.89,-0.15,-53.19,mixed_edge
1-5,lane1_target_start_gap_pair,>0.06-0.04-0.06,657,24,3.65,65700,44900,-20800,68.34,1870.83,6.36,75.45,1186.29,-7.11,-2.71,684.54,mixed_edge
1-5,target_lane x lane1_target_start_gap_pair,5 | >0.06-0.04-0.06,657,24,3.65,65700,44900,-20800,68.34,1870.83,6.36,75.45,1186.29,-7.11,-2.71,684.54,mixed_edge
1-5,lane1_start_exhibition_gap_bucket x target_start_exhibition_gap_bucket,>0.06 | 0.04-0.06,657,24,3.65,65700,44900,-20800,68.34,1870.83,6.36,75.45,1186.29,-7.11,-2.71,684.54,mixed_edge
1-5,other_a_count_bucket,4,1761,102,5.79,176100,120290,-55810,68.31,1179.31,6.36,75.45,1186.29,-7.14,-0.57,-6.98,mixed_edge
1-5,other_group_pattern,A-A-A-A,1761,102,5.79,176100,120290,-55810,68.31,1179.31,6.36,75.45,1186.29,-7.14,-0.57,-6.98,mixed_edge
1-5,target_lane x other_a_count_bucket,5 | 4,1761,102,5.79,176100,120290,-55810,68.31,1179.31,6.36,75.45,1186.29,-7.14,-0.57,-6.98,mixed_edge
1-6,lane1_target_start_gap_pair,0.04-0.06->0.06,959,29,3.02,95900,65500,-30400,68.3,2258.62,3.98,73.03,1832.72,-4.73,-0.96,425.9,mixed_edge
1-6,target_lane x lane1_target_start_gap_pair,6 | 0.04-0.06->0.06,959,29,3.02,95900,65500,-30400,68.3,2258.62,3.98,73.03,1832.72,-4.73,-0.96,425.9,mixed_edge
1-6,lane1_start_exhibition_gap_bucket x target_start_exhibition_gap_bucket,0.04-0.06 | >0.06,959,29,3.02,95900,65500,-30400,68.3,2258.62,3.98,73.03,1832.72,-4.73,-0.96,425.9,mixed_edge
1-6,lane1_target_national_rank_pair x target_outer_pressure_bucket,2-4+ | high_other_pressure,1776,34,1.91,177600,121280,-56320,68.29,3567.06,3.98,73.03,1832.72,-4.74,-2.07,1734.34,mixed_edge
1-5,lane1_target_national_rank_pair x target_outer_pressure_bucket,1-2 | low_other_pressure,143,20,13.99,14300,9760,-4540,68.25,488.0,6.36,75.45,1186.29,-7.2,7.63,-698.29,mixed_edge
1-5,lane1_motor_rank_bucket,2,2284,146,6.39,228400,155750,-72650,68.19,1066.78,6.36,75.45,1186.29,-7.26,0.03,-119.51,mixed_edge
1-5,lane1_target_national_win_diff_bucket,near_equal,2488,159,6.39,248800,169620,-79180,68.18,1066.79,6.36,75.45,1186.29,-7.27,0.03,-119.5,mixed_edge
1-2,lane1_target_class_pair,B1-A1,848,131,15.45,84800,57820,-26980,68.18,441.37,19.48,83.11,426.57,-14.93,-4.03,14.8,mixed_edge
1-6,race_no_bucket,4-6R,3477,149,4.29,347700,237030,-110670,68.17,1590.81,3.98,73.03,1832.72,-4.86,0.31,-241.91,mixed_edge
1-6,race_no_bucket x target_lane,4-6R | 6,3477,149,4.29,347700,237030,-110670,68.17,1590.81,3.98,73.03,1832.72,-4.86,0.31,-241.91,mixed_edge
1-3,other_exhibition_faster_than_target_count_bucket,4,2136,263,12.31,213600,145570,-68030,68.15,553.5,15.46,77.27,499.69,-9.12,-3.15,53.81,mixed_edge
1-3,target_exhibition_rank_bucket x other_exhibition_faster_than_target_count_bucket,4+ | 4,2136,263,12.31,213600,145570,-68030,68.15,553.5,15.46,77.27,499.69,-9.12,-3.15,53.81,mixed_edge
1-6,stadium_code,19,540,22,4.07,54000,36800,-17200,68.15,1672.73,3.98,73.03,1832.72,-4.88,0.09,-159.99,mixed_edge
1-6,stadium_code x target_lane,19 | 6,540,22,4.07,54000,36800,-17200,68.15,1672.73,3.98,73.03,1832.72,-4.88,0.09,-159.99,mixed_edge
1-6,lane1_target_national_rank_pair,2-4+,1781,34,1.91,178100,121280,-56820,68.1,3567.06,3.98,73.03,1832.72,-4.93,-2.07,1734.34,mixed_edge
1-6,target_lane x lane1_target_national_rank_pair,6 | 2-4+,1781,34,1.91,178100,121280,-56820,68.1,3567.06,3.98,73.03,1832.72,-4.93,-2.07,1734.34,mixed_edge
1-6,stadium_code,12,636,34,5.35,63600,43310,-20290,68.1,1273.82,3.98,73.03,1832.72,-4.93,1.37,-558.9,mixed_edge
1-6,stadium_code x target_lane,12 | 6,636,34,5.35,63600,43310,-20290,68.1,1273.82,3.98,73.03,1832.72,-4.93,1.37,-558.9,mixed_edge
1-3,lane1_target_group_pair x target_outer_pressure_bucket,B-B | some_other_pressure,232,38,16.38,23200,15800,-7400,68.1,415.79,15.46,77.27,499.69,-9.17,0.92,-83.9,mixed_edge
1-6,lane1_target_group_pair,A-B,4135,115,2.78,413500,281250,-132250,68.02,2445.65,3.98,73.03,1832.72,-5.01,-1.2,612.93,mixed_edge
1-3,other_group_pattern,B-B-B-A,1126,200,17.76,112600,76580,-36020,68.01,382.9,15.46,77.27,499.69,-9.26,2.3,-116.79,mixed_edge
1-4,lane1_motor_rank_bucket,2,2284,228,9.98,228400,155300,-73100,67.99,681.14,10.48,75.82,723.82,-7.83,-0.5,-42.68,mixed_edge
1-4,lane1_target_group_pair x other_a_count_bucket,B-A | 1,823,83,10.09,82300,55950,-26350,67.98,674.1,10.48,75.82,723.82,-7.84,-0.39,-49.72,mixed_edge
1-5,target_exhibition_st_rank_bucket,4+,7801,419,5.37,780100,529480,-250620,67.87,1263.68,6.36,75.45,1186.29,-7.58,-0.99,77.39,mixed_edge
1-5,target_lane x target_exhibition_st_rank_bucket,5 | 4+,7801,419,5.37,780100,529480,-250620,67.87,1263.68,6.36,75.45,1186.29,-7.58,-0.99,77.39,mixed_edge
1-6,target_class_group,B,7492,169,2.26,749200,508510,-240690,67.87,3008.93,3.98,73.03,1832.72,-5.16,-1.72,1176.21,mixed_edge
1-6,target_lane x target_class_group,6 | B,7492,169,2.26,749200,508510,-240690,67.87,3008.93,3.98,73.03,1832.72,-5.16,-1.72,1176.21,mixed_edge
1-4,stadium_code,23,587,57,9.71,58700,39830,-18870,67.85,698.77,10.48,75.82,723.82,-7.97,-0.77,-25.05,mixed_edge
1-4,stadium_code x target_lane,23 | 4,587,57,9.71,58700,39830,-18870,67.85,698.77,10.48,75.82,723.82,-7.97,-0.77,-25.05,mixed_edge
1-6,lane1_target_boat_place_diff_bucket,target_plus_4_10,2579,101,3.92,257900,174900,-83000,67.82,1731.68,3.98,73.03,1832.72,-5.21,-0.06,-101.04,mixed_edge
1-6,target_exhibition_st_rank_bucket x other_st_faster_than_target_count_bucket,4+ | 2,1783,77,4.32,178300,120910,-57390,67.81,1570.26,3.98,73.03,1832.72,-5.22,0.34,-262.46,mixed_edge
1-6,target_outer_pressure_bucket,high_other_pressure,11352,337,2.97,1135200,769340,-365860,67.77,2282.91,3.98,73.03,1832.72,-5.26,-1.01,450.19,mixed_edge
1-6,target_lane x target_outer_pressure_bucket,6 | high_other_pressure,11352,337,2.97,1135200,769340,-365860,67.77,2282.91,3.98,73.03,1832.72,-5.26,-1.01,450.19,mixed_edge
1-4,lane1_target_group_pair,A-B,3960,341,8.61,396000,268370,-127630,67.77,787.01,10.48,75.82,723.82,-8.05,-1.87,63.19,mixed_edge
1-2,stadium_code,04,525,73,13.9,52500,35580,-16920,67.77,487.4,19.48,83.11,426.57,-15.34,-5.58,60.83,mixed_edge
1-2,stadium_code x target_lane,04 | 2,525,73,13.9,52500,35580,-16920,67.77,487.4,19.48,83.11,426.57,-15.34,-5.58,60.83,mixed_edge
1-6,target_national_win_rank_bucket x other_national_better_than_target_count_bucket,3 | 2,945,20,2.12,94500,64020,-30480,67.75,3201.0,3.98,73.03,1832.72,-5.28,-1.86,1368.28,mixed_edge
1-6,lane1_target_national_win_diff_bucket,lane1_plus_0.35_1.00,2269,78,3.44,226900,153670,-73230,67.73,1970.13,3.98,73.03,1832.72,-5.3,-0.54,137.41,mixed_edge
1-4,lane1_target_start_gap_pair x target_outer_pressure_bucket,<=0.03->0.06 | high_other_pressure,745,51,6.85,74500,50450,-24050,67.72,989.22,10.48,75.82,723.82,-8.1,-3.63,265.4,mixed_edge
1-3,wind_bucket,7+,995,127,12.76,99500,67370,-32130,67.71,530.47,15.46,77.27,499.69,-9.56,-2.7,30.78,mixed_edge
1-6,lane1_target_group_pair,B-B,3357,54,1.61,335700,227260,-108440,67.7,4208.52,3.98,73.03,1832.72,-5.33,-2.37,2375.8,mixed_edge
1-5,lane1_target_national_win_diff_bucket,lane1_plus_1.00+,5059,239,4.72,505900,342360,-163540,67.67,1432.47,6.36,75.45,1186.29,-7.78,-1.64,246.18,mixed_edge
1-5,lane1_target_exhibition_st_rank_pair,2-4+,1681,89,5.29,168100,113760,-54340,67.67,1278.2,6.36,75.45,1186.29,-7.78,-1.07,91.91,mixed_edge
1-5,lane1_exhibition_st_rank_bucket x target_exhibition_st_rank_bucket,2 | 4+,1681,89,5.29,168100,113760,-54340,67.67,1278.2,6.36,75.45,1186.29,-7.78,-1.07,91.91,mixed_edge
1-5,lane1_target_national_rank_pair,4+-4+,2232,54,2.42,223200,150860,-72340,67.59,2793.7,6.36,75.45,1186.29,-7.86,-3.94,1607.41,mixed_edge
1-5,target_lane x lane1_target_national_rank_pair,5 | 4+-4+,2232,54,2.42,223200,150860,-72340,67.59,2793.7,6.36,75.45,1186.29,-7.86,-3.94,1607.41,mixed_edge
1-5,lane1_target_national_rank_pair x target_outer_pressure_bucket,4+-4+ | high_other_pressure,2232,54,2.42,223200,150860,-72340,67.59,2793.7,6.36,75.45,1186.29,-7.86,-3.94,1607.41,mixed_edge
1-2,lane1_target_group_pair x other_a_count_bucket,A-A | 2,971,235,24.2,97100,65600,-31500,67.56,279.15,19.48,83.11,426.57,-15.55,4.72,-147.42,mixed_edge
1-6,other_national_better_than_target_count_bucket,2,2374,66,2.78,237400,160350,-77050,67.54,2429.55,3.98,73.03,1832.72,-5.49,-1.2,596.83,mixed_edge
1-6,lane1_class,B1,5268,177,3.36,526800,355290,-171510,67.44,2007.29,3.98,73.03,1832.72,-5.59,-0.62,174.57,mixed_edge
1-6,target_national_win_rank_bucket x other_national_better_than_target_count_bucket,4+ | 2,1429,46,3.22,142900,96330,-46570,67.41,2094.13,3.98,73.03,1832.72,-5.62,-0.76,261.41,mixed_edge
1-4,lane1_boat_rank_bucket,3,2303,233,10.12,230300,155130,-75170,67.36,665.79,10.48,75.82,723.82,-8.46,-0.36,-58.03,mixed_edge
1-5,lane1_target_start_gap_pair x target_outer_pressure_bucket,<=0.03->0.06 | some_other_pressure,83,8,9.64,8300,5590,-2710,67.35,698.75,6.36,75.45,1186.29,-8.1,3.28,-487.54,mixed_edge
1-3,lane1_target_exhibition_time_diff_bucket x lane1_target_start_exhibition_st_diff_bucket,lane1_faster_0.05_0.10 | target_faster_0.06+,347,49,14.12,34700,23360,-11340,67.32,476.73,15.46,77.27,499.69,-9.95,-1.34,-22.96,mixed_edge
1-6,stadium_code,18,672,25,3.72,67200,45190,-22010,67.25,1807.6,3.98,73.03,1832.72,-5.78,-0.26,-25.12,mixed_edge
1-6,stadium_code x target_lane,18 | 6,672,25,3.72,67200,45190,-22010,67.25,1807.6,3.98,73.03,1832.72,-5.78,-0.26,-25.12,mixed_edge
1-2,lane1_target_national_rank_pair x target_outer_pressure_bucket,3-2 | high_other_pressure,255,50,19.61,25500,17130,-8370,67.18,342.6,19.48,83.11,426.57,-15.93,0.13,-83.97,mixed_edge
1-4,lane1_target_start_gap_pair x target_outer_pressure_bucket,<=0.03-0.04-0.06 | high_other_pressure,643,60,9.33,64300,43170,-21130,67.14,719.5,10.48,75.82,723.82,-8.68,-1.15,-4.32,mixed_edge
1-3,lane1_target_class_pair,A1-B1,1549,233,15.04,154900,103970,-50930,67.12,446.22,15.46,77.27,499.69,-10.15,-0.42,-53.47,mixed_edge
1-4,lane1_target_local_win_diff_bucket,lane1_plus_0.35_1.00,1838,203,11.04,183800,123310,-60490,67.09,607.44,10.48,75.82,723.82,-8.73,0.56,-116.38,mixed_edge
1-3,target_exhibition_st_rank_bucket,4+,5692,740,13.0,569200,381680,-187520,67.06,515.78,15.46,77.27,499.69,-10.21,-2.46,16.09,mixed_edge
1-3,target_lane x target_exhibition_st_rank_bucket,3 | 4+,5692,740,13.0,569200,381680,-187520,67.06,515.78,15.46,77.27,499.69,-10.21,-2.46,16.09,mixed_edge
1-3,lane1_target_group_pair x target_outer_pressure_bucket,B-A | some_other_pressure,608,74,12.17,60800,40770,-20030,67.06,550.95,15.46,77.27,499.69,-10.21,-3.29,51.26,mixed_edge
1-6,lane1_local_win_rank_bucket,1,3166,131,4.14,316600,211860,-104740,66.92,1617.25,3.98,73.03,1832.72,-6.11,0.16,-215.47,mixed_edge
1-2,lane1_target_exhibition_st_rank_pair,4+-2,680,91,13.38,68000,45480,-22520,66.88,499.78,19.48,83.11,426.57,-16.23,-6.1,73.21,mixed_edge
1-2,lane1_exhibition_st_rank_bucket x target_exhibition_st_rank_bucket,4+ | 2,680,91,13.38,68000,45480,-22520,66.88,499.78,19.48,83.11,426.57,-16.23,-6.1,73.21,mixed_edge
1-6,lane1_target_exhibition_time_diff_bucket x lane1_target_start_exhibition_st_diff_bucket,lane1_faster_0.10+ | lane1_faster_0.06+,788,23,2.92,78800,52690,-26110,66.87,2290.87,3.98,73.03,1832.72,-6.16,-1.06,458.15,mixed_edge
1-3,lane1_target_national_rank_pair,4+-1,1030,161,15.63,103000,68860,-34140,66.85,427.7,15.46,77.27,499.69,-10.42,0.17,-71.99,mixed_edge
1-3,target_lane x lane1_target_national_rank_pair,3 | 4+-1,1030,161,15.63,103000,68860,-34140,66.85,427.7,15.46,77.27,499.69,-10.42,0.17,-71.99,mixed_edge
1-3,lane1_target_national_rank_pair x target_outer_pressure_bucket,4+-1 | high_other_pressure,470,75,15.96,47000,31410,-15590,66.83,418.8,15.46,77.27,499.69,-10.44,0.5,-80.89,mixed_edge
1-6,lane1_target_national_rank_pair x target_outer_pressure_bucket,4+-1 | low_other_pressure,337,21,6.23,33700,22520,-11180,66.82,1072.38,3.98,73.03,1832.72,-6.21,2.25,-760.34,mixed_edge
1-6,lane1_target_boat_place_diff_bucket,target_plus_10+,1543,58,3.76,154300,102990,-51310,66.75,1775.69,3.98,73.03,1832.72,-6.28,-0.22,-57.03,mixed_edge
1-6,lane1_target_group_pair x other_a_count_bucket,B-A | 3,129,4,3.1,12900,8610,-4290,66.74,2152.5,3.98,73.03,1832.72,-6.29,-0.88,319.78,mixed_edge
1-3,lane1_target_exhibition_time_diff_bucket,lane1_faster_0.10+,1722,234,13.59,172200,114880,-57320,66.71,490.94,15.46,77.27,499.69,-10.56,-1.87,-8.75,mixed_edge
1-6,wind_bucket,0-2,6085,235,3.86,608500,405120,-203380,66.58,1723.91,3.98,73.03,1832.72,-6.45,-0.12,-108.81,mixed_edge
1-5,month,2025-03,4517,268,5.93,451700,300680,-151020,66.57,1121.94,6.36,75.45,1186.29,-8.88,-0.43,-64.35,mixed_edge
1-5,lane1_target_group_pair x target_outer_pressure_bucket,B-B | low_other_pressure,32,3,9.38,3200,2130,-1070,66.56,710.0,6.36,75.45,1186.29,-8.89,3.02,-476.29,mixed_edge
1-5,lane1_target_national_rank_pair,3-4+,1508,47,3.12,150800,100340,-50460,66.54,2134.89,6.36,75.45,1186.29,-8.91,-3.24,948.6,mixed_edge
1-5,target_lane x lane1_target_national_rank_pair,5 | 3-4+,1508,47,3.12,150800,100340,-50460,66.54,2134.89,6.36,75.45,1186.29,-8.91,-3.24,948.6,mixed_edge
1-5,lane1_target_national_rank_pair x target_outer_pressure_bucket,3-4+ | high_other_pressure,1508,47,3.12,150800,100340,-50460,66.54,2134.89,6.36,75.45,1186.29,-8.91,-3.24,948.6,mixed_edge
1-5,lane1_target_class_pair,A1-A1,1533,119,7.76,153300,101970,-51330,66.52,856.89,6.36,75.45,1186.29,-8.93,1.4,-329.4,mixed_edge
1-6,lane1_target_group_pair x other_a_count_bucket,B-A | 2,938,35,3.73,93800,62400,-31400,66.52,1782.86,3.98,73.03,1832.72,-6.51,-0.25,-49.86,mixed_edge
1-4,lane1_target_group_pair x other_a_count_bucket,A-B | 0,773,99,12.81,77300,51400,-25900,66.49,519.19,10.48,75.82,723.82,-9.33,2.33,-204.63,mixed_edge
1-2,lane1_target_exhibition_st_rank_pair,4+-3,721,110,15.26,72100,47930,-24170,66.48,435.73,19.48,83.11,426.57,-16.63,-4.22,9.16,mixed_edge
1-2,lane1_exhibition_st_rank_bucket x target_exhibition_st_rank_bucket,4+ | 3,721,110,15.26,72100,47930,-24170,66.48,435.73,19.48,83.11,426.57,-16.63,-4.22,9.16,mixed_edge
1-5,lane1_boat_rank_bucket,2,2355,148,6.28,235500,156440,-79060,66.43,1057.03,6.36,75.45,1186.29,-9.02,-0.08,-129.26,mixed_edge
1-4,lane1_target_group_pair x target_outer_pressure_bucket,B-A | low_other_pressure,238,33,13.87,23800,15810,-7990,66.43,479.09,10.48,75.82,723.82,-9.39,3.39,-244.73,mixed_edge
1-3,lane1_target_group_pair x other_a_count_bucket,A-A | 0,293,82,27.99,29300,19460,-9840,66.42,237.32,15.46,77.27,499.69,-10.85,12.53,-262.37,mixed_edge
1-6,lane1_motor_rank_bucket,1,2652,105,3.96,265200,176110,-89090,66.41,1677.24,3.98,73.03,1832.72,-6.62,-0.02,-155.48,mixed_edge
1-4,target_start_exhibition_gap_bucket,>0.06,4616,363,7.86,461600,306480,-155120,66.4,844.3,10.48,75.82,723.82,-9.42,-2.62,120.48,mixed_edge
1-4,target_lane x target_start_exhibition_gap_bucket,4 | >0.06,4616,363,7.86,461600,306480,-155120,66.4,844.3,10.48,75.82,723.82,-9.42,-2.62,120.48,mixed_edge
1-4,stadium_code,24,611,66,10.8,61100,40530,-20570,66.33,614.09,10.48,75.82,723.82,-9.49,0.32,-109.73,mixed_edge
1-4,stadium_code x target_lane,24 | 4,611,66,10.8,61100,40530,-20570,66.33,614.09,10.48,75.82,723.82,-9.49,0.32,-109.73,mixed_edge
1-2,stadium_code,16,588,104,17.69,58800,38990,-19810,66.31,374.9,19.48,83.11,426.57,-16.8,-1.79,-51.67,mixed_edge
1-2,stadium_code x target_lane,16 | 2,588,104,17.69,58800,38990,-19810,66.31,374.9,19.48,83.11,426.57,-16.8,-1.79,-51.67,mixed_edge
1-3,lane1_target_group_pair x target_outer_pressure_bucket,B-A | low_other_pressure,288,50,17.36,28800,19090,-9710,66.28,381.8,15.46,77.27,499.69,-10.99,1.9,-117.89,mixed_edge
1-5,lane1_target_exhibition_time_diff_bucket x lane1_target_start_exhibition_st_diff_bucket,lane1_faster_0.10+ | target_faster_0.06+,302,16,5.3,30200,19990,-10210,66.19,1249.38,6.36,75.45,1186.29,-9.26,-1.06,63.09,mixed_edge
1-4,wind_bucket,3-4,4648,436,9.38,464800,307430,-157370,66.14,705.11,10.48,75.82,723.82,-9.68,-1.1,-18.71,mixed_edge
1-5,target_exhibition_st_rank_bucket x other_st_faster_than_target_count_bucket,2 | 1,1253,64,5.11,125300,82830,-42470,66.11,1294.22,6.36,75.45,1186.29,-9.34,-1.25,107.93,mixed_edge
1-4,stadium_code,22,442,36,8.14,44200,29170,-15030,66.0,810.28,10.48,75.82,723.82,-9.82,-2.34,86.46,mixed_edge
1-4,stadium_code x target_lane,22 | 4,442,36,8.14,44200,29170,-15030,66.0,810.28,10.48,75.82,723.82,-9.82,-2.34,86.46,mixed_edge
1-5,lane1_target_start_exhibition_st_diff_bucket,lane1_faster_0.06+,4117,219,5.32,411700,271460,-140240,65.94,1239.54,6.36,75.45,1186.29,-9.51,-1.04,53.25,mixed_edge
1-4,lane1_target_national_win_diff_bucket,lane1_plus_1.00+,4440,358,8.06,444000,292500,-151500,65.88,817.04,10.48,75.82,723.82,-9.94,-2.42,93.22,mixed_edge
1-4,lane1_target_exhibition_time_diff_bucket x lane1_target_start_exhibition_st_diff_bucket,lane1_faster_0.05_0.10 | target_faster_0.03_0.06,371,38,10.24,37100,24440,-12660,65.88,643.16,10.48,75.82,723.82,-9.94,-0.24,-80.66,mixed_edge
1-6,race_no_bucket,1-3R,3489,121,3.47,348900,229760,-119140,65.85,1898.84,3.98,73.03,1832.72,-7.18,-0.51,66.12,mixed_edge
1-6,race_no_bucket x target_lane,1-3R | 6,3489,121,3.47,348900,229760,-119140,65.85,1898.84,3.98,73.03,1832.72,-7.18,-0.51,66.12,mixed_edge
1-4,lane1_target_national_rank_pair x target_outer_pressure_bucket,3-1 | high_other_pressure,207,33,15.94,20700,13630,-7070,65.85,413.03,10.48,75.82,723.82,-9.97,5.46,-310.79,mixed_edge
1-3,lane1_target_national_rank_pair,4+-2,1131,128,11.32,113100,74470,-38630,65.84,581.8,15.46,77.27,499.69,-11.43,-4.14,82.11,mixed_edge
1-3,target_lane x lane1_target_national_rank_pair,3 | 4+-2,1131,128,11.32,113100,74470,-38630,65.84,581.8,15.46,77.27,499.69,-11.43,-4.14,82.11,mixed_edge
1-3,lane1_target_national_rank_pair,1-3,771,163,21.14,77100,50760,-26340,65.84,311.41,15.46,77.27,499.69,-11.43,5.68,-188.28,mixed_edge
1-3,target_lane x lane1_target_national_rank_pair,3 | 1-3,771,163,21.14,77100,50760,-26340,65.84,311.41,15.46,77.27,499.69,-11.43,5.68,-188.28,mixed_edge
1-5,stadium_code,17,598,23,3.85,59800,39330,-20470,65.77,1710.0,6.36,75.45,1186.29,-9.68,-2.51,523.71,mixed_edge
1-5,stadium_code x target_lane,17 | 5,598,23,3.85,59800,39330,-20470,65.77,1710.0,6.36,75.45,1186.29,-9.68,-2.51,523.71,mixed_edge
1-5,target_exhibition_rank_bucket x other_exhibition_faster_than_target_count_bucket,2 | 1,1012,62,6.13,101200,66490,-34710,65.7,1072.42,6.36,75.45,1186.29,-9.75,-0.23,-113.87,mixed_edge
1-3,lane1_target_national_rank_pair,3-1,494,97,19.64,49400,32420,-16980,65.63,334.23,15.46,77.27,499.69,-11.64,4.18,-165.46,mixed_edge
1-3,target_lane x lane1_target_national_rank_pair,3 | 3-1,494,97,19.64,49400,32420,-16980,65.63,334.23,15.46,77.27,499.69,-11.64,4.18,-165.46,mixed_edge
1-5,lane1_local_win_rank_bucket,3,2491,148,5.94,249100,163450,-85650,65.62,1104.39,6.36,75.45,1186.29,-9.83,-0.42,-81.9,mixed_edge
1-2,lane1_target_start_gap_pair,0.04-0.06-0.04-0.06,626,99,15.81,62600,41050,-21550,65.58,414.65,19.48,83.11,426.57,-17.53,-3.67,-11.92,mixed_edge
1-2,target_lane x lane1_target_start_gap_pair,2 | 0.04-0.06-0.04-0.06,626,99,15.81,62600,41050,-21550,65.58,414.65,19.48,83.11,426.57,-17.53,-3.67,-11.92,mixed_edge
1-2,lane1_start_exhibition_gap_bucket x target_start_exhibition_gap_bucket,0.04-0.06 | 0.04-0.06,626,99,15.81,62600,41050,-21550,65.58,414.65,19.48,83.11,426.57,-17.53,-3.67,-11.92,mixed_edge
1-6,lane1_target_group_pair x other_a_count_bucket,A-B | 4,144,3,2.08,14400,9440,-4960,65.56,3146.67,3.98,73.03,1832.72,-7.47,-1.9,1313.95,mixed_edge
1-5,lane1_target_exhibition_time_diff_bucket x lane1_target_start_exhibition_st_diff_bucket,near_equal | lane1_faster_0.06+,1910,114,5.97,191000,125210,-65790,65.55,1098.33,6.36,75.45,1186.29,-9.9,-0.39,-87.96,mixed_edge
1-4,lane1_target_start_gap_pair,<=0.03->0.06,874,63,7.21,87400,57230,-30170,65.48,908.41,10.48,75.82,723.82,-10.34,-3.27,184.59,mixed_edge
1-4,target_lane x lane1_target_start_gap_pair,4 | <=0.03->0.06,874,63,7.21,87400,57230,-30170,65.48,908.41,10.48,75.82,723.82,-10.34,-3.27,184.59,mixed_edge
1-4,lane1_start_exhibition_gap_bucket x target_start_exhibition_gap_bucket,<=0.03 | >0.06,874,63,7.21,87400,57230,-30170,65.48,908.41,10.48,75.82,723.82,-10.34,-3.27,184.59,mixed_edge
1-6,target_class_group x target_outer_pressure_bucket,B | low_other_pressure,75,6,8.0,7500,4910,-2590,65.47,818.33,3.98,73.03,1832.72,-7.56,4.02,-1014.39,mixed_edge
1-6,lane1_target_local_win_diff_bucket,near_equal,1832,82,4.48,183200,119880,-63320,65.44,1461.95,3.98,73.03,1832.72,-7.59,0.5,-370.77,mixed_edge
1-4,lane1_target_group_pair x other_a_count_bucket,A-B | 1,1126,99,8.79,112600,73670,-38930,65.43,744.14,10.48,75.82,723.82,-10.39,-1.69,20.32,mixed_edge
1-4,lane1_target_start_gap_pair x target_outer_pressure_bucket,>0.06->0.06 | some_other_pressure,89,9,10.11,8900,5820,-3080,65.39,646.67,10.48,75.82,723.82,-10.43,-0.37,-77.15,mixed_edge
1-3,lane1_target_exhibition_st_rank_pair,3-4+,959,128,13.35,95900,62530,-33370,65.2,488.52,15.46,77.27,499.69,-12.07,-2.11,-11.17,mixed_edge
1-3,lane1_exhibition_st_rank_bucket x target_exhibition_st_rank_bucket,3 | 4+,959,128,13.35,95900,62530,-33370,65.2,488.52,15.46,77.27,499.69,-12.07,-2.11,-11.17,mixed_edge
1-6,lane1_target_exhibition_time_diff_bucket x lane1_target_start_exhibition_st_diff_bucket,lane1_faster_0.10+ | target_faster_0.03_0.06,171,9,5.26,17100,11150,-5950,65.2,1238.89,3.98,73.03,1832.72,-7.83,1.28,-593.83,mixed_edge
1-6,target_national_win_rank_bucket,4+,7676,153,1.99,767600,500300,-267300,65.18,3269.93,3.98,73.03,1832.72,-7.85,-1.99,1437.21,mixed_edge
1-4,other_group_pattern,B-A-B-B,990,92,9.29,99000,64530,-34470,65.18,701.41,10.48,75.82,723.82,-10.64,-1.19,-22.41,mixed_edge
1-5,lane1_target_national_rank_pair x target_outer_pressure_bucket,2-3 | some_other_pressure,235,18,7.66,23500,15310,-8190,65.15,850.56,6.36,75.45,1186.29,-10.3,1.3,-335.73,mixed_edge
1-5,lane1_target_exhibition_time_diff_bucket x lane1_target_start_exhibition_st_diff_bucket,target_faster_0.05_0.10 | lane1_faster_0.03_0.06,215,17,7.91,21500,13990,-7510,65.07,822.94,6.36,75.45,1186.29,-10.38,1.55,-363.35,mixed_edge
1-6,stadium_code,07,683,29,4.25,68300,44370,-23930,64.96,1530.0,3.98,73.03,1832.72,-8.07,0.27,-302.72,mixed_edge
1-6,stadium_code x target_lane,07 | 6,683,29,4.25,68300,44370,-23930,64.96,1530.0,3.98,73.03,1832.72,-8.07,0.27,-302.72,mixed_edge
1-5,other_group_pattern,B-B-B-A,883,70,7.93,88300,57330,-30970,64.93,819.0,6.36,75.45,1186.29,-10.52,1.57,-367.29,mixed_edge
1-6,target_local_win_rank_bucket,4+,7729,180,2.33,772900,501760,-271140,64.92,2787.56,3.98,73.03,1832.72,-8.11,-1.65,954.84,mixed_edge
1-6,lane1_target_start_gap_pair x target_outer_pressure_bucket,0.04-0.06->0.06 | high_other_pressure,814,21,2.58,81400,52690,-28710,64.73,2509.05,3.98,73.03,1832.72,-8.3,-1.4,676.33,mixed_edge
1-6,target_exhibition_rank_bucket,4+,7901,269,3.4,790100,511340,-278760,64.72,1900.89,3.98,73.03,1832.72,-8.31,-0.58,68.17,mixed_edge
1-4,lane1_local_win_rank_bucket,3,2491,234,9.39,249100,161220,-87880,64.72,688.97,10.48,75.82,723.82,-11.1,-1.09,-34.85,mixed_edge
1-6,lane1_exhibition_rank_bucket,1,4072,164,4.03,407200,263440,-143760,64.7,1606.34,3.98,73.03,1832.72,-8.33,0.05,-226.38,mixed_edge
1-5,lane1_target_exhibition_time_diff_bucket x lane1_target_start_exhibition_st_diff_bucket,near_equal | target_faster_0.06+,1074,59,5.49,107400,69410,-37990,64.63,1176.44,6.36,75.45,1186.29,-10.82,-0.87,-9.85,mixed_edge
1-6,lane1_start_exhibition_gap_bucket,>0.06,3382,108,3.19,338200,218560,-119640,64.62,2023.7,3.98,73.03,1832.72,-8.41,-0.79,190.98,mixed_edge
1-6,other_exhibition_faster_than_target_count_bucket,3,2640,85,3.22,264000,170300,-93700,64.51,2003.53,3.98,73.03,1832.72,-8.52,-0.76,170.81,mixed_edge
1-6,target_exhibition_rank_bucket x other_exhibition_faster_than_target_count_bucket,4+ | 3,2640,85,3.22,264000,170300,-93700,64.51,2003.53,3.98,73.03,1832.72,-8.52,-0.76,170.81,mixed_edge
1-3,stadium_code,01,534,72,13.48,53400,34450,-18950,64.51,478.47,15.46,77.27,499.69,-12.76,-1.98,-21.22,mixed_edge
1-3,stadium_code x target_lane,01 | 3,534,72,13.48,53400,34450,-18950,64.51,478.47,15.46,77.27,499.69,-12.76,-1.98,-21.22,mixed_edge
1-6,other_a_count_bucket,2,4383,114,2.6,438300,282700,-155600,64.5,2479.82,3.98,73.03,1832.72,-8.53,-1.38,647.1,mixed_edge
1-6,target_lane x other_a_count_bucket,6 | 2,4383,114,2.6,438300,282700,-155600,64.5,2479.82,3.98,73.03,1832.72,-8.53,-1.38,647.1,mixed_edge
1-4,lane1_target_group_pair x target_outer_pressure_bucket,A-B | some_other_pressure,309,44,14.24,30900,19930,-10970,64.5,452.95,10.48,75.82,723.82,-11.32,3.76,-270.87,mixed_edge
1-6,lane1_class,A1,4373,177,4.05,437300,281350,-155950,64.34,1589.55,3.98,73.03,1832.72,-8.69,0.07,-243.17,mixed_edge
1-5,lane1_target_class_pair,A2-B2,362,10,2.76,36200,23290,-12910,64.34,2329.0,6.36,75.45,1186.29,-11.11,-3.6,1142.71,mixed_edge
1-6,lane1_target_national_rank_pair,1-2,580,44,7.59,58000,37270,-20730,64.26,847.05,3.98,73.03,1832.72,-8.77,3.61,-985.67,mixed_edge
1-6,target_lane x lane1_target_national_rank_pair,6 | 1-2,580,44,7.59,58000,37270,-20730,64.26,847.05,3.98,73.03,1832.72,-8.77,3.61,-985.67,mixed_edge
1-3,lane1_target_start_gap_pair x target_outer_pressure_bucket,0.04-0.06->0.06 | some_other_pressure,59,10,16.95,5900,3790,-2110,64.24,379.0,15.46,77.27,499.69,-13.03,1.49,-120.69,mixed_edge
1-6,lane1_target_exhibition_time_diff_bucket,lane1_faster_0.05_0.10,2993,105,3.51,299300,192250,-107050,64.23,1830.95,3.98,73.03,1832.72,-8.8,-0.47,-1.77,mixed_edge
1-3,lane1_target_national_rank_pair x target_outer_pressure_bucket,4+-1 | low_other_pressure,310,47,15.16,31000,19900,-11100,64.19,423.4,15.46,77.27,499.69,-13.08,-0.3,-76.29,mixed_edge
1-5,lane1_target_exhibition_time_diff_bucket x lane1_target_start_exhibition_st_diff_bucket,lane1_faster_0.05_0.10 | target_faster_0.06+,464,21,4.53,46400,29780,-16620,64.18,1418.1,6.36,75.45,1186.29,-11.27,-1.83,231.81,mixed_edge
1-2,target_exhibition_st_rank_bucket x other_st_faster_than_target_count_bucket,3 | 2,747,110,14.73,74700,47930,-26770,64.16,435.73,19.48,83.11,426.57,-18.95,-4.75,9.16,mixed_edge
1-3,lane1_target_exhibition_time_diff_bucket x lane1_target_start_exhibition_st_diff_bucket,target_faster_0.10+ | near_equal,257,29,11.28,25700,16470,-9230,64.09,567.93,15.46,77.27,499.69,-13.18,-4.18,68.24,mixed_edge
1-6,lane1_target_group_pair x target_outer_pressure_bucket,B-A | high_other_pressure,1318,57,4.32,131800,84370,-47430,64.01,1480.18,3.98,73.03,1832.72,-9.02,0.34,-352.54,mixed_edge
1-6,lane1_target_start_gap_pair x target_outer_pressure_bucket,>0.06-<=0.03 | high_other_pressure,495,9,1.82,49500,31640,-17860,63.92,3515.56,3.98,73.03,1832.72,-9.11,-2.16,1682.84,mixed_edge
1-6,lane1_target_start_gap_pair x target_outer_pressure_bucket,>0.06-best | low_other_pressure,86,10,11.63,8600,5490,-3110,63.84,549.0,3.98,73.03,1832.72,-9.19,7.65,-1283.72,mixed_edge
1-3,lane1_target_national_rank_pair x target_outer_pressure_bucket,3-1 | high_other_pressure,235,43,18.3,23500,15000,-8500,63.83,348.84,15.46,77.27,499.69,-13.44,2.84,-150.85,mixed_edge
1-3,other_b2_count_bucket,2,341,55,16.13,34100,21740,-12360,63.75,395.27,15.46,77.27,499.69,-13.52,0.67,-104.42,mixed_edge
1-6,lane1_target_start_exhibition_st_diff_bucket,lane1_faster_0.03_0.06,2067,83,4.02,206700,131750,-74950,63.74,1587.35,3.98,73.03,1832.72,-9.29,0.04,-245.37,mixed_edge
1-6,lane1_target_group_pair x target_outer_pressure_bucket,B-B | high_other_pressure,3200,48,1.5,320000,203900,-116100,63.72,4247.92,3.98,73.03,1832.72,-9.31,-2.48,2415.2,mixed_edge
1-5,stadium_code,06,618,35,5.66,61800,39330,-22470,63.64,1123.71,6.36,75.45,1186.29,-11.81,-0.7,-62.58,mixed_edge
1-5,stadium_code x target_lane,06 | 5,618,35,5.66,61800,39330,-22470,63.64,1123.71,6.36,75.45,1186.29,-11.81,-0.7,-62.58,mixed_edge
1-5,other_st_faster_than_target_count_bucket,3,3086,160,5.18,308600,196300,-112300,63.61,1226.88,6.36,75.45,1186.29,-11.84,-1.18,40.59,mixed_edge
1-5,target_exhibition_st_rank_bucket x other_st_faster_than_target_count_bucket,4+ | 3,3086,160,5.18,308600,196300,-112300,63.61,1226.88,6.36,75.45,1186.29,-11.84,-1.18,40.59,mixed_edge
1-6,lane1_target_class_pair,B1-A2,1185,46,3.88,118500,75250,-43250,63.5,1635.87,3.98,73.03,1832.72,-9.53,-0.1,-196.85,mixed_edge
1-5,lane1_target_group_pair x other_a_count_bucket,A-B | 4,152,3,1.97,15200,9650,-5550,63.49,3216.67,6.36,75.45,1186.29,-11.96,-4.39,2030.38,mixed_edge
1-5,lane1_target_group_pair x other_a_count_bucket,B-A | 3,132,9,6.82,13200,8380,-4820,63.48,931.11,6.36,75.45,1186.29,-11.97,0.46,-255.18,mixed_edge
1-5,lane1_target_start_gap_pair x target_outer_pressure_bucket,0.04-0.06-<=0.03 | high_other_pressure,484,28,5.79,48400,30720,-17680,63.47,1097.14,6.36,75.45,1186.29,-11.98,-0.57,-89.15,mixed_edge
1-3,lane1_target_exhibition_st_rank_pair,2-4+,1024,130,12.7,102400,64960,-37440,63.44,499.69,15.46,77.27,499.69,-13.83,-2.76,0.0,mixed_edge
1-3,lane1_exhibition_st_rank_bucket x target_exhibition_st_rank_bucket,2 | 4+,1024,130,12.7,102400,64960,-37440,63.44,499.69,15.46,77.27,499.69,-13.83,-2.76,0.0,mixed_edge
1-3,target_start_exhibition_gap_bucket,>0.06,4009,473,11.8,400900,254140,-146760,63.39,537.29,15.46,77.27,499.69,-13.88,-3.66,37.6,mixed_edge
1-3,target_lane x target_start_exhibition_gap_bucket,3 | >0.06,4009,473,11.8,400900,254140,-146760,63.39,537.29,15.46,77.27,499.69,-13.88,-3.66,37.6,mixed_edge
1-4,lane1_national_win_rank_bucket,3,2334,209,8.95,233400,147960,-85440,63.39,707.94,10.48,75.82,723.82,-12.43,-1.53,-15.88,mixed_edge
1-6,target_class_group x target_outer_pressure_bucket,B | high_other_pressure,7064,139,1.97,706400,447000,-259400,63.28,3215.83,3.98,73.03,1832.72,-9.75,-2.01,1383.11,mixed_edge
1-5,lane1_target_start_gap_pair,0.04-0.06-<=0.03,587,38,6.47,58700,37090,-21610,63.19,976.05,6.36,75.45,1186.29,-12.26,0.11,-210.24,mixed_edge
1-5,target_lane x lane1_target_start_gap_pair,5 | 0.04-0.06-<=0.03,587,38,6.47,58700,37090,-21610,63.19,976.05,6.36,75.45,1186.29,-12.26,0.11,-210.24,mixed_edge
1-5,lane1_start_exhibition_gap_bucket x target_start_exhibition_gap_bucket,0.04-0.06 | <=0.03,587,38,6.47,58700,37090,-21610,63.19,976.05,6.36,75.45,1186.29,-12.26,0.11,-210.24,mixed_edge
1-5,lane1_target_group_pair x other_a_count_bucket,B-A | 1,813,67,8.24,81300,51220,-30080,63.0,764.48,6.36,75.45,1186.29,-12.45,1.88,-421.81,mixed_edge
1-5,lane1_target_start_gap_pair x target_outer_pressure_bucket,0.04-0.06-0.04-0.06 | some_other_pressure,57,5,8.77,5700,3590,-2110,62.98,718.0,6.36,75.45,1186.29,-12.47,2.41,-468.29,mixed_edge
1-6,lane1_target_national_rank_pair,4+-1,1080,65,6.02,108000,68000,-40000,62.96,1046.15,3.98,73.03,1832.72,-10.07,2.04,-786.57,mixed_edge
1-6,target_lane x lane1_target_national_rank_pair,6 | 4+-1,1080,65,6.02,108000,68000,-40000,62.96,1046.15,3.98,73.03,1832.72,-10.07,2.04,-786.57,mixed_edge
1-2,target_exhibition_st_rank_bucket,4+,6210,922,14.85,621000,390840,-230160,62.94,423.9,19.48,83.11,426.57,-20.17,-4.63,-2.67,mixed_edge
1-2,target_lane x target_exhibition_st_rank_bucket,2 | 4+,6210,922,14.85,621000,390840,-230160,62.94,423.9,19.48,83.11,426.57,-20.17,-4.63,-2.67,mixed_edge
1-6,lane1_target_group_pair x target_outer_pressure_bucket,A-B | high_other_pressure,3864,91,2.36,386400,243100,-143300,62.91,2671.43,3.98,73.03,1832.72,-10.12,-1.62,838.71,mixed_edge
1-5,target_exhibition_rank_bucket,1,1635,122,7.46,163500,102690,-60810,62.81,841.72,6.36,75.45,1186.29,-12.64,1.1,-344.57,mixed_edge
1-5,target_exhibition_rank_bucket x other_exhibition_faster_than_target_count_bucket,1 | 0,1635,122,7.46,163500,102690,-60810,62.81,841.72,6.36,75.45,1186.29,-12.64,1.1,-344.57,mixed_edge
1-5,lane1_target_group_pair x other_a_count_bucket,A-A | 4,1545,94,6.08,154500,97030,-57470,62.8,1032.23,6.36,75.45,1186.29,-12.65,-0.28,-154.06,mixed_edge
1-5,lane1_target_exhibition_time_diff_bucket x lane1_target_start_exhibition_st_diff_bucket,lane1_faster_0.05_0.10 | lane1_faster_0.06+,915,39,4.26,91500,57400,-34100,62.73,1471.79,6.36,75.45,1186.29,-12.72,-2.1,285.5,mixed_edge
1-4,other_st_faster_than_target_count_bucket,3,2297,189,8.23,229700,143900,-85800,62.65,761.38,10.48,75.82,723.82,-13.17,-2.25,37.56,mixed_edge
1-4,target_exhibition_st_rank_bucket x other_st_faster_than_target_count_bucket,4+ | 3,2297,189,8.23,229700,143900,-85800,62.65,761.38,10.48,75.82,723.82,-13.17,-2.25,37.56,mixed_edge
1-2,lane1_target_start_gap_pair x target_outer_pressure_bucket,>0.06-0.04-0.06 | high_other_pressure,466,52,11.16,46600,29190,-17410,62.64,561.35,19.48,83.11,426.57,-20.47,-8.32,134.78,mixed_edge
1-2,lane1_target_exhibition_time_diff_bucket x lane1_target_start_exhibition_st_diff_bucket,target_faster_0.10+ | target_faster_0.03_0.06,95,13,13.68,9500,5950,-3550,62.63,457.69,19.48,83.11,426.57,-20.48,-5.8,31.12,mixed_edge
1-4,stadium_code,13,564,66,11.7,56400,35310,-21090,62.61,535.0,10.48,75.82,723.82,-13.21,1.22,-188.82,mixed_edge
1-4,stadium_code x target_lane,13 | 4,564,66,11.7,56400,35310,-21090,62.61,535.0,10.48,75.82,723.82,-13.21,1.22,-188.82,mixed_edge
1-6,lane1_target_group_pair x other_a_count_bucket,A-A | 0,329,42,12.77,32900,20600,-12300,62.61,490.48,3.98,73.03,1832.72,-10.42,8.79,-1342.24,mixed_edge
1-2,lane1_target_start_gap_pair x target_outer_pressure_bucket,0.04-0.06->0.06 | low_other_pressure,46,13,28.26,4600,2880,-1720,62.61,221.54,19.48,83.11,426.57,-20.5,8.78,-205.03,mixed_edge
1-6,lane1_target_exhibition_time_diff_bucket x lane1_target_start_exhibition_st_diff_bucket,target_faster_0.10+ | target_faster_0.03_0.06,70,4,5.71,7000,4380,-2620,62.57,1095.0,3.98,73.03,1832.72,-10.46,1.73,-737.72,mixed_edge
1-3,lane1_target_exhibition_time_diff_bucket,target_faster_0.10+,695,81,11.65,69500,43450,-26050,62.52,536.42,15.46,77.27,499.69,-14.75,-3.81,36.73,mixed_edge
1-3,lane1_target_exhibition_st_rank_pair,4+-1,953,116,12.17,95300,59570,-35730,62.51,513.53,15.46,77.27,499.69,-14.76,-3.29,13.84,mixed_edge
1-3,lane1_exhibition_st_rank_bucket x target_exhibition_st_rank_bucket,4+ | 1,953,116,12.17,95300,59570,-35730,62.51,513.53,15.46,77.27,499.69,-14.76,-3.29,13.84,mixed_edge
1-6,target_national_win_rank_bucket x other_national_better_than_target_count_bucket,2 | 0,597,44,7.37,59700,37270,-22430,62.43,847.05,3.98,73.03,1832.72,-10.6,3.39,-985.67,mixed_edge
1-3,lane1_target_start_gap_pair x target_outer_pressure_bucket,0.04-0.06-best | low_other_pressure,54,10,18.52,5400,3370,-2030,62.41,337.0,15.46,77.27,499.69,-14.86,3.06,-162.69,mixed_edge
1-6,lane1_target_group_pair x other_a_count_bucket,B-B | 2,1295,14,1.08,129500,80750,-48750,62.36,5767.86,3.98,73.03,1832.72,-10.67,-2.9,3935.14,mixed_edge
1-6,lane1_target_national_rank_pair,4+-4+,2184,29,1.33,218400,136150,-82250,62.34,4694.83,3.98,73.03,1832.72,-10.69,-2.65,2862.11,mixed_edge
1-6,target_lane x lane1_target_national_rank_pair,6 | 4+-4+,2184,29,1.33,218400,136150,-82250,62.34,4694.83,3.98,73.03,1832.72,-10.69,-2.65,2862.11,mixed_edge
1-6,lane1_target_national_rank_pair x target_outer_pressure_bucket,4+-4+ | high_other_pressure,2184,29,1.33,218400,136150,-82250,62.34,4694.83,3.98,73.03,1832.72,-10.69,-2.65,2862.11,mixed_edge
1-6,lane1_target_national_win_diff_bucket,lane1_plus_1.00+,5122,110,2.15,512200,318940,-193260,62.27,2899.45,3.98,73.03,1832.72,-10.76,-1.83,1066.73,mixed_edge
1-4,lane1_target_start_gap_pair x target_outer_pressure_bucket,best->0.06 | some_other_pressure,272,36,13.24,27200,16900,-10300,62.13,469.44,10.48,75.82,723.82,-13.69,2.76,-254.38,mixed_edge
1-5,lane1_target_national_rank_pair x target_outer_pressure_bucket,1-2 | some_other_pressure,128,17,13.28,12800,7950,-4850,62.11,467.65,6.36,75.45,1186.29,-13.34,6.92,-718.64,mixed_edge
1-6,lane1_target_group_pair x other_a_count_bucket,B-B | 3,639,6,0.94,63900,39640,-24260,62.03,6606.67,3.98,73.03,1832.72,-11.0,-3.04,4773.95,mixed_edge
1-3,lane1_target_start_gap_pair,<=0.03->0.06,570,71,12.46,57000,35330,-21670,61.98,497.61,15.46,77.27,499.69,-15.29,-3.0,-2.08,mixed_edge
1-3,target_lane x lane1_target_start_gap_pair,3 | <=0.03->0.06,570,71,12.46,57000,35330,-21670,61.98,497.61,15.46,77.27,499.69,-15.29,-3.0,-2.08,mixed_edge
1-3,lane1_start_exhibition_gap_bucket x target_start_exhibition_gap_bucket,<=0.03 | >0.06,570,71,12.46,57000,35330,-21670,61.98,497.61,15.46,77.27,499.69,-15.29,-3.0,-2.08,mixed_edge
1-5,lane1_target_exhibition_time_diff_bucket,target_faster_0.05_0.10,1471,89,6.05,147100,91130,-55970,61.95,1023.93,6.36,75.45,1186.29,-13.5,-0.31,-162.36,mixed_edge
1-4,stadium_code,05,562,41,7.3,56200,34750,-21450,61.83,847.56,10.48,75.82,723.82,-13.99,-3.18,123.74,mixed_edge
1-4,stadium_code x target_lane,05 | 4,562,41,7.3,56200,34750,-21450,61.83,847.56,10.48,75.82,723.82,-13.99,-3.18,123.74,mixed_edge
1-5,lane1_target_start_gap_pair x target_outer_pressure_bucket,best->0.06 | some_other_pressure,239,20,8.37,23900,14750,-9150,61.72,737.5,6.36,75.45,1186.29,-13.73,2.01,-448.79,mixed_edge
1-5,wind_bucket,5-6,2124,115,5.41,212400,131000,-81400,61.68,1139.13,6.36,75.45,1186.29,-13.77,-0.95,-47.16,mixed_edge
1-3,lane1_target_class_pair,A2-B2,139,11,7.91,13900,8550,-5350,61.51,777.27,15.46,77.27,499.69,-15.76,-7.55,277.58,mixed_edge
1-5,stadium_code,24,611,45,7.36,61100,37540,-23560,61.44,834.22,6.36,75.45,1186.29,-14.01,1.0,-352.07,mixed_edge
1-5,stadium_code x target_lane,24 | 5,611,45,7.36,61100,37540,-23560,61.44,834.22,6.36,75.45,1186.29,-14.01,1.0,-352.07,mixed_edge
1-3,target_class_group x target_outer_pressure_bucket,B | low_other_pressure,99,20,20.2,9900,6080,-3820,61.41,304.0,15.46,77.27,499.69,-15.86,4.74,-195.69,mixed_edge
1-6,other_group_pattern,A-A-A-B,490,7,1.43,49000,30060,-18940,61.35,4294.29,3.98,73.03,1832.72,-11.68,-2.55,2461.57,mixed_edge
1-2,other_st_faster_than_target_count_bucket,3,2381,343,14.41,238100,145900,-92200,61.28,425.36,19.48,83.11,426.57,-21.83,-5.07,-1.21,mixed_edge
1-2,target_exhibition_st_rank_bucket x other_st_faster_than_target_count_bucket,4+ | 3,2381,343,14.41,238100,145900,-92200,61.28,425.36,19.48,83.11,426.57,-21.83,-5.07,-1.21,mixed_edge
1-4,stadium_code,01,534,41,7.68,53400,32680,-20720,61.2,797.07,10.48,75.82,723.82,-14.62,-2.8,73.25,mixed_edge
1-4,stadium_code x target_lane,01 | 4,534,41,7.68,53400,32680,-20720,61.2,797.07,10.48,75.82,723.82,-14.62,-2.8,73.25,mixed_edge
1-4,race_no_bucket,7-9R,3454,318,9.21,345400,210730,-134670,61.01,662.67,10.48,75.82,723.82,-14.81,-1.27,-61.15,mixed_edge
1-4,race_no_bucket x target_lane,7-9R | 4,3454,318,9.21,345400,210730,-134670,61.01,662.67,10.48,75.82,723.82,-14.81,-1.27,-61.15,mixed_edge
1-4,lane1_target_exhibition_time_diff_bucket x lane1_target_start_exhibition_st_diff_bucket,lane1_faster_0.05_0.10 | lane1_faster_0.06+,776,63,8.12,77600,47310,-30290,60.97,750.95,10.48,75.82,723.82,-14.85,-2.36,27.13,mixed_edge
1-4,other_exhibition_faster_than_target_count_bucket,4,2280,177,7.76,228000,138940,-89060,60.94,784.97,10.48,75.82,723.82,-14.88,-2.72,61.15,mixed_edge
1-4,target_exhibition_rank_bucket x other_exhibition_faster_than_target_count_bucket,4+ | 4,2280,177,7.76,228000,138940,-89060,60.94,784.97,10.48,75.82,723.82,-14.88,-2.72,61.15,mixed_edge
1-6,lane1_target_class_pair,A1-A2,1123,47,4.19,112300,68350,-43950,60.86,1454.26,3.98,73.03,1832.72,-12.17,0.21,-378.46,mixed_edge
1-6,lane1_exhibition_st_rank_bucket,2,2367,77,3.25,236700,144030,-92670,60.85,1870.52,3.98,73.03,1832.72,-12.18,-0.73,37.8,mixed_edge
1-6,lane1_target_group_pair x other_a_count_bucket,A-B | 3,635,9,1.42,63500,38620,-24880,60.82,4291.11,3.98,73.03,1832.72,-12.21,-2.56,2458.39,mixed_edge
1-4,other_group_pattern,B-B-A-B,816,77,9.44,81600,49530,-32070,60.7,643.25,10.48,75.82,723.82,-15.12,-1.04,-80.57,mixed_edge
1-2,lane1_target_exhibition_st_rank_pair,4+-1,601,88,14.64,60100,36480,-23620,60.7,414.55,19.48,83.11,426.57,-22.41,-4.84,-12.02,mixed_edge
1-2,lane1_exhibition_st_rank_bucket x target_exhibition_st_rank_bucket,4+ | 1,601,88,14.64,60100,36480,-23620,60.7,414.55,19.48,83.11,426.57,-22.41,-4.84,-12.02,mixed_edge
1-3,lane1_target_start_gap_pair x target_outer_pressure_bucket,<=0.03-<=0.03 | low_other_pressure,61,14,22.95,6100,3700,-2400,60.66,264.29,15.46,77.27,499.69,-16.61,7.49,-235.4,mixed_edge
1-4,lane1_target_start_gap_pair x target_outer_pressure_bucket,0.04-0.06->0.06 | high_other_pressure,491,24,4.89,49100,29700,-19400,60.49,1237.5,10.48,75.82,723.82,-15.33,-5.59,513.68,mixed_edge
1-5,lane1_start_exhibition_gap_bucket,>0.06,3382,140,4.14,338200,204350,-133850,60.42,1459.64,6.36,75.45,1186.29,-15.03,-2.22,273.35,mixed_edge
1-6,lane1_target_start_gap_pair x target_outer_pressure_bucket,<=0.03-0.04-0.06 | high_other_pressure,521,15,2.88,52100,31440,-20660,60.35,2096.0,3.98,73.03,1832.72,-12.68,-1.1,263.28,mixed_edge
1-6,lane1_target_start_gap_pair x target_outer_pressure_bucket,<=0.03-best | low_other_pressure,57,6,10.53,5700,3440,-2260,60.35,573.33,3.98,73.03,1832.72,-12.68,6.55,-1259.39,mixed_edge
1-6,target_boat_rank_bucket,2,2258,92,4.07,225800,135990,-89810,60.23,1478.15,3.98,73.03,1832.72,-12.8,0.09,-354.57,mixed_edge
1-6,lane1_target_exhibition_st_rank_pair,3-4+,1327,45,3.39,132700,79930,-52770,60.23,1776.22,3.98,73.03,1832.72,-12.8,-0.59,-56.5,mixed_edge
1-6,lane1_exhibition_st_rank_bucket x target_exhibition_st_rank_bucket,3 | 4+,1327,45,3.39,132700,79930,-52770,60.23,1776.22,3.98,73.03,1832.72,-12.8,-0.59,-56.5,mixed_edge
1-5,target_start_exhibition_gap_bucket,>0.06,5190,234,4.51,519000,311980,-207020,60.11,1333.25,6.36,75.45,1186.29,-15.34,-1.85,146.96,mixed_edge
1-5,target_lane x target_start_exhibition_gap_bucket,5 | >0.06,5190,234,4.51,519000,311980,-207020,60.11,1333.25,6.36,75.45,1186.29,-15.34,-1.85,146.96,mixed_edge
1-3,target_exhibition_st_rank_bucket x other_st_faster_than_target_count_bucket,2 | 1,1359,175,12.88,135900,81510,-54390,59.98,465.77,15.46,77.27,499.69,-17.29,-2.58,-33.92,mixed_edge
1-6,lane1_target_group_pair x other_a_count_bucket,B-B | 1,757,12,1.59,75700,45380,-30320,59.95,3781.67,3.98,73.03,1832.72,-13.08,-2.39,1948.95,mixed_edge
1-2,lane1_target_start_gap_pair,>0.06-<=0.03,407,43,10.57,40700,24400,-16300,59.95,567.44,19.48,83.11,426.57,-23.16,-8.91,140.87,mixed_edge
1-2,target_lane x lane1_target_start_gap_pair,2 | >0.06-<=0.03,407,43,10.57,40700,24400,-16300,59.95,567.44,19.48,83.11,426.57,-23.16,-8.91,140.87,mixed_edge
1-2,lane1_start_exhibition_gap_bucket x target_start_exhibition_gap_bucket,>0.06 | <=0.03,407,43,10.57,40700,24400,-16300,59.95,567.44,19.48,83.11,426.57,-23.16,-8.91,140.87,mixed_edge
1-6,stadium_code,06,618,21,3.4,61800,37020,-24780,59.9,1762.86,3.98,73.03,1832.72,-13.13,-0.58,-69.86,mixed_edge
1-6,stadium_code x target_lane,06 | 6,618,21,3.4,61800,37020,-24780,59.9,1762.86,3.98,73.03,1832.72,-13.13,-0.58,-69.86,mixed_edge
1-6,lane1_target_national_rank_pair,3-4+,1409,21,1.49,140900,84380,-56520,59.89,4018.1,3.98,73.03,1832.72,-13.14,-2.49,2185.38,mixed_edge
1-6,target_lane x lane1_target_national_rank_pair,6 | 3-4+,1409,21,1.49,140900,84380,-56520,59.89,4018.1,3.98,73.03,1832.72,-13.14,-2.49,2185.38,mixed_edge
1-6,lane1_target_national_rank_pair x target_outer_pressure_bucket,3-4+ | high_other_pressure,1409,21,1.49,140900,84380,-56520,59.89,4018.1,3.98,73.03,1832.72,-13.14,-2.49,2185.38,mixed_edge
1-5,lane1_target_start_gap_pair x target_outer_pressure_bucket,>0.06-<=0.03 | high_other_pressure,677,25,3.69,67700,40520,-27180,59.85,1620.8,6.36,75.45,1186.29,-15.6,-2.67,434.51,mixed_edge
1-5,lane1_target_start_gap_pair x target_outer_pressure_bucket,>0.06-best | low_other_pressure,55,6,10.91,5500,3290,-2210,59.82,548.33,6.36,75.45,1186.29,-15.63,4.55,-637.96,mixed_edge
1-5,lane1_target_boat_place_diff_bucket,target_plus_10+,1557,87,5.59,155700,93110,-62590,59.8,1070.23,6.36,75.45,1186.29,-15.65,-0.77,-116.06,mixed_edge
1-4,lane1_target_exhibition_time_diff_bucket x lane1_target_start_exhibition_st_diff_bucket,target_faster_0.10+ | lane1_faster_0.06+,175,18,10.29,17500,10460,-7040,59.77,581.11,10.48,75.82,723.82,-16.05,-0.19,-142.71,mixed_edge
1-2,lane1_target_start_gap_pair x target_outer_pressure_bucket,<=0.03->0.06 | some_other_pressure,62,12,19.35,6200,3700,-2500,59.68,308.33,19.48,83.11,426.57,-23.43,-0.13,-118.24,mixed_edge
1-3,stadium_code,14,451,48,10.64,45100,26900,-18200,59.65,560.42,15.46,77.27,499.69,-17.62,-4.82,60.73,mixed_edge
1-3,stadium_code x target_lane,14 | 3,451,48,10.64,45100,26900,-18200,59.65,560.42,15.46,77.27,499.69,-17.62,-4.82,60.73,mixed_edge
1-6,other_group_pattern,A-A-B-A,564,6,1.06,56400,33600,-22800,59.57,5600.0,3.98,73.03,1832.72,-13.46,-2.92,3767.28,mixed_edge
1-6,lane1_target_local_win_diff_bucket,lane1_plus_1.00+,5752,148,2.57,575200,341270,-233930,59.33,2305.88,3.98,73.03,1832.72,-13.7,-1.41,473.16,mixed_edge
1-5,stadium_code,16,588,31,5.27,58800,34870,-23930,59.3,1124.84,6.36,75.45,1186.29,-16.15,-1.09,-61.45,mixed_edge
1-5,stadium_code x target_lane,16 | 5,588,31,5.27,58800,34870,-23930,59.3,1124.84,6.36,75.45,1186.29,-16.15,-1.09,-61.45,mixed_edge
1-4,lane1_target_national_rank_pair x target_outer_pressure_bucket,2-3 | some_other_pressure,264,29,10.98,26400,15650,-10750,59.28,539.66,10.48,75.82,723.82,-16.54,0.5,-184.16,mixed_edge
1-5,lane1_exhibition_st_rank_bucket,4+,4711,238,5.05,471100,279040,-192060,59.23,1172.44,6.36,75.45,1186.29,-16.22,-1.31,-13.85,mixed_edge
1-6,target_motor_rank_bucket,2,2269,85,3.75,226900,134360,-92540,59.22,1580.71,3.98,73.03,1832.72,-13.81,-0.23,-252.01,mixed_edge
1-6,lane1_target_exhibition_time_diff_bucket x lane1_target_start_exhibition_st_diff_bucket,lane1_faster_0.05_0.10 | target_faster_0.06+,436,14,3.21,43600,25790,-17810,59.15,1842.14,3.98,73.03,1832.72,-13.88,-0.77,9.42,mixed_edge
1-3,lane1_target_group_pair x other_a_count_bucket,B-A | 1,905,115,12.71,90500,53510,-36990,59.13,465.3,15.46,77.27,499.69,-18.14,-2.75,-34.39,mixed_edge
1-5,stadium_code,14,451,20,4.43,45100,26660,-18440,59.11,1333.0,6.36,75.45,1186.29,-16.34,-1.93,146.71,mixed_edge
1-5,stadium_code x target_lane,14 | 5,451,20,4.43,45100,26660,-18440,59.11,1333.0,6.36,75.45,1186.29,-16.34,-1.93,146.71,mixed_edge
1-6,lane1_target_class_pair,B2-A1,45,4,8.89,4500,2660,-1840,59.11,665.0,3.98,73.03,1832.72,-13.92,4.91,-1167.72,mixed_edge
1-5,stadium_code,02,653,35,5.36,65300,38590,-26710,59.1,1102.57,6.36,75.45,1186.29,-16.35,-1.0,-83.72,mixed_edge
1-5,stadium_code x target_lane,02 | 5,653,35,5.36,65300,38590,-26710,59.1,1102.57,6.36,75.45,1186.29,-16.35,-1.0,-83.72,mixed_edge
1-4,lane1_target_start_gap_pair x target_outer_pressure_bucket,0.04-0.06-best | some_other_pressure,110,16,14.55,11000,6490,-4510,59.0,405.62,10.48,75.82,723.82,-16.82,4.07,-318.2,mixed_edge
1-5,lane1_target_exhibition_st_rank_pair,4+-3,968,46,4.75,96800,57030,-39770,58.92,1239.78,6.36,75.45,1186.29,-16.53,-1.61,53.49,mixed_edge
1-5,lane1_exhibition_st_rank_bucket x target_exhibition_st_rank_bucket,4+ | 3,968,46,4.75,96800,57030,-39770,58.92,1239.78,6.36,75.45,1186.29,-16.53,-1.61,53.49,mixed_edge
1-5,other_exhibition_faster_than_target_count_bucket,0,2997,210,7.01,299700,176430,-123270,58.87,840.14,6.36,75.45,1186.29,-16.58,0.65,-346.15,mixed_edge
1-6,lane1_target_exhibition_st_rank_pair,1-4+,3662,121,3.3,366200,215460,-150740,58.84,1780.66,3.98,73.03,1832.72,-14.19,-0.68,-52.06,mixed_edge
1-6,lane1_exhibition_st_rank_bucket x target_exhibition_st_rank_bucket,1 | 4+,3662,121,3.3,366200,215460,-150740,58.84,1780.66,3.98,73.03,1832.72,-14.19,-0.68,-52.06,mixed_edge
1-4,stadium_code,14,451,35,7.76,45100,26520,-18580,58.8,757.71,10.48,75.82,723.82,-17.02,-2.72,33.89,mixed_edge
1-4,stadium_code x target_lane,14 | 4,451,35,7.76,45100,26520,-18580,58.8,757.71,10.48,75.82,723.82,-17.02,-2.72,33.89,mixed_edge
1-3,lane1_target_group_pair x other_a_count_bucket,B-A | 3,142,13,9.15,14200,8350,-5850,58.8,642.31,15.46,77.27,499.69,-18.47,-6.31,142.62,mixed_edge
1-6,lane1_target_start_gap_pair x target_outer_pressure_bucket,0.04-0.06-0.04-0.06 | some_other_pressure,62,4,6.45,6200,3640,-2560,58.71,910.0,3.98,73.03,1832.72,-14.32,2.47,-922.72,mixed_edge
1-6,lane1_target_start_gap_pair,best->0.06,2779,88,3.17,277900,163060,-114840,58.68,1852.95,3.98,73.03,1832.72,-14.35,-0.81,20.23,mixed_edge
1-6,target_lane x lane1_target_start_gap_pair,6 | best->0.06,2779,88,3.17,277900,163060,-114840,58.68,1852.95,3.98,73.03,1832.72,-14.35,-0.81,20.23,mixed_edge
1-6,lane1_start_exhibition_gap_bucket x target_start_exhibition_gap_bucket,best | >0.06,2779,88,3.17,277900,163060,-114840,58.68,1852.95,3.98,73.03,1832.72,-14.35,-0.81,20.23,mixed_edge
1-3,lane1_target_exhibition_st_rank_pair,4+-2,971,115,11.84,97100,56910,-40190,58.61,494.87,15.46,77.27,499.69,-18.66,-3.62,-4.82,mixed_edge
1-3,lane1_exhibition_st_rank_bucket x target_exhibition_st_rank_bucket,4+ | 2,971,115,11.84,97100,56910,-40190,58.61,494.87,15.46,77.27,499.69,-18.66,-3.62,-4.82,mixed_edge
1-6,lane1_target_exhibition_time_diff_bucket,lane1_faster_0.10+,1956,68,3.48,195600,114560,-81040,58.57,1684.71,3.98,73.03,1832.72,-14.46,-0.5,-148.01,mixed_edge
1-6,lane1_target_group_pair x other_a_count_bucket,A-B | 2,1336,27,2.02,133600,78160,-55440,58.5,2894.81,3.98,73.03,1832.72,-14.53,-1.96,1062.09,mixed_edge
1-6,other_a_count_bucket,3,1849,29,1.57,184900,108110,-76790,58.47,3727.93,3.98,73.03,1832.72,-14.56,-2.41,1895.21,mixed_edge
1-6,target_lane x other_a_count_bucket,6 | 3,1849,29,1.57,184900,108110,-76790,58.47,3727.93,3.98,73.03,1832.72,-14.56,-2.41,1895.21,mixed_edge
1-6,lane1_target_start_gap_pair,<=0.03-0.04-0.06,629,21,3.34,62900,36780,-26120,58.47,1751.43,3.98,73.03,1832.72,-14.56,-0.64,-81.29,mixed_edge
1-6,target_lane x lane1_target_start_gap_pair,6 | <=0.03-0.04-0.06,629,21,3.34,62900,36780,-26120,58.47,1751.43,3.98,73.03,1832.72,-14.56,-0.64,-81.29,mixed_edge
1-6,lane1_start_exhibition_gap_bucket x target_start_exhibition_gap_bucket,<=0.03 | 0.04-0.06,629,21,3.34,62900,36780,-26120,58.47,1751.43,3.98,73.03,1832.72,-14.56,-0.64,-81.29,mixed_edge
1-5,lane1_target_start_exhibition_st_diff_bucket,target_faster_0.06+,2224,107,4.81,222400,129990,-92410,58.45,1214.86,6.36,75.45,1186.29,-17.0,-1.55,28.57,mixed_edge
1-4,lane1_target_group_pair x other_a_count_bucket,B-A | 0,158,22,13.92,15800,9230,-6570,58.42,419.55,10.48,75.82,723.82,-17.4,3.44,-304.27,mixed_edge
1-4,wave_bucket,10+,268,22,8.21,26800,15640,-11160,58.36,710.91,10.48,75.82,723.82,-17.46,-2.27,-12.91,mixed_edge
1-5,lane1_target_group_pair x target_outer_pressure_bucket,A-A | low_other_pressure,341,48,14.08,34100,19870,-14230,58.27,413.96,6.36,75.45,1186.29,-17.18,7.72,-772.33,mixed_edge
1-2,lane1_target_national_rank_pair x target_outer_pressure_bucket,3-1 | high_other_pressure,202,38,18.81,20200,11740,-8460,58.12,308.95,19.48,83.11,426.57,-24.99,-0.67,-117.62,mixed_edge
1-2,lane1_target_start_gap_pair x target_outer_pressure_bucket,0.04-0.06-0.04-0.06 | high_other_pressure,490,66,13.47,49000,28430,-20570,58.02,430.76,19.48,83.11,426.57,-25.09,-6.01,4.19,mixed_edge
1-6,other_st_faster_than_target_count_bucket,3,2771,75,2.71,277100,160720,-116380,58.0,2142.93,3.98,73.03,1832.72,-15.03,-1.27,310.21,mixed_edge
1-6,target_exhibition_st_rank_bucket x other_st_faster_than_target_count_bucket,4+ | 3,2771,75,2.71,277100,160720,-116380,58.0,2142.93,3.98,73.03,1832.72,-15.03,-1.27,310.21,mixed_edge
1-5,stadium_code,12,636,37,5.82,63600,36830,-26770,57.91,995.41,6.36,75.45,1186.29,-17.54,-0.54,-190.88,mixed_edge
1-5,stadium_code x target_lane,12 | 5,636,37,5.82,63600,36830,-26770,57.91,995.41,6.36,75.45,1186.29,-17.54,-0.54,-190.88,mixed_edge
1-4,lane1_target_national_rank_pair,3-4+,1428,71,4.97,142800,82530,-60270,57.79,1162.39,10.48,75.82,723.82,-18.03,-5.51,438.57,mixed_edge
1-4,target_lane x lane1_target_national_rank_pair,4 | 3-4+,1428,71,4.97,142800,82530,-60270,57.79,1162.39,10.48,75.82,723.82,-18.03,-5.51,438.57,mixed_edge
1-4,lane1_target_national_rank_pair x target_outer_pressure_bucket,3-4+ | high_other_pressure,1428,71,4.97,142800,82530,-60270,57.79,1162.39,10.48,75.82,723.82,-18.03,-5.51,438.57,mixed_edge
1-5,lane1_target_group_pair x other_a_count_bucket,B-B | 1,751,25,3.33,75100,43400,-31700,57.79,1736.0,6.36,75.45,1186.29,-17.66,-3.03,549.71,mixed_edge
1-3,lane1_target_national_rank_pair x target_outer_pressure_bucket,1-3 | high_other_pressure,417,75,17.99,41700,24020,-17680,57.6,320.27,15.46,77.27,499.69,-19.67,2.53,-179.42,mixed_edge
1-3,stadium_code,09,408,54,13.24,40800,23450,-17350,57.48,434.26,15.46,77.27,499.69,-19.79,-2.22,-65.43,mixed_edge
1-3,stadium_code x target_lane,09 | 3,408,54,13.24,40800,23450,-17350,57.48,434.26,15.46,77.27,499.69,-19.79,-2.22,-65.43,mixed_edge
1-2,lane1_target_exhibition_time_diff_bucket x lane1_target_start_exhibition_st_diff_bucket,target_faster_0.05_0.10 | target_faster_0.03_0.06,217,32,14.75,21700,12420,-9280,57.24,388.12,19.48,83.11,426.57,-25.87,-4.73,-38.45,mixed_edge
1-6,target_exhibition_rank_bucket x other_exhibition_faster_than_target_count_bucket,3 | 2,601,17,2.83,60100,34390,-25710,57.22,2022.94,3.98,73.03,1832.72,-15.81,-1.15,190.22,mixed_edge
1-4,other_national_better_than_target_count_bucket,4,2627,121,4.61,262700,150300,-112400,57.21,1242.15,10.48,75.82,723.82,-18.61,-5.87,518.33,mixed_edge
1-4,target_national_win_rank_bucket x other_national_better_than_target_count_bucket,4+ | 4,2627,121,4.61,262700,150300,-112400,57.21,1242.15,10.48,75.82,723.82,-18.61,-5.87,518.33,mixed_edge
1-4,lane1_target_class_pair,B2-B1,140,7,5.0,14000,7970,-6030,56.93,1138.57,10.48,75.82,723.82,-18.89,-5.48,414.75,mixed_edge
1-5,lane1_target_group_pair x other_a_count_bucket,A-A | 3,438,33,7.53,43800,24890,-18910,56.83,754.24,6.36,75.45,1186.29,-18.62,1.17,-432.05,mixed_edge
1-4,lane1_target_exhibition_time_diff_bucket x lane1_target_start_exhibition_st_diff_bucket,lane1_faster_0.10+ | target_faster_0.06+,269,25,9.29,26900,15280,-11620,56.8,611.2,10.48,75.82,723.82,-19.02,-1.19,-112.62,mixed_edge
1-3,lane1_target_national_rank_pair x target_outer_pressure_bucket,4+-2 | some_other_pressure,530,59,11.13,53000,30100,-22900,56.79,510.17,15.46,77.27,499.69,-20.48,-4.33,10.48,mixed_edge
1-5,lane1_target_start_gap_pair,<=0.03->0.06,1047,41,3.92,104700,59400,-45300,56.73,1448.78,6.36,75.45,1186.29,-18.72,-2.44,262.49,mixed_edge
1-5,target_lane x lane1_target_start_gap_pair,5 | <=0.03->0.06,1047,41,3.92,104700,59400,-45300,56.73,1448.78,6.36,75.45,1186.29,-18.72,-2.44,262.49,mixed_edge
1-5,lane1_start_exhibition_gap_bucket x target_start_exhibition_gap_bucket,<=0.03 | >0.06,1047,41,3.92,104700,59400,-45300,56.73,1448.78,6.36,75.45,1186.29,-18.72,-2.44,262.49,mixed_edge
1-4,lane1_target_start_gap_pair,0.04-0.06->0.06,581,32,5.51,58100,32950,-25150,56.71,1029.69,10.48,75.82,723.82,-19.11,-4.97,305.87,mixed_edge
1-4,target_lane x lane1_target_start_gap_pair,4 | 0.04-0.06->0.06,581,32,5.51,58100,32950,-25150,56.71,1029.69,10.48,75.82,723.82,-19.11,-4.97,305.87,mixed_edge
1-4,lane1_start_exhibition_gap_bucket x target_start_exhibition_gap_bucket,0.04-0.06 | >0.06,581,32,5.51,58100,32950,-25150,56.71,1029.69,10.48,75.82,723.82,-19.11,-4.97,305.87,mixed_edge
1-5,lane1_target_start_gap_pair x target_outer_pressure_bucket,<=0.03->0.06 | high_other_pressure,933,31,3.32,93300,52850,-40450,56.65,1704.84,6.36,75.45,1186.29,-18.8,-3.04,518.55,mixed_edge
1-2,lane1_target_start_gap_pair,>0.06-0.04-0.06,622,73,11.74,62200,35200,-27000,56.59,482.19,19.48,83.11,426.57,-26.52,-7.74,55.62,mixed_edge
1-2,target_lane x lane1_target_start_gap_pair,2 | >0.06-0.04-0.06,622,73,11.74,62200,35200,-27000,56.59,482.19,19.48,83.11,426.57,-26.52,-7.74,55.62,mixed_edge
1-2,lane1_start_exhibition_gap_bucket x target_start_exhibition_gap_bucket,>0.06 | 0.04-0.06,622,73,11.74,62200,35200,-27000,56.59,482.19,19.48,83.11,426.57,-26.52,-7.74,55.62,mixed_edge
1-5,other_group_pattern,B-A-A-B,696,31,4.45,69600,39380,-30220,56.58,1270.32,6.36,75.45,1186.29,-18.87,-1.91,84.03,mixed_edge
1-6,lane1_target_exhibition_time_diff_bucket x lane1_target_start_exhibition_st_diff_bucket,near_equal | lane1_faster_0.06+,2272,73,3.21,227200,128280,-98920,56.46,1757.26,3.98,73.03,1832.72,-16.57,-0.77,-75.46,mixed_edge
1-3,lane1_target_start_gap_pair x target_outer_pressure_bucket,>0.06-0.04-0.06 | high_other_pressure,542,54,9.96,54200,30530,-23670,56.33,565.37,15.46,77.27,499.69,-20.94,-5.5,65.68,mixed_edge
1-3,lane1_target_start_gap_pair x target_outer_pressure_bucket,<=0.03->0.06 | high_other_pressure,462,45,9.74,46200,25990,-20210,56.26,577.56,15.46,77.27,499.69,-21.01,-5.72,77.87,mixed_edge
1-6,lane1_target_motor_place_diff_bucket,lane1_plus_10+,1980,77,3.89,198000,111280,-86720,56.2,1445.19,3.98,73.03,1832.72,-16.83,-0.09,-387.53,mixed_edge
1-5,lane1_target_class_pair,B1-B2,614,11,1.79,61400,34450,-26950,56.11,3131.82,6.36,75.45,1186.29,-19.34,-4.57,1945.53,mixed_edge
1-6,lane1_target_exhibition_time_diff_bucket x lane1_target_start_exhibition_st_diff_bucket,lane1_faster_0.10+ | target_faster_0.06+,253,10,3.95,25300,14190,-11110,56.09,1419.0,3.98,73.03,1832.72,-16.94,-0.03,-413.72,mixed_edge
1-2,target_start_exhibition_gap_bucket,>0.06,4447,587,13.2,444700,247840,-196860,55.73,422.21,19.48,83.11,426.57,-27.38,-6.28,-4.36,mixed_edge
1-2,target_lane x target_start_exhibition_gap_bucket,2 | >0.06,4447,587,13.2,444700,247840,-196860,55.73,422.21,19.48,83.11,426.57,-27.38,-6.28,-4.36,mixed_edge
1-3,lane1_target_exhibition_st_rank_pair,4+-3,893,93,10.41,89300,49740,-39560,55.7,534.84,15.46,77.27,499.69,-21.57,-5.05,35.15,mixed_edge
1-3,lane1_exhibition_st_rank_bucket x target_exhibition_st_rank_bucket,4+ | 3,893,93,10.41,89300,49740,-39560,55.7,534.84,15.46,77.27,499.69,-21.57,-5.05,35.15,mixed_edge
1-3,lane1_target_start_gap_pair,>0.06-0.04-0.06,693,77,11.11,69300,38580,-30720,55.67,501.04,15.46,77.27,499.69,-21.6,-4.35,1.35,mixed_edge
1-3,target_lane x lane1_target_start_gap_pair,3 | >0.06-0.04-0.06,693,77,11.11,69300,38580,-30720,55.67,501.04,15.46,77.27,499.69,-21.6,-4.35,1.35,mixed_edge
1-3,lane1_start_exhibition_gap_bucket x target_start_exhibition_gap_bucket,>0.06 | 0.04-0.06,693,77,11.11,69300,38580,-30720,55.67,501.04,15.46,77.27,499.69,-21.6,-4.35,1.35,mixed_edge
1-5,other_group_pattern,A-A-A-B,485,21,4.33,48500,27000,-21500,55.67,1285.71,6.36,75.45,1186.29,-19.78,-2.03,99.42,mixed_edge
1-4,lane1_target_exhibition_st_rank_pair,4+-1,1198,101,8.43,119800,66660,-53140,55.64,660.0,10.48,75.82,723.82,-20.18,-2.05,-63.82,mixed_edge
1-4,lane1_exhibition_st_rank_bucket x target_exhibition_st_rank_bucket,4+ | 1,1198,101,8.43,119800,66660,-53140,55.64,660.0,10.48,75.82,723.82,-20.18,-2.05,-63.82,mixed_edge
1-6,lane1_target_start_exhibition_st_diff_bucket,lane1_faster_0.06+,4956,143,2.89,495600,274610,-220990,55.41,1920.35,3.98,73.03,1832.72,-17.62,-1.09,87.63,mixed_edge
1-6,lane1_target_start_gap_pair x target_outer_pressure_bucket,0.04-0.06-0.04-0.06 | high_other_pressure,412,9,2.18,41200,22800,-18400,55.34,2533.33,3.98,73.03,1832.72,-17.69,-1.8,700.61,mixed_edge
1-3,lane1_exhibition_st_rank_bucket,4+,4711,487,10.34,471100,260530,-210570,55.3,534.97,15.46,77.27,499.69,-21.97,-5.12,35.28,mixed_edge
1-5,stadium_code,10,544,22,4.04,54400,30070,-24330,55.28,1366.82,6.36,75.45,1186.29,-20.17,-2.32,180.53,mixed_edge
1-5,stadium_code x target_lane,10 | 5,544,22,4.04,54400,30070,-24330,55.28,1366.82,6.36,75.45,1186.29,-20.17,-2.32,180.53,mixed_edge
1-5,lane1_target_exhibition_time_diff_bucket x lane1_target_start_exhibition_st_diff_bucket,target_faster_0.10+ | lane1_faster_0.03_0.06,90,9,10.0,9000,4970,-4030,55.22,552.22,6.36,75.45,1186.29,-20.23,3.64,-634.07,mixed_edge
1-2,lane1_target_exhibition_st_rank_pair,3-4+,1152,152,13.19,115200,63450,-51750,55.08,417.43,19.48,83.11,426.57,-28.03,-6.29,-9.14,mixed_edge
1-2,lane1_exhibition_st_rank_bucket x target_exhibition_st_rank_bucket,3 | 4+,1152,152,13.19,115200,63450,-51750,55.08,417.43,19.48,83.11,426.57,-28.03,-6.29,-9.14,mixed_edge
1-5,stadium_code,01,534,30,5.62,53400,29380,-24020,55.02,979.33,6.36,75.45,1186.29,-20.43,-0.74,-206.96,mixed_edge
1-5,stadium_code x target_lane,01 | 5,534,30,5.62,53400,29380,-24020,55.02,979.33,6.36,75.45,1186.29,-20.43,-0.74,-206.96,mixed_edge
1-3,lane1_target_group_pair x other_a_count_bucket,A-B | 4,106,10,9.43,10600,5830,-4770,55.0,583.0,15.46,77.27,499.69,-22.27,-6.03,83.31,mixed_edge
1-6,lane1_target_class_pair,A1-B1,1453,42,2.89,145300,79830,-65470,54.94,1900.71,3.98,73.03,1832.72,-18.09,-1.09,67.99,mixed_edge
1-3,lane1_class,B2,279,25,8.96,27900,15320,-12580,54.91,612.8,15.46,77.27,499.69,-22.36,-6.5,113.11,mixed_edge
1-4,lane1_target_start_gap_pair x target_outer_pressure_bucket,>0.06-0.04-0.06 | high_other_pressure,573,33,5.76,57300,31390,-25910,54.78,951.21,10.48,75.82,723.82,-21.04,-4.72,227.39,mixed_edge
1-6,target_exhibition_st_rank_bucket,4+,8902,250,2.81,890200,487150,-403050,54.72,1948.6,3.98,73.03,1832.72,-18.31,-1.17,115.88,mixed_edge
1-6,target_lane x target_exhibition_st_rank_bucket,6 | 4+,8902,250,2.81,890200,487150,-403050,54.72,1948.6,3.98,73.03,1832.72,-18.31,-1.17,115.88,mixed_edge
1-6,lane1_target_start_gap_pair x target_outer_pressure_bucket,best->0.06 | high_other_pressure,2347,62,2.64,234700,128050,-106650,54.56,2065.32,3.98,73.03,1832.72,-18.47,-1.34,232.6,mixed_edge
1-2,lane1_exhibition_st_rank_bucket,4+,4711,590,12.52,471100,256260,-214840,54.4,434.34,19.48,83.11,426.57,-28.71,-6.96,7.77,mixed_edge
1-5,lane1_target_start_gap_pair,>0.06-<=0.03,819,31,3.79,81900,44340,-37560,54.14,1430.32,6.36,75.45,1186.29,-21.31,-2.57,244.03,mixed_edge
1-5,target_lane x lane1_target_start_gap_pair,5 | >0.06-<=0.03,819,31,3.79,81900,44340,-37560,54.14,1430.32,6.36,75.45,1186.29,-21.31,-2.57,244.03,mixed_edge
1-5,lane1_start_exhibition_gap_bucket x target_start_exhibition_gap_bucket,>0.06 | <=0.03,819,31,3.79,81900,44340,-37560,54.14,1430.32,6.36,75.45,1186.29,-21.31,-2.57,244.03,mixed_edge
1-6,stadium_code,04,525,18,3.43,52500,28220,-24280,53.75,1567.78,3.98,73.03,1832.72,-19.28,-0.55,-264.94,mixed_edge
1-6,stadium_code x target_lane,04 | 6,525,18,3.43,52500,28220,-24280,53.75,1567.78,3.98,73.03,1832.72,-19.28,-0.55,-264.94,mixed_edge
1-3,lane1_target_group_pair x other_a_count_bucket,B-B | 4,32,1,3.12,3200,1720,-1480,53.75,1720.0,15.46,77.27,499.69,-23.52,-12.34,1220.31,mixed_edge
1-4,lane1_class,B2,279,17,6.09,27900,14920,-12980,53.48,877.65,10.48,75.82,723.82,-22.34,-4.39,153.83,mixed_edge
1-4,lane1_exhibition_st_rank_bucket,4+,4711,361,7.66,471100,251130,-219970,53.31,695.65,10.48,75.82,723.82,-22.51,-2.82,-28.17,mixed_edge
1-6,lane1_target_start_gap_pair,0.04-0.06-0.04-0.06,496,13,2.62,49600,26440,-23160,53.31,2033.85,3.98,73.03,1832.72,-19.72,-1.36,201.13,mixed_edge
1-6,target_lane x lane1_target_start_gap_pair,6 | 0.04-0.06-0.04-0.06,496,13,2.62,49600,26440,-23160,53.31,2033.85,3.98,73.03,1832.72,-19.72,-1.36,201.13,mixed_edge
1-6,lane1_start_exhibition_gap_bucket x target_start_exhibition_gap_bucket,0.04-0.06 | 0.04-0.06,496,13,2.62,49600,26440,-23160,53.31,2033.85,3.98,73.03,1832.72,-19.72,-1.36,201.13,mixed_edge
1-5,lane1_target_group_pair x target_outer_pressure_bucket,B-A | some_other_pressure,528,38,7.2,52800,28110,-24690,53.24,739.74,6.36,75.45,1186.29,-22.21,0.84,-446.55,mixed_edge
1-6,other_national_better_than_target_count_bucket,4,3789,46,1.21,378900,201380,-177520,53.15,4377.83,3.98,73.03,1832.72,-19.88,-2.77,2545.11,mixed_edge
1-6,target_national_win_rank_bucket x other_national_better_than_target_count_bucket,4+ | 4,3789,46,1.21,378900,201380,-177520,53.15,4377.83,3.98,73.03,1832.72,-19.88,-2.77,2545.11,mixed_edge
1-5,target_class,B2,1219,28,2.3,121900,64750,-57150,53.12,2312.5,6.36,75.45,1186.29,-22.33,-4.06,1126.21,mixed_edge
1-6,other_group_pattern,A-B-B-A,744,14,1.88,74400,39400,-35000,52.96,2814.29,3.98,73.03,1832.72,-20.07,-2.1,981.57,mixed_edge
1-4,lane1_target_exhibition_time_diff_bucket x lane1_target_start_exhibition_st_diff_bucket,target_faster_0.05_0.10 | target_faster_0.06+,253,12,4.74,25300,13390,-11910,52.92,1115.83,10.48,75.82,723.82,-22.9,-5.74,392.01,mixed_edge
1-6,lane1_target_national_rank_pair x target_outer_pressure_bucket,1-2 | high_other_pressure,300,17,5.67,30000,15870,-14130,52.9,933.53,3.98,73.03,1832.72,-20.13,1.69,-899.19,mixed_edge
1-3,target_exhibition_st_rank_bucket x other_st_faster_than_target_count_bucket,3 | 2,844,83,9.83,84400,44500,-39900,52.73,536.14,15.46,77.27,499.69,-24.54,-5.63,36.45,mixed_edge
1-6,lane1_target_start_gap_pair x target_outer_pressure_bucket,>0.06-<=0.03 | low_other_pressure,45,4,8.89,4500,2370,-2130,52.67,592.5,3.98,73.03,1832.72,-20.36,4.91,-1240.22,mixed_edge
1-2,lane1_target_exhibition_time_diff_bucket x lane1_target_start_exhibition_st_diff_bucket,lane1_faster_0.10+ | lane1_faster_0.06+,273,37,13.55,27300,14340,-12960,52.53,387.57,19.48,83.11,426.57,-30.58,-5.93,-39.0,mixed_edge
1-4,lane1_target_exhibition_time_diff_bucket x lane1_target_start_exhibition_st_diff_bucket,lane1_faster_0.10+ | lane1_faster_0.06+,539,37,6.86,53900,28300,-25600,52.5,764.86,10.48,75.82,723.82,-23.32,-3.62,41.04,mixed_edge
1-2,lane1_target_start_gap_pair,0.04-0.06->0.06,813,112,13.78,81300,42580,-38720,52.37,380.18,19.48,83.11,426.57,-30.74,-5.7,-46.39,mixed_edge
1-2,target_lane x lane1_target_start_gap_pair,2 | 0.04-0.06->0.06,813,112,13.78,81300,42580,-38720,52.37,380.18,19.48,83.11,426.57,-30.74,-5.7,-46.39,mixed_edge
1-2,lane1_start_exhibition_gap_bucket x target_start_exhibition_gap_bucket,0.04-0.06 | >0.06,813,112,13.78,81300,42580,-38720,52.37,380.18,19.48,83.11,426.57,-30.74,-5.7,-46.39,mixed_edge
1-3,lane1_target_group_pair x target_outer_pressure_bucket,B-B | low_other_pressure,43,5,11.63,4300,2250,-2050,52.33,450.0,15.46,77.27,499.69,-24.94,-3.83,-49.69,mixed_edge
1-6,lane1_target_exhibition_time_diff_bucket x lane1_target_start_exhibition_st_diff_bucket,target_faster_0.10+ | lane1_faster_0.06+,253,7,2.77,25300,13200,-12100,52.17,1885.71,3.98,73.03,1832.72,-20.86,-1.21,52.99,mixed_edge
1-6,lane1_target_national_rank_pair x target_outer_pressure_bucket,4+-1 | high_other_pressure,534,25,4.68,53400,27760,-25640,51.99,1110.4,3.98,73.03,1832.72,-21.04,0.7,-722.32,mixed_edge
1-5,lane1_target_exhibition_st_rank_pair,4+-2,1178,50,4.24,117800,60870,-56930,51.67,1217.4,6.36,75.45,1186.29,-23.78,-2.12,31.11,mixed_edge
1-5,lane1_exhibition_st_rank_bucket x target_exhibition_st_rank_bucket,4+ | 2,1178,50,4.24,117800,60870,-56930,51.67,1217.4,6.36,75.45,1186.29,-23.78,-2.12,31.11,mixed_edge
1-2,lane1_target_start_gap_pair,<=0.03->0.06,562,70,12.46,56200,28940,-27260,51.49,413.43,19.48,83.11,426.57,-31.62,-7.02,-13.14,mixed_edge
1-2,target_lane x lane1_target_start_gap_pair,2 | <=0.03->0.06,562,70,12.46,56200,28940,-27260,51.49,413.43,19.48,83.11,426.57,-31.62,-7.02,-13.14,mixed_edge
1-2,lane1_start_exhibition_gap_bucket x target_start_exhibition_gap_bucket,<=0.03 | >0.06,562,70,12.46,56200,28940,-27260,51.49,413.43,19.48,83.11,426.57,-31.62,-7.02,-13.14,mixed_edge
1-6,target_start_exhibition_gap_bucket,>0.06,6411,164,2.56,641100,329300,-311800,51.36,2007.93,3.98,73.03,1832.72,-21.67,-1.42,175.21,mixed_edge
1-6,target_lane x target_start_exhibition_gap_bucket,6 | >0.06,6411,164,2.56,641100,329300,-311800,51.36,2007.93,3.98,73.03,1832.72,-21.67,-1.42,175.21,mixed_edge
1-4,lane1_target_exhibition_time_diff_bucket x lane1_target_start_exhibition_st_diff_bucket,lane1_faster_0.05_0.10 | target_faster_0.06+,474,39,8.23,47400,24310,-23090,51.29,623.33,10.48,75.82,723.82,-24.53,-2.25,-100.49,mixed_edge
1-4,other_group_pattern,B-A-A-A,342,21,6.14,34200,17520,-16680,51.23,834.29,10.48,75.82,723.82,-24.59,-4.34,110.47,mixed_edge
1-2,other_st_faster_than_target_count_bucket,4,2420,298,12.31,242000,123560,-118440,51.06,414.63,19.48,83.11,426.57,-32.05,-7.17,-11.94,mixed_edge
1-2,target_exhibition_st_rank_bucket x other_st_faster_than_target_count_bucket,4+ | 4,2420,298,12.31,242000,123560,-118440,51.06,414.63,19.48,83.11,426.57,-32.05,-7.17,-11.94,mixed_edge
1-6,lane1_target_exhibition_st_rank_pair,2-4+,1766,44,2.49,176600,90090,-86510,51.01,2047.5,3.98,73.03,1832.72,-22.02,-1.49,214.78,mixed_edge
1-6,lane1_exhibition_st_rank_bucket x target_exhibition_st_rank_bucket,2 | 4+,1766,44,2.49,176600,90090,-86510,51.01,2047.5,3.98,73.03,1832.72,-22.02,-1.49,214.78,mixed_edge
1-6,stadium_code,21,585,17,2.91,58500,29830,-28670,50.99,1754.71,3.98,73.03,1832.72,-22.04,-1.07,-78.01,mixed_edge
1-6,stadium_code x target_lane,21 | 6,585,17,2.91,58500,29830,-28670,50.99,1754.71,3.98,73.03,1832.72,-22.04,-1.07,-78.01,mixed_edge
1-3,lane1_target_national_rank_pair x target_outer_pressure_bucket,3-1 | some_other_pressure,114,16,14.04,11400,5800,-5600,50.88,362.5,15.46,77.27,499.69,-26.39,-1.42,-137.19,mixed_edge
1-4,other_b2_count_bucket,2,339,35,10.32,33900,17240,-16660,50.86,492.57,10.48,75.82,723.82,-24.96,-0.16,-231.25,mixed_edge
1-4,lane1_target_start_gap_pair x target_outer_pressure_bucket,0.04-0.06-0.04-0.06 | some_other_pressure,71,9,12.68,7100,3600,-3500,50.7,400.0,10.48,75.82,723.82,-25.12,2.2,-323.82,mixed_edge
1-4,lane1_target_exhibition_time_diff_bucket x lane1_target_start_exhibition_st_diff_bucket,target_faster_0.10+ | target_faster_0.03_0.06,73,6,8.22,7300,3700,-3600,50.68,616.67,10.48,75.82,723.82,-25.14,-2.26,-107.15,mixed_edge
1-3,lane1_target_exhibition_st_rank_pair,4+-4+,1863,163,8.75,186300,94310,-91990,50.62,578.59,15.46,77.27,499.69,-26.65,-6.71,78.9,mixed_edge
1-3,lane1_exhibition_st_rank_bucket x target_exhibition_st_rank_bucket,4+ | 4+,1863,163,8.75,186300,94310,-91990,50.62,578.59,15.46,77.27,499.69,-26.65,-6.71,78.9,mixed_edge
1-3,lane1_target_exhibition_time_diff_bucket x lane1_target_start_exhibition_st_diff_bucket,target_faster_0.10+ | target_faster_0.03_0.06,89,10,11.24,8900,4450,-4450,50.0,445.0,15.46,77.27,499.69,-27.27,-4.22,-54.69,mixed_edge
1-5,wave_bucket,10+,268,15,5.6,26800,13370,-13430,49.89,891.33,6.36,75.45,1186.29,-25.56,-0.76,-294.96,mixed_edge
1-6,lane1_target_exhibition_st_rank_pair,4+-4+,2039,40,1.96,203900,101670,-102230,49.86,2541.75,3.98,73.03,1832.72,-23.17,-2.02,709.03,mixed_edge
1-6,lane1_exhibition_st_rank_bucket x target_exhibition_st_rank_bucket,4+ | 4+,2039,40,1.96,203900,101670,-102230,49.86,2541.75,3.98,73.03,1832.72,-23.17,-2.02,709.03,mixed_edge
1-3,lane1_target_start_gap_pair x target_outer_pressure_bucket,>0.06-best | high_other_pressure,447,43,9.62,44700,22230,-22470,49.73,516.98,15.46,77.27,499.69,-27.54,-5.84,17.29,mixed_edge
1-2,grade_group,SG,60,7,11.67,6000,2980,-3020,49.67,425.71,19.48,83.11,426.57,-33.44,-7.81,-0.86,mixed_edge
1-6,other_group_pattern,A-B-B-B,883,35,3.96,88300,43670,-44630,49.46,1247.71,3.98,73.03,1832.72,-23.57,-0.02,-585.01,mixed_edge
1-4,lane1_target_start_gap_pair,>0.06-0.04-0.06,717,43,6.0,71700,35420,-36280,49.4,823.72,10.48,75.82,723.82,-26.42,-4.48,99.9,mixed_edge
1-4,target_lane x lane1_target_start_gap_pair,4 | >0.06-0.04-0.06,717,43,6.0,71700,35420,-36280,49.4,823.72,10.48,75.82,723.82,-26.42,-4.48,99.9,mixed_edge
1-4,lane1_start_exhibition_gap_bucket x target_start_exhibition_gap_bucket,>0.06 | 0.04-0.06,717,43,6.0,71700,35420,-36280,49.4,823.72,10.48,75.82,723.82,-26.42,-4.48,99.9,mixed_edge
1-2,lane1_target_start_gap_pair x target_outer_pressure_bucket,0.04-0.06-best | low_other_pressure,44,9,20.45,4400,2170,-2230,49.32,241.11,19.48,83.11,426.57,-33.79,0.97,-185.46,mixed_edge
1-3,lane1_target_start_gap_pair,0.04-0.06->0.06,569,50,8.79,56900,27840,-29060,48.93,556.8,15.46,77.27,499.69,-28.34,-6.67,57.11,mixed_edge
1-3,target_lane x lane1_target_start_gap_pair,3 | 0.04-0.06->0.06,569,50,8.79,56900,27840,-29060,48.93,556.8,15.46,77.27,499.69,-28.34,-6.67,57.11,mixed_edge
1-3,lane1_start_exhibition_gap_bucket x target_start_exhibition_gap_bucket,0.04-0.06 | >0.06,569,50,8.79,56900,27840,-29060,48.93,556.8,15.46,77.27,499.69,-28.34,-6.67,57.11,mixed_edge
1-2,lane1_target_start_gap_pair x target_outer_pressure_bucket,<=0.03->0.06 | high_other_pressure,477,51,10.69,47700,23320,-24380,48.89,457.25,19.48,83.11,426.57,-34.22,-8.79,30.68,mixed_edge
1-2,lane1_target_start_gap_pair x target_outer_pressure_bucket,0.04-0.06->0.06 | high_other_pressure,666,75,11.26,66600,32510,-34090,48.81,433.47,19.48,83.11,426.57,-34.3,-8.22,6.9,mixed_edge
1-5,lane1_class,B2,279,14,5.02,27900,13590,-14310,48.71,970.71,6.36,75.45,1186.29,-26.74,-1.34,-215.58,mixed_edge
1-2,lane1_target_group_pair x target_outer_pressure_bucket,B-B | low_other_pressure,51,9,17.65,5100,2480,-2620,48.63,275.56,19.48,83.11,426.57,-34.48,-1.83,-151.01,mixed_edge
1-4,lane1_target_start_gap_pair x target_outer_pressure_bucket,>0.06-best | high_other_pressure,714,46,6.44,71400,34390,-37010,48.17,747.61,10.48,75.82,723.82,-27.65,-4.04,23.79,mixed_edge
1-4,lane1_target_start_gap_pair x target_outer_pressure_bucket,<=0.03-best | low_other_pressure,60,9,15.0,6000,2860,-3140,47.67,317.78,10.48,75.82,723.82,-28.15,4.52,-406.04,mixed_edge
1-6,lane1_target_group_pair x other_a_count_bucket,A-A | 3,446,10,2.24,44600,21240,-23360,47.62,2124.0,3.98,73.03,1832.72,-25.41,-1.74,291.28,mixed_edge
1-2,lane1_target_exhibition_st_rank_pair,4+-4+,2664,301,11.3,266400,126370,-140030,47.44,419.83,19.48,83.11,426.57,-35.67,-8.18,-6.74,mixed_edge
1-2,lane1_exhibition_st_rank_bucket x target_exhibition_st_rank_bucket,4+ | 4+,2664,301,11.3,266400,126370,-140030,47.44,419.83,19.48,83.11,426.57,-35.67,-8.18,-6.74,mixed_edge
1-5,lane1_target_exhibition_time_diff_bucket,target_faster_0.10+,641,35,5.46,64100,30410,-33690,47.44,868.86,6.36,75.45,1186.29,-28.01,-0.9,-317.43,mixed_edge
1-5,stadium_code,08,620,29,4.68,62000,29390,-32610,47.4,1013.45,6.36,75.45,1186.29,-28.05,-1.68,-172.84,mixed_edge
1-5,stadium_code x target_lane,08 | 5,620,29,4.68,62000,29390,-32610,47.4,1013.45,6.36,75.45,1186.29,-28.05,-1.68,-172.84,mixed_edge
1-6,stadium_code,01,534,16,3.0,53400,25230,-28170,47.25,1576.88,3.98,73.03,1832.72,-25.78,-0.98,-255.84,mixed_edge
1-6,stadium_code x target_lane,01 | 6,534,16,3.0,53400,25230,-28170,47.25,1576.88,3.98,73.03,1832.72,-25.78,-0.98,-255.84,mixed_edge
1-5,lane1_target_exhibition_time_diff_bucket x lane1_target_start_exhibition_st_diff_bucket,target_faster_0.10+ | target_faster_0.03_0.06,69,5,7.25,6900,3250,-3650,47.1,650.0,6.36,75.45,1186.29,-28.35,0.89,-536.29,mixed_edge
1-5,lane1_target_start_gap_pair x target_outer_pressure_bucket,>0.06-<=0.03 | low_other_pressure,38,2,5.26,3800,1780,-2020,46.84,890.0,6.36,75.45,1186.29,-28.61,-1.1,-296.29,mixed_edge
1-5,target_exhibition_st_rank_bucket x other_st_faster_than_target_count_bucket,3 | 2,680,24,3.53,68000,31740,-36260,46.68,1322.5,6.36,75.45,1186.29,-28.77,-2.83,136.21,mixed_edge
1-2,lane1_target_start_gap_pair x target_outer_pressure_bucket,>0.06->0.06 | low_other_pressure,111,19,17.12,11100,5180,-5920,46.67,272.63,19.48,83.11,426.57,-36.44,-2.36,-153.94,mixed_edge
1-5,lane1_target_start_gap_pair x target_outer_pressure_bucket,0.04-0.06->0.06 | some_other_pressure,60,4,6.67,6000,2800,-3200,46.67,700.0,6.36,75.45,1186.29,-28.78,0.31,-486.29,mixed_edge
1-4,lane1_target_group_pair x other_a_count_bucket,A-B | 3,581,29,4.99,58100,27100,-31000,46.64,934.48,10.48,75.82,723.82,-29.18,-5.49,210.66,mixed_edge
1-3,lane1_target_start_gap_pair x target_outer_pressure_bucket,>0.06-<=0.03 | high_other_pressure,476,33,6.93,47600,22180,-25420,46.6,672.12,15.46,77.27,499.69,-30.67,-8.53,172.43,mixed_edge
1-3,lane1_target_class_pair,B2-B1,167,11,6.59,16700,7780,-8920,46.59,707.27,15.46,77.27,499.69,-30.68,-8.87,207.58,mixed_edge
1-3,lane1_target_start_gap_pair x target_outer_pressure_bucket,0.04-0.06->0.06 | high_other_pressure,482,34,7.05,48200,22360,-25840,46.39,657.65,15.46,77.27,499.69,-30.88,-8.41,157.96,mixed_edge
1-4,lane1_target_start_exhibition_st_diff_bucket,target_faster_0.06+,2227,140,6.29,222700,101620,-121080,45.63,725.86,10.48,75.82,723.82,-30.19,-4.19,2.04,mixed_edge
1-4,other_st_faster_than_target_count_bucket,4,1730,92,5.32,173000,78810,-94190,45.55,856.63,10.48,75.82,723.82,-30.27,-5.16,132.81,mixed_edge
1-4,target_exhibition_st_rank_bucket x other_st_faster_than_target_count_bucket,4+ | 4,1730,92,5.32,173000,78810,-94190,45.55,856.63,10.48,75.82,723.82,-30.27,-5.16,132.81,mixed_edge
1-3,other_st_faster_than_target_count_bucket,4,1548,139,8.98,154800,70370,-84430,45.46,506.26,15.46,77.27,499.69,-31.81,-6.48,6.57,mixed_edge
1-3,target_exhibition_st_rank_bucket x other_st_faster_than_target_count_bucket,4+ | 4,1548,139,8.98,154800,70370,-84430,45.46,506.26,15.46,77.27,499.69,-31.81,-6.48,6.57,mixed_edge
1-4,lane1_target_group_pair x other_a_count_bucket,A-B | 4,115,5,4.35,11500,5180,-6320,45.04,1036.0,10.48,75.82,723.82,-30.78,-6.13,312.18,mixed_edge
1-6,stadium_code,16,588,22,3.74,58800,26370,-32430,44.85,1198.64,3.98,73.03,1832.72,-28.18,-0.24,-634.08,mixed_edge
1-6,stadium_code x target_lane,16 | 6,588,22,3.74,58800,26370,-32430,44.85,1198.64,3.98,73.03,1832.72,-28.18,-0.24,-634.08,mixed_edge
1-4,lane1_target_exhibition_time_diff_bucket x lane1_target_start_exhibition_st_diff_bucket,target_faster_0.05_0.10 | target_faster_0.03_0.06,190,16,8.42,19000,8510,-10490,44.79,531.88,10.48,75.82,723.82,-31.03,-2.06,-191.94,mixed_edge
1-4,lane1_target_class_pair,A1-B2,105,7,6.67,10500,4700,-5800,44.76,671.43,10.48,75.82,723.82,-31.06,-3.81,-52.39,mixed_edge
1-5,lane1_target_exhibition_st_rank_pair,4+-4+,1424,50,3.51,142400,63540,-78860,44.62,1270.8,6.36,75.45,1186.29,-30.83,-2.85,84.51,mixed_edge
1-5,lane1_exhibition_st_rank_bucket x target_exhibition_st_rank_bucket,4+ | 4+,1424,50,3.51,142400,63540,-78860,44.62,1270.8,6.36,75.45,1186.29,-30.83,-2.85,84.51,mixed_edge
1-6,other_exhibition_faster_than_target_count_bucket,4,2566,56,2.18,256600,114300,-142300,44.54,2041.07,3.98,73.03,1832.72,-28.49,-1.8,208.35,mixed_edge
1-6,target_exhibition_rank_bucket x other_exhibition_faster_than_target_count_bucket,4+ | 4,2566,56,2.18,256600,114300,-142300,44.54,2041.07,3.98,73.03,1832.72,-28.49,-1.8,208.35,mixed_edge
1-4,lane1_target_exhibition_st_rank_pair,4+-3,1163,79,6.79,116300,51760,-64540,44.51,655.19,10.48,75.82,723.82,-31.31,-3.69,-68.63,mixed_edge
1-4,lane1_exhibition_st_rank_bucket x target_exhibition_st_rank_bucket,4+ | 3,1163,79,6.79,116300,51760,-64540,44.51,655.19,10.48,75.82,723.82,-31.31,-3.69,-68.63,mixed_edge
1-4,lane1_target_group_pair x target_outer_pressure_bucket,A-B | low_other_pressure,54,7,12.96,5400,2390,-3010,44.26,341.43,10.48,75.82,723.82,-31.56,2.48,-382.39,mixed_edge
1-3,lane1_target_class_pair,B2-A2,68,7,10.29,6800,3000,-3800,44.12,428.57,15.46,77.27,499.69,-33.15,-5.17,-71.12,mixed_edge
1-4,lane1_target_start_gap_pair,>0.06-best,949,63,6.64,94900,41830,-53070,44.08,663.97,10.48,75.82,723.82,-31.74,-3.84,-59.85,mixed_edge
1-4,target_lane x lane1_target_start_gap_pair,4 | >0.06-best,949,63,6.64,94900,41830,-53070,44.08,663.97,10.48,75.82,723.82,-31.74,-3.84,-59.85,mixed_edge
1-4,lane1_start_exhibition_gap_bucket x target_start_exhibition_gap_bucket,>0.06 | best,949,63,6.64,94900,41830,-53070,44.08,663.97,10.48,75.82,723.82,-31.74,-3.84,-59.85,mixed_edge
1-2,lane1_target_start_exhibition_st_diff_bucket,target_faster_0.06+,1177,101,8.58,117700,51860,-65840,44.06,513.47,19.48,83.11,426.57,-39.05,-10.9,86.9,mixed_edge
1-3,lane1_target_start_gap_pair,>0.06-best,643,62,9.64,64300,28330,-35970,44.06,456.94,15.46,77.27,499.69,-33.21,-5.82,-42.75,mixed_edge
1-3,target_lane x lane1_target_start_gap_pair,3 | >0.06-best,643,62,9.64,64300,28330,-35970,44.06,456.94,15.46,77.27,499.69,-33.21,-5.82,-42.75,mixed_edge
1-3,lane1_start_exhibition_gap_bucket x target_start_exhibition_gap_bucket,>0.06 | best,643,62,9.64,64300,28330,-35970,44.06,456.94,15.46,77.27,499.69,-33.21,-5.82,-42.75,mixed_edge
1-3,lane1_target_start_gap_pair,>0.06-<=0.03,598,43,7.19,59800,26210,-33590,43.83,609.53,15.46,77.27,499.69,-33.44,-8.27,109.84,mixed_edge
1-3,target_lane x lane1_target_start_gap_pair,3 | >0.06-<=0.03,598,43,7.19,59800,26210,-33590,43.83,609.53,15.46,77.27,499.69,-33.44,-8.27,109.84,mixed_edge
1-3,lane1_start_exhibition_gap_bucket x target_start_exhibition_gap_bucket,>0.06 | <=0.03,598,43,7.19,59800,26210,-33590,43.83,609.53,15.46,77.27,499.69,-33.44,-8.27,109.84,mixed_edge
1-4,lane1_target_exhibition_st_rank_pair,4+-4+,1204,78,6.48,120400,52700,-67700,43.77,675.64,10.48,75.82,723.82,-32.05,-4.0,-48.18,mixed_edge
1-4,lane1_exhibition_st_rank_bucket x target_exhibition_st_rank_bucket,4+ | 4+,1204,78,6.48,120400,52700,-67700,43.77,675.64,10.48,75.82,723.82,-32.05,-4.0,-48.18,mixed_edge
1-2,lane1_target_start_gap_pair x target_outer_pressure_bucket,>0.06-best | some_other_pressure,63,8,12.7,6300,2750,-3550,43.65,343.75,19.48,83.11,426.57,-39.46,-6.78,-82.82,mixed_edge
1-6,lane1_target_start_gap_pair,<=0.03->0.06,1365,28,2.05,136500,59380,-77120,43.5,2120.71,3.98,73.03,1832.72,-29.53,-1.93,287.99,mixed_edge
1-6,target_lane x lane1_target_start_gap_pair,6 | <=0.03->0.06,1365,28,2.05,136500,59380,-77120,43.5,2120.71,3.98,73.03,1832.72,-29.53,-1.93,287.99,mixed_edge
1-6,lane1_start_exhibition_gap_bucket x target_start_exhibition_gap_bucket,<=0.03 | >0.06,1365,28,2.05,136500,59380,-77120,43.5,2120.71,3.98,73.03,1832.72,-29.53,-1.93,287.99,mixed_edge
1-6,grade_group,G1,169,4,2.37,16900,7280,-9620,43.08,1820.0,3.98,73.03,1832.72,-29.95,-1.61,-12.72,mixed_edge
1-6,stadium_code,22,442,15,3.39,44200,18760,-25440,42.44,1250.67,3.98,73.03,1832.72,-30.59,-0.59,-582.05,mixed_edge
1-6,stadium_code x target_lane,22 | 6,442,15,3.39,44200,18760,-25440,42.44,1250.67,3.98,73.03,1832.72,-30.59,-0.59,-582.05,mixed_edge
1-2,lane1_target_exhibition_time_diff_bucket x lane1_target_start_exhibition_st_diff_bucket,near_equal | target_faster_0.06+,602,55,9.14,60200,25510,-34690,42.38,463.82,19.48,83.11,426.57,-40.73,-10.34,37.25,mixed_edge
1-6,other_group_pattern,A-B-A-B,913,15,1.64,91300,38550,-52750,42.22,2570.0,3.98,73.03,1832.72,-30.81,-2.34,737.28,mixed_edge
1-2,lane1_start_exhibition_gap_bucket,>0.06,3382,319,9.43,338200,142000,-196200,41.99,445.14,19.48,83.11,426.57,-41.12,-10.05,18.57,mixed_edge
1-4,target_exhibition_st_rank_bucket x other_st_faster_than_target_count_bucket,3 | 2,970,60,6.19,97000,40720,-56280,41.98,678.67,10.48,75.82,723.82,-33.84,-4.29,-45.15,mixed_edge
1-4,lane1_target_class_pair,A2-B2,224,9,4.02,22400,9390,-13010,41.92,1043.33,10.48,75.82,723.82,-33.9,-6.46,319.51,mixed_edge
1-3,lane1_start_exhibition_gap_bucket,>0.06,3382,266,7.87,338200,141660,-196540,41.89,532.56,15.46,77.27,499.69,-35.38,-7.59,32.87,mixed_edge
1-4,lane1_start_exhibition_gap_bucket,>0.06,3382,188,5.56,338200,141510,-196690,41.84,752.71,10.48,75.82,723.82,-33.98,-4.92,28.89,mixed_edge
1-5,lane1_target_class_pair,B2-B1,143,6,4.2,14300,5950,-8350,41.61,991.67,6.36,75.45,1186.29,-33.84,-2.16,-194.62,mixed_edge
1-3,lane1_target_start_gap_pair x target_outer_pressure_bucket,>0.06-best | some_other_pressure,135,17,12.59,13500,5590,-7910,41.41,328.82,15.46,77.27,499.69,-35.86,-2.87,-170.87,mixed_edge
1-4,lane1_target_start_gap_pair x target_outer_pressure_bucket,>0.06-<=0.03 | some_other_pressure,106,11,10.38,10600,4360,-6240,41.13,396.36,10.48,75.82,723.82,-34.69,-0.1,-327.46,mixed_edge
1-4,lane1_target_start_gap_pair x target_outer_pressure_bucket,>0.06-best | some_other_pressure,160,14,8.75,16000,6550,-9450,40.94,467.86,10.48,75.82,723.82,-34.88,-1.73,-255.96,mixed_edge
1-2,lane1_target_start_gap_pair x target_outer_pressure_bucket,>0.06->0.06 | some_other_pressure,283,37,13.07,28300,11580,-16720,40.92,312.97,19.48,83.11,426.57,-42.19,-6.41,-113.6,mixed_edge
1-5,other_st_faster_than_target_count_bucket,4,1956,61,3.12,195600,79940,-115660,40.87,1310.49,6.36,75.45,1186.29,-34.58,-3.24,124.2,mixed_edge
1-5,target_exhibition_st_rank_bucket x other_st_faster_than_target_count_bucket,4+ | 4,1956,61,3.12,195600,79940,-115660,40.87,1310.49,6.36,75.45,1186.29,-34.58,-3.24,124.2,mixed_edge
1-4,lane1_target_exhibition_time_diff_bucket x lane1_target_start_exhibition_st_diff_bucket,near_equal | target_faster_0.06+,1123,61,5.43,112300,45580,-66720,40.59,747.21,10.48,75.82,723.82,-35.23,-5.05,23.39,mixed_edge
1-4,lane1_target_start_gap_pair x target_outer_pressure_bucket,0.04-0.06->0.06 | some_other_pressure,65,6,9.23,6500,2620,-3880,40.31,436.67,10.48,75.82,723.82,-35.51,-1.25,-287.15,mixed_edge
1-3,lane1_target_start_gap_pair x target_outer_pressure_bucket,>0.06-0.04-0.06 | some_other_pressure,108,12,11.11,10800,4350,-6450,40.28,362.5,15.46,77.27,499.69,-36.99,-4.35,-137.19,mixed_edge
1-5,lane1_target_start_gap_pair x target_outer_pressure_bucket,<=0.03-best | low_other_pressure,46,5,10.87,4600,1830,-2770,39.78,366.0,6.36,75.45,1186.29,-35.67,4.51,-820.29,mixed_edge
1-6,stadium_code,14,451,12,2.66,45100,17930,-27170,39.76,1494.17,3.98,73.03,1832.72,-33.27,-1.32,-338.55,mixed_edge
1-6,stadium_code x target_lane,14 | 6,451,12,2.66,45100,17930,-27170,39.76,1494.17,3.98,73.03,1832.72,-33.27,-1.32,-338.55,mixed_edge
1-4,lane1_target_start_gap_pair,>0.06-<=0.03,761,44,5.78,76100,30130,-45970,39.59,684.77,10.48,75.82,723.82,-36.23,-4.7,-39.05,mixed_edge
1-4,target_lane x lane1_target_start_gap_pair,4 | >0.06-<=0.03,761,44,5.78,76100,30130,-45970,39.59,684.77,10.48,75.82,723.82,-36.23,-4.7,-39.05,mixed_edge
1-4,lane1_start_exhibition_gap_bucket x target_start_exhibition_gap_bucket,>0.06 | <=0.03,761,44,5.78,76100,30130,-45970,39.59,684.77,10.48,75.82,723.82,-36.23,-4.7,-39.05,mixed_edge
1-6,stadium_code,11,570,11,1.93,57000,22530,-34470,39.53,2048.18,3.98,73.03,1832.72,-33.5,-2.05,215.46,mixed_edge
1-6,stadium_code x target_lane,11 | 6,570,11,1.93,57000,22530,-34470,39.53,2048.18,3.98,73.03,1832.72,-33.5,-2.05,215.46,mixed_edge
1-3,lane1_target_start_exhibition_st_diff_bucket,target_faster_0.06+,1772,147,8.3,177200,69560,-107640,39.26,473.2,15.46,77.27,499.69,-38.01,-7.16,-26.49,mixed_edge
1-6,other_st_faster_than_target_count_bucket,4,3825,63,1.65,382500,147820,-234680,38.65,2346.35,3.98,73.03,1832.72,-34.38,-2.33,513.63,mixed_edge
1-6,target_exhibition_st_rank_bucket x other_st_faster_than_target_count_bucket,4+ | 4,3825,63,1.65,382500,147820,-234680,38.65,2346.35,3.98,73.03,1832.72,-34.38,-2.33,513.63,mixed_edge
1-3,lane1_target_start_gap_pair x target_outer_pressure_bucket,>0.06-<=0.03 | some_other_pressure,98,9,9.18,9800,3760,-6040,38.37,417.78,15.46,77.27,499.69,-38.9,-6.28,-81.91,mixed_edge
1-4,target_class,B2,720,23,3.19,72000,27550,-44450,38.26,1197.83,10.48,75.82,723.82,-37.56,-7.29,474.01,mixed_edge
1-6,other_group_pattern,B-A-A-B,773,18,2.33,77300,29360,-47940,37.98,1631.11,3.98,73.03,1832.72,-35.05,-1.65,-201.61,mixed_edge
1-5,lane1_target_exhibition_time_diff_bucket x lane1_target_start_exhibition_st_diff_bucket,target_faster_0.05_0.10 | target_faster_0.06+,269,10,3.72,26900,10210,-16690,37.96,1021.0,6.36,75.45,1186.29,-37.49,-2.64,-165.29,mixed_edge
1-4,lane1_target_start_gap_pair,>0.06->0.06,903,38,4.21,90300,34130,-56170,37.8,898.16,10.48,75.82,723.82,-38.02,-6.27,174.34,mixed_edge
1-4,target_lane x lane1_target_start_gap_pair,4 | >0.06->0.06,903,38,4.21,90300,34130,-56170,37.8,898.16,10.48,75.82,723.82,-38.02,-6.27,174.34,mixed_edge
1-4,lane1_start_exhibition_gap_bucket x target_start_exhibition_gap_bucket,>0.06 | >0.06,903,38,4.21,90300,34130,-56170,37.8,898.16,10.48,75.82,723.82,-38.02,-6.27,174.34,mixed_edge
1-6,lane1_target_start_gap_pair x target_outer_pressure_bucket,0.04-0.06->0.06 | low_other_pressure,54,2,3.7,5400,1980,-3420,36.67,990.0,3.98,73.03,1832.72,-36.36,-0.28,-842.72,mixed_edge
1-2,lane1_target_start_gap_pair,>0.06-best,341,28,8.21,34100,12490,-21610,36.63,446.07,19.48,83.11,426.57,-46.48,-11.27,19.5,mixed_edge
1-2,target_lane x lane1_target_start_gap_pair,2 | >0.06-best,341,28,8.21,34100,12490,-21610,36.63,446.07,19.48,83.11,426.57,-46.48,-11.27,19.5,mixed_edge
1-2,lane1_start_exhibition_gap_bucket x target_start_exhibition_gap_bucket,>0.06 | best,341,28,8.21,34100,12490,-21610,36.63,446.07,19.48,83.11,426.57,-46.48,-11.27,19.5,mixed_edge
1-4,lane1_target_class_pair,B1-B2,369,7,1.9,36900,13460,-23440,36.48,1922.86,10.48,75.82,723.82,-39.34,-8.58,1199.04,mixed_edge
1-3,lane1_target_start_gap_pair x target_outer_pressure_bucket,>0.06->0.06 | some_other_pressure,186,16,8.6,18600,6750,-11850,36.29,421.88,15.46,77.27,499.69,-40.98,-6.86,-77.81,mixed_edge
1-4,lane1_target_start_gap_pair x target_outer_pressure_bucket,>0.06-<=0.03 | high_other_pressure,618,26,4.21,61800,22060,-39740,35.7,848.46,10.48,75.82,723.82,-40.12,-6.27,124.64,mixed_edge
1-2,lane1_target_start_gap_pair,>0.06->0.06,1972,175,8.87,197200,69910,-127290,35.45,399.49,19.48,83.11,426.57,-47.66,-10.61,-27.08,mixed_edge
1-2,target_lane x lane1_target_start_gap_pair,2 | >0.06->0.06,1972,175,8.87,197200,69910,-127290,35.45,399.49,19.48,83.11,426.57,-47.66,-10.61,-27.08,mixed_edge
1-2,lane1_start_exhibition_gap_bucket x target_start_exhibition_gap_bucket,>0.06 | >0.06,1972,175,8.87,197200,69910,-127290,35.45,399.49,19.48,83.11,426.57,-47.66,-10.61,-27.08,mixed_edge
1-6,stadium_code,09,408,9,2.21,40800,14450,-26350,35.42,1605.56,3.98,73.03,1832.72,-37.61,-1.77,-227.16,mixed_edge
1-6,stadium_code x target_lane,09 | 6,408,9,2.21,40800,14450,-26350,35.42,1605.56,3.98,73.03,1832.72,-37.61,-1.77,-227.16,mixed_edge
1-2,lane1_target_start_gap_pair x target_outer_pressure_bucket,>0.06-best | high_other_pressure,238,16,6.72,23800,8430,-15370,35.42,526.88,19.48,83.11,426.57,-47.69,-12.76,100.31,mixed_edge
1-6,target_class,B2,1710,14,0.82,171000,60550,-110450,35.41,4325.0,3.98,73.03,1832.72,-37.62,-3.16,2492.28,mixed_edge
1-4,lane1_target_start_gap_pair x target_outer_pressure_bucket,>0.06->0.06 | high_other_pressure,786,27,3.44,78600,27660,-50940,35.19,1024.44,10.48,75.82,723.82,-40.63,-7.04,300.62,mixed_edge
1-3,lane1_target_exhibition_time_diff_bucket x lane1_target_start_exhibition_st_diff_bucket,near_equal | target_faster_0.06+,870,61,7.01,87000,30050,-56950,34.54,492.62,15.46,77.27,499.69,-42.73,-8.45,-7.07,mixed_edge
1-5,lane1_target_class_pair,A1-B2,203,7,3.45,20300,7010,-13290,34.53,1001.43,6.36,75.45,1186.29,-40.92,-2.91,-184.86,mixed_edge
1-4,grade_group,SG,60,4,6.67,6000,2070,-3930,34.5,517.5,10.48,75.82,723.82,-41.32,-3.81,-206.32,mixed_edge
1-6,lane1_target_start_gap_pair,>0.06->0.06,1201,19,1.58,120100,41360,-78740,34.44,2176.84,3.98,73.03,1832.72,-38.59,-2.4,344.12,mixed_edge
1-6,target_lane x lane1_target_start_gap_pair,6 | >0.06->0.06,1201,19,1.58,120100,41360,-78740,34.44,2176.84,3.98,73.03,1832.72,-38.59,-2.4,344.12,mixed_edge
1-6,lane1_start_exhibition_gap_bucket x target_start_exhibition_gap_bucket,>0.06 | >0.06,1201,19,1.58,120100,41360,-78740,34.44,2176.84,3.98,73.03,1832.72,-38.59,-2.4,344.12,mixed_edge
1-3,lane1_target_start_gap_pair x target_outer_pressure_bucket,>0.06->0.06 | high_other_pressure,1175,63,5.36,117500,40430,-77070,34.41,641.75,15.46,77.27,499.69,-42.86,-10.1,142.06,mixed_edge
1-3,lane1_target_start_gap_pair,>0.06->0.06,1418,84,5.92,141800,48540,-93260,34.23,577.86,15.46,77.27,499.69,-43.04,-9.54,78.17,mixed_edge
1-3,target_lane x lane1_target_start_gap_pair,3 | >0.06->0.06,1418,84,5.92,141800,48540,-93260,34.23,577.86,15.46,77.27,499.69,-43.04,-9.54,78.17,mixed_edge
1-3,lane1_start_exhibition_gap_bucket x target_start_exhibition_gap_bucket,>0.06 | >0.06,1418,84,5.92,141800,48540,-93260,34.23,577.86,15.46,77.27,499.69,-43.04,-9.54,78.17,mixed_edge
1-2,lane1_target_exhibition_time_diff_bucket x lane1_target_start_exhibition_st_diff_bucket,lane1_faster_0.10+ | target_faster_0.06+,110,8,7.27,11000,3760,-7240,34.18,470.0,19.48,83.11,426.57,-48.93,-12.21,43.43,mixed_edge
1-2,lane1_target_exhibition_time_diff_bucket x lane1_target_start_exhibition_st_diff_bucket,target_faster_0.05_0.10 | target_faster_0.06+,166,7,4.22,16600,5640,-10960,33.98,805.71,19.48,83.11,426.57,-49.13,-15.26,379.14,mixed_edge
1-5,lane1_target_start_gap_pair x target_outer_pressure_bucket,>0.06->0.06 | high_other_pressure,801,11,1.37,80100,27060,-53040,33.78,2460.0,6.36,75.45,1186.29,-41.67,-4.99,1273.71,mixed_edge
1-2,lane1_target_start_gap_pair x target_outer_pressure_bucket,>0.06->0.06 | high_other_pressure,1578,119,7.54,157800,53150,-104650,33.68,446.64,19.48,83.11,426.57,-49.43,-11.94,20.07,mixed_edge
1-4,lane1_target_start_gap_pair x target_outer_pressure_bucket,<=0.03->0.06 | some_other_pressure,100,7,7.0,10000,3350,-6650,33.5,478.57,10.48,75.82,723.82,-42.32,-3.48,-245.25,mixed_edge
1-6,grade_group,SG,60,3,5.0,6000,2010,-3990,33.5,670.0,3.98,73.03,1832.72,-39.53,1.02,-1162.72,mixed_edge
1-3,lane1_target_exhibition_time_diff_bucket x lane1_target_start_exhibition_st_diff_bucket,lane1_faster_0.10+ | target_faster_0.06+,224,17,7.59,22400,7420,-14980,33.12,436.47,15.46,77.27,499.69,-44.15,-7.87,-63.22,mixed_edge
1-5,lane1_target_start_gap_pair,>0.06->0.06,917,14,1.53,91700,30040,-61660,32.76,2145.71,6.36,75.45,1186.29,-42.69,-4.83,959.42,mixed_edge
1-5,target_lane x lane1_target_start_gap_pair,5 | >0.06->0.06,917,14,1.53,91700,30040,-61660,32.76,2145.71,6.36,75.45,1186.29,-42.69,-4.83,959.42,mixed_edge
1-5,lane1_start_exhibition_gap_bucket x target_start_exhibition_gap_bucket,>0.06 | >0.06,917,14,1.53,91700,30040,-61660,32.76,2145.71,6.36,75.45,1186.29,-42.69,-4.83,959.42,mixed_edge
1-2,lane1_target_start_gap_pair x target_outer_pressure_bucket,>0.06-best | low_other_pressure,40,4,10.0,4000,1310,-2690,32.75,327.5,19.48,83.11,426.57,-50.36,-9.48,-99.07,mixed_edge
1-6,lane1_target_exhibition_time_diff_bucket x lane1_target_start_exhibition_st_diff_bucket,lane1_faster_0.05_0.10 | lane1_faster_0.03_0.06,495,13,2.63,49500,16100,-33400,32.53,1238.46,3.98,73.03,1832.72,-40.5,-1.35,-594.26,mixed_edge
1-4,lane1_target_class_pair,B2-A2,82,5,6.1,8200,2660,-5540,32.44,532.0,10.48,75.82,723.82,-43.38,-4.38,-191.82,mixed_edge
1-6,lane1_target_start_gap_pair x target_outer_pressure_bucket,<=0.03-0.04-0.06 | some_other_pressure,71,2,2.82,7100,2280,-4820,32.11,1140.0,3.98,73.03,1832.72,-40.92,-1.16,-692.72,mixed_edge
1-6,lane1_target_start_gap_pair x target_outer_pressure_bucket,>0.06->0.06 | low_other_pressure,44,2,4.55,4400,1380,-3020,31.36,690.0,3.98,73.03,1832.72,-41.67,0.57,-1142.72,mixed_edge
1-5,lane1_target_start_gap_pair x target_outer_pressure_bucket,<=0.03->0.06 | low_other_pressure,31,2,6.45,3100,960,-2140,30.97,480.0,6.36,75.45,1186.29,-44.48,0.09,-706.29,mixed_edge
1-2,lane1_target_start_gap_pair x target_outer_pressure_bucket,>0.06-<=0.03 | low_other_pressure,33,3,9.09,3300,1020,-2280,30.91,340.0,19.48,83.11,426.57,-52.2,-10.39,-86.57,mixed_edge
1-5,lane1_target_start_gap_pair x target_outer_pressure_bucket,>0.06->0.06 | some_other_pressure,86,2,2.33,8600,2640,-5960,30.7,1320.0,6.36,75.45,1186.29,-44.75,-4.03,133.71,mixed_edge
1-6,lane1_target_start_gap_pair x target_outer_pressure_bucket,<=0.03->0.06 | high_other_pressure,1191,14,1.18,119100,35920,-83180,30.16,2565.71,3.98,73.03,1832.72,-42.87,-2.8,732.99,mixed_edge
1-4,lane1_target_start_gap_pair x target_outer_pressure_bucket,>0.06-0.04-0.06 | low_other_pressure,34,2,5.88,3400,1020,-2380,30.0,510.0,10.48,75.82,723.82,-45.82,-4.6,-213.82,mixed_edge
1-6,lane1_target_start_gap_pair x target_outer_pressure_bucket,>0.06->0.06 | high_other_pressure,1050,11,1.05,105000,30720,-74280,29.26,2792.73,3.98,73.03,1832.72,-43.77,-2.93,960.01,mixed_edge
1-3,lane1_target_exhibition_time_diff_bucket x lane1_target_start_exhibition_st_diff_bucket,target_faster_0.05_0.10 | target_faster_0.06+,225,16,7.11,22500,6540,-15960,29.07,408.75,15.46,77.27,499.69,-48.2,-8.35,-90.94,mixed_edge
1-2,lane1_target_start_gap_pair x target_outer_pressure_bucket,>0.06-<=0.03 | some_other_pressure,72,6,8.33,7200,2060,-5140,28.61,343.33,19.48,83.11,426.57,-54.5,-11.15,-83.24,mixed_edge
1-5,lane1_target_start_gap_pair x target_outer_pressure_bucket,<=0.03-0.04-0.06 | low_other_pressure,32,2,6.25,3200,910,-2290,28.44,455.0,6.36,75.45,1186.29,-47.01,-0.11,-731.29,mixed_edge
1-4,lane1_target_exhibition_time_diff_bucket x lane1_target_start_exhibition_st_diff_bucket,target_faster_0.10+ | target_faster_0.06+,108,3,2.78,10800,3060,-7740,28.33,1020.0,10.48,75.82,723.82,-47.49,-7.7,296.18,mixed_edge
1-5,lane1_target_exhibition_time_diff_bucket x lane1_target_start_exhibition_st_diff_bucket,target_faster_0.10+ | lane1_faster_0.06+,207,6,2.9,20700,5700,-15000,27.54,950.0,6.36,75.45,1186.29,-47.91,-3.46,-236.29,mixed_edge
1-6,lane1_target_exhibition_time_diff_bucket x lane1_target_start_exhibition_st_diff_bucket,lane1_faster_0.05_0.10 | lane1_faster_0.06+,1099,21,1.91,109900,30150,-79750,27.43,1435.71,3.98,73.03,1832.72,-45.6,-2.07,-397.01,mixed_edge
1-4,lane1_target_start_gap_pair x target_outer_pressure_bucket,>0.06-0.04-0.06 | some_other_pressure,110,8,7.27,11000,3010,-7990,27.36,376.25,10.48,75.82,723.82,-48.46,-3.21,-347.57,mixed_edge
1-2,lane1_target_start_gap_pair x target_outer_pressure_bucket,>0.06-0.04-0.06 | some_other_pressure,112,10,8.93,11200,2930,-8270,26.16,293.0,19.48,83.11,426.57,-56.95,-10.55,-133.57,mixed_edge
1-5,lane1_target_start_gap_pair x target_outer_pressure_bucket,>0.06-0.04-0.06 | some_other_pressure,69,2,2.9,6900,1770,-5130,25.65,885.0,6.36,75.45,1186.29,-49.8,-3.46,-301.29,mixed_edge
1-6,lane1_target_start_gap_pair x target_outer_pressure_bucket,>0.06-0.04-0.06 | some_other_pressure,81,3,3.7,8100,1990,-6110,24.57,663.33,3.98,73.03,1832.72,-48.46,-0.28,-1169.39,mixed_edge
1-6,other_b2_count_bucket,2,198,4,2.02,19800,4730,-15070,23.89,1182.5,3.98,73.03,1832.72,-49.14,-1.96,-650.22,mixed_edge
1-3,lane1_target_start_gap_pair x target_outer_pressure_bucket,>0.06->0.06 | low_other_pressure,57,5,8.77,5700,1360,-4340,23.86,272.0,15.46,77.27,499.69,-53.41,-6.69,-227.69,mixed_edge
1-5,lane1_target_exhibition_time_diff_bucket x lane1_target_start_exhibition_st_diff_bucket,target_faster_0.05_0.10 | target_faster_0.03_0.06,148,6,4.05,14800,3350,-11450,22.64,558.33,6.36,75.45,1186.29,-52.81,-2.31,-627.96,mixed_edge
1-3,lane1_target_exhibition_time_diff_bucket x lane1_target_start_exhibition_st_diff_bucket,target_faster_0.10+ | target_faster_0.06+,106,4,3.77,10600,2190,-8410,20.66,547.5,15.46,77.27,499.69,-56.61,-11.69,47.81,mixed_edge
1-2,lane1_target_exhibition_time_diff_bucket x lane1_target_start_exhibition_st_diff_bucket,target_faster_0.10+ | target_faster_0.06+,82,3,3.66,8200,1620,-6580,19.76,540.0,19.48,83.11,426.57,-63.35,-15.82,113.43,mixed_edge
1-5,target_exhibition_rank_bucket x other_exhibition_faster_than_target_count_bucket,3 | 0,229,7,3.06,22900,4510,-18390,19.69,644.29,6.36,75.45,1186.29,-55.76,-3.3,-542.0,mixed_edge
1-5,lane1_target_start_gap_pair x target_outer_pressure_bucket,>0.06-<=0.03 | some_other_pressure,104,4,3.85,10400,2040,-8360,19.62,510.0,6.36,75.45,1186.29,-55.83,-2.51,-676.29,mixed_edge
1-6,lane1_target_class_pair,B1-B2,794,4,0.5,79400,15500,-63900,19.52,3875.0,3.98,73.03,1832.72,-53.51,-3.48,2042.28,mixed_edge
1-6,other_group_pattern,B-A-A-A,331,4,1.21,33100,5700,-27400,17.22,1425.0,3.98,73.03,1832.72,-55.81,-2.77,-407.72,mixed_edge
1-6,lane1_target_exhibition_time_diff_bucket x lane1_target_start_exhibition_st_diff_bucket,lane1_faster_0.10+ | lane1_faster_0.03_0.06,299,7,2.34,29900,5000,-24900,16.72,714.29,3.98,73.03,1832.72,-56.31,-1.64,-1118.43,mixed_edge
1-4,lane1_target_start_gap_pair x target_outer_pressure_bucket,>0.06-best | low_other_pressure,75,3,4.0,7500,890,-6610,11.87,296.67,10.48,75.82,723.82,-63.95,-6.48,-427.15,mixed_edge
1-5,lane1_target_start_gap_pair x target_outer_pressure_bucket,>0.06->0.06 | low_other_pressure,30,1,3.33,3000,340,-2660,11.33,340.0,6.36,75.45,1186.29,-64.12,-3.03,-846.29,mixed_edge
1-6,lane1_target_class_pair,A1-B2,308,3,0.97,30800,2920,-27880,9.48,973.33,3.98,73.03,1832.72,-63.55,-3.01,-859.39,mixed_edge
1-3,lane1_target_start_gap_pair x target_outer_pressure_bucket,>0.06-best | low_other_pressure,61,2,3.28,6100,510,-5590,8.36,255.0,15.46,77.27,499.69,-68.91,-12.18,-244.69,mixed_edge
1-5,lane1_target_exhibition_time_diff_bucket x lane1_target_start_exhibition_st_diff_bucket,target_faster_0.10+ | target_faster_0.06+,115,1,0.87,11500,600,-10900,5.22,600.0,6.36,75.45,1186.29,-70.23,-5.49,-586.29,mixed_edge
1-5,lane1_target_exhibition_time_diff_bucket,missing,444,0,0.0,44400,0,-44400,0.0,0.0,6.36,75.45,1186.29,-75.45,-6.36,-1186.29,mixed_edge
1-5,lane1_target_start_exhibition_st_diff_bucket,missing,444,0,0.0,44400,0,-44400,0.0,0.0,6.36,75.45,1186.29,-75.45,-6.36,-1186.29,mixed_edge
1-5,lane1_target_exhibition_time_diff_bucket x lane1_target_start_exhibition_st_diff_bucket,missing | missing,444,0,0.0,44400,0,-44400,0.0,0.0,6.36,75.45,1186.29,-75.45,-6.36,-1186.29,mixed_edge
1-6,lane1_target_exhibition_time_diff_bucket,missing,429,0,0.0,42900,0,-42900,0.0,0.0,3.98,73.03,1832.72,-73.03,-3.98,-1832.72,mixed_edge
1-6,lane1_target_start_exhibition_st_diff_bucket,missing,429,0,0.0,42900,0,-42900,0.0,0.0,3.98,73.03,1832.72,-73.03,-3.98,-1832.72,mixed_edge
1-6,lane1_target_exhibition_time_diff_bucket x lane1_target_start_exhibition_st_diff_bucket,missing | missing,429,0,0.0,42900,0,-42900,0.0,0.0,3.98,73.03,1832.72,-73.03,-3.98,-1832.72,mixed_edge
1-4,lane1_target_exhibition_time_diff_bucket,missing,408,0,0.0,40800,0,-40800,0.0,0.0,10.48,75.82,723.82,-75.82,-10.48,-723.82,mixed_edge
1-4,lane1_target_start_exhibition_st_diff_bucket,missing,408,0,0.0,40800,0,-40800,0.0,0.0,10.48,75.82,723.82,-75.82,-10.48,-723.82,mixed_edge
1-4,lane1_target_exhibition_time_diff_bucket x lane1_target_start_exhibition_st_diff_bucket,missing | missing,408,0,0.0,40800,0,-40800,0.0,0.0,10.48,75.82,723.82,-75.82,-10.48,-723.82,mixed_edge
1-3,lane1_target_exhibition_time_diff_bucket,missing,392,0,0.0,39200,0,-39200,0.0,0.0,15.46,77.27,499.69,-77.27,-15.46,-499.69,mixed_edge
1-3,lane1_target_start_exhibition_st_diff_bucket,missing,392,0,0.0,39200,0,-39200,0.0,0.0,15.46,77.27,499.69,-77.27,-15.46,-499.69,mixed_edge
1-3,lane1_target_exhibition_time_diff_bucket x lane1_target_start_exhibition_st_diff_bucket,missing | missing,392,0,0.0,39200,0,-39200,0.0,0.0,15.46,77.27,499.69,-77.27,-15.46,-499.69,mixed_edge
1-2,lane1_target_exhibition_time_diff_bucket,missing,376,0,0.0,37600,0,-37600,0.0,0.0,19.48,83.11,426.57,-83.11,-19.48,-426.57,mixed_edge
1-2,lane1_target_start_exhibition_st_diff_bucket,missing,376,0,0.0,37600,0,-37600,0.0,0.0,19.48,83.11,426.57,-83.11,-19.48,-426.57,mixed_edge
1-2,lane1_target_exhibition_time_diff_bucket x lane1_target_start_exhibition_st_diff_bucket,missing | missing,376,0,0.0,37600,0,-37600,0.0,0.0,19.48,83.11,426.57,-83.11,-19.48,-426.57,mixed_edge
1-5,target_exhibition_rank_bucket,missing,255,0,0.0,25500,0,-25500,0.0,0.0,6.36,75.45,1186.29,-75.45,-6.36,-1186.29,mixed_edge
1-5,target_exhibition_st_rank_bucket,missing,255,0,0.0,25500,0,-25500,0.0,0.0,6.36,75.45,1186.29,-75.45,-6.36,-1186.29,mixed_edge
1-5,target_start_exhibition_gap_bucket,missing,255,0,0.0,25500,0,-25500,0.0,0.0,6.36,75.45,1186.29,-75.45,-6.36,-1186.29,mixed_edge
1-5,target_lane x target_exhibition_st_rank_bucket,5 | missing,255,0,0.0,25500,0,-25500,0.0,0.0,6.36,75.45,1186.29,-75.45,-6.36,-1186.29,mixed_edge
1-5,target_lane x target_start_exhibition_gap_bucket,5 | missing,255,0,0.0,25500,0,-25500,0.0,0.0,6.36,75.45,1186.29,-75.45,-6.36,-1186.29,mixed_edge
1-5,target_exhibition_st_rank_bucket x other_st_faster_than_target_count_bucket,missing | 0,255,0,0.0,25500,0,-25500,0.0,0.0,6.36,75.45,1186.29,-75.45,-6.36,-1186.29,mixed_edge
1-5,target_exhibition_rank_bucket x other_exhibition_faster_than_target_count_bucket,missing | 0,255,0,0.0,25500,0,-25500,0.0,0.0,6.36,75.45,1186.29,-75.45,-6.36,-1186.29,mixed_edge
1-6,target_exhibition_rank_bucket,missing,234,0,0.0,23400,0,-23400,0.0,0.0,3.98,73.03,1832.72,-73.03,-3.98,-1832.72,mixed_edge
1-6,target_exhibition_st_rank_bucket,missing,234,0,0.0,23400,0,-23400,0.0,0.0,3.98,73.03,1832.72,-73.03,-3.98,-1832.72,mixed_edge
1-6,target_start_exhibition_gap_bucket,missing,234,0,0.0,23400,0,-23400,0.0,0.0,3.98,73.03,1832.72,-73.03,-3.98,-1832.72,mixed_edge
1-6,target_lane x target_exhibition_st_rank_bucket,6 | missing,234,0,0.0,23400,0,-23400,0.0,0.0,3.98,73.03,1832.72,-73.03,-3.98,-1832.72,mixed_edge
1-6,target_lane x target_start_exhibition_gap_bucket,6 | missing,234,0,0.0,23400,0,-23400,0.0,0.0,3.98,73.03,1832.72,-73.03,-3.98,-1832.72,mixed_edge
1-6,target_exhibition_st_rank_bucket x other_st_faster_than_target_count_bucket,missing | 0,234,0,0.0,23400,0,-23400,0.0,0.0,3.98,73.03,1832.72,-73.03,-3.98,-1832.72,mixed_edge
1-6,target_exhibition_rank_bucket x other_exhibition_faster_than_target_count_bucket,missing | 0,234,0,0.0,23400,0,-23400,0.0,0.0,3.98,73.03,1832.72,-73.03,-3.98,-1832.72,mixed_edge
1-4,target_exhibition_rank_bucket,missing,220,0,0.0,22000,0,-22000,0.0,0.0,10.48,75.82,723.82,-75.82,-10.48,-723.82,mixed_edge
1-4,target_exhibition_st_rank_bucket,missing,220,0,0.0,22000,0,-22000,0.0,0.0,10.48,75.82,723.82,-75.82,-10.48,-723.82,mixed_edge
1-4,target_start_exhibition_gap_bucket,missing,220,0,0.0,22000,0,-22000,0.0,0.0,10.48,75.82,723.82,-75.82,-10.48,-723.82,mixed_edge
1-4,target_lane x target_exhibition_st_rank_bucket,4 | missing,220,0,0.0,22000,0,-22000,0.0,0.0,10.48,75.82,723.82,-75.82,-10.48,-723.82,mixed_edge
1-4,target_lane x target_start_exhibition_gap_bucket,4 | missing,220,0,0.0,22000,0,-22000,0.0,0.0,10.48,75.82,723.82,-75.82,-10.48,-723.82,mixed_edge
1-4,target_exhibition_st_rank_bucket x other_st_faster_than_target_count_bucket,missing | 0,220,0,0.0,22000,0,-22000,0.0,0.0,10.48,75.82,723.82,-75.82,-10.48,-723.82,mixed_edge
1-4,target_exhibition_rank_bucket x other_exhibition_faster_than_target_count_bucket,missing | 0,220,0,0.0,22000,0,-22000,0.0,0.0,10.48,75.82,723.82,-75.82,-10.48,-723.82,mixed_edge
1-2,lane1_exhibition_rank_bucket,missing,202,0,0.0,20200,0,-20200,0.0,0.0,19.48,83.11,426.57,-83.11,-19.48,-426.57,mixed_edge
1-2,lane1_exhibition_st_rank_bucket,missing,202,0,0.0,20200,0,-20200,0.0,0.0,19.48,83.11,426.57,-83.11,-19.48,-426.57,mixed_edge
1-2,lane1_start_exhibition_gap_bucket,missing,202,0,0.0,20200,0,-20200,0.0,0.0,19.48,83.11,426.57,-83.11,-19.48,-426.57,mixed_edge
1-3,lane1_exhibition_rank_bucket,missing,202,0,0.0,20200,0,-20200,0.0,0.0,15.46,77.27,499.69,-77.27,-15.46,-499.69,mixed_edge
1-3,lane1_exhibition_st_rank_bucket,missing,202,0,0.0,20200,0,-20200,0.0,0.0,15.46,77.27,499.69,-77.27,-15.46,-499.69,mixed_edge
1-3,lane1_start_exhibition_gap_bucket,missing,202,0,0.0,20200,0,-20200,0.0,0.0,15.46,77.27,499.69,-77.27,-15.46,-499.69,mixed_edge
1-3,target_exhibition_rank_bucket,missing,202,0,0.0,20200,0,-20200,0.0,0.0,15.46,77.27,499.69,-77.27,-15.46,-499.69,mixed_edge
1-3,target_exhibition_st_rank_bucket,missing,202,0,0.0,20200,0,-20200,0.0,0.0,15.46,77.27,499.69,-77.27,-15.46,-499.69,mixed_edge
1-3,target_start_exhibition_gap_bucket,missing,202,0,0.0,20200,0,-20200,0.0,0.0,15.46,77.27,499.69,-77.27,-15.46,-499.69,mixed_edge
1-3,target_lane x target_exhibition_st_rank_bucket,3 | missing,202,0,0.0,20200,0,-20200,0.0,0.0,15.46,77.27,499.69,-77.27,-15.46,-499.69,mixed_edge
1-3,target_lane x target_start_exhibition_gap_bucket,3 | missing,202,0,0.0,20200,0,-20200,0.0,0.0,15.46,77.27,499.69,-77.27,-15.46,-499.69,mixed_edge
1-3,target_exhibition_st_rank_bucket x other_st_faster_than_target_count_bucket,missing | 0,202,0,0.0,20200,0,-20200,0.0,0.0,15.46,77.27,499.69,-77.27,-15.46,-499.69,mixed_edge
1-3,target_exhibition_rank_bucket x other_exhibition_faster_than_target_count_bucket,missing | 0,202,0,0.0,20200,0,-20200,0.0,0.0,15.46,77.27,499.69,-77.27,-15.46,-499.69,mixed_edge
1-4,lane1_exhibition_rank_bucket,missing,202,0,0.0,20200,0,-20200,0.0,0.0,10.48,75.82,723.82,-75.82,-10.48,-723.82,mixed_edge
1-4,lane1_exhibition_st_rank_bucket,missing,202,0,0.0,20200,0,-20200,0.0,0.0,10.48,75.82,723.82,-75.82,-10.48,-723.82,mixed_edge
1-4,lane1_start_exhibition_gap_bucket,missing,202,0,0.0,20200,0,-20200,0.0,0.0,10.48,75.82,723.82,-75.82,-10.48,-723.82,mixed_edge
1-5,lane1_exhibition_rank_bucket,missing,202,0,0.0,20200,0,-20200,0.0,0.0,6.36,75.45,1186.29,-75.45,-6.36,-1186.29,mixed_edge
1-5,lane1_exhibition_st_rank_bucket,missing,202,0,0.0,20200,0,-20200,0.0,0.0,6.36,75.45,1186.29,-75.45,-6.36,-1186.29,mixed_edge
1-5,lane1_start_exhibition_gap_bucket,missing,202,0,0.0,20200,0,-20200,0.0,0.0,6.36,75.45,1186.29,-75.45,-6.36,-1186.29,mixed_edge
1-6,lane1_exhibition_rank_bucket,missing,202,0,0.0,20200,0,-20200,0.0,0.0,3.98,73.03,1832.72,-73.03,-3.98,-1832.72,mixed_edge
1-6,lane1_exhibition_st_rank_bucket,missing,202,0,0.0,20200,0,-20200,0.0,0.0,3.98,73.03,1832.72,-73.03,-3.98,-1832.72,mixed_edge
1-6,lane1_start_exhibition_gap_bucket,missing,202,0,0.0,20200,0,-20200,0.0,0.0,3.98,73.03,1832.72,-73.03,-3.98,-1832.72,mixed_edge
1-2,target_exhibition_rank_bucket,missing,184,0,0.0,18400,0,-18400,0.0,0.0,19.48,83.11,426.57,-83.11,-19.48,-426.57,mixed_edge
1-2,target_exhibition_st_rank_bucket,missing,184,0,0.0,18400,0,-18400,0.0,0.0,19.48,83.11,426.57,-83.11,-19.48,-426.57,mixed_edge
1-2,target_start_exhibition_gap_bucket,missing,184,0,0.0,18400,0,-18400,0.0,0.0,19.48,83.11,426.57,-83.11,-19.48,-426.57,mixed_edge
1-2,target_lane x target_exhibition_st_rank_bucket,2 | missing,184,0,0.0,18400,0,-18400,0.0,0.0,19.48,83.11,426.57,-83.11,-19.48,-426.57,mixed_edge
1-2,target_lane x target_start_exhibition_gap_bucket,2 | missing,184,0,0.0,18400,0,-18400,0.0,0.0,19.48,83.11,426.57,-83.11,-19.48,-426.57,mixed_edge
1-2,target_exhibition_st_rank_bucket x other_st_faster_than_target_count_bucket,missing | 0,184,0,0.0,18400,0,-18400,0.0,0.0,19.48,83.11,426.57,-83.11,-19.48,-426.57,mixed_edge
1-2,target_exhibition_rank_bucket x other_exhibition_faster_than_target_count_bucket,missing | 0,184,0,0.0,18400,0,-18400,0.0,0.0,19.48,83.11,426.57,-83.11,-19.48,-426.57,mixed_edge
1-6,lane1_target_exhibition_st_rank_pair,missing-4+,108,0,0.0,10800,0,-10800,0.0,0.0,3.98,73.03,1832.72,-73.03,-3.98,-1832.72,mixed_edge
1-6,lane1_exhibition_st_rank_bucket x target_exhibition_st_rank_bucket,missing | 4+,108,0,0.0,10800,0,-10800,0.0,0.0,3.98,73.03,1832.72,-73.03,-3.98,-1832.72,mixed_edge
1-6,lane1_target_start_gap_pair,missing->0.06,107,0,0.0,10700,0,-10700,0.0,0.0,3.98,73.03,1832.72,-73.03,-3.98,-1832.72,mixed_edge
1-6,target_lane x lane1_target_start_gap_pair,6 | missing->0.06,107,0,0.0,10700,0,-10700,0.0,0.0,3.98,73.03,1832.72,-73.03,-3.98,-1832.72,mixed_edge
1-6,lane1_start_exhibition_gap_bucket x target_start_exhibition_gap_bucket,missing | >0.06,107,0,0.0,10700,0,-10700,0.0,0.0,3.98,73.03,1832.72,-73.03,-3.98,-1832.72,mixed_edge
1-3,lane1_target_exhibition_st_rank_pair,1-missing,98,0,0.0,9800,0,-9800,0.0,0.0,15.46,77.27,499.69,-77.27,-15.46,-499.69,mixed_edge
1-3,lane1_target_start_gap_pair,best-missing,98,0,0.0,9800,0,-9800,0.0,0.0,15.46,77.27,499.69,-77.27,-15.46,-499.69,mixed_edge
1-3,target_lane x lane1_target_start_gap_pair,3 | best-missing,98,0,0.0,9800,0,-9800,0.0,0.0,15.46,77.27,499.69,-77.27,-15.46,-499.69,mixed_edge
1-3,lane1_exhibition_st_rank_bucket x target_exhibition_st_rank_bucket,1 | missing,98,0,0.0,9800,0,-9800,0.0,0.0,15.46,77.27,499.69,-77.27,-15.46,-499.69,mixed_edge
1-3,lane1_start_exhibition_gap_bucket x target_start_exhibition_gap_bucket,best | missing,98,0,0.0,9800,0,-9800,0.0,0.0,15.46,77.27,499.69,-77.27,-15.46,-499.69,mixed_edge
1-5,lane1_target_start_gap_pair,missing->0.06,98,0,0.0,9800,0,-9800,0.0,0.0,6.36,75.45,1186.29,-75.45,-6.36,-1186.29,mixed_edge
1-5,target_lane x lane1_target_start_gap_pair,5 | missing->0.06,98,0,0.0,9800,0,-9800,0.0,0.0,6.36,75.45,1186.29,-75.45,-6.36,-1186.29,mixed_edge
1-5,lane1_start_exhibition_gap_bucket x target_start_exhibition_gap_bucket,missing | >0.06,98,0,0.0,9800,0,-9800,0.0,0.0,6.36,75.45,1186.29,-75.45,-6.36,-1186.29,mixed_edge
1-2,lane1_target_exhibition_st_rank_pair,missing-1,91,0,0.0,9100,0,-9100,0.0,0.0,19.48,83.11,426.57,-83.11,-19.48,-426.57,mixed_edge
1-2,lane1_target_start_gap_pair,missing-best,91,0,0.0,9100,0,-9100,0.0,0.0,19.48,83.11,426.57,-83.11,-19.48,-426.57,mixed_edge
1-2,target_lane x lane1_target_start_gap_pair,2 | missing-best,91,0,0.0,9100,0,-9100,0.0,0.0,19.48,83.11,426.57,-83.11,-19.48,-426.57,mixed_edge
1-2,lane1_exhibition_st_rank_bucket x target_exhibition_st_rank_bucket,missing | 1,91,0,0.0,9100,0,-9100,0.0,0.0,19.48,83.11,426.57,-83.11,-19.48,-426.57,mixed_edge
1-2,lane1_start_exhibition_gap_bucket x target_start_exhibition_gap_bucket,missing | best,91,0,0.0,9100,0,-9100,0.0,0.0,19.48,83.11,426.57,-83.11,-19.48,-426.57,mixed_edge
1-5,lane1_target_exhibition_st_rank_pair,missing-4+,91,0,0.0,9100,0,-9100,0.0,0.0,6.36,75.45,1186.29,-75.45,-6.36,-1186.29,mixed_edge
1-5,lane1_exhibition_st_rank_bucket x target_exhibition_st_rank_bucket,missing | 4+,91,0,0.0,9100,0,-9100,0.0,0.0,6.36,75.45,1186.29,-75.45,-6.36,-1186.29,mixed_edge
1-5,lane1_target_exhibition_st_rank_pair,1-missing,89,0,0.0,8900,0,-8900,0.0,0.0,6.36,75.45,1186.29,-75.45,-6.36,-1186.29,mixed_edge
1-5,lane1_target_start_gap_pair,best-missing,89,0,0.0,8900,0,-8900,0.0,0.0,6.36,75.45,1186.29,-75.45,-6.36,-1186.29,mixed_edge
1-5,target_lane x lane1_target_start_gap_pair,5 | best-missing,89,0,0.0,8900,0,-8900,0.0,0.0,6.36,75.45,1186.29,-75.45,-6.36,-1186.29,mixed_edge
1-5,lane1_exhibition_st_rank_bucket x target_exhibition_st_rank_bucket,1 | missing,89,0,0.0,8900,0,-8900,0.0,0.0,6.36,75.45,1186.29,-75.45,-6.36,-1186.29,mixed_edge
1-5,lane1_start_exhibition_gap_bucket x target_start_exhibition_gap_bucket,best | missing,89,0,0.0,8900,0,-8900,0.0,0.0,6.36,75.45,1186.29,-75.45,-6.36,-1186.29,mixed_edge
1-6,lane1_target_start_gap_pair x target_outer_pressure_bucket,missing->0.06 | high_other_pressure,89,0,0.0,8900,0,-8900,0.0,0.0,3.98,73.03,1832.72,-73.03,-3.98,-1832.72,mixed_edge
1-5,lane1_target_start_gap_pair x target_outer_pressure_bucket,missing->0.06 | high_other_pressure,87,0,0.0,8700,0,-8700,0.0,0.0,6.36,75.45,1186.29,-75.45,-6.36,-1186.29,mixed_edge
1-6,lane1_target_exhibition_st_rank_pair,1-missing,85,0,0.0,8500,0,-8500,0.0,0.0,3.98,73.03,1832.72,-73.03,-3.98,-1832.72,mixed_edge
1-6,lane1_target_start_gap_pair,best-missing,85,0,0.0,8500,0,-8500,0.0,0.0,3.98,73.03,1832.72,-73.03,-3.98,-1832.72,mixed_edge
1-6,target_lane x lane1_target_start_gap_pair,6 | best-missing,85,0,0.0,8500,0,-8500,0.0,0.0,3.98,73.03,1832.72,-73.03,-3.98,-1832.72,mixed_edge
1-6,lane1_exhibition_st_rank_bucket x target_exhibition_st_rank_bucket,1 | missing,85,0,0.0,8500,0,-8500,0.0,0.0,3.98,73.03,1832.72,-73.03,-3.98,-1832.72,mixed_edge
1-6,lane1_start_exhibition_gap_bucket x target_start_exhibition_gap_bucket,best | missing,85,0,0.0,8500,0,-8500,0.0,0.0,3.98,73.03,1832.72,-73.03,-3.98,-1832.72,mixed_edge
1-4,lane1_target_start_gap_pair,missing->0.06,80,0,0.0,8000,0,-8000,0.0,0.0,10.48,75.82,723.82,-75.82,-10.48,-723.82,mixed_edge
1-4,target_lane x lane1_target_start_gap_pair,4 | missing->0.06,80,0,0.0,8000,0,-8000,0.0,0.0,10.48,75.82,723.82,-75.82,-10.48,-723.82,mixed_edge
1-4,lane1_start_exhibition_gap_bucket x target_start_exhibition_gap_bucket,missing | >0.06,80,0,0.0,8000,0,-8000,0.0,0.0,10.48,75.82,723.82,-75.82,-10.48,-723.82,mixed_edge
1-4,lane1_target_exhibition_st_rank_pair,1-missing,79,0,0.0,7900,0,-7900,0.0,0.0,10.48,75.82,723.82,-75.82,-10.48,-723.82,mixed_edge
1-4,lane1_target_start_gap_pair,best-missing,79,0,0.0,7900,0,-7900,0.0,0.0,10.48,75.82,723.82,-75.82,-10.48,-723.82,mixed_edge
1-4,target_lane x lane1_target_start_gap_pair,4 | best-missing,79,0,0.0,7900,0,-7900,0.0,0.0,10.48,75.82,723.82,-75.82,-10.48,-723.82,mixed_edge
1-4,lane1_exhibition_st_rank_bucket x target_exhibition_st_rank_bucket,1 | missing,79,0,0.0,7900,0,-7900,0.0,0.0,10.48,75.82,723.82,-75.82,-10.48,-723.82,mixed_edge
1-4,lane1_start_exhibition_gap_bucket x target_start_exhibition_gap_bucket,best | missing,79,0,0.0,7900,0,-7900,0.0,0.0,10.48,75.82,723.82,-75.82,-10.48,-723.82,mixed_edge
1-3,lane1_target_exhibition_st_rank_pair,missing-2,78,0,0.0,7800,0,-7800,0.0,0.0,15.46,77.27,499.69,-77.27,-15.46,-499.69,mixed_edge
1-3,lane1_exhibition_st_rank_bucket x target_exhibition_st_rank_bucket,missing | 2,78,0,0.0,7800,0,-7800,0.0,0.0,15.46,77.27,499.69,-77.27,-15.46,-499.69,mixed_edge
1-2,lane1_target_exhibition_st_rank_pair,1-missing,77,0,0.0,7700,0,-7700,0.0,0.0,19.48,83.11,426.57,-83.11,-19.48,-426.57,mixed_edge
1-2,lane1_target_start_gap_pair,best-missing,77,0,0.0,7700,0,-7700,0.0,0.0,19.48,83.11,426.57,-83.11,-19.48,-426.57,mixed_edge
1-2,target_lane x lane1_target_start_gap_pair,2 | best-missing,77,0,0.0,7700,0,-7700,0.0,0.0,19.48,83.11,426.57,-83.11,-19.48,-426.57,mixed_edge
1-2,lane1_exhibition_st_rank_bucket x target_exhibition_st_rank_bucket,1 | missing,77,0,0.0,7700,0,-7700,0.0,0.0,19.48,83.11,426.57,-83.11,-19.48,-426.57,mixed_edge
1-2,lane1_start_exhibition_gap_bucket x target_start_exhibition_gap_bucket,best | missing,77,0,0.0,7700,0,-7700,0.0,0.0,19.48,83.11,426.57,-83.11,-19.48,-426.57,mixed_edge
1-2,lane1_target_start_gap_pair x target_outer_pressure_bucket,missing-best | high_other_pressure,71,0,0.0,7100,0,-7100,0.0,0.0,19.48,83.11,426.57,-83.11,-19.48,-426.57,mixed_edge
1-4,lane1_target_exhibition_st_rank_pair,missing-4+,69,0,0.0,6900,0,-6900,0.0,0.0,10.48,75.82,723.82,-75.82,-10.48,-723.82,mixed_edge
1-4,lane1_exhibition_st_rank_bucket x target_exhibition_st_rank_bucket,missing | 4+,69,0,0.0,6900,0,-6900,0.0,0.0,10.48,75.82,723.82,-75.82,-10.48,-723.82,mixed_edge
1-4,lane1_target_start_gap_pair x target_outer_pressure_bucket,missing->0.06 | high_other_pressure,65,0,0.0,6500,0,-6500,0.0,0.0,10.48,75.82,723.82,-75.82,-10.48,-723.82,mixed_edge
1-3,lane1_target_start_gap_pair x target_outer_pressure_bucket,best-missing | high_other_pressure,61,0,0.0,6100,0,-6100,0.0,0.0,15.46,77.27,499.69,-77.27,-15.46,-499.69,mixed_edge
1-5,lane1_target_start_gap_pair,<=0.03-missing,61,0,0.0,6100,0,-6100,0.0,0.0,6.36,75.45,1186.29,-75.45,-6.36,-1186.29,mixed_edge
1-5,target_lane x lane1_target_start_gap_pair,5 | <=0.03-missing,61,0,0.0,6100,0,-6100,0.0,0.0,6.36,75.45,1186.29,-75.45,-6.36,-1186.29,mixed_edge
1-5,lane1_start_exhibition_gap_bucket x target_start_exhibition_gap_bucket,<=0.03 | missing,61,0,0.0,6100,0,-6100,0.0,0.0,6.36,75.45,1186.29,-75.45,-6.36,-1186.29,mixed_edge
1-3,lane1_target_start_gap_pair,missing-<=0.03,57,0,0.0,5700,0,-5700,0.0,0.0,15.46,77.27,499.69,-77.27,-15.46,-499.69,mixed_edge
1-3,target_lane x lane1_target_start_gap_pair,3 | missing-<=0.03,57,0,0.0,5700,0,-5700,0.0,0.0,15.46,77.27,499.69,-77.27,-15.46,-499.69,mixed_edge
1-3,lane1_start_exhibition_gap_bucket x target_start_exhibition_gap_bucket,missing | <=0.03,57,0,0.0,5700,0,-5700,0.0,0.0,15.46,77.27,499.69,-77.27,-15.46,-499.69,mixed_edge
1-5,lane1_target_exhibition_st_rank_pair,missing-3,56,0,0.0,5600,0,-5600,0.0,0.0,6.36,75.45,1186.29,-75.45,-6.36,-1186.29,mixed_edge
1-5,lane1_exhibition_st_rank_bucket x target_exhibition_st_rank_bucket,missing | 3,56,0,0.0,5600,0,-5600,0.0,0.0,6.36,75.45,1186.29,-75.45,-6.36,-1186.29,mixed_edge
1-6,lane1_target_start_gap_pair x target_outer_pressure_bucket,best-missing | high_other_pressure,56,0,0.0,5600,0,-5600,0.0,0.0,3.98,73.03,1832.72,-73.03,-3.98,-1832.72,mixed_edge
1-3,lane1_target_start_gap_pair,missing-best,54,0,0.0,5400,0,-5400,0.0,0.0,15.46,77.27,499.69,-77.27,-15.46,-499.69,mixed_edge
1-3,target_lane x lane1_target_start_gap_pair,3 | missing-best,54,0,0.0,5400,0,-5400,0.0,0.0,15.46,77.27,499.69,-77.27,-15.46,-499.69,mixed_edge
1-3,lane1_start_exhibition_gap_bucket x target_start_exhibition_gap_bucket,missing | best,54,0,0.0,5400,0,-5400,0.0,0.0,15.46,77.27,499.69,-77.27,-15.46,-499.69,mixed_edge
1-5,lane1_target_exhibition_st_rank_pair,2-missing,54,0,0.0,5400,0,-5400,0.0,0.0,6.36,75.45,1186.29,-75.45,-6.36,-1186.29,mixed_edge
1-5,lane1_exhibition_st_rank_bucket x target_exhibition_st_rank_bucket,2 | missing,54,0,0.0,5400,0,-5400,0.0,0.0,6.36,75.45,1186.29,-75.45,-6.36,-1186.29,mixed_edge
1-5,lane1_target_exhibition_st_rank_pair,4+-missing,53,0,0.0,5300,0,-5300,0.0,0.0,6.36,75.45,1186.29,-75.45,-6.36,-1186.29,mixed_edge
1-5,lane1_exhibition_st_rank_bucket x target_exhibition_st_rank_bucket,4+ | missing,53,0,0.0,5300,0,-5300,0.0,0.0,6.36,75.45,1186.29,-75.45,-6.36,-1186.29,mixed_edge
1-5,lane1_target_start_gap_pair x target_outer_pressure_bucket,best-missing | high_other_pressure,53,0,0.0,5300,0,-5300,0.0,0.0,6.36,75.45,1186.29,-75.45,-6.36,-1186.29,mixed_edge
1-6,lane1_target_start_gap_pair,<=0.03-missing,53,0,0.0,5300,0,-5300,0.0,0.0,3.98,73.03,1832.72,-73.03,-3.98,-1832.72,mixed_edge
1-6,target_lane x lane1_target_start_gap_pair,6 | <=0.03-missing,53,0,0.0,5300,0,-5300,0.0,0.0,3.98,73.03,1832.72,-73.03,-3.98,-1832.72,mixed_edge
1-6,lane1_start_exhibition_gap_bucket x target_start_exhibition_gap_bucket,<=0.03 | missing,53,0,0.0,5300,0,-5300,0.0,0.0,3.98,73.03,1832.72,-73.03,-3.98,-1832.72,mixed_edge
1-4,lane1_target_start_gap_pair,>0.06-missing,52,0,0.0,5200,0,-5200,0.0,0.0,10.48,75.82,723.82,-75.82,-10.48,-723.82,mixed_edge
1-4,target_lane x lane1_target_start_gap_pair,4 | >0.06-missing,52,0,0.0,5200,0,-5200,0.0,0.0,10.48,75.82,723.82,-75.82,-10.48,-723.82,mixed_edge
1-4,lane1_start_exhibition_gap_bucket x target_start_exhibition_gap_bucket,>0.06 | missing,52,0,0.0,5200,0,-5200,0.0,0.0,10.48,75.82,723.82,-75.82,-10.48,-723.82,mixed_edge
1-5,lane1_target_start_gap_pair,>0.06-missing,52,0,0.0,5200,0,-5200,0.0,0.0,6.36,75.45,1186.29,-75.45,-6.36,-1186.29,mixed_edge
1-5,target_lane x lane1_target_start_gap_pair,5 | >0.06-missing,52,0,0.0,5200,0,-5200,0.0,0.0,6.36,75.45,1186.29,-75.45,-6.36,-1186.29,mixed_edge
1-5,lane1_start_exhibition_gap_bucket x target_start_exhibition_gap_bucket,>0.06 | missing,52,0,0.0,5200,0,-5200,0.0,0.0,6.36,75.45,1186.29,-75.45,-6.36,-1186.29,mixed_edge
1-6,lane1_target_exhibition_st_rank_pair,2-missing,52,0,0.0,5200,0,-5200,0.0,0.0,3.98,73.03,1832.72,-73.03,-3.98,-1832.72,mixed_edge
1-6,lane1_target_start_gap_pair,>0.06-missing,52,0,0.0,5200,0,-5200,0.0,0.0,3.98,73.03,1832.72,-73.03,-3.98,-1832.72,mixed_edge
1-6,target_lane x lane1_target_start_gap_pair,6 | >0.06-missing,52,0,0.0,5200,0,-5200,0.0,0.0,3.98,73.03,1832.72,-73.03,-3.98,-1832.72,mixed_edge
1-6,lane1_exhibition_st_rank_bucket x target_exhibition_st_rank_bucket,2 | missing,52,0,0.0,5200,0,-5200,0.0,0.0,3.98,73.03,1832.72,-73.03,-3.98,-1832.72,mixed_edge
1-6,lane1_start_exhibition_gap_bucket x target_start_exhibition_gap_bucket,>0.06 | missing,52,0,0.0,5200,0,-5200,0.0,0.0,3.98,73.03,1832.72,-73.03,-3.98,-1832.72,mixed_edge
1-4,lane1_target_exhibition_st_rank_pair,4+-missing,51,0,0.0,5100,0,-5100,0.0,0.0,10.48,75.82,723.82,-75.82,-10.48,-723.82,mixed_edge
1-4,lane1_exhibition_st_rank_bucket x target_exhibition_st_rank_bucket,4+ | missing,51,0,0.0,5100,0,-5100,0.0,0.0,10.48,75.82,723.82,-75.82,-10.48,-723.82,mixed_edge
1-4,lane1_target_start_gap_pair x target_outer_pressure_bucket,best-missing | high_other_pressure,51,0,0.0,5100,0,-5100,0.0,0.0,10.48,75.82,723.82,-75.82,-10.48,-723.82,mixed_edge
1-6,lane1_target_class_pair,B2-B2,51,0,0.0,5100,0,-5100,0.0,0.0,3.98,73.03,1832.72,-73.03,-3.98,-1832.72,mixed_edge
1-4,lane1_target_exhibition_st_rank_pair,missing-3,49,0,0.0,4900,0,-4900,0.0,0.0,10.48,75.82,723.82,-75.82,-10.48,-723.82,mixed_edge
1-4,lane1_exhibition_st_rank_bucket x target_exhibition_st_rank_bucket,missing | 3,49,0,0.0,4900,0,-4900,0.0,0.0,10.48,75.82,723.82,-75.82,-10.48,-723.82,mixed_edge
1-6,lane1_target_exhibition_st_rank_pair,4+-missing,48,0,0.0,4800,0,-4800,0.0,0.0,3.98,73.03,1832.72,-73.03,-3.98,-1832.72,mixed_edge
1-6,lane1_exhibition_st_rank_bucket x target_exhibition_st_rank_bucket,4+ | missing,48,0,0.0,4800,0,-4800,0.0,0.0,3.98,73.03,1832.72,-73.03,-3.98,-1832.72,mixed_edge
1-5,lane1_target_exhibition_st_rank_pair,3-missing,46,0,0.0,4600,0,-4600,0.0,0.0,6.36,75.45,1186.29,-75.45,-6.36,-1186.29,mixed_edge
1-5,lane1_exhibition_st_rank_bucket x target_exhibition_st_rank_bucket,3 | missing,46,0,0.0,4600,0,-4600,0.0,0.0,6.36,75.45,1186.29,-75.45,-6.36,-1186.29,mixed_edge
1-2,lane1_target_exhibition_st_rank_pair,4+-missing,45,0,0.0,4500,0,-4500,0.0,0.0,19.48,83.11,426.57,-83.11,-19.48,-426.57,mixed_edge
1-2,lane1_exhibition_st_rank_bucket x target_exhibition_st_rank_bucket,4+ | missing,45,0,0.0,4500,0,-4500,0.0,0.0,19.48,83.11,426.57,-83.11,-19.48,-426.57,mixed_edge
1-3,lane1_target_exhibition_st_rank_pair,missing-1,45,0,0.0,4500,0,-4500,0.0,0.0,15.46,77.27,499.69,-77.27,-15.46,-499.69,mixed_edge
1-3,lane1_exhibition_st_rank_bucket x target_exhibition_st_rank_bucket,missing | 1,45,0,0.0,4500,0,-4500,0.0,0.0,15.46,77.27,499.69,-77.27,-15.46,-499.69,mixed_edge
1-3,lane1_target_start_gap_pair x target_outer_pressure_bucket,missing-<=0.03 | high_other_pressure,45,0,0.0,4500,0,-4500,0.0,0.0,15.46,77.27,499.69,-77.27,-15.46,-499.69,mixed_edge
1-6,lane1_target_exhibition_st_rank_pair,missing-3,44,0,0.0,4400,0,-4400,0.0,0.0,3.98,73.03,1832.72,-73.03,-3.98,-1832.72,mixed_edge
1-6,lane1_exhibition_st_rank_bucket x target_exhibition_st_rank_bucket,missing | 3,44,0,0.0,4400,0,-4400,0.0,0.0,3.98,73.03,1832.72,-73.03,-3.98,-1832.72,mixed_edge
1-3,lane1_target_start_gap_pair,missing->0.06,42,0,0.0,4200,0,-4200,0.0,0.0,15.46,77.27,499.69,-77.27,-15.46,-499.69,mixed_edge
1-3,target_lane x lane1_target_start_gap_pair,3 | missing->0.06,42,0,0.0,4200,0,-4200,0.0,0.0,15.46,77.27,499.69,-77.27,-15.46,-499.69,mixed_edge
1-3,lane1_start_exhibition_gap_bucket x target_start_exhibition_gap_bucket,missing | >0.06,42,0,0.0,4200,0,-4200,0.0,0.0,15.46,77.27,499.69,-77.27,-15.46,-499.69,mixed_edge
1-6,lane1_target_exhibition_st_rank_pair,3-missing,42,0,0.0,4200,0,-4200,0.0,0.0,3.98,73.03,1832.72,-73.03,-3.98,-1832.72,mixed_edge
1-6,lane1_exhibition_st_rank_bucket x target_exhibition_st_rank_bucket,3 | missing,42,0,0.0,4200,0,-4200,0.0,0.0,3.98,73.03,1832.72,-73.03,-3.98,-1832.72,mixed_edge
1-2,lane1_target_start_gap_pair x target_outer_pressure_bucket,best-missing | high_other_pressure,41,0,0.0,4100,0,-4100,0.0,0.0,19.48,83.11,426.57,-83.11,-19.48,-426.57,mixed_edge
1-4,lane1_target_exhibition_st_rank_pair,missing-2,41,0,0.0,4100,0,-4100,0.0,0.0,10.48,75.82,723.82,-75.82,-10.48,-723.82,mixed_edge
1-4,lane1_target_start_gap_pair,missing-<=0.03,41,0,0.0,4100,0,-4100,0.0,0.0,10.48,75.82,723.82,-75.82,-10.48,-723.82,mixed_edge
1-4,target_lane x lane1_target_start_gap_pair,4 | missing-<=0.03,41,0,0.0,4100,0,-4100,0.0,0.0,10.48,75.82,723.82,-75.82,-10.48,-723.82,mixed_edge
1-4,lane1_exhibition_st_rank_bucket x target_exhibition_st_rank_bucket,missing | 2,41,0,0.0,4100,0,-4100,0.0,0.0,10.48,75.82,723.82,-75.82,-10.48,-723.82,mixed_edge
1-4,lane1_start_exhibition_gap_bucket x target_start_exhibition_gap_bucket,missing | <=0.03,41,0,0.0,4100,0,-4100,0.0,0.0,10.48,75.82,723.82,-75.82,-10.48,-723.82,mixed_edge
1-2,lane1_target_exhibition_st_rank_pair,missing-4+,40,0,0.0,4000,0,-4000,0.0,0.0,19.48,83.11,426.57,-83.11,-19.48,-426.57,mixed_edge
1-2,lane1_target_start_gap_pair,>0.06-missing,40,0,0.0,4000,0,-4000,0.0,0.0,19.48,83.11,426.57,-83.11,-19.48,-426.57,mixed_edge
1-2,target_lane x lane1_target_start_gap_pair,2 | >0.06-missing,40,0,0.0,4000,0,-4000,0.0,0.0,19.48,83.11,426.57,-83.11,-19.48,-426.57,mixed_edge
1-2,lane1_exhibition_st_rank_bucket x target_exhibition_st_rank_bucket,missing | 4+,40,0,0.0,4000,0,-4000,0.0,0.0,19.48,83.11,426.57,-83.11,-19.48,-426.57,mixed_edge
1-2,lane1_start_exhibition_gap_bucket x target_start_exhibition_gap_bucket,>0.06 | missing,40,0,0.0,4000,0,-4000,0.0,0.0,19.48,83.11,426.57,-83.11,-19.48,-426.57,mixed_edge
1-3,lane1_target_exhibition_st_rank_pair,missing-4+,40,0,0.0,4000,0,-4000,0.0,0.0,15.46,77.27,499.69,-77.27,-15.46,-499.69,mixed_edge
1-3,lane1_exhibition_st_rank_bucket x target_exhibition_st_rank_bucket,missing | 4+,40,0,0.0,4000,0,-4000,0.0,0.0,15.46,77.27,499.69,-77.27,-15.46,-499.69,mixed_edge
1-3,lane1_target_start_gap_pair x target_outer_pressure_bucket,missing->0.06 | high_other_pressure,40,0,0.0,4000,0,-4000,0.0,0.0,15.46,77.27,499.69,-77.27,-15.46,-499.69,mixed_edge
1-5,lane1_target_class_pair,B2-B2,40,0,0.0,4000,0,-4000,0.0,0.0,6.36,75.45,1186.29,-75.45,-6.36,-1186.29,mixed_edge
1-5,lane1_target_start_gap_pair,0.04-0.06-missing,40,0,0.0,4000,0,-4000,0.0,0.0,6.36,75.45,1186.29,-75.45,-6.36,-1186.29,mixed_edge
1-5,target_lane x lane1_target_start_gap_pair,5 | 0.04-0.06-missing,40,0,0.0,4000,0,-4000,0.0,0.0,6.36,75.45,1186.29,-75.45,-6.36,-1186.29,mixed_edge
1-5,lane1_start_exhibition_gap_bucket x target_start_exhibition_gap_bucket,0.04-0.06 | missing,40,0,0.0,4000,0,-4000,0.0,0.0,6.36,75.45,1186.29,-75.45,-6.36,-1186.29,mixed_edge
1-3,lane1_target_exhibition_st_rank_pair,2-missing,39,0,0.0,3900,0,-3900,0.0,0.0,15.46,77.27,499.69,-77.27,-15.46,-499.69,mixed_edge
1-3,lane1_target_start_gap_pair,<=0.03-missing,39,0,0.0,3900,0,-3900,0.0,0.0,15.46,77.27,499.69,-77.27,-15.46,-499.69,mixed_edge
1-3,target_lane x lane1_target_start_gap_pair,3 | <=0.03-missing,39,0,0.0,3900,0,-3900,0.0,0.0,15.46,77.27,499.69,-77.27,-15.46,-499.69,mixed_edge
1-3,lane1_exhibition_st_rank_bucket x target_exhibition_st_rank_bucket,2 | missing,39,0,0.0,3900,0,-3900,0.0,0.0,15.46,77.27,499.69,-77.27,-15.46,-499.69,mixed_edge
1-3,lane1_start_exhibition_gap_bucket x target_start_exhibition_gap_bucket,<=0.03 | missing,39,0,0.0,3900,0,-3900,0.0,0.0,15.46,77.27,499.69,-77.27,-15.46,-499.69,mixed_edge
1-4,lane1_target_exhibition_st_rank_pair,3-missing,39,0,0.0,3900,0,-3900,0.0,0.0,10.48,75.82,723.82,-75.82,-10.48,-723.82,mixed_edge
1-4,lane1_exhibition_st_rank_bucket x target_exhibition_st_rank_bucket,3 | missing,39,0,0.0,3900,0,-3900,0.0,0.0,10.48,75.82,723.82,-75.82,-10.48,-723.82,mixed_edge
1-2,lane1_target_start_gap_pair,missing->0.06,38,0,0.0,3800,0,-3800,0.0,0.0,19.48,83.11,426.57,-83.11,-19.48,-426.57,mixed_edge
1-2,target_lane x lane1_target_start_gap_pair,2 | missing->0.06,38,0,0.0,3800,0,-3800,0.0,0.0,19.48,83.11,426.57,-83.11,-19.48,-426.57,mixed_edge
1-2,lane1_start_exhibition_gap_bucket x target_start_exhibition_gap_bucket,missing | >0.06,38,0,0.0,3800,0,-3800,0.0,0.0,19.48,83.11,426.57,-83.11,-19.48,-426.57,mixed_edge
1-4,lane1_target_start_gap_pair,<=0.03-missing,38,0,0.0,3800,0,-3800,0.0,0.0,10.48,75.82,723.82,-75.82,-10.48,-723.82,mixed_edge
1-4,target_lane x lane1_target_start_gap_pair,4 | <=0.03-missing,38,0,0.0,3800,0,-3800,0.0,0.0,10.48,75.82,723.82,-75.82,-10.48,-723.82,mixed_edge
1-4,lane1_start_exhibition_gap_bucket x target_start_exhibition_gap_bucket,<=0.03 | missing,38,0,0.0,3800,0,-3800,0.0,0.0,10.48,75.82,723.82,-75.82,-10.48,-723.82,mixed_edge
1-5,lane1_target_start_gap_pair x target_outer_pressure_bucket,<=0.03-missing | high_other_pressure,38,0,0.0,3800,0,-3800,0.0,0.0,6.36,75.45,1186.29,-75.45,-6.36,-1186.29,mixed_edge
1-2,lane1_target_start_gap_pair,missing-<=0.03,37,0,0.0,3700,0,-3700,0.0,0.0,19.48,83.11,426.57,-83.11,-19.48,-426.57,mixed_edge
1-2,target_lane x lane1_target_start_gap_pair,2 | missing-<=0.03,37,0,0.0,3700,0,-3700,0.0,0.0,19.48,83.11,426.57,-83.11,-19.48,-426.57,mixed_edge
1-2,lane1_start_exhibition_gap_bucket x target_start_exhibition_gap_bucket,missing | <=0.03,37,0,0.0,3700,0,-3700,0.0,0.0,19.48,83.11,426.57,-83.11,-19.48,-426.57,mixed_edge
1-3,lane1_target_start_gap_pair,missing-0.04-0.06,37,0,0.0,3700,0,-3700,0.0,0.0,15.46,77.27,499.69,-77.27,-15.46,-499.69,mixed_edge
1-3,target_lane x lane1_target_start_gap_pair,3 | missing-0.04-0.06,37,0,0.0,3700,0,-3700,0.0,0.0,15.46,77.27,499.69,-77.27,-15.46,-499.69,mixed_edge
1-3,lane1_start_exhibition_gap_bucket x target_start_exhibition_gap_bucket,missing | 0.04-0.06,37,0,0.0,3700,0,-3700,0.0,0.0,15.46,77.27,499.69,-77.27,-15.46,-499.69,mixed_edge
1-4,lane1_target_exhibition_st_rank_pair,2-missing,37,0,0.0,3700,0,-3700,0.0,0.0,10.48,75.82,723.82,-75.82,-10.48,-723.82,mixed_edge
1-4,lane1_target_start_gap_pair,0.04-0.06-missing,37,0,0.0,3700,0,-3700,0.0,0.0,10.48,75.82,723.82,-75.82,-10.48,-723.82,mixed_edge
1-4,target_lane x lane1_target_start_gap_pair,4 | 0.04-0.06-missing,37,0,0.0,3700,0,-3700,0.0,0.0,10.48,75.82,723.82,-75.82,-10.48,-723.82,mixed_edge
1-4,lane1_exhibition_st_rank_bucket x target_exhibition_st_rank_bucket,2 | missing,37,0,0.0,3700,0,-3700,0.0,0.0,10.48,75.82,723.82,-75.82,-10.48,-723.82,mixed_edge
1-4,lane1_start_exhibition_gap_bucket x target_start_exhibition_gap_bucket,0.04-0.06 | missing,37,0,0.0,3700,0,-3700,0.0,0.0,10.48,75.82,723.82,-75.82,-10.48,-723.82,mixed_edge
1-6,lane1_target_start_gap_pair,0.04-0.06-missing,37,0,0.0,3700,0,-3700,0.0,0.0,3.98,73.03,1832.72,-73.03,-3.98,-1832.72,mixed_edge
1-6,target_lane x lane1_target_start_gap_pair,6 | 0.04-0.06-missing,37,0,0.0,3700,0,-3700,0.0,0.0,3.98,73.03,1832.72,-73.03,-3.98,-1832.72,mixed_edge
1-6,lane1_start_exhibition_gap_bucket x target_start_exhibition_gap_bucket,0.04-0.06 | missing,37,0,0.0,3700,0,-3700,0.0,0.0,3.98,73.03,1832.72,-73.03,-3.98,-1832.72,mixed_edge
1-6,lane1_target_start_gap_pair,missing-0.04-0.06,36,0,0.0,3600,0,-3600,0.0,0.0,3.98,73.03,1832.72,-73.03,-3.98,-1832.72,mixed_edge
1-6,target_lane x lane1_target_start_gap_pair,6 | missing-0.04-0.06,36,0,0.0,3600,0,-3600,0.0,0.0,3.98,73.03,1832.72,-73.03,-3.98,-1832.72,mixed_edge
1-6,lane1_start_exhibition_gap_bucket x target_start_exhibition_gap_bucket,missing | 0.04-0.06,36,0,0.0,3600,0,-3600,0.0,0.0,3.98,73.03,1832.72,-73.03,-3.98,-1832.72,mixed_edge
1-2,lane1_target_exhibition_st_rank_pair,2-missing,35,0,0.0,3500,0,-3500,0.0,0.0,19.48,83.11,426.57,-83.11,-19.48,-426.57,mixed_edge
1-2,lane1_target_exhibition_st_rank_pair,missing-2,35,0,0.0,3500,0,-3500,0.0,0.0,19.48,83.11,426.57,-83.11,-19.48,-426.57,mixed_edge
1-2,lane1_exhibition_st_rank_bucket x target_exhibition_st_rank_bucket,2 | missing,35,0,0.0,3500,0,-3500,0.0,0.0,19.48,83.11,426.57,-83.11,-19.48,-426.57,mixed_edge
1-2,lane1_exhibition_st_rank_bucket x target_exhibition_st_rank_bucket,missing | 2,35,0,0.0,3500,0,-3500,0.0,0.0,19.48,83.11,426.57,-83.11,-19.48,-426.57,mixed_edge
1-5,lane1_target_start_gap_pair,missing-0.04-0.06,35,0,0.0,3500,0,-3500,0.0,0.0,6.36,75.45,1186.29,-75.45,-6.36,-1186.29,mixed_edge
1-5,target_lane x lane1_target_start_gap_pair,5 | missing-0.04-0.06,35,0,0.0,3500,0,-3500,0.0,0.0,6.36,75.45,1186.29,-75.45,-6.36,-1186.29,mixed_edge
1-5,lane1_start_exhibition_gap_bucket x target_start_exhibition_gap_bucket,missing | 0.04-0.06,35,0,0.0,3500,0,-3500,0.0,0.0,6.36,75.45,1186.29,-75.45,-6.36,-1186.29,mixed_edge
1-4,lane1_target_start_gap_pair,missing-best,34,0,0.0,3400,0,-3400,0.0,0.0,10.48,75.82,723.82,-75.82,-10.48,-723.82,mixed_edge
1-4,target_lane x lane1_target_start_gap_pair,4 | missing-best,34,0,0.0,3400,0,-3400,0.0,0.0,10.48,75.82,723.82,-75.82,-10.48,-723.82,mixed_edge
1-4,lane1_start_exhibition_gap_bucket x target_start_exhibition_gap_bucket,missing | best,34,0,0.0,3400,0,-3400,0.0,0.0,10.48,75.82,723.82,-75.82,-10.48,-723.82,mixed_edge
1-4,lane1_target_start_gap_pair x target_outer_pressure_bucket,>0.06-missing | high_other_pressure,34,0,0.0,3400,0,-3400,0.0,0.0,10.48,75.82,723.82,-75.82,-10.48,-723.82,mixed_edge
1-4,lane1_target_start_gap_pair x target_outer_pressure_bucket,missing-<=0.03 | high_other_pressure,34,0,0.0,3400,0,-3400,0.0,0.0,10.48,75.82,723.82,-75.82,-10.48,-723.82,mixed_edge
1-4,lane1_target_start_gap_pair,missing-0.04-0.06,33,0,0.0,3300,0,-3300,0.0,0.0,10.48,75.82,723.82,-75.82,-10.48,-723.82,mixed_edge
1-4,target_lane x lane1_target_start_gap_pair,4 | missing-0.04-0.06,33,0,0.0,3300,0,-3300,0.0,0.0,10.48,75.82,723.82,-75.82,-10.48,-723.82,mixed_edge
1-4,lane1_start_exhibition_gap_bucket x target_start_exhibition_gap_bucket,missing | 0.04-0.06,33,0,0.0,3300,0,-3300,0.0,0.0,10.48,75.82,723.82,-75.82,-10.48,-723.82,mixed_edge
1-5,lane1_target_start_gap_pair x target_outer_pressure_bucket,>0.06-missing | high_other_pressure,33,0,0.0,3300,0,-3300,0.0,0.0,6.36,75.45,1186.29,-75.45,-6.36,-1186.29,mixed_edge
1-6,lane1_target_start_gap_pair x target_outer_pressure_bucket,>0.06-missing | high_other_pressure,33,0,0.0,3300,0,-3300,0.0,0.0,3.98,73.03,1832.72,-73.03,-3.98,-1832.72,mixed_edge
1-3,lane1_target_start_gap_pair x target_outer_pressure_bucket,missing-best | high_other_pressure,32,0,0.0,3200,0,-3200,0.0,0.0,15.46,77.27,499.69,-77.27,-15.46,-499.69,mixed_edge
1-2,lane1_target_start_gap_pair,<=0.03-missing,31,0,0.0,3100,0,-3100,0.0,0.0,19.48,83.11,426.57,-83.11,-19.48,-426.57,mixed_edge
1-2,target_lane x lane1_target_start_gap_pair,2 | <=0.03-missing,31,0,0.0,3100,0,-3100,0.0,0.0,19.48,83.11,426.57,-83.11,-19.48,-426.57,mixed_edge
1-2,lane1_start_exhibition_gap_bucket x target_start_exhibition_gap_bucket,<=0.03 | missing,31,0,0.0,3100,0,-3100,0.0,0.0,19.48,83.11,426.57,-83.11,-19.48,-426.57,mixed_edge
1-3,lane1_target_exhibition_st_rank_pair,4+-missing,31,0,0.0,3100,0,-3100,0.0,0.0,15.46,77.27,499.69,-77.27,-15.46,-499.69,mixed_edge
1-3,lane1_exhibition_st_rank_bucket x target_exhibition_st_rank_bucket,4+ | missing,31,0,0.0,3100,0,-3100,0.0,0.0,15.46,77.27,499.69,-77.27,-15.46,-499.69,mixed_edge
1-5,lane1_target_start_gap_pair x target_outer_pressure_bucket,missing-0.04-0.06 | high_other_pressure,31,0,0.0,3100,0,-3100,0.0,0.0,6.36,75.45,1186.29,-75.45,-6.36,-1186.29,mixed_edge
1-6,lane1_target_start_gap_pair x target_outer_pressure_bucket,<=0.03-missing | high_other_pressure,31,0,0.0,3100,0,-3100,0.0,0.0,3.98,73.03,1832.72,-73.03,-3.98,-1832.72,mixed_edge
1-2,lane1_target_start_gap_pair x target_outer_pressure_bucket,missing->0.06 | high_other_pressure,30,0,0.0,3000,0,-3000,0.0,0.0,19.48,83.11,426.57,-83.11,-19.48,-426.57,mixed_edge
1-3,lane1_target_start_gap_pair,>0.06-missing,30,0,0.0,3000,0,-3000,0.0,0.0,15.46,77.27,499.69,-77.27,-15.46,-499.69,mixed_edge
1-3,target_lane x lane1_target_start_gap_pair,3 | >0.06-missing,30,0,0.0,3000,0,-3000,0.0,0.0,15.46,77.27,499.69,-77.27,-15.46,-499.69,mixed_edge
1-3,lane1_start_exhibition_gap_bucket x target_start_exhibition_gap_bucket,>0.06 | missing,30,0,0.0,3000,0,-3000,0.0,0.0,15.46,77.27,499.69,-77.27,-15.46,-499.69,mixed_edge
1-4,lane1_target_start_gap_pair x target_outer_pressure_bucket,missing-0.04-0.06 | high_other_pressure,30,0,0.0,3000,0,-3000,0.0,0.0,10.48,75.82,723.82,-75.82,-10.48,-723.82,mixed_edge
1-5,lane1_target_start_gap_pair,missing-<=0.03,30,0,0.0,3000,0,-3000,0.0,0.0,6.36,75.45,1186.29,-75.45,-6.36,-1186.29,mixed_edge
1-5,target_lane x lane1_target_start_gap_pair,5 | missing-<=0.03,30,0,0.0,3000,0,-3000,0.0,0.0,6.36,75.45,1186.29,-75.45,-6.36,-1186.29,mixed_edge
1-5,lane1_start_exhibition_gap_bucket x target_start_exhibition_gap_bucket,missing | <=0.03,30,0,0.0,3000,0,-3000,0.0,0.0,6.36,75.45,1186.29,-75.45,-6.36,-1186.29,mixed_edge
1-6,lane1_target_group_pair x target_outer_pressure_bucket,B-B | low_other_pressure,30,0,0.0,3000,0,-3000,0.0,0.0,3.98,73.03,1832.72,-73.03,-3.98,-1832.72,mixed_edge
1-6,lane1_target_start_gap_pair x target_outer_pressure_bucket,missing-0.04-0.06 | high_other_pressure,30,0,0.0,3000,0,-3000,0.0,0.0,3.98,73.03,1832.72,-73.03,-3.98,-1832.72,mixed_edge
