combo,slice_family,slice_value,sample_races,hits,hit_rate_pct,stake_yen,return_yen,profit_yen,roi_pct,avg_hit_payout_yen,baseline_hit_rate_pct,baseline_roi_pct,baseline_avg_hit_payout_yen,roi_lift_pct,hit_rate_lift_pct,avg_payout_lift_yen,distortion_type
1-6,lane1_target_start_gap_pair x target_outer_pressure_bucket,<=0.03-best | some_other_pressure,57,9,15.79,5700,16520,10820,289.82,1835.56,3.7,65.46,1770.57,224.36,12.09,64.99,probability_plus_price
1-6,target_exhibition_rank_bucket x other_exhibition_faster_than_target_count_bucket,4+ | 0,48,2,4.17,4800,11880,7080,247.5,5940.0,3.7,65.46,1770.57,182.04,0.47,4169.43,price_distortion
1-6,lane1_target_start_gap_pair x target_outer_pressure_bucket,best-<=0.03 | low_other_pressure,31,7,22.58,3100,7230,4130,233.23,1032.86,3.7,65.46,1770.57,167.77,18.88,-737.71,probability_plus_price
1-6,lane1_target_group_pair x target_outer_pressure_bucket,A-B | low_other_pressure,40,8,20.0,4000,9230,5230,230.75,1153.75,3.7,65.46,1770.57,165.29,16.3,-616.82,probability_plus_price
1-6,lane1_target_exhibition_st_rank_pair,1-2,317,41,12.93,31700,66820,35120,210.79,1629.76,3.7,65.46,1770.57,145.33,9.23,-140.81,probability_plus_price
1-6,lane1_exhibition_st_rank_bucket x target_exhibition_st_rank_bucket,1 | 2,317,41,12.93,31700,66820,35120,210.79,1629.76,3.7,65.46,1770.57,145.33,9.23,-140.81,probability_plus_price
1-5,lane1_target_class_pair,B2-A2,75,4,5.33,7500,15640,8140,208.53,3910.0,6.69,80.94,1209.34,127.59,-1.36,2700.66,price_distortion
1-6,lane1_target_exhibition_time_diff_bucket x lane1_target_start_exhibition_st_diff_bucket,target_faster_0.05_0.10 | lane1_faster_0.03_0.06,187,15,8.02,18700,36710,18010,196.31,2447.33,3.7,65.46,1770.57,130.85,4.32,676.76,price_distortion
1-6,lane1_target_start_gap_pair x target_outer_pressure_bucket,0.04-0.06-0.04-0.06 | some_other_pressure,61,9,14.75,6100,11820,5720,193.77,1313.33,3.7,65.46,1770.57,128.31,11.05,-457.24,probability_plus_price
1-6,target_exhibition_st_rank_bucket x other_st_faster_than_target_count_bucket,4+ | 0,53,5,9.43,5300,9430,4130,177.92,1886.0,3.7,65.46,1770.57,112.46,5.73,115.43,price_distortion
1-5,lane1_target_start_gap_pair x target_outer_pressure_bucket,<=0.03-best | some_other_pressure,104,19,18.27,10400,17860,7460,171.73,940.0,6.69,80.94,1209.34,90.79,11.58,-269.34,probability_plus_price
1-5,lane1_target_class_pair,B2-B1,161,11,6.83,16100,27380,11280,170.06,2489.09,6.69,80.94,1209.34,89.12,0.14,1279.75,price_distortion
1-6,lane1_target_exhibition_time_diff_bucket x lane1_target_start_exhibition_st_diff_bucket,lane1_faster_0.10+ | target_faster_0.03_0.06,189,6,3.17,18900,30810,11910,163.02,5135.0,3.7,65.46,1770.57,97.56,-0.53,3364.43,price_distortion
1-6,target_class_group x target_outer_pressure_bucket,B | low_other_pressure,71,9,12.68,7100,11430,4330,160.99,1270.0,3.7,65.46,1770.57,95.53,8.98,-500.57,probability_plus_price
1-5,lane1_target_start_gap_pair x target_outer_pressure_bucket,best-best | high_other_pressure,119,15,12.61,11900,18360,6460,154.29,1224.0,6.69,80.94,1209.34,73.35,5.92,14.66,probability_plus_price
1-5,lane1_target_exhibition_st_rank_pair,1-2,411,66,16.06,41100,63140,22040,153.63,956.67,6.69,80.94,1209.34,72.69,9.37,-252.67,probability_plus_price
1-5,lane1_exhibition_st_rank_bucket x target_exhibition_st_rank_bucket,1 | 2,411,66,16.06,41100,63140,22040,153.63,956.67,6.69,80.94,1209.34,72.69,9.37,-252.67,probability_plus_price
1-5,lane1_target_exhibition_time_diff_bucket x lane1_target_start_exhibition_st_diff_bucket,target_faster_0.10+ | lane1_faster_0.03_0.06,77,12,15.58,7700,11630,3930,151.04,969.17,6.69,80.94,1209.34,70.1,8.89,-240.17,probability_plus_price
1-6,lane1_target_exhibition_st_rank_pair,2-1,291,27,9.28,29100,43900,14800,150.86,1625.93,3.7,65.46,1770.57,85.4,5.58,-144.64,probability_plus_price
1-6,lane1_exhibition_st_rank_bucket x target_exhibition_st_rank_bucket,2 | 1,291,27,9.28,29100,43900,14800,150.86,1625.93,3.7,65.46,1770.57,85.4,5.58,-144.64,probability_plus_price
1-2,lane1_target_start_gap_pair x target_outer_pressure_bucket,0.04-0.06-<=0.03 | low_other_pressure,41,12,29.27,4100,6070,1970,148.05,505.83,18.8,81.32,432.61,66.73,10.47,73.22,probability_plus_price
1-2,lane1_target_exhibition_time_diff_bucket x lane1_target_start_exhibition_st_diff_bucket,target_faster_0.10+ | lane1_faster_0.03_0.06,135,36,26.67,13500,19750,6250,146.3,548.61,18.8,81.32,432.61,64.98,7.87,116.0,price_distortion
1-5,lane1_target_exhibition_st_rank_pair,3-1,288,34,11.81,28800,42090,13290,146.15,1237.94,6.69,80.94,1209.34,65.21,5.12,28.6,probability_plus_price
1-5,lane1_exhibition_st_rank_bucket x target_exhibition_st_rank_bucket,3 | 1,288,34,11.81,28800,42090,13290,146.15,1237.94,6.69,80.94,1209.34,65.21,5.12,28.6,probability_plus_price
1-5,lane1_class,B2,318,18,5.66,31800,46430,14630,146.01,2579.44,6.69,80.94,1209.34,65.07,-1.03,1370.1,price_distortion
1-6,lane1_target_exhibition_st_rank_pair,2-3,203,16,7.88,20300,29640,9340,146.01,1852.5,3.7,65.46,1770.57,80.55,4.18,81.93,price_distortion
1-6,lane1_exhibition_st_rank_bucket x target_exhibition_st_rank_bucket,2 | 3,203,16,7.88,20300,29640,9340,146.01,1852.5,3.7,65.46,1770.57,80.55,4.18,81.93,price_distortion
1-3,lane1_target_start_gap_pair x target_outer_pressure_bucket,best-best | high_other_pressure,222,59,26.58,22200,31890,9690,143.65,540.51,15.76,78.52,498.07,65.13,10.82,42.44,probability_plus_price
1-6,lane1_target_start_gap_pair x target_outer_pressure_bucket,best-0.04-0.06 | low_other_pressure,69,9,13.04,6900,9890,2990,143.33,1098.89,3.7,65.46,1770.57,77.87,9.34,-671.68,probability_plus_price
1-4,lane1_target_start_gap_pair x target_outer_pressure_bucket,best-<=0.03 | some_other_pressure,144,40,27.78,14400,20480,6080,142.22,512.0,10.14,75.45,744.07,66.77,17.64,-232.07,probability_plus_price
1-3,lane1_target_group_pair x other_a_count_bucket,B-A | 4,33,5,15.15,3300,4650,1350,140.91,930.0,15.76,78.52,498.07,62.39,-0.61,431.93,price_distortion
1-5,lane1_target_start_gap_pair x target_outer_pressure_bucket,best-0.04-0.06 | low_other_pressure,52,14,26.92,5200,7200,2000,138.46,514.29,6.69,80.94,1209.34,57.52,20.23,-695.05,probability_plus_price
1-5,lane1_target_exhibition_st_rank_pair,2-1,323,43,13.31,32300,44700,12400,138.39,1039.53,6.69,80.94,1209.34,57.45,6.62,-169.81,probability_plus_price
1-5,lane1_exhibition_st_rank_bucket x target_exhibition_st_rank_bucket,2 | 1,323,43,13.31,32300,44700,12400,138.39,1039.53,6.69,80.94,1209.34,57.45,6.62,-169.81,probability_plus_price
1-6,lane1_target_start_gap_pair,best-best,99,11,11.11,9900,13600,3700,137.37,1236.36,3.7,65.46,1770.57,71.91,7.41,-534.21,probability_plus_price
1-6,target_lane x lane1_target_start_gap_pair,6 | best-best,99,11,11.11,9900,13600,3700,137.37,1236.36,3.7,65.46,1770.57,71.91,7.41,-534.21,probability_plus_price
1-6,lane1_start_exhibition_gap_bucket x target_start_exhibition_gap_bucket,best | best,99,11,11.11,9900,13600,3700,137.37,1236.36,3.7,65.46,1770.57,71.91,7.41,-534.21,probability_plus_price
1-6,target_exhibition_st_rank_bucket x other_st_faster_than_target_count_bucket,2 | 0,649,58,8.94,64900,89080,24180,137.26,1535.86,3.7,65.46,1770.57,71.8,5.24,-234.71,probability_plus_price
1-2,lane1_target_start_gap_pair x target_outer_pressure_bucket,<=0.03-0.04-0.06 | low_other_pressure,40,16,40.0,4000,5460,1460,136.5,341.25,18.8,81.32,432.61,55.18,21.2,-91.36,probability_plus_price
1-3,lane1_target_start_gap_pair x target_outer_pressure_bucket,<=0.03-best | some_other_pressure,134,37,27.61,13400,18230,4830,136.04,492.7,15.76,78.52,498.07,57.52,11.85,-5.37,probability_plus_price
1-4,lane1_target_exhibition_st_rank_pair,1-3,771,143,18.55,77100,104050,26950,134.95,727.62,10.14,75.45,744.07,59.5,8.41,-16.45,probability_plus_price
1-4,lane1_exhibition_st_rank_bucket x target_exhibition_st_rank_bucket,1 | 3,771,143,18.55,77100,104050,26950,134.95,727.62,10.14,75.45,744.07,59.5,8.41,-16.45,probability_plus_price
1-3,lane1_target_start_gap_pair,best-best,285,79,27.72,28500,38380,9880,134.67,485.82,15.76,78.52,498.07,56.15,11.96,-12.25,probability_plus_price
1-3,target_lane x lane1_target_start_gap_pair,3 | best-best,285,79,27.72,28500,38380,9880,134.67,485.82,15.76,78.52,498.07,56.15,11.96,-12.25,probability_plus_price
1-3,lane1_start_exhibition_gap_bucket x target_start_exhibition_gap_bucket,best | best,285,79,27.72,28500,38380,9880,134.67,485.82,15.76,78.52,498.07,56.15,11.96,-12.25,probability_plus_price
1-5,lane1_target_start_gap_pair,<=0.03-best,581,72,12.39,58100,77510,19410,133.41,1076.53,6.69,80.94,1209.34,52.47,5.7,-132.81,probability_plus_price
1-5,target_lane x lane1_target_start_gap_pair,5 | <=0.03-best,581,72,12.39,58100,77510,19410,133.41,1076.53,6.69,80.94,1209.34,52.47,5.7,-132.81,probability_plus_price
1-5,lane1_start_exhibition_gap_bucket x target_start_exhibition_gap_bucket,<=0.03 | best,581,72,12.39,58100,77510,19410,133.41,1076.53,6.69,80.94,1209.34,52.47,5.7,-132.81,probability_plus_price
1-5,lane1_target_group_pair x other_a_count_bucket,B-A | 3,244,20,8.2,24400,32450,8050,132.99,1622.5,6.69,80.94,1209.34,52.05,1.51,413.16,price_distortion
1-6,lane1_target_group_pair x other_a_count_bucket,B-A | 4,33,2,6.06,3300,4370,1070,132.42,2185.0,3.7,65.46,1770.57,66.96,2.36,414.43,price_distortion
1-5,lane1_target_start_gap_pair,best-best,157,18,11.46,15700,20680,4980,131.72,1148.89,6.69,80.94,1209.34,50.78,4.77,-60.45,mixed_edge
1-5,target_lane x lane1_target_start_gap_pair,5 | best-best,157,18,11.46,15700,20680,4980,131.72,1148.89,6.69,80.94,1209.34,50.78,4.77,-60.45,mixed_edge
1-5,lane1_start_exhibition_gap_bucket x target_start_exhibition_gap_bucket,best | best,157,18,11.46,15700,20680,4980,131.72,1148.89,6.69,80.94,1209.34,50.78,4.77,-60.45,mixed_edge
1-2,lane1_target_start_gap_pair x target_outer_pressure_bucket,best-best | high_other_pressure,228,64,28.07,22800,29990,7190,131.54,468.59,18.8,81.32,432.61,50.22,9.27,35.98,probability_plus_price
1-5,lane1_target_exhibition_time_diff_bucket x lane1_target_start_exhibition_st_diff_bucket,lane1_faster_0.05_0.10 | near_equal,690,52,7.54,69000,90380,21380,130.99,1738.08,6.69,80.94,1209.34,50.05,0.85,528.74,price_distortion
1-5,lane1_target_start_gap_pair x target_outer_pressure_bucket,best-<=0.03 | high_other_pressure,599,57,9.52,59900,78350,18450,130.8,1374.56,6.69,80.94,1209.34,49.86,2.83,165.22,price_distortion
1-6,lane1_target_group_pair x target_outer_pressure_bucket,B-B | some_other_pressure,138,10,7.25,13800,17990,4190,130.36,1799.0,3.7,65.46,1770.57,64.9,3.55,28.43,mixed_edge
1-5,other_group_pattern,B-B-A-A,574,36,6.27,57400,74730,17330,130.19,2075.83,6.69,80.94,1209.34,49.25,-0.42,866.49,price_distortion
1-4,lane1_target_exhibition_time_diff_bucket x lane1_target_start_exhibition_st_diff_bucket,target_faster_0.05_0.10 | lane1_faster_0.06+,371,46,12.4,37100,48230,11130,130.0,1048.48,10.14,75.45,744.07,54.55,2.26,304.41,price_distortion
1-3,lane1_target_exhibition_st_rank_pair,1-3,1531,374,24.43,153100,198550,45450,129.69,530.88,15.76,78.52,498.07,51.17,8.67,32.81,probability_plus_price
1-3,lane1_exhibition_st_rank_bucket x target_exhibition_st_rank_bucket,1 | 3,1531,374,24.43,153100,198550,45450,129.69,530.88,15.76,78.52,498.07,51.17,8.67,32.81,probability_plus_price
1-5,lane1_target_start_gap_pair x target_outer_pressure_bucket,<=0.03-best | high_other_pressure,439,48,10.93,43900,56920,13020,129.66,1185.83,6.69,80.94,1209.34,48.72,4.24,-23.51,mixed_edge
1-6,lane1_target_start_gap_pair,<=0.03-best,457,37,8.1,45700,59200,13500,129.54,1600.0,3.7,65.46,1770.57,64.08,4.4,-170.57,mixed_edge
1-6,target_lane x lane1_target_start_gap_pair,6 | <=0.03-best,457,37,8.1,45700,59200,13500,129.54,1600.0,3.7,65.46,1770.57,64.08,4.4,-170.57,mixed_edge
1-6,lane1_start_exhibition_gap_bucket x target_start_exhibition_gap_bucket,<=0.03 | best,457,37,8.1,45700,59200,13500,129.54,1600.0,3.7,65.46,1770.57,64.08,4.4,-170.57,mixed_edge
1-6,stadium_code,09,669,34,5.08,66900,86240,19340,128.91,2536.47,3.7,65.46,1770.57,63.45,1.38,765.9,price_distortion
1-6,stadium_code x target_lane,09 | 6,669,34,5.08,66900,86240,19340,128.91,2536.47,3.7,65.46,1770.57,63.45,1.38,765.9,price_distortion
1-3,lane1_target_class_pair,B2-B1,182,22,12.09,18200,23310,5110,128.08,1059.55,15.76,78.52,498.07,49.56,-3.67,561.48,price_distortion
1-2,grade_group,SG,144,42,29.17,14400,18400,4000,127.78,438.1,18.8,81.32,432.61,46.46,10.37,5.49,probability_plus_price
1-2,lane1_target_exhibition_st_rank_pair,1-2,1871,558,29.82,187100,238620,51520,127.54,427.63,18.8,81.32,432.61,46.22,11.02,-4.98,probability_plus_price
1-2,lane1_exhibition_st_rank_bucket x target_exhibition_st_rank_bucket,1 | 2,1871,558,29.82,187100,238620,51520,127.54,427.63,18.8,81.32,432.61,46.22,11.02,-4.98,probability_plus_price
1-2,target_exhibition_st_rank_bucket x other_st_faster_than_target_count_bucket,2 | 0,1871,558,29.82,187100,238620,51520,127.54,427.63,18.8,81.32,432.61,46.22,11.02,-4.98,probability_plus_price
1-6,lane1_target_national_rank_pair x target_outer_pressure_bucket,3-1 | low_other_pressure,143,22,15.38,14300,18190,3890,127.2,826.82,3.7,65.46,1770.57,61.74,11.68,-943.75,probability_plus_price
1-6,lane1_target_start_gap_pair x target_outer_pressure_bucket,<=0.03-<=0.03 | low_other_pressure,39,6,15.38,3900,4940,1040,126.67,823.33,3.7,65.46,1770.57,61.21,11.68,-947.24,probability_plus_price
1-4,lane1_target_exhibition_time_diff_bucket x lane1_target_start_exhibition_st_diff_bucket,target_faster_0.05_0.10 | lane1_faster_0.03_0.06,225,42,18.67,22500,28420,5920,126.31,676.67,10.14,75.45,744.07,50.86,8.53,-67.4,probability_plus_price
1-2,lane1_target_start_gap_pair x target_outer_pressure_bucket,best-<=0.03 | some_other_pressure,293,108,36.86,29300,36980,7680,126.21,342.41,18.8,81.32,432.61,44.89,18.06,-90.2,probability_plus_price
1-2,lane1_target_start_gap_pair x target_outer_pressure_bucket,<=0.03-0.04-0.06 | some_other_pressure,112,37,33.04,11200,14110,2910,125.98,381.35,18.8,81.32,432.61,44.66,14.24,-51.26,probability_plus_price
1-3,lane1_target_exhibition_st_rank_pair,1-2,1050,282,26.86,105000,131650,26650,125.38,466.84,15.76,78.52,498.07,46.86,11.1,-31.23,probability_plus_price
1-3,lane1_exhibition_st_rank_bucket x target_exhibition_st_rank_bucket,1 | 2,1050,282,26.86,105000,131650,26650,125.38,466.84,15.76,78.52,498.07,46.86,11.1,-31.23,probability_plus_price
1-3,lane1_target_start_gap_pair x target_outer_pressure_bucket,best-0.04-0.06 | some_other_pressure,203,66,32.51,20300,25430,5130,125.27,385.3,15.76,78.52,498.07,46.75,16.75,-112.77,probability_plus_price
1-5,lane1_target_start_gap_pair x target_outer_pressure_bucket,best-0.04-0.06 | some_other_pressure,126,23,18.25,12600,15770,3170,125.16,685.65,6.69,80.94,1209.34,44.22,11.56,-523.69,probability_plus_price
1-6,target_class_group x target_outer_pressure_bucket,B | some_other_pressure,323,25,7.74,32300,40330,8030,124.86,1613.2,3.7,65.46,1770.57,59.4,4.04,-157.37,mixed_edge
1-5,target_exhibition_st_rank_bucket x other_st_faster_than_target_count_bucket,2 | 0,730,93,12.74,73000,89870,16870,123.11,966.34,6.69,80.94,1209.34,42.17,6.05,-243.0,probability_plus_price
1-4,lane1_target_exhibition_time_diff_bucket x lane1_target_start_exhibition_st_diff_bucket,lane1_faster_0.10+ | near_equal,486,66,13.58,48600,59820,11220,123.09,906.36,10.14,75.45,744.07,47.64,3.44,162.29,price_distortion
1-3,lane1_target_start_gap_pair x target_outer_pressure_bucket,best-0.04-0.06 | high_other_pressure,1026,222,21.64,102600,125770,23170,122.58,566.53,15.76,78.52,498.07,44.06,5.88,68.46,probability_plus_price
1-3,lane1_target_start_gap_pair,best-0.04-0.06,1296,311,24.0,129600,158290,28690,122.14,508.97,15.76,78.52,498.07,43.62,8.24,10.9,probability_plus_price
1-3,target_lane x lane1_target_start_gap_pair,3 | best-0.04-0.06,1296,311,24.0,129600,158290,28690,122.14,508.97,15.76,78.52,498.07,43.62,8.24,10.9,probability_plus_price
1-3,lane1_start_exhibition_gap_bucket x target_start_exhibition_gap_bucket,best | 0.04-0.06,1296,311,24.0,129600,158290,28690,122.14,508.97,15.76,78.52,498.07,43.62,8.24,10.9,probability_plus_price
1-2,lane1_target_start_gap_pair x target_outer_pressure_bucket,best-<=0.03 | high_other_pressure,1134,279,24.6,113400,137920,24520,121.62,494.34,18.8,81.32,432.61,40.3,5.8,61.73,probability_plus_price
1-5,lane1_target_start_gap_pair x target_outer_pressure_bucket,<=0.03-0.04-0.06 | high_other_pressure,537,37,6.89,53700,65030,11330,121.1,1757.57,6.69,80.94,1209.34,40.16,0.2,548.23,price_distortion
1-2,lane1_target_start_gap_pair x target_outer_pressure_bucket,best->0.06 | some_other_pressure,154,42,27.27,15400,18620,3220,120.91,443.33,18.8,81.32,432.61,39.59,8.47,10.72,probability_plus_price
1-6,lane1_target_group_pair x target_outer_pressure_bucket,A-B | some_other_pressure,185,15,8.11,18500,22340,3840,120.76,1489.33,3.7,65.46,1770.57,55.3,4.41,-281.24,mixed_edge
1-6,lane1_target_start_gap_pair x target_outer_pressure_bucket,<=0.03-best | low_other_pressure,39,7,17.95,3900,4700,800,120.51,671.43,3.7,65.46,1770.57,55.05,14.25,-1099.14,probability_plus_price
1-2,lane1_target_start_gap_pair x target_outer_pressure_bucket,best-0.04-0.06 | some_other_pressure,208,74,35.58,20800,25000,4200,120.19,337.84,18.8,81.32,432.61,38.87,16.78,-94.77,probability_plus_price
1-2,lane1_target_start_gap_pair,best-<=0.03,1564,435,27.81,156400,187960,31560,120.18,432.09,18.8,81.32,432.61,38.86,9.01,-0.52,probability_plus_price
1-2,target_lane x lane1_target_start_gap_pair,2 | best-<=0.03,1564,435,27.81,156400,187960,31560,120.18,432.09,18.8,81.32,432.61,38.86,9.01,-0.52,probability_plus_price
1-2,lane1_start_exhibition_gap_bucket x target_start_exhibition_gap_bucket,best | <=0.03,1564,435,27.81,156400,187960,31560,120.18,432.09,18.8,81.32,432.61,38.86,9.01,-0.52,probability_plus_price
1-2,lane1_target_exhibition_st_rank_pair,2-1,595,179,30.08,59500,71320,11820,119.87,398.44,18.8,81.32,432.61,38.55,11.28,-34.17,probability_plus_price
1-2,lane1_exhibition_st_rank_bucket x target_exhibition_st_rank_bucket,2 | 1,595,179,30.08,59500,71320,11820,119.87,398.44,18.8,81.32,432.61,38.55,11.28,-34.17,probability_plus_price
1-5,lane1_target_exhibition_time_diff_bucket x lane1_target_start_exhibition_st_diff_bucket,target_faster_0.05_0.10 | near_equal,370,31,8.38,37000,44350,7350,119.86,1430.65,6.69,80.94,1209.34,38.92,1.69,221.31,price_distortion
1-6,lane1_target_exhibition_st_rank_pair,1-3,416,26,6.25,41600,49750,8150,119.59,1913.46,3.7,65.46,1770.57,54.13,2.55,142.89,price_distortion
1-6,lane1_exhibition_st_rank_bucket x target_exhibition_st_rank_bucket,1 | 3,416,26,6.25,41600,49750,8150,119.59,1913.46,3.7,65.46,1770.57,54.13,2.55,142.89,price_distortion
1-5,lane1_target_start_gap_pair x target_outer_pressure_bucket,0.04-0.06-best | some_other_pressure,84,13,15.48,8400,10030,1630,119.4,771.54,6.69,80.94,1209.34,38.46,8.79,-437.8,probability_plus_price
1-6,lane1_target_start_gap_pair x target_outer_pressure_bucket,best-<=0.03 | high_other_pressure,500,34,6.8,50000,59380,9380,118.76,1746.47,3.7,65.46,1770.57,53.3,3.1,-24.1,mixed_edge
1-6,lane1_target_exhibition_time_diff_bucket x lane1_target_start_exhibition_st_diff_bucket,target_faster_0.10+ | near_equal,147,11,7.48,14700,17450,2750,118.71,1586.36,3.7,65.46,1770.57,53.25,3.78,-184.21,mixed_edge
1-5,lane1_target_exhibition_st_rank_pair,3-2,395,35,8.86,39500,46830,7330,118.56,1338.0,6.69,80.94,1209.34,37.62,2.17,128.66,price_distortion
1-5,lane1_exhibition_st_rank_bucket x target_exhibition_st_rank_bucket,3 | 2,395,35,8.86,39500,46830,7330,118.56,1338.0,6.69,80.94,1209.34,37.62,2.17,128.66,price_distortion
1-3,lane1_target_start_gap_pair x target_outer_pressure_bucket,best-<=0.03 | high_other_pressure,1063,230,21.64,106300,125810,19510,118.35,547.0,15.76,78.52,498.07,39.83,5.88,48.93,probability_plus_price
1-3,lane1_target_start_gap_pair,<=0.03-best,875,201,22.97,87500,103560,16060,118.35,515.22,15.76,78.52,498.07,39.83,7.21,17.15,probability_plus_price
1-3,target_lane x lane1_target_start_gap_pair,3 | <=0.03-best,875,201,22.97,87500,103560,16060,118.35,515.22,15.76,78.52,498.07,39.83,7.21,17.15,probability_plus_price
1-3,lane1_start_exhibition_gap_bucket x target_start_exhibition_gap_bucket,<=0.03 | best,875,201,22.97,87500,103560,16060,118.35,515.22,15.76,78.52,498.07,39.83,7.21,17.15,probability_plus_price
1-2,lane1_target_exhibition_st_rank_pair,1-3,975,241,24.72,97500,115200,17700,118.15,478.01,18.8,81.32,432.61,36.83,5.92,45.4,probability_plus_price
1-2,lane1_exhibition_st_rank_bucket x target_exhibition_st_rank_bucket,1 | 3,975,241,24.72,97500,115200,17700,118.15,478.01,18.8,81.32,432.61,36.83,5.92,45.4,probability_plus_price
1-3,lane1_target_exhibition_time_diff_bucket x lane1_target_start_exhibition_st_diff_bucket,target_faster_0.05_0.10 | lane1_faster_0.06+,262,55,20.99,26200,30930,4730,118.05,562.36,15.76,78.52,498.07,39.53,5.23,64.29,probability_plus_price
1-3,stadium_code,23,216,43,19.91,21600,25490,3890,118.01,592.79,15.76,78.52,498.07,39.49,4.15,94.72,price_distortion
1-3,stadium_code x target_lane,23 | 3,216,43,19.91,21600,25490,3890,118.01,592.79,15.76,78.52,498.07,39.49,4.15,94.72,price_distortion
1-4,lane1_target_start_gap_pair,best-<=0.03,908,151,16.63,90800,106950,16150,117.79,708.28,10.14,75.45,744.07,42.34,6.49,-35.79,probability_plus_price
1-4,target_lane x lane1_target_start_gap_pair,4 | best-<=0.03,908,151,16.63,90800,106950,16150,117.79,708.28,10.14,75.45,744.07,42.34,6.49,-35.79,probability_plus_price
1-4,lane1_start_exhibition_gap_bucket x target_start_exhibition_gap_bucket,best | <=0.03,908,151,16.63,90800,106950,16150,117.79,708.28,10.14,75.45,744.07,42.34,6.49,-35.79,probability_plus_price
1-4,lane1_target_start_gap_pair x target_outer_pressure_bucket,best-0.04-0.06 | some_other_pressure,151,35,23.18,15100,17760,2660,117.62,507.43,10.14,75.45,744.07,42.17,13.04,-236.64,probability_plus_price
1-3,target_exhibition_st_rank_bucket x other_st_faster_than_target_count_bucket,3 | 0,312,78,25.0,31200,36610,5410,117.34,469.36,15.76,78.52,498.07,38.82,9.24,-28.71,probability_plus_price
1-3,target_exhibition_st_rank_bucket x other_st_faster_than_target_count_bucket,2 | 0,1249,313,25.06,124900,146430,21530,117.24,467.83,15.76,78.52,498.07,38.72,9.3,-30.24,probability_plus_price
1-4,lane1_target_exhibition_st_rank_pair,1-2,604,119,19.7,60400,70770,10370,117.17,594.71,10.14,75.45,744.07,41.72,9.56,-149.36,probability_plus_price
1-4,lane1_exhibition_st_rank_bucket x target_exhibition_st_rank_bucket,1 | 2,604,119,19.7,60400,70770,10370,117.17,594.71,10.14,75.45,744.07,41.72,9.56,-149.36,probability_plus_price
1-4,lane1_target_start_gap_pair x target_outer_pressure_bucket,best-<=0.03 | high_other_pressure,709,103,14.53,70900,82900,12000,116.93,804.85,10.14,75.45,744.07,41.48,4.39,60.78,mixed_edge
1-3,target_exhibition_rank_bucket x other_exhibition_faster_than_target_count_bucket,4+ | 1,180,43,23.89,18000,21020,3020,116.78,488.84,15.76,78.52,498.07,38.26,8.13,-9.23,probability_plus_price
1-5,stadium_code,11,480,33,6.88,48000,56010,8010,116.69,1697.27,6.69,80.94,1209.34,35.75,0.19,487.93,price_distortion
1-5,stadium_code x target_lane,11 | 5,480,33,6.88,48000,56010,8010,116.69,1697.27,6.69,80.94,1209.34,35.75,0.19,487.93,price_distortion
1-4,lane1_target_start_gap_pair x target_outer_pressure_bucket,best->0.06 | low_other_pressure,89,24,26.97,8900,10380,1480,116.63,432.5,10.14,75.45,744.07,41.18,16.83,-311.57,probability_plus_price
1-2,lane1_target_start_gap_pair,best-best,325,90,27.69,32500,37890,5390,116.58,421.0,18.8,81.32,432.61,35.26,8.89,-11.61,probability_plus_price
1-2,target_lane x lane1_target_start_gap_pair,2 | best-best,325,90,27.69,32500,37890,5390,116.58,421.0,18.8,81.32,432.61,35.26,8.89,-11.61,probability_plus_price
1-2,lane1_start_exhibition_gap_bucket x target_start_exhibition_gap_bucket,best | best,325,90,27.69,32500,37890,5390,116.58,421.0,18.8,81.32,432.61,35.26,8.89,-11.61,probability_plus_price
1-5,lane1_target_start_gap_pair,<=0.03-0.04-0.06,644,52,8.07,64400,74870,10470,116.26,1439.81,6.69,80.94,1209.34,35.32,1.38,230.47,price_distortion
1-5,target_lane x lane1_target_start_gap_pair,5 | <=0.03-0.04-0.06,644,52,8.07,64400,74870,10470,116.26,1439.81,6.69,80.94,1209.34,35.32,1.38,230.47,price_distortion
1-5,lane1_start_exhibition_gap_bucket x target_start_exhibition_gap_bucket,<=0.03 | 0.04-0.06,644,52,8.07,64400,74870,10470,116.26,1439.81,6.69,80.94,1209.34,35.32,1.38,230.47,price_distortion
1-3,lane1_target_start_gap_pair x target_outer_pressure_bucket,best->0.06 | some_other_pressure,184,58,31.52,18400,21380,2980,116.2,368.62,15.76,78.52,498.07,37.68,15.76,-129.45,probability_plus_price
1-5,lane1_target_national_rank_pair x target_outer_pressure_bucket,3-1 | low_other_pressure,123,25,20.33,12300,14280,1980,116.1,571.2,6.69,80.94,1209.34,35.16,13.64,-638.14,probability_plus_price
1-4,target_exhibition_st_rank_bucket x other_st_faster_than_target_count_bucket,4+ | 1,377,61,16.18,37700,43700,6000,115.92,716.39,10.14,75.45,744.07,40.47,6.04,-27.68,probability_plus_price
1-5,lane1_target_start_gap_pair x target_outer_pressure_bucket,0.04-0.06-best | high_other_pressure,413,33,7.99,41300,47840,6540,115.84,1449.7,6.69,80.94,1209.34,34.9,1.3,240.36,price_distortion
1-3,lane1_target_start_gap_pair x target_outer_pressure_bucket,<=0.03-best | high_other_pressure,677,144,21.27,67700,78150,10450,115.44,542.71,15.76,78.52,498.07,36.92,5.51,44.64,probability_plus_price
1-5,lane1_target_start_gap_pair,best-<=0.03,775,78,10.06,77500,89440,11940,115.41,1146.67,6.69,80.94,1209.34,34.47,3.37,-62.67,mixed_edge
1-5,target_lane x lane1_target_start_gap_pair,5 | best-<=0.03,775,78,10.06,77500,89440,11940,115.41,1146.67,6.69,80.94,1209.34,34.47,3.37,-62.67,mixed_edge
1-5,lane1_start_exhibition_gap_bucket x target_start_exhibition_gap_bucket,best | <=0.03,775,78,10.06,77500,89440,11940,115.41,1146.67,6.69,80.94,1209.34,34.47,3.37,-62.67,mixed_edge
1-5,lane1_target_start_gap_pair x target_outer_pressure_bucket,<=0.03-0.04-0.06 | some_other_pressure,79,13,16.46,7900,9060,1160,114.68,696.92,6.69,80.94,1209.34,33.74,9.77,-512.42,probability_plus_price
1-5,lane1_target_start_gap_pair,0.04-0.06-best,539,53,9.83,53900,61710,7810,114.49,1164.34,6.69,80.94,1209.34,33.55,3.14,-45.0,mixed_edge
1-5,target_lane x lane1_target_start_gap_pair,5 | 0.04-0.06-best,539,53,9.83,53900,61710,7810,114.49,1164.34,6.69,80.94,1209.34,33.55,3.14,-45.0,mixed_edge
1-5,lane1_start_exhibition_gap_bucket x target_start_exhibition_gap_bucket,0.04-0.06 | best,539,53,9.83,53900,61710,7810,114.49,1164.34,6.69,80.94,1209.34,33.55,3.14,-45.0,mixed_edge
1-6,lane1_target_national_rank_pair x target_outer_pressure_bucket,1-2 | low_other_pressure,156,19,12.18,15600,17810,2210,114.17,937.37,3.7,65.46,1770.57,48.71,8.48,-833.2,probability_plus_price
1-2,lane1_target_group_pair x other_a_count_bucket,B-A | 0,126,29,23.02,12600,14380,1780,114.13,495.86,18.8,81.32,432.61,32.81,4.22,63.25,mixed_edge
1-3,lane1_target_start_gap_pair,best-<=0.03,1339,314,23.45,133900,152740,18840,114.07,486.43,15.76,78.52,498.07,35.55,7.69,-11.64,probability_plus_price
1-3,target_lane x lane1_target_start_gap_pair,3 | best-<=0.03,1339,314,23.45,133900,152740,18840,114.07,486.43,15.76,78.52,498.07,35.55,7.69,-11.64,probability_plus_price
1-3,lane1_start_exhibition_gap_bucket x target_start_exhibition_gap_bucket,best | <=0.03,1339,314,23.45,133900,152740,18840,114.07,486.43,15.76,78.52,498.07,35.55,7.69,-11.64,probability_plus_price
1-6,lane1_target_start_gap_pair,best-<=0.03,629,47,7.47,62900,71030,8130,112.93,1511.28,3.7,65.46,1770.57,47.47,3.77,-259.29,mixed_edge
1-6,target_lane x lane1_target_start_gap_pair,6 | best-<=0.03,629,47,7.47,62900,71030,8130,112.93,1511.28,3.7,65.46,1770.57,47.47,3.77,-259.29,mixed_edge
1-6,lane1_start_exhibition_gap_bucket x target_start_exhibition_gap_bucket,best | <=0.03,629,47,7.47,62900,71030,8130,112.93,1511.28,3.7,65.46,1770.57,47.47,3.77,-259.29,mixed_edge
1-2,lane1_target_start_gap_pair x target_outer_pressure_bucket,<=0.03-best | high_other_pressure,577,144,24.96,57700,64970,7270,112.6,451.18,18.8,81.32,432.61,31.28,6.16,18.57,probability_plus_price
1-3,lane1_target_start_gap_pair x target_outer_pressure_bucket,<=0.03-best | low_other_pressure,64,20,31.25,6400,7180,780,112.19,359.0,15.76,78.52,498.07,33.67,15.49,-139.07,probability_plus_price
1-2,lane1_target_start_gap_pair x target_outer_pressure_bucket,best-0.04-0.06 | low_other_pressure,83,33,39.76,8300,9300,1000,112.05,281.82,18.8,81.32,432.61,30.73,20.96,-150.79,probability_plus_price
1-2,target_exhibition_st_rank_bucket,2,2840,734,25.85,284000,316660,32660,111.5,431.42,18.8,81.32,432.61,30.18,7.05,-1.19,probability_plus_price
1-2,target_lane x target_exhibition_st_rank_bucket,2 | 2,2840,734,25.85,284000,316660,32660,111.5,431.42,18.8,81.32,432.61,30.18,7.05,-1.19,probability_plus_price
1-3,lane1_target_exhibition_st_rank_pair,3-1,448,83,18.53,44800,49800,5000,111.16,600.0,15.76,78.52,498.07,32.64,2.77,101.93,price_distortion
1-3,lane1_exhibition_st_rank_bucket x target_exhibition_st_rank_bucket,3 | 1,448,83,18.53,44800,49800,5000,111.16,600.0,15.76,78.52,498.07,32.64,2.77,101.93,price_distortion
1-4,lane1_target_class_pair,B2-B1,165,8,4.85,16500,18340,1840,111.15,2292.5,10.14,75.45,744.07,35.7,-5.29,1548.43,price_distortion
1-4,lane1_target_start_gap_pair x target_outer_pressure_bucket,0.04-0.06-<=0.03 | high_other_pressure,483,48,9.94,48300,53660,5360,111.1,1117.92,10.14,75.45,744.07,35.65,-0.2,373.85,price_distortion
1-3,lane1_target_exhibition_st_rank_pair,2-1,527,126,23.91,52700,58400,5700,110.82,463.49,15.76,78.52,498.07,32.3,8.15,-34.58,probability_plus_price
1-3,lane1_exhibition_st_rank_bucket x target_exhibition_st_rank_bucket,2 | 1,527,126,23.91,52700,58400,5700,110.82,463.49,15.76,78.52,498.07,32.3,8.15,-34.58,probability_plus_price
1-3,lane1_exhibition_st_rank_bucket,1,4253,941,22.13,425300,471110,45810,110.77,500.65,15.76,78.52,498.07,32.25,6.37,2.58,probability_plus_price
1-3,lane1_start_exhibition_gap_bucket,best,4253,941,22.13,425300,471110,45810,110.77,500.65,15.76,78.52,498.07,32.25,6.37,2.58,probability_plus_price
1-2,lane1_target_group_pair x other_a_count_bucket,B-A | 3,267,41,15.36,26700,29530,2830,110.6,720.24,18.8,81.32,432.61,29.28,-3.44,287.63,price_distortion
1-6,grade_group,SG,144,7,4.86,14400,15890,1490,110.35,2270.0,3.7,65.46,1770.57,44.89,1.16,499.43,price_distortion
1-6,target_exhibition_st_rank_bucket,2,1359,86,6.33,135900,149950,14050,110.34,1743.6,3.7,65.46,1770.57,44.88,2.63,-26.97,mixed_edge
1-6,target_lane x target_exhibition_st_rank_bucket,6 | 2,1359,86,6.33,135900,149950,14050,110.34,1743.6,3.7,65.46,1770.57,44.88,2.63,-26.97,mixed_edge
1-5,lane1_target_exhibition_time_diff_bucket x lane1_target_start_exhibition_st_diff_bucket,lane1_faster_0.10+ | lane1_faster_0.03_0.06,292,26,8.9,29200,32220,3020,110.34,1239.23,6.69,80.94,1209.34,29.4,2.21,29.89,mixed_edge
1-5,target_exhibition_st_rank_bucket,1,1626,145,8.92,162600,179360,16760,110.31,1236.97,6.69,80.94,1209.34,29.37,2.23,27.63,mixed_edge
1-5,target_lane x target_exhibition_st_rank_bucket,5 | 1,1626,145,8.92,162600,179360,16760,110.31,1236.97,6.69,80.94,1209.34,29.37,2.23,27.63,mixed_edge
1-5,target_exhibition_st_rank_bucket x other_st_faster_than_target_count_bucket,1 | 0,1626,145,8.92,162600,179360,16760,110.31,1236.97,6.69,80.94,1209.34,29.37,2.23,27.63,mixed_edge
1-5,stadium_code,09,669,52,7.77,66900,73340,6440,109.63,1410.38,6.69,80.94,1209.34,28.69,1.08,201.04,price_distortion
1-5,stadium_code x target_lane,09 | 5,669,52,7.77,66900,73340,6440,109.63,1410.38,6.69,80.94,1209.34,28.69,1.08,201.04,price_distortion
1-3,target_exhibition_st_rank_bucket x other_st_faster_than_target_count_bucket,3 | 1,1955,404,20.66,195500,213700,18200,109.31,528.96,15.76,78.52,498.07,30.79,4.9,30.89,mixed_edge
1-3,lane1_target_class_pair,A1-B2,102,16,15.69,10200,11130,930,109.12,695.62,15.76,78.52,498.07,30.6,-0.07,197.55,price_distortion
1-2,lane1_exhibition_st_rank_bucket,1,4253,1069,25.14,425300,463990,38690,109.1,434.04,18.8,81.32,432.61,27.78,6.34,1.43,probability_plus_price
1-2,lane1_start_exhibition_gap_bucket,best,4253,1069,25.14,425300,463990,38690,109.1,434.04,18.8,81.32,432.61,27.78,6.34,1.43,probability_plus_price
1-4,target_exhibition_st_rank_bucket x other_st_faster_than_target_count_bucket,3 | 0,215,38,17.67,21500,23450,1950,109.07,617.11,10.14,75.45,744.07,33.62,7.53,-126.96,probability_plus_price
1-2,lane1_target_start_gap_pair,<=0.03-best,837,234,27.96,83700,91160,7460,108.91,389.57,18.8,81.32,432.61,27.59,9.16,-43.04,probability_plus_price
1-2,target_lane x lane1_target_start_gap_pair,2 | <=0.03-best,837,234,27.96,83700,91160,7460,108.91,389.57,18.8,81.32,432.61,27.59,9.16,-43.04,probability_plus_price
1-2,lane1_start_exhibition_gap_bucket x target_start_exhibition_gap_bucket,<=0.03 | best,837,234,27.96,83700,91160,7460,108.91,389.57,18.8,81.32,432.61,27.59,9.16,-43.04,probability_plus_price
1-5,lane1_target_group_pair x other_a_count_bucket,A-B | 4,155,9,5.81,15500,16880,1380,108.9,1875.56,6.69,80.94,1209.34,27.96,-0.88,666.22,price_distortion
1-4,lane1_target_exhibition_time_diff_bucket x lane1_target_start_exhibition_st_diff_bucket,lane1_faster_0.10+ | target_faster_0.03_0.06,221,21,9.5,22100,24000,1900,108.6,1142.86,10.14,75.45,744.07,33.15,-0.64,398.79,price_distortion
1-4,lane1_target_start_gap_pair,0.04-0.06-<=0.03,605,72,11.9,60500,65590,5090,108.41,910.97,10.14,75.45,744.07,32.96,1.76,166.9,price_distortion
1-4,target_lane x lane1_target_start_gap_pair,4 | 0.04-0.06-<=0.03,605,72,11.9,60500,65590,5090,108.41,910.97,10.14,75.45,744.07,32.96,1.76,166.9,price_distortion
1-4,lane1_start_exhibition_gap_bucket x target_start_exhibition_gap_bucket,0.04-0.06 | <=0.03,605,72,11.9,60500,65590,5090,108.41,910.97,10.14,75.45,744.07,32.96,1.76,166.9,price_distortion
1-5,lane1_target_national_rank_pair x target_outer_pressure_bucket,3-1 | high_other_pressure,188,31,16.49,18800,20380,1580,108.4,657.42,6.69,80.94,1209.34,27.46,9.8,-551.92,probability_plus_price
1-6,lane1_target_group_pair x target_outer_pressure_bucket,B-A | low_other_pressure,264,28,10.61,26400,28540,2140,108.11,1019.29,3.7,65.46,1770.57,42.65,6.91,-751.28,probability_plus_price
1-4,target_exhibition_st_rank_bucket x other_st_faster_than_target_count_bucket,3 | 1,1169,173,14.8,116900,126360,9460,108.09,730.4,10.14,75.45,744.07,32.64,4.66,-13.67,mixed_edge
1-4,lane1_target_start_gap_pair x target_outer_pressure_bucket,best-0.04-0.06 | high_other_pressure,867,118,13.61,86700,93690,6990,108.06,793.98,10.14,75.45,744.07,32.61,3.47,49.91,mixed_edge
1-5,lane1_target_exhibition_st_rank_pair,1-3,560,62,11.07,56000,60360,4360,107.79,973.55,6.69,80.94,1209.34,26.85,4.38,-235.79,mixed_edge
1-5,lane1_exhibition_st_rank_bucket x target_exhibition_st_rank_bucket,1 | 3,560,62,11.07,56000,60360,4360,107.79,973.55,6.69,80.94,1209.34,26.85,4.38,-235.79,mixed_edge
1-5,other_group_pattern,A-A-B-A,587,33,5.62,58700,63260,4560,107.77,1916.97,6.69,80.94,1209.34,26.83,-1.07,707.63,price_distortion
1-4,lane1_target_start_gap_pair,best-0.04-0.06,1076,166,15.43,107600,115810,8210,107.63,697.65,10.14,75.45,744.07,32.18,5.29,-46.42,probability_plus_price
1-4,target_lane x lane1_target_start_gap_pair,4 | best-0.04-0.06,1076,166,15.43,107600,115810,8210,107.63,697.65,10.14,75.45,744.07,32.18,5.29,-46.42,probability_plus_price
1-4,lane1_start_exhibition_gap_bucket x target_start_exhibition_gap_bucket,best | 0.04-0.06,1076,166,15.43,107600,115810,8210,107.63,697.65,10.14,75.45,744.07,32.18,5.29,-46.42,probability_plus_price
1-4,stadium_code,13,204,21,10.29,20400,21940,1540,107.55,1044.76,10.14,75.45,744.07,32.1,0.15,300.69,price_distortion
1-4,stadium_code x target_lane,13 | 4,204,21,10.29,20400,21940,1540,107.55,1044.76,10.14,75.45,744.07,32.1,0.15,300.69,price_distortion
1-3,lane1_target_start_gap_pair x target_outer_pressure_bucket,best-<=0.03 | some_other_pressure,200,63,31.5,20000,21480,1480,107.4,340.95,15.76,78.52,498.07,28.88,15.74,-157.12,probability_plus_price
1-2,lane1_target_start_gap_pair,best-0.04-0.06,1252,311,24.84,125200,134350,9150,107.31,431.99,18.8,81.32,432.61,25.99,6.04,-0.62,probability_plus_price
1-2,target_lane x lane1_target_start_gap_pair,2 | best-0.04-0.06,1252,311,24.84,125200,134350,9150,107.31,431.99,18.8,81.32,432.61,25.99,6.04,-0.62,probability_plus_price
1-2,lane1_start_exhibition_gap_bucket x target_start_exhibition_gap_bucket,best | 0.04-0.06,1252,311,24.84,125200,134350,9150,107.31,431.99,18.8,81.32,432.61,25.99,6.04,-0.62,probability_plus_price
1-6,lane1_target_exhibition_time_diff_bucket x lane1_target_start_exhibition_st_diff_bucket,target_faster_0.10+ | lane1_faster_0.06+,218,11,5.05,21800,23350,1550,107.11,2122.73,3.7,65.46,1770.57,41.65,1.35,352.16,price_distortion
1-3,target_exhibition_st_rank_bucket x other_st_faster_than_target_count_bucket,4+ | 1,161,32,19.88,16100,17240,1140,107.08,538.75,15.76,78.52,498.07,28.56,4.12,40.68,mixed_edge
1-6,lane1_target_class_pair,B1-A1,837,74,8.84,83700,89420,5720,106.83,1208.38,3.7,65.46,1770.57,41.37,5.14,-562.19,probability_plus_price
1-4,lane1_target_exhibition_time_diff_bucket x lane1_target_start_exhibition_st_diff_bucket,near_equal | lane1_faster_0.03_0.06,932,128,13.73,93200,99300,6100,106.55,775.78,10.14,75.45,744.07,31.1,3.59,31.71,mixed_edge
1-5,target_start_exhibition_gap_bucket,best,2141,193,9.01,214100,228080,13980,106.53,1181.76,6.69,80.94,1209.34,25.59,2.32,-27.58,mixed_edge
1-5,target_lane x target_start_exhibition_gap_bucket,5 | best,2141,193,9.01,214100,228080,13980,106.53,1181.76,6.69,80.94,1209.34,25.59,2.32,-27.58,mixed_edge
1-5,lane1_target_national_rank_pair,3-1,397,69,17.38,39700,42200,2500,106.3,611.59,6.69,80.94,1209.34,25.36,10.69,-597.75,probability_plus_price
1-5,target_lane x lane1_target_national_rank_pair,5 | 3-1,397,69,17.38,39700,42200,2500,106.3,611.59,6.69,80.94,1209.34,25.36,10.69,-597.75,probability_plus_price
1-5,stadium_code,24,634,58,9.15,63400,67340,3940,106.21,1161.03,6.69,80.94,1209.34,25.27,2.46,-48.31,mixed_edge
1-5,stadium_code x target_lane,24 | 5,634,58,9.15,63400,67340,3940,106.21,1161.03,6.69,80.94,1209.34,25.27,2.46,-48.31,mixed_edge
1-6,lane1_target_start_gap_pair x target_outer_pressure_bucket,<=0.03->0.06 | low_other_pressure,42,5,11.9,4200,4460,260,106.19,892.0,3.7,65.46,1770.57,40.73,8.2,-878.57,probability_plus_price
1-3,lane1_target_start_gap_pair x target_outer_pressure_bucket,best-0.04-0.06 | low_other_pressure,67,23,34.33,6700,7090,390,105.82,308.26,15.76,78.52,498.07,27.3,18.57,-189.81,probability_plus_price
1-5,lane1_target_start_gap_pair x target_outer_pressure_bucket,0.04-0.06-<=0.03 | high_other_pressure,509,29,5.7,50900,53820,2920,105.74,1855.86,6.69,80.94,1209.34,24.8,-0.99,646.52,mixed_edge
1-5,lane1_target_exhibition_time_diff_bucket x lane1_target_start_exhibition_st_diff_bucket,lane1_faster_0.05_0.10 | target_faster_0.03_0.06,323,29,8.98,32300,34020,1720,105.33,1173.1,6.69,80.94,1209.34,24.39,2.29,-36.24,mixed_edge
1-6,lane1_target_start_gap_pair x target_outer_pressure_bucket,<=0.03-best | high_other_pressure,361,21,5.82,36100,37980,1880,105.21,1808.57,3.7,65.46,1770.57,39.75,2.12,38.0,mixed_edge
1-4,other_group_pattern,B-A-A-A,448,43,9.6,44800,47110,2310,105.16,1095.58,10.14,75.45,744.07,29.71,-0.54,351.51,price_distortion
1-5,lane1_target_start_gap_pair x target_outer_pressure_bucket,0.04-0.06-<=0.03 | some_other_pressure,74,7,9.46,7400,7780,380,105.14,1111.43,6.69,80.94,1209.34,24.2,2.77,-97.91,mixed_edge
1-3,stadium_code,13,204,34,16.67,20400,21440,1040,105.1,630.59,15.76,78.52,498.07,26.58,0.91,132.52,price_distortion
1-3,stadium_code x target_lane,13 | 3,204,34,16.67,20400,21440,1040,105.1,630.59,15.76,78.52,498.07,26.58,0.91,132.52,price_distortion
1-5,lane1_target_exhibition_time_diff_bucket x lane1_target_start_exhibition_st_diff_bucket,target_faster_0.05_0.10 | target_faster_0.03_0.06,165,9,5.45,16500,17320,820,104.97,1924.44,6.69,80.94,1209.34,24.03,-1.24,715.1,mixed_edge
1-5,lane1_target_start_exhibition_st_diff_bucket,near_equal,3253,258,7.93,325300,341180,15880,104.88,1322.4,6.69,80.94,1209.34,23.94,1.24,113.06,mixed_edge
1-3,lane1_target_exhibition_time_diff_bucket x lane1_target_start_exhibition_st_diff_bucket,target_faster_0.05_0.10 | lane1_faster_0.03_0.06,288,59,20.49,28800,30160,1360,104.72,511.19,15.76,78.52,498.07,26.2,4.73,13.12,mixed_edge
1-4,lane1_target_group_pair x other_a_count_bucket,B-A | 4,33,3,9.09,3300,3450,150,104.55,1150.0,10.14,75.45,744.07,29.1,-1.05,405.93,price_distortion
1-5,target_exhibition_st_rank_bucket,2,1899,164,8.64,189900,198490,8590,104.52,1210.3,6.69,80.94,1209.34,23.58,1.95,0.96,mixed_edge
1-5,target_lane x target_exhibition_st_rank_bucket,5 | 2,1899,164,8.64,189900,198490,8590,104.52,1210.3,6.69,80.94,1209.34,23.58,1.95,0.96,mixed_edge
1-6,target_exhibition_st_rank_bucket x other_st_faster_than_target_count_bucket,3 | 1,763,41,5.37,76300,79750,3450,104.52,1945.12,3.7,65.46,1770.57,39.06,1.67,174.55,price_distortion
1-6,lane1_target_group_pair x other_a_count_bucket,B-A | 1,561,48,8.56,56100,58630,2530,104.51,1221.46,3.7,65.46,1770.57,39.05,4.86,-549.11,mixed_edge
1-5,lane1_target_start_gap_pair x target_outer_pressure_bucket,best->0.06 | low_other_pressure,83,14,16.87,8300,8670,370,104.46,619.29,6.69,80.94,1209.34,23.52,10.18,-590.05,mixed_edge
1-5,lane1_target_exhibition_time_diff_bucket x lane1_target_start_exhibition_st_diff_bucket,near_equal | near_equal,1596,137,8.58,159600,166700,7100,104.45,1216.79,6.69,80.94,1209.34,23.51,1.89,7.45,mixed_edge
1-4,lane1_target_class_pair,B1-B2,418,14,3.35,41800,43580,1780,104.26,3112.86,10.14,75.45,744.07,28.81,-6.79,2368.79,price_distortion
1-6,lane1_target_national_rank_pair x target_outer_pressure_bucket,4+-1 | some_other_pressure,189,12,6.35,18900,19700,800,104.23,1641.67,3.7,65.46,1770.57,38.77,2.65,-128.9,mixed_edge
1-2,lane1_target_start_gap_pair x target_outer_pressure_bucket,best-0.04-0.06 | high_other_pressure,961,204,21.23,96100,100050,3950,104.11,490.44,18.8,81.32,432.61,22.79,2.43,57.83,mixed_edge
1-4,lane1_target_group_pair x target_outer_pressure_bucket,B-B | low_other_pressure,32,5,15.62,3200,3330,130,104.06,666.0,10.14,75.45,744.07,28.61,5.48,-78.07,probability_plus_price
1-2,lane1_target_start_gap_pair x target_outer_pressure_bucket,0.04-0.06-best | high_other_pressure,295,63,21.36,29500,30680,1180,104.0,486.98,18.8,81.32,432.61,22.68,2.56,54.37,mixed_edge
1-2,lane1_target_start_gap_pair x target_outer_pressure_bucket,<=0.03-best | some_other_pressure,174,60,34.48,17400,18080,680,103.91,301.33,18.8,81.32,432.61,22.59,15.68,-131.28,mixed_edge
1-3,lane1_target_exhibition_time_diff_bucket x lane1_target_start_exhibition_st_diff_bucket,lane1_faster_0.05_0.10 | lane1_faster_0.03_0.06,528,104,19.7,52800,54730,1930,103.66,526.25,15.76,78.52,498.07,25.14,3.94,28.18,mixed_edge
1-2,other_group_pattern,A-B-B-B,805,167,20.75,80500,83440,2940,103.65,499.64,18.8,81.32,432.61,22.33,1.95,67.03,mixed_edge
1-2,other_st_faster_than_target_count_bucket,0,3649,900,24.66,364900,378190,13290,103.64,420.21,18.8,81.32,432.61,22.32,5.86,-12.4,mixed_edge
1-2,other_group_pattern,B-A-A-A,380,74,19.47,38000,39360,1360,103.58,531.89,18.8,81.32,432.61,22.26,0.67,99.28,mixed_edge
1-6,lane1_target_start_gap_pair x target_outer_pressure_bucket,best-best | high_other_pressure,76,5,6.58,7600,7860,260,103.42,1572.0,3.7,65.46,1770.57,37.96,2.88,-198.57,mixed_edge
1-4,lane1_target_start_gap_pair x target_outer_pressure_bucket,<=0.03-0.04-0.06 | low_other_pressure,30,7,23.33,3000,3100,100,103.33,442.86,10.14,75.45,744.07,27.88,13.19,-301.21,probability_plus_price
1-2,lane1_target_start_gap_pair x target_outer_pressure_bucket,<=0.03-<=0.03 | low_other_pressure,60,18,30.0,6000,6190,190,103.17,343.89,18.8,81.32,432.61,21.85,11.2,-88.72,mixed_edge
1-2,lane1_target_national_rank_pair x target_outer_pressure_bucket,3-2 | high_other_pressure,200,53,26.5,20000,20610,610,103.05,388.87,18.8,81.32,432.61,21.73,7.7,-43.74,mixed_edge
1-4,target_exhibition_st_rank_bucket x other_st_faster_than_target_count_bucket,4+ | 0,33,5,15.15,3300,3400,100,103.03,680.0,10.14,75.45,744.07,27.58,5.01,-64.07,probability_plus_price
1-6,other_st_faster_than_target_count_bucket,0,2466,157,6.37,246600,254010,7410,103.0,1617.9,3.7,65.46,1770.57,37.54,2.67,-152.67,mixed_edge
1-3,lane1_target_group_pair x other_a_count_bucket,A-B | 4,130,22,16.92,13000,13390,390,103.0,608.64,15.76,78.52,498.07,24.48,1.16,110.57,mixed_edge
1-2,stadium_code,01,552,115,20.83,55200,56680,1480,102.68,492.87,18.8,81.32,432.61,21.36,2.03,60.26,mixed_edge
1-2,stadium_code x target_lane,01 | 2,552,115,20.83,55200,56680,1480,102.68,492.87,18.8,81.32,432.61,21.36,2.03,60.26,mixed_edge
1-6,target_exhibition_rank_bucket,1,1621,97,5.98,162100,166430,4330,102.67,1715.77,3.7,65.46,1770.57,37.21,2.28,-54.8,mixed_edge
1-6,target_exhibition_rank_bucket x other_exhibition_faster_than_target_count_bucket,1 | 0,1621,97,5.98,162100,166430,4330,102.67,1715.77,3.7,65.46,1770.57,37.21,2.28,-54.8,mixed_edge
1-2,lane1_target_class_pair,B2-A2,93,9,9.68,9300,9540,240,102.58,1060.0,18.8,81.32,432.61,21.26,-9.12,627.39,mixed_edge
1-5,target_exhibition_st_rank_bucket x other_st_faster_than_target_count_bucket,4+ | 1,457,44,9.63,45700,46850,1150,102.52,1064.77,6.69,80.94,1209.34,21.58,2.94,-144.57,mixed_edge
1-3,lane1_target_exhibition_time_diff_bucket x lane1_target_start_exhibition_st_diff_bucket,lane1_faster_0.10+ | near_equal,551,103,18.69,55100,56480,1380,102.5,548.35,15.76,78.52,498.07,23.98,2.93,50.28,mixed_edge
1-6,lane1_target_start_gap_pair x target_outer_pressure_bucket,0.04-0.06-best | low_other_pressure,53,9,16.98,5300,5430,130,102.45,603.33,3.7,65.46,1770.57,36.99,13.28,-1167.24,probability_plus_price
1-6,target_outer_pressure_bucket,low_other_pressure,745,86,11.54,74500,76240,1740,102.34,886.51,3.7,65.46,1770.57,36.88,7.84,-884.06,probability_plus_price
1-6,target_lane x target_outer_pressure_bucket,6 | low_other_pressure,745,86,11.54,74500,76240,1740,102.34,886.51,3.7,65.46,1770.57,36.88,7.84,-884.06,probability_plus_price
1-6,lane1_target_exhibition_st_rank_pair,3-1,253,19,7.51,25300,25890,590,102.33,1362.63,3.7,65.46,1770.57,36.87,3.81,-407.94,mixed_edge
1-6,lane1_exhibition_st_rank_bucket x target_exhibition_st_rank_bucket,3 | 1,253,19,7.51,25300,25890,590,102.33,1362.63,3.7,65.46,1770.57,36.87,3.81,-407.94,mixed_edge
1-5,lane1_motor_rank_bucket,3,2024,151,7.46,202400,206840,4440,102.19,1369.8,6.69,80.94,1209.34,21.25,0.77,160.46,mixed_edge
1-2,lane1_target_national_rank_pair x target_outer_pressure_bucket,4+-2 | some_other_pressure,549,105,19.13,54900,56040,1140,102.08,533.71,18.8,81.32,432.61,20.76,0.33,101.1,mixed_edge
1-5,lane1_target_start_gap_pair,0.04-0.06-<=0.03,621,40,6.44,62100,63380,1280,102.06,1584.5,6.69,80.94,1209.34,21.12,-0.25,375.16,mixed_edge
1-5,target_lane x lane1_target_start_gap_pair,5 | 0.04-0.06-<=0.03,621,40,6.44,62100,63380,1280,102.06,1584.5,6.69,80.94,1209.34,21.12,-0.25,375.16,mixed_edge
1-5,lane1_start_exhibition_gap_bucket x target_start_exhibition_gap_bucket,0.04-0.06 | <=0.03,621,40,6.44,62100,63380,1280,102.06,1584.5,6.69,80.94,1209.34,21.12,-0.25,375.16,mixed_edge
1-6,other_group_pattern,B-B-B-A,646,38,5.88,64600,65830,1230,101.9,1732.37,3.7,65.46,1770.57,36.44,2.18,-38.2,mixed_edge
1-5,lane1_target_start_gap_pair,best-0.04-0.06,1009,110,10.9,100900,102770,1870,101.85,934.27,6.69,80.94,1209.34,20.91,4.21,-275.07,mixed_edge
1-5,target_lane x lane1_target_start_gap_pair,5 | best-0.04-0.06,1009,110,10.9,100900,102770,1870,101.85,934.27,6.69,80.94,1209.34,20.91,4.21,-275.07,mixed_edge
1-5,lane1_start_exhibition_gap_bucket x target_start_exhibition_gap_bucket,best | 0.04-0.06,1009,110,10.9,100900,102770,1870,101.85,934.27,6.69,80.94,1209.34,20.91,4.21,-275.07,mixed_edge
1-2,lane1_target_start_gap_pair x target_outer_pressure_bucket,<=0.03->0.06 | some_other_pressure,72,18,25.0,7200,7330,130,101.81,407.22,18.8,81.32,432.61,20.49,6.2,-25.39,mixed_edge
1-6,lane1_target_group_pair x other_a_count_bucket,B-B | 1,583,17,2.92,58300,59330,1030,101.77,3490.0,3.7,65.46,1770.57,36.31,-0.78,1719.43,price_distortion
1-4,target_exhibition_st_rank_bucket x other_st_faster_than_target_count_bucket,2 | 0,840,140,16.67,84000,85300,1300,101.55,609.29,10.14,75.45,744.07,26.1,6.53,-134.78,probability_plus_price
1-2,lane1_target_exhibition_time_diff_bucket x lane1_target_start_exhibition_st_diff_bucket,target_faster_0.10+ | near_equal,267,61,22.85,26700,27100,400,101.5,444.26,18.8,81.32,432.61,20.18,4.05,11.65,mixed_edge
1-5,other_st_faster_than_target_count_bucket,0,2837,259,9.13,283700,287890,4190,101.48,1111.54,6.69,80.94,1209.34,20.54,2.44,-97.8,mixed_edge
1-5,stadium_code,22,719,48,6.68,71900,72850,950,101.32,1517.71,6.69,80.94,1209.34,20.38,-0.01,308.37,mixed_edge
1-5,stadium_code x target_lane,22 | 5,719,48,6.68,71900,72850,950,101.32,1517.71,6.69,80.94,1209.34,20.38,-0.01,308.37,mixed_edge
1-3,stadium_code,19,516,112,21.71,51600,52280,680,101.32,466.79,15.76,78.52,498.07,22.8,5.95,-31.28,mixed_edge
1-3,stadium_code x target_lane,19 | 3,516,112,21.71,51600,52280,680,101.32,466.79,15.76,78.52,498.07,22.8,5.95,-31.28,mixed_edge
1-6,lane1_target_start_gap_pair,best-0.04-0.06,841,48,5.71,84100,84960,860,101.02,1770.0,3.7,65.46,1770.57,35.56,2.01,-0.57,mixed_edge
1-6,target_lane x lane1_target_start_gap_pair,6 | best-0.04-0.06,841,48,5.71,84100,84960,860,101.02,1770.0,3.7,65.46,1770.57,35.56,2.01,-0.57,mixed_edge
1-6,lane1_start_exhibition_gap_bucket x target_start_exhibition_gap_bucket,best | 0.04-0.06,841,48,5.71,84100,84960,860,101.02,1770.0,3.7,65.46,1770.57,35.56,2.01,-0.57,mixed_edge
1-3,lane1_target_national_rank_pair x target_outer_pressure_bucket,2-1 | some_other_pressure,129,46,35.66,12900,13030,130,101.01,283.26,15.76,78.52,498.07,22.49,19.9,-214.81,mixed_edge
1-2,lane1_target_start_gap_pair x target_outer_pressure_bucket,0.04-0.06-<=0.03 | some_other_pressure,100,32,32.0,10000,10100,100,101.0,315.62,18.8,81.32,432.61,19.68,13.2,-116.99,mixed_edge
1-5,target_exhibition_rank_bucket x other_exhibition_faster_than_target_count_bucket,3 | 2,600,40,6.67,60000,60510,510,100.85,1512.75,6.69,80.94,1209.34,19.91,-0.02,303.41,mixed_edge
1-6,target_exhibition_st_rank_bucket,1,1358,83,6.11,135800,136750,950,100.7,1647.59,3.7,65.46,1770.57,35.24,2.41,-122.98,mixed_edge
1-6,target_lane x target_exhibition_st_rank_bucket,6 | 1,1358,83,6.11,135800,136750,950,100.7,1647.59,3.7,65.46,1770.57,35.24,2.41,-122.98,mixed_edge
1-6,target_exhibition_st_rank_bucket x other_st_faster_than_target_count_bucket,1 | 0,1358,83,6.11,135800,136750,950,100.7,1647.59,3.7,65.46,1770.57,35.24,2.41,-122.98,mixed_edge
1-4,target_exhibition_rank_bucket x other_exhibition_faster_than_target_count_bucket,3 | 1,1299,165,12.7,129900,130810,910,100.7,792.79,10.14,75.45,744.07,25.25,2.56,48.72,mixed_edge
1-4,stadium_code,09,669,82,12.26,66900,67360,460,100.69,821.46,10.14,75.45,744.07,25.24,2.12,77.39,mixed_edge
1-4,stadium_code x target_lane,09 | 4,669,82,12.26,66900,67360,460,100.69,821.46,10.14,75.45,744.07,25.24,2.12,77.39,mixed_edge
1-4,lane1_target_start_gap_pair,best-best,195,35,17.95,19500,19630,130,100.67,560.86,10.14,75.45,744.07,25.22,7.81,-183.21,probability_plus_price
1-4,target_lane x lane1_target_start_gap_pair,4 | best-best,195,35,17.95,19500,19630,130,100.67,560.86,10.14,75.45,744.07,25.22,7.81,-183.21,probability_plus_price
1-4,lane1_start_exhibition_gap_bucket x target_start_exhibition_gap_bucket,best | best,195,35,17.95,19500,19630,130,100.67,560.86,10.14,75.45,744.07,25.22,7.81,-183.21,probability_plus_price
1-2,other_group_pattern,A-B-A-A,495,83,16.77,49500,49790,290,100.59,599.88,18.8,81.32,432.61,19.27,-2.03,167.27,mixed_edge
1-5,meeting_phase_bucket,day5+,3629,302,8.32,362900,365020,2120,100.58,1208.68,6.69,80.94,1209.34,19.64,1.63,-0.66,mixed_edge
1-5,meeting_phase_bucket x target_lane,day5+ | 5,3629,302,8.32,362900,365020,2120,100.58,1208.68,6.69,80.94,1209.34,19.64,1.63,-0.66,mixed_edge
1-6,lane1_target_start_gap_pair x target_outer_pressure_bucket,0.04-0.06-best | high_other_pressure,337,10,2.97,33700,33890,190,100.56,3389.0,3.7,65.46,1770.57,35.1,-0.73,1618.43,price_distortion
1-2,target_start_exhibition_gap_bucket,<=0.03,3366,796,23.65,336600,338420,1820,100.54,425.15,18.8,81.32,432.61,19.22,4.85,-7.46,mixed_edge
1-2,target_lane x target_start_exhibition_gap_bucket,2 | <=0.03,3366,796,23.65,336600,338420,1820,100.54,425.15,18.8,81.32,432.61,19.22,4.85,-7.46,mixed_edge
1-3,lane1_target_group_pair x other_a_count_bucket,B-A | 3,241,31,12.86,24100,24210,110,100.46,780.97,15.76,78.52,498.07,21.94,-2.9,282.9,mixed_edge
1-2,lane1_target_national_rank_pair x target_outer_pressure_bucket,2-3 | some_other_pressure,311,84,27.01,31100,31240,140,100.45,371.9,18.8,81.32,432.61,19.13,8.21,-60.71,mixed_edge
1-2,lane1_target_national_rank_pair,4+-2,1051,185,17.6,105100,105390,290,100.28,569.68,18.8,81.32,432.61,18.96,-1.2,137.07,mixed_edge
1-2,target_lane x lane1_target_national_rank_pair,2 | 4+-2,1051,185,17.6,105100,105390,290,100.28,569.68,18.8,81.32,432.61,18.96,-1.2,137.07,mixed_edge
1-3,lane1_target_class_pair,B1-B2,182,17,9.34,18200,18250,50,100.27,1073.53,15.76,78.52,498.07,21.75,-6.42,575.46,mixed_edge
1-3,lane1_class,B2,318,33,10.38,31800,31850,50,100.16,965.15,15.76,78.52,498.07,21.64,-5.38,467.08,mixed_edge
1-3,target_class,B2,463,55,11.88,46300,46350,50,100.11,842.73,15.76,78.52,498.07,21.59,-3.88,344.66,mixed_edge
1-5,lane1_boat_rank_bucket,2,2158,163,7.55,215800,215950,150,100.07,1324.85,6.69,80.94,1209.34,19.13,0.86,115.51,mixed_edge
1-2,lane1_target_group_pair x target_outer_pressure_bucket,A-B | some_other_pressure,367,122,33.24,36700,36720,20,100.05,300.98,18.8,81.32,432.61,18.73,14.44,-131.63,mixed_edge
1-5,lane1_target_exhibition_st_rank_pair,2-3,286,26,9.09,28600,28490,-110,99.62,1095.77,6.69,80.94,1209.34,18.68,2.4,-113.57,mixed_edge
1-5,lane1_exhibition_st_rank_bucket x target_exhibition_st_rank_bucket,2 | 3,286,26,9.09,28600,28490,-110,99.62,1095.77,6.69,80.94,1209.34,18.68,2.4,-113.57,mixed_edge
1-4,target_exhibition_rank_bucket x other_exhibition_faster_than_target_count_bucket,3 | 0,158,20,12.66,15800,15730,-70,99.56,786.5,10.14,75.45,744.07,24.11,2.52,42.43,mixed_edge
1-2,lane1_target_start_gap_pair,0.04-0.06-<=0.03,531,119,22.41,53100,52800,-300,99.44,443.7,18.8,81.32,432.61,18.12,3.61,11.09,mixed_edge
1-2,target_lane x lane1_target_start_gap_pair,2 | 0.04-0.06-<=0.03,531,119,22.41,53100,52800,-300,99.44,443.7,18.8,81.32,432.61,18.12,3.61,11.09,mixed_edge
1-2,lane1_start_exhibition_gap_bucket x target_start_exhibition_gap_bucket,0.04-0.06 | <=0.03,531,119,22.41,53100,52800,-300,99.44,443.7,18.8,81.32,432.61,18.12,3.61,11.09,mixed_edge
1-2,lane1_target_national_rank_pair x target_outer_pressure_bucket,3-1 | low_other_pressure,148,46,31.08,14800,14700,-100,99.32,319.57,18.8,81.32,432.61,18.0,12.28,-113.04,mixed_edge
1-2,lane1_target_exhibition_time_diff_bucket x lane1_target_start_exhibition_st_diff_bucket,lane1_faster_0.10+ | near_equal,550,127,23.09,55000,54600,-400,99.27,429.92,18.8,81.32,432.61,17.95,4.29,-2.69,mixed_edge
1-2,lane1_target_start_gap_pair,best->0.06,1047,233,22.25,104700,103790,-910,99.13,445.45,18.8,81.32,432.61,17.81,3.45,12.84,mixed_edge
1-2,target_lane x lane1_target_start_gap_pair,2 | best->0.06,1047,233,22.25,104700,103790,-910,99.13,445.45,18.8,81.32,432.61,17.81,3.45,12.84,mixed_edge
1-2,lane1_start_exhibition_gap_bucket x target_start_exhibition_gap_bucket,best | >0.06,1047,233,22.25,104700,103790,-910,99.13,445.45,18.8,81.32,432.61,17.81,3.45,12.84,mixed_edge
1-6,lane1_target_start_gap_pair x target_outer_pressure_bucket,0.04-0.06->0.06 | low_other_pressure,44,3,6.82,4400,4360,-40,99.09,1453.33,3.7,65.46,1770.57,33.63,3.12,-317.24,mixed_edge
1-6,lane1_target_start_gap_pair x target_outer_pressure_bucket,best->0.06 | some_other_pressure,273,18,6.59,27300,27050,-250,99.08,1502.78,3.7,65.46,1770.57,33.62,2.89,-267.79,mixed_edge
1-6,lane1_target_start_gap_pair x target_outer_pressure_bucket,best-0.04-0.06 | high_other_pressure,655,29,4.43,65500,64800,-700,98.93,2234.48,3.7,65.46,1770.57,33.47,0.73,463.91,price_distortion
1-6,lane1_target_start_gap_pair x target_outer_pressure_bucket,>0.06-best | low_other_pressure,73,7,9.59,7300,7220,-80,98.9,1031.43,3.7,65.46,1770.57,33.44,5.89,-739.14,probability_plus_price
1-3,stadium_code,20,432,82,18.98,43200,42640,-560,98.7,520.0,15.76,78.52,498.07,20.18,3.22,21.93,mixed_edge
1-3,stadium_code x target_lane,20 | 3,432,82,18.98,43200,42640,-560,98.7,520.0,15.76,78.52,498.07,20.18,3.22,21.93,mixed_edge
1-5,lane1_target_start_gap_pair x target_outer_pressure_bucket,<=0.03-<=0.03 | high_other_pressure,600,40,6.67,60000,59200,-800,98.67,1480.0,6.69,80.94,1209.34,17.73,-0.02,270.66,mixed_edge
1-4,lane1_target_exhibition_time_diff_bucket x lane1_target_start_exhibition_st_diff_bucket,target_faster_0.10+ | lane1_faster_0.03_0.06,82,10,12.2,8200,8080,-120,98.54,808.0,10.14,75.45,744.07,23.09,2.06,63.93,mixed_edge
1-2,target_exhibition_st_rank_bucket x other_st_faster_than_target_count_bucket,3 | 1,1616,355,21.97,161600,159210,-2390,98.52,448.48,18.8,81.32,432.61,17.2,3.17,15.87,mixed_edge
1-4,lane1_target_group_pair x other_a_count_bucket,A-B | 4,123,14,11.38,12300,12110,-190,98.46,865.0,10.14,75.45,744.07,23.01,1.24,120.93,mixed_edge
1-3,other_b2_count_bucket,2,419,96,22.91,41900,41210,-690,98.35,429.27,15.76,78.52,498.07,19.83,7.15,-68.8,mixed_edge
1-2,lane1_target_national_rank_pair x target_outer_pressure_bucket,4+-2 | high_other_pressure,502,80,15.94,50200,49350,-850,98.31,616.88,18.8,81.32,432.61,16.99,-2.86,184.27,mixed_edge
1-5,lane1_start_exhibition_gap_bucket,<=0.03,2929,230,7.85,292900,287500,-5400,98.16,1250.0,6.69,80.94,1209.34,17.22,1.16,40.66,mixed_edge
1-2,lane1_target_exhibition_time_diff_bucket x lane1_target_start_exhibition_st_diff_bucket,target_faster_0.10+ | target_faster_0.03_0.06,93,23,24.73,9300,9110,-190,97.96,396.09,18.8,81.32,432.61,16.64,5.93,-36.52,mixed_edge
1-4,lane1_target_exhibition_st_rank_pair,2-1,423,58,13.71,42300,41400,-900,97.87,713.79,10.14,75.45,744.07,22.42,3.57,-30.28,mixed_edge
1-4,lane1_exhibition_st_rank_bucket x target_exhibition_st_rank_bucket,2 | 1,423,58,13.71,42300,41400,-900,97.87,713.79,10.14,75.45,744.07,22.42,3.57,-30.28,mixed_edge
1-4,lane1_target_start_exhibition_st_diff_bucket,lane1_faster_0.03_0.06,1969,260,13.2,196900,192080,-4820,97.55,738.77,10.14,75.45,744.07,22.1,3.06,-5.3,mixed_edge
1-6,lane1_target_national_rank_pair x target_outer_pressure_bucket,4+-1 | high_other_pressure,471,36,7.64,47100,45930,-1170,97.52,1275.83,3.7,65.46,1770.57,32.06,3.94,-494.74,mixed_edge
1-2,stadium_code,13,204,46,22.55,20400,19880,-520,97.45,432.17,18.8,81.32,432.61,16.13,3.75,-0.44,mixed_edge
1-2,stadium_code x target_lane,13 | 2,204,46,22.55,20400,19880,-520,97.45,432.17,18.8,81.32,432.61,16.13,3.75,-0.44,mixed_edge
1-6,lane1_target_national_rank_pair,3-1,467,56,11.99,46700,45480,-1220,97.39,812.14,3.7,65.46,1770.57,31.93,8.29,-958.43,probability_plus_price
1-6,target_lane x lane1_target_national_rank_pair,6 | 3-1,467,56,11.99,46700,45480,-1220,97.39,812.14,3.7,65.46,1770.57,31.93,8.29,-958.43,probability_plus_price
1-5,lane1_target_start_gap_pair x target_outer_pressure_bucket,0.04-0.06-0.04-0.06 | high_other_pressure,404,26,6.44,40400,39340,-1060,97.38,1513.08,6.69,80.94,1209.34,16.44,-0.25,303.74,mixed_edge
1-5,lane1_target_national_rank_pair x target_outer_pressure_bucket,4+-2 | high_other_pressure,508,31,6.1,50800,49430,-1370,97.3,1594.52,6.69,80.94,1209.34,16.36,-0.59,385.18,mixed_edge
1-5,lane1_target_national_rank_pair x target_outer_pressure_bucket,1-2 | high_other_pressure,309,43,13.92,30900,30050,-850,97.25,698.84,6.69,80.94,1209.34,16.31,7.23,-510.5,mixed_edge
1-5,lane1_target_start_gap_pair,<=0.03-<=0.03,742,56,7.55,74200,72080,-2120,97.14,1287.14,6.69,80.94,1209.34,16.2,0.86,77.8,mixed_edge
1-5,target_lane x lane1_target_start_gap_pair,5 | <=0.03-<=0.03,742,56,7.55,74200,72080,-2120,97.14,1287.14,6.69,80.94,1209.34,16.2,0.86,77.8,mixed_edge
1-5,lane1_start_exhibition_gap_bucket x target_start_exhibition_gap_bucket,<=0.03 | <=0.03,742,56,7.55,74200,72080,-2120,97.14,1287.14,6.69,80.94,1209.34,16.2,0.86,77.8,mixed_edge
1-3,other_group_pattern,B-A-A-B,569,85,14.94,56900,55180,-1720,96.98,649.18,15.76,78.52,498.07,18.46,-0.82,151.11,mixed_edge
1-5,lane1_target_group_pair x target_outer_pressure_bucket,B-A | high_other_pressure,1312,86,6.55,131200,127020,-4180,96.81,1476.98,6.69,80.94,1209.34,15.87,-0.14,267.64,mixed_edge
1-2,lane1_target_group_pair x other_a_count_bucket,B-B | 3,547,47,8.59,54700,52940,-1760,96.78,1126.38,18.8,81.32,432.61,15.46,-10.21,693.77,mixed_edge
1-3,target_exhibition_rank_bucket,1,1789,336,18.78,178900,172640,-6260,96.5,513.81,15.76,78.52,498.07,17.98,3.02,15.74,mixed_edge
1-3,target_exhibition_rank_bucket x other_exhibition_faster_than_target_count_bucket,1 | 0,1789,336,18.78,178900,172640,-6260,96.5,513.81,15.76,78.52,498.07,17.98,3.02,15.74,mixed_edge
1-2,lane1_target_start_gap_pair x target_outer_pressure_bucket,best->0.06 | high_other_pressure,829,174,20.99,82900,79890,-3010,96.37,459.14,18.8,81.32,432.61,15.05,2.19,26.53,mixed_edge
1-3,lane1_target_group_pair x other_a_count_bucket,B-B | 2,991,82,8.27,99100,95370,-3730,96.24,1163.05,15.76,78.52,498.07,17.72,-7.49,664.98,mixed_edge
1-5,lane1_target_class_pair,A2-B2,388,10,2.58,38800,37330,-1470,96.21,3733.0,6.69,80.94,1209.34,15.27,-4.11,2523.66,mixed_edge
1-4,target_exhibition_rank_bucket x other_exhibition_faster_than_target_count_bucket,2 | 1,1022,105,10.27,102200,98320,-3880,96.2,936.38,10.14,75.45,744.07,20.75,0.13,192.31,mixed_edge
1-6,target_start_exhibition_gap_bucket,best,1849,114,6.17,184900,177820,-7080,96.17,1559.82,3.7,65.46,1770.57,30.71,2.47,-210.75,mixed_edge
1-6,target_lane x target_start_exhibition_gap_bucket,6 | best,1849,114,6.17,184900,177820,-7080,96.17,1559.82,3.7,65.46,1770.57,30.71,2.47,-210.75,mixed_edge
1-6,target_class_group x target_outer_pressure_bucket,A | low_other_pressure,674,77,11.42,67400,64810,-2590,96.16,841.69,3.7,65.46,1770.57,30.7,7.72,-928.88,probability_plus_price
1-2,target_national_win_rank_bucket x other_national_better_than_target_count_bucket,2 | 1,1511,295,19.52,151100,145220,-5880,96.11,492.27,18.8,81.32,432.61,14.79,0.72,59.66,mixed_edge
1-6,stadium_code,08,695,38,5.47,69500,66780,-2720,96.09,1757.37,3.7,65.46,1770.57,30.63,1.77,-13.2,mixed_edge
1-6,stadium_code x target_lane,08 | 6,695,38,5.47,69500,66780,-2720,96.09,1757.37,3.7,65.46,1770.57,30.63,1.77,-13.2,mixed_edge
1-3,lane1_target_group_pair x other_a_count_bucket,B-B | 1,480,64,13.33,48000,46100,-1900,96.04,720.31,15.76,78.52,498.07,17.52,-2.43,222.24,mixed_edge
1-5,lane1_target_start_gap_pair x target_outer_pressure_bucket,best-0.04-0.06 | high_other_pressure,831,73,8.78,83100,79800,-3300,96.03,1093.15,6.69,80.94,1209.34,15.09,2.09,-116.19,mixed_edge
1-3,lane1_target_start_gap_pair,best->0.06,1272,237,18.63,127200,121700,-5500,95.68,513.5,15.76,78.52,498.07,17.16,2.87,15.43,mixed_edge
1-3,target_lane x lane1_target_start_gap_pair,3 | best->0.06,1272,237,18.63,127200,121700,-5500,95.68,513.5,15.76,78.52,498.07,17.16,2.87,15.43,mixed_edge
1-3,lane1_start_exhibition_gap_bucket x target_start_exhibition_gap_bucket,best | >0.06,1272,237,18.63,127200,121700,-5500,95.68,513.5,15.76,78.52,498.07,17.16,2.87,15.43,mixed_edge
1-4,lane1_target_national_rank_pair x target_outer_pressure_bucket,4+-2 | high_other_pressure,547,61,11.15,54700,52330,-2370,95.67,857.87,10.14,75.45,744.07,20.22,1.01,113.8,mixed_edge
1-3,lane1_target_national_rank_pair x target_outer_pressure_bucket,3-1 | some_other_pressure,108,32,29.63,10800,10320,-480,95.56,322.5,15.76,78.52,498.07,17.04,13.87,-175.57,mixed_edge
1-5,other_st_faster_than_target_count_bucket,1,2611,206,7.89,261100,249390,-11710,95.52,1210.63,6.69,80.94,1209.34,14.58,1.2,1.29,mixed_edge
1-6,lane1_target_national_rank_pair,4+-1,947,69,7.29,94700,90330,-4370,95.39,1309.13,3.7,65.46,1770.57,29.93,3.59,-461.44,mixed_edge
1-6,target_lane x lane1_target_national_rank_pair,6 | 4+-1,947,69,7.29,94700,90330,-4370,95.39,1309.13,3.7,65.46,1770.57,29.93,3.59,-461.44,mixed_edge
1-5,target_exhibition_st_rank_bucket x other_st_faster_than_target_count_bucket,3 | 1,985,91,9.24,98500,93920,-4580,95.35,1032.09,6.69,80.94,1209.34,14.41,2.55,-177.25,mixed_edge
1-5,lane1_target_start_gap_pair,0.04-0.06-0.04-0.06,503,40,7.95,50300,47960,-2340,95.35,1199.0,6.69,80.94,1209.34,14.41,1.26,-10.34,mixed_edge
1-5,target_lane x lane1_target_start_gap_pair,5 | 0.04-0.06-0.04-0.06,503,40,7.95,50300,47960,-2340,95.35,1199.0,6.69,80.94,1209.34,14.41,1.26,-10.34,mixed_edge
1-5,lane1_start_exhibition_gap_bucket x target_start_exhibition_gap_bucket,0.04-0.06 | 0.04-0.06,503,40,7.95,50300,47960,-2340,95.35,1199.0,6.69,80.94,1209.34,14.41,1.26,-10.34,mixed_edge
1-2,lane1_target_start_gap_pair x target_outer_pressure_bucket,best-<=0.03 | low_other_pressure,137,48,35.04,13700,13060,-640,95.33,272.08,18.8,81.32,432.61,14.01,16.24,-160.53,mixed_edge
1-2,lane1_target_national_win_diff_bucket,target_plus_0.35_1.00,1699,370,21.78,169900,161720,-8180,95.19,437.08,18.8,81.32,432.61,13.87,2.98,4.47,mixed_edge
1-6,lane1_target_exhibition_st_rank_pair,3-2,267,16,5.99,26700,25400,-1300,95.13,1587.5,3.7,65.46,1770.57,29.67,2.29,-183.07,mixed_edge
1-6,lane1_exhibition_st_rank_bucket x target_exhibition_st_rank_bucket,3 | 2,267,16,5.99,26700,25400,-1300,95.13,1587.5,3.7,65.46,1770.57,29.67,2.29,-183.07,mixed_edge
1-3,stadium_code,02,612,84,13.73,61200,58160,-3040,95.03,692.38,15.76,78.52,498.07,16.51,-2.03,194.31,mixed_edge
1-3,stadium_code x target_lane,02 | 3,612,84,13.73,61200,58160,-3040,95.03,692.38,15.76,78.52,498.07,16.51,-2.03,194.31,mixed_edge
1-5,lane1_target_boat_place_diff_bucket,lane1_plus_4_10,2257,175,7.75,225700,214230,-11470,94.92,1224.17,6.69,80.94,1209.34,13.98,1.06,14.83,mixed_edge
1-5,lane1_target_start_gap_pair x target_outer_pressure_bucket,<=0.03-<=0.03 | some_other_pressure,104,10,9.62,10400,9870,-530,94.9,987.0,6.69,80.94,1209.34,13.96,2.93,-222.34,mixed_edge
1-6,lane1_target_exhibition_time_diff_bucket x lane1_target_start_exhibition_st_diff_bucket,near_equal | near_equal,1357,79,5.82,135700,128730,-6970,94.86,1629.49,3.7,65.46,1770.57,29.4,2.12,-141.08,mixed_edge
1-4,lane1_target_national_rank_pair x target_outer_pressure_bucket,3-1 | some_other_pressure,97,21,21.65,9700,9200,-500,94.85,438.1,10.14,75.45,744.07,19.4,11.51,-305.97,mixed_edge
1-4,lane1_exhibition_st_rank_bucket,1,4253,580,13.64,425300,403370,-21930,94.84,695.47,10.14,75.45,744.07,19.39,3.5,-48.6,mixed_edge
1-4,lane1_start_exhibition_gap_bucket,best,4253,580,13.64,425300,403370,-21930,94.84,695.47,10.14,75.45,744.07,19.39,3.5,-48.6,mixed_edge
1-6,lane1_target_group_pair x target_outer_pressure_bucket,B-A | some_other_pressure,433,25,5.77,43300,41060,-2240,94.83,1642.4,3.7,65.46,1770.57,29.37,2.07,-128.17,mixed_edge
1-4,lane1_target_start_gap_pair x target_outer_pressure_bucket,best-best | high_other_pressure,155,24,15.48,15500,14690,-810,94.77,612.08,10.14,75.45,744.07,19.32,5.34,-131.99,mixed_edge
1-2,lane1_target_exhibition_time_diff_bucket,target_faster_0.10+,679,141,20.77,67900,64340,-3560,94.76,456.31,18.8,81.32,432.61,13.44,1.97,23.7,mixed_edge
1-5,lane1_target_national_rank_pair x target_outer_pressure_bucket,1-2 | some_other_pressure,126,22,17.46,12600,11940,-660,94.76,542.73,6.69,80.94,1209.34,13.82,10.77,-666.61,mixed_edge
1-6,lane1_target_group_pair x other_a_count_bucket,B-A | 2,983,46,4.68,98300,93050,-5250,94.66,2022.83,3.7,65.46,1770.57,29.2,0.98,252.26,price_distortion
1-2,lane1_target_exhibition_time_diff_bucket x lane1_target_start_exhibition_st_diff_bucket,lane1_faster_0.10+ | lane1_faster_0.03_0.06,290,50,17.24,29000,27440,-1560,94.62,548.8,18.8,81.32,432.61,13.3,-1.56,116.19,mixed_edge
1-4,lane1_target_start_gap_pair x target_outer_pressure_bucket,0.04-0.06->0.06 | some_other_pressure,63,10,15.87,6300,5960,-340,94.6,596.0,10.14,75.45,744.07,19.15,5.73,-148.07,mixed_edge
1-3,other_st_faster_than_target_count_bucket,0,3677,718,19.53,367700,347550,-20150,94.52,484.05,15.76,78.52,498.07,16.0,3.77,-14.02,mixed_edge
1-5,lane1_target_national_rank_pair x target_outer_pressure_bucket,4+-1 | high_other_pressure,490,40,8.16,49000,46310,-2690,94.51,1157.75,6.69,80.94,1209.34,13.57,1.47,-51.59,mixed_edge
1-2,lane1_target_national_rank_pair x target_outer_pressure_bucket,1-3 | some_other_pressure,390,141,36.15,39000,36840,-2160,94.46,261.28,18.8,81.32,432.61,13.14,17.35,-171.33,mixed_edge
1-3,lane1_target_start_gap_pair x target_outer_pressure_bucket,<=0.03-<=0.03 | high_other_pressure,687,116,16.89,68700,64870,-3830,94.43,559.22,15.76,78.52,498.07,15.91,1.13,61.15,mixed_edge
1-5,lane1_exhibition_st_rank_bucket,2,2159,163,7.55,215900,203860,-12040,94.42,1250.67,6.69,80.94,1209.34,13.48,0.86,41.33,mixed_edge
1-4,lane1_target_start_gap_pair x target_outer_pressure_bucket,<=0.03->0.06 | low_other_pressure,30,6,20.0,3000,2830,-170,94.33,471.67,10.14,75.45,744.07,18.88,9.86,-272.4,mixed_edge
1-3,lane1_target_start_gap_pair x target_outer_pressure_bucket,best-best | some_other_pressure,44,14,31.82,4400,4150,-250,94.32,296.43,15.76,78.52,498.07,15.8,16.06,-201.64,mixed_edge
1-2,lane1_target_start_gap_pair x target_outer_pressure_bucket,<=0.03-best | low_other_pressure,86,30,34.88,8600,8110,-490,94.3,270.33,18.8,81.32,432.61,12.98,16.08,-162.28,mixed_edge
1-3,lane1_target_class_pair,A2-B2,163,21,12.88,16300,15370,-930,94.29,731.9,15.76,78.52,498.07,15.77,-2.88,233.83,mixed_edge
1-3,target_exhibition_st_rank_bucket,3,3057,567,18.55,305700,288120,-17580,94.25,508.15,15.76,78.52,498.07,15.73,2.79,10.08,mixed_edge
1-3,target_lane x target_exhibition_st_rank_bucket,3 | 3,3057,567,18.55,305700,288120,-17580,94.25,508.15,15.76,78.52,498.07,15.73,2.79,10.08,mixed_edge
1-5,other_exhibition_faster_than_target_count_bucket,2,2575,181,7.03,257500,242570,-14930,94.2,1340.17,6.69,80.94,1209.34,13.26,0.34,130.83,mixed_edge
1-3,lane1_target_group_pair x target_outer_pressure_bucket,A-B | some_other_pressure,283,80,28.27,28300,26590,-1710,93.96,332.38,15.76,78.52,498.07,15.44,12.51,-165.69,mixed_edge
1-2,lane1_target_start_gap_pair x target_outer_pressure_bucket,0.04-0.06-<=0.03 | high_other_pressure,390,75,19.23,39000,36630,-2370,93.92,488.4,18.8,81.32,432.61,12.6,0.43,55.79,mixed_edge
1-5,stadium_code,20,432,30,6.94,43200,40550,-2650,93.87,1351.67,6.69,80.94,1209.34,12.93,0.25,142.33,mixed_edge
1-5,stadium_code x target_lane,20 | 5,432,30,6.94,43200,40550,-2650,93.87,1351.67,6.69,80.94,1209.34,12.93,0.25,142.33,mixed_edge
1-6,lane1_target_national_rank_pair x target_outer_pressure_bucket,4+-2 | some_other_pressure,382,19,4.97,38200,35830,-2370,93.8,1885.79,3.7,65.46,1770.57,28.34,1.27,115.22,price_distortion
1-4,other_exhibition_faster_than_target_count_bucket,1,2639,293,11.1,263900,247230,-16670,93.68,843.79,10.14,75.45,744.07,18.23,0.96,99.72,mixed_edge
1-5,lane1_boat_rank_bucket,3,2059,135,6.56,205900,192800,-13100,93.64,1428.15,6.69,80.94,1209.34,12.7,-0.13,218.81,mixed_edge
1-3,lane1_target_start_exhibition_st_diff_bucket,lane1_faster_0.03_0.06,2321,443,19.09,232100,217300,-14800,93.62,490.52,15.76,78.52,498.07,15.1,3.33,-7.55,mixed_edge
1-2,lane1_target_group_pair x target_outer_pressure_bucket,B-A | some_other_pressure,644,110,17.08,64400,60290,-4110,93.62,548.09,18.8,81.32,432.61,12.3,-1.72,115.48,mixed_edge
1-5,lane1_target_national_rank_pair x target_outer_pressure_bucket,2-1 | some_other_pressure,100,20,20.0,10000,9360,-640,93.6,468.0,6.69,80.94,1209.34,12.66,13.31,-741.34,mixed_edge
1-6,lane1_target_group_pair,B-A,1921,112,5.83,192100,179510,-12590,93.45,1602.77,3.7,65.46,1770.57,27.99,2.13,-167.8,mixed_edge
1-5,lane1_target_national_rank_pair x target_outer_pressure_bucket,2-3 | some_other_pressure,215,24,11.16,21500,20070,-1430,93.35,836.25,6.69,80.94,1209.34,12.41,4.47,-373.09,mixed_edge
1-2,other_national_better_than_target_count_bucket,1,2814,668,23.74,281400,262520,-18880,93.29,392.99,18.8,81.32,432.61,11.97,4.94,-39.62,mixed_edge
1-6,lane1_target_national_rank_pair,4+-2,828,37,4.47,82800,77220,-5580,93.26,2087.03,3.7,65.46,1770.57,27.8,0.77,316.46,price_distortion
1-6,target_lane x lane1_target_national_rank_pair,6 | 4+-2,828,37,4.47,82800,77220,-5580,93.26,2087.03,3.7,65.46,1770.57,27.8,0.77,316.46,price_distortion
1-2,lane1_target_exhibition_time_diff_bucket x lane1_target_start_exhibition_st_diff_bucket,near_equal | near_equal,2648,576,21.75,264800,246870,-17930,93.23,428.59,18.8,81.32,432.61,11.91,2.95,-4.02,mixed_edge
1-4,lane1_target_start_gap_pair x target_outer_pressure_bucket,0.04-0.06-0.04-0.06 | high_other_pressure,424,37,8.73,42400,39530,-2870,93.23,1068.38,10.14,75.45,744.07,17.78,-1.41,324.31,mixed_edge
1-5,lane1_target_local_win_diff_bucket,target_plus_0.35_1.00,1303,116,8.9,130300,121260,-9040,93.06,1045.34,6.69,80.94,1209.34,12.12,2.21,-164.0,mixed_edge
1-5,target_exhibition_st_rank_bucket x other_st_faster_than_target_count_bucket,2 | 1,1169,71,6.07,116900,108620,-8280,92.92,1529.86,6.69,80.94,1209.34,11.98,-0.62,320.52,mixed_edge
1-5,lane1_target_exhibition_time_diff_bucket x lane1_target_start_exhibition_st_diff_bucket,lane1_faster_0.05_0.10 | target_faster_0.06+,424,25,5.9,42400,39380,-3020,92.88,1575.2,6.69,80.94,1209.34,11.94,-0.79,365.86,mixed_edge
1-5,lane1_target_exhibition_st_rank_pair,4+-1,997,68,6.82,99700,92570,-7130,92.85,1361.32,6.69,80.94,1209.34,11.91,0.13,151.98,mixed_edge
1-5,lane1_exhibition_st_rank_bucket x target_exhibition_st_rank_bucket,4+ | 1,997,68,6.82,99700,92570,-7130,92.85,1361.32,6.69,80.94,1209.34,11.91,0.13,151.98,mixed_edge
1-5,lane1_target_exhibition_time_diff_bucket x lane1_target_start_exhibition_st_diff_bucket,lane1_faster_0.10+ | target_faster_0.03_0.06,220,13,5.91,22000,20420,-1580,92.82,1570.77,6.69,80.94,1209.34,11.88,-0.78,361.43,mixed_edge
1-5,lane1_target_start_exhibition_st_diff_bucket,target_faster_0.03_0.06,1465,111,7.58,146500,135920,-10580,92.78,1224.5,6.69,80.94,1209.34,11.84,0.89,15.16,mixed_edge
1-2,lane1_target_start_exhibition_st_diff_bucket,near_equal,5160,1132,21.94,516000,478500,-37500,92.73,422.7,18.8,81.32,432.61,11.41,3.14,-9.91,mixed_edge
1-6,lane1_target_start_gap_pair x target_outer_pressure_bucket,best->0.06 | low_other_pressure,120,12,10.0,12000,11110,-890,92.58,925.83,3.7,65.46,1770.57,27.12,6.3,-844.74,probability_plus_price
1-2,lane1_target_class_pair,B1-A2,1278,195,15.26,127800,118240,-9560,92.52,606.36,18.8,81.32,432.61,11.2,-3.54,173.75,mixed_edge
1-6,lane1_target_start_gap_pair,0.04-0.06-best,458,24,5.24,45800,42370,-3430,92.51,1765.42,3.7,65.46,1770.57,27.05,1.54,-5.15,mixed_edge
1-6,target_lane x lane1_target_start_gap_pair,6 | 0.04-0.06-best,458,24,5.24,45800,42370,-3430,92.51,1765.42,3.7,65.46,1770.57,27.05,1.54,-5.15,mixed_edge
1-6,lane1_start_exhibition_gap_bucket x target_start_exhibition_gap_bucket,0.04-0.06 | best,458,24,5.24,45800,42370,-3430,92.51,1765.42,3.7,65.46,1770.57,27.05,1.54,-5.15,mixed_edge
1-5,lane1_target_class_pair,B1-A1,809,76,9.39,80900,74820,-6080,92.48,984.47,6.69,80.94,1209.34,11.54,2.7,-224.87,mixed_edge
1-3,stadium_code,07,696,130,18.68,69600,64330,-5270,92.43,494.85,15.76,78.52,498.07,13.91,2.92,-3.22,mixed_edge
1-3,stadium_code x target_lane,07 | 3,696,130,18.68,69600,64330,-5270,92.43,494.85,15.76,78.52,498.07,13.91,2.92,-3.22,mixed_edge
1-3,lane1_target_start_gap_pair x target_outer_pressure_bucket,best->0.06 | high_other_pressure,1024,159,15.53,102400,94640,-7760,92.42,595.22,15.76,78.52,498.07,13.9,-0.23,97.15,mixed_edge
1-2,lane1_target_exhibition_time_diff_bucket x lane1_target_start_exhibition_st_diff_bucket,target_faster_0.05_0.10 | near_equal,665,139,20.9,66500,61460,-5040,92.42,442.16,18.8,81.32,432.61,11.1,2.1,9.55,mixed_edge
1-5,target_national_win_rank_bucket x other_national_better_than_target_count_bucket,3 | 2,843,46,5.46,84300,77890,-6410,92.4,1693.26,6.69,80.94,1209.34,11.46,-1.23,483.92,mixed_edge
1-2,lane1_target_start_exhibition_st_diff_bucket,lane1_faster_0.03_0.06,2610,552,21.15,261000,240960,-20040,92.32,436.52,18.8,81.32,432.61,11.0,2.35,3.91,mixed_edge
1-3,lane1_target_national_rank_pair x target_outer_pressure_bucket,3-2 | high_other_pressure,260,55,21.15,26000,23980,-2020,92.23,436.0,15.76,78.52,498.07,13.71,5.39,-62.07,mixed_edge
1-6,lane1_target_start_gap_pair,0.04-0.06-0.04-0.06,478,24,5.02,47800,44070,-3730,92.2,1836.25,3.7,65.46,1770.57,26.74,1.32,65.68,mixed_edge
1-6,target_lane x lane1_target_start_gap_pair,6 | 0.04-0.06-0.04-0.06,478,24,5.02,47800,44070,-3730,92.2,1836.25,3.7,65.46,1770.57,26.74,1.32,65.68,mixed_edge
1-6,lane1_start_exhibition_gap_bucket x target_start_exhibition_gap_bucket,0.04-0.06 | 0.04-0.06,478,24,5.02,47800,44070,-3730,92.2,1836.25,3.7,65.46,1770.57,26.74,1.32,65.68,mixed_edge
1-3,target_exhibition_rank_bucket x other_exhibition_faster_than_target_count_bucket,3 | 1,1395,281,20.14,139500,128600,-10900,92.19,457.65,15.76,78.52,498.07,13.67,4.38,-40.42,mixed_edge
1-5,target_exhibition_rank_bucket x other_exhibition_faster_than_target_count_bucket,4+ | 2,1975,141,7.14,197500,182060,-15440,92.18,1291.21,6.69,80.94,1209.34,11.24,0.45,81.87,mixed_edge
1-3,other_group_pattern,A-A-B-B,747,94,12.58,74700,68840,-5860,92.16,732.34,15.76,78.52,498.07,13.64,-3.18,234.27,mixed_edge
1-2,lane1_target_class_pair,B1-B2,195,17,8.72,19500,17970,-1530,92.15,1057.06,18.8,81.32,432.61,10.83,-10.08,624.45,mixed_edge
1-5,lane1_target_national_rank_pair x target_outer_pressure_bucket,4+-3 | high_other_pressure,852,47,5.52,85200,78490,-6710,92.12,1670.0,6.69,80.94,1209.34,11.18,-1.17,460.66,mixed_edge
1-3,other_st_faster_than_target_count_bucket,1,3376,595,17.62,337600,310970,-26630,92.11,522.64,15.76,78.52,498.07,13.59,1.86,24.57,mixed_edge
1-5,other_group_pattern,B-B-A-B,747,59,7.9,74700,68780,-5920,92.07,1165.76,6.69,80.94,1209.34,11.13,1.21,-43.58,mixed_edge
1-2,stadium_code,07,696,152,21.84,69600,64040,-5560,92.01,421.32,18.8,81.32,432.61,10.69,3.04,-11.29,mixed_edge
1-2,stadium_code x target_lane,07 | 2,696,152,21.84,69600,64040,-5560,92.01,421.32,18.8,81.32,432.61,10.69,3.04,-11.29,mixed_edge
1-4,stadium_code,20,432,53,12.27,43200,39750,-3450,92.01,750.0,10.14,75.45,744.07,16.56,2.13,5.93,mixed_edge
1-4,stadium_code x target_lane,20 | 4,432,53,12.27,43200,39750,-3450,92.01,750.0,10.14,75.45,744.07,16.56,2.13,5.93,mixed_edge
1-5,target_boat_rank_bucket,1,2044,136,6.65,204400,187860,-16540,91.91,1381.32,6.69,80.94,1209.34,10.97,-0.04,171.98,mixed_edge
1-2,stadium_code,23,216,44,20.37,21600,19850,-1750,91.9,451.14,18.8,81.32,432.61,10.58,1.57,18.53,mixed_edge
1-2,stadium_code x target_lane,23 | 2,216,44,20.37,21600,19850,-1750,91.9,451.14,18.8,81.32,432.61,10.58,1.57,18.53,mixed_edge
1-6,lane1_target_national_rank_pair x target_outer_pressure_bucket,2-3 | some_other_pressure,224,10,4.46,22400,20580,-1820,91.88,2058.0,3.7,65.46,1770.57,26.42,0.76,287.43,price_distortion
1-2,other_st_faster_than_target_count_bucket,1,2585,531,20.54,258500,237250,-21250,91.78,446.8,18.8,81.32,432.61,10.46,1.74,14.19,mixed_edge
1-4,target_exhibition_rank_bucket,3,2087,237,11.36,208700,191470,-17230,91.74,807.89,10.14,75.45,744.07,16.29,1.22,63.82,mixed_edge
1-3,stadium_code,16,144,23,15.97,14400,13210,-1190,91.74,574.35,15.76,78.52,498.07,13.22,0.21,76.28,mixed_edge
1-3,stadium_code x target_lane,16 | 3,144,23,15.97,14400,13210,-1190,91.74,574.35,15.76,78.52,498.07,13.22,0.21,76.28,mixed_edge
1-4,lane1_target_exhibition_time_diff_bucket x lane1_target_start_exhibition_st_diff_bucket,near_equal | target_faster_0.03_0.06,678,76,11.21,67800,62130,-5670,91.64,817.5,10.14,75.45,744.07,16.19,1.07,73.43,mixed_edge
1-4,lane1_target_exhibition_time_diff_bucket x lane1_target_start_exhibition_st_diff_bucket,near_equal | near_equal,1665,208,12.49,166500,152570,-13930,91.63,733.51,10.14,75.45,744.07,16.18,2.35,-10.56,mixed_edge
1-3,lane1_target_group_pair x other_a_count_bucket,B-B | 0,512,101,19.73,51200,46910,-4290,91.62,464.46,15.76,78.52,498.07,13.1,3.97,-33.61,mixed_edge
1-5,lane1_target_start_gap_pair x target_outer_pressure_bucket,0.04-0.06-best | low_other_pressure,42,7,16.67,4200,3840,-360,91.43,548.57,6.69,80.94,1209.34,10.49,9.98,-660.77,mixed_edge
1-3,lane1_target_start_gap_pair,<=0.03-<=0.03,857,159,18.55,85700,78350,-7350,91.42,492.77,15.76,78.52,498.07,12.9,2.79,-5.3,mixed_edge
1-3,target_lane x lane1_target_start_gap_pair,3 | <=0.03-<=0.03,857,159,18.55,85700,78350,-7350,91.42,492.77,15.76,78.52,498.07,12.9,2.79,-5.3,mixed_edge
1-3,lane1_start_exhibition_gap_bucket x target_start_exhibition_gap_bucket,<=0.03 | <=0.03,857,159,18.55,85700,78350,-7350,91.42,492.77,15.76,78.52,498.07,12.9,2.79,-5.3,mixed_edge
1-2,stadium_code,16,144,26,18.06,14400,13160,-1240,91.39,506.15,18.8,81.32,432.61,10.07,-0.74,73.54,mixed_edge
1-2,stadium_code x target_lane,16 | 2,144,26,18.06,14400,13160,-1240,91.39,506.15,18.8,81.32,432.61,10.07,-0.74,73.54,mixed_edge
1-2,target_start_exhibition_gap_bucket,best,1942,432,22.25,194200,177460,-16740,91.38,410.79,18.8,81.32,432.61,10.06,3.45,-21.82,mixed_edge
1-2,target_lane x target_start_exhibition_gap_bucket,2 | best,1942,432,22.25,194200,177460,-16740,91.38,410.79,18.8,81.32,432.61,10.06,3.45,-21.82,mixed_edge
1-5,lane1_target_national_rank_pair,4+-2,946,63,6.66,94600,86390,-8210,91.32,1371.27,6.69,80.94,1209.34,10.38,-0.03,161.93,mixed_edge
1-5,target_lane x lane1_target_national_rank_pair,5 | 4+-2,946,63,6.66,94600,86390,-8210,91.32,1371.27,6.69,80.94,1209.34,10.38,-0.03,161.93,mixed_edge
1-3,lane1_target_group_pair x target_outer_pressure_bucket,B-B | high_other_pressure,2476,241,9.73,247600,226060,-21540,91.3,938.01,15.76,78.52,498.07,12.78,-6.03,439.94,mixed_edge
1-2,lane1_target_group_pair,B-A,2387,381,15.96,238700,217920,-20780,91.29,571.97,18.8,81.32,432.61,9.97,-2.84,139.36,mixed_edge
1-6,lane1_target_start_gap_pair x target_outer_pressure_bucket,>0.06-best | some_other_pressure,119,11,9.24,11900,10860,-1040,91.26,987.27,3.7,65.46,1770.57,25.8,5.54,-783.3,probability_plus_price
1-5,target_exhibition_rank_bucket x other_exhibition_faster_than_target_count_bucket,2 | 0,842,76,9.03,84200,76750,-7450,91.15,1009.87,6.69,80.94,1209.34,10.21,2.34,-199.47,mixed_edge
1-3,lane1_target_national_rank_pair x target_outer_pressure_bucket,1-2 | some_other_pressure,141,48,34.04,14100,12850,-1250,91.13,267.71,15.76,78.52,498.07,12.61,18.28,-230.36,mixed_edge
1-4,grade_group,G1,324,38,11.73,32400,29520,-2880,91.11,776.84,10.14,75.45,744.07,15.66,1.59,32.77,mixed_edge
1-3,lane1_target_exhibition_time_diff_bucket x lane1_target_start_exhibition_st_diff_bucket,target_faster_0.10+ | lane1_faster_0.06+,108,18,16.67,10800,9840,-960,91.11,546.67,15.76,78.52,498.07,12.59,0.91,48.6,mixed_edge
1-2,lane1_target_national_rank_pair,2-3,590,143,24.24,59000,53730,-5270,91.07,375.73,18.8,81.32,432.61,9.75,5.44,-56.88,mixed_edge
1-2,target_lane x lane1_target_national_rank_pair,2 | 2-3,590,143,24.24,59000,53730,-5270,91.07,375.73,18.8,81.32,432.61,9.75,5.44,-56.88,mixed_edge
1-2,lane1_target_national_rank_pair x target_outer_pressure_bucket,3-1 | high_other_pressure,207,58,28.02,20700,18850,-1850,91.06,325.0,18.8,81.32,432.61,9.74,9.22,-107.61,mixed_edge
1-4,other_st_faster_than_target_count_bucket,1,2760,339,12.28,276000,251080,-24920,90.97,740.65,10.14,75.45,744.07,15.52,2.14,-3.42,mixed_edge
1-5,lane1_target_national_rank_pair,4+-3,863,47,5.45,86300,78490,-7810,90.95,1670.0,6.69,80.94,1209.34,10.01,-1.24,460.66,mixed_edge
1-5,target_lane x lane1_target_national_rank_pair,5 | 4+-3,863,47,5.45,86300,78490,-7810,90.95,1670.0,6.69,80.94,1209.34,10.01,-1.24,460.66,mixed_edge
1-5,lane1_target_national_rank_pair x target_outer_pressure_bucket,3-2 | some_other_pressure,201,24,11.94,20100,18280,-1820,90.95,761.67,6.69,80.94,1209.34,10.01,5.25,-447.67,mixed_edge
1-4,lane1_target_start_gap_pair,0.04-0.06-0.04-0.06,528,57,10.8,52800,48010,-4790,90.93,842.28,10.14,75.45,744.07,15.48,0.66,98.21,mixed_edge
1-4,target_lane x lane1_target_start_gap_pair,4 | 0.04-0.06-0.04-0.06,528,57,10.8,52800,48010,-4790,90.93,842.28,10.14,75.45,744.07,15.48,0.66,98.21,mixed_edge
1-4,lane1_start_exhibition_gap_bucket x target_start_exhibition_gap_bucket,0.04-0.06 | 0.04-0.06,528,57,10.8,52800,48010,-4790,90.93,842.28,10.14,75.45,744.07,15.48,0.66,98.21,mixed_edge
1-5,lane1_target_group_pair x other_a_count_bucket,A-A | 4,1429,117,8.19,142900,129780,-13120,90.82,1109.23,6.69,80.94,1209.34,9.88,1.5,-100.11,mixed_edge
1-3,lane1_target_exhibition_time_diff_bucket x lane1_target_start_exhibition_st_diff_bucket,near_equal | near_equal,2201,438,19.9,220100,199760,-20340,90.76,456.07,15.76,78.52,498.07,12.24,4.14,-42.0,mixed_edge
1-2,lane1_target_group_pair x target_outer_pressure_bucket,B-A | high_other_pressure,1402,210,14.98,140200,127170,-13030,90.71,605.57,18.8,81.32,432.61,9.39,-3.82,172.96,mixed_edge
1-4,lane1_class,B2,318,20,6.29,31800,28840,-2960,90.69,1442.0,10.14,75.45,744.07,15.24,-3.85,697.93,mixed_edge
1-5,target_start_exhibition_gap_bucket,0.04-0.06,2829,221,7.81,282900,256340,-26560,90.61,1159.91,6.69,80.94,1209.34,9.67,1.12,-49.43,mixed_edge
1-5,target_lane x target_start_exhibition_gap_bucket,5 | 0.04-0.06,2829,221,7.81,282900,256340,-26560,90.61,1159.91,6.69,80.94,1209.34,9.67,1.12,-49.43,mixed_edge
1-6,target_exhibition_st_rank_bucket x other_st_faster_than_target_count_bucket,3 | 0,207,11,5.31,20700,18750,-1950,90.58,1704.55,3.7,65.46,1770.57,25.12,1.61,-66.02,mixed_edge
1-5,target_start_exhibition_gap_bucket,<=0.03,2949,210,7.12,294900,267090,-27810,90.57,1271.86,6.69,80.94,1209.34,9.63,0.43,62.52,mixed_edge
1-5,target_lane x target_start_exhibition_gap_bucket,5 | <=0.03,2949,210,7.12,294900,267090,-27810,90.57,1271.86,6.69,80.94,1209.34,9.63,0.43,62.52,mixed_edge
1-4,other_group_pattern,A-B-B-B,755,89,11.79,75500,68370,-7130,90.56,768.2,10.14,75.45,744.07,15.11,1.65,24.13,mixed_edge
1-2,lane1_target_exhibition_time_diff_bucket x lane1_target_start_exhibition_st_diff_bucket,near_equal | lane1_faster_0.03_0.06,1330,286,21.5,133000,120370,-12630,90.5,420.87,18.8,81.32,432.61,9.18,2.7,-11.74,mixed_edge
1-5,grade_group,SG,144,8,5.56,14400,13030,-1370,90.49,1628.75,6.69,80.94,1209.34,9.55,-1.13,419.41,mixed_edge
1-3,lane1_target_group_pair,B-B,2684,284,10.58,268400,242830,-25570,90.47,855.04,15.76,78.52,498.07,11.95,-5.18,356.97,mixed_edge
1-3,lane1_target_national_rank_pair x target_outer_pressure_bucket,1-3 | some_other_pressure,310,92,29.68,31000,28020,-2980,90.39,304.57,15.76,78.52,498.07,11.87,13.92,-193.5,mixed_edge
1-3,lane1_target_exhibition_time_diff_bucket,target_faster_0.05_0.10,1441,232,16.1,144100,130220,-13880,90.37,561.29,15.76,78.52,498.07,11.85,0.34,63.22,mixed_edge
1-5,lane1_target_exhibition_time_diff_bucket,lane1_faster_0.05_0.10,2821,186,6.59,282100,254880,-27220,90.35,1370.32,6.69,80.94,1209.34,9.41,-0.1,160.98,mixed_edge
1-5,lane1_target_class_pair,A2-A2,745,74,9.93,74500,67300,-7200,90.34,909.46,6.69,80.94,1209.34,9.4,3.24,-299.88,mixed_edge
1-3,stadium_code,24,634,130,20.5,63400,57260,-6140,90.32,440.46,15.76,78.52,498.07,11.8,4.74,-57.61,mixed_edge
1-3,stadium_code x target_lane,24 | 3,634,130,20.5,63400,57260,-6140,90.32,440.46,15.76,78.52,498.07,11.8,4.74,-57.61,mixed_edge
1-5,other_national_better_than_target_count_bucket,3,2562,116,4.53,256200,231320,-24880,90.29,1994.14,6.69,80.94,1209.34,9.35,-2.16,784.8,mixed_edge
1-5,target_national_win_rank_bucket x other_national_better_than_target_count_bucket,4+ | 3,2562,116,4.53,256200,231320,-24880,90.29,1994.14,6.69,80.94,1209.34,9.35,-2.16,784.8,mixed_edge
1-4,lane1_target_national_rank_pair x target_outer_pressure_bucket,2-1 | low_other_pressure,180,52,28.89,18000,16250,-1750,90.28,312.5,10.14,75.45,744.07,14.83,18.75,-431.57,mixed_edge
1-5,target_local_win_rank_bucket,1,1876,221,11.78,187600,169350,-18250,90.27,766.29,6.69,80.94,1209.34,9.33,5.09,-443.05,mixed_edge
1-3,target_exhibition_st_rank_bucket,2,2509,472,18.81,250900,226460,-24440,90.26,479.79,15.76,78.52,498.07,11.74,3.05,-18.28,mixed_edge
1-3,target_lane x target_exhibition_st_rank_bucket,3 | 2,2509,472,18.81,250900,226460,-24440,90.26,479.79,15.76,78.52,498.07,11.74,3.05,-18.28,mixed_edge
1-5,lane1_target_group_pair x target_outer_pressure_bucket,B-B | some_other_pressure,159,14,8.81,15900,14350,-1550,90.25,1025.0,6.69,80.94,1209.34,9.31,2.12,-184.34,mixed_edge
1-5,lane1_target_group_pair x target_outer_pressure_bucket,A-B | low_other_pressure,45,8,17.78,4500,4060,-440,90.22,507.5,6.69,80.94,1209.34,9.28,11.09,-701.84,mixed_edge
1-4,target_exhibition_rank_bucket,2,1858,232,12.49,185800,167600,-18200,90.2,722.41,10.14,75.45,744.07,14.75,2.35,-21.66,mixed_edge
1-5,lane1_target_national_win_diff_bucket,target_plus_1.00+,2144,165,7.7,214400,193290,-21110,90.15,1171.45,6.69,80.94,1209.34,9.21,1.01,-37.89,mixed_edge
1-4,lane1_target_group_pair x other_a_count_bucket,A-A | 3,540,85,15.74,54000,48680,-5320,90.15,572.71,10.14,75.45,744.07,14.7,5.6,-171.36,mixed_edge
1-6,lane1_target_start_gap_pair x target_outer_pressure_bucket,<=0.03-<=0.03 | some_other_pressure,70,5,7.14,7000,6310,-690,90.14,1262.0,3.7,65.46,1770.57,24.68,3.44,-508.57,mixed_edge
1-4,lane1_target_exhibition_time_diff_bucket,target_faster_0.05_0.10,1435,165,11.5,143500,129320,-14180,90.12,783.76,10.14,75.45,744.07,14.67,1.36,39.69,mixed_edge
1-2,lane1_target_start_gap_pair x target_outer_pressure_bucket,<=0.03-<=0.03 | some_other_pressure,167,47,28.14,16700,15050,-1650,90.12,320.21,18.8,81.32,432.61,8.8,9.34,-112.4,mixed_edge
1-3,lane1_target_start_exhibition_st_diff_bucket,near_equal,4422,808,18.27,442200,398420,-43780,90.1,493.09,15.76,78.52,498.07,11.58,2.51,-4.98,mixed_edge
1-4,lane1_target_start_gap_pair x target_outer_pressure_bucket,<=0.03-best | high_other_pressure,517,62,11.99,51700,46580,-5120,90.1,751.29,10.14,75.45,744.07,14.65,1.85,7.22,mixed_edge
1-2,target_national_win_rank_bucket x other_national_better_than_target_count_bucket,3 | 1,1303,373,28.63,130300,117300,-13000,90.02,314.48,18.8,81.32,432.61,8.7,9.83,-118.13,mixed_edge
1-3,target_start_exhibition_gap_bucket,best,2420,437,18.06,242000,217670,-24330,89.95,498.1,15.76,78.52,498.07,11.43,2.3,0.03,mixed_edge
1-3,target_lane x target_start_exhibition_gap_bucket,3 | best,2420,437,18.06,242000,217670,-24330,89.95,498.1,15.76,78.52,498.07,11.43,2.3,0.03,mixed_edge
1-5,lane1_target_start_exhibition_st_diff_bucket,lane1_faster_0.03_0.06,1959,178,9.09,195900,176180,-19720,89.93,989.78,6.69,80.94,1209.34,8.99,2.4,-219.56,mixed_edge
1-5,lane1_target_boat_place_diff_bucket,lane1_plus_10+,1731,126,7.28,173100,155580,-17520,89.88,1234.76,6.69,80.94,1209.34,8.94,0.59,25.42,mixed_edge
1-2,target_exhibition_rank_bucket x other_exhibition_faster_than_target_count_bucket,2 | 0,1160,286,24.66,116000,104250,-11750,89.87,364.51,18.8,81.32,432.61,8.55,5.86,-68.1,mixed_edge
1-6,lane1_target_exhibition_time_diff_bucket x lane1_target_start_exhibition_st_diff_bucket,near_equal | lane1_faster_0.03_0.06,868,42,4.84,86800,78000,-8800,89.86,1857.14,3.7,65.46,1770.57,24.4,1.14,86.57,mixed_edge
1-4,lane1_target_start_gap_pair x target_outer_pressure_bucket,<=0.03-best | low_other_pressure,60,14,23.33,6000,5390,-610,89.83,385.0,10.14,75.45,744.07,14.38,13.19,-359.07,mixed_edge
1-4,target_exhibition_st_rank_bucket,3,2243,268,11.95,224300,201450,-22850,89.81,751.68,10.14,75.45,744.07,14.36,1.81,7.61,mixed_edge
1-4,target_lane x target_exhibition_st_rank_bucket,4 | 3,2243,268,11.95,224300,201450,-22850,89.81,751.68,10.14,75.45,744.07,14.36,1.81,7.61,mixed_edge
1-6,lane1_target_group_pair x target_outer_pressure_bucket,B-A | high_other_pressure,1224,59,4.82,122400,109910,-12490,89.8,1862.88,3.7,65.46,1770.57,24.34,1.12,92.31,mixed_edge
1-4,other_national_better_than_target_count_bucket,3,2617,202,7.72,261700,234860,-26840,89.74,1162.67,10.14,75.45,744.07,14.29,-2.42,418.6,mixed_edge
1-4,target_national_win_rank_bucket x other_national_better_than_target_count_bucket,4+ | 3,2617,202,7.72,261700,234860,-26840,89.74,1162.67,10.14,75.45,744.07,14.29,-2.42,418.6,mixed_edge
1-3,lane1_target_national_rank_pair,3-2,497,111,22.33,49700,44590,-5110,89.72,401.71,15.76,78.52,498.07,11.2,6.57,-96.36,mixed_edge
1-3,target_lane x lane1_target_national_rank_pair,3 | 3-2,497,111,22.33,49700,44590,-5110,89.72,401.71,15.76,78.52,498.07,11.2,6.57,-96.36,mixed_edge
1-4,lane1_target_start_exhibition_st_diff_bucket,near_equal,3530,430,12.18,353000,316520,-36480,89.67,736.09,10.14,75.45,744.07,14.22,2.04,-7.98,mixed_edge
1-5,lane1_target_group_pair,B-A,2013,146,7.25,201300,180490,-20810,89.66,1236.23,6.69,80.94,1209.34,8.72,0.56,26.89,mixed_edge
1-2,target_exhibition_rank_bucket,2,2483,528,21.26,248300,222520,-25780,89.62,421.44,18.8,81.32,432.61,8.3,2.46,-11.17,mixed_edge
1-3,stadium_code,04,128,17,13.28,12800,11460,-1340,89.53,674.12,15.76,78.52,498.07,11.01,-2.48,176.05,mixed_edge
1-3,stadium_code x target_lane,04 | 3,128,17,13.28,12800,11460,-1340,89.53,674.12,15.76,78.52,498.07,11.01,-2.48,176.05,mixed_edge
1-2,lane1_target_boat_place_diff_bucket,target_plus_10+,1782,356,19.98,178200,159530,-18670,89.52,448.12,18.8,81.32,432.61,8.2,1.18,15.51,mixed_edge
1-6,other_group_pattern,B-B-A-B,832,57,6.85,83200,74480,-8720,89.52,1306.67,3.7,65.46,1770.57,24.06,3.15,-463.9,mixed_edge
1-2,lane1_target_national_rank_pair,3-1,462,129,27.92,46200,41350,-4850,89.5,320.54,18.8,81.32,432.61,8.18,9.12,-112.07,mixed_edge
1-2,target_lane x lane1_target_national_rank_pair,2 | 3-1,462,129,27.92,46200,41350,-4850,89.5,320.54,18.8,81.32,432.61,8.18,9.12,-112.07,mixed_edge
1-2,lane1_target_start_gap_pair,0.04-0.06-best,420,88,20.95,42000,37590,-4410,89.5,427.16,18.8,81.32,432.61,8.18,2.15,-5.45,mixed_edge
1-2,target_lane x lane1_target_start_gap_pair,2 | 0.04-0.06-best,420,88,20.95,42000,37590,-4410,89.5,427.16,18.8,81.32,432.61,8.18,2.15,-5.45,mixed_edge
1-2,lane1_start_exhibition_gap_bucket x target_start_exhibition_gap_bucket,0.04-0.06 | best,420,88,20.95,42000,37590,-4410,89.5,427.16,18.8,81.32,432.61,8.18,2.15,-5.45,mixed_edge
1-4,other_group_pattern,B-B-A-A,471,58,12.31,47100,42120,-4980,89.43,726.21,10.14,75.45,744.07,13.98,2.17,-17.86,mixed_edge
1-2,lane1_target_national_rank_pair x target_outer_pressure_bucket,4+-1 | high_other_pressure,422,75,17.77,42200,37740,-4460,89.43,503.2,18.8,81.32,432.61,8.11,-1.03,70.59,mixed_edge
1-2,stadium_code,02,612,102,16.67,61200,54720,-6480,89.41,536.47,18.8,81.32,432.61,8.09,-2.13,103.86,mixed_edge
1-2,stadium_code x target_lane,02 | 2,612,102,16.67,61200,54720,-6480,89.41,536.47,18.8,81.32,432.61,8.09,-2.13,103.86,mixed_edge
1-2,target_exhibition_rank_bucket x other_exhibition_faster_than_target_count_bucket,2 | 1,1323,242,18.29,132300,118270,-14030,89.4,488.72,18.8,81.32,432.61,8.08,-0.51,56.11,mixed_edge
1-2,lane1_target_group_pair x target_outer_pressure_bucket,B-A | low_other_pressure,341,61,17.89,34100,30460,-3640,89.33,499.34,18.8,81.32,432.61,8.01,-0.91,66.73,mixed_edge
1-5,stadium_code,04,128,9,7.03,12800,11430,-1370,89.3,1270.0,6.69,80.94,1209.34,8.36,0.34,60.66,mixed_edge
1-5,stadium_code x target_lane,04 | 5,128,9,7.03,12800,11430,-1370,89.3,1270.0,6.69,80.94,1209.34,8.36,0.34,60.66,mixed_edge
1-5,target_national_win_rank_bucket x other_national_better_than_target_count_bucket,2 | 1,1374,108,7.86,137400,122680,-14720,89.29,1135.93,6.69,80.94,1209.34,8.35,1.17,-73.41,mixed_edge
1-6,other_exhibition_faster_than_target_count_bucket,0,2963,160,5.4,296300,264380,-31920,89.23,1652.38,3.7,65.46,1770.57,23.77,1.7,-118.19,mixed_edge
1-6,other_st_faster_than_target_count_bucket,1,1899,88,4.63,189900,169420,-20480,89.22,1925.23,3.7,65.46,1770.57,23.76,0.93,154.66,mixed_edge
1-2,lane1_target_group_pair x other_a_count_bucket,A-A | 2,1038,308,29.67,103800,92600,-11200,89.21,300.65,18.8,81.32,432.61,7.89,10.87,-131.96,mixed_edge
1-3,target_start_exhibition_gap_bucket,0.04-0.06,3218,555,17.25,321800,287020,-34780,89.19,517.15,15.76,78.52,498.07,10.67,1.49,19.08,mixed_edge
1-3,target_lane x target_start_exhibition_gap_bucket,3 | 0.04-0.06,3218,555,17.25,321800,287020,-34780,89.19,517.15,15.76,78.52,498.07,10.67,1.49,19.08,mixed_edge
1-2,lane1_target_national_rank_pair,1-3,713,230,32.26,71300,63570,-7730,89.16,276.39,18.8,81.32,432.61,7.84,13.46,-156.22,mixed_edge
1-2,target_lane x lane1_target_national_rank_pair,2 | 1-3,713,230,32.26,71300,63570,-7730,89.16,276.39,18.8,81.32,432.61,7.84,13.46,-156.22,mixed_edge
1-4,lane1_target_exhibition_time_diff_bucket x lane1_target_start_exhibition_st_diff_bucket,target_faster_0.05_0.10 | near_equal,401,53,13.22,40100,35750,-4350,89.15,674.53,10.14,75.45,744.07,13.7,3.08,-69.54,mixed_edge
1-5,lane1_class,A2,3553,279,7.85,355300,316320,-38980,89.03,1133.76,6.69,80.94,1209.34,8.09,1.16,-75.58,mixed_edge
1-2,target_national_win_rank_bucket,2,2213,519,23.45,221300,197020,-24280,89.03,379.61,18.8,81.32,432.61,7.71,4.65,-53.0,mixed_edge
1-3,other_group_pattern,B-A-A-A,317,42,13.25,31700,28220,-3480,89.02,671.9,15.76,78.52,498.07,10.5,-2.51,173.83,mixed_edge
1-2,lane1_target_class_pair,B2-A1,50,7,14.0,5000,4450,-550,89.0,635.71,18.8,81.32,432.61,7.68,-4.8,203.1,mixed_edge
1-2,stadium_code,12,682,146,21.41,68200,60680,-7520,88.97,415.62,18.8,81.32,432.61,7.65,2.61,-16.99,mixed_edge
1-2,stadium_code x target_lane,12 | 2,682,146,21.41,68200,60680,-7520,88.97,415.62,18.8,81.32,432.61,7.65,2.61,-16.99,mixed_edge
1-5,lane1_target_national_win_diff_bucket,near_equal,2313,200,8.65,231300,205720,-25580,88.94,1028.6,6.69,80.94,1209.34,8.0,1.96,-180.74,mixed_edge
1-5,lane1_target_group_pair x target_outer_pressure_bucket,A-A | some_other_pressure,753,101,13.41,75300,66970,-8330,88.94,663.07,6.69,80.94,1209.34,8.0,6.72,-546.27,mixed_edge
1-2,lane1_target_start_gap_pair,<=0.03-<=0.03,872,198,22.71,87200,77540,-9660,88.92,391.62,18.8,81.32,432.61,7.6,3.91,-40.99,mixed_edge
1-2,target_lane x lane1_target_start_gap_pair,2 | <=0.03-<=0.03,872,198,22.71,87200,77540,-9660,88.92,391.62,18.8,81.32,432.61,7.6,3.91,-40.99,mixed_edge
1-2,lane1_start_exhibition_gap_bucket x target_start_exhibition_gap_bucket,<=0.03 | <=0.03,872,198,22.71,87200,77540,-9660,88.92,391.62,18.8,81.32,432.61,7.6,3.91,-40.99,mixed_edge
1-3,lane1_target_national_rank_pair x target_outer_pressure_bucket,4+-1 | high_other_pressure,458,81,17.69,45800,40710,-5090,88.89,502.59,15.76,78.52,498.07,10.37,1.93,4.52,mixed_edge
1-6,lane1_target_national_win_diff_bucket,target_plus_1.00+,2177,151,6.94,217700,193430,-24270,88.85,1280.99,3.7,65.46,1770.57,23.39,3.24,-489.58,mixed_edge
1-5,stadium_code,05,647,46,7.11,64700,57460,-7240,88.81,1249.13,6.69,80.94,1209.34,7.87,0.42,39.79,mixed_edge
1-5,stadium_code x target_lane,05 | 5,647,46,7.11,64700,57460,-7240,88.81,1249.13,6.69,80.94,1209.34,7.87,0.42,39.79,mixed_edge
1-5,lane1_target_start_gap_pair x target_outer_pressure_bucket,>0.06-best | high_other_pressure,626,30,4.79,62600,55560,-7040,88.75,1852.0,6.69,80.94,1209.34,7.81,-1.9,642.66,mixed_edge
1-3,lane1_target_start_gap_pair x target_outer_pressure_bucket,best->0.06 | low_other_pressure,64,20,31.25,6400,5680,-720,88.75,284.0,15.76,78.52,498.07,10.23,15.49,-214.07,mixed_edge
1-3,lane1_target_group_pair x target_outer_pressure_bucket,B-B | low_other_pressure,32,8,25.0,3200,2840,-360,88.75,355.0,15.76,78.52,498.07,10.23,9.24,-143.07,mixed_edge
1-3,lane1_motor_rank_bucket,1,2525,428,16.95,252500,224050,-28450,88.73,523.48,15.76,78.52,498.07,10.21,1.19,25.41,mixed_edge
1-3,lane1_target_exhibition_time_diff_bucket x lane1_target_start_exhibition_st_diff_bucket,target_faster_0.05_0.10 | near_equal,478,72,15.06,47800,42410,-5390,88.72,589.03,15.76,78.52,498.07,10.2,-0.7,90.96,mixed_edge
1-3,lane1_start_exhibition_gap_bucket,<=0.03,2929,509,17.38,292900,259830,-33070,88.71,510.47,15.76,78.52,498.07,10.19,1.62,12.4,mixed_edge
1-2,lane1_target_class_pair,B1-A1,966,170,17.6,96600,85690,-10910,88.71,504.06,18.8,81.32,432.61,7.39,-1.2,71.45,mixed_edge
1-3,target_start_exhibition_gap_bucket,<=0.03,3424,623,18.2,342400,303120,-39280,88.53,486.55,15.76,78.52,498.07,10.01,2.44,-11.52,mixed_edge
1-3,target_lane x target_start_exhibition_gap_bucket,3 | <=0.03,3424,623,18.2,342400,303120,-39280,88.53,486.55,15.76,78.52,498.07,10.01,2.44,-11.52,mixed_edge
1-4,lane1_target_start_gap_pair,<=0.03-0.04-0.06,658,71,10.79,65800,58250,-7550,88.53,820.42,10.14,75.45,744.07,13.08,0.65,76.35,mixed_edge
1-4,target_lane x lane1_target_start_gap_pair,4 | <=0.03-0.04-0.06,658,71,10.79,65800,58250,-7550,88.53,820.42,10.14,75.45,744.07,13.08,0.65,76.35,mixed_edge
1-4,lane1_start_exhibition_gap_bucket x target_start_exhibition_gap_bucket,<=0.03 | 0.04-0.06,658,71,10.79,65800,58250,-7550,88.53,820.42,10.14,75.45,744.07,13.08,0.65,76.35,mixed_edge
1-6,lane1_target_group_pair x target_outer_pressure_bucket,A-A | low_other_pressure,410,49,11.95,41000,36270,-4730,88.46,740.2,3.7,65.46,1770.57,23.0,8.25,-1030.37,mixed_edge
1-4,lane1_target_start_gap_pair,<=0.03-best,687,92,13.39,68700,60760,-7940,88.44,660.43,10.14,75.45,744.07,12.99,3.25,-83.64,mixed_edge
1-4,target_lane x lane1_target_start_gap_pair,4 | <=0.03-best,687,92,13.39,68700,60760,-7940,88.44,660.43,10.14,75.45,744.07,12.99,3.25,-83.64,mixed_edge
1-4,lane1_start_exhibition_gap_bucket x target_start_exhibition_gap_bucket,<=0.03 | best,687,92,13.39,68700,60760,-7940,88.44,660.43,10.14,75.45,744.07,12.99,3.25,-83.64,mixed_edge
1-2,target_class,A2,3152,691,21.92,315200,278560,-36640,88.38,403.13,18.8,81.32,432.61,7.06,3.12,-29.48,mixed_edge
1-2,target_class_group x target_outer_pressure_bucket,B | some_other_pressure,588,158,26.87,58800,51950,-6850,88.35,328.8,18.8,81.32,432.61,7.03,8.07,-103.81,mixed_edge
1-3,wind_bucket,7+,388,57,14.69,38800,34280,-4520,88.35,601.4,15.76,78.52,498.07,9.83,-1.07,103.33,mixed_edge
1-6,lane1_target_class_pair,B1-A2,966,34,3.52,96600,85290,-11310,88.29,2508.53,3.7,65.46,1770.57,22.83,-0.18,737.96,mixed_edge
1-3,lane1_target_exhibition_time_diff_bucket x lane1_target_start_exhibition_st_diff_bucket,lane1_faster_0.10+ | lane1_faster_0.03_0.06,316,57,18.04,31600,27900,-3700,88.29,489.47,15.76,78.52,498.07,9.77,2.28,-8.6,mixed_edge
1-3,target_class_group x target_outer_pressure_bucket,B | some_other_pressure,459,115,25.05,45900,40520,-5380,88.28,352.35,15.76,78.52,498.07,9.76,9.29,-145.72,mixed_edge
1-3,lane1_target_exhibition_time_diff_bucket x lane1_target_start_exhibition_st_diff_bucket,near_equal | lane1_faster_0.03_0.06,1084,207,19.1,108400,95660,-12740,88.25,462.13,15.76,78.52,498.07,9.73,3.34,-35.94,mixed_edge
1-2,stadium_code,05,647,117,18.08,64700,57100,-7600,88.25,488.03,18.8,81.32,432.61,6.93,-0.72,55.42,mixed_edge
1-2,stadium_code x target_lane,05 | 2,647,117,18.08,64700,57100,-7600,88.25,488.03,18.8,81.32,432.61,6.93,-0.72,55.42,mixed_edge
1-6,target_national_win_rank_bucket,1,1921,184,9.58,192100,169480,-22620,88.22,921.09,3.7,65.46,1770.57,22.76,5.88,-849.48,mixed_edge
1-6,target_national_win_rank_bucket x other_national_better_than_target_count_bucket,1 | 0,1921,184,9.58,192100,169480,-22620,88.22,921.09,3.7,65.46,1770.57,22.76,5.88,-849.48,mixed_edge
1-2,lane1_target_local_win_diff_bucket,near_equal,1879,403,21.45,187900,165610,-22290,88.14,410.94,18.8,81.32,432.61,6.82,2.65,-21.67,mixed_edge
1-2,target_outer_pressure_bucket,some_other_pressure,2167,546,25.2,216700,190980,-25720,88.13,349.78,18.8,81.32,432.61,6.81,6.4,-82.83,mixed_edge
1-2,target_lane x target_outer_pressure_bucket,2 | some_other_pressure,2167,546,25.2,216700,190980,-25720,88.13,349.78,18.8,81.32,432.61,6.81,6.4,-82.83,mixed_edge
1-2,lane1_target_group_pair x other_a_count_bucket,B-A | 2,1180,173,14.66,118000,103920,-14080,88.07,600.69,18.8,81.32,432.61,6.75,-4.14,168.08,mixed_edge
1-2,target_class_group x target_outer_pressure_bucket,A | some_other_pressure,1579,388,24.57,157900,139030,-18870,88.05,358.32,18.8,81.32,432.61,6.73,5.77,-74.29,mixed_edge
1-4,lane1_target_start_gap_pair x target_outer_pressure_bucket,<=0.03-0.04-0.06 | some_other_pressure,70,12,17.14,7000,6160,-840,88.0,513.33,10.14,75.45,744.07,12.55,7.0,-230.74,mixed_edge
1-2,lane1_target_start_gap_pair x target_outer_pressure_bucket,best-best | some_other_pressure,65,17,26.15,6500,5720,-780,88.0,336.47,18.8,81.32,432.61,6.68,7.35,-96.14,mixed_edge
1-5,lane1_exhibition_rank_bucket,1,3822,296,7.74,382200,336200,-46000,87.96,1135.81,6.69,80.94,1209.34,7.02,1.05,-73.53,mixed_edge
1-5,lane1_target_class_pair,A2-B1,1789,102,5.7,178900,157320,-21580,87.94,1542.35,6.69,80.94,1209.34,7.0,-0.99,333.01,mixed_edge
1-5,other_a_count_bucket,4,1682,127,7.55,168200,147910,-20290,87.94,1164.65,6.69,80.94,1209.34,7.0,0.86,-44.69,mixed_edge
1-5,other_group_pattern,A-A-A-A,1682,127,7.55,168200,147910,-20290,87.94,1164.65,6.69,80.94,1209.34,7.0,0.86,-44.69,mixed_edge
1-5,target_lane x other_a_count_bucket,5 | 4,1682,127,7.55,168200,147910,-20290,87.94,1164.65,6.69,80.94,1209.34,7.0,0.86,-44.69,mixed_edge
1-5,other_group_pattern,B-A-A-B,658,28,4.26,65800,57840,-7960,87.9,2065.71,6.69,80.94,1209.34,6.96,-2.43,856.37,mixed_edge
1-5,grade_group,G1,324,19,5.86,32400,28470,-3930,87.87,1498.42,6.69,80.94,1209.34,6.93,-0.83,289.08,mixed_edge
1-2,stadium_code,24,634,133,20.98,63400,55700,-7700,87.85,418.8,18.8,81.32,432.61,6.53,2.18,-13.81,mixed_edge
1-2,stadium_code x target_lane,24 | 2,634,133,20.98,63400,55700,-7700,87.85,418.8,18.8,81.32,432.61,6.53,2.18,-13.81,mixed_edge
1-5,lane1_target_exhibition_time_diff_bucket,target_faster_0.05_0.10,1295,89,6.87,129500,113710,-15790,87.81,1277.64,6.69,80.94,1209.34,6.87,0.18,68.3,mixed_edge
1-5,stadium_code,08,695,61,8.78,69500,61020,-8480,87.8,1000.33,6.69,80.94,1209.34,6.86,2.09,-209.01,mixed_edge
1-5,stadium_code x target_lane,08 | 5,695,61,8.78,69500,61020,-8480,87.8,1000.33,6.69,80.94,1209.34,6.86,2.09,-209.01,mixed_edge
1-4,lane1_target_start_gap_pair x target_outer_pressure_bucket,<=0.03-0.04-0.06 | high_other_pressure,558,52,9.32,55800,48990,-6810,87.8,942.12,10.14,75.45,744.07,12.35,-0.82,198.05,mixed_edge
1-6,lane1_target_start_gap_pair x target_outer_pressure_bucket,best-0.04-0.06 | some_other_pressure,117,10,8.55,11700,10270,-1430,87.78,1027.0,3.7,65.46,1770.57,22.32,4.85,-743.57,mixed_edge
1-5,target_national_win_rank_bucket,2,1976,192,9.72,197600,173380,-24220,87.74,903.02,6.69,80.94,1209.34,6.8,3.03,-306.32,mixed_edge
1-2,lane1_target_motor_place_diff_bucket,lane1_plus_4_10,2185,415,18.99,218500,191680,-26820,87.73,461.88,18.8,81.32,432.61,6.41,0.19,29.27,mixed_edge
1-5,lane1_target_motor_place_diff_bucket,lane1_plus_4_10,2152,132,6.13,215200,188790,-26410,87.73,1430.23,6.69,80.94,1209.34,6.79,-0.56,220.89,mixed_edge
1-5,lane1_target_national_rank_pair x target_outer_pressure_bucket,3-1 | some_other_pressure,86,13,15.12,8600,7540,-1060,87.67,580.0,6.69,80.94,1209.34,6.73,8.43,-629.34,mixed_edge
1-5,lane1_target_motor_place_diff_bucket,near_equal,4241,315,7.43,424100,371740,-52360,87.65,1180.13,6.69,80.94,1209.34,6.71,0.74,-29.21,mixed_edge
1-5,target_class_group x target_outer_pressure_bucket,A | high_other_pressure,4066,341,8.39,406600,356300,-50300,87.63,1044.87,6.69,80.94,1209.34,6.69,1.7,-164.47,mixed_edge
1-3,lane1_target_national_rank_pair x target_outer_pressure_bucket,4+-1 | some_other_pressure,214,36,16.82,21400,18750,-2650,87.62,520.83,15.76,78.52,498.07,9.1,1.06,22.76,mixed_edge
1-3,target_motor_rank_bucket,2,2146,380,17.71,214600,187710,-26890,87.47,493.97,15.76,78.52,498.07,8.95,1.95,-4.1,mixed_edge
1-3,lane1_target_exhibition_st_rank_pair,1-4+,1611,285,17.69,161100,140910,-20190,87.47,494.42,15.76,78.52,498.07,8.95,1.93,-3.65,mixed_edge
1-3,lane1_exhibition_st_rank_bucket x target_exhibition_st_rank_bucket,1 | 4+,1611,285,17.69,161100,140910,-20190,87.47,494.42,15.76,78.52,498.07,8.95,1.93,-3.65,mixed_edge
1-3,target_exhibition_rank_bucket x other_exhibition_faster_than_target_count_bucket,2 | 0,939,194,20.66,93900,82080,-11820,87.41,423.09,15.76,78.52,498.07,8.89,4.9,-74.98,mixed_edge
1-3,lane1_target_start_gap_pair x target_outer_pressure_bucket,0.04-0.06-0.04-0.06 | some_other_pressure,76,17,22.37,7600,6640,-960,87.37,390.59,15.76,78.52,498.07,8.85,6.61,-107.48,mixed_edge
1-2,stadium_code,22,719,161,22.39,71900,62790,-9110,87.33,390.0,18.8,81.32,432.61,6.01,3.59,-42.61,mixed_edge
1-2,stadium_code x target_lane,22 | 2,719,161,22.39,71900,62790,-9110,87.33,390.0,18.8,81.32,432.61,6.01,3.59,-42.61,mixed_edge
1-3,lane1_target_national_rank_pair x target_outer_pressure_bucket,3-2 | some_other_pressure,236,56,23.73,23600,20610,-2990,87.33,368.04,15.76,78.52,498.07,8.81,7.97,-130.03,mixed_edge
1-2,lane1_target_start_gap_pair x target_outer_pressure_bucket,<=0.03-<=0.03 | high_other_pressure,645,133,20.62,64500,56300,-8200,87.29,423.31,18.8,81.32,432.61,5.97,1.82,-9.3,mixed_edge
1-5,other_group_pattern,A-B-A-A,641,33,5.15,64100,55940,-8160,87.27,1695.15,6.69,80.94,1209.34,6.33,-1.54,485.81,mixed_edge
1-2,lane1_local_win_rank_bucket,4+,5039,778,15.44,503900,439480,-64420,87.22,564.88,18.8,81.32,432.61,5.9,-3.36,132.27,mixed_edge
1-2,lane1_target_exhibition_st_rank_pair,3-2,313,66,21.09,31300,27300,-4000,87.22,413.64,18.8,81.32,432.61,5.9,2.29,-18.97,mixed_edge
1-2,lane1_exhibition_st_rank_bucket x target_exhibition_st_rank_bucket,3 | 2,313,66,21.09,31300,27300,-4000,87.22,413.64,18.8,81.32,432.61,5.9,2.29,-18.97,mixed_edge
1-3,lane1_target_class_pair,A1-B1,1558,287,18.42,155800,135790,-20010,87.16,473.14,15.76,78.52,498.07,8.64,2.66,-24.93,mixed_edge
1-2,race_no_bucket,1-3R,3215,558,17.36,321500,280080,-41420,87.12,501.94,18.8,81.32,432.61,5.8,-1.44,69.33,mixed_edge
1-2,race_no_bucket x target_lane,1-3R | 2,3215,558,17.36,321500,280080,-41420,87.12,501.94,18.8,81.32,432.61,5.8,-1.44,69.33,mixed_edge
1-3,lane1_target_exhibition_time_diff_bucket x lane1_target_start_exhibition_st_diff_bucket,lane1_faster_0.05_0.10 | near_equal,962,164,17.05,96200,83810,-12390,87.12,511.04,15.76,78.52,498.07,8.6,1.29,12.97,mixed_edge
1-3,other_exhibition_faster_than_target_count_bucket,0,3014,549,18.21,301400,262530,-38870,87.1,478.2,15.76,78.52,498.07,8.58,2.45,-19.87,mixed_edge
1-5,stadium_code,06,563,44,7.82,56300,49040,-7260,87.1,1114.55,6.69,80.94,1209.34,6.16,1.13,-94.79,mixed_edge
1-5,stadium_code x target_lane,06 | 5,563,44,7.82,56300,49040,-7260,87.1,1114.55,6.69,80.94,1209.34,6.16,1.13,-94.79,mixed_edge
1-5,lane1_start_exhibition_gap_bucket,0.04-0.06,2331,156,6.69,233100,202860,-30240,87.03,1300.38,6.69,80.94,1209.34,6.09,0.0,91.04,mixed_edge
1-6,target_exhibition_rank_bucket x other_exhibition_faster_than_target_count_bucket,3 | 0,259,18,6.95,25900,22540,-3360,87.03,1252.22,3.7,65.46,1770.57,21.57,3.25,-518.35,mixed_edge
1-2,lane1_target_exhibition_time_diff_bucket x lane1_target_start_exhibition_st_diff_bucket,near_equal | lane1_faster_0.06+,1098,198,18.03,109800,95550,-14250,87.02,482.58,18.8,81.32,432.61,5.7,-0.77,49.97,mixed_edge
1-5,lane1_target_national_win_diff_bucket,target_plus_0.35_1.00,1598,138,8.64,159800,138970,-20830,86.96,1007.03,6.69,80.94,1209.34,6.02,1.95,-202.31,mixed_edge
1-5,lane1_target_national_rank_pair,1-2,583,84,14.41,58300,50700,-7600,86.96,603.57,6.69,80.94,1209.34,6.02,7.72,-605.77,mixed_edge
1-5,target_lane x lane1_target_national_rank_pair,5 | 1-2,583,84,14.41,58300,50700,-7600,86.96,603.57,6.69,80.94,1209.34,6.02,7.72,-605.77,mixed_edge
1-5,lane1_target_start_gap_pair x target_outer_pressure_bucket,<=0.03->0.06 | some_other_pressure,95,9,9.47,9500,8260,-1240,86.95,917.78,6.69,80.94,1209.34,6.01,2.78,-291.56,mixed_edge
1-4,lane1_target_national_rank_pair,1-4+,1827,208,11.38,182700,158810,-23890,86.92,763.51,10.14,75.45,744.07,11.47,1.24,19.44,mixed_edge
1-4,target_lane x lane1_target_national_rank_pair,4 | 1-4+,1827,208,11.38,182700,158810,-23890,86.92,763.51,10.14,75.45,744.07,11.47,1.24,19.44,mixed_edge
1-4,lane1_target_national_rank_pair x target_outer_pressure_bucket,1-4+ | high_other_pressure,1827,208,11.38,182700,158810,-23890,86.92,763.51,10.14,75.45,744.07,11.47,1.24,19.44,mixed_edge
1-3,lane1_target_start_gap_pair x target_outer_pressure_bucket,0.04-0.06-best | some_other_pressure,110,26,23.64,11000,9560,-1440,86.91,367.69,15.76,78.52,498.07,8.39,7.88,-130.38,mixed_edge
1-5,lane1_target_exhibition_st_rank_pair,2-4+,1504,94,6.25,150400,130670,-19730,86.88,1390.11,6.69,80.94,1209.34,5.94,-0.44,180.77,mixed_edge
1-5,lane1_exhibition_st_rank_bucket x target_exhibition_st_rank_bucket,2 | 4+,1504,94,6.25,150400,130670,-19730,86.88,1390.11,6.69,80.94,1209.34,5.94,-0.44,180.77,mixed_edge
1-5,target_class,A1,2991,323,10.8,299100,259840,-39260,86.87,804.46,6.69,80.94,1209.34,5.93,4.11,-404.88,mixed_edge
1-4,lane1_target_national_rank_pair,4+-4+,1956,98,5.01,195600,169830,-25770,86.83,1732.96,10.14,75.45,744.07,11.38,-5.13,988.89,mixed_edge
1-4,target_lane x lane1_target_national_rank_pair,4 | 4+-4+,1956,98,5.01,195600,169830,-25770,86.83,1732.96,10.14,75.45,744.07,11.38,-5.13,988.89,mixed_edge
1-4,lane1_target_national_rank_pair x target_outer_pressure_bucket,4+-4+ | high_other_pressure,1956,98,5.01,195600,169830,-25770,86.83,1732.96,10.14,75.45,744.07,11.38,-5.13,988.89,mixed_edge
1-3,lane1_target_exhibition_time_diff_bucket x lane1_target_start_exhibition_st_diff_bucket,target_faster_0.05_0.10 | target_faster_0.03_0.06,186,27,14.52,18600,16150,-2450,86.83,598.15,15.76,78.52,498.07,8.31,-1.24,100.08,mixed_edge
1-5,lane1_target_exhibition_time_diff_bucket x lane1_target_start_exhibition_st_diff_bucket,near_equal | target_faster_0.03_0.06,680,53,7.79,68000,58970,-9030,86.72,1112.64,6.69,80.94,1209.34,5.78,1.1,-96.7,mixed_edge
1-4,lane1_target_exhibition_time_diff_bucket,lane1_faster_0.10+,1765,175,9.92,176500,153020,-23480,86.7,874.4,10.14,75.45,744.07,11.25,-0.22,130.33,mixed_edge
1-3,lane1_target_class_pair,B1-B1,2304,244,10.59,230400,199670,-30730,86.66,818.32,15.76,78.52,498.07,8.14,-5.17,320.25,mixed_edge
1-5,wind_bucket,0-2,7577,533,7.03,757700,656360,-101340,86.63,1231.44,6.69,80.94,1209.34,5.69,0.34,22.1,mixed_edge
1-6,lane1_target_local_win_diff_bucket,near_equal,1682,68,4.04,168200,145710,-22490,86.63,2142.79,3.7,65.46,1770.57,21.17,0.34,372.22,mixed_edge
1-2,lane1_target_group_pair x other_a_count_bucket,B-A | 1,781,133,17.03,78100,67660,-10440,86.63,508.72,18.8,81.32,432.61,5.31,-1.77,76.11,mixed_edge
1-3,other_exhibition_faster_than_target_count_bucket,1,2726,503,18.45,272600,236120,-36480,86.62,469.42,15.76,78.52,498.07,8.1,2.69,-28.65,mixed_edge
1-5,other_exhibition_faster_than_target_count_bucket,3,2487,155,6.23,248700,215430,-33270,86.62,1389.87,6.69,80.94,1209.34,5.68,-0.46,180.53,mixed_edge
1-5,target_exhibition_rank_bucket x other_exhibition_faster_than_target_count_bucket,4+ | 3,2487,155,6.23,248700,215430,-33270,86.62,1389.87,6.69,80.94,1209.34,5.68,-0.46,180.53,mixed_edge
1-3,stadium_code,03,616,92,14.94,61600,53340,-8260,86.59,579.78,15.76,78.52,498.07,8.07,-0.82,81.71,mixed_edge
1-3,stadium_code x target_lane,03 | 3,616,92,14.94,61600,53340,-8260,86.59,579.78,15.76,78.52,498.07,8.07,-0.82,81.71,mixed_edge
1-2,lane1_target_national_rank_pair,3-2,460,110,23.91,46000,39830,-6170,86.59,362.09,18.8,81.32,432.61,5.27,5.11,-70.52,mixed_edge
1-2,target_lane x lane1_target_national_rank_pair,2 | 3-2,460,110,23.91,46000,39830,-6170,86.59,362.09,18.8,81.32,432.61,5.27,5.11,-70.52,mixed_edge
1-2,target_national_win_rank_bucket,3,2361,516,21.86,236100,204290,-31810,86.53,395.91,18.8,81.32,432.61,5.21,3.06,-36.7,mixed_edge
1-4,target_start_exhibition_gap_bucket,<=0.03,3057,359,11.74,305700,264460,-41240,86.51,736.66,10.14,75.45,744.07,11.06,1.6,-7.41,mixed_edge
1-4,target_lane x target_start_exhibition_gap_bucket,4 | <=0.03,3057,359,11.74,305700,264460,-41240,86.51,736.66,10.14,75.45,744.07,11.06,1.6,-7.41,mixed_edge
1-2,target_exhibition_rank_bucket,1,2329,497,21.34,232900,201450,-31450,86.5,405.33,18.8,81.32,432.61,5.18,2.54,-27.28,mixed_edge
1-2,target_exhibition_rank_bucket x other_exhibition_faster_than_target_count_bucket,1 | 0,2329,497,21.34,232900,201450,-31450,86.5,405.33,18.8,81.32,432.61,5.18,2.54,-27.28,mixed_edge
1-5,lane1_exhibition_st_rank_bucket,1,4253,343,8.06,425300,367860,-57440,86.49,1072.48,6.69,80.94,1209.34,5.55,1.37,-136.86,mixed_edge
1-5,lane1_start_exhibition_gap_bucket,best,4253,343,8.06,425300,367860,-57440,86.49,1072.48,6.69,80.94,1209.34,5.55,1.37,-136.86,mixed_edge
1-5,other_a_count_bucket,3,2281,113,4.95,228100,197290,-30810,86.49,1745.93,6.69,80.94,1209.34,5.55,-1.74,536.59,mixed_edge
1-5,target_lane x other_a_count_bucket,5 | 3,2281,113,4.95,228100,197290,-30810,86.49,1745.93,6.69,80.94,1209.34,5.55,-1.74,536.59,mixed_edge
1-6,other_national_better_than_target_count_bucket,0,2522,233,9.24,252200,217990,-34210,86.44,935.58,3.7,65.46,1770.57,20.98,5.54,-834.99,mixed_edge
1-5,target_motor_rank_bucket,1,1984,162,8.17,198400,171320,-27080,86.35,1057.53,6.69,80.94,1209.34,5.41,1.48,-151.81,mixed_edge
1-2,target_exhibition_st_rank_bucket,3,2285,442,19.34,228500,197280,-31220,86.34,446.33,18.8,81.32,432.61,5.02,0.54,13.72,mixed_edge
1-2,target_lane x target_exhibition_st_rank_bucket,2 | 3,2285,442,19.34,228500,197280,-31220,86.34,446.33,18.8,81.32,432.61,5.02,0.54,13.72,mixed_edge
1-3,lane1_target_exhibition_time_diff_bucket x lane1_target_start_exhibition_st_diff_bucket,near_equal | lane1_faster_0.06+,1150,199,17.3,115000,99280,-15720,86.33,498.89,15.76,78.52,498.07,7.81,1.54,0.82,mixed_edge
1-4,target_exhibition_st_rank_bucket x other_st_faster_than_target_count_bucket,4+ | 2,2210,259,11.72,221000,190740,-30260,86.31,736.45,10.14,75.45,744.07,10.86,1.58,-7.62,mixed_edge
1-2,target_exhibition_st_rank_bucket,1,1617,342,21.15,161700,139570,-22130,86.31,408.1,18.8,81.32,432.61,4.99,2.35,-24.51,mixed_edge
1-2,target_lane x target_exhibition_st_rank_bucket,2 | 1,1617,342,21.15,161700,139570,-22130,86.31,408.1,18.8,81.32,432.61,4.99,2.35,-24.51,mixed_edge
1-2,target_exhibition_st_rank_bucket x other_st_faster_than_target_count_bucket,1 | 0,1617,342,21.15,161700,139570,-22130,86.31,408.1,18.8,81.32,432.61,4.99,2.35,-24.51,mixed_edge
1-2,lane1_target_exhibition_time_diff_bucket x lane1_target_start_exhibition_st_diff_bucket,lane1_faster_0.05_0.10 | lane1_faster_0.03_0.06,535,116,21.68,53500,46160,-7340,86.28,397.93,18.8,81.32,432.61,4.96,2.88,-34.68,mixed_edge
1-2,target_local_win_rank_bucket,1,2067,486,23.51,206700,178310,-28390,86.27,366.89,18.8,81.32,432.61,4.95,4.71,-65.72,mixed_edge
1-2,target_class_group x target_outer_pressure_bucket,A | high_other_pressure,4025,877,21.79,402500,347070,-55430,86.23,395.75,18.8,81.32,432.61,4.91,2.99,-36.86,mixed_edge
1-4,target_class_group x target_outer_pressure_bucket,B | low_other_pressure,92,17,18.48,9200,7930,-1270,86.2,466.47,10.14,75.45,744.07,10.75,8.34,-277.6,mixed_edge
1-5,target_boat_rank_bucket,4+,6616,469,7.09,661600,570220,-91380,86.19,1215.82,6.69,80.94,1209.34,5.25,0.4,6.48,mixed_edge
1-5,lane1_target_class_pair,A2-A1,631,93,14.74,63100,54370,-8730,86.16,584.62,6.69,80.94,1209.34,5.22,8.05,-624.72,mixed_edge
1-6,lane1_target_group_pair x other_a_count_bucket,A-B | 0,740,39,5.27,74000,63740,-10260,86.14,1634.36,3.7,65.46,1770.57,20.68,1.57,-136.21,mixed_edge
1-2,lane1_class,B1,4601,627,13.63,460100,396190,-63910,86.11,631.88,18.8,81.32,432.61,4.79,-5.17,199.27,mixed_edge
1-6,lane1_target_national_rank_pair x target_outer_pressure_bucket,4+-1 | low_other_pressure,287,21,7.32,28700,24700,-4000,86.06,1176.19,3.7,65.46,1770.57,20.6,3.62,-594.38,mixed_edge
1-2,lane1_class_group,B,4919,658,13.38,491900,423270,-68630,86.05,643.27,18.8,81.32,432.61,4.73,-5.42,210.66,mixed_edge
1-5,lane1_target_group_pair x other_a_count_bucket,A-A | 3,508,51,10.04,50800,43700,-7100,86.02,856.86,6.69,80.94,1209.34,5.08,3.35,-352.48,mixed_edge
1-2,lane1_exhibition_rank_bucket,4+,3791,658,17.36,379100,326010,-53090,86.0,495.46,18.8,81.32,432.61,4.68,-1.44,62.85,mixed_edge
1-5,lane1_target_national_rank_pair x target_outer_pressure_bucket,2-4+ | high_other_pressure,1653,75,4.54,165300,142060,-23240,85.94,1894.13,6.69,80.94,1209.34,5.0,-2.15,684.79,mixed_edge
1-6,lane1_target_start_gap_pair x target_outer_pressure_bucket,>0.06->0.06 | some_other_pressure,101,4,3.96,10100,8680,-1420,85.94,2170.0,3.7,65.46,1770.57,20.48,0.26,399.43,mixed_edge
1-2,lane1_target_exhibition_time_diff_bucket,near_equal,6355,1256,19.76,635500,546090,-89410,85.93,434.79,18.8,81.32,432.61,4.61,0.96,2.18,mixed_edge
1-4,target_start_exhibition_gap_bucket,0.04-0.06,2972,331,11.14,297200,255380,-41820,85.93,771.54,10.14,75.45,744.07,10.48,1.0,27.47,mixed_edge
1-4,target_lane x target_start_exhibition_gap_bucket,4 | 0.04-0.06,2972,331,11.14,297200,255380,-41820,85.93,771.54,10.14,75.45,744.07,10.48,1.0,27.47,mixed_edge
1-2,target_class_group,A,6415,1478,23.04,641500,551170,-90330,85.92,372.92,18.8,81.32,432.61,4.6,4.24,-59.69,mixed_edge
1-2,target_lane x target_class_group,2 | A,6415,1478,23.04,641500,551170,-90330,85.92,372.92,18.8,81.32,432.61,4.6,4.24,-59.69,mixed_edge
1-2,lane1_target_exhibition_time_diff_bucket x lane1_target_start_exhibition_st_diff_bucket,lane1_faster_0.05_0.10 | near_equal,1030,229,22.23,103000,88470,-14530,85.89,386.33,18.8,81.32,432.61,4.57,3.43,-46.28,mixed_edge
1-2,wind_bucket,0-2,7577,1484,19.59,757700,650680,-107020,85.88,438.46,18.8,81.32,432.61,4.56,0.79,5.85,mixed_edge
1-3,lane1_target_start_gap_pair x target_outer_pressure_bucket,<=0.03-0.04-0.06 | low_other_pressure,34,6,17.65,3400,2920,-480,85.88,486.67,15.76,78.52,498.07,7.36,1.89,-11.4,mixed_edge
1-2,other_a_count_bucket,3,1965,317,16.13,196500,168680,-27820,85.84,532.11,18.8,81.32,432.61,4.52,-2.67,99.5,mixed_edge
1-2,target_lane x other_a_count_bucket,2 | 3,1965,317,16.13,196500,168680,-27820,85.84,532.11,18.8,81.32,432.61,4.52,-2.67,99.5,mixed_edge
1-5,lane1_target_national_rank_pair,2-4+,1655,75,4.53,165500,142060,-23440,85.84,1894.13,6.69,80.94,1209.34,4.9,-2.16,684.79,mixed_edge
1-5,target_lane x lane1_target_national_rank_pair,5 | 2-4+,1655,75,4.53,165500,142060,-23440,85.84,1894.13,6.69,80.94,1209.34,4.9,-2.16,684.79,mixed_edge
1-4,lane1_target_national_rank_pair x target_outer_pressure_bucket,3-1 | low_other_pressure,115,22,19.13,11500,9870,-1630,85.83,448.64,10.14,75.45,744.07,10.38,8.99,-295.43,mixed_edge
1-5,lane1_exhibition_st_rank_bucket,3,1797,123,6.84,179700,154100,-25600,85.75,1252.85,6.69,80.94,1209.34,4.81,0.15,43.51,mixed_edge
1-3,target_exhibition_st_rank_bucket x other_st_faster_than_target_count_bucket,4+ | 2,1531,261,17.05,153100,131290,-21810,85.75,503.03,15.76,78.52,498.07,7.23,1.29,4.96,mixed_edge
1-4,target_motor_rank_bucket,3,2134,235,11.01,213400,182960,-30440,85.74,778.55,10.14,75.45,744.07,10.29,0.87,34.48,mixed_edge
1-5,lane1_target_group_pair x other_a_count_bucket,B-B | 0,512,37,7.23,51200,43900,-7300,85.74,1186.49,6.69,80.94,1209.34,4.8,0.54,-22.85,mixed_edge
1-6,target_exhibition_st_rank_bucket,3,1540,67,4.35,154000,132020,-21980,85.73,1970.45,3.7,65.46,1770.57,20.27,0.65,199.88,mixed_edge
1-6,target_lane x target_exhibition_st_rank_bucket,6 | 3,1540,67,4.35,154000,132020,-21980,85.73,1970.45,3.7,65.46,1770.57,20.27,0.65,199.88,mixed_edge
1-6,target_exhibition_st_rank_bucket x other_st_faster_than_target_count_bucket,2 | 1,710,28,3.94,71000,60870,-10130,85.73,2173.93,3.7,65.46,1770.57,20.27,0.24,403.36,mixed_edge
1-2,lane1_target_class_pair,A2-A2,629,150,23.85,62900,53910,-8990,85.71,359.4,18.8,81.32,432.61,4.39,5.05,-73.21,mixed_edge
1-6,lane1_target_national_rank_pair x target_outer_pressure_bucket,3-1 | high_other_pressure,220,20,9.09,22000,18850,-3150,85.68,942.5,3.7,65.46,1770.57,20.22,5.39,-828.07,mixed_edge
1-4,stadium_code,10,552,59,10.69,55200,47260,-7940,85.62,801.02,10.14,75.45,744.07,10.17,0.55,56.95,mixed_edge
1-4,stadium_code x target_lane,10 | 4,552,59,10.69,55200,47260,-7940,85.62,801.02,10.14,75.45,744.07,10.17,0.55,56.95,mixed_edge
1-2,target_motor_rank_bucket,3,2128,398,18.7,212800,182010,-30790,85.53,457.31,18.8,81.32,432.61,4.21,-0.1,24.7,mixed_edge
1-2,target_start_exhibition_gap_bucket,0.04-0.06,3153,632,20.04,315300,269410,-45890,85.45,426.28,18.8,81.32,432.61,4.13,1.24,-6.33,mixed_edge
1-2,target_lane x target_start_exhibition_gap_bucket,2 | 0.04-0.06,3153,632,20.04,315300,269410,-45890,85.45,426.28,18.8,81.32,432.61,4.13,1.24,-6.33,mixed_edge
1-2,lane1_target_local_win_diff_bucket,target_plus_0.35_1.00,1406,274,19.49,140600,120070,-20530,85.4,438.21,18.8,81.32,432.61,4.08,0.69,5.6,mixed_edge
1-4,lane1_target_start_gap_pair x target_outer_pressure_bucket,0.04-0.06-best | low_other_pressure,52,10,19.23,5200,4440,-760,85.38,444.0,10.14,75.45,744.07,9.93,9.09,-300.07,mixed_edge
1-4,other_b2_count_bucket,2,356,47,13.2,35600,30390,-5210,85.37,646.6,10.14,75.45,744.07,9.92,3.06,-97.47,mixed_edge
1-3,lane1_target_national_rank_pair x target_outer_pressure_bucket,2-4+ | high_other_pressure,1540,227,14.74,154000,131450,-22550,85.36,579.07,15.76,78.52,498.07,6.84,-1.02,81.0,mixed_edge
1-4,lane1_target_group_pair x other_a_count_bucket,B-B | 3,730,20,2.74,73000,62300,-10700,85.34,3115.0,10.14,75.45,744.07,9.89,-7.4,2370.93,mixed_edge
1-5,lane1_local_win_rank_bucket,4+,5039,286,5.68,503900,429860,-74040,85.31,1503.01,6.69,80.94,1209.34,4.37,-1.01,293.67,mixed_edge
1-2,other_group_pattern,A-B-A-B,891,141,15.82,89100,75990,-13110,85.29,538.94,18.8,81.32,432.61,3.97,-2.98,106.33,mixed_edge
1-3,lane1_target_group_pair x target_outer_pressure_bucket,B-A | some_other_pressure,513,77,15.01,51300,43750,-7550,85.28,568.18,15.76,78.52,498.07,6.76,-0.75,70.11,mixed_edge
1-2,lane1_motor_rank_bucket,3,2024,379,18.73,202400,172590,-29810,85.27,455.38,18.8,81.32,432.61,3.95,-0.07,22.77,mixed_edge
1-5,lane1_target_group_pair x other_a_count_bucket,A-B | 1,1047,60,5.73,104700,89240,-15460,85.23,1487.33,6.69,80.94,1209.34,4.29,-0.96,277.99,mixed_edge
1-5,lane1_target_national_rank_pair x target_outer_pressure_bucket,1-3 | high_other_pressure,306,33,10.78,30600,26080,-4520,85.23,790.3,6.69,80.94,1209.34,4.29,4.09,-419.04,mixed_edge
1-2,target_national_win_rank_bucket x other_national_better_than_target_count_bucket,4+ | 2,1802,373,20.7,180200,153540,-26660,85.21,411.64,18.8,81.32,432.61,3.89,1.9,-20.97,mixed_edge
1-4,lane1_target_group_pair x other_a_count_bucket,B-A | 1,635,75,11.81,63500,54110,-9390,85.21,721.47,10.14,75.45,744.07,9.76,1.67,-22.6,mixed_edge
1-2,meeting_phase_bucket,day3-4,4575,864,18.89,457500,389730,-67770,85.19,451.08,18.8,81.32,432.61,3.87,0.09,18.47,mixed_edge
1-2,meeting_phase_bucket x target_lane,day3-4 | 2,4575,864,18.89,457500,389730,-67770,85.19,451.08,18.8,81.32,432.61,3.87,0.09,18.47,mixed_edge
1-3,lane1_target_national_rank_pair,2-4+,1543,227,14.71,154300,131450,-22850,85.19,579.07,15.76,78.52,498.07,6.67,-1.05,81.0,mixed_edge
1-3,target_lane x lane1_target_national_rank_pair,3 | 2-4+,1543,227,14.71,154300,131450,-22850,85.19,579.07,15.76,78.52,498.07,6.67,-1.05,81.0,mixed_edge
1-2,lane1_class,B2,318,31,9.75,31800,27080,-4720,85.16,873.55,18.8,81.32,432.61,3.84,-9.05,440.94,mixed_edge
1-2,lane1_target_exhibition_time_diff_bucket x lane1_target_start_exhibition_st_diff_bucket,target_faster_0.05_0.10 | lane1_faster_0.03_0.06,320,64,20.0,32000,27240,-4760,85.12,425.62,18.8,81.32,432.61,3.8,1.2,-6.99,mixed_edge
1-6,other_group_pattern,B-A-A-A,397,8,2.02,39700,33790,-5910,85.11,4223.75,3.7,65.46,1770.57,19.65,-1.68,2453.18,mixed_edge
1-4,lane1_start_exhibition_gap_bucket,0.04-0.06,2331,236,10.12,233100,198330,-34770,85.08,840.38,10.14,75.45,744.07,9.63,-0.02,96.31,mixed_edge
1-4,lane1_target_exhibition_time_diff_bucket x lane1_target_start_exhibition_st_diff_bucket,lane1_faster_0.05_0.10 | lane1_faster_0.03_0.06,446,49,10.99,44600,37940,-6660,85.07,774.29,10.14,75.45,744.07,9.62,0.85,30.22,mixed_edge
1-2,lane1_motor_rank_bucket,2,2117,410,19.37,211700,180070,-31630,85.06,439.2,18.8,81.32,432.61,3.74,0.57,6.59,mixed_edge
1-2,lane1_target_boat_place_diff_bucket,lane1_plus_10+,1747,336,19.23,174700,148580,-26120,85.05,442.2,18.8,81.32,432.61,3.73,0.43,9.59,mixed_edge
1-2,lane1_start_exhibition_gap_bucket,<=0.03,2929,628,21.44,292900,249050,-43850,85.03,396.58,18.8,81.32,432.61,3.71,2.64,-36.03,mixed_edge
1-2,lane1_exhibition_rank_bucket,3,2183,407,18.64,218300,185630,-32670,85.03,456.09,18.8,81.32,432.61,3.71,-0.16,23.48,mixed_edge
1-5,target_exhibition_st_rank_bucket x other_st_faster_than_target_count_bucket,4+ | 2,2070,157,7.58,207000,176000,-31000,85.02,1121.02,6.69,80.94,1209.34,4.08,0.89,-88.32,mixed_edge
1-3,target_exhibition_rank_bucket,3,2188,402,18.37,218800,186000,-32800,85.01,462.69,15.76,78.52,498.07,6.49,2.61,-35.38,mixed_edge
1-5,target_exhibition_rank_bucket,1,1504,141,9.38,150400,127810,-22590,84.98,906.45,6.69,80.94,1209.34,4.04,2.69,-302.89,mixed_edge
1-5,target_exhibition_rank_bucket x other_exhibition_faster_than_target_count_bucket,1 | 0,1504,141,9.38,150400,127810,-22590,84.98,906.45,6.69,80.94,1209.34,4.04,2.69,-302.89,mixed_edge
1-3,target_exhibition_st_rank_bucket,1,1936,327,16.89,193600,164510,-29090,84.97,503.09,15.76,78.52,498.07,6.45,1.13,5.02,mixed_edge
1-3,target_lane x target_exhibition_st_rank_bucket,3 | 1,1936,327,16.89,193600,164510,-29090,84.97,503.09,15.76,78.52,498.07,6.45,1.13,5.02,mixed_edge
1-3,target_exhibition_st_rank_bucket x other_st_faster_than_target_count_bucket,1 | 0,1936,327,16.89,193600,164510,-29090,84.97,503.09,15.76,78.52,498.07,6.45,1.13,5.02,mixed_edge
1-5,lane1_target_national_rank_pair x target_outer_pressure_bucket,4+-2 | some_other_pressure,435,32,7.36,43500,36960,-6540,84.97,1155.0,6.69,80.94,1209.34,4.03,0.67,-54.34,mixed_edge
1-6,lane1_target_start_gap_pair,<=0.03-<=0.03,557,29,5.21,55700,47310,-8390,84.94,1631.38,3.7,65.46,1770.57,19.48,1.51,-139.19,mixed_edge
1-6,target_lane x lane1_target_start_gap_pair,6 | <=0.03-<=0.03,557,29,5.21,55700,47310,-8390,84.94,1631.38,3.7,65.46,1770.57,19.48,1.51,-139.19,mixed_edge
1-6,lane1_start_exhibition_gap_bucket x target_start_exhibition_gap_bucket,<=0.03 | <=0.03,557,29,5.21,55700,47310,-8390,84.94,1631.38,3.7,65.46,1770.57,19.48,1.51,-139.19,mixed_edge
1-5,lane1_target_group_pair x other_a_count_bucket,B-A | 2,927,50,5.39,92700,78690,-14010,84.89,1573.8,6.69,80.94,1209.34,3.95,-1.3,364.46,mixed_edge
1-3,lane1_target_national_rank_pair,4+-1,951,164,17.25,95100,80720,-14380,84.88,492.2,15.76,78.52,498.07,6.36,1.49,-5.87,mixed_edge
1-3,target_lane x lane1_target_national_rank_pair,3 | 4+-1,951,164,17.25,95100,80720,-14380,84.88,492.2,15.76,78.52,498.07,6.36,1.49,-5.87,mixed_edge
1-5,lane1_target_group_pair x other_a_count_bucket,B-A | 1,659,59,8.95,65900,55930,-9970,84.87,947.97,6.69,80.94,1209.34,3.93,2.26,-261.37,mixed_edge
1-5,target_class_group,A,5880,551,9.37,588000,498720,-89280,84.82,905.12,6.69,80.94,1209.34,3.88,2.68,-304.22,mixed_edge
1-5,target_lane x target_class_group,5 | A,5880,551,9.37,588000,498720,-89280,84.82,905.12,6.69,80.94,1209.34,3.88,2.68,-304.22,mixed_edge
1-3,target_class_group,B,6434,858,13.34,643400,545260,-98140,84.75,635.5,15.76,78.52,498.07,6.23,-2.42,137.43,mixed_edge
1-3,target_lane x target_class_group,3 | B,6434,858,13.34,643400,545260,-98140,84.75,635.5,15.76,78.52,498.07,6.23,-2.42,137.43,mixed_edge
1-3,lane1_target_group_pair x other_a_count_bucket,A-B | 2,1250,160,12.8,125000,105900,-19100,84.72,661.88,15.76,78.52,498.07,6.2,-2.96,163.81,mixed_edge
1-6,lane1_target_national_rank_pair x target_outer_pressure_bucket,4+-2 | high_other_pressure,444,17,3.83,44400,37610,-6790,84.71,2212.35,3.7,65.46,1770.57,19.25,0.13,441.78,mixed_edge
1-3,target_class_group x target_outer_pressure_bucket,B | high_other_pressure,5899,726,12.31,589900,499570,-90330,84.69,688.11,15.76,78.52,498.07,6.17,-3.45,190.04,mixed_edge
1-2,stadium_code,14,616,99,16.07,61600,52170,-9430,84.69,526.97,18.8,81.32,432.61,3.37,-2.73,94.36,mixed_edge
1-2,stadium_code x target_lane,14 | 2,616,99,16.07,61600,52170,-9430,84.69,526.97,18.8,81.32,432.61,3.37,-2.73,94.36,mixed_edge
1-3,lane1_target_exhibition_time_diff_bucket x lane1_target_start_exhibition_st_diff_bucket,lane1_faster_0.05_0.10 | lane1_faster_0.06+,538,83,15.43,53800,45540,-8260,84.65,548.67,15.76,78.52,498.07,6.13,-0.33,50.6,mixed_edge
1-2,lane1_target_exhibition_time_diff_bucket x lane1_target_start_exhibition_st_diff_bucket,near_equal | target_faster_0.03_0.06,715,147,20.56,71500,60520,-10980,84.64,411.7,18.8,81.32,432.61,3.32,1.76,-20.91,mixed_edge
1-2,lane1_target_local_win_diff_bucket,target_plus_1.00+,3232,552,17.08,323200,273500,-49700,84.62,495.47,18.8,81.32,432.61,3.3,-1.72,62.86,mixed_edge
1-5,lane1_target_group_pair x other_a_count_bucket,A-B | 3,729,25,3.43,72900,61680,-11220,84.61,2467.2,6.69,80.94,1209.34,3.67,-3.26,1257.86,mixed_edge
1-6,stadium_code,16,144,5,3.47,14400,12180,-2220,84.58,2436.0,3.7,65.46,1770.57,19.12,-0.23,665.43,mixed_edge
1-6,stadium_code x target_lane,16 | 6,144,5,3.47,14400,12180,-2220,84.58,2436.0,3.7,65.46,1770.57,19.12,-0.23,665.43,mixed_edge
1-4,lane1_target_motor_place_diff_bucket,near_equal,4228,439,10.38,422800,357150,-65650,84.47,813.55,10.14,75.45,744.07,9.02,0.24,69.48,mixed_edge
1-4,lane1_target_national_rank_pair,4+-2,973,96,9.87,97300,82110,-15190,84.39,855.31,10.14,75.45,744.07,8.94,-0.27,111.24,mixed_edge
1-4,target_lane x lane1_target_national_rank_pair,4 | 4+-2,973,96,9.87,97300,82110,-15190,84.39,855.31,10.14,75.45,744.07,8.94,-0.27,111.24,mixed_edge
1-5,lane1_target_class_pair,A1-A1,1508,151,10.01,150800,127240,-23560,84.38,842.65,6.69,80.94,1209.34,3.44,3.32,-366.69,mixed_edge
1-3,lane1_target_start_exhibition_st_diff_bucket,lane1_faster_0.06+,2387,386,16.17,238700,201250,-37450,84.31,521.37,15.76,78.52,498.07,5.79,0.41,23.3,mixed_edge
1-5,other_national_better_than_target_count_bucket,2,2443,151,6.18,244300,205920,-38380,84.29,1363.71,6.69,80.94,1209.34,3.35,-0.51,154.37,mixed_edge
1-6,lane1_target_boat_place_diff_bucket,lane1_plus_4_10,2240,110,4.91,224000,188800,-35200,84.29,1716.36,3.7,65.46,1770.57,18.83,1.21,-54.21,mixed_edge
1-6,lane1_target_national_rank_pair,2-3,483,23,4.76,48300,40710,-7590,84.29,1770.0,3.7,65.46,1770.57,18.83,1.06,-0.57,mixed_edge
1-6,target_lane x lane1_target_national_rank_pair,6 | 2-3,483,23,4.76,48300,40710,-7590,84.29,1770.0,3.7,65.46,1770.57,18.83,1.06,-0.57,mixed_edge
1-3,lane1_target_exhibition_time_diff_bucket x lane1_target_start_exhibition_st_diff_bucket,target_faster_0.10+ | lane1_faster_0.03_0.06,105,16,15.24,10500,8850,-1650,84.29,553.12,15.76,78.52,498.07,5.77,-0.52,55.05,mixed_edge
1-2,lane1_target_motor_place_diff_bucket,target_plus_4_10,2152,398,18.49,215200,181310,-33890,84.25,455.55,18.8,81.32,432.61,2.93,-0.31,22.94,mixed_edge
1-5,lane1_local_win_rank_bucket,2,2539,191,7.52,253900,213880,-40020,84.24,1119.79,6.69,80.94,1209.34,3.3,0.83,-89.55,mixed_edge
1-5,lane1_target_local_win_diff_bucket,lane1_plus_0.35_1.00,1557,107,6.87,155700,131140,-24560,84.23,1225.61,6.69,80.94,1209.34,3.29,0.18,16.27,mixed_edge
1-5,target_national_win_rank_bucket x other_national_better_than_target_count_bucket,2 | 0,602,84,13.95,60200,50700,-9500,84.22,603.57,6.69,80.94,1209.34,3.28,7.26,-605.77,mixed_edge
1-2,lane1_target_exhibition_time_diff_bucket x lane1_target_start_exhibition_st_diff_bucket,target_faster_0.05_0.10 | lane1_faster_0.06+,251,40,15.94,25100,21140,-3960,84.22,528.5,18.8,81.32,432.61,2.9,-2.86,95.89,mixed_edge
1-2,lane1_target_group_pair x target_outer_pressure_bucket,A-A | some_other_pressure,935,278,29.73,93500,78740,-14760,84.21,283.24,18.8,81.32,432.61,2.89,10.93,-149.37,mixed_edge
1-2,lane1_target_national_rank_pair,1-4+,1743,363,20.83,174300,146740,-27560,84.19,404.24,18.8,81.32,432.61,2.87,2.03,-28.37,mixed_edge
1-2,target_lane x lane1_target_national_rank_pair,2 | 1-4+,1743,363,20.83,174300,146740,-27560,84.19,404.24,18.8,81.32,432.61,2.87,2.03,-28.37,mixed_edge
1-2,lane1_target_national_rank_pair x target_outer_pressure_bucket,1-4+ | high_other_pressure,1743,363,20.83,174300,146740,-27560,84.19,404.24,18.8,81.32,432.61,2.87,2.03,-28.37,mixed_edge
1-5,lane1_national_win_rank_bucket,4+,4762,245,5.14,476200,400870,-75330,84.18,1636.2,6.69,80.94,1209.34,3.24,-1.55,426.86,mixed_edge
1-3,target_outer_pressure_bucket,some_other_pressure,1875,432,23.04,187500,157830,-29670,84.18,365.35,15.76,78.52,498.07,5.66,7.28,-132.72,mixed_edge
1-3,target_lane x target_outer_pressure_bucket,3 | some_other_pressure,1875,432,23.04,187500,157830,-29670,84.18,365.35,15.76,78.52,498.07,5.66,7.28,-132.72,mixed_edge
1-2,target_exhibition_rank_bucket x other_exhibition_faster_than_target_count_bucket,3 | 2,747,129,17.27,74700,62880,-11820,84.18,487.44,18.8,81.32,432.61,2.86,-1.53,54.83,mixed_edge
1-4,stadium_code,17,598,66,11.04,59800,50340,-9460,84.18,762.73,10.14,75.45,744.07,8.73,0.9,18.66,mixed_edge
1-4,stadium_code x target_lane,17 | 4,598,66,11.04,59800,50340,-9460,84.18,762.73,10.14,75.45,744.07,8.73,0.9,18.66,mixed_edge
1-5,other_national_better_than_target_count_bucket,1,2458,209,8.5,245800,206760,-39040,84.12,989.28,6.69,80.94,1209.34,3.18,1.81,-220.06,mixed_edge
1-6,lane1_target_exhibition_st_rank_pair,4+-1,796,37,4.65,79600,66960,-12640,84.12,1809.73,3.7,65.46,1770.57,18.66,0.95,39.16,mixed_edge
1-6,lane1_exhibition_st_rank_bucket x target_exhibition_st_rank_bucket,4+ | 1,796,37,4.65,79600,66960,-12640,84.12,1809.73,3.7,65.46,1770.57,18.66,0.95,39.16,mixed_edge
1-2,other_national_better_than_target_count_bucket,2,2860,516,18.04,286000,240530,-45470,84.1,466.14,18.8,81.32,432.61,2.78,-0.76,33.53,mixed_edge
1-3,lane1_target_start_gap_pair,0.04-0.06-0.04-0.06,536,79,14.74,53600,45080,-8520,84.1,570.63,15.76,78.52,498.07,5.58,-1.02,72.56,mixed_edge
1-3,target_lane x lane1_target_start_gap_pair,3 | 0.04-0.06-0.04-0.06,536,79,14.74,53600,45080,-8520,84.1,570.63,15.76,78.52,498.07,5.58,-1.02,72.56,mixed_edge
1-3,lane1_start_exhibition_gap_bucket x target_start_exhibition_gap_bucket,0.04-0.06 | 0.04-0.06,536,79,14.74,53600,45080,-8520,84.1,570.63,15.76,78.52,498.07,5.58,-1.02,72.56,mixed_edge
1-2,lane1_target_class_pair,A1-A2,1152,337,29.25,115200,96870,-18330,84.09,287.45,18.8,81.32,432.61,2.77,10.45,-145.16,mixed_edge
1-5,lane1_target_exhibition_time_diff_bucket x lane1_target_start_exhibition_st_diff_bucket,lane1_faster_0.05_0.10 | lane1_faster_0.03_0.06,481,40,8.32,48100,40440,-7660,84.07,1011.0,6.69,80.94,1209.34,3.13,1.63,-198.34,mixed_edge
1-3,stadium_code,06,563,88,15.63,56300,47270,-9030,83.96,537.16,15.76,78.52,498.07,5.44,-0.13,39.09,mixed_edge
1-3,stadium_code x target_lane,06 | 3,563,88,15.63,56300,47270,-9030,83.96,537.16,15.76,78.52,498.07,5.44,-0.13,39.09,mixed_edge
1-5,target_class_group x target_outer_pressure_bucket,A | some_other_pressure,1222,137,11.21,122200,102580,-19620,83.94,748.76,6.69,80.94,1209.34,3.0,4.52,-460.58,mixed_edge
1-5,month,2025-12,4763,343,7.2,476300,399780,-76520,83.93,1165.54,6.69,80.94,1209.34,2.99,0.51,-43.8,mixed_edge
1-3,lane1_exhibition_rank_bucket,1,3822,707,18.5,382200,320700,-61500,83.91,453.61,15.76,78.52,498.07,5.39,2.74,-44.46,mixed_edge
1-3,wave_bucket,5-9,1502,233,15.51,150200,126040,-24160,83.91,540.94,15.76,78.52,498.07,5.39,-0.25,42.87,mixed_edge
1-2,lane1_target_group_pair x target_outer_pressure_bucket,A-A | high_other_pressure,2623,667,25.43,262300,219900,-42400,83.84,329.69,18.8,81.32,432.61,2.52,6.63,-102.92,mixed_edge
1-2,target_boat_rank_bucket,4+,6181,1172,18.96,618100,518130,-99970,83.83,442.09,18.8,81.32,432.61,2.51,0.16,9.48,mixed_edge
1-5,lane1_target_boat_place_diff_bucket,target_plus_4_10,2281,150,6.58,228100,191110,-36990,83.78,1274.07,6.69,80.94,1209.34,2.84,-0.11,64.73,mixed_edge
1-2,other_exhibition_faster_than_target_count_bucket,4,1670,274,16.41,167000,139920,-27080,83.78,510.66,18.8,81.32,432.61,2.46,-2.39,78.05,mixed_edge
1-2,target_exhibition_rank_bucket x other_exhibition_faster_than_target_count_bucket,4+ | 4,1670,274,16.41,167000,139920,-27080,83.78,510.66,18.8,81.32,432.61,2.46,-2.39,78.05,mixed_edge
1-4,lane1_exhibition_rank_bucket,1,3822,449,11.75,382200,320100,-62100,83.75,712.92,10.14,75.45,744.07,8.3,1.61,-31.15,mixed_edge
1-2,other_exhibition_faster_than_target_count_bucket,0,3650,783,21.45,365000,305700,-59300,83.75,390.42,18.8,81.32,432.61,2.43,2.65,-42.19,mixed_edge
1-3,target_class,B1,5971,803,13.45,597100,498910,-98190,83.56,621.31,15.76,78.52,498.07,5.04,-2.31,123.24,mixed_edge
1-5,target_national_win_rank_bucket,3,1913,145,7.58,191300,159850,-31450,83.56,1102.41,6.69,80.94,1209.34,2.62,0.89,-106.93,mixed_edge
1-4,wind_bucket,5-6,1362,124,9.1,136200,113810,-22390,83.56,917.82,10.14,75.45,744.07,8.11,-1.04,173.75,mixed_edge
1-4,lane1_target_group_pair x other_a_count_bucket,B-B | 2,1010,48,4.75,101000,84400,-16600,83.56,1758.33,10.14,75.45,744.07,8.11,-5.39,1014.26,mixed_edge
1-2,target_class,A1,3263,787,24.12,326300,272610,-53690,83.55,346.39,18.8,81.32,432.61,2.23,5.32,-86.22,mixed_edge
1-6,lane1_target_start_exhibition_st_diff_bucket,target_faster_0.03_0.06,1289,53,4.11,128900,107650,-21250,83.51,2031.13,3.7,65.46,1770.57,18.05,0.41,260.56,mixed_edge
1-3,wave_bucket,10+,234,34,14.53,23400,19540,-3860,83.5,574.71,15.76,78.52,498.07,4.98,-1.23,76.64,mixed_edge
1-5,wave_bucket,0-4,11084,761,6.87,1108400,925400,-183000,83.49,1216.03,6.69,80.94,1209.34,2.55,0.18,6.69,mixed_edge
1-2,target_boat_rank_bucket,1,2107,403,19.13,210700,175850,-34850,83.46,436.35,18.8,81.32,432.61,2.14,0.33,3.74,mixed_edge
1-5,target_exhibition_rank_bucket,3,2025,151,7.46,202500,169010,-33490,83.46,1119.27,6.69,80.94,1209.34,2.52,0.77,-90.07,mixed_edge
1-5,month,2025-10,4124,256,6.21,412400,343940,-68460,83.4,1343.52,6.69,80.94,1209.34,2.46,-0.48,134.18,mixed_edge
1-3,lane1_target_boat_place_diff_bucket,target_plus_10+,1809,295,16.31,180900,150740,-30160,83.33,510.98,15.76,78.52,498.07,4.81,0.55,12.91,mixed_edge
1-2,lane1_national_win_rank_bucket,4+,4762,662,13.9,476200,396760,-79440,83.32,599.34,18.8,81.32,432.61,2.0,-4.9,166.73,mixed_edge
1-3,lane1_target_exhibition_st_rank_pair,3-2,446,77,17.26,44600,37160,-7440,83.32,482.6,15.76,78.52,498.07,4.8,1.5,-15.47,mixed_edge
1-3,lane1_exhibition_st_rank_bucket x target_exhibition_st_rank_bucket,3 | 2,446,77,17.26,44600,37160,-7440,83.32,482.6,15.76,78.52,498.07,4.8,1.5,-15.47,mixed_edge
1-5,other_group_pattern,A-B-B-B,734,63,8.58,73400,61150,-12250,83.31,970.63,6.69,80.94,1209.34,2.37,1.89,-238.71,mixed_edge
1-5,lane1_target_exhibition_time_diff_bucket x lane1_target_start_exhibition_st_diff_bucket,near_equal | lane1_faster_0.03_0.06,926,86,9.29,92600,77100,-15500,83.26,896.51,6.69,80.94,1209.34,2.32,2.6,-312.83,mixed_edge
1-5,lane1_target_group_pair x target_outer_pressure_bucket,A-A | high_other_pressure,2754,255,9.26,275400,229280,-46120,83.25,899.14,6.69,80.94,1209.34,2.31,2.57,-310.2,mixed_edge
1-2,lane1_motor_rank_bucket,1,2525,501,19.84,252500,210100,-42400,83.21,419.36,18.8,81.32,432.61,1.89,1.04,-13.25,mixed_edge
1-2,lane1_target_motor_place_diff_bucket,target_plus_10+,2146,432,20.13,214600,178520,-36080,83.19,413.24,18.8,81.32,432.61,1.87,1.33,-19.37,mixed_edge
1-3,lane1_target_start_gap_pair x target_outer_pressure_bucket,<=0.03-0.04-0.06 | high_other_pressure,556,80,14.39,55600,46230,-9370,83.15,577.88,15.76,78.52,498.07,4.63,-1.37,79.81,mixed_edge
1-3,lane1_target_motor_place_diff_bucket,target_plus_10+,2136,363,16.99,213600,177570,-36030,83.13,489.17,15.76,78.52,498.07,4.61,1.23,-8.9,mixed_edge
1-4,target_boat_rank_bucket,3,2059,209,10.15,205900,171160,-34740,83.13,818.95,10.14,75.45,744.07,7.68,0.01,74.88,mixed_edge
1-3,lane1_target_national_rank_pair,1-4+,1827,316,17.3,182700,151860,-30840,83.12,480.57,15.76,78.52,498.07,4.6,1.54,-17.5,mixed_edge
1-3,target_lane x lane1_target_national_rank_pair,3 | 1-4+,1827,316,17.3,182700,151860,-30840,83.12,480.57,15.76,78.52,498.07,4.6,1.54,-17.5,mixed_edge
1-3,lane1_target_national_rank_pair x target_outer_pressure_bucket,1-4+ | high_other_pressure,1823,315,17.28,182300,151530,-30770,83.12,481.05,15.76,78.52,498.07,4.6,1.52,-17.02,mixed_edge
1-4,race_no_bucket,4-6R,3214,318,9.89,321400,267030,-54370,83.08,839.72,10.14,75.45,744.07,7.63,-0.25,95.65,mixed_edge
1-4,race_no_bucket x target_lane,4-6R | 4,3214,318,9.89,321400,267030,-54370,83.08,839.72,10.14,75.45,744.07,7.63,-0.25,95.65,mixed_edge
1-6,other_b2_count_bucket,1,2478,126,5.08,247800,205880,-41920,83.08,1633.97,3.7,65.46,1770.57,17.62,1.38,-136.6,mixed_edge
1-3,lane1_class_group,B,4919,564,11.47,491900,408530,-83370,83.05,724.34,15.76,78.52,498.07,4.53,-4.29,226.27,mixed_edge
1-4,lane1_exhibition_st_rank_bucket,2,2159,234,10.84,215900,179310,-36590,83.05,766.28,10.14,75.45,744.07,7.6,0.7,22.21,mixed_edge
1-2,lane1_national_win_rank_bucket,1,3158,817,25.87,315800,262110,-53690,83.0,320.82,18.8,81.32,432.61,1.68,7.07,-111.79,mixed_edge
1-5,lane1_target_exhibition_st_rank_pair,4+-2,1067,63,5.9,106700,88520,-18180,82.96,1405.08,6.69,80.94,1209.34,2.02,-0.79,195.74,mixed_edge
1-5,lane1_exhibition_st_rank_bucket x target_exhibition_st_rank_bucket,4+ | 2,1067,63,5.9,106700,88520,-18180,82.96,1405.08,6.69,80.94,1209.34,2.02,-0.79,195.74,mixed_edge
1-6,target_national_win_rank_bucket x other_national_better_than_target_count_bucket,3 | 2,831,20,2.41,83100,68940,-14160,82.96,3447.0,3.7,65.46,1770.57,17.5,-1.29,1676.43,mixed_edge
1-2,wave_bucket,0-4,11084,2123,19.15,1108400,919380,-189020,82.95,433.06,18.8,81.32,432.61,1.63,0.35,0.45,mixed_edge
1-5,stadium_code,21,599,40,6.68,59900,49690,-10210,82.95,1242.25,6.69,80.94,1209.34,2.01,-0.01,32.91,mixed_edge
1-5,stadium_code x target_lane,21 | 5,599,40,6.68,59900,49690,-10210,82.95,1242.25,6.69,80.94,1209.34,2.01,-0.01,32.91,mixed_edge
1-2,target_motor_rank_bucket,2,2486,491,19.75,248600,206160,-42440,82.93,419.88,18.8,81.32,432.61,1.61,0.95,-12.73,mixed_edge
1-2,lane1_target_boat_place_diff_bucket,lane1_plus_4_10,2188,433,19.79,218800,181330,-37470,82.87,418.78,18.8,81.32,432.61,1.55,0.99,-13.83,mixed_edge
1-4,target_exhibition_rank_bucket x other_exhibition_faster_than_target_count_bucket,2 | 0,836,127,15.19,83600,69280,-14320,82.87,545.51,10.14,75.45,744.07,7.42,5.05,-198.56,mixed_edge
1-2,meeting_phase_bucket,day5+,3629,779,21.47,362900,300660,-62240,82.85,385.96,18.8,81.32,432.61,1.53,2.67,-46.65,mixed_edge
1-2,meeting_phase_bucket x target_lane,day5+ | 2,3629,779,21.47,362900,300660,-62240,82.85,385.96,18.8,81.32,432.61,1.53,2.67,-46.65,mixed_edge
1-3,target_class_group x target_outer_pressure_bucket,A | some_other_pressure,1416,317,22.39,141600,117310,-24290,82.85,370.06,15.76,78.52,498.07,4.33,6.63,-128.01,mixed_edge
1-4,target_national_win_rank_bucket x other_national_better_than_target_count_bucket,4+ | 2,1628,193,11.86,162800,134830,-27970,82.82,698.6,10.14,75.45,744.07,7.37,1.72,-45.47,mixed_edge
1-2,lane1_target_class_pair,A2-A1,602,166,27.57,60200,49830,-10370,82.77,300.18,18.8,81.32,432.61,1.45,8.77,-132.43,mixed_edge
1-2,lane1_target_national_rank_pair x target_outer_pressure_bucket,1-3 | high_other_pressure,323,89,27.55,32300,26730,-5570,82.76,300.34,18.8,81.32,432.61,1.44,8.75,-132.27,mixed_edge
1-4,lane1_target_class_pair,A1-B1,1487,167,11.23,148700,123040,-25660,82.74,736.77,10.14,75.45,744.07,7.29,1.09,-7.3,mixed_edge
1-2,lane1_target_group_pair,A-A,4028,1097,27.23,402800,333250,-69550,82.73,303.78,18.8,81.32,432.61,1.41,8.43,-128.83,mixed_edge
1-2,target_local_win_rank_bucket,2,2255,475,21.06,225500,186550,-38950,82.73,392.74,18.8,81.32,432.61,1.41,2.26,-39.87,mixed_edge
1-2,lane1_target_national_win_diff_bucket,target_plus_1.00+,2402,356,14.82,240200,198670,-41530,82.71,558.06,18.8,81.32,432.61,1.39,-3.98,125.45,mixed_edge
1-2,lane1_target_group_pair x target_outer_pressure_bucket,B-B | high_other_pressure,2262,233,10.3,226200,187090,-39110,82.71,802.96,18.8,81.32,432.61,1.39,-8.5,370.35,mixed_edge
1-3,lane1_boat_rank_bucket,3,2059,346,16.8,205900,170270,-35630,82.7,492.11,15.76,78.52,498.07,4.18,1.04,-5.96,mixed_edge
1-5,target_class,A2,2889,228,7.89,288900,238880,-50020,82.69,1047.72,6.69,80.94,1209.34,1.75,1.2,-161.62,mixed_edge
1-5,race_no_bucket,7-9R,3197,223,6.98,319700,264270,-55430,82.66,1185.07,6.69,80.94,1209.34,1.72,0.29,-24.27,mixed_edge
1-5,race_no_bucket x target_lane,7-9R | 5,3197,223,6.98,319700,264270,-55430,82.66,1185.07,6.69,80.94,1209.34,1.72,0.29,-24.27,mixed_edge
1-4,stadium_code,12,682,74,10.85,68200,56370,-11830,82.65,761.76,10.14,75.45,744.07,7.2,0.71,17.69,mixed_edge
1-4,stadium_code x target_lane,12 | 4,682,74,10.85,68200,56370,-11830,82.65,761.76,10.14,75.45,744.07,7.2,0.71,17.69,mixed_edge
1-5,other_b2_count_bucket,0,9535,613,6.43,953500,787630,-165870,82.6,1284.88,6.69,80.94,1209.34,1.66,-0.26,75.54,mixed_edge
1-4,lane1_target_exhibition_st_rank_pair,2-4+,1322,131,9.91,132200,109190,-23010,82.59,833.51,10.14,75.45,744.07,7.14,-0.23,89.44,mixed_edge
1-4,lane1_exhibition_st_rank_bucket x target_exhibition_st_rank_bucket,2 | 4+,1322,131,9.91,132200,109190,-23010,82.59,833.51,10.14,75.45,744.07,7.14,-0.23,89.44,mixed_edge
1-2,lane1_target_group_pair x other_a_count_bucket,A-A | 4,1429,338,23.65,142900,117930,-24970,82.53,348.91,18.8,81.32,432.61,1.21,4.85,-83.7,mixed_edge
1-4,lane1_target_group_pair x target_outer_pressure_bucket,B-A | high_other_pressure,1331,124,9.32,133100,109830,-23270,82.52,885.73,10.14,75.45,744.07,7.07,-0.82,141.66,mixed_edge
1-2,lane1_target_start_gap_pair x target_outer_pressure_bucket,best->0.06 | low_other_pressure,64,17,26.56,6400,5280,-1120,82.5,310.59,18.8,81.32,432.61,1.18,7.76,-122.02,mixed_edge
1-3,month,2025-12,4763,764,16.04,476300,392920,-83380,82.49,514.29,15.76,78.52,498.07,3.97,0.28,16.22,mixed_edge
1-2,other_group_pattern,B-A-B-A,835,160,19.16,83500,68850,-14650,82.46,430.31,18.8,81.32,432.61,1.14,0.36,-2.3,mixed_edge
1-4,target_motor_rank_bucket,1,2023,229,11.32,202300,166710,-35590,82.41,727.99,10.14,75.45,744.07,6.96,1.18,-16.08,mixed_edge
1-4,other_group_pattern,A-B-A-B,760,61,8.03,76000,62630,-13370,82.41,1026.72,10.14,75.45,744.07,6.96,-2.11,282.65,mixed_edge
1-3,lane1_target_exhibition_time_diff_bucket,lane1_faster_0.05_0.10,2766,437,15.8,276600,227930,-48670,82.4,521.58,15.76,78.52,498.07,3.88,0.04,23.51,mixed_edge
1-5,lane1_target_group_pair,A-A,3867,405,10.47,386700,318230,-68470,82.29,785.75,6.69,80.94,1209.34,1.35,3.78,-423.59,mixed_edge
1-5,lane1_target_exhibition_time_diff_bucket x lane1_target_start_exhibition_st_diff_bucket,target_faster_0.10+ | lane1_faster_0.06+,167,11,6.59,16700,13740,-2960,82.28,1249.09,6.69,80.94,1209.34,1.34,-0.1,39.75,mixed_edge
1-2,month,2025-11,3933,744,18.92,393300,323550,-69750,82.27,434.88,18.8,81.32,432.61,0.95,0.12,2.27,mixed_edge
1-5,other_national_better_than_target_count_bucket,0,2452,305,12.44,245200,201690,-43510,82.26,661.28,6.69,80.94,1209.34,1.32,5.75,-548.06,mixed_edge
1-5,lane1_target_start_gap_pair x target_outer_pressure_bucket,0.04-0.06-0.04-0.06 | some_other_pressure,76,9,11.84,7600,6250,-1350,82.24,694.44,6.69,80.94,1209.34,1.3,5.15,-514.9,mixed_edge
1-5,target_local_win_rank_bucket,4+,6994,353,5.05,699400,575080,-124320,82.22,1629.12,6.69,80.94,1209.34,1.28,-1.64,419.78,mixed_edge
1-6,target_start_exhibition_gap_bucket,<=0.03,2302,113,4.91,230200,189280,-40920,82.22,1675.04,3.7,65.46,1770.57,16.76,1.21,-95.53,mixed_edge
1-6,target_lane x target_start_exhibition_gap_bucket,6 | <=0.03,2302,113,4.91,230200,189280,-40920,82.22,1675.04,3.7,65.46,1770.57,16.76,1.21,-95.53,mixed_edge
1-2,lane1_target_national_rank_pair,4+-3,1058,143,13.52,105800,86990,-18810,82.22,608.32,18.8,81.32,432.61,0.9,-5.28,175.71,mixed_edge
1-2,target_lane x lane1_target_national_rank_pair,2 | 4+-3,1058,143,13.52,105800,86990,-18810,82.22,608.32,18.8,81.32,432.61,0.9,-5.28,175.71,mixed_edge
1-2,lane1_target_national_rank_pair x target_outer_pressure_bucket,4+-3 | high_other_pressure,1058,143,13.52,105800,86990,-18810,82.22,608.32,18.8,81.32,432.61,0.9,-5.28,175.71,mixed_edge
1-2,target_national_win_rank_bucket x other_national_better_than_target_count_bucket,3 | 2,1058,143,13.52,105800,86990,-18810,82.22,608.32,18.8,81.32,432.61,0.9,-5.28,175.71,mixed_edge
1-3,other_group_pattern,B-A-B-B,836,160,19.14,83600,68740,-14860,82.22,429.62,15.76,78.52,498.07,3.7,3.38,-68.45,mixed_edge
1-6,lane1_target_start_exhibition_st_diff_bucket,near_equal,2836,146,5.15,283600,233160,-50440,82.21,1596.99,3.7,65.46,1770.57,16.75,1.45,-173.58,mixed_edge
1-2,other_group_pattern,B-B-A-A,594,115,19.36,59400,48830,-10570,82.21,424.61,18.8,81.32,432.61,0.89,0.56,-8.0,mixed_edge
1-3,lane1_target_start_gap_pair x target_outer_pressure_bucket,0.04-0.06-0.04-0.06 | high_other_pressure,434,54,12.44,43400,35680,-7720,82.21,660.74,15.76,78.52,498.07,3.69,-3.32,162.67,mixed_edge
1-2,lane1_target_national_win_diff_bucket,lane1_plus_0.35_1.00,2325,511,21.98,232500,190990,-41510,82.15,373.76,18.8,81.32,432.61,0.83,3.18,-58.85,mixed_edge
1-5,target_national_win_rank_bucket,1,1838,221,12.02,183800,150990,-32810,82.15,683.21,6.69,80.94,1209.34,1.21,5.33,-526.13,mixed_edge
1-5,target_national_win_rank_bucket x other_national_better_than_target_count_bucket,1 | 0,1838,221,12.02,183800,150990,-32810,82.15,683.21,6.69,80.94,1209.34,1.21,5.33,-526.13,mixed_edge
1-2,lane1_target_group_pair x other_a_count_bucket,A-A | 1,799,240,30.04,79900,65630,-14270,82.14,273.46,18.8,81.32,432.61,0.82,11.24,-159.15,mixed_edge
1-5,lane1_target_local_win_diff_bucket,near_equal,1716,132,7.69,171600,140890,-30710,82.1,1067.35,6.69,80.94,1209.34,1.16,1.0,-141.99,mixed_edge
1-2,lane1_target_exhibition_st_rank_pair,1-4+,1342,270,20.12,134200,110170,-24030,82.09,408.04,18.8,81.32,432.61,0.77,1.32,-24.57,mixed_edge
1-2,lane1_exhibition_st_rank_bucket x target_exhibition_st_rank_bucket,1 | 4+,1342,270,20.12,134200,110170,-24030,82.09,408.04,18.8,81.32,432.61,0.77,1.32,-24.57,mixed_edge
1-6,target_national_win_rank_bucket x other_national_better_than_target_count_bucket,2 | 0,591,49,8.29,59100,48510,-10590,82.08,990.0,3.7,65.46,1770.57,16.62,4.59,-780.57,mixed_edge
1-5,target_motor_rank_bucket,4+,6693,417,6.23,669300,549230,-120070,82.06,1317.1,6.69,80.94,1209.34,1.12,-0.46,107.76,mixed_edge
1-3,target_national_win_rank_bucket x other_national_better_than_target_count_bucket,2 | 1,1456,237,16.28,145600,119480,-26120,82.06,504.14,15.76,78.52,498.07,3.54,0.52,6.07,mixed_edge
1-2,other_group_pattern,A-A-B-B,706,95,13.46,70600,57920,-12680,82.04,609.68,18.8,81.32,432.61,0.72,-5.34,177.07,mixed_edge
1-2,stadium_code,15,614,115,18.73,61400,50370,-11030,82.04,438.0,18.8,81.32,432.61,0.72,-0.07,5.39,mixed_edge
1-2,stadium_code x target_lane,15 | 2,614,115,18.73,61400,50370,-11030,82.04,438.0,18.8,81.32,432.61,0.72,-0.07,5.39,mixed_edge
1-4,meeting_phase_bucket,day5+,3629,418,11.52,362900,297620,-65280,82.01,712.01,10.14,75.45,744.07,6.56,1.38,-32.06,mixed_edge
1-4,meeting_phase_bucket x target_lane,day5+ | 4,3629,418,11.52,362900,297620,-65280,82.01,712.01,10.14,75.45,744.07,6.56,1.38,-32.06,mixed_edge
1-2,lane1_boat_rank_bucket,2,2158,414,19.18,215800,176870,-38930,81.96,427.22,18.8,81.32,432.61,0.64,0.38,-5.39,mixed_edge
1-5,race_no_bucket,4-6R,3214,213,6.63,321400,263390,-58010,81.95,1236.57,6.69,80.94,1209.34,1.01,-0.06,27.23,mixed_edge
1-5,race_no_bucket x target_lane,4-6R | 5,3214,213,6.63,321400,263390,-58010,81.95,1236.57,6.69,80.94,1209.34,1.01,-0.06,27.23,mixed_edge
1-3,other_group_pattern,B-A-B-A,763,110,14.42,76300,62530,-13770,81.95,568.45,15.76,78.52,498.07,3.43,-1.34,70.38,mixed_edge
1-3,target_boat_rank_bucket,2,2124,358,16.85,212400,174040,-38360,81.94,486.15,15.76,78.52,498.07,3.42,1.09,-11.92,mixed_edge
1-5,lane1_national_win_rank_bucket,2,2676,198,7.4,267600,219160,-48440,81.9,1106.87,6.69,80.94,1209.34,0.96,0.71,-102.47,mixed_edge
1-2,other_exhibition_faster_than_target_count_bucket,1,2961,576,19.45,296100,242470,-53630,81.89,420.95,18.8,81.32,432.61,0.57,0.65,-11.66,mixed_edge
1-3,lane1_class,B1,4601,531,11.54,460100,376680,-83420,81.87,709.38,15.76,78.52,498.07,3.35,-4.22,211.31,mixed_edge
1-5,target_outer_pressure_bucket,some_other_pressure,1624,173,10.65,162400,132930,-29470,81.85,768.38,6.69,80.94,1209.34,0.91,3.96,-440.96,mixed_edge
1-5,target_lane x target_outer_pressure_bucket,5 | some_other_pressure,1624,173,10.65,162400,132930,-29470,81.85,768.38,6.69,80.94,1209.34,0.91,3.96,-440.96,mixed_edge
1-2,lane1_exhibition_st_rank_bucket,2,2159,438,20.29,215900,176670,-39230,81.83,403.36,18.8,81.32,432.61,0.51,1.49,-29.25,mixed_edge
1-4,lane1_target_national_rank_pair,3-1,419,77,18.38,41900,34280,-7620,81.81,445.19,10.14,75.45,744.07,6.36,8.24,-298.88,mixed_edge
1-4,target_lane x lane1_target_national_rank_pair,4 | 3-1,419,77,18.38,41900,34280,-7620,81.81,445.19,10.14,75.45,744.07,6.36,8.24,-298.88,mixed_edge
1-2,lane1_target_exhibition_time_diff_bucket,lane1_faster_0.10+,1381,248,17.96,138100,112970,-25130,81.8,455.52,18.8,81.32,432.61,0.48,-0.84,22.91,mixed_edge
1-6,lane1_target_national_rank_pair x target_outer_pressure_bucket,4+-3 | high_other_pressure,843,20,2.37,84300,68940,-15360,81.78,3447.0,3.7,65.46,1770.57,16.32,-1.33,1676.43,mixed_edge
1-2,month,2025-10,4124,792,19.2,412400,337240,-75160,81.77,425.81,18.8,81.32,432.61,0.45,0.4,-6.8,mixed_edge
1-5,lane1_exhibition_rank_bucket,4+,3791,222,5.86,379100,309960,-69140,81.76,1396.22,6.69,80.94,1209.34,0.82,-0.83,186.88,mixed_edge
1-5,target_outer_pressure_bucket,high_other_pressure,10531,604,5.74,1053100,860780,-192320,81.74,1425.13,6.69,80.94,1209.34,0.8,-0.95,215.79,mixed_edge
1-5,target_lane x target_outer_pressure_bucket,5 | high_other_pressure,10531,604,5.74,1053100,860780,-192320,81.74,1425.13,6.69,80.94,1209.34,0.8,-0.95,215.79,mixed_edge
1-3,other_a_count_bucket,2,4313,581,13.47,431300,352480,-78820,81.73,606.68,15.76,78.52,498.07,3.21,-2.29,108.61,mixed_edge
1-3,target_lane x other_a_count_bucket,3 | 2,4313,581,13.47,431300,352480,-78820,81.73,606.68,15.76,78.52,498.07,3.21,-2.29,108.61,mixed_edge
1-5,target_motor_rank_bucket,2,2119,159,7.5,211900,173180,-38720,81.73,1089.18,6.69,80.94,1209.34,0.79,0.81,-120.16,mixed_edge
1-2,stadium_code,06,563,111,19.72,56300,46000,-10300,81.71,414.41,18.8,81.32,432.61,0.39,0.92,-18.2,mixed_edge
1-2,stadium_code x target_lane,06 | 2,563,111,19.72,56300,46000,-10300,81.71,414.41,18.8,81.32,432.61,0.39,0.92,-18.2,mixed_edge
1-5,target_exhibition_rank_bucket,4+,7277,435,5.98,727700,594550,-133150,81.7,1366.78,6.69,80.94,1209.34,0.76,-0.71,157.44,mixed_edge
1-5,lane1_target_national_rank_pair,4+-4+,2025,64,3.16,202500,165450,-37050,81.7,2585.16,6.69,80.94,1209.34,0.76,-3.53,1375.82,mixed_edge
1-5,target_lane x lane1_target_national_rank_pair,5 | 4+-4+,2025,64,3.16,202500,165450,-37050,81.7,2585.16,6.69,80.94,1209.34,0.76,-3.53,1375.82,mixed_edge
1-5,lane1_target_national_rank_pair x target_outer_pressure_bucket,4+-4+ | high_other_pressure,2025,64,3.16,202500,165450,-37050,81.7,2585.16,6.69,80.94,1209.34,0.76,-3.53,1375.82,mixed_edge
1-2,lane1_target_boat_place_diff_bucket,target_plus_4_10,2255,422,18.71,225500,184130,-41370,81.65,436.33,18.8,81.32,432.61,0.33,-0.09,3.72,mixed_edge
1-3,lane1_target_start_gap_pair x target_outer_pressure_bucket,0.04-0.06->0.06 | some_other_pressure,55,9,16.36,5500,4490,-1010,81.64,498.89,15.76,78.52,498.07,3.12,0.6,0.82,mixed_edge
1-2,other_b2_count_bucket,0,8890,1699,19.11,889000,725690,-163310,81.63,427.13,18.8,81.32,432.61,0.31,0.31,-5.48,mixed_edge
1-2,lane1_boat_rank_bucket,1,2487,479,19.26,248700,202960,-45740,81.61,423.72,18.8,81.32,432.61,0.29,0.46,-8.89,mixed_edge
1-4,lane1_target_boat_place_diff_bucket,near_equal,4868,518,10.64,486800,397070,-89730,81.57,766.54,10.14,75.45,744.07,6.12,0.5,22.47,mixed_edge
1-4,lane1_target_national_win_diff_bucket,target_plus_1.00+,2189,223,10.19,218900,178450,-40450,81.52,800.22,10.14,75.45,744.07,6.07,0.05,56.15,mixed_edge
1-5,race_no_bucket,10-12R,3194,239,7.48,319400,260320,-59080,81.5,1089.21,6.69,80.94,1209.34,0.56,0.79,-120.13,mixed_edge
1-5,race_no_bucket x target_lane,10-12R | 5,3194,239,7.48,319400,260320,-59080,81.5,1089.21,6.69,80.94,1209.34,0.56,0.79,-120.13,mixed_edge
1-4,lane1_target_start_gap_pair x target_outer_pressure_bucket,<=0.03-<=0.03 | high_other_pressure,633,67,10.58,63300,51580,-11720,81.48,769.85,10.14,75.45,744.07,6.03,0.44,25.78,mixed_edge
1-3,lane1_target_group_pair x target_outer_pressure_bucket,A-A | some_other_pressure,903,240,26.58,90300,73560,-16740,81.46,306.5,15.76,78.52,498.07,2.94,10.82,-191.57,mixed_edge
1-2,other_exhibition_faster_than_target_count_bucket,2,2472,442,17.88,247200,201350,-45850,81.45,455.54,18.8,81.32,432.61,0.13,-0.92,22.93,mixed_edge
1-2,other_a_count_bucket,1,3209,625,19.48,320900,261330,-59570,81.44,418.13,18.8,81.32,432.61,0.12,0.68,-14.48,mixed_edge
1-2,target_lane x other_a_count_bucket,2 | 1,3209,625,19.48,320900,261330,-59570,81.44,418.13,18.8,81.32,432.61,0.12,0.68,-14.48,mixed_edge
1-2,other_b2_count_bucket,1,3489,627,17.97,348900,284050,-64850,81.41,453.03,18.8,81.32,432.61,0.09,-0.83,20.42,mixed_edge
1-4,lane1_target_start_exhibition_st_diff_bucket,target_faster_0.03_0.06,1498,150,10.01,149800,121900,-27900,81.38,812.67,10.14,75.45,744.07,5.93,-0.13,68.6,mixed_edge
1-5,lane1_target_exhibition_time_diff_bucket,near_equal,5965,428,7.18,596500,485190,-111310,81.34,1133.62,6.69,80.94,1209.34,0.4,0.49,-75.72,mixed_edge
1-2,target_lane,2,12820,2410,18.8,1282000,1042580,-239420,81.32,432.61,18.8,81.32,432.61,0.0,0.0,0.0,mixed_edge
1-2,target_lane_zone,inner_2_3,12820,2410,18.8,1282000,1042580,-239420,81.32,432.61,18.8,81.32,432.61,0.0,0.0,0.0,mixed_edge
1-6,target_national_win_rank_bucket,3,1869,74,3.96,186900,151980,-34920,81.32,2053.78,3.7,65.46,1770.57,15.86,0.26,283.21,mixed_edge
1-6,lane1_target_national_rank_pair,4+-3,848,20,2.36,84800,68940,-15860,81.3,3447.0,3.7,65.46,1770.57,15.84,-1.34,1676.43,mixed_edge
1-6,target_lane x lane1_target_national_rank_pair,6 | 4+-3,848,20,2.36,84800,68940,-15860,81.3,3447.0,3.7,65.46,1770.57,15.84,-1.34,1676.43,mixed_edge
1-5,lane1_class_group,A,7901,620,7.85,790100,642270,-147830,81.29,1035.92,6.69,80.94,1209.34,0.35,1.16,-173.42,mixed_edge
1-5,lane1_target_national_rank_pair x target_outer_pressure_bucket,2-1 | high_other_pressure,257,41,15.95,25700,20890,-4810,81.28,509.51,6.69,80.94,1209.34,0.34,9.26,-699.83,mixed_edge
1-3,other_national_better_than_target_count_bucket,3,2754,312,11.33,275400,223790,-51610,81.26,717.28,15.76,78.52,498.07,2.74,-4.43,219.21,mixed_edge
1-3,target_national_win_rank_bucket x other_national_better_than_target_count_bucket,4+ | 3,2754,312,11.33,275400,223790,-51610,81.26,717.28,15.76,78.52,498.07,2.74,-4.43,219.21,mixed_edge
1-3,lane1_target_motor_place_diff_bucket,lane1_plus_10+,2223,361,16.24,222300,180580,-41720,81.23,500.22,15.76,78.52,498.07,2.71,0.48,2.15,mixed_edge
1-2,lane1_exhibition_rank_bucket,2,2876,557,19.37,287600,233550,-54050,81.21,419.3,18.8,81.32,432.61,-0.11,0.57,-13.31,mixed_edge
1-4,lane1_target_class_pair,B1-A2,1178,102,8.66,117800,95660,-22140,81.21,937.84,10.14,75.45,744.07,5.76,-1.48,193.77,mixed_edge
1-6,lane1_target_national_rank_pair x target_outer_pressure_bucket,1-3 | high_other_pressure,314,16,5.1,31400,25500,-5900,81.21,1593.75,3.7,65.46,1770.57,15.75,1.4,-176.82,mixed_edge
1-5,lane1_target_national_rank_pair,3-2,447,45,10.07,44700,36290,-8410,81.19,806.44,6.69,80.94,1209.34,0.25,3.38,-402.9,mixed_edge
1-5,target_lane x lane1_target_national_rank_pair,5 | 3-2,447,45,10.07,44700,36290,-8410,81.19,806.44,6.69,80.94,1209.34,0.25,3.38,-402.9,mixed_edge
1-2,lane1_boat_rank_bucket,4+,6116,1144,18.71,611600,496470,-115130,81.18,433.98,18.8,81.32,432.61,-0.14,-0.09,1.37,mixed_edge
1-3,other_group_pattern,A-B-B-A,805,105,13.04,80500,65350,-15150,81.18,622.38,15.76,78.52,498.07,2.66,-2.72,124.31,mixed_edge
1-5,lane1_target_start_gap_pair,>0.06-best,840,50,5.95,84000,68180,-15820,81.17,1363.6,6.69,80.94,1209.34,0.23,-0.74,154.26,mixed_edge
1-5,target_lane x lane1_target_start_gap_pair,5 | >0.06-best,840,50,5.95,84000,68180,-15820,81.17,1363.6,6.69,80.94,1209.34,0.23,-0.74,154.26,mixed_edge
1-5,lane1_start_exhibition_gap_bucket x target_start_exhibition_gap_bucket,>0.06 | best,840,50,5.95,84000,68180,-15820,81.17,1363.6,6.69,80.94,1209.34,0.23,-0.74,154.26,mixed_edge
1-4,lane1_target_exhibition_st_rank_pair,3-2,376,39,10.37,37600,30520,-7080,81.17,782.56,10.14,75.45,744.07,5.72,0.23,38.49,mixed_edge
1-4,lane1_exhibition_st_rank_bucket x target_exhibition_st_rank_bucket,3 | 2,376,39,10.37,37600,30520,-7080,81.17,782.56,10.14,75.45,744.07,5.72,0.23,38.49,mixed_edge
1-4,lane1_target_exhibition_st_rank_pair,3-4+,996,90,9.04,99600,80840,-18760,81.16,898.22,10.14,75.45,744.07,5.71,-1.1,154.15,mixed_edge
1-4,lane1_exhibition_st_rank_bucket x target_exhibition_st_rank_bucket,3 | 4+,996,90,9.04,99600,80840,-18760,81.16,898.22,10.14,75.45,744.07,5.71,-1.1,154.15,mixed_edge
1-5,lane1_target_group_pair x target_outer_pressure_bucket,A-B | high_other_pressure,3746,185,4.94,374600,303980,-70620,81.15,1643.14,6.69,80.94,1209.34,0.21,-1.75,433.8,mixed_edge
1-6,lane1_target_national_rank_pair x target_outer_pressure_bucket,3-1 | some_other_pressure,104,14,13.46,10400,8440,-1960,81.15,602.86,3.7,65.46,1770.57,15.69,9.76,-1167.71,mixed_edge
1-5,target_class,B1,5747,285,4.96,574700,466300,-108400,81.14,1636.14,6.69,80.94,1209.34,0.2,-1.73,426.8,mixed_edge
1-2,lane1_target_group_pair x other_a_count_bucket,B-B | 2,864,76,8.8,86400,70100,-16300,81.13,922.37,18.8,81.32,432.61,-0.19,-10.0,489.76,mixed_edge
1-5,lane1_target_group_pair x other_a_count_bucket,B-A | 0,150,16,10.67,15000,12170,-2830,81.13,760.62,6.69,80.94,1209.34,0.19,3.98,-448.72,mixed_edge
1-4,lane1_target_exhibition_time_diff_bucket,near_equal,5843,644,11.02,584300,473910,-110390,81.11,735.89,10.14,75.45,744.07,5.66,0.88,-8.18,mixed_edge
1-2,lane1_target_group_pair,B-B,2532,277,10.94,253200,205350,-47850,81.1,741.34,18.8,81.32,432.61,-0.22,-7.86,308.73,mixed_edge
1-5,target_exhibition_rank_bucket,2,1804,131,7.26,180400,146240,-34160,81.06,1116.34,6.69,80.94,1209.34,0.12,0.57,-93.0,mixed_edge
1-2,lane1_target_national_rank_pair,4+-1,1058,184,17.39,105800,85750,-20050,81.05,466.03,18.8,81.32,432.61,-0.27,-1.41,33.42,mixed_edge
1-2,target_lane x lane1_target_national_rank_pair,2 | 4+-1,1058,184,17.39,105800,85750,-20050,81.05,466.03,18.8,81.32,432.61,-0.27,-1.41,33.42,mixed_edge
1-6,target_class_group x target_outer_pressure_bucket,A | high_other_pressure,4162,200,4.81,416200,337300,-78900,81.04,1686.5,3.7,65.46,1770.57,15.58,1.11,-84.07,mixed_edge
1-5,lane1_national_win_rank_bucket,1,3158,261,8.26,315800,255940,-59860,81.04,980.61,6.69,80.94,1209.34,0.1,1.57,-228.73,mixed_edge
1-2,grade_group,一般,12352,2311,18.71,1235200,1000610,-234590,81.01,432.98,18.8,81.32,432.61,-0.31,-0.09,0.37,mixed_edge
1-4,target_exhibition_st_rank_bucket,2,2054,245,11.93,205400,166320,-39080,80.97,678.86,10.14,75.45,744.07,5.52,1.79,-65.21,mixed_edge
1-4,target_lane x target_exhibition_st_rank_bucket,4 | 2,2054,245,11.93,205400,166320,-39080,80.97,678.86,10.14,75.45,744.07,5.52,1.79,-65.21,mixed_edge
1-5,target_exhibition_st_rank_bucket,3,1898,139,7.32,189800,153670,-36130,80.96,1105.54,6.69,80.94,1209.34,0.02,0.63,-103.8,mixed_edge
1-5,target_lane x target_exhibition_st_rank_bucket,5 | 3,1898,139,7.32,189800,153670,-36130,80.96,1105.54,6.69,80.94,1209.34,0.02,0.63,-103.8,mixed_edge
1-5,target_lane,5,12820,858,6.69,1282000,1037610,-244390,80.94,1209.34,6.69,80.94,1209.34,0.0,0.0,0.0,mixed_edge
1-5,target_lane_zone,outer_5_6,12820,858,6.69,1282000,1037610,-244390,80.94,1209.34,6.69,80.94,1209.34,0.0,0.0,0.0,mixed_edge
1-3,lane1_target_national_win_diff_bucket,lane1_plus_1.00+,3936,594,15.09,393600,318280,-75320,80.86,535.82,15.76,78.52,498.07,2.34,-0.67,37.75,mixed_edge
1-4,lane1_target_group_pair x other_a_count_bucket,A-B | 2,1299,106,8.16,129900,105020,-24880,80.85,990.75,10.14,75.45,744.07,5.4,-1.98,246.68,mixed_edge
1-2,other_a_count_bucket,2,4479,734,16.39,447900,362040,-85860,80.83,493.24,18.8,81.32,432.61,-0.49,-2.41,60.63,mixed_edge
1-2,target_lane x other_a_count_bucket,2 | 2,4479,734,16.39,447900,362040,-85860,80.83,493.24,18.8,81.32,432.61,-0.49,-2.41,60.63,mixed_edge
1-5,lane1_target_exhibition_time_diff_bucket x lane1_target_start_exhibition_st_diff_bucket,target_faster_0.05_0.10 | lane1_faster_0.03_0.06,183,14,7.65,18300,14790,-3510,80.82,1056.43,6.69,80.94,1209.34,-0.12,0.96,-152.91,mixed_edge
1-3,lane1_target_start_gap_pair x target_outer_pressure_bucket,<=0.03-<=0.03 | some_other_pressure,124,31,25.0,12400,10020,-2380,80.81,323.23,15.76,78.52,498.07,2.29,9.24,-174.84,mixed_edge
1-2,lane1_target_class_pair,B2-B1,162,15,9.26,16200,13090,-3110,80.8,872.67,18.8,81.32,432.61,-0.52,-9.54,440.06,mixed_edge
1-3,race_no_bucket,1-3R,3215,501,15.58,321500,259750,-61750,80.79,518.46,15.76,78.52,498.07,2.27,-0.18,20.39,mixed_edge
1-3,race_no_bucket x target_lane,1-3R | 3,3215,501,15.58,321500,259750,-61750,80.79,518.46,15.76,78.52,498.07,2.27,-0.18,20.39,mixed_edge
1-2,lane1_boat_rank_bucket,3,2059,373,18.12,205900,166280,-39620,80.76,445.79,18.8,81.32,432.61,-0.56,-0.68,13.18,mixed_edge
1-3,lane1_exhibition_rank_bucket,3,2183,331,15.16,218300,176240,-42060,80.73,532.45,15.76,78.52,498.07,2.21,-0.6,34.38,mixed_edge
1-5,stadium_code,18,636,34,5.35,63600,51340,-12260,80.72,1510.0,6.69,80.94,1209.34,-0.22,-1.34,300.66,mixed_edge
1-5,stadium_code x target_lane,18 | 5,636,34,5.35,63600,51340,-12260,80.72,1510.0,6.69,80.94,1209.34,-0.22,-1.34,300.66,mixed_edge
1-2,stadium_code,10,552,97,17.57,55200,44560,-10640,80.72,459.38,18.8,81.32,432.61,-0.6,-1.23,26.77,mixed_edge
1-2,stadium_code x target_lane,10 | 2,552,97,17.57,55200,44560,-10640,80.72,459.38,18.8,81.32,432.61,-0.6,-1.23,26.77,mixed_edge
1-6,target_national_win_rank_bucket x other_national_better_than_target_count_bucket,3 | 1,1029,54,5.25,102900,83040,-19860,80.7,1537.78,3.7,65.46,1770.57,15.24,1.55,-232.79,mixed_edge
1-3,lane1_target_local_win_diff_bucket,target_plus_1.00+,3223,489,15.17,322300,260040,-62260,80.68,531.78,15.76,78.52,498.07,2.16,-0.59,33.71,mixed_edge
1-6,lane1_target_class_pair,A2-A2,797,37,4.64,79700,64300,-15400,80.68,1737.84,3.7,65.46,1770.57,15.22,0.94,-32.73,mixed_edge
1-3,month,2025-11,3933,638,16.22,393300,317220,-76080,80.66,497.21,15.76,78.52,498.07,2.14,0.46,-0.86,mixed_edge
1-3,target_exhibition_rank_bucket,2,2090,373,17.85,209000,168580,-40420,80.66,451.96,15.76,78.52,498.07,2.14,2.09,-46.11,mixed_edge
1-3,lane1_target_group_pair,A-B,3750,574,15.31,375000,302430,-72570,80.65,526.88,15.76,78.52,498.07,2.13,-0.45,28.81,mixed_edge
1-4,lane1_target_exhibition_st_rank_pair,1-4+,2834,318,11.22,283400,228550,-54850,80.65,718.71,10.14,75.45,744.07,5.2,1.08,-25.36,mixed_edge
1-4,lane1_exhibition_st_rank_bucket x target_exhibition_st_rank_bucket,1 | 4+,2834,318,11.22,283400,228550,-54850,80.65,718.71,10.14,75.45,744.07,5.2,1.08,-25.36,mixed_edge
1-5,grade_group,一般,12352,831,6.73,1235200,996110,-239090,80.64,1198.69,6.69,80.94,1209.34,-0.3,0.04,-10.65,mixed_edge
1-2,lane1_target_class_pair,A1-A1,1645,444,26.99,164500,132640,-31860,80.63,298.74,18.8,81.32,432.61,-0.69,8.19,-133.87,mixed_edge
1-2,lane1_target_class_pair,B1-B1,2162,245,11.33,216200,174290,-41910,80.62,711.39,18.8,81.32,432.61,-0.7,-7.47,278.78,mixed_edge
1-3,target_local_win_rank_bucket,4+,6247,829,13.27,624700,503580,-121120,80.61,607.45,15.76,78.52,498.07,2.09,-2.49,109.38,mixed_edge
1-2,lane1_target_national_rank_pair x target_outer_pressure_bucket,2-3 | high_other_pressure,279,59,21.15,27900,22490,-5410,80.61,381.19,18.8,81.32,432.61,-0.71,2.35,-51.42,mixed_edge
1-5,lane1_motor_rank_bucket,1,2525,175,6.93,252500,203510,-48990,80.6,1162.91,6.69,80.94,1209.34,-0.34,0.24,-46.43,mixed_edge
1-4,stadium_code,14,616,62,10.06,61600,49650,-11950,80.6,800.81,10.14,75.45,744.07,5.15,-0.08,56.74,mixed_edge
1-4,stadium_code x target_lane,14 | 4,616,62,10.06,61600,49650,-11950,80.6,800.81,10.14,75.45,744.07,5.15,-0.08,56.74,mixed_edge
1-4,month,2025-11,3933,432,10.98,393300,316970,-76330,80.59,733.73,10.14,75.45,744.07,5.14,0.84,-10.34,mixed_edge
1-5,other_a_count_bucket,1,3082,252,8.18,308200,248370,-59830,80.59,985.6,6.69,80.94,1209.34,-0.35,1.49,-223.74,mixed_edge
1-5,target_lane x other_a_count_bucket,5 | 1,3082,252,8.18,308200,248370,-59830,80.59,985.6,6.69,80.94,1209.34,-0.35,1.49,-223.74,mixed_edge
1-6,meeting_phase_bucket,day5+,3629,172,4.74,362900,292360,-70540,80.56,1699.77,3.7,65.46,1770.57,15.1,1.04,-70.8,mixed_edge
1-6,meeting_phase_bucket x target_lane,day5+ | 6,3629,172,4.74,362900,292360,-70540,80.56,1699.77,3.7,65.46,1770.57,15.1,1.04,-70.8,mixed_edge
1-2,target_exhibition_st_rank_bucket x other_st_faster_than_target_count_bucket,2 | 1,969,176,18.16,96900,78040,-18860,80.54,443.41,18.8,81.32,432.61,-0.78,-0.64,10.8,mixed_edge
1-3,target_national_win_rank_bucket,4+,6427,805,12.53,642700,517450,-125250,80.51,642.8,15.76,78.52,498.07,1.99,-3.23,144.73,mixed_edge
1-6,lane1_target_start_gap_pair x target_outer_pressure_bucket,<=0.03-<=0.03 | high_other_pressure,448,18,4.02,44800,36060,-8740,80.49,2003.33,3.7,65.46,1770.57,15.03,0.32,232.76,mixed_edge
1-3,race_no_bucket,4-6R,3214,444,13.81,321400,258650,-62750,80.48,582.55,15.76,78.52,498.07,1.96,-1.95,84.48,mixed_edge
1-3,race_no_bucket x target_lane,4-6R | 3,3214,444,13.81,321400,258650,-62750,80.48,582.55,15.76,78.52,498.07,1.96,-1.95,84.48,mixed_edge
1-6,target_class,A1,3090,227,7.35,309000,248600,-60400,80.45,1095.15,3.7,65.46,1770.57,14.99,3.65,-675.42,mixed_edge
1-6,lane1_target_group_pair x other_a_count_bucket,A-A | 4,1429,52,3.64,142900,114970,-27930,80.45,2210.96,3.7,65.46,1770.57,14.99,-0.06,440.39,mixed_edge
1-4,stadium_code,15,614,72,11.73,61400,49370,-12030,80.41,685.69,10.14,75.45,744.07,4.96,1.59,-58.38,mixed_edge
1-4,stadium_code x target_lane,15 | 4,614,72,11.73,61400,49370,-12030,80.41,685.69,10.14,75.45,744.07,4.96,1.59,-58.38,mixed_edge
1-2,target_national_win_rank_bucket,1,2029,454,22.38,202900,163130,-39770,80.4,359.32,18.8,81.32,432.61,-0.92,3.58,-73.29,mixed_edge
1-2,target_national_win_rank_bucket x other_national_better_than_target_count_bucket,1 | 0,2029,454,22.38,202900,163130,-39770,80.4,359.32,18.8,81.32,432.61,-0.92,3.58,-73.29,mixed_edge
1-5,lane1_class_group,B,4919,238,4.84,491900,395340,-96560,80.37,1661.09,6.69,80.94,1209.34,-0.57,-1.85,451.75,mixed_edge
1-3,target_national_win_rank_bucket x other_national_better_than_target_count_bucket,4+ | 2,1704,291,17.08,170400,136930,-33470,80.36,470.55,15.76,78.52,498.07,1.84,1.32,-27.52,mixed_edge
1-3,lane1_target_motor_place_diff_bucket,lane1_plus_4_10,2150,340,15.81,215000,172740,-42260,80.34,508.06,15.76,78.52,498.07,1.82,0.05,9.99,mixed_edge
1-5,lane1_target_group_pair,A-B,4034,215,5.33,403400,324040,-79360,80.33,1507.16,6.69,80.94,1209.34,-0.61,-1.36,297.82,mixed_edge
1-4,lane1_target_motor_place_diff_bucket,target_plus_4_10,2049,216,10.54,204900,164580,-40320,80.32,761.94,10.14,75.45,744.07,4.87,0.4,17.87,mixed_edge
1-6,stadium_code,01,552,15,2.72,55200,44330,-10870,80.31,2955.33,3.7,65.46,1770.57,14.85,-0.98,1184.76,mixed_edge
1-6,stadium_code x target_lane,01 | 6,552,15,2.72,55200,44330,-10870,80.31,2955.33,3.7,65.46,1770.57,14.85,-0.98,1184.76,mixed_edge
1-2,target_exhibition_rank_bucket x other_exhibition_faster_than_target_count_bucket,4+ | 2,1725,313,18.14,172500,138470,-34030,80.27,442.4,18.8,81.32,432.61,-1.05,-0.66,9.79,mixed_edge
1-3,other_a_count_bucket,0,1730,376,21.73,173000,138830,-34170,80.25,369.23,15.76,78.52,498.07,1.73,5.97,-128.84,mixed_edge
1-3,other_group_pattern,B-B-B-B,1730,376,21.73,173000,138830,-34170,80.25,369.23,15.76,78.52,498.07,1.73,5.97,-128.84,mixed_edge
1-3,target_lane x other_a_count_bucket,3 | 0,1730,376,21.73,173000,138830,-34170,80.25,369.23,15.76,78.52,498.07,1.73,5.97,-128.84,mixed_edge
1-2,lane1_target_motor_place_diff_bucket,lane1_plus_10+,2168,408,18.82,216800,173950,-42850,80.24,426.35,18.8,81.32,432.61,-1.08,0.02,-6.26,mixed_edge
1-2,target_class_group x target_outer_pressure_bucket,A | low_other_pressure,811,213,26.26,81100,65070,-16030,80.23,305.49,18.8,81.32,432.61,-1.09,7.46,-127.12,mixed_edge
1-4,other_b2_count_bucket,1,3207,341,10.63,320700,257110,-63590,80.17,753.99,10.14,75.45,744.07,4.72,0.49,9.92,mixed_edge
1-2,month,2025-12,4763,874,18.35,476300,381790,-94510,80.16,436.83,18.8,81.32,432.61,-1.16,-0.45,4.22,mixed_edge
1-2,stadium_code,17,598,104,17.39,59800,47920,-11880,80.13,460.77,18.8,81.32,432.61,-1.19,-1.41,28.16,mixed_edge
1-2,stadium_code x target_lane,17 | 2,598,104,17.39,59800,47920,-11880,80.13,460.77,18.8,81.32,432.61,-1.19,-1.41,28.16,mixed_edge
1-2,target_outer_pressure_bucket,high_other_pressure,9717,1621,16.68,971700,778490,-193210,80.12,480.25,18.8,81.32,432.61,-1.2,-2.12,47.64,mixed_edge
1-2,target_lane x target_outer_pressure_bucket,2 | high_other_pressure,9717,1621,16.68,971700,778490,-193210,80.12,480.25,18.8,81.32,432.61,-1.2,-2.12,47.64,mixed_edge
1-2,race_no_bucket,7-9R,3197,570,17.83,319700,256120,-63580,80.11,449.33,18.8,81.32,432.61,-1.21,-0.97,16.72,mixed_edge
1-2,race_no_bucket x target_lane,7-9R | 2,3197,570,17.83,319700,256120,-63580,80.11,449.33,18.8,81.32,432.61,-1.21,-0.97,16.72,mixed_edge
1-5,lane1_target_national_rank_pair,1-4+,2033,121,5.95,203300,162730,-40570,80.04,1344.88,6.69,80.94,1209.34,-0.9,-0.74,135.54,mixed_edge
1-5,target_lane x lane1_target_national_rank_pair,5 | 1-4+,2033,121,5.95,203300,162730,-40570,80.04,1344.88,6.69,80.94,1209.34,-0.9,-0.74,135.54,mixed_edge
1-2,lane1_target_exhibition_st_rank_pair,4+-2,634,110,17.35,63400,50740,-12660,80.03,461.27,18.8,81.32,432.61,-1.29,-1.45,28.66,mixed_edge
1-2,lane1_exhibition_st_rank_bucket x target_exhibition_st_rank_bucket,4+ | 2,634,110,17.35,63400,50740,-12660,80.03,461.27,18.8,81.32,432.61,-1.29,-1.45,28.66,mixed_edge
1-3,target_motor_rank_bucket,1,2083,370,17.76,208300,166680,-41620,80.02,450.49,15.76,78.52,498.07,1.5,2.0,-47.58,mixed_edge
1-3,target_boat_rank_bucket,1,2056,310,15.08,205600,164530,-41070,80.02,530.74,15.76,78.52,498.07,1.5,-0.68,32.67,mixed_edge
1-5,target_national_win_rank_bucket x other_national_better_than_target_count_bucket,4+ | 2,1600,105,6.56,160000,128030,-31970,80.02,1219.33,6.69,80.94,1209.34,-0.92,-0.13,9.99,mixed_edge
1-3,lane1_target_exhibition_time_diff_bucket,near_equal,6084,1037,17.04,608400,486790,-121610,80.01,469.42,15.76,78.52,498.07,1.49,1.28,-28.65,mixed_edge
1-5,lane1_target_local_win_diff_bucket,lane1_plus_1.00+,5258,282,5.36,525800,420670,-105130,80.01,1491.74,6.69,80.94,1209.34,-0.93,-1.33,282.4,mixed_edge
1-4,lane1_start_exhibition_gap_bucket,<=0.03,2929,318,10.86,292900,234190,-58710,79.96,736.45,10.14,75.45,744.07,4.51,0.72,-7.62,mixed_edge
1-3,meeting_phase_bucket,day1-2,4616,728,15.77,461600,369070,-92530,79.95,506.96,15.76,78.52,498.07,1.43,0.01,8.89,mixed_edge
1-3,meeting_phase_bucket x target_lane,day1-2 | 3,4616,728,15.77,461600,369070,-92530,79.95,506.96,15.76,78.52,498.07,1.43,0.01,8.89,mixed_edge
1-2,target_motor_rank_bucket,4+,6109,1107,18.12,610900,488310,-122590,79.93,441.11,18.8,81.32,432.61,-1.39,-0.68,8.5,mixed_edge
1-2,lane1_target_exhibition_st_rank_pair,3-1,420,87,20.71,42000,33570,-8430,79.93,385.86,18.8,81.32,432.61,-1.39,1.91,-46.75,mixed_edge
1-2,lane1_exhibition_st_rank_bucket x target_exhibition_st_rank_bucket,3 | 1,420,87,20.71,42000,33570,-8430,79.93,385.86,18.8,81.32,432.61,-1.39,1.91,-46.75,mixed_edge
1-4,lane1_target_start_gap_pair x target_outer_pressure_bucket,0.04-0.06-best | high_other_pressure,487,53,10.88,48700,38920,-9780,79.92,734.34,10.14,75.45,744.07,4.47,0.74,-9.73,mixed_edge
1-6,other_b2_count_bucket,2,212,16,7.55,21200,16940,-4260,79.91,1058.75,3.7,65.46,1770.57,14.45,3.85,-711.82,mixed_edge
1-4,lane1_target_start_gap_pair x target_outer_pressure_bucket,<=0.03-best | some_other_pressure,110,16,14.55,11000,8790,-2210,79.91,549.38,10.14,75.45,744.07,4.46,4.41,-194.69,mixed_edge
1-3,lane1_target_group_pair x target_outer_pressure_bucket,A-B | high_other_pressure,3423,485,14.17,342300,273510,-68790,79.9,563.94,15.76,78.52,498.07,1.38,-1.59,65.87,mixed_edge
1-5,lane1_target_boat_place_diff_bucket,target_plus_10+,1727,107,6.2,172700,137990,-34710,79.9,1289.63,6.69,80.94,1209.34,-1.04,-0.49,80.29,mixed_edge
1-3,lane1_national_win_rank_bucket,3,2224,350,15.74,222400,177670,-44730,79.89,507.63,15.76,78.52,498.07,1.37,-0.02,9.56,mixed_edge
1-3,lane1_target_group_pair x other_a_count_bucket,B-B | 3,633,35,5.53,63300,50550,-12750,79.86,1444.29,15.76,78.52,498.07,1.34,-10.23,946.22,mixed_edge
1-5,lane1_target_national_rank_pair x target_outer_pressure_bucket,1-4+ | high_other_pressure,2025,120,5.93,202500,161700,-40800,79.85,1347.5,6.69,80.94,1209.34,-1.09,-0.76,138.16,mixed_edge
1-2,target_local_win_rank_bucket,3,2268,429,18.92,226800,181050,-45750,79.83,422.03,18.8,81.32,432.61,-1.49,0.12,-10.58,mixed_edge
1-5,lane1_target_exhibition_time_diff_bucket,target_faster_0.10+,580,45,7.76,58000,46300,-11700,79.83,1028.89,6.69,80.94,1209.34,-1.11,1.07,-180.45,mixed_edge
1-3,lane1_local_win_rank_bucket,1,3015,599,19.87,301500,240470,-61030,79.76,401.45,15.76,78.52,498.07,1.24,4.11,-96.62,mixed_edge
1-5,lane1_target_class_pair,B1-A2,1086,63,5.8,108600,86620,-21980,79.76,1374.92,6.69,80.94,1209.34,-1.18,-0.89,165.58,mixed_edge
1-5,other_st_faster_than_target_count_bucket,2,2767,187,6.76,276700,220620,-56080,79.73,1179.79,6.69,80.94,1209.34,-1.21,0.07,-29.55,mixed_edge
1-2,target_local_win_rank_bucket,4+,6230,1020,16.37,623000,496670,-126330,79.72,486.93,18.8,81.32,432.61,-1.6,-2.43,54.32,mixed_edge
1-4,lane1_target_group_pair x target_outer_pressure_bucket,B-B | high_other_pressure,2701,127,4.7,270100,215300,-54800,79.71,1695.28,10.14,75.45,744.07,4.26,-5.44,951.21,mixed_edge
1-5,lane1_exhibition_rank_bucket,2,2876,205,7.13,287600,229220,-58380,79.7,1118.15,6.69,80.94,1209.34,-1.24,0.44,-91.19,mixed_edge
1-3,lane1_national_win_rank_bucket,1,3158,661,20.93,315800,251670,-64130,79.69,380.74,15.76,78.52,498.07,1.17,5.17,-117.33,mixed_edge
1-2,lane1_target_national_rank_pair x target_outer_pressure_bucket,4+-1 | low_other_pressure,375,62,16.53,37500,29870,-7630,79.65,481.77,18.8,81.32,432.61,-1.67,-2.27,49.16,mixed_edge
1-2,lane1_start_exhibition_gap_bucket,0.04-0.06,2331,424,18.19,233100,185590,-47510,79.62,437.71,18.8,81.32,432.61,-1.7,-0.61,5.1,mixed_edge
1-3,wind_bucket,3-4,3493,528,15.12,349300,278080,-71220,79.61,526.67,15.76,78.52,498.07,1.09,-0.64,28.6,mixed_edge
1-6,target_class_group,A,6048,347,5.74,604800,481330,-123470,79.58,1387.12,3.7,65.46,1770.57,14.12,2.04,-383.45,mixed_edge
1-6,target_lane x target_class_group,6 | A,6048,347,5.74,604800,481330,-123470,79.58,1387.12,3.7,65.46,1770.57,14.12,2.04,-383.45,mixed_edge
1-2,lane1_target_group_pair x other_a_count_bucket,A-B | 0,740,199,26.89,74000,58890,-15110,79.58,295.93,18.8,81.32,432.61,-1.74,8.09,-136.68,mixed_edge
1-3,other_national_better_than_target_count_bucket,4,1958,199,10.16,195800,155760,-40040,79.55,782.71,15.76,78.52,498.07,1.03,-5.6,284.64,mixed_edge
1-3,target_national_win_rank_bucket x other_national_better_than_target_count_bucket,4+ | 4,1958,199,10.16,195800,155760,-40040,79.55,782.71,15.76,78.52,498.07,1.03,-5.6,284.64,mixed_edge
1-2,lane1_target_exhibition_time_diff_bucket,target_faster_0.05_0.10,1587,278,17.52,158700,126230,-32470,79.54,454.06,18.8,81.32,432.61,-1.78,-1.28,21.45,mixed_edge
1-4,lane1_target_local_win_diff_bucket,target_plus_1.00+,3021,313,10.36,302100,240240,-61860,79.52,767.54,10.14,75.45,744.07,4.07,0.22,23.47,mixed_edge
1-6,other_group_pattern,A-B-B-B,718,41,5.71,71800,57090,-14710,79.51,1392.44,3.7,65.46,1770.57,14.05,2.01,-378.13,mixed_edge
1-6,other_a_count_bucket,1,3071,178,5.8,307100,244110,-62990,79.49,1371.4,3.7,65.46,1770.57,14.03,2.1,-399.17,mixed_edge
1-6,target_lane x other_a_count_bucket,6 | 1,3071,178,5.8,307100,244110,-62990,79.49,1371.4,3.7,65.46,1770.57,14.03,2.1,-399.17,mixed_edge
1-5,target_exhibition_rank_bucket x other_exhibition_faster_than_target_count_bucket,3 | 1,1237,100,8.08,123700,98310,-25390,79.47,983.1,6.69,80.94,1209.34,-1.47,1.39,-226.24,mixed_edge
1-5,lane1_target_start_gap_pair x target_outer_pressure_bucket,best-<=0.03 | low_other_pressure,56,8,14.29,5600,4450,-1150,79.46,556.25,6.69,80.94,1209.34,-1.48,7.6,-653.09,mixed_edge
1-3,stadium_code,09,669,111,16.59,66900,53140,-13760,79.43,478.74,15.76,78.52,498.07,0.91,0.83,-19.33,mixed_edge
1-3,stadium_code x target_lane,09 | 3,669,111,16.59,66900,53140,-13760,79.43,478.74,15.76,78.52,498.07,0.91,0.83,-19.33,mixed_edge
1-2,other_group_pattern,B-B-B-A,754,161,21.35,75400,59880,-15520,79.42,371.93,18.8,81.32,432.61,-1.9,2.55,-60.68,mixed_edge
1-6,target_local_win_rank_bucket,2,1855,108,5.82,185500,147310,-38190,79.41,1363.98,3.7,65.46,1770.57,13.95,2.12,-406.59,mixed_edge
1-4,lane1_target_start_gap_pair,<=0.03-<=0.03,788,90,11.42,78800,62540,-16260,79.37,694.89,10.14,75.45,744.07,3.92,1.28,-49.18,mixed_edge
1-4,target_lane x lane1_target_start_gap_pair,4 | <=0.03-<=0.03,788,90,11.42,78800,62540,-16260,79.37,694.89,10.14,75.45,744.07,3.92,1.28,-49.18,mixed_edge
1-4,lane1_start_exhibition_gap_bucket x target_start_exhibition_gap_bucket,<=0.03 | <=0.03,788,90,11.42,78800,62540,-16260,79.37,694.89,10.14,75.45,744.07,3.92,1.28,-49.18,mixed_edge
1-6,other_national_better_than_target_count_bucket,1,2249,106,4.71,224900,178430,-46470,79.34,1683.3,3.7,65.46,1770.57,13.88,1.01,-87.27,mixed_edge
1-2,other_a_count_bucket,4,1597,357,22.35,159700,126690,-33010,79.33,354.87,18.8,81.32,432.61,-1.99,3.55,-77.74,mixed_edge
1-2,other_group_pattern,A-A-A-A,1597,357,22.35,159700,126690,-33010,79.33,354.87,18.8,81.32,432.61,-1.99,3.55,-77.74,mixed_edge
1-2,target_lane x other_a_count_bucket,2 | 4,1597,357,22.35,159700,126690,-33010,79.33,354.87,18.8,81.32,432.61,-1.99,3.55,-77.74,mixed_edge
1-4,target_national_win_rank_bucket,4+,6724,515,7.66,672400,533260,-139140,79.31,1035.46,10.14,75.45,744.07,3.86,-2.48,291.39,mixed_edge
1-4,lane1_target_start_gap_pair,best->0.06,2030,228,11.23,203000,160980,-42020,79.3,706.05,10.14,75.45,744.07,3.85,1.09,-38.02,mixed_edge
1-4,target_lane x lane1_target_start_gap_pair,4 | best->0.06,2030,228,11.23,203000,160980,-42020,79.3,706.05,10.14,75.45,744.07,3.85,1.09,-38.02,mixed_edge
1-4,lane1_start_exhibition_gap_bucket x target_start_exhibition_gap_bucket,best | >0.06,2030,228,11.23,203000,160980,-42020,79.3,706.05,10.14,75.45,744.07,3.85,1.09,-38.02,mixed_edge
1-5,lane1_target_class_pair,B2-A1,43,3,6.98,4300,3410,-890,79.3,1136.67,6.69,80.94,1209.34,-1.64,0.29,-72.67,mixed_edge
1-3,other_b2_count_bucket,1,3456,553,16.0,345600,274010,-71590,79.29,495.5,15.76,78.52,498.07,0.77,0.24,-2.57,mixed_edge
1-4,lane1_target_exhibition_time_diff_bucket x lane1_target_start_exhibition_st_diff_bucket,near_equal | lane1_faster_0.06+,1526,175,11.47,152600,121000,-31600,79.29,691.43,10.14,75.45,744.07,3.84,1.33,-52.64,mixed_edge
1-2,lane1_target_start_gap_pair x target_outer_pressure_bucket,0.04-0.06-0.04-0.06 | high_other_pressure,493,85,17.24,49300,39090,-10210,79.29,459.88,18.8,81.32,432.61,-2.03,-1.56,27.27,mixed_edge
1-3,lane1_target_start_gap_pair,<=0.03-0.04-0.06,683,102,14.93,68300,54150,-14150,79.28,530.88,15.76,78.52,498.07,0.76,-0.83,32.81,mixed_edge
1-3,target_lane x lane1_target_start_gap_pair,3 | <=0.03-0.04-0.06,683,102,14.93,68300,54150,-14150,79.28,530.88,15.76,78.52,498.07,0.76,-0.83,32.81,mixed_edge
1-3,lane1_start_exhibition_gap_bucket x target_start_exhibition_gap_bucket,<=0.03 | 0.04-0.06,683,102,14.93,68300,54150,-14150,79.28,530.88,15.76,78.52,498.07,0.76,-0.83,32.81,mixed_edge
1-4,lane1_target_group_pair,B-B,2910,147,5.05,291000,230690,-60310,79.27,1569.32,10.14,75.45,744.07,3.82,-5.09,825.25,mixed_edge
1-4,lane1_target_national_rank_pair x target_outer_pressure_bucket,3-2 | some_other_pressure,193,30,15.54,19300,15300,-4000,79.27,510.0,10.14,75.45,744.07,3.82,5.4,-234.07,mixed_edge
1-6,stadium_code,20,432,21,4.86,43200,34240,-8960,79.26,1630.48,3.7,65.46,1770.57,13.8,1.16,-140.09,mixed_edge
1-6,stadium_code x target_lane,20 | 6,432,21,4.86,43200,34240,-8960,79.26,1630.48,3.7,65.46,1770.57,13.8,1.16,-140.09,mixed_edge
1-3,target_boat_rank_bucket,4+,6211,986,15.88,621100,492230,-128870,79.25,499.22,15.76,78.52,498.07,0.73,0.12,1.15,mixed_edge
1-6,lane1_target_local_win_diff_bucket,target_plus_1.00+,2896,162,5.59,289600,229380,-60220,79.21,1415.93,3.7,65.46,1770.57,13.75,1.89,-354.64,mixed_edge
1-2,target_motor_rank_bucket,1,2097,414,19.74,209700,166100,-43600,79.21,401.21,18.8,81.32,432.61,-2.11,0.94,-31.4,mixed_edge
1-5,lane1_target_start_gap_pair x target_outer_pressure_bucket,<=0.03-<=0.03 | low_other_pressure,38,6,15.79,3800,3010,-790,79.21,501.67,6.69,80.94,1209.34,-1.73,9.1,-707.67,mixed_edge
1-3,target_national_win_rank_bucket,1,1992,433,21.74,199200,157740,-41460,79.19,364.3,15.76,78.52,498.07,0.67,5.98,-133.77,mixed_edge
1-3,target_national_win_rank_bucket x other_national_better_than_target_count_bucket,1 | 0,1992,433,21.74,199200,157740,-41460,79.19,364.3,15.76,78.52,498.07,0.67,5.98,-133.77,mixed_edge
1-3,lane1_target_group_pair x target_outer_pressure_bucket,B-B | some_other_pressure,176,35,19.89,17600,13930,-3670,79.15,398.0,15.76,78.52,498.07,0.63,4.13,-100.07,mixed_edge
1-3,target_national_win_rank_bucket,2,2092,410,19.6,209200,165520,-43680,79.12,403.71,15.76,78.52,498.07,0.6,3.84,-94.36,mixed_edge
1-6,stadium_code,07,696,28,4.02,69600,55030,-14570,79.07,1965.36,3.7,65.46,1770.57,13.61,0.32,194.79,mixed_edge
1-6,stadium_code x target_lane,07 | 6,696,28,4.02,69600,55030,-14570,79.07,1965.36,3.7,65.46,1770.57,13.61,0.32,194.79,mixed_edge
1-4,lane1_class_group,B,4919,340,6.91,491900,388890,-103010,79.06,1143.79,10.14,75.45,744.07,3.61,-3.23,399.72,mixed_edge
1-2,race_no_bucket,10-12R,3194,763,23.89,319400,252490,-66910,79.05,330.92,18.8,81.32,432.61,-2.27,5.09,-101.69,mixed_edge
1-2,race_no_bucket x target_lane,10-12R | 2,3194,763,23.89,319400,252490,-66910,79.05,330.92,18.8,81.32,432.61,-2.27,5.09,-101.69,mixed_edge
1-3,race_no_bucket,7-9R,3197,490,15.33,319700,252650,-67050,79.03,515.61,15.76,78.52,498.07,0.51,-0.43,17.54,mixed_edge
1-3,race_no_bucket x target_lane,7-9R | 3,3197,490,15.33,319700,252650,-67050,79.03,515.61,15.76,78.52,498.07,0.51,-0.43,17.54,mixed_edge
1-2,target_exhibition_rank_bucket,4+,5462,922,16.88,546200,431530,-114670,79.01,468.04,18.8,81.32,432.61,-2.31,-1.92,35.43,mixed_edge
1-2,race_no_bucket,4-6R,3214,519,16.15,321400,253890,-67510,79.0,489.19,18.8,81.32,432.61,-2.32,-2.65,56.58,mixed_edge
1-2,race_no_bucket x target_lane,4-6R | 2,3214,519,16.15,321400,253890,-67510,79.0,489.19,18.8,81.32,432.61,-2.32,-2.65,56.58,mixed_edge
1-3,lane1_target_group_pair x other_a_count_bucket,A-B | 1,989,156,15.77,98900,78120,-20780,78.99,500.77,15.76,78.52,498.07,0.47,0.01,2.7,mixed_edge
1-3,lane1_target_exhibition_time_diff_bucket x lane1_target_start_exhibition_st_diff_bucket,near_equal | target_faster_0.03_0.06,850,139,16.35,85000,67140,-17860,78.99,483.02,15.76,78.52,498.07,0.47,0.59,-15.05,mixed_edge
1-4,other_st_faster_than_target_count_bucket,2,3069,316,10.3,306900,242380,-64520,78.98,767.03,10.14,75.45,744.07,3.53,0.16,22.96,mixed_edge
1-4,lane1_target_start_gap_pair x target_outer_pressure_bucket,best->0.06 | high_other_pressure,1698,168,9.89,169800,134110,-35690,78.98,798.27,10.14,75.45,744.07,3.53,-0.25,54.2,mixed_edge
1-4,lane1_national_win_rank_bucket,4+,4762,349,7.33,476200,375990,-100210,78.96,1077.34,10.14,75.45,744.07,3.51,-2.81,333.27,mixed_edge
1-3,lane1_boat_rank_bucket,4+,6116,979,16.01,611600,482410,-129190,78.88,492.76,15.76,78.52,498.07,0.36,0.25,-5.31,mixed_edge
1-2,other_a_count_bucket,0,1570,377,24.01,157000,123840,-33160,78.88,328.49,18.8,81.32,432.61,-2.44,5.21,-104.12,mixed_edge
1-2,other_group_pattern,B-B-B-B,1570,377,24.01,157000,123840,-33160,78.88,328.49,18.8,81.32,432.61,-2.44,5.21,-104.12,mixed_edge
1-2,target_lane x other_a_count_bucket,2 | 0,1570,377,24.01,157000,123840,-33160,78.88,328.49,18.8,81.32,432.61,-2.44,5.21,-104.12,mixed_edge
1-3,lane1_local_win_rank_bucket,4+,5039,622,12.34,503900,397360,-106540,78.86,638.84,15.76,78.52,498.07,0.34,-3.42,140.77,mixed_edge
1-3,lane1_local_win_rank_bucket,3,2227,353,15.85,222700,175630,-47070,78.86,497.54,15.76,78.52,498.07,0.34,0.09,-0.53,mixed_edge
1-3,grade_group,一般,12352,1953,15.81,1235200,973700,-261500,78.83,498.57,15.76,78.52,498.07,0.31,0.05,0.5,mixed_edge
1-2,lane1_national_win_rank_bucket,3,2224,391,17.58,222400,175250,-47150,78.8,448.21,18.8,81.32,432.61,-2.52,-1.22,15.6,mixed_edge
1-4,other_a_count_bucket,3,2224,159,7.15,222400,175200,-47200,78.78,1101.89,10.14,75.45,744.07,3.33,-2.99,357.82,mixed_edge
1-4,target_lane x other_a_count_bucket,4 | 3,2224,159,7.15,222400,175200,-47200,78.78,1101.89,10.14,75.45,744.07,3.33,-2.99,357.82,mixed_edge
1-6,target_national_win_rank_bucket,2,1793,99,5.52,179300,141230,-38070,78.77,1426.57,3.7,65.46,1770.57,13.31,1.82,-344.0,mixed_edge
1-4,lane1_target_group_pair,B-A,2009,193,9.61,200900,158200,-42700,78.75,819.69,10.14,75.45,744.07,3.3,-0.53,75.62,mixed_edge
1-2,lane1_target_group_pair x other_a_count_bucket,B-B | 1,567,66,11.64,56700,44650,-12050,78.75,676.52,18.8,81.32,432.61,-2.57,-7.16,243.91,mixed_edge
1-4,wave_bucket,5-9,1502,135,8.99,150200,118250,-31950,78.73,875.93,10.14,75.45,744.07,3.28,-1.15,131.86,mixed_edge
1-4,stadium_code,06,563,58,10.3,56300,44320,-11980,78.72,764.14,10.14,75.45,744.07,3.27,0.16,20.07,mixed_edge
1-4,stadium_code x target_lane,06 | 4,563,58,10.3,56300,44320,-11980,78.72,764.14,10.14,75.45,744.07,3.27,0.16,20.07,mixed_edge
1-2,other_national_better_than_target_count_bucket,0,2731,678,24.83,273100,214930,-58170,78.7,317.01,18.8,81.32,432.61,-2.62,6.03,-115.6,mixed_edge
1-6,target_class,A2,2958,120,4.06,295800,232730,-63070,78.68,1939.42,3.7,65.46,1770.57,13.22,0.36,168.85,mixed_edge
1-6,lane1_target_national_rank_pair,1-3,538,31,5.76,53800,42330,-11470,78.68,1365.48,3.7,65.46,1770.57,13.22,2.06,-405.09,mixed_edge
1-6,target_lane x lane1_target_national_rank_pair,6 | 1-3,538,31,5.76,53800,42330,-11470,78.68,1365.48,3.7,65.46,1770.57,13.22,2.06,-405.09,mixed_edge
1-3,lane1_exhibition_st_rank_bucket,2,2159,354,16.4,215900,169840,-46060,78.67,479.77,15.76,78.52,498.07,0.15,0.64,-18.3,mixed_edge
1-4,target_national_win_rank_bucket x other_national_better_than_target_count_bucket,2 | 1,1390,148,10.65,139000,109210,-29790,78.57,737.91,10.14,75.45,744.07,3.12,0.51,-6.16,mixed_edge
1-3,lane1_target_national_win_diff_bucket,target_plus_1.00+,2401,334,13.91,240100,188620,-51480,78.56,564.73,15.76,78.52,498.07,0.04,-1.85,66.66,mixed_edge
1-3,lane1_target_local_win_diff_bucket,near_equal,1901,307,16.15,190100,149350,-40750,78.56,486.48,15.76,78.52,498.07,0.04,0.39,-11.59,mixed_edge
1-2,lane1_target_national_rank_pair x target_outer_pressure_bucket,2-1 | some_other_pressure,117,31,26.5,11700,9190,-2510,78.55,296.45,18.8,81.32,432.61,-2.77,7.7,-136.16,mixed_edge
1-3,target_lane,3,12820,2021,15.76,1282000,1006600,-275400,78.52,498.07,15.76,78.52,498.07,0.0,0.0,0.0,mixed_edge
1-3,target_lane_zone,inner_2_3,12820,2021,15.76,1282000,1006600,-275400,78.52,498.07,15.76,78.52,498.07,0.0,0.0,0.0,mixed_edge
1-2,lane1_target_group_pair x other_a_count_bucket,A-B | 1,1062,186,17.51,106200,83390,-22810,78.52,448.33,18.8,81.32,432.61,-2.8,-1.29,15.72,mixed_edge
1-2,lane1_class,A1,4348,1080,24.84,434800,341240,-93560,78.48,315.96,18.8,81.32,432.61,-2.84,6.04,-116.65,mixed_edge
1-2,target_exhibition_rank_bucket,3,2385,463,19.41,238500,187080,-51420,78.44,404.06,18.8,81.32,432.61,-2.88,0.61,-28.55,mixed_edge
1-3,other_group_pattern,A-A-A-B,581,64,11.02,58100,45570,-12530,78.43,712.03,15.76,78.52,498.07,-0.09,-4.74,213.96,mixed_edge
1-5,lane1_target_national_rank_pair,1-3,542,56,10.33,54200,42510,-11690,78.43,759.11,6.69,80.94,1209.34,-2.51,3.64,-450.23,mixed_edge
1-5,target_lane x lane1_target_national_rank_pair,5 | 1-3,542,56,10.33,54200,42510,-11690,78.43,759.11,6.69,80.94,1209.34,-2.51,3.64,-450.23,mixed_edge
1-2,lane1_class_group,A,7901,1752,22.17,790100,619310,-170790,78.38,353.49,18.8,81.32,432.61,-2.94,3.37,-79.12,mixed_edge
1-2,lane1_local_win_rank_bucket,1,3015,726,24.08,301500,236320,-65180,78.38,325.51,18.8,81.32,432.61,-2.94,5.28,-107.1,mixed_edge
1-4,lane1_target_class_pair,A1-A2,1091,170,15.58,109100,85510,-23590,78.38,503.0,10.14,75.45,744.07,2.93,5.44,-241.07,mixed_edge
1-3,lane1_target_local_win_diff_bucket,lane1_plus_1.00+,4592,700,15.24,459200,359850,-99350,78.36,514.07,15.76,78.52,498.07,-0.16,-0.52,16.0,mixed_edge
1-2,stadium_code,18,636,137,21.54,63600,49840,-13760,78.36,363.8,18.8,81.32,432.61,-2.96,2.74,-68.81,mixed_edge
1-2,stadium_code x target_lane,18 | 2,636,137,21.54,63600,49840,-13760,78.36,363.8,18.8,81.32,432.61,-2.96,2.74,-68.81,mixed_edge
1-5,lane1_target_national_win_diff_bucket,lane1_plus_0.35_1.00,2161,147,6.8,216100,169280,-46820,78.33,1151.56,6.69,80.94,1209.34,-2.61,0.11,-57.78,mixed_edge
1-5,lane1_target_group_pair x other_a_count_bucket,A-A | 1,833,116,13.93,83300,65240,-18060,78.32,562.41,6.69,80.94,1209.34,-2.62,7.24,-646.93,mixed_edge
1-6,other_national_better_than_target_count_bucket,2,2189,63,2.88,218900,171390,-47510,78.3,2720.48,3.7,65.46,1770.57,12.84,-0.82,949.91,mixed_edge
1-4,lane1_boat_rank_bucket,4+,6116,644,10.53,611600,478800,-132800,78.29,743.48,10.14,75.45,744.07,2.84,0.39,-0.59,mixed_edge
1-3,lane1_target_boat_place_diff_bucket,near_equal,4856,757,15.59,485600,380140,-105460,78.28,502.17,15.76,78.52,498.07,-0.24,-0.17,4.1,mixed_edge
1-5,lane1_target_exhibition_time_diff_bucket x lane1_target_start_exhibition_st_diff_bucket,target_faster_0.05_0.10 | lane1_faster_0.06+,354,25,7.06,35400,27710,-7690,78.28,1108.4,6.69,80.94,1209.34,-2.66,0.37,-100.94,mixed_edge
1-2,wind_bucket,3-4,3493,642,18.38,349300,273390,-75910,78.27,425.84,18.8,81.32,432.61,-3.05,-0.42,-6.77,mixed_edge
1-2,lane1_class,A2,3553,672,18.91,355300,278070,-77230,78.26,413.79,18.8,81.32,432.61,-3.06,0.11,-18.82,mixed_edge
1-4,lane1_class,B1,4601,320,6.96,460100,360050,-100050,78.25,1125.16,10.14,75.45,744.07,2.8,-3.18,381.09,mixed_edge
1-3,lane1_boat_rank_bucket,1,2487,388,15.6,248700,194620,-54080,78.25,501.6,15.76,78.52,498.07,-0.27,-0.16,3.53,mixed_edge
1-3,wind_bucket,0-2,7577,1237,16.33,757700,592750,-164950,78.23,479.18,15.76,78.52,498.07,-0.29,0.57,-18.89,mixed_edge
1-5,other_a_count_bucket,0,1609,154,9.57,160900,125840,-35060,78.21,817.14,6.69,80.94,1209.34,-2.73,2.88,-392.2,mixed_edge
1-5,other_group_pattern,B-B-B-B,1609,154,9.57,160900,125840,-35060,78.21,817.14,6.69,80.94,1209.34,-2.73,2.88,-392.2,mixed_edge
1-5,target_lane x other_a_count_bucket,5 | 0,1609,154,9.57,160900,125840,-35060,78.21,817.14,6.69,80.94,1209.34,-2.73,2.88,-392.2,mixed_edge
1-3,lane1_target_boat_place_diff_bucket,lane1_plus_10+,1739,269,15.47,173900,135990,-37910,78.2,505.54,15.76,78.52,498.07,-0.32,-0.29,7.47,mixed_edge
1-4,other_group_pattern,B-A-B-A,768,70,9.11,76800,60060,-16740,78.2,858.0,10.14,75.45,744.07,2.75,-1.03,113.93,mixed_edge
1-3,target_outer_pressure_bucket,high_other_pressure,10223,1433,14.02,1022300,799320,-222980,78.19,557.79,15.76,78.52,498.07,-0.33,-1.74,59.72,mixed_edge
1-3,target_lane x target_outer_pressure_bucket,3 | high_other_pressure,10223,1433,14.02,1022300,799320,-222980,78.19,557.79,15.76,78.52,498.07,-0.33,-1.74,59.72,mixed_edge
1-2,lane1_target_national_win_diff_bucket,near_equal,2478,494,19.94,247800,193680,-54120,78.16,392.06,18.8,81.32,432.61,-3.16,1.14,-40.55,mixed_edge
1-4,target_class_group x target_outer_pressure_bucket,A | high_other_pressure,4241,520,12.26,424100,331380,-92720,78.14,637.27,10.14,75.45,744.07,2.69,2.12,-106.8,mixed_edge
1-4,lane1_target_start_gap_pair x target_outer_pressure_bucket,0.04-0.06-0.04-0.06 | some_other_pressure,75,13,17.33,7500,5860,-1640,78.13,450.77,10.14,75.45,744.07,2.68,7.19,-293.3,mixed_edge
1-5,other_exhibition_faster_than_target_count_bucket,0,2771,230,8.3,277100,216440,-60660,78.11,941.04,6.69,80.94,1209.34,-2.83,1.61,-268.3,mixed_edge
1-2,target_outer_pressure_bucket,low_other_pressure,936,243,25.96,93600,73110,-20490,78.11,300.86,18.8,81.32,432.61,-3.21,7.16,-131.75,mixed_edge
1-2,target_lane x target_outer_pressure_bucket,2 | low_other_pressure,936,243,25.96,93600,73110,-20490,78.11,300.86,18.8,81.32,432.61,-3.21,7.16,-131.75,mixed_edge
1-3,lane1_target_national_rank_pair x target_outer_pressure_bucket,4+-2 | some_other_pressure,442,62,14.03,44200,34510,-9690,78.08,556.61,15.76,78.52,498.07,-0.44,-1.73,58.54,mixed_edge
1-4,lane1_class,A1,4348,585,13.45,434800,339430,-95370,78.07,580.22,10.14,75.45,744.07,2.62,3.31,-163.85,mixed_edge
1-5,target_class_group x target_outer_pressure_bucket,B | high_other_pressure,6465,263,4.07,646500,504480,-142020,78.03,1918.17,6.69,80.94,1209.34,-2.91,-2.62,708.83,mixed_edge
1-4,lane1_target_group_pair x target_outer_pressure_bucket,A-A | low_other_pressure,402,91,22.64,40200,31370,-8830,78.03,344.73,10.14,75.45,744.07,2.58,12.5,-399.34,mixed_edge
1-5,target_national_win_rank_bucket,4+,7093,300,4.23,709300,553390,-155910,78.02,1844.63,6.69,80.94,1209.34,-2.92,-2.46,635.29,mixed_edge
1-2,lane1_local_win_rank_bucket,2,2539,514,20.24,253900,198100,-55800,78.02,385.41,18.8,81.32,432.61,-3.3,1.44,-47.2,mixed_edge
1-3,lane1_exhibition_rank_bucket,2,2876,460,15.99,287600,224350,-63250,78.01,487.72,15.76,78.52,498.07,-0.51,0.23,-10.35,mixed_edge
1-4,lane1_national_win_rank_bucket,1,3158,423,13.39,315800,246320,-69480,78.0,582.32,10.14,75.45,744.07,2.55,3.25,-161.75,mixed_edge
1-2,lane1_motor_rank_bucket,4+,6154,1120,18.2,615400,479820,-135580,77.97,428.41,18.8,81.32,432.61,-3.35,-0.6,-4.2,mixed_edge
1-3,meeting_phase_bucket,day5+,3629,606,16.7,362900,282920,-79980,77.96,466.86,15.76,78.52,498.07,-0.56,0.94,-31.21,mixed_edge
1-3,meeting_phase_bucket x target_lane,day5+ | 3,3629,606,16.7,362900,282920,-79980,77.96,466.86,15.76,78.52,498.07,-0.56,0.94,-31.21,mixed_edge
1-3,lane1_target_start_gap_pair x target_outer_pressure_bucket,<=0.03->0.06 | some_other_pressure,54,11,20.37,5400,4210,-1190,77.96,382.73,15.76,78.52,498.07,-0.56,4.61,-115.34,mixed_edge
1-6,lane1_target_exhibition_time_diff_bucket,target_faster_0.05_0.10,1350,55,4.07,135000,105180,-29820,77.91,1912.36,3.7,65.46,1770.57,12.45,0.37,141.79,mixed_edge
1-2,lane1_national_win_rank_bucket,2,2676,540,20.18,267600,208460,-59140,77.9,386.04,18.8,81.32,432.61,-3.42,1.38,-46.57,mixed_edge
1-6,target_motor_rank_bucket,3,2126,88,4.14,212600,165620,-46980,77.9,1882.05,3.7,65.46,1770.57,12.44,0.44,111.48,mixed_edge
1-6,target_outer_pressure_bucket,some_other_pressure,1535,95,6.19,153500,119550,-33950,77.88,1258.42,3.7,65.46,1770.57,12.42,2.49,-512.15,mixed_edge
1-6,target_lane x target_outer_pressure_bucket,6 | some_other_pressure,1535,95,6.19,153500,119550,-33950,77.88,1258.42,3.7,65.46,1770.57,12.42,2.49,-512.15,mixed_edge
1-4,lane1_target_national_rank_pair x target_outer_pressure_bucket,1-2 | high_other_pressure,337,64,18.99,33700,26240,-7460,77.86,410.0,10.14,75.45,744.07,2.41,8.85,-334.07,mixed_edge
1-3,other_national_better_than_target_count_bucket,2,2737,390,14.25,273700,213040,-60660,77.84,546.26,15.76,78.52,498.07,-0.68,-1.51,48.19,mixed_edge
1-4,stadium_code,05,647,68,10.51,64700,50360,-14340,77.84,740.59,10.14,75.45,744.07,2.39,0.37,-3.48,mixed_edge
1-4,stadium_code x target_lane,05 | 4,647,68,10.51,64700,50360,-14340,77.84,740.59,10.14,75.45,744.07,2.39,0.37,-3.48,mixed_edge
1-4,target_local_win_rank_bucket,4+,6700,540,8.06,670000,521370,-148630,77.82,965.5,10.14,75.45,744.07,2.37,-2.08,221.43,mixed_edge
1-2,target_boat_rank_bucket,3,2058,384,18.66,205800,160160,-45640,77.82,417.08,18.8,81.32,432.61,-3.5,-0.14,-15.53,mixed_edge
1-2,lane1_exhibition_rank_bucket,1,3822,788,20.62,382200,297390,-84810,77.81,377.4,18.8,81.32,432.61,-3.51,1.82,-55.21,mixed_edge
1-3,lane1_target_national_rank_pair,3-4+,1248,127,10.18,124800,97110,-27690,77.81,764.65,15.76,78.52,498.07,-0.71,-5.58,266.58,mixed_edge
1-3,target_lane x lane1_target_national_rank_pair,3 | 3-4+,1248,127,10.18,124800,97110,-27690,77.81,764.65,15.76,78.52,498.07,-0.71,-5.58,266.58,mixed_edge
1-3,lane1_target_national_rank_pair x target_outer_pressure_bucket,3-4+ | high_other_pressure,1248,127,10.18,124800,97110,-27690,77.81,764.65,15.76,78.52,498.07,-0.71,-5.58,266.58,mixed_edge
1-6,lane1_target_start_exhibition_st_diff_bucket,lane1_faster_0.03_0.06,1885,81,4.3,188500,146650,-41850,77.8,1810.49,3.7,65.46,1770.57,12.34,0.6,39.92,mixed_edge
1-3,lane1_target_national_win_diff_bucket,near_equal,2462,434,17.63,246200,191480,-54720,77.77,441.2,15.76,78.52,498.07,-0.75,1.87,-56.87,mixed_edge
1-3,lane1_target_boat_place_diff_bucket,target_plus_4_10,2216,356,16.06,221600,172330,-49270,77.77,484.07,15.76,78.52,498.07,-0.75,0.3,-14.0,mixed_edge
1-2,other_group_pattern,A-B-B-A,802,128,15.96,80200,62360,-17840,77.76,487.19,18.8,81.32,432.61,-3.56,-2.84,54.58,mixed_edge
1-4,lane1_target_start_gap_pair x target_outer_pressure_bucket,<=0.03-<=0.03 | low_other_pressure,49,8,16.33,4900,3810,-1090,77.76,476.25,10.14,75.45,744.07,2.31,6.19,-267.82,mixed_edge
1-3,lane1_national_win_rank_bucket,2,2676,485,18.12,267600,208070,-59530,77.75,429.01,15.76,78.52,498.07,-0.77,2.36,-69.06,mixed_edge
1-6,lane1_target_national_rank_pair x target_outer_pressure_bucket,2-3 | high_other_pressure,259,13,5.02,25900,20130,-5770,77.72,1548.46,3.7,65.46,1770.57,12.26,1.32,-222.11,mixed_edge
1-3,target_local_win_rank_bucket,3,2335,392,16.79,233500,181460,-52040,77.71,462.91,15.76,78.52,498.07,-0.81,1.03,-35.16,mixed_edge
1-5,lane1_local_win_rank_bucket,1,3015,237,7.86,301500,234240,-67260,77.69,988.35,6.69,80.94,1209.34,-3.25,1.17,-220.99,mixed_edge
1-3,lane1_target_national_rank_pair,4+-2,964,126,13.07,96400,74890,-21510,77.69,594.37,15.76,78.52,498.07,-0.83,-2.69,96.3,mixed_edge
1-3,target_lane x lane1_target_national_rank_pair,3 | 4+-2,964,126,13.07,96400,74890,-21510,77.69,594.37,15.76,78.52,498.07,-0.83,-2.69,96.3,mixed_edge
1-3,wave_bucket,0-4,11084,1754,15.82,1108400,861020,-247380,77.68,490.89,15.76,78.52,498.07,-0.84,0.06,-7.18,mixed_edge
1-4,lane1_target_group_pair x other_a_count_bucket,B-B | 1,599,37,6.18,59900,46530,-13370,77.68,1257.57,10.14,75.45,744.07,2.23,-3.96,513.5,mixed_edge
1-6,lane1_target_national_rank_pair,1-2,576,48,8.33,57600,44730,-12870,77.66,931.88,3.7,65.46,1770.57,12.2,4.63,-838.69,mixed_edge
1-6,target_lane x lane1_target_national_rank_pair,6 | 1-2,576,48,8.33,57600,44730,-12870,77.66,931.88,3.7,65.46,1770.57,12.2,4.63,-838.69,mixed_edge
1-5,stadium_code,01,552,37,6.7,55200,42870,-12330,77.66,1158.65,6.69,80.94,1209.34,-3.28,0.01,-50.69,mixed_edge
1-5,stadium_code x target_lane,01 | 5,552,37,6.7,55200,42870,-12330,77.66,1158.65,6.69,80.94,1209.34,-3.28,0.01,-50.69,mixed_edge
1-5,target_class_group,B,6940,307,4.42,694000,538890,-155110,77.65,1755.34,6.69,80.94,1209.34,-3.29,-2.27,546.0,mixed_edge
1-5,target_lane x target_class_group,5 | B,6940,307,4.42,694000,538890,-155110,77.65,1755.34,6.69,80.94,1209.34,-3.29,-2.27,546.0,mixed_edge
1-5,race_no_bucket,1-3R,3215,183,5.69,321500,249630,-71870,77.65,1364.1,6.69,80.94,1209.34,-3.29,-1.0,154.76,mixed_edge
1-5,race_no_bucket x target_lane,1-3R | 5,3215,183,5.69,321500,249630,-71870,77.65,1364.1,6.69,80.94,1209.34,-3.29,-1.0,154.76,mixed_edge
1-3,lane1_target_class_pair,B1-A1,804,119,14.8,80400,62420,-17980,77.64,524.54,15.76,78.52,498.07,-0.88,-0.96,26.47,mixed_edge
1-6,target_local_win_rank_bucket,1,1855,141,7.6,185500,143890,-41610,77.57,1020.5,3.7,65.46,1770.57,12.11,3.9,-750.07,mixed_edge
1-3,grade_group,SG,144,25,17.36,14400,11170,-3230,77.57,446.8,15.76,78.52,498.07,-0.95,1.6,-51.27,mixed_edge
1-3,other_national_better_than_target_count_bucket,0,2630,607,23.08,263000,203970,-59030,77.56,336.03,15.76,78.52,498.07,-0.96,7.32,-162.04,mixed_edge
1-4,lane1_motor_rank_bucket,1,2525,284,11.25,252500,195840,-56660,77.56,689.58,10.14,75.45,744.07,2.11,1.11,-54.49,mixed_edge
1-3,lane1_national_win_rank_bucket,4+,4762,525,11.02,476200,369190,-107010,77.53,703.22,15.76,78.52,498.07,-0.99,-4.74,205.15,mixed_edge
1-6,lane1_target_exhibition_time_diff_bucket x lane1_target_start_exhibition_st_diff_bucket,near_equal | target_faster_0.03_0.06,604,28,4.64,60400,46830,-13570,77.53,1672.5,3.7,65.46,1770.57,12.07,0.94,-98.07,mixed_edge
1-3,meeting_phase_bucket,day3-4,4575,687,15.02,457500,354610,-102890,77.51,516.17,15.76,78.52,498.07,-1.01,-0.74,18.1,mixed_edge
1-3,meeting_phase_bucket x target_lane,day3-4 | 3,4575,687,15.02,457500,354610,-102890,77.51,516.17,15.76,78.52,498.07,-1.01,-0.74,18.1,mixed_edge
1-3,lane1_target_national_win_diff_bucket,lane1_plus_0.35_1.00,2264,374,16.52,226400,175470,-50930,77.5,469.17,15.76,78.52,498.07,-1.02,0.76,-28.9,mixed_edge
1-3,lane1_target_national_rank_pair x target_outer_pressure_bucket,4+-2 | high_other_pressure,521,64,12.28,52100,40380,-11720,77.5,630.94,15.76,78.52,498.07,-1.02,-3.48,132.87,mixed_edge
1-4,lane1_target_national_win_diff_bucket,target_plus_0.35_1.00,1666,202,12.12,166600,129080,-37520,77.48,639.01,10.14,75.45,744.07,2.03,1.98,-105.06,mixed_edge
1-4,lane1_target_national_rank_pair x target_outer_pressure_bucket,4+-1 | low_other_pressure,222,28,12.61,22200,17200,-5000,77.48,614.29,10.14,75.45,744.07,2.03,2.47,-129.78,mixed_edge
1-5,target_national_win_rank_bucket x other_national_better_than_target_count_bucket,3 | 1,1058,99,9.36,105800,81960,-23840,77.47,827.88,6.69,80.94,1209.34,-3.47,2.67,-381.46,mixed_edge
1-3,other_b2_count_bucket,0,8920,1369,15.35,892000,690530,-201470,77.41,504.4,15.76,78.52,498.07,-1.11,-0.41,6.33,mixed_edge
1-3,other_a_count_bucket,3,2048,246,12.01,204800,158530,-46270,77.41,644.43,15.76,78.52,498.07,-1.11,-3.75,146.36,mixed_edge
1-3,target_lane x other_a_count_bucket,3 | 3,2048,246,12.01,204800,158530,-46270,77.41,644.43,15.76,78.52,498.07,-1.11,-3.75,146.36,mixed_edge
1-6,lane1_target_group_pair x target_outer_pressure_bucket,A-A | high_other_pressure,2938,141,4.8,293800,227390,-66410,77.4,1612.7,3.7,65.46,1770.57,11.94,1.1,-157.87,mixed_edge
1-5,lane1_motor_rank_bucket,2,2117,147,6.94,211700,163740,-47960,77.35,1113.88,6.69,80.94,1209.34,-3.59,0.25,-95.46,mixed_edge
1-2,lane1_target_local_win_diff_bucket,lane1_plus_0.35_1.00,1644,320,19.46,164400,127170,-37230,77.35,397.41,18.8,81.32,432.61,-3.97,0.66,-35.2,mixed_edge
1-5,target_local_win_rank_bucket,2,1943,156,8.03,194300,150260,-44040,77.33,963.21,6.69,80.94,1209.34,-3.61,1.34,-246.13,mixed_edge
1-6,lane1_exhibition_st_rank_bucket,1,4253,184,4.33,425300,328670,-96630,77.28,1786.25,3.7,65.46,1770.57,11.82,0.63,15.68,mixed_edge
1-6,lane1_start_exhibition_gap_bucket,best,4253,184,4.33,425300,328670,-96630,77.28,1786.25,3.7,65.46,1770.57,11.82,0.63,15.68,mixed_edge
1-3,target_motor_rank_bucket,3,2384,368,15.44,238400,184200,-54200,77.27,500.54,15.76,78.52,498.07,-1.25,-0.32,2.47,mixed_edge
1-2,other_group_pattern,A-A-B-A,591,84,14.21,59100,45660,-13440,77.26,543.57,18.8,81.32,432.61,-4.06,-4.59,110.96,mixed_edge
1-2,stadium_code,09,669,129,19.28,66900,51680,-15220,77.25,400.62,18.8,81.32,432.61,-4.07,0.48,-31.99,mixed_edge
1-2,stadium_code x target_lane,09 | 2,669,129,19.28,66900,51680,-15220,77.25,400.62,18.8,81.32,432.61,-4.07,0.48,-31.99,mixed_edge
1-4,other_a_count_bucket,2,4221,367,8.69,422100,325600,-96500,77.14,887.19,10.14,75.45,744.07,1.69,-1.45,143.12,mixed_edge
1-4,target_lane x other_a_count_bucket,4 | 2,4221,367,8.69,422100,325600,-96500,77.14,887.19,10.14,75.45,744.07,1.69,-1.45,143.12,mixed_edge
1-2,lane1_target_start_exhibition_st_diff_bucket,lane1_faster_0.06+,2227,372,16.7,222700,171790,-50910,77.14,461.8,18.8,81.32,432.61,-4.18,-2.1,29.19,mixed_edge
1-6,target_national_win_rank_bucket x other_national_better_than_target_count_bucket,2 | 1,1202,50,4.16,120200,92720,-27480,77.14,1854.4,3.7,65.46,1770.57,11.68,0.46,83.83,mixed_edge
1-4,lane1_target_local_win_diff_bucket,lane1_plus_1.00+,4907,459,9.35,490700,378310,-112390,77.1,824.2,10.14,75.45,744.07,1.65,-0.79,80.13,mixed_edge
1-4,lane1_exhibition_st_rank_bucket,3,1797,171,9.52,179700,138460,-41240,77.05,809.71,10.14,75.45,744.07,1.6,-0.62,65.64,mixed_edge
1-2,target_class,B1,5967,893,14.97,596700,459710,-136990,77.04,514.79,18.8,81.32,432.61,-4.28,-3.83,82.18,mixed_edge
1-3,lane1_target_local_win_diff_bucket,lane1_plus_0.35_1.00,1721,301,17.49,172100,132580,-39520,77.04,440.47,15.76,78.52,498.07,-1.48,1.73,-57.6,mixed_edge
1-4,other_group_pattern,A-A-B-B,637,50,7.85,63700,49070,-14630,77.03,981.4,10.14,75.45,744.07,1.58,-2.29,237.33,mixed_edge
1-3,other_group_pattern,A-B-A-B,827,96,11.61,82700,63680,-19020,77.0,663.33,15.76,78.52,498.07,-1.52,-4.15,165.26,mixed_edge
1-3,lane1_target_class_pair,A2-A1,704,188,26.7,70400,54210,-16190,77.0,288.35,15.76,78.52,498.07,-1.52,10.94,-209.72,mixed_edge
1-5,lane1_target_group_pair x target_outer_pressure_bucket,B-A | low_other_pressure,232,24,10.34,23200,17860,-5340,76.98,744.17,6.69,80.94,1209.34,-3.96,3.65,-465.17,mixed_edge
1-6,lane1_target_start_gap_pair,>0.06-best,814,42,5.16,81400,62650,-18750,76.97,1491.67,3.7,65.46,1770.57,11.51,1.46,-278.9,mixed_edge
1-6,target_lane x lane1_target_start_gap_pair,6 | >0.06-best,814,42,5.16,81400,62650,-18750,76.97,1491.67,3.7,65.46,1770.57,11.51,1.46,-278.9,mixed_edge
1-6,lane1_start_exhibition_gap_bucket x target_start_exhibition_gap_bucket,>0.06 | best,814,42,5.16,81400,62650,-18750,76.97,1491.67,3.7,65.46,1770.57,11.51,1.46,-278.9,mixed_edge
1-6,lane1_target_exhibition_st_rank_pair,4+-2,750,29,3.87,75000,57730,-17270,76.97,1990.69,3.7,65.46,1770.57,11.51,0.17,220.12,mixed_edge
1-6,lane1_exhibition_st_rank_bucket x target_exhibition_st_rank_bucket,4+ | 2,750,29,3.87,75000,57730,-17270,76.97,1990.69,3.7,65.46,1770.57,11.51,0.17,220.12,mixed_edge
1-2,lane1_target_start_gap_pair,0.04-0.06-0.04-0.06,629,117,18.6,62900,48400,-14500,76.95,413.68,18.8,81.32,432.61,-4.37,-0.2,-18.93,mixed_edge
1-2,target_lane x lane1_target_start_gap_pair,2 | 0.04-0.06-0.04-0.06,629,117,18.6,62900,48400,-14500,76.95,413.68,18.8,81.32,432.61,-4.37,-0.2,-18.93,mixed_edge
1-2,lane1_start_exhibition_gap_bucket x target_start_exhibition_gap_bucket,0.04-0.06 | 0.04-0.06,629,117,18.6,62900,48400,-14500,76.95,413.68,18.8,81.32,432.61,-4.37,-0.2,-18.93,mixed_edge
1-2,target_national_win_rank_bucket,4+,6217,921,14.81,621700,478140,-143560,76.91,519.15,18.8,81.32,432.61,-4.41,-3.99,86.54,mixed_edge
1-3,lane1_class,A1,4348,849,19.53,434800,334390,-100410,76.91,393.86,15.76,78.52,498.07,-1.61,3.77,-104.21,mixed_edge
1-4,other_group_pattern,B-B-A-B,664,82,12.35,66400,51070,-15330,76.91,622.8,10.14,75.45,744.07,1.46,2.21,-121.27,mixed_edge
1-3,lane1_target_group_pair x other_a_count_bucket,A-A | 0,265,79,29.81,26500,20380,-6120,76.91,257.97,15.76,78.52,498.07,-1.61,14.05,-240.1,mixed_edge
1-2,other_b2_count_bucket,2,418,81,19.38,41800,32120,-9680,76.84,396.54,18.8,81.32,432.61,-4.48,0.58,-36.07,mixed_edge
1-2,lane1_target_start_gap_pair x target_outer_pressure_bucket,0.04-0.06-0.04-0.06 | some_other_pressure,101,26,25.74,10100,7760,-2340,76.83,298.46,18.8,81.32,432.61,-4.49,6.94,-134.15,mixed_edge
1-3,lane1_target_national_rank_pair,1-3,700,172,24.57,70000,53770,-16230,76.81,312.62,15.76,78.52,498.07,-1.71,8.81,-185.45,mixed_edge
1-3,target_lane x lane1_target_national_rank_pair,3 | 1-3,700,172,24.57,70000,53770,-16230,76.81,312.62,15.76,78.52,498.07,-1.71,8.81,-185.45,mixed_edge
1-3,other_group_pattern,B-B-B-A,751,149,19.84,75100,57670,-17430,76.79,387.05,15.76,78.52,498.07,-1.73,4.08,-111.02,mixed_edge
1-3,lane1_motor_rank_bucket,2,2117,356,16.82,211700,162550,-49150,76.78,456.6,15.76,78.52,498.07,-1.74,1.06,-41.47,mixed_edge
1-4,other_a_count_bucket,1,3039,361,11.88,303900,233310,-70590,76.77,646.29,10.14,75.45,744.07,1.32,1.74,-97.78,mixed_edge
1-4,target_lane x other_a_count_bucket,4 | 1,3039,361,11.88,303900,233310,-70590,76.77,646.29,10.14,75.45,744.07,1.32,1.74,-97.78,mixed_edge
1-4,lane1_exhibition_rank_bucket,4+,3791,340,8.97,379100,290880,-88220,76.73,855.53,10.14,75.45,744.07,1.28,-1.17,111.46,mixed_edge
1-2,target_class_group,B,6405,932,14.55,640500,491410,-149090,76.72,527.26,18.8,81.32,432.61,-4.6,-4.25,94.65,mixed_edge
1-2,target_lane x target_class_group,2 | B,6405,932,14.55,640500,491410,-149090,76.72,527.26,18.8,81.32,432.61,-4.6,-4.25,94.65,mixed_edge
1-3,lane1_motor_rank_bucket,4+,6154,925,15.03,615400,472050,-143350,76.71,510.32,15.76,78.52,498.07,-1.81,-0.73,12.25,mixed_edge
1-5,meeting_phase_bucket,day1-2,4616,276,5.98,461600,354030,-107570,76.7,1282.72,6.69,80.94,1209.34,-4.24,-0.71,73.38,mixed_edge
1-5,meeting_phase_bucket x target_lane,day1-2 | 5,4616,276,5.98,461600,354030,-107570,76.7,1282.72,6.69,80.94,1209.34,-4.24,-0.71,73.38,mixed_edge
1-4,race_no_bucket,10-12R,3194,390,12.21,319400,244920,-74480,76.68,628.0,10.14,75.45,744.07,1.23,2.07,-116.07,mixed_edge
1-4,race_no_bucket x target_lane,10-12R | 4,3194,390,12.21,319400,244920,-74480,76.68,628.0,10.14,75.45,744.07,1.23,2.07,-116.07,mixed_edge
1-3,lane1_target_group_pair x other_a_count_bucket,A-B | 0,740,156,21.08,74000,56740,-17260,76.68,363.72,15.76,78.52,498.07,-1.84,5.32,-134.35,mixed_edge
1-5,lane1_target_group_pair x other_a_count_bucket,A-B | 0,740,66,8.92,74000,56740,-17260,76.68,859.7,6.69,80.94,1209.34,-4.26,2.23,-349.64,mixed_edge
1-4,lane1_target_group_pair x target_outer_pressure_bucket,A-B | low_other_pressure,60,12,20.0,6000,4600,-1400,76.67,383.33,10.14,75.45,744.07,1.22,9.86,-360.74,mixed_edge
1-2,lane1_target_exhibition_time_diff_bucket,lane1_faster_0.05_0.10,2517,487,19.35,251700,192950,-58750,76.66,396.2,18.8,81.32,432.61,-4.66,0.55,-36.41,mixed_edge
1-3,other_exhibition_faster_than_target_count_bucket,3,2410,328,13.61,241000,184740,-56260,76.66,563.23,15.76,78.52,498.07,-1.86,-2.15,65.16,mixed_edge
1-3,target_exhibition_rank_bucket x other_exhibition_faster_than_target_count_bucket,4+ | 3,2410,328,13.61,241000,184740,-56260,76.66,563.23,15.76,78.52,498.07,-1.86,-2.15,65.16,mixed_edge
1-3,other_national_better_than_target_count_bucket,1,2741,513,18.72,274100,210040,-64060,76.63,409.43,15.76,78.52,498.07,-1.89,2.96,-88.64,mixed_edge
1-5,lane1_target_motor_place_diff_bucket,target_plus_4_10,2140,144,6.73,214000,163960,-50040,76.62,1138.61,6.69,80.94,1209.34,-4.32,0.04,-70.73,mixed_edge
1-4,lane1_target_start_exhibition_st_diff_bucket,lane1_faster_0.06+,3325,343,10.32,332500,254740,-77760,76.61,742.68,10.14,75.45,744.07,1.16,0.18,-1.39,mixed_edge
1-4,other_group_pattern,B-A-A-B,742,59,7.95,74200,56820,-17380,76.58,963.05,10.14,75.45,744.07,1.13,-2.19,218.98,mixed_edge
1-4,lane1_local_win_rank_bucket,1,3015,390,12.94,301500,230730,-70770,76.53,591.62,10.14,75.45,744.07,1.08,2.8,-152.45,mixed_edge
1-4,target_outer_pressure_bucket,high_other_pressure,10398,935,8.99,1039800,795420,-244380,76.5,850.72,10.14,75.45,744.07,1.05,-1.15,106.65,mixed_edge
1-4,target_lane x target_outer_pressure_bucket,4 | high_other_pressure,10398,935,8.99,1039800,795420,-244380,76.5,850.72,10.14,75.45,744.07,1.05,-1.15,106.65,mixed_edge
1-5,lane1_target_national_rank_pair,2-3,508,42,8.27,50800,38850,-11950,76.48,925.0,6.69,80.94,1209.34,-4.46,1.58,-284.34,mixed_edge
1-5,target_lane x lane1_target_national_rank_pair,5 | 2-3,508,42,8.27,50800,38850,-11950,76.48,925.0,6.69,80.94,1209.34,-4.46,1.58,-284.34,mixed_edge
1-4,lane1_target_national_win_diff_bucket,lane1_plus_1.00+,4186,358,8.55,418600,320110,-98490,76.47,894.16,10.14,75.45,744.07,1.02,-1.59,150.09,mixed_edge
1-2,lane1_target_local_win_diff_bucket,lane1_plus_1.00+,4659,861,18.48,465900,356230,-109670,76.46,413.74,18.8,81.32,432.61,-4.86,-0.32,-18.87,mixed_edge
1-5,other_b2_count_bucket,2,308,26,8.44,30800,23540,-7260,76.43,905.38,6.69,80.94,1209.34,-4.51,1.75,-303.96,mixed_edge
1-4,lane1_target_class_pair,A1-A1,1631,241,14.78,163100,124620,-38480,76.41,517.1,10.14,75.45,744.07,0.96,4.64,-226.97,mixed_edge
1-3,lane1_target_national_rank_pair x target_outer_pressure_bucket,3-1 | high_other_pressure,237,57,24.05,23700,18110,-5590,76.41,317.72,15.76,78.52,498.07,-2.11,8.29,-180.35,mixed_edge
1-4,target_local_win_rank_bucket,1,1936,286,14.77,193600,147920,-45680,76.4,517.2,10.14,75.45,744.07,0.95,4.63,-226.87,mixed_edge
1-5,other_a_count_bucket,2,4166,212,5.09,416600,318200,-98400,76.38,1500.94,6.69,80.94,1209.34,-4.56,-1.6,291.6,mixed_edge
1-5,target_lane x other_a_count_bucket,5 | 2,4166,212,5.09,416600,318200,-98400,76.38,1500.94,6.69,80.94,1209.34,-4.56,-1.6,291.6,mixed_edge
1-4,other_group_pattern,A-A-B-A,625,41,6.56,62500,47740,-14760,76.38,1164.39,10.14,75.45,744.07,0.93,-3.58,420.32,mixed_edge
1-6,stadium_code,12,682,30,4.4,68200,52080,-16120,76.36,1736.0,3.7,65.46,1770.57,10.9,0.7,-34.57,mixed_edge
1-6,stadium_code x target_lane,12 | 6,682,30,4.4,68200,52080,-16120,76.36,1736.0,3.7,65.46,1770.57,10.9,0.7,-34.57,mixed_edge
1-6,lane1_target_national_rank_pair x target_outer_pressure_bucket,2-1 | low_other_pressure,154,23,14.94,15400,11760,-3640,76.36,511.3,3.7,65.46,1770.57,10.9,11.24,-1259.27,mixed_edge
1-6,lane1_target_group_pair x other_a_count_bucket,A-A | 1,917,90,9.81,91700,70010,-21690,76.35,777.89,3.7,65.46,1770.57,10.89,6.11,-992.68,mixed_edge
1-4,target_outer_pressure_bucket,low_other_pressure,697,132,18.94,69700,53200,-16500,76.33,403.03,10.14,75.45,744.07,0.88,8.8,-341.04,mixed_edge
1-4,target_lane x target_outer_pressure_bucket,4 | low_other_pressure,697,132,18.94,69700,53200,-16500,76.33,403.03,10.14,75.45,744.07,0.88,8.8,-341.04,mixed_edge
1-3,target_local_win_rank_bucket,1,2071,418,20.18,207100,158030,-49070,76.31,378.06,15.76,78.52,498.07,-2.21,4.42,-120.01,mixed_edge
1-2,meeting_phase_bucket,day1-2,4616,767,16.62,461600,352190,-109410,76.3,459.18,18.8,81.32,432.61,-5.02,-2.18,26.57,mixed_edge
1-2,meeting_phase_bucket x target_lane,day1-2 | 2,4616,767,16.62,461600,352190,-109410,76.3,459.18,18.8,81.32,432.61,-5.02,-2.18,26.57,mixed_edge
1-4,stadium_code,24,634,57,8.99,63400,48370,-15030,76.29,848.6,10.14,75.45,744.07,0.84,-1.15,104.53,mixed_edge
1-4,stadium_code x target_lane,24 | 4,634,57,8.99,63400,48370,-15030,76.29,848.6,10.14,75.45,744.07,0.84,-1.15,104.53,mixed_edge
1-5,other_b2_count_bucket,1,2954,217,7.35,295400,225330,-70070,76.28,1038.39,6.69,80.94,1209.34,-4.66,0.66,-170.95,mixed_edge
1-5,wind_bucket,3-4,3493,224,6.41,349300,266370,-82930,76.26,1189.15,6.69,80.94,1209.34,-4.68,-0.28,-20.19,mixed_edge
1-6,lane1_target_start_gap_pair x target_outer_pressure_bucket,<=0.03-0.04-0.06 | some_other_pressure,80,4,5.0,8000,6100,-1900,76.25,1525.0,3.7,65.46,1770.57,10.79,1.3,-245.57,mixed_edge
1-2,target_exhibition_st_rank_bucket x other_st_faster_than_target_count_bucket,4+ | 2,1384,258,18.64,138400,105490,-32910,76.22,408.88,18.8,81.32,432.61,-5.1,-0.16,-23.73,mixed_edge
1-6,lane1_target_exhibition_time_diff_bucket x lane1_target_start_exhibition_st_diff_bucket,lane1_faster_0.05_0.10 | target_faster_0.06+,372,15,4.03,37200,28350,-8850,76.21,1890.0,3.7,65.46,1770.57,10.75,0.33,119.43,mixed_edge
1-3,lane1_target_national_rank_pair x target_outer_pressure_bucket,4+-1 | low_other_pressure,279,47,16.85,27900,21260,-6640,76.2,452.34,15.76,78.52,498.07,-2.32,1.09,-45.73,mixed_edge
1-2,target_boat_rank_bucket,2,2474,451,18.23,247400,188440,-58960,76.17,417.83,18.8,81.32,432.61,-5.15,-0.57,-14.78,mixed_edge
1-4,lane1_target_group_pair x target_outer_pressure_bucket,A-A | high_other_pressure,2910,396,13.61,291000,221550,-69450,76.13,559.47,10.14,75.45,744.07,0.68,3.47,-184.6,mixed_edge
1-2,lane1_target_boat_place_diff_bucket,near_equal,4848,863,17.8,484800,369010,-115790,76.12,427.59,18.8,81.32,432.61,-5.2,-1.0,-5.02,mixed_edge
1-4,other_group_pattern,A-A-A-B,648,42,6.48,64800,49310,-15490,76.1,1174.05,10.14,75.45,744.07,0.65,-3.66,429.98,mixed_edge
1-3,lane1_target_boat_place_diff_bucket,lane1_plus_4_10,2200,344,15.64,220000,167400,-52600,76.09,486.63,15.76,78.52,498.07,-2.43,-0.12,-11.44,mixed_edge
1-5,lane1_target_exhibition_st_rank_pair,1-4+,3212,215,6.69,321200,244360,-76840,76.08,1136.56,6.69,80.94,1209.34,-4.86,0.0,-72.78,mixed_edge
1-5,lane1_exhibition_st_rank_bucket x target_exhibition_st_rank_bucket,1 | 4+,3212,215,6.69,321200,244360,-76840,76.08,1136.56,6.69,80.94,1209.34,-4.86,0.0,-72.78,mixed_edge
1-3,other_group_pattern,B-B-A-B,837,150,17.92,83700,63680,-20020,76.08,424.53,15.76,78.52,498.07,-2.44,2.16,-73.54,mixed_edge
1-2,lane1_target_motor_place_diff_bucket,near_equal,4169,757,18.16,416900,317120,-99780,76.07,418.92,18.8,81.32,432.61,-5.25,-0.64,-13.69,mixed_edge
1-3,lane1_local_win_rank_bucket,2,2539,447,17.61,253900,193140,-60760,76.07,432.08,15.76,78.52,498.07,-2.45,1.85,-65.99,mixed_edge
1-4,meeting_phase_bucket,day3-4,4575,450,9.84,457500,347980,-109520,76.06,773.29,10.14,75.45,744.07,0.61,-0.3,29.22,mixed_edge
1-4,meeting_phase_bucket x target_lane,day3-4 | 4,4575,450,9.84,457500,347980,-109520,76.06,773.29,10.14,75.45,744.07,0.61,-0.3,29.22,mixed_edge
1-5,lane1_boat_rank_bucket,1,2487,190,7.64,248700,189130,-59570,76.05,995.42,6.69,80.94,1209.34,-4.89,0.95,-213.92,mixed_edge
1-3,stadium_code,08,695,109,15.68,69500,52850,-16650,76.04,484.86,15.76,78.52,498.07,-2.48,-0.08,-13.21,mixed_edge
1-3,stadium_code x target_lane,08 | 3,695,109,15.68,69500,52850,-16650,76.04,484.86,15.76,78.52,498.07,-2.48,-0.08,-13.21,mixed_edge
1-5,lane1_target_national_rank_pair,4+-1,928,71,7.65,92800,70540,-22260,76.01,993.52,6.69,80.94,1209.34,-4.93,0.96,-215.82,mixed_edge
1-5,target_lane x lane1_target_national_rank_pair,5 | 4+-1,928,71,7.65,92800,70540,-22260,76.01,993.52,6.69,80.94,1209.34,-4.93,0.96,-215.82,mixed_edge
1-4,target_class,A2,3052,364,11.93,305200,231960,-73240,76.0,637.25,10.14,75.45,744.07,0.55,1.79,-106.82,mixed_edge
1-4,target_national_win_rank_bucket,1,1882,304,16.15,188200,143040,-45160,76.0,470.53,10.14,75.45,744.07,0.55,6.01,-273.54,mixed_edge
1-4,target_national_win_rank_bucket x other_national_better_than_target_count_bucket,1 | 0,1882,304,16.15,188200,143040,-45160,76.0,470.53,10.14,75.45,744.07,0.55,6.01,-273.54,mixed_edge
1-6,target_exhibition_rank_bucket x other_exhibition_faster_than_target_count_bucket,2 | 0,836,43,5.14,83600,63530,-20070,75.99,1477.44,3.7,65.46,1770.57,10.53,1.44,-293.13,mixed_edge
1-4,target_class_group,A,6136,819,13.35,613600,466230,-147370,75.98,569.27,10.14,75.45,744.07,0.53,3.21,-174.8,mixed_edge
1-4,target_lane x target_class_group,4 | A,6136,819,13.35,613600,466230,-147370,75.98,569.27,10.14,75.45,744.07,0.53,3.21,-174.8,mixed_edge
1-4,target_class,B1,5822,447,7.68,582200,442380,-139820,75.98,989.66,10.14,75.45,744.07,0.53,-2.46,245.59,mixed_edge
1-2,lane1_target_national_win_diff_bucket,lane1_plus_1.00+,3916,679,17.34,391600,297520,-94080,75.98,438.17,18.8,81.32,432.61,-5.34,-1.46,5.56,mixed_edge
1-4,target_class,A1,3084,455,14.75,308400,234270,-74130,75.96,514.88,10.14,75.45,744.07,0.51,4.61,-229.19,mixed_edge
1-5,lane1_target_exhibition_time_diff_bucket,lane1_faster_0.10+,1811,110,6.07,181100,137530,-43570,75.94,1250.27,6.69,80.94,1209.34,-5.0,-0.62,40.93,mixed_edge
1-5,lane1_target_group_pair x target_outer_pressure_bucket,B-A | some_other_pressure,469,36,7.68,46900,35610,-11290,75.93,989.17,6.69,80.94,1209.34,-5.01,0.99,-220.17,mixed_edge
1-5,other_exhibition_faster_than_target_count_bucket,1,2608,182,6.98,260800,198000,-62800,75.92,1087.91,6.69,80.94,1209.34,-5.02,0.29,-121.43,mixed_edge
1-4,stadium_code,07,696,73,10.49,69600,52840,-16760,75.92,723.84,10.14,75.45,744.07,0.47,0.35,-20.23,mixed_edge
1-4,stadium_code x target_lane,07 | 4,696,73,10.49,69600,52840,-16760,75.92,723.84,10.14,75.45,744.07,0.47,0.35,-20.23,mixed_edge
1-4,lane1_target_national_rank_pair,2-1,585,130,22.22,58500,44410,-14090,75.91,341.62,10.14,75.45,744.07,0.46,12.08,-402.45,mixed_edge
1-4,target_lane x lane1_target_national_rank_pair,4 | 2-1,585,130,22.22,58500,44410,-14090,75.91,341.62,10.14,75.45,744.07,0.46,12.08,-402.45,mixed_edge
1-2,lane1_target_start_exhibition_st_diff_bucket,target_faster_0.03_0.06,1433,264,18.42,143300,108770,-34530,75.9,412.01,18.8,81.32,432.61,-5.42,-0.38,-20.6,mixed_edge
1-3,stadium_code,18,636,116,18.24,63600,48270,-15330,75.9,416.12,15.76,78.52,498.07,-2.62,2.48,-81.95,mixed_edge
1-3,stadium_code x target_lane,18 | 3,636,116,18.24,63600,48270,-15330,75.9,416.12,15.76,78.52,498.07,-2.62,2.48,-81.95,mixed_edge
1-4,lane1_local_win_rank_bucket,4+,5039,396,7.86,503900,382380,-121520,75.88,965.61,10.14,75.45,744.07,0.43,-2.28,221.54,mixed_edge
1-4,lane1_target_group_pair x other_a_count_bucket,B-A | 3,250,13,5.2,25000,18970,-6030,75.88,1459.23,10.14,75.45,744.07,0.43,-4.94,715.16,mixed_edge
1-3,other_a_count_bucket,1,3069,542,17.66,306900,232840,-74060,75.87,429.59,15.76,78.52,498.07,-2.65,1.9,-68.48,mixed_edge
1-3,target_lane x other_a_count_bucket,3 | 1,3069,542,17.66,306900,232840,-74060,75.87,429.59,15.76,78.52,498.07,-2.65,1.9,-68.48,mixed_edge
1-4,lane1_target_class_pair,B1-A1,711,81,11.39,71100,53930,-17170,75.85,665.8,10.14,75.45,744.07,0.4,1.25,-78.27,mixed_edge
1-4,lane1_target_group_pair x other_a_count_bucket,A-A | 0,346,84,24.28,34600,26240,-8360,75.84,312.38,10.14,75.45,744.07,0.39,14.14,-431.69,mixed_edge
1-5,lane1_class,B1,4601,220,4.78,460100,348910,-111190,75.83,1585.95,6.69,80.94,1209.34,-5.11,-1.91,376.61,mixed_edge
1-2,target_exhibition_rank_bucket x other_exhibition_faster_than_target_count_bucket,3 | 1,1638,334,20.39,163800,124200,-39600,75.82,371.86,18.8,81.32,432.61,-5.5,1.59,-60.75,mixed_edge
1-2,target_class_group x target_outer_pressure_bucket,B | high_other_pressure,5692,744,13.07,569200,431420,-137780,75.79,579.87,18.8,81.32,432.61,-5.53,-5.73,147.26,mixed_edge
1-3,lane1_target_local_win_diff_bucket,target_plus_0.35_1.00,1383,224,16.2,138300,104780,-33520,75.76,467.77,15.76,78.52,498.07,-2.76,0.44,-30.3,mixed_edge
1-3,lane1_target_national_rank_pair,4+-4+,1809,135,7.46,180900,137030,-43870,75.75,1015.04,15.76,78.52,498.07,-2.77,-8.3,516.97,mixed_edge
1-3,target_lane x lane1_target_national_rank_pair,3 | 4+-4+,1809,135,7.46,180900,137030,-43870,75.75,1015.04,15.76,78.52,498.07,-2.77,-8.3,516.97,mixed_edge
1-3,lane1_target_national_rank_pair x target_outer_pressure_bucket,4+-4+ | high_other_pressure,1809,135,7.46,180900,137030,-43870,75.75,1015.04,15.76,78.52,498.07,-2.77,-8.3,516.97,mixed_edge
1-2,lane1_local_win_rank_bucket,3,2227,392,17.6,222700,168680,-54020,75.74,430.31,18.8,81.32,432.61,-5.58,-1.2,-2.3,mixed_edge
1-4,lane1_motor_rank_bucket,2,2117,220,10.39,211700,160310,-51390,75.73,728.68,10.14,75.45,744.07,0.28,0.25,-15.39,mixed_edge
1-3,lane1_class_group,A,7901,1457,18.44,790100,598070,-192030,75.7,410.48,15.76,78.52,498.07,-2.82,2.68,-87.59,mixed_edge
1-4,wave_bucket,0-4,11084,1153,10.4,1108400,838870,-269530,75.68,727.55,10.14,75.45,744.07,0.23,0.26,-16.52,mixed_edge
1-5,lane1_target_class_pair,B1-B1,2158,75,3.48,215800,163300,-52500,75.67,2177.33,6.69,80.94,1209.34,-5.27,-3.21,967.99,mixed_edge
1-4,lane1_target_boat_place_diff_bucket,target_plus_4_10,2195,217,9.89,219500,165970,-53530,75.61,764.84,10.14,75.45,744.07,0.16,-0.25,20.77,mixed_edge
1-4,grade_group,一般,12352,1256,10.17,1235200,933780,-301420,75.6,743.46,10.14,75.45,744.07,0.15,0.03,-0.61,mixed_edge
1-4,lane1_target_class_pair,A2-A1,703,130,18.49,70300,53150,-17150,75.6,408.85,10.14,75.45,744.07,0.15,8.35,-335.22,mixed_edge
1-4,other_national_better_than_target_count_bucket,2,2575,251,9.75,257500,194530,-62970,75.55,775.02,10.14,75.45,744.07,0.1,-0.39,30.95,mixed_edge
1-3,lane1_exhibition_st_rank_bucket,3,1797,258,14.36,179700,135770,-43930,75.55,526.24,15.76,78.52,498.07,-2.97,-1.4,28.17,mixed_edge
1-3,lane1_target_national_win_diff_bucket,target_plus_0.35_1.00,1757,285,16.22,175700,132750,-42950,75.55,465.79,15.76,78.52,498.07,-2.97,0.46,-32.28,mixed_edge
1-2,lane1_target_group_pair x other_a_count_bucket,A-A | 0,192,63,32.81,19200,14500,-4700,75.52,230.16,18.8,81.32,432.61,-5.8,14.01,-202.45,mixed_edge
1-3,lane1_target_exhibition_time_diff_bucket,lane1_faster_0.10+,1610,240,14.91,161000,121550,-39450,75.5,506.46,15.76,78.52,498.07,-3.02,-0.85,8.39,mixed_edge
1-5,target_class_group x target_outer_pressure_bucket,B | some_other_pressure,402,36,8.96,40200,30350,-9850,75.5,843.06,6.69,80.94,1209.34,-5.44,2.27,-366.28,mixed_edge
1-6,lane1_target_start_gap_pair,<=0.03-0.04-0.06,648,26,4.01,64800,48910,-15890,75.48,1881.15,3.7,65.46,1770.57,10.02,0.31,110.58,mixed_edge
1-6,target_lane x lane1_target_start_gap_pair,6 | <=0.03-0.04-0.06,648,26,4.01,64800,48910,-15890,75.48,1881.15,3.7,65.46,1770.57,10.02,0.31,110.58,mixed_edge
1-6,lane1_start_exhibition_gap_bucket x target_start_exhibition_gap_bucket,<=0.03 | 0.04-0.06,648,26,4.01,64800,48910,-15890,75.48,1881.15,3.7,65.46,1770.57,10.02,0.31,110.58,mixed_edge
1-6,lane1_target_national_rank_pair x target_outer_pressure_bucket,1-3 | some_other_pressure,223,15,6.73,22300,16830,-5470,75.47,1122.0,3.7,65.46,1770.57,10.01,3.03,-648.57,mixed_edge
1-3,target_local_win_rank_bucket,2,2167,382,17.63,216700,163530,-53170,75.46,428.09,15.76,78.52,498.07,-3.06,1.87,-69.98,mixed_edge
1-4,target_lane,4,12820,1300,10.14,1282000,967290,-314710,75.45,744.07,10.14,75.45,744.07,0.0,0.0,0.0,mixed_edge
1-4,target_lane_zone,center_4,12820,1300,10.14,1282000,967290,-314710,75.45,744.07,10.14,75.45,744.07,0.0,0.0,0.0,mixed_edge
1-6,target_national_win_rank_bucket x other_national_better_than_target_count_bucket,4+ | 2,1358,43,3.17,135800,102450,-33350,75.44,2382.56,3.7,65.46,1770.57,9.98,-0.53,611.99,mixed_edge
1-3,lane1_target_motor_place_diff_bucket,near_equal,4182,609,14.56,418200,315360,-102840,75.41,517.83,15.76,78.52,498.07,-3.11,-1.2,19.76,mixed_edge
1-6,lane1_target_start_gap_pair x target_outer_pressure_bucket,0.04-0.06-<=0.03 | high_other_pressure,386,12,3.11,38600,29110,-9490,75.41,2425.83,3.7,65.46,1770.57,9.95,-0.59,655.26,mixed_edge
1-3,target_motor_rank_bucket,4+,6207,903,14.55,620700,468010,-152690,75.4,518.28,15.76,78.52,498.07,-3.12,-1.21,20.21,mixed_edge
1-2,lane1_target_class_pair,A2-B1,2179,342,15.7,217900,164260,-53640,75.38,480.29,18.8,81.32,432.61,-5.94,-3.1,47.68,mixed_edge
1-2,lane1_target_start_gap_pair,<=0.03-0.04-0.06,630,126,20.0,63000,47490,-15510,75.38,376.9,18.8,81.32,432.61,-5.94,1.2,-55.71,mixed_edge
1-2,target_lane x lane1_target_start_gap_pair,2 | <=0.03-0.04-0.06,630,126,20.0,63000,47490,-15510,75.38,376.9,18.8,81.32,432.61,-5.94,1.2,-55.71,mixed_edge
1-2,lane1_start_exhibition_gap_bucket x target_start_exhibition_gap_bucket,<=0.03 | 0.04-0.06,630,126,20.0,63000,47490,-15510,75.38,376.9,18.8,81.32,432.61,-5.94,1.2,-55.71,mixed_edge
1-4,lane1_target_exhibition_st_rank_pair,2-3,381,45,11.81,38100,28720,-9380,75.38,638.22,10.14,75.45,744.07,-0.07,1.67,-105.85,mixed_edge
1-4,lane1_exhibition_st_rank_bucket x target_exhibition_st_rank_bucket,2 | 3,381,45,11.81,38100,28720,-9380,75.38,638.22,10.14,75.45,744.07,-0.07,1.67,-105.85,mixed_edge
1-6,lane1_target_group_pair x other_a_count_bucket,B-A | 3,234,7,2.99,23400,17640,-5760,75.38,2520.0,3.7,65.46,1770.57,9.92,-0.71,749.43,mixed_edge
1-4,target_class_group x target_outer_pressure_bucket,B | high_other_pressure,6157,415,6.74,615700,464040,-151660,75.37,1118.17,10.14,75.45,744.07,-0.08,-3.4,374.1,mixed_edge
1-5,lane1_motor_rank_bucket,4+,6154,385,6.26,615400,463520,-151880,75.32,1203.95,6.69,80.94,1209.34,-5.62,-0.43,-5.39,mixed_edge
1-3,lane1_target_motor_place_diff_bucket,target_plus_4_10,2129,348,16.35,212900,160350,-52550,75.32,460.78,15.76,78.52,498.07,-3.2,0.59,-37.29,mixed_edge
1-3,lane1_target_group_pair x other_a_count_bucket,A-B | 3,641,80,12.48,64100,48280,-15820,75.32,603.5,15.76,78.52,498.07,-3.2,-3.28,105.43,mixed_edge
1-2,lane1_target_national_rank_pair,2-4+,1577,256,16.23,157700,118700,-39000,75.27,463.67,18.8,81.32,432.61,-6.05,-2.57,31.06,mixed_edge
1-2,target_lane x lane1_target_national_rank_pair,2 | 2-4+,1577,256,16.23,157700,118700,-39000,75.27,463.67,18.8,81.32,432.61,-6.05,-2.57,31.06,mixed_edge
1-2,lane1_target_national_rank_pair x target_outer_pressure_bucket,2-4+ | high_other_pressure,1577,256,16.23,157700,118700,-39000,75.27,463.67,18.8,81.32,432.61,-6.05,-2.57,31.06,mixed_edge
1-3,lane1_exhibition_rank_bucket,4+,3791,523,13.8,379100,285310,-93790,75.26,545.53,15.76,78.52,498.07,-3.26,-1.96,47.46,mixed_edge
1-4,wind_bucket,0-2,7577,796,10.51,757700,570190,-187510,75.25,716.32,10.14,75.45,744.07,-0.2,0.37,-27.75,mixed_edge
1-3,lane1_target_start_gap_pair x target_outer_pressure_bucket,<=0.03-<=0.03 | low_other_pressure,46,12,26.09,4600,3460,-1140,75.22,288.33,15.76,78.52,498.07,-3.3,10.33,-209.74,mixed_edge
1-4,lane1_boat_rank_bucket,1,2487,261,10.49,248700,186990,-61710,75.19,716.44,10.14,75.45,744.07,-0.26,0.35,-27.63,mixed_edge
1-4,lane1_target_start_gap_pair x target_outer_pressure_bucket,best-0.04-0.06 | low_other_pressure,58,13,22.41,5800,4360,-1440,75.17,335.38,10.14,75.45,744.07,-0.28,12.27,-408.69,mixed_edge
1-3,target_exhibition_rank_bucket x other_exhibition_faster_than_target_count_bucket,2 | 1,1151,179,15.55,115100,86500,-28600,75.15,483.24,15.76,78.52,498.07,-3.37,-0.21,-14.83,mixed_edge
1-4,wind_bucket,7+,388,33,8.51,38800,29140,-9660,75.1,883.03,10.14,75.45,744.07,-0.35,-1.63,138.96,mixed_edge
1-3,lane1_target_national_rank_pair,3-1,479,112,23.38,47900,35970,-11930,75.09,321.16,15.76,78.52,498.07,-3.43,7.62,-176.91,mixed_edge
1-3,target_lane x lane1_target_national_rank_pair,3 | 3-1,479,112,23.38,47900,35970,-11930,75.09,321.16,15.76,78.52,498.07,-3.43,7.62,-176.91,mixed_edge
1-2,lane1_target_group_pair x other_a_count_bucket,A-B | 3,581,81,13.94,58100,43620,-14480,75.08,538.52,18.8,81.32,432.61,-6.24,-4.86,105.91,mixed_edge
1-6,target_start_exhibition_gap_bucket,0.04-0.06,2593,107,4.13,259300,194630,-64670,75.06,1818.97,3.7,65.46,1770.57,9.6,0.43,48.4,mixed_edge
1-6,target_lane x target_start_exhibition_gap_bucket,6 | 0.04-0.06,2593,107,4.13,259300,194630,-64670,75.06,1818.97,3.7,65.46,1770.57,9.6,0.43,48.4,mixed_edge
1-4,lane1_target_boat_place_diff_bucket,target_plus_10+,1734,169,9.75,173400,130020,-43380,74.98,769.35,10.14,75.45,744.07,-0.47,-0.39,25.28,mixed_edge
1-5,lane1_class,A1,4348,341,7.84,434800,325950,-108850,74.97,955.87,6.69,80.94,1209.34,-5.97,1.15,-253.47,mixed_edge
1-4,lane1_target_group_pair x other_a_count_bucket,B-A | 2,997,90,9.03,99700,74750,-24950,74.97,830.56,10.14,75.45,744.07,-0.48,-1.11,86.49,mixed_edge
1-3,lane1_target_exhibition_st_rank_pair,2-3,648,101,15.59,64800,48580,-16220,74.97,480.99,15.76,78.52,498.07,-3.55,-0.17,-17.08,mixed_edge
1-3,lane1_exhibition_st_rank_bucket x target_exhibition_st_rank_bucket,2 | 3,648,101,15.59,64800,48580,-16220,74.97,480.99,15.76,78.52,498.07,-3.55,-0.17,-17.08,mixed_edge
1-4,target_class_group,B,6684,481,7.2,668400,501060,-167340,74.96,1041.7,10.14,75.45,744.07,-0.49,-2.94,297.63,mixed_edge
1-4,target_lane x target_class_group,4 | B,6684,481,7.2,668400,501060,-167340,74.96,1041.7,10.14,75.45,744.07,-0.49,-2.94,297.63,mixed_edge
1-5,lane1_target_local_win_diff_bucket,target_plus_1.00+,2986,221,7.4,298600,223650,-74950,74.9,1011.99,6.69,80.94,1209.34,-6.04,0.71,-197.35,mixed_edge
1-4,lane1_motor_rank_bucket,4+,6154,603,9.8,615400,460720,-154680,74.87,764.05,10.14,75.45,744.07,-0.58,-0.34,19.98,mixed_edge
1-5,stadium_code,02,612,36,5.88,61200,45810,-15390,74.85,1272.5,6.69,80.94,1209.34,-6.09,-0.81,63.16,mixed_edge
1-5,stadium_code x target_lane,02 | 5,612,36,5.88,61200,45810,-15390,74.85,1272.5,6.69,80.94,1209.34,-6.09,-0.81,63.16,mixed_edge
1-4,target_class_group x target_outer_pressure_bucket,A | low_other_pressure,605,115,19.01,60500,45270,-15230,74.83,393.65,10.14,75.45,744.07,-0.62,8.87,-350.42,mixed_edge
1-5,other_group_pattern,A-A-A-B,547,25,4.57,54700,40930,-13770,74.83,1637.2,6.69,80.94,1209.34,-6.11,-2.12,427.86,mixed_edge
1-2,lane1_target_national_rank_pair x target_outer_pressure_bucket,1-2 | high_other_pressure,289,83,28.72,28900,21610,-7290,74.78,260.36,18.8,81.32,432.61,-6.54,9.92,-172.25,mixed_edge
1-4,target_boat_rank_bucket,4+,6699,685,10.23,669900,500780,-169120,74.75,731.07,10.14,75.45,744.07,-0.7,0.09,-13.0,mixed_edge
1-4,other_st_faster_than_target_count_bucket,0,3279,375,11.44,327900,245090,-82810,74.75,653.57,10.14,75.45,744.07,-0.7,1.3,-90.5,mixed_edge
1-5,month,2025-11,3933,259,6.59,393300,293890,-99410,74.72,1134.71,6.69,80.94,1209.34,-6.22,-0.1,-74.63,mixed_edge
1-2,lane1_target_group_pair x other_a_count_bucket,A-A | 3,570,148,25.96,57000,42590,-14410,74.72,287.77,18.8,81.32,432.61,-6.6,7.16,-144.84,mixed_edge
1-5,lane1_target_group_pair x other_a_count_bucket,A-A | 2,890,86,9.66,89000,66480,-22520,74.7,773.02,6.69,80.94,1209.34,-6.24,2.97,-436.32,mixed_edge
1-5,other_group_pattern,B-B-B-A,643,60,9.33,64300,48030,-16270,74.7,800.5,6.69,80.94,1209.34,-6.24,2.64,-408.84,mixed_edge
1-6,lane1_target_start_gap_pair x target_outer_pressure_bucket,<=0.03-0.04-0.06 | high_other_pressure,539,18,3.34,53900,40240,-13660,74.66,2235.56,3.7,65.46,1770.57,9.2,-0.36,464.99,mixed_edge
1-3,other_a_count_bucket,4,1660,276,16.63,166000,123920,-42080,74.65,448.99,15.76,78.52,498.07,-3.87,0.87,-49.08,mixed_edge
1-3,other_group_pattern,A-A-A-A,1660,276,16.63,166000,123920,-42080,74.65,448.99,15.76,78.52,498.07,-3.87,0.87,-49.08,mixed_edge
1-3,target_lane x other_a_count_bucket,3 | 4,1660,276,16.63,166000,123920,-42080,74.65,448.99,15.76,78.52,498.07,-3.87,0.87,-49.08,mixed_edge
1-4,lane1_target_group_pair,A-A,4127,626,15.17,412700,308030,-104670,74.64,492.06,10.14,75.45,744.07,-0.81,5.03,-252.01,mixed_edge
1-4,stadium_code,18,636,69,10.85,63600,47440,-16160,74.59,687.54,10.14,75.45,744.07,-0.86,0.71,-56.53,mixed_edge
1-4,stadium_code x target_lane,18 | 4,636,69,10.85,63600,47440,-16160,74.59,687.54,10.14,75.45,744.07,-0.86,0.71,-56.53,mixed_edge
1-5,stadium_code,14,616,35,5.68,61600,45940,-15660,74.58,1312.57,6.69,80.94,1209.34,-6.36,-1.01,103.23,mixed_edge
1-5,stadium_code x target_lane,14 | 5,616,35,5.68,61600,45940,-15660,74.58,1312.57,6.69,80.94,1209.34,-6.36,-1.01,103.23,mixed_edge
1-5,lane1_target_group_pair x other_a_count_bucket,B-B | 2,986,21,2.13,98600,73530,-25070,74.57,3501.43,6.69,80.94,1209.34,-6.37,-4.56,2292.09,mixed_edge
1-3,stadium_code,10,552,85,15.4,55200,41160,-14040,74.57,484.24,15.76,78.52,498.07,-3.95,-0.36,-13.83,mixed_edge
1-3,stadium_code x target_lane,10 | 3,552,85,15.4,55200,41160,-14040,74.57,484.24,15.76,78.52,498.07,-3.95,-0.36,-13.83,mixed_edge
1-4,lane1_target_class_pair,B2-A2,81,7,8.64,8100,6040,-2060,74.57,862.86,10.14,75.45,744.07,-0.88,-1.5,118.79,mixed_edge
1-5,lane1_target_national_rank_pair,2-1,513,81,15.79,51300,38250,-13050,74.56,472.22,6.69,80.94,1209.34,-6.38,9.1,-737.12,mixed_edge
1-5,target_lane x lane1_target_national_rank_pair,5 | 2-1,513,81,15.79,51300,38250,-13050,74.56,472.22,6.69,80.94,1209.34,-6.38,9.1,-737.12,mixed_edge
1-4,lane1_target_national_rank_pair x target_outer_pressure_bucket,2-1 | high_other_pressure,277,56,20.22,27700,20650,-7050,74.55,368.75,10.14,75.45,744.07,-0.9,10.08,-375.32,mixed_edge
1-4,lane1_target_national_rank_pair x target_outer_pressure_bucket,4+-1 | high_other_pressure,466,49,10.52,46600,34730,-11870,74.53,708.78,10.14,75.45,744.07,-0.92,0.38,-35.29,mixed_edge
1-4,lane1_target_local_win_diff_bucket,target_plus_0.35_1.00,1397,154,11.02,139700,104110,-35590,74.52,676.04,10.14,75.45,744.07,-0.93,0.88,-68.03,mixed_edge
1-3,wind_bucket,5-6,1362,199,14.61,136200,101490,-34710,74.52,510.0,15.76,78.52,498.07,-4.0,-1.15,11.93,mixed_edge
1-4,lane1_local_win_rank_bucket,2,2539,303,11.93,253900,189190,-64710,74.51,624.39,10.14,75.45,744.07,-0.94,1.79,-119.68,mixed_edge
1-4,target_exhibition_rank_bucket,1,1755,222,12.65,175500,130740,-44760,74.5,588.92,10.14,75.45,744.07,-0.95,2.51,-155.15,mixed_edge
1-4,target_exhibition_rank_bucket x other_exhibition_faster_than_target_count_bucket,1 | 0,1755,222,12.65,175500,130740,-44760,74.5,588.92,10.14,75.45,744.07,-0.95,2.51,-155.15,mixed_edge
1-3,other_group_pattern,A-B-A-A,487,61,12.53,48700,36260,-12440,74.46,594.43,15.76,78.52,498.07,-4.06,-3.23,96.36,mixed_edge
1-4,other_exhibition_faster_than_target_count_bucket,0,2925,372,12.72,292500,217620,-74880,74.4,585.0,10.14,75.45,744.07,-1.05,2.58,-159.07,mixed_edge
1-2,other_group_pattern,B-A-B-B,877,162,18.47,87700,65250,-22450,74.4,402.78,18.8,81.32,432.61,-6.92,-0.33,-29.83,mixed_edge
1-2,lane1_target_national_rank_pair,4+-4+,1595,150,9.4,159500,118630,-40870,74.38,790.87,18.8,81.32,432.61,-6.94,-9.4,358.26,mixed_edge
1-2,target_lane x lane1_target_national_rank_pair,2 | 4+-4+,1595,150,9.4,159500,118630,-40870,74.38,790.87,18.8,81.32,432.61,-6.94,-9.4,358.26,mixed_edge
1-2,lane1_target_national_rank_pair x target_outer_pressure_bucket,4+-4+ | high_other_pressure,1595,150,9.4,159500,118630,-40870,74.38,790.87,18.8,81.32,432.61,-6.94,-9.4,358.26,mixed_edge
1-5,lane1_target_group_pair x other_a_count_bucket,B-B | 3,800,17,2.12,80000,59460,-20540,74.33,3497.65,6.69,80.94,1209.34,-6.61,-4.57,2288.31,mixed_edge
1-5,lane1_exhibition_rank_bucket,3,2183,135,6.18,218300,162230,-56070,74.32,1201.7,6.69,80.94,1209.34,-6.62,-0.51,-7.64,mixed_edge
1-4,lane1_motor_rank_bucket,3,2024,193,9.54,202400,150420,-51980,74.32,779.38,10.14,75.45,744.07,-1.13,-0.6,35.31,mixed_edge
1-4,lane1_target_group_pair x other_a_count_bucket,A-A | 1,897,164,18.28,89700,66660,-23040,74.31,406.46,10.14,75.45,744.07,-1.14,8.14,-337.61,mixed_edge
1-6,wind_bucket,7+,388,14,3.61,38800,28830,-9970,74.3,2059.29,3.7,65.46,1770.57,8.84,-0.09,288.72,mixed_edge
1-6,lane1_target_exhibition_time_diff_bucket,target_faster_0.10+,648,32,4.94,64800,48140,-16660,74.29,1504.38,3.7,65.46,1770.57,8.83,1.24,-266.19,mixed_edge
1-4,other_a_count_bucket,4,1644,188,11.44,164400,122050,-42350,74.24,649.2,10.14,75.45,744.07,-1.21,1.3,-94.87,mixed_edge
1-4,other_group_pattern,A-A-A-A,1644,188,11.44,164400,122050,-42350,74.24,649.2,10.14,75.45,744.07,-1.21,1.3,-94.87,mixed_edge
1-4,target_lane x other_a_count_bucket,4 | 4,1644,188,11.44,164400,122050,-42350,74.24,649.2,10.14,75.45,744.07,-1.21,1.3,-94.87,mixed_edge
1-5,stadium_code,03,616,41,6.66,61600,45730,-15870,74.24,1115.37,6.69,80.94,1209.34,-6.7,-0.03,-93.97,mixed_edge
1-5,stadium_code x target_lane,03 | 5,616,41,6.66,61600,45730,-15870,74.24,1115.37,6.69,80.94,1209.34,-6.7,-0.03,-93.97,mixed_edge
1-3,lane1_class,A2,3553,608,17.11,355300,263680,-91620,74.21,433.68,15.76,78.52,498.07,-4.31,1.35,-64.39,mixed_edge
1-6,lane1_target_class_pair,A1-B1,1367,46,3.37,136700,101420,-35280,74.19,2204.78,3.7,65.46,1770.57,8.73,-0.33,434.21,mixed_edge
1-3,lane1_target_group_pair x other_a_count_bucket,B-A | 2,1094,127,11.61,109400,81140,-28260,74.17,638.9,15.76,78.52,498.07,-4.35,-4.15,140.83,mixed_edge
1-4,target_motor_rank_bucket,2,2034,219,10.77,203400,150840,-52560,74.16,688.77,10.14,75.45,744.07,-1.29,0.63,-55.3,mixed_edge
1-3,lane1_target_group_pair,B-A,2235,280,12.53,223500,165700,-57800,74.14,591.79,15.76,78.52,498.07,-4.38,-3.23,93.72,mixed_edge
1-4,lane1_local_win_rank_bucket,3,2227,211,9.47,222700,164990,-57710,74.09,781.94,10.14,75.45,744.07,-1.36,-0.67,37.87,mixed_edge
1-2,other_exhibition_faster_than_target_count_bucket,3,2067,335,16.21,206700,153140,-53560,74.09,457.13,18.8,81.32,432.61,-7.23,-2.59,24.52,mixed_edge
1-2,target_exhibition_rank_bucket x other_exhibition_faster_than_target_count_bucket,4+ | 3,2067,335,16.21,206700,153140,-53560,74.09,457.13,18.8,81.32,432.61,-7.23,-2.59,24.52,mixed_edge
1-5,lane1_target_motor_place_diff_bucket,target_plus_10+,2122,144,6.79,212200,157130,-55070,74.05,1091.18,6.69,80.94,1209.34,-6.89,0.1,-118.16,mixed_edge
1-4,lane1_boat_rank_bucket,3,2059,192,9.32,205900,152450,-53450,74.04,794.01,10.14,75.45,744.07,-1.41,-0.82,49.94,mixed_edge
1-6,lane1_exhibition_st_rank_bucket,2,2159,95,4.4,215900,159730,-56170,73.98,1681.37,3.7,65.46,1770.57,8.52,0.7,-89.2,mixed_edge
1-5,lane1_target_group_pair,B-B,2906,92,3.17,290600,214850,-75750,73.93,2335.33,6.69,80.94,1209.34,-7.01,-3.52,1125.99,mixed_edge
1-6,lane1_target_motor_place_diff_bucket,target_plus_4_10,2137,98,4.59,213700,157980,-55720,73.93,1612.04,3.7,65.46,1770.57,8.47,0.89,-158.53,mixed_edge
1-2,lane1_target_national_rank_pair x target_outer_pressure_bucket,3-2 | some_other_pressure,260,57,21.92,26000,19220,-6780,73.92,337.19,18.8,81.32,432.61,-7.4,3.12,-95.42,mixed_edge
1-2,other_group_pattern,B-A-A-B,651,95,14.59,65100,48090,-17010,73.87,506.21,18.8,81.32,432.61,-7.45,-4.21,73.6,mixed_edge
1-2,lane1_target_group_pair,A-B,3873,655,16.91,387300,286060,-101240,73.86,436.73,18.8,81.32,432.61,-7.46,-1.89,4.12,mixed_edge
1-5,target_exhibition_rank_bucket x other_exhibition_faster_than_target_count_bucket,4+ | 1,409,27,6.6,40900,30200,-10700,73.84,1118.52,6.69,80.94,1209.34,-7.1,-0.09,-90.82,mixed_edge
1-3,lane1_boat_rank_bucket,2,2158,308,14.27,215800,159300,-56500,73.82,517.21,15.76,78.52,498.07,-4.7,-1.49,19.14,mixed_edge
1-2,lane1_target_class_pair,A1-B1,1464,291,19.88,146400,108070,-38330,73.82,371.37,18.8,81.32,432.61,-7.5,1.08,-61.24,mixed_edge
1-4,lane1_target_national_win_diff_bucket,lane1_plus_0.35_1.00,2290,242,10.57,229000,169000,-60000,73.8,698.35,10.14,75.45,744.07,-1.65,0.43,-45.72,mixed_edge
1-4,target_national_win_rank_bucket,2,2070,264,12.75,207000,152770,-54230,73.8,578.67,10.14,75.45,744.07,-1.65,2.61,-165.4,mixed_edge
1-2,lane1_target_national_rank_pair,1-2,702,224,31.91,70200,51800,-18400,73.79,231.25,18.8,81.32,432.61,-7.53,13.11,-201.36,mixed_edge
1-2,target_lane x lane1_target_national_rank_pair,2 | 1-2,702,224,31.91,70200,51800,-18400,73.79,231.25,18.8,81.32,432.61,-7.53,13.11,-201.36,mixed_edge
1-2,target_national_win_rank_bucket x other_national_better_than_target_count_bucket,2 | 0,702,224,31.91,70200,51800,-18400,73.79,231.25,18.8,81.32,432.61,-7.53,13.11,-201.36,mixed_edge
1-2,other_national_better_than_target_count_bucket,4,1818,196,10.78,181800,134140,-47660,73.78,684.39,18.8,81.32,432.61,-7.54,-8.02,251.78,mixed_edge
1-2,target_national_win_rank_bucket x other_national_better_than_target_count_bucket,4+ | 4,1818,196,10.78,181800,134140,-47660,73.78,684.39,18.8,81.32,432.61,-7.54,-8.02,251.78,mixed_edge
1-3,race_no_bucket,10-12R,3194,586,18.35,319400,235550,-83850,73.75,401.96,15.76,78.52,498.07,-4.77,2.59,-96.11,mixed_edge
1-3,race_no_bucket x target_lane,10-12R | 3,3194,586,18.35,319400,235550,-83850,73.75,401.96,15.76,78.52,498.07,-4.77,2.59,-96.11,mixed_edge
1-3,lane1_target_national_rank_pair,4+-3,1038,100,9.63,103800,76550,-27250,73.75,765.5,15.76,78.52,498.07,-4.77,-6.13,267.43,mixed_edge
1-3,target_lane x lane1_target_national_rank_pair,3 | 4+-3,1038,100,9.63,103800,76550,-27250,73.75,765.5,15.76,78.52,498.07,-4.77,-6.13,267.43,mixed_edge
1-5,lane1_target_group_pair x target_outer_pressure_bucket,B-B | high_other_pressure,2719,78,2.87,271900,200500,-71400,73.74,2570.51,6.69,80.94,1209.34,-7.2,-3.82,1361.17,mixed_edge
1-3,stadium_code,21,599,112,18.7,59900,44150,-15750,73.71,394.2,15.76,78.52,498.07,-4.81,2.94,-103.87,mixed_edge
1-3,stadium_code x target_lane,21 | 3,599,112,18.7,59900,44150,-15750,73.71,394.2,15.76,78.52,498.07,-4.81,2.94,-103.87,mixed_edge
1-4,target_exhibition_st_rank_bucket,4+,6332,595,9.4,633200,466580,-166620,73.69,784.17,10.14,75.45,744.07,-1.76,-0.74,40.1,mixed_edge
1-4,target_lane x target_exhibition_st_rank_bucket,4 | 4+,6332,595,9.4,633200,466580,-166620,73.69,784.17,10.14,75.45,744.07,-1.76,-0.74,40.1,mixed_edge
1-3,lane1_target_national_rank_pair x target_outer_pressure_bucket,4+-3 | high_other_pressure,1033,99,9.58,103300,76110,-27190,73.68,768.79,15.76,78.52,498.07,-4.84,-6.18,270.72,mixed_edge
1-3,target_national_win_rank_bucket x other_national_better_than_target_count_bucket,3 | 2,1033,99,9.58,103300,76110,-27190,73.68,768.79,15.76,78.52,498.07,-4.84,-6.18,270.72,mixed_edge
1-3,target_exhibition_rank_bucket x other_exhibition_faster_than_target_count_bucket,3 | 0,106,19,17.92,10600,7810,-2790,73.68,411.05,15.76,78.52,498.07,-4.84,2.16,-87.02,mixed_edge
1-4,stadium_code,21,599,71,11.85,59900,44110,-15790,73.64,621.27,10.14,75.45,744.07,-1.81,1.71,-122.8,mixed_edge
1-4,stadium_code x target_lane,21 | 4,599,71,11.85,59900,44110,-15790,73.64,621.27,10.14,75.45,744.07,-1.81,1.71,-122.8,mixed_edge
1-2,lane1_target_group_pair x target_outer_pressure_bucket,A-A | low_other_pressure,470,152,32.34,47000,34610,-12390,73.64,227.7,18.8,81.32,432.61,-7.68,13.54,-204.91,mixed_edge
1-2,lane1_target_group_pair x other_a_count_bucket,B-A | 4,33,5,15.15,3300,2430,-870,73.64,486.0,18.8,81.32,432.61,-7.68,-3.65,53.39,mixed_edge
1-4,lane1_target_group_pair x other_a_count_bucket,B-A | 0,94,12,12.77,9400,6920,-2480,73.62,576.67,10.14,75.45,744.07,-1.83,2.63,-167.4,mixed_edge
1-3,stadium_code,22,719,107,14.88,71900,52920,-18980,73.6,494.58,15.76,78.52,498.07,-4.92,-0.88,-3.49,mixed_edge
1-3,stadium_code x target_lane,22 | 3,719,107,14.88,71900,52920,-18980,73.6,494.58,15.76,78.52,498.07,-4.92,-0.88,-3.49,mixed_edge
1-4,month,2025-12,4763,470,9.87,476300,350380,-125920,73.56,745.49,10.14,75.45,744.07,-1.89,-0.27,1.42,mixed_edge
1-5,lane1_target_national_rank_pair x target_outer_pressure_bucket,3-2 | high_other_pressure,245,21,8.57,24500,18010,-6490,73.51,857.62,6.69,80.94,1209.34,-7.43,1.88,-351.72,mixed_edge
1-4,other_b2_count_bucket,0,9240,910,9.85,924000,679150,-244850,73.5,746.32,10.14,75.45,744.07,-1.95,-0.29,2.25,mixed_edge
1-5,other_group_pattern,B-A-B-B,958,70,7.31,95800,70410,-25390,73.5,1005.86,6.69,80.94,1209.34,-7.44,0.62,-203.48,mixed_edge
1-4,lane1_target_group_pair x other_a_count_bucket,A-A | 4,1429,170,11.9,142900,105020,-37880,73.49,617.76,10.14,75.45,744.07,-1.96,1.76,-126.31,mixed_edge
1-3,lane1_target_class_pair,B1-A2,1311,151,11.52,131100,96340,-34760,73.49,638.01,15.76,78.52,498.07,-5.03,-4.24,139.94,mixed_edge
1-4,lane1_target_national_rank_pair x target_outer_pressure_bucket,3-1 | high_other_pressure,207,34,16.43,20700,15210,-5490,73.48,447.35,10.14,75.45,744.07,-1.97,6.29,-296.72,mixed_edge
1-4,lane1_target_exhibition_time_diff_bucket x lane1_target_start_exhibition_st_diff_bucket,lane1_faster_0.05_0.10 | target_faster_0.03_0.06,360,40,11.11,36000,26450,-9550,73.47,661.25,10.14,75.45,744.07,-1.98,0.97,-82.82,mixed_edge
1-4,target_exhibition_rank_bucket x other_exhibition_faster_than_target_count_bucket,4+ | 2,1956,191,9.76,195600,143670,-51930,73.45,752.2,10.14,75.45,744.07,-2.0,-0.38,8.13,mixed_edge
1-5,lane1_target_start_gap_pair x target_outer_pressure_bucket,>0.06-best | some_other_pressure,139,15,10.79,13900,10210,-3690,73.45,680.67,6.69,80.94,1209.34,-7.49,4.1,-528.67,mixed_edge
1-5,other_group_pattern,B-A-A-A,506,22,4.35,50600,37160,-13440,73.44,1689.09,6.69,80.94,1209.34,-7.5,-2.34,479.75,mixed_edge
1-5,stadium_code,15,614,44,7.17,61400,45060,-16340,73.39,1024.09,6.69,80.94,1209.34,-7.55,0.48,-185.25,mixed_edge
1-5,stadium_code x target_lane,15 | 5,614,44,7.17,61400,45060,-16340,73.39,1024.09,6.69,80.94,1209.34,-7.55,0.48,-185.25,mixed_edge
1-4,lane1_target_exhibition_time_diff_bucket x lane1_target_start_exhibition_st_diff_bucket,target_faster_0.10+ | near_equal,168,17,10.12,16800,12330,-4470,73.39,725.29,10.14,75.45,744.07,-2.06,-0.02,-18.78,mixed_edge
1-4,race_no_bucket,1-3R,3215,283,8.8,321500,235870,-85630,73.37,833.46,10.14,75.45,744.07,-2.08,-1.34,89.39,mixed_edge
1-4,race_no_bucket x target_lane,1-3R | 4,3215,283,8.8,321500,235870,-85630,73.37,833.46,10.14,75.45,744.07,-2.08,-1.34,89.39,mixed_edge
1-6,other_group_pattern,A-A-B-B,732,24,3.28,73200,53710,-19490,73.37,2237.92,3.7,65.46,1770.57,7.91,-0.42,467.35,mixed_edge
1-2,lane1_target_national_rank_pair x target_outer_pressure_bucket,1-2 | low_other_pressure,241,85,35.27,24100,17680,-6420,73.36,208.0,18.8,81.32,432.61,-7.96,16.47,-224.61,mixed_edge
1-2,other_national_better_than_target_count_bucket,3,2597,352,13.55,259700,190460,-69240,73.34,541.08,18.8,81.32,432.61,-7.98,-5.25,108.47,mixed_edge
1-2,target_national_win_rank_bucket x other_national_better_than_target_count_bucket,4+ | 3,2597,352,13.55,259700,190460,-69240,73.34,541.08,18.8,81.32,432.61,-7.98,-5.25,108.47,mixed_edge
1-4,target_local_win_rank_bucket,3,2123,232,10.93,212300,155710,-56590,73.34,671.16,10.14,75.45,744.07,-2.11,0.79,-72.91,mixed_edge
1-4,lane1_target_national_rank_pair,4+-1,878,97,11.05,87800,64350,-23450,73.29,663.4,10.14,75.45,744.07,-2.16,0.91,-80.67,mixed_edge
1-4,target_lane x lane1_target_national_rank_pair,4 | 4+-1,878,97,11.05,87800,64350,-23450,73.29,663.4,10.14,75.45,744.07,-2.16,0.91,-80.67,mixed_edge
1-4,lane1_target_start_gap_pair,0.04-0.06-best,625,69,11.04,62500,45800,-16700,73.28,663.77,10.14,75.45,744.07,-2.17,0.9,-80.3,mixed_edge
1-4,target_lane x lane1_target_start_gap_pair,4 | 0.04-0.06-best,625,69,11.04,62500,45800,-16700,73.28,663.77,10.14,75.45,744.07,-2.17,0.9,-80.3,mixed_edge
1-4,lane1_start_exhibition_gap_bucket x target_start_exhibition_gap_bucket,0.04-0.06 | best,625,69,11.04,62500,45800,-16700,73.28,663.77,10.14,75.45,744.07,-2.17,0.9,-80.3,mixed_edge
1-6,lane1_target_exhibition_time_diff_bucket x lane1_target_start_exhibition_st_diff_bucket,target_faster_0.05_0.10 | lane1_faster_0.06+,496,17,3.43,49600,36340,-13260,73.27,2137.65,3.7,65.46,1770.57,7.81,-0.27,367.08,mixed_edge
1-6,lane1_exhibition_rank_bucket,2,2876,116,4.03,287600,210640,-76960,73.24,1815.86,3.7,65.46,1770.57,7.78,0.33,45.29,mixed_edge
1-4,lane1_class_group,A,7901,960,12.15,790100,578400,-211700,73.21,602.5,10.14,75.45,744.07,-2.24,2.01,-141.57,mixed_edge
1-3,stadium_code,12,682,101,14.81,68200,49920,-18280,73.2,494.26,15.76,78.52,498.07,-5.32,-0.95,-3.81,mixed_edge
1-3,stadium_code x target_lane,12 | 3,682,101,14.81,68200,49920,-18280,73.2,494.26,15.76,78.52,498.07,-5.32,-0.95,-3.81,mixed_edge
1-4,other_national_better_than_target_count_bucket,1,2576,308,11.96,257600,188430,-69170,73.15,611.79,10.14,75.45,744.07,-2.3,1.82,-132.28,mixed_edge
1-6,lane1_target_group_pair,A-A,4127,235,5.69,412700,301820,-110880,73.13,1284.34,3.7,65.46,1770.57,7.67,1.99,-486.23,mixed_edge
1-3,other_group_pattern,A-A-B-A,663,79,11.92,66300,48480,-17820,73.12,613.67,15.76,78.52,498.07,-5.4,-3.84,115.6,mixed_edge
1-3,lane1_target_start_gap_pair x target_outer_pressure_bucket,0.04-0.06-<=0.03 | some_other_pressure,93,22,23.66,9300,6800,-2500,73.12,309.09,15.76,78.52,498.07,-5.4,7.9,-188.98,mixed_edge
1-3,target_class,A1,3147,631,20.05,314700,230050,-84650,73.1,364.58,15.76,78.52,498.07,-5.42,4.29,-133.49,mixed_edge
1-3,lane1_motor_rank_bucket,3,2024,312,15.42,202400,147950,-54450,73.1,474.2,15.76,78.52,498.07,-5.42,-0.34,-23.87,mixed_edge
1-3,lane1_target_national_rank_pair,2-1,562,157,27.94,56200,41050,-15150,73.04,261.46,15.76,78.52,498.07,-5.48,12.18,-236.61,mixed_edge
1-3,target_lane x lane1_target_national_rank_pair,3 | 2-1,562,157,27.94,56200,41050,-15150,73.04,261.46,15.76,78.52,498.07,-5.48,12.18,-236.61,mixed_edge
1-4,target_boat_rank_bucket,1,2061,206,10.0,206100,150460,-55640,73.0,730.39,10.14,75.45,744.07,-2.45,-0.14,-13.68,mixed_edge
1-5,lane1_target_group_pair x other_a_count_bucket,A-B | 2,1363,55,4.04,136300,99500,-36800,73.0,1809.09,6.69,80.94,1209.34,-7.94,-2.65,599.75,mixed_edge
1-3,lane1_target_national_rank_pair,1-2,631,173,27.42,63100,46040,-17060,72.96,266.13,15.76,78.52,498.07,-5.56,11.66,-231.94,mixed_edge
1-3,target_lane x lane1_target_national_rank_pair,3 | 1-2,631,173,27.42,63100,46040,-17060,72.96,266.13,15.76,78.52,498.07,-5.56,11.66,-231.94,mixed_edge
1-3,target_exhibition_rank_bucket,4+,6573,910,13.84,657300,479380,-177920,72.93,526.79,15.76,78.52,498.07,-5.59,-1.92,28.72,mixed_edge
1-4,other_exhibition_faster_than_target_count_bucket,2,2586,243,9.4,258600,188600,-70000,72.93,776.13,10.14,75.45,744.07,-2.52,-0.74,32.06,mixed_edge
1-2,lane1_target_national_rank_pair x target_outer_pressure_bucket,3-1 | some_other_pressure,107,25,23.36,10700,7800,-2900,72.9,312.0,18.8,81.32,432.61,-8.42,4.56,-120.61,mixed_edge
1-6,stadium_code,21,599,19,3.17,59900,43660,-16240,72.89,2297.89,3.7,65.46,1770.57,7.43,-0.53,527.32,mixed_edge
1-6,stadium_code x target_lane,21 | 6,599,19,3.17,59900,43660,-16240,72.89,2297.89,3.7,65.46,1770.57,7.43,-0.53,527.32,mixed_edge
1-3,other_st_faster_than_target_count_bucket,2,2321,346,14.91,232100,169100,-63000,72.86,488.73,15.76,78.52,498.07,-5.66,-0.85,-9.34,mixed_edge
1-6,lane1_target_exhibition_time_diff_bucket x lane1_target_start_exhibition_st_diff_bucket,lane1_faster_0.05_0.10 | near_equal,607,25,4.12,60700,44180,-16520,72.78,1767.2,3.7,65.46,1770.57,7.32,0.42,-3.37,mixed_edge
1-4,wind_bucket,3-4,3493,347,9.93,349300,254150,-95150,72.76,732.42,10.14,75.45,744.07,-2.69,-0.21,-11.65,mixed_edge
1-4,lane1_target_class_pair,B1-B1,2294,123,5.36,229400,166880,-62520,72.75,1356.75,10.14,75.45,744.07,-2.7,-4.78,612.68,mixed_edge
1-2,grade_group,G1,324,57,17.59,32400,23570,-8830,72.75,413.51,18.8,81.32,432.61,-8.57,-1.21,-19.1,mixed_edge
1-4,month,2025-10,4124,398,9.65,412400,299940,-112460,72.73,753.62,10.14,75.45,744.07,-2.72,-0.49,9.55,mixed_edge
1-2,lane1_target_national_rank_pair x target_outer_pressure_bucket,1-2 | some_other_pressure,172,56,32.56,17200,12510,-4690,72.73,223.39,18.8,81.32,432.61,-8.59,13.76,-209.22,mixed_edge
1-3,lane1_target_class_pair,B2-A1,33,3,9.09,3300,2400,-900,72.73,800.0,15.76,78.52,498.07,-5.79,-6.67,301.93,mixed_edge
1-3,lane1_target_class_pair,A2-B1,1927,250,12.97,192700,140140,-52560,72.72,560.56,15.76,78.52,498.07,-5.8,-2.79,62.49,mixed_edge
1-4,lane1_target_group_pair x other_a_count_bucket,A-B | 1,908,85,9.36,90800,66010,-24790,72.7,776.59,10.14,75.45,744.07,-2.75,-0.78,32.52,mixed_edge
1-2,other_st_faster_than_target_count_bucket,3,2198,354,16.11,219800,159770,-60030,72.69,451.33,18.8,81.32,432.61,-8.63,-2.69,18.72,mixed_edge
1-2,target_exhibition_st_rank_bucket x other_st_faster_than_target_count_bucket,4+ | 3,2198,354,16.11,219800,159770,-60030,72.69,451.33,18.8,81.32,432.61,-8.63,-2.69,18.72,mixed_edge
1-5,lane1_national_win_rank_bucket,3,2224,154,6.92,222400,161640,-60760,72.68,1049.61,6.69,80.94,1209.34,-8.26,0.23,-159.73,mixed_edge
1-2,stadium_code,03,616,92,14.94,61600,44750,-16850,72.65,486.41,18.8,81.32,432.61,-8.67,-3.86,53.8,mixed_edge
1-2,stadium_code x target_lane,03 | 2,616,92,14.94,61600,44750,-16850,72.65,486.41,18.8,81.32,432.61,-8.67,-3.86,53.8,mixed_edge
1-2,lane1_target_national_rank_pair x target_outer_pressure_bucket,2-1 | high_other_pressure,220,60,27.27,22000,15980,-6020,72.64,266.33,18.8,81.32,432.61,-8.68,8.47,-166.28,mixed_edge
1-4,other_national_better_than_target_count_bucket,0,2579,422,16.36,257900,187210,-70690,72.59,443.63,10.14,75.45,744.07,-2.86,6.22,-300.44,mixed_edge
1-4,lane1_target_group_pair x target_outer_pressure_bucket,B-A | some_other_pressure,475,45,9.47,47500,34470,-13030,72.57,766.0,10.14,75.45,744.07,-2.88,-0.67,21.93,mixed_edge
1-2,lane1_target_start_gap_pair x target_outer_pressure_bucket,0.04-0.06->0.06 | some_other_pressure,99,19,19.19,9900,7180,-2720,72.53,377.89,18.8,81.32,432.61,-8.79,0.39,-54.72,mixed_edge
1-6,other_a_count_bucket,4,1699,56,3.3,169900,123140,-46760,72.48,2198.93,3.7,65.46,1770.57,7.02,-0.4,428.36,mixed_edge
1-6,other_group_pattern,A-A-A-A,1699,56,3.3,169900,123140,-46760,72.48,2198.93,3.7,65.46,1770.57,7.02,-0.4,428.36,mixed_edge
1-6,target_lane x other_a_count_bucket,6 | 4,1699,56,3.3,169900,123140,-46760,72.48,2198.93,3.7,65.46,1770.57,7.02,-0.4,428.36,mixed_edge
1-6,wind_bucket,0-2,7577,307,4.05,757700,549090,-208610,72.47,1788.57,3.7,65.46,1770.57,7.01,0.35,18.0,mixed_edge
1-4,other_group_pattern,B-B-B-A,746,101,13.54,74600,54040,-20560,72.44,535.05,10.14,75.45,744.07,-3.01,3.4,-209.02,mixed_edge
1-4,target_boat_rank_bucket,2,2001,200,10.0,200100,144890,-55210,72.41,724.45,10.14,75.45,744.07,-3.04,-0.14,-19.62,mixed_edge
1-3,target_national_win_rank_bucket x other_national_better_than_target_count_bucket,2 | 0,636,173,27.2,63600,46040,-17560,72.39,266.13,15.76,78.52,498.07,-6.13,11.44,-231.94,mixed_edge
1-3,target_boat_rank_bucket,3,2429,367,15.11,242900,175800,-67100,72.38,479.02,15.76,78.52,498.07,-6.14,-0.65,-19.05,mixed_edge
1-6,target_exhibition_rank_bucket,2,1709,78,4.56,170900,123690,-47210,72.38,1585.77,3.7,65.46,1770.57,6.92,0.86,-184.8,mixed_edge
1-2,target_class,B2,438,39,8.9,43800,31700,-12100,72.37,812.82,18.8,81.32,432.61,-8.95,-9.9,380.21,mixed_edge
1-6,lane1_target_class_pair,A1-A1,1480,80,5.41,148000,107070,-40930,72.34,1338.38,3.7,65.46,1770.57,6.88,1.71,-432.19,mixed_edge
1-6,target_exhibition_st_rank_bucket x other_st_faster_than_target_count_bucket,4+ | 2,1716,72,4.2,171600,124040,-47560,72.28,1722.78,3.7,65.46,1770.57,6.82,0.5,-47.79,mixed_edge
1-4,lane1_target_local_win_diff_bucket,lane1_plus_0.35_1.00,1614,184,11.4,161400,116610,-44790,72.25,633.75,10.14,75.45,744.07,-3.2,1.26,-110.32,mixed_edge
1-2,lane1_target_national_rank_pair,3-4+,1302,152,11.67,130200,94070,-36130,72.25,618.88,18.8,81.32,432.61,-9.07,-7.13,186.27,mixed_edge
1-2,target_lane x lane1_target_national_rank_pair,2 | 3-4+,1302,152,11.67,130200,94070,-36130,72.25,618.88,18.8,81.32,432.61,-9.07,-7.13,186.27,mixed_edge
1-2,lane1_target_national_rank_pair x target_outer_pressure_bucket,3-4+ | high_other_pressure,1302,152,11.67,130200,94070,-36130,72.25,618.88,18.8,81.32,432.61,-9.07,-7.13,186.27,mixed_edge
1-3,target_class_group,A,6386,1163,18.21,638600,461340,-177260,72.24,396.68,15.76,78.52,498.07,-6.28,2.45,-101.39,mixed_edge
1-3,target_lane x target_class_group,3 | A,6386,1163,18.21,638600,461340,-177260,72.24,396.68,15.76,78.52,498.07,-6.28,2.45,-101.39,mixed_edge
1-5,target_exhibition_rank_bucket x other_exhibition_faster_than_target_count_bucket,2 | 1,962,55,5.72,96200,69490,-26710,72.23,1263.45,6.69,80.94,1209.34,-8.71,-0.97,54.11,mixed_edge
1-5,lane1_target_class_pair,A1-B1,1639,97,5.92,163900,118300,-45600,72.18,1219.59,6.69,80.94,1209.34,-8.76,-0.77,10.25,mixed_edge
1-3,target_exhibition_rank_bucket x other_exhibition_faster_than_target_count_bucket,3 | 2,687,102,14.85,68700,49590,-19110,72.18,486.18,15.76,78.52,498.07,-6.34,-0.91,-11.89,mixed_edge
1-2,lane1_target_start_gap_pair x target_outer_pressure_bucket,>0.06-0.04-0.06 | low_other_pressure,46,11,23.91,4600,3320,-1280,72.17,301.82,18.8,81.32,432.61,-9.15,5.11,-130.79,mixed_edge
1-6,lane1_boat_rank_bucket,3,2059,81,3.93,205900,148570,-57330,72.16,1834.2,3.7,65.46,1770.57,6.7,0.23,63.63,mixed_edge
1-6,lane1_motor_rank_bucket,3,2024,76,3.75,202400,146000,-56400,72.13,1921.05,3.7,65.46,1770.57,6.67,0.05,150.48,mixed_edge
1-2,lane1_exhibition_st_rank_bucket,3,1797,314,17.47,179700,129540,-50160,72.09,412.55,18.8,81.32,432.61,-9.23,-1.33,-20.06,mixed_edge
1-5,lane1_target_motor_place_diff_bucket,lane1_plus_10+,2165,123,5.68,216500,155990,-60510,72.05,1268.21,6.69,80.94,1209.34,-8.89,-1.01,58.87,mixed_edge
1-6,lane1_target_start_gap_pair,0.04-0.06-<=0.03,472,17,3.6,47200,34000,-13200,72.03,2000.0,3.7,65.46,1770.57,6.57,-0.1,229.43,mixed_edge
1-6,target_lane x lane1_target_start_gap_pair,6 | 0.04-0.06-<=0.03,472,17,3.6,47200,34000,-13200,72.03,2000.0,3.7,65.46,1770.57,6.57,-0.1,229.43,mixed_edge
1-6,lane1_start_exhibition_gap_bucket x target_start_exhibition_gap_bucket,0.04-0.06 | <=0.03,472,17,3.6,47200,34000,-13200,72.03,2000.0,3.7,65.46,1770.57,6.57,-0.1,229.43,mixed_edge
1-5,lane1_target_exhibition_time_diff_bucket x lane1_target_start_exhibition_st_diff_bucket,target_faster_0.10+ | near_equal,144,10,6.94,14400,10370,-4030,72.01,1037.0,6.69,80.94,1209.34,-8.93,0.25,-172.34,mixed_edge
1-2,stadium_code,21,599,102,17.03,59900,43130,-16770,72.0,422.84,18.8,81.32,432.61,-9.32,-1.77,-9.77,mixed_edge
1-2,stadium_code x target_lane,21 | 2,599,102,17.03,59900,43130,-16770,72.0,422.84,18.8,81.32,432.61,-9.32,-1.77,-9.77,mixed_edge
1-4,lane1_target_group_pair x target_outer_pressure_bucket,A-B | high_other_pressure,3456,288,8.33,345600,248740,-96860,71.97,863.68,10.14,75.45,744.07,-3.48,-1.81,119.61,mixed_edge
1-5,stadium_code,13,204,14,6.86,20400,14680,-5720,71.96,1048.57,6.69,80.94,1209.34,-8.98,0.17,-160.77,mixed_edge
1-5,stadium_code x target_lane,13 | 5,204,14,6.86,20400,14680,-5720,71.96,1048.57,6.69,80.94,1209.34,-8.98,0.17,-160.77,mixed_edge
1-6,lane1_target_class_pair,A1-A2,1135,48,4.23,113500,81650,-31850,71.94,1701.04,3.7,65.46,1770.57,6.48,0.53,-69.53,mixed_edge
1-5,lane1_boat_rank_bucket,4+,6116,370,6.05,611600,439730,-171870,71.9,1188.46,6.69,80.94,1209.34,-9.04,-0.64,-20.88,mixed_edge
1-3,month,2025-10,4124,619,15.01,412400,296460,-115940,71.89,478.93,15.76,78.52,498.07,-6.63,-0.75,-19.14,mixed_edge
1-6,target_boat_rank_bucket,2,2022,77,3.81,202200,145280,-56920,71.85,1886.75,3.7,65.46,1770.57,6.39,0.11,116.18,mixed_edge
1-3,target_national_win_rank_bucket,3,2309,373,16.15,230900,165890,-65010,71.84,444.75,15.76,78.52,498.07,-6.68,0.39,-53.32,mixed_edge
1-6,lane1_target_exhibition_time_diff_bucket x lane1_target_start_exhibition_st_diff_bucket,target_faster_0.05_0.10 | target_faster_0.03_0.06,141,6,4.26,14100,10130,-3970,71.84,1688.33,3.7,65.46,1770.57,6.38,0.56,-82.24,mixed_edge
1-5,lane1_target_start_gap_pair x target_outer_pressure_bucket,<=0.03-best | low_other_pressure,38,5,13.16,3800,2730,-1070,71.84,546.0,6.69,80.94,1209.34,-9.1,6.47,-663.34,mixed_edge
1-3,lane1_target_group_pair x target_outer_pressure_bucket,B-A | high_other_pressure,1456,166,11.4,145600,104550,-41050,71.81,629.82,15.76,78.52,498.07,-6.71,-4.36,131.75,mixed_edge
1-2,stadium_code,19,516,106,20.54,51600,37050,-14550,71.8,349.53,18.8,81.32,432.61,-9.52,1.74,-83.08,mixed_edge
1-2,stadium_code x target_lane,19 | 2,516,106,20.54,51600,37050,-14550,71.8,349.53,18.8,81.32,432.61,-9.52,1.74,-83.08,mixed_edge
1-4,lane1_target_motor_place_diff_bucket,target_plus_10+,2200,224,10.18,220000,157930,-62070,71.79,705.04,10.14,75.45,744.07,-3.66,0.04,-39.03,mixed_edge
1-5,lane1_target_national_win_diff_bucket,lane1_plus_1.00+,4604,208,4.52,460400,330350,-130050,71.75,1588.22,6.69,80.94,1209.34,-9.19,-2.17,378.88,mixed_edge
1-3,lane1_target_start_gap_pair x target_outer_pressure_bucket,best-<=0.03 | low_other_pressure,76,21,27.63,7600,5450,-2150,71.71,259.52,15.76,78.52,498.07,-6.81,11.87,-238.55,mixed_edge
1-5,lane1_local_win_rank_bucket,3,2227,144,6.47,222700,159630,-63070,71.68,1108.54,6.69,80.94,1209.34,-9.26,-0.22,-100.8,mixed_edge
1-6,lane1_target_start_gap_pair x target_outer_pressure_bucket,>0.06-best | high_other_pressure,622,24,3.86,62200,44570,-17630,71.66,1857.08,3.7,65.46,1770.57,6.2,0.16,86.51,mixed_edge
1-3,lane1_target_group_pair x other_a_count_bucket,A-A | 2,978,212,21.68,97800,70070,-27730,71.65,330.52,15.76,78.52,498.07,-6.87,5.92,-167.55,mixed_edge
1-4,lane1_target_group_pair,A-B,3774,334,8.85,377400,270370,-107030,71.64,809.49,10.14,75.45,744.07,-3.81,-1.29,65.42,mixed_edge
1-4,lane1_target_national_rank_pair,2-4+,1567,121,7.72,156700,112190,-44510,71.6,927.19,10.14,75.45,744.07,-3.85,-2.42,183.12,mixed_edge
1-4,target_lane x lane1_target_national_rank_pair,4 | 2-4+,1567,121,7.72,156700,112190,-44510,71.6,927.19,10.14,75.45,744.07,-3.85,-2.42,183.12,mixed_edge
1-3,lane1_target_group_pair x other_a_count_bucket,A-A | 1,946,245,25.9,94600,67720,-26880,71.59,276.41,15.76,78.52,498.07,-6.93,10.14,-221.66,mixed_edge
1-4,lane1_target_start_gap_pair x target_outer_pressure_bucket,0.04-0.06-<=0.03 | some_other_pressure,95,13,13.68,9500,6800,-2700,71.58,523.08,10.14,75.45,744.07,-3.87,3.54,-220.99,mixed_edge
1-2,wave_bucket,5-9,1502,252,16.78,150200,107480,-42720,71.56,426.51,18.8,81.32,432.61,-9.76,-2.02,-6.1,mixed_edge
1-4,lane1_target_class_pair,A2-B1,1876,149,7.94,187600,134120,-53480,71.49,900.13,10.14,75.45,744.07,-3.96,-2.2,156.06,mixed_edge
1-3,target_class,A2,3239,532,16.42,323900,231290,-92610,71.41,434.76,15.76,78.52,498.07,-7.11,0.66,-63.31,mixed_edge
1-4,other_exhibition_faster_than_target_count_bucket,3,2433,233,9.58,243300,173710,-69590,71.4,745.54,10.14,75.45,744.07,-4.05,-0.56,1.47,mixed_edge
1-4,target_exhibition_rank_bucket x other_exhibition_faster_than_target_count_bucket,4+ | 3,2433,233,9.58,243300,173710,-69590,71.4,745.54,10.14,75.45,744.07,-4.05,-0.56,1.47,mixed_edge
1-3,lane1_target_national_rank_pair x target_outer_pressure_bucket,1-2 | low_other_pressure,157,45,28.66,15700,11210,-4490,71.4,249.11,15.76,78.52,498.07,-7.12,12.9,-248.96,mixed_edge
1-3,lane1_target_group_pair x other_a_count_bucket,A-A | 4,1429,247,17.28,142900,101980,-40920,71.36,412.87,15.76,78.52,498.07,-7.16,1.52,-85.2,mixed_edge
1-4,target_exhibition_rank_bucket x other_exhibition_faster_than_target_count_bucket,3 | 2,630,52,8.25,63000,44930,-18070,71.32,864.04,10.14,75.45,744.07,-4.13,-1.89,119.97,mixed_edge
1-6,lane1_national_win_rank_bucket,3,2224,91,4.09,222400,158590,-63810,71.31,1742.75,3.7,65.46,1770.57,5.85,0.39,-27.82,mixed_edge
1-4,lane1_target_start_gap_pair,0.04-0.06->0.06,546,38,6.96,54600,38930,-15670,71.3,1024.47,10.14,75.45,744.07,-4.15,-3.18,280.4,mixed_edge
1-4,target_lane x lane1_target_start_gap_pair,4 | 0.04-0.06->0.06,546,38,6.96,54600,38930,-15670,71.3,1024.47,10.14,75.45,744.07,-4.15,-3.18,280.4,mixed_edge
1-4,lane1_start_exhibition_gap_bucket x target_start_exhibition_gap_bucket,0.04-0.06 | >0.06,546,38,6.96,54600,38930,-15670,71.3,1024.47,10.14,75.45,744.07,-4.15,-3.18,280.4,mixed_edge
1-4,lane1_target_national_rank_pair x target_outer_pressure_bucket,1-3 | some_other_pressure,295,51,17.29,29500,21030,-8470,71.29,412.35,10.14,75.45,744.07,-4.16,7.15,-331.72,mixed_edge
1-4,lane1_national_win_rank_bucket,2,2676,310,11.58,267600,190710,-76890,71.27,615.19,10.14,75.45,744.07,-4.18,1.44,-128.88,mixed_edge
1-2,lane1_target_group_pair x target_outer_pressure_bucket,A-B | high_other_pressure,3430,511,14.9,343000,244330,-98670,71.23,478.14,18.8,81.32,432.61,-10.09,-3.9,45.53,mixed_edge
1-3,lane1_target_group_pair,A-A,4151,883,21.27,415100,295640,-119460,71.22,334.81,15.76,78.52,498.07,-7.3,5.51,-163.26,mixed_edge
1-5,target_local_win_rank_bucket,3,2007,128,6.38,200700,142920,-57780,71.21,1116.56,6.69,80.94,1209.34,-9.73,-0.31,-92.78,mixed_edge
1-4,lane1_target_national_rank_pair x target_outer_pressure_bucket,2-4+ | high_other_pressure,1565,119,7.6,156500,111310,-45190,71.12,935.38,10.14,75.45,744.07,-4.33,-2.54,191.31,mixed_edge
1-5,target_motor_rank_bucket,3,2024,120,5.93,202400,143880,-58520,71.09,1199.0,6.69,80.94,1209.34,-9.85,-0.76,-10.34,mixed_edge
1-3,lane1_target_class_pair,A2-A2,759,149,19.63,75900,53960,-21940,71.09,362.15,15.76,78.52,498.07,-7.43,3.87,-135.92,mixed_edge
1-2,wind_bucket,5-6,1362,228,16.74,136200,96700,-39500,71.0,424.12,18.8,81.32,432.61,-10.32,-2.06,-8.49,mixed_edge
1-6,lane1_target_group_pair x target_outer_pressure_bucket,B-B | low_other_pressure,31,1,3.23,3100,2200,-900,70.97,2200.0,3.7,65.46,1770.57,5.51,-0.47,429.43,mixed_edge
1-2,lane1_target_national_rank_pair,2-1,509,141,27.7,50900,36030,-14870,70.79,255.53,18.8,81.32,432.61,-10.53,8.9,-177.08,mixed_edge
1-2,target_lane x lane1_target_national_rank_pair,2 | 2-1,509,141,27.7,50900,36030,-14870,70.79,255.53,18.8,81.32,432.61,-10.53,8.9,-177.08,mixed_edge
1-6,lane1_target_start_gap_pair x target_outer_pressure_bucket,0.04-0.06-0.04-0.06 | high_other_pressure,394,13,3.3,39400,27890,-11510,70.79,2145.38,3.7,65.46,1770.57,5.33,-0.4,374.81,mixed_edge
1-3,lane1_target_group_pair x target_outer_pressure_bucket,A-A | low_other_pressure,380,102,26.84,38000,26880,-11120,70.74,263.53,15.76,78.52,498.07,-7.78,11.08,-234.54,mixed_edge
1-4,lane1_exhibition_rank_bucket,2,2876,297,10.33,287600,203430,-84170,70.73,684.95,10.14,75.45,744.07,-4.72,0.19,-59.12,mixed_edge
1-3,lane1_target_class_pair,A1-A2,1082,225,20.79,108200,76450,-31750,70.66,339.78,15.76,78.52,498.07,-7.86,5.03,-158.29,mixed_edge
1-4,lane1_target_start_gap_pair x target_outer_pressure_bucket,<=0.03->0.06 | some_other_pressure,76,10,13.16,7600,5370,-2230,70.66,537.0,10.14,75.45,744.07,-4.79,3.02,-207.07,mixed_edge
1-6,race_no_bucket,10-12R,3194,104,3.26,319400,225610,-93790,70.64,2169.33,3.7,65.46,1770.57,5.18,-0.44,398.76,mixed_edge
1-6,race_no_bucket x target_lane,10-12R | 6,3194,104,3.26,319400,225610,-93790,70.64,2169.33,3.7,65.46,1770.57,5.18,-0.44,398.76,mixed_edge
1-4,lane1_target_exhibition_time_diff_bucket x lane1_target_start_exhibition_st_diff_bucket,lane1_faster_0.10+ | target_faster_0.06+,274,19,6.93,27400,19340,-8060,70.58,1017.89,10.14,75.45,744.07,-4.87,-3.21,273.82,mixed_edge
1-4,lane1_target_national_rank_pair x target_outer_pressure_bucket,4+-2 | some_other_pressure,422,35,8.29,42200,29780,-12420,70.57,850.86,10.14,75.45,744.07,-4.88,-1.85,106.79,mixed_edge
1-4,lane1_target_boat_place_diff_bucket,lane1_plus_10+,1779,182,10.23,177900,125450,-52450,70.52,689.29,10.14,75.45,744.07,-4.93,0.09,-54.78,mixed_edge
1-5,lane1_target_class_pair,A1-A2,983,87,8.85,98300,69320,-28980,70.52,796.78,6.69,80.94,1209.34,-10.42,2.16,-412.56,mixed_edge
1-5,wave_bucket,10+,234,16,6.84,23400,16500,-6900,70.51,1031.25,6.69,80.94,1209.34,-10.43,0.15,-178.09,mixed_edge
1-6,lane1_target_boat_place_diff_bucket,target_plus_10+,1767,62,3.51,176700,124480,-52220,70.45,2007.74,3.7,65.46,1770.57,4.99,-0.19,237.17,mixed_edge
1-2,lane1_target_group_pair x other_a_count_bucket,B-B | 0,512,86,16.8,51200,36070,-15130,70.45,419.42,18.8,81.32,432.61,-10.87,-2.0,-13.19,mixed_edge
1-5,target_exhibition_st_rank_bucket,4+,7187,410,5.7,718700,506090,-212610,70.42,1234.37,6.69,80.94,1209.34,-10.52,-0.99,25.03,mixed_edge
1-5,target_lane x target_exhibition_st_rank_bucket,5 | 4+,7187,410,5.7,718700,506090,-212610,70.42,1234.37,6.69,80.94,1209.34,-10.52,-0.99,25.03,mixed_edge
1-2,lane1_target_class_pair,A2-B2,143,14,9.79,14300,10070,-4230,70.42,719.29,18.8,81.32,432.61,-10.9,-9.01,286.68,mixed_edge
1-4,target_motor_rank_bucket,4+,6629,617,9.31,662900,466780,-196120,70.41,756.53,10.14,75.45,744.07,-5.04,-0.83,12.46,mixed_edge
1-5,other_group_pattern,A-B-A-B,781,37,4.74,78100,54980,-23120,70.4,1485.95,6.69,80.94,1209.34,-10.54,-1.95,276.61,mixed_edge
1-3,target_national_win_rank_bucket x other_national_better_than_target_count_bucket,3 | 1,1274,273,21.43,127400,89590,-37810,70.32,328.17,15.76,78.52,498.07,-8.2,5.67,-169.9,mixed_edge
1-4,lane1_target_group_pair x other_a_count_bucket,B-B | 0,512,41,8.01,51200,35990,-15210,70.29,877.8,10.14,75.45,744.07,-5.16,-2.13,133.73,mixed_edge
1-5,lane1_target_boat_place_diff_bucket,near_equal,4824,300,6.22,482400,338700,-143700,70.21,1129.0,6.69,80.94,1209.34,-10.73,-0.47,-80.34,mixed_edge
1-4,lane1_target_start_gap_pair,<=0.03->0.06,751,65,8.66,75100,52640,-22460,70.09,809.85,10.14,75.45,744.07,-5.36,-1.48,65.78,mixed_edge
1-4,target_lane x lane1_target_start_gap_pair,4 | <=0.03->0.06,751,65,8.66,75100,52640,-22460,70.09,809.85,10.14,75.45,744.07,-5.36,-1.48,65.78,mixed_edge
1-4,lane1_start_exhibition_gap_bucket x target_start_exhibition_gap_bucket,<=0.03 | >0.06,751,65,8.66,75100,52640,-22460,70.09,809.85,10.14,75.45,744.07,-5.36,-1.48,65.78,mixed_edge
1-5,target_exhibition_st_rank_bucket x other_st_faster_than_target_count_bucket,3 | 0,216,18,8.33,21600,15130,-6470,70.05,840.56,6.69,80.94,1209.34,-10.89,1.64,-368.78,mixed_edge
1-4,lane1_exhibition_rank_bucket,3,2183,214,9.8,218300,152880,-65420,70.03,714.39,10.14,75.45,744.07,-5.42,-0.34,-29.68,mixed_edge
1-2,other_st_faster_than_target_count_bucket,2,2053,345,16.8,205300,143560,-61740,69.93,416.12,18.8,81.32,432.61,-11.39,-2.0,-16.49,mixed_edge
1-5,lane1_target_group_pair x other_a_count_bucket,B-B | 1,543,17,3.13,54300,37960,-16340,69.91,2232.94,6.69,80.94,1209.34,-11.03,-3.56,1023.6,mixed_edge
1-5,lane1_target_national_rank_pair x target_outer_pressure_bucket,1-3 | some_other_pressure,235,23,9.79,23500,16430,-7070,69.91,714.35,6.69,80.94,1209.34,-11.03,3.1,-494.99,mixed_edge
1-4,stadium_code,11,480,48,10.0,48000,33550,-14450,69.9,698.96,10.14,75.45,744.07,-5.55,-0.14,-45.11,mixed_edge
1-4,stadium_code x target_lane,11 | 4,480,48,10.0,48000,33550,-14450,69.9,698.96,10.14,75.45,744.07,-5.55,-0.14,-45.11,mixed_edge
1-3,lane1_target_start_exhibition_st_diff_bucket,target_faster_0.03_0.06,1710,249,14.56,171000,119500,-51500,69.88,479.92,15.76,78.52,498.07,-8.64,-1.2,-18.15,mixed_edge
1-5,lane1_exhibition_st_rank_bucket,4+,4463,229,5.13,446300,311790,-134510,69.86,1361.53,6.69,80.94,1209.34,-11.08,-1.56,152.19,mixed_edge
1-4,lane1_target_exhibition_st_rank_pair,3-1,388,42,10.82,38800,27100,-11700,69.85,645.24,10.14,75.45,744.07,-5.6,0.68,-98.83,mixed_edge
1-4,lane1_exhibition_st_rank_bucket x target_exhibition_st_rank_bucket,3 | 1,388,42,10.82,38800,27100,-11700,69.85,645.24,10.14,75.45,744.07,-5.6,0.68,-98.83,mixed_edge
1-5,target_boat_rank_bucket,2,2041,122,5.98,204100,142430,-61670,69.78,1167.46,6.69,80.94,1209.34,-11.16,-0.71,-41.88,mixed_edge
1-4,meeting_phase_bucket,day1-2,4616,432,9.36,461600,321690,-139910,69.69,744.65,10.14,75.45,744.07,-5.76,-0.78,0.58,mixed_edge
1-4,meeting_phase_bucket x target_lane,day1-2 | 4,4616,432,9.36,461600,321690,-139910,69.69,744.65,10.14,75.45,744.07,-5.76,-0.78,0.58,mixed_edge
1-6,lane1_target_national_rank_pair x target_outer_pressure_bucket,2-1 | high_other_pressure,239,24,10.04,23900,16650,-7250,69.67,693.75,3.7,65.46,1770.57,4.21,6.34,-1076.82,mixed_edge
1-5,meeting_phase_bucket,day3-4,4575,280,6.12,457500,318560,-138940,69.63,1137.71,6.69,80.94,1209.34,-11.31,-0.57,-71.63,mixed_edge
1-5,meeting_phase_bucket x target_lane,day3-4 | 5,4575,280,6.12,457500,318560,-138940,69.63,1137.71,6.69,80.94,1209.34,-11.31,-0.57,-71.63,mixed_edge
1-6,lane1_target_exhibition_time_diff_bucket,near_equal,5809,242,4.17,580900,404310,-176590,69.6,1670.7,3.7,65.46,1770.57,4.14,0.47,-99.87,mixed_edge
1-5,other_st_faster_than_target_count_bucket,3,2864,155,5.41,286400,199320,-87080,69.59,1285.94,6.69,80.94,1209.34,-11.35,-1.28,76.6,mixed_edge
1-5,target_exhibition_st_rank_bucket x other_st_faster_than_target_count_bucket,4+ | 3,2864,155,5.41,286400,199320,-87080,69.59,1285.94,6.69,80.94,1209.34,-11.35,-1.28,76.6,mixed_edge
1-6,lane1_target_group_pair x other_a_count_bucket,A-A | 2,1036,51,4.92,103600,72090,-31510,69.58,1413.53,3.7,65.46,1770.57,4.12,1.22,-357.04,mixed_edge
1-5,lane1_target_start_gap_pair x target_outer_pressure_bucket,best->0.06 | high_other_pressure,1919,102,5.32,191900,133440,-58460,69.54,1308.24,6.69,80.94,1209.34,-11.4,-1.37,98.9,mixed_edge
1-6,race_no_bucket,4-6R,3214,135,4.2,321400,223430,-97970,69.52,1655.04,3.7,65.46,1770.57,4.06,0.5,-115.53,mixed_edge
1-6,race_no_bucket x target_lane,4-6R | 6,3214,135,4.2,321400,223430,-97970,69.52,1655.04,3.7,65.46,1770.57,4.06,0.5,-115.53,mixed_edge
1-2,lane1_target_national_rank_pair x target_outer_pressure_bucket,4+-1 | some_other_pressure,261,47,18.01,26100,18140,-7960,69.5,385.96,18.8,81.32,432.61,-11.82,-0.79,-46.65,mixed_edge
1-2,lane1_target_start_gap_pair x target_outer_pressure_bucket,0.04-0.06->0.06 | low_other_pressure,40,10,25.0,4000,2780,-1220,69.5,278.0,18.8,81.32,432.61,-11.82,6.2,-154.61,mixed_edge
1-3,lane1_target_group_pair x other_a_count_bucket,B-A | 0,213,40,18.78,21300,14800,-6500,69.48,370.0,15.76,78.52,498.07,-9.04,3.02,-128.07,mixed_edge
1-4,lane1_target_start_gap_pair x target_outer_pressure_bucket,0.04-0.06->0.06 | high_other_pressure,470,27,5.74,47000,32650,-14350,69.47,1209.26,10.14,75.45,744.07,-5.98,-4.4,465.19,mixed_edge
1-4,target_class_group x target_outer_pressure_bucket,A | some_other_pressure,1290,184,14.26,129000,89580,-39420,69.44,486.85,10.14,75.45,744.07,-6.01,4.12,-257.22,mixed_edge
1-5,other_exhibition_faster_than_target_count_bucket,4,2379,110,4.62,237900,165170,-72730,69.43,1501.55,6.69,80.94,1209.34,-11.51,-2.07,292.21,mixed_edge
1-5,target_exhibition_rank_bucket x other_exhibition_faster_than_target_count_bucket,4+ | 4,2379,110,4.62,237900,165170,-72730,69.43,1501.55,6.69,80.94,1209.34,-11.51,-2.07,292.21,mixed_edge
1-3,lane1_target_exhibition_time_diff_bucket x lane1_target_start_exhibition_st_diff_bucket,target_faster_0.10+ | near_equal,230,31,13.48,23000,15960,-7040,69.39,514.84,15.76,78.52,498.07,-9.13,-2.28,16.77,mixed_edge
1-3,other_exhibition_faster_than_target_count_bucket,2,2653,391,14.74,265300,184050,-81250,69.37,470.72,15.76,78.52,498.07,-9.15,-1.02,-27.35,mixed_edge
1-4,lane1_national_win_rank_bucket,3,2224,218,9.8,222400,154270,-68130,69.37,707.66,10.14,75.45,744.07,-6.08,-0.34,-36.41,mixed_edge
1-5,stadium_code,17,598,30,5.02,59800,41480,-18320,69.36,1382.67,6.69,80.94,1209.34,-11.58,-1.67,173.33,mixed_edge
1-5,stadium_code x target_lane,17 | 5,598,30,5.02,59800,41480,-18320,69.36,1382.67,6.69,80.94,1209.34,-11.58,-1.67,173.33,mixed_edge
1-3,lane1_target_start_gap_pair,0.04-0.06-<=0.03,618,97,15.7,61800,42860,-18940,69.35,441.86,15.76,78.52,498.07,-9.17,-0.06,-56.21,mixed_edge
1-3,target_lane x lane1_target_start_gap_pair,3 | 0.04-0.06-<=0.03,618,97,15.7,61800,42860,-18940,69.35,441.86,15.76,78.52,498.07,-9.17,-0.06,-56.21,mixed_edge
1-3,lane1_start_exhibition_gap_bucket x target_start_exhibition_gap_bucket,0.04-0.06 | <=0.03,618,97,15.7,61800,42860,-18940,69.35,441.86,15.76,78.52,498.07,-9.17,-0.06,-56.21,mixed_edge
1-6,lane1_class,A1,4348,177,4.07,434800,301430,-133370,69.33,1702.99,3.7,65.46,1770.57,3.87,0.37,-67.58,mixed_edge
1-3,target_class_group x target_outer_pressure_bucket,A | high_other_pressure,4324,707,16.35,432400,299750,-132650,69.32,423.97,15.76,78.52,498.07,-9.2,0.59,-74.1,mixed_edge
1-5,stadium_code,23,216,12,5.56,21600,14970,-6630,69.31,1247.5,6.69,80.94,1209.34,-11.63,-1.13,38.16,mixed_edge
1-5,stadium_code x target_lane,23 | 5,216,12,5.56,21600,14970,-6630,69.31,1247.5,6.69,80.94,1209.34,-11.63,-1.13,38.16,mixed_edge
1-6,lane1_boat_rank_bucket,2,2158,77,3.57,215800,149470,-66330,69.26,1941.17,3.7,65.46,1770.57,3.8,-0.13,170.6,mixed_edge
1-3,lane1_target_start_gap_pair x target_outer_pressure_bucket,0.04-0.06-<=0.03 | high_other_pressure,498,68,13.65,49800,34470,-15330,69.22,506.91,15.76,78.52,498.07,-9.3,-2.11,8.84,mixed_edge
1-4,lane1_target_exhibition_time_diff_bucket x lane1_target_start_exhibition_st_diff_bucket,lane1_faster_0.05_0.10 | near_equal,810,86,10.62,81000,56050,-24950,69.2,651.74,10.14,75.45,744.07,-6.25,0.48,-92.33,mixed_edge
1-2,stadium_code,11,480,77,16.04,48000,33200,-14800,69.17,431.17,18.8,81.32,432.61,-12.15,-2.76,-1.44,mixed_edge
1-2,stadium_code x target_lane,11 | 2,480,77,16.04,48000,33200,-14800,69.17,431.17,18.8,81.32,432.61,-12.15,-2.76,-1.44,mixed_edge
1-3,lane1_target_class_pair,A1-A1,1606,321,19.99,160600,111020,-49580,69.13,345.86,15.76,78.52,498.07,-9.39,4.23,-152.21,mixed_edge
1-5,lane1_target_start_gap_pair,best->0.06,2242,137,6.11,224200,154970,-69230,69.12,1131.17,6.69,80.94,1209.34,-11.82,-0.58,-78.17,mixed_edge
1-5,target_lane x lane1_target_start_gap_pair,5 | best->0.06,2242,137,6.11,224200,154970,-69230,69.12,1131.17,6.69,80.94,1209.34,-11.82,-0.58,-78.17,mixed_edge
1-5,lane1_start_exhibition_gap_bucket x target_start_exhibition_gap_bucket,best | >0.06,2242,137,6.11,224200,154970,-69230,69.12,1131.17,6.69,80.94,1209.34,-11.82,-0.58,-78.17,mixed_edge
1-5,lane1_target_exhibition_time_diff_bucket x lane1_target_start_exhibition_st_diff_bucket,near_equal | target_faster_0.06+,1013,46,4.54,101300,69980,-31320,69.08,1521.3,6.69,80.94,1209.34,-11.86,-2.15,311.96,mixed_edge
1-4,lane1_boat_rank_bucket,2,2158,203,9.41,215800,149050,-66750,69.07,734.24,10.14,75.45,744.07,-6.38,-0.73,-9.83,mixed_edge
1-4,target_local_win_rank_bucket,2,2061,242,11.74,206100,142290,-63810,69.04,587.98,10.14,75.45,744.07,-6.41,1.6,-156.09,mixed_edge
1-5,lane1_target_start_exhibition_st_diff_bucket,target_faster_0.06+,2061,101,4.9,206100,142210,-63890,69.0,1408.02,6.69,80.94,1209.34,-11.94,-1.79,198.68,mixed_edge
1-3,other_exhibition_faster_than_target_count_bucket,4,2017,250,12.39,201700,139160,-62540,68.99,556.64,15.76,78.52,498.07,-9.53,-3.37,58.57,mixed_edge
1-3,target_exhibition_rank_bucket x other_exhibition_faster_than_target_count_bucket,4+ | 4,2017,250,12.39,201700,139160,-62540,68.99,556.64,15.76,78.52,498.07,-9.53,-3.37,58.57,mixed_edge
1-4,lane1_target_motor_place_diff_bucket,lane1_plus_10+,2172,226,10.41,217200,149730,-67470,68.94,662.52,10.14,75.45,744.07,-6.51,0.27,-81.55,mixed_edge
1-6,other_st_faster_than_target_count_bucket,2,2286,87,3.81,228600,157560,-71040,68.92,1811.03,3.7,65.46,1770.57,3.46,0.11,40.46,mixed_edge
1-6,target_exhibition_rank_bucket x other_exhibition_faster_than_target_count_bucket,2 | 1,873,35,4.01,87300,60160,-27140,68.91,1718.86,3.7,65.46,1770.57,3.45,0.31,-51.71,mixed_edge
1-2,lane1_target_group_pair x target_outer_pressure_bucket,B-B | some_other_pressure,221,36,16.29,22100,15230,-6870,68.91,423.06,18.8,81.32,432.61,-12.41,-2.51,-9.55,mixed_edge
1-4,lane1_target_start_gap_pair x target_outer_pressure_bucket,<=0.03->0.06 | high_other_pressure,645,49,7.6,64500,44440,-20060,68.9,906.94,10.14,75.45,744.07,-6.55,-2.54,162.87,mixed_edge
1-6,lane1_national_win_rank_bucket,2,2676,118,4.41,267600,184340,-83260,68.89,1562.2,3.7,65.46,1770.57,3.43,0.71,-208.37,mixed_edge
1-6,lane1_start_exhibition_gap_bucket,0.04-0.06,2331,84,3.6,233100,160560,-72540,68.88,1911.43,3.7,65.46,1770.57,3.42,-0.1,140.86,mixed_edge
1-6,lane1_start_exhibition_gap_bucket,<=0.03,2929,120,4.1,292900,201520,-91380,68.8,1679.33,3.7,65.46,1770.57,3.34,0.4,-91.24,mixed_edge
1-4,target_outer_pressure_bucket,some_other_pressure,1725,233,13.51,172500,118670,-53830,68.79,509.31,10.14,75.45,744.07,-6.66,3.37,-234.76,mixed_edge
1-4,target_lane x target_outer_pressure_bucket,4 | some_other_pressure,1725,233,13.51,172500,118670,-53830,68.79,509.31,10.14,75.45,744.07,-6.66,3.37,-234.76,mixed_edge
1-2,lane1_target_exhibition_time_diff_bucket x lane1_target_start_exhibition_st_diff_bucket,lane1_faster_0.05_0.10 | target_faster_0.03_0.06,271,49,18.08,27100,18640,-8460,68.78,380.41,18.8,81.32,432.61,-12.54,-0.72,-52.2,mixed_edge
1-5,lane1_target_start_gap_pair,<=0.03->0.06,917,50,5.45,91700,63040,-28660,68.75,1260.8,6.69,80.94,1209.34,-12.19,-1.24,51.46,mixed_edge
1-5,target_lane x lane1_target_start_gap_pair,5 | <=0.03->0.06,917,50,5.45,91700,63040,-28660,68.75,1260.8,6.69,80.94,1209.34,-12.19,-1.24,51.46,mixed_edge
1-5,lane1_start_exhibition_gap_bucket x target_start_exhibition_gap_bucket,<=0.03 | >0.06,917,50,5.45,91700,63040,-28660,68.75,1260.8,6.69,80.94,1209.34,-12.19,-1.24,51.46,mixed_edge
1-2,lane1_target_exhibition_st_rank_pair,2-3,641,114,17.78,64100,44010,-20090,68.66,386.05,18.8,81.32,432.61,-12.66,-1.02,-46.56,mixed_edge
1-2,lane1_exhibition_st_rank_bucket x target_exhibition_st_rank_bucket,2 | 3,641,114,17.78,64100,44010,-20090,68.66,386.05,18.8,81.32,432.61,-12.66,-1.02,-46.56,mixed_edge
1-4,race_no_bucket,7-9R,3197,309,9.67,319700,219470,-100230,68.65,710.26,10.14,75.45,744.07,-6.8,-0.47,-33.81,mixed_edge
1-4,race_no_bucket x target_lane,7-9R | 4,3197,309,9.67,319700,219470,-100230,68.65,710.26,10.14,75.45,744.07,-6.8,-0.47,-33.81,mixed_edge
1-4,target_exhibition_rank_bucket,4+,6959,609,8.75,695900,477480,-218420,68.61,784.04,10.14,75.45,744.07,-6.84,-1.39,39.97,mixed_edge
1-2,lane1_target_exhibition_st_rank_pair,2-4+,894,145,16.22,89400,61340,-28060,68.61,423.03,18.8,81.32,432.61,-12.71,-2.58,-9.58,mixed_edge
1-2,lane1_exhibition_st_rank_bucket x target_exhibition_st_rank_bucket,2 | 4+,894,145,16.22,89400,61340,-28060,68.61,423.03,18.8,81.32,432.61,-12.71,-2.58,-9.58,mixed_edge
1-4,lane1_target_exhibition_time_diff_bucket x lane1_target_start_exhibition_st_diff_bucket,target_faster_0.10+ | lane1_faster_0.06+,151,11,7.28,15100,10360,-4740,68.61,941.82,10.14,75.45,744.07,-6.84,-2.86,197.75,mixed_edge
1-6,lane1_target_national_rank_pair,3-4+,1368,21,1.54,136800,93830,-42970,68.59,4468.1,3.7,65.46,1770.57,3.13,-2.16,2697.53,mixed_edge
1-6,target_lane x lane1_target_national_rank_pair,6 | 3-4+,1368,21,1.54,136800,93830,-42970,68.59,4468.1,3.7,65.46,1770.57,3.13,-2.16,2697.53,mixed_edge
1-6,lane1_target_national_rank_pair x target_outer_pressure_bucket,3-4+ | high_other_pressure,1368,21,1.54,136800,93830,-42970,68.59,4468.1,3.7,65.46,1770.57,3.13,-2.16,2697.53,mixed_edge
1-4,lane1_target_national_win_diff_bucket,near_equal,2489,275,11.05,248900,170650,-78250,68.56,620.55,10.14,75.45,744.07,-6.89,0.91,-123.52,mixed_edge
1-3,lane1_target_start_gap_pair,0.04-0.06-best,619,100,16.16,61900,42430,-19470,68.55,424.3,15.76,78.52,498.07,-9.97,0.4,-73.77,mixed_edge
1-3,target_lane x lane1_target_start_gap_pair,3 | 0.04-0.06-best,619,100,16.16,61900,42430,-19470,68.55,424.3,15.76,78.52,498.07,-9.97,0.4,-73.77,mixed_edge
1-3,lane1_start_exhibition_gap_bucket x target_start_exhibition_gap_bucket,0.04-0.06 | best,619,100,16.16,61900,42430,-19470,68.55,424.3,15.76,78.52,498.07,-9.97,0.4,-73.77,mixed_edge
1-3,target_class_group x target_outer_pressure_bucket,A | low_other_pressure,646,139,21.52,64600,44280,-20320,68.54,318.56,15.76,78.52,498.07,-9.98,5.76,-179.51,mixed_edge
1-6,other_group_pattern,B-A-B-A,793,19,2.4,79300,54320,-24980,68.5,2858.95,3.7,65.46,1770.57,3.04,-1.3,1088.38,mixed_edge
1-3,target_outer_pressure_bucket,low_other_pressure,722,156,21.61,72200,49450,-22750,68.49,316.99,15.76,78.52,498.07,-10.03,5.85,-181.08,mixed_edge
1-3,target_lane x target_outer_pressure_bucket,3 | low_other_pressure,722,156,21.61,72200,49450,-22750,68.49,316.99,15.76,78.52,498.07,-10.03,5.85,-181.08,mixed_edge
1-4,lane1_target_group_pair x target_outer_pressure_bucket,B-A | low_other_pressure,203,24,11.82,20300,13900,-6400,68.47,579.17,10.14,75.45,744.07,-6.98,1.68,-164.9,mixed_edge
1-4,other_group_pattern,B-A-B-B,874,89,10.18,87400,59830,-27570,68.46,672.25,10.14,75.45,744.07,-6.99,0.04,-71.82,mixed_edge
1-3,target_exhibition_rank_bucket x other_exhibition_faster_than_target_count_bucket,4+ | 2,1966,289,14.7,196600,134460,-62140,68.39,465.26,15.76,78.52,498.07,-10.13,-1.06,-32.81,mixed_edge
1-6,lane1_target_start_gap_pair x target_outer_pressure_bucket,>0.06-<=0.03 | high_other_pressure,488,16,3.28,48800,33350,-15450,68.34,2084.38,3.7,65.46,1770.57,2.88,-0.42,313.81,mixed_edge
1-6,lane1_target_national_rank_pair x target_outer_pressure_bucket,1-2 | high_other_pressure,313,21,6.71,31300,21390,-9910,68.34,1018.57,3.7,65.46,1770.57,2.88,3.01,-752.0,mixed_edge
1-2,lane1_target_group_pair x other_a_count_bucket,A-B | 2,1397,177,12.67,139700,95420,-44280,68.3,539.1,18.8,81.32,432.61,-13.02,-6.13,106.49,mixed_edge
1-6,lane1_target_motor_place_diff_bucket,near_equal,4082,141,3.45,408200,278750,-129450,68.29,1976.95,3.7,65.46,1770.57,2.83,-0.25,206.38,mixed_edge
1-2,other_group_pattern,B-B-A-B,773,135,17.46,77300,52760,-24540,68.25,390.81,18.8,81.32,432.61,-13.07,-1.34,-41.8,mixed_edge
1-6,lane1_target_class_pair,A2-A1,715,70,9.79,71500,48800,-22700,68.25,697.14,3.7,65.46,1770.57,2.79,6.09,-1073.43,mixed_edge
1-6,lane1_motor_rank_bucket,2,2117,88,4.16,211700,144360,-67340,68.19,1640.45,3.7,65.46,1770.57,2.73,0.46,-130.12,mixed_edge
1-6,other_a_count_bucket,0,1606,87,5.42,160600,109490,-51110,68.18,1258.51,3.7,65.46,1770.57,2.72,1.72,-512.06,mixed_edge
1-6,other_group_pattern,B-B-B-B,1606,87,5.42,160600,109490,-51110,68.18,1258.51,3.7,65.46,1770.57,2.72,1.72,-512.06,mixed_edge
1-6,target_lane x other_a_count_bucket,6 | 0,1606,87,5.42,160600,109490,-51110,68.18,1258.51,3.7,65.46,1770.57,2.72,1.72,-512.06,mixed_edge
1-4,lane1_target_group_pair x target_outer_pressure_bucket,B-B | some_other_pressure,177,15,8.47,17700,12060,-5640,68.14,804.0,10.14,75.45,744.07,-7.31,-1.67,59.93,mixed_edge
1-6,lane1_target_class_pair,B2-B1,133,2,1.5,13300,9060,-4240,68.12,4530.0,3.7,65.46,1770.57,2.66,-2.2,2759.43,mixed_edge
1-2,lane1_target_start_gap_pair x target_outer_pressure_bucket,best-best | low_other_pressure,32,9,28.12,3200,2180,-1020,68.12,242.22,18.8,81.32,432.61,-13.2,9.32,-190.39,mixed_edge
1-4,target_class,B2,862,34,3.94,86200,58680,-27520,68.07,1725.88,10.14,75.45,744.07,-7.38,-6.2,981.81,mixed_edge
1-3,lane1_target_group_pair x target_outer_pressure_bucket,A-A | high_other_pressure,2868,541,18.86,286800,195200,-91600,68.06,360.81,15.76,78.52,498.07,-10.46,3.1,-137.26,mixed_edge
1-4,lane1_target_local_win_diff_bucket,near_equal,1881,190,10.1,188100,128020,-60080,68.06,673.79,10.14,75.45,744.07,-7.39,-0.04,-70.28,mixed_edge
1-3,target_class_group x target_outer_pressure_bucket,B | low_other_pressure,76,17,22.37,7600,5170,-2430,68.03,304.12,15.76,78.52,498.07,-10.49,6.61,-193.95,mixed_edge
1-6,target_motor_rank_bucket,1,2108,97,4.6,210800,143270,-67530,67.96,1477.01,3.7,65.46,1770.57,2.5,0.9,-293.56,mixed_edge
1-6,lane1_target_national_win_diff_bucket,near_equal,2211,84,3.8,221100,150210,-70890,67.94,1788.21,3.7,65.46,1770.57,2.48,0.1,17.64,mixed_edge
1-2,other_group_pattern,A-A-A-B,499,76,15.23,49900,33870,-16030,67.88,445.66,18.8,81.32,432.61,-13.44,-3.57,13.05,mixed_edge
1-4,lane1_target_start_gap_pair x target_outer_pressure_bucket,best->0.06 | some_other_pressure,243,36,14.81,24300,16490,-7810,67.86,458.06,10.14,75.45,744.07,-7.59,4.67,-286.01,mixed_edge
1-5,other_group_pattern,A-A-B-B,738,36,4.88,73800,49960,-23840,67.7,1387.78,6.69,80.94,1209.34,-13.24,-1.81,178.44,mixed_edge
1-6,lane1_class_group,A,7901,326,4.13,790100,534800,-255300,67.69,1640.49,3.7,65.46,1770.57,2.23,0.43,-130.08,mixed_edge
1-6,lane1_target_boat_place_diff_bucket,near_equal,4848,179,3.69,484800,328110,-156690,67.68,1833.02,3.7,65.46,1770.57,2.22,-0.01,62.45,mixed_edge
1-3,stadium_code,05,647,82,12.67,64700,43760,-20940,67.64,533.66,15.76,78.52,498.07,-10.88,-3.09,35.59,mixed_edge
1-3,stadium_code x target_lane,05 | 3,647,82,12.67,64700,43760,-20940,67.64,533.66,15.76,78.52,498.07,-10.88,-3.09,35.59,mixed_edge
1-4,lane1_target_group_pair x target_outer_pressure_bucket,A-A | some_other_pressure,815,139,17.06,81500,55110,-26390,67.62,396.47,10.14,75.45,744.07,-7.83,6.92,-347.6,mixed_edge
1-6,target_exhibition_st_rank_bucket x other_st_faster_than_target_count_bucket,4+ | 1,426,19,4.46,42600,28800,-13800,67.61,1515.79,3.7,65.46,1770.57,2.15,0.76,-254.78,mixed_edge
1-4,target_start_exhibition_gap_bucket,>0.06,4151,361,8.7,415100,280200,-134900,67.5,776.18,10.14,75.45,744.07,-7.95,-1.44,32.11,mixed_edge
1-4,target_lane x target_start_exhibition_gap_bucket,4 | >0.06,4151,361,8.7,415100,280200,-134900,67.5,776.18,10.14,75.45,744.07,-7.95,-1.44,32.11,mixed_edge
1-4,target_start_exhibition_gap_bucket,best,2479,249,10.04,247900,167250,-80650,67.47,671.69,10.14,75.45,744.07,-7.98,-0.1,-72.38,mixed_edge
1-4,target_lane x target_start_exhibition_gap_bucket,4 | best,2479,249,10.04,247900,167250,-80650,67.47,671.69,10.14,75.45,744.07,-7.98,-0.1,-72.38,mixed_edge
1-6,lane1_exhibition_rank_bucket,1,3822,157,4.11,382200,257840,-124360,67.46,1642.29,3.7,65.46,1770.57,2.0,0.41,-128.28,mixed_edge
1-4,lane1_target_start_gap_pair x target_outer_pressure_bucket,<=0.03-<=0.03 | some_other_pressure,106,15,14.15,10600,7150,-3450,67.45,476.67,10.14,75.45,744.07,-8.0,4.01,-267.4,mixed_edge
1-5,lane1_target_exhibition_time_diff_bucket x lane1_target_start_exhibition_st_diff_bucket,target_faster_0.10+ | target_faster_0.03_0.06,77,7,9.09,7700,5190,-2510,67.4,741.43,6.69,80.94,1209.34,-13.54,2.4,-467.91,mixed_edge
1-6,wave_bucket,0-4,11084,422,3.81,1108400,746930,-361470,67.39,1769.98,3.7,65.46,1770.57,1.93,0.11,-0.59,mixed_edge
1-6,lane1_local_win_rank_bucket,1,3015,123,4.08,301500,202970,-98530,67.32,1650.16,3.7,65.46,1770.57,1.86,0.38,-120.41,mixed_edge
1-5,target_class_group x target_outer_pressure_bucket,A | low_other_pressure,592,73,12.33,59200,39840,-19360,67.3,545.75,6.69,80.94,1209.34,-13.64,5.64,-663.59,mixed_edge
1-4,lane1_target_national_rank_pair,3-4+,1374,88,6.4,137400,92430,-44970,67.27,1050.34,10.14,75.45,744.07,-8.18,-3.74,306.27,mixed_edge
1-4,target_lane x lane1_target_national_rank_pair,4 | 3-4+,1374,88,6.4,137400,92430,-44970,67.27,1050.34,10.14,75.45,744.07,-8.18,-3.74,306.27,mixed_edge
1-4,lane1_target_national_rank_pair x target_outer_pressure_bucket,3-4+ | high_other_pressure,1374,88,6.4,137400,92430,-44970,67.27,1050.34,10.14,75.45,744.07,-8.18,-3.74,306.27,mixed_edge
1-4,lane1_class,A2,3553,375,10.55,355300,238970,-116330,67.26,637.25,10.14,75.45,744.07,-8.19,0.41,-106.82,mixed_edge
1-4,stadium_code,22,719,68,9.46,71900,48300,-23600,67.18,710.29,10.14,75.45,744.07,-8.27,-0.68,-33.78,mixed_edge
1-4,stadium_code x target_lane,22 | 4,719,68,9.46,71900,48300,-23600,67.18,710.29,10.14,75.45,744.07,-8.27,-0.68,-33.78,mixed_edge
1-2,wave_bucket,10+,234,35,14.96,23400,15720,-7680,67.18,449.14,18.8,81.32,432.61,-14.14,-3.84,16.53,mixed_edge
1-6,lane1_target_national_rank_pair x target_outer_pressure_bucket,3-2 | high_other_pressure,206,10,4.85,20600,13840,-6760,67.18,1384.0,3.7,65.46,1770.57,1.72,1.15,-386.57,mixed_edge
1-4,lane1_target_group_pair x other_a_count_bucket,A-A | 2,915,123,13.44,91500,61430,-30070,67.14,499.43,10.14,75.45,744.07,-8.31,3.3,-244.64,mixed_edge
1-5,lane1_target_exhibition_time_diff_bucket x lane1_target_start_exhibition_st_diff_bucket,lane1_faster_0.10+ | lane1_faster_0.06+,560,28,5.0,56000,37570,-18430,67.09,1341.79,6.69,80.94,1209.34,-13.85,-1.69,132.45,mixed_edge
1-3,grade_group,G1,324,43,13.27,32400,21730,-10670,67.07,505.35,15.76,78.52,498.07,-11.45,-2.49,7.28,mixed_edge
1-3,lane1_target_national_rank_pair x target_outer_pressure_bucket,2-3 | some_other_pressure,283,58,20.49,28300,18970,-9330,67.03,327.07,15.76,78.52,498.07,-11.49,4.73,-171.0,mixed_edge
1-3,lane1_start_exhibition_gap_bucket,0.04-0.06,2331,329,14.11,233100,156210,-76890,67.01,474.8,15.76,78.52,498.07,-11.51,-1.65,-23.27,mixed_edge
1-4,target_class_group x target_outer_pressure_bucket,B | some_other_pressure,435,49,11.26,43500,29090,-14410,66.87,593.67,10.14,75.45,744.07,-8.58,1.12,-150.4,mixed_edge
1-6,lane1_target_exhibition_time_diff_bucket x lane1_target_start_exhibition_st_diff_bucket,lane1_faster_0.10+ | near_equal,415,18,4.34,41500,27740,-13760,66.84,1541.11,3.7,65.46,1770.57,1.38,0.64,-229.46,mixed_edge
1-4,lane1_target_national_rank_pair,1-3,665,100,15.04,66500,44410,-22090,66.78,444.1,10.14,75.45,744.07,-8.67,4.9,-299.97,mixed_edge
1-4,target_lane x lane1_target_national_rank_pair,4 | 1-3,665,100,15.04,66500,44410,-22090,66.78,444.1,10.14,75.45,744.07,-8.67,4.9,-299.97,mixed_edge
1-4,other_st_faster_than_target_count_bucket,3,2055,169,8.22,205500,137170,-68330,66.75,811.66,10.14,75.45,744.07,-8.7,-1.92,67.59,mixed_edge
1-4,target_exhibition_st_rank_bucket x other_st_faster_than_target_count_bucket,4+ | 3,2055,169,8.22,205500,137170,-68330,66.75,811.66,10.14,75.45,744.07,-8.7,-1.92,67.59,mixed_edge
1-4,target_exhibition_st_rank_bucket x other_st_faster_than_target_count_bucket,2 | 1,1214,105,8.65,121400,81020,-40380,66.74,771.62,10.14,75.45,744.07,-8.71,-1.49,27.55,mixed_edge
1-6,target_local_win_rank_bucket,3,1860,68,3.66,186000,123940,-62060,66.63,1822.65,3.7,65.46,1770.57,1.17,-0.04,52.08,mixed_edge
1-3,lane1_target_exhibition_time_diff_bucket,target_faster_0.10+,602,75,12.46,60200,40110,-20090,66.63,534.8,15.76,78.52,498.07,-11.89,-3.3,36.73,mixed_edge
1-6,lane1_local_win_rank_bucket,3,2227,88,3.95,222700,148360,-74340,66.62,1685.91,3.7,65.46,1770.57,1.16,0.25,-84.66,mixed_edge
1-3,lane1_target_group_pair x other_a_count_bucket,A-A | 3,533,100,18.76,53300,35490,-17810,66.59,354.9,15.76,78.52,498.07,-11.93,3.0,-143.17,mixed_edge
1-2,lane1_target_exhibition_time_diff_bucket x lane1_target_start_exhibition_st_diff_bucket,lane1_faster_0.10+ | lane1_faster_0.06+,277,44,15.88,27700,18420,-9280,66.5,418.64,18.8,81.32,432.61,-14.82,-2.92,-13.97,mixed_edge
1-2,lane1_target_start_gap_pair x target_outer_pressure_bucket,>0.06-0.04-0.06 | high_other_pressure,495,58,11.72,49500,32910,-16590,66.48,567.41,18.8,81.32,432.61,-14.84,-7.08,134.8,mixed_edge
1-6,lane1_national_win_rank_bucket,1,3158,127,4.02,315800,209810,-105990,66.44,1652.05,3.7,65.46,1770.57,0.98,0.32,-118.52,mixed_edge
1-3,stadium_code,11,480,61,12.71,48000,31880,-16120,66.42,522.62,15.76,78.52,498.07,-12.1,-3.05,24.55,mixed_edge
1-3,stadium_code x target_lane,11 | 3,480,61,12.71,48000,31880,-16120,66.42,522.62,15.76,78.52,498.07,-12.1,-3.05,24.55,mixed_edge
1-6,lane1_target_national_rank_pair,2-1,507,59,11.64,50700,33670,-17030,66.41,570.68,3.7,65.46,1770.57,0.95,7.94,-1199.89,mixed_edge
1-6,target_lane x lane1_target_national_rank_pair,6 | 2-1,507,59,11.64,50700,33670,-17030,66.41,570.68,3.7,65.46,1770.57,0.95,7.94,-1199.89,mixed_edge
1-6,month,2025-12,4763,177,3.72,476300,316180,-160120,66.38,1786.33,3.7,65.46,1770.57,0.92,0.02,15.76,mixed_edge
1-4,lane1_target_boat_place_diff_bucket,lane1_plus_4_10,2244,214,9.54,224400,148780,-75620,66.3,695.23,10.14,75.45,744.07,-9.15,-0.6,-48.84,mixed_edge
1-3,other_group_pattern,A-B-B-B,645,83,12.87,64500,42750,-21750,66.28,515.06,15.76,78.52,498.07,-12.24,-2.89,16.99,mixed_edge
1-3,stadium_code,17,598,93,15.55,59800,39600,-20200,66.22,425.81,15.76,78.52,498.07,-12.3,-0.21,-72.26,mixed_edge
1-3,stadium_code x target_lane,17 | 3,598,93,15.55,59800,39600,-20200,66.22,425.81,15.76,78.52,498.07,-12.3,-0.21,-72.26,mixed_edge
1-3,lane1_target_exhibition_st_rank_pair,2-4+,950,127,13.37,95000,62860,-32140,66.17,494.96,15.76,78.52,498.07,-12.35,-2.39,-3.11,mixed_edge
1-3,lane1_exhibition_st_rank_bucket x target_exhibition_st_rank_bucket,2 | 4+,950,127,13.37,95000,62860,-32140,66.17,494.96,15.76,78.52,498.07,-12.35,-2.39,-3.11,mixed_edge
1-3,lane1_target_national_rank_pair x target_outer_pressure_bucket,2-1 | high_other_pressure,284,71,25.0,28400,18770,-9630,66.09,264.37,15.76,78.52,498.07,-12.43,9.24,-233.7,mixed_edge
1-5,other_national_better_than_target_count_bucket,4,2905,77,2.65,290500,191920,-98580,66.07,2492.47,6.69,80.94,1209.34,-14.87,-4.04,1283.13,mixed_edge
1-5,target_national_win_rank_bucket x other_national_better_than_target_count_bucket,4+ | 4,2905,77,2.65,290500,191920,-98580,66.07,2492.47,6.69,80.94,1209.34,-14.87,-4.04,1283.13,mixed_edge
1-4,target_national_win_rank_bucket x other_national_better_than_target_count_bucket,3 | 1,1180,157,13.31,118000,77910,-40090,66.03,496.24,10.14,75.45,744.07,-9.42,3.17,-247.83,mixed_edge
1-2,lane1_target_exhibition_st_rank_pair,3-4+,1040,161,15.48,104000,68670,-35330,66.03,426.52,18.8,81.32,432.61,-15.29,-3.32,-6.09,mixed_edge
1-2,lane1_exhibition_st_rank_bucket x target_exhibition_st_rank_bucket,3 | 4+,1040,161,15.48,104000,68670,-35330,66.03,426.52,18.8,81.32,432.61,-15.29,-3.32,-6.09,mixed_edge
1-6,other_group_pattern,A-B-A-A,542,10,1.85,54200,35790,-18410,66.03,3579.0,3.7,65.46,1770.57,0.57,-1.85,1808.43,mixed_edge
1-5,target_outer_pressure_bucket,low_other_pressure,665,81,12.18,66500,43900,-22600,66.02,541.98,6.69,80.94,1209.34,-14.92,5.49,-667.36,mixed_edge
1-5,target_lane x target_outer_pressure_bucket,5 | low_other_pressure,665,81,12.18,66500,43900,-22600,66.02,541.98,6.69,80.94,1209.34,-14.92,5.49,-667.36,mixed_edge
1-3,lane1_target_national_rank_pair x target_outer_pressure_bucket,1-2 | high_other_pressure,333,80,24.02,33300,21980,-11320,66.01,274.75,15.76,78.52,498.07,-12.51,8.26,-223.32,mixed_edge
1-4,lane1_target_group_pair x target_outer_pressure_bucket,A-B | some_other_pressure,258,34,13.18,25800,17030,-8770,66.01,500.88,10.14,75.45,744.07,-9.44,3.04,-243.19,mixed_edge
1-6,target_boat_rank_bucket,4+,6637,238,3.59,663700,437620,-226080,65.94,1838.74,3.7,65.46,1770.57,0.48,-0.11,68.17,mixed_edge
1-2,lane1_target_group_pair x target_outer_pressure_bucket,A-B | low_other_pressure,76,22,28.95,7600,5010,-2590,65.92,227.73,18.8,81.32,432.61,-15.4,10.15,-204.88,mixed_edge
1-4,lane1_target_class_pair,B2-A1,39,3,7.69,3900,2570,-1330,65.9,856.67,10.14,75.45,744.07,-9.55,-2.45,112.6,mixed_edge
1-5,lane1_target_group_pair x target_outer_pressure_bucket,A-B | some_other_pressure,243,22,9.05,24300,16000,-8300,65.84,727.27,6.69,80.94,1209.34,-15.1,2.36,-482.07,mixed_edge
1-2,target_exhibition_st_rank_bucket,4+,5917,892,15.08,591700,389070,-202630,65.75,436.18,18.8,81.32,432.61,-15.57,-3.72,3.57,mixed_edge
1-2,target_lane x target_exhibition_st_rank_bucket,2 | 4+,5917,892,15.08,591700,389070,-202630,65.75,436.18,18.8,81.32,432.61,-15.57,-3.72,3.57,mixed_edge
1-3,lane1_target_national_rank_pair x target_outer_pressure_bucket,1-3 | high_other_pressure,389,79,20.31,38900,25560,-13340,65.71,323.54,15.76,78.52,498.07,-12.81,4.55,-174.53,mixed_edge
1-6,lane1_class,A2,3553,149,4.19,355300,233370,-121930,65.68,1566.24,3.7,65.46,1770.57,0.22,0.49,-204.33,mixed_edge
1-4,other_a_count_bucket,0,1692,225,13.3,169200,111130,-58070,65.68,493.91,10.14,75.45,744.07,-9.77,3.16,-250.16,mixed_edge
1-4,other_group_pattern,B-B-B-B,1692,225,13.3,169200,111130,-58070,65.68,493.91,10.14,75.45,744.07,-9.77,3.16,-250.16,mixed_edge
1-4,target_lane x other_a_count_bucket,4 | 0,1692,225,13.3,169200,111130,-58070,65.68,493.91,10.14,75.45,744.07,-9.77,3.16,-250.16,mixed_edge
1-5,wind_bucket,5-6,1362,82,6.02,136200,89420,-46780,65.65,1090.49,6.69,80.94,1209.34,-15.29,-0.67,-118.85,mixed_edge
1-5,wind_bucket,7+,388,19,4.9,38800,25460,-13340,65.62,1340.0,6.69,80.94,1209.34,-15.32,-1.79,130.66,mixed_edge
1-4,other_national_better_than_target_count_bucket,4,2473,117,4.73,247300,162260,-85040,65.61,1386.84,10.14,75.45,744.07,-9.84,-5.41,642.77,mixed_edge
1-4,target_national_win_rank_bucket x other_national_better_than_target_count_bucket,4+ | 4,2473,117,4.73,247300,162260,-85040,65.61,1386.84,10.14,75.45,744.07,-9.84,-5.41,642.77,mixed_edge
1-6,lane1_local_win_rank_bucket,4+,5039,162,3.21,503900,330520,-173380,65.59,2040.25,3.7,65.46,1770.57,0.13,-0.49,269.68,mixed_edge
1-6,stadium_code,03,616,20,3.25,61600,40350,-21250,65.5,2017.5,3.7,65.46,1770.57,0.04,-0.45,246.93,mixed_edge
1-6,stadium_code x target_lane,03 | 6,616,20,3.25,61600,40350,-21250,65.5,2017.5,3.7,65.46,1770.57,0.04,-0.45,246.93,mixed_edge
1-4,target_exhibition_st_rank_bucket,1,2030,192,9.46,203000,132940,-70060,65.49,692.4,10.14,75.45,744.07,-9.96,-0.68,-51.67,mixed_edge
1-4,target_lane x target_exhibition_st_rank_bucket,4 | 1,2030,192,9.46,203000,132940,-70060,65.49,692.4,10.14,75.45,744.07,-9.96,-0.68,-51.67,mixed_edge
1-4,target_exhibition_st_rank_bucket x other_st_faster_than_target_count_bucket,1 | 0,2030,192,9.46,203000,132940,-70060,65.49,692.4,10.14,75.45,744.07,-9.96,-0.68,-51.67,mixed_edge
1-4,lane1_target_national_rank_pair x target_outer_pressure_bucket,2-3 | high_other_pressure,287,29,10.1,28700,18790,-9910,65.47,647.93,10.14,75.45,744.07,-9.98,-0.04,-96.14,mixed_edge
1-6,target_lane,6,12820,474,3.7,1282000,839250,-442750,65.46,1770.57,3.7,65.46,1770.57,0.0,0.0,0.0,mixed_edge
1-6,target_lane_zone,outer_5_6,12820,474,3.7,1282000,839250,-442750,65.46,1770.57,3.7,65.46,1770.57,0.0,0.0,0.0,mixed_edge
1-6,month,2025-11,3933,152,3.86,393300,257410,-135890,65.45,1693.49,3.7,65.46,1770.57,-0.01,0.16,-77.08,mixed_edge
1-3,lane1_target_group_pair x target_outer_pressure_bucket,B-A | low_other_pressure,266,37,13.91,26600,17400,-9200,65.41,470.27,15.76,78.52,498.07,-13.11,-1.85,-27.8,mixed_edge
1-6,stadium_code,17,598,28,4.68,59800,39110,-20690,65.4,1396.79,3.7,65.46,1770.57,-0.06,0.98,-373.78,mixed_edge
1-6,stadium_code x target_lane,17 | 6,598,28,4.68,59800,39110,-20690,65.4,1396.79,3.7,65.46,1770.57,-0.06,0.98,-373.78,mixed_edge
1-5,stadium_code,07,696,39,5.6,69600,45500,-24100,65.37,1166.67,6.69,80.94,1209.34,-15.57,-1.09,-42.67,mixed_edge
1-5,stadium_code x target_lane,07 | 5,696,39,5.6,69600,45500,-24100,65.37,1166.67,6.69,80.94,1209.34,-15.57,-1.09,-42.67,mixed_edge
1-4,lane1_target_national_rank_pair x target_outer_pressure_bucket,4+-1 | some_other_pressure,190,20,10.53,19000,12420,-6580,65.37,621.0,10.14,75.45,744.07,-10.08,0.39,-123.07,mixed_edge
1-6,target_class_group x target_outer_pressure_bucket,A | some_other_pressure,1212,70,5.78,121200,79220,-41980,65.36,1131.71,3.7,65.46,1770.57,-0.1,2.08,-638.86,mixed_edge
1-6,grade_group,一般,12352,457,3.7,1235200,807170,-428030,65.35,1766.24,3.7,65.46,1770.57,-0.11,0.0,-4.33,mixed_edge
1-6,lane1_target_national_rank_pair x target_outer_pressure_bucket,2-4+ | high_other_pressure,1684,36,2.14,168400,109960,-58440,65.3,3054.44,3.7,65.46,1770.57,-0.16,-1.56,1283.87,mixed_edge
1-6,lane1_target_national_rank_pair,2-4+,1686,36,2.14,168600,109960,-58640,65.22,3054.44,3.7,65.46,1770.57,-0.24,-1.56,1283.87,mixed_edge
1-6,target_lane x lane1_target_national_rank_pair,6 | 2-4+,1686,36,2.14,168600,109960,-58640,65.22,3054.44,3.7,65.46,1770.57,-0.24,-1.56,1283.87,mixed_edge
1-4,lane1_target_exhibition_st_rank_pair,4+-3,1053,80,7.6,105300,68680,-36620,65.22,858.5,10.14,75.45,744.07,-10.23,-2.54,114.43,mixed_edge
1-4,lane1_exhibition_st_rank_bucket x target_exhibition_st_rank_bucket,4+ | 3,1053,80,7.6,105300,68680,-36620,65.22,858.5,10.14,75.45,744.07,-10.23,-2.54,114.43,mixed_edge
1-4,other_group_pattern,A-B-B-A,843,69,8.19,84300,54900,-29400,65.12,795.65,10.14,75.45,744.07,-10.33,-1.95,51.58,mixed_edge
1-4,lane1_target_national_rank_pair,2-3,524,59,11.26,52400,34110,-18290,65.1,578.14,10.14,75.45,744.07,-10.35,1.12,-165.93,mixed_edge
1-4,target_lane x lane1_target_national_rank_pair,4 | 2-3,524,59,11.26,52400,34110,-18290,65.1,578.14,10.14,75.45,744.07,-10.35,1.12,-165.93,mixed_edge
1-6,target_exhibition_rank_bucket x other_exhibition_faster_than_target_count_bucket,3 | 1,1151,51,4.43,115100,74910,-40190,65.08,1468.82,3.7,65.46,1770.57,-0.38,0.73,-301.75,mixed_edge
1-6,other_group_pattern,B-B-A-A,489,16,3.27,48900,31800,-17100,65.03,1987.5,3.7,65.46,1770.57,-0.43,-0.43,216.93,mixed_edge
1-5,lane1_target_start_gap_pair x target_outer_pressure_bucket,<=0.03->0.06 | high_other_pressure,800,37,4.62,80000,52000,-28000,65.0,1405.41,6.69,80.94,1209.34,-15.94,-2.07,196.07,mixed_edge
1-3,lane1_target_start_gap_pair x target_outer_pressure_bucket,>0.06-0.04-0.06 | some_other_pressure,95,20,21.05,9500,6170,-3330,64.95,308.5,15.76,78.52,498.07,-13.57,5.29,-189.57,mixed_edge
1-6,target_boat_rank_bucket,3,2096,84,4.01,209600,136110,-73490,64.94,1620.36,3.7,65.46,1770.57,-0.52,0.31,-150.21,mixed_edge
1-5,stadium_code,19,516,40,7.75,51600,33510,-18090,64.94,837.75,6.69,80.94,1209.34,-16.0,1.06,-371.59,mixed_edge
1-5,stadium_code x target_lane,19 | 5,516,40,7.75,51600,33510,-18090,64.94,837.75,6.69,80.94,1209.34,-16.0,1.06,-371.59,mixed_edge
1-4,lane1_target_start_gap_pair x target_outer_pressure_bucket,best-<=0.03 | low_other_pressure,55,8,14.55,5500,3570,-1930,64.91,446.25,10.14,75.45,744.07,-10.54,4.41,-297.82,mixed_edge
1-6,target_exhibition_rank_bucket x other_exhibition_faster_than_target_count_bucket,4+ | 2,1978,77,3.89,197800,128370,-69430,64.9,1667.14,3.7,65.46,1770.57,-0.56,0.19,-103.43,mixed_edge
1-5,lane1_target_exhibition_time_diff_bucket x lane1_target_start_exhibition_st_diff_bucket,lane1_faster_0.10+ | near_equal,453,28,6.18,45300,29380,-15920,64.86,1049.29,6.69,80.94,1209.34,-16.08,-0.51,-160.05,mixed_edge
1-6,lane1_target_motor_place_diff_bucket,target_plus_10+,2173,80,3.68,217300,140910,-76390,64.85,1761.38,3.7,65.46,1770.57,-0.61,-0.02,-9.19,mixed_edge
1-5,lane1_target_start_exhibition_st_diff_bucket,lane1_faster_0.06+,3734,210,5.62,373400,242120,-131280,64.84,1152.95,6.69,80.94,1209.34,-16.1,-1.07,-56.39,mixed_edge
1-6,lane1_boat_rank_bucket,4+,6116,221,3.61,611600,396320,-215280,64.8,1793.3,3.7,65.46,1770.57,-0.66,-0.09,22.73,mixed_edge
1-4,lane1_target_national_rank_pair,1-2,666,115,17.27,66600,43100,-23500,64.71,374.78,10.14,75.45,744.07,-10.74,7.13,-369.29,mixed_edge
1-4,target_lane x lane1_target_national_rank_pair,4 | 1-2,666,115,17.27,66600,43100,-23500,64.71,374.78,10.14,75.45,744.07,-10.74,7.13,-369.29,mixed_edge
1-5,target_boat_rank_bucket,3,2119,131,6.18,211900,137100,-74800,64.7,1046.56,6.69,80.94,1209.34,-16.24,-0.51,-162.78,mixed_edge
1-4,lane1_target_national_rank_pair x target_outer_pressure_bucket,2-3 | some_other_pressure,237,30,12.66,23700,15320,-8380,64.64,510.67,10.14,75.45,744.07,-10.81,2.52,-233.4,mixed_edge
1-3,lane1_target_start_gap_pair x target_outer_pressure_bucket,0.04-0.06-best | high_other_pressure,457,64,14.0,45700,29520,-16180,64.6,461.25,15.76,78.52,498.07,-13.92,-1.76,-36.82,mixed_edge
1-4,lane1_target_exhibition_time_diff_bucket x lane1_target_start_exhibition_st_diff_bucket,lane1_faster_0.10+ | lane1_faster_0.03_0.06,284,31,10.92,28400,18340,-10060,64.58,591.61,10.14,75.45,744.07,-10.87,0.78,-152.46,mixed_edge
1-4,stadium_code,02,612,49,8.01,61200,39480,-21720,64.51,805.71,10.14,75.45,744.07,-10.94,-2.13,61.64,mixed_edge
1-4,stadium_code x target_lane,02 | 4,612,49,8.01,61200,39480,-21720,64.51,805.71,10.14,75.45,744.07,-10.94,-2.13,61.64,mixed_edge
1-4,target_national_win_rank_bucket,3,2144,217,10.12,214400,138220,-76180,64.47,636.96,10.14,75.45,744.07,-10.98,-0.02,-107.11,mixed_edge
1-6,month,2025-10,4124,145,3.52,412400,265660,-146740,64.42,1832.14,3.7,65.46,1770.57,-1.04,-0.18,61.57,mixed_edge
1-3,lane1_target_start_gap_pair x target_outer_pressure_bucket,0.04-0.06-best | low_other_pressure,52,10,19.23,5200,3350,-1850,64.42,335.0,15.76,78.52,498.07,-14.1,3.47,-163.07,mixed_edge
1-2,lane1_target_start_gap_pair,0.04-0.06->0.06,727,100,13.76,72700,46800,-25900,64.37,468.0,18.8,81.32,432.61,-16.95,-5.04,35.39,mixed_edge
1-2,target_lane x lane1_target_start_gap_pair,2 | 0.04-0.06->0.06,727,100,13.76,72700,46800,-25900,64.37,468.0,18.8,81.32,432.61,-16.95,-5.04,35.39,mixed_edge
1-2,lane1_start_exhibition_gap_bucket x target_start_exhibition_gap_bucket,0.04-0.06 | >0.06,727,100,13.76,72700,46800,-25900,64.37,468.0,18.8,81.32,432.61,-16.95,-5.04,35.39,mixed_edge
1-6,target_motor_rank_bucket,2,1918,73,3.81,191800,123410,-68390,64.34,1690.55,3.7,65.46,1770.57,-1.12,0.11,-80.02,mixed_edge
1-2,target_class_group x target_outer_pressure_bucket,B | low_other_pressure,125,30,24.0,12500,8040,-4460,64.32,268.0,18.8,81.32,432.61,-17.0,5.2,-164.61,mixed_edge
1-4,lane1_target_group_pair x other_a_count_bucket,A-B | 3,704,41,5.82,70400,45250,-25150,64.28,1103.66,10.14,75.45,744.07,-11.17,-4.32,359.59,mixed_edge
1-5,lane1_target_exhibition_time_diff_bucket x lane1_target_start_exhibition_st_diff_bucket,near_equal | lane1_faster_0.06+,1750,106,6.06,175000,112440,-62560,64.25,1060.75,6.69,80.94,1209.34,-16.69,-0.63,-148.59,mixed_edge
1-5,target_exhibition_st_rank_bucket x other_st_faster_than_target_count_bucket,4+ | 0,55,3,5.45,5500,3530,-1970,64.18,1176.67,6.69,80.94,1209.34,-16.76,-1.24,-32.67,mixed_edge
1-6,lane1_motor_rank_bucket,4+,6154,210,3.41,615400,394620,-220780,64.12,1879.14,3.7,65.46,1770.57,-1.34,-0.29,108.57,mixed_edge
1-5,lane1_target_national_rank_pair x target_outer_pressure_bucket,2-3 | high_other_pressure,293,18,6.14,29300,18780,-10520,64.1,1043.33,6.69,80.94,1209.34,-16.84,-0.55,-166.01,mixed_edge
1-4,target_national_win_rank_bucket x other_national_better_than_target_count_bucket,2 | 0,680,116,17.06,68000,43560,-24440,64.06,375.52,10.14,75.45,744.07,-11.39,6.92,-368.55,mixed_edge
1-5,target_exhibition_st_rank_bucket x other_st_faster_than_target_count_bucket,3 | 2,697,30,4.3,69700,44620,-25080,64.02,1487.33,6.69,80.94,1209.34,-16.92,-2.39,277.99,mixed_edge
1-5,lane1_target_exhibition_st_rank_pair,4+-3,1013,51,5.03,101300,64820,-36480,63.99,1270.98,6.69,80.94,1209.34,-16.95,-1.66,61.64,mixed_edge
1-5,lane1_exhibition_st_rank_bucket x target_exhibition_st_rank_bucket,4+ | 3,1013,51,5.03,101300,64820,-36480,63.99,1270.98,6.69,80.94,1209.34,-16.95,-1.66,61.64,mixed_edge
1-4,lane1_target_national_rank_pair,3-2,431,53,12.3,43100,27560,-15540,63.94,520.0,10.14,75.45,744.07,-11.51,2.16,-224.07,mixed_edge
1-4,target_lane x lane1_target_national_rank_pair,4 | 3-2,431,53,12.3,43100,27560,-15540,63.94,520.0,10.14,75.45,744.07,-11.51,2.16,-224.07,mixed_edge
1-4,stadium_code,19,516,53,10.27,51600,32990,-18610,63.93,622.45,10.14,75.45,744.07,-11.52,0.13,-121.62,mixed_edge
1-4,stadium_code x target_lane,19 | 4,516,53,10.27,51600,32990,-18610,63.93,622.45,10.14,75.45,744.07,-11.52,0.13,-121.62,mixed_edge
1-4,lane1_target_class_pair,A2-A2,702,85,12.11,70200,44750,-25450,63.75,526.47,10.14,75.45,744.07,-11.7,1.97,-217.6,mixed_edge
1-3,lane1_target_exhibition_time_diff_bucket x lane1_target_start_exhibition_st_diff_bucket,lane1_faster_0.05_0.10 | target_faster_0.06+,371,38,10.24,37100,23650,-13450,63.75,622.37,15.76,78.52,498.07,-14.77,-5.52,124.3,mixed_edge
1-3,target_exhibition_st_rank_bucket,4+,5138,655,12.75,513800,327510,-186290,63.74,500.02,15.76,78.52,498.07,-14.78,-3.01,1.95,mixed_edge
1-3,target_lane x target_exhibition_st_rank_bucket,3 | 4+,5138,655,12.75,513800,327510,-186290,63.74,500.02,15.76,78.52,498.07,-14.78,-3.01,1.95,mixed_edge
1-5,wave_bucket,5-9,1502,81,5.39,150200,95710,-54490,63.72,1181.6,6.69,80.94,1209.34,-17.22,-1.3,-27.74,mixed_edge
1-3,stadium_code,14,616,72,11.69,61600,39220,-22380,63.67,544.72,15.76,78.52,498.07,-14.85,-4.07,46.65,mixed_edge
1-3,stadium_code x target_lane,14 | 3,616,72,11.69,61600,39220,-22380,63.67,544.72,15.76,78.52,498.07,-14.85,-4.07,46.65,mixed_edge
1-6,stadium_code,11,480,19,3.96,48000,30540,-17460,63.62,1607.37,3.7,65.46,1770.57,-1.84,0.26,-163.2,mixed_edge
1-6,stadium_code x target_lane,11 | 6,480,19,3.96,48000,30540,-17460,63.62,1607.37,3.7,65.46,1770.57,-1.84,0.26,-163.2,mixed_edge
1-4,stadium_code,03,616,43,6.98,61600,39180,-22420,63.6,911.16,10.14,75.45,744.07,-11.85,-3.16,167.09,mixed_edge
1-4,stadium_code x target_lane,03 | 4,616,43,6.98,61600,39180,-22420,63.6,911.16,10.14,75.45,744.07,-11.85,-3.16,167.09,mixed_edge
1-4,lane1_target_national_rank_pair x target_outer_pressure_bucket,1-3 | high_other_pressure,364,48,13.19,36400,23130,-13270,63.54,481.88,10.14,75.45,744.07,-11.91,3.05,-262.19,mixed_edge
1-4,lane1_target_motor_place_diff_bucket,lane1_plus_4_10,2171,195,8.98,217100,137900,-79200,63.52,707.18,10.14,75.45,744.07,-11.93,-1.16,-36.89,mixed_edge
1-3,target_exhibition_st_rank_bucket x other_st_faster_than_target_count_bucket,2 | 1,1260,159,12.62,126000,80030,-45970,63.52,503.33,15.76,78.52,498.07,-15.0,-3.14,5.26,mixed_edge
1-6,lane1_target_class_pair,A2-B2,562,6,1.07,56200,35670,-20530,63.47,5945.0,3.7,65.46,1770.57,-1.99,-2.63,4174.43,mixed_edge
1-2,lane1_target_exhibition_st_rank_pair,4+-1,548,76,13.87,54800,34680,-20120,63.28,456.32,18.8,81.32,432.61,-18.04,-4.93,23.71,mixed_edge
1-2,lane1_exhibition_st_rank_bucket x target_exhibition_st_rank_bucket,4+ | 1,548,76,13.87,54800,34680,-20120,63.28,456.32,18.8,81.32,432.61,-18.04,-4.93,23.71,mixed_edge
1-6,lane1_class,B1,4601,142,3.09,460100,290590,-169510,63.16,2046.41,3.7,65.46,1770.57,-2.3,-0.61,275.84,mixed_edge
1-2,lane1_target_national_rank_pair x target_outer_pressure_bucket,2-1 | low_other_pressure,172,50,29.07,17200,10860,-6340,63.14,217.2,18.8,81.32,432.61,-18.18,10.27,-215.41,mixed_edge
1-2,lane1_target_start_gap_pair,>0.06-0.04-0.06,621,78,12.56,62100,39170,-22930,63.08,502.18,18.8,81.32,432.61,-18.24,-6.24,69.57,mixed_edge
1-2,target_lane x lane1_target_start_gap_pair,2 | >0.06-0.04-0.06,621,78,12.56,62100,39170,-22930,63.08,502.18,18.8,81.32,432.61,-18.24,-6.24,69.57,mixed_edge
1-2,lane1_start_exhibition_gap_bucket x target_start_exhibition_gap_bucket,>0.06 | 0.04-0.06,621,78,12.56,62100,39170,-22930,63.08,502.18,18.8,81.32,432.61,-18.24,-6.24,69.57,mixed_edge
1-4,target_national_win_rank_bucket x other_national_better_than_target_count_bucket,3 | 2,947,58,6.12,94700,59700,-35000,63.04,1029.31,10.14,75.45,744.07,-12.41,-4.02,285.24,mixed_edge
1-4,lane1_target_exhibition_time_diff_bucket x lane1_target_start_exhibition_st_diff_bucket,lane1_faster_0.10+ | lane1_faster_0.06+,500,38,7.6,50000,31520,-18480,63.04,829.47,10.14,75.45,744.07,-12.41,-2.54,85.4,mixed_edge
1-2,lane1_target_exhibition_time_diff_bucket x lane1_target_start_exhibition_st_diff_bucket,lane1_faster_0.05_0.10 | lane1_faster_0.06+,478,72,15.06,47800,30110,-17690,62.99,418.19,18.8,81.32,432.61,-18.33,-3.74,-14.42,mixed_edge
1-4,lane1_target_exhibition_st_rank_pair,4+-2,1033,87,8.42,103300,65030,-38270,62.95,747.47,10.14,75.45,744.07,-12.5,-1.72,3.4,mixed_edge
1-4,lane1_exhibition_st_rank_bucket x target_exhibition_st_rank_bucket,4+ | 2,1033,87,8.42,103300,65030,-38270,62.95,747.47,10.14,75.45,744.07,-12.5,-1.72,3.4,mixed_edge
1-5,lane1_target_group_pair x other_a_count_bucket,A-A | 0,207,35,16.91,20700,13030,-7670,62.95,372.29,6.69,80.94,1209.34,-17.99,10.22,-837.05,mixed_edge
1-6,race_no_bucket,1-3R,3215,112,3.48,321500,202260,-119240,62.91,1805.89,3.7,65.46,1770.57,-2.55,-0.22,35.32,mixed_edge
1-6,race_no_bucket x target_lane,1-3R | 6,3215,112,3.48,321500,202260,-119240,62.91,1805.89,3.7,65.46,1770.57,-2.55,-0.22,35.32,mixed_edge
1-6,other_exhibition_faster_than_target_count_bucket,1,2552,98,3.84,255200,160440,-94760,62.87,1637.14,3.7,65.46,1770.57,-2.59,0.14,-133.43,mixed_edge
1-2,stadium_code,20,432,78,18.06,43200,27120,-16080,62.78,347.69,18.8,81.32,432.61,-18.54,-0.74,-84.92,mixed_edge
1-2,stadium_code x target_lane,20 | 2,432,78,18.06,43200,27120,-16080,62.78,347.69,18.8,81.32,432.61,-18.54,-0.74,-84.92,mixed_edge
1-5,lane1_target_exhibition_time_diff_bucket x lane1_target_start_exhibition_st_diff_bucket,lane1_faster_0.10+ | target_faster_0.06+,286,15,5.24,28600,17940,-10660,62.73,1196.0,6.69,80.94,1209.34,-18.21,-1.45,-13.34,mixed_edge
1-6,lane1_target_exhibition_time_diff_bucket x lane1_target_start_exhibition_st_diff_bucket,near_equal | target_faster_0.06+,881,34,3.86,88100,55260,-32840,62.72,1625.29,3.7,65.46,1770.57,-2.74,0.16,-145.28,mixed_edge
1-2,lane1_target_start_gap_pair x target_outer_pressure_bucket,0.04-0.06->0.06 | high_other_pressure,588,71,12.07,58800,36840,-21960,62.65,518.87,18.8,81.32,432.61,-18.67,-6.73,86.26,mixed_edge
1-4,other_exhibition_faster_than_target_count_bucket,4,2237,159,7.11,223700,140130,-83570,62.64,881.32,10.14,75.45,744.07,-12.81,-3.03,137.25,mixed_edge
1-4,target_exhibition_rank_bucket x other_exhibition_faster_than_target_count_bucket,4+ | 4,2237,159,7.11,223700,140130,-83570,62.64,881.32,10.14,75.45,744.07,-12.81,-3.03,137.25,mixed_edge
1-4,lane1_target_national_rank_pair x target_outer_pressure_bucket,4+-3 | high_other_pressure,953,58,6.09,95300,59700,-35600,62.64,1029.31,10.14,75.45,744.07,-12.81,-4.05,285.24,mixed_edge
1-4,stadium_code,16,144,16,11.11,14400,9010,-5390,62.57,563.12,10.14,75.45,744.07,-12.88,0.97,-180.95,mixed_edge
1-4,stadium_code x target_lane,16 | 4,144,16,11.11,14400,9010,-5390,62.57,563.12,10.14,75.45,744.07,-12.88,0.97,-180.95,mixed_edge
1-3,lane1_target_group_pair x other_a_count_bucket,B-A | 1,654,77,11.77,65400,40900,-24500,62.54,531.17,15.76,78.52,498.07,-15.98,-3.99,33.1,mixed_edge
1-4,lane1_target_national_rank_pair,4+-3,955,58,6.07,95500,59700,-35800,62.51,1029.31,10.14,75.45,744.07,-12.94,-4.07,285.24,mixed_edge
1-4,target_lane x lane1_target_national_rank_pair,4 | 4+-3,955,58,6.07,95500,59700,-35800,62.51,1029.31,10.14,75.45,744.07,-12.94,-4.07,285.24,mixed_edge
1-6,lane1_target_exhibition_time_diff_bucket,lane1_faster_0.10+,1882,57,3.03,188200,117570,-70630,62.47,2062.63,3.7,65.46,1770.57,-2.99,-0.67,292.06,mixed_edge
1-3,lane1_target_national_rank_pair,2-3,571,101,17.69,57100,35570,-21530,62.29,352.18,15.76,78.52,498.07,-16.23,1.93,-145.89,mixed_edge
1-3,target_lane x lane1_target_national_rank_pair,3 | 2-3,571,101,17.69,57100,35570,-21530,62.29,352.18,15.76,78.52,498.07,-16.23,1.93,-145.89,mixed_edge
1-4,stadium_code,23,216,19,8.8,21600,13450,-8150,62.27,707.89,10.14,75.45,744.07,-13.18,-1.34,-36.18,mixed_edge
1-4,stadium_code x target_lane,23 | 4,216,19,8.8,21600,13450,-8150,62.27,707.89,10.14,75.45,744.07,-13.18,-1.34,-36.18,mixed_edge
1-6,lane1_target_exhibition_time_diff_bucket x lane1_target_start_exhibition_st_diff_bucket,lane1_faster_0.05_0.10 | target_faster_0.03_0.06,286,9,3.15,28600,17780,-10820,62.17,1975.56,3.7,65.46,1770.57,-3.29,-0.55,204.99,mixed_edge
1-6,lane1_exhibition_rank_bucket,3,2183,79,3.62,218300,135570,-82730,62.1,1716.08,3.7,65.46,1770.57,-3.36,-0.08,-54.49,mixed_edge
1-3,lane1_target_national_rank_pair x target_outer_pressure_bucket,2-1 | low_other_pressure,149,40,26.85,14900,9250,-5650,62.08,231.25,15.76,78.52,498.07,-16.44,11.09,-266.82,mixed_edge
1-6,lane1_exhibition_rank_bucket,4+,3791,122,3.22,379100,235200,-143900,62.04,1927.87,3.7,65.46,1770.57,-3.42,-0.48,157.3,mixed_edge
1-6,lane1_local_win_rank_bucket,2,2539,101,3.98,253900,157400,-96500,61.99,1558.42,3.7,65.46,1770.57,-3.47,0.28,-212.15,mixed_edge
1-6,lane1_class_group,B,4919,148,3.01,491900,304450,-187450,61.89,2057.09,3.7,65.46,1770.57,-3.57,-0.69,286.52,mixed_edge
1-2,lane1_target_group_pair x target_outer_pressure_bucket,B-B | low_other_pressure,49,8,16.33,4900,3030,-1870,61.84,378.75,18.8,81.32,432.61,-19.48,-2.47,-53.86,mixed_edge
1-4,lane1_target_exhibition_time_diff_bucket,lane1_faster_0.05_0.10,2855,270,9.46,285500,176390,-109110,61.78,653.3,10.14,75.45,744.07,-13.67,-0.68,-90.77,mixed_edge
1-6,lane1_target_group_pair,A-B,3774,91,2.41,377400,232980,-144420,61.73,2560.22,3.7,65.46,1770.57,-3.73,-1.29,789.65,mixed_edge
1-4,other_group_pattern,A-B-A-A,503,33,6.56,50300,31040,-19260,61.71,940.61,10.14,75.45,744.07,-13.74,-3.58,196.54,mixed_edge
1-2,stadium_code,08,695,104,14.96,69500,42800,-26700,61.58,411.54,18.8,81.32,432.61,-19.74,-3.84,-21.07,mixed_edge
1-2,stadium_code x target_lane,08 | 2,695,104,14.96,69500,42800,-26700,61.58,411.54,18.8,81.32,432.61,-19.74,-3.84,-21.07,mixed_edge
1-6,lane1_target_exhibition_st_rank_pair,1-4+,3447,117,3.39,344700,212100,-132600,61.53,1812.82,3.7,65.46,1770.57,-3.93,-0.31,42.25,mixed_edge
1-6,lane1_exhibition_st_rank_bucket x target_exhibition_st_rank_bucket,1 | 4+,3447,117,3.39,344700,212100,-132600,61.53,1812.82,3.7,65.46,1770.57,-3.93,-0.31,42.25,mixed_edge
1-6,target_exhibition_rank_bucket,3,1952,85,4.35,195200,119660,-75540,61.3,1407.76,3.7,65.46,1770.57,-4.16,0.65,-362.81,mixed_edge
1-3,other_group_pattern,B-B-A-A,602,91,15.12,60200,36900,-23300,61.3,405.49,15.76,78.52,498.07,-17.22,-0.64,-92.58,mixed_edge
1-2,target_start_exhibition_gap_bucket,>0.06,4198,550,13.1,419800,257290,-162510,61.29,467.8,18.8,81.32,432.61,-20.03,-5.7,35.19,mixed_edge
1-2,target_lane x target_start_exhibition_gap_bucket,2 | >0.06,4198,550,13.1,419800,257290,-162510,61.29,467.8,18.8,81.32,432.61,-20.03,-5.7,35.19,mixed_edge
1-4,stadium_code,08,695,70,10.07,69500,42600,-26900,61.29,608.57,10.14,75.45,744.07,-14.16,-0.07,-135.5,mixed_edge
1-4,stadium_code x target_lane,08 | 4,695,70,10.07,69500,42600,-26900,61.29,608.57,10.14,75.45,744.07,-14.16,-0.07,-135.5,mixed_edge
1-6,lane1_motor_rank_bucket,1,2525,100,3.96,252500,154270,-98230,61.1,1542.7,3.7,65.46,1770.57,-4.36,0.26,-227.87,mixed_edge
1-5,lane1_target_group_pair x target_outer_pressure_bucket,A-A | low_other_pressure,360,49,13.61,36000,21980,-14020,61.06,448.57,6.69,80.94,1209.34,-19.88,6.92,-760.77,mixed_edge
1-6,target_outer_pressure_bucket,high_other_pressure,10540,293,2.78,1054000,643460,-410540,61.05,2196.11,3.7,65.46,1770.57,-4.41,-0.92,425.54,mixed_edge
1-6,target_lane x target_outer_pressure_bucket,6 | high_other_pressure,10540,293,2.78,1054000,643460,-410540,61.05,2196.11,3.7,65.46,1770.57,-4.41,-0.92,425.54,mixed_edge
1-6,target_motor_rank_bucket,4+,6668,216,3.24,666800,406950,-259850,61.03,1884.03,3.7,65.46,1770.57,-4.43,-0.46,113.46,mixed_edge
1-2,lane1_exhibition_st_rank_bucket,4+,4463,589,13.2,446300,272380,-173920,61.03,462.44,18.8,81.32,432.61,-20.29,-5.6,29.83,mixed_edge
1-5,target_start_exhibition_gap_bucket,>0.06,4691,234,4.99,469100,286100,-183000,60.99,1222.65,6.69,80.94,1209.34,-19.95,-1.7,13.31,mixed_edge
1-5,target_lane x target_start_exhibition_gap_bucket,5 | >0.06,4691,234,4.99,469100,286100,-183000,60.99,1222.65,6.69,80.94,1209.34,-19.95,-1.7,13.31,mixed_edge
1-6,other_b2_count_bucket,0,10112,332,3.28,1011200,616430,-394770,60.96,1856.72,3.7,65.46,1770.57,-4.5,-0.42,86.15,mixed_edge
1-6,lane1_target_start_gap_pair,best->0.06,2611,78,2.99,261100,159080,-102020,60.93,2039.49,3.7,65.46,1770.57,-4.53,-0.71,268.92,mixed_edge
1-6,target_lane x lane1_target_start_gap_pair,6 | best->0.06,2611,78,2.99,261100,159080,-102020,60.93,2039.49,3.7,65.46,1770.57,-4.53,-0.71,268.92,mixed_edge
1-6,lane1_start_exhibition_gap_bucket x target_start_exhibition_gap_bucket,best | >0.06,2611,78,2.99,261100,159080,-102020,60.93,2039.49,3.7,65.46,1770.57,-4.53,-0.71,268.92,mixed_edge
1-6,meeting_phase_bucket,day3-4,4575,150,3.28,457500,278630,-178870,60.9,1857.53,3.7,65.46,1770.57,-4.56,-0.42,86.96,mixed_edge
1-6,meeting_phase_bucket x target_lane,day3-4 | 6,4575,150,3.28,457500,278630,-178870,60.9,1857.53,3.7,65.46,1770.57,-4.56,-0.42,86.96,mixed_edge
1-6,lane1_target_start_gap_pair,>0.06-<=0.03,607,20,3.29,60700,36940,-23760,60.86,1847.0,3.7,65.46,1770.57,-4.6,-0.41,76.43,mixed_edge
1-6,target_lane x lane1_target_start_gap_pair,6 | >0.06-<=0.03,607,20,3.29,60700,36940,-23760,60.86,1847.0,3.7,65.46,1770.57,-4.6,-0.41,76.43,mixed_edge
1-6,lane1_start_exhibition_gap_bucket x target_start_exhibition_gap_bucket,>0.06 | <=0.03,607,20,3.29,60700,36940,-23760,60.86,1847.0,3.7,65.46,1770.57,-4.6,-0.41,76.43,mixed_edge
1-5,target_class,B2,1193,22,1.84,119300,72590,-46710,60.85,3299.55,6.69,80.94,1209.34,-20.09,-4.85,2090.21,mixed_edge
1-3,lane1_target_start_gap_pair x target_outer_pressure_bucket,>0.06-best | high_other_pressure,433,40,9.24,43300,26350,-16950,60.85,658.75,15.76,78.52,498.07,-17.67,-6.52,160.68,mixed_edge
1-3,lane1_target_exhibition_st_rank_pair,4+-1,929,118,12.7,92900,56310,-36590,60.61,477.2,15.76,78.52,498.07,-17.91,-3.06,-20.87,mixed_edge
1-3,lane1_exhibition_st_rank_bucket x target_exhibition_st_rank_bucket,4+ | 1,929,118,12.7,92900,56310,-36590,60.61,477.2,15.76,78.52,498.07,-17.91,-3.06,-20.87,mixed_edge
1-5,lane1_target_exhibition_st_rank_pair,3-4+,1076,54,5.02,107600,65180,-42420,60.58,1207.04,6.69,80.94,1209.34,-20.36,-1.67,-2.3,mixed_edge
1-5,lane1_exhibition_st_rank_bucket x target_exhibition_st_rank_bucket,3 | 4+,1076,54,5.02,107600,65180,-42420,60.58,1207.04,6.69,80.94,1209.34,-20.36,-1.67,-2.3,mixed_edge
1-6,lane1_target_local_win_diff_bucket,lane1_plus_0.35_1.00,1495,48,3.21,149500,90270,-59230,60.38,1880.62,3.7,65.46,1770.57,-5.08,-0.49,110.05,mixed_edge
1-2,lane1_target_exhibition_time_diff_bucket x lane1_target_start_exhibition_st_diff_bucket,target_faster_0.05_0.10 | target_faster_0.03_0.06,203,28,13.79,20300,12250,-8050,60.34,437.5,18.8,81.32,432.61,-20.98,-5.01,4.89,mixed_edge
1-5,lane1_target_national_rank_pair,3-4+,1380,40,2.9,138000,83150,-54850,60.25,2078.75,6.69,80.94,1209.34,-20.69,-3.79,869.41,mixed_edge
1-5,target_lane x lane1_target_national_rank_pair,5 | 3-4+,1380,40,2.9,138000,83150,-54850,60.25,2078.75,6.69,80.94,1209.34,-20.69,-3.79,869.41,mixed_edge
1-5,lane1_target_national_rank_pair x target_outer_pressure_bucket,3-4+ | high_other_pressure,1380,40,2.9,138000,83150,-54850,60.25,2078.75,6.69,80.94,1209.34,-20.69,-3.79,869.41,mixed_edge
1-6,lane1_national_win_rank_bucket,4+,4762,138,2.9,476200,286510,-189690,60.17,2076.16,3.7,65.46,1770.57,-5.29,-0.8,305.59,mixed_edge
1-6,other_exhibition_faster_than_target_count_bucket,4,2336,58,2.48,233600,140530,-93070,60.16,2422.93,3.7,65.46,1770.57,-5.3,-1.22,652.36,mixed_edge
1-6,target_exhibition_rank_bucket x other_exhibition_faster_than_target_count_bucket,4+ | 4,2336,58,2.48,233600,140530,-93070,60.16,2422.93,3.7,65.46,1770.57,-5.3,-1.22,652.36,mixed_edge
1-4,target_exhibition_st_rank_bucket x other_st_faster_than_target_count_bucket,3 | 2,859,57,6.64,85900,51640,-34260,60.12,905.96,10.14,75.45,744.07,-15.33,-3.5,161.89,mixed_edge
1-5,lane1_target_start_gap_pair x target_outer_pressure_bucket,>0.06-<=0.03 | some_other_pressure,93,5,5.38,9300,5590,-3710,60.11,1118.0,6.69,80.94,1209.34,-20.83,-1.31,-91.34,mixed_edge
1-6,lane1_target_motor_place_diff_bucket,lane1_plus_10+,2271,81,3.57,227100,136490,-90610,60.1,1685.06,3.7,65.46,1770.57,-5.36,-0.13,-85.51,mixed_edge
1-6,lane1_target_group_pair x other_a_count_bucket,A-A | 0,244,26,10.66,24400,14660,-9740,60.08,563.85,3.7,65.46,1770.57,-5.38,6.96,-1206.72,mixed_edge
1-5,stadium_code,10,552,31,5.62,55200,33160,-22040,60.07,1069.68,6.69,80.94,1209.34,-20.87,-1.07,-139.66,mixed_edge
1-5,stadium_code x target_lane,10 | 5,552,31,5.62,55200,33160,-22040,60.07,1069.68,6.69,80.94,1209.34,-20.87,-1.07,-139.66,mixed_edge
1-6,lane1_target_group_pair x other_a_count_bucket,A-A | 3,501,16,3.19,50100,30090,-20010,60.06,1880.62,3.7,65.46,1770.57,-5.4,-0.51,110.05,mixed_edge
1-6,lane1_target_national_rank_pair,1-4+,2044,48,2.35,204400,122750,-81650,60.05,2557.29,3.7,65.46,1770.57,-5.41,-1.35,786.72,mixed_edge
1-6,target_lane x lane1_target_national_rank_pair,6 | 1-4+,2044,48,2.35,204400,122750,-81650,60.05,2557.29,3.7,65.46,1770.57,-5.41,-1.35,786.72,mixed_edge
1-6,lane1_target_group_pair x other_a_count_bucket,A-B | 2,1279,21,1.64,127900,76680,-51220,59.95,3651.43,3.7,65.46,1770.57,-5.51,-2.06,1880.86,mixed_edge
1-6,lane1_target_national_win_diff_bucket,target_plus_0.35_1.00,1512,67,4.43,151200,90460,-60740,59.83,1350.15,3.7,65.46,1770.57,-5.63,0.73,-420.42,mixed_edge
1-5,lane1_target_start_gap_pair x target_outer_pressure_bucket,0.04-0.06->0.06 | some_other_pressure,54,4,7.41,5400,3230,-2170,59.81,807.5,6.69,80.94,1209.34,-21.13,0.72,-401.84,mixed_edge
1-6,lane1_target_boat_place_diff_bucket,target_plus_4_10,2263,77,3.4,226300,135270,-91030,59.77,1756.75,3.7,65.46,1770.57,-5.69,-0.3,-13.82,mixed_edge
1-6,other_exhibition_faster_than_target_count_bucket,2,2520,93,3.69,252000,150580,-101420,59.75,1619.14,3.7,65.46,1770.57,-5.71,-0.01,-151.43,mixed_edge
1-4,stadium_code,01,552,40,7.25,55200,32960,-22240,59.71,824.0,10.14,75.45,744.07,-15.74,-2.89,79.93,mixed_edge
1-4,stadium_code x target_lane,01 | 4,552,40,7.25,55200,32960,-22240,59.71,824.0,10.14,75.45,744.07,-15.74,-2.89,79.93,mixed_edge
1-3,other_st_faster_than_target_count_bucket,3,2053,252,12.27,205300,122490,-82810,59.66,486.07,15.76,78.52,498.07,-18.86,-3.49,-12.0,mixed_edge
1-3,target_exhibition_st_rank_bucket x other_st_faster_than_target_count_bucket,4+ | 3,2053,252,12.27,205300,122490,-82810,59.66,486.07,15.76,78.52,498.07,-18.86,-3.49,-12.0,mixed_edge
1-6,wave_bucket,10+,234,7,2.99,23400,13950,-9450,59.62,1992.86,3.7,65.46,1770.57,-5.84,-0.71,222.29,mixed_edge
1-2,lane1_target_start_gap_pair x target_outer_pressure_bucket,0.04-0.06-best | some_other_pressure,85,18,21.18,8500,5060,-3440,59.53,281.11,18.8,81.32,432.61,-21.79,2.38,-151.5,mixed_edge
1-6,lane1_target_national_rank_pair x target_outer_pressure_bucket,1-4+ | high_other_pressure,2040,47,2.3,204000,120810,-83190,59.22,2570.43,3.7,65.46,1770.57,-6.24,-1.4,799.86,mixed_edge
1-6,lane1_exhibition_st_rank_bucket,3,1797,67,3.73,179700,106190,-73510,59.09,1584.93,3.7,65.46,1770.57,-6.37,0.03,-185.64,mixed_edge
1-3,lane1_target_exhibition_st_rank_pair,4+-2,979,113,11.54,97900,57650,-40250,58.89,510.18,15.76,78.52,498.07,-19.63,-4.22,12.11,mixed_edge
1-3,lane1_exhibition_st_rank_bucket x target_exhibition_st_rank_bucket,4+ | 2,979,113,11.54,97900,57650,-40250,58.89,510.18,15.76,78.52,498.07,-19.63,-4.22,12.11,mixed_edge
1-5,lane1_target_national_rank_pair x target_outer_pressure_bucket,1-2 | low_other_pressure,148,19,12.84,14800,8710,-6090,58.85,458.42,6.69,80.94,1209.34,-22.09,6.15,-750.92,mixed_edge
1-6,target_exhibition_st_rank_bucket x other_st_faster_than_target_count_bucket,3 | 2,570,15,2.63,57000,33520,-23480,58.81,2234.67,3.7,65.46,1770.57,-6.65,-1.07,464.1,mixed_edge
1-6,race_no_bucket,7-9R,3197,123,3.85,319700,187950,-131750,58.79,1528.05,3.7,65.46,1770.57,-6.67,0.15,-242.52,mixed_edge
1-6,race_no_bucket x target_lane,7-9R | 6,3197,123,3.85,319700,187950,-131750,58.79,1528.05,3.7,65.46,1770.57,-6.67,0.15,-242.52,mixed_edge
1-6,lane1_target_exhibition_time_diff_bucket,lane1_faster_0.05_0.10,2791,88,3.15,279100,164050,-115050,58.78,1864.2,3.7,65.46,1770.57,-6.68,-0.55,93.63,mixed_edge
1-6,lane1_target_exhibition_st_rank_pair,4+-3,897,25,2.79,89700,52630,-37070,58.67,2105.2,3.7,65.46,1770.57,-6.79,-0.91,334.63,mixed_edge
1-6,lane1_exhibition_st_rank_bucket x target_exhibition_st_rank_bucket,4+ | 3,897,25,2.79,89700,52630,-37070,58.67,2105.2,3.7,65.46,1770.57,-6.79,-0.91,334.63,mixed_edge
1-4,lane1_target_national_rank_pair x target_outer_pressure_bucket,2-1 | some_other_pressure,128,22,17.19,12800,7510,-5290,58.67,341.36,10.14,75.45,744.07,-16.78,7.05,-402.71,mixed_edge
1-6,lane1_target_national_win_diff_bucket,lane1_plus_1.00+,4886,114,2.33,488600,286500,-202100,58.64,2513.16,3.7,65.46,1770.57,-6.82,-1.37,742.59,mixed_edge
1-6,lane1_target_local_win_diff_bucket,target_plus_0.35_1.00,1282,52,4.06,128200,75090,-53110,58.57,1444.04,3.7,65.46,1770.57,-6.89,0.36,-326.53,mixed_edge
1-2,lane1_target_start_gap_pair,<=0.03->0.06,561,70,12.48,56100,32860,-23240,58.57,469.43,18.8,81.32,432.61,-22.75,-6.32,36.82,mixed_edge
1-2,target_lane x lane1_target_start_gap_pair,2 | <=0.03->0.06,561,70,12.48,56100,32860,-23240,58.57,469.43,18.8,81.32,432.61,-22.75,-6.32,36.82,mixed_edge
1-2,lane1_start_exhibition_gap_bucket x target_start_exhibition_gap_bucket,<=0.03 | >0.06,561,70,12.48,56100,32860,-23240,58.57,469.43,18.8,81.32,432.61,-22.75,-6.32,36.82,mixed_edge
1-6,target_exhibition_rank_bucket,4+,7339,214,2.92,733900,429470,-304430,58.52,2006.87,3.7,65.46,1770.57,-6.94,-0.78,236.3,mixed_edge
1-6,lane1_target_group_pair x other_a_count_bucket,A-B | 3,583,7,1.2,58300,34110,-24190,58.51,4872.86,3.7,65.46,1770.57,-6.95,-2.5,3102.29,mixed_edge
1-6,target_local_win_rank_bucket,4+,7250,157,2.17,725000,424110,-300890,58.5,2701.34,3.7,65.46,1770.57,-6.96,-1.53,930.77,mixed_edge
1-2,lane1_target_exhibition_st_rank_pair,4+-3,651,87,13.36,65100,38070,-27030,58.48,437.59,18.8,81.32,432.61,-22.84,-5.44,4.98,mixed_edge
1-2,lane1_exhibition_st_rank_bucket x target_exhibition_st_rank_bucket,4+ | 3,651,87,13.36,65100,38070,-27030,58.48,437.59,18.8,81.32,432.61,-22.84,-5.44,4.98,mixed_edge
1-6,stadium_code,02,612,19,3.1,61200,35780,-25420,58.46,1883.16,3.7,65.46,1770.57,-7.0,-0.6,112.59,mixed_edge
1-6,stadium_code x target_lane,02 | 6,612,19,3.1,61200,35780,-25420,58.46,1883.16,3.7,65.46,1770.57,-7.0,-0.6,112.59,mixed_edge
1-2,lane1_target_start_gap_pair x target_outer_pressure_bucket,<=0.03-0.04-0.06 | high_other_pressure,478,73,15.27,47800,27920,-19880,58.41,382.47,18.8,81.32,432.61,-22.91,-3.53,-50.14,mixed_edge
1-6,lane1_target_national_win_diff_bucket,lane1_plus_0.35_1.00,2034,58,2.85,203400,118650,-84750,58.33,2045.69,3.7,65.46,1770.57,-7.13,-0.85,275.12,mixed_edge
1-6,lane1_boat_rank_bucket,1,2487,95,3.82,248700,144890,-103810,58.26,1525.16,3.7,65.46,1770.57,-7.2,0.12,-245.41,mixed_edge
1-6,target_boat_rank_bucket,1,2065,75,3.63,206500,120240,-86260,58.23,1603.2,3.7,65.46,1770.57,-7.23,-0.07,-167.37,mixed_edge
1-6,target_class,B1,4896,112,2.29,489600,284770,-204830,58.16,2542.59,3.7,65.46,1770.57,-7.3,-1.41,772.02,mixed_edge
1-6,meeting_phase_bucket,day1-2,4616,152,3.29,461600,268260,-193340,58.12,1764.87,3.7,65.46,1770.57,-7.34,-0.41,-5.7,mixed_edge
1-6,meeting_phase_bucket x target_lane,day1-2 | 6,4616,152,3.29,461600,268260,-193340,58.12,1764.87,3.7,65.46,1770.57,-7.34,-0.41,-5.7,mixed_edge
1-6,lane1_target_motor_place_diff_bucket,lane1_plus_4_10,2157,74,3.43,215700,125120,-90580,58.01,1690.81,3.7,65.46,1770.57,-7.45,-0.27,-79.76,mixed_edge
1-6,other_group_pattern,A-B-B-A,721,20,2.77,72100,41790,-30310,57.96,2089.5,3.7,65.46,1770.57,-7.5,-0.93,318.93,mixed_edge
1-6,stadium_code,18,636,19,2.99,63600,36840,-26760,57.92,1938.95,3.7,65.46,1770.57,-7.54,-0.71,168.38,mixed_edge
1-6,stadium_code x target_lane,18 | 6,636,19,2.99,63600,36840,-26760,57.92,1938.95,3.7,65.46,1770.57,-7.54,-0.71,168.38,mixed_edge
1-6,stadium_code,24,634,26,4.1,63400,36660,-26740,57.82,1410.0,3.7,65.46,1770.57,-7.64,0.4,-360.57,mixed_edge
1-6,stadium_code x target_lane,24 | 6,634,26,4.1,63400,36660,-26740,57.82,1410.0,3.7,65.46,1770.57,-7.64,0.4,-360.57,mixed_edge
1-2,stadium_code,04,128,17,13.28,12800,7390,-5410,57.73,434.71,18.8,81.32,432.61,-23.59,-5.52,2.1,mixed_edge
1-2,stadium_code x target_lane,04 | 2,128,17,13.28,12800,7390,-5410,57.73,434.71,18.8,81.32,432.61,-23.59,-5.52,2.1,mixed_edge
1-3,lane1_target_national_rank_pair x target_outer_pressure_bucket,2-3 | high_other_pressure,288,43,14.93,28800,16600,-12200,57.64,386.05,15.76,78.52,498.07,-20.88,-0.83,-112.02,mixed_edge
1-5,other_group_pattern,A-B-B-A,705,39,5.53,70500,40580,-29920,57.56,1040.51,6.69,80.94,1209.34,-23.38,-1.16,-168.83,mixed_edge
1-6,other_a_count_bucket,2,4382,119,2.72,438200,251650,-186550,57.43,2114.71,3.7,65.46,1770.57,-8.03,-0.98,344.14,mixed_edge
1-6,target_lane x other_a_count_bucket,6 | 2,4382,119,2.72,438200,251650,-186550,57.43,2114.71,3.7,65.46,1770.57,-8.03,-0.98,344.14,mixed_edge
1-2,lane1_target_exhibition_st_rank_pair,4+-4+,2595,316,12.18,259500,148890,-110610,57.38,471.17,18.8,81.32,432.61,-23.94,-6.62,38.56,mixed_edge
1-2,lane1_exhibition_st_rank_bucket x target_exhibition_st_rank_bucket,4+ | 4+,2595,316,12.18,259500,148890,-110610,57.38,471.17,18.8,81.32,432.61,-23.94,-6.62,38.56,mixed_edge
1-3,lane1_target_group_pair x other_a_count_bucket,B-B | 4,68,2,2.94,6800,3900,-2900,57.35,1950.0,15.76,78.52,498.07,-21.17,-12.82,1451.93,mixed_edge
1-4,lane1_target_class_pair,B2-B2,33,2,6.06,3300,1890,-1410,57.27,945.0,10.14,75.45,744.07,-18.18,-4.08,200.93,mixed_edge
1-6,lane1_target_class_pair,A2-B1,1479,36,2.43,147900,84600,-63300,57.2,2350.0,3.7,65.46,1770.57,-8.26,-1.27,579.43,mixed_edge
1-6,lane1_target_class_pair,B2-A1,58,3,5.17,5800,3310,-2490,57.07,1103.33,3.7,65.46,1770.57,-8.39,1.47,-667.24,mixed_edge
1-4,target_exhibition_rank_bucket x other_exhibition_faster_than_target_count_bucket,4+ | 1,318,23,7.23,31800,18100,-13700,56.92,786.96,10.14,75.45,744.07,-18.53,-2.91,42.89,mixed_edge
1-2,target_exhibition_st_rank_bucket x other_st_faster_than_target_count_bucket,3 | 2,669,87,13.0,66900,38070,-28830,56.91,437.59,18.8,81.32,432.61,-24.41,-5.8,4.98,mixed_edge
1-5,lane1_start_exhibition_gap_bucket,>0.06,3159,129,4.08,315900,179390,-136510,56.79,1390.62,6.69,80.94,1209.34,-24.15,-2.61,181.28,mixed_edge
1-6,stadium_code,14,616,19,3.08,61600,34980,-26620,56.79,1841.05,3.7,65.46,1770.57,-8.67,-0.62,70.48,mixed_edge
1-6,stadium_code x target_lane,14 | 6,616,19,3.08,61600,34980,-26620,56.79,1841.05,3.7,65.46,1770.57,-8.67,-0.62,70.48,mixed_edge
1-6,lane1_target_group_pair x target_outer_pressure_bucket,A-B | high_other_pressure,3549,68,1.92,354900,201410,-153490,56.75,2961.91,3.7,65.46,1770.57,-8.71,-1.78,1191.34,mixed_edge
1-4,lane1_target_group_pair x other_a_count_bucket,A-B | 0,740,88,11.89,74000,41980,-32020,56.73,477.05,10.14,75.45,744.07,-18.72,1.75,-267.02,mixed_edge
1-4,lane1_target_national_rank_pair x target_outer_pressure_bucket,1-2 | low_other_pressure,170,29,17.06,17000,9630,-7370,56.65,332.07,10.14,75.45,744.07,-18.8,6.92,-412.0,mixed_edge
1-6,wind_bucket,3-4,3493,118,3.38,349300,197780,-151520,56.62,1676.1,3.7,65.46,1770.57,-8.84,-0.32,-94.47,mixed_edge
1-6,lane1_target_start_exhibition_st_diff_bucket,target_faster_0.06+,1841,66,3.59,184100,104140,-79960,56.57,1577.88,3.7,65.46,1770.57,-8.89,-0.11,-192.69,mixed_edge
1-5,other_group_pattern,B-A-B-A,710,36,5.07,71000,40110,-30890,56.49,1114.17,6.69,80.94,1209.34,-24.45,-1.62,-95.17,mixed_edge
1-2,lane1_target_start_gap_pair x target_outer_pressure_bucket,>0.06-best | some_other_pressure,52,4,7.69,5200,2930,-2270,56.35,732.5,18.8,81.32,432.61,-24.97,-11.11,299.89,mixed_edge
1-3,lane1_target_national_rank_pair x target_outer_pressure_bucket,3-1 | low_other_pressure,134,23,17.16,13400,7540,-5860,56.27,327.83,15.76,78.52,498.07,-22.25,1.4,-170.24,mixed_edge
1-2,wind_bucket,7+,388,56,14.43,38800,21810,-16990,56.21,389.46,18.8,81.32,432.61,-25.11,-4.37,-43.15,mixed_edge
1-4,lane1_target_exhibition_time_diff_bucket,target_faster_0.10+,617,46,7.46,61700,34650,-27050,56.16,753.26,10.14,75.45,744.07,-19.29,-2.68,9.19,mixed_edge
1-4,lane1_target_exhibition_time_diff_bucket x lane1_target_start_exhibition_st_diff_bucket,lane1_faster_0.05_0.10 | lane1_faster_0.06+,777,73,9.4,77700,43630,-34070,56.15,597.67,10.14,75.45,744.07,-19.3,-0.74,-146.4,mixed_edge
1-5,lane1_target_exhibition_time_diff_bucket x lane1_target_start_exhibition_st_diff_bucket,lane1_faster_0.05_0.10 | lane1_faster_0.06+,903,40,4.43,90300,50660,-39640,56.1,1266.5,6.69,80.94,1209.34,-24.84,-2.26,57.16,mixed_edge
1-3,lane1_target_exhibition_st_rank_pair,3-4+,873,98,11.23,87300,48810,-38490,55.91,498.06,15.76,78.52,498.07,-22.61,-4.53,-0.01,mixed_edge
1-3,lane1_exhibition_st_rank_bucket x target_exhibition_st_rank_bucket,3 | 4+,873,98,11.23,87300,48810,-38490,55.91,498.06,15.76,78.52,498.07,-22.61,-4.53,-0.01,mixed_edge
1-6,stadium_code,04,128,6,4.69,12800,7120,-5680,55.62,1186.67,3.7,65.46,1770.57,-9.84,0.99,-583.9,mixed_edge
1-6,stadium_code x target_lane,04 | 6,128,6,4.69,12800,7120,-5680,55.62,1186.67,3.7,65.46,1770.57,-9.84,0.99,-583.9,mixed_edge
1-5,target_class_group x target_outer_pressure_bucket,B | low_other_pressure,73,8,10.96,7300,4060,-3240,55.62,507.5,6.69,80.94,1209.34,-25.32,4.27,-701.84,mixed_edge
1-5,lane1_target_start_gap_pair x target_outer_pressure_bucket,>0.06-<=0.03 | low_other_pressure,34,3,8.82,3400,1890,-1510,55.59,630.0,6.69,80.94,1209.34,-25.35,2.13,-579.34,mixed_edge
1-6,lane1_target_group_pair x other_a_count_bucket,A-B | 1,1010,23,2.28,101000,56140,-44860,55.58,2440.87,3.7,65.46,1770.57,-9.88,-1.42,670.3,mixed_edge
1-3,target_start_exhibition_gap_bucket,>0.06,3578,406,11.35,357800,198790,-159010,55.56,489.63,15.76,78.52,498.07,-22.96,-4.41,-8.44,mixed_edge
1-3,target_lane x target_start_exhibition_gap_bucket,3 | >0.06,3578,406,11.35,357800,198790,-159010,55.56,489.63,15.76,78.52,498.07,-22.96,-4.41,-8.44,mixed_edge
1-6,lane1_target_exhibition_time_diff_bucket x lane1_target_start_exhibition_st_diff_bucket,lane1_faster_0.10+ | lane1_faster_0.06+,754,19,2.52,75400,41840,-33560,55.49,2202.11,3.7,65.46,1770.57,-9.97,-1.18,431.54,mixed_edge
1-5,lane1_target_national_rank_pair x target_outer_pressure_bucket,4+-1 | low_other_pressure,233,17,7.3,23300,12910,-10390,55.41,759.41,6.69,80.94,1209.34,-25.53,0.61,-449.93,mixed_edge
1-5,lane1_target_start_gap_pair x target_outer_pressure_bucket,best-<=0.03 | some_other_pressure,120,13,10.83,12000,6640,-5360,55.33,510.77,6.69,80.94,1209.34,-25.61,4.14,-698.57,mixed_edge
1-3,lane1_target_start_gap_pair,>0.06-best,602,57,9.47,60200,33300,-26900,55.32,584.21,15.76,78.52,498.07,-23.2,-6.29,86.14,mixed_edge
1-3,target_lane x lane1_target_start_gap_pair,3 | >0.06-best,602,57,9.47,60200,33300,-26900,55.32,584.21,15.76,78.52,498.07,-23.2,-6.29,86.14,mixed_edge
1-3,lane1_start_exhibition_gap_bucket x target_start_exhibition_gap_bucket,>0.06 | best,602,57,9.47,60200,33300,-26900,55.32,584.21,15.76,78.52,498.07,-23.2,-6.29,86.14,mixed_edge
1-4,other_st_faster_than_target_count_bucket,4,1657,101,6.1,165700,91570,-74130,55.26,906.63,10.14,75.45,744.07,-20.19,-4.04,162.56,mixed_edge
1-4,target_exhibition_st_rank_bucket x other_st_faster_than_target_count_bucket,4+ | 4,1657,101,6.1,165700,91570,-74130,55.26,906.63,10.14,75.45,744.07,-20.19,-4.04,162.56,mixed_edge
1-5,lane1_target_national_rank_pair x target_outer_pressure_bucket,4+-1 | some_other_pressure,205,14,6.83,20500,11320,-9180,55.22,808.57,6.69,80.94,1209.34,-25.72,0.14,-400.77,mixed_edge
1-2,lane1_target_start_gap_pair x target_outer_pressure_bucket,>0.06-<=0.03 | high_other_pressure,258,29,11.24,25800,14240,-11560,55.19,491.03,18.8,81.32,432.61,-26.13,-7.56,58.42,mixed_edge
1-4,lane1_exhibition_st_rank_bucket,4+,4463,315,7.06,446300,246150,-200150,55.15,781.43,10.14,75.45,744.07,-20.3,-3.08,37.36,mixed_edge
1-5,lane1_target_start_gap_pair x target_outer_pressure_bucket,>0.06-0.04-0.06 | some_other_pressure,73,5,6.85,7300,4020,-3280,55.07,804.0,6.69,80.94,1209.34,-25.87,0.16,-405.34,mixed_edge
1-3,lane1_target_exhibition_time_diff_bucket x lane1_target_start_exhibition_st_diff_bucket,lane1_faster_0.05_0.10 | target_faster_0.03_0.06,367,48,13.08,36700,20200,-16500,55.04,420.83,15.76,78.52,498.07,-23.48,-2.68,-77.24,mixed_edge
1-6,stadium_code,15,614,23,3.75,61400,33750,-27650,54.97,1467.39,3.7,65.46,1770.57,-10.49,0.05,-303.18,mixed_edge
1-6,stadium_code x target_lane,15 | 6,614,23,3.75,61400,33750,-27650,54.97,1467.39,3.7,65.46,1770.57,-10.49,0.05,-303.18,mixed_edge
1-6,lane1_exhibition_st_rank_bucket,4+,4463,128,2.87,446300,244660,-201640,54.82,1911.41,3.7,65.46,1770.57,-10.64,-0.83,140.84,mixed_edge
1-6,lane1_target_local_win_diff_bucket,lane1_plus_1.00+,5465,144,2.63,546500,298800,-247700,54.68,2075.0,3.7,65.46,1770.57,-10.78,-1.07,304.43,mixed_edge
1-2,lane1_target_exhibition_time_diff_bucket x lane1_target_start_exhibition_st_diff_bucket,lane1_faster_0.10+ | target_faster_0.03_0.06,151,17,11.26,15100,8250,-6850,54.64,485.29,18.8,81.32,432.61,-26.68,-7.54,52.68,mixed_edge
1-3,stadium_code,15,614,67,10.91,61400,33530,-27870,54.61,500.45,15.76,78.52,498.07,-23.91,-4.85,2.38,mixed_edge
1-3,stadium_code x target_lane,15 | 3,614,67,10.91,61400,33530,-27870,54.61,500.45,15.76,78.52,498.07,-23.91,-4.85,2.38,mixed_edge
1-5,lane1_target_start_gap_pair,>0.06-<=0.03,773,36,4.66,77300,42190,-35110,54.58,1171.94,6.69,80.94,1209.34,-26.36,-2.03,-37.4,mixed_edge
1-5,target_lane x lane1_target_start_gap_pair,5 | >0.06-<=0.03,773,36,4.66,77300,42190,-35110,54.58,1171.94,6.69,80.94,1209.34,-26.36,-2.03,-37.4,mixed_edge
1-5,lane1_start_exhibition_gap_bucket x target_start_exhibition_gap_bucket,>0.06 | <=0.03,773,36,4.66,77300,42190,-35110,54.58,1171.94,6.69,80.94,1209.34,-26.36,-2.03,-37.4,mixed_edge
1-6,lane1_target_start_gap_pair x target_outer_pressure_bucket,best->0.06 | high_other_pressure,2218,48,2.16,221800,120920,-100880,54.52,2519.17,3.7,65.46,1770.57,-10.94,-1.54,748.6,mixed_edge
1-3,lane1_target_start_gap_pair x target_outer_pressure_bucket,>0.06-<=0.03 | some_other_pressure,71,12,16.9,7100,3860,-3240,54.37,321.67,15.76,78.52,498.07,-24.15,1.14,-176.4,mixed_edge
1-5,target_exhibition_rank_bucket x other_exhibition_faster_than_target_count_bucket,3 | 0,188,11,5.85,18800,10190,-8610,54.2,926.36,6.69,80.94,1209.34,-26.74,-0.84,-282.98,mixed_edge
1-4,lane1_target_exhibition_st_rank_pair,4+-1,1193,92,7.71,119300,64440,-54860,54.02,700.43,10.14,75.45,744.07,-21.43,-2.43,-43.64,mixed_edge
1-4,lane1_exhibition_st_rank_bucket x target_exhibition_st_rank_bucket,4+ | 1,1193,92,7.71,119300,64440,-54860,54.02,700.43,10.14,75.45,744.07,-21.43,-2.43,-43.64,mixed_edge
1-2,lane1_target_start_gap_pair,>0.06-<=0.03,373,44,11.8,37300,20120,-17180,53.94,457.27,18.8,81.32,432.61,-27.38,-7.0,24.66,mixed_edge
1-2,target_lane x lane1_target_start_gap_pair,2 | >0.06-<=0.03,373,44,11.8,37300,20120,-17180,53.94,457.27,18.8,81.32,432.61,-27.38,-7.0,24.66,mixed_edge
1-2,lane1_start_exhibition_gap_bucket x target_start_exhibition_gap_bucket,>0.06 | <=0.03,373,44,11.8,37300,20120,-17180,53.94,457.27,18.8,81.32,432.61,-27.38,-7.0,24.66,mixed_edge
1-6,other_a_count_bucket,3,2062,34,1.65,206200,110860,-95340,53.76,3260.59,3.7,65.46,1770.57,-11.7,-2.05,1490.02,mixed_edge
1-6,target_lane x other_a_count_bucket,6 | 3,2062,34,1.65,206200,110860,-95340,53.76,3260.59,3.7,65.46,1770.57,-11.7,-2.05,1490.02,mixed_edge
1-3,lane1_target_start_gap_pair x target_outer_pressure_bucket,<=0.03-0.04-0.06 | some_other_pressure,93,16,17.2,9300,5000,-4300,53.76,312.5,15.76,78.52,498.07,-24.76,1.44,-185.57,mixed_edge
1-5,lane1_target_start_gap_pair x target_outer_pressure_bucket,>0.06-<=0.03 | high_other_pressure,646,28,4.33,64600,34710,-29890,53.73,1239.64,6.69,80.94,1209.34,-27.21,-2.36,30.3,mixed_edge
1-5,lane1_target_start_gap_pair x target_outer_pressure_bucket,best->0.06 | some_other_pressure,240,21,8.75,24000,12860,-11140,53.58,612.38,6.69,80.94,1209.34,-27.36,2.06,-596.96,mixed_edge
1-6,stadium_code,05,647,23,3.55,64700,34660,-30040,53.57,1506.96,3.7,65.46,1770.57,-11.89,-0.15,-263.61,mixed_edge
1-6,stadium_code x target_lane,05 | 6,647,23,3.55,64700,34660,-30040,53.57,1506.96,3.7,65.46,1770.57,-11.89,-0.15,-263.61,mixed_edge
1-6,lane1_target_start_exhibition_st_diff_bucket,lane1_faster_0.06+,4629,128,2.77,462900,247650,-215250,53.5,1934.77,3.7,65.46,1770.57,-11.96,-0.93,164.2,mixed_edge
1-2,lane1_target_exhibition_time_diff_bucket x lane1_target_start_exhibition_st_diff_bucket,target_faster_0.10+ | lane1_faster_0.06+,123,18,14.63,12300,6570,-5730,53.41,365.0,18.8,81.32,432.61,-27.91,-4.17,-67.61,mixed_edge
1-6,other_group_pattern,B-A-B-B,875,42,4.8,87500,46710,-40790,53.38,1112.14,3.7,65.46,1770.57,-12.08,1.1,-658.43,mixed_edge
1-4,lane1_target_start_gap_pair x target_outer_pressure_bucket,>0.06-best | high_other_pressure,694,43,6.2,69400,37000,-32400,53.31,860.47,10.14,75.45,744.07,-22.14,-3.94,116.4,mixed_edge
1-6,stadium_code,10,552,18,3.26,55200,29390,-25810,53.24,1632.78,3.7,65.46,1770.57,-12.22,-0.44,-137.79,mixed_edge
1-6,stadium_code x target_lane,10 | 6,552,18,3.26,55200,29390,-25810,53.24,1632.78,3.7,65.46,1770.57,-12.22,-0.44,-137.79,mixed_edge
1-3,stadium_code,01,552,70,12.68,55200,29320,-25880,53.12,418.86,15.76,78.52,498.07,-25.4,-3.08,-79.21,mixed_edge
1-3,stadium_code x target_lane,01 | 3,552,70,12.68,55200,29320,-25880,53.12,418.86,15.76,78.52,498.07,-25.4,-3.08,-79.21,mixed_edge
1-2,other_st_faster_than_target_count_bucket,4,2335,280,11.99,233500,123810,-109690,53.02,442.18,18.8,81.32,432.61,-28.3,-6.81,9.57,mixed_edge
1-2,target_exhibition_st_rank_bucket x other_st_faster_than_target_count_bucket,4+ | 4,2335,280,11.99,233500,123810,-109690,53.02,442.18,18.8,81.32,432.61,-28.3,-6.81,9.57,mixed_edge
1-3,lane1_target_group_pair x target_outer_pressure_bucket,A-B | low_other_pressure,44,9,20.45,4400,2330,-2070,52.95,258.89,15.76,78.52,498.07,-25.57,4.69,-239.18,mixed_edge
1-6,lane1_target_group_pair x other_a_count_bucket,B-A | 0,110,9,8.18,11000,5820,-5180,52.91,646.67,3.7,65.46,1770.57,-12.55,4.48,-1123.9,mixed_edge
1-6,target_class_group,B,6772,127,1.88,677200,357920,-319280,52.85,2818.27,3.7,65.46,1770.57,-12.61,-1.82,1047.7,mixed_edge
1-6,target_lane x target_class_group,6 | B,6772,127,1.88,677200,357920,-319280,52.85,2818.27,3.7,65.46,1770.57,-12.61,-1.82,1047.7,mixed_edge
1-6,lane1_target_exhibition_st_rank_pair,2-4+,1642,52,3.17,164200,86190,-78010,52.49,1657.5,3.7,65.46,1770.57,-12.97,-0.53,-113.07,mixed_edge
1-6,lane1_exhibition_st_rank_bucket x target_exhibition_st_rank_bucket,2 | 4+,1642,52,3.17,164200,86190,-78010,52.49,1657.5,3.7,65.46,1770.57,-12.97,-0.53,-113.07,mixed_edge
1-3,lane1_target_start_gap_pair x target_outer_pressure_bucket,>0.06-<=0.03 | high_other_pressure,475,40,8.42,47500,24830,-22670,52.27,620.75,15.76,78.52,498.07,-26.25,-7.34,122.68,mixed_edge
1-3,lane1_target_exhibition_time_diff_bucket x lane1_target_start_exhibition_st_diff_bucket,lane1_faster_0.10+ | target_faster_0.03_0.06,219,27,12.33,21900,11440,-10460,52.24,423.7,15.76,78.52,498.07,-26.28,-3.43,-74.37,mixed_edge
1-6,wave_bucket,5-9,1502,45,3.0,150200,78370,-71830,52.18,1741.56,3.7,65.46,1770.57,-13.28,-0.7,-29.01,mixed_edge
1-3,lane1_target_class_pair,B2-A2,87,7,8.05,8700,4540,-4160,52.18,648.57,15.76,78.52,498.07,-26.34,-7.71,150.5,mixed_edge
1-6,target_national_win_rank_bucket,4+,7237,117,1.62,723700,376560,-347140,52.03,3218.46,3.7,65.46,1770.57,-13.43,-2.08,1447.89,mixed_edge
1-6,stadium_code,06,563,14,2.49,56300,29240,-27060,51.94,2088.57,3.7,65.46,1770.57,-13.52,-1.21,318.0,mixed_edge
1-6,stadium_code x target_lane,06 | 6,563,14,2.49,56300,29240,-27060,51.94,2088.57,3.7,65.46,1770.57,-13.52,-1.21,318.0,mixed_edge
1-3,lane1_target_exhibition_time_diff_bucket x lane1_target_start_exhibition_st_diff_bucket,target_faster_0.10+ | target_faster_0.03_0.06,88,8,9.09,8800,4570,-4230,51.93,571.25,15.76,78.52,498.07,-26.59,-6.67,73.18,mixed_edge
1-6,lane1_target_national_rank_pair x target_outer_pressure_bucket,1-2 | some_other_pressure,107,8,7.48,10700,5530,-5170,51.68,691.25,3.7,65.46,1770.57,-13.78,3.78,-1079.32,mixed_edge
1-3,lane1_target_exhibition_time_diff_bucket x lane1_target_start_exhibition_st_diff_bucket,lane1_faster_0.10+ | target_faster_0.06+,195,22,11.28,19500,10070,-9430,51.64,457.73,15.76,78.52,498.07,-26.88,-4.48,-40.34,mixed_edge
1-3,lane1_exhibition_st_rank_bucket,4+,4463,468,10.49,446300,229880,-216420,51.51,491.2,15.76,78.52,498.07,-27.01,-5.27,-6.87,mixed_edge
1-4,lane1_target_national_rank_pair x target_outer_pressure_bucket,3-2 | high_other_pressure,238,23,9.66,23800,12260,-11540,51.51,533.04,10.14,75.45,744.07,-23.94,-0.48,-211.03,mixed_edge
1-2,lane1_target_start_gap_pair x target_outer_pressure_bucket,>0.06-<=0.03 | some_other_pressure,88,11,12.5,8800,4530,-4270,51.48,411.82,18.8,81.32,432.61,-29.84,-6.3,-20.79,mixed_edge
1-4,lane1_target_start_gap_pair x target_outer_pressure_bucket,>0.06-0.04-0.06 | high_other_pressure,569,29,5.1,56900,29260,-27640,51.42,1008.97,10.14,75.45,744.07,-24.03,-5.04,264.9,mixed_edge
1-5,lane1_target_national_rank_pair x target_outer_pressure_bucket,2-1 | low_other_pressure,156,20,12.82,15600,8000,-7600,51.28,400.0,6.69,80.94,1209.34,-29.66,6.13,-809.34,mixed_edge
1-2,lane1_target_group_pair x other_a_count_bucket,A-B | 4,93,12,12.9,9300,4740,-4560,50.97,395.0,18.8,81.32,432.61,-30.35,-5.9,-37.61,mixed_edge
1-5,lane1_target_class_pair,A1-B2,218,6,2.75,21800,11090,-10710,50.87,1848.33,6.69,80.94,1209.34,-30.07,-3.94,638.99,mixed_edge
1-2,lane1_target_start_gap_pair x target_outer_pressure_bucket,<=0.03->0.06 | high_other_pressure,465,46,9.89,46500,23610,-22890,50.77,513.26,18.8,81.32,432.61,-30.55,-8.91,80.65,mixed_edge
1-6,lane1_target_start_gap_pair x target_outer_pressure_bucket,0.04-0.06->0.06 | some_other_pressure,99,5,5.05,9900,5000,-4900,50.51,1000.0,3.7,65.46,1770.57,-14.95,1.35,-770.57,mixed_edge
1-3,lane1_target_start_gap_pair,>0.06-<=0.03,578,53,9.17,57800,29170,-28630,50.47,550.38,15.76,78.52,498.07,-28.05,-6.59,52.31,mixed_edge
1-3,target_lane x lane1_target_start_gap_pair,3 | >0.06-<=0.03,578,53,9.17,57800,29170,-28630,50.47,550.38,15.76,78.52,498.07,-28.05,-6.59,52.31,mixed_edge
1-3,lane1_start_exhibition_gap_bucket x target_start_exhibition_gap_bucket,>0.06 | <=0.03,578,53,9.17,57800,29170,-28630,50.47,550.38,15.76,78.52,498.07,-28.05,-6.59,52.31,mixed_edge
1-6,other_exhibition_faster_than_target_count_bucket,3,2449,65,2.65,244900,123320,-121580,50.36,1897.23,3.7,65.46,1770.57,-15.1,-1.05,126.66,mixed_edge
1-6,target_exhibition_rank_bucket x other_exhibition_faster_than_target_count_bucket,4+ | 3,2449,65,2.65,244900,123320,-121580,50.36,1897.23,3.7,65.46,1770.57,-15.1,-1.05,126.66,mixed_edge
1-6,target_exhibition_st_rank_bucket,4+,8364,238,2.85,836400,420530,-415870,50.28,1766.93,3.7,65.46,1770.57,-15.18,-0.85,-3.64,mixed_edge
1-6,target_lane x target_exhibition_st_rank_bucket,6 | 4+,8364,238,2.85,836400,420530,-415870,50.28,1766.93,3.7,65.46,1770.57,-15.18,-0.85,-3.64,mixed_edge
1-6,grade_group,G1,324,10,3.09,32400,16190,-16210,49.97,1619.0,3.7,65.46,1770.57,-15.49,-0.61,-151.57,mixed_edge
1-6,stadium_code,13,204,7,3.43,20400,10170,-10230,49.85,1452.86,3.7,65.46,1770.57,-15.61,-0.27,-317.71,mixed_edge
1-6,stadium_code x target_lane,13 | 6,204,7,3.43,20400,10170,-10230,49.85,1452.86,3.7,65.46,1770.57,-15.61,-0.27,-317.71,mixed_edge
1-6,lane1_target_exhibition_time_diff_bucket x lane1_target_start_exhibition_st_diff_bucket,lane1_faster_0.05_0.10 | lane1_faster_0.03_0.06,464,17,3.66,46400,23110,-23290,49.81,1359.41,3.7,65.46,1770.57,-15.65,-0.04,-411.16,mixed_edge
1-3,lane1_target_start_gap_pair,<=0.03->0.06,479,47,9.81,47900,23770,-24130,49.62,505.74,15.76,78.52,498.07,-28.9,-5.95,7.67,mixed_edge
1-3,target_lane x lane1_target_start_gap_pair,3 | <=0.03->0.06,479,47,9.81,47900,23770,-24130,49.62,505.74,15.76,78.52,498.07,-28.9,-5.95,7.67,mixed_edge
1-3,lane1_start_exhibition_gap_bucket x target_start_exhibition_gap_bucket,<=0.03 | >0.06,479,47,9.81,47900,23770,-24130,49.62,505.74,15.76,78.52,498.07,-28.9,-5.95,7.67,mixed_edge
1-6,lane1_target_national_rank_pair,3-2,389,14,3.6,38900,19280,-19620,49.56,1377.14,3.7,65.46,1770.57,-15.9,-0.1,-393.43,mixed_edge
1-6,target_lane x lane1_target_national_rank_pair,6 | 3-2,389,14,3.6,38900,19280,-19620,49.56,1377.14,3.7,65.46,1770.57,-15.9,-0.1,-393.43,mixed_edge
1-6,lane1_target_group_pair x other_a_count_bucket,B-B | 0,512,13,2.54,51200,25270,-25930,49.36,1943.85,3.7,65.46,1770.57,-16.1,-1.16,173.28,mixed_edge
1-4,lane1_target_start_gap_pair,>0.06-0.04-0.06,676,37,5.47,67600,33310,-34290,49.28,900.27,10.14,75.45,744.07,-26.17,-4.67,156.2,mixed_edge
1-4,target_lane x lane1_target_start_gap_pair,4 | >0.06-0.04-0.06,676,37,5.47,67600,33310,-34290,49.28,900.27,10.14,75.45,744.07,-26.17,-4.67,156.2,mixed_edge
1-4,lane1_start_exhibition_gap_bucket x target_start_exhibition_gap_bucket,>0.06 | 0.04-0.06,676,37,5.47,67600,33310,-34290,49.28,900.27,10.14,75.45,744.07,-26.17,-4.67,156.2,mixed_edge
1-5,lane1_target_exhibition_st_rank_pair,4+-4+,1340,47,3.51,134000,65880,-68120,49.16,1401.7,6.69,80.94,1209.34,-31.78,-3.18,192.36,mixed_edge
1-5,lane1_exhibition_st_rank_bucket x target_exhibition_st_rank_bucket,4+ | 4+,1340,47,3.51,134000,65880,-68120,49.16,1401.7,6.69,80.94,1209.34,-31.78,-3.18,192.36,mixed_edge
1-4,stadium_code,04,128,9,7.03,12800,6290,-6510,49.14,698.89,10.14,75.45,744.07,-26.31,-3.11,-45.18,mixed_edge
1-4,stadium_code x target_lane,04 | 4,128,9,7.03,12800,6290,-6510,49.14,698.89,10.14,75.45,744.07,-26.31,-3.11,-45.18,mixed_edge
1-6,lane1_target_group_pair x target_outer_pressure_bucket,A-A | some_other_pressure,779,45,5.78,77900,38160,-39740,48.99,848.0,3.7,65.46,1770.57,-16.47,2.08,-922.57,mixed_edge
1-5,lane1_target_start_gap_pair x target_outer_pressure_bucket,>0.06-0.04-0.06 | high_other_pressure,547,14,2.56,54700,26720,-27980,48.85,1908.57,6.69,80.94,1209.34,-32.09,-4.13,699.23,mixed_edge
1-3,lane1_target_start_gap_pair,0.04-0.06->0.06,529,53,10.02,52900,25840,-27060,48.85,487.55,15.76,78.52,498.07,-29.67,-5.74,-10.52,mixed_edge
1-3,target_lane x lane1_target_start_gap_pair,3 | 0.04-0.06->0.06,529,53,10.02,52900,25840,-27060,48.85,487.55,15.76,78.52,498.07,-29.67,-5.74,-10.52,mixed_edge
1-3,lane1_start_exhibition_gap_bucket x target_start_exhibition_gap_bucket,0.04-0.06 | >0.06,529,53,10.02,52900,25840,-27060,48.85,487.55,15.76,78.52,498.07,-29.67,-5.74,-10.52,mixed_edge
1-6,lane1_target_exhibition_time_diff_bucket x lane1_target_start_exhibition_st_diff_bucket,target_faster_0.05_0.10 | near_equal,310,13,4.19,31000,15060,-15940,48.58,1158.46,3.7,65.46,1770.57,-16.88,0.49,-612.11,mixed_edge
1-6,other_national_better_than_target_count_bucket,3,2249,38,1.69,224900,109110,-115790,48.51,2871.32,3.7,65.46,1770.57,-16.95,-2.01,1100.75,mixed_edge
1-6,target_national_win_rank_bucket x other_national_better_than_target_count_bucket,4+ | 3,2249,38,1.69,224900,109110,-115790,48.51,2871.32,3.7,65.46,1770.57,-16.95,-2.01,1100.75,mixed_edge
1-3,lane1_target_exhibition_st_rank_pair,4+-3,849,92,10.84,84900,40990,-43910,48.28,445.54,15.76,78.52,498.07,-30.24,-4.92,-52.53,mixed_edge
1-3,lane1_exhibition_st_rank_bucket x target_exhibition_st_rank_bucket,4+ | 3,849,92,10.84,84900,40990,-43910,48.28,445.54,15.76,78.52,498.07,-30.24,-4.92,-52.53,mixed_edge
1-6,target_exhibition_rank_bucket x other_exhibition_faster_than_target_count_bucket,4+ | 1,528,12,2.27,52800,25370,-27430,48.05,2114.17,3.7,65.46,1770.57,-17.41,-1.43,343.6,mixed_edge
1-6,target_class_group x target_outer_pressure_bucket,B | high_other_pressure,6378,93,1.46,637800,306160,-331640,48.0,3292.04,3.7,65.46,1770.57,-17.46,-2.24,1521.47,mixed_edge
1-3,target_exhibition_st_rank_bucket x other_st_faster_than_target_count_bucket,3 | 2,790,85,10.76,79000,37810,-41190,47.86,444.82,15.76,78.52,498.07,-30.66,-5.0,-53.25,mixed_edge
1-5,stadium_code,12,682,34,4.99,68200,32630,-35570,47.84,959.71,6.69,80.94,1209.34,-33.1,-1.7,-249.63,mixed_edge
1-5,stadium_code x target_lane,12 | 5,682,34,4.99,68200,32630,-35570,47.84,959.71,6.69,80.94,1209.34,-33.1,-1.7,-249.63,mixed_edge
1-5,lane1_target_start_gap_pair,>0.06-0.04-0.06,643,19,2.95,64300,30740,-33560,47.81,1617.89,6.69,80.94,1209.34,-33.13,-3.74,408.55,mixed_edge
1-5,target_lane x lane1_target_start_gap_pair,5 | >0.06-0.04-0.06,643,19,2.95,64300,30740,-33560,47.81,1617.89,6.69,80.94,1209.34,-33.13,-3.74,408.55,mixed_edge
1-5,lane1_start_exhibition_gap_bucket x target_start_exhibition_gap_bucket,>0.06 | 0.04-0.06,643,19,2.95,64300,30740,-33560,47.81,1617.89,6.69,80.94,1209.34,-33.13,-3.74,408.55,mixed_edge
1-6,lane1_target_exhibition_time_diff_bucket x lane1_target_start_exhibition_st_diff_bucket,lane1_faster_0.05_0.10 | lane1_faster_0.06+,1062,22,2.07,106200,50630,-55570,47.67,2301.36,3.7,65.46,1770.57,-17.79,-1.63,530.79,mixed_edge
1-6,lane1_target_start_gap_pair x target_outer_pressure_bucket,>0.06-0.04-0.06 | low_other_pressure,30,3,10.0,3000,1430,-1570,47.67,476.67,3.7,65.46,1770.57,-17.79,6.3,-1293.9,mixed_edge
1-3,lane1_target_exhibition_time_diff_bucket x lane1_target_start_exhibition_st_diff_bucket,lane1_faster_0.10+ | lane1_faster_0.06+,329,31,9.42,32900,15660,-17240,47.6,505.16,15.76,78.52,498.07,-30.92,-6.34,7.09,mixed_edge
1-6,target_start_exhibition_gap_bucket,>0.06,5877,140,2.38,587700,277520,-310180,47.22,1982.29,3.7,65.46,1770.57,-18.24,-1.32,211.72,mixed_edge
1-6,target_lane x target_start_exhibition_gap_bucket,6 | >0.06,5877,140,2.38,587700,277520,-310180,47.22,1982.29,3.7,65.46,1770.57,-18.24,-1.32,211.72,mixed_edge
1-2,lane1_target_exhibition_time_diff_bucket x lane1_target_start_exhibition_st_diff_bucket,lane1_faster_0.05_0.10 | target_faster_0.06+,203,21,10.34,20300,9570,-10730,47.14,455.71,18.8,81.32,432.61,-34.18,-8.46,23.1,mixed_edge
1-6,lane1_start_exhibition_gap_bucket,>0.06,3159,86,2.72,315900,148500,-167400,47.01,1726.74,3.7,65.46,1770.57,-18.45,-0.98,-43.83,mixed_edge
1-6,lane1_target_start_gap_pair x target_outer_pressure_bucket,0.04-0.06-<=0.03 | some_other_pressure,63,2,3.17,6300,2960,-3340,46.98,1480.0,3.7,65.46,1770.57,-18.48,-0.53,-290.57,mixed_edge
1-5,lane1_target_start_gap_pair,0.04-0.06->0.06,636,23,3.62,63600,29810,-33790,46.87,1296.09,6.69,80.94,1209.34,-34.07,-3.07,86.75,mixed_edge
1-5,target_lane x lane1_target_start_gap_pair,5 | 0.04-0.06->0.06,636,23,3.62,63600,29810,-33790,46.87,1296.09,6.69,80.94,1209.34,-34.07,-3.07,86.75,mixed_edge
1-5,lane1_start_exhibition_gap_bucket x target_start_exhibition_gap_bucket,0.04-0.06 | >0.06,636,23,3.62,63600,29810,-33790,46.87,1296.09,6.69,80.94,1209.34,-34.07,-3.07,86.75,mixed_edge
1-5,lane1_target_start_gap_pair x target_outer_pressure_bucket,0.04-0.06-<=0.03 | low_other_pressure,38,4,10.53,3800,1780,-2020,46.84,445.0,6.69,80.94,1209.34,-34.1,3.84,-764.34,mixed_edge
1-6,lane1_target_class_pair,B1-B1,1917,28,1.46,191700,89690,-102010,46.79,3203.21,3.7,65.46,1770.57,-18.67,-2.24,1432.64,mixed_edge
1-5,lane1_target_exhibition_time_diff_bucket x lane1_target_start_exhibition_st_diff_bucket,target_faster_0.10+ | target_faster_0.06+,115,5,4.35,11500,5370,-6130,46.7,1074.0,6.69,80.94,1209.34,-34.24,-2.34,-135.34,mixed_edge
1-6,wind_bucket,5-6,1362,35,2.57,136200,63550,-72650,46.66,1815.71,3.7,65.46,1770.57,-18.8,-1.13,45.14,mixed_edge
1-3,lane1_target_exhibition_time_diff_bucket x lane1_target_start_exhibition_st_diff_bucket,target_faster_0.05_0.10 | target_faster_0.06+,227,19,8.37,22700,10570,-12130,46.56,556.32,15.76,78.52,498.07,-31.96,-7.39,58.25,mixed_edge
1-5,lane1_target_start_gap_pair x target_outer_pressure_bucket,0.04-0.06->0.06 | high_other_pressure,561,18,3.21,56100,26090,-30010,46.51,1449.44,6.69,80.94,1209.34,-34.43,-3.48,240.1,mixed_edge
1-2,lane1_target_start_gap_pair x target_outer_pressure_bucket,0.04-0.06-best | low_other_pressure,40,7,17.5,4000,1850,-2150,46.25,264.29,18.8,81.32,432.61,-35.07,-1.3,-168.32,mixed_edge
1-5,other_st_faster_than_target_count_bucket,4,1741,51,2.93,174100,80390,-93710,46.17,1576.27,6.69,80.94,1209.34,-34.77,-3.76,366.93,mixed_edge
1-5,target_exhibition_st_rank_bucket x other_st_faster_than_target_count_bucket,4+ | 4,1741,51,2.93,174100,80390,-93710,46.17,1576.27,6.69,80.94,1209.34,-34.77,-3.76,366.93,mixed_edge
1-6,lane1_target_national_rank_pair x target_outer_pressure_bucket,2-1 | some_other_pressure,114,12,10.53,11400,5260,-6140,46.14,438.33,3.7,65.46,1770.57,-19.32,6.83,-1332.24,mixed_edge
1-2,lane1_start_exhibition_gap_bucket,>0.06,3159,289,9.15,315900,143950,-171950,45.57,498.1,18.8,81.32,432.61,-35.75,-9.65,65.49,mixed_edge
1-6,lane1_target_exhibition_time_diff_bucket x lane1_target_start_exhibition_st_diff_bucket,near_equal | lane1_faster_0.06+,2099,59,2.81,209900,95490,-114410,45.49,1618.47,3.7,65.46,1770.57,-19.97,-0.89,-152.1,mixed_edge
1-4,lane1_target_national_rank_pair x target_outer_pressure_bucket,1-2 | some_other_pressure,159,22,13.84,15900,7230,-8670,45.47,328.64,10.14,75.45,744.07,-29.98,3.7,-415.43,mixed_edge
1-3,lane1_target_start_gap_pair x target_outer_pressure_bucket,>0.06-best | some_other_pressure,124,14,11.29,12400,5610,-6790,45.24,400.71,15.76,78.52,498.07,-33.28,-4.47,-97.36,mixed_edge
1-5,lane1_target_start_gap_pair x target_outer_pressure_bucket,>0.06->0.06 | high_other_pressure,745,17,2.28,74500,33600,-40900,45.1,1976.47,6.69,80.94,1209.34,-35.84,-4.41,767.13,mixed_edge
1-6,lane1_target_start_gap_pair x target_outer_pressure_bucket,best-<=0.03 | some_other_pressure,98,6,6.12,9800,4420,-5380,45.1,736.67,3.7,65.46,1770.57,-20.36,2.42,-1033.9,mixed_edge
1-3,lane1_target_exhibition_st_rank_pair,4+-4+,1662,145,8.72,166200,74930,-91270,45.08,516.76,15.76,78.52,498.07,-33.44,-7.04,18.69,mixed_edge
1-3,lane1_exhibition_st_rank_bucket x target_exhibition_st_rank_bucket,4+ | 4+,1662,145,8.72,166200,74930,-91270,45.08,516.76,15.76,78.52,498.07,-33.44,-7.04,18.69,mixed_edge
1-5,lane1_target_start_gap_pair,>0.06->0.06,850,24,2.82,85000,38280,-46720,45.04,1595.0,6.69,80.94,1209.34,-35.9,-3.87,385.66,mixed_edge
1-5,target_lane x lane1_target_start_gap_pair,5 | >0.06->0.06,850,24,2.82,85000,38280,-46720,45.04,1595.0,6.69,80.94,1209.34,-35.9,-3.87,385.66,mixed_edge
1-5,lane1_start_exhibition_gap_bucket x target_start_exhibition_gap_bucket,>0.06 | >0.06,850,24,2.82,85000,38280,-46720,45.04,1595.0,6.69,80.94,1209.34,-35.9,-3.87,385.66,mixed_edge
1-4,lane1_target_class_pair,A1-B2,139,7,5.04,13900,6260,-7640,45.04,894.29,10.14,75.45,744.07,-30.41,-5.1,150.22,mixed_edge
1-6,lane1_target_start_gap_pair,0.04-0.06->0.06,891,19,2.13,89100,40120,-48980,45.03,2111.58,3.7,65.46,1770.57,-20.43,-1.57,341.01,mixed_edge
1-6,target_lane x lane1_target_start_gap_pair,6 | 0.04-0.06->0.06,891,19,2.13,89100,40120,-48980,45.03,2111.58,3.7,65.46,1770.57,-20.43,-1.57,341.01,mixed_edge
1-6,lane1_start_exhibition_gap_bucket x target_start_exhibition_gap_bucket,0.04-0.06 | >0.06,891,19,2.13,89100,40120,-48980,45.03,2111.58,3.7,65.46,1770.57,-20.43,-1.57,341.01,mixed_edge
1-6,other_national_better_than_target_count_bucket,4,3611,34,0.94,361100,162330,-198770,44.95,4774.41,3.7,65.46,1770.57,-20.51,-2.76,3003.84,mixed_edge
1-6,target_national_win_rank_bucket x other_national_better_than_target_count_bucket,4+ | 4,3611,34,0.94,361100,162330,-198770,44.95,4774.41,3.7,65.46,1770.57,-20.51,-2.76,3003.84,mixed_edge
1-6,lane1_target_start_gap_pair x target_outer_pressure_bucket,0.04-0.06-best | some_other_pressure,68,5,7.35,6800,3050,-3750,44.85,610.0,3.7,65.46,1770.57,-20.61,3.65,-1160.57,mixed_edge
1-6,other_group_pattern,A-B-A-B,880,21,2.39,88000,39430,-48570,44.81,1877.62,3.7,65.46,1770.57,-20.65,-1.31,107.05,mixed_edge
1-3,lane1_target_start_gap_pair x target_outer_pressure_bucket,<=0.03->0.06 | high_other_pressure,408,32,7.84,40800,18210,-22590,44.63,569.06,15.76,78.52,498.07,-33.89,-7.92,70.99,mixed_edge
1-6,other_group_pattern,A-A-B-A,593,9,1.52,59300,26320,-32980,44.38,2924.44,3.7,65.46,1770.57,-21.08,-2.18,1153.87,mixed_edge
1-2,lane1_target_start_gap_pair x target_outer_pressure_bucket,0.04-0.06-0.04-0.06 | low_other_pressure,35,6,17.14,3500,1550,-1950,44.29,258.33,18.8,81.32,432.61,-37.03,-1.66,-174.28,mixed_edge
1-6,lane1_target_exhibition_st_rank_pair,3-4+,1241,32,2.58,124100,54900,-69200,44.24,1715.62,3.7,65.46,1770.57,-21.22,-1.12,-54.95,mixed_edge
1-6,lane1_exhibition_st_rank_bucket x target_exhibition_st_rank_bucket,3 | 4+,1241,32,2.58,124100,54900,-69200,44.24,1715.62,3.7,65.46,1770.57,-21.22,-1.12,-54.95,mixed_edge
1-5,lane1_target_class_pair,B1-B2,548,6,1.09,54800,24170,-30630,44.11,4028.33,6.69,80.94,1209.34,-36.83,-5.6,2818.99,mixed_edge
1-3,lane1_target_start_gap_pair,>0.06-0.04-0.06,672,63,9.38,67200,29500,-37700,43.9,468.25,15.76,78.52,498.07,-34.62,-6.38,-29.82,mixed_edge
1-3,target_lane x lane1_target_start_gap_pair,3 | >0.06-0.04-0.06,672,63,9.38,67200,29500,-37700,43.9,468.25,15.76,78.52,498.07,-34.62,-6.38,-29.82,mixed_edge
1-3,lane1_start_exhibition_gap_bucket x target_start_exhibition_gap_bucket,>0.06 | 0.04-0.06,672,63,9.38,67200,29500,-37700,43.9,468.25,15.76,78.52,498.07,-34.62,-6.38,-29.82,mixed_edge
1-4,lane1_target_start_gap_pair,>0.06-best,936,53,5.66,93600,41060,-52540,43.87,774.72,10.14,75.45,744.07,-31.58,-4.48,30.65,mixed_edge
1-4,target_lane x lane1_target_start_gap_pair,4 | >0.06-best,936,53,5.66,93600,41060,-52540,43.87,774.72,10.14,75.45,744.07,-31.58,-4.48,30.65,mixed_edge
1-4,lane1_start_exhibition_gap_bucket x target_start_exhibition_gap_bucket,>0.06 | best,936,53,5.66,93600,41060,-52540,43.87,774.72,10.14,75.45,744.07,-31.58,-4.48,30.65,mixed_edge
1-3,lane1_target_start_gap_pair x target_outer_pressure_bucket,0.04-0.06->0.06 | high_other_pressure,450,38,8.44,45000,19630,-25370,43.62,516.58,15.76,78.52,498.07,-34.9,-7.32,18.51,mixed_edge
1-6,lane1_class,B2,318,6,1.89,31800,13860,-17940,43.58,2310.0,3.7,65.46,1770.57,-21.88,-1.81,539.43,mixed_edge
1-4,wave_bucket,10+,234,12,5.13,23400,10170,-13230,43.46,847.5,10.14,75.45,744.07,-31.99,-5.01,103.43,mixed_edge
1-5,stadium_code,16,144,10,6.94,14400,6200,-8200,43.06,620.0,6.69,80.94,1209.34,-37.88,0.25,-589.34,mixed_edge
1-5,stadium_code x target_lane,16 | 5,144,10,6.94,14400,6200,-8200,43.06,620.0,6.69,80.94,1209.34,-37.88,0.25,-589.34,mixed_edge
1-5,lane1_target_exhibition_time_diff_bucket x lane1_target_start_exhibition_st_diff_bucket,target_faster_0.05_0.10 | target_faster_0.06+,223,10,4.48,22300,9540,-12760,42.78,954.0,6.69,80.94,1209.34,-38.16,-2.21,-255.34,mixed_edge
1-6,other_st_faster_than_target_count_bucket,3,2581,71,2.75,258100,109280,-148820,42.34,1539.15,3.7,65.46,1770.57,-23.12,-0.95,-231.42,mixed_edge
1-6,target_exhibition_st_rank_bucket x other_st_faster_than_target_count_bucket,4+ | 3,2581,71,2.75,258100,109280,-148820,42.34,1539.15,3.7,65.46,1770.57,-23.12,-0.95,-231.42,mixed_edge
1-3,lane1_target_start_gap_pair x target_outer_pressure_bucket,>0.06->0.06 | low_other_pressure,55,7,12.73,5500,2320,-3180,42.18,331.43,15.76,78.52,498.07,-36.34,-3.03,-166.64,mixed_edge
1-3,lane1_target_start_exhibition_st_diff_bucket,target_faster_0.06+,1663,135,8.12,166300,70130,-96170,42.17,519.48,15.76,78.52,498.07,-36.35,-7.64,21.41,mixed_edge
1-4,lane1_target_exhibition_st_rank_pair,4+-4+,1141,56,4.91,114100,48000,-66100,42.07,857.14,10.14,75.45,744.07,-33.38,-5.23,113.07,mixed_edge
1-4,lane1_exhibition_st_rank_bucket x target_exhibition_st_rank_bucket,4+ | 4+,1141,56,4.91,114100,48000,-66100,42.07,857.14,10.14,75.45,744.07,-33.38,-5.23,113.07,mixed_edge
1-2,lane1_target_class_pair,A1-B2,87,8,9.2,8700,3660,-5040,42.07,457.5,18.8,81.32,432.61,-39.25,-9.6,24.89,mixed_edge
1-3,lane1_target_start_gap_pair x target_outer_pressure_bucket,>0.06-0.04-0.06 | high_other_pressure,546,41,7.51,54600,22910,-31690,41.96,558.78,15.76,78.52,498.07,-36.56,-8.25,60.71,mixed_edge
1-6,lane1_target_group_pair,B-B,2998,36,1.2,299800,124940,-174860,41.67,3470.56,3.7,65.46,1770.57,-23.79,-2.5,1699.99,mixed_edge
1-4,lane1_start_exhibition_gap_bucket,>0.06,3159,166,5.25,315900,131400,-184500,41.6,791.57,10.14,75.45,744.07,-33.85,-4.89,47.5,mixed_edge
1-6,other_st_faster_than_target_count_bucket,4,3588,71,1.98,358800,148980,-209820,41.52,2098.31,3.7,65.46,1770.57,-23.94,-1.72,327.74,mixed_edge
1-6,target_exhibition_st_rank_bucket x other_st_faster_than_target_count_bucket,4+ | 4,3588,71,1.98,358800,148980,-209820,41.52,2098.31,3.7,65.46,1770.57,-23.94,-1.72,327.74,mixed_edge
1-4,lane1_target_start_gap_pair x target_outer_pressure_bucket,>0.06-<=0.03 | high_other_pressure,575,34,5.91,57500,23810,-33690,41.41,700.29,10.14,75.45,744.07,-34.04,-4.23,-43.78,mixed_edge
1-2,lane1_target_start_gap_pair x target_outer_pressure_bucket,>0.06->0.06 | high_other_pressure,1463,109,7.45,146300,60230,-86070,41.17,552.57,18.8,81.32,432.61,-40.15,-11.35,119.96,mixed_edge
1-6,lane1_target_start_gap_pair x target_outer_pressure_bucket,0.04-0.06->0.06 | high_other_pressure,748,11,1.47,74800,30760,-44040,41.12,2796.36,3.7,65.46,1770.57,-24.34,-2.23,1025.79,mixed_edge
1-2,lane1_target_start_gap_pair x target_outer_pressure_bucket,>0.06->0.06 | low_other_pressure,98,14,14.29,9800,4020,-5780,41.02,287.14,18.8,81.32,432.61,-40.3,-4.51,-145.47,mixed_edge
1-6,target_exhibition_rank_bucket x other_exhibition_faster_than_target_count_bucket,3 | 2,542,16,2.95,54200,22210,-31990,40.98,1388.12,3.7,65.46,1770.57,-24.48,-0.75,-382.45,mixed_edge
1-4,lane1_target_exhibition_time_diff_bucket x lane1_target_start_exhibition_st_diff_bucket,target_faster_0.05_0.10 | target_faster_0.03_0.06,157,8,5.1,15700,6400,-9300,40.76,800.0,10.14,75.45,744.07,-34.69,-5.04,55.93,mixed_edge
1-4,lane1_target_start_gap_pair,>0.06-<=0.03,724,46,6.35,72400,29380,-43020,40.58,638.7,10.14,75.45,744.07,-34.87,-3.79,-105.37,mixed_edge
1-4,target_lane x lane1_target_start_gap_pair,4 | >0.06-<=0.03,724,46,6.35,72400,29380,-43020,40.58,638.7,10.14,75.45,744.07,-34.87,-3.79,-105.37,mixed_edge
1-4,lane1_start_exhibition_gap_bucket x target_start_exhibition_gap_bucket,>0.06 | <=0.03,724,46,6.35,72400,29380,-43020,40.58,638.7,10.14,75.45,744.07,-34.87,-3.79,-105.37,mixed_edge
1-3,other_st_faster_than_target_count_bucket,4,1393,110,7.9,139300,56490,-82810,40.55,513.55,15.76,78.52,498.07,-37.97,-7.86,15.48,mixed_edge
1-3,target_exhibition_st_rank_bucket x other_st_faster_than_target_count_bucket,4+ | 4,1393,110,7.9,139300,56490,-82810,40.55,513.55,15.76,78.52,498.07,-37.97,-7.86,15.48,mixed_edge
1-2,lane1_target_start_gap_pair,>0.06->0.06,1824,147,8.06,182400,73840,-108560,40.48,502.31,18.8,81.32,432.61,-40.84,-10.74,69.7,mixed_edge
1-2,target_lane x lane1_target_start_gap_pair,2 | >0.06->0.06,1824,147,8.06,182400,73840,-108560,40.48,502.31,18.8,81.32,432.61,-40.84,-10.74,69.7,mixed_edge
1-2,lane1_start_exhibition_gap_bucket x target_start_exhibition_gap_bucket,>0.06 | >0.06,1824,147,8.06,182400,73840,-108560,40.48,502.31,18.8,81.32,432.61,-40.84,-10.74,69.7,mixed_edge
1-2,lane1_target_exhibition_time_diff_bucket x lane1_target_start_exhibition_st_diff_bucket,near_equal | target_faster_0.06+,564,49,8.69,56400,22780,-33620,40.39,464.9,18.8,81.32,432.61,-40.93,-10.11,32.29,mixed_edge
1-6,lane1_target_exhibition_time_diff_bucket x lane1_target_start_exhibition_st_diff_bucket,lane1_faster_0.10+ | target_faster_0.06+,244,9,3.69,24400,9820,-14580,40.25,1091.11,3.7,65.46,1770.57,-25.21,-0.01,-679.46,mixed_edge
1-6,other_group_pattern,B-A-A-B,767,19,2.48,76700,30600,-46100,39.9,1610.53,3.7,65.46,1770.57,-25.56,-1.22,-160.04,mixed_edge
1-6,stadium_code,19,516,19,3.68,51600,20500,-31100,39.73,1078.95,3.7,65.46,1770.57,-25.73,-0.02,-691.62,mixed_edge
1-6,stadium_code x target_lane,19 | 6,516,19,3.68,51600,20500,-31100,39.73,1078.95,3.7,65.46,1770.57,-25.73,-0.02,-691.62,mixed_edge
1-5,lane1_target_start_gap_pair x target_outer_pressure_bucket,>0.06->0.06 | some_other_pressure,81,4,4.94,8100,3180,-4920,39.26,795.0,6.69,80.94,1209.34,-41.68,-1.75,-414.34,mixed_edge
1-2,lane1_target_start_exhibition_st_diff_bucket,target_faster_0.06+,1089,90,8.26,108900,42560,-66340,39.08,472.89,18.8,81.32,432.61,-42.24,-10.54,40.28,mixed_edge
1-6,lane1_target_group_pair x other_a_count_bucket,B-B | 3,744,4,0.54,74400,29020,-45380,39.01,7255.0,3.7,65.46,1770.57,-26.45,-3.16,5484.43,mixed_edge
1-6,target_class,B2,1876,15,0.8,187600,73150,-114450,38.99,4876.67,3.7,65.46,1770.57,-26.47,-2.9,3106.1,mixed_edge
1-4,lane1_target_start_gap_pair x target_outer_pressure_bucket,>0.06-<=0.03 | some_other_pressure,110,7,6.36,11000,4220,-6780,38.36,602.86,10.14,75.45,744.07,-37.09,-3.78,-141.21,mixed_edge
1-5,lane1_target_group_pair x other_a_count_bucket,B-A | 4,33,1,3.03,3300,1250,-2050,37.88,1250.0,6.69,80.94,1209.34,-43.06,-3.66,40.66,mixed_edge
1-2,lane1_target_group_pair x other_a_count_bucket,B-B | 4,42,2,4.76,4200,1590,-2610,37.86,795.0,18.8,81.32,432.61,-43.46,-14.04,362.39,mixed_edge
1-3,lane1_start_exhibition_gap_bucket,>0.06,3159,242,7.66,315900,119450,-196450,37.81,493.6,15.76,78.52,498.07,-40.71,-8.1,-4.47,mixed_edge
1-2,lane1_target_exhibition_time_diff_bucket x lane1_target_start_exhibition_st_diff_bucket,lane1_faster_0.10+ | target_faster_0.06+,113,10,8.85,11300,4260,-7040,37.7,426.0,18.8,81.32,432.61,-43.62,-9.95,-6.61,mixed_edge
1-6,lane1_target_start_gap_pair,<=0.03->0.06,1227,28,2.28,122700,46100,-76600,37.57,1646.43,3.7,65.46,1770.57,-27.89,-1.42,-124.14,mixed_edge
1-6,target_lane x lane1_target_start_gap_pair,6 | <=0.03->0.06,1227,28,2.28,122700,46100,-76600,37.57,1646.43,3.7,65.46,1770.57,-27.89,-1.42,-124.14,mixed_edge
1-6,lane1_start_exhibition_gap_bucket x target_start_exhibition_gap_bucket,<=0.03 | >0.06,1227,28,2.28,122700,46100,-76600,37.57,1646.43,3.7,65.46,1770.57,-27.89,-1.42,-124.14,mixed_edge
1-4,lane1_target_exhibition_time_diff_bucket x lane1_target_start_exhibition_st_diff_bucket,target_faster_0.05_0.10 | target_faster_0.06+,281,16,5.69,28100,10520,-17580,37.44,657.5,10.14,75.45,744.07,-38.01,-4.45,-86.57,mixed_edge
1-4,lane1_target_start_exhibition_st_diff_bucket,target_faster_0.06+,2193,117,5.34,219300,82050,-137250,37.41,701.28,10.14,75.45,744.07,-38.04,-4.8,-42.79,mixed_edge
1-4,lane1_target_exhibition_time_diff_bucket x lane1_target_start_exhibition_st_diff_bucket,near_equal | target_faster_0.06+,1042,57,5.47,104200,38910,-65290,37.34,682.63,10.14,75.45,744.07,-38.11,-4.67,-61.44,mixed_edge
1-6,lane1_target_group_pair x target_outer_pressure_bucket,B-B | high_other_pressure,2829,25,0.88,282900,104750,-178150,37.03,4190.0,3.7,65.46,1770.57,-28.43,-2.82,2419.43,mixed_edge
1-6,lane1_target_boat_place_diff_bucket,lane1_plus_10+,1702,46,2.7,170200,62590,-107610,36.77,1360.65,3.7,65.46,1770.57,-28.69,-1.0,-409.92,mixed_edge
1-2,lane1_target_start_gap_pair x target_outer_pressure_bucket,>0.06-0.04-0.06 | some_other_pressure,80,9,11.25,8000,2940,-5060,36.75,326.67,18.8,81.32,432.61,-44.57,-7.55,-105.94,mixed_edge
1-2,lane1_target_start_gap_pair x target_outer_pressure_bucket,>0.06->0.06 | some_other_pressure,263,24,9.13,26300,9590,-16710,36.46,399.58,18.8,81.32,432.61,-44.86,-9.67,-33.03,mixed_edge
1-6,lane1_target_start_gap_pair x target_outer_pressure_bucket,<=0.03->0.06 | high_other_pressure,1079,20,1.85,107900,38950,-68950,36.1,1947.5,3.7,65.46,1770.57,-29.36,-1.85,176.93,mixed_edge
1-4,lane1_target_exhibition_time_diff_bucket x lane1_target_start_exhibition_st_diff_bucket,target_faster_0.10+ | target_faster_0.03_0.06,82,5,6.1,8200,2920,-5280,35.61,584.0,10.14,75.45,744.07,-39.84,-4.04,-160.07,mixed_edge
1-4,lane1_target_start_gap_pair,>0.06->0.06,782,30,3.84,78200,27650,-50550,35.36,921.67,10.14,75.45,744.07,-40.09,-6.3,177.6,mixed_edge
1-4,target_lane x lane1_target_start_gap_pair,4 | >0.06->0.06,782,30,3.84,78200,27650,-50550,35.36,921.67,10.14,75.45,744.07,-40.09,-6.3,177.6,mixed_edge
1-4,lane1_start_exhibition_gap_bucket x target_start_exhibition_gap_bucket,>0.06 | >0.06,782,30,3.84,78200,27650,-50550,35.36,921.67,10.14,75.45,744.07,-40.09,-6.3,177.6,mixed_edge
1-2,lane1_target_start_gap_pair,>0.06-best,306,20,6.54,30600,10820,-19780,35.36,541.0,18.8,81.32,432.61,-45.96,-12.26,108.39,mixed_edge
1-2,target_lane x lane1_target_start_gap_pair,2 | >0.06-best,306,20,6.54,30600,10820,-19780,35.36,541.0,18.8,81.32,432.61,-45.96,-12.26,108.39,mixed_edge
1-2,lane1_start_exhibition_gap_bucket x target_start_exhibition_gap_bucket,>0.06 | best,306,20,6.54,30600,10820,-19780,35.36,541.0,18.8,81.32,432.61,-45.96,-12.26,108.39,mixed_edge
1-6,lane1_target_start_gap_pair x target_outer_pressure_bucket,>0.06-<=0.03 | low_other_pressure,39,3,7.69,3900,1360,-2540,34.87,453.33,3.7,65.46,1770.57,-30.59,3.99,-1317.24,mixed_edge
1-4,lane1_target_start_gap_pair x target_outer_pressure_bucket,>0.06-<=0.03 | low_other_pressure,39,5,12.82,3900,1350,-2550,34.62,270.0,10.14,75.45,744.07,-40.83,2.68,-474.07,mixed_edge
1-6,lane1_target_exhibition_st_rank_pair,4+-4+,1960,37,1.89,196000,67340,-128660,34.36,1820.0,3.7,65.46,1770.57,-31.1,-1.81,49.43,mixed_edge
1-6,lane1_exhibition_st_rank_bucket x target_exhibition_st_rank_bucket,4+ | 4+,1960,37,1.89,196000,67340,-128660,34.36,1820.0,3.7,65.46,1770.57,-31.1,-1.81,49.43,mixed_edge
1-4,lane1_target_start_gap_pair x target_outer_pressure_bucket,>0.06->0.06 | high_other_pressure,690,21,3.04,69000,23610,-45390,34.22,1124.29,10.14,75.45,744.07,-41.23,-7.1,380.22,mixed_edge
1-4,lane1_target_start_gap_pair x target_outer_pressure_bucket,>0.06->0.06 | some_other_pressure,66,3,4.55,6600,2170,-4430,32.88,723.33,10.14,75.45,744.07,-42.57,-5.59,-20.74,mixed_edge
1-2,lane1_target_start_gap_pair x target_outer_pressure_bucket,>0.06-best | high_other_pressure,220,14,6.36,22000,7220,-14780,32.82,515.71,18.8,81.32,432.61,-48.5,-12.44,83.1,mixed_edge
1-6,lane1_target_exhibition_time_diff_bucket x lane1_target_start_exhibition_st_diff_bucket,target_faster_0.05_0.10 | target_faster_0.06+,216,4,1.85,21600,6940,-14660,32.13,1735.0,3.7,65.46,1770.57,-33.33,-1.85,-35.57,mixed_edge
1-5,lane1_target_start_gap_pair x target_outer_pressure_bucket,>0.06-best | low_other_pressure,75,5,6.67,7500,2410,-5090,32.13,482.0,6.69,80.94,1209.34,-48.81,-0.02,-727.34,mixed_edge
1-3,lane1_target_start_gap_pair x target_outer_pressure_bucket,>0.06->0.06 | some_other_pressure,151,16,10.6,15100,4800,-10300,31.79,300.0,15.76,78.52,498.07,-46.73,-5.16,-198.07,mixed_edge
1-3,lane1_target_exhibition_time_diff_bucket x lane1_target_start_exhibition_st_diff_bucket,near_equal | target_faster_0.06+,799,54,6.76,79900,24950,-54950,31.23,462.04,15.76,78.52,498.07,-47.29,-9.0,-36.03,mixed_edge
1-6,stadium_code,23,216,7,3.24,21600,6690,-14910,30.97,955.71,3.7,65.46,1770.57,-34.49,-0.46,-814.86,mixed_edge
1-6,stadium_code x target_lane,23 | 6,216,7,3.24,21600,6690,-14910,30.97,955.71,3.7,65.46,1770.57,-34.49,-0.46,-814.86,mixed_edge
1-6,lane1_target_class_pair,A1-B2,366,3,0.82,36600,11290,-25310,30.85,3763.33,3.7,65.46,1770.57,-34.61,-2.88,1992.76,mixed_edge
1-6,lane1_target_start_gap_pair x target_outer_pressure_bucket,>0.06-0.04-0.06 | high_other_pressure,491,5,1.02,49100,15040,-34060,30.63,3008.0,3.7,65.46,1770.57,-34.83,-2.68,1237.43,mixed_edge
1-6,lane1_target_exhibition_time_diff_bucket x lane1_target_start_exhibition_st_diff_bucket,target_faster_0.10+ | target_faster_0.03_0.06,69,4,5.8,6900,2100,-4800,30.43,525.0,3.7,65.46,1770.57,-35.03,2.1,-1245.57,mixed_edge
1-6,lane1_target_national_rank_pair x target_outer_pressure_bucket,3-2 | some_other_pressure,182,4,2.2,18200,5440,-12760,29.89,1360.0,3.7,65.46,1770.57,-35.57,-1.5,-410.57,mixed_edge
1-3,lane1_target_start_gap_pair x target_outer_pressure_bucket,>0.06-best | low_other_pressure,45,3,6.67,4500,1340,-3160,29.78,446.67,15.76,78.52,498.07,-48.74,-9.09,-51.4,mixed_edge
1-6,lane1_target_class_pair,B1-B2,881,6,0.68,88100,26190,-61910,29.73,4365.0,3.7,65.46,1770.57,-35.73,-3.02,2594.43,mixed_edge
1-2,lane1_target_exhibition_time_diff_bucket x lane1_target_start_exhibition_st_diff_bucket,target_faster_0.10+ | target_faster_0.06+,61,3,4.92,6100,1810,-4290,29.67,603.33,18.8,81.32,432.61,-51.65,-13.88,170.72,mixed_edge
1-6,lane1_target_start_gap_pair,>0.06->0.06,1092,15,1.37,109200,32220,-76980,29.51,2148.0,3.7,65.46,1770.57,-35.95,-2.33,377.43,mixed_edge
1-6,target_lane x lane1_target_start_gap_pair,6 | >0.06->0.06,1092,15,1.37,109200,32220,-76980,29.51,2148.0,3.7,65.46,1770.57,-35.95,-2.33,377.43,mixed_edge
1-6,lane1_start_exhibition_gap_bucket x target_start_exhibition_gap_bucket,>0.06 | >0.06,1092,15,1.37,109200,32220,-76980,29.51,2148.0,3.7,65.46,1770.57,-35.95,-2.33,377.43,mixed_edge
1-6,lane1_target_exhibition_time_diff_bucket x lane1_target_start_exhibition_st_diff_bucket,target_faster_0.10+ | target_faster_0.06+,128,4,3.12,12800,3770,-9030,29.45,942.5,3.7,65.46,1770.57,-36.01,-0.58,-828.07,mixed_edge
1-4,lane1_target_start_gap_pair x target_outer_pressure_bucket,0.04-0.06-best | some_other_pressure,86,6,6.98,8600,2440,-6160,28.37,406.67,10.14,75.45,744.07,-47.08,-3.16,-337.4,mixed_edge
1-6,other_group_pattern,A-A-A-B,530,7,1.32,53000,14960,-38040,28.23,2137.14,3.7,65.46,1770.57,-37.23,-2.38,366.57,mixed_edge
1-2,lane1_target_exhibition_time_diff_bucket x lane1_target_start_exhibition_st_diff_bucket,target_faster_0.05_0.10 | target_faster_0.06+,148,7,4.73,14800,4140,-10660,27.97,591.43,18.8,81.32,432.61,-53.35,-14.07,158.82,mixed_edge
1-6,lane1_target_start_gap_pair x target_outer_pressure_bucket,>0.06-<=0.03 | some_other_pressure,80,1,1.25,8000,2230,-5770,27.88,2230.0,3.7,65.46,1770.57,-37.58,-2.45,459.43,mixed_edge
1-6,lane1_target_start_gap_pair,>0.06-0.04-0.06,599,9,1.5,59900,16690,-43210,27.86,1854.44,3.7,65.46,1770.57,-37.6,-2.2,83.87,mixed_edge
1-6,target_lane x lane1_target_start_gap_pair,6 | >0.06-0.04-0.06,599,9,1.5,59900,16690,-43210,27.86,1854.44,3.7,65.46,1770.57,-37.6,-2.2,83.87,mixed_edge
1-6,lane1_start_exhibition_gap_bucket x target_start_exhibition_gap_bucket,>0.06 | 0.04-0.06,599,9,1.5,59900,16690,-43210,27.86,1854.44,3.7,65.46,1770.57,-37.6,-2.2,83.87,mixed_edge
1-4,grade_group,SG,144,6,4.17,14400,3990,-10410,27.71,665.0,10.14,75.45,744.07,-47.74,-5.97,-79.07,mixed_edge
1-4,lane1_target_exhibition_time_diff_bucket x lane1_target_start_exhibition_st_diff_bucket,lane1_faster_0.05_0.10 | target_faster_0.06+,462,22,4.76,46200,12320,-33880,26.67,560.0,10.14,75.45,744.07,-48.78,-5.38,-184.07,mixed_edge
1-6,stadium_code,22,719,17,2.36,71900,18930,-52970,26.33,1113.53,3.7,65.46,1770.57,-39.13,-1.34,-657.04,mixed_edge
1-6,stadium_code x target_lane,22 | 6,719,17,2.36,71900,18930,-52970,26.33,1113.53,3.7,65.46,1770.57,-39.13,-1.34,-657.04,mixed_edge
1-6,lane1_target_exhibition_time_diff_bucket x lane1_target_start_exhibition_st_diff_bucket,lane1_faster_0.10+ | lane1_faster_0.03_0.06,280,5,1.79,28000,7360,-20640,26.29,1472.0,3.7,65.46,1770.57,-39.17,-1.91,-298.57,mixed_edge
1-4,lane1_target_class_pair,A2-B2,272,11,4.04,27200,6950,-20250,25.55,631.82,10.14,75.45,744.07,-49.9,-6.1,-112.25,mixed_edge
1-6,lane1_target_start_gap_pair x target_outer_pressure_bucket,<=0.03->0.06 | some_other_pressure,106,3,2.83,10600,2690,-7910,25.38,896.67,3.7,65.46,1770.57,-40.08,-0.87,-873.9,mixed_edge
1-4,lane1_target_group_pair x other_a_count_bucket,B-B | 4,59,1,1.69,5900,1470,-4430,24.92,1470.0,10.14,75.45,744.07,-50.53,-8.45,725.93,mixed_edge
1-6,lane1_target_class_pair,B2-A2,60,1,1.67,6000,1490,-4510,24.83,1490.0,3.7,65.46,1770.57,-40.63,-2.03,-280.57,mixed_edge
1-6,lane1_target_start_gap_pair x target_outer_pressure_bucket,>0.06->0.06 | low_other_pressure,36,2,5.56,3600,880,-2720,24.44,440.0,3.7,65.46,1770.57,-41.02,1.86,-1330.57,mixed_edge
1-4,lane1_target_start_gap_pair x target_outer_pressure_bucket,>0.06-0.04-0.06 | some_other_pressure,85,3,3.53,8500,2040,-6460,24.0,680.0,10.14,75.45,744.07,-51.45,-6.61,-64.07,mixed_edge
1-6,lane1_target_start_gap_pair x target_outer_pressure_bucket,>0.06->0.06 | high_other_pressure,955,9,0.94,95500,22660,-72840,23.73,2517.78,3.7,65.46,1770.57,-41.73,-2.76,747.21,mixed_edge
1-6,lane1_target_national_rank_pair,4+-4+,2139,12,0.56,213900,50020,-163880,23.38,4168.33,3.7,65.46,1770.57,-42.08,-3.14,2397.76,mixed_edge
1-6,target_lane x lane1_target_national_rank_pair,6 | 4+-4+,2139,12,0.56,213900,50020,-163880,23.38,4168.33,3.7,65.46,1770.57,-42.08,-3.14,2397.76,mixed_edge
1-6,lane1_target_national_rank_pair x target_outer_pressure_bucket,4+-4+ | high_other_pressure,2139,12,0.56,213900,50020,-163880,23.38,4168.33,3.7,65.46,1770.57,-42.08,-3.14,2397.76,mixed_edge
1-3,lane1_target_start_gap_pair,>0.06->0.06,1263,69,5.46,126300,27480,-98820,21.76,398.26,15.76,78.52,498.07,-56.76,-10.3,-99.81,mixed_edge
1-3,target_lane x lane1_target_start_gap_pair,3 | >0.06->0.06,1263,69,5.46,126300,27480,-98820,21.76,398.26,15.76,78.52,498.07,-56.76,-10.3,-99.81,mixed_edge
1-3,lane1_start_exhibition_gap_bucket x target_start_exhibition_gap_bucket,>0.06 | >0.06,1263,69,5.46,126300,27480,-98820,21.76,398.26,15.76,78.52,498.07,-56.76,-10.3,-99.81,mixed_edge
1-4,lane1_target_start_gap_pair x target_outer_pressure_bucket,>0.06-best | some_other_pressure,172,8,4.65,17200,3500,-13700,20.35,437.5,10.14,75.45,744.07,-55.1,-5.49,-306.57,mixed_edge
1-6,lane1_target_group_pair x other_a_count_bucket,B-B | 4,75,1,1.33,7500,1490,-6010,19.87,1490.0,3.7,65.46,1770.57,-45.59,-2.37,-280.57,mixed_edge
1-2,lane1_target_start_gap_pair x target_outer_pressure_bucket,>0.06-best | low_other_pressure,34,2,5.88,3400,670,-2730,19.71,335.0,18.8,81.32,432.61,-61.61,-12.92,-97.61,mixed_edge
1-3,lane1_target_start_gap_pair x target_outer_pressure_bucket,>0.06->0.06 | high_other_pressure,1057,46,4.35,105700,20360,-85340,19.26,442.61,15.76,78.52,498.07,-59.26,-11.41,-55.46,mixed_edge
1-6,lane1_target_exhibition_time_diff_bucket x lane1_target_start_exhibition_st_diff_bucket,target_faster_0.10+ | lane1_faster_0.03_0.06,86,2,2.33,8600,1470,-7130,17.09,735.0,3.7,65.46,1770.57,-48.37,-1.37,-1035.57,mixed_edge
1-3,lane1_target_start_gap_pair x target_outer_pressure_bucket,>0.06-<=0.03 | low_other_pressure,32,1,3.12,3200,480,-2720,15.0,480.0,15.76,78.52,498.07,-63.52,-12.64,-18.07,mixed_edge
1-6,lane1_target_group_pair x other_a_count_bucket,A-B | 4,162,1,0.62,16200,2310,-13890,14.26,2310.0,3.7,65.46,1770.57,-51.2,-3.08,539.43,mixed_edge
1-3,lane1_target_start_gap_pair x target_outer_pressure_bucket,>0.06-0.04-0.06 | low_other_pressure,31,2,6.45,3100,420,-2680,13.55,210.0,15.76,78.52,498.07,-64.97,-9.31,-288.07,mixed_edge
1-3,lane1_target_exhibition_time_diff_bucket x lane1_target_start_exhibition_st_diff_bucket,target_faster_0.10+ | target_faster_0.06+,71,2,2.82,7100,890,-6210,12.54,445.0,15.76,78.52,498.07,-65.98,-12.94,-53.07,mixed_edge
1-6,lane1_target_group_pair x other_a_count_bucket,B-B | 2,1084,1,0.09,108400,9830,-98570,9.07,9830.0,3.7,65.46,1770.57,-56.39,-3.61,8059.43,mixed_edge
1-4,lane1_target_start_gap_pair x target_outer_pressure_bucket,>0.06-best | low_other_pressure,70,2,2.86,7000,560,-6440,8.0,280.0,10.14,75.45,744.07,-67.45,-7.28,-464.07,mixed_edge
1-4,lane1_target_exhibition_time_diff_bucket x lane1_target_start_exhibition_st_diff_bucket,target_faster_0.10+ | target_faster_0.06+,134,3,2.24,13400,960,-12440,7.16,320.0,10.14,75.45,744.07,-68.29,-7.9,-424.07,mixed_edge
1-6,lane1_target_start_gap_pair x target_outer_pressure_bucket,>0.06-0.04-0.06 | some_other_pressure,78,1,1.28,7800,220,-7580,2.82,220.0,3.7,65.46,1770.57,-62.64,-2.42,-1550.57,mixed_edge
1-5,lane1_target_exhibition_time_diff_bucket,missing,348,0,0.0,34800,0,-34800,0.0,0.0,6.69,80.94,1209.34,-80.94,-6.69,-1209.34,mixed_edge
1-5,lane1_target_start_exhibition_st_diff_bucket,missing,348,0,0.0,34800,0,-34800,0.0,0.0,6.69,80.94,1209.34,-80.94,-6.69,-1209.34,mixed_edge
1-5,lane1_target_exhibition_time_diff_bucket x lane1_target_start_exhibition_st_diff_bucket,missing | missing,348,0,0.0,34800,0,-34800,0.0,0.0,6.69,80.94,1209.34,-80.94,-6.69,-1209.34,mixed_edge
1-6,lane1_target_exhibition_time_diff_bucket,missing,340,0,0.0,34000,0,-34000,0.0,0.0,3.7,65.46,1770.57,-65.46,-3.7,-1770.57,mixed_edge
1-6,lane1_target_start_exhibition_st_diff_bucket,missing,340,0,0.0,34000,0,-34000,0.0,0.0,3.7,65.46,1770.57,-65.46,-3.7,-1770.57,mixed_edge
1-6,lane1_target_exhibition_time_diff_bucket x lane1_target_start_exhibition_st_diff_bucket,missing | missing,340,0,0.0,34000,0,-34000,0.0,0.0,3.7,65.46,1770.57,-65.46,-3.7,-1770.57,mixed_edge
1-3,lane1_target_exhibition_time_diff_bucket,missing,317,0,0.0,31700,0,-31700,0.0,0.0,15.76,78.52,498.07,-78.52,-15.76,-498.07,mixed_edge
1-3,lane1_target_start_exhibition_st_diff_bucket,missing,317,0,0.0,31700,0,-31700,0.0,0.0,15.76,78.52,498.07,-78.52,-15.76,-498.07,mixed_edge
1-3,lane1_target_exhibition_time_diff_bucket x lane1_target_start_exhibition_st_diff_bucket,missing | missing,317,0,0.0,31700,0,-31700,0.0,0.0,15.76,78.52,498.07,-78.52,-15.76,-498.07,mixed_edge
1-4,lane1_target_exhibition_time_diff_bucket,missing,305,0,0.0,30500,0,-30500,0.0,0.0,10.14,75.45,744.07,-75.45,-10.14,-744.07,mixed_edge
1-4,lane1_target_start_exhibition_st_diff_bucket,missing,305,0,0.0,30500,0,-30500,0.0,0.0,10.14,75.45,744.07,-75.45,-10.14,-744.07,mixed_edge
1-4,lane1_target_exhibition_time_diff_bucket x lane1_target_start_exhibition_st_diff_bucket,missing | missing,305,0,0.0,30500,0,-30500,0.0,0.0,10.14,75.45,744.07,-75.45,-10.14,-744.07,mixed_edge
1-2,lane1_target_exhibition_time_diff_bucket,missing,301,0,0.0,30100,0,-30100,0.0,0.0,18.8,81.32,432.61,-81.32,-18.8,-432.61,mixed_edge
1-2,lane1_target_start_exhibition_st_diff_bucket,missing,301,0,0.0,30100,0,-30100,0.0,0.0,18.8,81.32,432.61,-81.32,-18.8,-432.61,mixed_edge
1-2,lane1_target_exhibition_time_diff_bucket x lane1_target_start_exhibition_st_diff_bucket,missing | missing,301,0,0.0,30100,0,-30100,0.0,0.0,18.8,81.32,432.61,-81.32,-18.8,-432.61,mixed_edge
1-5,target_exhibition_rank_bucket,missing,210,0,0.0,21000,0,-21000,0.0,0.0,6.69,80.94,1209.34,-80.94,-6.69,-1209.34,mixed_edge
1-5,target_exhibition_st_rank_bucket,missing,210,0,0.0,21000,0,-21000,0.0,0.0,6.69,80.94,1209.34,-80.94,-6.69,-1209.34,mixed_edge
1-5,target_start_exhibition_gap_bucket,missing,210,0,0.0,21000,0,-21000,0.0,0.0,6.69,80.94,1209.34,-80.94,-6.69,-1209.34,mixed_edge
1-5,target_lane x target_exhibition_st_rank_bucket,5 | missing,210,0,0.0,21000,0,-21000,0.0,0.0,6.69,80.94,1209.34,-80.94,-6.69,-1209.34,mixed_edge
1-5,target_lane x target_start_exhibition_gap_bucket,5 | missing,210,0,0.0,21000,0,-21000,0.0,0.0,6.69,80.94,1209.34,-80.94,-6.69,-1209.34,mixed_edge
1-5,target_exhibition_st_rank_bucket x other_st_faster_than_target_count_bucket,missing | 0,210,0,0.0,21000,0,-21000,0.0,0.0,6.69,80.94,1209.34,-80.94,-6.69,-1209.34,mixed_edge
1-5,target_exhibition_rank_bucket x other_exhibition_faster_than_target_count_bucket,missing | 0,210,0,0.0,21000,0,-21000,0.0,0.0,6.69,80.94,1209.34,-80.94,-6.69,-1209.34,mixed_edge
1-6,target_exhibition_rank_bucket,missing,199,0,0.0,19900,0,-19900,0.0,0.0,3.7,65.46,1770.57,-65.46,-3.7,-1770.57,mixed_edge
1-6,target_exhibition_st_rank_bucket,missing,199,0,0.0,19900,0,-19900,0.0,0.0,3.7,65.46,1770.57,-65.46,-3.7,-1770.57,mixed_edge
1-6,target_start_exhibition_gap_bucket,missing,199,0,0.0,19900,0,-19900,0.0,0.0,3.7,65.46,1770.57,-65.46,-3.7,-1770.57,mixed_edge
1-6,target_lane x target_exhibition_st_rank_bucket,6 | missing,199,0,0.0,19900,0,-19900,0.0,0.0,3.7,65.46,1770.57,-65.46,-3.7,-1770.57,mixed_edge
1-6,target_lane x target_start_exhibition_gap_bucket,6 | missing,199,0,0.0,19900,0,-19900,0.0,0.0,3.7,65.46,1770.57,-65.46,-3.7,-1770.57,mixed_edge
1-6,target_exhibition_st_rank_bucket x other_st_faster_than_target_count_bucket,missing | 0,199,0,0.0,19900,0,-19900,0.0,0.0,3.7,65.46,1770.57,-65.46,-3.7,-1770.57,mixed_edge
1-6,target_exhibition_rank_bucket x other_exhibition_faster_than_target_count_bucket,missing | 0,199,0,0.0,19900,0,-19900,0.0,0.0,3.7,65.46,1770.57,-65.46,-3.7,-1770.57,mixed_edge
1-3,target_exhibition_rank_bucket,missing,180,0,0.0,18000,0,-18000,0.0,0.0,15.76,78.52,498.07,-78.52,-15.76,-498.07,mixed_edge
1-3,target_exhibition_st_rank_bucket,missing,180,0,0.0,18000,0,-18000,0.0,0.0,15.76,78.52,498.07,-78.52,-15.76,-498.07,mixed_edge
1-3,target_start_exhibition_gap_bucket,missing,180,0,0.0,18000,0,-18000,0.0,0.0,15.76,78.52,498.07,-78.52,-15.76,-498.07,mixed_edge
1-3,target_lane x target_exhibition_st_rank_bucket,3 | missing,180,0,0.0,18000,0,-18000,0.0,0.0,15.76,78.52,498.07,-78.52,-15.76,-498.07,mixed_edge
1-3,target_lane x target_start_exhibition_gap_bucket,3 | missing,180,0,0.0,18000,0,-18000,0.0,0.0,15.76,78.52,498.07,-78.52,-15.76,-498.07,mixed_edge
1-3,target_exhibition_st_rank_bucket x other_st_faster_than_target_count_bucket,missing | 0,180,0,0.0,18000,0,-18000,0.0,0.0,15.76,78.52,498.07,-78.52,-15.76,-498.07,mixed_edge
1-3,target_exhibition_rank_bucket x other_exhibition_faster_than_target_count_bucket,missing | 0,180,0,0.0,18000,0,-18000,0.0,0.0,15.76,78.52,498.07,-78.52,-15.76,-498.07,mixed_edge
1-2,target_exhibition_rank_bucket,missing,161,0,0.0,16100,0,-16100,0.0,0.0,18.8,81.32,432.61,-81.32,-18.8,-432.61,mixed_edge
1-2,target_exhibition_st_rank_bucket,missing,161,0,0.0,16100,0,-16100,0.0,0.0,18.8,81.32,432.61,-81.32,-18.8,-432.61,mixed_edge
1-2,target_start_exhibition_gap_bucket,missing,161,0,0.0,16100,0,-16100,0.0,0.0,18.8,81.32,432.61,-81.32,-18.8,-432.61,mixed_edge
1-2,target_lane x target_exhibition_st_rank_bucket,2 | missing,161,0,0.0,16100,0,-16100,0.0,0.0,18.8,81.32,432.61,-81.32,-18.8,-432.61,mixed_edge
1-2,target_lane x target_start_exhibition_gap_bucket,2 | missing,161,0,0.0,16100,0,-16100,0.0,0.0,18.8,81.32,432.61,-81.32,-18.8,-432.61,mixed_edge
1-2,target_exhibition_st_rank_bucket x other_st_faster_than_target_count_bucket,missing | 0,161,0,0.0,16100,0,-16100,0.0,0.0,18.8,81.32,432.61,-81.32,-18.8,-432.61,mixed_edge
1-2,target_exhibition_rank_bucket x other_exhibition_faster_than_target_count_bucket,missing | 0,161,0,0.0,16100,0,-16100,0.0,0.0,18.8,81.32,432.61,-81.32,-18.8,-432.61,mixed_edge
1-4,target_exhibition_rank_bucket,missing,161,0,0.0,16100,0,-16100,0.0,0.0,10.14,75.45,744.07,-75.45,-10.14,-744.07,mixed_edge
1-4,target_exhibition_st_rank_bucket,missing,161,0,0.0,16100,0,-16100,0.0,0.0,10.14,75.45,744.07,-75.45,-10.14,-744.07,mixed_edge
1-4,target_start_exhibition_gap_bucket,missing,161,0,0.0,16100,0,-16100,0.0,0.0,10.14,75.45,744.07,-75.45,-10.14,-744.07,mixed_edge
1-4,target_lane x target_exhibition_st_rank_bucket,4 | missing,161,0,0.0,16100,0,-16100,0.0,0.0,10.14,75.45,744.07,-75.45,-10.14,-744.07,mixed_edge
1-4,target_lane x target_start_exhibition_gap_bucket,4 | missing,161,0,0.0,16100,0,-16100,0.0,0.0,10.14,75.45,744.07,-75.45,-10.14,-744.07,mixed_edge
1-4,target_exhibition_st_rank_bucket x other_st_faster_than_target_count_bucket,missing | 0,161,0,0.0,16100,0,-16100,0.0,0.0,10.14,75.45,744.07,-75.45,-10.14,-744.07,mixed_edge
1-4,target_exhibition_rank_bucket x other_exhibition_faster_than_target_count_bucket,missing | 0,161,0,0.0,16100,0,-16100,0.0,0.0,10.14,75.45,744.07,-75.45,-10.14,-744.07,mixed_edge
1-2,lane1_exhibition_rank_bucket,missing,148,0,0.0,14800,0,-14800,0.0,0.0,18.8,81.32,432.61,-81.32,-18.8,-432.61,mixed_edge
1-2,lane1_exhibition_st_rank_bucket,missing,148,0,0.0,14800,0,-14800,0.0,0.0,18.8,81.32,432.61,-81.32,-18.8,-432.61,mixed_edge
1-2,lane1_start_exhibition_gap_bucket,missing,148,0,0.0,14800,0,-14800,0.0,0.0,18.8,81.32,432.61,-81.32,-18.8,-432.61,mixed_edge
1-3,lane1_exhibition_rank_bucket,missing,148,0,0.0,14800,0,-14800,0.0,0.0,15.76,78.52,498.07,-78.52,-15.76,-498.07,mixed_edge
1-3,lane1_exhibition_st_rank_bucket,missing,148,0,0.0,14800,0,-14800,0.0,0.0,15.76,78.52,498.07,-78.52,-15.76,-498.07,mixed_edge
1-3,lane1_start_exhibition_gap_bucket,missing,148,0,0.0,14800,0,-14800,0.0,0.0,15.76,78.52,498.07,-78.52,-15.76,-498.07,mixed_edge
1-4,lane1_exhibition_rank_bucket,missing,148,0,0.0,14800,0,-14800,0.0,0.0,10.14,75.45,744.07,-75.45,-10.14,-744.07,mixed_edge
1-4,lane1_exhibition_st_rank_bucket,missing,148,0,0.0,14800,0,-14800,0.0,0.0,10.14,75.45,744.07,-75.45,-10.14,-744.07,mixed_edge
1-4,lane1_start_exhibition_gap_bucket,missing,148,0,0.0,14800,0,-14800,0.0,0.0,10.14,75.45,744.07,-75.45,-10.14,-744.07,mixed_edge
1-5,lane1_exhibition_rank_bucket,missing,148,0,0.0,14800,0,-14800,0.0,0.0,6.69,80.94,1209.34,-80.94,-6.69,-1209.34,mixed_edge
1-5,lane1_exhibition_st_rank_bucket,missing,148,0,0.0,14800,0,-14800,0.0,0.0,6.69,80.94,1209.34,-80.94,-6.69,-1209.34,mixed_edge
1-5,lane1_start_exhibition_gap_bucket,missing,148,0,0.0,14800,0,-14800,0.0,0.0,6.69,80.94,1209.34,-80.94,-6.69,-1209.34,mixed_edge
1-6,lane1_exhibition_rank_bucket,missing,148,0,0.0,14800,0,-14800,0.0,0.0,3.7,65.46,1770.57,-65.46,-3.7,-1770.57,mixed_edge
1-6,lane1_exhibition_st_rank_bucket,missing,148,0,0.0,14800,0,-14800,0.0,0.0,3.7,65.46,1770.57,-65.46,-3.7,-1770.57,mixed_edge
1-6,lane1_start_exhibition_gap_bucket,missing,148,0,0.0,14800,0,-14800,0.0,0.0,3.7,65.46,1770.57,-65.46,-3.7,-1770.57,mixed_edge
1-6,lane1_target_exhibition_st_rank_pair,missing-4+,74,0,0.0,7400,0,-7400,0.0,0.0,3.7,65.46,1770.57,-65.46,-3.7,-1770.57,mixed_edge
1-6,lane1_exhibition_st_rank_bucket x target_exhibition_st_rank_bucket,missing | 4+,74,0,0.0,7400,0,-7400,0.0,0.0,3.7,65.46,1770.57,-65.46,-3.7,-1770.57,mixed_edge
1-6,lane1_target_exhibition_st_rank_pair,1-missing,73,0,0.0,7300,0,-7300,0.0,0.0,3.7,65.46,1770.57,-65.46,-3.7,-1770.57,mixed_edge
1-6,lane1_target_start_gap_pair,best-missing,73,0,0.0,7300,0,-7300,0.0,0.0,3.7,65.46,1770.57,-65.46,-3.7,-1770.57,mixed_edge
1-6,target_lane x lane1_target_start_gap_pair,6 | best-missing,73,0,0.0,7300,0,-7300,0.0,0.0,3.7,65.46,1770.57,-65.46,-3.7,-1770.57,mixed_edge
1-6,lane1_exhibition_st_rank_bucket x target_exhibition_st_rank_bucket,1 | missing,73,0,0.0,7300,0,-7300,0.0,0.0,3.7,65.46,1770.57,-65.46,-3.7,-1770.57,mixed_edge
1-6,lane1_start_exhibition_gap_bucket x target_start_exhibition_gap_bucket,best | missing,73,0,0.0,7300,0,-7300,0.0,0.0,3.7,65.46,1770.57,-65.46,-3.7,-1770.57,mixed_edge
1-5,lane1_target_exhibition_st_rank_pair,1-missing,70,0,0.0,7000,0,-7000,0.0,0.0,6.69,80.94,1209.34,-80.94,-6.69,-1209.34,mixed_edge
1-5,lane1_target_start_gap_pair,best-missing,70,0,0.0,7000,0,-7000,0.0,0.0,6.69,80.94,1209.34,-80.94,-6.69,-1209.34,mixed_edge
1-5,target_lane x lane1_target_start_gap_pair,5 | best-missing,70,0,0.0,7000,0,-7000,0.0,0.0,6.69,80.94,1209.34,-80.94,-6.69,-1209.34,mixed_edge
1-5,lane1_exhibition_st_rank_bucket x target_exhibition_st_rank_bucket,1 | missing,70,0,0.0,7000,0,-7000,0.0,0.0,6.69,80.94,1209.34,-80.94,-6.69,-1209.34,mixed_edge
1-5,lane1_start_exhibition_gap_bucket x target_start_exhibition_gap_bucket,best | missing,70,0,0.0,7000,0,-7000,0.0,0.0,6.69,80.94,1209.34,-80.94,-6.69,-1209.34,mixed_edge
1-6,lane1_target_class_pair,B2-B2,67,0,0.0,6700,0,-6700,0.0,0.0,3.7,65.46,1770.57,-65.46,-3.7,-1770.57,mixed_edge
1-2,lane1_target_exhibition_st_rank_pair,1-missing,65,0,0.0,6500,0,-6500,0.0,0.0,18.8,81.32,432.61,-81.32,-18.8,-432.61,mixed_edge
1-2,lane1_target_start_gap_pair,best-missing,65,0,0.0,6500,0,-6500,0.0,0.0,18.8,81.32,432.61,-81.32,-18.8,-432.61,mixed_edge
1-2,target_lane x lane1_target_start_gap_pair,2 | best-missing,65,0,0.0,6500,0,-6500,0.0,0.0,18.8,81.32,432.61,-81.32,-18.8,-432.61,mixed_edge
1-2,lane1_exhibition_st_rank_bucket x target_exhibition_st_rank_bucket,1 | missing,65,0,0.0,6500,0,-6500,0.0,0.0,18.8,81.32,432.61,-81.32,-18.8,-432.61,mixed_edge
1-2,lane1_start_exhibition_gap_bucket x target_start_exhibition_gap_bucket,best | missing,65,0,0.0,6500,0,-6500,0.0,0.0,18.8,81.32,432.61,-81.32,-18.8,-432.61,mixed_edge
1-5,lane1_target_group_pair x other_a_count_bucket,B-B | 4,65,0,0.0,6500,0,-6500,0.0,0.0,6.69,80.94,1209.34,-80.94,-6.69,-1209.34,mixed_edge
1-3,lane1_target_exhibition_st_rank_pair,1-missing,61,0,0.0,6100,0,-6100,0.0,0.0,15.76,78.52,498.07,-78.52,-15.76,-498.07,mixed_edge
1-3,lane1_target_start_gap_pair,best-missing,61,0,0.0,6100,0,-6100,0.0,0.0,15.76,78.52,498.07,-78.52,-15.76,-498.07,mixed_edge
1-3,target_lane x lane1_target_start_gap_pair,3 | best-missing,61,0,0.0,6100,0,-6100,0.0,0.0,15.76,78.52,498.07,-78.52,-15.76,-498.07,mixed_edge
1-3,lane1_exhibition_st_rank_bucket x target_exhibition_st_rank_bucket,1 | missing,61,0,0.0,6100,0,-6100,0.0,0.0,15.76,78.52,498.07,-78.52,-15.76,-498.07,mixed_edge
1-3,lane1_start_exhibition_gap_bucket x target_start_exhibition_gap_bucket,best | missing,61,0,0.0,6100,0,-6100,0.0,0.0,15.76,78.52,498.07,-78.52,-15.76,-498.07,mixed_edge
1-6,lane1_target_exhibition_st_rank_pair,4+-missing,60,0,0.0,6000,0,-6000,0.0,0.0,3.7,65.46,1770.57,-65.46,-3.7,-1770.57,mixed_edge
1-6,lane1_exhibition_st_rank_bucket x target_exhibition_st_rank_bucket,4+ | missing,60,0,0.0,6000,0,-6000,0.0,0.0,3.7,65.46,1770.57,-65.46,-3.7,-1770.57,mixed_edge
1-6,lane1_target_start_gap_pair,missing->0.06,56,0,0.0,5600,0,-5600,0.0,0.0,3.7,65.46,1770.57,-65.46,-3.7,-1770.57,mixed_edge
1-6,target_lane x lane1_target_start_gap_pair,6 | missing->0.06,56,0,0.0,5600,0,-5600,0.0,0.0,3.7,65.46,1770.57,-65.46,-3.7,-1770.57,mixed_edge
1-6,lane1_start_exhibition_gap_bucket x target_start_exhibition_gap_bucket,missing | >0.06,56,0,0.0,5600,0,-5600,0.0,0.0,3.7,65.46,1770.57,-65.46,-3.7,-1770.57,mixed_edge
1-5,lane1_target_exhibition_st_rank_pair,missing-4+,55,0,0.0,5500,0,-5500,0.0,0.0,6.69,80.94,1209.34,-80.94,-6.69,-1209.34,mixed_edge
1-5,lane1_exhibition_st_rank_bucket x target_exhibition_st_rank_bucket,missing | 4+,55,0,0.0,5500,0,-5500,0.0,0.0,6.69,80.94,1209.34,-80.94,-6.69,-1209.34,mixed_edge
1-2,lane1_target_exhibition_st_rank_pair,missing-1,54,0,0.0,5400,0,-5400,0.0,0.0,18.8,81.32,432.61,-81.32,-18.8,-432.61,mixed_edge
1-2,lane1_target_start_gap_pair,missing-best,54,0,0.0,5400,0,-5400,0.0,0.0,18.8,81.32,432.61,-81.32,-18.8,-432.61,mixed_edge
1-2,target_lane x lane1_target_start_gap_pair,2 | missing-best,54,0,0.0,5400,0,-5400,0.0,0.0,18.8,81.32,432.61,-81.32,-18.8,-432.61,mixed_edge
1-2,lane1_exhibition_st_rank_bucket x target_exhibition_st_rank_bucket,missing | 1,54,0,0.0,5400,0,-5400,0.0,0.0,18.8,81.32,432.61,-81.32,-18.8,-432.61,mixed_edge
1-2,lane1_start_exhibition_gap_bucket x target_start_exhibition_gap_bucket,missing | best,54,0,0.0,5400,0,-5400,0.0,0.0,18.8,81.32,432.61,-81.32,-18.8,-432.61,mixed_edge
1-5,lane1_target_start_gap_pair,>0.06-missing,53,0,0.0,5300,0,-5300,0.0,0.0,6.69,80.94,1209.34,-80.94,-6.69,-1209.34,mixed_edge
1-5,target_lane x lane1_target_start_gap_pair,5 | >0.06-missing,53,0,0.0,5300,0,-5300,0.0,0.0,6.69,80.94,1209.34,-80.94,-6.69,-1209.34,mixed_edge
1-5,lane1_start_exhibition_gap_bucket x target_start_exhibition_gap_bucket,>0.06 | missing,53,0,0.0,5300,0,-5300,0.0,0.0,6.69,80.94,1209.34,-80.94,-6.69,-1209.34,mixed_edge
1-6,lane1_target_start_gap_pair x target_outer_pressure_bucket,best-missing | high_other_pressure,51,0,0.0,5100,0,-5100,0.0,0.0,3.7,65.46,1770.57,-65.46,-3.7,-1770.57,mixed_edge
1-6,lane1_target_start_gap_pair x target_outer_pressure_bucket,missing->0.06 | high_other_pressure,51,0,0.0,5100,0,-5100,0.0,0.0,3.7,65.46,1770.57,-65.46,-3.7,-1770.57,mixed_edge
1-6,lane1_target_start_gap_pair,>0.06-missing,47,0,0.0,4700,0,-4700,0.0,0.0,3.7,65.46,1770.57,-65.46,-3.7,-1770.57,mixed_edge
1-6,target_lane x lane1_target_start_gap_pair,6 | >0.06-missing,47,0,0.0,4700,0,-4700,0.0,0.0,3.7,65.46,1770.57,-65.46,-3.7,-1770.57,mixed_edge
1-6,lane1_start_exhibition_gap_bucket x target_start_exhibition_gap_bucket,>0.06 | missing,47,0,0.0,4700,0,-4700,0.0,0.0,3.7,65.46,1770.57,-65.46,-3.7,-1770.57,mixed_edge
1-2,lane1_target_exhibition_st_rank_pair,missing-4+,46,0,0.0,4600,0,-4600,0.0,0.0,18.8,81.32,432.61,-81.32,-18.8,-432.61,mixed_edge
1-2,lane1_exhibition_st_rank_bucket x target_exhibition_st_rank_bucket,missing | 4+,46,0,0.0,4600,0,-4600,0.0,0.0,18.8,81.32,432.61,-81.32,-18.8,-432.61,mixed_edge
1-5,lane1_target_exhibition_st_rank_pair,2-missing,46,0,0.0,4600,0,-4600,0.0,0.0,6.69,80.94,1209.34,-80.94,-6.69,-1209.34,mixed_edge
1-5,lane1_target_exhibition_st_rank_pair,4+-missing,46,0,0.0,4600,0,-4600,0.0,0.0,6.69,80.94,1209.34,-80.94,-6.69,-1209.34,mixed_edge
1-5,lane1_target_start_gap_pair,missing->0.06,46,0,0.0,4600,0,-4600,0.0,0.0,6.69,80.94,1209.34,-80.94,-6.69,-1209.34,mixed_edge
1-5,target_lane x lane1_target_start_gap_pair,5 | missing->0.06,46,0,0.0,4600,0,-4600,0.0,0.0,6.69,80.94,1209.34,-80.94,-6.69,-1209.34,mixed_edge
1-5,lane1_exhibition_st_rank_bucket x target_exhibition_st_rank_bucket,2 | missing,46,0,0.0,4600,0,-4600,0.0,0.0,6.69,80.94,1209.34,-80.94,-6.69,-1209.34,mixed_edge
1-5,lane1_exhibition_st_rank_bucket x target_exhibition_st_rank_bucket,4+ | missing,46,0,0.0,4600,0,-4600,0.0,0.0,6.69,80.94,1209.34,-80.94,-6.69,-1209.34,mixed_edge
1-5,lane1_start_exhibition_gap_bucket x target_start_exhibition_gap_bucket,missing | >0.06,46,0,0.0,4600,0,-4600,0.0,0.0,6.69,80.94,1209.34,-80.94,-6.69,-1209.34,mixed_edge
1-4,lane1_target_start_gap_pair,<=0.03-missing,45,0,0.0,4500,0,-4500,0.0,0.0,10.14,75.45,744.07,-75.45,-10.14,-744.07,mixed_edge
1-4,target_lane x lane1_target_start_gap_pair,4 | <=0.03-missing,45,0,0.0,4500,0,-4500,0.0,0.0,10.14,75.45,744.07,-75.45,-10.14,-744.07,mixed_edge
1-4,lane1_start_exhibition_gap_bucket x target_start_exhibition_gap_bucket,<=0.03 | missing,45,0,0.0,4500,0,-4500,0.0,0.0,10.14,75.45,744.07,-75.45,-10.14,-744.07,mixed_edge
1-5,lane1_target_start_gap_pair,<=0.03-missing,45,0,0.0,4500,0,-4500,0.0,0.0,6.69,80.94,1209.34,-80.94,-6.69,-1209.34,mixed_edge
1-5,target_lane x lane1_target_start_gap_pair,5 | <=0.03-missing,45,0,0.0,4500,0,-4500,0.0,0.0,6.69,80.94,1209.34,-80.94,-6.69,-1209.34,mixed_edge
1-5,lane1_start_exhibition_gap_bucket x target_start_exhibition_gap_bucket,<=0.03 | missing,45,0,0.0,4500,0,-4500,0.0,0.0,6.69,80.94,1209.34,-80.94,-6.69,-1209.34,mixed_edge
1-3,lane1_target_exhibition_st_rank_pair,4+-missing,44,0,0.0,4400,0,-4400,0.0,0.0,15.76,78.52,498.07,-78.52,-15.76,-498.07,mixed_edge
1-3,lane1_target_start_gap_pair,>0.06-missing,44,0,0.0,4400,0,-4400,0.0,0.0,15.76,78.52,498.07,-78.52,-15.76,-498.07,mixed_edge
1-3,target_lane x lane1_target_start_gap_pair,3 | >0.06-missing,44,0,0.0,4400,0,-4400,0.0,0.0,15.76,78.52,498.07,-78.52,-15.76,-498.07,mixed_edge
1-3,lane1_exhibition_st_rank_bucket x target_exhibition_st_rank_bucket,4+ | missing,44,0,0.0,4400,0,-4400,0.0,0.0,15.76,78.52,498.07,-78.52,-15.76,-498.07,mixed_edge
1-3,lane1_start_exhibition_gap_bucket x target_start_exhibition_gap_bucket,>0.06 | missing,44,0,0.0,4400,0,-4400,0.0,0.0,15.76,78.52,498.07,-78.52,-15.76,-498.07,mixed_edge
1-4,lane1_target_exhibition_st_rank_pair,1-missing,44,0,0.0,4400,0,-4400,0.0,0.0,10.14,75.45,744.07,-75.45,-10.14,-744.07,mixed_edge
1-4,lane1_target_start_gap_pair,best-missing,44,0,0.0,4400,0,-4400,0.0,0.0,10.14,75.45,744.07,-75.45,-10.14,-744.07,mixed_edge
1-4,target_lane x lane1_target_start_gap_pair,4 | best-missing,44,0,0.0,4400,0,-4400,0.0,0.0,10.14,75.45,744.07,-75.45,-10.14,-744.07,mixed_edge
1-4,lane1_exhibition_st_rank_bucket x target_exhibition_st_rank_bucket,1 | missing,44,0,0.0,4400,0,-4400,0.0,0.0,10.14,75.45,744.07,-75.45,-10.14,-744.07,mixed_edge
1-4,lane1_start_exhibition_gap_bucket x target_start_exhibition_gap_bucket,best | missing,44,0,0.0,4400,0,-4400,0.0,0.0,10.14,75.45,744.07,-75.45,-10.14,-744.07,mixed_edge
1-4,lane1_target_exhibition_st_rank_pair,4+-missing,43,0,0.0,4300,0,-4300,0.0,0.0,10.14,75.45,744.07,-75.45,-10.14,-744.07,mixed_edge
1-4,lane1_exhibition_st_rank_bucket x target_exhibition_st_rank_bucket,4+ | missing,43,0,0.0,4300,0,-4300,0.0,0.0,10.14,75.45,744.07,-75.45,-10.14,-744.07,mixed_edge
1-3,lane1_target_exhibition_st_rank_pair,missing-4+,42,0,0.0,4200,0,-4200,0.0,0.0,15.76,78.52,498.07,-78.52,-15.76,-498.07,mixed_edge
1-3,lane1_exhibition_st_rank_bucket x target_exhibition_st_rank_bucket,missing | 4+,42,0,0.0,4200,0,-4200,0.0,0.0,15.76,78.52,498.07,-78.52,-15.76,-498.07,mixed_edge
1-4,lane1_target_start_gap_pair,missing->0.06,42,0,0.0,4200,0,-4200,0.0,0.0,10.14,75.45,744.07,-75.45,-10.14,-744.07,mixed_edge
1-4,target_lane x lane1_target_start_gap_pair,4 | missing->0.06,42,0,0.0,4200,0,-4200,0.0,0.0,10.14,75.45,744.07,-75.45,-10.14,-744.07,mixed_edge
1-4,lane1_start_exhibition_gap_bucket x target_start_exhibition_gap_bucket,missing | >0.06,42,0,0.0,4200,0,-4200,0.0,0.0,10.14,75.45,744.07,-75.45,-10.14,-744.07,mixed_edge
1-4,lane1_target_exhibition_st_rank_pair,missing-2,41,0,0.0,4100,0,-4100,0.0,0.0,10.14,75.45,744.07,-75.45,-10.14,-744.07,mixed_edge
1-4,lane1_target_start_gap_pair,>0.06-missing,41,0,0.0,4100,0,-4100,0.0,0.0,10.14,75.45,744.07,-75.45,-10.14,-744.07,mixed_edge
1-4,target_lane x lane1_target_start_gap_pair,4 | >0.06-missing,41,0,0.0,4100,0,-4100,0.0,0.0,10.14,75.45,744.07,-75.45,-10.14,-744.07,mixed_edge
1-4,lane1_exhibition_st_rank_bucket x target_exhibition_st_rank_bucket,missing | 2,41,0,0.0,4100,0,-4100,0.0,0.0,10.14,75.45,744.07,-75.45,-10.14,-744.07,mixed_edge
1-4,lane1_start_exhibition_gap_bucket x target_start_exhibition_gap_bucket,>0.06 | missing,41,0,0.0,4100,0,-4100,0.0,0.0,10.14,75.45,744.07,-75.45,-10.14,-744.07,mixed_edge
1-5,lane1_target_start_gap_pair x target_outer_pressure_bucket,best-missing | high_other_pressure,41,0,0.0,4100,0,-4100,0.0,0.0,6.69,80.94,1209.34,-80.94,-6.69,-1209.34,mixed_edge
1-6,lane1_target_start_gap_pair,<=0.03-missing,40,0,0.0,4000,0,-4000,0.0,0.0,3.7,65.46,1770.57,-65.46,-3.7,-1770.57,mixed_edge
1-6,target_lane x lane1_target_start_gap_pair,6 | <=0.03-missing,40,0,0.0,4000,0,-4000,0.0,0.0,3.7,65.46,1770.57,-65.46,-3.7,-1770.57,mixed_edge
1-6,lane1_start_exhibition_gap_bucket x target_start_exhibition_gap_bucket,<=0.03 | missing,40,0,0.0,4000,0,-4000,0.0,0.0,3.7,65.46,1770.57,-65.46,-3.7,-1770.57,mixed_edge
1-2,lane1_target_start_gap_pair,missing->0.06,39,0,0.0,3900,0,-3900,0.0,0.0,18.8,81.32,432.61,-81.32,-18.8,-432.61,mixed_edge
1-2,target_lane x lane1_target_start_gap_pair,2 | missing->0.06,39,0,0.0,3900,0,-3900,0.0,0.0,18.8,81.32,432.61,-81.32,-18.8,-432.61,mixed_edge
1-2,lane1_start_exhibition_gap_bucket x target_start_exhibition_gap_bucket,missing | >0.06,39,0,0.0,3900,0,-3900,0.0,0.0,18.8,81.32,432.61,-81.32,-18.8,-432.61,mixed_edge
1-3,lane1_target_start_gap_pair,missing-best,39,0,0.0,3900,0,-3900,0.0,0.0,15.76,78.52,498.07,-78.52,-15.76,-498.07,mixed_edge
1-3,target_lane x lane1_target_start_gap_pair,3 | missing-best,39,0,0.0,3900,0,-3900,0.0,0.0,15.76,78.52,498.07,-78.52,-15.76,-498.07,mixed_edge
1-3,lane1_start_exhibition_gap_bucket x target_start_exhibition_gap_bucket,missing | best,39,0,0.0,3900,0,-3900,0.0,0.0,15.76,78.52,498.07,-78.52,-15.76,-498.07,mixed_edge
1-4,lane1_target_exhibition_st_rank_pair,missing-4+,39,0,0.0,3900,0,-3900,0.0,0.0,10.14,75.45,744.07,-75.45,-10.14,-744.07,mixed_edge
1-4,lane1_exhibition_st_rank_bucket x target_exhibition_st_rank_bucket,missing | 4+,39,0,0.0,3900,0,-3900,0.0,0.0,10.14,75.45,744.07,-75.45,-10.14,-744.07,mixed_edge
1-5,lane1_target_class_pair,B2-B2,39,0,0.0,3900,0,-3900,0.0,0.0,6.69,80.94,1209.34,-80.94,-6.69,-1209.34,mixed_edge
1-5,lane1_target_exhibition_st_rank_pair,missing-3,39,0,0.0,3900,0,-3900,0.0,0.0,6.69,80.94,1209.34,-80.94,-6.69,-1209.34,mixed_edge
1-5,lane1_exhibition_st_rank_bucket x target_exhibition_st_rank_bucket,missing | 3,39,0,0.0,3900,0,-3900,0.0,0.0,6.69,80.94,1209.34,-80.94,-6.69,-1209.34,mixed_edge
1-5,lane1_target_start_gap_pair x target_outer_pressure_bucket,missing->0.06 | high_other_pressure,39,0,0.0,3900,0,-3900,0.0,0.0,6.69,80.94,1209.34,-80.94,-6.69,-1209.34,mixed_edge
1-4,lane1_target_exhibition_st_rank_pair,missing-3,38,0,0.0,3800,0,-3800,0.0,0.0,10.14,75.45,744.07,-75.45,-10.14,-744.07,mixed_edge
1-4,lane1_exhibition_st_rank_bucket x target_exhibition_st_rank_bucket,missing | 3,38,0,0.0,3800,0,-3800,0.0,0.0,10.14,75.45,744.07,-75.45,-10.14,-744.07,mixed_edge
1-4,lane1_target_start_gap_pair x target_outer_pressure_bucket,missing->0.06 | high_other_pressure,38,0,0.0,3800,0,-3800,0.0,0.0,10.14,75.45,744.07,-75.45,-10.14,-744.07,mixed_edge
1-5,lane1_target_exhibition_st_rank_pair,3-missing,38,0,0.0,3800,0,-3800,0.0,0.0,6.69,80.94,1209.34,-80.94,-6.69,-1209.34,mixed_edge
1-5,lane1_target_start_gap_pair,missing-<=0.03,38,0,0.0,3800,0,-3800,0.0,0.0,6.69,80.94,1209.34,-80.94,-6.69,-1209.34,mixed_edge
1-5,target_lane x lane1_target_start_gap_pair,5 | missing-<=0.03,38,0,0.0,3800,0,-3800,0.0,0.0,6.69,80.94,1209.34,-80.94,-6.69,-1209.34,mixed_edge
1-5,lane1_exhibition_st_rank_bucket x target_exhibition_st_rank_bucket,3 | missing,38,0,0.0,3800,0,-3800,0.0,0.0,6.69,80.94,1209.34,-80.94,-6.69,-1209.34,mixed_edge
1-5,lane1_start_exhibition_gap_bucket x target_start_exhibition_gap_bucket,missing | <=0.03,38,0,0.0,3800,0,-3800,0.0,0.0,6.69,80.94,1209.34,-80.94,-6.69,-1209.34,mixed_edge
1-4,lane1_target_exhibition_st_rank_pair,3-missing,37,0,0.0,3700,0,-3700,0.0,0.0,10.14,75.45,744.07,-75.45,-10.14,-744.07,mixed_edge
1-4,lane1_exhibition_st_rank_bucket x target_exhibition_st_rank_bucket,3 | missing,37,0,0.0,3700,0,-3700,0.0,0.0,10.14,75.45,744.07,-75.45,-10.14,-744.07,mixed_edge
1-6,lane1_target_start_gap_pair,missing-<=0.03,37,0,0.0,3700,0,-3700,0.0,0.0,3.7,65.46,1770.57,-65.46,-3.7,-1770.57,mixed_edge
1-6,target_lane x lane1_target_start_gap_pair,6 | missing-<=0.03,37,0,0.0,3700,0,-3700,0.0,0.0,3.7,65.46,1770.57,-65.46,-3.7,-1770.57,mixed_edge
1-6,lane1_start_exhibition_gap_bucket x target_start_exhibition_gap_bucket,missing | <=0.03,37,0,0.0,3700,0,-3700,0.0,0.0,3.7,65.46,1770.57,-65.46,-3.7,-1770.57,mixed_edge
1-2,lane1_target_start_gap_pair x target_outer_pressure_bucket,missing-best | high_other_pressure,36,0,0.0,3600,0,-3600,0.0,0.0,18.8,81.32,432.61,-81.32,-18.8,-432.61,mixed_edge
1-4,lane1_target_start_gap_pair,missing-best,36,0,0.0,3600,0,-3600,0.0,0.0,10.14,75.45,744.07,-75.45,-10.14,-744.07,mixed_edge
1-4,target_lane x lane1_target_start_gap_pair,4 | missing-best,36,0,0.0,3600,0,-3600,0.0,0.0,10.14,75.45,744.07,-75.45,-10.14,-744.07,mixed_edge
1-4,lane1_start_exhibition_gap_bucket x target_start_exhibition_gap_bucket,missing | best,36,0,0.0,3600,0,-3600,0.0,0.0,10.14,75.45,744.07,-75.45,-10.14,-744.07,mixed_edge
1-6,lane1_target_exhibition_st_rank_pair,3-missing,36,0,0.0,3600,0,-3600,0.0,0.0,3.7,65.46,1770.57,-65.46,-3.7,-1770.57,mixed_edge
1-6,lane1_exhibition_st_rank_bucket x target_exhibition_st_rank_bucket,3 | missing,36,0,0.0,3600,0,-3600,0.0,0.0,3.7,65.46,1770.57,-65.46,-3.7,-1770.57,mixed_edge
1-2,lane1_target_exhibition_st_rank_pair,4+-missing,35,0,0.0,3500,0,-3500,0.0,0.0,18.8,81.32,432.61,-81.32,-18.8,-432.61,mixed_edge
1-2,lane1_target_start_gap_pair,>0.06-missing,35,0,0.0,3500,0,-3500,0.0,0.0,18.8,81.32,432.61,-81.32,-18.8,-432.61,mixed_edge
1-2,target_lane x lane1_target_start_gap_pair,2 | >0.06-missing,35,0,0.0,3500,0,-3500,0.0,0.0,18.8,81.32,432.61,-81.32,-18.8,-432.61,mixed_edge
1-2,lane1_exhibition_st_rank_bucket x target_exhibition_st_rank_bucket,4+ | missing,35,0,0.0,3500,0,-3500,0.0,0.0,18.8,81.32,432.61,-81.32,-18.8,-432.61,mixed_edge
1-2,lane1_start_exhibition_gap_bucket x target_start_exhibition_gap_bucket,>0.06 | missing,35,0,0.0,3500,0,-3500,0.0,0.0,18.8,81.32,432.61,-81.32,-18.8,-432.61,mixed_edge
1-3,lane1_target_start_gap_pair,<=0.03-missing,35,0,0.0,3500,0,-3500,0.0,0.0,15.76,78.52,498.07,-78.52,-15.76,-498.07,mixed_edge
1-3,lane1_target_start_gap_pair,missing->0.06,35,0,0.0,3500,0,-3500,0.0,0.0,15.76,78.52,498.07,-78.52,-15.76,-498.07,mixed_edge
1-3,target_lane x lane1_target_start_gap_pair,3 | <=0.03-missing,35,0,0.0,3500,0,-3500,0.0,0.0,15.76,78.52,498.07,-78.52,-15.76,-498.07,mixed_edge
1-3,target_lane x lane1_target_start_gap_pair,3 | missing->0.06,35,0,0.0,3500,0,-3500,0.0,0.0,15.76,78.52,498.07,-78.52,-15.76,-498.07,mixed_edge
1-3,lane1_start_exhibition_gap_bucket x target_start_exhibition_gap_bucket,<=0.03 | missing,35,0,0.0,3500,0,-3500,0.0,0.0,15.76,78.52,498.07,-78.52,-15.76,-498.07,mixed_edge
1-3,lane1_start_exhibition_gap_bucket x target_start_exhibition_gap_bucket,missing | >0.06,35,0,0.0,3500,0,-3500,0.0,0.0,15.76,78.52,498.07,-78.52,-15.76,-498.07,mixed_edge
1-3,lane1_target_exhibition_st_rank_pair,2-missing,34,0,0.0,3400,0,-3400,0.0,0.0,15.76,78.52,498.07,-78.52,-15.76,-498.07,mixed_edge
1-3,lane1_target_exhibition_st_rank_pair,missing-2,34,0,0.0,3400,0,-3400,0.0,0.0,15.76,78.52,498.07,-78.52,-15.76,-498.07,mixed_edge
1-3,lane1_exhibition_st_rank_bucket x target_exhibition_st_rank_bucket,2 | missing,34,0,0.0,3400,0,-3400,0.0,0.0,15.76,78.52,498.07,-78.52,-15.76,-498.07,mixed_edge
1-3,lane1_exhibition_st_rank_bucket x target_exhibition_st_rank_bucket,missing | 2,34,0,0.0,3400,0,-3400,0.0,0.0,15.76,78.52,498.07,-78.52,-15.76,-498.07,mixed_edge
1-3,lane1_target_start_gap_pair x target_outer_pressure_bucket,best-missing | high_other_pressure,34,0,0.0,3400,0,-3400,0.0,0.0,15.76,78.52,498.07,-78.52,-15.76,-498.07,mixed_edge
1-4,lane1_target_start_gap_pair,missing-0.04-0.06,34,0,0.0,3400,0,-3400,0.0,0.0,10.14,75.45,744.07,-75.45,-10.14,-744.07,mixed_edge
1-4,target_lane x lane1_target_start_gap_pair,4 | missing-0.04-0.06,34,0,0.0,3400,0,-3400,0.0,0.0,10.14,75.45,744.07,-75.45,-10.14,-744.07,mixed_edge
1-4,lane1_start_exhibition_gap_bucket x target_start_exhibition_gap_bucket,missing | 0.04-0.06,34,0,0.0,3400,0,-3400,0.0,0.0,10.14,75.45,744.07,-75.45,-10.14,-744.07,mixed_edge
1-2,lane1_target_start_gap_pair x target_outer_pressure_bucket,best-missing | high_other_pressure,33,0,0.0,3300,0,-3300,0.0,0.0,18.8,81.32,432.61,-81.32,-18.8,-432.61,mixed_edge
1-3,lane1_target_start_gap_pair x target_outer_pressure_bucket,missing-best | high_other_pressure,33,0,0.0,3300,0,-3300,0.0,0.0,15.76,78.52,498.07,-78.52,-15.76,-498.07,mixed_edge
1-4,lane1_target_exhibition_st_rank_pair,2-missing,33,0,0.0,3300,0,-3300,0.0,0.0,10.14,75.45,744.07,-75.45,-10.14,-744.07,mixed_edge
1-4,lane1_exhibition_st_rank_bucket x target_exhibition_st_rank_bucket,2 | missing,33,0,0.0,3300,0,-3300,0.0,0.0,10.14,75.45,744.07,-75.45,-10.14,-744.07,mixed_edge
1-3,lane1_target_exhibition_st_rank_pair,missing-1,32,0,0.0,3200,0,-3200,0.0,0.0,15.76,78.52,498.07,-78.52,-15.76,-498.07,mixed_edge
1-3,lane1_target_start_gap_pair,missing-<=0.03,32,0,0.0,3200,0,-3200,0.0,0.0,15.76,78.52,498.07,-78.52,-15.76,-498.07,mixed_edge
1-3,target_lane x lane1_target_start_gap_pair,3 | missing-<=0.03,32,0,0.0,3200,0,-3200,0.0,0.0,15.76,78.52,498.07,-78.52,-15.76,-498.07,mixed_edge
1-3,lane1_exhibition_st_rank_bucket x target_exhibition_st_rank_bucket,missing | 1,32,0,0.0,3200,0,-3200,0.0,0.0,15.76,78.52,498.07,-78.52,-15.76,-498.07,mixed_edge
1-3,lane1_start_exhibition_gap_bucket x target_start_exhibition_gap_bucket,missing | <=0.03,32,0,0.0,3200,0,-3200,0.0,0.0,15.76,78.52,498.07,-78.52,-15.76,-498.07,mixed_edge
1-4,lane1_target_start_gap_pair,missing-<=0.03,32,0,0.0,3200,0,-3200,0.0,0.0,10.14,75.45,744.07,-75.45,-10.14,-744.07,mixed_edge
1-4,target_lane x lane1_target_start_gap_pair,4 | missing-<=0.03,32,0,0.0,3200,0,-3200,0.0,0.0,10.14,75.45,744.07,-75.45,-10.14,-744.07,mixed_edge
1-4,lane1_start_exhibition_gap_bucket x target_start_exhibition_gap_bucket,missing | <=0.03,32,0,0.0,3200,0,-3200,0.0,0.0,10.14,75.45,744.07,-75.45,-10.14,-744.07,mixed_edge
1-5,lane1_target_start_gap_pair,0.04-0.06-missing,32,0,0.0,3200,0,-3200,0.0,0.0,6.69,80.94,1209.34,-80.94,-6.69,-1209.34,mixed_edge
1-5,target_lane x lane1_target_start_gap_pair,5 | 0.04-0.06-missing,32,0,0.0,3200,0,-3200,0.0,0.0,6.69,80.94,1209.34,-80.94,-6.69,-1209.34,mixed_edge
1-5,lane1_start_exhibition_gap_bucket x target_start_exhibition_gap_bucket,0.04-0.06 | missing,32,0,0.0,3200,0,-3200,0.0,0.0,6.69,80.94,1209.34,-80.94,-6.69,-1209.34,mixed_edge
1-5,lane1_target_start_gap_pair x target_outer_pressure_bucket,>0.06-missing | high_other_pressure,32,0,0.0,3200,0,-3200,0.0,0.0,6.69,80.94,1209.34,-80.94,-6.69,-1209.34,mixed_edge
1-6,lane1_target_start_gap_pair,0.04-0.06-missing,32,0,0.0,3200,0,-3200,0.0,0.0,3.7,65.46,1770.57,-65.46,-3.7,-1770.57,mixed_edge
1-6,target_lane x lane1_target_start_gap_pair,6 | 0.04-0.06-missing,32,0,0.0,3200,0,-3200,0.0,0.0,3.7,65.46,1770.57,-65.46,-3.7,-1770.57,mixed_edge
1-6,lane1_start_exhibition_gap_bucket x target_start_exhibition_gap_bucket,0.04-0.06 | missing,32,0,0.0,3200,0,-3200,0.0,0.0,3.7,65.46,1770.57,-65.46,-3.7,-1770.57,mixed_edge
1-2,lane1_target_start_gap_pair x target_outer_pressure_bucket,missing->0.06 | high_other_pressure,31,0,0.0,3100,0,-3100,0.0,0.0,18.8,81.32,432.61,-81.32,-18.8,-432.61,mixed_edge
1-3,lane1_target_start_gap_pair,missing-0.04-0.06,31,0,0.0,3100,0,-3100,0.0,0.0,15.76,78.52,498.07,-78.52,-15.76,-498.07,mixed_edge
1-3,target_lane x lane1_target_start_gap_pair,3 | missing-0.04-0.06,31,0,0.0,3100,0,-3100,0.0,0.0,15.76,78.52,498.07,-78.52,-15.76,-498.07,mixed_edge
1-3,lane1_start_exhibition_gap_bucket x target_start_exhibition_gap_bucket,missing | 0.04-0.06,31,0,0.0,3100,0,-3100,0.0,0.0,15.76,78.52,498.07,-78.52,-15.76,-498.07,mixed_edge
1-3,lane1_target_exhibition_st_rank_pair,3-missing,30,0,0.0,3000,0,-3000,0.0,0.0,15.76,78.52,498.07,-78.52,-15.76,-498.07,mixed_edge
1-3,lane1_exhibition_st_rank_bucket x target_exhibition_st_rank_bucket,3 | missing,30,0,0.0,3000,0,-3000,0.0,0.0,15.76,78.52,498.07,-78.52,-15.76,-498.07,mixed_edge
1-3,lane1_target_start_gap_pair x target_outer_pressure_bucket,missing->0.06 | high_other_pressure,30,0,0.0,3000,0,-3000,0.0,0.0,15.76,78.52,498.07,-78.52,-15.76,-498.07,mixed_edge
1-5,lane1_target_start_gap_pair,missing-0.04-0.06,30,0,0.0,3000,0,-3000,0.0,0.0,6.69,80.94,1209.34,-80.94,-6.69,-1209.34,mixed_edge
1-5,target_lane x lane1_target_start_gap_pair,5 | missing-0.04-0.06,30,0,0.0,3000,0,-3000,0.0,0.0,6.69,80.94,1209.34,-80.94,-6.69,-1209.34,mixed_edge
1-5,lane1_start_exhibition_gap_bucket x target_start_exhibition_gap_bucket,missing | 0.04-0.06,30,0,0.0,3000,0,-3000,0.0,0.0,6.69,80.94,1209.34,-80.94,-6.69,-1209.34,mixed_edge
