race_id,race_date,stadium_code,race_no,exacta_combo_norm,exacta_payout,logic_id,combo,is_hit,return_yen
202512110504,2025-12-11,05,4,1-2,240,L01,1-2,1,240
202512110507,2025-12-11,05,7,4-1,2200,L01,1-2,0,0
202512110512,2025-12-11,05,12,1-2,300,L01,1-2,1,300
202512110712,2025-12-11,07,12,1-3,430,L01,1-2,0,0
202512110907,2025-12-11,09,7,1-2,200,L01,1-2,1,200
202512110912,2025-12-11,09,12,1-2,210,L01,1-2,1,210
202512111406,2025-12-11,14,6,1-2,290,L01,1-2,1,290
202512111407,2025-12-11,14,7,3-4,4880,L01,1-2,0,0
202512111503,2025-12-11,15,3,1-3,490,L01,1-2,0,0
202512111505,2025-12-11,15,5,1-2,320,L01,1-2,1,320
202512111702,2025-12-11,17,2,1-3,260,L01,1-2,0,0
202512111710,2025-12-11,17,10,1-3,700,L01,1-2,0,0
202512111711,2025-12-11,17,11,2-1,640,L01,1-2,0,0
202512112104,2025-12-11,21,4,1-4,320,L01,1-2,0,0
202512120605,2025-12-12,06,5,1-5,1890,L01,1-2,0,0
202512120606,2025-12-12,06,6,1-5,870,L01,1-2,0,0
202512120608,2025-12-12,06,8,2-4,3170,L01,1-2,0,0
202512120612,2025-12-12,06,12,1-3,550,L01,1-2,0,0
202512120710,2025-12-12,07,10,1-4,400,L01,1-2,0,0
202512120711,2025-12-12,07,11,5-2,5360,L01,1-2,0,0
202512120712,2025-12-12,07,12,1-3,340,L01,1-2,0,0
202512121001,2025-12-12,10,1,1-2,350,L01,1-2,1,350
202512121008,2025-12-12,10,8,1-2,750,L01,1-2,1,750
202512121010,2025-12-12,10,10,1-2,310,L01,1-2,1,310
202512121304,2025-12-12,13,4,1-2,920,L01,1-2,1,920
202512121310,2025-12-12,13,10,1-3,630,L01,1-2,0,0
202512121503,2025-12-12,15,3,1-6,1170,L01,1-2,0,0
202512121710,2025-12-12,17,10,1-3,550,L01,1-2,0,0
202512121711,2025-12-12,17,11,1-6,1890,L01,1-2,0,0
202512122109,2025-12-12,21,9,1-2,300,L01,1-2,1,300
202512122110,2025-12-12,21,10,1-2,220,L01,1-2,1,220
202512130111,2025-12-13,01,11,1-4,1140,L01,1-2,0,0
202512130205,2025-12-13,02,5,1-2,580,L01,1-2,1,580
202512130305,2025-12-13,03,5,1-4,470,L01,1-2,0,0
202512130309,2025-12-13,03,9,2-1,1150,L01,1-2,0,0
202512130804,2025-12-13,08,4,6-2,1340,L01,1-2,0,0
202512130805,2025-12-13,08,5,1-3,370,L01,1-2,0,0
202512130806,2025-12-13,08,6,1-2,290,L01,1-2,1,290
202512130810,2025-12-13,08,10,1-3,260,L01,1-2,0,0
202512131002,2025-12-13,10,2,2-1,610,L01,1-2,0,0
202512131005,2025-12-13,10,5,1-2,240,L01,1-2,1,240
202512131507,2025-12-13,15,7,1-4,230,L01,1-2,0,0
202512131705,2025-12-13,17,5,1-3,690,L01,1-2,0,0
202512131707,2025-12-13,17,7,1-2,300,L01,1-2,1,300
202512131709,2025-12-13,17,9,1-5,880,L01,1-2,0,0
202512131710,2025-12-13,17,10,1-4,710,L01,1-2,0,0
202512131806,2025-12-13,18,6,1-3,510,L01,1-2,0,0
202512132104,2025-12-13,21,4,1-3,190,L01,1-2,0,0
202512132107,2025-12-13,21,7,1-2,310,L01,1-2,1,310
202512132109,2025-12-13,21,9,1-2,600,L01,1-2,1,600
202512132411,2025-12-13,24,11,1-5,740,L01,1-2,0,0
202512140106,2025-12-14,01,6,1-3,310,L01,1-2,0,0
202512140109,2025-12-14,01,9,1-3,920,L01,1-2,0,0
202512140111,2025-12-14,01,11,1-4,460,L01,1-2,0,0
202512140204,2025-12-14,02,4,1-3,570,L01,1-2,0,0
202512140207,2025-12-14,02,7,1-3,400,L01,1-2,0,0
202512140210,2025-12-14,02,10,1-2,510,L01,1-2,1,510
202512140507,2025-12-14,05,7,2-3,1070,L01,1-2,0,0
202512140511,2025-12-14,05,11,1-2,630,L01,1-2,1,630
202512140602,2025-12-14,06,2,1-3,790,L01,1-2,0,0
202512140605,2025-12-14,06,5,1-3,450,L01,1-2,0,0
202512140607,2025-12-14,06,7,5-1,1240,L01,1-2,0,0
202512140609,2025-12-14,06,9,1-2,260,L01,1-2,1,260
202512140612,2025-12-14,06,12,2-1,1020,L01,1-2,0,0
202512140702,2025-12-14,07,2,2-1,410,L01,1-2,0,0
202512140704,2025-12-14,07,4,1-5,290,L01,1-2,0,0
202512140808,2025-12-14,08,8,1-4,580,L01,1-2,0,0
202512141001,2025-12-14,10,1,1-2,290,L01,1-2,1,290
202512141002,2025-12-14,10,2,1-2,270,L01,1-2,1,270
202512141012,2025-12-14,10,12,1-2,330,L01,1-2,1,330
202512141102,2025-12-14,11,2,1-4,540,L01,1-2,0,0
202512141112,2025-12-14,11,12,1-3,420,L01,1-2,0,0
202512141508,2025-12-14,15,8,1-2,220,L01,1-2,1,220
202512141706,2025-12-14,17,6,1-2,2150,L01,1-2,1,2150
202512141708,2025-12-14,17,8,3-1,430,L01,1-2,0,0
202512142302,2025-12-14,23,2,1-4,1070,L01,1-2,0,0
202512142311,2025-12-14,23,11,1-3,300,L01,1-2,0,0
202512150106,2025-12-15,01,6,1-3,500,L01,1-2,0,0
202512150110,2025-12-15,01,10,1-2,430,L01,1-2,1,430
202512150112,2025-12-15,01,12,1-2,230,L01,1-2,1,230
202512150204,2025-12-15,02,4,3-2,720,L01,1-2,0,0
202512150208,2025-12-15,02,8,2-5,1430,L01,1-2,0,0
202512150209,2025-12-15,02,9,3-1,1020,L01,1-2,0,0
202512150212,2025-12-15,02,12,2-1,880,L01,1-2,0,0
202512150602,2025-12-15,06,2,1-3,1970,L01,1-2,0,0
202512150704,2025-12-15,07,4,1-2,350,L01,1-2,1,350
202512150705,2025-12-15,07,5,1-3,260,L01,1-2,0,0
202512150706,2025-12-15,07,6,1-5,410,L01,1-2,0,0
202512150811,2025-12-15,08,11,2-4,2870,L01,1-2,0,0
202512150910,2025-12-15,09,10,1-3,190,L01,1-2,0,0
202512150911,2025-12-15,09,11,1-2,180,L01,1-2,1,180
202512150912,2025-12-15,09,12,1-3,310,L01,1-2,0,0
202512151003,2025-12-15,10,3,1-3,190,L01,1-2,0,0
202512151006,2025-12-15,10,6,2-1,720,L01,1-2,0,0
202512151012,2025-12-15,10,12,1-3,240,L01,1-2,0,0
202512151506,2025-12-15,15,6,1-5,320,L01,1-2,0,0
202512151509,2025-12-15,15,9,1-4,680,L01,1-2,0,0
202512151511,2025-12-15,15,11,1-4,540,L01,1-2,0,0
202512151703,2025-12-15,17,3,1-2,250,L01,1-2,1,250
202512151705,2025-12-15,17,5,1-2,230,L01,1-2,1,230
202512151706,2025-12-15,17,6,2-1,760,L01,1-2,0,0
202512151711,2025-12-15,17,11,2-3,3870,L01,1-2,0,0
202512151712,2025-12-15,17,12,2-1,1370,L01,1-2,0,0
202512151805,2025-12-15,18,5,1-2,270,L01,1-2,1,270
202512151806,2025-12-15,18,6,1-6,1490,L01,1-2,0,0
202512151812,2025-12-15,18,12,1-2,660,L01,1-2,1,660
202512152303,2025-12-15,23,3,1-3,230,L01,1-2,0,0
202512152311,2025-12-15,23,11,2-3,2130,L01,1-2,0,0
202512152401,2025-12-15,24,1,3-1,1530,L01,1-2,0,0
202512160112,2025-12-16,01,12,1-2,210,L01,1-2,1,210
202512160202,2025-12-16,02,2,3-1,1650,L01,1-2,0,0
202512160209,2025-12-16,02,9,3-1,750,L01,1-2,0,0
202512160211,2025-12-16,02,11,2-1,1230,L01,1-2,0,0
202512160801,2025-12-16,08,1,1-3,330,L01,1-2,0,0
202512160803,2025-12-16,08,3,3-1,330,L01,1-2,0,0
202512160811,2025-12-16,08,11,1-3,210,L01,1-2,0,0
202512160906,2025-12-16,09,6,1-3,400,L01,1-2,0,0
202512160912,2025-12-16,09,12,1-3,250,L01,1-2,0,0
202512161001,2025-12-16,10,1,1-2,210,L01,1-2,1,210
202512161002,2025-12-16,10,2,1-3,660,L01,1-2,0,0
202512161011,2025-12-16,10,11,1-3,340,L01,1-2,0,0
202512161103,2025-12-16,11,3,1-3,490,L01,1-2,0,0
202512161104,2025-12-16,11,4,2-4,4270,L01,1-2,0,0
202512161107,2025-12-16,11,7,2-1,870,L01,1-2,0,0
202512161110,2025-12-16,11,10,1-3,730,L01,1-2,0,0
202512161201,2025-12-16,12,1,1-3,760,L01,1-2,0,0
202512161803,2025-12-16,18,3,1-2,240,L01,1-2,1,240
202512161806,2025-12-16,18,6,1-3,590,L01,1-2,0,0
202512162201,2025-12-16,22,1,1-2,160,L01,1-2,1,160
202512162210,2025-12-16,22,10,1-4,880,L01,1-2,0,0
202512162301,2025-12-16,23,1,1-2,230,L01,1-2,1,230
202512162304,2025-12-16,23,4,1-2,610,L01,1-2,1,610
202512162307,2025-12-16,23,7,2-1,940,L01,1-2,0,0
202512162401,2025-12-16,24,1,1-4,490,L01,1-2,0,0
202512162407,2025-12-16,24,7,1-2,190,L01,1-2,1,190
202512162411,2025-12-16,24,11,1-2,250,L01,1-2,1,250
202512170109,2025-12-17,01,9,1-5,400,L01,1-2,0,0
202512170111,2025-12-17,01,11,1-3,460,L01,1-2,0,0
202512170112,2025-12-17,01,12,1-2,320,L01,1-2,1,320
202512170305,2025-12-17,03,5,5-3,3390,L01,1-2,0,0
202512170309,2025-12-17,03,9,2-1,3420,L01,1-2,0,0
202512170809,2025-12-17,08,9,1-2,230,L01,1-2,1,230
202512170811,2025-12-17,08,11,2-1,1110,L01,1-2,0,0
202512170906,2025-12-17,09,6,3-1,850,L01,1-2,0,0
202512171008,2025-12-17,10,8,1-2,230,L01,1-2,1,230
202512171009,2025-12-17,10,9,1-3,470,L01,1-2,0,0
202512171104,2025-12-17,11,4,5-6,550,L01,1-2,0,0
202512171111,2025-12-17,11,11,1-3,460,L01,1-2,0,0
202512171607,2025-12-17,16,7,2-1,670,L01,1-2,0,0
202512171609,2025-12-17,16,9,1-3,1100,L01,1-2,0,0
202512171811,2025-12-17,18,11,1-4,430,L01,1-2,0,0
202512171812,2025-12-17,18,12,1-3,230,L01,1-2,0,0
202512172301,2025-12-17,23,1,1-5,1230,L01,1-2,0,0
202512172303,2025-12-17,23,3,1-3,490,L01,1-2,0,0
202512172304,2025-12-17,23,4,1-4,400,L01,1-2,0,0
202512172311,2025-12-17,23,11,1-2,330,L01,1-2,1,330
202512172312,2025-12-17,23,12,1-3,580,L01,1-2,0,0
202512172407,2025-12-17,24,7,1-5,2380,L01,1-2,0,0
202512172410,2025-12-17,24,10,2-1,1500,L01,1-2,0,0
202512172411,2025-12-17,24,11,1-3,580,L01,1-2,0,0
202512180310,2025-12-18,03,10,1-2,220,L01,1-2,1,220
202512180312,2025-12-18,03,12,1-2,300,L01,1-2,1,300
202512180504,2025-12-18,05,4,2-1,5340,L01,1-2,0,0
202512180510,2025-12-18,05,10,1-2,310,L01,1-2,1,310
202512180805,2025-12-18,08,5,1-2,420,L01,1-2,1,420
202512180808,2025-12-18,08,8,4-2,3230,L01,1-2,0,0
202512180809,2025-12-18,08,9,1-5,680,L01,1-2,0,0
202512180906,2025-12-18,09,6,1-3,280,L01,1-2,0,0
202512180908,2025-12-18,09,8,1-3,480,L01,1-2,0,0
202512181101,2025-12-18,11,1,2-3,5230,L01,1-2,0,0
202512181102,2025-12-18,11,2,3-4,2400,L01,1-2,0,0
202512181108,2025-12-18,11,8,4-3,3190,L01,1-2,0,0
202512181110,2025-12-18,11,10,1-2,340,L01,1-2,1,340
202512181212,2025-12-18,12,12,1-2,270,L01,1-2,1,270
202512181903,2025-12-18,19,3,1-2,420,L01,1-2,1,420
202512181905,2025-12-18,19,5,1-3,1000,L01,1-2,0,0
202512181912,2025-12-18,19,12,3-1,1740,L01,1-2,0,0
202512182105,2025-12-18,21,5,1-2,370,L01,1-2,1,370
202512190302,2025-12-19,03,2,1-3,1920,L01,1-2,0,0
202512190305,2025-12-19,03,5,2-1,1100,L01,1-2,0,0
202512190310,2025-12-19,03,10,1-2,240,L01,1-2,1,240
202512190507,2025-12-19,05,7,1-4,280,L01,1-2,0,0
202512190605,2025-12-19,06,5,1-3,700,L01,1-2,0,0
202512190610,2025-12-19,06,10,1-6,3530,L01,1-2,0,0
202512190611,2025-12-19,06,11,1-3,270,L01,1-2,0,0
202512191103,2025-12-19,11,3,3-1,1100,L01,1-2,0,0
202512191104,2025-12-19,11,4,1-4,760,L01,1-2,0,0
202512191211,2025-12-19,12,11,1-2,290,L01,1-2,1,290
202512191402,2025-12-19,14,2,1-3,300,L01,1-2,0,0
202512191405,2025-12-19,14,5,4-1,1570,L01,1-2,0,0
202512191911,2025-12-19,19,11,1-2,240,L01,1-2,1,240
202512192105,2025-12-19,21,5,1-3,520,L01,1-2,0,0
202512192110,2025-12-19,21,10,1-4,490,L01,1-2,0,0
202512192206,2025-12-19,22,6,1-2,1210,L01,1-2,1,1210
202512192209,2025-12-19,22,9,3-2,2990,L01,1-2,0,0
202512192212,2025-12-19,22,12,1-4,670,L01,1-2,0,0
202512200201,2025-12-20,02,1,1-3,350,L01,1-2,0,0
202512200212,2025-12-20,02,12,1-2,390,L01,1-2,1,390
202512200310,2025-12-20,03,10,1-2,320,L01,1-2,1,320
202512200510,2025-12-20,05,10,1-3,400,L01,1-2,0,0
202512200604,2025-12-20,06,4,3-2,3030,L01,1-2,0,0
202512200608,2025-12-20,06,8,1-4,460,L01,1-2,0,0
202512200612,2025-12-20,06,12,1-5,490,L01,1-2,0,0
202512201205,2025-12-20,12,5,1-2,430,L01,1-2,1,430
202512201212,2025-12-20,12,12,1-4,490,L01,1-2,0,0
202512201404,2025-12-20,14,4,2-1,3680,L01,1-2,0,0
202512201408,2025-12-20,14,8,2-3,3270,L01,1-2,0,0
202512201412,2025-12-20,14,12,1-4,620,L01,1-2,0,0
202512201604,2025-12-20,16,4,1-4,240,L01,1-2,0,0
202512201606,2025-12-20,16,6,1-4,1090,L01,1-2,0,0
202512201610,2025-12-20,16,10,1-3,460,L01,1-2,0,0
202512201702,2025-12-20,17,2,1-2,260,L01,1-2,1,260
202512201706,2025-12-20,17,6,1-2,220,L01,1-2,1,220
202512201709,2025-12-20,17,9,1-4,1270,L01,1-2,0,0
202512201710,2025-12-20,17,10,1-2,290,L01,1-2,1,290
202512201907,2025-12-20,19,7,3-1,1320,L01,1-2,0,0
202512201910,2025-12-20,19,10,1-3,340,L01,1-2,0,0
202512201911,2025-12-20,19,11,1-3,450,L01,1-2,0,0
202512202009,2025-12-20,20,9,1-3,220,L01,1-2,0,0
202512202206,2025-12-20,22,6,1-5,1090,L01,1-2,0,0
202512202306,2025-12-20,23,6,1-5,540,L01,1-2,0,0
202512202312,2025-12-20,23,12,1-4,760,L01,1-2,0,0
202512210207,2025-12-21,02,7,1-6,2240,L01,1-2,0,0
202512210211,2025-12-21,02,11,1-4,290,L01,1-2,0,0
202512210212,2025-12-21,02,12,5-2,7830,L01,1-2,0,0
202512210305,2025-12-21,03,5,2-1,490,L01,1-2,0,0
202512210307,2025-12-21,03,7,1-3,1600,L01,1-2,0,0
202512210308,2025-12-21,03,8,1-2,340,L01,1-2,1,340
202512210312,2025-12-21,03,12,1-5,1460,L01,1-2,0,0
202512210508,2025-12-21,05,8,1-6,1720,L01,1-2,0,0
202512210604,2025-12-21,06,4,1-2,1120,L01,1-2,1,1120
202512210801,2025-12-21,08,1,1-5,880,L01,1-2,0,0
202512210805,2025-12-21,08,5,5-2,3460,L01,1-2,0,0
202512210807,2025-12-21,08,7,1-2,480,L01,1-2,1,480
202512211202,2025-12-21,12,2,4-2,3010,L01,1-2,0,0
202512211203,2025-12-21,12,3,6-2,15480,L01,1-2,0,0
202512211208,2025-12-21,12,8,2-4,1500,L01,1-2,0,0
202512211401,2025-12-21,14,1,1-5,1140,L01,1-2,0,0
202512211402,2025-12-21,14,2,1-6,1010,L01,1-2,0,0
202512212004,2025-12-21,20,4,1-3,1160,L01,1-2,0,0
202512212011,2025-12-21,20,11,1-3,250,L01,1-2,0,0
202512212104,2025-12-21,21,4,2-1,940,L01,1-2,0,0
202512212112,2025-12-21,21,12,1-4,540,L01,1-2,0,0
202512212303,2025-12-21,23,3,1-2,1460,L01,1-2,1,1460
202512212304,2025-12-21,23,4,1-3,500,L01,1-2,0,0
202512220604,2025-12-22,06,4,2-6,12640,L01,1-2,0,0
202512220608,2025-12-22,06,8,4-1,740,L01,1-2,0,0
202512220610,2025-12-22,06,10,1-2,1620,L01,1-2,1,1620
202512220802,2025-12-22,08,2,2-3,840,L01,1-2,0,0
202512220803,2025-12-22,08,3,3-1,4840,L01,1-2,0,0
202512220901,2025-12-22,09,1,1-2,270,L01,1-2,1,270
202512221408,2025-12-22,14,8,5-1,1300,L01,1-2,0,0
202512221502,2025-12-22,15,2,4-1,2380,L01,1-2,0,0
202512221508,2025-12-22,15,8,2-1,760,L01,1-2,0,0
202512221604,2025-12-22,16,4,1-2,240,L01,1-2,1,240
202512221612,2025-12-22,16,12,2-1,1050,L01,1-2,0,0
202512221710,2025-12-22,17,10,1-3,530,L01,1-2,0,0
202512221712,2025-12-22,17,12,3-5,10660,L01,1-2,0,0
202512221912,2025-12-22,19,12,2-1,760,L01,1-2,0,0
202512222104,2025-12-22,21,4,1-5,1620,L01,1-2,0,0
202512222106,2025-12-22,21,6,5-4,940,L01,1-2,0,0
202512222107,2025-12-22,21,7,3-1,2780,L01,1-2,0,0
202512222301,2025-12-22,23,1,1-3,360,L01,1-2,0,0
202512222302,2025-12-22,23,2,1-2,230,L01,1-2,1,230
202512222312,2025-12-22,23,12,1-2,200,L01,1-2,1,200
202512230203,2025-12-23,02,3,1-3,610,L01,1-2,0,0
202512230206,2025-12-23,02,6,1-3,450,L01,1-2,0,0
202512230208,2025-12-23,02,8,1-5,390,L01,1-2,0,0
202512230212,2025-12-23,02,12,3-2,5440,L01,1-2,0,0
202512230601,2025-12-23,06,1,1-6,1200,L01,1-2,0,0
202512230602,2025-12-23,06,2,1-5,1210,L01,1-2,0,0
202512230610,2025-12-23,06,10,1-4,510,L01,1-2,0,0
202512230612,2025-12-23,06,12,1-2,250,L01,1-2,1,250
202512230801,2025-12-23,08,1,2-3,10050,L01,1-2,0,0
202512230806,2025-12-23,08,6,3-2,3240,L01,1-2,0,0
202512230809,2025-12-23,08,9,1-3,1280,L01,1-2,0,0
202512230810,2025-12-23,08,10,1-4,510,L01,1-2,0,0
202512230906,2025-12-23,09,6,2-4,440,L01,1-2,0,0
202512230907,2025-12-23,09,7,1-5,830,L01,1-2,0,0
202512231404,2025-12-23,14,4,1-4,530,L01,1-2,0,0
202512231501,2025-12-23,15,1,1-6,3100,L01,1-2,0,0
202512231503,2025-12-23,15,3,1-5,1180,L01,1-2,0,0
202512231508,2025-12-23,15,8,1-2,200,L01,1-2,1,200
202512231511,2025-12-23,15,11,1-3,230,L01,1-2,0,0
202512231601,2025-12-23,16,1,1-2,600,L01,1-2,1,600
202512231605,2025-12-23,16,5,1-6,8140,L01,1-2,0,0
202512231607,2025-12-23,16,7,1-2,270,L01,1-2,1,270
202512231609,2025-12-23,16,9,1-4,400,L01,1-2,0,0
202512231709,2025-12-23,17,9,2-5,1430,L01,1-2,0,0
202512231905,2025-12-23,19,5,1-2,510,L01,1-2,1,510
202512231910,2025-12-23,19,10,1-2,300,L01,1-2,1,300
202512232011,2025-12-23,20,11,4-2,5500,L01,1-2,0,0
202512232012,2025-12-23,20,12,1-2,250,L01,1-2,1,250
202512232105,2025-12-23,21,5,1-4,370,L01,1-2,0,0
202512232108,2025-12-23,21,8,2-1,690,L01,1-2,0,0
202512232301,2025-12-23,23,1,1-4,1460,L01,1-2,0,0
202512232305,2025-12-23,23,5,1-5,660,L01,1-2,0,0
202512232308,2025-12-23,23,8,1-3,340,L01,1-2,0,0
202512232309,2025-12-23,23,9,1-2,330,L01,1-2,1,330
202512240212,2025-12-24,02,12,1-6,2560,L01,1-2,0,0
202512240601,2025-12-24,06,1,3-4,2000,L01,1-2,0,0
202512240604,2025-12-24,06,4,1-2,300,L01,1-2,1,300
202512240608,2025-12-24,06,8,1-2,370,L01,1-2,1,370
202512240612,2025-12-24,06,12,1-4,470,L01,1-2,0,0
202512240805,2025-12-24,08,5,1-3,1770,L01,1-2,0,0
202512240806,2025-12-24,08,6,1-2,1040,L01,1-2,1,1040
202512240808,2025-12-24,08,8,1-3,430,L01,1-2,0,0
202512240810,2025-12-24,08,10,2-1,2830,L01,1-2,0,0
202512240911,2025-12-24,09,11,1-6,1220,L01,1-2,0,0
202512241001,2025-12-24,10,1,1-3,270,L01,1-2,0,0
202512241004,2025-12-24,10,4,1-4,760,L01,1-2,0,0
202512241008,2025-12-24,10,8,1-4,480,L01,1-2,0,0
202512241104,2025-12-24,11,4,3-1,730,L01,1-2,0,0
202512241304,2025-12-24,13,4,2-5,2020,L01,1-2,0,0
202512241307,2025-12-24,13,7,1-3,750,L01,1-2,0,0
202512241310,2025-12-24,13,10,1-2,290,L01,1-2,1,290
202512241401,2025-12-24,14,1,1-6,1300,L01,1-2,0,0
202512241505,2025-12-24,15,5,4-5,740,L01,1-2,0,0
202512241510,2025-12-24,15,10,1-2,140,L01,1-2,1,140
202512241608,2025-12-24,16,8,2-1,660,L01,1-2,0,0
202512241702,2025-12-24,17,2,1-3,770,L01,1-2,0,0
202512241710,2025-12-24,17,10,1-2,240,L01,1-2,1,240
202512242001,2025-12-24,20,1,4-2,1030,L01,1-2,0,0
202512242012,2025-12-24,20,12,1-3,490,L01,1-2,0,0
202512250311,2025-12-25,03,11,4-2,2690,L01,1-2,0,0
202512250705,2025-12-25,07,5,2-4,750,L01,1-2,0,0
202512250707,2025-12-25,07,7,3-1,1230,L01,1-2,0,0
202512250902,2025-12-25,09,2,2-4,870,L01,1-2,0,0
202512250910,2025-12-25,09,10,1-5,460,L01,1-2,0,0
202512251008,2025-12-25,10,8,1-4,1100,L01,1-2,0,0
202512251110,2025-12-25,11,10,1-5,730,L01,1-2,0,0
202512251306,2025-12-25,13,6,1-2,430,L01,1-2,1,430
202512251312,2025-12-25,13,12,1-4,360,L01,1-2,0,0
202512251501,2025-12-25,15,1,1-3,440,L01,1-2,0,0
202512251806,2025-12-25,18,6,1-6,1590,L01,1-2,0,0
202512251809,2025-12-25,18,9,1-2,220,L01,1-2,1,220
202512252006,2025-12-25,20,6,3-2,2300,L01,1-2,0,0
202512252007,2025-12-25,20,7,2-3,16310,L01,1-2,0,0
202512252008,2025-12-25,20,8,1-3,210,L01,1-2,0,0
202512252012,2025-12-25,20,12,1-3,350,L01,1-2,0,0
202512252201,2025-12-25,22,1,1-2,320,L01,1-2,1,320
202512252210,2025-12-25,22,10,3-1,2250,L01,1-2,0,0
202512260303,2025-12-26,03,3,2-1,3500,L01,1-2,0,0
202512260304,2025-12-26,03,4,1-3,1480,L01,1-2,0,0
202512260305,2025-12-26,03,5,2-4,2160,L01,1-2,0,0
202512260309,2025-12-26,03,9,4-1,1330,L01,1-2,0,0
202512260506,2025-12-26,05,6,1-3,360,L01,1-2,0,0
202512260507,2025-12-26,05,7,1-2,890,L01,1-2,1,890
202512260511,2025-12-26,05,11,1-2,480,L01,1-2,1,480
202512260710,2025-12-26,07,10,1-2,210,L01,1-2,1,210
202512260803,2025-12-26,08,3,4-2,1500,L01,1-2,0,0
202512261103,2025-12-26,11,3,4-2,3250,L01,1-2,0,0
202512261108,2025-12-26,11,8,2-1,650,L01,1-2,0,0
202512261109,2025-12-26,11,9,1-3,1240,L01,1-2,0,0
202512261111,2025-12-26,11,11,1-2,340,L01,1-2,1,340
202512261112,2025-12-26,11,12,4-1,2110,L01,1-2,0,0
202512261201,2025-12-26,12,1,1-3,300,L01,1-2,0,0
202512261208,2025-12-26,12,8,4-1,500,L01,1-2,0,0
202512261304,2025-12-26,13,4,4-2,3070,L01,1-2,0,0
202512261305,2025-12-26,13,5,1-6,1200,L01,1-2,0,0
202512261307,2025-12-26,13,7,1-3,260,L01,1-2,0,0
202512261308,2025-12-26,13,8,1-6,490,L01,1-2,0,0
202512261803,2025-12-26,18,3,1-2,1270,L01,1-2,1,1270
202512261804,2025-12-26,18,4,4-1,6380,L01,1-2,0,0
202512262204,2025-12-26,22,4,4-1,760,L01,1-2,0,0
202512270109,2025-12-27,01,9,3-1,580,L01,1-2,0,0
202512270308,2025-12-27,03,8,1-4,790,L01,1-2,0,0
202512270309,2025-12-27,03,9,5-2,5110,L01,1-2,0,0
202512270402,2025-12-27,04,2,1-5,1200,L01,1-2,0,0
202512270408,2025-12-27,04,8,1-3,600,L01,1-2,0,0
202512270411,2025-12-27,04,11,5-6,4130,L01,1-2,0,0
202512270705,2025-12-27,07,5,1-5,570,L01,1-2,0,0
202512270709,2025-12-27,07,9,1-2,320,L01,1-2,1,320
202512270711,2025-12-27,07,11,1-5,740,L01,1-2,0,0
202512271005,2025-12-27,10,5,2-4,2870,L01,1-2,0,0
202512271010,2025-12-27,10,10,1-3,640,L01,1-2,0,0
202512271012,2025-12-27,10,12,1-2,340,L01,1-2,1,340
202512271105,2025-12-27,11,5,1-3,340,L01,1-2,0,0
202512271106,2025-12-27,11,6,1-3,860,L01,1-2,0,0
202512271112,2025-12-27,11,12,1-3,290,L01,1-2,0,0
202512271206,2025-12-27,12,6,1-2,440,L01,1-2,1,440
202512271210,2025-12-27,12,10,1-6,520,L01,1-2,0,0
202512271307,2025-12-27,13,7,2-1,320,L01,1-2,0,0
202512271312,2025-12-27,13,12,1-5,1720,L01,1-2,0,0
202512272201,2025-12-27,22,1,1-2,200,L01,1-2,1,200
202512272202,2025-12-27,22,2,1-4,380,L01,1-2,0,0
202512272208,2025-12-27,22,8,1-2,370,L01,1-2,1,370
202512272211,2025-12-27,22,11,1-4,210,L01,1-2,0,0
202512272408,2025-12-27,24,8,1-2,410,L01,1-2,1,410
202512272409,2025-12-27,24,9,3-1,7390,L01,1-2,0,0
202512272412,2025-12-27,24,12,1-4,550,L01,1-2,0,0
202512280106,2025-12-28,01,6,1-2,310,L01,1-2,1,310
202512280304,2025-12-28,03,4,4-1,1000,L01,1-2,0,0
202512280307,2025-12-28,03,7,2-1,640,L01,1-2,0,0
202512280407,2025-12-28,04,7,2-4,1310,L01,1-2,0,0
202512280505,2025-12-28,05,5,2-1,340,L01,1-2,0,0
202512280509,2025-12-28,05,9,1-2,890,L01,1-2,1,890
202512280512,2025-12-28,05,12,4-1,470,L01,1-2,0,0
202512280704,2025-12-28,07,4,1-2,350,L01,1-2,1,350
202512280710,2025-12-28,07,10,1-2,300,L01,1-2,1,300
202512281108,2025-12-28,11,8,1-6,2670,L01,1-2,0,0
202512281109,2025-12-28,11,9,1-2,320,L01,1-2,1,320
202512281204,2025-12-28,12,4,1-2,360,L01,1-2,1,360
202512281209,2025-12-28,12,9,1-3,1060,L01,1-2,0,0
202512281310,2025-12-28,13,10,1-5,700,L01,1-2,0,0
202512281809,2025-12-28,18,9,1-3,320,L01,1-2,0,0
202512281812,2025-12-28,18,12,1-2,280,L01,1-2,1,280
202512281905,2025-12-28,19,5,1-3,140,L01,1-2,0,0
202512281906,2025-12-28,19,6,2-1,320,L01,1-2,0,0
202512281908,2025-12-28,19,8,1-2,170,L01,1-2,1,170
202512281910,2025-12-28,19,10,1-3,350,L01,1-2,0,0
202512282404,2025-12-28,24,4,2-1,1230,L01,1-2,0,0
202512282405,2025-12-28,24,5,2-1,1030,L01,1-2,0,0
202512282411,2025-12-28,24,11,1-3,410,L01,1-2,0,0
202512282412,2025-12-28,24,12,1-3,390,L01,1-2,0,0
202512290109,2025-12-29,01,9,1-2,1350,L01,1-2,1,1350
202512290204,2025-12-29,02,4,2-3,2530,L01,1-2,0,0
202512290301,2025-12-29,03,1,2-5,5200,L01,1-2,0,0
202512290307,2025-12-29,03,7,1-6,1390,L01,1-2,0,0
202512290309,2025-12-29,03,9,1-3,260,L01,1-2,0,0
202512290311,2025-12-29,03,11,1-2,570,L01,1-2,1,570
202512290312,2025-12-29,03,12,1-3,380,L01,1-2,0,0
202512290404,2025-12-29,04,4,1-5,880,L01,1-2,0,0
202512290405,2025-12-29,04,5,1-2,310,L01,1-2,1,310
202512290507,2025-12-29,05,7,2-1,510,L01,1-2,0,0
202512290508,2025-12-29,05,8,1-3,260,L01,1-2,0,0
202512290602,2025-12-29,06,2,2-3,3130,L01,1-2,0,0
202512290603,2025-12-29,06,3,1-4,1350,L01,1-2,0,0
202512290606,2025-12-29,06,6,3-5,11650,L01,1-2,0,0
202512290608,2025-12-29,06,8,1-6,1720,L01,1-2,0,0
202512291104,2025-12-29,11,4,1-4,450,L01,1-2,0,0
202512291111,2025-12-29,11,11,1-3,190,L01,1-2,0,0
202512291203,2025-12-29,12,3,3-1,1900,L01,1-2,0,0
202512291206,2025-12-29,12,6,1-2,240,L01,1-2,1,240
202512291212,2025-12-29,12,12,1-4,660,L01,1-2,0,0
202512291603,2025-12-29,16,3,3-2,2580,L01,1-2,0,0
202512291607,2025-12-29,16,7,1-2,390,L01,1-2,1,390
202512291608,2025-12-29,16,8,1-2,280,L01,1-2,1,280
202512291812,2025-12-29,18,12,1-4,760,L01,1-2,0,0
202512291910,2025-12-29,19,10,3-2,13570,L01,1-2,0,0
202512292109,2025-12-29,21,9,1-2,410,L01,1-2,1,410
202512292110,2025-12-29,21,10,1-3,440,L01,1-2,0,0
202512292112,2025-12-29,21,12,1-4,600,L01,1-2,0,0
202512292301,2025-12-29,23,1,1-2,230,L01,1-2,1,230
202512292305,2025-12-29,23,5,1-2,630,L01,1-2,1,630
202512292311,2025-12-29,23,11,1-3,1020,L01,1-2,0,0
202512292402,2025-12-29,24,2,1-2,460,L01,1-2,1,460
202512292405,2025-12-29,24,5,1-3,430,L01,1-2,0,0
202512292407,2025-12-29,24,7,1-3,320,L01,1-2,0,0
202512292412,2025-12-29,24,12,2-1,1730,L01,1-2,0,0
202512300201,2025-12-30,02,1,2-1,1130,L01,1-2,0,0
202512300206,2025-12-30,02,6,1-2,340,L01,1-2,1,340
202512300402,2025-12-30,04,2,4-1,1020,L01,1-2,0,0
202512300411,2025-12-30,04,11,5-4,2570,L01,1-2,0,0
202512300504,2025-12-30,05,4,4-2,5330,L01,1-2,0,0
202512300611,2025-12-30,06,11,1-2,310,L01,1-2,1,310
202512300706,2025-12-30,07,6,1-2,450,L01,1-2,1,450
202512300809,2025-12-30,08,9,1-3,900,L01,1-2,0,0
202512301002,2025-12-30,10,2,1-3,590,L01,1-2,0,0
202512301003,2025-12-30,10,3,1-3,180,L01,1-2,0,0
202512301004,2025-12-30,10,4,1-2,240,L01,1-2,1,240
202512301011,2025-12-30,10,11,3-4,6500,L01,1-2,0,0
202512301012,2025-12-30,10,12,1-3,410,L01,1-2,0,0
202512301301,2025-12-30,13,1,3-1,600,L01,1-2,0,0
202512301311,2025-12-30,13,11,1-4,370,L01,1-2,0,0
202512301603,2025-12-30,16,3,1-3,310,L01,1-2,0,0
202512301609,2025-12-30,16,9,1-3,370,L01,1-2,0,0
202512301702,2025-12-30,17,2,2-3,660,L01,1-2,0,0
202512301704,2025-12-30,17,4,3-1,1680,L01,1-2,0,0
202512301708,2025-12-30,17,8,1-4,980,L01,1-2,0,0
202512301712,2025-12-30,17,12,1-2,230,L01,1-2,1,230
202512301903,2025-12-30,19,3,5-4,1910,L01,1-2,0,0
202512302109,2025-12-30,21,9,1-3,310,L01,1-2,0,0
202512302205,2025-12-30,22,5,1-3,370,L01,1-2,0,0
202512302209,2025-12-30,22,9,3-4,3850,L01,1-2,0,0
202512302302,2025-12-30,23,2,1-2,130,L01,1-2,1,130
202512302308,2025-12-30,23,8,3-1,300,L01,1-2,0,0
202512302312,2025-12-30,23,12,1-5,820,L01,1-2,0,0
202512302407,2025-12-30,24,7,1-2,490,L01,1-2,1,490
202512310106,2025-12-31,01,6,1-2,260,L01,1-2,1,260
202512310109,2025-12-31,01,9,3-2,2350,L01,1-2,0,0
202512310110,2025-12-31,01,10,1-2,340,L01,1-2,1,340
202512310209,2025-12-31,02,9,1-3,430,L01,1-2,0,0
202512310211,2025-12-31,02,11,1-3,290,L01,1-2,0,0
202512310212,2025-12-31,02,12,1-2,690,L01,1-2,1,690
202512310403,2025-12-31,04,3,3-2,3870,L01,1-2,0,0
202512310406,2025-12-31,04,6,1-4,430,L01,1-2,0,0
202512310411,2025-12-31,04,11,1-2,250,L01,1-2,1,250
202512310503,2025-12-31,05,3,1-3,540,L01,1-2,0,0
202512310607,2025-12-31,06,7,1-3,230,L01,1-2,0,0
202512310610,2025-12-31,06,10,1-2,480,L01,1-2,1,480
202512310611,2025-12-31,06,11,1-3,270,L01,1-2,0,0
202512310701,2025-12-31,07,1,1-3,3390,L01,1-2,0,0
202512310712,2025-12-31,07,12,3-2,10800,L01,1-2,0,0
202512310803,2025-12-31,08,3,4-3,1700,L01,1-2,0,0
202512310901,2025-12-31,09,1,1-4,330,L01,1-2,0,0
202512310906,2025-12-31,09,6,3-4,3270,L01,1-2,0,0
202512310908,2025-12-31,09,8,1-2,1990,L01,1-2,1,1990
202512310909,2025-12-31,09,9,3-1,5490,L01,1-2,0,0
202512310911,2025-12-31,09,11,1-3,350,L01,1-2,0,0
202512311006,2025-12-31,10,6,1-2,530,L01,1-2,1,530
202512311011,2025-12-31,10,11,1-2,320,L01,1-2,1,320
202512311509,2025-12-31,15,9,1-4,2360,L01,1-2,0,0
202512311605,2025-12-31,16,5,1-5,890,L01,1-2,0,0
202512311607,2025-12-31,16,7,1-2,1290,L01,1-2,1,1290
202512311609,2025-12-31,16,9,2-4,2050,L01,1-2,0,0
202512311702,2025-12-31,17,2,2-1,790,L01,1-2,0,0
202512311706,2025-12-31,17,6,1-3,560,L01,1-2,0,0
202512311710,2025-12-31,17,10,1-5,1190,L01,1-2,0,0
202512311712,2025-12-31,17,12,1-6,1500,L01,1-2,0,0
202512311907,2025-12-31,19,7,1-2,260,L01,1-2,1,260
202512311908,2025-12-31,19,8,1-2,170,L01,1-2,1,170
202512311911,2025-12-31,19,11,1-3,400,L01,1-2,0,0
202512312102,2025-12-31,21,2,1-4,350,L01,1-2,0,0
202512312309,2025-12-31,23,9,1-3,420,L01,1-2,0,0
202512312412,2025-12-31,24,12,1-5,1050,L01,1-2,0,0
202601010601,2026-01-01,06,1,1-3,190,L01,1-2,0,0
202601010603,2026-01-01,06,3,1-3,430,L01,1-2,0,0
202601010606,2026-01-01,06,6,1-6,1840,L01,1-2,0,0
202601010610,2026-01-01,06,10,1-2,760,L01,1-2,1,760
202601010706,2026-01-01,07,6,1-5,540,L01,1-2,0,0
202601010712,2026-01-01,07,12,1-3,250,L01,1-2,0,0
202601010811,2026-01-01,08,11,1-4,820,L01,1-2,0,0
202601010908,2026-01-01,09,8,4-1,13090,L01,1-2,0,0
202601011004,2026-01-01,10,4,1-3,260,L01,1-2,0,0
202601011006,2026-01-01,10,6,3-6,1080,L01,1-2,0,0
202601011007,2026-01-01,10,7,1-5,1370,L01,1-2,0,0
202601011411,2026-01-01,14,11,1-4,510,L01,1-2,0,0
202601011501,2026-01-01,15,1,1-3,220,L01,1-2,0,0
202601011610,2026-01-01,16,10,1-4,600,L01,1-2,0,0
202601011703,2026-01-01,17,3,1-4,250,L01,1-2,0,0
202601011711,2026-01-01,17,11,1-3,240,L01,1-2,0,0
202601011712,2026-01-01,17,12,1-4,1950,L01,1-2,0,0
202601011901,2026-01-01,19,1,1-4,780,L01,1-2,0,0
202601011904,2026-01-01,19,4,5-2,3330,L01,1-2,0,0
202601011911,2026-01-01,19,11,1-2,210,L01,1-2,1,210
202601011912,2026-01-01,19,12,1-6,2000,L01,1-2,0,0
202601012006,2026-01-01,20,6,1-3,660,L01,1-2,0,0
202601012008,2026-01-01,20,8,1-2,200,L01,1-2,1,200
202601012012,2026-01-01,20,12,1-4,360,L01,1-2,0,0
202601012112,2026-01-01,21,12,1-2,290,L01,1-2,1,290
202601012309,2026-01-01,23,9,1-2,710,L01,1-2,1,710
202601020110,2026-01-02,01,10,1-3,1330,L01,1-2,0,0
202601020306,2026-01-02,03,6,2-1,740,L01,1-2,0,0
202601020601,2026-01-02,06,1,1-3,300,L01,1-2,0,0
202601020608,2026-01-02,06,8,1-2,380,L01,1-2,1,380
202601020612,2026-01-02,06,12,1-3,580,L01,1-2,0,0
202601020709,2026-01-02,07,9,1-4,290,L01,1-2,0,0
202601020710,2026-01-02,07,10,3-4,8050,L01,1-2,0,0
202601020711,2026-01-02,07,11,1-2,220,L01,1-2,1,220
202601020812,2026-01-02,08,12,1-2,260,L01,1-2,1,260
202601020902,2026-01-02,09,2,1-2,600,L01,1-2,1,600
202601020908,2026-01-02,09,8,1-2,490,L01,1-2,1,490
202601020911,2026-01-02,09,11,1-3,340,L01,1-2,0,0
202601021008,2026-01-02,10,8,1-4,650,L01,1-2,0,0
202601021010,2026-01-02,10,10,5-1,2360,L01,1-2,0,0
202601021204,2026-01-02,12,4,3-1,550,L01,1-2,0,0
202601021401,2026-01-02,14,1,1-2,440,L01,1-2,1,440
202601021407,2026-01-02,14,7,4-1,470,L01,1-2,0,0
202601021705,2026-01-02,17,5,4-2,2030,L01,1-2,0,0
202601021707,2026-01-02,17,7,2-3,410,L01,1-2,0,0
202601021801,2026-01-02,18,1,1-4,510,L01,1-2,0,0
202601021803,2026-01-02,18,3,1-3,790,L01,1-2,0,0
202601021807,2026-01-02,18,7,3-4,5460,L01,1-2,0,0
202601021905,2026-01-02,19,5,3-2,9620,L01,1-2,0,0
202601021908,2026-01-02,19,8,1-3,380,L01,1-2,0,0
202601022004,2026-01-02,20,4,1-4,780,L01,1-2,0,0
202601022005,2026-01-02,20,5,1-4,350,L01,1-2,0,0
202601022006,2026-01-02,20,6,1-2,980,L01,1-2,1,980
202601022009,2026-01-02,20,9,1-2,310,L01,1-2,1,310
202601022112,2026-01-02,21,12,1-2,230,L01,1-2,1,230
202601030302,2026-01-03,03,2,1-2,860,L01,1-2,1,860
202601030303,2026-01-03,03,3,1-5,4960,L01,1-2,0,0
202601030305,2026-01-03,03,5,1-4,3380,L01,1-2,0,0
202601030311,2026-01-03,03,11,1-6,1600,L01,1-2,0,0
202601030505,2026-01-03,05,5,2-3,720,L01,1-2,0,0
202601030510,2026-01-03,05,10,1-4,890,L01,1-2,0,0
202601030607,2026-01-03,06,7,1-4,1090,L01,1-2,0,0
202601030702,2026-01-03,07,2,1-3,510,L01,1-2,0,0
202601030706,2026-01-03,07,6,1-3,170,L01,1-2,0,0
202601030708,2026-01-03,07,8,1-4,240,L01,1-2,0,0
202601030805,2026-01-03,08,5,1-4,1430,L01,1-2,0,0
202601030807,2026-01-03,08,7,6-1,1000,L01,1-2,0,0
202601030812,2026-01-03,08,12,1-2,200,L01,1-2,1,200
202601030901,2026-01-03,09,1,1-2,250,L01,1-2,1,250
202601030905,2026-01-03,09,5,1-2,230,L01,1-2,1,230
202601030907,2026-01-03,09,7,5-1,1380,L01,1-2,0,0
202601030908,2026-01-03,09,8,1-4,210,L01,1-2,0,0
202601030910,2026-01-03,09,10,1-2,380,L01,1-2,1,380
202601031012,2026-01-03,10,12,1-3,380,L01,1-2,0,0
202601031101,2026-01-03,11,1,1-2,380,L01,1-2,1,380
202601031109,2026-01-03,11,9,1-6,690,L01,1-2,0,0
202601031111,2026-01-03,11,11,3-1,4740,L01,1-2,0,0
202601031208,2026-01-03,12,8,1-4,280,L01,1-2,0,0
202601031210,2026-01-03,12,10,1-2,370,L01,1-2,1,370
202601031212,2026-01-03,12,12,1-2,340,L01,1-2,1,340
202601031507,2026-01-03,15,7,1-2,350,L01,1-2,1,350
202601031708,2026-01-03,17,8,6-2,13740,L01,1-2,0,0
202601031711,2026-01-03,17,11,1-5,1700,L01,1-2,0,0
202601031801,2026-01-03,18,1,1-5,500,L01,1-2,0,0
202601031802,2026-01-03,18,2,1-5,530,L01,1-2,0,0
202601031803,2026-01-03,18,3,2-1,1680,L01,1-2,0,0
202601032005,2026-01-03,20,5,1-2,190,L01,1-2,1,190
202601032212,2026-01-03,22,12,2-3,2480,L01,1-2,0,0
202601040111,2026-01-04,01,11,1-2,370,L01,1-2,1,370
202601040112,2026-01-04,01,12,1-2,270,L01,1-2,1,270
202601040209,2026-01-04,02,9,1-4,350,L01,1-2,0,0
202601040306,2026-01-04,03,6,2-1,620,L01,1-2,0,0
202601040902,2026-01-04,09,2,1-2,630,L01,1-2,1,630
202601040904,2026-01-04,09,4,1-3,1350,L01,1-2,0,0
202601040907,2026-01-04,09,7,1-6,1470,L01,1-2,0,0
202601040909,2026-01-04,09,9,1-2,270,L01,1-2,1,270
202601041006,2026-01-04,10,6,6-3,3980,L01,1-2,0,0
202601041009,2026-01-04,10,9,4-1,840,L01,1-2,0,0
202601041010,2026-01-04,10,10,1-2,270,L01,1-2,1,270
202601041011,2026-01-04,10,11,1-2,370,L01,1-2,1,370
202601041101,2026-01-04,11,1,1-3,200,L01,1-2,0,0
202601041105,2026-01-04,11,5,1-5,1610,L01,1-2,0,0
202601041112,2026-01-04,11,12,1-3,260,L01,1-2,0,0
202601041201,2026-01-04,12,1,1-3,1470,L01,1-2,0,0
202601041205,2026-01-04,12,5,1-5,630,L01,1-2,0,0
202601041209,2026-01-04,12,9,1-3,470,L01,1-2,0,0
202601041210,2026-01-04,12,10,1-5,1060,L01,1-2,0,0
202601041302,2026-01-04,13,2,2-5,620,L01,1-2,0,0
202601041308,2026-01-04,13,8,1-2,530,L01,1-2,1,530
202601041401,2026-01-04,14,1,1-3,270,L01,1-2,0,0
202601041403,2026-01-04,14,3,1-4,400,L01,1-2,0,0
202601041406,2026-01-04,14,6,2-1,780,L01,1-2,0,0
202601041501,2026-01-04,15,1,1-3,1800,L01,1-2,0,0
202601041508,2026-01-04,15,8,1-4,430,L01,1-2,0,0
202601041711,2026-01-04,17,11,1-2,210,L01,1-2,1,210
202601041911,2026-01-04,19,11,1-4,720,L01,1-2,0,0
202601042006,2026-01-04,20,6,6-1,15590,L01,1-2,0,0
202601042206,2026-01-04,22,6,1-6,980,L01,1-2,0,0
202601050104,2026-01-05,01,4,2-3,190,L01,1-2,0,0
202601050110,2026-01-05,01,10,4-1,3790,L01,1-2,0,0
202601050112,2026-01-05,01,12,1-2,240,L01,1-2,1,240
202601050203,2026-01-05,02,3,2-5,940,L01,1-2,0,0
202601050210,2026-01-05,02,10,1-5,420,L01,1-2,0,0
202601050211,2026-01-05,02,11,1-2,210,L01,1-2,1,210
202601050303,2026-01-05,03,3,4-3,930,L01,1-2,0,0
202601050311,2026-01-05,03,11,1-4,600,L01,1-2,0,0
202601050501,2026-01-05,05,1,3-1,7330,L01,1-2,0,0
202601050511,2026-01-05,05,11,2-6,3620,L01,1-2,0,0
202601051102,2026-01-05,11,2,5-4,740,L01,1-2,0,0
202601051110,2026-01-05,11,10,2-1,1260,L01,1-2,0,0
202601051203,2026-01-05,12,3,1-4,360,L01,1-2,0,0
202601051307,2026-01-05,13,7,1-5,980,L01,1-2,0,0
202601051401,2026-01-05,14,1,1-2,370,L01,1-2,1,370
202601051404,2026-01-05,14,4,1-6,480,L01,1-2,0,0
202601051407,2026-01-05,14,7,1-3,2180,L01,1-2,0,0
202601051409,2026-01-05,14,9,1-4,490,L01,1-2,0,0
202601051411,2026-01-05,14,11,1-4,360,L01,1-2,0,0
202601051412,2026-01-05,14,12,1-2,290,L01,1-2,1,290
202601051502,2026-01-05,15,2,2-1,1060,L01,1-2,0,0
202601051506,2026-01-05,15,6,1-6,1740,L01,1-2,0,0
202601051510,2026-01-05,15,10,1-3,490,L01,1-2,0,0
202601051908,2026-01-05,19,8,1-2,140,L01,1-2,1,140
202601052001,2026-01-05,20,1,1-6,4930,L01,1-2,0,0
202601052005,2026-01-05,20,5,1-2,260,L01,1-2,1,260
202601052006,2026-01-05,20,6,1-2,490,L01,1-2,1,490
202601052009,2026-01-05,20,9,1-3,350,L01,1-2,0,0
202601052206,2026-01-05,22,6,5-1,1240,L01,1-2,0,0
202601052304,2026-01-05,23,4,1-2,1560,L01,1-2,1,1560
202601052305,2026-01-05,23,5,1-2,600,L01,1-2,1,600
202601052311,2026-01-05,23,11,1-3,350,L01,1-2,0,0
202601052403,2026-01-05,24,3,3-1,3560,L01,1-2,0,0
202601052405,2026-01-05,24,5,1-2,600,L01,1-2,1,600
202601060105,2026-01-06,01,5,6-4,1710,L01,1-2,0,0
202601060210,2026-01-06,02,10,1-5,690,L01,1-2,0,0
202601060302,2026-01-06,03,2,2-3,2040,L01,1-2,0,0
202601060304,2026-01-06,03,4,4-2,1160,L01,1-2,0,0
202601060405,2026-01-06,04,5,1-3,250,L01,1-2,0,0
202601060409,2026-01-06,04,9,1-3,850,L01,1-2,0,0
202601061108,2026-01-06,11,8,1-2,650,L01,1-2,1,650
202601061109,2026-01-06,11,9,1-2,360,L01,1-2,1,360
202601061206,2026-01-06,12,6,1-6,830,L01,1-2,0,0
202601061210,2026-01-06,12,10,1-2,240,L01,1-2,1,240
202601061312,2026-01-06,13,12,5-1,2720,L01,1-2,0,0
202601061403,2026-01-06,14,3,1-2,250,L01,1-2,1,250
202601061601,2026-01-06,16,1,2-1,1260,L01,1-2,0,0
202601061611,2026-01-06,16,11,1-4,520,L01,1-2,0,0
202601061802,2026-01-06,18,2,1-4,470,L01,1-2,0,0
202601061806,2026-01-06,18,6,1-3,300,L01,1-2,0,0
202601061808,2026-01-06,18,8,1-2,720,L01,1-2,1,720
202601061901,2026-01-06,19,1,1-2,320,L01,1-2,1,320
202601061909,2026-01-06,19,9,1-2,430,L01,1-2,1,430
202601062001,2026-01-06,20,1,3-1,1320,L01,1-2,0,0
202601062004,2026-01-06,20,4,1-4,810,L01,1-2,0,0
202601062011,2026-01-06,20,11,1-2,870,L01,1-2,1,870
202601062201,2026-01-06,22,1,1-2,300,L01,1-2,1,300
202601062208,2026-01-06,22,8,2-1,380,L01,1-2,0,0
202601062209,2026-01-06,22,9,1-2,340,L01,1-2,1,340
202601062210,2026-01-06,22,10,2-3,910,L01,1-2,0,0
202601062302,2026-01-06,23,2,1-2,230,L01,1-2,1,230
202601062306,2026-01-06,23,6,1-3,750,L01,1-2,0,0
202601062309,2026-01-06,23,9,1-3,350,L01,1-2,0,0
202601062310,2026-01-06,23,10,2-1,930,L01,1-2,0,0
202601062403,2026-01-06,24,3,2-1,460,L01,1-2,0,0
202601062412,2026-01-06,24,12,1-3,310,L01,1-2,0,0
202601070206,2026-01-07,02,6,1-3,240,L01,1-2,0,0
202601070307,2026-01-07,03,7,1-3,1540,L01,1-2,0,0
202601070308,2026-01-07,03,8,1-3,750,L01,1-2,0,0
202601070401,2026-01-07,04,1,3-1,840,L01,1-2,0,0
202601070405,2026-01-07,04,5,1-6,2340,L01,1-2,0,0
202601070411,2026-01-07,04,11,5-2,770,L01,1-2,0,0
202601070511,2026-01-07,05,11,1-5,700,L01,1-2,0,0
202601070702,2026-01-07,07,2,2-1,340,L01,1-2,0,0
202601070703,2026-01-07,07,3,1-2,230,L01,1-2,1,230
202601070706,2026-01-07,07,6,6-1,990,L01,1-2,0,0
202601070712,2026-01-07,07,12,1-5,1270,L01,1-2,0,0
202601071002,2026-01-07,10,2,2-1,620,L01,1-2,0,0
202601071103,2026-01-07,11,3,1-2,430,L01,1-2,1,430
202601071205,2026-01-07,12,5,1-2,290,L01,1-2,1,290
202601071309,2026-01-07,13,9,1-5,410,L01,1-2,0,0
202601071603,2026-01-07,16,3,1-3,600,L01,1-2,0,0
202601071606,2026-01-07,16,6,1-3,340,L01,1-2,0,0
202601071609,2026-01-07,16,9,5-3,3600,L01,1-2,0,0
202601071806,2026-01-07,18,6,1-2,670,L01,1-2,1,670
202601071904,2026-01-07,19,4,1-4,1250,L01,1-2,0,0
202601071912,2026-01-07,19,12,1-3,270,L01,1-2,0,0
202601072201,2026-01-07,22,1,1-3,460,L01,1-2,0,0
202601072212,2026-01-07,22,12,1-3,190,L01,1-2,0,0
202601072304,2026-01-07,23,4,1-4,430,L01,1-2,0,0
202601072308,2026-01-07,23,8,2-3,430,L01,1-2,0,0
202601080203,2026-01-08,02,3,1-3,460,L01,1-2,0,0
202601080606,2026-01-08,06,6,2-1,350,L01,1-2,0,0
202601080611,2026-01-08,06,11,1-6,630,L01,1-2,0,0
202601080705,2026-01-08,07,5,1-6,570,L01,1-2,0,0
202601080708,2026-01-08,07,8,1-2,820,L01,1-2,1,820
202601080711,2026-01-08,07,11,3-1,600,L01,1-2,0,0
202601081002,2026-01-08,10,2,1-2,240,L01,1-2,1,240
202601081003,2026-01-08,10,3,1-2,940,L01,1-2,1,940
202601081004,2026-01-08,10,4,1-5,500,L01,1-2,0,0
202601081101,2026-01-08,11,1,1-2,320,L01,1-2,1,320
202601081108,2026-01-08,11,8,1-6,1350,L01,1-2,0,0
202601081308,2026-01-08,13,8,2-1,1250,L01,1-2,0,0
202601081504,2026-01-08,15,4,5-1,1030,L01,1-2,0,0
202601081508,2026-01-08,15,8,1-2,200,L01,1-2,1,200
202601081602,2026-01-08,16,2,1-2,210,L01,1-2,1,210
202601081607,2026-01-08,16,7,1-6,2740,L01,1-2,0,0
202601081612,2026-01-08,16,12,4-1,1380,L01,1-2,0,0
202601082208,2026-01-08,22,8,1-3,800,L01,1-2,0,0
202601082306,2026-01-08,23,6,1-3,340,L01,1-2,0,0
202601082311,2026-01-08,23,11,2-1,430,L01,1-2,0,0
202601082406,2026-01-08,24,6,1-2,290,L01,1-2,1,290
202601082407,2026-01-08,24,7,1-2,330,L01,1-2,1,330
202601082412,2026-01-08,24,12,1-3,290,L01,1-2,0,0
202601090601,2026-01-09,06,1,1-2,290,L01,1-2,1,290
202601090604,2026-01-09,06,4,1-2,500,L01,1-2,1,500
202601090612,2026-01-09,06,12,1-3,150,L01,1-2,0,0
202601090901,2026-01-09,09,1,1-3,630,L01,1-2,0,0
202601090910,2026-01-09,09,10,1-2,180,L01,1-2,1,180
202601091009,2026-01-09,10,9,1-2,420,L01,1-2,1,420
202601091302,2026-01-09,13,2,1-3,260,L01,1-2,0,0
202601091307,2026-01-09,13,7,1-2,270,L01,1-2,1,270
202601091501,2026-01-09,15,1,1-2,300,L01,1-2,1,300
202601091512,2026-01-09,15,12,1-2,290,L01,1-2,1,290
202601091612,2026-01-09,16,12,1-3,200,L01,1-2,0,0
202601091704,2026-01-09,17,4,1-2,610,L01,1-2,1,610
202601091902,2026-01-09,19,2,1-3,440,L01,1-2,0,0
202601091909,2026-01-09,19,9,1-2,300,L01,1-2,1,300
202601092006,2026-01-09,20,6,3-1,260,L01,1-2,0,0
202601092303,2026-01-09,23,3,1-3,200,L01,1-2,0,0
202601092308,2026-01-09,23,8,1-4,500,L01,1-2,0,0
202601100603,2026-01-10,06,3,1-4,420,L01,1-2,0,0
202601100606,2026-01-10,06,6,3-2,630,L01,1-2,0,0
202601100709,2026-01-10,07,9,1-2,240,L01,1-2,1,240
202601100710,2026-01-10,07,10,1-2,170,L01,1-2,1,170
202601100911,2026-01-10,09,11,4-3,1500,L01,1-2,0,0
202601101001,2026-01-10,10,1,1-2,230,L01,1-2,1,230
202601101002,2026-01-10,10,2,1-2,160,L01,1-2,1,160
202601101502,2026-01-10,15,2,5-1,10570,L01,1-2,0,0
202601101512,2026-01-10,15,12,1-2,250,L01,1-2,1,250
202601101805,2026-01-10,18,5,1-6,1460,L01,1-2,0,0
202512110502,2025-12-11,05,2,1-3,330,L02,1-3,1,330
202512110511,2025-12-11,05,11,1-2,190,L02,1-3,0,0
202512110512,2025-12-11,05,12,1-2,300,L02,1-3,0,0
202512111503,2025-12-11,15,3,1-3,490,L02,1-3,1,490
202512111505,2025-12-11,15,5,1-2,320,L02,1-3,0,0
202512111702,2025-12-11,17,2,1-3,260,L02,1-3,1,260
202512111708,2025-12-11,17,8,2-5,4730,L02,1-3,0,0
202512111711,2025-12-11,17,11,2-1,640,L02,1-3,0,0
202512111902,2025-12-11,19,2,1-3,280,L02,1-3,1,280
202512111904,2025-12-11,19,4,3-1,660,L02,1-3,0,0
202512111905,2025-12-11,19,5,1-2,280,L02,1-3,0,0
202512120602,2025-12-12,06,2,1-2,230,L02,1-3,0,0
202512120712,2025-12-12,07,12,1-3,340,L02,1-3,1,340
202512121008,2025-12-12,10,8,1-2,750,L02,1-3,0,0
202512121012,2025-12-12,10,12,1-4,450,L02,1-3,0,0
202512121711,2025-12-12,17,11,1-6,1890,L02,1-3,0,0
202512130106,2025-12-13,01,6,1-4,480,L02,1-3,0,0
202512130205,2025-12-13,02,5,1-2,580,L02,1-3,0,0
202512130309,2025-12-13,03,9,2-1,1150,L02,1-3,0,0
202512130505,2025-12-13,05,5,1-6,560,L02,1-3,0,0
202512130606,2025-12-13,06,6,1-3,450,L02,1-3,1,450
202512130706,2025-12-13,07,6,1-6,490,L02,1-3,0,0
202512131002,2025-12-13,10,2,2-1,610,L02,1-3,0,0
202512131507,2025-12-13,15,7,1-4,230,L02,1-3,0,0
202512131707,2025-12-13,17,7,1-2,300,L02,1-3,0,0
202512131808,2025-12-13,18,8,1-3,610,L02,1-3,1,610
202512132412,2025-12-13,24,12,1-2,300,L02,1-3,0,0
202512140605,2025-12-14,06,5,1-3,450,L02,1-3,1,450
202512140609,2025-12-14,06,9,1-2,260,L02,1-3,0,0
202512140612,2025-12-14,06,12,2-1,1020,L02,1-3,0,0
202512140702,2025-12-14,07,2,2-1,410,L02,1-3,0,0
202512140704,2025-12-14,07,4,1-5,290,L02,1-3,0,0
202512140706,2025-12-14,07,6,1-2,460,L02,1-3,0,0
202512140806,2025-12-14,08,6,1-4,2540,L02,1-3,0,0
202512140810,2025-12-14,08,10,3-1,6800,L02,1-3,0,0
202512141001,2025-12-14,10,1,1-2,290,L02,1-3,0,0
202512141006,2025-12-14,10,6,1-3,900,L02,1-3,1,900
202512141008,2025-12-14,10,8,5-2,4290,L02,1-3,0,0
202512141112,2025-12-14,11,12,1-3,420,L02,1-3,1,420
202512141711,2025-12-14,17,11,1-2,280,L02,1-3,0,0
202512150204,2025-12-15,02,4,3-2,720,L02,1-3,0,0
202512150602,2025-12-15,06,2,1-3,1970,L02,1-3,1,1970
202512150707,2025-12-15,07,7,1-3,190,L02,1-3,1,190
202512150712,2025-12-15,07,12,1-2,380,L02,1-3,0,0
202512150807,2025-12-15,08,7,1-2,320,L02,1-3,0,0
202512150902,2025-12-15,09,2,4-2,4040,L02,1-3,0,0
202512150911,2025-12-15,09,11,1-2,180,L02,1-3,0,0
202512150912,2025-12-15,09,12,1-3,310,L02,1-3,1,310
202512151003,2025-12-15,10,3,1-3,190,L02,1-3,1,190
202512151006,2025-12-15,10,6,2-1,720,L02,1-3,0,0
202512151703,2025-12-15,17,3,1-2,250,L02,1-3,0,0
202512151705,2025-12-15,17,5,1-2,230,L02,1-3,0,0
202512151711,2025-12-15,17,11,2-3,3870,L02,1-3,0,0
202512152402,2025-12-15,24,2,2-1,650,L02,1-3,0,0
202512160202,2025-12-16,02,2,3-1,1650,L02,1-3,0,0
202512161107,2025-12-16,11,7,2-1,870,L02,1-3,0,0
202512162202,2025-12-16,22,2,1-6,440,L02,1-3,0,0
202512162207,2025-12-16,22,7,1-3,1010,L02,1-3,1,1010
202512162210,2025-12-16,22,10,1-4,880,L02,1-3,0,0
202512162301,2025-12-16,23,1,1-2,230,L02,1-3,0,0
202512162401,2025-12-16,24,1,1-4,490,L02,1-3,0,0
202512162404,2025-12-16,24,4,1-5,1500,L02,1-3,0,0
202512162409,2025-12-16,24,9,1-3,1330,L02,1-3,1,1330
202512162411,2025-12-16,24,11,1-2,250,L02,1-3,0,0
202512170109,2025-12-17,01,9,1-5,400,L02,1-3,0,0
202512170504,2025-12-17,05,4,2-1,650,L02,1-3,0,0
202512170810,2025-12-17,08,10,1-2,280,L02,1-3,0,0
202512170906,2025-12-17,09,6,3-1,850,L02,1-3,0,0
202512171008,2025-12-17,10,8,1-2,230,L02,1-3,0,0
202512171009,2025-12-17,10,9,1-3,470,L02,1-3,1,470
202512171010,2025-12-17,10,10,2-3,7320,L02,1-3,0,0
202512171109,2025-12-17,11,9,2-5,2490,L02,1-3,0,0
202512171111,2025-12-17,11,11,1-3,460,L02,1-3,1,460
202512171811,2025-12-17,18,11,1-4,430,L02,1-3,0,0
202512172204,2025-12-17,22,4,2-1,670,L02,1-3,0,0
202512172211,2025-12-17,22,11,1-4,1000,L02,1-3,0,0
202512172406,2025-12-17,24,6,1-3,410,L02,1-3,1,410
202512172407,2025-12-17,24,7,1-5,2380,L02,1-3,0,0
202512172409,2025-12-17,24,9,1-3,360,L02,1-3,1,360
202512172411,2025-12-17,24,11,1-3,580,L02,1-3,1,580
202512180310,2025-12-18,03,10,1-2,220,L02,1-3,0,0
202512180504,2025-12-18,05,4,2-1,5340,L02,1-3,0,0
202512180805,2025-12-18,08,5,1-2,420,L02,1-3,0,0
202512180810,2025-12-18,08,10,2-1,1210,L02,1-3,0,0
202512180912,2025-12-18,09,12,1-2,390,L02,1-3,0,0
202512181101,2025-12-18,11,1,2-3,5230,L02,1-3,0,0
202512181112,2025-12-18,11,12,4-1,1700,L02,1-3,0,0
202512181204,2025-12-18,12,4,1-3,580,L02,1-3,1,580
202512181809,2025-12-18,18,9,1-5,410,L02,1-3,0,0
202512182105,2025-12-18,21,5,1-2,370,L02,1-3,0,0
202512182401,2025-12-18,24,1,1-4,510,L02,1-3,0,0
202512182410,2025-12-18,24,10,1-6,1490,L02,1-3,0,0
202512190302,2025-12-19,03,2,1-3,1920,L02,1-3,1,1920
202512190305,2025-12-19,03,5,2-1,1100,L02,1-3,0,0
202512190507,2025-12-19,05,7,1-4,280,L02,1-3,0,0
202512190610,2025-12-19,06,10,1-6,3530,L02,1-3,0,0
202512190611,2025-12-19,06,11,1-3,270,L02,1-3,1,270
202512191112,2025-12-19,11,12,1-4,490,L02,1-3,0,0
202512191405,2025-12-19,14,5,4-1,1570,L02,1-3,0,0
202512191611,2025-12-19,16,11,2-1,1560,L02,1-3,0,0
202512191904,2025-12-19,19,4,1-3,480,L02,1-3,1,480
202512191905,2025-12-19,19,5,1-2,280,L02,1-3,0,0
202512191909,2025-12-19,19,9,1-3,310,L02,1-3,1,310
202512192112,2025-12-19,21,12,1-3,300,L02,1-3,1,300
202512192204,2025-12-19,22,4,5-6,1340,L02,1-3,0,0
202512192210,2025-12-19,22,10,1-2,200,L02,1-3,0,0
202512192212,2025-12-19,22,12,1-4,670,L02,1-3,0,0
202512192405,2025-12-19,24,5,1-3,1990,L02,1-3,1,1990
202512200302,2025-12-20,03,2,1-6,2170,L02,1-3,0,0
202512200510,2025-12-20,05,10,1-3,400,L02,1-3,1,400
202512200612,2025-12-20,06,12,1-5,490,L02,1-3,0,0
202512201601,2025-12-20,16,1,1-2,530,L02,1-3,0,0
202512201612,2025-12-20,16,12,1-2,230,L02,1-3,0,0
202512201701,2025-12-20,17,1,4-2,4400,L02,1-3,0,0
202512201708,2025-12-20,17,8,1-4,330,L02,1-3,0,0
202512201910,2025-12-20,19,10,1-3,340,L02,1-3,1,340
202512201911,2025-12-20,19,11,1-3,450,L02,1-3,1,450
202512202003,2025-12-20,20,3,1-2,540,L02,1-3,0,0
202512202206,2025-12-20,22,6,1-5,1090,L02,1-3,0,0
202512202302,2025-12-20,23,2,1-2,220,L02,1-3,0,0
202512210201,2025-12-21,02,1,1-2,650,L02,1-3,0,0
202512210308,2025-12-21,03,8,1-2,340,L02,1-3,0,0
202512210508,2025-12-21,05,8,1-6,1720,L02,1-3,0,0
202512210602,2025-12-21,06,2,2-5,1110,L02,1-3,0,0
202512210603,2025-12-21,06,3,1-2,1400,L02,1-3,0,0
202512210604,2025-12-21,06,4,1-2,1120,L02,1-3,0,0
202512210607,2025-12-21,06,7,4-6,1120,L02,1-3,0,0
202512210805,2025-12-21,08,5,5-2,3460,L02,1-3,0,0
202512210811,2025-12-21,08,11,1-5,330,L02,1-3,0,0
202512211212,2025-12-21,12,12,1-2,300,L02,1-3,0,0
202512211704,2025-12-21,17,4,3-1,1760,L02,1-3,0,0
202512211905,2025-12-21,19,5,1-3,330,L02,1-3,1,330
202512211910,2025-12-21,19,10,1-4,400,L02,1-3,0,0
202512212004,2025-12-21,20,4,1-3,1160,L02,1-3,1,1160
202512212112,2025-12-21,21,12,1-4,540,L02,1-3,0,0
202512212304,2025-12-21,23,4,1-3,500,L02,1-3,1,500
202512212312,2025-12-21,23,12,5-1,4760,L02,1-3,0,0
202512220208,2025-12-22,02,8,2-1,2040,L02,1-3,0,0
202512220210,2025-12-22,02,10,1-2,300,L02,1-3,0,0
202512220604,2025-12-22,06,4,2-6,12640,L02,1-3,0,0
202512220703,2025-12-22,07,3,1-3,320,L02,1-3,1,320
202512220801,2025-12-22,08,1,2-5,21300,L02,1-3,0,0
202512220908,2025-12-22,09,8,6-1,2750,L02,1-3,0,0
202512221401,2025-12-22,14,1,1-2,270,L02,1-3,0,0
202512221402,2025-12-22,14,2,4-3,4250,L02,1-3,0,0
202512221407,2025-12-22,14,7,1-3,650,L02,1-3,1,650
202512221411,2025-12-22,14,11,1-4,340,L02,1-3,0,0
202512221502,2025-12-22,15,2,4-1,2380,L02,1-3,0,0
202512221509,2025-12-22,15,9,1-3,860,L02,1-3,1,860
202512221605,2025-12-22,16,5,4-6,6130,L02,1-3,0,0
202512221612,2025-12-22,16,12,2-1,1050,L02,1-3,0,0
202512221710,2025-12-22,17,10,1-3,530,L02,1-3,1,530
202512221711,2025-12-22,17,11,3-1,820,L02,1-3,0,0
202512221712,2025-12-22,17,12,3-5,10660,L02,1-3,0,0
202512222011,2025-12-22,20,11,1-4,410,L02,1-3,0,0
202512222104,2025-12-22,21,4,1-5,1620,L02,1-3,0,0
202512222301,2025-12-22,23,1,1-3,360,L02,1-3,1,360
202512230203,2025-12-23,02,3,1-3,610,L02,1-3,1,610
202512230206,2025-12-23,02,6,1-3,450,L02,1-3,1,450
202512230208,2025-12-23,02,8,1-5,390,L02,1-3,0,0
202512230209,2025-12-23,02,9,2-1,1630,L02,1-3,0,0
202512230212,2025-12-23,02,12,3-2,5440,L02,1-3,0,0
202512230612,2025-12-23,06,12,1-2,250,L02,1-3,0,0
202512230703,2025-12-23,07,3,1-3,480,L02,1-3,1,480
202512230801,2025-12-23,08,1,2-3,10050,L02,1-3,0,0
202512230901,2025-12-23,09,1,1-2,200,L02,1-3,0,0
202512230906,2025-12-23,09,6,2-4,440,L02,1-3,0,0
202512231403,2025-12-23,14,3,1-2,650,L02,1-3,0,0
202512231501,2025-12-23,15,1,1-6,3100,L02,1-3,0,0
202512231504,2025-12-23,15,4,2-6,1360,L02,1-3,0,0
202512231511,2025-12-23,15,11,1-3,230,L02,1-3,1,230
202512231704,2025-12-23,17,4,1-2,670,L02,1-3,0,0
202512231708,2025-12-23,17,8,3-1,1510,L02,1-3,0,0
202512232012,2025-12-23,20,12,1-2,250,L02,1-3,0,0
202512232105,2025-12-23,21,5,1-4,370,L02,1-3,0,0
202512232301,2025-12-23,23,1,1-4,1460,L02,1-3,0,0
202512240210,2025-12-24,02,10,1-2,460,L02,1-3,0,0
202512240212,2025-12-24,02,12,1-6,2560,L02,1-3,0,0
202512240601,2025-12-24,06,1,3-4,2000,L02,1-3,0,0
202512240612,2025-12-24,06,12,1-4,470,L02,1-3,0,0
202512240710,2025-12-24,07,10,1-3,610,L02,1-3,1,610
202512240911,2025-12-24,09,11,1-6,1220,L02,1-3,0,0
202512241006,2025-12-24,10,6,2-1,2540,L02,1-3,0,0
202512241112,2025-12-24,11,12,1-2,360,L02,1-3,0,0
202512241310,2025-12-24,13,10,1-2,290,L02,1-3,0,0
202512241402,2025-12-24,14,2,2-1,3110,L02,1-3,0,0
202512241510,2025-12-24,15,10,1-2,140,L02,1-3,0,0
202512241801,2025-12-24,18,1,1-4,270,L02,1-3,0,0
202512242001,2025-12-24,20,1,4-2,1030,L02,1-3,0,0
202512250705,2025-12-25,07,5,2-4,750,L02,1-3,0,0
202512250710,2025-12-25,07,10,1-5,360,L02,1-3,0,0
202512250803,2025-12-25,08,3,1-3,230,L02,1-3,1,230
202512250910,2025-12-25,09,10,1-5,460,L02,1-3,0,0
202512251006,2025-12-25,10,6,1-4,1040,L02,1-3,0,0
202512251203,2025-12-25,12,3,1-4,500,L02,1-3,0,0
202512251506,2025-12-25,15,6,1-3,220,L02,1-3,1,220
202512251602,2025-12-25,16,2,3-1,630,L02,1-3,0,0
202512251606,2025-12-25,16,6,1-3,240,L02,1-3,1,240
202512251611,2025-12-25,16,11,1-2,200,L02,1-3,0,0
202512251809,2025-12-25,18,9,1-2,220,L02,1-3,0,0
202512252007,2025-12-25,20,7,2-3,16310,L02,1-3,0,0
202512252210,2025-12-25,22,10,3-1,2250,L02,1-3,0,0
202512260408,2025-12-26,04,8,2-1,2380,L02,1-3,0,0
202512260706,2025-12-26,07,6,6-2,1160,L02,1-3,0,0
202512260711,2025-12-26,07,11,1-2,190,L02,1-3,0,0
202512261112,2025-12-26,11,12,4-1,2110,L02,1-3,0,0
202512261208,2025-12-26,12,8,4-1,500,L02,1-3,0,0
202512261304,2025-12-26,13,4,4-2,3070,L02,1-3,0,0
202512261307,2025-12-26,13,7,1-3,260,L02,1-3,1,260
202512261308,2025-12-26,13,8,1-6,490,L02,1-3,0,0
202512261508,2025-12-26,15,8,1-5,3190,L02,1-3,0,0
202512262209,2025-12-26,22,9,1-6,360,L02,1-3,0,0
202512270104,2025-12-27,01,4,3-6,4110,L02,1-3,0,0
202512270411,2025-12-27,04,11,5-6,4130,L02,1-3,0,0
202512270711,2025-12-27,07,11,1-5,740,L02,1-3,0,0
202512271008,2025-12-27,10,8,1-3,920,L02,1-3,1,920
202512271106,2025-12-27,11,6,1-3,860,L02,1-3,1,860
202512271107,2025-12-27,11,7,1-2,130,L02,1-3,0,0
202512271109,2025-12-27,11,9,1-3,730,L02,1-3,1,730
202512271112,2025-12-27,11,12,1-3,290,L02,1-3,1,290
202512271210,2025-12-27,12,10,1-6,520,L02,1-3,0,0
202512271802,2025-12-27,18,2,2-1,800,L02,1-3,0,0
202512271810,2025-12-27,18,10,1-2,810,L02,1-3,0,0
202512272201,2025-12-27,22,1,1-2,200,L02,1-3,0,0
202512272207,2025-12-27,22,7,1-2,760,L02,1-3,0,0
202512272408,2025-12-27,24,8,1-2,410,L02,1-3,0,0
202512272409,2025-12-27,24,9,3-1,7390,L02,1-3,0,0
202512280208,2025-12-28,02,8,2-5,590,L02,1-3,0,0
202512280405,2025-12-28,04,5,1-2,220,L02,1-3,0,0
202512280407,2025-12-28,04,7,2-4,1310,L02,1-3,0,0
202512280503,2025-12-28,05,3,1-5,650,L02,1-3,0,0
202512280505,2025-12-28,05,5,2-1,340,L02,1-3,0,0
202512280701,2025-12-28,07,1,2-1,540,L02,1-3,0,0
202512280706,2025-12-28,07,6,1-4,860,L02,1-3,0,0
202512281108,2025-12-28,11,8,1-6,2670,L02,1-3,0,0
202512281209,2025-12-28,12,9,1-3,1060,L02,1-3,1,1060
202512281607,2025-12-28,16,7,1-2,560,L02,1-3,0,0
202512281906,2025-12-28,19,6,2-1,320,L02,1-3,0,0
202512281908,2025-12-28,19,8,1-2,170,L02,1-3,0,0
202512282206,2025-12-28,22,6,5-1,1210,L02,1-3,0,0
202512282406,2025-12-28,24,6,1-2,290,L02,1-3,0,0
202512290205,2025-12-29,02,5,1-4,250,L02,1-3,0,0
202512290304,2025-12-29,03,4,6-1,1000,L02,1-3,0,0
202512290309,2025-12-29,03,9,1-3,260,L02,1-3,1,260
202512290312,2025-12-29,03,12,1-3,380,L02,1-3,1,380
202512290510,2025-12-29,05,10,1-5,550,L02,1-3,0,0
202512290606,2025-12-29,06,6,3-5,11650,L02,1-3,0,0
202512290607,2025-12-29,06,7,1-3,270,L02,1-3,1,270
202512290810,2025-12-29,08,10,1-4,340,L02,1-3,0,0
202512291105,2025-12-29,11,5,1-4,800,L02,1-3,0,0
202512291108,2025-12-29,11,8,1-3,350,L02,1-3,1,350
202512291112,2025-12-29,11,12,1-4,490,L02,1-3,0,0
202512291206,2025-12-29,12,6,1-2,240,L02,1-3,0,0
202512291212,2025-12-29,12,12,1-4,660,L02,1-3,0,0
202512291603,2025-12-29,16,3,3-2,2580,L02,1-3,0,0
202512291608,2025-12-29,16,8,1-2,280,L02,1-3,0,0
202512291905,2025-12-29,19,5,1-4,470,L02,1-3,0,0
202512292207,2025-12-29,22,7,1-2,240,L02,1-3,0,0
202512292209,2025-12-29,22,9,5-1,2450,L02,1-3,0,0
202512292301,2025-12-29,23,1,1-2,230,L02,1-3,0,0
202512292311,2025-12-29,23,11,1-3,1020,L02,1-3,1,1020
202512292402,2025-12-29,24,2,1-2,460,L02,1-3,0,0
202512292408,2025-12-29,24,8,1-3,540,L02,1-3,1,540
202512300206,2025-12-30,02,6,1-2,340,L02,1-3,0,0
202512300401,2025-12-30,04,1,1-3,510,L02,1-3,1,510
202512300402,2025-12-30,04,2,4-1,1020,L02,1-3,0,0
202512300411,2025-12-30,04,11,5-4,2570,L02,1-3,0,0
202512300504,2025-12-30,05,4,4-2,5330,L02,1-3,0,0
202512300601,2025-12-30,06,1,1-3,1020,L02,1-3,1,1020
202512300603,2025-12-30,06,3,6-1,3370,L02,1-3,0,0
202512300608,2025-12-30,06,8,3-5,2420,L02,1-3,0,0
202512300809,2025-12-30,08,9,1-3,900,L02,1-3,1,900
202512301002,2025-12-30,10,2,1-3,590,L02,1-3,1,590
202512301011,2025-12-30,10,11,3-4,6500,L02,1-3,0,0
202512301608,2025-12-30,16,8,2-4,820,L02,1-3,0,0
202512301609,2025-12-30,16,9,1-3,370,L02,1-3,1,370
202512301903,2025-12-30,19,3,5-4,1910,L02,1-3,0,0
202512302104,2025-12-30,21,4,1-4,270,L02,1-3,0,0
202512302112,2025-12-30,21,12,1-6,940,L02,1-3,0,0
202512302207,2025-12-30,22,7,3-4,4050,L02,1-3,0,0
202512302309,2025-12-30,23,9,2-1,1150,L02,1-3,0,0
202512302311,2025-12-30,23,11,1-2,140,L02,1-3,0,0
202512302312,2025-12-30,23,12,1-5,820,L02,1-3,0,0
202512302407,2025-12-30,24,7,1-2,490,L02,1-3,0,0
202512302408,2025-12-30,24,8,1-3,490,L02,1-3,1,490
202512310211,2025-12-31,02,11,1-3,290,L02,1-3,1,290
202512310410,2025-12-31,04,10,3-1,3820,L02,1-3,0,0
202512310411,2025-12-31,04,11,1-2,250,L02,1-3,0,0
202512310504,2025-12-31,05,4,2-6,730,L02,1-3,0,0
202512310507,2025-12-31,05,7,1-4,460,L02,1-3,0,0
202512310609,2025-12-31,06,9,1-3,620,L02,1-3,1,620
202512310712,2025-12-31,07,12,3-2,10800,L02,1-3,0,0
202512310803,2025-12-31,08,3,4-3,1700,L02,1-3,0,0
202512310806,2025-12-31,08,6,1-2,450,L02,1-3,0,0
202512310911,2025-12-31,09,11,1-3,350,L02,1-3,1,350
202512311605,2025-12-31,16,5,1-5,890,L02,1-3,0,0
202512311607,2025-12-31,16,7,1-2,1290,L02,1-3,0,0
202512311609,2025-12-31,16,9,2-4,2050,L02,1-3,0,0
202512311708,2025-12-31,17,8,1-4,270,L02,1-3,0,0
202512312309,2025-12-31,23,9,1-3,420,L02,1-3,1,420
202601010603,2026-01-01,06,3,1-3,430,L02,1-3,1,430
202601010811,2026-01-01,08,11,1-4,820,L02,1-3,0,0
202601011007,2026-01-01,10,7,1-5,1370,L02,1-3,0,0
202601011406,2026-01-01,14,6,2-4,1040,L02,1-3,0,0
202601011411,2026-01-01,14,11,1-4,510,L02,1-3,0,0
202601011603,2026-01-01,16,3,5-1,4650,L02,1-3,0,0
202601011610,2026-01-01,16,10,1-4,600,L02,1-3,0,0
202601011709,2026-01-01,17,9,4-3,3400,L02,1-3,0,0
202601011711,2026-01-01,17,11,1-3,240,L02,1-3,1,240
202601012009,2026-01-01,20,9,1-4,790,L02,1-3,0,0
202601012303,2026-01-01,23,3,1-4,720,L02,1-3,0,0
202601012305,2026-01-01,23,5,6-1,290,L02,1-3,0,0
202601020102,2026-01-02,01,2,1-5,960,L02,1-3,0,0
202601020308,2026-01-02,03,8,1-2,1130,L02,1-3,0,0
202601020608,2026-01-02,06,8,1-2,380,L02,1-3,0,0
202601020711,2026-01-02,07,11,1-2,220,L02,1-3,0,0
202601020812,2026-01-02,08,12,1-2,260,L02,1-3,0,0
202601021008,2026-01-02,10,8,1-4,650,L02,1-3,0,0
202601021803,2026-01-02,18,3,1-3,790,L02,1-3,1,790
202601021804,2026-01-02,18,4,1-2,240,L02,1-3,0,0
202601022009,2026-01-02,20,9,1-2,310,L02,1-3,0,0
202601022101,2026-01-02,21,1,1-5,1040,L02,1-3,0,0
202601030301,2026-01-03,03,1,1-2,740,L02,1-3,0,0
202601030510,2026-01-03,05,10,1-4,890,L02,1-3,0,0
202601030603,2026-01-03,06,3,1-2,280,L02,1-3,0,0
202601030607,2026-01-03,06,7,1-4,1090,L02,1-3,0,0
202601030901,2026-01-03,09,1,1-2,250,L02,1-3,0,0
202601030908,2026-01-03,09,8,1-4,210,L02,1-3,0,0
202601031106,2026-01-03,11,6,1-5,340,L02,1-3,0,0
202601031802,2026-01-03,18,2,1-5,530,L02,1-3,0,0
202601032012,2026-01-03,20,12,4-1,1110,L02,1-3,0,0
202601040210,2026-01-04,02,10,1-4,390,L02,1-3,0,0
202601040312,2026-01-04,03,12,1-2,250,L02,1-3,0,0
202601040410,2026-01-04,04,10,1-4,510,L02,1-3,0,0
202601040507,2026-01-04,05,7,1-5,530,L02,1-3,0,0
202601040701,2026-01-04,07,1,3-6,2690,L02,1-3,0,0
202601040904,2026-01-04,09,4,1-3,1350,L02,1-3,1,1350
202601040909,2026-01-04,09,9,1-2,270,L02,1-3,0,0
202601041011,2026-01-04,10,11,1-2,370,L02,1-3,0,0
202601041112,2026-01-04,11,12,1-3,260,L02,1-3,1,260
202601041201,2026-01-04,12,1,1-3,1470,L02,1-3,1,1470
202601041204,2026-01-04,12,4,1-6,13540,L02,1-3,0,0
202601041209,2026-01-04,12,9,1-3,470,L02,1-3,1,470
202601041210,2026-01-04,12,10,1-5,1060,L02,1-3,0,0
202601042006,2026-01-04,20,6,6-1,15590,L02,1-3,0,0
202601042010,2026-01-04,20,10,1-3,1050,L02,1-3,1,1050
202601042410,2026-01-04,24,10,6-5,29050,L02,1-3,0,0
202601050104,2026-01-05,01,4,2-3,190,L02,1-3,0,0
202601050110,2026-01-05,01,10,4-1,3790,L02,1-3,0,0
202601050203,2026-01-05,02,3,2-5,940,L02,1-3,0,0
202601050311,2026-01-05,03,11,1-4,600,L02,1-3,0,0
202601050407,2026-01-05,04,7,4-2,1840,L02,1-3,0,0
202601050409,2026-01-05,04,9,1-2,380,L02,1-3,0,0
202601050501,2026-01-05,05,1,3-1,7330,L02,1-3,0,0
202601051304,2026-01-05,13,4,1-3,1080,L02,1-3,1,1080
202601051306,2026-01-05,13,6,1-4,230,L02,1-3,0,0
202601051404,2026-01-05,14,4,1-6,480,L02,1-3,0,0
202601051409,2026-01-05,14,9,1-4,490,L02,1-3,0,0
202601052006,2026-01-05,20,6,1-2,490,L02,1-3,0,0
202601052010,2026-01-05,20,10,1-3,260,L02,1-3,1,260
202601052311,2026-01-05,23,11,1-3,350,L02,1-3,1,350
202601052403,2026-01-05,24,3,3-1,3560,L02,1-3,0,0
202601052405,2026-01-05,24,5,1-2,600,L02,1-3,0,0
202601052406,2026-01-05,24,6,1-5,1090,L02,1-3,0,0
202601060205,2026-01-06,02,5,4-3,2270,L02,1-3,0,0
202601060309,2026-01-06,03,9,1-2,340,L02,1-3,0,0
202601060310,2026-01-06,03,10,4-1,1860,L02,1-3,0,0
202601060502,2026-01-06,05,2,1-6,700,L02,1-3,0,0
202601060506,2026-01-06,05,6,1-3,610,L02,1-3,1,610
202601061202,2026-01-06,12,2,2-4,4400,L02,1-3,0,0
202601061601,2026-01-06,16,1,2-1,1260,L02,1-3,0,0
202601061604,2026-01-06,16,4,1-6,4000,L02,1-3,0,0
202601061806,2026-01-06,18,6,1-3,300,L02,1-3,1,300
202601061808,2026-01-06,18,8,1-2,720,L02,1-3,0,0
202601062009,2026-01-06,20,9,1-5,420,L02,1-3,0,0
202601062011,2026-01-06,20,11,1-2,870,L02,1-3,0,0
202601062208,2026-01-06,22,8,2-1,380,L02,1-3,0,0
202601062209,2026-01-06,22,9,1-2,340,L02,1-3,0,0
202601062312,2026-01-06,23,12,1-2,210,L02,1-3,0,0
202601062404,2026-01-06,24,4,1-4,410,L02,1-3,0,0
202601070203,2026-01-07,02,3,1-4,280,L02,1-3,0,0
202601070206,2026-01-07,02,6,1-3,240,L02,1-3,1,240
202601070210,2026-01-07,02,10,1-2,230,L02,1-3,0,0
202601070411,2026-01-07,04,11,5-2,770,L02,1-3,0,0
202601070511,2026-01-07,05,11,1-5,700,L02,1-3,0,0
202601070702,2026-01-07,07,2,2-1,340,L02,1-3,0,0
202601071002,2026-01-07,10,2,2-1,620,L02,1-3,0,0
202601071205,2026-01-07,12,5,1-2,290,L02,1-3,0,0
202601071309,2026-01-07,13,9,1-5,410,L02,1-3,0,0
202601072201,2026-01-07,22,1,1-3,460,L02,1-3,1,460
202601072212,2026-01-07,22,12,1-3,190,L02,1-3,1,190
202601072304,2026-01-07,23,4,1-4,430,L02,1-3,0,0
202601080205,2026-01-08,02,5,1-3,640,L02,1-3,1,640
202601080606,2026-01-08,06,6,2-1,350,L02,1-3,0,0
202601080611,2026-01-08,06,11,1-6,630,L02,1-3,0,0
202601080702,2026-01-08,07,2,2-1,900,L02,1-3,0,0
202601080708,2026-01-08,07,8,1-2,820,L02,1-3,0,0
202601081009,2026-01-08,10,9,2-1,1330,L02,1-3,0,0
202601081108,2026-01-08,11,8,1-6,1350,L02,1-3,0,0
202601081308,2026-01-08,13,8,2-1,1250,L02,1-3,0,0
202601081504,2026-01-08,15,4,5-1,1030,L02,1-3,0,0
202601081612,2026-01-08,16,12,4-1,1380,L02,1-3,0,0
202601082208,2026-01-08,22,8,1-3,800,L02,1-3,1,800
202601082302,2026-01-08,23,2,1-4,720,L02,1-3,0,0
202601082311,2026-01-08,23,11,2-1,430,L02,1-3,0,0
202601082406,2026-01-08,24,6,1-2,290,L02,1-3,0,0
202601090605,2026-01-09,06,5,1-2,300,L02,1-3,0,0
202601090901,2026-01-09,09,1,1-3,630,L02,1-3,1,630
202601090910,2026-01-09,09,10,1-2,180,L02,1-3,0,0
202601091002,2026-01-09,10,2,1-5,1460,L02,1-3,0,0
202601091506,2026-01-09,15,6,2-3,1720,L02,1-3,0,0
202601091512,2026-01-09,15,12,1-2,290,L02,1-3,0,0
202601091607,2026-01-09,16,7,1-2,470,L02,1-3,0,0
202601092008,2026-01-09,20,8,2-1,530,L02,1-3,0,0
202601100603,2026-01-10,06,3,1-4,420,L02,1-3,0,0
202601101612,2026-01-10,16,12,1-3,420,L02,1-3,1,420
202601101805,2026-01-10,18,5,1-6,1460,L02,1-3,0,0
202512110310,2025-12-11,03,10,3-1,1860,L03,1-3,0,0
202512110502,2025-12-11,05,2,1-3,330,L03,1-3,1,330
202512110504,2025-12-11,05,4,1-2,240,L03,1-3,0,0
202512110511,2025-12-11,05,11,1-2,190,L03,1-3,0,0
202512110512,2025-12-11,05,12,1-2,300,L03,1-3,0,0
202512110712,2025-12-11,07,12,1-3,430,L03,1-3,1,430
202512110907,2025-12-11,09,7,1-2,200,L03,1-3,0,0
202512110912,2025-12-11,09,12,1-2,210,L03,1-3,0,0
202512111407,2025-12-11,14,7,3-4,4880,L03,1-3,0,0
202512111503,2025-12-11,15,3,1-3,490,L03,1-3,1,490
202512111505,2025-12-11,15,5,1-2,320,L03,1-3,0,0
202512111702,2025-12-11,17,2,1-3,260,L03,1-3,1,260
202512111710,2025-12-11,17,10,1-3,700,L03,1-3,1,700
202512111902,2025-12-11,19,2,1-3,280,L03,1-3,1,280
202512112104,2025-12-11,21,4,1-4,320,L03,1-3,0,0
202512120605,2025-12-12,06,5,1-5,1890,L03,1-3,0,0
202512120710,2025-12-12,07,10,1-4,400,L03,1-3,0,0
202512120712,2025-12-12,07,12,1-3,340,L03,1-3,1,340
202512121002,2025-12-12,10,2,1-2,350,L03,1-3,0,0
202512121008,2025-12-12,10,8,1-2,750,L03,1-3,0,0
202512121010,2025-12-12,10,10,1-2,310,L03,1-3,0,0
202512121011,2025-12-12,10,11,1-4,1460,L03,1-3,0,0
202512121304,2025-12-12,13,4,1-2,920,L03,1-3,0,0
202512121310,2025-12-12,13,10,1-3,630,L03,1-3,1,630
202512121405,2025-12-12,14,5,4-1,2290,L03,1-3,0,0
202512121710,2025-12-12,17,10,1-3,550,L03,1-3,1,550
202512121711,2025-12-12,17,11,1-6,1890,L03,1-3,0,0
202512122110,2025-12-12,21,10,1-2,220,L03,1-3,0,0
202512130106,2025-12-13,01,6,1-4,480,L03,1-3,0,0
202512130805,2025-12-13,08,5,1-3,370,L03,1-3,1,370
202512130806,2025-12-13,08,6,1-2,290,L03,1-3,0,0
202512130810,2025-12-13,08,10,1-3,260,L03,1-3,1,260
202512131507,2025-12-13,15,7,1-4,230,L03,1-3,0,0
202512131705,2025-12-13,17,5,1-3,690,L03,1-3,1,690
202512131707,2025-12-13,17,7,1-2,300,L03,1-3,0,0
202512131806,2025-12-13,18,6,1-3,510,L03,1-3,1,510
202512132107,2025-12-13,21,7,1-2,310,L03,1-3,0,0
202512132411,2025-12-13,24,11,1-5,740,L03,1-3,0,0
202512140106,2025-12-14,01,6,1-3,310,L03,1-3,1,310
202512140109,2025-12-14,01,9,1-3,920,L03,1-3,1,920
202512140204,2025-12-14,02,4,1-3,570,L03,1-3,1,570
202512140602,2025-12-14,06,2,1-3,790,L03,1-3,1,790
202512140605,2025-12-14,06,5,1-3,450,L03,1-3,1,450
202512140607,2025-12-14,06,7,5-1,1240,L03,1-3,0,0
202512140609,2025-12-14,06,9,1-2,260,L03,1-3,0,0
202512140611,2025-12-14,06,11,2-1,880,L03,1-3,0,0
202512140612,2025-12-14,06,12,2-1,1020,L03,1-3,0,0
202512140702,2025-12-14,07,2,2-1,410,L03,1-3,0,0
202512140808,2025-12-14,08,8,1-4,580,L03,1-3,0,0
202512140809,2025-12-14,08,9,1-6,1010,L03,1-3,0,0
202512141001,2025-12-14,10,1,1-2,290,L03,1-3,0,0
202512141002,2025-12-14,10,2,1-2,270,L03,1-3,0,0
202512141012,2025-12-14,10,12,1-2,330,L03,1-3,0,0
202512141112,2025-12-14,11,12,1-3,420,L03,1-3,1,420
202512141505,2025-12-14,15,5,1-6,700,L03,1-3,0,0
202512141703,2025-12-14,17,3,1-3,760,L03,1-3,1,760
202512141708,2025-12-14,17,8,3-1,430,L03,1-3,0,0
202512141801,2025-12-14,18,1,1-3,280,L03,1-3,1,280
202512141806,2025-12-14,18,6,3-4,1240,L03,1-3,0,0
202512142302,2025-12-14,23,2,1-4,1070,L03,1-3,0,0
202512150204,2025-12-15,02,4,3-2,720,L03,1-3,0,0
202512150208,2025-12-15,02,8,2-5,1430,L03,1-3,0,0
202512150209,2025-12-15,02,9,3-1,1020,L03,1-3,0,0
202512150704,2025-12-15,07,4,1-2,350,L03,1-3,0,0
202512150705,2025-12-15,07,5,1-3,260,L03,1-3,1,260
202512150706,2025-12-15,07,6,1-5,410,L03,1-3,0,0
202512150807,2025-12-15,08,7,1-2,320,L03,1-3,0,0
202512150811,2025-12-15,08,11,2-4,2870,L03,1-3,0,0
202512150911,2025-12-15,09,11,1-2,180,L03,1-3,0,0
202512151003,2025-12-15,10,3,1-3,190,L03,1-3,1,190
202512151703,2025-12-15,17,3,1-2,250,L03,1-3,0,0
202512151705,2025-12-15,17,5,1-2,230,L03,1-3,0,0
202512151711,2025-12-15,17,11,2-3,3870,L03,1-3,0,0
202512151712,2025-12-15,17,12,2-1,1370,L03,1-3,0,0
202512151812,2025-12-15,18,12,1-2,660,L03,1-3,0,0
202512152302,2025-12-15,23,2,1-2,310,L03,1-3,0,0
202512152303,2025-12-15,23,3,1-3,230,L03,1-3,1,230
202512152311,2025-12-15,23,11,2-3,2130,L03,1-3,0,0
202512160112,2025-12-16,01,12,1-2,210,L03,1-3,0,0
202512160202,2025-12-16,02,2,3-1,1650,L03,1-3,0,0
202512160208,2025-12-16,02,8,5-1,6630,L03,1-3,0,0
202512160209,2025-12-16,02,9,3-1,750,L03,1-3,0,0
202512160211,2025-12-16,02,11,2-1,1230,L03,1-3,0,0
202512160801,2025-12-16,08,1,1-3,330,L03,1-3,1,330
202512160803,2025-12-16,08,3,3-1,330,L03,1-3,0,0
202512160811,2025-12-16,08,11,1-3,210,L03,1-3,1,210
202512160906,2025-12-16,09,6,1-3,400,L03,1-3,1,400
202512160912,2025-12-16,09,12,1-3,250,L03,1-3,1,250
202512161001,2025-12-16,10,1,1-2,210,L03,1-3,0,0
202512161002,2025-12-16,10,2,1-3,660,L03,1-3,1,660
202512161011,2025-12-16,10,11,1-3,340,L03,1-3,1,340
202512161103,2025-12-16,11,3,1-3,490,L03,1-3,1,490
202512161104,2025-12-16,11,4,2-4,4270,L03,1-3,0,0
202512161107,2025-12-16,11,7,2-1,870,L03,1-3,0,0
202512161110,2025-12-16,11,10,1-3,730,L03,1-3,1,730
202512161201,2025-12-16,12,1,1-3,760,L03,1-3,1,760
202512161802,2025-12-16,18,2,1-2,320,L03,1-3,0,0
202512161803,2025-12-16,18,3,1-2,240,L03,1-3,0,0
202512162202,2025-12-16,22,2,1-6,440,L03,1-3,0,0
202512162203,2025-12-16,22,3,3-1,500,L03,1-3,0,0
202512162207,2025-12-16,22,7,1-3,1010,L03,1-3,1,1010
202512162301,2025-12-16,23,1,1-2,230,L03,1-3,0,0
202512162304,2025-12-16,23,4,1-2,610,L03,1-3,0,0
202512162401,2025-12-16,24,1,1-4,490,L03,1-3,0,0
202512162404,2025-12-16,24,4,1-5,1500,L03,1-3,0,0
202512170109,2025-12-17,01,9,1-5,400,L03,1-3,0,0
202512170112,2025-12-17,01,12,1-2,320,L03,1-3,0,0
202512170305,2025-12-17,03,5,5-3,3390,L03,1-3,0,0
202512170801,2025-12-17,08,1,1-3,300,L03,1-3,1,300
202512170809,2025-12-17,08,9,1-2,230,L03,1-3,0,0
202512170811,2025-12-17,08,11,2-1,1110,L03,1-3,0,0
202512170812,2025-12-17,08,12,1-5,1010,L03,1-3,0,0
202512170906,2025-12-17,09,6,3-1,850,L03,1-3,0,0
202512171008,2025-12-17,10,8,1-2,230,L03,1-3,0,0
202512171009,2025-12-17,10,9,1-3,470,L03,1-3,1,470
202512171111,2025-12-17,11,11,1-3,460,L03,1-3,1,460
202512171607,2025-12-17,16,7,2-1,670,L03,1-3,0,0
202512171609,2025-12-17,16,9,1-3,1100,L03,1-3,1,1100
202512171812,2025-12-17,18,12,1-3,230,L03,1-3,1,230
202512172202,2025-12-17,22,2,1-3,300,L03,1-3,1,300
202512172301,2025-12-17,23,1,1-5,1230,L03,1-3,0,0
202512172310,2025-12-17,23,10,1-5,1500,L03,1-3,0,0
202512172311,2025-12-17,23,11,1-2,330,L03,1-3,0,0
202512172312,2025-12-17,23,12,1-3,580,L03,1-3,1,580
202512172407,2025-12-17,24,7,1-5,2380,L03,1-3,0,0
202512180310,2025-12-18,03,10,1-2,220,L03,1-3,0,0
202512180505,2025-12-18,05,5,1-4,340,L03,1-3,0,0
202512180511,2025-12-18,05,11,1-2,540,L03,1-3,0,0
202512180805,2025-12-18,08,5,1-2,420,L03,1-3,0,0
202512180809,2025-12-18,08,9,1-5,680,L03,1-3,0,0
202512180810,2025-12-18,08,10,2-1,1210,L03,1-3,0,0
202512180906,2025-12-18,09,6,1-3,280,L03,1-3,1,280
202512181101,2025-12-18,11,1,2-3,5230,L03,1-3,0,0
202512181102,2025-12-18,11,2,3-4,2400,L03,1-3,0,0
202512181105,2025-12-18,11,5,2-4,4030,L03,1-3,0,0
202512181212,2025-12-18,12,12,1-2,270,L03,1-3,0,0
202512181806,2025-12-18,18,6,1-2,360,L03,1-3,0,0
202512181809,2025-12-18,18,9,1-5,410,L03,1-3,0,0
202512181903,2025-12-18,19,3,1-2,420,L03,1-3,0,0
202512182105,2025-12-18,21,5,1-2,370,L03,1-3,0,0
202512182401,2025-12-18,24,1,1-4,510,L03,1-3,0,0
202512182406,2025-12-18,24,6,1-3,270,L03,1-3,1,270
202512190302,2025-12-19,03,2,1-3,1920,L03,1-3,1,1920
202512190304,2025-12-19,03,4,1-2,2510,L03,1-3,0,0
202512190305,2025-12-19,03,5,2-1,1100,L03,1-3,0,0
202512190610,2025-12-19,06,10,1-6,3530,L03,1-3,0,0
202512191103,2025-12-19,11,3,3-1,1100,L03,1-3,0,0
202512191402,2025-12-19,14,2,1-3,300,L03,1-3,1,300
202512191405,2025-12-19,14,5,4-1,1570,L03,1-3,0,0
202512191904,2025-12-19,19,4,1-3,480,L03,1-3,1,480
202512191906,2025-12-19,19,6,1-4,640,L03,1-3,0,0
202512191909,2025-12-19,19,9,1-3,310,L03,1-3,1,310
202512192110,2025-12-19,21,10,1-4,490,L03,1-3,0,0
202512192206,2025-12-19,22,6,1-2,1210,L03,1-3,0,0
202512192212,2025-12-19,22,12,1-4,670,L03,1-3,0,0
202512200209,2025-12-20,02,9,4-5,10550,L03,1-3,0,0
202512200212,2025-12-20,02,12,1-2,390,L03,1-3,0,0
202512200308,2025-12-20,03,8,1-4,430,L03,1-3,0,0
202512200310,2025-12-20,03,10,1-2,320,L03,1-3,0,0
202512200504,2025-12-20,05,4,1-5,550,L03,1-3,0,0
202512200609,2025-12-20,06,9,3-1,680,L03,1-3,0,0
202512201212,2025-12-20,12,12,1-4,490,L03,1-3,0,0
202512201404,2025-12-20,14,4,2-1,3680,L03,1-3,0,0
202512201412,2025-12-20,14,12,1-4,620,L03,1-3,0,0
202512201604,2025-12-20,16,4,1-4,240,L03,1-3,0,0
202512201609,2025-12-20,16,9,1-5,650,L03,1-3,0,0
202512201702,2025-12-20,17,2,1-2,260,L03,1-3,0,0
202512201706,2025-12-20,17,6,1-2,220,L03,1-3,0,0
202512201709,2025-12-20,17,9,1-4,1270,L03,1-3,0,0
202512201907,2025-12-20,19,7,3-1,1320,L03,1-3,0,0
202512201910,2025-12-20,19,10,1-3,340,L03,1-3,1,340
202512201911,2025-12-20,19,11,1-3,450,L03,1-3,1,450
202512202009,2025-12-20,20,9,1-3,220,L03,1-3,1,220
202512202011,2025-12-20,20,11,5-1,1990,L03,1-3,0,0
202512202308,2025-12-20,23,8,3-2,1040,L03,1-3,0,0
202512202312,2025-12-20,23,12,1-4,760,L03,1-3,0,0
202512210211,2025-12-21,02,11,1-4,290,L03,1-3,0,0
202512210307,2025-12-21,03,7,1-3,1600,L03,1-3,1,1600
202512210312,2025-12-21,03,12,1-5,1460,L03,1-3,0,0
202512210502,2025-12-21,05,2,1-2,220,L03,1-3,0,0
202512210507,2025-12-21,05,7,4-2,1960,L03,1-3,0,0
202512210508,2025-12-21,05,8,1-6,1720,L03,1-3,0,0
202512210602,2025-12-21,06,2,2-5,1110,L03,1-3,0,0
202512210604,2025-12-21,06,4,1-2,1120,L03,1-3,0,0
202512210807,2025-12-21,08,7,1-2,480,L03,1-3,0,0
202512211202,2025-12-21,12,2,4-2,3010,L03,1-3,0,0
202512211203,2025-12-21,12,3,6-2,15480,L03,1-3,0,0
202512211211,2025-12-21,12,11,1-4,550,L03,1-3,0,0
202512211402,2025-12-21,14,2,1-6,1010,L03,1-3,0,0
202512211706,2025-12-21,17,6,2-3,460,L03,1-3,0,0
202512212004,2025-12-21,20,4,1-3,1160,L03,1-3,1,1160
202512212104,2025-12-21,21,4,2-1,940,L03,1-3,0,0
202512212112,2025-12-21,21,12,1-4,540,L03,1-3,0,0
202512212303,2025-12-21,23,3,1-2,1460,L03,1-3,0,0
202512212304,2025-12-21,23,4,1-3,500,L03,1-3,1,500
202512220208,2025-12-22,02,8,2-1,2040,L03,1-3,0,0
202512220210,2025-12-22,02,10,1-2,300,L03,1-3,0,0
202512220604,2025-12-22,06,4,2-6,12640,L03,1-3,0,0
202512220610,2025-12-22,06,10,1-2,1620,L03,1-3,0,0
202512220802,2025-12-22,08,2,2-3,840,L03,1-3,0,0
202512220803,2025-12-22,08,3,3-1,4840,L03,1-3,0,0
202512220901,2025-12-22,09,1,1-2,270,L03,1-3,0,0
202512221407,2025-12-22,14,7,1-3,650,L03,1-3,1,650
202512221408,2025-12-22,14,8,5-1,1300,L03,1-3,0,0
202512221504,2025-12-22,15,4,5-2,2230,L03,1-3,0,0
202512221509,2025-12-22,15,9,1-3,860,L03,1-3,1,860
202512221710,2025-12-22,17,10,1-3,530,L03,1-3,1,530
202512221712,2025-12-22,17,12,3-5,10660,L03,1-3,0,0
202512222011,2025-12-22,20,11,1-4,410,L03,1-3,0,0
202512222104,2025-12-22,21,4,1-5,1620,L03,1-3,0,0
202512222106,2025-12-22,21,6,5-4,940,L03,1-3,0,0
202512222107,2025-12-22,21,7,3-1,2780,L03,1-3,0,0
202512222301,2025-12-22,23,1,1-3,360,L03,1-3,1,360
202512222312,2025-12-22,23,12,1-2,200,L03,1-3,0,0
202512230203,2025-12-23,02,3,1-3,610,L03,1-3,1,610
202512230206,2025-12-23,02,6,1-3,450,L03,1-3,1,450
202512230208,2025-12-23,02,8,1-5,390,L03,1-3,0,0
202512230212,2025-12-23,02,12,3-2,5440,L03,1-3,0,0
202512230601,2025-12-23,06,1,1-6,1200,L03,1-3,0,0
202512230612,2025-12-23,06,12,1-2,250,L03,1-3,0,0
202512230801,2025-12-23,08,1,2-3,10050,L03,1-3,0,0
202512230805,2025-12-23,08,5,1-3,2890,L03,1-3,1,2890
202512230806,2025-12-23,08,6,3-2,3240,L03,1-3,0,0
202512230809,2025-12-23,08,9,1-3,1280,L03,1-3,1,1280
202512230810,2025-12-23,08,10,1-4,510,L03,1-3,0,0
202512230906,2025-12-23,09,6,2-4,440,L03,1-3,0,0
202512230907,2025-12-23,09,7,1-5,830,L03,1-3,0,0
202512231403,2025-12-23,14,3,1-2,650,L03,1-3,0,0
202512231406,2025-12-23,14,6,1-2,620,L03,1-3,0,0
202512231408,2025-12-23,14,8,1-3,480,L03,1-3,1,480
202512231501,2025-12-23,15,1,1-6,3100,L03,1-3,0,0
202512231511,2025-12-23,15,11,1-3,230,L03,1-3,1,230
202512231601,2025-12-23,16,1,1-2,600,L03,1-3,0,0
202512231605,2025-12-23,16,5,1-6,8140,L03,1-3,0,0
202512231607,2025-12-23,16,7,1-2,270,L03,1-3,0,0
202512231609,2025-12-23,16,9,1-4,400,L03,1-3,0,0
202512231709,2025-12-23,17,9,2-5,1430,L03,1-3,0,0
202512231905,2025-12-23,19,5,1-2,510,L03,1-3,0,0
202512231910,2025-12-23,19,10,1-2,300,L03,1-3,0,0
202512232008,2025-12-23,20,8,1-3,180,L03,1-3,1,180
202512232011,2025-12-23,20,11,4-2,5500,L03,1-3,0,0
202512232012,2025-12-23,20,12,1-2,250,L03,1-3,0,0
202512232105,2025-12-23,21,5,1-4,370,L03,1-3,0,0
202512232301,2025-12-23,23,1,1-4,1460,L03,1-3,0,0
202512232312,2025-12-23,23,12,1-4,420,L03,1-3,0,0
202512240203,2025-12-24,02,3,1-3,1660,L03,1-3,1,1660
202512240212,2025-12-24,02,12,1-6,2560,L03,1-3,0,0
202512240806,2025-12-24,08,6,1-2,1040,L03,1-3,0,0
202512241001,2025-12-24,10,1,1-3,270,L03,1-3,1,270
202512241004,2025-12-24,10,4,1-4,760,L03,1-3,0,0
202512241104,2025-12-24,11,4,3-1,730,L03,1-3,0,0
202512241401,2025-12-24,14,1,1-6,1300,L03,1-3,0,0
202512241505,2025-12-24,15,5,4-5,740,L03,1-3,0,0
202512241709,2025-12-24,17,9,1-2,340,L03,1-3,0,0
202512241710,2025-12-24,17,10,1-2,240,L03,1-3,0,0
202512241711,2025-12-24,17,11,1-2,280,L03,1-3,0,0
202512241801,2025-12-24,18,1,1-4,270,L03,1-3,0,0
202512242001,2025-12-24,20,1,4-2,1030,L03,1-3,0,0
202512242012,2025-12-24,20,12,1-3,490,L03,1-3,1,490
202512250707,2025-12-25,07,7,3-1,1230,L03,1-3,0,0
202512250801,2025-12-25,08,1,1-4,440,L03,1-3,0,0
202512250803,2025-12-25,08,3,1-3,230,L03,1-3,1,230
202512250808,2025-12-25,08,8,1-4,630,L03,1-3,0,0
202512250811,2025-12-25,08,11,1-3,580,L03,1-3,1,580
202512250902,2025-12-25,09,2,2-4,870,L03,1-3,0,0
202512250910,2025-12-25,09,10,1-5,460,L03,1-3,0,0
202512251508,2025-12-25,15,8,1-3,550,L03,1-3,1,550
202512251706,2025-12-25,17,6,1-6,370,L03,1-3,0,0
202512251709,2025-12-25,17,9,1-3,490,L03,1-3,1,490
202512251809,2025-12-25,18,9,1-2,220,L03,1-3,0,0
202512252006,2025-12-25,20,6,3-2,2300,L03,1-3,0,0
202512252007,2025-12-25,20,7,2-3,16310,L03,1-3,0,0
202512252008,2025-12-25,20,8,1-3,210,L03,1-3,1,210
202512252012,2025-12-25,20,12,1-3,350,L03,1-3,1,350
202512252210,2025-12-25,22,10,3-1,2250,L03,1-3,0,0
202512260304,2025-12-26,03,4,1-3,1480,L03,1-3,1,1480
202512260305,2025-12-26,03,5,2-4,2160,L03,1-3,0,0
202512260309,2025-12-26,03,9,4-1,1330,L03,1-3,0,0
202512260506,2025-12-26,05,6,1-3,360,L03,1-3,1,360
202512260511,2025-12-26,05,11,1-2,480,L03,1-3,0,0
202512260710,2025-12-26,07,10,1-2,210,L03,1-3,0,0
202512260803,2025-12-26,08,3,4-2,1500,L03,1-3,0,0
202512260811,2025-12-26,08,11,1-4,430,L03,1-3,0,0
202512261106,2025-12-26,11,6,3-4,1080,L03,1-3,0,0
202512261108,2025-12-26,11,8,2-1,650,L03,1-3,0,0
202512261109,2025-12-26,11,9,1-3,1240,L03,1-3,1,1240
202512261111,2025-12-26,11,11,1-2,340,L03,1-3,0,0
202512261201,2025-12-26,12,1,1-3,300,L03,1-3,1,300
202512261203,2025-12-26,12,3,3-1,860,L03,1-3,0,0
202512261304,2025-12-26,13,4,4-2,3070,L03,1-3,0,0
202512261305,2025-12-26,13,5,1-6,1200,L03,1-3,0,0
202512261308,2025-12-26,13,8,1-6,490,L03,1-3,0,0
202512261507,2025-12-26,15,7,1-3,1310,L03,1-3,1,1310
202512261803,2025-12-26,18,3,1-2,1270,L03,1-3,0,0
202512261808,2025-12-26,18,8,3-1,2670,L03,1-3,0,0
202512262209,2025-12-26,22,9,1-6,360,L03,1-3,0,0
202512270207,2025-12-27,02,7,1-2,250,L03,1-3,0,0
202512270308,2025-12-27,03,8,1-4,790,L03,1-3,0,0
202512270309,2025-12-27,03,9,5-2,5110,L03,1-3,0,0
202512270402,2025-12-27,04,2,1-5,1200,L03,1-3,0,0
202512270701,2025-12-27,07,1,1-2,280,L03,1-3,0,0
202512270711,2025-12-27,07,11,1-5,740,L03,1-3,0,0
202512271001,2025-12-27,10,1,1-3,380,L03,1-3,1,380
202512271005,2025-12-27,10,5,2-4,2870,L03,1-3,0,0
202512271010,2025-12-27,10,10,1-3,640,L03,1-3,1,640
202512271105,2025-12-27,11,5,1-3,340,L03,1-3,1,340
202512271109,2025-12-27,11,9,1-3,730,L03,1-3,1,730
202512271112,2025-12-27,11,12,1-3,290,L03,1-3,1,290
202512271206,2025-12-27,12,6,1-2,440,L03,1-3,0,0
202512271210,2025-12-27,12,10,1-6,520,L03,1-3,0,0
202512271307,2025-12-27,13,7,2-1,320,L03,1-3,0,0
202512272201,2025-12-27,22,1,1-2,200,L03,1-3,0,0
202512272208,2025-12-27,22,8,1-2,370,L03,1-3,0,0
202512272211,2025-12-27,22,11,1-4,210,L03,1-3,0,0
202512272408,2025-12-27,24,8,1-2,410,L03,1-3,0,0
202512272409,2025-12-27,24,9,3-1,7390,L03,1-3,0,0
202512272411,2025-12-27,24,11,1-5,1170,L03,1-3,0,0
202512280106,2025-12-28,01,6,1-2,310,L03,1-3,0,0
202512280304,2025-12-28,03,4,4-1,1000,L03,1-3,0,0
202512280307,2025-12-28,03,7,2-1,640,L03,1-3,0,0
202512280405,2025-12-28,04,5,1-2,220,L03,1-3,0,0
202512280407,2025-12-28,04,7,2-4,1310,L03,1-3,0,0
202512280503,2025-12-28,05,3,1-5,650,L03,1-3,0,0
202512280505,2025-12-28,05,5,2-1,340,L03,1-3,0,0
202512280509,2025-12-28,05,9,1-2,890,L03,1-3,0,0
202512280702,2025-12-28,07,2,1-4,1500,L03,1-3,0,0
202512280704,2025-12-28,07,4,1-2,350,L03,1-3,0,0
202512281109,2025-12-28,11,9,1-2,320,L03,1-3,0,0
202512281204,2025-12-28,12,4,1-2,360,L03,1-3,0,0
202512281801,2025-12-28,18,1,1-6,1130,L03,1-3,0,0
202512281807,2025-12-28,18,7,1-3,590,L03,1-3,1,590
202512281809,2025-12-28,18,9,1-3,320,L03,1-3,1,320
202512281812,2025-12-28,18,12,1-2,280,L03,1-3,0,0
202512281905,2025-12-28,19,5,1-3,140,L03,1-3,1,140
202512281906,2025-12-28,19,6,2-1,320,L03,1-3,0,0
202512281908,2025-12-28,19,8,1-2,170,L03,1-3,0,0
202512282411,2025-12-28,24,11,1-3,410,L03,1-3,1,410
202512282412,2025-12-28,24,12,1-3,390,L03,1-3,1,390
202512290109,2025-12-29,01,9,1-2,1350,L03,1-3,0,0
202512290204,2025-12-29,02,4,2-3,2530,L03,1-3,0,0
202512290205,2025-12-29,02,5,1-4,250,L03,1-3,0,0
202512290301,2025-12-29,03,1,2-5,5200,L03,1-3,0,0
202512290307,2025-12-29,03,7,1-6,1390,L03,1-3,0,0
202512290309,2025-12-29,03,9,1-3,260,L03,1-3,1,260
202512290311,2025-12-29,03,11,1-2,570,L03,1-3,0,0
202512290312,2025-12-29,03,12,1-3,380,L03,1-3,1,380
202512290508,2025-12-29,05,8,1-3,260,L03,1-3,1,260
202512290510,2025-12-29,05,10,1-5,550,L03,1-3,0,0
202512290602,2025-12-29,06,2,2-3,3130,L03,1-3,0,0
202512290606,2025-12-29,06,6,3-5,11650,L03,1-3,0,0
202512291104,2025-12-29,11,4,1-4,450,L03,1-3,0,0
202512291105,2025-12-29,11,5,1-4,800,L03,1-3,0,0
202512291108,2025-12-29,11,8,1-3,350,L03,1-3,1,350
202512291111,2025-12-29,11,11,1-3,190,L03,1-3,1,190
202512291203,2025-12-29,12,3,3-1,1900,L03,1-3,0,0
202512291212,2025-12-29,12,12,1-4,660,L03,1-3,0,0
202512291603,2025-12-29,16,3,3-2,2580,L03,1-3,0,0
202512291607,2025-12-29,16,7,1-2,390,L03,1-3,0,0
202512291803,2025-12-29,18,3,1-5,1700,L03,1-3,0,0
202512291812,2025-12-29,18,12,1-4,760,L03,1-3,0,0
202512291910,2025-12-29,19,10,3-2,13570,L03,1-3,0,0
202512292110,2025-12-29,21,10,1-3,440,L03,1-3,1,440
202512292112,2025-12-29,21,12,1-4,600,L03,1-3,0,0
202512292211,2025-12-29,22,11,1-3,320,L03,1-3,1,320
202512292302,2025-12-29,23,2,1-2,350,L03,1-3,0,0
202512292305,2025-12-29,23,5,1-2,630,L03,1-3,0,0
202512292306,2025-12-29,23,6,3-4,2620,L03,1-3,0,0
202512292311,2025-12-29,23,11,1-3,1020,L03,1-3,1,1020
202512292402,2025-12-29,24,2,1-2,460,L03,1-3,0,0
202512292405,2025-12-29,24,5,1-3,430,L03,1-3,1,430
202512292407,2025-12-29,24,7,1-3,320,L03,1-3,1,320
202512292412,2025-12-29,24,12,2-1,1730,L03,1-3,0,0
202512300201,2025-12-30,02,1,2-1,1130,L03,1-3,0,0
202512300403,2025-12-30,04,3,1-3,1710,L03,1-3,1,1710
202512300411,2025-12-30,04,11,5-4,2570,L03,1-3,0,0
202512300606,2025-12-30,06,6,1-2,230,L03,1-3,0,0
202512300607,2025-12-30,06,7,1-2,450,L03,1-3,0,0
202512300611,2025-12-30,06,11,1-2,310,L03,1-3,0,0
202512300809,2025-12-30,08,9,1-3,900,L03,1-3,1,900
202512301003,2025-12-30,10,3,1-3,180,L03,1-3,1,180
202512301010,2025-12-30,10,10,1-2,660,L03,1-3,0,0
202512301012,2025-12-30,10,12,1-3,410,L03,1-3,1,410
202512301301,2025-12-30,13,1,3-1,600,L03,1-3,0,0
202512301311,2025-12-30,13,11,1-4,370,L03,1-3,0,0
202512301603,2025-12-30,16,3,1-3,310,L03,1-3,1,310
202512301609,2025-12-30,16,9,1-3,370,L03,1-3,1,370
202512301704,2025-12-30,17,4,3-1,1680,L03,1-3,0,0
202512301708,2025-12-30,17,8,1-4,980,L03,1-3,0,0
202512301712,2025-12-30,17,12,1-2,230,L03,1-3,0,0
202512302109,2025-12-30,21,9,1-3,310,L03,1-3,1,310
202512302205,2025-12-30,22,5,1-3,370,L03,1-3,1,370
202512302209,2025-12-30,22,9,3-4,3850,L03,1-3,0,0
202512302211,2025-12-30,22,11,1-3,260,L03,1-3,1,260
202512302308,2025-12-30,23,8,3-1,300,L03,1-3,0,0
202512302312,2025-12-30,23,12,1-5,820,L03,1-3,0,0
202512302407,2025-12-30,24,7,1-2,490,L03,1-3,0,0
202512302408,2025-12-30,24,8,1-3,490,L03,1-3,1,490
202512310106,2025-12-31,01,6,1-2,260,L03,1-3,0,0
202512310109,2025-12-31,01,9,3-2,2350,L03,1-3,0,0
202512310110,2025-12-31,01,10,1-2,340,L03,1-3,0,0
202512310111,2025-12-31,01,11,2-1,3160,L03,1-3,0,0
202512310209,2025-12-31,02,9,1-3,430,L03,1-3,1,430
202512310211,2025-12-31,02,11,1-3,290,L03,1-3,1,290
202512310403,2025-12-31,04,3,3-2,3870,L03,1-3,0,0
202512310503,2025-12-31,05,3,1-3,540,L03,1-3,1,540
202512310507,2025-12-31,05,7,1-4,460,L03,1-3,0,0
202512310611,2025-12-31,06,11,1-3,270,L03,1-3,1,270
202512310712,2025-12-31,07,12,3-2,10800,L03,1-3,0,0
202512310804,2025-12-31,08,4,4-5,450,L03,1-3,0,0
202512310908,2025-12-31,09,8,1-2,1990,L03,1-3,0,0
202512310909,2025-12-31,09,9,3-1,5490,L03,1-3,0,0
202512310911,2025-12-31,09,11,1-3,350,L03,1-3,1,350
202512311502,2025-12-31,15,2,2-5,9890,L03,1-3,0,0
202512311607,2025-12-31,16,7,1-2,1290,L03,1-3,0,0
202512311609,2025-12-31,16,9,2-4,2050,L03,1-3,0,0
202512311611,2025-12-31,16,11,1-5,430,L03,1-3,0,0
202512311701,2025-12-31,17,1,1-3,300,L03,1-3,1,300
202512311702,2025-12-31,17,2,2-1,790,L03,1-3,0,0
202512311706,2025-12-31,17,6,1-3,560,L03,1-3,1,560
202512311708,2025-12-31,17,8,1-4,270,L03,1-3,0,0
202512311710,2025-12-31,17,10,1-5,1190,L03,1-3,0,0
202512311712,2025-12-31,17,12,1-6,1500,L03,1-3,0,0
202512311911,2025-12-31,19,11,1-3,400,L03,1-3,1,400
202512312102,2025-12-31,21,2,1-4,350,L03,1-3,0,0
202601010601,2026-01-01,06,1,1-3,190,L03,1-3,1,190
202601010603,2026-01-01,06,3,1-3,430,L03,1-3,1,430
202601010606,2026-01-01,06,6,1-6,1840,L03,1-3,0,0
202601010610,2026-01-01,06,10,1-2,760,L03,1-3,0,0
202601011004,2026-01-01,10,4,1-3,260,L03,1-3,1,260
202601011006,2026-01-01,10,6,3-6,1080,L03,1-3,0,0
202601011007,2026-01-01,10,7,1-5,1370,L03,1-3,0,0
202601011508,2026-01-01,15,8,1-3,640,L03,1-3,1,640
202601011610,2026-01-01,16,10,1-4,600,L03,1-3,0,0
202601011711,2026-01-01,17,11,1-3,240,L03,1-3,1,240
202601011712,2026-01-01,17,12,1-4,1950,L03,1-3,0,0
202601011901,2026-01-01,19,1,1-4,780,L03,1-3,0,0
202601011904,2026-01-01,19,4,5-2,3330,L03,1-3,0,0
202601011911,2026-01-01,19,11,1-2,210,L03,1-3,0,0
202601012008,2026-01-01,20,8,1-2,200,L03,1-3,0,0
202601012012,2026-01-01,20,12,1-4,360,L03,1-3,0,0
202601012305,2026-01-01,23,5,6-1,290,L03,1-3,0,0
202601012309,2026-01-01,23,9,1-2,710,L03,1-3,0,0
202601020102,2026-01-02,01,2,1-5,960,L03,1-3,0,0
202601020104,2026-01-02,01,4,4-6,440,L03,1-3,0,0
202601020107,2026-01-02,01,7,3-1,250,L03,1-3,0,0
202601020306,2026-01-02,03,6,2-1,740,L03,1-3,0,0
202601020309,2026-01-02,03,9,1-3,340,L03,1-3,1,340
202601020601,2026-01-02,06,1,1-3,300,L03,1-3,1,300
202601020612,2026-01-02,06,12,1-3,580,L03,1-3,1,580
202601020710,2026-01-02,07,10,3-4,8050,L03,1-3,0,0
202601020711,2026-01-02,07,11,1-2,220,L03,1-3,0,0
202601020801,2026-01-02,08,1,1-2,260,L03,1-3,0,0
202601020902,2026-01-02,09,2,1-2,600,L03,1-3,0,0
202601020905,2026-01-02,09,5,1-2,190,L03,1-3,0,0
202601020908,2026-01-02,09,8,1-2,490,L03,1-3,0,0
202601020911,2026-01-02,09,11,1-3,340,L03,1-3,1,340
202601021005,2026-01-02,10,5,1-5,870,L03,1-3,0,0
202601021006,2026-01-02,10,6,1-3,500,L03,1-3,1,500
202601021008,2026-01-02,10,8,1-4,650,L03,1-3,0,0
202601021204,2026-01-02,12,4,3-1,550,L03,1-3,0,0
202601021401,2026-01-02,14,1,1-2,440,L03,1-3,0,0
202601021407,2026-01-02,14,7,4-1,470,L03,1-3,0,0
202601021707,2026-01-02,17,7,2-3,410,L03,1-3,0,0
202601021801,2026-01-02,18,1,1-4,510,L03,1-3,0,0
202601021807,2026-01-02,18,7,3-4,5460,L03,1-3,0,0
202601021908,2026-01-02,19,8,1-3,380,L03,1-3,1,380
202601022004,2026-01-02,20,4,1-4,780,L03,1-3,0,0
202601022005,2026-01-02,20,5,1-4,350,L03,1-3,0,0
202601030302,2026-01-03,03,2,1-2,860,L03,1-3,0,0
202601030303,2026-01-03,03,3,1-5,4960,L03,1-3,0,0
202601030312,2026-01-03,03,12,1-4,720,L03,1-3,0,0
202601030505,2026-01-03,05,5,2-3,720,L03,1-3,0,0
202601030607,2026-01-03,06,7,1-4,1090,L03,1-3,0,0
202601030702,2026-01-03,07,2,1-3,510,L03,1-3,1,510
202601030706,2026-01-03,07,6,1-3,170,L03,1-3,1,170
202601030804,2026-01-03,08,4,1-4,320,L03,1-3,0,0
202601030805,2026-01-03,08,5,1-4,1430,L03,1-3,0,0
202601030807,2026-01-03,08,7,6-1,1000,L03,1-3,0,0
202601030812,2026-01-03,08,12,1-2,200,L03,1-3,0,0
202601030901,2026-01-03,09,1,1-2,250,L03,1-3,0,0
202601030905,2026-01-03,09,5,1-2,230,L03,1-3,0,0
202601030907,2026-01-03,09,7,5-1,1380,L03,1-3,0,0
202601030908,2026-01-03,09,8,1-4,210,L03,1-3,0,0
202601031008,2026-01-03,10,8,1-3,560,L03,1-3,1,560
202601031012,2026-01-03,10,12,1-3,380,L03,1-3,1,380
202601031111,2026-01-03,11,11,3-1,4740,L03,1-3,0,0
202601031205,2026-01-03,12,5,1-3,230,L03,1-3,1,230
202601031507,2026-01-03,15,7,1-2,350,L03,1-3,0,0
202601031705,2026-01-03,17,5,6-1,1210,L03,1-3,0,0
202601031711,2026-01-03,17,11,1-5,1700,L03,1-3,0,0
202601031801,2026-01-03,18,1,1-5,500,L03,1-3,0,0
202601031803,2026-01-03,18,3,2-1,1680,L03,1-3,0,0
202601032012,2026-01-03,20,12,4-1,1110,L03,1-3,0,0
202601040112,2026-01-04,01,12,1-2,270,L03,1-3,0,0
202601040209,2026-01-04,02,9,1-4,350,L03,1-3,0,0
202601040306,2026-01-04,03,6,2-1,620,L03,1-3,0,0
202601040711,2026-01-04,07,11,1-4,2710,L03,1-3,0,0
202601040902,2026-01-04,09,2,1-2,630,L03,1-3,0,0
202601040904,2026-01-04,09,4,1-3,1350,L03,1-3,1,1350
202601040909,2026-01-04,09,9,1-2,270,L03,1-3,0,0
202601040910,2026-01-04,09,10,4-2,3850,L03,1-3,0,0
202601041009,2026-01-04,10,9,4-1,840,L03,1-3,0,0
202601041011,2026-01-04,10,11,1-2,370,L03,1-3,0,0
202601041101,2026-01-04,11,1,1-3,200,L03,1-3,1,200
202601041112,2026-01-04,11,12,1-3,260,L03,1-3,1,260
202601041210,2026-01-04,12,10,1-5,1060,L03,1-3,0,0
202601041302,2026-01-04,13,2,2-5,620,L03,1-3,0,0
202601041401,2026-01-04,14,1,1-3,270,L03,1-3,1,270
202601041403,2026-01-04,14,3,1-4,400,L03,1-3,0,0
202601041501,2026-01-04,15,1,1-3,1800,L03,1-3,1,1800
202601041508,2026-01-04,15,8,1-4,430,L03,1-3,0,0
202601041510,2026-01-04,15,10,1-4,630,L03,1-3,0,0
202601041511,2026-01-04,15,11,1-2,350,L03,1-3,0,0
202601041701,2026-01-04,17,1,1-2,230,L03,1-3,0,0
202601041710,2026-01-04,17,10,1-2,290,L03,1-3,0,0
202601041711,2026-01-04,17,11,1-2,210,L03,1-3,0,0
202601041908,2026-01-04,19,8,1-3,350,L03,1-3,1,350
202601042010,2026-01-04,20,10,1-3,1050,L03,1-3,1,1050
202601042208,2026-01-04,22,8,1-2,370,L03,1-3,0,0
202601050110,2026-01-05,01,10,4-1,3790,L03,1-3,0,0
202601050202,2026-01-05,02,2,3-5,440,L03,1-3,0,0
202601050203,2026-01-05,02,3,2-5,940,L03,1-3,0,0
202601050210,2026-01-05,02,10,1-5,420,L03,1-3,0,0
202601050211,2026-01-05,02,11,1-2,210,L03,1-3,0,0
202601050303,2026-01-05,03,3,4-3,930,L03,1-3,0,0
202601050311,2026-01-05,03,11,1-4,600,L03,1-3,0,0
202601050409,2026-01-05,04,9,1-2,380,L03,1-3,0,0
202601050501,2026-01-05,05,1,3-1,7330,L03,1-3,0,0
202601050511,2026-01-05,05,11,2-6,3620,L03,1-3,0,0
202601051102,2026-01-05,11,2,5-4,740,L03,1-3,0,0
202601051203,2026-01-05,12,3,1-4,360,L03,1-3,0,0
202601051304,2026-01-05,13,4,1-3,1080,L03,1-3,1,1080
202601051306,2026-01-05,13,6,1-4,230,L03,1-3,0,0
202601051404,2026-01-05,14,4,1-6,480,L03,1-3,0,0
202601051411,2026-01-05,14,11,1-4,360,L03,1-3,0,0
202601051502,2026-01-05,15,2,2-1,1060,L03,1-3,0,0
202601052001,2026-01-05,20,1,1-6,4930,L03,1-3,0,0
202601052005,2026-01-05,20,5,1-2,260,L03,1-3,0,0
202601052006,2026-01-05,20,6,1-2,490,L03,1-3,0,0
202601052009,2026-01-05,20,9,1-3,350,L03,1-3,1,350
202601052304,2026-01-05,23,4,1-2,1560,L03,1-3,0,0
202601052403,2026-01-05,24,3,3-1,3560,L03,1-3,0,0
202601052405,2026-01-05,24,5,1-2,600,L03,1-3,0,0
202601060210,2026-01-06,02,10,1-5,690,L03,1-3,0,0
202601060302,2026-01-06,03,2,2-3,2040,L03,1-3,0,0
202601060309,2026-01-06,03,9,1-2,340,L03,1-3,0,0
202601060310,2026-01-06,03,10,4-1,1860,L03,1-3,0,0
202601060405,2026-01-06,04,5,1-3,250,L03,1-3,1,250
202601060408,2026-01-06,04,8,1-6,530,L03,1-3,0,0
202601060409,2026-01-06,04,9,1-3,850,L03,1-3,1,850
202601061106,2026-01-06,11,6,1-2,190,L03,1-3,0,0
202601061109,2026-01-06,11,9,1-2,360,L03,1-3,0,0
202601061206,2026-01-06,12,6,1-6,830,L03,1-3,0,0
202601061210,2026-01-06,12,10,1-2,240,L03,1-3,0,0
202601061601,2026-01-06,16,1,2-1,1260,L03,1-3,0,0
202601061611,2026-01-06,16,11,1-4,520,L03,1-3,0,0
202601061802,2026-01-06,18,2,1-4,470,L03,1-3,0,0
202601061808,2026-01-06,18,8,1-2,720,L03,1-3,0,0
202601061909,2026-01-06,19,9,1-2,430,L03,1-3,0,0
202601062004,2026-01-06,20,4,1-4,810,L03,1-3,0,0
202601062011,2026-01-06,20,11,1-2,870,L03,1-3,0,0
202601062201,2026-01-06,22,1,1-2,300,L03,1-3,0,0
202601062208,2026-01-06,22,8,2-1,380,L03,1-3,0,0
202601062209,2026-01-06,22,9,1-2,340,L03,1-3,0,0
202601062302,2026-01-06,23,2,1-2,230,L03,1-3,0,0
202601062412,2026-01-06,24,12,1-3,310,L03,1-3,1,310
202601070206,2026-01-07,02,6,1-3,240,L03,1-3,1,240
202601070307,2026-01-07,03,7,1-3,1540,L03,1-3,1,1540
202601070401,2026-01-07,04,1,3-1,840,L03,1-3,0,0
202601070405,2026-01-07,04,5,1-6,2340,L03,1-3,0,0
202601070411,2026-01-07,04,11,5-2,770,L03,1-3,0,0
202601070511,2026-01-07,05,11,1-5,700,L03,1-3,0,0
202601070702,2026-01-07,07,2,2-1,340,L03,1-3,0,0
202601070703,2026-01-07,07,3,1-2,230,L03,1-3,0,0
202601070706,2026-01-07,07,6,6-1,990,L03,1-3,0,0
202601070712,2026-01-07,07,12,1-5,1270,L03,1-3,0,0
202601071002,2026-01-07,10,2,2-1,620,L03,1-3,0,0
202601071205,2026-01-07,12,5,1-2,290,L03,1-3,0,0
202601071603,2026-01-07,16,3,1-3,600,L03,1-3,1,600
202601071806,2026-01-07,18,6,1-2,670,L03,1-3,0,0
202601071912,2026-01-07,19,12,1-3,270,L03,1-3,1,270
202601072212,2026-01-07,22,12,1-3,190,L03,1-3,1,190
202601072304,2026-01-07,23,4,1-4,430,L03,1-3,0,0
202601072308,2026-01-07,23,8,2-3,430,L03,1-3,0,0
202601080202,2026-01-08,02,2,1-4,660,L03,1-3,0,0
202601080203,2026-01-08,02,3,1-3,460,L03,1-3,1,460
202601080611,2026-01-08,06,11,1-6,630,L03,1-3,0,0
202601080708,2026-01-08,07,8,1-2,820,L03,1-3,0,0
202601081003,2026-01-08,10,3,1-2,940,L03,1-3,0,0
202601081004,2026-01-08,10,4,1-5,500,L03,1-3,0,0
202601081101,2026-01-08,11,1,1-2,320,L03,1-3,0,0
202601081108,2026-01-08,11,8,1-6,1350,L03,1-3,0,0
202601081308,2026-01-08,13,8,2-1,1250,L03,1-3,0,0
202601082208,2026-01-08,22,8,1-3,800,L03,1-3,1,800
202601082306,2026-01-08,23,6,1-3,340,L03,1-3,1,340
202601082311,2026-01-08,23,11,2-1,430,L03,1-3,0,0
202601082406,2026-01-08,24,6,1-2,290,L03,1-3,0,0
202601082407,2026-01-08,24,7,1-2,330,L03,1-3,0,0
202601082412,2026-01-08,24,12,1-3,290,L03,1-3,1,290
202601090601,2026-01-09,06,1,1-2,290,L03,1-3,0,0
202601090901,2026-01-09,09,1,1-3,630,L03,1-3,1,630
202601090908,2026-01-09,09,8,2-4,2150,L03,1-3,0,0
202601091009,2026-01-09,10,9,1-2,420,L03,1-3,0,0
202601091302,2026-01-09,13,2,1-3,260,L03,1-3,1,260
202601091307,2026-01-09,13,7,1-2,270,L03,1-3,0,0
202601091501,2026-01-09,15,1,1-2,300,L03,1-3,0,0
202601091506,2026-01-09,15,6,2-3,1720,L03,1-3,0,0
202601091604,2026-01-09,16,4,2-3,670,L03,1-3,0,0
202601091612,2026-01-09,16,12,1-3,200,L03,1-3,1,200
202601091704,2026-01-09,17,4,1-2,610,L03,1-3,0,0
202601091712,2026-01-09,17,12,1-2,370,L03,1-3,0,0
202601091902,2026-01-09,19,2,1-3,440,L03,1-3,1,440
202601092006,2026-01-09,20,6,3-1,260,L03,1-3,0,0
202601092009,2026-01-09,20,9,1-6,370,L03,1-3,0,0
202601092303,2026-01-09,23,3,1-3,200,L03,1-3,1,200
202601100603,2026-01-10,06,3,1-4,420,L03,1-3,0,0
202601100606,2026-01-10,06,6,3-2,630,L03,1-3,0,0
202601100709,2026-01-10,07,9,1-2,240,L03,1-3,0,0
202601100711,2026-01-10,07,11,1-2,330,L03,1-3,0,0
202601101001,2026-01-10,10,1,1-2,230,L03,1-3,0,0
202601101512,2026-01-10,15,12,1-2,250,L03,1-3,0,0
202601101805,2026-01-10,18,5,1-6,1460,L03,1-3,0,0
202512110307,2025-12-11,03,7,2-5,12550,L04,1-3,0,0
202512110502,2025-12-11,05,2,1-3,330,L04,1-3,1,330
202512110511,2025-12-11,05,11,1-2,190,L04,1-3,0,0
202512110512,2025-12-11,05,12,1-2,300,L04,1-3,0,0
202512111503,2025-12-11,15,3,1-3,490,L04,1-3,1,490
202512111505,2025-12-11,15,5,1-2,320,L04,1-3,0,0
202512111509,2025-12-11,15,9,3-1,910,L04,1-3,0,0
202512111702,2025-12-11,17,2,1-3,260,L04,1-3,1,260
202512111708,2025-12-11,17,8,2-5,4730,L04,1-3,0,0
202512111710,2025-12-11,17,10,1-3,700,L04,1-3,1,700
202512111711,2025-12-11,17,11,2-1,640,L04,1-3,0,0
202512111902,2025-12-11,19,2,1-3,280,L04,1-3,1,280
202512111904,2025-12-11,19,4,3-1,660,L04,1-3,0,0
202512111905,2025-12-11,19,5,1-2,280,L04,1-3,0,0
202512120602,2025-12-12,06,2,1-2,230,L04,1-3,0,0
202512120610,2025-12-12,06,10,1-3,320,L04,1-3,1,320
202512120712,2025-12-12,07,12,1-3,340,L04,1-3,1,340
202512121008,2025-12-12,10,8,1-2,750,L04,1-3,0,0
202512121012,2025-12-12,10,12,1-4,450,L04,1-3,0,0
202512121304,2025-12-12,13,4,1-2,920,L04,1-3,0,0
202512121711,2025-12-12,17,11,1-6,1890,L04,1-3,0,0
202512130106,2025-12-13,01,6,1-4,480,L04,1-3,0,0
202512130202,2025-12-13,02,2,1-2,1570,L04,1-3,0,0
202512130205,2025-12-13,02,5,1-2,580,L04,1-3,0,0
202512130309,2025-12-13,03,9,2-1,1150,L04,1-3,0,0
202512130505,2025-12-13,05,5,1-6,560,L04,1-3,0,0
202512130606,2025-12-13,06,6,1-3,450,L04,1-3,1,450
202512130706,2025-12-13,07,6,1-6,490,L04,1-3,0,0
202512130708,2025-12-13,07,8,3-1,2930,L04,1-3,0,0
202512130805,2025-12-13,08,5,1-3,370,L04,1-3,1,370
202512131002,2025-12-13,10,2,2-1,610,L04,1-3,0,0
202512131003,2025-12-13,10,3,1-3,220,L04,1-3,1,220
202512131507,2025-12-13,15,7,1-4,230,L04,1-3,0,0
202512131707,2025-12-13,17,7,1-2,300,L04,1-3,0,0
202512131808,2025-12-13,18,8,1-3,610,L04,1-3,1,610
202512132104,2025-12-13,21,4,1-3,190,L04,1-3,1,190
202512132412,2025-12-13,24,12,1-2,300,L04,1-3,0,0
202512140605,2025-12-14,06,5,1-3,450,L04,1-3,1,450
202512140609,2025-12-14,06,9,1-2,260,L04,1-3,0,0
202512140612,2025-12-14,06,12,2-1,1020,L04,1-3,0,0
202512140702,2025-12-14,07,2,2-1,410,L04,1-3,0,0
202512140704,2025-12-14,07,4,1-5,290,L04,1-3,0,0
202512140706,2025-12-14,07,6,1-2,460,L04,1-3,0,0
202512140806,2025-12-14,08,6,1-4,2540,L04,1-3,0,0
202512140810,2025-12-14,08,10,3-1,6800,L04,1-3,0,0
202512141001,2025-12-14,10,1,1-2,290,L04,1-3,0,0
202512141006,2025-12-14,10,6,1-3,900,L04,1-3,1,900
202512141008,2025-12-14,10,8,5-2,4290,L04,1-3,0,0
202512141112,2025-12-14,11,12,1-3,420,L04,1-3,1,420
202512141708,2025-12-14,17,8,3-1,430,L04,1-3,0,0
202512141711,2025-12-14,17,11,1-2,280,L04,1-3,0,0
202512141812,2025-12-14,18,12,1-2,370,L04,1-3,0,0
202512142311,2025-12-14,23,11,1-3,300,L04,1-3,1,300
202512150204,2025-12-15,02,4,3-2,720,L04,1-3,0,0
202512150602,2025-12-15,06,2,1-3,1970,L04,1-3,1,1970
202512150707,2025-12-15,07,7,1-3,190,L04,1-3,1,190
202512150712,2025-12-15,07,12,1-2,380,L04,1-3,0,0
202512150807,2025-12-15,08,7,1-2,320,L04,1-3,0,0
202512150902,2025-12-15,09,2,4-2,4040,L04,1-3,0,0
202512150911,2025-12-15,09,11,1-2,180,L04,1-3,0,0
202512150912,2025-12-15,09,12,1-3,310,L04,1-3,1,310
202512151003,2025-12-15,10,3,1-3,190,L04,1-3,1,190
202512151006,2025-12-15,10,6,2-1,720,L04,1-3,0,0
202512151509,2025-12-15,15,9,1-4,680,L04,1-3,0,0
202512151703,2025-12-15,17,3,1-2,250,L04,1-3,0,0
202512151705,2025-12-15,17,5,1-2,230,L04,1-3,0,0
202512151709,2025-12-15,17,9,1-2,330,L04,1-3,0,0
202512151711,2025-12-15,17,11,2-3,3870,L04,1-3,0,0
202512152303,2025-12-15,23,3,1-3,230,L04,1-3,1,230
202512152402,2025-12-15,24,2,2-1,650,L04,1-3,0,0
202512160106,2025-12-16,01,6,1-3,190,L04,1-3,1,190
202512160202,2025-12-16,02,2,3-1,1650,L04,1-3,0,0
202512160803,2025-12-16,08,3,3-1,330,L04,1-3,0,0
202512160912,2025-12-16,09,12,1-3,250,L04,1-3,1,250
202512161011,2025-12-16,10,11,1-3,340,L04,1-3,1,340
202512161107,2025-12-16,11,7,2-1,870,L04,1-3,0,0
202512161806,2025-12-16,18,6,1-3,590,L04,1-3,1,590
202512162202,2025-12-16,22,2,1-6,440,L04,1-3,0,0
202512162203,2025-12-16,22,3,3-1,500,L04,1-3,0,0
202512162207,2025-12-16,22,7,1-3,1010,L04,1-3,1,1010
202512162210,2025-12-16,22,10,1-4,880,L04,1-3,0,0
202512162301,2025-12-16,23,1,1-2,230,L04,1-3,0,0
202512162307,2025-12-16,23,7,2-1,940,L04,1-3,0,0
202512162401,2025-12-16,24,1,1-4,490,L04,1-3,0,0
202512162404,2025-12-16,24,4,1-5,1500,L04,1-3,0,0
202512162409,2025-12-16,24,9,1-3,1330,L04,1-3,1,1330
202512162411,2025-12-16,24,11,1-2,250,L04,1-3,0,0
202512170109,2025-12-17,01,9,1-5,400,L04,1-3,0,0
202512170504,2025-12-17,05,4,2-1,650,L04,1-3,0,0
202512170810,2025-12-17,08,10,1-2,280,L04,1-3,0,0
202512170903,2025-12-17,09,3,1-5,1590,L04,1-3,0,0
202512170904,2025-12-17,09,4,2-1,1460,L04,1-3,0,0
202512170906,2025-12-17,09,6,3-1,850,L04,1-3,0,0
202512171008,2025-12-17,10,8,1-2,230,L04,1-3,0,0
202512171009,2025-12-17,10,9,1-3,470,L04,1-3,1,470
202512171010,2025-12-17,10,10,2-3,7320,L04,1-3,0,0
202512171109,2025-12-17,11,9,2-5,2490,L04,1-3,0,0
202512171111,2025-12-17,11,11,1-3,460,L04,1-3,1,460
202512171811,2025-12-17,18,11,1-4,430,L04,1-3,0,0
202512171812,2025-12-17,18,12,1-3,230,L04,1-3,1,230
202512172202,2025-12-17,22,2,1-3,300,L04,1-3,1,300
202512172204,2025-12-17,22,4,2-1,670,L04,1-3,0,0
202512172211,2025-12-17,22,11,1-4,1000,L04,1-3,0,0
202512172212,2025-12-17,22,12,1-4,960,L04,1-3,0,0
202512172301,2025-12-17,23,1,1-5,1230,L04,1-3,0,0
202512172311,2025-12-17,23,11,1-2,330,L04,1-3,0,0
202512172406,2025-12-17,24,6,1-3,410,L04,1-3,1,410
202512172407,2025-12-17,24,7,1-5,2380,L04,1-3,0,0
202512172409,2025-12-17,24,9,1-3,360,L04,1-3,1,360
202512172411,2025-12-17,24,11,1-3,580,L04,1-3,1,580
202512180310,2025-12-18,03,10,1-2,220,L04,1-3,0,0
202512180504,2025-12-18,05,4,2-1,5340,L04,1-3,0,0
202512180805,2025-12-18,08,5,1-2,420,L04,1-3,0,0
202512180810,2025-12-18,08,10,2-1,1210,L04,1-3,0,0
202512180906,2025-12-18,09,6,1-3,280,L04,1-3,1,280
202512180912,2025-12-18,09,12,1-2,390,L04,1-3,0,0
202512181101,2025-12-18,11,1,2-3,5230,L04,1-3,0,0
202512181112,2025-12-18,11,12,4-1,1700,L04,1-3,0,0
202512181204,2025-12-18,12,4,1-3,580,L04,1-3,1,580
202512181212,2025-12-18,12,12,1-2,270,L04,1-3,0,0
202512181809,2025-12-18,18,9,1-5,410,L04,1-3,0,0
202512182105,2025-12-18,21,5,1-2,370,L04,1-3,0,0
202512182401,2025-12-18,24,1,1-4,510,L04,1-3,0,0
202512182410,2025-12-18,24,10,1-6,1490,L04,1-3,0,0
202512190302,2025-12-19,03,2,1-3,1920,L04,1-3,1,1920
202512190305,2025-12-19,03,5,2-1,1100,L04,1-3,0,0
202512190507,2025-12-19,05,7,1-4,280,L04,1-3,0,0
202512190610,2025-12-19,06,10,1-6,3530,L04,1-3,0,0
202512190611,2025-12-19,06,11,1-3,270,L04,1-3,1,270
202512191109,2025-12-19,11,9,1-5,450,L04,1-3,0,0
202512191112,2025-12-19,11,12,1-4,490,L04,1-3,0,0
202512191211,2025-12-19,12,11,1-2,290,L04,1-3,0,0
202512191405,2025-12-19,14,5,4-1,1570,L04,1-3,0,0
202512191611,2025-12-19,16,11,2-1,1560,L04,1-3,0,0
202512191902,2025-12-19,19,2,1-3,270,L04,1-3,1,270
202512191904,2025-12-19,19,4,1-3,480,L04,1-3,1,480
202512191905,2025-12-19,19,5,1-2,280,L04,1-3,0,0
202512191909,2025-12-19,19,9,1-3,310,L04,1-3,1,310
202512192112,2025-12-19,21,12,1-3,300,L04,1-3,1,300
202512192204,2025-12-19,22,4,5-6,1340,L04,1-3,0,0
202512192210,2025-12-19,22,10,1-2,200,L04,1-3,0,0
202512192212,2025-12-19,22,12,1-4,670,L04,1-3,0,0
202512192405,2025-12-19,24,5,1-3,1990,L04,1-3,1,1990
202512200209,2025-12-20,02,9,4-5,10550,L04,1-3,0,0
202512200302,2025-12-20,03,2,1-6,2170,L04,1-3,0,0
202512200510,2025-12-20,05,10,1-3,400,L04,1-3,1,400
202512200612,2025-12-20,06,12,1-5,490,L04,1-3,0,0
202512201412,2025-12-20,14,12,1-4,620,L04,1-3,0,0
202512201601,2025-12-20,16,1,1-2,530,L04,1-3,0,0
202512201612,2025-12-20,16,12,1-2,230,L04,1-3,0,0
202512201701,2025-12-20,17,1,4-2,4400,L04,1-3,0,0
202512201708,2025-12-20,17,8,1-4,330,L04,1-3,0,0
202512201910,2025-12-20,19,10,1-3,340,L04,1-3,1,340
202512201911,2025-12-20,19,11,1-3,450,L04,1-3,1,450
202512202003,2025-12-20,20,3,1-2,540,L04,1-3,0,0
202512202206,2025-12-20,22,6,1-5,1090,L04,1-3,0,0
202512202302,2025-12-20,23,2,1-2,220,L04,1-3,0,0
202512210201,2025-12-21,02,1,1-2,650,L04,1-3,0,0
202512210207,2025-12-21,02,7,1-6,2240,L04,1-3,0,0
202512210308,2025-12-21,03,8,1-2,340,L04,1-3,0,0
202512210508,2025-12-21,05,8,1-6,1720,L04,1-3,0,0
202512210602,2025-12-21,06,2,2-5,1110,L04,1-3,0,0
202512210603,2025-12-21,06,3,1-2,1400,L04,1-3,0,0
202512210604,2025-12-21,06,4,1-2,1120,L04,1-3,0,0
202512210607,2025-12-21,06,7,4-6,1120,L04,1-3,0,0
202512210802,2025-12-21,08,2,3-2,6260,L04,1-3,0,0
202512210805,2025-12-21,08,5,5-2,3460,L04,1-3,0,0
202512210811,2025-12-21,08,11,1-5,330,L04,1-3,0,0
202512210812,2025-12-21,08,12,1-2,260,L04,1-3,0,0
202512211212,2025-12-21,12,12,1-2,300,L04,1-3,0,0
202512211704,2025-12-21,17,4,3-1,1760,L04,1-3,0,0
202512211905,2025-12-21,19,5,1-3,330,L04,1-3,1,330
202512211910,2025-12-21,19,10,1-4,400,L04,1-3,0,0
202512212004,2025-12-21,20,4,1-3,1160,L04,1-3,1,1160
202512212112,2025-12-21,21,12,1-4,540,L04,1-3,0,0
202512212304,2025-12-21,23,4,1-3,500,L04,1-3,1,500
202512212312,2025-12-21,23,12,5-1,4760,L04,1-3,0,0
202512220208,2025-12-22,02,8,2-1,2040,L04,1-3,0,0
202512220210,2025-12-22,02,10,1-2,300,L04,1-3,0,0
202512220604,2025-12-22,06,4,2-6,12640,L04,1-3,0,0
202512220703,2025-12-22,07,3,1-3,320,L04,1-3,1,320
202512220801,2025-12-22,08,1,2-5,21300,L04,1-3,0,0
202512220908,2025-12-22,09,8,6-1,2750,L04,1-3,0,0
202512221401,2025-12-22,14,1,1-2,270,L04,1-3,0,0
202512221402,2025-12-22,14,2,4-3,4250,L04,1-3,0,0
202512221407,2025-12-22,14,7,1-3,650,L04,1-3,1,650
202512221411,2025-12-22,14,11,1-4,340,L04,1-3,0,0
202512221502,2025-12-22,15,2,4-1,2380,L04,1-3,0,0
202512221509,2025-12-22,15,9,1-3,860,L04,1-3,1,860
202512221605,2025-12-22,16,5,4-6,6130,L04,1-3,0,0
202512221612,2025-12-22,16,12,2-1,1050,L04,1-3,0,0
202512221710,2025-12-22,17,10,1-3,530,L04,1-3,1,530
202512221711,2025-12-22,17,11,3-1,820,L04,1-3,0,0
202512221712,2025-12-22,17,12,3-5,10660,L04,1-3,0,0
202512221912,2025-12-22,19,12,2-1,760,L04,1-3,0,0
202512222011,2025-12-22,20,11,1-4,410,L04,1-3,0,0
202512222104,2025-12-22,21,4,1-5,1620,L04,1-3,0,0
202512222301,2025-12-22,23,1,1-3,360,L04,1-3,1,360
202512230203,2025-12-23,02,3,1-3,610,L04,1-3,1,610
202512230206,2025-12-23,02,6,1-3,450,L04,1-3,1,450
202512230208,2025-12-23,02,8,1-5,390,L04,1-3,0,0
202512230209,2025-12-23,02,9,2-1,1630,L04,1-3,0,0
202512230212,2025-12-23,02,12,3-2,5440,L04,1-3,0,0
202512230612,2025-12-23,06,12,1-2,250,L04,1-3,0,0
202512230703,2025-12-23,07,3,1-3,480,L04,1-3,1,480
202512230801,2025-12-23,08,1,2-3,10050,L04,1-3,0,0
202512230901,2025-12-23,09,1,1-2,200,L04,1-3,0,0
202512230906,2025-12-23,09,6,2-4,440,L04,1-3,0,0
202512231403,2025-12-23,14,3,1-2,650,L04,1-3,0,0
202512231501,2025-12-23,15,1,1-6,3100,L04,1-3,0,0
202512231504,2025-12-23,15,4,2-6,1360,L04,1-3,0,0
202512231511,2025-12-23,15,11,1-3,230,L04,1-3,1,230
202512231605,2025-12-23,16,5,1-6,8140,L04,1-3,0,0
202512231704,2025-12-23,17,4,1-2,670,L04,1-3,0,0
202512231708,2025-12-23,17,8,3-1,1510,L04,1-3,0,0
202512232008,2025-12-23,20,8,1-3,180,L04,1-3,1,180
202512232010,2025-12-23,20,10,1-3,330,L04,1-3,1,330
202512232012,2025-12-23,20,12,1-2,250,L04,1-3,0,0
202512232105,2025-12-23,21,5,1-4,370,L04,1-3,0,0
202512232301,2025-12-23,23,1,1-4,1460,L04,1-3,0,0
202512232309,2025-12-23,23,9,1-2,330,L04,1-3,0,0
202512240210,2025-12-24,02,10,1-2,460,L04,1-3,0,0
202512240212,2025-12-24,02,12,1-6,2560,L04,1-3,0,0
202512240601,2025-12-24,06,1,3-4,2000,L04,1-3,0,0
202512240612,2025-12-24,06,12,1-4,470,L04,1-3,0,0
202512240710,2025-12-24,07,10,1-3,610,L04,1-3,1,610
202512240911,2025-12-24,09,11,1-6,1220,L04,1-3,0,0
202512241001,2025-12-24,10,1,1-3,270,L04,1-3,1,270
202512241003,2025-12-24,10,3,5-3,13810,L04,1-3,0,0
202512241006,2025-12-24,10,6,2-1,2540,L04,1-3,0,0
202512241112,2025-12-24,11,12,1-2,360,L04,1-3,0,0
202512241310,2025-12-24,13,10,1-2,290,L04,1-3,0,0
202512241402,2025-12-24,14,2,2-1,3110,L04,1-3,0,0
202512241510,2025-12-24,15,10,1-2,140,L04,1-3,0,0
202512241801,2025-12-24,18,1,1-4,270,L04,1-3,0,0
202512242001,2025-12-24,20,1,4-2,1030,L04,1-3,0,0
202512250705,2025-12-25,07,5,2-4,750,L04,1-3,0,0
202512250710,2025-12-25,07,10,1-5,360,L04,1-3,0,0
202512250803,2025-12-25,08,3,1-3,230,L04,1-3,1,230
202512250908,2025-12-25,09,8,1-5,460,L04,1-3,0,0
202512250910,2025-12-25,09,10,1-5,460,L04,1-3,0,0
202512251006,2025-12-25,10,6,1-4,1040,L04,1-3,0,0
202512251203,2025-12-25,12,3,1-4,500,L04,1-3,0,0
202512251302,2025-12-25,13,2,1-4,710,L04,1-3,0,0
202512251501,2025-12-25,15,1,1-3,440,L04,1-3,1,440
202512251506,2025-12-25,15,6,1-3,220,L04,1-3,1,220
202512251602,2025-12-25,16,2,3-1,630,L04,1-3,0,0
202512251606,2025-12-25,16,6,1-3,240,L04,1-3,1,240
202512251611,2025-12-25,16,11,1-2,200,L04,1-3,0,0
202512251806,2025-12-25,18,6,1-6,1590,L04,1-3,0,0
202512251809,2025-12-25,18,9,1-2,220,L04,1-3,0,0
202512252007,2025-12-25,20,7,2-3,16310,L04,1-3,0,0
202512252210,2025-12-25,22,10,3-1,2250,L04,1-3,0,0
202512260408,2025-12-26,04,8,2-1,2380,L04,1-3,0,0
202512260706,2025-12-26,07,6,6-2,1160,L04,1-3,0,0
202512260711,2025-12-26,07,11,1-2,190,L04,1-3,0,0
202512260904,2025-12-26,09,4,1-5,480,L04,1-3,0,0
202512261106,2025-12-26,11,6,3-4,1080,L04,1-3,0,0
202512261109,2025-12-26,11,9,1-3,1240,L04,1-3,1,1240
202512261110,2025-12-26,11,10,1-5,660,L04,1-3,0,0
202512261112,2025-12-26,11,12,4-1,2110,L04,1-3,0,0
202512261201,2025-12-26,12,1,1-3,300,L04,1-3,1,300
202512261208,2025-12-26,12,8,4-1,500,L04,1-3,0,0
202512261304,2025-12-26,13,4,4-2,3070,L04,1-3,0,0
202512261307,2025-12-26,13,7,1-3,260,L04,1-3,1,260
202512261308,2025-12-26,13,8,1-6,490,L04,1-3,0,0
202512261508,2025-12-26,15,8,1-5,3190,L04,1-3,0,0
202512261802,2025-12-26,18,2,1-3,270,L04,1-3,1,270
202512262209,2025-12-26,22,9,1-6,360,L04,1-3,0,0
202512270104,2025-12-27,01,4,3-6,4110,L04,1-3,0,0
202512270109,2025-12-27,01,9,3-1,580,L04,1-3,0,0
202512270411,2025-12-27,04,11,5-6,4130,L04,1-3,0,0
202512270711,2025-12-27,07,11,1-5,740,L04,1-3,0,0
202512271005,2025-12-27,10,5,2-4,2870,L04,1-3,0,0
202512271008,2025-12-27,10,8,1-3,920,L04,1-3,1,920
202512271106,2025-12-27,11,6,1-3,860,L04,1-3,1,860
202512271107,2025-12-27,11,7,1-2,130,L04,1-3,0,0
202512271109,2025-12-27,11,9,1-3,730,L04,1-3,1,730
202512271112,2025-12-27,11,12,1-3,290,L04,1-3,1,290
202512271210,2025-12-27,12,10,1-6,520,L04,1-3,0,0
202512271802,2025-12-27,18,2,2-1,800,L04,1-3,0,0
202512271810,2025-12-27,18,10,1-2,810,L04,1-3,0,0
202512272201,2025-12-27,22,1,1-2,200,L04,1-3,0,0
202512272207,2025-12-27,22,7,1-2,760,L04,1-3,0,0
202512272408,2025-12-27,24,8,1-2,410,L04,1-3,0,0
202512272409,2025-12-27,24,9,3-1,7390,L04,1-3,0,0
202512272411,2025-12-27,24,11,1-5,1170,L04,1-3,0,0
202512280208,2025-12-28,02,8,2-5,590,L04,1-3,0,0
202512280405,2025-12-28,04,5,1-2,220,L04,1-3,0,0
202512280407,2025-12-28,04,7,2-4,1310,L04,1-3,0,0
202512280503,2025-12-28,05,3,1-5,650,L04,1-3,0,0
202512280505,2025-12-28,05,5,2-1,340,L04,1-3,0,0
202512280701,2025-12-28,07,1,2-1,540,L04,1-3,0,0
202512280706,2025-12-28,07,6,1-4,860,L04,1-3,0,0
202512281108,2025-12-28,11,8,1-6,2670,L04,1-3,0,0
202512281204,2025-12-28,12,4,1-2,360,L04,1-3,0,0
202512281209,2025-12-28,12,9,1-3,1060,L04,1-3,1,1060
202512281607,2025-12-28,16,7,1-2,560,L04,1-3,0,0
202512281906,2025-12-28,19,6,2-1,320,L04,1-3,0,0
202512281908,2025-12-28,19,8,1-2,170,L04,1-3,0,0
202512282206,2025-12-28,22,6,5-1,1210,L04,1-3,0,0
202512282406,2025-12-28,24,6,1-2,290,L04,1-3,0,0
202512290205,2025-12-29,02,5,1-4,250,L04,1-3,0,0
202512290304,2025-12-29,03,4,6-1,1000,L04,1-3,0,0
202512290309,2025-12-29,03,9,1-3,260,L04,1-3,1,260
202512290312,2025-12-29,03,12,1-3,380,L04,1-3,1,380
202512290510,2025-12-29,05,10,1-5,550,L04,1-3,0,0
202512290606,2025-12-29,06,6,3-5,11650,L04,1-3,0,0
202512290607,2025-12-29,06,7,1-3,270,L04,1-3,1,270
202512290810,2025-12-29,08,10,1-4,340,L04,1-3,0,0
202512291105,2025-12-29,11,5,1-4,800,L04,1-3,0,0
202512291108,2025-12-29,11,8,1-3,350,L04,1-3,1,350
202512291112,2025-12-29,11,12,1-4,490,L04,1-3,0,0
202512291206,2025-12-29,12,6,1-2,240,L04,1-3,0,0
202512291212,2025-12-29,12,12,1-4,660,L04,1-3,0,0
202512291603,2025-12-29,16,3,3-2,2580,L04,1-3,0,0
202512291608,2025-12-29,16,8,1-2,280,L04,1-3,0,0
202512291905,2025-12-29,19,5,1-4,470,L04,1-3,0,0
202512291910,2025-12-29,19,10,3-2,13570,L04,1-3,0,0
202512292207,2025-12-29,22,7,1-2,240,L04,1-3,0,0
202512292209,2025-12-29,22,9,5-1,2450,L04,1-3,0,0
202512292210,2025-12-29,22,10,1-2,140,L04,1-3,0,0
202512292301,2025-12-29,23,1,1-2,230,L04,1-3,0,0
202512292311,2025-12-29,23,11,1-3,1020,L04,1-3,1,1020
202512292402,2025-12-29,24,2,1-2,460,L04,1-3,0,0
202512292408,2025-12-29,24,8,1-3,540,L04,1-3,1,540
202512300206,2025-12-30,02,6,1-2,340,L04,1-3,0,0
202512300401,2025-12-30,04,1,1-3,510,L04,1-3,1,510
202512300402,2025-12-30,04,2,4-1,1020,L04,1-3,0,0
202512300411,2025-12-30,04,11,5-4,2570,L04,1-3,0,0
202512300504,2025-12-30,05,4,4-2,5330,L04,1-3,0,0
202512300601,2025-12-30,06,1,1-3,1020,L04,1-3,1,1020
202512300603,2025-12-30,06,3,6-1,3370,L04,1-3,0,0
202512300608,2025-12-30,06,8,3-5,2420,L04,1-3,0,0
202512300809,2025-12-30,08,9,1-3,900,L04,1-3,1,900
202512300907,2025-12-30,09,7,1-2,710,L04,1-3,0,0
202512301002,2025-12-30,10,2,1-3,590,L04,1-3,1,590
202512301011,2025-12-30,10,11,3-4,6500,L04,1-3,0,0
202512301608,2025-12-30,16,8,2-4,820,L04,1-3,0,0
202512301609,2025-12-30,16,9,1-3,370,L04,1-3,1,370
202512301903,2025-12-30,19,3,5-4,1910,L04,1-3,0,0
202512302104,2025-12-30,21,4,1-4,270,L04,1-3,0,0
202512302112,2025-12-30,21,12,1-6,940,L04,1-3,0,0
202512302207,2025-12-30,22,7,3-4,4050,L04,1-3,0,0
202512302211,2025-12-30,22,11,1-3,260,L04,1-3,1,260
202512302309,2025-12-30,23,9,2-1,1150,L04,1-3,0,0
202512302311,2025-12-30,23,11,1-2,140,L04,1-3,0,0
202512302312,2025-12-30,23,12,1-5,820,L04,1-3,0,0
202512302407,2025-12-30,24,7,1-2,490,L04,1-3,0,0
202512302408,2025-12-30,24,8,1-3,490,L04,1-3,1,490
202512310209,2025-12-31,02,9,1-3,430,L04,1-3,1,430
202512310211,2025-12-31,02,11,1-3,290,L04,1-3,1,290
202512310404,2025-12-31,04,4,1-3,560,L04,1-3,1,560
202512310410,2025-12-31,04,10,3-1,3820,L04,1-3,0,0
202512310411,2025-12-31,04,11,1-2,250,L04,1-3,0,0
202512310504,2025-12-31,05,4,2-6,730,L04,1-3,0,0
202512310507,2025-12-31,05,7,1-4,460,L04,1-3,0,0
202512310609,2025-12-31,06,9,1-3,620,L04,1-3,1,620
202512310710,2025-12-31,07,10,1-3,210,L04,1-3,1,210
202512310712,2025-12-31,07,12,3-2,10800,L04,1-3,0,0
202512310801,2025-12-31,08,1,1-4,240,L04,1-3,0,0
202512310803,2025-12-31,08,3,4-3,1700,L04,1-3,0,0
202512310806,2025-12-31,08,6,1-2,450,L04,1-3,0,0
202512310911,2025-12-31,09,11,1-3,350,L04,1-3,1,350
202512311605,2025-12-31,16,5,1-5,890,L04,1-3,0,0
202512311607,2025-12-31,16,7,1-2,1290,L04,1-3,0,0
202512311609,2025-12-31,16,9,2-4,2050,L04,1-3,0,0
202512311702,2025-12-31,17,2,2-1,790,L04,1-3,0,0
202512311708,2025-12-31,17,8,1-4,270,L04,1-3,0,0
202512311710,2025-12-31,17,10,1-5,1190,L04,1-3,0,0
202512312309,2025-12-31,23,9,1-3,420,L04,1-3,1,420
202601010601,2026-01-01,06,1,1-3,190,L04,1-3,1,190
202601010603,2026-01-01,06,3,1-3,430,L04,1-3,1,430
202601010610,2026-01-01,06,10,1-2,760,L04,1-3,0,0
202601010712,2026-01-01,07,12,1-3,250,L04,1-3,1,250
202601010811,2026-01-01,08,11,1-4,820,L04,1-3,0,0
202601011006,2026-01-01,10,6,3-6,1080,L04,1-3,0,0
202601011007,2026-01-01,10,7,1-5,1370,L04,1-3,0,0
202601011406,2026-01-01,14,6,2-4,1040,L04,1-3,0,0
202601011411,2026-01-01,14,11,1-4,510,L04,1-3,0,0
202601011501,2026-01-01,15,1,1-3,220,L04,1-3,1,220
202601011603,2026-01-01,16,3,5-1,4650,L04,1-3,0,0
202601011610,2026-01-01,16,10,1-4,600,L04,1-3,0,0
202601011709,2026-01-01,17,9,4-3,3400,L04,1-3,0,0
202601011711,2026-01-01,17,11,1-3,240,L04,1-3,1,240
202601011712,2026-01-01,17,12,1-4,1950,L04,1-3,0,0
202601011912,2026-01-01,19,12,1-6,2000,L04,1-3,0,0
202601012008,2026-01-01,20,8,1-2,200,L04,1-3,0,0
202601012009,2026-01-01,20,9,1-4,790,L04,1-3,0,0
202601012303,2026-01-01,23,3,1-4,720,L04,1-3,0,0
202601012305,2026-01-01,23,5,6-1,290,L04,1-3,0,0
202601020102,2026-01-02,01,2,1-5,960,L04,1-3,0,0
202601020308,2026-01-02,03,8,1-2,1130,L04,1-3,0,0
202601020309,2026-01-02,03,9,1-3,340,L04,1-3,1,340
202601020608,2026-01-02,06,8,1-2,380,L04,1-3,0,0
202601020711,2026-01-02,07,11,1-2,220,L04,1-3,0,0
202601020801,2026-01-02,08,1,1-2,260,L04,1-3,0,0
202601020812,2026-01-02,08,12,1-2,260,L04,1-3,0,0
202601021008,2026-01-02,10,8,1-4,650,L04,1-3,0,0
202601021803,2026-01-02,18,3,1-3,790,L04,1-3,1,790
202601021804,2026-01-02,18,4,1-2,240,L04,1-3,0,0
202601022009,2026-01-02,20,9,1-2,310,L04,1-3,0,0
202601022101,2026-01-02,21,1,1-5,1040,L04,1-3,0,0
202601030301,2026-01-03,03,1,1-2,740,L04,1-3,0,0
202601030305,2026-01-03,03,5,1-4,3380,L04,1-3,0,0
202601030311,2026-01-03,03,11,1-6,1600,L04,1-3,0,0
202601030510,2026-01-03,05,10,1-4,890,L04,1-3,0,0
202601030603,2026-01-03,06,3,1-2,280,L04,1-3,0,0
202601030607,2026-01-03,06,7,1-4,1090,L04,1-3,0,0
202601030808,2026-01-03,08,8,1-4,400,L04,1-3,0,0
202601030812,2026-01-03,08,12,1-2,200,L04,1-3,0,0
202601030901,2026-01-03,09,1,1-2,250,L04,1-3,0,0
202601030908,2026-01-03,09,8,1-4,210,L04,1-3,0,0
202601030910,2026-01-03,09,10,1-2,380,L04,1-3,0,0
202601031106,2026-01-03,11,6,1-5,340,L04,1-3,0,0
202601031507,2026-01-03,15,7,1-2,350,L04,1-3,0,0
202601031802,2026-01-03,18,2,1-5,530,L04,1-3,0,0
202601032012,2026-01-03,20,12,4-1,1110,L04,1-3,0,0
202601040210,2026-01-04,02,10,1-4,390,L04,1-3,0,0
202601040211,2026-01-04,02,11,1-5,1400,L04,1-3,0,0
202601040306,2026-01-04,03,6,2-1,620,L04,1-3,0,0
202601040312,2026-01-04,03,12,1-2,250,L04,1-3,0,0
202601040410,2026-01-04,04,10,1-4,510,L04,1-3,0,0
202601040507,2026-01-04,05,7,1-5,530,L04,1-3,0,0
202601040701,2026-01-04,07,1,3-6,2690,L04,1-3,0,0
202601040904,2026-01-04,09,4,1-3,1350,L04,1-3,1,1350
202601040909,2026-01-04,09,9,1-2,270,L04,1-3,0,0
202601041003,2026-01-04,10,3,1-6,2920,L04,1-3,0,0
202601041011,2026-01-04,10,11,1-2,370,L04,1-3,0,0
202601041101,2026-01-04,11,1,1-3,200,L04,1-3,1,200
202601041105,2026-01-04,11,5,1-5,1610,L04,1-3,0,0
202601041112,2026-01-04,11,12,1-3,260,L04,1-3,1,260
202601041201,2026-01-04,12,1,1-3,1470,L04,1-3,1,1470
202601041204,2026-01-04,12,4,1-6,13540,L04,1-3,0,0
202601041209,2026-01-04,12,9,1-3,470,L04,1-3,1,470
202601041210,2026-01-04,12,10,1-5,1060,L04,1-3,0,0
202601041507,2026-01-04,15,7,3-1,1030,L04,1-3,0,0
202601042006,2026-01-04,20,6,6-1,15590,L04,1-3,0,0
202601042010,2026-01-04,20,10,1-3,1050,L04,1-3,1,1050
202601042206,2026-01-04,22,6,1-6,980,L04,1-3,0,0
202601042410,2026-01-04,24,10,6-5,29050,L04,1-3,0,0
202601050104,2026-01-05,01,4,2-3,190,L04,1-3,0,0
202601050107,2026-01-05,01,7,1-3,190,L04,1-3,1,190
202601050110,2026-01-05,01,10,4-1,3790,L04,1-3,0,0
202601050112,2026-01-05,01,12,1-2,240,L04,1-3,0,0
202601050202,2026-01-05,02,2,3-5,440,L04,1-3,0,0
202601050203,2026-01-05,02,3,2-5,940,L04,1-3,0,0
202601050311,2026-01-05,03,11,1-4,600,L04,1-3,0,0
202601050407,2026-01-05,04,7,4-2,1840,L04,1-3,0,0
202601050409,2026-01-05,04,9,1-2,380,L04,1-3,0,0
202601050501,2026-01-05,05,1,3-1,7330,L04,1-3,0,0
202601051304,2026-01-05,13,4,1-3,1080,L04,1-3,1,1080
202601051306,2026-01-05,13,6,1-4,230,L04,1-3,0,0
202601051404,2026-01-05,14,4,1-6,480,L04,1-3,0,0
202601051409,2026-01-05,14,9,1-4,490,L04,1-3,0,0
202601051510,2026-01-05,15,10,1-3,490,L04,1-3,1,490
202601052006,2026-01-05,20,6,1-2,490,L04,1-3,0,0
202601052010,2026-01-05,20,10,1-3,260,L04,1-3,1,260
202601052308,2026-01-05,23,8,1-3,660,L04,1-3,1,660
202601052311,2026-01-05,23,11,1-3,350,L04,1-3,1,350
202601052403,2026-01-05,24,3,3-1,3560,L04,1-3,0,0
202601052405,2026-01-05,24,5,1-2,600,L04,1-3,0,0
202601052406,2026-01-05,24,6,1-5,1090,L04,1-3,0,0
202601060101,2026-01-06,01,1,1-3,360,L04,1-3,1,360
202601060109,2026-01-06,01,9,1-3,270,L04,1-3,1,270
202601060205,2026-01-06,02,5,4-3,2270,L04,1-3,0,0
202601060307,2026-01-06,03,7,1-5,1630,L04,1-3,0,0
202601060309,2026-01-06,03,9,1-2,340,L04,1-3,0,0
202601060310,2026-01-06,03,10,4-1,1860,L04,1-3,0,0
202601060502,2026-01-06,05,2,1-6,700,L04,1-3,0,0
202601060506,2026-01-06,05,6,1-3,610,L04,1-3,1,610
202601061202,2026-01-06,12,2,2-4,4400,L04,1-3,0,0
202601061302,2026-01-06,13,2,3-4,310,L04,1-3,0,0
202601061601,2026-01-06,16,1,2-1,1260,L04,1-3,0,0
202601061604,2026-01-06,16,4,1-6,4000,L04,1-3,0,0
202601061806,2026-01-06,18,6,1-3,300,L04,1-3,1,300
202601061808,2026-01-06,18,8,1-2,720,L04,1-3,0,0
202601062001,2026-01-06,20,1,3-1,1320,L04,1-3,0,0
202601062009,2026-01-06,20,9,1-5,420,L04,1-3,0,0
202601062011,2026-01-06,20,11,1-2,870,L04,1-3,0,0
202601062208,2026-01-06,22,8,2-1,380,L04,1-3,0,0
202601062209,2026-01-06,22,9,1-2,340,L04,1-3,0,0
202601062210,2026-01-06,22,10,2-3,910,L04,1-3,0,0
202601062306,2026-01-06,23,6,1-3,750,L04,1-3,1,750
202601062309,2026-01-06,23,9,1-3,350,L04,1-3,1,350
202601062312,2026-01-06,23,12,1-2,210,L04,1-3,0,0
202601062404,2026-01-06,24,4,1-4,410,L04,1-3,0,0
202601070203,2026-01-07,02,3,1-4,280,L04,1-3,0,0
202601070206,2026-01-07,02,6,1-3,240,L04,1-3,1,240
202601070210,2026-01-07,02,10,1-2,230,L04,1-3,0,0
202601070411,2026-01-07,04,11,5-2,770,L04,1-3,0,0
202601070511,2026-01-07,05,11,1-5,700,L04,1-3,0,0
202601070702,2026-01-07,07,2,2-1,340,L04,1-3,0,0
202601071002,2026-01-07,10,2,2-1,620,L04,1-3,0,0
202601071205,2026-01-07,12,5,1-2,290,L04,1-3,0,0
202601071309,2026-01-07,13,9,1-5,410,L04,1-3,0,0
202601071806,2026-01-07,18,6,1-2,670,L04,1-3,0,0
202601071912,2026-01-07,19,12,1-3,270,L04,1-3,1,270
202601072201,2026-01-07,22,1,1-3,460,L04,1-3,1,460
202601072203,2026-01-07,22,3,1-5,3410,L04,1-3,0,0
202601072212,2026-01-07,22,12,1-3,190,L04,1-3,1,190
202601072304,2026-01-07,23,4,1-4,430,L04,1-3,0,0
202601080205,2026-01-08,02,5,1-3,640,L04,1-3,1,640
202601080409,2026-01-08,04,9,1-3,820,L04,1-3,1,820
202601080606,2026-01-08,06,6,2-1,350,L04,1-3,0,0
202601080611,2026-01-08,06,11,1-6,630,L04,1-3,0,0
202601080702,2026-01-08,07,2,2-1,900,L04,1-3,0,0
202601080708,2026-01-08,07,8,1-2,820,L04,1-3,0,0
202601080711,2026-01-08,07,11,3-1,600,L04,1-3,0,0
202601081003,2026-01-08,10,3,1-2,940,L04,1-3,0,0
202601081009,2026-01-08,10,9,2-1,1330,L04,1-3,0,0
202601081108,2026-01-08,11,8,1-6,1350,L04,1-3,0,0
202601081308,2026-01-08,13,8,2-1,1250,L04,1-3,0,0
202601081504,2026-01-08,15,4,5-1,1030,L04,1-3,0,0
202601081612,2026-01-08,16,12,4-1,1380,L04,1-3,0,0
202601082208,2026-01-08,22,8,1-3,800,L04,1-3,1,800
202601082302,2026-01-08,23,2,1-4,720,L04,1-3,0,0
202601082311,2026-01-08,23,11,2-1,430,L04,1-3,0,0
202601082406,2026-01-08,24,6,1-2,290,L04,1-3,0,0
202601090605,2026-01-09,06,5,1-2,300,L04,1-3,0,0
202601090901,2026-01-09,09,1,1-3,630,L04,1-3,1,630
202601090910,2026-01-09,09,10,1-2,180,L04,1-3,0,0
202601091002,2026-01-09,10,2,1-5,1460,L04,1-3,0,0
202601091009,2026-01-09,10,9,1-2,420,L04,1-3,0,0
202601091504,2026-01-09,15,4,1-3,340,L04,1-3,1,340
202601091506,2026-01-09,15,6,2-3,1720,L04,1-3,0,0
202601091512,2026-01-09,15,12,1-2,290,L04,1-3,0,0
202601091607,2026-01-09,16,7,1-2,470,L04,1-3,0,0
202601092008,2026-01-09,20,8,2-1,530,L04,1-3,0,0
202601092303,2026-01-09,23,3,1-3,200,L04,1-3,1,200
202601100603,2026-01-10,06,3,1-4,420,L04,1-3,0,0
202601101002,2026-01-10,10,2,1-2,160,L04,1-3,0,0
202601101612,2026-01-10,16,12,1-3,420,L04,1-3,1,420
202601101805,2026-01-10,18,5,1-6,1460,L04,1-3,0,0
202512110607,2025-12-11,06,7,1-2,830,L05,1-3,0,0
202512110708,2025-12-11,07,8,3-4,1020,L05,1-3,0,0
202512111709,2025-12-11,17,9,2-1,1110,L05,1-3,0,0
202512120611,2025-12-12,06,11,3-1,1700,L05,1-3,0,0
202512121006,2025-12-12,10,6,3-2,1130,L05,1-3,0,0
202512121007,2025-12-12,10,7,1-3,2060,L05,1-3,1,2060
202512121305,2025-12-12,13,5,1-2,260,L05,1-3,0,0
202512121509,2025-12-12,15,9,1-2,190,L05,1-3,0,0
202512121510,2025-12-12,15,10,1-5,360,L05,1-3,0,0
202512122106,2025-12-12,21,6,5-1,830,L05,1-3,0,0
202512130601,2025-12-13,06,1,5-3,4740,L05,1-3,0,0
202512131701,2025-12-13,17,1,1-2,480,L05,1-3,0,0
202512131703,2025-12-13,17,3,3-4,3350,L05,1-3,0,0
202512131805,2025-12-13,18,5,1-2,580,L05,1-3,0,0
202512132101,2025-12-13,21,1,1-5,840,L05,1-3,0,0
202512132103,2025-12-13,21,3,1-2,670,L05,1-3,0,0
202512132401,2025-12-13,24,1,3-1,1290,L05,1-3,0,0
202512140301,2025-12-14,03,1,1-5,870,L05,1-3,0,0
202512140508,2025-12-14,05,8,3-6,5790,L05,1-3,0,0
202512141101,2025-12-14,11,1,3-6,16610,L05,1-3,0,0
202512141712,2025-12-14,17,12,3-1,2020,L05,1-3,0,0
202512141808,2025-12-14,18,8,2-1,820,L05,1-3,0,0
202512141810,2025-12-14,18,10,1-2,570,L05,1-3,0,0
202512150803,2025-12-15,08,3,4-3,1390,L05,1-3,0,0
202512150905,2025-12-15,09,5,1-4,400,L05,1-3,0,0
202512151104,2025-12-15,11,4,1-2,1560,L05,1-3,0,0
202512152203,2025-12-15,22,3,1-3,230,L05,1-3,1,230
202512152210,2025-12-15,22,10,6-1,1590,L05,1-3,0,0
202512152304,2025-12-15,23,4,2-1,1740,L05,1-3,0,0
202512160104,2025-12-16,01,4,4-3,2960,L05,1-3,0,0
202512160203,2025-12-16,02,3,3-1,850,L05,1-3,0,0
202512160902,2025-12-16,09,2,1-4,430,L05,1-3,0,0
202512170104,2025-12-17,01,4,1-5,480,L05,1-3,0,0
202512170311,2025-12-17,03,11,3-1,680,L05,1-3,0,0
202512170802,2025-12-17,08,2,1-6,220,L05,1-3,0,0
202512170804,2025-12-17,08,4,1-3,300,L05,1-3,1,300
202512171003,2025-12-17,10,3,3-1,350,L05,1-3,0,0
202512171801,2025-12-17,18,1,2-1,3380,L05,1-3,0,0
202512172309,2025-12-17,23,9,2-1,920,L05,1-3,0,0
202512180307,2025-12-18,03,7,2-3,230,L05,1-3,0,0
202512181109,2025-12-18,11,9,1-6,2220,L05,1-3,0,0
202512181612,2025-12-18,16,12,1-4,300,L05,1-3,0,0
202512182109,2025-12-18,21,9,3-1,960,L05,1-3,0,0
202512182203,2025-12-18,22,3,3-4,390,L05,1-3,0,0
202512182211,2025-12-18,22,11,1-2,450,L05,1-3,0,0
202512190505,2025-12-19,05,5,1-4,2030,L05,1-3,0,0
202512190604,2025-12-19,06,4,3-6,1650,L05,1-3,0,0
202512191110,2025-12-19,11,10,2-1,450,L05,1-3,0,0
202512191201,2025-12-19,12,1,1-5,600,L05,1-3,0,0
202512191209,2025-12-19,12,9,1-3,350,L05,1-3,1,350
202512191612,2025-12-19,16,12,1-2,270,L05,1-3,0,0
202512191910,2025-12-19,19,10,1-3,270,L05,1-3,1,270
202512192103,2025-12-19,21,3,1-3,320,L05,1-3,1,320
202512192203,2025-12-19,22,3,3-4,1770,L05,1-3,0,0
202512192403,2025-12-19,24,3,3-6,19780,L05,1-3,0,0
202512200210,2025-12-20,02,10,2-1,460,L05,1-3,0,0
202512200307,2025-12-20,03,7,3-1,850,L05,1-3,0,0
202512201908,2025-12-20,19,8,3-1,2740,L05,1-3,0,0
202512210610,2025-12-21,06,10,1-4,190,L05,1-3,0,0
202512211904,2025-12-21,19,4,2-1,670,L05,1-3,0,0
202512212010,2025-12-21,20,10,1-5,570,L05,1-3,0,0
202512212306,2025-12-21,23,6,1-3,360,L05,1-3,1,360
202512221412,2025-12-22,14,12,1-5,1390,L05,1-3,0,0
202512221608,2025-12-22,16,8,1-3,310,L05,1-3,1,310
202512221904,2025-12-22,19,4,1-6,1830,L05,1-3,0,0
202512222009,2025-12-22,20,9,1-3,310,L05,1-3,1,310
202512230905,2025-12-23,09,5,1-4,350,L05,1-3,0,0
202512231405,2025-12-23,14,5,3-5,2370,L05,1-3,0,0
202512240204,2025-12-24,02,4,3-5,3080,L05,1-3,0,0
202512240709,2025-12-24,07,9,1-4,400,L05,1-3,0,0
202512240807,2025-12-24,08,7,3-1,1180,L05,1-3,0,0
202512241802,2025-12-24,18,2,4-1,1330,L05,1-3,0,0
202512241809,2025-12-24,18,9,1-5,1930,L05,1-3,0,0
202512241810,2025-12-24,18,10,2-1,940,L05,1-3,0,0
202512242007,2025-12-24,20,7,1-2,900,L05,1-3,0,0
202512250306,2025-12-25,03,6,3-1,550,L05,1-3,0,0
202512250701,2025-12-25,07,1,1-2,560,L05,1-3,0,0
202512250809,2025-12-25,08,9,2-1,2010,L05,1-3,0,0
202512251307,2025-12-25,13,7,3-2,7460,L05,1-3,0,0
202512251309,2025-12-25,13,9,2-3,15370,L05,1-3,0,0
202512251311,2025-12-25,13,11,1-2,230,L05,1-3,0,0
202512251804,2025-12-25,18,4,1-2,220,L05,1-3,0,0
202512252204,2025-12-25,22,4,2-3,650,L05,1-3,0,0
202512252211,2025-12-25,22,11,1-3,220,L05,1-3,1,220
202512260901,2025-12-26,09,1,1-4,750,L05,1-3,0,0
202512260910,2025-12-26,09,10,1-2,270,L05,1-3,0,0
202512261001,2025-12-26,10,1,3-6,7700,L05,1-3,0,0
202512261206,2025-12-26,12,6,2-1,380,L05,1-3,0,0
202512261301,2025-12-26,13,1,3-1,740,L05,1-3,0,0
202512270306,2025-12-27,03,6,2-4,830,L05,1-3,0,0
202512270504,2025-12-27,05,4,2-3,540,L05,1-3,0,0
202512271003,2025-12-27,10,3,5-6,20220,L05,1-3,0,0
202512271310,2025-12-27,13,10,1-5,620,L05,1-3,0,0
202512271809,2025-12-27,18,9,3-6,9560,L05,1-3,0,0
202512272303,2025-12-27,23,3,1-3,870,L05,1-3,1,870
202512280707,2025-12-28,07,7,1-2,480,L05,1-3,0,0
202512281206,2025-12-28,12,6,3-5,6660,L05,1-3,0,0
202512281602,2025-12-28,16,2,1-2,1750,L05,1-3,0,0
202512281612,2025-12-28,16,12,1-3,340,L05,1-3,1,340
202512290503,2025-12-29,05,3,1-5,3620,L05,1-3,0,0
202512291210,2025-12-29,12,10,1-2,330,L05,1-3,0,0
202512292102,2025-12-29,21,2,3-1,1950,L05,1-3,0,0
202512292203,2025-12-29,22,3,3-5,2260,L05,1-3,0,0
202512292409,2025-12-29,24,9,1-5,1670,L05,1-3,0,0
202512292410,2025-12-29,24,10,1-4,340,L05,1-3,0,0
202512300111,2025-12-30,01,11,5-3,3690,L05,1-3,0,0
202512300112,2025-12-30,01,12,6-1,6670,L05,1-3,0,0
202512300207,2025-12-30,02,7,1-3,650,L05,1-3,1,650
202512300408,2025-12-30,04,8,2-1,1280,L05,1-3,0,0
202512300506,2025-12-30,05,6,1-6,840,L05,1-3,0,0
202512300805,2025-12-30,08,5,3-4,5950,L05,1-3,0,0
202512300901,2025-12-30,09,1,1-2,230,L05,1-3,0,0
202512300905,2025-12-30,09,5,1-5,830,L05,1-3,0,0
202512301006,2025-12-30,10,6,3-5,1930,L05,1-3,0,0
202512301008,2025-12-30,10,8,3-1,990,L05,1-3,0,0
202512301208,2025-12-30,12,8,2-4,1570,L05,1-3,0,0
202512301209,2025-12-30,12,9,1-4,640,L05,1-3,0,0
202512301601,2025-12-30,16,1,3-1,800,L05,1-3,0,0
202512301701,2025-12-30,17,1,3-1,1790,L05,1-3,0,0
202512301705,2025-12-30,17,5,2-1,760,L05,1-3,0,0
202512302404,2025-12-30,24,4,1-2,530,L05,1-3,0,0
202512310206,2025-12-31,02,6,1-3,560,L05,1-3,1,560
202512310405,2025-12-31,04,5,4-2,940,L05,1-3,0,0
202512310407,2025-12-31,04,7,3-5,950,L05,1-3,0,0
202512311910,2025-12-31,19,10,3-1,510,L05,1-3,0,0
202512312407,2025-12-31,24,7,1-3,550,L05,1-3,1,550
202601010710,2026-01-01,07,10,1-6,720,L05,1-3,0,0
202601010901,2026-01-01,09,1,1-3,280,L05,1-3,1,280
202601010910,2026-01-01,09,10,2-4,2530,L05,1-3,0,0
202601011009,2026-01-01,10,9,5-3,9210,L05,1-3,0,0
202601011404,2026-01-01,14,4,1-4,330,L05,1-3,0,0
202601011708,2026-01-01,17,8,1-3,300,L05,1-3,1,300
202601011905,2026-01-01,19,5,1-4,300,L05,1-3,0,0
202601012306,2026-01-01,23,6,1-2,220,L05,1-3,0,0
202601012308,2026-01-01,23,8,1-6,1110,L05,1-3,0,0
202601020103,2026-01-02,01,3,4-2,2040,L05,1-3,0,0
202601020311,2026-01-02,03,11,1-3,290,L05,1-3,1,290
202601021609,2026-01-02,16,9,3-1,1030,L05,1-3,0,0
202601021610,2026-01-02,16,10,1-5,2330,L05,1-3,0,0
202601030102,2026-01-03,01,2,1-2,540,L05,1-3,0,0
202601032003,2026-01-03,20,3,2-3,1350,L05,1-3,0,0
202601032208,2026-01-03,22,8,1-2,200,L05,1-3,0,0
202601040107,2026-01-04,01,7,1-3,240,L05,1-3,1,240
202601040303,2026-01-04,03,3,1-2,720,L05,1-3,0,0
202601040304,2026-01-04,03,4,5-1,1700,L05,1-3,0,0
202601040908,2026-01-04,09,8,1-2,160,L05,1-3,0,0
202601041202,2026-01-04,12,2,1-2,1000,L05,1-3,0,0
202601041304,2026-01-04,13,4,2-1,3120,L05,1-3,0,0
202601041509,2026-01-04,15,9,1-2,350,L05,1-3,0,0
202601041810,2026-01-04,18,10,3-4,3220,L05,1-3,0,0
202601042001,2026-01-04,20,1,2-3,1630,L05,1-3,0,0
202601042212,2026-01-04,22,12,1-2,170,L05,1-3,0,0
202601042407,2026-01-04,24,7,1-3,180,L05,1-3,1,180
202601050301,2026-01-05,03,1,3-2,5220,L05,1-3,0,0
202601050308,2026-01-05,03,8,1-5,2120,L05,1-3,0,0
202601050504,2026-01-05,05,4,1-4,290,L05,1-3,0,0
202601050509,2026-01-05,05,9,1-6,1290,L05,1-3,0,0
202601051105,2026-01-05,11,5,4-6,1210,L05,1-3,0,0
202601051308,2026-01-05,13,8,3-1,1310,L05,1-3,0,0
202601051501,2026-01-05,15,1,1-3,240,L05,1-3,1,240
202601052306,2026-01-05,23,6,3-2,2110,L05,1-3,0,0
202601060108,2026-01-06,01,8,3-1,2040,L05,1-3,0,0
202601060206,2026-01-06,02,6,1-4,750,L05,1-3,0,0
202601061104,2026-01-06,11,4,1-4,1080,L05,1-3,0,0
202601061301,2026-01-06,13,1,4-3,1240,L05,1-3,0,0
202601061309,2026-01-06,13,9,3-4,1970,L05,1-3,0,0
202601062305,2026-01-06,23,5,1-2,1220,L05,1-3,0,0
202601070201,2026-01-07,02,1,1-4,450,L05,1-3,0,0
202601070302,2026-01-07,03,2,1-6,2510,L05,1-3,0,0
202601070708,2026-01-07,07,8,2-5,2970,L05,1-3,0,0
202601071001,2026-01-07,10,1,1-3,290,L05,1-3,1,290
202601071805,2026-01-07,18,5,6-1,550,L05,1-3,0,0
202601072302,2026-01-07,23,2,1-3,260,L05,1-3,1,260
202601080410,2026-01-08,04,10,4-1,5910,L05,1-3,0,0
202601080602,2026-01-08,06,2,3-4,3400,L05,1-3,0,0
202601081001,2026-01-08,10,1,4-2,17640,L05,1-3,0,0
202601081102,2026-01-08,11,2,4-3,5330,L05,1-3,0,0
202601081309,2026-01-08,13,9,1-3,490,L05,1-3,1,490
202601081503,2026-01-08,15,3,2-1,3120,L05,1-3,0,0
202601081510,2026-01-08,15,10,1-2,1230,L05,1-3,0,0
202601081609,2026-01-08,16,9,1-3,790,L05,1-3,1,790
202601082202,2026-01-08,22,2,2-1,490,L05,1-3,0,0
202601082212,2026-01-08,22,12,1-2,210,L05,1-3,0,0
202601090906,2026-01-09,09,6,3-4,930,L05,1-3,0,0
202601091003,2026-01-09,10,3,1-3,250,L05,1-3,1,250
202601092306,2026-01-09,23,6,6-1,1520,L05,1-3,0,0
202601100701,2026-01-10,07,1,3-2,4170,L05,1-3,0,0
202601100707,2026-01-10,07,7,1-3,200,L05,1-3,1,200
202601100904,2026-01-10,09,4,3-1,740,L05,1-3,0,0
202601100909,2026-01-10,09,9,6-3,6580,L05,1-3,0,0
202601101003,2026-01-10,10,3,1-2,640,L05,1-3,0,0
202601101608,2026-01-10,16,8,1-2,430,L05,1-3,0,0
202512110901,2025-12-11,09,1,1-3,330,L06,1-2,0,0
202512111409,2025-12-11,14,9,1-4,400,L06,1-2,0,0
202512111507,2025-12-11,15,7,3-2,1250,L06,1-2,0,0
202512111509,2025-12-11,15,9,3-1,910,L06,1-2,0,0
202512111708,2025-12-11,17,8,2-5,4730,L06,1-2,0,0
202512111905,2025-12-11,19,5,1-2,280,L06,1-2,1,280
202512112109,2025-12-11,21,9,1-2,710,L06,1-2,1,710
202512120506,2025-12-12,05,6,3-4,1420,L06,1-2,0,0
202512120509,2025-12-12,05,9,4-1,770,L06,1-2,0,0
202512120510,2025-12-12,05,10,1-4,330,L06,1-2,0,0
202512120607,2025-12-12,06,7,2-1,2150,L06,1-2,0,0
202512121401,2025-12-12,14,1,1-2,380,L06,1-2,1,380
202512121406,2025-12-12,14,6,1-3,270,L06,1-2,0,0
202512121506,2025-12-12,15,6,5-1,660,L06,1-2,0,0
202512121708,2025-12-12,17,8,1-3,300,L06,1-2,0,0
202512121911,2025-12-12,19,11,2-1,1260,L06,1-2,0,0
202512121912,2025-12-12,19,12,2-1,540,L06,1-2,0,0
202512122112,2025-12-12,21,12,1-2,190,L06,1-2,1,190
202512130209,2025-12-13,02,9,3-2,1800,L06,1-2,0,0
202512130502,2025-12-13,05,2,1-5,790,L06,1-2,0,0
202512130511,2025-12-13,05,11,1-2,380,L06,1-2,1,380
202512130602,2025-12-13,06,2,2-1,860,L06,1-2,0,0
202512130606,2025-12-13,06,6,1-3,450,L06,1-2,0,0
202512130709,2025-12-13,07,9,1-3,320,L06,1-2,0,0
202512131010,2025-12-13,10,10,2-4,2850,L06,1-2,0,0
202512131506,2025-12-13,15,6,1-2,280,L06,1-2,1,280
202512131808,2025-12-13,18,8,1-3,610,L06,1-2,0,0
202512131810,2025-12-13,18,10,1-3,270,L06,1-2,0,0
202512132407,2025-12-13,24,7,1-3,230,L06,1-2,0,0
202512132408,2025-12-13,24,8,1-3,190,L06,1-2,0,0
202512140105,2025-12-14,01,5,1-4,4030,L06,1-2,0,0
202512140112,2025-12-14,01,12,1-2,260,L06,1-2,1,260
202512140209,2025-12-14,02,9,1-2,930,L06,1-2,1,930
202512140303,2025-12-14,03,3,1-3,240,L06,1-2,0,0
202512140308,2025-12-14,03,8,1-4,1050,L06,1-2,0,0
202512140711,2025-12-14,07,11,1-3,250,L06,1-2,0,0
202512141006,2025-12-14,10,6,1-3,900,L06,1-2,0,0
202512141008,2025-12-14,10,8,5-2,4290,L06,1-2,0,0
202512141104,2025-12-14,11,4,2-3,750,L06,1-2,0,0
202512141108,2025-12-14,11,8,3-6,4380,L06,1-2,0,0
202512141711,2025-12-14,17,11,1-2,280,L06,1-2,1,280
202512142307,2025-12-14,23,7,4-1,8560,L06,1-2,0,0
202512142309,2025-12-14,23,9,3-1,820,L06,1-2,0,0
202512142310,2025-12-14,23,10,1-2,280,L06,1-2,1,280
202512142401,2025-12-14,24,1,4-1,1030,L06,1-2,0,0
202512142409,2025-12-14,24,9,2-1,490,L06,1-2,0,0
202512150202,2025-12-15,02,2,1-3,1060,L06,1-2,0,0
202512150211,2025-12-15,02,11,1-2,450,L06,1-2,1,450
202512150603,2025-12-15,06,3,1-2,360,L06,1-2,1,360
202512150702,2025-12-15,07,2,1-4,1420,L06,1-2,0,0
202512150902,2025-12-15,09,2,4-2,4040,L06,1-2,0,0
202512151001,2025-12-15,10,1,1-5,590,L06,1-2,0,0
202512151110,2025-12-15,11,10,1-2,950,L06,1-2,1,950
202512151709,2025-12-15,17,9,1-2,330,L06,1-2,1,330
202512151808,2025-12-15,18,8,1-2,630,L06,1-2,1,630
202512151809,2025-12-15,18,9,1-6,520,L06,1-2,0,0
202512152309,2025-12-15,23,9,1-5,3160,L06,1-2,0,0
202512152402,2025-12-15,24,2,2-1,650,L06,1-2,0,0
202512152412,2025-12-15,24,12,1-3,590,L06,1-2,0,0
202512160102,2025-12-16,01,2,5-2,10840,L06,1-2,0,0
202512160103,2025-12-16,01,3,5-1,1390,L06,1-2,0,0
202512160110,2025-12-16,01,10,1-2,340,L06,1-2,1,340
202512160904,2025-12-16,09,4,2-1,440,L06,1-2,0,0
202512160909,2025-12-16,09,9,1-3,430,L06,1-2,0,0
202512161007,2025-12-16,10,7,1-5,310,L06,1-2,0,0
202512161010,2025-12-16,10,10,1-2,270,L06,1-2,1,270
202512161211,2025-12-16,12,11,1-4,490,L06,1-2,0,0
202512161809,2025-12-16,18,9,1-3,210,L06,1-2,0,0
202512162409,2025-12-16,24,9,1-3,1330,L06,1-2,0,0
202512170103,2025-12-17,01,3,1-3,540,L06,1-2,0,0
202512170511,2025-12-17,05,11,2-3,1170,L06,1-2,0,0
202512170903,2025-12-17,09,3,1-5,1590,L06,1-2,0,0
202512171005,2025-12-17,10,5,3-1,1020,L06,1-2,0,0
202512171010,2025-12-17,10,10,2-3,7320,L06,1-2,0,0
202512171102,2025-12-17,11,2,2-5,640,L06,1-2,0,0
202512171109,2025-12-17,11,9,2-5,2490,L06,1-2,0,0
202512171206,2025-12-17,12,6,1-3,440,L06,1-2,0,0
202512171606,2025-12-17,16,6,5-1,10140,L06,1-2,0,0
202512172204,2025-12-17,22,4,2-1,670,L06,1-2,0,0
202512172210,2025-12-17,22,10,4-1,1160,L06,1-2,0,0
202512172406,2025-12-17,24,6,1-3,410,L06,1-2,0,0
202512180309,2025-12-18,03,9,1-2,430,L06,1-2,1,430
202512181112,2025-12-18,11,12,4-1,1700,L06,1-2,0,0
202512181811,2025-12-18,18,11,1-3,330,L06,1-2,0,0
202512181906,2025-12-18,19,6,1-5,1090,L06,1-2,0,0
202512182103,2025-12-18,21,3,1-3,250,L06,1-2,0,0
202512182107,2025-12-18,21,7,1-5,690,L06,1-2,0,0
202512182405,2025-12-18,24,5,1-4,160,L06,1-2,0,0
202512182410,2025-12-18,24,10,1-6,1490,L06,1-2,0,0
202512182411,2025-12-18,24,11,1-5,1130,L06,1-2,0,0
202512182412,2025-12-18,24,12,1-2,280,L06,1-2,1,280
202512190206,2025-12-19,02,6,4-5,1950,L06,1-2,0,0
202512190209,2025-12-19,02,9,1-2,460,L06,1-2,1,460
202512190210,2025-12-19,02,10,2-5,2300,L06,1-2,0,0
202512190606,2025-12-19,06,6,1-3,210,L06,1-2,0,0
202512190607,2025-12-19,06,7,2-4,670,L06,1-2,0,0
202512191106,2025-12-19,11,6,5-1,10360,L06,1-2,0,0
202512191112,2025-12-19,11,12,1-4,490,L06,1-2,0,0
202512191207,2025-12-19,12,7,1-5,570,L06,1-2,0,0
202512191411,2025-12-19,14,11,4-2,4550,L06,1-2,0,0
202512191611,2025-12-19,16,11,2-1,1560,L06,1-2,0,0
202512191905,2025-12-19,19,5,1-2,280,L06,1-2,1,280
202512192112,2025-12-19,21,12,1-3,300,L06,1-2,0,0
202512192210,2025-12-19,22,10,1-2,200,L06,1-2,1,200
202512192211,2025-12-19,22,11,4-5,3120,L06,1-2,0,0
202512200302,2025-12-20,03,2,1-6,2170,L06,1-2,0,0
202512200611,2025-12-20,06,11,1-3,190,L06,1-2,0,0
202512201201,2025-12-20,12,1,1-4,610,L06,1-2,0,0
202512201208,2025-12-20,12,8,1-2,320,L06,1-2,1,320
202512201601,2025-12-20,16,1,1-2,530,L06,1-2,1,530
202512201703,2025-12-20,17,3,1-3,360,L06,1-2,0,0
202512201708,2025-12-20,17,8,1-4,330,L06,1-2,0,0
202512201905,2025-12-20,19,5,1-5,610,L06,1-2,0,0
202512202201,2025-12-20,22,1,1-3,300,L06,1-2,0,0
202512202303,2025-12-20,23,3,1-3,270,L06,1-2,0,0
202512210201,2025-12-21,02,1,1-2,650,L06,1-2,1,650
202512210603,2025-12-21,06,3,1-2,1400,L06,1-2,1,1400
202512210609,2025-12-21,06,9,1-2,300,L06,1-2,1,300
202512211212,2025-12-21,12,12,1-2,300,L06,1-2,1,300
202512211711,2025-12-21,17,11,2-3,2310,L06,1-2,0,0
202512211910,2025-12-21,19,10,1-4,400,L06,1-2,0,0
202512211911,2025-12-21,19,11,3-1,1170,L06,1-2,0,0
202512212312,2025-12-21,23,12,5-1,4760,L06,1-2,0,0
202512220202,2025-12-22,02,2,2-1,490,L06,1-2,0,0
202512220205,2025-12-22,02,5,3-1,1830,L06,1-2,0,0
202512220209,2025-12-22,02,9,3-1,790,L06,1-2,0,0
202512220212,2025-12-22,02,12,1-3,340,L06,1-2,0,0
202512220609,2025-12-22,06,9,1-2,230,L06,1-2,1,230
202512220703,2025-12-22,07,3,1-3,320,L06,1-2,0,0
202512221401,2025-12-22,14,1,1-2,270,L06,1-2,1,270
202512221507,2025-12-22,15,7,1-2,800,L06,1-2,1,800
202512221511,2025-12-22,15,11,2-1,2790,L06,1-2,0,0
202512221605,2025-12-22,16,5,4-6,6130,L06,1-2,0,0
202512221609,2025-12-22,16,9,2-1,2200,L06,1-2,0,0
202512221711,2025-12-22,17,11,3-1,820,L06,1-2,0,0
202512221905,2025-12-22,19,5,1-6,900,L06,1-2,0,0
202512221909,2025-12-22,19,9,1-5,600,L06,1-2,0,0
202512221911,2025-12-22,19,11,1-3,250,L06,1-2,0,0
202512222102,2025-12-22,21,2,1-2,1740,L06,1-2,1,1740
202512230209,2025-12-23,02,9,2-1,1630,L06,1-2,0,0
202512230211,2025-12-23,02,11,6-2,8540,L06,1-2,0,0
202512230611,2025-12-23,06,11,1-3,1030,L06,1-2,0,0
202512230703,2025-12-23,07,3,1-3,480,L06,1-2,0,0
202512230807,2025-12-23,08,7,1-6,1080,L06,1-2,0,0
202512230901,2025-12-23,09,1,1-2,200,L06,1-2,1,200
202512231602,2025-12-23,16,2,1-6,260,L06,1-2,0,0
202512231703,2025-12-23,17,3,4-1,5570,L06,1-2,0,0
202512231902,2025-12-23,19,2,2-4,2550,L06,1-2,0,0
202512231904,2025-12-23,19,4,1-4,550,L06,1-2,0,0
202512232107,2025-12-23,21,7,1-5,830,L06,1-2,0,0
202512232311,2025-12-23,23,11,1-5,1050,L06,1-2,0,0
202512240205,2025-12-24,02,5,1-2,500,L06,1-2,1,500
202512240603,2025-12-24,06,3,1-2,300,L06,1-2,1,300
202512240710,2025-12-24,07,10,1-3,610,L06,1-2,0,0
202512240906,2025-12-24,09,6,1-2,970,L06,1-2,1,970
202512241101,2025-12-24,11,1,1-5,810,L06,1-2,0,0
202512241103,2025-12-24,11,3,1-3,620,L06,1-2,0,0
202512241109,2025-12-24,11,9,1-2,210,L06,1-2,1,210
202512241403,2025-12-24,14,3,1-3,240,L06,1-2,0,0
202512241406,2025-12-24,14,6,1-3,370,L06,1-2,0,0
202512241606,2025-12-24,16,6,2-1,2130,L06,1-2,0,0
202512242003,2025-12-24,20,3,1-3,2230,L06,1-2,0,0
202512250301,2025-12-25,03,1,1-3,840,L06,1-2,0,0
202512250304,2025-12-25,03,4,1-5,3520,L06,1-2,0,0
202512250710,2025-12-25,07,10,1-5,360,L06,1-2,0,0
202512250911,2025-12-25,09,11,1-4,570,L06,1-2,0,0
202512251101,2025-12-25,11,1,1-3,190,L06,1-2,0,0
202512251203,2025-12-25,12,3,1-4,500,L06,1-2,0,0
202512251502,2025-12-25,15,2,1-3,810,L06,1-2,0,0
202512251602,2025-12-25,16,2,3-1,630,L06,1-2,0,0
202512251609,2025-12-25,16,9,1-2,150,L06,1-2,1,150
202512251611,2025-12-25,16,11,1-2,200,L06,1-2,1,200
202512251705,2025-12-25,17,5,1-4,510,L06,1-2,0,0
202512251803,2025-12-25,18,3,1-2,270,L06,1-2,1,270
202512252005,2025-12-25,20,5,1-2,250,L06,1-2,1,250
202512252009,2025-12-25,20,9,2-1,2910,L06,1-2,0,0
202512252202,2025-12-25,22,2,1-5,2580,L06,1-2,0,0
202512260308,2025-12-26,03,8,6-3,790,L06,1-2,0,0
202512260310,2025-12-26,03,10,1-2,510,L06,1-2,1,510
202512260311,2025-12-26,03,11,1-3,260,L06,1-2,0,0
202512260406,2025-12-26,04,6,1-2,740,L06,1-2,1,740
202512260408,2025-12-26,04,8,2-1,2380,L06,1-2,0,0
202512260706,2025-12-26,07,6,6-2,1160,L06,1-2,0,0
202512260904,2025-12-26,09,4,1-5,480,L06,1-2,0,0
202512261110,2025-12-26,11,10,1-5,660,L06,1-2,0,0
202512261303,2025-12-26,13,3,1-3,470,L06,1-2,0,0
202512261506,2025-12-26,15,6,3-1,12740,L06,1-2,0,0
202512261508,2025-12-26,15,8,1-5,3190,L06,1-2,0,0
202512261511,2025-12-26,15,11,3-1,800,L06,1-2,0,0
202512262211,2025-12-26,22,11,1-4,260,L06,1-2,0,0
202512270104,2025-12-27,01,4,3-6,4110,L06,1-2,0,0
202512270201,2025-12-27,02,1,1-3,1230,L06,1-2,0,0
202512270210,2025-12-27,02,10,5-4,7020,L06,1-2,0,0
202512270412,2025-12-27,04,12,1-3,310,L06,1-2,0,0
202512270505,2025-12-27,05,5,1-2,580,L06,1-2,1,580
202512270710,2025-12-27,07,10,1-5,1220,L06,1-2,0,0
202512271008,2025-12-27,10,8,1-3,920,L06,1-2,0,0
202512271011,2025-12-27,10,11,1-3,420,L06,1-2,0,0
202512271107,2025-12-27,11,7,1-2,130,L06,1-2,1,130
202512271211,2025-12-27,12,11,1-2,270,L06,1-2,1,270
202512271302,2025-12-27,13,2,1-5,470,L06,1-2,0,0
202512271508,2025-12-27,15,8,1-4,510,L06,1-2,0,0
202512271802,2025-12-27,18,2,2-1,800,L06,1-2,0,0
202512271810,2025-12-27,18,10,1-2,810,L06,1-2,1,810
202512272301,2025-12-27,23,1,1-3,270,L06,1-2,0,0
202512272305,2025-12-27,23,5,5-1,390,L06,1-2,0,0
202512272311,2025-12-27,23,11,1-3,480,L06,1-2,0,0
202512280109,2025-12-28,01,9,3-1,1270,L06,1-2,0,0
202512280208,2025-12-28,02,8,2-5,590,L06,1-2,0,0
202512280312,2025-12-28,03,12,1-2,340,L06,1-2,1,340
202512280502,2025-12-28,05,2,4-5,510,L06,1-2,0,0
202512280511,2025-12-28,05,11,1-4,1710,L06,1-2,0,0
202512281111,2025-12-28,11,11,1-2,370,L06,1-2,1,370
202512281607,2025-12-28,16,7,1-2,560,L06,1-2,1,560
202512281609,2025-12-28,16,9,1-3,350,L06,1-2,0,0
202512282203,2025-12-28,22,3,1-2,450,L06,1-2,1,450
202512282206,2025-12-28,22,6,5-1,1210,L06,1-2,0,0
202512282308,2025-12-28,23,8,1-3,1990,L06,1-2,0,0
202512282310,2025-12-28,23,10,1-4,390,L06,1-2,0,0
202512290409,2025-12-29,04,9,1-3,800,L06,1-2,0,0
202512291112,2025-12-29,11,12,1-4,490,L06,1-2,0,0
202512291311,2025-12-29,13,11,1-2,360,L06,1-2,1,360
202512291602,2025-12-29,16,2,1-3,450,L06,1-2,0,0
202512291809,2025-12-29,18,9,2-1,3680,L06,1-2,0,0
202512291810,2025-12-29,18,10,1-2,340,L06,1-2,1,340
202512291905,2025-12-29,19,5,1-4,470,L06,1-2,0,0
202512292104,2025-12-29,21,4,1-3,410,L06,1-2,0,0
202512292205,2025-12-29,22,5,1-2,1350,L06,1-2,1,1350
202512292207,2025-12-29,22,7,1-2,240,L06,1-2,1,240
202512292210,2025-12-29,22,10,1-2,140,L06,1-2,1,140
202512292401,2025-12-29,24,1,1-5,2470,L06,1-2,0,0
202512292408,2025-12-29,24,8,1-3,540,L06,1-2,0,0
202512292411,2025-12-29,24,11,1-2,340,L06,1-2,1,340
202512300211,2025-12-30,02,11,1-4,790,L06,1-2,0,0
202512300401,2025-12-30,04,1,1-3,510,L06,1-2,0,0
202512300412,2025-12-30,04,12,1-5,1970,L06,1-2,0,0
202512300507,2025-12-30,05,7,1-6,460,L06,1-2,0,0
202512300512,2025-12-30,05,12,1-5,690,L06,1-2,0,0
202512300608,2025-12-30,06,8,3-5,2420,L06,1-2,0,0
202512300803,2025-12-30,08,3,1-5,3390,L06,1-2,0,0
202512300907,2025-12-30,09,7,1-2,710,L06,1-2,1,710
202512301005,2025-12-30,10,5,1-3,350,L06,1-2,0,0
202512301212,2025-12-30,12,12,1-3,310,L06,1-2,0,0
202512301703,2025-12-30,17,3,1-4,760,L06,1-2,0,0
202512301710,2025-12-30,17,10,1-5,830,L06,1-2,0,0
202512301901,2025-12-30,19,1,1-5,1650,L06,1-2,0,0
202512302104,2025-12-30,21,4,1-4,270,L06,1-2,0,0
202512302106,2025-12-30,21,6,6-1,2110,L06,1-2,0,0
202512302201,2025-12-30,22,1,1-2,300,L06,1-2,1,300
202512302309,2025-12-30,23,9,2-1,1150,L06,1-2,0,0
202512302311,2025-12-30,23,11,1-2,140,L06,1-2,1,140
202512302405,2025-12-30,24,5,1-6,2610,L06,1-2,0,0
202512310107,2025-12-31,01,7,1-3,240,L06,1-2,0,0
202512310402,2025-12-31,04,2,3-1,1090,L06,1-2,0,0
202512310404,2025-12-31,04,4,1-3,560,L06,1-2,0,0
202512310410,2025-12-31,04,10,3-1,3820,L06,1-2,0,0
202512310501,2025-12-31,05,1,1-5,1330,L06,1-2,0,0
202512310606,2025-12-31,06,6,4-6,1570,L06,1-2,0,0
202512310609,2025-12-31,06,9,1-3,620,L06,1-2,0,0
202512310710,2025-12-31,07,10,1-3,210,L06,1-2,0,0
202512310711,2025-12-31,07,11,1-6,1940,L06,1-2,0,0
202512310806,2025-12-31,08,6,1-2,450,L06,1-2,1,450
202512311012,2025-12-31,10,12,3-1,1190,L06,1-2,0,0
202512312110,2025-12-31,21,10,1-4,220,L06,1-2,0,0
202512312304,2025-12-31,23,4,5-6,1790,L06,1-2,0,0
202512312402,2025-12-31,24,2,1-2,330,L06,1-2,1,330
202601011002,2026-01-01,10,2,2-1,260,L06,1-2,0,0
202601011005,2026-01-01,10,5,1-5,370,L06,1-2,0,0
202601011403,2026-01-01,14,3,5-2,6720,L06,1-2,0,0
202601011406,2026-01-01,14,6,2-4,1040,L06,1-2,0,0
202601011511,2026-01-01,15,11,1-2,160,L06,1-2,1,160
202601011705,2026-01-01,17,5,1-3,1190,L06,1-2,0,0
202601012101,2026-01-01,21,1,1-3,430,L06,1-2,0,0
202601012109,2026-01-01,21,9,1-3,710,L06,1-2,0,0
202601012310,2026-01-01,23,10,1-2,270,L06,1-2,1,270
202601020303,2026-01-02,03,3,4-5,1240,L06,1-2,0,0
202601020308,2026-01-02,03,8,1-2,1130,L06,1-2,1,1130
202601020604,2026-01-02,06,4,5-4,24090,L06,1-2,0,0
202601020605,2026-01-02,06,5,2-1,1510,L06,1-2,0,0
202601020708,2026-01-02,07,8,1-2,250,L06,1-2,1,250
202601020806,2026-01-02,08,6,4-1,1680,L06,1-2,0,0
202601020907,2026-01-02,09,7,1-3,230,L06,1-2,0,0
202601021508,2026-01-02,15,8,2-1,640,L06,1-2,0,0
202601021510,2026-01-02,15,10,1-4,280,L06,1-2,0,0
202601021602,2026-01-02,16,2,2-3,6230,L06,1-2,0,0
202601021603,2026-01-02,16,3,1-2,700,L06,1-2,1,700
202601021607,2026-01-02,16,7,2-1,1450,L06,1-2,0,0
202601021710,2026-01-02,17,10,1-4,750,L06,1-2,0,0
202601021906,2026-01-02,19,6,1-3,550,L06,1-2,0,0
202601021912,2026-01-02,19,12,1-2,310,L06,1-2,1,310
202601022103,2026-01-02,21,3,3-1,440,L06,1-2,0,0
202601030201,2026-01-03,02,1,1-3,880,L06,1-2,0,0
202601030301,2026-01-03,03,1,1-2,740,L06,1-2,1,740
202601030512,2026-01-03,05,12,1-3,360,L06,1-2,0,0
202601030606,2026-01-03,06,6,1-3,310,L06,1-2,0,0
202601030611,2026-01-03,06,11,1-2,280,L06,1-2,1,280
202601030806,2026-01-03,08,6,1-2,420,L06,1-2,1,420
202601030808,2026-01-03,08,8,1-4,400,L06,1-2,0,0
202601031010,2026-01-03,10,10,1-5,1380,L06,1-2,0,0
202601031702,2026-01-03,17,2,1-4,1130,L06,1-2,0,0
202601031703,2026-01-03,17,3,1-2,290,L06,1-2,1,290
202601032112,2026-01-03,21,12,1-3,430,L06,1-2,0,0
202601032203,2026-01-03,22,3,1-3,660,L06,1-2,0,0
202601040312,2026-01-04,03,12,1-2,250,L06,1-2,1,250
202601040412,2026-01-04,04,12,3-2,6480,L06,1-2,0,0
202601040502,2026-01-04,05,2,2-4,1110,L06,1-2,0,0
202601040703,2026-01-04,07,3,1-3,220,L06,1-2,0,0
202601041002,2026-01-04,10,2,1-3,1080,L06,1-2,0,0
202601041109,2026-01-04,11,9,1-3,400,L06,1-2,0,0
202601041203,2026-01-04,12,3,3-1,1840,L06,1-2,0,0
202601041204,2026-01-04,12,4,1-6,13540,L06,1-2,0,0
202601041507,2026-01-04,15,7,3-1,1030,L06,1-2,0,0
202601041803,2026-01-04,18,3,1-5,210,L06,1-2,0,0
202601042005,2026-01-04,20,5,1-2,190,L06,1-2,1,190
202601042204,2026-01-04,22,4,1-2,650,L06,1-2,1,650
202601042303,2026-01-04,23,3,3-1,400,L06,1-2,0,0
202601042308,2026-01-04,23,8,5-2,1120,L06,1-2,0,0
202601042401,2026-01-04,24,1,1-6,1160,L06,1-2,0,0
202601042410,2026-01-04,24,10,6-5,29050,L06,1-2,0,0
202601050107,2026-01-05,01,7,1-3,190,L06,1-2,0,0
202601050108,2026-01-05,01,8,1-6,1260,L06,1-2,0,0
202601050309,2026-01-05,03,9,1-2,350,L06,1-2,1,350
202601050407,2026-01-05,04,7,4-2,1840,L06,1-2,0,0
202601050505,2026-01-05,05,5,1-2,200,L06,1-2,1,200
202601051112,2026-01-05,11,12,1-2,210,L06,1-2,1,210
202601051512,2026-01-05,15,12,1-3,260,L06,1-2,0,0
202601051811,2026-01-05,18,11,1-6,860,L06,1-2,0,0
202601051902,2026-01-05,19,2,4-1,480,L06,1-2,0,0
202601051905,2026-01-05,19,5,2-5,4400,L06,1-2,0,0
202601051906,2026-01-05,19,6,1-2,280,L06,1-2,1,280
202601052003,2026-01-05,20,3,2-1,580,L06,1-2,0,0
202601052308,2026-01-05,23,8,1-3,660,L06,1-2,0,0
202601052402,2026-01-05,24,2,4-1,690,L06,1-2,0,0
202601052406,2026-01-05,24,6,1-5,1090,L06,1-2,0,0
202601060101,2026-01-06,01,1,1-3,360,L06,1-2,0,0
202601060102,2026-01-06,01,2,2-5,3600,L06,1-2,0,0
202601060109,2026-01-06,01,9,1-3,270,L06,1-2,0,0
202601060201,2026-01-06,02,1,4-1,5500,L06,1-2,0,0
202601060205,2026-01-06,02,5,4-3,2270,L06,1-2,0,0
202601060301,2026-01-06,03,1,1-3,410,L06,1-2,0,0
202601060307,2026-01-06,03,7,1-5,1630,L06,1-2,0,0
202601060502,2026-01-06,05,2,1-6,700,L06,1-2,0,0
202601061202,2026-01-06,12,2,2-4,4400,L06,1-2,0,0
202601061207,2026-01-06,12,7,1-2,510,L06,1-2,1,510
202601061302,2026-01-06,13,2,3-4,310,L06,1-2,0,0
202601061411,2026-01-06,14,11,1-2,190,L06,1-2,1,190
202601061607,2026-01-06,16,7,2-1,1530,L06,1-2,0,0
202601061905,2026-01-06,19,5,3-1,1280,L06,1-2,0,0
202601061910,2026-01-06,19,10,1-2,190,L06,1-2,1,190
202601062003,2026-01-06,20,3,1-4,290,L06,1-2,0,0
202601062006,2026-01-06,20,6,1-3,350,L06,1-2,0,0
202601062009,2026-01-06,20,9,1-5,420,L06,1-2,0,0
202601062207,2026-01-06,22,7,1-3,330,L06,1-2,0,0
202601062304,2026-01-06,23,4,1-2,760,L06,1-2,1,760
202601062312,2026-01-06,23,12,1-2,210,L06,1-2,1,210
202601062404,2026-01-06,24,4,1-4,410,L06,1-2,0,0
202601062410,2026-01-06,24,10,1-2,220,L06,1-2,1,220
202601070408,2026-01-07,04,8,3-1,1520,L06,1-2,0,0
202601071006,2026-01-07,10,6,1-3,680,L06,1-2,0,0
202601071106,2026-01-07,11,6,1-4,570,L06,1-2,0,0
202601071112,2026-01-07,11,12,1-5,1150,L06,1-2,0,0
202601071601,2026-01-07,16,1,1-2,430,L06,1-2,1,430
202601071610,2026-01-07,16,10,6-2,970,L06,1-2,0,0
202601071804,2026-01-07,18,4,1-6,370,L06,1-2,0,0
202601072203,2026-01-07,22,3,1-5,3410,L06,1-2,0,0
202601072204,2026-01-07,22,4,1-4,440,L06,1-2,0,0
202601072309,2026-01-07,23,9,1-3,930,L06,1-2,0,0
202601072401,2026-01-07,24,1,1-2,1130,L06,1-2,1,1130
202601072408,2026-01-07,24,8,1-2,670,L06,1-2,1,670
202601080204,2026-01-08,02,4,2-1,820,L06,1-2,0,0
202601080206,2026-01-08,02,6,1-4,230,L06,1-2,0,0
202601080210,2026-01-08,02,10,1-2,790,L06,1-2,1,790
202601080605,2026-01-08,06,5,1-3,350,L06,1-2,0,0
202601080612,2026-01-08,06,12,3-1,1020,L06,1-2,0,0
202601080710,2026-01-08,07,10,1-3,520,L06,1-2,0,0
202601081012,2026-01-08,10,12,4-1,460,L06,1-2,0,0
202601081501,2026-01-08,15,1,3-1,610,L06,1-2,0,0
202601082409,2026-01-08,24,9,1-6,880,L06,1-2,0,0
202601090411,2026-01-09,04,11,1-3,400,L06,1-2,0,0
202601090607,2026-01-09,06,7,1-2,500,L06,1-2,1,500
202601090609,2026-01-09,06,9,1-4,190,L06,1-2,0,0
202601090710,2026-01-09,07,10,1-2,660,L06,1-2,1,660
202601090905,2026-01-09,09,5,1-5,1540,L06,1-2,0,0
202601090909,2026-01-09,09,9,1-4,700,L06,1-2,0,0
202601090911,2026-01-09,09,11,1-5,710,L06,1-2,0,0
202601091002,2026-01-09,10,2,1-5,1460,L06,1-2,0,0
202601091504,2026-01-09,15,4,1-3,340,L06,1-2,0,0
202601091509,2026-01-09,15,9,1-4,2640,L06,1-2,0,0
202601091702,2026-01-09,17,2,1-5,3570,L06,1-2,0,0
202601091907,2026-01-09,19,7,5-3,1820,L06,1-2,0,0
202601092002,2026-01-09,20,2,3-4,2170,L06,1-2,0,0
202601092003,2026-01-09,20,3,3-1,320,L06,1-2,0,0
202601092008,2026-01-09,20,8,2-1,530,L06,1-2,0,0
202601100501,2026-01-10,05,1,4-2,1060,L06,1-2,0,0
202601100612,2026-01-10,06,12,4-1,750,L06,1-2,0,0
202601100708,2026-01-10,07,8,1-2,240,L06,1-2,1,240
202601100901,2026-01-10,09,1,1-2,230,L06,1-2,1,230
202601100907,2026-01-10,09,7,4-1,1380,L06,1-2,0,0
202601101705,2026-01-10,17,5,4-6,900,L06,1-2,0,0
202601101801,2026-01-10,18,1,1-2,170,L06,1-2,1,170
202601101802,2026-01-10,18,2,1-3,550,L06,1-2,0,0
202512110711,2025-12-11,07,11,3-1,2670,L07,1-3,0,0
202512111502,2025-12-11,15,2,1-6,660,L07,1-3,0,0
202512111504,2025-12-11,15,4,3-4,2190,L07,1-3,0,0
202512130105,2025-12-13,01,5,3-5,5020,L07,1-3,0,0
202512130712,2025-12-13,07,12,1-4,340,L07,1-3,0,0
202512131010,2025-12-13,10,10,2-4,2850,L07,1-3,0,0
202512140612,2025-12-14,06,12,2-1,1020,L07,1-3,0,0
202512140709,2025-12-14,07,9,2-1,1280,L07,1-3,0,0
202512141505,2025-12-14,15,5,1-6,700,L07,1-3,0,0
202512141706,2025-12-14,17,6,1-2,2150,L07,1-3,0,0
202512151811,2025-12-15,18,11,4-5,820,L07,1-3,0,0
202512160812,2025-12-16,08,12,1-4,340,L07,1-3,0,0
202512161005,2025-12-16,10,5,5-4,1910,L07,1-3,0,0
202512161006,2025-12-16,10,6,5-6,1770,L07,1-3,0,0
202512161106,2025-12-16,11,6,4-1,730,L07,1-3,0,0
202512161802,2025-12-16,18,2,1-2,320,L07,1-3,0,0
202512162311,2025-12-16,23,11,3-1,1270,L07,1-3,0,0
202512170505,2025-12-17,05,5,1-2,760,L07,1-3,0,0
202512170803,2025-12-17,08,3,1-4,570,L07,1-3,0,0
202512171107,2025-12-17,11,7,4-6,1570,L07,1-3,0,0
202512171810,2025-12-17,18,10,1-3,280,L07,1-3,1,280
202512171812,2025-12-17,18,12,1-3,230,L07,1-3,1,230
202512172204,2025-12-17,22,4,2-1,670,L07,1-3,0,0
202512172304,2025-12-17,23,4,1-4,400,L07,1-3,0,0
202512180807,2025-12-18,08,7,2-4,3180,L07,1-3,0,0
202512180812,2025-12-18,08,12,2-1,1260,L07,1-3,0,0
202512181612,2025-12-18,16,12,1-4,300,L07,1-3,0,0
202512182411,2025-12-18,24,11,1-5,1130,L07,1-3,0,0
202512191604,2025-12-19,16,4,4-3,2860,L07,1-3,0,0
202512192111,2025-12-19,21,11,1-2,380,L07,1-3,0,0
202512192411,2025-12-19,24,11,1-4,380,L07,1-3,0,0
202512202110,2025-12-20,21,10,1-3,510,L07,1-3,1,510
202512202112,2025-12-20,21,12,1-4,340,L07,1-3,0,0
202512210509,2025-12-21,05,9,4-3,2120,L07,1-3,0,0
202512210811,2025-12-21,08,11,1-5,330,L07,1-3,0,0
202512221610,2025-12-22,16,10,3-2,8110,L07,1-3,0,0
202512221909,2025-12-22,19,9,1-5,600,L07,1-3,0,0
202512222011,2025-12-22,20,11,1-4,410,L07,1-3,0,0
202512222012,2025-12-22,20,12,1-4,270,L07,1-3,0,0
202512222106,2025-12-22,21,6,5-4,940,L07,1-3,0,0
202512230811,2025-12-23,08,11,4-2,1820,L07,1-3,0,0
202512231604,2025-12-23,16,4,4-5,960,L07,1-3,0,0
202512231611,2025-12-23,16,11,1-4,400,L07,1-3,0,0
202512231711,2025-12-23,17,11,1-2,570,L07,1-3,0,0
202512232304,2025-12-23,23,4,1-4,870,L07,1-3,0,0
202512232307,2025-12-23,23,7,1-6,860,L07,1-3,0,0
202512241010,2025-12-24,10,10,3-4,930,L07,1-3,0,0
202512250712,2025-12-25,07,12,4-5,4440,L07,1-3,0,0
202512260704,2025-12-26,07,4,1-6,6000,L07,1-3,0,0
202512261211,2025-12-26,12,11,1-5,680,L07,1-3,0,0
202512261810,2025-12-26,18,10,4-6,1450,L07,1-3,0,0
202512270709,2025-12-27,07,9,1-2,320,L07,1-3,0,0
202512271007,2025-12-27,10,7,4-5,1900,L07,1-3,0,0
202512271111,2025-12-27,11,11,1-3,540,L07,1-3,1,540
202512271212,2025-12-27,12,12,1-5,720,L07,1-3,0,0
202512272405,2025-12-27,24,5,2-1,810,L07,1-3,0,0
202512272410,2025-12-27,24,10,1-4,640,L07,1-3,0,0
202512281804,2025-12-28,18,4,2-1,1350,L07,1-3,0,0
202512282304,2025-12-28,23,4,4-5,470,L07,1-3,0,0
202512282405,2025-12-28,24,5,2-1,1030,L07,1-3,0,0
202512282406,2025-12-28,24,6,1-2,290,L07,1-3,0,0
202512291112,2025-12-29,11,12,1-4,490,L07,1-3,0,0
202512291804,2025-12-29,18,4,1-4,630,L07,1-3,0,0
202512291812,2025-12-29,18,12,1-4,760,L07,1-3,0,0
202512292401,2025-12-29,24,1,1-5,2470,L07,1-3,0,0
202512292410,2025-12-29,24,10,1-4,340,L07,1-3,0,0
202512300811,2025-12-30,08,11,4-2,1170,L07,1-3,0,0
202512302410,2025-12-30,24,10,1-2,280,L07,1-3,0,0
202512310612,2025-12-31,06,12,3-1,890,L07,1-3,0,0
202512310712,2025-12-31,07,12,3-2,10800,L07,1-3,0,0
202512310810,2025-12-31,08,10,4-1,320,L07,1-3,0,0
202512311007,2025-12-31,10,7,4-5,530,L07,1-3,0,0
202512311611,2025-12-31,16,11,1-5,430,L07,1-3,0,0
202512311912,2025-12-31,19,12,3-5,590,L07,1-3,0,0
202512312110,2025-12-31,21,10,1-4,220,L07,1-3,0,0
202601010712,2026-01-01,07,12,1-3,250,L07,1-3,1,250
202601010904,2026-01-01,09,4,2-1,2150,L07,1-3,0,0
202601011008,2026-01-01,10,8,3-4,940,L07,1-3,0,0
202601012002,2026-01-01,20,2,1-6,1980,L07,1-3,0,0
202601020104,2026-01-02,01,4,4-6,440,L07,1-3,0,0
202601020809,2026-01-02,08,9,1-4,400,L07,1-3,0,0
202601020911,2026-01-02,09,11,1-3,340,L07,1-3,1,340
202601021011,2026-01-02,10,11,1-3,360,L07,1-3,1,360
202601022004,2026-01-02,20,4,1-4,780,L07,1-3,0,0
202601030203,2026-01-03,02,3,1-3,1800,L07,1-3,1,1800
202601030204,2026-01-03,02,4,3-2,1880,L07,1-3,0,0
202601030310,2026-01-03,03,10,1-6,920,L07,1-3,0,0
202601030804,2026-01-03,08,4,1-4,320,L07,1-3,0,0
202601030912,2026-01-03,09,12,1-4,240,L07,1-3,0,0
202601031006,2026-01-03,10,6,1-5,300,L07,1-3,0,0
202601031103,2026-01-03,11,3,4-1,2330,L07,1-3,0,0
202601032010,2026-01-03,20,10,1-3,350,L07,1-3,1,350
202601040311,2026-01-04,03,11,1-5,1410,L07,1-3,0,0
202601041008,2026-01-04,10,8,3-1,1030,L07,1-3,0,0
202601041009,2026-01-04,10,9,4-1,840,L07,1-3,0,0
202601041311,2026-01-04,13,11,1-4,360,L07,1-3,0,0
202601041509,2026-01-04,15,9,1-2,350,L07,1-3,0,0
202601042006,2026-01-04,20,6,6-1,15590,L07,1-3,0,0
202601050210,2026-01-05,02,10,1-5,420,L07,1-3,0,0
202601051203,2026-01-05,12,3,1-4,360,L07,1-3,0,0
202601052006,2026-01-05,20,6,1-2,490,L07,1-3,0,0
202601052208,2026-01-05,22,8,4-2,1120,L07,1-3,0,0
202601052210,2026-01-05,22,10,1-3,560,L07,1-3,1,560
202601052402,2026-01-05,24,2,4-1,690,L07,1-3,0,0
202601060511,2026-01-06,05,11,1-3,260,L07,1-3,1,260
202601062011,2026-01-06,20,11,1-2,870,L07,1-3,0,0
202601062202,2026-01-06,22,2,2-1,1140,L07,1-3,0,0
202601062206,2026-01-06,22,6,3-6,1700,L07,1-3,0,0
202601062304,2026-01-06,23,4,1-2,760,L07,1-3,0,0
202601070302,2026-01-07,03,2,1-6,2510,L07,1-3,0,0
202601070309,2026-01-07,03,9,2-4,4110,L07,1-3,0,0
202601071204,2026-01-07,12,4,4-3,2030,L07,1-3,0,0
202601071305,2026-01-07,13,5,1-5,1290,L07,1-3,0,0
202601071311,2026-01-07,13,11,1-3,280,L07,1-3,1,280
202601072204,2026-01-07,22,4,1-4,440,L07,1-3,0,0
202601072304,2026-01-07,23,4,1-4,430,L07,1-3,0,0
202601072306,2026-01-07,23,6,1-3,1100,L07,1-3,1,1100
202601072411,2026-01-07,24,11,1-2,290,L07,1-3,0,0
202601080210,2026-01-08,02,10,1-2,790,L07,1-3,0,0
202601081007,2026-01-08,10,7,4-5,740,L07,1-3,0,0
202601091303,2026-01-09,13,3,1-3,270,L07,1-3,1,270
202601091310,2026-01-09,13,10,4-5,3380,L07,1-3,0,0
202601091612,2026-01-09,16,12,1-3,200,L07,1-3,1,200
202601091711,2026-01-09,17,11,2-1,8930,L07,1-3,0,0
202601100612,2026-01-10,06,12,4-1,750,L07,1-3,0,0
202512110504,2025-12-11,05,4,1-2,240,L08,1-2,1,240
202512110712,2025-12-11,07,12,1-3,430,L08,1-2,0,0
202512111406,2025-12-11,14,6,1-2,290,L08,1-2,1,290
202512111407,2025-12-11,14,7,3-4,4880,L08,1-2,0,0
202512120608,2025-12-12,06,8,2-4,3170,L08,1-2,0,0
202512120710,2025-12-12,07,10,1-4,400,L08,1-2,0,0
202512130309,2025-12-13,03,9,2-1,1150,L08,1-2,0,0
202512131507,2025-12-13,15,7,1-4,230,L08,1-2,0,0
202512131707,2025-12-13,17,7,1-2,300,L08,1-2,1,300
202512131710,2025-12-13,17,10,1-4,710,L08,1-2,0,0
202512132107,2025-12-13,21,7,1-2,310,L08,1-2,1,310
202512140111,2025-12-14,01,11,1-4,460,L08,1-2,0,0
202512142302,2025-12-14,23,2,1-4,1070,L08,1-2,0,0
202512150912,2025-12-15,09,12,1-3,310,L08,1-2,0,0
202512151006,2025-12-15,10,6,2-1,720,L08,1-2,0,0
202512151506,2025-12-15,15,6,1-5,320,L08,1-2,0,0
202512151509,2025-12-15,15,9,1-4,680,L08,1-2,0,0
202512151712,2025-12-15,17,12,2-1,1370,L08,1-2,0,0
202512151805,2025-12-15,18,5,1-2,270,L08,1-2,1,270
202512152311,2025-12-15,23,11,2-3,2130,L08,1-2,0,0
202512160209,2025-12-16,02,9,3-1,750,L08,1-2,0,0
202512160211,2025-12-16,02,11,2-1,1230,L08,1-2,0,0
202512160906,2025-12-16,09,6,1-3,400,L08,1-2,0,0
202512161002,2025-12-16,10,2,1-3,660,L08,1-2,0,0
202512161103,2025-12-16,11,3,1-3,490,L08,1-2,0,0
202512161107,2025-12-16,11,7,2-1,870,L08,1-2,0,0
202512161201,2025-12-16,12,1,1-3,760,L08,1-2,0,0
202512171111,2025-12-17,11,11,1-3,460,L08,1-2,0,0
202512171609,2025-12-17,16,9,1-3,1100,L08,1-2,0,0
202512171811,2025-12-17,18,11,1-4,430,L08,1-2,0,0
202512171812,2025-12-17,18,12,1-3,230,L08,1-2,0,0
202512172303,2025-12-17,23,3,1-3,490,L08,1-2,0,0
202512172410,2025-12-17,24,10,2-1,1500,L08,1-2,0,0
202512180510,2025-12-18,05,10,1-2,310,L08,1-2,1,310
202512180808,2025-12-18,08,8,4-2,3230,L08,1-2,0,0
202512180809,2025-12-18,08,9,1-5,680,L08,1-2,0,0
202512181101,2025-12-18,11,1,2-3,5230,L08,1-2,0,0
202512181903,2025-12-18,19,3,1-2,420,L08,1-2,1,420
202512181905,2025-12-18,19,5,1-3,1000,L08,1-2,0,0
202512181912,2025-12-18,19,12,3-1,1740,L08,1-2,0,0
202512200604,2025-12-20,06,4,3-2,3030,L08,1-2,0,0
202512201205,2025-12-20,12,5,1-2,430,L08,1-2,1,430
202512201212,2025-12-20,12,12,1-4,490,L08,1-2,0,0
202512201408,2025-12-20,14,8,2-3,3270,L08,1-2,0,0
202512201907,2025-12-20,19,7,3-1,1320,L08,1-2,0,0
202512202206,2025-12-20,22,6,1-5,1090,L08,1-2,0,0
202512210308,2025-12-21,03,8,1-2,340,L08,1-2,1,340
202512210805,2025-12-21,08,5,5-2,3460,L08,1-2,0,0
202512211203,2025-12-21,12,3,6-2,15480,L08,1-2,0,0
202512211208,2025-12-21,12,8,2-4,1500,L08,1-2,0,0
202512212303,2025-12-21,23,3,1-2,1460,L08,1-2,1,1460
202512220610,2025-12-22,06,10,1-2,1620,L08,1-2,1,1620
202512221712,2025-12-22,17,12,3-5,10660,L08,1-2,0,0
202512222107,2025-12-22,21,7,3-1,2780,L08,1-2,0,0
202512230810,2025-12-23,08,10,1-4,510,L08,1-2,0,0
202512232012,2025-12-23,20,12,1-2,250,L08,1-2,1,250
202512232309,2025-12-23,23,9,1-2,330,L08,1-2,1,330
202512240212,2025-12-24,02,12,1-6,2560,L08,1-2,0,0
202512240601,2025-12-24,06,1,3-4,2000,L08,1-2,0,0
202512240805,2025-12-24,08,5,1-3,1770,L08,1-2,0,0
202512240808,2025-12-24,08,8,1-3,430,L08,1-2,0,0
202512240810,2025-12-24,08,10,2-1,2830,L08,1-2,0,0
202512241304,2025-12-24,13,4,2-5,2020,L08,1-2,0,0
202512251501,2025-12-25,15,1,1-3,440,L08,1-2,0,0
202512252006,2025-12-25,20,6,3-2,2300,L08,1-2,0,0
202512252008,2025-12-25,20,8,1-3,210,L08,1-2,0,0
202512252210,2025-12-25,22,10,3-1,2250,L08,1-2,0,0
202512260305,2025-12-26,03,5,2-4,2160,L08,1-2,0,0
202512261201,2025-12-26,12,1,1-3,300,L08,1-2,0,0
202512261304,2025-12-26,13,4,4-2,3070,L08,1-2,0,0
202512271012,2025-12-27,10,12,1-2,340,L08,1-2,1,340
202512271210,2025-12-27,12,10,1-6,520,L08,1-2,0,0
202512271312,2025-12-27,13,12,1-5,1720,L08,1-2,0,0
202512280304,2025-12-28,03,4,4-1,1000,L08,1-2,0,0
202512280505,2025-12-28,05,5,2-1,340,L08,1-2,0,0
202512280509,2025-12-28,05,9,1-2,890,L08,1-2,1,890
202512280704,2025-12-28,07,4,1-2,350,L08,1-2,1,350
202512281109,2025-12-28,11,9,1-2,320,L08,1-2,1,320
202512281905,2025-12-28,19,5,1-3,140,L08,1-2,0,0
202512282404,2025-12-28,24,4,2-1,1230,L08,1-2,0,0
202512290405,2025-12-29,04,5,1-2,310,L08,1-2,1,310
202512291111,2025-12-29,11,11,1-3,190,L08,1-2,0,0
202512291206,2025-12-29,12,6,1-2,240,L08,1-2,1,240
202512292109,2025-12-29,21,9,1-2,410,L08,1-2,1,410
202512292301,2025-12-29,23,1,1-2,230,L08,1-2,1,230
202512292311,2025-12-29,23,11,1-3,1020,L08,1-2,0,0
202512292405,2025-12-29,24,5,1-3,430,L08,1-2,0,0
202512292412,2025-12-29,24,12,2-1,1730,L08,1-2,0,0
202512300611,2025-12-30,06,11,1-2,310,L08,1-2,1,310
202512300809,2025-12-30,08,9,1-3,900,L08,1-2,0,0
202512301011,2025-12-30,10,11,3-4,6500,L08,1-2,0,0
202512302308,2025-12-30,23,8,3-1,300,L08,1-2,0,0
202512310209,2025-12-31,02,9,1-3,430,L08,1-2,0,0
202512310607,2025-12-31,06,7,1-3,230,L08,1-2,0,0
202512310611,2025-12-31,06,11,1-3,270,L08,1-2,0,0
202512310701,2025-12-31,07,1,1-3,3390,L08,1-2,0,0
202512310906,2025-12-31,09,6,3-4,3270,L08,1-2,0,0
202512311702,2025-12-31,17,2,2-1,790,L08,1-2,0,0
202512311907,2025-12-31,19,7,1-2,260,L08,1-2,1,260
202512312412,2025-12-31,24,12,1-5,1050,L08,1-2,0,0
202601010712,2026-01-01,07,12,1-3,250,L08,1-2,0,0
202601011901,2026-01-01,19,1,1-4,780,L08,1-2,0,0
202601011904,2026-01-01,19,4,5-2,3330,L08,1-2,0,0
202601012008,2026-01-01,20,8,1-2,200,L08,1-2,1,200
202601012012,2026-01-01,20,12,1-4,360,L08,1-2,0,0
202601012112,2026-01-01,21,12,1-2,290,L08,1-2,1,290
202601020911,2026-01-02,09,11,1-3,340,L08,1-2,0,0
202601021705,2026-01-02,17,5,4-2,2030,L08,1-2,0,0
202601022005,2026-01-02,20,5,1-4,350,L08,1-2,0,0
202601022006,2026-01-02,20,6,1-2,980,L08,1-2,1,980
202601030305,2026-01-03,03,5,1-4,3380,L08,1-2,0,0
202601030505,2026-01-03,05,5,2-3,720,L08,1-2,0,0
202601030805,2026-01-03,08,5,1-4,1430,L08,1-2,0,0
202601030807,2026-01-03,08,7,6-1,1000,L08,1-2,0,0
202601030910,2026-01-03,09,10,1-2,380,L08,1-2,1,380
202601031012,2026-01-03,10,12,1-3,380,L08,1-2,0,0
202601031208,2026-01-03,12,8,1-4,280,L08,1-2,0,0
202601032005,2026-01-03,20,5,1-2,190,L08,1-2,1,190
202601040111,2026-01-04,01,11,1-2,370,L08,1-2,1,370
202601040112,2026-01-04,01,12,1-2,270,L08,1-2,1,270
202601040902,2026-01-04,09,2,1-2,630,L08,1-2,1,630
202601040907,2026-01-04,09,7,1-6,1470,L08,1-2,0,0
202601040909,2026-01-04,09,9,1-2,270,L08,1-2,1,270
202601041209,2026-01-04,12,9,1-3,470,L08,1-2,0,0
202601041403,2026-01-04,14,3,1-4,400,L08,1-2,0,0
202601050112,2026-01-05,01,12,1-2,240,L08,1-2,1,240
202601050210,2026-01-05,02,10,1-5,420,L08,1-2,0,0
202601050511,2026-01-05,05,11,2-6,3620,L08,1-2,0,0
202601051102,2026-01-05,11,2,5-4,740,L08,1-2,0,0
202601051401,2026-01-05,14,1,1-2,370,L08,1-2,1,370
202601051411,2026-01-05,14,11,1-4,360,L08,1-2,0,0
202601051412,2026-01-05,14,12,1-2,290,L08,1-2,1,290
202601051502,2026-01-05,15,2,2-1,1060,L08,1-2,0,0
202601052006,2026-01-05,20,6,1-2,490,L08,1-2,1,490
202601052206,2026-01-05,22,6,5-1,1240,L08,1-2,0,0
202601052304,2026-01-05,23,4,1-2,1560,L08,1-2,1,1560
202601061109,2026-01-06,11,9,1-2,360,L08,1-2,1,360
202601061206,2026-01-06,12,6,1-6,830,L08,1-2,0,0
202601061210,2026-01-06,12,10,1-2,240,L08,1-2,1,240
202601061403,2026-01-06,14,3,1-2,250,L08,1-2,1,250
202601062310,2026-01-06,23,10,2-1,930,L08,1-2,0,0
202601070307,2026-01-07,03,7,1-3,1540,L08,1-2,0,0
202601070712,2026-01-07,07,12,1-5,1270,L08,1-2,0,0
202601071002,2026-01-07,10,2,2-1,620,L08,1-2,0,0
202601071205,2026-01-07,12,5,1-2,290,L08,1-2,1,290
202601071806,2026-01-07,18,6,1-2,670,L08,1-2,1,670
202601080203,2026-01-08,02,3,1-3,460,L08,1-2,0,0
202601080711,2026-01-08,07,11,3-1,600,L08,1-2,0,0
202601081504,2026-01-08,15,4,5-1,1030,L08,1-2,0,0
202601082306,2026-01-08,23,6,1-3,340,L08,1-2,0,0
202601091009,2026-01-09,10,9,1-2,420,L08,1-2,1,420
202601091302,2026-01-09,13,2,1-3,260,L08,1-2,0,0
202601091512,2026-01-09,15,12,1-2,290,L08,1-2,1,290
202601091612,2026-01-09,16,12,1-3,200,L08,1-2,0,0
202601100911,2026-01-10,09,11,4-3,1500,L08,1-2,0,0
202601101001,2026-01-10,10,1,1-2,230,L08,1-2,1,230
202601101002,2026-01-10,10,2,1-2,160,L08,1-2,1,160
202601101502,2026-01-10,15,2,5-1,10570,L08,1-2,0,0
202512110301,2025-12-11,03,1,1-4,390,L09,1-2,0,0
202512110305,2025-12-11,03,5,4-1,3700,L09,1-2,0,0
202512110307,2025-12-11,03,7,2-5,12550,L09,1-2,0,0
202512110310,2025-12-11,03,10,3-1,1860,L09,1-2,0,0
202512110502,2025-12-11,05,2,1-3,330,L09,1-2,0,0
202512110504,2025-12-11,05,4,1-2,240,L09,1-2,1,240
202512110507,2025-12-11,05,7,4-1,2200,L09,1-2,0,0
202512110511,2025-12-11,05,11,1-2,190,L09,1-2,1,190
202512110512,2025-12-11,05,12,1-2,300,L09,1-2,1,300
202512110608,2025-12-11,06,8,1-3,270,L09,1-2,0,0
202512110702,2025-12-11,07,2,1-3,320,L09,1-2,0,0
202512110712,2025-12-11,07,12,1-3,430,L09,1-2,0,0
202512110901,2025-12-11,09,1,1-3,330,L09,1-2,0,0
202512110907,2025-12-11,09,7,1-2,200,L09,1-2,1,200
202512110912,2025-12-11,09,12,1-2,210,L09,1-2,1,210
202512111306,2025-12-11,13,6,1-4,300,L09,1-2,0,0
202512111312,2025-12-11,13,12,1-2,220,L09,1-2,1,220
202512111402,2025-12-11,14,2,1-3,320,L09,1-2,0,0
202512111406,2025-12-11,14,6,1-2,290,L09,1-2,1,290
202512111407,2025-12-11,14,7,3-4,4880,L09,1-2,0,0
202512111409,2025-12-11,14,9,1-4,400,L09,1-2,0,0
202512111411,2025-12-11,14,11,1-3,610,L09,1-2,0,0
202512111412,2025-12-11,14,12,1-4,210,L09,1-2,0,0
202512111503,2025-12-11,15,3,1-3,490,L09,1-2,0,0
202512111505,2025-12-11,15,5,1-2,320,L09,1-2,1,320
202512111507,2025-12-11,15,7,3-2,1250,L09,1-2,0,0
202512111509,2025-12-11,15,9,3-1,910,L09,1-2,0,0
202512111702,2025-12-11,17,2,1-3,260,L09,1-2,0,0
202512111708,2025-12-11,17,8,2-5,4730,L09,1-2,0,0
202512111710,2025-12-11,17,10,1-3,700,L09,1-2,0,0
202512111711,2025-12-11,17,11,2-1,640,L09,1-2,0,0
202512111902,2025-12-11,19,2,1-3,280,L09,1-2,0,0
202512111904,2025-12-11,19,4,3-1,660,L09,1-2,0,0
202512111905,2025-12-11,19,5,1-2,280,L09,1-2,1,280
202512112104,2025-12-11,21,4,1-4,320,L09,1-2,0,0
202512112109,2025-12-11,21,9,1-2,710,L09,1-2,1,710
202512120506,2025-12-12,05,6,3-4,1420,L09,1-2,0,0
202512120508,2025-12-12,05,8,4-1,4810,L09,1-2,0,0
202512120509,2025-12-12,05,9,4-1,770,L09,1-2,0,0
202512120510,2025-12-12,05,10,1-4,330,L09,1-2,0,0
202512120511,2025-12-12,05,11,1-3,200,L09,1-2,0,0
202512120602,2025-12-12,06,2,1-2,230,L09,1-2,1,230
202512120605,2025-12-12,06,5,1-5,1890,L09,1-2,0,0
202512120606,2025-12-12,06,6,1-5,870,L09,1-2,0,0
202512120607,2025-12-12,06,7,2-1,2150,L09,1-2,0,0
202512120608,2025-12-12,06,8,2-4,3170,L09,1-2,0,0
202512120610,2025-12-12,06,10,1-3,320,L09,1-2,0,0
202512120612,2025-12-12,06,12,1-3,550,L09,1-2,0,0
202512120704,2025-12-12,07,4,1-2,770,L09,1-2,1,770
202512120710,2025-12-12,07,10,1-4,400,L09,1-2,0,0
202512120711,2025-12-12,07,11,5-2,5360,L09,1-2,0,0
202512120712,2025-12-12,07,12,1-3,340,L09,1-2,0,0
202512121001,2025-12-12,10,1,1-2,350,L09,1-2,1,350
202512121002,2025-12-12,10,2,1-2,350,L09,1-2,1,350
202512121008,2025-12-12,10,8,1-2,750,L09,1-2,1,750
202512121010,2025-12-12,10,10,1-2,310,L09,1-2,1,310
202512121011,2025-12-12,10,11,1-4,1460,L09,1-2,0,0
202512121012,2025-12-12,10,12,1-4,450,L09,1-2,0,0
202512121304,2025-12-12,13,4,1-2,920,L09,1-2,1,920
202512121310,2025-12-12,13,10,1-3,630,L09,1-2,0,0
202512121401,2025-12-12,14,1,1-2,380,L09,1-2,1,380
202512121403,2025-12-12,14,3,4-1,560,L09,1-2,0,0
202512121405,2025-12-12,14,5,4-1,2290,L09,1-2,0,0
202512121406,2025-12-12,14,6,1-3,270,L09,1-2,0,0
202512121501,2025-12-12,15,1,4-1,990,L09,1-2,0,0
202512121502,2025-12-12,15,2,3-1,2120,L09,1-2,0,0
202512121503,2025-12-12,15,3,1-6,1170,L09,1-2,0,0
202512121506,2025-12-12,15,6,5-1,660,L09,1-2,0,0
202512121708,2025-12-12,17,8,1-3,300,L09,1-2,0,0
202512121710,2025-12-12,17,10,1-3,550,L09,1-2,0,0
202512121711,2025-12-12,17,11,1-6,1890,L09,1-2,0,0
202512121911,2025-12-12,19,11,2-1,1260,L09,1-2,0,0
202512121912,2025-12-12,19,12,2-1,540,L09,1-2,0,0
202512122109,2025-12-12,21,9,1-2,300,L09,1-2,1,300
202512122110,2025-12-12,21,10,1-2,220,L09,1-2,1,220
202512122112,2025-12-12,21,12,1-2,190,L09,1-2,1,190
202512130106,2025-12-13,01,6,1-4,480,L09,1-2,0,0
202512130107,2025-12-13,01,7,1-2,650,L09,1-2,1,650
202512130108,2025-12-13,01,8,3-2,4840,L09,1-2,0,0
202512130111,2025-12-13,01,11,1-4,1140,L09,1-2,0,0
202512130202,2025-12-13,02,2,1-2,1570,L09,1-2,1,1570
202512130205,2025-12-13,02,5,1-2,580,L09,1-2,1,580
202512130209,2025-12-13,02,9,3-2,1800,L09,1-2,0,0
202512130305,2025-12-13,03,5,1-4,470,L09,1-2,0,0
202512130309,2025-12-13,03,9,2-1,1150,L09,1-2,0,0
202512130312,2025-12-13,03,12,1-4,1500,L09,1-2,0,0
202512130501,2025-12-13,05,1,1-4,550,L09,1-2,0,0
202512130502,2025-12-13,05,2,1-5,790,L09,1-2,0,0
202512130505,2025-12-13,05,5,1-6,560,L09,1-2,0,0
202512130506,2025-12-13,05,6,1-4,770,L09,1-2,0,0
202512130511,2025-12-13,05,11,1-2,380,L09,1-2,1,380
202512130602,2025-12-13,06,2,2-1,860,L09,1-2,0,0
202512130606,2025-12-13,06,6,1-3,450,L09,1-2,0,0
202512130706,2025-12-13,07,6,1-6,490,L09,1-2,0,0
202512130708,2025-12-13,07,8,3-1,2930,L09,1-2,0,0
202512130709,2025-12-13,07,9,1-3,320,L09,1-2,0,0
202512130801,2025-12-13,08,1,1-3,310,L09,1-2,0,0
202512130804,2025-12-13,08,4,6-2,1340,L09,1-2,0,0
202512130805,2025-12-13,08,5,1-3,370,L09,1-2,0,0
202512130806,2025-12-13,08,6,1-2,290,L09,1-2,1,290
202512130807,2025-12-13,08,7,3-1,1890,L09,1-2,0,0
202512130808,2025-12-13,08,8,1-4,900,L09,1-2,0,0
202512130810,2025-12-13,08,10,1-3,260,L09,1-2,0,0
202512131001,2025-12-13,10,1,1-2,320,L09,1-2,1,320
202512131002,2025-12-13,10,2,2-1,610,L09,1-2,0,0
202512131003,2025-12-13,10,3,1-3,220,L09,1-2,0,0
202512131005,2025-12-13,10,5,1-2,240,L09,1-2,1,240
202512131010,2025-12-13,10,10,2-4,2850,L09,1-2,0,0
202512131506,2025-12-13,15,6,1-2,280,L09,1-2,1,280
202512131507,2025-12-13,15,7,1-4,230,L09,1-2,0,0
202512131508,2025-12-13,15,8,1-4,610,L09,1-2,0,0
202512131705,2025-12-13,17,5,1-3,690,L09,1-2,0,0
202512131707,2025-12-13,17,7,1-2,300,L09,1-2,1,300
202512131709,2025-12-13,17,9,1-5,880,L09,1-2,0,0
202512131710,2025-12-13,17,10,1-4,710,L09,1-2,0,0
202512131806,2025-12-13,18,6,1-3,510,L09,1-2,0,0
202512131808,2025-12-13,18,8,1-3,610,L09,1-2,0,0
202512131810,2025-12-13,18,10,1-3,270,L09,1-2,0,0
202512132104,2025-12-13,21,4,1-3,190,L09,1-2,0,0
202512132107,2025-12-13,21,7,1-2,310,L09,1-2,1,310
202512132109,2025-12-13,21,9,1-2,600,L09,1-2,1,600
202512132407,2025-12-13,24,7,1-3,230,L09,1-2,0,0
202512132408,2025-12-13,24,8,1-3,190,L09,1-2,0,0
202512132411,2025-12-13,24,11,1-5,740,L09,1-2,0,0
202512132412,2025-12-13,24,12,1-2,300,L09,1-2,1,300
202512140105,2025-12-14,01,5,1-4,4030,L09,1-2,0,0
202512140106,2025-12-14,01,6,1-3,310,L09,1-2,0,0
202512140109,2025-12-14,01,9,1-3,920,L09,1-2,0,0
202512140111,2025-12-14,01,11,1-4,460,L09,1-2,0,0
202512140112,2025-12-14,01,12,1-2,260,L09,1-2,1,260
202512140204,2025-12-14,02,4,1-3,570,L09,1-2,0,0
202512140207,2025-12-14,02,7,1-3,400,L09,1-2,0,0
202512140209,2025-12-14,02,9,1-2,930,L09,1-2,1,930
202512140210,2025-12-14,02,10,1-2,510,L09,1-2,1,510
202512140211,2025-12-14,02,11,1-5,880,L09,1-2,0,0
202512140303,2025-12-14,03,3,1-3,240,L09,1-2,0,0
202512140308,2025-12-14,03,8,1-4,1050,L09,1-2,0,0
202512140311,2025-12-14,03,11,1-3,290,L09,1-2,0,0
202512140312,2025-12-14,03,12,1-6,1270,L09,1-2,0,0
202512140505,2025-12-14,05,5,1-5,470,L09,1-2,0,0
202512140507,2025-12-14,05,7,2-3,1070,L09,1-2,0,0
202512140511,2025-12-14,05,11,1-2,630,L09,1-2,1,630
202512140602,2025-12-14,06,2,1-3,790,L09,1-2,0,0
202512140603,2025-12-14,06,3,1-4,290,L09,1-2,0,0
202512140605,2025-12-14,06,5,1-3,450,L09,1-2,0,0
202512140607,2025-12-14,06,7,5-1,1240,L09,1-2,0,0
202512140608,2025-12-14,06,8,6-1,2880,L09,1-2,0,0
202512140609,2025-12-14,06,9,1-2,260,L09,1-2,1,260
202512140611,2025-12-14,06,11,2-1,880,L09,1-2,0,0
202512140612,2025-12-14,06,12,2-1,1020,L09,1-2,0,0
202512140702,2025-12-14,07,2,2-1,410,L09,1-2,0,0
202512140704,2025-12-14,07,4,1-5,290,L09,1-2,0,0
202512140706,2025-12-14,07,6,1-2,460,L09,1-2,1,460
202512140709,2025-12-14,07,9,2-1,1280,L09,1-2,0,0
202512140711,2025-12-14,07,11,1-3,250,L09,1-2,0,0
202512140801,2025-12-14,08,1,1-2,300,L09,1-2,1,300
202512140806,2025-12-14,08,6,1-4,2540,L09,1-2,0,0
202512140808,2025-12-14,08,8,1-4,580,L09,1-2,0,0
202512140809,2025-12-14,08,9,1-6,1010,L09,1-2,0,0
202512140810,2025-12-14,08,10,3-1,6800,L09,1-2,0,0
202512141001,2025-12-14,10,1,1-2,290,L09,1-2,1,290
202512141002,2025-12-14,10,2,1-2,270,L09,1-2,1,270
202512141006,2025-12-14,10,6,1-3,900,L09,1-2,0,0
202512141008,2025-12-14,10,8,5-2,4290,L09,1-2,0,0
202512141009,2025-12-14,10,9,1-4,1140,L09,1-2,0,0
202512141012,2025-12-14,10,12,1-2,330,L09,1-2,1,330
202512141102,2025-12-14,11,2,1-4,540,L09,1-2,0,0
202512141104,2025-12-14,11,4,2-3,750,L09,1-2,0,0
202512141107,2025-12-14,11,7,4-5,960,L09,1-2,0,0
202512141108,2025-12-14,11,8,3-6,4380,L09,1-2,0,0
202512141111,2025-12-14,11,11,1-4,430,L09,1-2,0,0
202512141112,2025-12-14,11,12,1-3,420,L09,1-2,0,0
202512141505,2025-12-14,15,5,1-6,700,L09,1-2,0,0
202512141507,2025-12-14,15,7,1-4,590,L09,1-2,0,0
202512141508,2025-12-14,15,8,1-2,220,L09,1-2,1,220
202512141510,2025-12-14,15,10,1-4,840,L09,1-2,0,0
202512141701,2025-12-14,17,1,1-6,2100,L09,1-2,0,0
202512141703,2025-12-14,17,3,1-3,760,L09,1-2,0,0
202512141706,2025-12-14,17,6,1-2,2150,L09,1-2,1,2150
202512141708,2025-12-14,17,8,3-1,430,L09,1-2,0,0
202512141711,2025-12-14,17,11,1-2,280,L09,1-2,1,280
202512141801,2025-12-14,18,1,1-3,280,L09,1-2,0,0
202512141806,2025-12-14,18,6,3-4,1240,L09,1-2,0,0
202512141812,2025-12-14,18,12,1-2,370,L09,1-2,1,370
202512142302,2025-12-14,23,2,1-4,1070,L09,1-2,0,0
202512142307,2025-12-14,23,7,4-1,8560,L09,1-2,0,0
202512142309,2025-12-14,23,9,3-1,820,L09,1-2,0,0
202512142310,2025-12-14,23,10,1-2,280,L09,1-2,1,280
202512142311,2025-12-14,23,11,1-3,300,L09,1-2,0,0
202512142401,2025-12-14,24,1,4-1,1030,L09,1-2,0,0
202512142407,2025-12-14,24,7,1-2,250,L09,1-2,1,250
202512142409,2025-12-14,24,9,2-1,490,L09,1-2,0,0
202512150106,2025-12-15,01,6,1-3,500,L09,1-2,0,0
202512150110,2025-12-15,01,10,1-2,430,L09,1-2,1,430
202512150112,2025-12-15,01,12,1-2,230,L09,1-2,1,230
202512150201,2025-12-15,02,1,1-2,560,L09,1-2,1,560
202512150202,2025-12-15,02,2,1-3,1060,L09,1-2,0,0
202512150204,2025-12-15,02,4,3-2,720,L09,1-2,0,0
202512150208,2025-12-15,02,8,2-5,1430,L09,1-2,0,0
202512150209,2025-12-15,02,9,3-1,1020,L09,1-2,0,0
202512150210,2025-12-15,02,10,1-2,450,L09,1-2,1,450
202512150211,2025-12-15,02,11,1-2,450,L09,1-2,1,450
202512150212,2025-12-15,02,12,2-1,880,L09,1-2,0,0
202512150602,2025-12-15,06,2,1-3,1970,L09,1-2,0,0
202512150603,2025-12-15,06,3,1-2,360,L09,1-2,1,360
202512150610,2025-12-15,06,10,1-2,360,L09,1-2,1,360
202512150702,2025-12-15,07,2,1-4,1420,L09,1-2,0,0
202512150704,2025-12-15,07,4,1-2,350,L09,1-2,1,350
202512150705,2025-12-15,07,5,1-3,260,L09,1-2,0,0
202512150706,2025-12-15,07,6,1-5,410,L09,1-2,0,0
202512150707,2025-12-15,07,7,1-3,190,L09,1-2,0,0
202512150709,2025-12-15,07,9,1-4,600,L09,1-2,0,0
202512150712,2025-12-15,07,12,1-2,380,L09,1-2,1,380
202512150807,2025-12-15,08,7,1-2,320,L09,1-2,1,320
202512150809,2025-12-15,08,9,1-3,370,L09,1-2,0,0
202512150811,2025-12-15,08,11,2-4,2870,L09,1-2,0,0
202512150902,2025-12-15,09,2,4-2,4040,L09,1-2,0,0
202512150907,2025-12-15,09,7,1-5,660,L09,1-2,0,0
202512150910,2025-12-15,09,10,1-3,190,L09,1-2,0,0
202512150911,2025-12-15,09,11,1-2,180,L09,1-2,1,180
202512150912,2025-12-15,09,12,1-3,310,L09,1-2,0,0
202512151001,2025-12-15,10,1,1-5,590,L09,1-2,0,0
202512151003,2025-12-15,10,3,1-3,190,L09,1-2,0,0
202512151006,2025-12-15,10,6,2-1,720,L09,1-2,0,0
202512151012,2025-12-15,10,12,1-3,240,L09,1-2,0,0
202512151105,2025-12-15,11,5,1-4,2070,L09,1-2,0,0
202512151110,2025-12-15,11,10,1-2,950,L09,1-2,1,950
202512151112,2025-12-15,11,12,1-2,210,L09,1-2,1,210
202512151506,2025-12-15,15,6,1-5,320,L09,1-2,0,0
202512151509,2025-12-15,15,9,1-4,680,L09,1-2,0,0
202512151511,2025-12-15,15,11,1-4,540,L09,1-2,0,0
202512151703,2025-12-15,17,3,1-2,250,L09,1-2,1,250
202512151705,2025-12-15,17,5,1-2,230,L09,1-2,1,230
202512151706,2025-12-15,17,6,2-1,760,L09,1-2,0,0
202512151709,2025-12-15,17,9,1-2,330,L09,1-2,1,330
202512151711,2025-12-15,17,11,2-3,3870,L09,1-2,0,0
202512151712,2025-12-15,17,12,2-1,1370,L09,1-2,0,0
202512151805,2025-12-15,18,5,1-2,270,L09,1-2,1,270
202512151806,2025-12-15,18,6,1-6,1490,L09,1-2,0,0
202512151808,2025-12-15,18,8,1-2,630,L09,1-2,1,630
202512151809,2025-12-15,18,9,1-6,520,L09,1-2,0,0
202512151812,2025-12-15,18,12,1-2,660,L09,1-2,1,660
202512152202,2025-12-15,22,2,1-3,230,L09,1-2,0,0
202512152205,2025-12-15,22,5,3-1,1950,L09,1-2,0,0
202512152302,2025-12-15,23,2,1-2,310,L09,1-2,1,310
202512152303,2025-12-15,23,3,1-3,230,L09,1-2,0,0
202512152309,2025-12-15,23,9,1-5,3160,L09,1-2,0,0
202512152311,2025-12-15,23,11,2-3,2130,L09,1-2,0,0
202512152401,2025-12-15,24,1,3-1,1530,L09,1-2,0,0
202512152402,2025-12-15,24,2,2-1,650,L09,1-2,0,0
202512152405,2025-12-15,24,5,6-1,2590,L09,1-2,0,0
202512152411,2025-12-15,24,11,3-5,6610,L09,1-2,0,0
202512152412,2025-12-15,24,12,1-3,590,L09,1-2,0,0
202512160102,2025-12-16,01,2,5-2,10840,L09,1-2,0,0
202512160103,2025-12-16,01,3,5-1,1390,L09,1-2,0,0
202512160106,2025-12-16,01,6,1-3,190,L09,1-2,0,0
202512160109,2025-12-16,01,9,2-6,11910,L09,1-2,0,0
202512160110,2025-12-16,01,10,1-2,340,L09,1-2,1,340
202512160112,2025-12-16,01,12,1-2,210,L09,1-2,1,210
202512160202,2025-12-16,02,2,3-1,1650,L09,1-2,0,0
202512160204,2025-12-16,02,4,1-2,370,L09,1-2,1,370
202512160208,2025-12-16,02,8,5-1,6630,L09,1-2,0,0
202512160209,2025-12-16,02,9,3-1,750,L09,1-2,0,0
202512160211,2025-12-16,02,11,2-1,1230,L09,1-2,0,0
202512160801,2025-12-16,08,1,1-3,330,L09,1-2,0,0
202512160803,2025-12-16,08,3,3-1,330,L09,1-2,0,0
202512160811,2025-12-16,08,11,1-3,210,L09,1-2,0,0
202512160812,2025-12-16,08,12,1-4,340,L09,1-2,0,0
202512160903,2025-12-16,09,3,4-2,2970,L09,1-2,0,0
202512160904,2025-12-16,09,4,2-1,440,L09,1-2,0,0
202512160906,2025-12-16,09,6,1-3,400,L09,1-2,0,0
202512160909,2025-12-16,09,9,1-3,430,L09,1-2,0,0
202512160912,2025-12-16,09,12,1-3,250,L09,1-2,0,0
202512161001,2025-12-16,10,1,1-2,210,L09,1-2,1,210
202512161002,2025-12-16,10,2,1-3,660,L09,1-2,0,0
202512161007,2025-12-16,10,7,1-5,310,L09,1-2,0,0
202512161010,2025-12-16,10,10,1-2,270,L09,1-2,1,270
202512161011,2025-12-16,10,11,1-3,340,L09,1-2,0,0
202512161103,2025-12-16,11,3,1-3,490,L09,1-2,0,0
202512161104,2025-12-16,11,4,2-4,4270,L09,1-2,0,0
202512161107,2025-12-16,11,7,2-1,870,L09,1-2,0,0
202512161110,2025-12-16,11,10,1-3,730,L09,1-2,0,0
202512161201,2025-12-16,12,1,1-3,760,L09,1-2,0,0
202512161206,2025-12-16,12,6,1-4,620,L09,1-2,0,0
202512161211,2025-12-16,12,11,1-4,490,L09,1-2,0,0
202512161802,2025-12-16,18,2,1-2,320,L09,1-2,1,320
202512161803,2025-12-16,18,3,1-2,240,L09,1-2,1,240
202512161806,2025-12-16,18,6,1-3,590,L09,1-2,0,0
202512161809,2025-12-16,18,9,1-3,210,L09,1-2,0,0
202512162201,2025-12-16,22,1,1-2,160,L09,1-2,1,160
202512162202,2025-12-16,22,2,1-6,440,L09,1-2,0,0
202512162203,2025-12-16,22,3,3-1,500,L09,1-2,0,0
202512162207,2025-12-16,22,7,1-3,1010,L09,1-2,0,0
202512162210,2025-12-16,22,10,1-4,880,L09,1-2,0,0
202512162211,2025-12-16,22,11,1-4,2690,L09,1-2,0,0
202512162301,2025-12-16,23,1,1-2,230,L09,1-2,1,230
202512162304,2025-12-16,23,4,1-2,610,L09,1-2,1,610
202512162307,2025-12-16,23,7,2-1,940,L09,1-2,0,0
202512162309,2025-12-16,23,9,1-4,450,L09,1-2,0,0
202512162401,2025-12-16,24,1,1-4,490,L09,1-2,0,0
202512162404,2025-12-16,24,4,1-5,1500,L09,1-2,0,0
202512162407,2025-12-16,24,7,1-2,190,L09,1-2,1,190
202512162409,2025-12-16,24,9,1-3,1330,L09,1-2,0,0
202512162410,2025-12-16,24,10,1-3,210,L09,1-2,0,0
202512162411,2025-12-16,24,11,1-2,250,L09,1-2,1,250
202512170103,2025-12-17,01,3,1-3,540,L09,1-2,0,0
202512170106,2025-12-17,01,6,1-2,200,L09,1-2,1,200
202512170107,2025-12-17,01,7,1-4,850,L09,1-2,0,0
202512170109,2025-12-17,01,9,1-5,400,L09,1-2,0,0
202512170111,2025-12-17,01,11,1-3,460,L09,1-2,0,0
202512170112,2025-12-17,01,12,1-2,320,L09,1-2,1,320
202512170305,2025-12-17,03,5,5-3,3390,L09,1-2,0,0
202512170309,2025-12-17,03,9,2-1,3420,L09,1-2,0,0
202512170312,2025-12-17,03,12,1-5,990,L09,1-2,0,0
202512170504,2025-12-17,05,4,2-1,650,L09,1-2,0,0
202512170510,2025-12-17,05,10,1-2,320,L09,1-2,1,320
202512170511,2025-12-17,05,11,2-3,1170,L09,1-2,0,0
202512170801,2025-12-17,08,1,1-3,300,L09,1-2,0,0
202512170807,2025-12-17,08,7,1-3,320,L09,1-2,0,0
202512170809,2025-12-17,08,9,1-2,230,L09,1-2,1,230
202512170810,2025-12-17,08,10,1-2,280,L09,1-2,1,280
202512170811,2025-12-17,08,11,2-1,1110,L09,1-2,0,0
202512170812,2025-12-17,08,12,1-5,1010,L09,1-2,0,0
202512170903,2025-12-17,09,3,1-5,1590,L09,1-2,0,0
202512170904,2025-12-17,09,4,2-1,1460,L09,1-2,0,0
202512170906,2025-12-17,09,6,3-1,850,L09,1-2,0,0
202512171005,2025-12-17,10,5,3-1,1020,L09,1-2,0,0
202512171008,2025-12-17,10,8,1-2,230,L09,1-2,1,230
202512171009,2025-12-17,10,9,1-3,470,L09,1-2,0,0
202512171010,2025-12-17,10,10,2-3,7320,L09,1-2,0,0
202512171102,2025-12-17,11,2,2-5,640,L09,1-2,0,0
202512171103,2025-12-17,11,3,1-3,580,L09,1-2,0,0
202512171104,2025-12-17,11,4,5-6,550,L09,1-2,0,0
202512171109,2025-12-17,11,9,2-5,2490,L09,1-2,0,0
202512171110,2025-12-17,11,10,1-4,580,L09,1-2,0,0
202512171111,2025-12-17,11,11,1-3,460,L09,1-2,0,0
202512171204,2025-12-17,12,4,1-3,350,L09,1-2,0,0
202512171206,2025-12-17,12,6,1-3,440,L09,1-2,0,0
202512171603,2025-12-17,16,3,1-4,1140,L09,1-2,0,0
202512171606,2025-12-17,16,6,5-1,10140,L09,1-2,0,0
202512171607,2025-12-17,16,7,2-1,670,L09,1-2,0,0
202512171609,2025-12-17,16,9,1-3,1100,L09,1-2,0,0
202512171810,2025-12-17,18,10,1-3,280,L09,1-2,0,0
202512171811,2025-12-17,18,11,1-4,430,L09,1-2,0,0
202512171812,2025-12-17,18,12,1-3,230,L09,1-2,0,0
202512172202,2025-12-17,22,2,1-3,300,L09,1-2,0,0
202512172204,2025-12-17,22,4,2-1,670,L09,1-2,0,0
202512172210,2025-12-17,22,10,4-1,1160,L09,1-2,0,0
202512172211,2025-12-17,22,11,1-4,1000,L09,1-2,0,0
202512172212,2025-12-17,22,12,1-4,960,L09,1-2,0,0
202512172301,2025-12-17,23,1,1-5,1230,L09,1-2,0,0
202512172303,2025-12-17,23,3,1-3,490,L09,1-2,0,0
202512172304,2025-12-17,23,4,1-4,400,L09,1-2,0,0
202512172305,2025-12-17,23,5,1-4,780,L09,1-2,0,0
202512172310,2025-12-17,23,10,1-5,1500,L09,1-2,0,0
202512172311,2025-12-17,23,11,1-2,330,L09,1-2,1,330
202512172312,2025-12-17,23,12,1-3,580,L09,1-2,0,0
202512172406,2025-12-17,24,6,1-3,410,L09,1-2,0,0
202512172407,2025-12-17,24,7,1-5,2380,L09,1-2,0,0
202512172409,2025-12-17,24,9,1-3,360,L09,1-2,0,0
202512172410,2025-12-17,24,10,2-1,1500,L09,1-2,0,0
202512172411,2025-12-17,24,11,1-3,580,L09,1-2,0,0
202512180309,2025-12-18,03,9,1-2,430,L09,1-2,1,430
202512180310,2025-12-18,03,10,1-2,220,L09,1-2,1,220
202512180312,2025-12-18,03,12,1-2,300,L09,1-2,1,300
202512180502,2025-12-18,05,2,1-4,1630,L09,1-2,0,0
202512180504,2025-12-18,05,4,2-1,5340,L09,1-2,0,0
202512180505,2025-12-18,05,5,1-4,340,L09,1-2,0,0
202512180510,2025-12-18,05,10,1-2,310,L09,1-2,1,310
202512180511,2025-12-18,05,11,1-2,540,L09,1-2,1,540
202512180803,2025-12-18,08,3,1-3,400,L09,1-2,0,0
202512180805,2025-12-18,08,5,1-2,420,L09,1-2,1,420
202512180807,2025-12-18,08,7,2-4,3180,L09,1-2,0,0
202512180808,2025-12-18,08,8,4-2,3230,L09,1-2,0,0
202512180809,2025-12-18,08,9,1-5,680,L09,1-2,0,0
202512180810,2025-12-18,08,10,2-1,1210,L09,1-2,0,0
202512180906,2025-12-18,09,6,1-3,280,L09,1-2,0,0
202512180908,2025-12-18,09,8,1-3,480,L09,1-2,0,0
202512180912,2025-12-18,09,12,1-2,390,L09,1-2,1,390
202512181101,2025-12-18,11,1,2-3,5230,L09,1-2,0,0
202512181102,2025-12-18,11,2,3-4,2400,L09,1-2,0,0
202512181105,2025-12-18,11,5,2-4,4030,L09,1-2,0,0
202512181107,2025-12-18,11,7,3-5,600,L09,1-2,0,0
202512181108,2025-12-18,11,8,4-3,3190,L09,1-2,0,0
202512181110,2025-12-18,11,10,1-2,340,L09,1-2,1,340
202512181112,2025-12-18,11,12,4-1,1700,L09,1-2,0,0
202512181202,2025-12-18,12,2,1-6,1650,L09,1-2,0,0
202512181204,2025-12-18,12,4,1-3,580,L09,1-2,0,0
202512181205,2025-12-18,12,5,4-1,6170,L09,1-2,0,0
202512181208,2025-12-18,12,8,1-4,700,L09,1-2,0,0
202512181212,2025-12-18,12,12,1-2,270,L09,1-2,1,270
202512181610,2025-12-18,16,10,1-5,260,L09,1-2,0,0
202512181611,2025-12-18,16,11,1-3,220,L09,1-2,0,0
202512181801,2025-12-18,18,1,1-2,230,L09,1-2,1,230
202512181806,2025-12-18,18,6,1-2,360,L09,1-2,1,360
202512181809,2025-12-18,18,9,1-5,410,L09,1-2,0,0
202512181811,2025-12-18,18,11,1-3,330,L09,1-2,0,0
202512181903,2025-12-18,19,3,1-2,420,L09,1-2,1,420
202512181905,2025-12-18,19,5,1-3,1000,L09,1-2,0,0
202512181906,2025-12-18,19,6,1-5,1090,L09,1-2,0,0
202512181912,2025-12-18,19,12,3-1,1740,L09,1-2,0,0
202512182101,2025-12-18,21,1,1-4,540,L09,1-2,0,0
202512182103,2025-12-18,21,3,1-3,250,L09,1-2,0,0
202512182104,2025-12-18,21,4,1-3,290,L09,1-2,0,0
202512182105,2025-12-18,21,5,1-2,370,L09,1-2,1,370
202512182107,2025-12-18,21,7,1-5,690,L09,1-2,0,0
202512182111,2025-12-18,21,11,1-3,320,L09,1-2,0,0
202512182401,2025-12-18,24,1,1-4,510,L09,1-2,0,0
202512182405,2025-12-18,24,5,1-4,160,L09,1-2,0,0
202512182406,2025-12-18,24,6,1-3,270,L09,1-2,0,0
202512182410,2025-12-18,24,10,1-6,1490,L09,1-2,0,0
202512182411,2025-12-18,24,11,1-5,1130,L09,1-2,0,0
202512182412,2025-12-18,24,12,1-2,280,L09,1-2,1,280
202512190202,2025-12-19,02,2,2-1,1870,L09,1-2,0,0
202512190205,2025-12-19,02,5,3-1,1160,L09,1-2,0,0
202512190206,2025-12-19,02,6,4-5,1950,L09,1-2,0,0
202512190209,2025-12-19,02,9,1-2,460,L09,1-2,1,460
202512190210,2025-12-19,02,10,2-5,2300,L09,1-2,0,0
202512190302,2025-12-19,03,2,1-3,1920,L09,1-2,0,0
202512190304,2025-12-19,03,4,1-2,2510,L09,1-2,1,2510
202512190305,2025-12-19,03,5,2-1,1100,L09,1-2,0,0
202512190310,2025-12-19,03,10,1-2,240,L09,1-2,1,240
202512190503,2025-12-19,05,3,6-4,1570,L09,1-2,0,0
202512190507,2025-12-19,05,7,1-4,280,L09,1-2,0,0
202512190605,2025-12-19,06,5,1-3,700,L09,1-2,0,0
202512190606,2025-12-19,06,6,1-3,210,L09,1-2,0,0
202512190607,2025-12-19,06,7,2-4,670,L09,1-2,0,0
202512190610,2025-12-19,06,10,1-6,3530,L09,1-2,0,0
202512190611,2025-12-19,06,11,1-3,270,L09,1-2,0,0
202512191102,2025-12-19,11,2,1-4,170,L09,1-2,0,0
202512191103,2025-12-19,11,3,3-1,1100,L09,1-2,0,0
202512191104,2025-12-19,11,4,1-4,760,L09,1-2,0,0
202512191106,2025-12-19,11,6,5-1,10360,L09,1-2,0,0
202512191109,2025-12-19,11,9,1-5,450,L09,1-2,0,0
202512191111,2025-12-19,11,11,1-3,540,L09,1-2,0,0
202512191112,2025-12-19,11,12,1-4,490,L09,1-2,0,0
202512191207,2025-12-19,12,7,1-5,570,L09,1-2,0,0
202512191211,2025-12-19,12,11,1-2,290,L09,1-2,1,290
202512191402,2025-12-19,14,2,1-3,300,L09,1-2,0,0
202512191405,2025-12-19,14,5,4-1,1570,L09,1-2,0,0
202512191411,2025-12-19,14,11,4-2,4550,L09,1-2,0,0
202512191611,2025-12-19,16,11,2-1,1560,L09,1-2,0,0
202512191902,2025-12-19,19,2,1-3,270,L09,1-2,0,0
202512191904,2025-12-19,19,4,1-3,480,L09,1-2,0,0
202512191905,2025-12-19,19,5,1-2,280,L09,1-2,1,280
202512191906,2025-12-19,19,6,1-4,640,L09,1-2,0,0
202512191907,2025-12-19,19,7,1-3,1360,L09,1-2,0,0
202512191909,2025-12-19,19,9,1-3,310,L09,1-2,0,0
202512191911,2025-12-19,19,11,1-2,240,L09,1-2,1,240
202512191912,2025-12-19,19,12,1-3,410,L09,1-2,0,0
202512192105,2025-12-19,21,5,1-3,520,L09,1-2,0,0
202512192110,2025-12-19,21,10,1-4,490,L09,1-2,0,0
202512192112,2025-12-19,21,12,1-3,300,L09,1-2,0,0
202512192204,2025-12-19,22,4,5-6,1340,L09,1-2,0,0
202512192206,2025-12-19,22,6,1-2,1210,L09,1-2,1,1210
202512192209,2025-12-19,22,9,3-2,2990,L09,1-2,0,0
202512192210,2025-12-19,22,10,1-2,200,L09,1-2,1,200
202512192211,2025-12-19,22,11,4-5,3120,L09,1-2,0,0
202512192212,2025-12-19,22,12,1-4,670,L09,1-2,0,0
202512192401,2025-12-19,24,1,1-3,410,L09,1-2,0,0
202512192402,2025-12-19,24,2,5-4,2580,L09,1-2,0,0
202512192405,2025-12-19,24,5,1-3,1990,L09,1-2,0,0
202512200201,2025-12-20,02,1,1-3,350,L09,1-2,0,0
202512200203,2025-12-20,02,3,3-1,2750,L09,1-2,0,0
202512200209,2025-12-20,02,9,4-5,10550,L09,1-2,0,0
202512200212,2025-12-20,02,12,1-2,390,L09,1-2,1,390
202512200302,2025-12-20,03,2,1-6,2170,L09,1-2,0,0
202512200303,2025-12-20,03,3,3-2,14030,L09,1-2,0,0
202512200306,2025-12-20,03,6,1-2,940,L09,1-2,1,940
202512200308,2025-12-20,03,8,1-4,430,L09,1-2,0,0
202512200310,2025-12-20,03,10,1-2,320,L09,1-2,1,320
202512200504,2025-12-20,05,4,1-5,550,L09,1-2,0,0
202512200510,2025-12-20,05,10,1-3,400,L09,1-2,0,0
202512200604,2025-12-20,06,4,3-2,3030,L09,1-2,0,0
202512200608,2025-12-20,06,8,1-4,460,L09,1-2,0,0
202512200609,2025-12-20,06,9,3-1,680,L09,1-2,0,0
202512200611,2025-12-20,06,11,1-3,190,L09,1-2,0,0
202512200612,2025-12-20,06,12,1-5,490,L09,1-2,0,0
202512201201,2025-12-20,12,1,1-4,610,L09,1-2,0,0
202512201204,2025-12-20,12,4,1-4,630,L09,1-2,0,0
202512201205,2025-12-20,12,5,1-2,430,L09,1-2,1,430
202512201208,2025-12-20,12,8,1-2,320,L09,1-2,1,320
202512201212,2025-12-20,12,12,1-4,490,L09,1-2,0,0
202512201401,2025-12-20,14,1,2-1,1150,L09,1-2,0,0
202512201404,2025-12-20,14,4,2-1,3680,L09,1-2,0,0
202512201408,2025-12-20,14,8,2-3,3270,L09,1-2,0,0
202512201412,2025-12-20,14,12,1-4,620,L09,1-2,0,0
202512201601,2025-12-20,16,1,1-2,530,L09,1-2,1,530
202512201604,2025-12-20,16,4,1-4,240,L09,1-2,0,0
202512201606,2025-12-20,16,6,1-4,1090,L09,1-2,0,0
202512201609,2025-12-20,16,9,1-5,650,L09,1-2,0,0
202512201610,2025-12-20,16,10,1-3,460,L09,1-2,0,0
202512201611,2025-12-20,16,11,4-3,6740,L09,1-2,0,0
202512201612,2025-12-20,16,12,1-2,230,L09,1-2,1,230
202512201701,2025-12-20,17,1,4-2,4400,L09,1-2,0,0
202512201702,2025-12-20,17,2,1-2,260,L09,1-2,1,260
202512201703,2025-12-20,17,3,1-3,360,L09,1-2,0,0
202512201705,2025-12-20,17,5,1-5,840,L09,1-2,0,0
202512201706,2025-12-20,17,6,1-2,220,L09,1-2,1,220
202512201708,2025-12-20,17,8,1-4,330,L09,1-2,0,0
202512201709,2025-12-20,17,9,1-4,1270,L09,1-2,0,0
202512201710,2025-12-20,17,10,1-2,290,L09,1-2,1,290
202512201905,2025-12-20,19,5,1-5,610,L09,1-2,0,0
202512201907,2025-12-20,19,7,3-1,1320,L09,1-2,0,0
202512201909,2025-12-20,19,9,1-3,890,L09,1-2,0,0
202512201910,2025-12-20,19,10,1-3,340,L09,1-2,0,0
202512201911,2025-12-20,19,11,1-3,450,L09,1-2,0,0
202512202001,2025-12-20,20,1,3-2,1170,L09,1-2,0,0
202512202003,2025-12-20,20,3,1-2,540,L09,1-2,1,540
202512202009,2025-12-20,20,9,1-3,220,L09,1-2,0,0
202512202010,2025-12-20,20,10,1-2,240,L09,1-2,1,240
202512202011,2025-12-20,20,11,5-1,1990,L09,1-2,0,0
202512202012,2025-12-20,20,12,1-2,210,L09,1-2,1,210
202512202112,2025-12-20,21,12,1-4,340,L09,1-2,0,0
202512202201,2025-12-20,22,1,1-3,300,L09,1-2,0,0
202512202205,2025-12-20,22,5,1-5,530,L09,1-2,0,0
202512202206,2025-12-20,22,6,1-5,1090,L09,1-2,0,0
202512202302,2025-12-20,23,2,1-2,220,L09,1-2,1,220
202512202303,2025-12-20,23,3,1-3,270,L09,1-2,0,0
202512202305,2025-12-20,23,5,1-3,910,L09,1-2,0,0
202512202306,2025-12-20,23,6,1-5,540,L09,1-2,0,0
202512202308,2025-12-20,23,8,3-2,1040,L09,1-2,0,0
202512202312,2025-12-20,23,12,1-4,760,L09,1-2,0,0
202512210201,2025-12-21,02,1,1-2,650,L09,1-2,1,650
202512210207,2025-12-21,02,7,1-6,2240,L09,1-2,0,0
202512210211,2025-12-21,02,11,1-4,290,L09,1-2,0,0
202512210212,2025-12-21,02,12,5-2,7830,L09,1-2,0,0
202512210305,2025-12-21,03,5,2-1,490,L09,1-2,0,0
202512210307,2025-12-21,03,7,1-3,1600,L09,1-2,0,0
202512210308,2025-12-21,03,8,1-2,340,L09,1-2,1,340
202512210312,2025-12-21,03,12,1-5,1460,L09,1-2,0,0
202512210502,2025-12-21,05,2,1-2,220,L09,1-2,1,220
202512210507,2025-12-21,05,7,4-2,1960,L09,1-2,0,0
202512210508,2025-12-21,05,8,1-6,1720,L09,1-2,0,0
202512210602,2025-12-21,06,2,2-5,1110,L09,1-2,0,0
202512210603,2025-12-21,06,3,1-2,1400,L09,1-2,1,1400
202512210604,2025-12-21,06,4,1-2,1120,L09,1-2,1,1120
202512210607,2025-12-21,06,7,4-6,1120,L09,1-2,0,0
202512210609,2025-12-21,06,9,1-2,300,L09,1-2,1,300
202512210801,2025-12-21,08,1,1-5,880,L09,1-2,0,0
202512210802,2025-12-21,08,2,3-2,6260,L09,1-2,0,0
202512210805,2025-12-21,08,5,5-2,3460,L09,1-2,0,0
202512210807,2025-12-21,08,7,1-2,480,L09,1-2,1,480
202512210808,2025-12-21,08,8,5-1,940,L09,1-2,0,0
202512210811,2025-12-21,08,11,1-5,330,L09,1-2,0,0
202512210812,2025-12-21,08,12,1-2,260,L09,1-2,1,260
202512211202,2025-12-21,12,2,4-2,3010,L09,1-2,0,0
202512211203,2025-12-21,12,3,6-2,15480,L09,1-2,0,0
202512211208,2025-12-21,12,8,2-4,1500,L09,1-2,0,0
202512211211,2025-12-21,12,11,1-4,550,L09,1-2,0,0
202512211212,2025-12-21,12,12,1-2,300,L09,1-2,1,300
202512211401,2025-12-21,14,1,1-5,1140,L09,1-2,0,0
202512211402,2025-12-21,14,2,1-6,1010,L09,1-2,0,0
202512211411,2025-12-21,14,11,2-1,3090,L09,1-2,0,0
202512211704,2025-12-21,17,4,3-1,1760,L09,1-2,0,0
202512211706,2025-12-21,17,6,2-3,460,L09,1-2,0,0
202512211711,2025-12-21,17,11,2-3,2310,L09,1-2,0,0
202512211905,2025-12-21,19,5,1-3,330,L09,1-2,0,0
202512211907,2025-12-21,19,7,1-3,500,L09,1-2,0,0
202512211910,2025-12-21,19,10,1-4,400,L09,1-2,0,0
202512211911,2025-12-21,19,11,3-1,1170,L09,1-2,0,0
202512212004,2025-12-21,20,4,1-3,1160,L09,1-2,0,0
202512212011,2025-12-21,20,11,1-3,250,L09,1-2,0,0
202512212104,2025-12-21,21,4,2-1,940,L09,1-2,0,0
202512212112,2025-12-21,21,12,1-4,540,L09,1-2,0,0
202512212303,2025-12-21,23,3,1-2,1460,L09,1-2,1,1460
202512212304,2025-12-21,23,4,1-3,500,L09,1-2,0,0
202512212305,2025-12-21,23,5,1-3,210,L09,1-2,0,0
202512212307,2025-12-21,23,7,4-1,1970,L09,1-2,0,0
202512212312,2025-12-21,23,12,5-1,4760,L09,1-2,0,0
202512220202,2025-12-22,02,2,2-1,490,L09,1-2,0,0
202512220205,2025-12-22,02,5,3-1,1830,L09,1-2,0,0
202512220208,2025-12-22,02,8,2-1,2040,L09,1-2,0,0
202512220209,2025-12-22,02,9,3-1,790,L09,1-2,0,0
202512220210,2025-12-22,02,10,1-2,300,L09,1-2,1,300
202512220212,2025-12-22,02,12,1-3,340,L09,1-2,0,0
202512220601,2025-12-22,06,1,5-6,10430,L09,1-2,0,0
202512220604,2025-12-22,06,4,2-6,12640,L09,1-2,0,0
202512220608,2025-12-22,06,8,4-1,740,L09,1-2,0,0
202512220609,2025-12-22,06,9,1-2,230,L09,1-2,1,230
202512220610,2025-12-22,06,10,1-2,1620,L09,1-2,1,1620
202512220703,2025-12-22,07,3,1-3,320,L09,1-2,0,0
202512220707,2025-12-22,07,7,1-4,310,L09,1-2,0,0
202512220711,2025-12-22,07,11,2-4,2280,L09,1-2,0,0
202512220801,2025-12-22,08,1,2-5,21300,L09,1-2,0,0
202512220802,2025-12-22,08,2,2-3,840,L09,1-2,0,0
202512220803,2025-12-22,08,3,3-1,4840,L09,1-2,0,0
202512220901,2025-12-22,09,1,1-2,270,L09,1-2,1,270
202512220908,2025-12-22,09,8,6-1,2750,L09,1-2,0,0
202512220909,2025-12-22,09,9,1-3,310,L09,1-2,0,0
202512221401,2025-12-22,14,1,1-2,270,L09,1-2,1,270
202512221402,2025-12-22,14,2,4-3,4250,L09,1-2,0,0
202512221407,2025-12-22,14,7,1-3,650,L09,1-2,0,0
202512221408,2025-12-22,14,8,5-1,1300,L09,1-2,0,0
202512221411,2025-12-22,14,11,1-4,340,L09,1-2,0,0
202512221502,2025-12-22,15,2,4-1,2380,L09,1-2,0,0
202512221504,2025-12-22,15,4,5-2,2230,L09,1-2,0,0
202512221507,2025-12-22,15,7,1-2,800,L09,1-2,1,800
202512221508,2025-12-22,15,8,2-1,760,L09,1-2,0,0
202512221509,2025-12-22,15,9,1-3,860,L09,1-2,0,0
202512221511,2025-12-22,15,11,2-1,2790,L09,1-2,0,0
202512221604,2025-12-22,16,4,1-2,240,L09,1-2,1,240
202512221605,2025-12-22,16,5,4-6,6130,L09,1-2,0,0
202512221609,2025-12-22,16,9,2-1,2200,L09,1-2,0,0
202512221611,2025-12-22,16,11,1-3,320,L09,1-2,0,0
202512221612,2025-12-22,16,12,2-1,1050,L09,1-2,0,0
202512221701,2025-12-22,17,1,1-2,170,L09,1-2,1,170
202512221710,2025-12-22,17,10,1-3,530,L09,1-2,0,0
202512221711,2025-12-22,17,11,3-1,820,L09,1-2,0,0
202512221712,2025-12-22,17,12,3-5,10660,L09,1-2,0,0
202512221905,2025-12-22,19,5,1-6,900,L09,1-2,0,0
202512221909,2025-12-22,19,9,1-5,600,L09,1-2,0,0
202512221911,2025-12-22,19,11,1-3,250,L09,1-2,0,0
202512221912,2025-12-22,19,12,2-1,760,L09,1-2,0,0
202512222011,2025-12-22,20,11,1-4,410,L09,1-2,0,0
202512222102,2025-12-22,21,2,1-2,1740,L09,1-2,1,1740
202512222104,2025-12-22,21,4,1-5,1620,L09,1-2,0,0
202512222106,2025-12-22,21,6,5-4,940,L09,1-2,0,0
202512222107,2025-12-22,21,7,3-1,2780,L09,1-2,0,0
202512222112,2025-12-22,21,12,1-5,950,L09,1-2,0,0
202512222301,2025-12-22,23,1,1-3,360,L09,1-2,0,0
202512222302,2025-12-22,23,2,1-2,230,L09,1-2,1,230
202512222309,2025-12-22,23,9,2-5,970,L09,1-2,0,0
202512222312,2025-12-22,23,12,1-2,200,L09,1-2,1,200
202512230203,2025-12-23,02,3,1-3,610,L09,1-2,0,0
202512230206,2025-12-23,02,6,1-3,450,L09,1-2,0,0
202512230208,2025-12-23,02,8,1-5,390,L09,1-2,0,0
202512230209,2025-12-23,02,9,2-1,1630,L09,1-2,0,0
202512230211,2025-12-23,02,11,6-2,8540,L09,1-2,0,0
202512230212,2025-12-23,02,12,3-2,5440,L09,1-2,0,0
202512230601,2025-12-23,06,1,1-6,1200,L09,1-2,0,0
202512230602,2025-12-23,06,2,1-5,1210,L09,1-2,0,0
202512230609,2025-12-23,06,9,1-5,1570,L09,1-2,0,0
202512230610,2025-12-23,06,10,1-4,510,L09,1-2,0,0
202512230611,2025-12-23,06,11,1-3,1030,L09,1-2,0,0
202512230612,2025-12-23,06,12,1-2,250,L09,1-2,1,250
202512230703,2025-12-23,07,3,1-3,480,L09,1-2,0,0
202512230707,2025-12-23,07,7,1-3,190,L09,1-2,0,0
202512230801,2025-12-23,08,1,2-3,10050,L09,1-2,0,0
202512230805,2025-12-23,08,5,1-3,2890,L09,1-2,0,0
202512230806,2025-12-23,08,6,3-2,3240,L09,1-2,0,0
202512230807,2025-12-23,08,7,1-6,1080,L09,1-2,0,0
202512230809,2025-12-23,08,9,1-3,1280,L09,1-2,0,0
202512230810,2025-12-23,08,10,1-4,510,L09,1-2,0,0
202512230901,2025-12-23,09,1,1-2,200,L09,1-2,1,200
202512230902,2025-12-23,09,2,1-6,2540,L09,1-2,0,0
202512230906,2025-12-23,09,6,2-4,440,L09,1-2,0,0
202512230907,2025-12-23,09,7,1-5,830,L09,1-2,0,0
202512230908,2025-12-23,09,8,1-4,660,L09,1-2,0,0
202512230909,2025-12-23,09,9,1-4,620,L09,1-2,0,0
202512231403,2025-12-23,14,3,1-2,650,L09,1-2,1,650
202512231404,2025-12-23,14,4,1-4,530,L09,1-2,0,0
202512231406,2025-12-23,14,6,1-2,620,L09,1-2,1,620
202512231408,2025-12-23,14,8,1-3,480,L09,1-2,0,0
202512231409,2025-12-23,14,9,4-3,4090,L09,1-2,0,0
202512231501,2025-12-23,15,1,1-6,3100,L09,1-2,0,0
202512231503,2025-12-23,15,3,1-5,1180,L09,1-2,0,0
202512231504,2025-12-23,15,4,2-6,1360,L09,1-2,0,0
202512231508,2025-12-23,15,8,1-2,200,L09,1-2,1,200
202512231511,2025-12-23,15,11,1-3,230,L09,1-2,0,0
202512231601,2025-12-23,16,1,1-2,600,L09,1-2,1,600
202512231602,2025-12-23,16,2,1-6,260,L09,1-2,0,0
202512231605,2025-12-23,16,5,1-6,8140,L09,1-2,0,0
202512231607,2025-12-23,16,7,1-2,270,L09,1-2,1,270
202512231609,2025-12-23,16,9,1-4,400,L09,1-2,0,0
202512231611,2025-12-23,16,11,1-4,400,L09,1-2,0,0
202512231703,2025-12-23,17,3,4-1,5570,L09,1-2,0,0
202512231704,2025-12-23,17,4,1-2,670,L09,1-2,1,670
202512231708,2025-12-23,17,8,3-1,1510,L09,1-2,0,0
202512231709,2025-12-23,17,9,2-5,1430,L09,1-2,0,0
202512231902,2025-12-23,19,2,2-4,2550,L09,1-2,0,0
202512231904,2025-12-23,19,4,1-4,550,L09,1-2,0,0
202512231905,2025-12-23,19,5,1-2,510,L09,1-2,1,510
202512231910,2025-12-23,19,10,1-2,300,L09,1-2,1,300
202512232006,2025-12-23,20,6,4-1,510,L09,1-2,0,0
202512232007,2025-12-23,20,7,1-3,260,L09,1-2,0,0
202512232008,2025-12-23,20,8,1-3,180,L09,1-2,0,0
202512232010,2025-12-23,20,10,1-3,330,L09,1-2,0,0
202512232011,2025-12-23,20,11,4-2,5500,L09,1-2,0,0
202512232012,2025-12-23,20,12,1-2,250,L09,1-2,1,250
202512232105,2025-12-23,21,5,1-4,370,L09,1-2,0,0
202512232107,2025-12-23,21,7,1-5,830,L09,1-2,0,0
202512232108,2025-12-23,21,8,2-1,690,L09,1-2,0,0
202512232301,2025-12-23,23,1,1-4,1460,L09,1-2,0,0
202512232305,2025-12-23,23,5,1-5,660,L09,1-2,0,0
202512232307,2025-12-23,23,7,1-6,860,L09,1-2,0,0
202512232308,2025-12-23,23,8,1-3,340,L09,1-2,0,0
202512232309,2025-12-23,23,9,1-2,330,L09,1-2,1,330
202512232311,2025-12-23,23,11,1-5,1050,L09,1-2,0,0
202512232312,2025-12-23,23,12,1-4,420,L09,1-2,0,0
202512240203,2025-12-24,02,3,1-3,1660,L09,1-2,0,0
202512240205,2025-12-24,02,5,1-2,500,L09,1-2,1,500
202512240210,2025-12-24,02,10,1-2,460,L09,1-2,1,460
202512240212,2025-12-24,02,12,1-6,2560,L09,1-2,0,0
202512240601,2025-12-24,06,1,3-4,2000,L09,1-2,0,0
202512240603,2025-12-24,06,3,1-2,300,L09,1-2,1,300
202512240604,2025-12-24,06,4,1-2,300,L09,1-2,1,300
202512240605,2025-12-24,06,5,1-3,1500,L09,1-2,0,0
202512240608,2025-12-24,06,8,1-2,370,L09,1-2,1,370
202512240612,2025-12-24,06,12,1-4,470,L09,1-2,0,0
202512240710,2025-12-24,07,10,1-3,610,L09,1-2,0,0
202512240804,2025-12-24,08,4,1-2,760,L09,1-2,1,760
202512240805,2025-12-24,08,5,1-3,1770,L09,1-2,0,0
202512240806,2025-12-24,08,6,1-2,1040,L09,1-2,1,1040
202512240808,2025-12-24,08,8,1-3,430,L09,1-2,0,0
202512240810,2025-12-24,08,10,2-1,2830,L09,1-2,0,0
202512240906,2025-12-24,09,6,1-2,970,L09,1-2,1,970
202512240911,2025-12-24,09,11,1-6,1220,L09,1-2,0,0
202512241001,2025-12-24,10,1,1-3,270,L09,1-2,0,0
202512241003,2025-12-24,10,3,5-3,13810,L09,1-2,0,0
202512241004,2025-12-24,10,4,1-4,760,L09,1-2,0,0
202512241006,2025-12-24,10,6,2-1,2540,L09,1-2,0,0
202512241008,2025-12-24,10,8,1-4,480,L09,1-2,0,0
202512241101,2025-12-24,11,1,1-5,810,L09,1-2,0,0
202512241103,2025-12-24,11,3,1-3,620,L09,1-2,0,0
202512241104,2025-12-24,11,4,3-1,730,L09,1-2,0,0
202512241109,2025-12-24,11,9,1-2,210,L09,1-2,1,210
202512241112,2025-12-24,11,12,1-2,360,L09,1-2,1,360
202512241304,2025-12-24,13,4,2-5,2020,L09,1-2,0,0
202512241307,2025-12-24,13,7,1-3,750,L09,1-2,0,0
202512241309,2025-12-24,13,9,1-5,650,L09,1-2,0,0
202512241310,2025-12-24,13,10,1-2,290,L09,1-2,1,290
202512241312,2025-12-24,13,12,1-3,320,L09,1-2,0,0
202512241401,2025-12-24,14,1,1-6,1300,L09,1-2,0,0
202512241402,2025-12-24,14,2,2-1,3110,L09,1-2,0,0
202512241403,2025-12-24,14,3,1-3,240,L09,1-2,0,0
202512241406,2025-12-24,14,6,1-3,370,L09,1-2,0,0
202512241505,2025-12-24,15,5,4-5,740,L09,1-2,0,0
202512241506,2025-12-24,15,6,1-2,230,L09,1-2,1,230
202512241510,2025-12-24,15,10,1-2,140,L09,1-2,1,140
202512241605,2025-12-24,16,5,1-2,280,L09,1-2,1,280
202512241606,2025-12-24,16,6,2-1,2130,L09,1-2,0,0
202512241608,2025-12-24,16,8,2-1,660,L09,1-2,0,0
202512241702,2025-12-24,17,2,1-3,770,L09,1-2,0,0
202512241709,2025-12-24,17,9,1-2,340,L09,1-2,1,340
202512241710,2025-12-24,17,10,1-2,240,L09,1-2,1,240
202512241711,2025-12-24,17,11,1-2,280,L09,1-2,1,280
202512241801,2025-12-24,18,1,1-4,270,L09,1-2,0,0
202512241805,2025-12-24,18,5,3-1,320,L09,1-2,0,0
202512241905,2025-12-24,19,5,1-3,320,L09,1-2,0,0
202512241907,2025-12-24,19,7,1-5,380,L09,1-2,0,0
202512242001,2025-12-24,20,1,4-2,1030,L09,1-2,0,0
202512242003,2025-12-24,20,3,1-3,2230,L09,1-2,0,0
202512242012,2025-12-24,20,12,1-3,490,L09,1-2,0,0
202512250301,2025-12-25,03,1,1-3,840,L09,1-2,0,0
202512250304,2025-12-25,03,4,1-5,3520,L09,1-2,0,0
202512250308,2025-12-25,03,8,1-3,350,L09,1-2,0,0
202512250311,2025-12-25,03,11,4-2,2690,L09,1-2,0,0
202512250705,2025-12-25,07,5,2-4,750,L09,1-2,0,0
202512250707,2025-12-25,07,7,3-1,1230,L09,1-2,0,0
202512250710,2025-12-25,07,10,1-5,360,L09,1-2,0,0
202512250801,2025-12-25,08,1,1-4,440,L09,1-2,0,0
202512250802,2025-12-25,08,2,4-5,1510,L09,1-2,0,0
202512250803,2025-12-25,08,3,1-3,230,L09,1-2,0,0
202512250808,2025-12-25,08,8,1-4,630,L09,1-2,0,0
202512250811,2025-12-25,08,11,1-3,580,L09,1-2,0,0
202512250902,2025-12-25,09,2,2-4,870,L09,1-2,0,0
202512250906,2025-12-25,09,6,1-2,310,L09,1-2,1,310
202512250907,2025-12-25,09,7,1-3,890,L09,1-2,0,0
202512250908,2025-12-25,09,8,1-5,460,L09,1-2,0,0
202512250910,2025-12-25,09,10,1-5,460,L09,1-2,0,0
202512250911,2025-12-25,09,11,1-4,570,L09,1-2,0,0
202512251004,2025-12-25,10,4,1-5,430,L09,1-2,0,0
202512251005,2025-12-25,10,5,1-3,280,L09,1-2,0,0
202512251006,2025-12-25,10,6,1-4,1040,L09,1-2,0,0
202512251008,2025-12-25,10,8,1-4,1100,L09,1-2,0,0
202512251010,2025-12-25,10,10,3-1,650,L09,1-2,0,0
202512251012,2025-12-25,10,12,3-1,3520,L09,1-2,0,0
202512251101,2025-12-25,11,1,1-3,190,L09,1-2,0,0
202512251102,2025-12-25,11,2,1-4,820,L09,1-2,0,0
202512251110,2025-12-25,11,10,1-5,730,L09,1-2,0,0
202512251203,2025-12-25,12,3,1-4,500,L09,1-2,0,0
202512251302,2025-12-25,13,2,1-4,710,L09,1-2,0,0
202512251306,2025-12-25,13,6,1-2,430,L09,1-2,1,430
202512251312,2025-12-25,13,12,1-4,360,L09,1-2,0,0
202512251501,2025-12-25,15,1,1-3,440,L09,1-2,0,0
202512251502,2025-12-25,15,2,1-3,810,L09,1-2,0,0
202512251506,2025-12-25,15,6,1-3,220,L09,1-2,0,0
202512251508,2025-12-25,15,8,1-3,550,L09,1-2,0,0
202512251602,2025-12-25,16,2,3-1,630,L09,1-2,0,0
202512251603,2025-12-25,16,3,1-4,710,L09,1-2,0,0
202512251604,2025-12-25,16,4,4-3,620,L09,1-2,0,0
202512251605,2025-12-25,16,5,4-1,2750,L09,1-2,0,0
202512251606,2025-12-25,16,6,1-3,240,L09,1-2,0,0
202512251609,2025-12-25,16,9,1-2,150,L09,1-2,1,150
202512251611,2025-12-25,16,11,1-2,200,L09,1-2,1,200
202512251705,2025-12-25,17,5,1-4,510,L09,1-2,0,0
202512251706,2025-12-25,17,6,1-6,370,L09,1-2,0,0
202512251709,2025-12-25,17,9,1-3,490,L09,1-2,0,0
202512251712,2025-12-25,17,12,3-1,1280,L09,1-2,0,0
202512251803,2025-12-25,18,3,1-2,270,L09,1-2,1,270
202512251806,2025-12-25,18,6,1-6,1590,L09,1-2,0,0
202512251808,2025-12-25,18,8,1-4,740,L09,1-2,0,0
202512251809,2025-12-25,18,9,1-2,220,L09,1-2,1,220
202512252003,2025-12-25,20,3,1-2,270,L09,1-2,1,270
202512252005,2025-12-25,20,5,1-2,250,L09,1-2,1,250
202512252006,2025-12-25,20,6,3-2,2300,L09,1-2,0,0
202512252007,2025-12-25,20,7,2-3,16310,L09,1-2,0,0
202512252008,2025-12-25,20,8,1-3,210,L09,1-2,0,0
202512252009,2025-12-25,20,9,2-1,2910,L09,1-2,0,0
202512252010,2025-12-25,20,10,1-3,250,L09,1-2,0,0
202512252012,2025-12-25,20,12,1-3,350,L09,1-2,0,0
202512252201,2025-12-25,22,1,1-2,320,L09,1-2,1,320
202512252202,2025-12-25,22,2,1-5,2580,L09,1-2,0,0
202512252206,2025-12-25,22,6,2-1,320,L09,1-2,0,0
202512252210,2025-12-25,22,10,3-1,2250,L09,1-2,0,0
202512260302,2025-12-26,03,2,1-6,7430,L09,1-2,0,0
202512260303,2025-12-26,03,3,2-1,3500,L09,1-2,0,0
202512260304,2025-12-26,03,4,1-3,1480,L09,1-2,0,0
202512260305,2025-12-26,03,5,2-4,2160,L09,1-2,0,0
202512260308,2025-12-26,03,8,6-3,790,L09,1-2,0,0
202512260309,2025-12-26,03,9,4-1,1330,L09,1-2,0,0
202512260310,2025-12-26,03,10,1-2,510,L09,1-2,1,510
202512260311,2025-12-26,03,11,1-3,260,L09,1-2,0,0
202512260312,2025-12-26,03,12,1-2,380,L09,1-2,1,380
202512260406,2025-12-26,04,6,1-2,740,L09,1-2,1,740
202512260408,2025-12-26,04,8,2-1,2380,L09,1-2,0,0
202512260501,2025-12-26,05,1,1-5,1370,L09,1-2,0,0
202512260503,2025-12-26,05,3,1-2,490,L09,1-2,1,490
202512260506,2025-12-26,05,6,1-3,360,L09,1-2,0,0
202512260507,2025-12-26,05,7,1-2,890,L09,1-2,1,890
202512260511,2025-12-26,05,11,1-2,480,L09,1-2,1,480
202512260701,2025-12-26,07,1,1-2,370,L09,1-2,1,370
202512260706,2025-12-26,07,6,6-2,1160,L09,1-2,0,0
202512260710,2025-12-26,07,10,1-2,210,L09,1-2,1,210
202512260711,2025-12-26,07,11,1-2,190,L09,1-2,1,190
202512260803,2025-12-26,08,3,4-2,1500,L09,1-2,0,0
202512260811,2025-12-26,08,11,1-4,430,L09,1-2,0,0
202512260904,2025-12-26,09,4,1-5,480,L09,1-2,0,0
202512261103,2025-12-26,11,3,4-2,3250,L09,1-2,0,0
202512261106,2025-12-26,11,6,3-4,1080,L09,1-2,0,0
202512261108,2025-12-26,11,8,2-1,650,L09,1-2,0,0
202512261109,2025-12-26,11,9,1-3,1240,L09,1-2,0,0
202512261110,2025-12-26,11,10,1-5,660,L09,1-2,0,0
202512261111,2025-12-26,11,11,1-2,340,L09,1-2,1,340
202512261112,2025-12-26,11,12,4-1,2110,L09,1-2,0,0
202512261201,2025-12-26,12,1,1-3,300,L09,1-2,0,0
202512261203,2025-12-26,12,3,3-1,860,L09,1-2,0,0
202512261205,2025-12-26,12,5,1-4,400,L09,1-2,0,0
202512261208,2025-12-26,12,8,4-1,500,L09,1-2,0,0
202512261303,2025-12-26,13,3,1-3,470,L09,1-2,0,0
202512261304,2025-12-26,13,4,4-2,3070,L09,1-2,0,0
202512261305,2025-12-26,13,5,1-6,1200,L09,1-2,0,0
202512261307,2025-12-26,13,7,1-3,260,L09,1-2,0,0
202512261308,2025-12-26,13,8,1-6,490,L09,1-2,0,0
202512261506,2025-12-26,15,6,3-1,12740,L09,1-2,0,0
202512261507,2025-12-26,15,7,1-3,1310,L09,1-2,0,0
202512261508,2025-12-26,15,8,1-5,3190,L09,1-2,0,0
202512261511,2025-12-26,15,11,3-1,800,L09,1-2,0,0
202512261802,2025-12-26,18,2,1-3,270,L09,1-2,0,0
202512261803,2025-12-26,18,3,1-2,1270,L09,1-2,1,1270
202512261804,2025-12-26,18,4,4-1,6380,L09,1-2,0,0
202512261808,2025-12-26,18,8,3-1,2670,L09,1-2,0,0
202512262204,2025-12-26,22,4,4-1,760,L09,1-2,0,0
202512262209,2025-12-26,22,9,1-6,360,L09,1-2,0,0
202512262211,2025-12-26,22,11,1-4,260,L09,1-2,0,0
202512262409,2025-12-26,24,9,1-2,410,L09,1-2,1,410
202512270104,2025-12-27,01,4,3-6,4110,L09,1-2,0,0
202512270108,2025-12-27,01,8,1-4,620,L09,1-2,0,0
202512270109,2025-12-27,01,9,3-1,580,L09,1-2,0,0
202512270201,2025-12-27,02,1,1-3,1230,L09,1-2,0,0
202512270207,2025-12-27,02,7,1-2,250,L09,1-2,1,250
202512270210,2025-12-27,02,10,5-4,7020,L09,1-2,0,0
202512270308,2025-12-27,03,8,1-4,790,L09,1-2,0,0
202512270309,2025-12-27,03,9,5-2,5110,L09,1-2,0,0
202512270402,2025-12-27,04,2,1-5,1200,L09,1-2,0,0
202512270408,2025-12-27,04,8,1-3,600,L09,1-2,0,0
202512270411,2025-12-27,04,11,5-6,4130,L09,1-2,0,0
202512270412,2025-12-27,04,12,1-3,310,L09,1-2,0,0
202512270503,2025-12-27,05,3,1-2,550,L09,1-2,1,550
202512270505,2025-12-27,05,5,1-2,580,L09,1-2,1,580
202512270511,2025-12-27,05,11,1-2,610,L09,1-2,1,610
202512270701,2025-12-27,07,1,1-2,280,L09,1-2,1,280
202512270705,2025-12-27,07,5,1-5,570,L09,1-2,0,0
202512270709,2025-12-27,07,9,1-2,320,L09,1-2,1,320
202512270710,2025-12-27,07,10,1-5,1220,L09,1-2,0,0
202512270711,2025-12-27,07,11,1-5,740,L09,1-2,0,0
202512271001,2025-12-27,10,1,1-3,380,L09,1-2,0,0
202512271005,2025-12-27,10,5,2-4,2870,L09,1-2,0,0
202512271008,2025-12-27,10,8,1-3,920,L09,1-2,0,0
202512271010,2025-12-27,10,10,1-3,640,L09,1-2,0,0
202512271011,2025-12-27,10,11,1-3,420,L09,1-2,0,0
202512271012,2025-12-27,10,12,1-2,340,L09,1-2,1,340
202512271105,2025-12-27,11,5,1-3,340,L09,1-2,0,0
202512271106,2025-12-27,11,6,1-3,860,L09,1-2,0,0
202512271107,2025-12-27,11,7,1-2,130,L09,1-2,1,130
202512271109,2025-12-27,11,9,1-3,730,L09,1-2,0,0
202512271112,2025-12-27,11,12,1-3,290,L09,1-2,0,0
202512271206,2025-12-27,12,6,1-2,440,L09,1-2,1,440
202512271210,2025-12-27,12,10,1-6,520,L09,1-2,0,0
202512271211,2025-12-27,12,11,1-2,270,L09,1-2,1,270
202512271302,2025-12-27,13,2,1-5,470,L09,1-2,0,0
202512271304,2025-12-27,13,4,3-5,1790,L09,1-2,0,0
202512271307,2025-12-27,13,7,2-1,320,L09,1-2,0,0
202512271312,2025-12-27,13,12,1-5,1720,L09,1-2,0,0
202512271508,2025-12-27,15,8,1-4,510,L09,1-2,0,0
202512271802,2025-12-27,18,2,2-1,800,L09,1-2,0,0
202512271810,2025-12-27,18,10,1-2,810,L09,1-2,1,810
202512272201,2025-12-27,22,1,1-2,200,L09,1-2,1,200
202512272202,2025-12-27,22,2,1-4,380,L09,1-2,0,0
202512272207,2025-12-27,22,7,1-2,760,L09,1-2,1,760
202512272208,2025-12-27,22,8,1-2,370,L09,1-2,1,370
202512272211,2025-12-27,22,11,1-4,210,L09,1-2,0,0
202512272212,2025-12-27,22,12,1-4,550,L09,1-2,0,0
202512272301,2025-12-27,23,1,1-3,270,L09,1-2,0,0
202512272305,2025-12-27,23,5,5-1,390,L09,1-2,0,0
202512272311,2025-12-27,23,11,1-3,480,L09,1-2,0,0
202512272408,2025-12-27,24,8,1-2,410,L09,1-2,1,410
202512272409,2025-12-27,24,9,3-1,7390,L09,1-2,0,0
202512272411,2025-12-27,24,11,1-5,1170,L09,1-2,0,0
202512272412,2025-12-27,24,12,1-4,550,L09,1-2,0,0
202512280104,2025-12-28,01,4,1-4,560,L09,1-2,0,0
202512280106,2025-12-28,01,6,1-2,310,L09,1-2,1,310
202512280109,2025-12-28,01,9,3-1,1270,L09,1-2,0,0
202512280208,2025-12-28,02,8,2-5,590,L09,1-2,0,0
202512280304,2025-12-28,03,4,4-1,1000,L09,1-2,0,0
202512280307,2025-12-28,03,7,2-1,640,L09,1-2,0,0
202512280308,2025-12-28,03,8,4-1,2150,L09,1-2,0,0
202512280312,2025-12-28,03,12,1-2,340,L09,1-2,1,340
202512280405,2025-12-28,04,5,1-2,220,L09,1-2,1,220
202512280407,2025-12-28,04,7,2-4,1310,L09,1-2,0,0
202512280408,2025-12-28,04,8,4-2,1620,L09,1-2,0,0
202512280502,2025-12-28,05,2,4-5,510,L09,1-2,0,0
202512280503,2025-12-28,05,3,1-5,650,L09,1-2,0,0
202512280505,2025-12-28,05,5,2-1,340,L09,1-2,0,0
202512280509,2025-12-28,05,9,1-2,890,L09,1-2,1,890
202512280511,2025-12-28,05,11,1-4,1710,L09,1-2,0,0
202512280512,2025-12-28,05,12,4-1,470,L09,1-2,0,0
202512280701,2025-12-28,07,1,2-1,540,L09,1-2,0,0
202512280702,2025-12-28,07,2,1-4,1500,L09,1-2,0,0
202512280704,2025-12-28,07,4,1-2,350,L09,1-2,1,350
202512280706,2025-12-28,07,6,1-4,860,L09,1-2,0,0
202512280708,2025-12-28,07,8,1-4,940,L09,1-2,0,0
202512280710,2025-12-28,07,10,1-2,300,L09,1-2,1,300
202512281104,2025-12-28,11,4,1-4,260,L09,1-2,0,0
202512281108,2025-12-28,11,8,1-6,2670,L09,1-2,0,0
202512281109,2025-12-28,11,9,1-2,320,L09,1-2,1,320
202512281111,2025-12-28,11,11,1-2,370,L09,1-2,1,370
202512281204,2025-12-28,12,4,1-2,360,L09,1-2,1,360
202512281208,2025-12-28,12,8,1-3,380,L09,1-2,0,0
202512281209,2025-12-28,12,9,1-3,1060,L09,1-2,0,0
202512281212,2025-12-28,12,12,1-3,470,L09,1-2,0,0
202512281310,2025-12-28,13,10,1-5,700,L09,1-2,0,0
202512281606,2025-12-28,16,6,1-6,790,L09,1-2,0,0
202512281607,2025-12-28,16,7,1-2,560,L09,1-2,1,560
202512281609,2025-12-28,16,9,1-3,350,L09,1-2,0,0
202512281801,2025-12-28,18,1,1-6,1130,L09,1-2,0,0
202512281807,2025-12-28,18,7,1-3,590,L09,1-2,0,0
202512281809,2025-12-28,18,9,1-3,320,L09,1-2,0,0
202512281812,2025-12-28,18,12,1-2,280,L09,1-2,1,280
202512281905,2025-12-28,19,5,1-3,140,L09,1-2,0,0
202512281906,2025-12-28,19,6,2-1,320,L09,1-2,0,0
202512281908,2025-12-28,19,8,1-2,170,L09,1-2,1,170
202512281910,2025-12-28,19,10,1-3,350,L09,1-2,0,0
202512282203,2025-12-28,22,3,1-2,450,L09,1-2,1,450
202512282206,2025-12-28,22,6,5-1,1210,L09,1-2,0,0
202512282212,2025-12-28,22,12,1-2,180,L09,1-2,1,180
202512282306,2025-12-28,23,6,1-3,1240,L09,1-2,0,0
202512282308,2025-12-28,23,8,1-3,1990,L09,1-2,0,0
202512282310,2025-12-28,23,10,1-4,390,L09,1-2,0,0
202512282404,2025-12-28,24,4,2-1,1230,L09,1-2,0,0
202512282405,2025-12-28,24,5,2-1,1030,L09,1-2,0,0
202512282406,2025-12-28,24,6,1-2,290,L09,1-2,1,290
202512282411,2025-12-28,24,11,1-3,410,L09,1-2,0,0
202512282412,2025-12-28,24,12,1-3,390,L09,1-2,0,0
202512290109,2025-12-29,01,9,1-2,1350,L09,1-2,1,1350
202512290204,2025-12-29,02,4,2-3,2530,L09,1-2,0,0
202512290205,2025-12-29,02,5,1-4,250,L09,1-2,0,0
202512290301,2025-12-29,03,1,2-5,5200,L09,1-2,0,0
202512290304,2025-12-29,03,4,6-1,1000,L09,1-2,0,0
202512290307,2025-12-29,03,7,1-6,1390,L09,1-2,0,0
202512290309,2025-12-29,03,9,1-3,260,L09,1-2,0,0
202512290311,2025-12-29,03,11,1-2,570,L09,1-2,1,570
202512290312,2025-12-29,03,12,1-3,380,L09,1-2,0,0
202512290404,2025-12-29,04,4,1-5,880,L09,1-2,0,0
202512290405,2025-12-29,04,5,1-2,310,L09,1-2,1,310
202512290409,2025-12-29,04,9,1-3,800,L09,1-2,0,0
202512290410,2025-12-29,04,10,1-2,310,L09,1-2,1,310
202512290501,2025-12-29,05,1,2-1,1280,L09,1-2,0,0
202512290507,2025-12-29,05,7,2-1,510,L09,1-2,0,0
202512290508,2025-12-29,05,8,1-3,260,L09,1-2,0,0
202512290510,2025-12-29,05,10,1-5,550,L09,1-2,0,0
202512290602,2025-12-29,06,2,2-3,3130,L09,1-2,0,0
202512290603,2025-12-29,06,3,1-4,1350,L09,1-2,0,0
202512290606,2025-12-29,06,6,3-5,11650,L09,1-2,0,0
202512290607,2025-12-29,06,7,1-3,270,L09,1-2,0,0
202512290608,2025-12-29,06,8,1-6,1720,L09,1-2,0,0
202512290612,2025-12-29,06,12,1-3,290,L09,1-2,0,0
202512290807,2025-12-29,08,7,1-3,450,L09,1-2,0,0
202512290810,2025-12-29,08,10,1-4,340,L09,1-2,0,0
202512291103,2025-12-29,11,3,1-5,310,L09,1-2,0,0
202512291104,2025-12-29,11,4,1-4,450,L09,1-2,0,0
202512291105,2025-12-29,11,5,1-4,800,L09,1-2,0,0
202512291108,2025-12-29,11,8,1-3,350,L09,1-2,0,0
202512291111,2025-12-29,11,11,1-3,190,L09,1-2,0,0
202512291112,2025-12-29,11,12,1-4,490,L09,1-2,0,0
202512291203,2025-12-29,12,3,3-1,1900,L09,1-2,0,0
202512291204,2025-12-29,12,4,1-2,230,L09,1-2,1,230
202512291206,2025-12-29,12,6,1-2,240,L09,1-2,1,240
202512291209,2025-12-29,12,9,1-2,220,L09,1-2,1,220
202512291212,2025-12-29,12,12,1-4,660,L09,1-2,0,0
202512291311,2025-12-29,13,11,1-2,360,L09,1-2,1,360
202512291602,2025-12-29,16,2,1-3,450,L09,1-2,0,0
202512291603,2025-12-29,16,3,3-2,2580,L09,1-2,0,0
202512291607,2025-12-29,16,7,1-2,390,L09,1-2,1,390
202512291608,2025-12-29,16,8,1-2,280,L09,1-2,1,280
202512291609,2025-12-29,16,9,1-3,520,L09,1-2,0,0
202512291611,2025-12-29,16,11,5-1,2390,L09,1-2,0,0
202512291803,2025-12-29,18,3,1-5,1700,L09,1-2,0,0
202512291809,2025-12-29,18,9,2-1,3680,L09,1-2,0,0
202512291810,2025-12-29,18,10,1-2,340,L09,1-2,1,340
202512291812,2025-12-29,18,12,1-4,760,L09,1-2,0,0
202512291905,2025-12-29,19,5,1-4,470,L09,1-2,0,0
202512291910,2025-12-29,19,10,3-2,13570,L09,1-2,0,0
202512292104,2025-12-29,21,4,1-3,410,L09,1-2,0,0
202512292108,2025-12-29,21,8,1-5,1520,L09,1-2,0,0
202512292109,2025-12-29,21,9,1-2,410,L09,1-2,1,410
202512292110,2025-12-29,21,10,1-3,440,L09,1-2,0,0
202512292112,2025-12-29,21,12,1-4,600,L09,1-2,0,0
202512292205,2025-12-29,22,5,1-2,1350,L09,1-2,1,1350
202512292207,2025-12-29,22,7,1-2,240,L09,1-2,1,240
202512292209,2025-12-29,22,9,5-1,2450,L09,1-2,0,0
202512292210,2025-12-29,22,10,1-2,140,L09,1-2,1,140
202512292211,2025-12-29,22,11,1-3,320,L09,1-2,0,0
202512292301,2025-12-29,23,1,1-2,230,L09,1-2,1,230
202512292302,2025-12-29,23,2,1-2,350,L09,1-2,1,350
202512292305,2025-12-29,23,5,1-2,630,L09,1-2,1,630
202512292306,2025-12-29,23,6,3-4,2620,L09,1-2,0,0
202512292308,2025-12-29,23,8,4-5,400,L09,1-2,0,0
202512292311,2025-12-29,23,11,1-3,1020,L09,1-2,0,0
202512292401,2025-12-29,24,1,1-5,2470,L09,1-2,0,0
202512292402,2025-12-29,24,2,1-2,460,L09,1-2,1,460
202512292405,2025-12-29,24,5,1-3,430,L09,1-2,0,0
202512292407,2025-12-29,24,7,1-3,320,L09,1-2,0,0
202512292408,2025-12-29,24,8,1-3,540,L09,1-2,0,0
202512292411,2025-12-29,24,11,1-2,340,L09,1-2,1,340
202512292412,2025-12-29,24,12,2-1,1730,L09,1-2,0,0
202512300201,2025-12-30,02,1,2-1,1130,L09,1-2,0,0
202512300206,2025-12-30,02,6,1-2,340,L09,1-2,1,340
202512300211,2025-12-30,02,11,1-4,790,L09,1-2,0,0
202512300401,2025-12-30,04,1,1-3,510,L09,1-2,0,0
202512300402,2025-12-30,04,2,4-1,1020,L09,1-2,0,0
202512300403,2025-12-30,04,3,1-3,1710,L09,1-2,0,0
202512300411,2025-12-30,04,11,5-4,2570,L09,1-2,0,0
202512300412,2025-12-30,04,12,1-5,1970,L09,1-2,0,0
202512300504,2025-12-30,05,4,4-2,5330,L09,1-2,0,0
202512300507,2025-12-30,05,7,1-6,460,L09,1-2,0,0
202512300510,2025-12-30,05,10,1-5,1900,L09,1-2,0,0
202512300512,2025-12-30,05,12,1-5,690,L09,1-2,0,0
202512300601,2025-12-30,06,1,1-3,1020,L09,1-2,0,0
202512300603,2025-12-30,06,3,6-1,3370,L09,1-2,0,0
202512300606,2025-12-30,06,6,1-2,230,L09,1-2,1,230
202512300607,2025-12-30,06,7,1-2,450,L09,1-2,1,450
202512300608,2025-12-30,06,8,3-5,2420,L09,1-2,0,0
202512300611,2025-12-30,06,11,1-2,310,L09,1-2,1,310
202512300702,2025-12-30,07,2,1-4,340,L09,1-2,0,0
202512300706,2025-12-30,07,6,1-2,450,L09,1-2,1,450
202512300802,2025-12-30,08,2,1-3,260,L09,1-2,0,0
202512300803,2025-12-30,08,3,1-5,3390,L09,1-2,0,0
202512300809,2025-12-30,08,9,1-3,900,L09,1-2,0,0
202512300907,2025-12-30,09,7,1-2,710,L09,1-2,1,710
202512301002,2025-12-30,10,2,1-3,590,L09,1-2,0,0
202512301003,2025-12-30,10,3,1-3,180,L09,1-2,0,0
202512301004,2025-12-30,10,4,1-2,240,L09,1-2,1,240
202512301005,2025-12-30,10,5,1-3,350,L09,1-2,0,0
202512301009,2025-12-30,10,9,5-4,2520,L09,1-2,0,0
202512301010,2025-12-30,10,10,1-2,660,L09,1-2,1,660
202512301011,2025-12-30,10,11,3-4,6500,L09,1-2,0,0
202512301012,2025-12-30,10,12,1-3,410,L09,1-2,0,0
202512301212,2025-12-30,12,12,1-3,310,L09,1-2,0,0
202512301301,2025-12-30,13,1,3-1,600,L09,1-2,0,0
202512301311,2025-12-30,13,11,1-4,370,L09,1-2,0,0
202512301603,2025-12-30,16,3,1-3,310,L09,1-2,0,0
202512301608,2025-12-30,16,8,2-4,820,L09,1-2,0,0
202512301609,2025-12-30,16,9,1-3,370,L09,1-2,0,0
202512301610,2025-12-30,16,10,3-1,670,L09,1-2,0,0
202512301702,2025-12-30,17,2,2-3,660,L09,1-2,0,0
202512301703,2025-12-30,17,3,1-4,760,L09,1-2,0,0
202512301704,2025-12-30,17,4,3-1,1680,L09,1-2,0,0
202512301708,2025-12-30,17,8,1-4,980,L09,1-2,0,0
202512301710,2025-12-30,17,10,1-5,830,L09,1-2,0,0
202512301712,2025-12-30,17,12,1-2,230,L09,1-2,1,230
202512301901,2025-12-30,19,1,1-5,1650,L09,1-2,0,0
202512301903,2025-12-30,19,3,5-4,1910,L09,1-2,0,0
202512301912,2025-12-30,19,12,1-5,560,L09,1-2,0,0
202512302104,2025-12-30,21,4,1-4,270,L09,1-2,0,0
202512302106,2025-12-30,21,6,6-1,2110,L09,1-2,0,0
202512302109,2025-12-30,21,9,1-3,310,L09,1-2,0,0
202512302112,2025-12-30,21,12,1-6,940,L09,1-2,0,0
202512302201,2025-12-30,22,1,1-2,300,L09,1-2,1,300
202512302205,2025-12-30,22,5,1-3,370,L09,1-2,0,0
202512302207,2025-12-30,22,7,3-4,4050,L09,1-2,0,0
202512302209,2025-12-30,22,9,3-4,3850,L09,1-2,0,0
202512302211,2025-12-30,22,11,1-3,260,L09,1-2,0,0
202512302302,2025-12-30,23,2,1-2,130,L09,1-2,1,130
202512302308,2025-12-30,23,8,3-1,300,L09,1-2,0,0
202512302309,2025-12-30,23,9,2-1,1150,L09,1-2,0,0
202512302311,2025-12-30,23,11,1-2,140,L09,1-2,1,140
202512302312,2025-12-30,23,12,1-5,820,L09,1-2,0,0
202512302402,2025-12-30,24,2,1-2,360,L09,1-2,1,360
202512302405,2025-12-30,24,5,1-6,2610,L09,1-2,0,0
202512302407,2025-12-30,24,7,1-2,490,L09,1-2,1,490
202512302408,2025-12-30,24,8,1-3,490,L09,1-2,0,0
202512302411,2025-12-30,24,11,1-6,2760,L09,1-2,0,0
202512310101,2025-12-31,01,1,3-1,750,L09,1-2,0,0
202512310106,2025-12-31,01,6,1-2,260,L09,1-2,1,260
202512310107,2025-12-31,01,7,1-3,240,L09,1-2,0,0
202512310109,2025-12-31,01,9,3-2,2350,L09,1-2,0,0
202512310110,2025-12-31,01,10,1-2,340,L09,1-2,1,340
202512310111,2025-12-31,01,11,2-1,3160,L09,1-2,0,0
202512310209,2025-12-31,02,9,1-3,430,L09,1-2,0,0
202512310211,2025-12-31,02,11,1-3,290,L09,1-2,0,0
202512310212,2025-12-31,02,12,1-2,690,L09,1-2,1,690
202512310402,2025-12-31,04,2,3-1,1090,L09,1-2,0,0
202512310403,2025-12-31,04,3,3-2,3870,L09,1-2,0,0
202512310404,2025-12-31,04,4,1-3,560,L09,1-2,0,0
202512310406,2025-12-31,04,6,1-4,430,L09,1-2,0,0
202512310410,2025-12-31,04,10,3-1,3820,L09,1-2,0,0
202512310411,2025-12-31,04,11,1-2,250,L09,1-2,1,250
202512310501,2025-12-31,05,1,1-5,1330,L09,1-2,0,0
202512310503,2025-12-31,05,3,1-3,540,L09,1-2,0,0
202512310504,2025-12-31,05,4,2-6,730,L09,1-2,0,0
202512310507,2025-12-31,05,7,1-4,460,L09,1-2,0,0
202512310603,2025-12-31,06,3,6-1,1640,L09,1-2,0,0
202512310606,2025-12-31,06,6,4-6,1570,L09,1-2,0,0
202512310607,2025-12-31,06,7,1-3,230,L09,1-2,0,0
202512310609,2025-12-31,06,9,1-3,620,L09,1-2,0,0
202512310610,2025-12-31,06,10,1-2,480,L09,1-2,1,480
202512310611,2025-12-31,06,11,1-3,270,L09,1-2,0,0
202512310701,2025-12-31,07,1,1-3,3390,L09,1-2,0,0
202512310710,2025-12-31,07,10,1-3,210,L09,1-2,0,0
202512310711,2025-12-31,07,11,1-6,1940,L09,1-2,0,0
202512310712,2025-12-31,07,12,3-2,10800,L09,1-2,0,0
202512310801,2025-12-31,08,1,1-4,240,L09,1-2,0,0
202512310803,2025-12-31,08,3,4-3,1700,L09,1-2,0,0
202512310804,2025-12-31,08,4,4-5,450,L09,1-2,0,0
202512310806,2025-12-31,08,6,1-2,450,L09,1-2,1,450
202512310901,2025-12-31,09,1,1-4,330,L09,1-2,0,0
202512310906,2025-12-31,09,6,3-4,3270,L09,1-2,0,0
202512310908,2025-12-31,09,8,1-2,1990,L09,1-2,1,1990
202512310909,2025-12-31,09,9,3-1,5490,L09,1-2,0,0
202512310911,2025-12-31,09,11,1-3,350,L09,1-2,0,0
202512311006,2025-12-31,10,6,1-2,530,L09,1-2,1,530
202512311011,2025-12-31,10,11,1-2,320,L09,1-2,1,320
202512311012,2025-12-31,10,12,3-1,1190,L09,1-2,0,0
202512311502,2025-12-31,15,2,2-5,9890,L09,1-2,0,0
202512311509,2025-12-31,15,9,1-4,2360,L09,1-2,0,0
202512311605,2025-12-31,16,5,1-5,890,L09,1-2,0,0
202512311607,2025-12-31,16,7,1-2,1290,L09,1-2,1,1290
202512311609,2025-12-31,16,9,2-4,2050,L09,1-2,0,0
202512311611,2025-12-31,16,11,1-5,430,L09,1-2,0,0
202512311701,2025-12-31,17,1,1-3,300,L09,1-2,0,0
202512311702,2025-12-31,17,2,2-1,790,L09,1-2,0,0
202512311706,2025-12-31,17,6,1-3,560,L09,1-2,0,0
202512311708,2025-12-31,17,8,1-4,270,L09,1-2,0,0
202512311710,2025-12-31,17,10,1-5,1190,L09,1-2,0,0
202512311712,2025-12-31,17,12,1-6,1500,L09,1-2,0,0
202512311907,2025-12-31,19,7,1-2,260,L09,1-2,1,260
202512311908,2025-12-31,19,8,1-2,170,L09,1-2,1,170
202512311911,2025-12-31,19,11,1-3,400,L09,1-2,0,0
202512312102,2025-12-31,21,2,1-4,350,L09,1-2,0,0
202512312110,2025-12-31,21,10,1-4,220,L09,1-2,0,0
202512312304,2025-12-31,23,4,5-6,1790,L09,1-2,0,0
202512312309,2025-12-31,23,9,1-3,420,L09,1-2,0,0
202512312310,2025-12-31,23,10,1-4,860,L09,1-2,0,0
202512312402,2025-12-31,24,2,1-2,330,L09,1-2,1,330
202512312412,2025-12-31,24,12,1-5,1050,L09,1-2,0,0
202601010601,2026-01-01,06,1,1-3,190,L09,1-2,0,0
202601010603,2026-01-01,06,3,1-3,430,L09,1-2,0,0
202601010606,2026-01-01,06,6,1-6,1840,L09,1-2,0,0
202601010610,2026-01-01,06,10,1-2,760,L09,1-2,1,760
202601010706,2026-01-01,07,6,1-5,540,L09,1-2,0,0
202601010712,2026-01-01,07,12,1-3,250,L09,1-2,0,0
202601010804,2026-01-01,08,4,1-3,250,L09,1-2,0,0
202601010811,2026-01-01,08,11,1-4,820,L09,1-2,0,0
202601010908,2026-01-01,09,8,4-1,13090,L09,1-2,0,0
202601011001,2026-01-01,10,1,1-3,200,L09,1-2,0,0
202601011002,2026-01-01,10,2,2-1,260,L09,1-2,0,0
202601011003,2026-01-01,10,3,1-3,300,L09,1-2,0,0
202601011004,2026-01-01,10,4,1-3,260,L09,1-2,0,0
202601011005,2026-01-01,10,5,1-5,370,L09,1-2,0,0
202601011006,2026-01-01,10,6,3-6,1080,L09,1-2,0,0
202601011007,2026-01-01,10,7,1-5,1370,L09,1-2,0,0
202601011401,2026-01-01,14,1,3-1,1840,L09,1-2,0,0
202601011403,2026-01-01,14,3,5-2,6720,L09,1-2,0,0
202601011406,2026-01-01,14,6,2-4,1040,L09,1-2,0,0
202601011411,2026-01-01,14,11,1-4,510,L09,1-2,0,0
202601011501,2026-01-01,15,1,1-3,220,L09,1-2,0,0
202601011502,2026-01-01,15,2,1-4,1250,L09,1-2,0,0
202601011506,2026-01-01,15,6,3-1,810,L09,1-2,0,0
202601011508,2026-01-01,15,8,1-3,640,L09,1-2,0,0
202601011511,2026-01-01,15,11,1-2,160,L09,1-2,1,160
202601011603,2026-01-01,16,3,5-1,4650,L09,1-2,0,0
202601011606,2026-01-01,16,6,1-4,400,L09,1-2,0,0
202601011610,2026-01-01,16,10,1-4,600,L09,1-2,0,0
202601011703,2026-01-01,17,3,1-4,250,L09,1-2,0,0
202601011705,2026-01-01,17,5,1-3,1190,L09,1-2,0,0
202601011709,2026-01-01,17,9,4-3,3400,L09,1-2,0,0
202601011711,2026-01-01,17,11,1-3,240,L09,1-2,0,0
202601011712,2026-01-01,17,12,1-4,1950,L09,1-2,0,0
202601011901,2026-01-01,19,1,1-4,780,L09,1-2,0,0
202601011904,2026-01-01,19,4,5-2,3330,L09,1-2,0,0
202601011910,2026-01-01,19,10,1-2,300,L09,1-2,1,300
202601011911,2026-01-01,19,11,1-2,210,L09,1-2,1,210
202601011912,2026-01-01,19,12,1-6,2000,L09,1-2,0,0
202601012002,2026-01-01,20,2,1-6,1980,L09,1-2,0,0
202601012005,2026-01-01,20,5,1-2,170,L09,1-2,1,170
202601012006,2026-01-01,20,6,1-3,660,L09,1-2,0,0
202601012008,2026-01-01,20,8,1-2,200,L09,1-2,1,200
202601012009,2026-01-01,20,9,1-4,790,L09,1-2,0,0
202601012012,2026-01-01,20,12,1-4,360,L09,1-2,0,0
202601012101,2026-01-01,21,1,1-3,430,L09,1-2,0,0
202601012102,2026-01-01,21,2,1-4,240,L09,1-2,0,0
202601012105,2026-01-01,21,5,1-2,240,L09,1-2,1,240
202601012109,2026-01-01,21,9,1-3,710,L09,1-2,0,0
202601012112,2026-01-01,21,12,1-2,290,L09,1-2,1,290
202601012303,2026-01-01,23,3,1-4,720,L09,1-2,0,0
202601012305,2026-01-01,23,5,6-1,290,L09,1-2,0,0
202601012309,2026-01-01,23,9,1-2,710,L09,1-2,1,710
202601012310,2026-01-01,23,10,1-2,270,L09,1-2,1,270
202601020102,2026-01-02,01,2,1-5,960,L09,1-2,0,0
202601020104,2026-01-02,01,4,4-6,440,L09,1-2,0,0
202601020107,2026-01-02,01,7,3-1,250,L09,1-2,0,0
202601020108,2026-01-02,01,8,1-3,760,L09,1-2,0,0
202601020110,2026-01-02,01,10,1-3,1330,L09,1-2,0,0
202601020303,2026-01-02,03,3,4-5,1240,L09,1-2,0,0
202601020306,2026-01-02,03,6,2-1,740,L09,1-2,0,0
202601020308,2026-01-02,03,8,1-2,1130,L09,1-2,1,1130
202601020309,2026-01-02,03,9,1-3,340,L09,1-2,0,0
202601020601,2026-01-02,06,1,1-3,300,L09,1-2,0,0
202601020604,2026-01-02,06,4,5-4,24090,L09,1-2,0,0
202601020605,2026-01-02,06,5,2-1,1510,L09,1-2,0,0
202601020606,2026-01-02,06,6,1-5,1300,L09,1-2,0,0
202601020608,2026-01-02,06,8,1-2,380,L09,1-2,1,380
202601020609,2026-01-02,06,9,3-1,350,L09,1-2,0,0
202601020612,2026-01-02,06,12,1-3,580,L09,1-2,0,0
202601020708,2026-01-02,07,8,1-2,250,L09,1-2,1,250
202601020709,2026-01-02,07,9,1-4,290,L09,1-2,0,0
202601020710,2026-01-02,07,10,3-4,8050,L09,1-2,0,0
202601020711,2026-01-02,07,11,1-2,220,L09,1-2,1,220
202601020712,2026-01-02,07,12,1-2,230,L09,1-2,1,230
202601020801,2026-01-02,08,1,1-2,260,L09,1-2,1,260
202601020803,2026-01-02,08,3,3-1,1940,L09,1-2,0,0
202601020806,2026-01-02,08,6,4-1,1680,L09,1-2,0,0
202601020812,2026-01-02,08,12,1-2,260,L09,1-2,1,260
202601020901,2026-01-02,09,1,1-2,150,L09,1-2,1,150
202601020902,2026-01-02,09,2,1-2,600,L09,1-2,1,600
202601020905,2026-01-02,09,5,1-2,190,L09,1-2,1,190
202601020907,2026-01-02,09,7,1-3,230,L09,1-2,0,0
202601020908,2026-01-02,09,8,1-2,490,L09,1-2,1,490
202601020910,2026-01-02,09,10,4-5,2960,L09,1-2,0,0
202601020911,2026-01-02,09,11,1-3,340,L09,1-2,0,0
202601021001,2026-01-02,10,1,1-2,260,L09,1-2,1,260
202601021003,2026-01-02,10,3,1-3,260,L09,1-2,0,0
202601021005,2026-01-02,10,5,1-5,870,L09,1-2,0,0
202601021006,2026-01-02,10,6,1-3,500,L09,1-2,0,0
202601021008,2026-01-02,10,8,1-4,650,L09,1-2,0,0
202601021010,2026-01-02,10,10,5-1,2360,L09,1-2,0,0
202601021012,2026-01-02,10,12,1-3,650,L09,1-2,0,0
202601021204,2026-01-02,12,4,3-1,550,L09,1-2,0,0
202601021206,2026-01-02,12,6,5-1,1250,L09,1-2,0,0
202601021401,2026-01-02,14,1,1-2,440,L09,1-2,1,440
202601021407,2026-01-02,14,7,4-1,470,L09,1-2,0,0
202601021508,2026-01-02,15,8,2-1,640,L09,1-2,0,0
202601021510,2026-01-02,15,10,1-4,280,L09,1-2,0,0
202601021601,2026-01-02,16,1,1-2,720,L09,1-2,1,720
202601021602,2026-01-02,16,2,2-3,6230,L09,1-2,0,0
202601021603,2026-01-02,16,3,1-2,700,L09,1-2,1,700
202601021607,2026-01-02,16,7,2-1,1450,L09,1-2,0,0
202601021611,2026-01-02,16,11,1-5,390,L09,1-2,0,0
202601021705,2026-01-02,17,5,4-2,2030,L09,1-2,0,0
202601021707,2026-01-02,17,7,2-3,410,L09,1-2,0,0
202601021708,2026-01-02,17,8,4-3,4580,L09,1-2,0,0
202601021710,2026-01-02,17,10,1-4,750,L09,1-2,0,0
202601021711,2026-01-02,17,11,3-1,1090,L09,1-2,0,0
202601021801,2026-01-02,18,1,1-4,510,L09,1-2,0,0
202601021803,2026-01-02,18,3,1-3,790,L09,1-2,0,0
202601021804,2026-01-02,18,4,1-2,240,L09,1-2,1,240
202601021805,2026-01-02,18,5,1-2,480,L09,1-2,1,480
202601021807,2026-01-02,18,7,3-4,5460,L09,1-2,0,0
202601021905,2026-01-02,19,5,3-2,9620,L09,1-2,0,0
202601021906,2026-01-02,19,6,1-3,550,L09,1-2,0,0
202601021908,2026-01-02,19,8,1-3,380,L09,1-2,0,0
202601021910,2026-01-02,19,10,1-4,890,L09,1-2,0,0
202601021912,2026-01-02,19,12,1-2,310,L09,1-2,1,310
202601022004,2026-01-02,20,4,1-4,780,L09,1-2,0,0
202601022005,2026-01-02,20,5,1-4,350,L09,1-2,0,0
202601022006,2026-01-02,20,6,1-2,980,L09,1-2,1,980
202601022009,2026-01-02,20,9,1-2,310,L09,1-2,1,310
202601022010,2026-01-02,20,10,1-5,3320,L09,1-2,0,0
202601022101,2026-01-02,21,1,1-5,1040,L09,1-2,0,0
202601022103,2026-01-02,21,3,3-1,440,L09,1-2,0,0
202601022112,2026-01-02,21,12,1-2,230,L09,1-2,1,230
202601030104,2026-01-03,01,4,3-4,2500,L09,1-2,0,0
202601030106,2026-01-03,01,6,1-2,250,L09,1-2,1,250
202601030112,2026-01-03,01,12,1-3,290,L09,1-2,0,0
202601030201,2026-01-03,02,1,1-3,880,L09,1-2,0,0
202601030301,2026-01-03,03,1,1-2,740,L09,1-2,1,740
202601030302,2026-01-03,03,2,1-2,860,L09,1-2,1,860
202601030303,2026-01-03,03,3,1-5,4960,L09,1-2,0,0
202601030305,2026-01-03,03,5,1-4,3380,L09,1-2,0,0
202601030311,2026-01-03,03,11,1-6,1600,L09,1-2,0,0
202601030312,2026-01-03,03,12,1-4,720,L09,1-2,0,0
202601030503,2026-01-03,05,3,1-2,680,L09,1-2,1,680
202601030505,2026-01-03,05,5,2-3,720,L09,1-2,0,0
202601030510,2026-01-03,05,10,1-4,890,L09,1-2,0,0
202601030512,2026-01-03,05,12,1-3,360,L09,1-2,0,0
202601030603,2026-01-03,06,3,1-2,280,L09,1-2,1,280
202601030606,2026-01-03,06,6,1-3,310,L09,1-2,0,0
202601030607,2026-01-03,06,7,1-4,1090,L09,1-2,0,0
202601030610,2026-01-03,06,10,1-4,1140,L09,1-2,0,0
202601030611,2026-01-03,06,11,1-2,280,L09,1-2,1,280
202601030612,2026-01-03,06,12,1-2,220,L09,1-2,1,220
202601030701,2026-01-03,07,1,3-5,960,L09,1-2,0,0
202601030702,2026-01-03,07,2,1-3,510,L09,1-2,0,0
202601030706,2026-01-03,07,6,1-3,170,L09,1-2,0,0
202601030708,2026-01-03,07,8,1-4,240,L09,1-2,0,0
202601030804,2026-01-03,08,4,1-4,320,L09,1-2,0,0
202601030805,2026-01-03,08,5,1-4,1430,L09,1-2,0,0
202601030806,2026-01-03,08,6,1-2,420,L09,1-2,1,420
202601030807,2026-01-03,08,7,6-1,1000,L09,1-2,0,0
202601030808,2026-01-03,08,8,1-4,400,L09,1-2,0,0
202601030812,2026-01-03,08,12,1-2,200,L09,1-2,1,200
202601030901,2026-01-03,09,1,1-2,250,L09,1-2,1,250
202601030902,2026-01-03,09,2,1-4,360,L09,1-2,0,0
202601030905,2026-01-03,09,5,1-2,230,L09,1-2,1,230
202601030907,2026-01-03,09,7,5-1,1380,L09,1-2,0,0
202601030908,2026-01-03,09,8,1-4,210,L09,1-2,0,0
202601030910,2026-01-03,09,10,1-2,380,L09,1-2,1,380
202601031006,2026-01-03,10,6,1-5,300,L09,1-2,0,0
202601031008,2026-01-03,10,8,1-3,560,L09,1-2,0,0
202601031010,2026-01-03,10,10,1-5,1380,L09,1-2,0,0
202601031012,2026-01-03,10,12,1-3,380,L09,1-2,0,0
202601031101,2026-01-03,11,1,1-2,380,L09,1-2,1,380
202601031106,2026-01-03,11,6,1-5,340,L09,1-2,0,0
202601031109,2026-01-03,11,9,1-6,690,L09,1-2,0,0
202601031111,2026-01-03,11,11,3-1,4740,L09,1-2,0,0
202601031201,2026-01-03,12,1,3-1,720,L09,1-2,0,0
202601031205,2026-01-03,12,5,1-3,230,L09,1-2,0,0
202601031208,2026-01-03,12,8,1-4,280,L09,1-2,0,0
202601031210,2026-01-03,12,10,1-2,370,L09,1-2,1,370
202601031212,2026-01-03,12,12,1-2,340,L09,1-2,1,340
202601031507,2026-01-03,15,7,1-2,350,L09,1-2,1,350
202601031702,2026-01-03,17,2,1-4,1130,L09,1-2,0,0
202601031703,2026-01-03,17,3,1-2,290,L09,1-2,1,290
202601031705,2026-01-03,17,5,6-1,1210,L09,1-2,0,0
202601031708,2026-01-03,17,8,6-2,13740,L09,1-2,0,0
202601031711,2026-01-03,17,11,1-5,1700,L09,1-2,0,0
202601031801,2026-01-03,18,1,1-5,500,L09,1-2,0,0
202601031802,2026-01-03,18,2,1-5,530,L09,1-2,0,0
202601031803,2026-01-03,18,3,2-1,1680,L09,1-2,0,0
202601032005,2026-01-03,20,5,1-2,190,L09,1-2,1,190
202601032009,2026-01-03,20,9,1-4,420,L09,1-2,0,0
202601032012,2026-01-03,20,12,4-1,1110,L09,1-2,0,0
202601032112,2026-01-03,21,12,1-3,430,L09,1-2,0,0
202601032203,2026-01-03,22,3,1-3,660,L09,1-2,0,0
202601032212,2026-01-03,22,12,2-3,2480,L09,1-2,0,0
202601032402,2026-01-03,24,2,1-3,300,L09,1-2,0,0
202601032405,2026-01-03,24,5,1-3,620,L09,1-2,0,0
202601040110,2026-01-04,01,10,5-3,1600,L09,1-2,0,0
202601040111,2026-01-04,01,11,1-2,370,L09,1-2,1,370
202601040112,2026-01-04,01,12,1-2,270,L09,1-2,1,270
202601040209,2026-01-04,02,9,1-4,350,L09,1-2,0,0
202601040210,2026-01-04,02,10,1-4,390,L09,1-2,0,0
202601040211,2026-01-04,02,11,1-5,1400,L09,1-2,0,0
202601040306,2026-01-04,03,6,2-1,620,L09,1-2,0,0
202601040312,2026-01-04,03,12,1-2,250,L09,1-2,1,250
202601040410,2026-01-04,04,10,1-4,510,L09,1-2,0,0
202601040412,2026-01-04,04,12,3-2,6480,L09,1-2,0,0
202601040502,2026-01-04,05,2,2-4,1110,L09,1-2,0,0
202601040505,2026-01-04,05,5,1-3,250,L09,1-2,0,0
202601040507,2026-01-04,05,7,1-5,530,L09,1-2,0,0
202601040701,2026-01-04,07,1,3-6,2690,L09,1-2,0,0
202601040703,2026-01-04,07,3,1-3,220,L09,1-2,0,0
202601040710,2026-01-04,07,10,1-3,220,L09,1-2,0,0
202601040711,2026-01-04,07,11,1-4,2710,L09,1-2,0,0
202601040902,2026-01-04,09,2,1-2,630,L09,1-2,1,630
202601040904,2026-01-04,09,4,1-3,1350,L09,1-2,0,0
202601040906,2026-01-04,09,6,1-3,180,L09,1-2,0,0
202601040907,2026-01-04,09,7,1-6,1470,L09,1-2,0,0
202601040909,2026-01-04,09,9,1-2,270,L09,1-2,1,270
202601040910,2026-01-04,09,10,4-2,3850,L09,1-2,0,0
202601041002,2026-01-04,10,2,1-3,1080,L09,1-2,0,0
202601041003,2026-01-04,10,3,1-6,2920,L09,1-2,0,0
202601041006,2026-01-04,10,6,6-3,3980,L09,1-2,0,0
202601041009,2026-01-04,10,9,4-1,840,L09,1-2,0,0
202601041010,2026-01-04,10,10,1-2,270,L09,1-2,1,270
202601041011,2026-01-04,10,11,1-2,370,L09,1-2,1,370
202601041101,2026-01-04,11,1,1-3,200,L09,1-2,0,0
202601041105,2026-01-04,11,5,1-5,1610,L09,1-2,0,0
202601041109,2026-01-04,11,9,1-3,400,L09,1-2,0,0
202601041112,2026-01-04,11,12,1-3,260,L09,1-2,0,0
202601041201,2026-01-04,12,1,1-3,1470,L09,1-2,0,0
202601041203,2026-01-04,12,3,3-1,1840,L09,1-2,0,0
202601041204,2026-01-04,12,4,1-6,13540,L09,1-2,0,0
202601041205,2026-01-04,12,5,1-5,630,L09,1-2,0,0
202601041209,2026-01-04,12,9,1-3,470,L09,1-2,0,0
202601041210,2026-01-04,12,10,1-5,1060,L09,1-2,0,0
202601041302,2026-01-04,13,2,2-5,620,L09,1-2,0,0
202601041308,2026-01-04,13,8,1-2,530,L09,1-2,1,530
202601041310,2026-01-04,13,10,1-2,260,L09,1-2,1,260
202601041401,2026-01-04,14,1,1-3,270,L09,1-2,0,0
202601041403,2026-01-04,14,3,1-4,400,L09,1-2,0,0
202601041406,2026-01-04,14,6,2-1,780,L09,1-2,0,0
202601041407,2026-01-04,14,7,2-1,2450,L09,1-2,0,0
202601041408,2026-01-04,14,8,1-5,540,L09,1-2,0,0
202601041412,2026-01-04,14,12,1-3,230,L09,1-2,0,0
202601041501,2026-01-04,15,1,1-3,1800,L09,1-2,0,0
202601041507,2026-01-04,15,7,3-1,1030,L09,1-2,0,0
202601041508,2026-01-04,15,8,1-4,430,L09,1-2,0,0
202601041510,2026-01-04,15,10,1-4,630,L09,1-2,0,0
202601041511,2026-01-04,15,11,1-2,350,L09,1-2,1,350
202601041701,2026-01-04,17,1,1-2,230,L09,1-2,1,230
202601041710,2026-01-04,17,10,1-2,290,L09,1-2,1,290
202601041711,2026-01-04,17,11,1-2,210,L09,1-2,1,210
202601041712,2026-01-04,17,12,1-3,200,L09,1-2,0,0
202601041801,2026-01-04,18,1,1-4,310,L09,1-2,0,0
202601041803,2026-01-04,18,3,1-5,210,L09,1-2,0,0
202601041812,2026-01-04,18,12,1-4,530,L09,1-2,0,0
202601041908,2026-01-04,19,8,1-3,350,L09,1-2,0,0
202601041911,2026-01-04,19,11,1-4,720,L09,1-2,0,0
202601042005,2026-01-04,20,5,1-2,190,L09,1-2,1,190
202601042006,2026-01-04,20,6,6-1,15590,L09,1-2,0,0
202601042008,2026-01-04,20,8,1-5,2010,L09,1-2,0,0
202601042010,2026-01-04,20,10,1-3,1050,L09,1-2,0,0
202601042204,2026-01-04,22,4,1-2,650,L09,1-2,1,650
202601042206,2026-01-04,22,6,1-6,980,L09,1-2,0,0
202601042208,2026-01-04,22,8,1-2,370,L09,1-2,1,370
202601042301,2026-01-04,23,1,1-2,190,L09,1-2,1,190
202601042303,2026-01-04,23,3,3-1,400,L09,1-2,0,0
202601042308,2026-01-04,23,8,5-2,1120,L09,1-2,0,0
202601042401,2026-01-04,24,1,1-6,1160,L09,1-2,0,0
202601042410,2026-01-04,24,10,6-5,29050,L09,1-2,0,0
202601042411,2026-01-04,24,11,1-3,150,L09,1-2,0,0
202601042412,2026-01-04,24,12,1-6,1240,L09,1-2,0,0
202601050104,2026-01-05,01,4,2-3,190,L09,1-2,0,0
202601050107,2026-01-05,01,7,1-3,190,L09,1-2,0,0
202601050108,2026-01-05,01,8,1-6,1260,L09,1-2,0,0
202601050110,2026-01-05,01,10,4-1,3790,L09,1-2,0,0
202601050112,2026-01-05,01,12,1-2,240,L09,1-2,1,240
202601050202,2026-01-05,02,2,3-5,440,L09,1-2,0,0
202601050203,2026-01-05,02,3,2-5,940,L09,1-2,0,0
202601050210,2026-01-05,02,10,1-5,420,L09,1-2,0,0
202601050211,2026-01-05,02,11,1-2,210,L09,1-2,1,210
202601050303,2026-01-05,03,3,4-3,930,L09,1-2,0,0
202601050309,2026-01-05,03,9,1-2,350,L09,1-2,1,350
202601050311,2026-01-05,03,11,1-4,600,L09,1-2,0,0
202601050405,2026-01-05,04,5,1-5,480,L09,1-2,0,0
202601050407,2026-01-05,04,7,4-2,1840,L09,1-2,0,0
202601050409,2026-01-05,04,9,1-2,380,L09,1-2,1,380
202601050501,2026-01-05,05,1,3-1,7330,L09,1-2,0,0
202601050505,2026-01-05,05,5,1-2,200,L09,1-2,1,200
202601050511,2026-01-05,05,11,2-6,3620,L09,1-2,0,0
202601051102,2026-01-05,11,2,5-4,740,L09,1-2,0,0
202601051110,2026-01-05,11,10,2-1,1260,L09,1-2,0,0
202601051111,2026-01-05,11,11,1-2,850,L09,1-2,1,850
202601051112,2026-01-05,11,12,1-2,210,L09,1-2,1,210
202601051202,2026-01-05,12,2,4-5,2070,L09,1-2,0,0
202601051203,2026-01-05,12,3,1-4,360,L09,1-2,0,0
202601051212,2026-01-05,12,12,1-4,550,L09,1-2,0,0
202601051304,2026-01-05,13,4,1-3,1080,L09,1-2,0,0
202601051306,2026-01-05,13,6,1-4,230,L09,1-2,0,0
202601051307,2026-01-05,13,7,1-5,980,L09,1-2,0,0
202601051401,2026-01-05,14,1,1-2,370,L09,1-2,1,370
202601051404,2026-01-05,14,4,1-6,480,L09,1-2,0,0
202601051407,2026-01-05,14,7,1-3,2180,L09,1-2,0,0
202601051409,2026-01-05,14,9,1-4,490,L09,1-2,0,0
202601051411,2026-01-05,14,11,1-4,360,L09,1-2,0,0
202601051412,2026-01-05,14,12,1-2,290,L09,1-2,1,290
202601051502,2026-01-05,15,2,2-1,1060,L09,1-2,0,0
202601051506,2026-01-05,15,6,1-6,1740,L09,1-2,0,0
202601051510,2026-01-05,15,10,1-3,490,L09,1-2,0,0
202601051512,2026-01-05,15,12,1-3,260,L09,1-2,0,0
202601051811,2026-01-05,18,11,1-6,860,L09,1-2,0,0
202601051902,2026-01-05,19,2,4-1,480,L09,1-2,0,0
202601051905,2026-01-05,19,5,2-5,4400,L09,1-2,0,0
202601051906,2026-01-05,19,6,1-2,280,L09,1-2,1,280
202601051908,2026-01-05,19,8,1-2,140,L09,1-2,1,140
202601052001,2026-01-05,20,1,1-6,4930,L09,1-2,0,0
202601052003,2026-01-05,20,3,2-1,580,L09,1-2,0,0
202601052005,2026-01-05,20,5,1-2,260,L09,1-2,1,260
202601052006,2026-01-05,20,6,1-2,490,L09,1-2,1,490
202601052008,2026-01-05,20,8,1-2,450,L09,1-2,1,450
202601052009,2026-01-05,20,9,1-3,350,L09,1-2,0,0
202601052010,2026-01-05,20,10,1-3,260,L09,1-2,0,0
202601052206,2026-01-05,22,6,5-1,1240,L09,1-2,0,0
202601052301,2026-01-05,23,1,6-4,3860,L09,1-2,0,0
202601052304,2026-01-05,23,4,1-2,1560,L09,1-2,1,1560
202601052305,2026-01-05,23,5,1-2,600,L09,1-2,1,600
202601052308,2026-01-05,23,8,1-3,660,L09,1-2,0,0
202601052311,2026-01-05,23,11,1-3,350,L09,1-2,0,0
202601052312,2026-01-05,23,12,4-1,1610,L09,1-2,0,0
202601052402,2026-01-05,24,2,4-1,690,L09,1-2,0,0
202601052403,2026-01-05,24,3,3-1,3560,L09,1-2,0,0
202601052405,2026-01-05,24,5,1-2,600,L09,1-2,1,600
202601052406,2026-01-05,24,6,1-5,1090,L09,1-2,0,0
202601060101,2026-01-06,01,1,1-3,360,L09,1-2,0,0
202601060102,2026-01-06,01,2,2-5,3600,L09,1-2,0,0
202601060105,2026-01-06,01,5,6-4,1710,L09,1-2,0,0
202601060109,2026-01-06,01,9,1-3,270,L09,1-2,0,0
202601060201,2026-01-06,02,1,4-1,5500,L09,1-2,0,0
202601060205,2026-01-06,02,5,4-3,2270,L09,1-2,0,0
202601060210,2026-01-06,02,10,1-5,690,L09,1-2,0,0
202601060301,2026-01-06,03,1,1-3,410,L09,1-2,0,0
202601060302,2026-01-06,03,2,2-3,2040,L09,1-2,0,0
202601060304,2026-01-06,03,4,4-2,1160,L09,1-2,0,0
202601060307,2026-01-06,03,7,1-5,1630,L09,1-2,0,0
202601060309,2026-01-06,03,9,1-2,340,L09,1-2,1,340
202601060310,2026-01-06,03,10,4-1,1860,L09,1-2,0,0
202601060405,2026-01-06,04,5,1-3,250,L09,1-2,0,0
202601060408,2026-01-06,04,8,1-6,530,L09,1-2,0,0
202601060409,2026-01-06,04,9,1-3,850,L09,1-2,0,0
202601060502,2026-01-06,05,2,1-6,700,L09,1-2,0,0
202601060504,2026-01-06,05,4,1-5,1860,L09,1-2,0,0
202601060506,2026-01-06,05,6,1-3,610,L09,1-2,0,0
202601060507,2026-01-06,05,7,1-2,290,L09,1-2,1,290
202601061106,2026-01-06,11,6,1-2,190,L09,1-2,1,190
202601061108,2026-01-06,11,8,1-2,650,L09,1-2,1,650
202601061109,2026-01-06,11,9,1-2,360,L09,1-2,1,360
202601061202,2026-01-06,12,2,2-4,4400,L09,1-2,0,0
202601061205,2026-01-06,12,5,1-2,270,L09,1-2,1,270
202601061206,2026-01-06,12,6,1-6,830,L09,1-2,0,0
202601061207,2026-01-06,12,7,1-2,510,L09,1-2,1,510
202601061210,2026-01-06,12,10,1-2,240,L09,1-2,1,240
202601061302,2026-01-06,13,2,3-4,310,L09,1-2,0,0
202601061312,2026-01-06,13,12,5-1,2720,L09,1-2,0,0
202601061403,2026-01-06,14,3,1-2,250,L09,1-2,1,250
202601061411,2026-01-06,14,11,1-2,190,L09,1-2,1,190
202601061601,2026-01-06,16,1,2-1,1260,L09,1-2,0,0
202601061604,2026-01-06,16,4,1-6,4000,L09,1-2,0,0
202601061607,2026-01-06,16,7,2-1,1530,L09,1-2,0,0
202601061611,2026-01-06,16,11,1-4,520,L09,1-2,0,0
202601061802,2026-01-06,18,2,1-4,470,L09,1-2,0,0
202601061806,2026-01-06,18,6,1-3,300,L09,1-2,0,0
202601061808,2026-01-06,18,8,1-2,720,L09,1-2,1,720
202601061901,2026-01-06,19,1,1-2,320,L09,1-2,1,320
202601061905,2026-01-06,19,5,3-1,1280,L09,1-2,0,0
202601061906,2026-01-06,19,6,1-5,880,L09,1-2,0,0
202601061909,2026-01-06,19,9,1-2,430,L09,1-2,1,430
202601061910,2026-01-06,19,10,1-2,190,L09,1-2,1,190
202601062001,2026-01-06,20,1,3-1,1320,L09,1-2,0,0
202601062003,2026-01-06,20,3,1-4,290,L09,1-2,0,0
202601062004,2026-01-06,20,4,1-4,810,L09,1-2,0,0
202601062006,2026-01-06,20,6,1-3,350,L09,1-2,0,0
202601062009,2026-01-06,20,9,1-5,420,L09,1-2,0,0
202601062011,2026-01-06,20,11,1-2,870,L09,1-2,1,870
202601062201,2026-01-06,22,1,1-2,300,L09,1-2,1,300
202601062206,2026-01-06,22,6,3-6,1700,L09,1-2,0,0
202601062207,2026-01-06,22,7,1-3,330,L09,1-2,0,0
202601062208,2026-01-06,22,8,2-1,380,L09,1-2,0,0
202601062209,2026-01-06,22,9,1-2,340,L09,1-2,1,340
202601062210,2026-01-06,22,10,2-3,910,L09,1-2,0,0
202601062302,2026-01-06,23,2,1-2,230,L09,1-2,1,230
202601062303,2026-01-06,23,3,3-1,590,L09,1-2,0,0
202601062304,2026-01-06,23,4,1-2,760,L09,1-2,1,760
202601062306,2026-01-06,23,6,1-3,750,L09,1-2,0,0
202601062309,2026-01-06,23,9,1-3,350,L09,1-2,0,0
202601062310,2026-01-06,23,10,2-1,930,L09,1-2,0,0
202601062312,2026-01-06,23,12,1-2,210,L09,1-2,1,210
202601062403,2026-01-06,24,3,2-1,460,L09,1-2,0,0
202601062404,2026-01-06,24,4,1-4,410,L09,1-2,0,0
202601062410,2026-01-06,24,10,1-2,220,L09,1-2,1,220
202601062411,2026-01-06,24,11,1-2,180,L09,1-2,1,180
202601062412,2026-01-06,24,12,1-3,310,L09,1-2,0,0
202601070101,2026-01-07,01,1,1-4,610,L09,1-2,0,0
202601070203,2026-01-07,02,3,1-4,280,L09,1-2,0,0
202601070206,2026-01-07,02,6,1-3,240,L09,1-2,0,0
202601070210,2026-01-07,02,10,1-2,230,L09,1-2,1,230
202601070301,2026-01-07,03,1,3-1,800,L09,1-2,0,0
202601070307,2026-01-07,03,7,1-3,1540,L09,1-2,0,0
202601070308,2026-01-07,03,8,1-3,750,L09,1-2,0,0
202601070401,2026-01-07,04,1,3-1,840,L09,1-2,0,0
202601070405,2026-01-07,04,5,1-6,2340,L09,1-2,0,0
202601070408,2026-01-07,04,8,3-1,1520,L09,1-2,0,0
202601070409,2026-01-07,04,9,1-2,1700,L09,1-2,1,1700
202601070411,2026-01-07,04,11,5-2,770,L09,1-2,0,0
202601070511,2026-01-07,05,11,1-5,700,L09,1-2,0,0
202601070702,2026-01-07,07,2,2-1,340,L09,1-2,0,0
202601070703,2026-01-07,07,3,1-2,230,L09,1-2,1,230
202601070706,2026-01-07,07,6,6-1,990,L09,1-2,0,0
202601070712,2026-01-07,07,12,1-5,1270,L09,1-2,0,0
202601071002,2026-01-07,10,2,2-1,620,L09,1-2,0,0
202601071004,2026-01-07,10,4,3-1,300,L09,1-2,0,0
202601071006,2026-01-07,10,6,1-3,680,L09,1-2,0,0
202601071011,2026-01-07,10,11,3-1,1430,L09,1-2,0,0
202601071103,2026-01-07,11,3,1-2,430,L09,1-2,1,430
202601071106,2026-01-07,11,6,1-4,570,L09,1-2,0,0
202601071107,2026-01-07,11,7,3-1,720,L09,1-2,0,0
202601071109,2026-01-07,11,9,1-4,320,L09,1-2,0,0
202601071112,2026-01-07,11,12,1-5,1150,L09,1-2,0,0
202601071202,2026-01-07,12,2,1-4,230,L09,1-2,0,0
202601071205,2026-01-07,12,5,1-2,290,L09,1-2,1,290
202601071309,2026-01-07,13,9,1-5,410,L09,1-2,0,0
202601071311,2026-01-07,13,11,1-3,280,L09,1-2,0,0
202601071601,2026-01-07,16,1,1-2,430,L09,1-2,1,430
202601071603,2026-01-07,16,3,1-3,600,L09,1-2,0,0
202601071606,2026-01-07,16,6,1-3,340,L09,1-2,0,0
202601071609,2026-01-07,16,9,5-3,3600,L09,1-2,0,0
202601071610,2026-01-07,16,10,6-2,970,L09,1-2,0,0
202601071804,2026-01-07,18,4,1-6,370,L09,1-2,0,0
202601071806,2026-01-07,18,6,1-2,670,L09,1-2,1,670
202601071811,2026-01-07,18,11,1-2,250,L09,1-2,1,250
202601071904,2026-01-07,19,4,1-4,1250,L09,1-2,0,0
202601071912,2026-01-07,19,12,1-3,270,L09,1-2,0,0
202601072201,2026-01-07,22,1,1-3,460,L09,1-2,0,0
202601072203,2026-01-07,22,3,1-5,3410,L09,1-2,0,0
202601072204,2026-01-07,22,4,1-4,440,L09,1-2,0,0
202601072207,2026-01-07,22,7,1-6,300,L09,1-2,0,0
202601072212,2026-01-07,22,12,1-3,190,L09,1-2,0,0
202601072304,2026-01-07,23,4,1-4,430,L09,1-2,0,0
202601072308,2026-01-07,23,8,2-3,430,L09,1-2,0,0
202601072309,2026-01-07,23,9,1-3,930,L09,1-2,0,0
202601072310,2026-01-07,23,10,3-1,1320,L09,1-2,0,0
202601072401,2026-01-07,24,1,1-2,1130,L09,1-2,1,1130
202601072408,2026-01-07,24,8,1-2,670,L09,1-2,1,670
202601080201,2026-01-08,02,1,5-1,3710,L09,1-2,0,0
202601080202,2026-01-08,02,2,1-4,660,L09,1-2,0,0
202601080203,2026-01-08,02,3,1-3,460,L09,1-2,0,0
202601080204,2026-01-08,02,4,2-1,820,L09,1-2,0,0
202601080205,2026-01-08,02,5,1-3,640,L09,1-2,0,0
202601080206,2026-01-08,02,6,1-4,230,L09,1-2,0,0
202601080210,2026-01-08,02,10,1-2,790,L09,1-2,1,790
202601080402,2026-01-08,04,2,1-5,350,L09,1-2,0,0
202601080409,2026-01-08,04,9,1-3,820,L09,1-2,0,0
202601080605,2026-01-08,06,5,1-3,350,L09,1-2,0,0
202601080606,2026-01-08,06,6,2-1,350,L09,1-2,0,0
202601080611,2026-01-08,06,11,1-6,630,L09,1-2,0,0
202601080612,2026-01-08,06,12,3-1,1020,L09,1-2,0,0
202601080702,2026-01-08,07,2,2-1,900,L09,1-2,0,0
202601080705,2026-01-08,07,5,1-6,570,L09,1-2,0,0
202601080708,2026-01-08,07,8,1-2,820,L09,1-2,1,820
202601080710,2026-01-08,07,10,1-3,520,L09,1-2,0,0
202601080711,2026-01-08,07,11,3-1,600,L09,1-2,0,0
202601080712,2026-01-08,07,12,1-3,330,L09,1-2,0,0
202601081002,2026-01-08,10,2,1-2,240,L09,1-2,1,240
202601081003,2026-01-08,10,3,1-2,940,L09,1-2,1,940
202601081004,2026-01-08,10,4,1-5,500,L09,1-2,0,0
202601081009,2026-01-08,10,9,2-1,1330,L09,1-2,0,0
202601081012,2026-01-08,10,12,4-1,460,L09,1-2,0,0
202601081101,2026-01-08,11,1,1-2,320,L09,1-2,1,320
202601081106,2026-01-08,11,6,1-4,370,L09,1-2,0,0
202601081108,2026-01-08,11,8,1-6,1350,L09,1-2,0,0
202601081112,2026-01-08,11,12,1-2,200,L09,1-2,1,200
202601081308,2026-01-08,13,8,2-1,1250,L09,1-2,0,0
202601081501,2026-01-08,15,1,3-1,610,L09,1-2,0,0
202601081504,2026-01-08,15,4,5-1,1030,L09,1-2,0,0
202601081508,2026-01-08,15,8,1-2,200,L09,1-2,1,200
202601081602,2026-01-08,16,2,1-2,210,L09,1-2,1,210
202601081607,2026-01-08,16,7,1-6,2740,L09,1-2,0,0
202601081612,2026-01-08,16,12,4-1,1380,L09,1-2,0,0
202601082007,2026-01-08,20,7,1-5,2460,L09,1-2,0,0
202601082011,2026-01-08,20,11,1-3,220,L09,1-2,0,0
202601082208,2026-01-08,22,8,1-3,800,L09,1-2,0,0
202601082302,2026-01-08,23,2,1-4,720,L09,1-2,0,0
202601082306,2026-01-08,23,6,1-3,340,L09,1-2,0,0
202601082311,2026-01-08,23,11,2-1,430,L09,1-2,0,0
202601082405,2026-01-08,24,5,1-3,510,L09,1-2,0,0
202601082406,2026-01-08,24,6,1-2,290,L09,1-2,1,290
202601082407,2026-01-08,24,7,1-2,330,L09,1-2,1,330
202601082409,2026-01-08,24,9,1-6,880,L09,1-2,0,0
202601082412,2026-01-08,24,12,1-3,290,L09,1-2,0,0
202601090405,2026-01-09,04,5,1-5,580,L09,1-2,0,0
202601090411,2026-01-09,04,11,1-3,400,L09,1-2,0,0
202601090601,2026-01-09,06,1,1-2,290,L09,1-2,1,290
202601090604,2026-01-09,06,4,1-2,500,L09,1-2,1,500
202601090605,2026-01-09,06,5,1-2,300,L09,1-2,1,300
202601090607,2026-01-09,06,7,1-2,500,L09,1-2,1,500
202601090609,2026-01-09,06,9,1-4,190,L09,1-2,0,0
202601090612,2026-01-09,06,12,1-3,150,L09,1-2,0,0
202601090710,2026-01-09,07,10,1-2,660,L09,1-2,1,660
202601090711,2026-01-09,07,11,1-2,240,L09,1-2,1,240
202601090901,2026-01-09,09,1,1-3,630,L09,1-2,0,0
202601090905,2026-01-09,09,5,1-5,1540,L09,1-2,0,0
202601090908,2026-01-09,09,8,2-4,2150,L09,1-2,0,0
202601090909,2026-01-09,09,9,1-4,700,L09,1-2,0,0
202601090910,2026-01-09,09,10,1-2,180,L09,1-2,1,180
202601090911,2026-01-09,09,11,1-5,710,L09,1-2,0,0
202601091002,2026-01-09,10,2,1-5,1460,L09,1-2,0,0
202601091009,2026-01-09,10,9,1-2,420,L09,1-2,1,420
202601091302,2026-01-09,13,2,1-3,260,L09,1-2,0,0
202601091306,2026-01-09,13,6,1-3,390,L09,1-2,0,0
202601091307,2026-01-09,13,7,1-2,270,L09,1-2,1,270
202601091309,2026-01-09,13,9,1-2,1030,L09,1-2,1,1030
202601091501,2026-01-09,15,1,1-2,300,L09,1-2,1,300
202601091504,2026-01-09,15,4,1-3,340,L09,1-2,0,0
202601091506,2026-01-09,15,6,2-3,1720,L09,1-2,0,0
202601091507,2026-01-09,15,7,5-1,800,L09,1-2,0,0
202601091509,2026-01-09,15,9,1-4,2640,L09,1-2,0,0
202601091511,2026-01-09,15,11,4-5,1380,L09,1-2,0,0
202601091512,2026-01-09,15,12,1-2,290,L09,1-2,1,290
202601091604,2026-01-09,16,4,2-3,670,L09,1-2,0,0
202601091607,2026-01-09,16,7,1-2,470,L09,1-2,1,470
202601091612,2026-01-09,16,12,1-3,200,L09,1-2,0,0
202601091702,2026-01-09,17,2,1-5,3570,L09,1-2,0,0
202601091704,2026-01-09,17,4,1-2,610,L09,1-2,1,610
202601091711,2026-01-09,17,11,2-1,8930,L09,1-2,0,0
202601091712,2026-01-09,17,12,1-2,370,L09,1-2,1,370
202601091902,2026-01-09,19,2,1-3,440,L09,1-2,0,0
202601091907,2026-01-09,19,7,5-3,1820,L09,1-2,0,0
202601091909,2026-01-09,19,9,1-2,300,L09,1-2,1,300
202601092002,2026-01-09,20,2,3-4,2170,L09,1-2,0,0
202601092003,2026-01-09,20,3,3-1,320,L09,1-2,0,0
202601092006,2026-01-09,20,6,3-1,260,L09,1-2,0,0
202601092008,2026-01-09,20,8,2-1,530,L09,1-2,0,0
202601092009,2026-01-09,20,9,1-6,370,L09,1-2,0,0
202601092303,2026-01-09,23,3,1-3,200,L09,1-2,0,0
202601092304,2026-01-09,23,4,1-6,1350,L09,1-2,0,0
202601092308,2026-01-09,23,8,1-4,500,L09,1-2,0,0
202601092312,2026-01-09,23,12,1-4,780,L09,1-2,0,0
202601100501,2026-01-10,05,1,4-2,1060,L09,1-2,0,0
202601100509,2026-01-10,05,9,1-2,370,L09,1-2,1,370
202601100601,2026-01-10,06,1,3-1,980,L09,1-2,0,0
202601100603,2026-01-10,06,3,1-4,420,L09,1-2,0,0
202601100606,2026-01-10,06,6,3-2,630,L09,1-2,0,0
202601100612,2026-01-10,06,12,4-1,750,L09,1-2,0,0
202601100704,2026-01-10,07,4,3-1,820,L09,1-2,0,0
202601100708,2026-01-10,07,8,1-2,240,L09,1-2,1,240
202601100709,2026-01-10,07,9,1-2,240,L09,1-2,1,240
202601100710,2026-01-10,07,10,1-2,170,L09,1-2,1,170
202601100711,2026-01-10,07,11,1-2,330,L09,1-2,1,330
202601100901,2026-01-10,09,1,1-2,230,L09,1-2,1,230
202601100907,2026-01-10,09,7,4-1,1380,L09,1-2,0,0
202601100911,2026-01-10,09,11,4-3,1500,L09,1-2,0,0
202601101001,2026-01-10,10,1,1-2,230,L09,1-2,1,230
202601101002,2026-01-10,10,2,1-2,160,L09,1-2,1,160
202601101004,2026-01-10,10,4,2-4,6100,L09,1-2,0,0
202601101502,2026-01-10,15,2,5-1,10570,L09,1-2,0,0
202601101512,2026-01-10,15,12,1-2,250,L09,1-2,1,250
202601101610,2026-01-10,16,10,1-3,420,L09,1-2,0,0
202601101611,2026-01-10,16,11,3-2,4340,L09,1-2,0,0
202601101612,2026-01-10,16,12,1-3,420,L09,1-2,0,0
202601101705,2026-01-10,17,5,4-6,900,L09,1-2,0,0
202601101801,2026-01-10,18,1,1-2,170,L09,1-2,1,170
202601101802,2026-01-10,18,2,1-3,550,L09,1-2,0,0
202601101805,2026-01-10,18,5,1-6,1460,L09,1-2,0,0
202512110907,2025-12-11,09,7,1-2,200,L10,1-2,1,200
202512111306,2025-12-11,13,6,1-4,300,L10,1-2,0,0
202512111402,2025-12-11,14,2,1-3,320,L10,1-2,0,0
202512111509,2025-12-11,15,9,3-1,910,L10,1-2,0,0
202512111702,2025-12-11,17,2,1-3,260,L10,1-2,0,0
202512112109,2025-12-11,21,9,1-2,710,L10,1-2,1,710
202512120509,2025-12-12,05,9,4-1,770,L10,1-2,0,0
202512120511,2025-12-12,05,11,1-3,200,L10,1-2,0,0
202512120607,2025-12-12,06,7,2-1,2150,L10,1-2,0,0
202512120612,2025-12-12,06,12,1-3,550,L10,1-2,0,0
202512121002,2025-12-12,10,2,1-2,350,L10,1-2,1,350
202512121012,2025-12-12,10,12,1-4,450,L10,1-2,0,0
202512121405,2025-12-12,14,5,4-1,2290,L10,1-2,0,0
202512121506,2025-12-12,15,6,5-1,660,L10,1-2,0,0
202512130108,2025-12-13,01,8,3-2,4840,L10,1-2,0,0
202512130305,2025-12-13,03,5,1-4,470,L10,1-2,0,0
202512130502,2025-12-13,05,2,1-5,790,L10,1-2,0,0
202512130511,2025-12-13,05,11,1-2,380,L10,1-2,1,380
202512130709,2025-12-13,07,9,1-3,320,L10,1-2,0,0
202512130805,2025-12-13,08,5,1-3,370,L10,1-2,0,0
202512131010,2025-12-13,10,10,2-4,2850,L10,1-2,0,0
202512140207,2025-12-14,02,7,1-3,400,L10,1-2,0,0
202512140211,2025-12-14,02,11,1-5,880,L10,1-2,0,0
202512140605,2025-12-14,06,5,1-3,450,L10,1-2,0,0
202512140607,2025-12-14,06,7,5-1,1240,L10,1-2,0,0
202512140608,2025-12-14,06,8,6-1,2880,L10,1-2,0,0
202512140706,2025-12-14,07,6,1-2,460,L10,1-2,1,460
202512140709,2025-12-14,07,9,2-1,1280,L10,1-2,0,0
202512140806,2025-12-14,08,6,1-4,2540,L10,1-2,0,0
202512140809,2025-12-14,08,9,1-6,1010,L10,1-2,0,0
202512141001,2025-12-14,10,1,1-2,290,L10,1-2,1,290
202512141002,2025-12-14,10,2,1-2,270,L10,1-2,1,270
202512141008,2025-12-14,10,8,5-2,4290,L10,1-2,0,0
202512141102,2025-12-14,11,2,1-4,540,L10,1-2,0,0
202512141505,2025-12-14,15,5,1-6,700,L10,1-2,0,0
202512141806,2025-12-14,18,6,3-4,1240,L10,1-2,0,0
202512141812,2025-12-14,18,12,1-2,370,L10,1-2,1,370
202512142309,2025-12-14,23,9,3-1,820,L10,1-2,0,0
202512150106,2025-12-15,01,6,1-3,500,L10,1-2,0,0
202512150210,2025-12-15,02,10,1-2,450,L10,1-2,1,450
202512150702,2025-12-15,07,2,1-4,1420,L10,1-2,0,0
202512150807,2025-12-15,08,7,1-2,320,L10,1-2,1,320
202512151012,2025-12-15,10,12,1-3,240,L10,1-2,0,0
202512151110,2025-12-15,11,10,1-2,950,L10,1-2,1,950
202512151703,2025-12-15,17,3,1-2,250,L10,1-2,1,250
202512151706,2025-12-15,17,6,2-1,760,L10,1-2,0,0
202512151711,2025-12-15,17,11,2-3,3870,L10,1-2,0,0
202512151806,2025-12-15,18,6,1-6,1490,L10,1-2,0,0
202512151809,2025-12-15,18,9,1-6,520,L10,1-2,0,0
202512152202,2025-12-15,22,2,1-3,230,L10,1-2,0,0
202512152411,2025-12-15,24,11,3-5,6610,L10,1-2,0,0
202512160102,2025-12-16,01,2,5-2,10840,L10,1-2,0,0
202512160103,2025-12-16,01,3,5-1,1390,L10,1-2,0,0
202512160208,2025-12-16,02,8,5-1,6630,L10,1-2,0,0
202512160812,2025-12-16,08,12,1-4,340,L10,1-2,0,0
202512160904,2025-12-16,09,4,2-1,440,L10,1-2,0,0
202512161011,2025-12-16,10,11,1-3,340,L10,1-2,0,0
202512161802,2025-12-16,18,2,1-2,320,L10,1-2,1,320
202512162203,2025-12-16,22,3,3-1,500,L10,1-2,0,0
202512170109,2025-12-17,01,9,1-5,400,L10,1-2,0,0
202512170510,2025-12-17,05,10,1-2,320,L10,1-2,1,320
202512170511,2025-12-17,05,11,2-3,1170,L10,1-2,0,0
202512170801,2025-12-17,08,1,1-3,300,L10,1-2,0,0
202512170812,2025-12-17,08,12,1-5,1010,L10,1-2,0,0
202512170903,2025-12-17,09,3,1-5,1590,L10,1-2,0,0
202512170904,2025-12-17,09,4,2-1,1460,L10,1-2,0,0
202512171005,2025-12-17,10,5,3-1,1020,L10,1-2,0,0
202512171102,2025-12-17,11,2,2-5,640,L10,1-2,0,0
202512172204,2025-12-17,22,4,2-1,670,L10,1-2,0,0
202512172406,2025-12-17,24,6,1-3,410,L10,1-2,0,0
202512172407,2025-12-17,24,7,1-5,2380,L10,1-2,0,0
202512180504,2025-12-18,05,4,2-1,5340,L10,1-2,0,0
202512180908,2025-12-18,09,8,1-3,480,L10,1-2,0,0
202512181110,2025-12-18,11,10,1-2,340,L10,1-2,1,340
202512181112,2025-12-18,11,12,4-1,1700,L10,1-2,0,0
202512181205,2025-12-18,12,5,4-1,6170,L10,1-2,0,0
202512181208,2025-12-18,12,8,1-4,700,L10,1-2,0,0
202512181906,2025-12-18,19,6,1-5,1090,L10,1-2,0,0
202512182410,2025-12-18,24,10,1-6,1490,L10,1-2,0,0
202512182411,2025-12-18,24,11,1-5,1130,L10,1-2,0,0
202512190302,2025-12-19,03,2,1-3,1920,L10,1-2,0,0
202512190305,2025-12-19,03,5,2-1,1100,L10,1-2,0,0
202512190503,2025-12-19,05,3,6-4,1570,L10,1-2,0,0
202512190606,2025-12-19,06,6,1-3,210,L10,1-2,0,0
202512190607,2025-12-19,06,7,2-4,670,L10,1-2,0,0
202512190611,2025-12-19,06,11,1-3,270,L10,1-2,0,0
202512191104,2025-12-19,11,4,1-4,760,L10,1-2,0,0
202512191207,2025-12-19,12,7,1-5,570,L10,1-2,0,0
202512191402,2025-12-19,14,2,1-3,300,L10,1-2,0,0
202512191411,2025-12-19,14,11,4-2,4550,L10,1-2,0,0
202512191909,2025-12-19,19,9,1-3,310,L10,1-2,0,0
202512191911,2025-12-19,19,11,1-2,240,L10,1-2,1,240
202512192204,2025-12-19,22,4,5-6,1340,L10,1-2,0,0
202512192212,2025-12-19,22,12,1-4,670,L10,1-2,0,0
202512200201,2025-12-20,02,1,1-3,350,L10,1-2,0,0
202512200303,2025-12-20,03,3,3-2,14030,L10,1-2,0,0
202512200504,2025-12-20,05,4,1-5,550,L10,1-2,0,0
202512200608,2025-12-20,06,8,1-4,460,L10,1-2,0,0
202512201601,2025-12-20,16,1,1-2,530,L10,1-2,1,530
202512201610,2025-12-20,16,10,1-3,460,L10,1-2,0,0
202512201703,2025-12-20,17,3,1-3,360,L10,1-2,0,0
202512201708,2025-12-20,17,8,1-4,330,L10,1-2,0,0
202512201710,2025-12-20,17,10,1-2,290,L10,1-2,1,290
202512201905,2025-12-20,19,5,1-5,610,L10,1-2,0,0
202512202010,2025-12-20,20,10,1-2,240,L10,1-2,1,240
202512202011,2025-12-20,20,11,5-1,1990,L10,1-2,0,0
202512202112,2025-12-20,21,12,1-4,340,L10,1-2,0,0
202512202201,2025-12-20,22,1,1-3,300,L10,1-2,0,0
202512202306,2025-12-20,23,6,1-5,540,L10,1-2,0,0
202512210212,2025-12-21,02,12,5-2,7830,L10,1-2,0,0
202512210305,2025-12-21,03,5,2-1,490,L10,1-2,0,0
202512210507,2025-12-21,05,7,4-2,1960,L10,1-2,0,0
202512210609,2025-12-21,06,9,1-2,300,L10,1-2,1,300
202512210801,2025-12-21,08,1,1-5,880,L10,1-2,0,0
202512210802,2025-12-21,08,2,3-2,6260,L10,1-2,0,0
202512211212,2025-12-21,12,12,1-2,300,L10,1-2,1,300
202512211711,2025-12-21,17,11,2-3,2310,L10,1-2,0,0
202512211907,2025-12-21,19,7,1-3,500,L10,1-2,0,0
202512212011,2025-12-21,20,11,1-3,250,L10,1-2,0,0
202512212112,2025-12-21,21,12,1-4,540,L10,1-2,0,0
202512212304,2025-12-21,23,4,1-3,500,L10,1-2,0,0
202512220209,2025-12-22,02,9,3-1,790,L10,1-2,0,0
202512220608,2025-12-22,06,8,4-1,740,L10,1-2,0,0
202512220707,2025-12-22,07,7,1-4,310,L10,1-2,0,0
202512221407,2025-12-22,14,7,1-3,650,L10,1-2,0,0
202512221411,2025-12-22,14,11,1-4,340,L10,1-2,0,0
202512221508,2025-12-22,15,8,2-1,760,L10,1-2,0,0
202512221511,2025-12-22,15,11,2-1,2790,L10,1-2,0,0
202512221604,2025-12-22,16,4,1-2,240,L10,1-2,1,240
202512221710,2025-12-22,17,10,1-3,530,L10,1-2,0,0
202512221711,2025-12-22,17,11,3-1,820,L10,1-2,0,0
202512221909,2025-12-22,19,9,1-5,600,L10,1-2,0,0
202512222011,2025-12-22,20,11,1-4,410,L10,1-2,0,0
202512222309,2025-12-22,23,9,2-5,970,L10,1-2,0,0
202512230206,2025-12-23,02,6,1-3,450,L10,1-2,0,0
202512230208,2025-12-23,02,8,1-5,390,L10,1-2,0,0
202512230212,2025-12-23,02,12,3-2,5440,L10,1-2,0,0
202512230610,2025-12-23,06,10,1-4,510,L10,1-2,0,0
202512230909,2025-12-23,09,9,1-4,620,L10,1-2,0,0
202512231404,2025-12-23,14,4,1-4,530,L10,1-2,0,0
202512231406,2025-12-23,14,6,1-2,620,L10,1-2,1,620
202512231602,2025-12-23,16,2,1-6,260,L10,1-2,0,0
202512231611,2025-12-23,16,11,1-4,400,L10,1-2,0,0
202512231708,2025-12-23,17,8,3-1,1510,L10,1-2,0,0
202512231905,2025-12-23,19,5,1-2,510,L10,1-2,1,510
202512232008,2025-12-23,20,8,1-3,180,L10,1-2,0,0
202512232010,2025-12-23,20,10,1-3,330,L10,1-2,0,0
202512232105,2025-12-23,21,5,1-4,370,L10,1-2,0,0
202512232307,2025-12-23,23,7,1-6,860,L10,1-2,0,0
202512240203,2025-12-24,02,3,1-3,1660,L10,1-2,0,0
202512240205,2025-12-24,02,5,1-2,500,L10,1-2,1,500
202512240603,2025-12-24,06,3,1-2,300,L10,1-2,1,300
202512240604,2025-12-24,06,4,1-2,300,L10,1-2,1,300
202512240608,2025-12-24,06,8,1-2,370,L10,1-2,1,370
202512240612,2025-12-24,06,12,1-4,470,L10,1-2,0,0
202512240710,2025-12-24,07,10,1-3,610,L10,1-2,0,0
202512241004,2025-12-24,10,4,1-4,760,L10,1-2,0,0
202512241008,2025-12-24,10,8,1-4,480,L10,1-2,0,0
202512241112,2025-12-24,11,12,1-2,360,L10,1-2,1,360
202512241307,2025-12-24,13,7,1-3,750,L10,1-2,0,0
202512241406,2025-12-24,14,6,1-3,370,L10,1-2,0,0
202512241505,2025-12-24,15,5,4-5,740,L10,1-2,0,0
202512241702,2025-12-24,17,2,1-3,770,L10,1-2,0,0
202512250304,2025-12-25,03,4,1-5,3520,L10,1-2,0,0
202512250308,2025-12-25,03,8,1-3,350,L10,1-2,0,0
202512250801,2025-12-25,08,1,1-4,440,L10,1-2,0,0
202512250803,2025-12-25,08,3,1-3,230,L10,1-2,0,0
202512250907,2025-12-25,09,7,1-3,890,L10,1-2,0,0
202512250911,2025-12-25,09,11,1-4,570,L10,1-2,0,0
202512251006,2025-12-25,10,6,1-4,1040,L10,1-2,0,0
202512251101,2025-12-25,11,1,1-3,190,L10,1-2,0,0
202512251102,2025-12-25,11,2,1-4,820,L10,1-2,0,0
202512251203,2025-12-25,12,3,1-4,500,L10,1-2,0,0
202512251306,2025-12-25,13,6,1-2,430,L10,1-2,1,430
202512251312,2025-12-25,13,12,1-4,360,L10,1-2,0,0
202512251605,2025-12-25,16,5,4-1,2750,L10,1-2,0,0
202512251609,2025-12-25,16,9,1-2,150,L10,1-2,1,150
202512251803,2025-12-25,18,3,1-2,270,L10,1-2,1,270
202512251806,2025-12-25,18,6,1-6,1590,L10,1-2,0,0
202512252007,2025-12-25,20,7,2-3,16310,L10,1-2,0,0
202512252010,2025-12-25,20,10,1-3,250,L10,1-2,0,0
202512252201,2025-12-25,22,1,1-2,320,L10,1-2,1,320
202512260303,2025-12-26,03,3,2-1,3500,L10,1-2,0,0
202512260311,2025-12-26,03,11,1-3,260,L10,1-2,0,0
202512260408,2025-12-26,04,8,2-1,2380,L10,1-2,0,0
202512260501,2025-12-26,05,1,1-5,1370,L10,1-2,0,0
202512260706,2025-12-26,07,6,6-2,1160,L10,1-2,0,0
202512260904,2025-12-26,09,4,1-5,480,L10,1-2,0,0
202512261203,2025-12-26,12,3,3-1,860,L10,1-2,0,0
202512261307,2025-12-26,13,7,1-3,260,L10,1-2,0,0
202512261802,2025-12-26,18,2,1-3,270,L10,1-2,0,0
202512262204,2025-12-26,22,4,4-1,760,L10,1-2,0,0
202512262211,2025-12-26,22,11,1-4,260,L10,1-2,0,0
202512270503,2025-12-27,05,3,1-2,550,L10,1-2,1,550
202512270505,2025-12-27,05,5,1-2,580,L10,1-2,1,580
202512271005,2025-12-27,10,5,2-4,2870,L10,1-2,0,0
202512271008,2025-12-27,10,8,1-3,920,L10,1-2,0,0
202512272212,2025-12-27,22,12,1-4,550,L10,1-2,0,0
202512272305,2025-12-27,23,5,5-1,390,L10,1-2,0,0
202512272408,2025-12-27,24,8,1-2,410,L10,1-2,1,410
202512272409,2025-12-27,24,9,3-1,7390,L10,1-2,0,0
202512272411,2025-12-27,24,11,1-5,1170,L10,1-2,0,0
202512280312,2025-12-28,03,12,1-2,340,L10,1-2,1,340
202512280408,2025-12-28,04,8,4-2,1620,L10,1-2,0,0
202512280503,2025-12-28,05,3,1-5,650,L10,1-2,0,0
202512281111,2025-12-28,11,11,1-2,370,L10,1-2,1,370
202512281208,2025-12-28,12,8,1-3,380,L10,1-2,0,0
202512281807,2025-12-28,18,7,1-3,590,L10,1-2,0,0
202512281809,2025-12-28,18,9,1-3,320,L10,1-2,0,0
202512282406,2025-12-28,24,6,1-2,290,L10,1-2,1,290
202512290205,2025-12-29,02,5,1-4,250,L10,1-2,0,0
202512290304,2025-12-29,03,4,6-1,1000,L10,1-2,0,0
202512290309,2025-12-29,03,9,1-3,260,L10,1-2,0,0
202512290606,2025-12-29,06,6,3-5,11650,L10,1-2,0,0
202512290608,2025-12-29,06,8,1-6,1720,L10,1-2,0,0
202512291108,2025-12-29,11,8,1-3,350,L10,1-2,0,0
202512291112,2025-12-29,11,12,1-4,490,L10,1-2,0,0
202512291212,2025-12-29,12,12,1-4,660,L10,1-2,0,0
202512291609,2025-12-29,16,9,1-3,520,L10,1-2,0,0
202512291611,2025-12-29,16,11,5-1,2390,L10,1-2,0,0
202512291809,2025-12-29,18,9,2-1,3680,L10,1-2,0,0
202512291905,2025-12-29,19,5,1-4,470,L10,1-2,0,0
202512291910,2025-12-29,19,10,3-2,13570,L10,1-2,0,0
202512292104,2025-12-29,21,4,1-3,410,L10,1-2,0,0
202512292205,2025-12-29,22,5,1-2,1350,L10,1-2,1,1350
202512292211,2025-12-29,22,11,1-3,320,L10,1-2,0,0
202512292302,2025-12-29,23,2,1-2,350,L10,1-2,1,350
202512292402,2025-12-29,24,2,1-2,460,L10,1-2,1,460
202512292408,2025-12-29,24,8,1-3,540,L10,1-2,0,0
202512300401,2025-12-30,04,1,1-3,510,L10,1-2,0,0
202512300507,2025-12-30,05,7,1-6,460,L10,1-2,0,0
202512301004,2025-12-30,10,4,1-2,240,L10,1-2,1,240
202512301010,2025-12-30,10,10,1-2,660,L10,1-2,1,660
202512301710,2025-12-30,17,10,1-5,830,L10,1-2,0,0
202512301912,2025-12-30,19,12,1-5,560,L10,1-2,0,0
202512302112,2025-12-30,21,12,1-6,940,L10,1-2,0,0
202512302312,2025-12-30,23,12,1-5,820,L10,1-2,0,0
202512302405,2025-12-30,24,5,1-6,2610,L10,1-2,0,0
202512302407,2025-12-30,24,7,1-2,490,L10,1-2,1,490
202512302411,2025-12-30,24,11,1-6,2760,L10,1-2,0,0
202512310211,2025-12-31,02,11,1-3,290,L10,1-2,0,0
202512310501,2025-12-31,05,1,1-5,1330,L10,1-2,0,0
202512310503,2025-12-31,05,3,1-3,540,L10,1-2,0,0
202512310609,2025-12-31,06,9,1-3,620,L10,1-2,0,0
202512310610,2025-12-31,06,10,1-2,480,L10,1-2,1,480
202512310710,2025-12-31,07,10,1-3,210,L10,1-2,0,0
202512310803,2025-12-31,08,3,4-3,1700,L10,1-2,0,0
202512310901,2025-12-31,09,1,1-4,330,L10,1-2,0,0
202512310908,2025-12-31,09,8,1-2,1990,L10,1-2,1,1990
202512311502,2025-12-31,15,2,2-5,9890,L10,1-2,0,0
202512311710,2025-12-31,17,10,1-5,1190,L10,1-2,0,0
202512312110,2025-12-31,21,10,1-4,220,L10,1-2,0,0
202512312402,2025-12-31,24,2,1-2,330,L10,1-2,1,330
202601010601,2026-01-01,06,1,1-3,190,L10,1-2,0,0
202601010706,2026-01-01,07,6,1-5,540,L10,1-2,0,0
202601010804,2026-01-01,08,4,1-3,250,L10,1-2,0,0
202601010908,2026-01-01,09,8,4-1,13090,L10,1-2,0,0
202601011001,2026-01-01,10,1,1-3,200,L10,1-2,0,0
202601011002,2026-01-01,10,2,2-1,260,L10,1-2,0,0
202601011003,2026-01-01,10,3,1-3,300,L10,1-2,0,0
202601011506,2026-01-01,15,6,3-1,810,L10,1-2,0,0
202601011603,2026-01-01,16,3,5-1,4650,L10,1-2,0,0
202601011711,2026-01-01,17,11,1-3,240,L10,1-2,0,0
202601011910,2026-01-01,19,10,1-2,300,L10,1-2,1,300
202601012303,2026-01-01,23,3,1-4,720,L10,1-2,0,0
202601020303,2026-01-02,03,3,4-5,1240,L10,1-2,0,0
202601020306,2026-01-02,03,6,2-1,740,L10,1-2,0,0
202601020308,2026-01-02,03,8,1-2,1130,L10,1-2,1,1130
202601020309,2026-01-02,03,9,1-3,340,L10,1-2,0,0
202601020907,2026-01-02,09,7,1-3,230,L10,1-2,0,0
202601021005,2026-01-02,10,5,1-5,870,L10,1-2,0,0
202601021206,2026-01-02,12,6,5-1,1250,L10,1-2,0,0
202601021401,2026-01-02,14,1,1-2,440,L10,1-2,1,440
202601021510,2026-01-02,15,10,1-4,280,L10,1-2,0,0
202601021607,2026-01-02,16,7,2-1,1450,L10,1-2,0,0
202601021611,2026-01-02,16,11,1-5,390,L10,1-2,0,0
202601021906,2026-01-02,19,6,1-3,550,L10,1-2,0,0
202601021910,2026-01-02,19,10,1-4,890,L10,1-2,0,0
202601022010,2026-01-02,20,10,1-5,3320,L10,1-2,0,0
202601022112,2026-01-02,21,12,1-2,230,L10,1-2,1,230
202601030106,2026-01-03,01,6,1-2,250,L10,1-2,1,250
202601030112,2026-01-03,01,12,1-3,290,L10,1-2,0,0
202601030301,2026-01-03,03,1,1-2,740,L10,1-2,1,740
202601030312,2026-01-03,03,12,1-4,720,L10,1-2,0,0
202601030503,2026-01-03,05,3,1-2,680,L10,1-2,1,680
202601030512,2026-01-03,05,12,1-3,360,L10,1-2,0,0
202601030606,2026-01-03,06,6,1-3,310,L10,1-2,0,0
202601030611,2026-01-03,06,11,1-2,280,L10,1-2,1,280
202601030701,2026-01-03,07,1,3-5,960,L10,1-2,0,0
202601030804,2026-01-03,08,4,1-4,320,L10,1-2,0,0
202601030808,2026-01-03,08,8,1-4,400,L10,1-2,0,0
202601030901,2026-01-03,09,1,1-2,250,L10,1-2,1,250
202601031006,2026-01-03,10,6,1-5,300,L10,1-2,0,0
202601031008,2026-01-03,10,8,1-3,560,L10,1-2,0,0
202601031201,2026-01-03,12,1,3-1,720,L10,1-2,0,0
202601031210,2026-01-03,12,10,1-2,370,L10,1-2,1,370
202601031705,2026-01-03,17,5,6-1,1210,L10,1-2,0,0
202601040211,2026-01-04,02,11,1-5,1400,L10,1-2,0,0
202601040412,2026-01-04,04,12,3-2,6480,L10,1-2,0,0
202601040507,2026-01-04,05,7,1-5,530,L10,1-2,0,0
202601040701,2026-01-04,07,1,3-6,2690,L10,1-2,0,0
202601040906,2026-01-04,09,6,1-3,180,L10,1-2,0,0
202601041006,2026-01-04,10,6,6-3,3980,L10,1-2,0,0
202601041009,2026-01-04,10,9,4-1,840,L10,1-2,0,0
202601041112,2026-01-04,11,12,1-3,260,L10,1-2,0,0
202601041308,2026-01-04,13,8,1-2,530,L10,1-2,1,530
202601041401,2026-01-04,14,1,1-3,270,L10,1-2,0,0
202601041412,2026-01-04,14,12,1-3,230,L10,1-2,0,0
202601041507,2026-01-04,15,7,3-1,1030,L10,1-2,0,0
202601041510,2026-01-04,15,10,1-4,630,L10,1-2,0,0
202601041701,2026-01-04,17,1,1-2,230,L10,1-2,1,230
202601041803,2026-01-04,18,3,1-5,210,L10,1-2,0,0
202601041908,2026-01-04,19,8,1-3,350,L10,1-2,0,0
202601042206,2026-01-04,22,6,1-6,980,L10,1-2,0,0
202601042208,2026-01-04,22,8,1-2,370,L10,1-2,1,370
202601042303,2026-01-04,23,3,3-1,400,L10,1-2,0,0
202601042401,2026-01-04,24,1,1-6,1160,L10,1-2,0,0
202601050108,2026-01-05,01,8,1-6,1260,L10,1-2,0,0
202601050110,2026-01-05,01,10,4-1,3790,L10,1-2,0,0
202601050501,2026-01-05,05,1,3-1,7330,L10,1-2,0,0
202601051110,2026-01-05,11,10,2-1,1260,L10,1-2,0,0
202601051111,2026-01-05,11,11,1-2,850,L10,1-2,1,850
202601051307,2026-01-05,13,7,1-5,980,L10,1-2,0,0
202601051512,2026-01-05,15,12,1-3,260,L10,1-2,0,0
202601051902,2026-01-05,19,2,4-1,480,L10,1-2,0,0
202601052305,2026-01-05,23,5,1-2,600,L10,1-2,1,600
202601052406,2026-01-05,24,6,1-5,1090,L10,1-2,0,0
202601060101,2026-01-06,01,1,1-3,360,L10,1-2,0,0
202601060201,2026-01-06,02,1,4-1,5500,L10,1-2,0,0
202601060309,2026-01-06,03,9,1-2,340,L10,1-2,1,340
202601060504,2026-01-06,05,4,1-5,1860,L10,1-2,0,0
202601061202,2026-01-06,12,2,2-4,4400,L10,1-2,0,0
202601061205,2026-01-06,12,5,1-2,270,L10,1-2,1,270
202601061302,2026-01-06,13,2,3-4,310,L10,1-2,0,0
202601061607,2026-01-06,16,7,2-1,1530,L10,1-2,0,0
202601061906,2026-01-06,19,6,1-5,880,L10,1-2,0,0
202601062003,2026-01-06,20,3,1-4,290,L10,1-2,0,0
202601062004,2026-01-06,20,4,1-4,810,L10,1-2,0,0
202601062009,2026-01-06,20,9,1-5,420,L10,1-2,0,0
202601062302,2026-01-06,23,2,1-2,230,L10,1-2,1,230
202601062411,2026-01-06,24,11,1-2,180,L10,1-2,1,180
202601070308,2026-01-07,03,8,1-3,750,L10,1-2,0,0
202601070401,2026-01-07,04,1,3-1,840,L10,1-2,0,0
202601071004,2026-01-07,10,4,3-1,300,L10,1-2,0,0
202601071103,2026-01-07,11,3,1-2,430,L10,1-2,1,430
202601071106,2026-01-07,11,6,1-4,570,L10,1-2,0,0
202601071109,2026-01-07,11,9,1-4,320,L10,1-2,0,0
202601071202,2026-01-07,12,2,1-4,230,L10,1-2,0,0
202601071804,2026-01-07,18,4,1-6,370,L10,1-2,0,0
202601071912,2026-01-07,19,12,1-3,270,L10,1-2,0,0
202601072203,2026-01-07,22,3,1-5,3410,L10,1-2,0,0
202601072207,2026-01-07,22,7,1-6,300,L10,1-2,0,0
202601072304,2026-01-07,23,4,1-4,430,L10,1-2,0,0
202601072309,2026-01-07,23,9,1-3,930,L10,1-2,0,0
202601072401,2026-01-07,24,1,1-2,1130,L10,1-2,1,1130
202601080202,2026-01-08,02,2,1-4,660,L10,1-2,0,0
202601080708,2026-01-08,07,8,1-2,820,L10,1-2,1,820
202601080710,2026-01-08,07,10,1-3,520,L10,1-2,0,0
202601081012,2026-01-08,10,12,4-1,460,L10,1-2,0,0
202601081108,2026-01-08,11,8,1-6,1350,L10,1-2,0,0
202601081607,2026-01-08,16,7,1-6,2740,L10,1-2,0,0
202601082302,2026-01-08,23,2,1-4,720,L10,1-2,0,0
202601082412,2026-01-08,24,12,1-3,290,L10,1-2,0,0
202601090601,2026-01-09,06,1,1-2,290,L10,1-2,1,290
202601090710,2026-01-09,07,10,1-2,660,L10,1-2,1,660
202601090908,2026-01-09,09,8,2-4,2150,L10,1-2,0,0
202601091002,2026-01-09,10,2,1-5,1460,L10,1-2,0,0
202601091306,2026-01-09,13,6,1-3,390,L10,1-2,0,0
202601091309,2026-01-09,13,9,1-2,1030,L10,1-2,1,1030
202601091504,2026-01-09,15,4,1-3,340,L10,1-2,0,0
202601091506,2026-01-09,15,6,2-3,1720,L10,1-2,0,0
202601091907,2026-01-09,19,7,5-3,1820,L10,1-2,0,0
202601092303,2026-01-09,23,3,1-3,200,L10,1-2,0,0
202601100612,2026-01-10,06,12,4-1,750,L10,1-2,0,0
202601100704,2026-01-10,07,4,3-1,820,L10,1-2,0,0
202601100907,2026-01-10,09,7,4-1,1380,L10,1-2,0,0
202601101801,2026-01-10,18,1,1-2,170,L10,1-2,1,170
