combo,slice_family,slice_value,sample_races,hits,hit_rate_pct,stake_yen,return_yen,profit_yen,roi_pct,avg_hit_payout_yen,baseline_hit_rate_pct,baseline_roi_pct,baseline_avg_hit_payout_yen,roi_lift_pct,hit_rate_lift_pct,avg_payout_lift_yen,distortion_type
1-6,lane1_target_start_gap_pair x target_outer_pressure_bucket,<=0.03-best | some_other_pressure,78,6,7.69,7800,14730,6930,188.85,2455.0,3.76,67.31,1788.6,121.54,3.93,666.4,price_distortion
1-6,lane1_target_exhibition_st_rank_pair,2-3,282,14,4.96,28200,52970,24770,187.84,3783.57,3.76,67.31,1788.6,120.53,1.2,1994.97,price_distortion
1-6,lane1_exhibition_st_rank_bucket x target_exhibition_st_rank_bucket,2 | 3,282,14,4.96,28200,52970,24770,187.84,3783.57,3.76,67.31,1788.6,120.53,1.2,1994.97,price_distortion
1-6,lane1_target_start_gap_pair x target_outer_pressure_bucket,0.04-0.06->0.06 | low_other_pressure,44,10,22.73,4400,8100,3700,184.09,810.0,3.76,67.31,1788.6,116.78,18.97,-978.6,probability_plus_price
1-6,lane1_target_start_gap_pair x target_outer_pressure_bucket,0.04-0.06-0.04-0.06 | high_other_pressure,368,18,4.89,36800,61880,25080,168.15,3437.78,3.76,67.31,1788.6,100.84,1.13,1649.18,price_distortion
1-4,lane1_target_class_pair,B2-A2,61,7,11.48,6100,9230,3130,151.31,1318.57,10.28,77.68,755.43,73.63,1.2,563.14,price_distortion
1-3,lane1_target_group_pair x other_a_count_bucket,B-B | 4,48,3,6.25,4800,7120,2320,148.33,2373.33,15.39,80.41,522.51,67.92,-9.14,1850.82,price_distortion
1-6,lane1_target_exhibition_time_diff_bucket x lane1_target_start_exhibition_st_diff_bucket,target_faster_0.10+ | target_faster_0.03_0.06,69,6,8.7,6900,10020,3120,145.22,1670.0,3.76,67.31,1788.6,77.91,4.94,-118.6,mixed_edge
1-4,lane1_target_exhibition_time_diff_bucket x lane1_target_start_exhibition_st_diff_bucket,target_faster_0.10+ | lane1_faster_0.03_0.06,82,13,15.85,8200,11830,3630,144.27,910.0,10.28,77.68,755.43,66.59,5.57,154.57,price_distortion
1-6,lane1_target_start_gap_pair,0.04-0.06-0.04-0.06,435,19,4.37,43500,62500,19000,143.68,3289.47,3.76,67.31,1788.6,76.37,0.61,1500.87,price_distortion
1-6,target_lane x lane1_target_start_gap_pair,6 | 0.04-0.06-0.04-0.06,435,19,4.37,43500,62500,19000,143.68,3289.47,3.76,67.31,1788.6,76.37,0.61,1500.87,price_distortion
1-6,lane1_start_exhibition_gap_bucket x target_start_exhibition_gap_bucket,0.04-0.06 | 0.04-0.06,435,19,4.37,43500,62500,19000,143.68,3289.47,3.76,67.31,1788.6,76.37,0.61,1500.87,price_distortion
1-4,target_exhibition_st_rank_bucket x other_st_faster_than_target_count_bucket,4+ | 1,293,49,16.72,29300,41920,12620,143.07,855.51,10.28,77.68,755.43,65.39,6.44,100.08,price_distortion
1-4,lane1_target_class_pair,B2-A1,44,5,11.36,4400,6280,1880,142.73,1256.0,10.28,77.68,755.43,65.05,1.08,500.57,price_distortion
1-6,lane1_target_start_gap_pair x target_outer_pressure_bucket,0.04-0.06-best | low_other_pressure,45,9,20.0,4500,6310,1810,140.22,701.11,3.76,67.31,1788.6,72.91,16.24,-1087.49,probability_plus_price
1-6,lane1_target_start_gap_pair x target_outer_pressure_bucket,0.04-0.06-<=0.03 | high_other_pressure,386,18,4.66,38600,53960,15360,139.79,2997.78,3.76,67.31,1788.6,72.48,0.9,1209.18,price_distortion
1-6,lane1_target_exhibition_time_diff_bucket x lane1_target_start_exhibition_st_diff_bucket,lane1_faster_0.10+ | lane1_faster_0.03_0.06,252,15,5.95,25200,33800,8600,134.13,2253.33,3.76,67.31,1788.6,66.82,2.19,464.73,price_distortion
1-4,lane1_target_national_rank_pair x target_outer_pressure_bucket,3-2 | high_other_pressure,285,44,15.44,28500,38020,9520,133.4,864.09,10.28,77.68,755.43,55.72,5.16,108.66,price_distortion
1-4,lane1_target_group_pair x other_a_count_bucket,B-A | 3,178,17,9.55,17800,23680,5880,133.03,1392.94,10.28,77.68,755.43,55.35,-0.73,637.51,price_distortion
1-6,lane1_target_exhibition_time_diff_bucket x lane1_target_start_exhibition_st_diff_bucket,lane1_faster_0.10+ | target_faster_0.06+,358,15,4.19,35800,47500,11700,132.68,3166.67,3.76,67.31,1788.6,65.37,0.43,1378.07,price_distortion
1-5,lane1_target_start_gap_pair x target_outer_pressure_bucket,best-<=0.03 | some_other_pressure,109,19,17.43,10900,14160,3260,129.91,745.26,6.07,72.93,1201.46,56.98,11.36,-456.2,probability_plus_price
1-4,lane1_target_exhibition_time_diff_bucket x lane1_target_start_exhibition_st_diff_bucket,target_faster_0.10+ | target_faster_0.06+,184,15,8.15,18400,23660,5260,128.59,1577.33,10.28,77.68,755.43,50.91,-2.13,821.9,price_distortion
1-6,lane1_target_start_gap_pair,0.04-0.06-<=0.03,465,26,5.59,46500,59300,12800,127.53,2280.77,3.76,67.31,1788.6,60.22,1.83,492.17,price_distortion
1-6,target_lane x lane1_target_start_gap_pair,6 | 0.04-0.06-<=0.03,465,26,5.59,46500,59300,12800,127.53,2280.77,3.76,67.31,1788.6,60.22,1.83,492.17,price_distortion
1-6,lane1_start_exhibition_gap_bucket x target_start_exhibition_gap_bucket,0.04-0.06 | <=0.03,465,26,5.59,46500,59300,12800,127.53,2280.77,3.76,67.31,1788.6,60.22,1.83,492.17,price_distortion
1-4,lane1_target_start_gap_pair x target_outer_pressure_bucket,0.04-0.06-best | some_other_pressure,98,23,23.47,9800,12470,2670,127.24,542.17,10.28,77.68,755.43,49.56,13.19,-213.26,probability_plus_price
1-4,lane1_target_start_gap_pair x target_outer_pressure_bucket,best-0.04-0.06 | high_other_pressure,675,102,15.11,67500,85390,17890,126.5,837.16,10.28,77.68,755.43,48.82,4.83,81.73,price_distortion
1-6,lane1_target_start_gap_pair x target_outer_pressure_bucket,>0.06-best | low_other_pressure,93,14,15.05,9300,11580,2280,124.52,827.14,3.76,67.31,1788.6,57.21,11.29,-961.46,probability_plus_price
1-5,lane1_target_start_gap_pair x target_outer_pressure_bucket,0.04-0.06->0.06 | some_other_pressure,71,8,11.27,7100,8840,1740,124.51,1105.0,6.07,72.93,1201.46,51.58,5.2,-96.46,probability_plus_price
1-4,target_exhibition_rank_bucket x other_exhibition_faster_than_target_count_bucket,4+ | 1,352,48,13.64,35200,43720,8520,124.2,910.83,10.28,77.68,755.43,46.52,3.36,155.4,price_distortion
1-3,target_exhibition_st_rank_bucket x other_st_faster_than_target_count_bucket,3 | 0,191,42,21.99,19100,23320,4220,122.09,555.24,15.39,80.41,522.51,41.68,6.6,32.73,probability_plus_price
1-5,lane1_target_start_gap_pair x target_outer_pressure_bucket,best-0.04-0.06 | high_other_pressure,669,59,8.82,66900,80920,14020,120.96,1371.53,6.07,72.93,1201.46,48.03,2.75,170.07,price_distortion
1-2,grade_group,G1,204,57,27.94,20400,24500,4100,120.1,429.82,18.12,79.62,439.27,40.48,9.82,-9.45,probability_plus_price
1-6,target_exhibition_rank_bucket x other_exhibition_faster_than_target_count_bucket,3 | 0,321,14,4.36,32100,38540,6440,120.06,2752.86,3.76,67.31,1788.6,52.75,0.6,964.26,price_distortion
1-4,lane1_target_start_gap_pair x target_outer_pressure_bucket,<=0.03-<=0.03 | high_other_pressure,548,61,11.13,54800,65290,10490,119.14,1070.33,10.28,77.68,755.43,41.46,0.85,314.9,price_distortion
1-2,lane1_target_start_gap_pair x target_outer_pressure_bucket,<=0.03-best | high_other_pressure,573,143,24.96,57300,68240,10940,119.09,477.2,18.12,79.62,439.27,39.47,6.84,37.93,probability_plus_price
1-5,lane1_target_start_gap_pair x target_outer_pressure_bucket,>0.06->0.06 | low_other_pressure,52,11,21.15,5200,6170,970,118.65,560.91,6.07,72.93,1201.46,45.72,15.08,-640.55,probability_plus_price
1-6,lane1_target_start_gap_pair x target_outer_pressure_bucket,best->0.06 | low_other_pressure,83,8,9.64,8300,9840,1540,118.55,1230.0,3.76,67.31,1788.6,51.24,5.88,-558.6,probability_plus_price
1-4,lane1_target_start_gap_pair,best-0.04-0.06,849,131,15.43,84900,99360,14460,117.03,758.47,10.28,77.68,755.43,39.35,5.15,3.04,probability_plus_price
1-4,target_lane x lane1_target_start_gap_pair,4 | best-0.04-0.06,849,131,15.43,84900,99360,14460,117.03,758.47,10.28,77.68,755.43,39.35,5.15,3.04,probability_plus_price
1-4,lane1_start_exhibition_gap_bucket x target_start_exhibition_gap_bucket,best | 0.04-0.06,849,131,15.43,84900,99360,14460,117.03,758.47,10.28,77.68,755.43,39.35,5.15,3.04,probability_plus_price
1-6,lane1_target_start_gap_pair x target_outer_pressure_bucket,best-0.04-0.06 | low_other_pressure,46,6,13.04,4600,5300,700,115.22,883.33,3.76,67.31,1788.6,47.91,9.28,-905.27,probability_plus_price
1-5,lane1_target_start_gap_pair,best-0.04-0.06,796,75,9.42,79600,91500,11900,114.95,1220.0,6.07,72.93,1201.46,42.02,3.35,18.54,mixed_edge
1-5,target_lane x lane1_target_start_gap_pair,5 | best-0.04-0.06,796,75,9.42,79600,91500,11900,114.95,1220.0,6.07,72.93,1201.46,42.02,3.35,18.54,mixed_edge
1-5,lane1_start_exhibition_gap_bucket x target_start_exhibition_gap_bucket,best | 0.04-0.06,796,75,9.42,79600,91500,11900,114.95,1220.0,6.07,72.93,1201.46,42.02,3.35,18.54,mixed_edge
1-5,lane1_target_start_gap_pair x target_outer_pressure_bucket,0.04-0.06-best | high_other_pressure,462,40,8.66,46200,52970,6770,114.65,1324.25,6.07,72.93,1201.46,41.72,2.59,122.79,price_distortion
1-6,lane1_target_start_gap_pair x target_outer_pressure_bucket,<=0.03-<=0.03 | low_other_pressure,39,5,12.82,3900,4450,550,114.1,890.0,3.76,67.31,1788.6,46.79,9.06,-898.6,probability_plus_price
1-4,lane1_target_group_pair x target_outer_pressure_bucket,B-A | high_other_pressure,1419,151,10.64,141900,161520,19620,113.83,1069.67,10.28,77.68,755.43,36.15,0.36,314.24,price_distortion
1-2,lane1_target_exhibition_st_rank_pair,1-3,776,190,24.48,77600,87740,10140,113.07,461.79,18.12,79.62,439.27,33.45,6.36,22.52,probability_plus_price
1-2,lane1_exhibition_st_rank_bucket x target_exhibition_st_rank_bucket,1 | 3,776,190,24.48,77600,87740,10140,113.07,461.79,18.12,79.62,439.27,33.45,6.36,22.52,probability_plus_price
1-2,lane1_target_start_gap_pair x target_outer_pressure_bucket,best-<=0.03 | some_other_pressure,228,79,34.65,22800,25700,2900,112.72,325.32,18.12,79.62,439.27,33.1,16.53,-113.95,probability_plus_price
1-6,lane1_target_exhibition_st_rank_pair,3-2,402,26,6.47,40200,45130,4930,112.26,1735.77,3.76,67.31,1788.6,44.95,2.71,-52.83,mixed_edge
1-6,lane1_exhibition_st_rank_bucket x target_exhibition_st_rank_bucket,3 | 2,402,26,6.47,40200,45130,4930,112.26,1735.77,3.76,67.31,1788.6,44.95,2.71,-52.83,mixed_edge
1-2,lane1_target_start_gap_pair x target_outer_pressure_bucket,best-0.04-0.06 | high_other_pressure,717,163,22.73,71700,80170,8470,111.81,491.84,18.12,79.62,439.27,32.19,4.61,52.57,mixed_edge
1-3,lane1_target_exhibition_time_diff_bucket x lane1_target_start_exhibition_st_diff_bucket,target_faster_0.10+ | lane1_faster_0.03_0.06,85,11,12.94,8500,9470,970,111.41,860.91,15.39,80.41,522.51,31.0,-2.45,338.4,price_distortion
1-6,stadium_code,19,503,24,4.77,50300,56010,5710,111.35,2333.75,3.76,67.31,1788.6,44.04,1.01,545.15,price_distortion
1-6,stadium_code x target_lane,19 | 6,503,24,4.77,50300,56010,5710,111.35,2333.75,3.76,67.31,1788.6,44.04,1.01,545.15,price_distortion
1-4,lane1_target_exhibition_time_diff_bucket x lane1_target_start_exhibition_st_diff_bucket,lane1_faster_0.10+ | near_equal,436,44,10.09,43600,48480,4880,111.19,1101.82,10.28,77.68,755.43,33.51,-0.19,346.39,price_distortion
1-5,lane1_target_national_rank_pair x target_outer_pressure_bucket,4+-1 | high_other_pressure,494,48,9.72,49400,54830,5430,110.99,1142.29,6.07,72.93,1201.46,38.06,3.65,-59.17,mixed_edge
1-2,lane1_target_start_gap_pair x target_outer_pressure_bucket,>0.06-<=0.03 | some_other_pressure,107,26,24.3,10700,11860,1160,110.84,456.15,18.12,79.62,439.27,31.22,6.18,16.88,probability_plus_price
1-5,lane1_target_exhibition_time_diff_bucket x lane1_target_start_exhibition_st_diff_bucket,target_faster_0.10+ | target_faster_0.06+,124,9,7.26,12400,13720,1320,110.65,1524.44,6.07,72.93,1201.46,37.72,1.19,322.98,price_distortion
1-6,target_exhibition_rank_bucket x other_exhibition_faster_than_target_count_bucket,4+ | 0,58,2,3.45,5800,6370,570,109.83,3185.0,3.76,67.31,1788.6,42.52,-0.31,1396.4,price_distortion
1-4,lane1_target_start_gap_pair,<=0.03-<=0.03,692,83,11.99,69200,75770,6570,109.49,912.89,10.28,77.68,755.43,31.81,1.71,157.46,price_distortion
1-4,target_lane x lane1_target_start_gap_pair,4 | <=0.03-<=0.03,692,83,11.99,69200,75770,6570,109.49,912.89,10.28,77.68,755.43,31.81,1.71,157.46,price_distortion
1-4,lane1_start_exhibition_gap_bucket x target_start_exhibition_gap_bucket,<=0.03 | <=0.03,692,83,11.99,69200,75770,6570,109.49,912.89,10.28,77.68,755.43,31.81,1.71,157.46,price_distortion
1-5,lane1_target_exhibition_time_diff_bucket x lane1_target_start_exhibition_st_diff_bucket,near_equal | lane1_faster_0.03_0.06,836,61,7.3,83600,91180,7580,109.07,1494.75,6.07,72.93,1201.46,36.14,1.23,293.29,price_distortion
1-2,lane1_target_start_gap_pair x target_outer_pressure_bucket,0.04-0.06-0.04-0.06 | low_other_pressure,40,14,35.0,4000,4360,360,109.0,311.43,18.12,79.62,439.27,29.38,16.88,-127.84,probability_plus_price
1-6,lane1_target_start_gap_pair,0.04-0.06-best,534,36,6.74,53400,57560,4160,107.79,1598.89,3.76,67.31,1788.6,40.48,2.98,-189.71,mixed_edge
1-6,target_lane x lane1_target_start_gap_pair,6 | 0.04-0.06-best,534,36,6.74,53400,57560,4160,107.79,1598.89,3.76,67.31,1788.6,40.48,2.98,-189.71,mixed_edge
1-6,lane1_start_exhibition_gap_bucket x target_start_exhibition_gap_bucket,0.04-0.06 | best,534,36,6.74,53400,57560,4160,107.79,1598.89,3.76,67.31,1788.6,40.48,2.98,-189.71,mixed_edge
1-2,lane1_target_start_gap_pair x target_outer_pressure_bucket,best-<=0.03 | high_other_pressure,817,177,21.66,81700,87990,6290,107.7,497.12,18.12,79.62,439.27,28.08,3.54,57.85,mixed_edge
1-6,lane1_target_start_gap_pair x target_outer_pressure_bucket,<=0.03-best | low_other_pressure,39,5,12.82,3900,4200,300,107.69,840.0,3.76,67.31,1788.6,40.38,9.06,-948.6,probability_plus_price
1-5,lane1_target_start_gap_pair,0.04-0.06-best,586,56,9.56,58600,62940,4340,107.41,1123.93,6.07,72.93,1201.46,34.48,3.49,-77.53,mixed_edge
1-5,target_lane x lane1_target_start_gap_pair,5 | 0.04-0.06-best,586,56,9.56,58600,62940,4340,107.41,1123.93,6.07,72.93,1201.46,34.48,3.49,-77.53,mixed_edge
1-5,lane1_start_exhibition_gap_bucket x target_start_exhibition_gap_bucket,0.04-0.06 | best,586,56,9.56,58600,62940,4340,107.41,1123.93,6.07,72.93,1201.46,34.48,3.49,-77.53,mixed_edge
1-4,stadium_code,16,540,67,12.41,54000,57970,3970,107.35,865.22,10.28,77.68,755.43,29.67,2.13,109.79,price_distortion
1-4,stadium_code x target_lane,16 | 4,540,67,12.41,54000,57970,3970,107.35,865.22,10.28,77.68,755.43,29.67,2.13,109.79,price_distortion
1-6,lane1_target_group_pair x target_outer_pressure_bucket,B-A | low_other_pressure,282,26,9.22,28200,30240,2040,107.23,1163.08,3.76,67.31,1788.6,39.92,5.46,-625.52,probability_plus_price
1-2,lane1_target_start_gap_pair,best-<=0.03,1148,292,25.44,114800,123090,8290,107.22,421.54,18.12,79.62,439.27,27.6,7.32,-17.73,probability_plus_price
1-2,target_lane x lane1_target_start_gap_pair,2 | best-<=0.03,1148,292,25.44,114800,123090,8290,107.22,421.54,18.12,79.62,439.27,27.6,7.32,-17.73,probability_plus_price
1-2,lane1_start_exhibition_gap_bucket x target_start_exhibition_gap_bucket,best | <=0.03,1148,292,25.44,114800,123090,8290,107.22,421.54,18.12,79.62,439.27,27.6,7.32,-17.73,probability_plus_price
1-4,lane1_target_group_pair x other_a_count_bucket,B-B | 3,745,26,3.49,74500,79750,5250,107.05,3067.31,10.28,77.68,755.43,29.37,-6.79,2311.88,price_distortion
1-6,lane1_target_group_pair x target_outer_pressure_bucket,B-B | some_other_pressure,133,8,6.02,13300,14180,880,106.62,1772.5,3.76,67.31,1788.6,39.31,2.26,-16.1,mixed_edge
1-6,lane1_target_national_rank_pair x target_outer_pressure_bucket,4+-1 | low_other_pressure,278,26,9.35,27800,29620,1820,106.55,1139.23,3.76,67.31,1788.6,39.24,5.59,-649.37,probability_plus_price
1-4,lane1_target_national_rank_pair,4+-3,1039,89,8.57,103900,110390,6490,106.25,1240.34,10.28,77.68,755.43,28.57,-1.71,484.91,price_distortion
1-4,target_lane x lane1_target_national_rank_pair,4 | 4+-3,1039,89,8.57,103900,110390,6490,106.25,1240.34,10.28,77.68,755.43,28.57,-1.71,484.91,price_distortion
1-5,lane1_target_national_rank_pair x target_outer_pressure_bucket,2-1 | low_other_pressure,149,40,26.85,14900,15820,920,106.17,395.5,6.07,72.93,1201.46,33.24,20.78,-805.96,probability_plus_price
1-2,lane1_target_class_pair,B2-A2,75,10,13.33,7500,7950,450,106.0,795.0,18.12,79.62,439.27,26.38,-4.79,355.73,price_distortion
1-6,lane1_target_start_gap_pair x target_outer_pressure_bucket,0.04-0.06-best | high_other_pressure,425,21,4.94,42500,45020,2520,105.93,2143.81,3.76,67.31,1788.6,38.62,1.18,355.21,price_distortion
1-4,target_national_win_rank_bucket x other_national_better_than_target_count_bucket,3 | 2,1030,87,8.45,103000,109090,6090,105.91,1253.91,10.28,77.68,755.43,28.23,-1.83,498.48,price_distortion
1-4,lane1_target_start_gap_pair x target_outer_pressure_bucket,<=0.03->0.06 | some_other_pressure,120,27,22.5,12000,12700,700,105.83,470.37,10.28,77.68,755.43,28.15,12.22,-285.06,probability_plus_price
1-4,lane1_target_group_pair x other_a_count_bucket,B-A | 0,165,31,18.79,16500,17410,910,105.52,561.61,10.28,77.68,755.43,27.84,8.51,-193.82,probability_plus_price
1-4,lane1_target_national_rank_pair x target_outer_pressure_bucket,4+-3 | high_other_pressure,1035,87,8.41,103500,109090,5590,105.4,1253.91,10.28,77.68,755.43,27.72,-1.87,498.48,price_distortion
1-2,lane1_target_start_gap_pair,<=0.03-best,800,194,24.25,80000,84130,4130,105.16,433.66,18.12,79.62,439.27,25.54,6.13,-5.61,probability_plus_price
1-2,target_lane x lane1_target_start_gap_pair,2 | <=0.03-best,800,194,24.25,80000,84130,4130,105.16,433.66,18.12,79.62,439.27,25.54,6.13,-5.61,probability_plus_price
1-2,lane1_start_exhibition_gap_bucket x target_start_exhibition_gap_bucket,<=0.03 | best,800,194,24.25,80000,84130,4130,105.16,433.66,18.12,79.62,439.27,25.54,6.13,-5.61,probability_plus_price
1-5,target_exhibition_rank_bucket x other_exhibition_faster_than_target_count_bucket,3 | 1,1350,108,8.0,135000,141860,6860,105.08,1313.52,6.07,72.93,1201.46,32.15,1.93,112.06,price_distortion
1-2,lane1_target_exhibition_st_rank_pair,1-2,1388,361,26.01,138800,145510,6710,104.83,403.07,18.12,79.62,439.27,25.21,7.89,-36.2,probability_plus_price
1-2,lane1_exhibition_st_rank_bucket x target_exhibition_st_rank_bucket,1 | 2,1388,361,26.01,138800,145510,6710,104.83,403.07,18.12,79.62,439.27,25.21,7.89,-36.2,probability_plus_price
1-2,target_exhibition_st_rank_bucket x other_st_faster_than_target_count_bucket,2 | 0,1388,361,26.01,138800,145510,6710,104.83,403.07,18.12,79.62,439.27,25.21,7.89,-36.2,probability_plus_price
1-6,lane1_target_start_gap_pair x target_outer_pressure_bucket,best-<=0.03 | high_other_pressure,538,26,4.83,53800,56380,2580,104.8,2168.46,3.76,67.31,1788.6,37.49,1.07,379.86,price_distortion
1-4,lane1_target_national_rank_pair,3-2,521,73,14.01,52100,54480,2380,104.57,746.3,10.28,77.68,755.43,26.89,3.73,-9.13,mixed_edge
1-4,target_lane x lane1_target_national_rank_pair,4 | 3-2,521,73,14.01,52100,54480,2380,104.57,746.3,10.28,77.68,755.43,26.89,3.73,-9.13,mixed_edge
1-5,lane1_target_group_pair x target_outer_pressure_bucket,B-B | some_other_pressure,177,13,7.34,17700,18490,790,104.46,1422.31,6.07,72.93,1201.46,31.53,1.27,220.85,price_distortion
1-6,lane1_target_start_gap_pair x target_outer_pressure_bucket,<=0.03-0.04-0.06 | some_other_pressure,61,7,11.48,6100,6370,270,104.43,910.0,3.76,67.31,1788.6,37.12,7.72,-878.6,probability_plus_price
1-5,lane1_target_class_pair,B2-B1,168,8,4.76,16800,17480,680,104.05,2185.0,6.07,72.93,1201.46,31.12,-1.31,983.54,price_distortion
1-2,lane1_target_start_gap_pair,best-0.04-0.06,953,228,23.92,95300,99150,3850,104.04,434.87,18.12,79.62,439.27,24.42,5.8,-4.4,mixed_edge
1-2,target_lane x lane1_target_start_gap_pair,2 | best-0.04-0.06,953,228,23.92,95300,99150,3850,104.04,434.87,18.12,79.62,439.27,24.42,5.8,-4.4,mixed_edge
1-2,lane1_start_exhibition_gap_bucket x target_start_exhibition_gap_bucket,best | 0.04-0.06,953,228,23.92,95300,99150,3850,104.04,434.87,18.12,79.62,439.27,24.42,5.8,-4.4,mixed_edge
1-5,lane1_target_start_gap_pair x target_outer_pressure_bucket,<=0.03-<=0.03 | low_other_pressure,43,8,18.6,4300,4470,170,103.95,558.75,6.07,72.93,1201.46,31.02,12.53,-642.71,probability_plus_price
1-4,lane1_target_class_pair,B1-A2,1216,116,9.54,121600,126270,4670,103.84,1088.53,10.28,77.68,755.43,26.16,-0.74,333.1,price_distortion
1-2,target_exhibition_st_rank_bucket x other_st_faster_than_target_count_bucket,3 | 1,1371,298,21.74,137100,142200,5100,103.72,477.18,18.12,79.62,439.27,24.1,3.62,37.91,mixed_edge
1-5,lane1_target_start_gap_pair x target_outer_pressure_bucket,>0.06->0.06 | some_other_pressure,143,17,11.89,14300,14830,530,103.71,872.35,6.07,72.93,1201.46,30.78,5.82,-329.11,probability_plus_price
1-5,other_group_pattern,B-A-B-A,891,59,6.62,89100,92350,3250,103.65,1565.25,6.07,72.93,1201.46,30.72,0.55,363.79,price_distortion
1-5,lane1_target_start_gap_pair x target_outer_pressure_bucket,best-0.04-0.06 | some_other_pressure,89,13,14.61,8900,9210,310,103.48,708.46,6.07,72.93,1201.46,30.55,8.54,-493.0,probability_plus_price
1-4,lane1_target_start_gap_pair x target_outer_pressure_bucket,<=0.03-best | some_other_pressure,124,27,21.77,12400,12770,370,102.98,472.96,10.28,77.68,755.43,25.3,11.49,-282.47,probability_plus_price
1-4,other_group_pattern,A-B-A-A,463,39,8.42,46300,47640,1340,102.89,1221.54,10.28,77.68,755.43,25.21,-1.86,466.11,price_distortion
1-5,lane1_target_exhibition_st_rank_pair,3-1,367,35,9.54,36700,37760,1060,102.89,1078.86,6.07,72.93,1201.46,29.96,3.47,-122.6,mixed_edge
1-5,lane1_exhibition_st_rank_bucket x target_exhibition_st_rank_bucket,3 | 1,367,35,9.54,36700,37760,1060,102.89,1078.86,6.07,72.93,1201.46,29.96,3.47,-122.6,mixed_edge
1-2,grade_group,SG,72,17,23.61,7200,7380,180,102.5,434.12,18.12,79.62,439.27,22.88,5.49,-5.15,mixed_edge
1-2,lane1_target_group_pair x other_a_count_bucket,B-B | 3,525,48,9.14,52500,53780,1280,102.44,1120.42,18.12,79.62,439.27,22.82,-8.98,681.15,mixed_edge
1-5,lane1_target_start_gap_pair x target_outer_pressure_bucket,best-best | some_other_pressure,31,4,12.9,3100,3170,70,102.26,792.5,6.07,72.93,1201.46,29.33,6.83,-408.96,probability_plus_price
1-3,lane1_target_start_gap_pair x target_outer_pressure_bucket,<=0.03-best | some_other_pressure,136,32,23.53,13600,13900,300,102.21,434.38,15.39,80.41,522.51,21.8,8.14,-88.13,mixed_edge
1-5,stadium_code,05,563,37,6.57,56300,57510,1210,102.15,1554.32,6.07,72.93,1201.46,29.22,0.5,352.86,price_distortion
1-5,stadium_code x target_lane,05 | 5,563,37,6.57,56300,57510,1210,102.15,1554.32,6.07,72.93,1201.46,29.22,0.5,352.86,price_distortion
1-3,lane1_target_start_gap_pair x target_outer_pressure_bucket,best-0.04-0.06 | low_other_pressure,52,19,36.54,5200,5300,100,101.92,278.95,15.39,80.41,522.51,21.51,21.15,-243.56,mixed_edge
1-3,lane1_target_start_gap_pair x target_outer_pressure_bucket,best-<=0.03 | high_other_pressure,766,144,18.8,76600,77990,1390,101.81,541.6,15.39,80.41,522.51,21.4,3.41,19.09,mixed_edge
1-4,lane1_target_exhibition_st_rank_pair,1-3,709,109,15.37,70900,72080,1180,101.66,661.28,10.28,77.68,755.43,23.98,5.09,-94.15,mixed_edge
1-4,lane1_exhibition_st_rank_bucket x target_exhibition_st_rank_bucket,1 | 3,709,109,15.37,70900,72080,1180,101.66,661.28,10.28,77.68,755.43,23.98,5.09,-94.15,mixed_edge
1-5,lane1_target_group_pair x target_outer_pressure_bucket,B-A | some_other_pressure,507,52,10.26,50700,51460,760,101.5,989.62,6.07,72.93,1201.46,28.57,4.19,-211.84,mixed_edge
1-5,lane1_target_class_pair,B1-A2,1171,75,6.4,117100,118830,1730,101.48,1584.4,6.07,72.93,1201.46,28.55,0.33,382.94,price_distortion
1-6,target_exhibition_st_rank_bucket x other_st_faster_than_target_count_bucket,3 | 1,973,41,4.21,97300,98740,1440,101.48,2408.29,3.76,67.31,1788.6,34.17,0.45,619.69,price_distortion
1-3,lane1_target_start_gap_pair x target_outer_pressure_bucket,best->0.06 | low_other_pressure,76,20,26.32,7600,7700,100,101.32,385.0,15.39,80.41,522.51,20.91,10.93,-137.51,mixed_edge
1-4,lane1_target_exhibition_st_rank_pair,3-1,419,61,14.56,41900,42420,520,101.24,695.41,10.28,77.68,755.43,23.56,4.28,-60.02,mixed_edge
1-4,lane1_exhibition_st_rank_bucket x target_exhibition_st_rank_bucket,3 | 1,419,61,14.56,41900,42420,520,101.24,695.41,10.28,77.68,755.43,23.56,4.28,-60.02,mixed_edge
1-3,lane1_target_start_gap_pair x target_outer_pressure_bucket,<=0.03-best | low_other_pressure,69,24,34.78,6900,6980,80,101.16,290.83,15.39,80.41,522.51,20.75,19.39,-231.68,mixed_edge
1-4,target_start_exhibition_gap_bucket,0.04-0.06,2825,335,11.86,282500,285720,3220,101.14,852.9,10.28,77.68,755.43,23.46,1.58,97.47,mixed_edge
1-4,target_lane x target_start_exhibition_gap_bucket,4 | 0.04-0.06,2825,335,11.86,282500,285720,3220,101.14,852.9,10.28,77.68,755.43,23.46,1.58,97.47,mixed_edge
1-3,stadium_code,22,432,82,18.98,43200,43680,480,101.11,532.68,15.39,80.41,522.51,20.7,3.59,10.17,mixed_edge
1-3,stadium_code x target_lane,22 | 3,432,82,18.98,43200,43680,480,101.11,532.68,15.39,80.41,522.51,20.7,3.59,10.17,mixed_edge
1-4,lane1_target_start_gap_pair x target_outer_pressure_bucket,best-<=0.03 | low_other_pressure,46,14,30.43,4600,4650,50,101.09,332.14,10.28,77.68,755.43,23.41,20.15,-423.29,mixed_edge
1-2,lane1_target_start_gap_pair,best-best,325,85,26.15,32500,32810,310,100.95,386.0,18.12,79.62,439.27,21.33,8.03,-53.27,mixed_edge
1-2,target_lane x lane1_target_start_gap_pair,2 | best-best,325,85,26.15,32500,32810,310,100.95,386.0,18.12,79.62,439.27,21.33,8.03,-53.27,mixed_edge
1-2,lane1_start_exhibition_gap_bucket x target_start_exhibition_gap_bucket,best | best,325,85,26.15,32500,32810,310,100.95,386.0,18.12,79.62,439.27,21.33,8.03,-53.27,mixed_edge
1-5,target_exhibition_rank_bucket x other_exhibition_faster_than_target_count_bucket,2 | 1,1037,69,6.65,103700,104660,960,100.93,1516.81,6.07,72.93,1201.46,28.0,0.58,315.35,price_distortion
1-3,lane1_target_group_pair x other_a_count_bucket,A-B | 3,615,76,12.36,61500,62020,520,100.85,816.05,15.39,80.41,522.51,20.44,-3.03,293.54,mixed_edge
1-5,lane1_target_start_gap_pair x target_outer_pressure_bucket,best->0.06 | some_other_pressure,198,23,11.62,19800,19960,160,100.81,867.83,6.07,72.93,1201.46,27.88,5.55,-333.63,probability_plus_price
1-5,lane1_target_group_pair x other_a_count_bucket,B-A | 2,934,69,7.39,93400,93920,520,100.56,1361.16,6.07,72.93,1201.46,27.63,1.32,159.7,price_distortion
1-4,lane1_target_group_pair,B-A,2128,231,10.86,212800,213580,780,100.37,924.59,10.28,77.68,755.43,22.69,0.58,169.16,mixed_edge
1-5,lane1_target_group_pair x other_a_count_bucket,B-A | 3,171,7,4.09,17100,17150,50,100.29,2450.0,6.07,72.93,1201.46,27.36,-1.98,1248.54,price_distortion
1-2,other_group_pattern,B-A-A-A,309,69,22.33,30900,30820,-80,99.74,446.67,18.12,79.62,439.27,20.12,4.21,7.4,mixed_edge
1-4,lane1_target_group_pair x other_a_count_bucket,B-A | 2,937,87,9.28,93700,93440,-260,99.72,1074.02,10.28,77.68,755.43,22.04,-1.0,318.59,mixed_edge
1-5,lane1_target_exhibition_st_rank_pair,1-3,658,57,8.66,65800,65580,-220,99.67,1150.53,6.07,72.93,1201.46,26.74,2.59,-50.93,mixed_edge
1-5,lane1_exhibition_st_rank_bucket x target_exhibition_st_rank_bucket,1 | 3,658,57,8.66,65800,65580,-220,99.67,1150.53,6.07,72.93,1201.46,26.74,2.59,-50.93,mixed_edge
1-4,lane1_target_start_gap_pair x target_outer_pressure_bucket,0.04-0.06-0.04-0.06 | some_other_pressure,57,9,15.79,5700,5680,-20,99.65,631.11,10.28,77.68,755.43,21.97,5.51,-124.32,mixed_edge
1-2,lane1_target_class_pair,B2-B1,181,19,10.5,18100,18020,-80,99.56,948.42,18.12,79.62,439.27,19.94,-7.62,509.15,mixed_edge
1-5,lane1_target_exhibition_time_diff_bucket x lane1_target_start_exhibition_st_diff_bucket,target_faster_0.05_0.10 | target_faster_0.03_0.06,187,16,8.56,18700,18610,-90,99.52,1163.12,6.07,72.93,1201.46,26.59,2.49,-38.34,mixed_edge
1-4,lane1_target_start_gap_pair x target_outer_pressure_bucket,>0.06-0.04-0.06 | high_other_pressure,685,55,8.03,68500,68090,-410,99.4,1238.0,10.28,77.68,755.43,21.72,-2.25,482.57,mixed_edge
1-6,lane1_target_start_gap_pair,best-<=0.03,672,36,5.36,67200,66680,-520,99.23,1852.22,3.76,67.31,1788.6,31.92,1.6,63.62,mixed_edge
1-6,target_lane x lane1_target_start_gap_pair,6 | best-<=0.03,672,36,5.36,67200,66680,-520,99.23,1852.22,3.76,67.31,1788.6,31.92,1.6,63.62,mixed_edge
1-6,lane1_start_exhibition_gap_bucket x target_start_exhibition_gap_bucket,best | <=0.03,672,36,5.36,67200,66680,-520,99.23,1852.22,3.76,67.31,1788.6,31.92,1.6,63.62,mixed_edge
1-5,other_exhibition_faster_than_target_count_bucket,1,2836,212,7.48,283600,281350,-2250,99.21,1327.12,6.07,72.93,1201.46,26.28,1.41,125.66,price_distortion
1-4,lane1_target_exhibition_st_rank_pair,1-2,563,86,15.28,56300,55850,-450,99.2,649.42,10.28,77.68,755.43,21.52,5.0,-106.01,mixed_edge
1-4,lane1_exhibition_st_rank_bucket x target_exhibition_st_rank_bucket,1 | 2,563,86,15.28,56300,55850,-450,99.2,649.42,10.28,77.68,755.43,21.52,5.0,-106.01,mixed_edge
1-5,lane1_target_start_gap_pair x target_outer_pressure_bucket,<=0.03-best | some_other_pressure,85,16,18.82,8500,8430,-70,99.18,526.88,6.07,72.93,1201.46,26.25,12.75,-674.58,probability_plus_price
1-4,lane1_target_exhibition_st_rank_pair,2-3,456,55,12.06,45600,45130,-470,98.97,820.55,10.28,77.68,755.43,21.29,1.78,65.12,mixed_edge
1-4,lane1_exhibition_st_rank_bucket x target_exhibition_st_rank_bucket,2 | 3,456,55,12.06,45600,45130,-470,98.97,820.55,10.28,77.68,755.43,21.29,1.78,65.12,mixed_edge
1-4,lane1_target_start_gap_pair,0.04-0.06-0.04-0.06,461,51,11.06,46100,45580,-520,98.87,893.73,10.28,77.68,755.43,21.19,0.78,138.3,mixed_edge
1-4,target_lane x lane1_target_start_gap_pair,4 | 0.04-0.06-0.04-0.06,461,51,11.06,46100,45580,-520,98.87,893.73,10.28,77.68,755.43,21.19,0.78,138.3,mixed_edge
1-4,lane1_start_exhibition_gap_bucket x target_start_exhibition_gap_bucket,0.04-0.06 | 0.04-0.06,461,51,11.06,46100,45580,-520,98.87,893.73,10.28,77.68,755.43,21.19,0.78,138.3,mixed_edge
1-4,lane1_target_start_gap_pair x target_outer_pressure_bucket,best-0.04-0.06 | some_other_pressure,125,23,18.4,12500,12350,-150,98.8,536.96,10.28,77.68,755.43,21.12,8.12,-218.47,mixed_edge
1-2,lane1_exhibition_st_rank_bucket,1,3752,869,23.16,375200,370520,-4680,98.75,426.38,18.12,79.62,439.27,19.13,5.04,-12.89,mixed_edge
1-2,lane1_start_exhibition_gap_bucket,best,3752,869,23.16,375200,370520,-4680,98.75,426.38,18.12,79.62,439.27,19.13,5.04,-12.89,mixed_edge
1-4,lane1_target_start_gap_pair x target_outer_pressure_bucket,<=0.03-best | high_other_pressure,513,66,12.87,51300,50660,-640,98.75,767.58,10.28,77.68,755.43,21.07,2.59,12.15,mixed_edge
1-4,lane1_target_exhibition_time_diff_bucket x lane1_target_start_exhibition_st_diff_bucket,lane1_faster_0.05_0.10 | lane1_faster_0.03_0.06,438,57,13.01,43800,43250,-550,98.74,758.77,10.28,77.68,755.43,21.06,2.73,3.34,mixed_edge
1-2,lane1_target_exhibition_time_diff_bucket x lane1_target_start_exhibition_st_diff_bucket,lane1_faster_0.10+ | lane1_faster_0.06+,373,60,16.09,37300,36820,-480,98.71,613.67,18.12,79.62,439.27,19.09,-2.03,174.4,mixed_edge
1-4,lane1_target_start_gap_pair,<=0.03-best,691,107,15.48,69100,68170,-930,98.65,637.1,10.28,77.68,755.43,20.97,5.2,-118.33,mixed_edge
1-4,target_lane x lane1_target_start_gap_pair,4 | <=0.03-best,691,107,15.48,69100,68170,-930,98.65,637.1,10.28,77.68,755.43,20.97,5.2,-118.33,mixed_edge
1-4,lane1_start_exhibition_gap_bucket x target_start_exhibition_gap_bucket,<=0.03 | best,691,107,15.48,69100,68170,-930,98.65,637.1,10.28,77.68,755.43,20.97,5.2,-118.33,mixed_edge
1-3,lane1_target_exhibition_time_diff_bucket x lane1_target_start_exhibition_st_diff_bucket,near_equal | lane1_faster_0.03_0.06,1002,180,17.96,100200,98840,-1360,98.64,549.11,15.39,80.41,522.51,18.23,2.57,26.6,mixed_edge
1-3,stadium_code,08,640,109,17.03,64000,63120,-880,98.62,579.08,15.39,80.41,522.51,18.21,1.64,56.57,mixed_edge
1-3,stadium_code x target_lane,08 | 3,640,109,17.03,64000,63120,-880,98.62,579.08,15.39,80.41,522.51,18.21,1.64,56.57,mixed_edge
1-2,stadium_code,01,600,103,17.17,60000,59160,-840,98.6,574.37,18.12,79.62,439.27,18.98,-0.95,135.1,mixed_edge
1-2,stadium_code x target_lane,01 | 2,600,103,17.17,60000,59160,-840,98.6,574.37,18.12,79.62,439.27,18.98,-0.95,135.1,mixed_edge
1-2,lane1_target_exhibition_time_diff_bucket x lane1_target_start_exhibition_st_diff_bucket,target_faster_0.10+ | near_equal,218,43,19.72,21800,21490,-310,98.58,499.77,18.12,79.62,439.27,18.96,1.6,60.5,mixed_edge
1-3,lane1_target_exhibition_st_rank_pair,1-3,1051,212,20.17,105100,103600,-1500,98.57,488.68,15.39,80.41,522.51,18.16,4.78,-33.83,mixed_edge
1-3,lane1_exhibition_st_rank_bucket x target_exhibition_st_rank_bucket,1 | 3,1051,212,20.17,105100,103600,-1500,98.57,488.68,15.39,80.41,522.51,18.16,4.78,-33.83,mixed_edge
1-2,stadium_code,17,573,115,20.07,57300,56470,-830,98.55,491.04,18.12,79.62,439.27,18.93,1.95,51.77,mixed_edge
1-2,stadium_code x target_lane,17 | 2,573,115,20.07,57300,56470,-830,98.55,491.04,18.12,79.62,439.27,18.93,1.95,51.77,mixed_edge
1-3,lane1_target_start_gap_pair x target_outer_pressure_bucket,0.04-0.06->0.06 | some_other_pressure,102,24,23.53,10200,10050,-150,98.53,418.75,15.39,80.41,522.51,18.12,8.14,-103.76,mixed_edge
1-6,lane1_start_exhibition_gap_bucket,0.04-0.06,2411,111,4.6,241100,237380,-3720,98.46,2138.56,3.76,67.31,1788.6,31.15,0.84,349.96,price_distortion
1-6,lane1_target_national_rank_pair x target_outer_pressure_bucket,3-1 | high_other_pressure,250,29,11.6,25000,24600,-400,98.4,848.28,3.76,67.31,1788.6,31.09,7.84,-940.32,probability_plus_price
1-2,lane1_target_start_gap_pair x target_outer_pressure_bucket,best->0.06 | some_other_pressure,199,51,25.63,19900,19560,-340,98.29,383.53,18.12,79.62,439.27,18.67,7.51,-55.74,mixed_edge
1-4,lane1_target_national_rank_pair x target_outer_pressure_bucket,4+-2 | high_other_pressure,598,55,9.2,59800,58750,-1050,98.24,1068.18,10.28,77.68,755.43,20.56,-1.08,312.75,mixed_edge
1-4,lane1_target_start_gap_pair x target_outer_pressure_bucket,0.04-0.06-0.04-0.06 | high_other_pressure,375,34,9.07,37500,36820,-680,98.19,1082.94,10.28,77.68,755.43,20.51,-1.21,327.51,mixed_edge
1-2,lane1_target_start_gap_pair x target_outer_pressure_bucket,best-best | high_other_pressure,246,55,22.36,24600,24130,-470,98.09,438.73,18.12,79.62,439.27,18.47,4.24,-0.54,mixed_edge
1-4,lane1_target_exhibition_st_rank_pair,2-1,458,70,15.28,45800,44900,-900,98.03,641.43,10.28,77.68,755.43,20.35,5.0,-114.0,mixed_edge
1-4,lane1_exhibition_st_rank_bucket x target_exhibition_st_rank_bucket,2 | 1,458,70,15.28,45800,44900,-900,98.03,641.43,10.28,77.68,755.43,20.35,5.0,-114.0,mixed_edge
1-5,stadium_code,12,539,40,7.42,53900,52700,-1200,97.77,1317.5,6.07,72.93,1201.46,24.84,1.35,116.04,mixed_edge
1-5,stadium_code x target_lane,12 | 5,539,40,7.42,53900,52700,-1200,97.77,1317.5,6.07,72.93,1201.46,24.84,1.35,116.04,mixed_edge
1-2,lane1_target_exhibition_time_diff_bucket x lane1_target_start_exhibition_st_diff_bucket,near_equal | lane1_faster_0.03_0.06,1172,253,21.59,117200,114430,-2770,97.64,452.29,18.12,79.62,439.27,18.02,3.47,13.02,mixed_edge
1-4,other_group_pattern,B-A-A-B,793,74,9.33,79300,77420,-1880,97.63,1046.22,10.28,77.68,755.43,19.95,-0.95,290.79,mixed_edge
1-3,lane1_target_start_gap_pair x target_outer_pressure_bucket,0.04-0.06-best | high_other_pressure,451,77,17.07,45100,44020,-1080,97.61,571.69,15.39,80.41,522.51,17.2,1.68,49.18,mixed_edge
1-5,target_local_win_rank_bucket,3,2205,171,7.76,220500,215050,-5450,97.53,1257.6,6.07,72.93,1201.46,24.6,1.69,56.14,mixed_edge
1-6,lane1_target_national_rank_pair x target_outer_pressure_bucket,1-3 | high_other_pressure,327,21,6.42,32700,31880,-820,97.49,1518.1,3.76,67.31,1788.6,30.18,2.66,-270.5,mixed_edge
1-4,lane1_target_start_gap_pair x target_outer_pressure_bucket,<=0.03-0.04-0.06 | high_other_pressure,530,57,10.75,53000,51660,-1340,97.47,906.32,10.28,77.68,755.43,19.79,0.47,150.89,mixed_edge
1-5,lane1_target_national_win_diff_bucket,target_plus_1.00+,2303,199,8.64,230300,224340,-5960,97.41,1127.34,6.07,72.93,1201.46,24.48,2.57,-74.12,mixed_edge
1-6,lane1_target_start_gap_pair x target_outer_pressure_bucket,0.04-0.06-best | some_other_pressure,64,6,9.38,6400,6230,-170,97.34,1038.33,3.76,67.31,1788.6,30.03,5.62,-750.27,probability_plus_price
1-3,lane1_target_exhibition_time_diff_bucket x lane1_target_start_exhibition_st_diff_bucket,lane1_faster_0.05_0.10 | target_faster_0.03_0.06,398,64,16.08,39800,38680,-1120,97.19,604.38,15.39,80.41,522.51,16.78,0.69,81.87,mixed_edge
1-4,lane1_target_national_rank_pair x target_outer_pressure_bucket,2-1 | high_other_pressure,289,77,26.64,28900,28040,-860,97.02,364.16,10.28,77.68,755.43,19.34,16.36,-391.27,mixed_edge
1-2,lane1_class,B2,320,36,11.25,32000,31040,-960,97.0,862.22,18.12,79.62,439.27,17.38,-6.87,422.95,mixed_edge
1-4,target_exhibition_st_rank_bucket x other_st_faster_than_target_count_bucket,3 | 0,178,29,16.29,17800,17250,-550,96.91,594.83,10.28,77.68,755.43,19.23,6.01,-160.6,mixed_edge
1-4,stadium_code,14,527,47,8.92,52700,51010,-1690,96.79,1085.32,10.28,77.68,755.43,19.11,-1.36,329.89,mixed_edge
1-4,stadium_code x target_lane,14 | 4,527,47,8.92,52700,51010,-1690,96.79,1085.32,10.28,77.68,755.43,19.11,-1.36,329.89,mixed_edge
1-5,target_exhibition_rank_bucket x other_exhibition_faster_than_target_count_bucket,3 | 0,228,21,9.21,22800,22020,-780,96.58,1048.57,6.07,72.93,1201.46,23.65,3.14,-152.89,mixed_edge
1-4,target_exhibition_st_rank_bucket x other_st_faster_than_target_count_bucket,3 | 1,1204,152,12.62,120400,115870,-4530,96.24,762.3,10.28,77.68,755.43,18.56,2.34,6.87,mixed_edge
1-3,target_exhibition_st_rank_bucket x other_st_faster_than_target_count_bucket,4+ | 1,124,24,19.35,12400,11920,-480,96.13,496.67,15.39,80.41,522.51,15.72,3.96,-25.84,mixed_edge
1-6,stadium_code,09,708,25,3.53,70800,67920,-2880,95.93,2716.8,3.76,67.31,1788.6,28.62,-0.23,928.2,price_distortion
1-6,stadium_code x target_lane,09 | 6,708,25,3.53,70800,67920,-2880,95.93,2716.8,3.76,67.31,1788.6,28.62,-0.23,928.2,price_distortion
1-3,other_group_pattern,A-A-B-A,592,72,12.16,59200,56680,-2520,95.74,787.22,15.39,80.41,522.51,15.33,-3.23,264.71,mixed_edge
1-3,lane1_target_exhibition_st_rank_pair,1-2,872,194,22.25,87200,83290,-3910,95.52,429.33,15.39,80.41,522.51,15.11,6.86,-93.18,mixed_edge
1-3,lane1_exhibition_st_rank_bucket x target_exhibition_st_rank_bucket,1 | 2,872,194,22.25,87200,83290,-3910,95.52,429.33,15.39,80.41,522.51,15.11,6.86,-93.18,mixed_edge
1-4,lane1_target_start_gap_pair,<=0.03-0.04-0.06,638,77,12.07,63800,60920,-2880,95.49,791.17,10.28,77.68,755.43,17.81,1.79,35.74,mixed_edge
1-4,target_lane x lane1_target_start_gap_pair,4 | <=0.03-0.04-0.06,638,77,12.07,63800,60920,-2880,95.49,791.17,10.28,77.68,755.43,17.81,1.79,35.74,mixed_edge
1-4,lane1_start_exhibition_gap_bucket x target_start_exhibition_gap_bucket,<=0.03 | 0.04-0.06,638,77,12.07,63800,60920,-2880,95.49,791.17,10.28,77.68,755.43,17.81,1.79,35.74,mixed_edge
1-5,lane1_target_national_rank_pair x target_outer_pressure_bucket,2-1 | high_other_pressure,241,43,17.84,24100,23010,-1090,95.48,535.12,6.07,72.93,1201.46,22.55,11.77,-666.34,mixed_edge
1-3,stadium_code,10,636,96,15.09,63600,60700,-2900,95.44,632.29,15.39,80.41,522.51,15.03,-0.3,109.78,mixed_edge
1-3,stadium_code x target_lane,10 | 3,636,96,15.09,63600,60700,-2900,95.44,632.29,15.39,80.41,522.51,15.03,-0.3,109.78,mixed_edge
1-2,grade_group,G3,540,109,20.19,54000,51520,-2480,95.41,472.66,18.12,79.62,439.27,15.79,2.07,33.39,mixed_edge
1-5,lane1_target_national_rank_pair,4+-1,954,91,9.54,95400,90880,-4520,95.26,998.68,6.07,72.93,1201.46,22.33,3.47,-202.78,mixed_edge
1-5,target_lane x lane1_target_national_rank_pair,5 | 4+-1,954,91,9.54,95400,90880,-4520,95.26,998.68,6.07,72.93,1201.46,22.33,3.47,-202.78,mixed_edge
1-3,stadium_code,17,573,110,19.2,57300,54530,-2770,95.17,495.73,15.39,80.41,522.51,14.76,3.81,-26.78,mixed_edge
1-3,stadium_code x target_lane,17 | 3,573,110,19.2,57300,54530,-2770,95.17,495.73,15.39,80.41,522.51,14.76,3.81,-26.78,mixed_edge
1-5,lane1_target_national_rank_pair,2-1,495,102,20.61,49500,47090,-2410,95.13,461.67,6.07,72.93,1201.46,22.2,14.54,-739.79,mixed_edge
1-5,target_lane x lane1_target_national_rank_pair,5 | 2-1,495,102,20.61,49500,47090,-2410,95.13,461.67,6.07,72.93,1201.46,22.2,14.54,-739.79,mixed_edge
1-4,wind_bucket,7+,559,54,9.66,55900,53170,-2730,95.12,984.63,10.28,77.68,755.43,17.44,-0.62,229.2,mixed_edge
1-3,lane1_target_start_gap_pair x target_outer_pressure_bucket,best->0.06 | high_other_pressure,1234,186,15.07,123400,117290,-6110,95.05,630.59,15.39,80.41,522.51,14.64,-0.32,108.08,mixed_edge
1-2,lane1_target_national_rank_pair x target_outer_pressure_bucket,1-2 | low_other_pressure,236,104,44.07,23600,22420,-1180,95.0,215.58,18.12,79.62,439.27,15.38,25.95,-223.69,mixed_edge
1-4,lane1_target_group_pair x other_a_count_bucket,B-B | 4,55,2,3.64,5500,5220,-280,94.91,2610.0,10.28,77.68,755.43,17.23,-6.64,1854.57,mixed_edge
1-3,lane1_target_start_gap_pair,best->0.06,1493,257,17.21,149300,141500,-7800,94.78,550.58,15.39,80.41,522.51,14.37,1.82,28.07,mixed_edge
1-3,target_lane x lane1_target_start_gap_pair,3 | best->0.06,1493,257,17.21,149300,141500,-7800,94.78,550.58,15.39,80.41,522.51,14.37,1.82,28.07,mixed_edge
1-3,lane1_start_exhibition_gap_bucket x target_start_exhibition_gap_bucket,best | >0.06,1493,257,17.21,149300,141500,-7800,94.78,550.58,15.39,80.41,522.51,14.37,1.82,28.07,mixed_edge
1-4,stadium_code,12,539,80,14.84,53900,51050,-2850,94.71,638.12,10.28,77.68,755.43,17.03,4.56,-117.31,mixed_edge
1-4,stadium_code x target_lane,12 | 4,539,80,14.84,53900,51050,-2850,94.71,638.12,10.28,77.68,755.43,17.03,4.56,-117.31,mixed_edge
1-4,lane1_target_start_gap_pair x target_outer_pressure_bucket,<=0.03-<=0.03 | low_other_pressure,41,9,21.95,4100,3880,-220,94.63,431.11,10.28,77.68,755.43,16.95,11.67,-324.32,mixed_edge
1-4,target_national_win_rank_bucket x other_national_better_than_target_count_bucket,2 | 1,1546,172,11.13,154600,146220,-8380,94.58,850.12,10.28,77.68,755.43,16.9,0.85,94.69,mixed_edge
1-3,lane1_target_start_gap_pair,best-<=0.03,992,197,19.86,99200,93740,-5460,94.5,475.84,15.39,80.41,522.51,14.09,4.47,-46.67,mixed_edge
1-3,target_lane x lane1_target_start_gap_pair,3 | best-<=0.03,992,197,19.86,99200,93740,-5460,94.5,475.84,15.39,80.41,522.51,14.09,4.47,-46.67,mixed_edge
1-3,lane1_start_exhibition_gap_bucket x target_start_exhibition_gap_bucket,best | <=0.03,992,197,19.86,99200,93740,-5460,94.5,475.84,15.39,80.41,522.51,14.09,4.47,-46.67,mixed_edge
1-4,target_exhibition_st_rank_bucket x other_st_faster_than_target_count_bucket,2 | 0,860,130,15.12,86000,81270,-4730,94.5,625.15,10.28,77.68,755.43,16.82,4.84,-130.28,mixed_edge
1-5,lane1_target_start_gap_pair x target_outer_pressure_bucket,<=0.03->0.06 | some_other_pressure,114,11,9.65,11400,10770,-630,94.47,979.09,6.07,72.93,1201.46,21.54,3.58,-222.37,mixed_edge
1-4,lane1_exhibition_st_rank_bucket,2,2349,283,12.05,234900,221800,-13100,94.42,783.75,10.28,77.68,755.43,16.74,1.77,28.32,mixed_edge
1-3,lane1_target_start_gap_pair x target_outer_pressure_bucket,best-best | some_other_pressure,52,15,28.85,5200,4910,-290,94.42,327.33,15.39,80.41,522.51,14.01,13.46,-195.18,mixed_edge
1-4,lane1_start_exhibition_gap_bucket,<=0.03,2989,362,12.11,298900,282030,-16870,94.36,779.09,10.28,77.68,755.43,16.68,1.83,23.66,mixed_edge
1-6,lane1_target_national_rank_pair x target_outer_pressure_bucket,3-2 | high_other_pressure,263,16,6.08,26300,24800,-1500,94.3,1550.0,3.76,67.31,1788.6,26.99,2.32,-238.6,mixed_edge
1-6,stadium_code,14,527,20,3.8,52700,49680,-3020,94.27,2484.0,3.76,67.31,1788.6,26.96,0.04,695.4,price_distortion
1-6,stadium_code x target_lane,14 | 6,527,20,3.8,52700,49680,-3020,94.27,2484.0,3.76,67.31,1788.6,26.96,0.04,695.4,price_distortion
1-3,grade_group,G3,540,73,13.52,54000,50880,-3120,94.22,696.99,15.39,80.41,522.51,13.81,-1.87,174.48,mixed_edge
1-5,lane1_target_start_exhibition_st_diff_bucket,lane1_faster_0.03_0.06,1748,118,6.75,174800,164600,-10200,94.16,1394.92,6.07,72.93,1201.46,21.23,0.68,193.46,mixed_edge
1-5,lane1_target_group_pair x other_a_count_bucket,B-A | 0,177,26,14.69,17700,16660,-1040,94.12,640.77,6.07,72.93,1201.46,21.19,8.62,-560.69,mixed_edge
1-4,lane1_target_start_gap_pair x target_outer_pressure_bucket,<=0.03-0.04-0.06 | some_other_pressure,80,15,18.75,8000,7530,-470,94.12,502.0,10.28,77.68,755.43,16.44,8.47,-253.43,mixed_edge
1-3,lane1_target_class_pair,B1-B1,2839,276,9.72,283900,266960,-16940,94.03,967.25,15.39,80.41,522.51,13.62,-5.67,444.74,mixed_edge
1-5,lane1_target_exhibition_time_diff_bucket x lane1_target_start_exhibition_st_diff_bucket,target_faster_0.05_0.10 | target_faster_0.06+,371,21,5.66,37100,34850,-2250,93.94,1659.52,6.07,72.93,1201.46,21.01,-0.41,458.06,mixed_edge
1-5,target_exhibition_st_rank_bucket x other_st_faster_than_target_count_bucket,4+ | 2,1902,135,7.1,190200,178580,-11620,93.89,1322.81,6.07,72.93,1201.46,20.96,1.03,121.35,mixed_edge
1-5,lane1_target_group_pair,B-A,2154,175,8.12,215400,202200,-13200,93.87,1155.43,6.07,72.93,1201.46,20.94,2.05,-46.03,mixed_edge
1-4,lane1_target_group_pair x other_a_count_bucket,B-A | 1,827,94,11.37,82700,77630,-5070,93.87,825.85,10.28,77.68,755.43,16.19,1.09,70.42,mixed_edge
1-2,lane1_target_exhibition_st_rank_pair,3-1,492,111,22.56,49200,46170,-3030,93.84,415.95,18.12,79.62,439.27,14.22,4.44,-23.32,mixed_edge
1-2,lane1_exhibition_st_rank_bucket x target_exhibition_st_rank_bucket,3 | 1,492,111,22.56,49200,46170,-3030,93.84,415.95,18.12,79.62,439.27,14.22,4.44,-23.32,mixed_edge
1-6,target_boat_rank_bucket,1,2165,88,4.06,216500,203150,-13350,93.83,2308.52,3.76,67.31,1788.6,26.52,0.3,519.92,price_distortion
1-5,lane1_target_national_rank_pair x target_outer_pressure_bucket,3-2 | some_other_pressure,229,21,9.17,22900,21480,-1420,93.8,1022.86,6.07,72.93,1201.46,20.87,3.1,-178.6,mixed_edge
1-2,target_exhibition_st_rank_bucket,2,2623,585,22.3,262300,246010,-16290,93.79,420.53,18.12,79.62,439.27,14.17,4.18,-18.74,mixed_edge
1-2,target_lane x target_exhibition_st_rank_bucket,2 | 2,2623,585,22.3,262300,246010,-16290,93.79,420.53,18.12,79.62,439.27,14.17,4.18,-18.74,mixed_edge
1-4,lane1_target_national_win_diff_bucket,target_plus_1.00+,2370,271,11.43,237000,222210,-14790,93.76,819.96,10.28,77.68,755.43,16.08,1.15,64.53,mixed_edge
1-3,target_exhibition_rank_bucket x other_exhibition_faster_than_target_count_bucket,4+ | 1,207,43,20.77,20700,19360,-1340,93.53,450.23,15.39,80.41,522.51,13.12,5.38,-72.28,mixed_edge
1-4,lane1_target_start_gap_pair,>0.06-0.04-0.06,854,76,8.9,85400,79860,-5540,93.51,1050.79,10.28,77.68,755.43,15.83,-1.38,295.36,mixed_edge
1-4,target_lane x lane1_target_start_gap_pair,4 | >0.06-0.04-0.06,854,76,8.9,85400,79860,-5540,93.51,1050.79,10.28,77.68,755.43,15.83,-1.38,295.36,mixed_edge
1-4,lane1_start_exhibition_gap_bucket x target_start_exhibition_gap_bucket,>0.06 | 0.04-0.06,854,76,8.9,85400,79860,-5540,93.51,1050.79,10.28,77.68,755.43,15.83,-1.38,295.36,mixed_edge
1-6,target_class_group x target_outer_pressure_bucket,A | low_other_pressure,687,79,11.5,68700,64190,-4510,93.44,812.53,3.76,67.31,1788.6,26.13,7.74,-976.07,probability_plus_price
1-5,lane1_target_group_pair x target_outer_pressure_bucket,B-A | high_other_pressure,1392,95,6.82,139200,130020,-9180,93.41,1368.63,6.07,72.93,1201.46,20.48,0.75,167.17,mixed_edge
1-2,lane1_target_national_rank_pair x target_outer_pressure_bucket,1-2 | some_other_pressure,185,75,40.54,18500,17270,-1230,93.35,230.27,18.12,79.62,439.27,13.73,22.42,-209.0,mixed_edge
1-3,stadium_code,04,623,85,13.64,62300,58150,-4150,93.34,684.12,15.39,80.41,522.51,12.93,-1.75,161.61,mixed_edge
1-3,stadium_code x target_lane,04 | 3,623,85,13.64,62300,58150,-4150,93.34,684.12,15.39,80.41,522.51,12.93,-1.75,161.61,mixed_edge
1-5,lane1_target_national_rank_pair x target_outer_pressure_bucket,4+-2 | some_other_pressure,374,28,7.49,37400,34890,-2510,93.29,1246.07,6.07,72.93,1201.46,20.36,1.42,44.61,mixed_edge
1-5,lane1_target_national_rank_pair x target_outer_pressure_bucket,3-1 | some_other_pressure,97,15,15.46,9700,9040,-660,93.2,602.67,6.07,72.93,1201.46,20.27,9.39,-598.79,mixed_edge
1-5,wave_bucket,10+,262,13,4.96,26200,24410,-1790,93.17,1877.69,6.07,72.93,1201.46,20.24,-1.11,676.23,mixed_edge
1-2,other_st_faster_than_target_count_bucket,1,2606,522,20.03,260600,242700,-17900,93.13,464.94,18.12,79.62,439.27,13.51,1.91,25.67,mixed_edge
1-3,target_national_win_rank_bucket x other_national_better_than_target_count_bucket,3 | 2,1121,132,11.78,112100,104400,-7700,93.13,790.91,15.39,80.41,522.51,12.72,-3.61,268.4,mixed_edge
1-4,stadium_code,07,643,78,12.13,64300,59850,-4450,93.08,767.31,10.28,77.68,755.43,15.4,1.85,11.88,mixed_edge
1-4,stadium_code x target_lane,07 | 4,643,78,12.13,64300,59850,-4450,93.08,767.31,10.28,77.68,755.43,15.4,1.85,11.88,mixed_edge
1-4,lane1_target_start_gap_pair x target_outer_pressure_bucket,best-<=0.03 | high_other_pressure,619,82,13.25,61900,57560,-4340,92.99,701.95,10.28,77.68,755.43,15.31,2.97,-53.48,mixed_edge
1-3,lane1_target_national_rank_pair x target_outer_pressure_bucket,4+-3 | high_other_pressure,1123,132,11.75,112300,104400,-7900,92.97,790.91,15.39,80.41,522.51,12.56,-3.64,268.4,mixed_edge
1-3,lane1_target_national_rank_pair,4+-3,1124,132,11.74,112400,104400,-8000,92.88,790.91,15.39,80.41,522.51,12.47,-3.65,268.4,mixed_edge
1-3,target_lane x lane1_target_national_rank_pair,3 | 4+-3,1124,132,11.74,112400,104400,-8000,92.88,790.91,15.39,80.41,522.51,12.47,-3.65,268.4,mixed_edge
1-3,target_exhibition_rank_bucket x other_exhibition_faster_than_target_count_bucket,3 | 1,1560,291,18.65,156000,144720,-11280,92.77,497.32,15.39,80.41,522.51,12.36,3.26,-25.19,mixed_edge
1-4,lane1_target_exhibition_time_diff_bucket x lane1_target_start_exhibition_st_diff_bucket,near_equal | near_equal,1729,218,12.61,172900,160350,-12550,92.74,735.55,10.28,77.68,755.43,15.06,2.33,-19.88,mixed_edge
1-4,lane1_target_exhibition_time_diff_bucket,target_faster_0.10+,642,61,9.5,64200,59540,-4660,92.74,976.07,10.28,77.68,755.43,15.06,-0.78,220.64,mixed_edge
1-4,lane1_target_exhibition_st_rank_pair,2-4+,1421,158,11.12,142100,131770,-10330,92.73,833.99,10.28,77.68,755.43,15.05,0.84,78.56,mixed_edge
1-4,lane1_exhibition_st_rank_bucket x target_exhibition_st_rank_bucket,2 | 4+,1421,158,11.12,142100,131770,-10330,92.73,833.99,10.28,77.68,755.43,15.05,0.84,78.56,mixed_edge
1-4,lane1_target_start_gap_pair,0.04-0.06-best,610,84,13.77,61000,56530,-4470,92.67,672.98,10.28,77.68,755.43,14.99,3.49,-82.45,mixed_edge
1-4,target_lane x lane1_target_start_gap_pair,4 | 0.04-0.06-best,610,84,13.77,61000,56530,-4470,92.67,672.98,10.28,77.68,755.43,14.99,3.49,-82.45,mixed_edge
1-4,lane1_start_exhibition_gap_bucket x target_start_exhibition_gap_bucket,0.04-0.06 | best,610,84,13.77,61000,56530,-4470,92.67,672.98,10.28,77.68,755.43,14.99,3.49,-82.45,mixed_edge
1-5,target_exhibition_rank_bucket,3,2252,165,7.33,225200,208020,-17180,92.37,1260.73,6.07,72.93,1201.46,19.44,1.26,59.27,mixed_edge
1-3,lane1_target_start_gap_pair x target_outer_pressure_bucket,<=0.03-<=0.03 | high_other_pressure,567,94,16.58,56700,52320,-4380,92.28,556.6,15.39,80.41,522.51,11.87,1.19,34.09,mixed_edge
1-3,lane1_target_group_pair x other_a_count_bucket,B-B | 2,1355,101,7.45,135500,125000,-10500,92.25,1237.62,15.39,80.41,522.51,11.84,-7.94,715.11,mixed_edge
1-3,grade_group,SG,72,18,25.0,7200,6640,-560,92.22,368.89,15.39,80.41,522.51,11.81,9.61,-153.62,mixed_edge
1-3,lane1_exhibition_st_rank_bucket,1,3752,695,18.52,375200,345880,-29320,92.19,497.67,15.39,80.41,522.51,11.78,3.13,-24.84,mixed_edge
1-3,lane1_start_exhibition_gap_bucket,best,3752,695,18.52,375200,345880,-29320,92.19,497.67,15.39,80.41,522.51,11.78,3.13,-24.84,mixed_edge
1-3,lane1_target_start_gap_pair,0.04-0.06-best,593,109,18.38,59300,54670,-4630,92.19,501.56,15.39,80.41,522.51,11.78,2.99,-20.95,mixed_edge
1-3,target_lane x lane1_target_start_gap_pair,3 | 0.04-0.06-best,593,109,18.38,59300,54670,-4630,92.19,501.56,15.39,80.41,522.51,11.78,2.99,-20.95,mixed_edge
1-3,lane1_start_exhibition_gap_bucket x target_start_exhibition_gap_bucket,0.04-0.06 | best,593,109,18.38,59300,54670,-4630,92.19,501.56,15.39,80.41,522.51,11.78,2.99,-20.95,mixed_edge
1-5,grade_group,SG,72,7,9.72,7200,6630,-570,92.08,947.14,6.07,72.93,1201.46,19.15,3.65,-254.32,mixed_edge
1-3,lane1_target_start_gap_pair,<=0.03-best,840,164,19.52,84000,77310,-6690,92.04,471.4,15.39,80.41,522.51,11.63,4.13,-51.11,mixed_edge
1-3,target_lane x lane1_target_start_gap_pair,3 | <=0.03-best,840,164,19.52,84000,77310,-6690,92.04,471.4,15.39,80.41,522.51,11.63,4.13,-51.11,mixed_edge
1-3,lane1_start_exhibition_gap_bucket x target_start_exhibition_gap_bucket,<=0.03 | best,840,164,19.52,84000,77310,-6690,92.04,471.4,15.39,80.41,522.51,11.63,4.13,-51.11,mixed_edge
1-3,lane1_target_exhibition_st_rank_pair,2-1,548,106,19.34,54800,50410,-4390,91.99,475.57,15.39,80.41,522.51,11.58,3.95,-46.94,mixed_edge
1-3,lane1_exhibition_st_rank_bucket x target_exhibition_st_rank_bucket,2 | 1,548,106,19.34,54800,50410,-4390,91.99,475.57,15.39,80.41,522.51,11.58,3.95,-46.94,mixed_edge
1-6,lane1_target_national_rank_pair x target_outer_pressure_bucket,1-2 | high_other_pressure,303,33,10.89,30300,27830,-2470,91.85,843.33,3.76,67.31,1788.6,24.54,7.13,-945.27,mixed_edge
1-6,lane1_target_exhibition_time_diff_bucket x lane1_target_start_exhibition_st_diff_bucket,lane1_faster_0.05_0.10 | near_equal,749,22,2.94,74900,68700,-6200,91.72,3122.73,3.76,67.31,1788.6,24.41,-0.82,1334.13,mixed_edge
1-6,lane1_target_national_rank_pair x target_outer_pressure_bucket,2-3 | some_other_pressure,217,10,4.61,21700,19900,-1800,91.71,1990.0,3.76,67.31,1788.6,24.4,0.85,201.4,mixed_edge
1-3,lane1_target_group_pair x target_outer_pressure_bucket,B-B | low_other_pressure,31,8,25.81,3100,2840,-260,91.61,355.0,15.39,80.41,522.51,11.2,10.42,-167.51,mixed_edge
1-3,lane1_target_exhibition_time_diff_bucket x lane1_target_start_exhibition_st_diff_bucket,target_faster_0.10+ | lane1_faster_0.06+,144,25,17.36,14400,13190,-1210,91.6,527.6,15.39,80.41,522.51,11.19,1.97,5.09,mixed_edge
1-2,lane1_target_exhibition_st_rank_pair,2-3,595,108,18.15,59500,54460,-5040,91.53,504.26,18.12,79.62,439.27,11.91,0.03,64.99,mixed_edge
1-2,lane1_exhibition_st_rank_bucket x target_exhibition_st_rank_bucket,2 | 3,595,108,18.15,59500,54460,-5040,91.53,504.26,18.12,79.62,439.27,11.91,0.03,64.99,mixed_edge
1-4,target_exhibition_st_rank_bucket,3,2434,272,11.18,243400,222710,-20690,91.5,818.79,10.28,77.68,755.43,13.82,0.9,63.36,mixed_edge
1-4,target_lane x target_exhibition_st_rank_bucket,4 | 3,2434,272,11.18,243400,222710,-20690,91.5,818.79,10.28,77.68,755.43,13.82,0.9,63.36,mixed_edge
1-5,target_national_win_rank_bucket x other_national_better_than_target_count_bucket,3 | 2,985,50,5.08,98500,90130,-8370,91.5,1802.6,6.07,72.93,1201.46,18.57,-0.99,601.14,mixed_edge
1-2,lane1_target_group_pair x target_outer_pressure_bucket,B-B | low_other_pressure,64,15,23.44,6400,5850,-550,91.41,390.0,18.12,79.62,439.27,11.79,5.32,-49.27,mixed_edge
1-2,lane1_target_start_gap_pair x target_outer_pressure_bucket,best-<=0.03 | low_other_pressure,103,36,34.95,10300,9400,-900,91.26,261.11,18.12,79.62,439.27,11.64,16.83,-178.16,mixed_edge
1-3,lane1_boat_rank_bucket,1,2896,480,16.57,289600,264080,-25520,91.19,550.17,15.39,80.41,522.51,10.78,1.18,27.66,mixed_edge
1-4,other_group_pattern,A-A-A-B,629,52,8.27,62900,57320,-5580,91.13,1102.31,10.28,77.68,755.43,13.45,-2.01,346.88,mixed_edge
1-6,lane1_target_exhibition_time_diff_bucket x lane1_target_start_exhibition_st_diff_bucket,lane1_faster_0.10+ | target_faster_0.03_0.06,197,11,5.58,19700,17940,-1760,91.07,1630.91,3.76,67.31,1788.6,23.76,1.82,-157.69,mixed_edge
1-5,lane1_target_national_rank_pair x target_outer_pressure_bucket,1-2 | high_other_pressure,317,51,16.09,31700,28850,-2850,91.01,565.69,6.07,72.93,1201.46,18.08,10.02,-635.77,mixed_edge
1-3,lane1_target_local_win_diff_bucket,target_plus_0.35_1.00,1476,272,18.43,147600,134320,-13280,91.0,493.82,15.39,80.41,522.51,10.59,3.04,-28.69,mixed_edge
1-3,lane1_target_group_pair x target_outer_pressure_bucket,B-B | high_other_pressure,3031,268,8.84,303100,275760,-27340,90.98,1028.96,15.39,80.41,522.51,10.57,-6.55,506.45,mixed_edge
1-4,lane1_local_win_rank_bucket,3,2519,274,10.88,251900,228690,-23210,90.79,834.64,10.28,77.68,755.43,13.11,0.6,79.21,mixed_edge
1-2,lane1_target_class_pair,B2-A1,52,6,11.54,5200,4720,-480,90.77,786.67,18.12,79.62,439.27,11.15,-6.58,347.4,mixed_edge
1-5,lane1_target_start_gap_pair x target_outer_pressure_bucket,>0.06-0.04-0.06 | some_other_pressure,96,7,7.29,9600,8710,-890,90.73,1244.29,6.07,72.93,1201.46,17.8,1.22,42.83,mixed_edge
1-6,target_exhibition_st_rank_bucket,3,2093,92,4.4,209300,189870,-19430,90.72,2063.8,3.76,67.31,1788.6,23.41,0.64,275.2,mixed_edge
1-6,target_lane x target_exhibition_st_rank_bucket,6 | 3,2093,92,4.4,209300,189870,-19430,90.72,2063.8,3.76,67.31,1788.6,23.41,0.64,275.2,mixed_edge
1-5,lane1_target_national_rank_pair x target_outer_pressure_bucket,4+-3 | high_other_pressure,994,50,5.03,99400,90130,-9270,90.67,1802.6,6.07,72.93,1201.46,17.74,-1.04,601.14,mixed_edge
1-6,lane1_target_national_rank_pair,1-3,577,40,6.93,57700,52300,-5400,90.64,1307.5,3.76,67.31,1788.6,23.33,3.17,-481.1,mixed_edge
1-6,target_lane x lane1_target_national_rank_pair,6 | 1-3,577,40,6.93,57700,52300,-5400,90.64,1307.5,3.76,67.31,1788.6,23.33,3.17,-481.1,mixed_edge
1-4,lane1_target_exhibition_time_diff_bucket x lane1_target_start_exhibition_st_diff_bucket,near_equal | target_faster_0.03_0.06,794,89,11.21,79400,71940,-7460,90.6,808.31,10.28,77.68,755.43,12.92,0.93,52.88,mixed_edge
1-4,other_st_faster_than_target_count_bucket,1,2894,324,11.2,289400,262160,-27240,90.59,809.14,10.28,77.68,755.43,12.91,0.92,53.71,mixed_edge
1-2,lane1_target_start_exhibition_st_diff_bucket,lane1_faster_0.03_0.06,2268,473,20.86,226800,205260,-21540,90.5,433.95,18.12,79.62,439.27,10.88,2.74,-5.32,mixed_edge
1-4,lane1_target_start_gap_pair x target_outer_pressure_bucket,<=0.03->0.06 | low_other_pressure,48,9,18.75,4800,4340,-460,90.42,482.22,10.28,77.68,755.43,12.74,8.47,-273.21,mixed_edge
1-3,lane1_target_start_exhibition_st_diff_bucket,lane1_faster_0.03_0.06,2039,343,16.82,203900,184140,-19760,90.31,536.85,15.39,80.41,522.51,9.9,1.43,14.34,mixed_edge
1-3,lane1_target_start_gap_pair x target_outer_pressure_bucket,best->0.06 | some_other_pressure,183,51,27.87,18300,16510,-1790,90.22,323.73,15.39,80.41,522.51,9.81,12.48,-198.78,mixed_edge
1-3,lane1_target_group_pair,B-B,3255,303,9.31,325500,293470,-32030,90.16,968.55,15.39,80.41,522.51,9.75,-6.08,446.04,mixed_edge
1-5,lane1_target_national_rank_pair,4+-3,1000,50,5.0,100000,90130,-9870,90.13,1802.6,6.07,72.93,1201.46,17.2,-1.07,601.14,mixed_edge
1-5,target_lane x lane1_target_national_rank_pair,5 | 4+-3,1000,50,5.0,100000,90130,-9870,90.13,1802.6,6.07,72.93,1201.46,17.2,-1.07,601.14,mixed_edge
1-4,target_exhibition_rank_bucket x other_exhibition_faster_than_target_count_bucket,4+ | 2,2138,240,11.23,213800,192610,-21190,90.09,802.54,10.28,77.68,755.43,12.41,0.95,47.11,mixed_edge
1-3,target_exhibition_st_rank_bucket x other_st_faster_than_target_count_bucket,3 | 1,1544,277,17.94,154400,139050,-15350,90.06,501.99,15.39,80.41,522.51,9.65,2.55,-20.52,mixed_edge
1-4,lane1_target_start_gap_pair,best-<=0.03,795,120,15.09,79500,71590,-7910,90.05,596.58,10.28,77.68,755.43,12.37,4.81,-158.85,mixed_edge
1-4,target_lane x lane1_target_start_gap_pair,4 | best-<=0.03,795,120,15.09,79500,71590,-7910,90.05,596.58,10.28,77.68,755.43,12.37,4.81,-158.85,mixed_edge
1-4,lane1_start_exhibition_gap_bucket x target_start_exhibition_gap_bucket,best | <=0.03,795,120,15.09,79500,71590,-7910,90.05,596.58,10.28,77.68,755.43,12.37,4.81,-158.85,mixed_edge
1-3,lane1_target_exhibition_time_diff_bucket x lane1_target_start_exhibition_st_diff_bucket,near_equal | target_faster_0.03_0.06,840,143,17.02,84000,75600,-8400,90.0,528.67,15.39,80.41,522.51,9.59,1.63,6.16,mixed_edge
1-5,lane1_target_start_gap_pair x target_outer_pressure_bucket,<=0.03-best | low_other_pressure,45,5,11.11,4500,4050,-450,90.0,810.0,6.07,72.93,1201.46,17.07,5.04,-391.46,mixed_edge
1-6,lane1_motor_rank_bucket,2,2282,102,4.47,228200,205360,-22840,89.99,2013.33,3.76,67.31,1788.6,22.68,0.71,224.73,mixed_edge
1-2,lane1_target_national_win_diff_bucket,lane1_plus_0.35_1.00,2614,575,22.0,261400,235170,-26230,89.97,408.99,18.12,79.62,439.27,10.35,3.88,-30.28,mixed_edge
1-2,target_start_exhibition_gap_bucket,<=0.03,3004,626,20.84,300400,270240,-30160,89.96,431.69,18.12,79.62,439.27,10.34,2.72,-7.58,mixed_edge
1-2,target_lane x target_start_exhibition_gap_bucket,2 | <=0.03,3004,626,20.84,300400,270240,-30160,89.96,431.69,18.12,79.62,439.27,10.34,2.72,-7.58,mixed_edge
1-2,lane1_target_start_gap_pair x target_outer_pressure_bucket,<=0.03-<=0.03 | high_other_pressure,562,106,18.86,56200,50520,-5680,89.89,476.6,18.12,79.62,439.27,10.27,0.74,37.33,mixed_edge
1-2,lane1_target_group_pair x other_a_count_bucket,A-B | 2,1540,236,15.32,154000,138390,-15610,89.86,586.4,18.12,79.62,439.27,10.24,-2.8,147.13,mixed_edge
1-4,lane1_target_local_win_diff_bucket,target_plus_0.35_1.00,1491,193,12.94,149100,133970,-15130,89.85,694.15,10.28,77.68,755.43,12.17,2.66,-61.28,mixed_edge
1-2,lane1_target_exhibition_time_diff_bucket x lane1_target_start_exhibition_st_diff_bucket,lane1_faster_0.10+ | lane1_faster_0.03_0.06,230,44,19.13,23000,20660,-2340,89.83,469.55,18.12,79.62,439.27,10.21,1.01,30.28,mixed_edge
1-6,lane1_target_group_pair x other_a_count_bucket,B-A | 0,171,17,9.94,17100,15360,-1740,89.82,903.53,3.76,67.31,1788.6,22.51,6.18,-885.07,mixed_edge
1-6,lane1_target_national_rank_pair,3-1,499,54,10.82,49900,44790,-5110,89.76,829.44,3.76,67.31,1788.6,22.45,7.06,-959.16,mixed_edge
1-6,target_lane x lane1_target_national_rank_pair,6 | 3-1,499,54,10.82,49900,44790,-5110,89.76,829.44,3.76,67.31,1788.6,22.45,7.06,-959.16,mixed_edge
1-2,stadium_code,24,551,125,22.69,55100,49450,-5650,89.75,395.6,18.12,79.62,439.27,10.13,4.57,-43.67,mixed_edge
1-2,stadium_code x target_lane,24 | 2,551,125,22.69,55100,49450,-5650,89.75,395.6,18.12,79.62,439.27,10.13,4.57,-43.67,mixed_edge
1-3,lane1_target_start_gap_pair,<=0.03-<=0.03,714,132,18.49,71400,64070,-7330,89.73,485.38,15.39,80.41,522.51,9.32,3.1,-37.13,mixed_edge
1-3,target_lane x lane1_target_start_gap_pair,3 | <=0.03-<=0.03,714,132,18.49,71400,64070,-7330,89.73,485.38,15.39,80.41,522.51,9.32,3.1,-37.13,mixed_edge
1-3,lane1_start_exhibition_gap_bucket x target_start_exhibition_gap_bucket,<=0.03 | <=0.03,714,132,18.49,71400,64070,-7330,89.73,485.38,15.39,80.41,522.51,9.32,3.1,-37.13,mixed_edge
1-5,target_class_group x target_outer_pressure_bucket,B | some_other_pressure,465,42,9.03,46500,41680,-4820,89.63,992.38,6.07,72.93,1201.46,16.7,2.96,-209.08,mixed_edge
1-5,stadium_code,20,661,50,7.56,66100,59240,-6860,89.62,1184.8,6.07,72.93,1201.46,16.69,1.49,-16.66,mixed_edge
1-5,stadium_code x target_lane,20 | 5,661,50,7.56,66100,59240,-6860,89.62,1184.8,6.07,72.93,1201.46,16.69,1.49,-16.66,mixed_edge
1-6,lane1_target_local_win_diff_bucket,target_plus_0.35_1.00,1289,74,5.74,128900,115480,-13420,89.59,1560.54,3.76,67.31,1788.6,22.28,1.98,-228.06,mixed_edge
1-3,lane1_target_start_gap_pair,best-0.04-0.06,950,178,18.74,95000,85060,-9940,89.54,477.87,15.39,80.41,522.51,9.13,3.35,-44.64,mixed_edge
1-3,target_lane x lane1_target_start_gap_pair,3 | best-0.04-0.06,950,178,18.74,95000,85060,-9940,89.54,477.87,15.39,80.41,522.51,9.13,3.35,-44.64,mixed_edge
1-3,lane1_start_exhibition_gap_bucket x target_start_exhibition_gap_bucket,best | 0.04-0.06,950,178,18.74,95000,85060,-9940,89.54,477.87,15.39,80.41,522.51,9.13,3.35,-44.64,mixed_edge
1-2,target_exhibition_rank_bucket x other_exhibition_faster_than_target_count_bucket,2 | 0,1261,303,24.03,126100,112870,-13230,89.51,372.51,18.12,79.62,439.27,9.89,5.91,-66.76,mixed_edge
1-5,other_group_pattern,A-A-B-B,784,40,5.1,78400,70080,-8320,89.39,1752.0,6.07,72.93,1201.46,16.46,-0.97,550.54,mixed_edge
1-3,lane1_target_start_gap_pair x target_outer_pressure_bucket,best-0.04-0.06 | high_other_pressure,765,122,15.95,76500,68380,-8120,89.39,560.49,15.39,80.41,522.51,8.98,0.56,37.98,mixed_edge
1-2,lane1_target_group_pair x other_a_count_bucket,A-B | 0,823,237,28.8,82300,73560,-8740,89.38,310.38,18.12,79.62,439.27,9.76,10.68,-128.89,mixed_edge
1-4,target_national_win_rank_bucket,2,2328,348,14.95,232800,208050,-24750,89.37,597.84,10.28,77.68,755.43,11.69,4.67,-157.59,mixed_edge
1-2,stadium_code,05,563,96,17.05,56300,50300,-6000,89.34,523.96,18.12,79.62,439.27,9.72,-1.07,84.69,mixed_edge
1-2,stadium_code x target_lane,05 | 2,563,96,17.05,56300,50300,-6000,89.34,523.96,18.12,79.62,439.27,9.72,-1.07,84.69,mixed_edge
1-2,lane1_target_start_gap_pair x target_outer_pressure_bucket,>0.06-best | some_other_pressure,143,34,23.78,14300,12770,-1530,89.3,375.59,18.12,79.62,439.27,9.68,5.66,-63.68,mixed_edge
1-2,other_st_faster_than_target_count_bucket,0,3512,773,22.01,351200,313510,-37690,89.27,405.58,18.12,79.62,439.27,9.65,3.89,-33.69,mixed_edge
1-6,lane1_target_start_gap_pair x target_outer_pressure_bucket,best-<=0.03 | some_other_pressure,100,7,7.0,10000,8920,-1080,89.2,1274.29,3.76,67.31,1788.6,21.89,3.24,-514.31,mixed_edge
1-6,lane1_target_exhibition_time_diff_bucket x lane1_target_start_exhibition_st_diff_bucket,target_faster_0.05_0.10 | target_faster_0.06+,367,16,4.36,36700,32730,-3970,89.18,2045.62,3.76,67.31,1788.6,21.87,0.6,257.02,mixed_edge
1-4,lane1_target_national_rank_pair,4+-2,1038,100,9.63,103800,92560,-11240,89.17,925.6,10.28,77.68,755.43,11.49,-0.65,170.17,mixed_edge
1-4,target_lane x lane1_target_national_rank_pair,4 | 4+-2,1038,100,9.63,103800,92560,-11240,89.17,925.6,10.28,77.68,755.43,11.49,-0.65,170.17,mixed_edge
1-4,lane1_target_exhibition_time_diff_bucket x lane1_target_start_exhibition_st_diff_bucket,lane1_faster_0.05_0.10 | near_equal,760,94,12.37,76000,67730,-8270,89.12,720.53,10.28,77.68,755.43,11.44,2.09,-34.9,mixed_edge
1-2,lane1_target_exhibition_st_rank_pair,2-1,559,125,22.36,55900,49810,-6090,89.11,398.48,18.12,79.62,439.27,9.49,4.24,-40.79,mixed_edge
1-2,lane1_exhibition_st_rank_bucket x target_exhibition_st_rank_bucket,2 | 1,559,125,22.36,55900,49810,-6090,89.11,398.48,18.12,79.62,439.27,9.49,4.24,-40.79,mixed_edge
1-2,lane1_target_national_rank_pair,1-2,810,313,38.64,81000,72170,-8830,89.1,230.58,18.12,79.62,439.27,9.48,20.52,-208.69,mixed_edge
1-2,target_lane x lane1_target_national_rank_pair,2 | 1-2,810,313,38.64,81000,72170,-8830,89.1,230.58,18.12,79.62,439.27,9.48,20.52,-208.69,mixed_edge
1-2,target_national_win_rank_bucket x other_national_better_than_target_count_bucket,2 | 0,810,313,38.64,81000,72170,-8830,89.1,230.58,18.12,79.62,439.27,9.48,20.52,-208.69,mixed_edge
1-3,lane1_target_national_rank_pair,3-4+,1456,166,11.4,145600,129700,-15900,89.08,781.33,15.39,80.41,522.51,8.67,-3.99,258.82,mixed_edge
1-3,target_lane x lane1_target_national_rank_pair,3 | 3-4+,1456,166,11.4,145600,129700,-15900,89.08,781.33,15.39,80.41,522.51,8.67,-3.99,258.82,mixed_edge
1-3,lane1_target_national_rank_pair x target_outer_pressure_bucket,3-4+ | high_other_pressure,1456,166,11.4,145600,129700,-15900,89.08,781.33,15.39,80.41,522.51,8.67,-3.99,258.82,mixed_edge
1-6,target_national_win_rank_bucket x other_national_better_than_target_count_bucket,4+ | 2,1571,64,4.07,157100,139880,-17220,89.04,2185.62,3.76,67.31,1788.6,21.73,0.31,397.02,mixed_edge
1-6,target_exhibition_st_rank_bucket x other_st_faster_than_target_count_bucket,3 | 2,836,33,3.95,83600,74440,-9160,89.04,2255.76,3.76,67.31,1788.6,21.73,0.19,467.16,mixed_edge
1-6,target_outer_pressure_bucket,low_other_pressure,762,84,11.02,76200,67820,-8380,89.0,807.38,3.76,67.31,1788.6,21.69,7.26,-981.22,mixed_edge
1-6,target_lane x target_outer_pressure_bucket,6 | low_other_pressure,762,84,11.02,76200,67820,-8380,89.0,807.38,3.76,67.31,1788.6,21.69,7.26,-981.22,mixed_edge
1-4,lane1_target_class_pair,B1-A1,807,103,12.76,80700,71800,-8900,88.97,697.09,10.28,77.68,755.43,11.29,2.48,-58.34,mixed_edge
1-5,target_national_win_rank_bucket,1,1892,248,13.11,189200,168270,-20930,88.94,678.51,6.07,72.93,1201.46,16.01,7.04,-522.95,mixed_edge
1-5,target_national_win_rank_bucket x other_national_better_than_target_count_bucket,1 | 0,1892,248,13.11,189200,168270,-20930,88.94,678.51,6.07,72.93,1201.46,16.01,7.04,-522.95,mixed_edge
1-3,lane1_exhibition_st_rank_bucket,2,2349,390,16.6,234900,208840,-26060,88.91,535.49,15.39,80.41,522.51,8.5,1.21,12.98,mixed_edge
1-5,lane1_target_national_rank_pair,4+-2,944,59,6.25,94400,83900,-10500,88.88,1422.03,6.07,72.93,1201.46,15.95,0.18,220.57,mixed_edge
1-5,target_lane x lane1_target_national_rank_pair,5 | 4+-2,944,59,6.25,94400,83900,-10500,88.88,1422.03,6.07,72.93,1201.46,15.95,0.18,220.57,mixed_edge
1-3,lane1_target_start_gap_pair x target_outer_pressure_bucket,<=0.03-best | high_other_pressure,635,108,17.01,63500,56430,-7070,88.87,522.5,15.39,80.41,522.51,8.46,1.62,-0.01,mixed_edge
1-6,lane1_target_start_gap_pair x target_outer_pressure_bucket,>0.06-best | some_other_pressure,194,13,6.7,19400,17240,-2160,88.87,1326.15,3.76,67.31,1788.6,21.56,2.94,-462.45,mixed_edge
1-5,lane1_target_class_pair,B1-A1,881,93,10.56,88100,78220,-9880,88.79,841.08,6.07,72.93,1201.46,15.86,4.49,-360.38,mixed_edge
1-2,lane1_target_exhibition_time_diff_bucket x lane1_target_start_exhibition_st_diff_bucket,near_equal | lane1_faster_0.06+,1746,326,18.67,174600,155000,-19600,88.77,475.46,18.12,79.62,439.27,9.15,0.55,36.19,mixed_edge
1-2,lane1_target_start_gap_pair,best->0.06,1301,264,20.29,130100,115470,-14630,88.75,437.39,18.12,79.62,439.27,9.13,2.17,-1.88,mixed_edge
1-2,target_lane x lane1_target_start_gap_pair,2 | best->0.06,1301,264,20.29,130100,115470,-14630,88.75,437.39,18.12,79.62,439.27,9.13,2.17,-1.88,mixed_edge
1-2,lane1_start_exhibition_gap_bucket x target_start_exhibition_gap_bucket,best | >0.06,1301,264,20.29,130100,115470,-14630,88.75,437.39,18.12,79.62,439.27,9.13,2.17,-1.88,mixed_edge
1-3,target_exhibition_rank_bucket x other_exhibition_faster_than_target_count_bucket,4+ | 2,2101,334,15.9,210100,186410,-23690,88.72,558.11,15.39,80.41,522.51,8.31,0.51,35.6,mixed_edge
1-3,lane1_target_exhibition_st_rank_pair,2-4+,1208,191,15.81,120800,107120,-13680,88.68,560.84,15.39,80.41,522.51,8.27,0.42,38.33,mixed_edge
1-3,lane1_exhibition_st_rank_bucket x target_exhibition_st_rank_bucket,2 | 4+,1208,191,15.81,120800,107120,-13680,88.68,560.84,15.39,80.41,522.51,8.27,0.42,38.33,mixed_edge
1-3,lane1_target_exhibition_st_rank_pair,2-3,579,93,16.06,57900,51310,-6590,88.62,551.72,15.39,80.41,522.51,8.21,0.67,29.21,mixed_edge
1-3,lane1_exhibition_st_rank_bucket x target_exhibition_st_rank_bucket,2 | 3,579,93,16.06,57900,51310,-6590,88.62,551.72,15.39,80.41,522.51,8.21,0.67,29.21,mixed_edge
1-4,lane1_target_national_rank_pair x target_outer_pressure_bucket,4+-1 | high_other_pressure,470,60,12.77,47000,41630,-5370,88.57,693.83,10.28,77.68,755.43,10.89,2.49,-61.6,mixed_edge
1-4,stadium_code,13,804,89,11.07,80400,71200,-9200,88.56,800.0,10.28,77.68,755.43,10.88,0.79,44.57,mixed_edge
1-4,stadium_code x target_lane,13 | 4,804,89,11.07,80400,71200,-9200,88.56,800.0,10.28,77.68,755.43,10.88,0.79,44.57,mixed_edge
1-3,other_group_pattern,A-A-B-B,907,102,11.25,90700,80310,-10390,88.54,787.35,15.39,80.41,522.51,8.13,-4.14,264.84,mixed_edge
1-4,lane1_target_start_gap_pair x target_outer_pressure_bucket,0.04-0.06-best | high_other_pressure,461,52,11.28,46100,40790,-5310,88.48,784.42,10.28,77.68,755.43,10.8,1.0,28.99,mixed_edge
1-5,lane1_target_local_win_diff_bucket,target_plus_1.00+,3214,234,7.28,321400,284200,-37200,88.43,1214.53,6.07,72.93,1201.46,15.5,1.21,13.07,mixed_edge
1-3,other_group_pattern,A-B-B-A,927,118,12.73,92700,81900,-10800,88.35,694.07,15.39,80.41,522.51,7.94,-2.66,171.56,mixed_edge
1-2,lane1_boat_rank_bucket,1,2896,557,19.23,289600,255730,-33870,88.3,459.12,18.12,79.62,439.27,8.68,1.11,19.85,mixed_edge
1-3,other_st_faster_than_target_count_bucket,1,3021,503,16.65,302100,266700,-35400,88.28,530.22,15.39,80.41,522.51,7.87,1.26,7.71,mixed_edge
1-3,lane1_target_exhibition_time_diff_bucket x lane1_target_start_exhibition_st_diff_bucket,near_equal | lane1_faster_0.06+,1704,292,17.14,170400,150390,-20010,88.26,515.03,15.39,80.41,522.51,7.85,1.75,-7.48,mixed_edge
1-5,lane1_target_start_gap_pair x target_outer_pressure_bucket,<=0.03-0.04-0.06 | some_other_pressure,63,8,12.7,6300,5560,-740,88.25,695.0,6.07,72.93,1201.46,15.32,6.63,-506.46,mixed_edge
1-6,stadium_code,12,539,25,4.64,53900,47560,-6340,88.24,1902.4,3.76,67.31,1788.6,20.93,0.88,113.8,mixed_edge
1-6,stadium_code x target_lane,12 | 6,539,25,4.64,53900,47560,-6340,88.24,1902.4,3.76,67.31,1788.6,20.93,0.88,113.8,mixed_edge
1-5,lane1_target_motor_place_diff_bucket,lane1_plus_4_10,2123,134,6.31,212300,187320,-24980,88.23,1397.91,6.07,72.93,1201.46,15.3,0.24,196.45,mixed_edge
1-3,lane1_target_exhibition_st_rank_pair,1-4+,1802,289,16.04,180200,158990,-21210,88.23,550.14,15.39,80.41,522.51,7.82,0.65,27.63,mixed_edge
1-3,lane1_exhibition_st_rank_bucket x target_exhibition_st_rank_bucket,1 | 4+,1802,289,16.04,180200,158990,-21210,88.23,550.14,15.39,80.41,522.51,7.82,0.65,27.63,mixed_edge
1-3,lane1_target_start_gap_pair,best-best,290,63,21.72,29000,25580,-3420,88.21,406.03,15.39,80.41,522.51,7.8,6.33,-116.48,mixed_edge
1-3,target_lane x lane1_target_start_gap_pair,3 | best-best,290,63,21.72,29000,25580,-3420,88.21,406.03,15.39,80.41,522.51,7.8,6.33,-116.48,mixed_edge
1-3,lane1_start_exhibition_gap_bucket x target_start_exhibition_gap_bucket,best | best,290,63,21.72,29000,25580,-3420,88.21,406.03,15.39,80.41,522.51,7.8,6.33,-116.48,mixed_edge
1-2,lane1_start_exhibition_gap_bucket,<=0.03,2989,589,19.71,298900,263550,-35350,88.17,447.45,18.12,79.62,439.27,8.55,1.59,8.18,mixed_edge
1-2,lane1_target_start_gap_pair x target_outer_pressure_bucket,>0.06->0.06 | low_other_pressure,146,40,27.4,14600,12860,-1740,88.08,321.5,18.12,79.62,439.27,8.46,9.28,-117.77,mixed_edge
1-3,lane1_exhibition_rank_bucket,2,3043,509,16.73,304300,267910,-36390,88.04,526.35,15.39,80.41,522.51,7.63,1.34,3.84,mixed_edge
1-3,lane1_target_group_pair x other_a_count_bucket,B-B | 0,586,99,16.89,58600,51580,-7020,88.02,521.01,15.39,80.41,522.51,7.61,1.5,-1.5,mixed_edge
1-2,lane1_target_exhibition_time_diff_bucket x lane1_target_start_exhibition_st_diff_bucket,target_faster_0.05_0.10 | near_equal,570,119,20.88,57000,50160,-6840,88.0,421.51,18.12,79.62,439.27,8.38,2.76,-17.76,mixed_edge
1-6,lane1_target_group_pair x other_a_count_bucket,B-A | 2,950,46,4.84,95000,83560,-11440,87.96,1816.52,3.76,67.31,1788.6,20.65,1.08,27.92,mixed_edge
1-4,lane1_target_start_exhibition_st_diff_bucket,near_equal,3412,400,11.72,341200,300100,-41100,87.95,750.25,10.28,77.68,755.43,10.27,1.44,-5.18,mixed_edge
1-5,lane1_target_start_gap_pair,0.04-0.06->0.06,806,42,5.21,80600,70840,-9760,87.89,1686.67,6.07,72.93,1201.46,14.96,-0.86,485.21,mixed_edge
1-5,target_lane x lane1_target_start_gap_pair,5 | 0.04-0.06->0.06,806,42,5.21,80600,70840,-9760,87.89,1686.67,6.07,72.93,1201.46,14.96,-0.86,485.21,mixed_edge
1-5,lane1_start_exhibition_gap_bucket x target_start_exhibition_gap_bucket,0.04-0.06 | >0.06,806,42,5.21,80600,70840,-9760,87.89,1686.67,6.07,72.93,1201.46,14.96,-0.86,485.21,mixed_edge
1-2,lane1_target_exhibition_st_rank_pair,1-4+,1563,318,20.35,156300,137270,-19030,87.82,431.67,18.12,79.62,439.27,8.2,2.23,-7.6,mixed_edge
1-2,lane1_exhibition_st_rank_bucket x target_exhibition_st_rank_bucket,1 | 4+,1563,318,20.35,156300,137270,-19030,87.82,431.67,18.12,79.62,439.27,8.2,2.23,-7.6,mixed_edge
1-2,lane1_target_national_rank_pair x target_outer_pressure_bucket,3-1 | high_other_pressure,239,68,28.45,23900,20990,-2910,87.82,308.68,18.12,79.62,439.27,8.2,10.33,-130.59,mixed_edge
1-4,target_class_group x target_outer_pressure_bucket,A | high_other_pressure,4208,555,13.19,420800,369440,-51360,87.79,665.66,10.28,77.68,755.43,10.11,2.91,-89.77,mixed_edge
1-4,lane1_boat_rank_bucket,3,2279,238,10.44,227900,200050,-27850,87.78,840.55,10.28,77.68,755.43,10.1,0.16,85.12,mixed_edge
1-4,stadium_code,02,623,58,9.31,62300,54690,-7610,87.78,942.93,10.28,77.68,755.43,10.1,-0.97,187.5,mixed_edge
1-4,stadium_code x target_lane,02 | 4,623,58,9.31,62300,54690,-7610,87.78,942.93,10.28,77.68,755.43,10.1,-0.97,187.5,mixed_edge
1-4,lane1_target_start_gap_pair x target_outer_pressure_bucket,<=0.03-best | low_other_pressure,54,14,25.93,5400,4740,-660,87.78,338.57,10.28,77.68,755.43,10.1,15.65,-416.86,mixed_edge
1-4,lane1_target_start_gap_pair x target_outer_pressure_bucket,best-best | high_other_pressure,164,15,9.15,16400,14390,-2010,87.74,959.33,10.28,77.68,755.43,10.06,-1.13,203.9,mixed_edge
1-4,other_group_pattern,A-A-B-B,752,67,8.91,75200,65940,-9260,87.69,984.18,10.28,77.68,755.43,10.01,-1.37,228.75,mixed_edge
1-3,lane1_target_group_pair x other_a_count_bucket,B-B | 3,614,33,5.37,61400,53840,-7560,87.69,1631.52,15.39,80.41,522.51,7.28,-10.02,1109.01,mixed_edge
1-3,target_exhibition_rank_bucket,3,2400,404,16.83,240000,210330,-29670,87.64,520.62,15.39,80.41,522.51,7.23,1.44,-1.89,mixed_edge
1-2,other_national_better_than_target_count_bucket,4,1896,233,12.29,189600,166050,-23550,87.58,712.66,18.12,79.62,439.27,7.96,-5.83,273.39,mixed_edge
1-2,target_national_win_rank_bucket x other_national_better_than_target_count_bucket,4+ | 4,1896,233,12.29,189600,166050,-23550,87.58,712.66,18.12,79.62,439.27,7.96,-5.83,273.39,mixed_edge
1-5,lane1_target_group_pair x other_a_count_bucket,B-A | 1,851,73,8.58,85100,74470,-10630,87.51,1020.14,6.07,72.93,1201.46,14.58,2.51,-181.32,mixed_edge
1-5,lane1_target_exhibition_time_diff_bucket x lane1_target_start_exhibition_st_diff_bucket,target_faster_0.10+ | lane1_faster_0.03_0.06,59,3,5.08,5900,5160,-740,87.46,1720.0,6.07,72.93,1201.46,14.53,-0.99,518.54,mixed_edge
1-2,lane1_target_national_rank_pair x target_outer_pressure_bucket,4+-2 | high_other_pressure,535,86,16.07,53500,46770,-6730,87.42,543.84,18.12,79.62,439.27,7.8,-2.05,104.57,mixed_edge
1-6,lane1_exhibition_st_rank_bucket,2,2349,99,4.21,234900,205280,-29620,87.39,2073.54,3.76,67.31,1788.6,20.08,0.45,284.94,mixed_edge
1-3,lane1_target_national_rank_pair x target_outer_pressure_bucket,3-2 | some_other_pressure,257,61,23.74,25700,22460,-3240,87.39,368.2,15.39,80.41,522.51,6.98,8.35,-154.31,mixed_edge
1-2,lane1_target_start_gap_pair x target_outer_pressure_bucket,best->0.06 | high_other_pressure,1023,185,18.08,102300,89380,-12920,87.37,483.14,18.12,79.62,439.27,7.75,-0.04,43.87,mixed_edge
1-3,lane1_target_boat_place_diff_bucket,lane1_plus_4_10,2187,346,15.82,218700,191050,-27650,87.36,552.17,15.39,80.41,522.51,6.95,0.43,29.66,mixed_edge
1-4,grade_group,G2,72,7,9.72,7200,6290,-910,87.36,898.57,10.28,77.68,755.43,9.68,-0.56,143.14,mixed_edge
1-5,lane1_target_exhibition_st_rank_pair,2-1,377,43,11.41,37700,32930,-4770,87.35,765.81,6.07,72.93,1201.46,14.42,5.34,-435.65,mixed_edge
1-5,lane1_exhibition_st_rank_bucket x target_exhibition_st_rank_bucket,2 | 1,377,43,11.41,37700,32930,-4770,87.35,765.81,6.07,72.93,1201.46,14.42,5.34,-435.65,mixed_edge
1-3,other_group_pattern,A-A-A-B,609,72,11.82,60900,53180,-7720,87.32,738.61,15.39,80.41,522.51,6.91,-3.57,216.1,mixed_edge
1-2,lane1_target_group_pair x target_outer_pressure_bucket,A-B | some_other_pressure,403,116,28.78,40300,35160,-5140,87.25,303.1,18.12,79.62,439.27,7.63,10.66,-136.17,mixed_edge
1-4,lane1_motor_rank_bucket,2,2282,261,11.44,228200,199070,-29130,87.23,762.72,10.28,77.68,755.43,9.55,1.16,7.29,mixed_edge
1-2,lane1_target_exhibition_time_diff_bucket x lane1_target_start_exhibition_st_diff_bucket,lane1_faster_0.05_0.10 | lane1_faster_0.03_0.06,535,117,21.87,53500,46660,-6840,87.21,398.8,18.12,79.62,439.27,7.59,3.75,-40.47,mixed_edge
1-3,lane1_target_national_win_diff_bucket,lane1_plus_0.35_1.00,2546,434,17.05,254600,222000,-32600,87.2,511.52,15.39,80.41,522.51,6.79,1.66,-10.99,mixed_edge
1-3,target_start_exhibition_gap_bucket,<=0.03,3068,518,16.88,306800,267000,-39800,87.03,515.44,15.39,80.41,522.51,6.62,1.49,-7.07,mixed_edge
1-3,target_lane x target_start_exhibition_gap_bucket,3 | <=0.03,3068,518,16.88,306800,267000,-39800,87.03,515.44,15.39,80.41,522.51,6.62,1.49,-7.07,mixed_edge
1-4,stadium_code,21,515,74,14.37,51500,44820,-6680,87.03,605.68,10.28,77.68,755.43,9.35,4.09,-149.75,mixed_edge
1-4,stadium_code x target_lane,21 | 4,515,74,14.37,51500,44820,-6680,87.03,605.68,10.28,77.68,755.43,9.35,4.09,-149.75,mixed_edge
1-5,lane1_target_start_gap_pair x target_outer_pressure_bucket,0.04-0.06-best | low_other_pressure,40,7,17.5,4000,3480,-520,87.0,497.14,6.07,72.93,1201.46,14.07,11.43,-704.32,mixed_edge
1-4,target_national_win_rank_bucket,3,2339,266,11.37,233900,203420,-30480,86.97,764.74,10.28,77.68,755.43,9.29,1.09,9.31,mixed_edge
1-4,lane1_target_start_exhibition_st_diff_bucket,lane1_faster_0.03_0.06,1887,241,12.77,188700,164120,-24580,86.97,681.0,10.28,77.68,755.43,9.29,2.49,-74.43,mixed_edge
1-2,lane1_target_start_gap_pair,<=0.03-<=0.03,737,148,20.08,73700,64100,-9600,86.97,433.11,18.12,79.62,439.27,7.35,1.96,-6.16,mixed_edge
1-2,target_lane x lane1_target_start_gap_pair,2 | <=0.03-<=0.03,737,148,20.08,73700,64100,-9600,86.97,433.11,18.12,79.62,439.27,7.35,1.96,-6.16,mixed_edge
1-2,lane1_start_exhibition_gap_bucket x target_start_exhibition_gap_bucket,<=0.03 | <=0.03,737,148,20.08,73700,64100,-9600,86.97,433.11,18.12,79.62,439.27,7.35,1.96,-6.16,mixed_edge
1-3,target_boat_rank_bucket,3,2850,476,16.7,285000,247840,-37160,86.96,520.67,15.39,80.41,522.51,6.55,1.31,-1.84,mixed_edge
1-4,lane1_target_group_pair x other_a_count_bucket,A-B | 1,1028,104,10.12,102800,89320,-13480,86.89,858.85,10.28,77.68,755.43,9.21,-0.16,103.42,mixed_edge
1-6,lane1_target_exhibition_time_diff_bucket x lane1_target_start_exhibition_st_diff_bucket,target_faster_0.05_0.10 | near_equal,381,19,4.99,38100,33100,-5000,86.88,1742.11,3.76,67.31,1788.6,19.57,1.23,-46.49,mixed_edge
1-6,other_group_pattern,A-B-A-B,962,38,3.95,96200,83570,-12630,86.87,2199.21,3.76,67.31,1788.6,19.56,0.19,410.61,mixed_edge
1-5,lane1_target_group_pair x other_a_count_bucket,A-A | 4,1228,96,7.82,122800,106650,-16150,86.85,1110.94,6.07,72.93,1201.46,13.92,1.75,-90.52,mixed_edge
1-2,target_exhibition_st_rank_bucket,3,2280,436,19.12,228000,197910,-30090,86.8,453.92,18.12,79.62,439.27,7.18,1.0,14.65,mixed_edge
1-2,target_lane x target_exhibition_st_rank_bucket,2 | 3,2280,436,19.12,228000,197910,-30090,86.8,453.92,18.12,79.62,439.27,7.18,1.0,14.65,mixed_edge
1-5,target_national_win_rank_bucket x other_national_better_than_target_count_bucket,2 | 1,1411,96,6.8,141100,122480,-18620,86.8,1275.83,6.07,72.93,1201.46,13.87,0.73,74.37,mixed_edge
1-5,other_group_pattern,B-B-B-A,830,85,10.24,83000,72020,-10980,86.77,847.29,6.07,72.93,1201.46,13.84,4.17,-354.17,mixed_edge
1-3,lane1_target_start_gap_pair x target_outer_pressure_bucket,<=0.03-0.04-0.06 | high_other_pressure,463,63,13.61,46300,40170,-6130,86.76,637.62,15.39,80.41,522.51,6.35,-1.78,115.11,mixed_edge
1-3,lane1_target_boat_place_diff_bucket,target_plus_4_10,2140,349,16.31,214000,185550,-28450,86.71,531.66,15.39,80.41,522.51,6.3,0.92,9.15,mixed_edge
1-6,lane1_target_start_gap_pair,<=0.03-best,605,31,5.12,60500,52440,-8060,86.68,1691.61,3.76,67.31,1788.6,19.37,1.36,-96.99,mixed_edge
1-6,target_lane x lane1_target_start_gap_pair,6 | <=0.03-best,605,31,5.12,60500,52440,-8060,86.68,1691.61,3.76,67.31,1788.6,19.37,1.36,-96.99,mixed_edge
1-6,lane1_start_exhibition_gap_bucket x target_start_exhibition_gap_bucket,<=0.03 | best,605,31,5.12,60500,52440,-8060,86.68,1691.61,3.76,67.31,1788.6,19.37,1.36,-96.99,mixed_edge
1-3,target_exhibition_rank_bucket x other_exhibition_faster_than_target_count_bucket,3 | 0,116,25,21.55,11600,10050,-1550,86.64,402.0,15.39,80.41,522.51,6.23,6.16,-120.51,mixed_edge
1-3,lane1_target_exhibition_time_diff_bucket x lane1_target_start_exhibition_st_diff_bucket,lane1_faster_0.05_0.10 | near_equal,911,166,18.22,91100,78920,-12180,86.63,475.42,15.39,80.41,522.51,6.22,2.83,-47.09,mixed_edge
1-2,other_group_pattern,A-A-B-B,814,118,14.5,81400,70510,-10890,86.62,597.54,18.12,79.62,439.27,7.0,-3.62,158.27,mixed_edge
1-5,lane1_target_exhibition_time_diff_bucket x lane1_target_start_exhibition_st_diff_bucket,target_faster_0.10+ | near_equal,145,12,8.28,14500,12560,-1940,86.62,1046.67,6.07,72.93,1201.46,13.69,2.21,-154.79,mixed_edge
1-5,lane1_target_class_pair,A1-A1,1428,149,10.43,142800,123570,-19230,86.53,829.33,6.07,72.93,1201.46,13.6,4.36,-372.13,mixed_edge
1-3,lane1_target_national_rank_pair,4+-4+,1879,144,7.66,187900,162540,-25360,86.5,1128.75,15.39,80.41,522.51,6.09,-7.73,606.24,mixed_edge
1-3,target_lane x lane1_target_national_rank_pair,3 | 4+-4+,1879,144,7.66,187900,162540,-25360,86.5,1128.75,15.39,80.41,522.51,6.09,-7.73,606.24,mixed_edge
1-3,lane1_target_national_rank_pair x target_outer_pressure_bucket,4+-4+ | high_other_pressure,1879,144,7.66,187900,162540,-25360,86.5,1128.75,15.39,80.41,522.51,6.09,-7.73,606.24,mixed_edge
1-4,target_class,A2,3112,383,12.31,311200,269160,-42040,86.49,702.77,10.28,77.68,755.43,8.81,2.03,-52.66,mixed_edge
1-3,other_national_better_than_target_count_bucket,3,2952,349,11.82,295200,255310,-39890,86.49,731.55,15.39,80.41,522.51,6.08,-3.57,209.04,mixed_edge
1-3,target_national_win_rank_bucket x other_national_better_than_target_count_bucket,4+ | 3,2952,349,11.82,295200,255310,-39890,86.49,731.55,15.39,80.41,522.51,6.08,-3.57,209.04,mixed_edge
1-3,stadium_code,18,502,89,17.73,50200,43420,-6780,86.49,487.87,15.39,80.41,522.51,6.08,2.34,-34.64,mixed_edge
1-3,stadium_code x target_lane,18 | 3,502,89,17.73,50200,43420,-6780,86.49,487.87,15.39,80.41,522.51,6.08,2.34,-34.64,mixed_edge
1-2,lane1_target_start_gap_pair x target_outer_pressure_bucket,<=0.03-<=0.03 | low_other_pressure,54,16,29.63,5400,4670,-730,86.48,291.88,18.12,79.62,439.27,6.86,11.51,-147.39,mixed_edge
1-5,other_national_better_than_target_count_bucket,2,2717,159,5.85,271700,234920,-36780,86.46,1477.48,6.07,72.93,1201.46,13.53,-0.22,276.02,mixed_edge
1-2,other_group_pattern,B-B-B-A,995,218,21.91,99500,85990,-13510,86.42,394.45,18.12,79.62,439.27,6.8,3.79,-44.82,mixed_edge
1-4,lane1_target_exhibition_st_rank_pair,3-2,397,51,12.85,39700,34270,-5430,86.32,671.96,10.28,77.68,755.43,8.64,2.57,-83.47,mixed_edge
1-4,lane1_exhibition_st_rank_bucket x target_exhibition_st_rank_bucket,3 | 2,397,51,12.85,39700,34270,-5430,86.32,671.96,10.28,77.68,755.43,8.64,2.57,-83.47,mixed_edge
1-3,lane1_class,B1,5430,599,11.03,543000,468440,-74560,86.27,782.04,15.39,80.41,522.51,5.86,-4.36,259.53,mixed_edge
1-6,lane1_target_class_pair,B1-A2,1046,42,4.02,104600,90210,-14390,86.24,2147.86,3.76,67.31,1788.6,18.93,0.26,359.26,mixed_edge
1-3,target_exhibition_rank_bucket x other_exhibition_faster_than_target_count_bucket,2 | 0,935,200,21.39,93500,80590,-12910,86.19,402.95,15.39,80.41,522.51,5.78,6.0,-119.56,mixed_edge
1-3,lane1_target_national_rank_pair x target_outer_pressure_bucket,3-1 | some_other_pressure,130,33,25.38,13000,11200,-1800,86.15,339.39,15.39,80.41,522.51,5.74,9.99,-183.12,mixed_edge
1-3,lane1_target_national_rank_pair x target_outer_pressure_bucket,1-3 | some_other_pressure,316,91,28.8,31600,27210,-4390,86.11,299.01,15.39,80.41,522.51,5.7,13.41,-223.5,mixed_edge
1-3,lane1_start_exhibition_gap_bucket,<=0.03,2989,506,16.93,298900,257340,-41560,86.1,508.58,15.39,80.41,522.51,5.69,1.54,-13.93,mixed_edge
1-3,lane1_target_start_gap_pair x target_outer_pressure_bucket,0.04-0.06-0.04-0.06 | high_other_pressure,393,53,13.49,39300,33830,-5470,86.08,638.3,15.39,80.41,522.51,5.67,-1.9,115.79,mixed_edge
1-6,lane1_target_group_pair x other_a_count_bucket,A-A | 1,1091,112,10.27,109100,93900,-15200,86.07,838.39,3.76,67.31,1788.6,18.76,6.51,-950.21,mixed_edge
1-3,other_a_count_bucket,3,1939,229,11.81,193900,166830,-27070,86.04,728.52,15.39,80.41,522.51,5.63,-3.58,206.01,mixed_edge
1-3,target_lane x other_a_count_bucket,3 | 3,1939,229,11.81,193900,166830,-27070,86.04,728.52,15.39,80.41,522.51,5.63,-3.58,206.01,mixed_edge
1-5,stadium_code,16,540,32,5.93,54000,46440,-7560,86.0,1451.25,6.07,72.93,1201.46,13.07,-0.14,249.79,mixed_edge
1-5,stadium_code x target_lane,16 | 5,540,32,5.93,54000,46440,-7560,86.0,1451.25,6.07,72.93,1201.46,13.07,-0.14,249.79,mixed_edge
1-3,lane1_motor_rank_bucket,1,3044,515,16.92,304400,261750,-42650,85.99,508.25,15.39,80.41,522.51,5.58,1.53,-14.26,mixed_edge
1-3,target_exhibition_st_rank_bucket x other_st_faster_than_target_count_bucket,2 | 0,1130,223,19.73,113000,97170,-15830,85.99,435.74,15.39,80.41,522.51,5.58,4.34,-86.77,mixed_edge
1-5,lane1_target_exhibition_st_rank_pair,3-2,486,36,7.41,48600,41790,-6810,85.99,1160.83,6.07,72.93,1201.46,13.06,1.34,-40.63,mixed_edge
1-5,lane1_exhibition_st_rank_bucket x target_exhibition_st_rank_bucket,3 | 2,486,36,7.41,48600,41790,-6810,85.99,1160.83,6.07,72.93,1201.46,13.06,1.34,-40.63,mixed_edge
1-2,target_boat_rank_bucket,2,2783,510,18.33,278300,239270,-39030,85.98,469.16,18.12,79.62,439.27,6.36,0.21,29.89,mixed_edge
1-4,lane1_target_national_rank_pair x target_outer_pressure_bucket,2-3 | high_other_pressure,323,39,12.07,32300,27760,-4540,85.94,711.79,10.28,77.68,755.43,8.26,1.79,-43.64,mixed_edge
1-3,race_no_bucket,7-9R,3500,548,15.66,350000,300760,-49240,85.93,548.83,15.39,80.41,522.51,5.52,0.27,26.32,mixed_edge
1-3,race_no_bucket x target_lane,7-9R | 3,3500,548,15.66,350000,300760,-49240,85.93,548.83,15.39,80.41,522.51,5.52,0.27,26.32,mixed_edge
1-6,other_st_faster_than_target_count_bucket,1,2427,104,4.29,242700,208420,-34280,85.88,2004.04,3.76,67.31,1788.6,18.57,0.53,215.44,mixed_edge
1-2,lane1_target_motor_place_diff_bucket,lane1_plus_4_10,2028,377,18.59,202800,174130,-28670,85.86,461.88,18.12,79.62,439.27,6.24,0.47,22.61,mixed_edge
1-4,other_a_count_bucket,3,2054,147,7.16,205400,176250,-29150,85.81,1198.98,10.28,77.68,755.43,8.13,-3.12,443.55,mixed_edge
1-4,target_lane x other_a_count_bucket,4 | 3,2054,147,7.16,205400,176250,-29150,85.81,1198.98,10.28,77.68,755.43,8.13,-3.12,443.55,mixed_edge
1-6,lane1_target_national_rank_pair,3-2,461,29,6.29,46100,39560,-6540,85.81,1364.14,3.76,67.31,1788.6,18.5,2.53,-424.46,mixed_edge
1-6,target_lane x lane1_target_national_rank_pair,6 | 3-2,461,29,6.29,46100,39560,-6540,85.81,1364.14,3.76,67.31,1788.6,18.5,2.53,-424.46,mixed_edge
1-3,lane1_target_group_pair x other_a_count_bucket,B-B | 1,652,67,10.28,65200,55930,-9270,85.78,834.78,15.39,80.41,522.51,5.37,-5.11,312.27,mixed_edge
1-2,lane1_national_win_rank_bucket,1,3495,927,26.52,349500,299730,-49770,85.76,323.33,18.12,79.62,439.27,6.14,8.4,-115.94,mixed_edge
1-6,other_st_faster_than_target_count_bucket,2,2609,110,4.22,260900,223720,-37180,85.75,2033.82,3.76,67.31,1788.6,18.44,0.46,245.22,mixed_edge
1-3,target_exhibition_st_rank_bucket,2,2483,425,17.12,248300,212900,-35400,85.74,500.94,15.39,80.41,522.51,5.33,1.73,-21.57,mixed_edge
1-3,target_lane x target_exhibition_st_rank_bucket,3 | 2,2483,425,17.12,248300,212900,-35400,85.74,500.94,15.39,80.41,522.51,5.33,1.73,-21.57,mixed_edge
1-3,other_exhibition_faster_than_target_count_bucket,2,2825,422,14.94,282500,241970,-40530,85.65,573.39,15.39,80.41,522.51,5.24,-0.45,50.88,mixed_edge
1-5,lane1_target_start_gap_pair x target_outer_pressure_bucket,0.04-0.06->0.06 | high_other_pressure,710,31,4.37,71000,60810,-10190,85.65,1961.61,6.07,72.93,1201.46,12.72,-1.7,760.15,mixed_edge
1-3,lane1_target_class_pair,B2-A1,59,8,13.56,5900,5050,-850,85.59,631.25,15.39,80.41,522.51,5.18,-1.83,108.74,mixed_edge
1-5,lane1_target_start_gap_pair x target_outer_pressure_bucket,<=0.03->0.06 | low_other_pressure,34,4,11.76,3400,2910,-490,85.59,727.5,6.07,72.93,1201.46,12.66,5.69,-473.96,mixed_edge
1-3,lane1_target_start_gap_pair x target_outer_pressure_bucket,best-0.04-0.06 | some_other_pressure,133,37,27.82,13300,11380,-1920,85.56,307.57,15.39,80.41,522.51,5.15,12.43,-214.94,mixed_edge
1-3,target_exhibition_st_rank_bucket x other_st_faster_than_target_count_bucket,2 | 1,1353,202,14.93,135300,115730,-19570,85.54,572.92,15.39,80.41,522.51,5.13,-0.46,50.41,mixed_edge
1-3,lane1_local_win_rank_bucket,2,2787,487,17.47,278700,238350,-40350,85.52,489.43,15.39,80.41,522.51,5.11,2.08,-33.08,mixed_edge
1-6,lane1_target_class_pair,A2-A2,801,48,5.99,80100,68500,-11600,85.52,1427.08,3.76,67.31,1788.6,18.21,2.23,-361.52,mixed_edge
1-2,other_group_pattern,B-A-B-A,885,145,16.38,88500,75650,-12850,85.48,521.72,18.12,79.62,439.27,5.86,-1.74,82.45,mixed_edge
1-3,target_exhibition_st_rank_bucket,3,2684,443,16.51,268400,229360,-39040,85.45,517.74,15.39,80.41,522.51,5.04,1.12,-4.77,mixed_edge
1-3,target_lane x target_exhibition_st_rank_bucket,3 | 3,2684,443,16.51,268400,229360,-39040,85.45,517.74,15.39,80.41,522.51,5.04,1.12,-4.77,mixed_edge
1-2,lane1_target_start_gap_pair x target_outer_pressure_bucket,best-best | some_other_pressure,59,19,32.2,5900,5040,-860,85.42,265.26,18.12,79.62,439.27,5.8,14.08,-174.01,mixed_edge
1-5,lane1_target_exhibition_time_diff_bucket x lane1_target_start_exhibition_st_diff_bucket,lane1_faster_0.05_0.10 | target_faster_0.03_0.06,362,28,7.73,36200,30920,-5280,85.41,1104.29,6.07,72.93,1201.46,12.48,1.66,-97.17,mixed_edge
1-3,lane1_target_start_gap_pair x target_outer_pressure_bucket,>0.06-<=0.03 | some_other_pressure,127,27,21.26,12700,10840,-1860,85.35,401.48,15.39,80.41,522.51,4.94,5.87,-121.03,mixed_edge
1-3,other_group_pattern,A-B-A-B,884,106,11.99,88400,75440,-12960,85.34,711.7,15.39,80.41,522.51,4.93,-3.4,189.19,mixed_edge
1-2,target_start_exhibition_gap_bucket,0.04-0.06,2853,556,19.49,285300,243420,-41880,85.32,437.81,18.12,79.62,439.27,5.7,1.37,-1.46,mixed_edge
1-2,target_lane x target_start_exhibition_gap_bucket,2 | 0.04-0.06,2853,556,19.49,285300,243420,-41880,85.32,437.81,18.12,79.62,439.27,5.7,1.37,-1.46,mixed_edge
1-3,lane1_target_start_exhibition_st_diff_bucket,target_faster_0.03_0.06,1708,273,15.98,170800,145730,-25070,85.32,533.81,15.39,80.41,522.51,4.91,0.59,11.3,mixed_edge
1-2,lane1_motor_rank_bucket,1,3044,573,18.82,304400,259650,-44750,85.3,453.14,18.12,79.62,439.27,5.68,0.7,13.87,mixed_edge
1-3,target_national_win_rank_bucket,3,2483,437,17.6,248300,211720,-36580,85.27,484.49,15.39,80.41,522.51,4.86,2.21,-38.02,mixed_edge
1-4,stadium_code,18,502,60,11.95,50200,42780,-7420,85.22,713.0,10.28,77.68,755.43,7.54,1.67,-42.43,mixed_edge
1-4,stadium_code x target_lane,18 | 4,502,60,11.95,50200,42780,-7420,85.22,713.0,10.28,77.68,755.43,7.54,1.67,-42.43,mixed_edge
1-2,lane1_target_national_rank_pair,1-4+,1871,379,20.26,187100,159380,-27720,85.18,420.53,18.12,79.62,439.27,5.56,2.14,-18.74,mixed_edge
1-2,target_lane x lane1_target_national_rank_pair,2 | 1-4+,1871,379,20.26,187100,159380,-27720,85.18,420.53,18.12,79.62,439.27,5.56,2.14,-18.74,mixed_edge
1-2,lane1_target_national_rank_pair x target_outer_pressure_bucket,1-4+ | high_other_pressure,1871,379,20.26,187100,159380,-27720,85.18,420.53,18.12,79.62,439.27,5.56,2.14,-18.74,mixed_edge
1-4,target_exhibition_st_rank_bucket x other_st_faster_than_target_count_bucket,3 | 2,1052,91,8.65,105200,89590,-15610,85.16,984.51,10.28,77.68,755.43,7.48,-1.63,229.08,mixed_edge
1-4,other_national_better_than_target_count_bucket,2,2778,259,9.32,277800,236540,-41260,85.15,913.28,10.28,77.68,755.43,7.47,-0.96,157.85,mixed_edge
1-5,lane1_target_start_gap_pair,<=0.03-best,636,61,9.59,63600,54130,-9470,85.11,887.38,6.07,72.93,1201.46,12.18,3.52,-314.08,mixed_edge
1-5,target_lane x lane1_target_start_gap_pair,5 | <=0.03-best,636,61,9.59,63600,54130,-9470,85.11,887.38,6.07,72.93,1201.46,12.18,3.52,-314.08,mixed_edge
1-5,lane1_start_exhibition_gap_bucket x target_start_exhibition_gap_bucket,<=0.03 | best,636,61,9.59,63600,54130,-9470,85.11,887.38,6.07,72.93,1201.46,12.18,3.52,-314.08,mixed_edge
1-3,lane1_target_start_gap_pair x target_outer_pressure_bucket,0.04-0.06-<=0.03 | some_other_pressure,75,13,17.33,7500,6380,-1120,85.07,490.77,15.39,80.41,522.51,4.66,1.94,-31.74,mixed_edge
1-3,other_st_faster_than_target_count_bucket,0,3561,625,17.55,356100,302870,-53230,85.05,484.59,15.39,80.41,522.51,4.64,2.16,-37.92,mixed_edge
1-6,target_start_exhibition_gap_bucket,<=0.03,2682,117,4.36,268200,228070,-40130,85.04,1949.32,3.76,67.31,1788.6,17.73,0.6,160.72,mixed_edge
1-6,target_lane x target_start_exhibition_gap_bucket,6 | <=0.03,2682,117,4.36,268200,228070,-40130,85.04,1949.32,3.76,67.31,1788.6,17.73,0.6,160.72,mixed_edge
1-2,other_a_count_bucket,0,1771,461,26.03,177100,150610,-26490,85.04,326.7,18.12,79.62,439.27,5.42,7.91,-112.57,mixed_edge
1-2,other_group_pattern,B-B-B-B,1771,461,26.03,177100,150610,-26490,85.04,326.7,18.12,79.62,439.27,5.42,7.91,-112.57,mixed_edge
1-2,target_lane x other_a_count_bucket,2 | 0,1771,461,26.03,177100,150610,-26490,85.04,326.7,18.12,79.62,439.27,5.42,7.91,-112.57,mixed_edge
1-4,other_st_faster_than_target_count_bucket,2,3072,332,10.81,307200,261180,-46020,85.02,786.69,10.28,77.68,755.43,7.34,0.53,31.26,mixed_edge
1-6,lane1_target_boat_place_diff_bucket,target_plus_10+,2239,89,3.97,223900,190360,-33540,85.02,2138.88,3.76,67.31,1788.6,17.71,0.21,350.28,mixed_edge
1-4,target_exhibition_st_rank_bucket x other_st_faster_than_target_count_bucket,4+ | 2,2020,241,11.93,202000,171590,-30410,84.95,711.99,10.28,77.68,755.43,7.27,1.65,-43.44,mixed_edge
1-2,lane1_target_national_rank_pair,2-4+,1712,261,15.25,171200,145420,-25780,84.94,557.16,18.12,79.62,439.27,5.32,-2.87,117.89,mixed_edge
1-2,target_lane x lane1_target_national_rank_pair,2 | 2-4+,1712,261,15.25,171200,145420,-25780,84.94,557.16,18.12,79.62,439.27,5.32,-2.87,117.89,mixed_edge
1-2,lane1_target_national_rank_pair x target_outer_pressure_bucket,2-4+ | high_other_pressure,1712,261,15.25,171200,145420,-25780,84.94,557.16,18.12,79.62,439.27,5.32,-2.87,117.89,mixed_edge
1-5,target_outer_pressure_bucket,some_other_pressure,1658,172,10.37,165800,140830,-24970,84.94,818.78,6.07,72.93,1201.46,12.01,4.3,-382.68,mixed_edge
1-5,target_lane x target_outer_pressure_bucket,5 | some_other_pressure,1658,172,10.37,165800,140830,-24970,84.94,818.78,6.07,72.93,1201.46,12.01,4.3,-382.68,mixed_edge
1-4,other_group_pattern,B-B-A-B,762,94,12.34,76200,64690,-11510,84.9,688.19,10.28,77.68,755.43,7.22,2.06,-67.24,mixed_edge
1-6,other_group_pattern,A-A-A-B,537,15,2.79,53700,45580,-8120,84.88,3038.67,3.76,67.31,1788.6,17.57,-0.97,1250.07,mixed_edge
1-6,target_exhibition_rank_bucket x other_exhibition_faster_than_target_count_bucket,2 | 0,991,57,5.75,99100,84110,-14990,84.87,1475.61,3.76,67.31,1788.6,17.56,1.99,-312.99,mixed_edge
1-3,lane1_target_motor_place_diff_bucket,near_equal,4486,728,16.23,448600,380490,-68110,84.82,522.65,15.39,80.41,522.51,4.41,0.84,0.14,mixed_edge
1-3,lane1_target_national_rank_pair x target_outer_pressure_bucket,1-2 | low_other_pressure,178,63,35.39,17800,15090,-2710,84.78,239.52,15.39,80.41,522.51,4.37,20.0,-282.99,mixed_edge
1-4,lane1_target_local_win_diff_bucket,target_plus_1.00+,3411,375,10.99,341100,289150,-51950,84.77,771.07,10.28,77.68,755.43,7.09,0.71,15.64,mixed_edge
1-3,lane1_target_class_pair,B1-B2,227,15,6.61,22700,19240,-3460,84.76,1282.67,15.39,80.41,522.51,4.35,-8.78,760.16,mixed_edge
1-3,other_group_pattern,B-B-B-A,1059,213,20.11,105900,89750,-16150,84.75,421.36,15.39,80.41,522.51,4.34,4.72,-101.15,mixed_edge
1-2,lane1_target_class_pair,A1-A1,1631,453,27.77,163100,138210,-24890,84.74,305.1,18.12,79.62,439.27,5.12,9.65,-134.17,mixed_edge
1-3,target_exhibition_st_rank_bucket,1,2153,360,16.72,215300,182380,-32920,84.71,506.61,15.39,80.41,522.51,4.3,1.33,-15.9,mixed_edge
1-3,target_lane x target_exhibition_st_rank_bucket,3 | 1,2153,360,16.72,215300,182380,-32920,84.71,506.61,15.39,80.41,522.51,4.3,1.33,-15.9,mixed_edge
1-3,target_exhibition_st_rank_bucket x other_st_faster_than_target_count_bucket,1 | 0,2153,360,16.72,215300,182380,-32920,84.71,506.61,15.39,80.41,522.51,4.3,1.33,-15.9,mixed_edge
1-6,other_national_better_than_target_count_bucket,0,2708,258,9.53,270800,229320,-41480,84.68,888.84,3.76,67.31,1788.6,17.37,5.77,-899.76,mixed_edge
1-3,lane1_target_national_rank_pair x target_outer_pressure_bucket,4+-2 | high_other_pressure,590,69,11.69,59000,49960,-9040,84.68,724.06,15.39,80.41,522.51,4.27,-3.7,201.55,mixed_edge
1-4,lane1_target_exhibition_st_rank_pair,4+-3,1246,108,8.67,124600,105500,-19100,84.67,976.85,10.28,77.68,755.43,6.99,-1.61,221.42,mixed_edge
1-4,lane1_exhibition_st_rank_bucket x target_exhibition_st_rank_bucket,4+ | 3,1246,108,8.67,124600,105500,-19100,84.67,976.85,10.28,77.68,755.43,6.99,-1.61,221.42,mixed_edge
1-5,target_start_exhibition_gap_bucket,0.04-0.06,2764,189,6.84,276400,233950,-42450,84.64,1237.83,6.07,72.93,1201.46,11.71,0.77,36.37,mixed_edge
1-5,target_lane x target_start_exhibition_gap_bucket,5 | 0.04-0.06,2764,189,6.84,276400,233950,-42450,84.64,1237.83,6.07,72.93,1201.46,11.71,0.77,36.37,mixed_edge
1-6,lane1_target_exhibition_st_rank_pair,2-1,407,23,5.65,40700,34440,-6260,84.62,1497.39,3.76,67.31,1788.6,17.31,1.89,-291.21,mixed_edge
1-6,lane1_exhibition_st_rank_bucket x target_exhibition_st_rank_bucket,2 | 1,407,23,5.65,40700,34440,-6260,84.62,1497.39,3.76,67.31,1788.6,17.31,1.89,-291.21,mixed_edge
1-4,meeting_phase_bucket,day3-4,4955,524,10.58,495500,419150,-76350,84.59,799.9,10.28,77.68,755.43,6.91,0.3,44.47,mixed_edge
1-4,meeting_phase_bucket x target_lane,day3-4 | 4,4955,524,10.58,495500,419150,-76350,84.59,799.9,10.28,77.68,755.43,6.91,0.3,44.47,mixed_edge
1-2,target_start_exhibition_gap_bucket,best,2374,497,20.94,237400,200810,-36590,84.59,404.04,18.12,79.62,439.27,4.97,2.82,-35.23,mixed_edge
1-2,target_lane x target_start_exhibition_gap_bucket,2 | best,2374,497,20.94,237400,200810,-36590,84.59,404.04,18.12,79.62,439.27,4.97,2.82,-35.23,mixed_edge
1-6,lane1_target_national_rank_pair,4+-1,1041,71,6.82,104100,88050,-16050,84.58,1240.14,3.76,67.31,1788.6,17.27,3.06,-548.46,mixed_edge
1-6,target_lane x lane1_target_national_rank_pair,6 | 4+-1,1041,71,6.82,104100,88050,-16050,84.58,1240.14,3.76,67.31,1788.6,17.27,3.06,-548.46,mixed_edge
1-3,lane1_class_group,B,5750,630,10.96,575000,486260,-88740,84.57,771.84,15.39,80.41,522.51,4.16,-4.43,249.33,mixed_edge
1-4,lane1_target_national_win_diff_bucket,lane1_plus_0.35_1.00,2420,280,11.57,242000,204480,-37520,84.5,730.29,10.28,77.68,755.43,6.82,1.29,-25.14,mixed_edge
1-6,target_national_win_rank_bucket,1,2105,199,9.45,210500,177840,-32660,84.48,893.67,3.76,67.31,1788.6,17.17,5.69,-894.93,mixed_edge
1-6,target_national_win_rank_bucket x other_national_better_than_target_count_bucket,1 | 0,2105,199,9.45,210500,177840,-32660,84.48,893.67,3.76,67.31,1788.6,17.17,5.69,-894.93,mixed_edge
1-5,target_class,A1,2956,330,11.16,295600,249700,-45900,84.47,756.67,6.07,72.93,1201.46,11.54,5.09,-444.79,mixed_edge
1-2,lane1_target_group_pair x other_a_count_bucket,B-A | 0,139,28,20.14,13900,11740,-2160,84.46,419.29,18.12,79.62,439.27,4.84,2.02,-19.98,mixed_edge
1-5,lane1_target_national_rank_pair x target_outer_pressure_bucket,4+-1 | some_other_pressure,204,20,9.8,20400,17220,-3180,84.41,861.0,6.07,72.93,1201.46,11.48,3.73,-340.46,mixed_edge
1-3,lane1_target_exhibition_time_diff_bucket,near_equal,6966,1136,16.31,696600,587870,-108730,84.39,517.49,15.39,80.41,522.51,3.98,0.92,-5.02,mixed_edge
1-5,lane1_target_national_rank_pair,3-2,491,40,8.15,49100,41420,-7680,84.36,1035.5,6.07,72.93,1201.46,11.43,2.08,-165.96,mixed_edge
1-5,target_lane x lane1_target_national_rank_pair,5 | 3-2,491,40,8.15,49100,41420,-7680,84.36,1035.5,6.07,72.93,1201.46,11.43,2.08,-165.96,mixed_edge
1-3,meeting_phase_bucket,day1-2,5212,805,15.45,521200,439560,-81640,84.34,546.04,15.39,80.41,522.51,3.93,0.06,23.53,mixed_edge
1-3,meeting_phase_bucket x target_lane,day1-2 | 3,5212,805,15.45,521200,439560,-81640,84.34,546.04,15.39,80.41,522.51,3.93,0.06,23.53,mixed_edge
1-3,lane1_motor_rank_bucket,3,2238,348,15.55,223800,188760,-35040,84.34,542.41,15.39,80.41,522.51,3.93,0.16,19.9,mixed_edge
1-6,stadium_code,05,563,19,3.37,56300,47480,-8820,84.33,2498.95,3.76,67.31,1788.6,17.02,-0.39,710.35,mixed_edge
1-6,stadium_code x target_lane,05 | 6,563,19,3.37,56300,47480,-8820,84.33,2498.95,3.76,67.31,1788.6,17.02,-0.39,710.35,mixed_edge
1-3,target_class,B1,6991,865,12.37,699100,589400,-109700,84.31,681.39,15.39,80.41,522.51,3.9,-3.02,158.88,mixed_edge
1-4,lane1_exhibition_rank_bucket,1,4216,503,11.93,421600,355450,-66150,84.31,706.66,10.28,77.68,755.43,6.63,1.65,-48.77,mixed_edge
1-5,lane1_target_start_gap_pair,best-<=0.03,811,64,7.89,81100,68370,-12730,84.3,1068.28,6.07,72.93,1201.46,11.37,1.82,-133.18,mixed_edge
1-5,target_lane x lane1_target_start_gap_pair,5 | best-<=0.03,811,64,7.89,81100,68370,-12730,84.3,1068.28,6.07,72.93,1201.46,11.37,1.82,-133.18,mixed_edge
1-5,lane1_start_exhibition_gap_bucket x target_start_exhibition_gap_bucket,best | <=0.03,811,64,7.89,81100,68370,-12730,84.3,1068.28,6.07,72.93,1201.46,11.37,1.82,-133.18,mixed_edge
1-2,lane1_target_local_win_diff_bucket,lane1_plus_1.00+,5053,933,18.46,505300,425940,-79360,84.29,456.53,18.12,79.62,439.27,4.67,0.34,17.26,mixed_edge
1-3,other_exhibition_faster_than_target_count_bucket,1,3051,507,16.62,305100,257110,-47990,84.27,507.12,15.39,80.41,522.51,3.86,1.23,-15.39,mixed_edge
1-4,other_national_better_than_target_count_bucket,1,2861,352,12.3,286100,241100,-45000,84.27,684.94,10.28,77.68,755.43,6.59,2.02,-70.49,mixed_edge
1-6,target_national_win_rank_bucket x other_national_better_than_target_count_bucket,3 | 1,1113,62,5.57,111300,93790,-17510,84.27,1512.74,3.76,67.31,1788.6,16.96,1.81,-275.86,mixed_edge
1-3,target_class_group x target_outer_pressure_bucket,B | high_other_pressure,6861,783,11.41,686100,577880,-108220,84.23,738.03,15.39,80.41,522.51,3.82,-3.98,215.52,mixed_edge
1-4,other_exhibition_faster_than_target_count_bucket,2,2838,295,10.39,283800,239040,-44760,84.23,810.31,10.28,77.68,755.43,6.55,0.11,54.88,mixed_edge
1-6,target_exhibition_st_rank_bucket x other_st_faster_than_target_count_bucket,4+ | 2,1773,77,4.34,177300,149280,-28020,84.2,1938.7,3.76,67.31,1788.6,16.89,0.58,150.1,mixed_edge
1-6,lane1_target_group_pair x other_a_count_bucket,A-A | 2,919,54,5.88,91900,77360,-14540,84.18,1432.59,3.76,67.31,1788.6,16.87,2.12,-356.01,mixed_edge
1-3,lane1_target_exhibition_st_rank_pair,4+-1,1096,172,15.69,109600,92240,-17360,84.16,536.28,15.39,80.41,522.51,3.75,0.3,13.77,mixed_edge
1-3,lane1_exhibition_st_rank_bucket x target_exhibition_st_rank_bucket,4+ | 1,1096,172,15.69,109600,92240,-17360,84.16,536.28,15.39,80.41,522.51,3.75,0.3,13.77,mixed_edge
1-6,target_national_win_rank_bucket x other_national_better_than_target_count_bucket,2 | 0,596,57,9.56,59600,50150,-9450,84.14,879.82,3.76,67.31,1788.6,16.83,5.8,-908.78,mixed_edge
1-4,target_exhibition_rank_bucket,4+,7648,742,9.7,764800,643310,-121490,84.11,866.99,10.28,77.68,755.43,6.43,-0.58,111.56,mixed_edge
1-2,lane1_target_exhibition_st_rank_pair,3-2,349,79,22.64,34900,29350,-5550,84.1,371.52,18.12,79.62,439.27,4.48,4.52,-67.75,mixed_edge
1-2,lane1_exhibition_st_rank_bucket x target_exhibition_st_rank_bucket,3 | 2,349,79,22.64,34900,29350,-5550,84.1,371.52,18.12,79.62,439.27,4.48,4.52,-67.75,mixed_edge
1-2,lane1_target_national_rank_pair x target_outer_pressure_bucket,1-3 | some_other_pressure,412,127,30.83,41200,34640,-6560,84.08,272.76,18.12,79.62,439.27,4.46,12.71,-166.51,mixed_edge
1-2,lane1_target_start_gap_pair x target_outer_pressure_bucket,<=0.03-0.04-0.06 | high_other_pressure,472,81,17.16,47200,39660,-7540,84.03,489.63,18.12,79.62,439.27,4.41,-0.96,50.36,mixed_edge
1-2,lane1_target_exhibition_time_diff_bucket,near_equal,7323,1386,18.93,732300,615310,-116990,84.02,443.95,18.12,79.62,439.27,4.4,0.81,4.68,mixed_edge
1-6,target_exhibition_rank_bucket,2,1960,98,5.0,196000,164670,-31330,84.02,1680.31,3.76,67.31,1788.6,16.71,1.24,-108.29,mixed_edge
1-2,lane1_target_group_pair x other_a_count_bucket,A-A | 3,570,172,30.18,57000,47890,-9110,84.02,278.43,18.12,79.62,439.27,4.4,12.06,-160.84,mixed_edge
1-3,target_exhibition_st_rank_bucket x other_st_faster_than_target_count_bucket,4+ | 2,1629,248,15.22,162900,136860,-26040,84.01,551.85,15.39,80.41,522.51,3.6,-0.17,29.34,mixed_edge
1-3,lane1_target_exhibition_st_rank_pair,3-2,471,70,14.86,47100,39570,-7530,84.01,565.29,15.39,80.41,522.51,3.6,-0.53,42.78,mixed_edge
1-3,lane1_exhibition_st_rank_bucket x target_exhibition_st_rank_bucket,3 | 2,471,70,14.86,47100,39570,-7530,84.01,565.29,15.39,80.41,522.51,3.6,-0.53,42.78,mixed_edge
1-3,other_national_better_than_target_count_bucket,4,2135,209,9.79,213500,179290,-34210,83.98,857.85,15.39,80.41,522.51,3.57,-5.6,335.34,mixed_edge
1-3,target_national_win_rank_bucket x other_national_better_than_target_count_bucket,4+ | 4,2135,209,9.79,213500,179290,-34210,83.98,857.85,15.39,80.41,522.51,3.57,-5.6,335.34,mixed_edge
1-3,target_class_group,B,7490,916,12.23,749000,628950,-120050,83.97,686.63,15.39,80.41,522.51,3.56,-3.16,164.12,mixed_edge
1-3,target_lane x target_class_group,3 | B,7490,916,12.23,749000,628950,-120050,83.97,686.63,15.39,80.41,522.51,3.56,-3.16,164.12,mixed_edge
1-5,other_national_better_than_target_count_bucket,0,2534,326,12.87,253400,212730,-40670,83.95,652.55,6.07,72.93,1201.46,11.02,6.8,-548.91,mixed_edge
1-3,lane1_target_start_gap_pair x target_outer_pressure_bucket,0.04-0.06-<=0.03 | high_other_pressure,463,70,15.12,46300,38870,-7430,83.95,555.29,15.39,80.41,522.51,3.54,-0.27,32.78,mixed_edge
1-3,lane1_target_exhibition_time_diff_bucket x lane1_target_start_exhibition_st_diff_bucket,near_equal | near_equal,2076,364,17.53,207600,174250,-33350,83.94,478.71,15.39,80.41,522.51,3.53,2.14,-43.8,mixed_edge
1-2,lane1_target_local_win_diff_bucket,target_plus_0.35_1.00,1457,285,19.56,145700,122240,-23460,83.9,428.91,18.12,79.62,439.27,4.28,1.44,-10.36,mixed_edge
1-4,target_local_win_rank_bucket,1,2162,349,16.14,216200,181380,-34820,83.89,519.71,10.28,77.68,755.43,6.21,5.86,-235.72,mixed_edge
1-3,lane1_national_win_rank_bucket,4+,5105,554,10.85,510500,428070,-82430,83.85,772.69,15.39,80.41,522.51,3.44,-4.54,250.18,mixed_edge
1-4,other_group_pattern,B-A-B-B,1033,114,11.04,103300,86620,-16680,83.85,759.82,10.28,77.68,755.43,6.17,0.76,4.39,mixed_edge
1-4,lane1_class,B1,5430,393,7.24,543000,455190,-87810,83.83,1158.24,10.28,77.68,755.43,6.15,-3.04,402.81,mixed_edge
1-6,lane1_target_group_pair x target_outer_pressure_bucket,A-A | low_other_pressure,405,53,13.09,40500,33950,-6550,83.83,640.57,3.76,67.31,1788.6,16.52,9.33,-1148.03,mixed_edge
1-5,lane1_target_national_rank_pair x target_outer_pressure_bucket,4+-2 | high_other_pressure,566,30,5.3,56600,47430,-9170,83.8,1581.0,6.07,72.93,1201.46,10.87,-0.77,379.54,mixed_edge
1-4,target_motor_rank_bucket,1,2220,262,11.8,222000,186010,-35990,83.79,709.96,10.28,77.68,755.43,6.11,1.52,-45.47,mixed_edge
1-2,wind_bucket,0-2,6525,1241,19.02,652500,546660,-105840,83.78,440.5,18.12,79.62,439.27,4.16,0.9,1.23,mixed_edge
1-2,lane1_target_class_pair,A2-B1,2407,389,16.16,240700,201650,-39050,83.78,518.38,18.12,79.62,439.27,4.16,-1.96,79.11,mixed_edge
1-2,lane1_target_national_rank_pair,1-3,814,235,28.87,81400,68180,-13220,83.76,290.13,18.12,79.62,439.27,4.14,10.75,-149.14,mixed_edge
1-2,target_lane x lane1_target_national_rank_pair,2 | 1-3,814,235,28.87,81400,68180,-13220,83.76,290.13,18.12,79.62,439.27,4.14,10.75,-149.14,mixed_edge
1-4,lane1_target_boat_place_diff_bucket,lane1_plus_10+,2315,235,10.15,231500,193870,-37630,83.75,824.98,10.28,77.68,755.43,6.07,-0.13,69.55,mixed_edge
1-3,lane1_target_group_pair x target_outer_pressure_bucket,A-B | some_other_pressure,329,77,23.4,32900,27550,-5350,83.74,357.79,15.39,80.41,522.51,3.33,8.01,-164.72,mixed_edge
1-5,lane1_target_start_gap_pair x target_outer_pressure_bucket,<=0.03-0.04-0.06 | high_other_pressure,480,32,6.67,48000,40190,-7810,83.73,1255.94,6.07,72.93,1201.46,10.8,0.6,54.48,mixed_edge
1-2,lane1_target_boat_place_diff_bucket,lane1_plus_10+,2297,441,19.2,229700,192250,-37450,83.7,435.94,18.12,79.62,439.27,4.08,1.08,-3.33,mixed_edge
1-3,target_local_win_rank_bucket,3,2448,400,16.34,244800,204670,-40130,83.61,511.68,15.39,80.41,522.51,3.2,0.95,-10.83,mixed_edge
1-5,target_national_win_rank_bucket x other_national_better_than_target_count_bucket,4+ | 2,1732,109,6.29,173200,144790,-28410,83.6,1328.35,6.07,72.93,1201.46,10.67,0.22,126.89,mixed_edge
1-3,month,2025-04,4216,682,16.18,421600,352420,-69180,83.59,516.74,15.39,80.41,522.51,3.18,0.79,-5.77,mixed_edge
1-2,stadium_code,13,804,156,19.4,80400,67190,-13210,83.57,430.71,18.12,79.62,439.27,3.95,1.28,-8.56,mixed_edge
1-2,stadium_code x target_lane,13 | 2,804,156,19.4,80400,67190,-13210,83.57,430.71,18.12,79.62,439.27,3.95,1.28,-8.56,mixed_edge
1-2,lane1_target_group_pair x other_a_count_bucket,B-B | 0,586,114,19.45,58600,48970,-9630,83.57,429.56,18.12,79.62,439.27,3.95,1.33,-9.71,mixed_edge
1-2,stadium_code,10,636,119,18.71,63600,53140,-10460,83.55,446.55,18.12,79.62,439.27,3.93,0.59,7.28,mixed_edge
1-2,stadium_code x target_lane,10 | 2,636,119,18.71,63600,53140,-10460,83.55,446.55,18.12,79.62,439.27,3.93,0.59,7.28,mixed_edge
1-5,lane1_target_national_rank_pair x target_outer_pressure_bucket,3-1 | low_other_pressure,113,19,16.81,11300,9440,-1860,83.54,496.84,6.07,72.93,1201.46,10.61,10.74,-704.62,mixed_edge
1-5,lane1_target_exhibition_time_diff_bucket x lane1_target_start_exhibition_st_diff_bucket,lane1_faster_0.05_0.10 | near_equal,812,52,6.4,81200,67810,-13390,83.51,1304.04,6.07,72.93,1201.46,10.58,0.33,102.58,mixed_edge
1-2,lane1_target_national_rank_pair x target_outer_pressure_bucket,1-2 | high_other_pressure,389,134,34.45,38900,32480,-6420,83.5,242.39,18.12,79.62,439.27,3.88,16.33,-196.88,mixed_edge
1-6,lane1_national_win_rank_bucket,3,2521,107,4.24,252100,210450,-41650,83.48,1966.82,3.76,67.31,1788.6,16.17,0.48,178.22,mixed_edge
1-4,lane1_target_start_gap_pair,best-best,210,23,10.95,21000,17530,-3470,83.48,762.17,10.28,77.68,755.43,5.8,0.67,6.74,mixed_edge
1-4,target_lane x lane1_target_start_gap_pair,4 | best-best,210,23,10.95,21000,17530,-3470,83.48,762.17,10.28,77.68,755.43,5.8,0.67,6.74,mixed_edge
1-4,lane1_start_exhibition_gap_bucket x target_start_exhibition_gap_bucket,best | best,210,23,10.95,21000,17530,-3470,83.48,762.17,10.28,77.68,755.43,5.8,0.67,6.74,mixed_edge
1-2,lane1_exhibition_st_rank_bucket,2,2349,428,18.22,234900,196040,-38860,83.46,458.04,18.12,79.62,439.27,3.84,0.1,18.77,mixed_edge
1-5,stadium_code,02,623,41,6.58,62300,51990,-10310,83.45,1268.05,6.07,72.93,1201.46,10.52,0.51,66.59,mixed_edge
1-5,stadium_code x target_lane,02 | 5,623,41,6.58,62300,51990,-10310,83.45,1268.05,6.07,72.93,1201.46,10.52,0.51,66.59,mixed_edge
1-2,lane1_target_national_rank_pair x target_outer_pressure_bucket,1-3 | high_other_pressure,402,108,26.87,40200,33540,-6660,83.43,310.56,18.12,79.62,439.27,3.81,8.75,-128.71,mixed_edge
1-6,lane1_target_national_win_diff_bucket,lane1_plus_0.35_1.00,2240,91,4.06,224000,186820,-37180,83.4,2052.97,3.76,67.31,1788.6,16.09,0.3,264.37,mixed_edge
1-4,lane1_target_class_pair,B1-B1,2982,165,5.53,298200,248660,-49540,83.39,1507.03,10.28,77.68,755.43,5.71,-4.75,751.6,mixed_edge
1-3,target_motor_rank_bucket,3,2819,462,16.39,281900,234980,-46920,83.36,508.61,15.39,80.41,522.51,2.95,1.0,-13.9,mixed_edge
1-2,lane1_target_start_gap_pair x target_outer_pressure_bucket,0.04-0.06-best | high_other_pressure,357,74,20.73,35700,29760,-5940,83.36,402.16,18.12,79.62,439.27,3.74,2.61,-37.11,mixed_edge
1-2,lane1_local_win_rank_bucket,1,3302,808,24.47,330200,275150,-55050,83.33,340.53,18.12,79.62,439.27,3.71,6.35,-98.74,mixed_edge
1-2,lane1_target_start_gap_pair x target_outer_pressure_bucket,<=0.03-best | low_other_pressure,64,16,25.0,6400,5330,-1070,83.28,333.12,18.12,79.62,439.27,3.66,6.88,-106.15,mixed_edge
1-4,stadium_code,23,640,70,10.94,64000,53290,-10710,83.27,761.29,10.28,77.68,755.43,5.59,0.66,5.86,mixed_edge
1-4,stadium_code x target_lane,23 | 4,640,70,10.94,64000,53290,-10710,83.27,761.29,10.28,77.68,755.43,5.59,0.66,5.86,mixed_edge
1-2,lane1_target_class_pair,A2-B2,147,19,12.93,14700,12240,-2460,83.27,644.21,18.12,79.62,439.27,3.65,-5.19,204.94,mixed_edge
1-2,target_exhibition_rank_bucket x other_exhibition_faster_than_target_count_bucket,4+ | 2,1978,389,19.67,197800,164680,-33120,83.26,423.34,18.12,79.62,439.27,3.64,1.55,-15.93,mixed_edge
1-2,lane1_target_start_gap_pair x target_outer_pressure_bucket,<=0.03->0.06 | high_other_pressure,665,98,14.74,66500,55360,-11140,83.25,564.9,18.12,79.62,439.27,3.63,-3.38,125.63,mixed_edge
1-3,other_a_count_bucket,2,4827,632,13.09,482700,401690,-81010,83.22,635.59,15.39,80.41,522.51,2.81,-2.3,113.08,mixed_edge
1-3,target_lane x other_a_count_bucket,3 | 2,4827,632,13.09,482700,401690,-81010,83.22,635.59,15.39,80.41,522.51,2.81,-2.3,113.08,mixed_edge
1-6,lane1_target_start_gap_pair x target_outer_pressure_bucket,>0.06-0.04-0.06 | some_other_pressure,90,5,5.56,9000,7490,-1510,83.22,1498.0,3.76,67.31,1788.6,15.91,1.8,-290.6,mixed_edge
1-2,stadium_code,09,708,151,21.33,70800,58910,-11890,83.21,390.13,18.12,79.62,439.27,3.59,3.21,-49.14,mixed_edge
1-2,stadium_code x target_lane,09 | 2,708,151,21.33,70800,58910,-11890,83.21,390.13,18.12,79.62,439.27,3.59,3.21,-49.14,mixed_edge
1-2,lane1_motor_rank_bucket,3,2238,400,17.87,223800,186190,-37610,83.19,465.48,18.12,79.62,439.27,3.57,-0.25,26.21,mixed_edge
1-4,target_local_win_rank_bucket,3,2312,251,10.86,231200,192310,-38890,83.18,766.18,10.28,77.68,755.43,5.5,0.58,10.75,mixed_edge
1-4,target_boat_rank_bucket,3,2219,240,10.82,221900,184570,-37330,83.18,769.04,10.28,77.68,755.43,5.5,0.54,13.61,mixed_edge
1-4,other_group_pattern,A-B-B-B,921,107,11.62,92100,76590,-15510,83.16,715.79,10.28,77.68,755.43,5.48,1.34,-39.64,mixed_edge
1-2,race_no_bucket,7-9R,3500,600,17.14,350000,291000,-59000,83.14,485.0,18.12,79.62,439.27,3.52,-0.98,45.73,mixed_edge
1-2,race_no_bucket x target_lane,7-9R | 2,3500,600,17.14,350000,291000,-59000,83.14,485.0,18.12,79.62,439.27,3.52,-0.98,45.73,mixed_edge
1-6,target_exhibition_rank_bucket x other_exhibition_faster_than_target_count_bucket,2 | 1,969,41,4.23,96900,80560,-16340,83.14,1964.88,3.76,67.31,1788.6,15.83,0.47,176.28,mixed_edge
1-3,lane1_target_national_rank_pair,1-3,763,196,25.69,76300,63420,-12880,83.12,323.57,15.39,80.41,522.51,2.71,10.3,-198.94,mixed_edge
1-3,target_lane x lane1_target_national_rank_pair,3 | 1-3,763,196,25.69,76300,63420,-12880,83.12,323.57,15.39,80.41,522.51,2.71,10.3,-198.94,mixed_edge
1-5,target_class_group x target_outer_pressure_bucket,A | some_other_pressure,1193,130,10.9,119300,99150,-20150,83.11,762.69,6.07,72.93,1201.46,10.18,4.83,-438.77,mixed_edge
1-3,target_boat_rank_bucket,2,2234,356,15.94,223400,185640,-37760,83.1,521.46,15.39,80.41,522.51,2.69,0.55,-1.05,mixed_edge
1-5,lane1_target_start_gap_pair,<=0.03-0.04-0.06,574,44,7.67,57400,47700,-9700,83.1,1084.09,6.07,72.93,1201.46,10.17,1.6,-117.37,mixed_edge
1-5,target_lane x lane1_target_start_gap_pair,5 | <=0.03-0.04-0.06,574,44,7.67,57400,47700,-9700,83.1,1084.09,6.07,72.93,1201.46,10.17,1.6,-117.37,mixed_edge
1-5,lane1_start_exhibition_gap_bucket x target_start_exhibition_gap_bucket,<=0.03 | 0.04-0.06,574,44,7.67,57400,47700,-9700,83.1,1084.09,6.07,72.93,1201.46,10.17,1.6,-117.37,mixed_edge
1-2,target_national_win_rank_bucket,2,2480,596,24.03,248000,206070,-41930,83.09,345.76,18.12,79.62,439.27,3.47,5.91,-93.51,mixed_edge
1-2,lane1_target_exhibition_time_diff_bucket x lane1_target_start_exhibition_st_diff_bucket,near_equal | target_faster_0.03_0.06,867,172,19.84,86700,72040,-14660,83.09,418.84,18.12,79.62,439.27,3.47,1.72,-20.43,mixed_edge
1-4,lane1_class_group,B,5750,413,7.18,575000,477710,-97290,83.08,1156.68,10.28,77.68,755.43,5.4,-3.1,401.25,mixed_edge
1-4,target_class_group,A,6330,910,14.38,633000,525710,-107290,83.05,577.7,10.28,77.68,755.43,5.37,4.1,-177.73,mixed_edge
1-4,target_lane x target_class_group,4 | A,6330,910,14.38,633000,525710,-107290,83.05,577.7,10.28,77.68,755.43,5.37,4.1,-177.73,mixed_edge
1-3,stadium_code,05,563,87,15.45,56300,46740,-9560,83.02,537.24,15.39,80.41,522.51,2.61,0.06,14.73,mixed_edge
1-3,stadium_code x target_lane,05 | 3,563,87,15.45,56300,46740,-9560,83.02,537.24,15.39,80.41,522.51,2.61,0.06,14.73,mixed_edge
1-2,lane1_exhibition_rank_bucket,2,3043,564,18.53,304300,252450,-51850,82.96,447.61,18.12,79.62,439.27,3.34,0.41,8.34,mixed_edge
1-3,target_motor_rank_bucket,1,2230,370,16.59,223000,184980,-38020,82.95,499.95,15.39,80.41,522.51,2.54,1.2,-22.56,mixed_edge
1-3,lane1_target_start_exhibition_st_diff_bucket,lane1_faster_0.06+,3370,534,15.85,337000,279520,-57480,82.94,523.45,15.39,80.41,522.51,2.53,0.46,0.94,mixed_edge
1-6,lane1_target_national_rank_pair x target_outer_pressure_bucket,2-1 | high_other_pressure,274,35,12.77,27400,22720,-4680,82.92,649.14,3.76,67.31,1788.6,15.61,9.01,-1139.46,mixed_edge
1-2,lane1_target_group_pair x target_outer_pressure_bucket,B-B | high_other_pressure,2813,307,10.91,281300,233210,-48090,82.9,759.64,18.12,79.62,439.27,3.28,-7.21,320.37,mixed_edge
1-6,lane1_target_exhibition_st_rank_pair,3-1,341,18,5.28,34100,28270,-5830,82.9,1570.56,3.76,67.31,1788.6,15.59,1.52,-218.04,mixed_edge
1-6,lane1_exhibition_st_rank_bucket x target_exhibition_st_rank_bucket,3 | 1,341,18,5.28,34100,28270,-5830,82.9,1570.56,3.76,67.31,1788.6,15.59,1.52,-218.04,mixed_edge
1-2,target_local_win_rank_bucket,4+,6779,1061,15.65,677900,561860,-116040,82.88,529.56,18.12,79.62,439.27,3.26,-2.47,90.29,mixed_edge
1-3,other_exhibition_faster_than_target_count_bucket,3,2635,379,14.38,263500,218380,-45120,82.88,576.2,15.39,80.41,522.51,2.47,-1.01,53.69,mixed_edge
1-3,target_exhibition_rank_bucket x other_exhibition_faster_than_target_count_bucket,4+ | 3,2635,379,14.38,263500,218380,-45120,82.88,576.2,15.39,80.41,522.51,2.47,-1.01,53.69,mixed_edge
1-6,lane1_target_national_rank_pair,1-2,579,56,9.67,57900,47990,-9910,82.88,856.96,3.76,67.31,1788.6,15.57,5.91,-931.64,mixed_edge
1-6,target_lane x lane1_target_national_rank_pair,6 | 1-2,579,56,9.67,57900,47990,-9910,82.88,856.96,3.76,67.31,1788.6,15.57,5.91,-931.64,mixed_edge
1-3,lane1_target_exhibition_time_diff_bucket,lane1_faster_0.05_0.10,3084,494,16.02,308400,255520,-52880,82.85,517.25,15.39,80.41,522.51,2.44,0.63,-5.26,mixed_edge
1-2,lane1_target_group_pair x other_a_count_bucket,A-A | 4,1228,264,21.5,122800,101740,-21060,82.85,385.38,18.12,79.62,439.27,3.23,3.38,-53.89,mixed_edge
1-3,lane1_target_start_gap_pair x target_outer_pressure_bucket,best-best | high_other_pressure,216,41,18.98,21600,17890,-3710,82.82,436.34,15.39,80.41,522.51,2.41,3.59,-86.17,mixed_edge
1-2,other_b2_count_bucket,1,3692,647,17.52,369200,305740,-63460,82.81,472.55,18.12,79.62,439.27,3.19,-0.6,33.28,mixed_edge
1-2,lane1_target_boat_place_diff_bucket,target_plus_4_10,2142,392,18.3,214200,177320,-36880,82.78,452.35,18.12,79.62,439.27,3.16,0.18,13.08,mixed_edge
1-3,lane1_target_national_rank_pair x target_outer_pressure_bucket,2-1 | low_other_pressure,195,62,31.79,19500,16140,-3360,82.77,260.32,15.39,80.41,522.51,2.36,16.4,-262.19,mixed_edge
1-6,month,2025-05,5026,203,4.04,502600,415970,-86630,82.76,2049.11,3.76,67.31,1788.6,15.45,0.28,260.51,mixed_edge
1-5,target_class_group x target_outer_pressure_bucket,A | high_other_pressure,4093,328,8.01,409300,338680,-70620,82.75,1032.56,6.07,72.93,1201.46,9.82,1.94,-168.9,mixed_edge
1-2,meeting_phase_bucket,day5+,2418,496,20.51,241800,199990,-41810,82.71,403.21,18.12,79.62,439.27,3.09,2.39,-36.06,mixed_edge
1-2,meeting_phase_bucket x target_lane,day5+ | 2,2418,496,20.51,241800,199990,-41810,82.71,403.21,18.12,79.62,439.27,3.09,2.39,-36.06,mixed_edge
1-6,target_class_group x target_outer_pressure_bucket,B | some_other_pressure,366,19,5.19,36600,30270,-6330,82.7,1593.16,3.76,67.31,1788.6,15.39,1.43,-195.44,mixed_edge
1-3,lane1_target_exhibition_time_diff_bucket x lane1_target_start_exhibition_st_diff_bucket,target_faster_0.05_0.10 | lane1_faster_0.06+,355,57,16.06,35500,29360,-6140,82.7,515.09,15.39,80.41,522.51,2.29,0.67,-7.42,mixed_edge
1-2,lane1_target_exhibition_time_diff_bucket,lane1_faster_0.10+,1304,225,17.25,130400,107830,-22570,82.69,479.24,18.12,79.62,439.27,3.07,-0.87,39.97,mixed_edge
1-4,month,2025-05,5026,535,10.64,502600,415500,-87100,82.67,776.64,10.28,77.68,755.43,4.99,0.36,21.21,mixed_edge
1-3,lane1_target_start_gap_pair,<=0.03-0.04-0.06,570,82,14.39,57000,47120,-9880,82.67,574.63,15.39,80.41,522.51,2.26,-1.0,52.12,mixed_edge
1-3,target_lane x lane1_target_start_gap_pair,3 | <=0.03-0.04-0.06,570,82,14.39,57000,47120,-9880,82.67,574.63,15.39,80.41,522.51,2.26,-1.0,52.12,mixed_edge
1-3,lane1_start_exhibition_gap_bucket x target_start_exhibition_gap_bucket,<=0.03 | 0.04-0.06,570,82,14.39,57000,47120,-9880,82.67,574.63,15.39,80.41,522.51,2.26,-1.0,52.12,mixed_edge
1-3,lane1_target_national_win_diff_bucket,target_plus_1.00+,2593,346,13.34,259300,214330,-44970,82.66,619.45,15.39,80.41,522.51,2.25,-2.05,96.94,mixed_edge
1-6,target_exhibition_st_rank_bucket x other_st_faster_than_target_count_bucket,2 | 0,927,49,5.29,92700,76630,-16070,82.66,1563.88,3.76,67.31,1788.6,15.35,1.53,-224.72,mixed_edge
1-2,lane1_target_start_gap_pair x target_outer_pressure_bucket,best->0.06 | low_other_pressure,79,28,35.44,7900,6530,-1370,82.66,233.21,18.12,79.62,439.27,3.04,17.32,-206.06,mixed_edge
1-2,target_class_group x target_outer_pressure_bucket,B | some_other_pressure,671,161,23.99,67100,55440,-11660,82.62,344.35,18.12,79.62,439.27,3.0,5.87,-94.92,mixed_edge
1-3,lane1_target_start_gap_pair,0.04-0.06-0.04-0.06,480,70,14.58,48000,39660,-8340,82.62,566.57,15.39,80.41,522.51,2.21,-0.81,44.06,mixed_edge
1-3,target_lane x lane1_target_start_gap_pair,3 | 0.04-0.06-0.04-0.06,480,70,14.58,48000,39660,-8340,82.62,566.57,15.39,80.41,522.51,2.21,-0.81,44.06,mixed_edge
1-3,lane1_start_exhibition_gap_bucket x target_start_exhibition_gap_bucket,0.04-0.06 | 0.04-0.06,480,70,14.58,48000,39660,-8340,82.62,566.57,15.39,80.41,522.51,2.21,-0.81,44.06,mixed_edge
1-2,stadium_code,11,492,88,17.89,49200,40640,-8560,82.6,461.82,18.12,79.62,439.27,2.98,-0.23,22.55,mixed_edge
1-2,stadium_code x target_lane,11 | 2,492,88,17.89,49200,40640,-8560,82.6,461.82,18.12,79.62,439.27,2.98,-0.23,22.55,mixed_edge
1-3,lane1_local_win_rank_bucket,4+,5395,660,12.23,539500,445450,-94050,82.57,674.92,15.39,80.41,522.51,2.16,-3.16,152.41,mixed_edge
1-2,target_class,B1,6962,1068,15.34,696200,574460,-121740,82.51,537.88,18.12,79.62,439.27,2.89,-2.78,98.61,mixed_edge
1-4,other_st_faster_than_target_count_bucket,0,3465,426,12.29,346500,285860,-60640,82.5,671.03,10.28,77.68,755.43,4.82,2.01,-84.4,mixed_edge
1-6,lane1_target_group_pair x other_a_count_bucket,A-B | 0,823,40,4.86,82300,67900,-14400,82.5,1697.5,3.76,67.31,1788.6,15.19,1.1,-91.1,mixed_edge
1-3,lane1_target_start_gap_pair x target_outer_pressure_bucket,best-<=0.03 | low_other_pressure,64,21,32.81,6400,5280,-1120,82.5,251.43,15.39,80.41,522.51,2.09,17.42,-271.08,mixed_edge
1-2,lane1_exhibition_rank_bucket,1,4216,891,21.13,421600,347770,-73830,82.49,390.31,18.12,79.62,439.27,2.87,3.01,-48.96,mixed_edge
1-3,wind_bucket,3-4,5226,805,15.4,522600,430920,-91680,82.46,535.3,15.39,80.41,522.51,2.05,0.01,12.79,mixed_edge
1-2,lane1_target_group_pair,B-B,3145,367,11.67,314500,259340,-55160,82.46,706.65,18.12,79.62,439.27,2.84,-6.45,267.38,mixed_edge
1-5,other_national_better_than_target_count_bucket,1,2607,202,7.75,260700,214960,-45740,82.45,1064.16,6.07,72.93,1201.46,9.52,1.68,-137.3,mixed_edge
1-4,meeting_phase_bucket,day5+,2418,294,12.16,241800,199370,-42430,82.45,678.13,10.28,77.68,755.43,4.77,1.88,-77.3,mixed_edge
1-4,meeting_phase_bucket x target_lane,day5+ | 4,2418,294,12.16,241800,199370,-42430,82.45,678.13,10.28,77.68,755.43,4.77,1.88,-77.3,mixed_edge
1-6,lane1_target_national_rank_pair x target_outer_pressure_bucket,3-1 | low_other_pressure,143,16,11.19,14300,11790,-2510,82.45,736.88,3.76,67.31,1788.6,15.14,7.43,-1051.72,mixed_edge
1-2,lane1_target_exhibition_st_rank_pair,4+-2,863,145,16.8,86300,71150,-15150,82.44,490.69,18.12,79.62,439.27,2.82,-1.32,51.42,mixed_edge
1-2,lane1_exhibition_st_rank_bucket x target_exhibition_st_rank_bucket,4+ | 2,863,145,16.8,86300,71150,-15150,82.44,490.69,18.12,79.62,439.27,2.82,-1.32,51.42,mixed_edge
1-2,stadium_code,03,488,80,16.39,48800,40220,-8580,82.42,502.75,18.12,79.62,439.27,2.8,-1.73,63.48,mixed_edge
1-2,stadium_code x target_lane,03 | 2,488,80,16.39,48800,40220,-8580,82.42,502.75,18.12,79.62,439.27,2.8,-1.73,63.48,mixed_edge
1-2,lane1_target_boat_place_diff_bucket,lane1_plus_4_10,2223,415,18.67,222300,183100,-39200,82.37,441.2,18.12,79.62,439.27,2.75,0.55,1.93,mixed_edge
1-3,target_national_win_rank_bucket,4+,7021,851,12.12,702100,578280,-123820,82.36,679.53,15.39,80.41,522.51,1.95,-3.27,157.02,mixed_edge
1-2,target_motor_rank_bucket,4+,6558,1191,18.16,655800,539770,-116030,82.31,453.21,18.12,79.62,439.27,2.69,0.04,13.94,mixed_edge
1-6,target_start_exhibition_gap_bucket,0.04-0.06,2463,106,4.3,246300,202730,-43570,82.31,1912.55,3.76,67.31,1788.6,15.0,0.54,123.95,mixed_edge
1-6,target_lane x target_start_exhibition_gap_bucket,6 | 0.04-0.06,2463,106,4.3,246300,202730,-43570,82.31,1912.55,3.76,67.31,1788.6,15.0,0.54,123.95,mixed_edge
1-5,lane1_target_start_gap_pair x target_outer_pressure_bucket,<=0.03-best | high_other_pressure,506,40,7.91,50600,41650,-8950,82.31,1041.25,6.07,72.93,1201.46,9.38,1.84,-160.21,mixed_edge
1-5,target_exhibition_st_rank_bucket x other_st_faster_than_target_count_bucket,4+ | 1,407,27,6.63,40700,33500,-7200,82.31,1240.74,6.07,72.93,1201.46,9.38,0.56,39.28,mixed_edge
1-2,target_boat_rank_bucket,3,2259,415,18.37,225900,185910,-39990,82.3,447.98,18.12,79.62,439.27,2.68,0.25,8.71,mixed_edge
1-6,target_motor_rank_bucket,1,2120,103,4.86,212000,174470,-37530,82.3,1693.88,3.76,67.31,1788.6,14.99,1.1,-94.72,mixed_edge
1-3,lane1_target_motor_place_diff_bucket,lane1_plus_4_10,2047,309,15.1,204700,168410,-36290,82.27,545.02,15.39,80.41,522.51,1.86,-0.29,22.51,mixed_edge
1-3,other_group_pattern,B-A-B-A,792,115,14.52,79200,65160,-14040,82.27,566.61,15.39,80.41,522.51,1.86,-0.87,44.1,mixed_edge
1-5,target_class_group,A,5850,539,9.21,585000,481220,-103780,82.26,892.8,6.07,72.93,1201.46,9.33,3.14,-308.66,mixed_edge
1-5,target_lane x target_class_group,5 | A,5850,539,9.21,585000,481220,-103780,82.26,892.8,6.07,72.93,1201.46,9.33,3.14,-308.66,mixed_edge
1-5,lane1_target_start_gap_pair x target_outer_pressure_bucket,>0.06-<=0.03 | high_other_pressure,835,46,5.51,83500,68690,-14810,82.26,1493.26,6.07,72.93,1201.46,9.33,-0.56,291.8,mixed_edge
1-4,target_exhibition_st_rank_bucket,2,2257,253,11.21,225700,185640,-40060,82.25,733.75,10.28,77.68,755.43,4.57,0.93,-21.68,mixed_edge
1-4,target_lane x target_exhibition_st_rank_bucket,4 | 2,2257,253,11.21,225700,185640,-40060,82.25,733.75,10.28,77.68,755.43,4.57,0.93,-21.68,mixed_edge
1-5,lane1_target_local_win_diff_bucket,target_plus_0.35_1.00,1330,93,6.99,133000,109390,-23610,82.25,1176.24,6.07,72.93,1201.46,9.32,0.92,-25.22,mixed_edge
1-6,lane1_target_national_rank_pair x target_outer_pressure_bucket,4+-1 | high_other_pressure,535,31,5.79,53500,44000,-9500,82.24,1419.35,3.76,67.31,1788.6,14.93,2.03,-369.25,mixed_edge
1-2,stadium_code,08,640,125,19.53,64000,52630,-11370,82.23,421.04,18.12,79.62,439.27,2.61,1.41,-18.23,mixed_edge
1-2,stadium_code x target_lane,08 | 2,640,125,19.53,64000,52630,-11370,82.23,421.04,18.12,79.62,439.27,2.61,1.41,-18.23,mixed_edge
1-2,lane1_target_start_exhibition_st_diff_bucket,near_equal,4534,882,19.45,453400,372750,-80650,82.21,422.62,18.12,79.62,439.27,2.59,1.33,-16.65,mixed_edge
1-5,target_exhibition_st_rank_bucket x other_st_faster_than_target_count_bucket,2 | 1,1354,87,6.43,135400,111310,-24090,82.21,1279.43,6.07,72.93,1201.46,9.28,0.36,77.97,mixed_edge
1-2,lane1_target_start_gap_pair,<=0.03-0.04-0.06,593,112,18.89,59300,48750,-10550,82.21,435.27,18.12,79.62,439.27,2.59,0.77,-4.0,mixed_edge
1-2,target_lane x lane1_target_start_gap_pair,2 | <=0.03-0.04-0.06,593,112,18.89,59300,48750,-10550,82.21,435.27,18.12,79.62,439.27,2.59,0.77,-4.0,mixed_edge
1-2,lane1_start_exhibition_gap_bucket x target_start_exhibition_gap_bucket,<=0.03 | 0.04-0.06,593,112,18.89,59300,48750,-10550,82.21,435.27,18.12,79.62,439.27,2.59,0.77,-4.0,mixed_edge
1-5,other_st_faster_than_target_count_bucket,1,2980,203,6.81,298000,244960,-53040,82.2,1206.7,6.07,72.93,1201.46,9.27,0.74,5.24,mixed_edge
1-6,lane1_target_exhibition_st_rank_pair,4+-3,1239,51,4.12,123900,101840,-22060,82.2,1996.86,3.76,67.31,1788.6,14.89,0.36,208.26,mixed_edge
1-6,lane1_exhibition_st_rank_bucket x target_exhibition_st_rank_bucket,4+ | 3,1239,51,4.12,123900,101840,-22060,82.2,1996.86,3.76,67.31,1788.6,14.89,0.36,208.26,mixed_edge
1-5,target_exhibition_st_rank_bucket x other_st_faster_than_target_count_bucket,3 | 1,1219,89,7.3,121900,100150,-21750,82.16,1125.28,6.07,72.93,1201.46,9.23,1.23,-76.18,mixed_edge
1-4,lane1_target_national_rank_pair x target_outer_pressure_bucket,1-2 | high_other_pressure,386,83,21.5,38600,31710,-6890,82.15,382.05,10.28,77.68,755.43,4.47,11.22,-373.38,mixed_edge
1-6,target_class,A2,3034,152,5.01,303400,249200,-54200,82.14,1639.47,3.76,67.31,1788.6,14.83,1.25,-149.13,mixed_edge
1-3,target_start_exhibition_gap_bucket,best,2701,452,16.73,270100,221840,-48260,82.13,490.8,15.39,80.41,522.51,1.72,1.34,-31.71,mixed_edge
1-3,target_lane x target_start_exhibition_gap_bucket,3 | best,2701,452,16.73,270100,221840,-48260,82.13,490.8,15.39,80.41,522.51,1.72,1.34,-31.71,mixed_edge
1-5,stadium_code,09,708,47,6.64,70800,58150,-12650,82.13,1237.23,6.07,72.93,1201.46,9.2,0.57,35.77,mixed_edge
1-5,stadium_code x target_lane,09 | 5,708,47,6.64,70800,58150,-12650,82.13,1237.23,6.07,72.93,1201.46,9.2,0.57,35.77,mixed_edge
1-4,stadium_code,19,503,55,10.93,50300,41290,-9010,82.09,750.73,10.28,77.68,755.43,4.41,0.65,-4.7,mixed_edge
1-4,stadium_code x target_lane,19 | 4,503,55,10.93,50300,41290,-9010,82.09,750.73,10.28,77.68,755.43,4.41,0.65,-4.7,mixed_edge
1-5,lane1_target_motor_place_diff_bucket,target_plus_10+,2592,164,6.33,259200,212730,-46470,82.07,1297.13,6.07,72.93,1201.46,9.14,0.26,95.67,mixed_edge
1-6,target_exhibition_st_rank_bucket,1,1761,92,5.22,176100,144530,-31570,82.07,1570.98,3.76,67.31,1788.6,14.76,1.46,-217.62,mixed_edge
1-6,target_lane x target_exhibition_st_rank_bucket,6 | 1,1761,92,5.22,176100,144530,-31570,82.07,1570.98,3.76,67.31,1788.6,14.76,1.46,-217.62,mixed_edge
1-6,target_exhibition_st_rank_bucket x other_st_faster_than_target_count_bucket,1 | 0,1761,92,5.22,176100,144530,-31570,82.07,1570.98,3.76,67.31,1788.6,14.76,1.46,-217.62,mixed_edge
1-3,lane1_target_start_gap_pair x target_outer_pressure_bucket,>0.06-<=0.03 | high_other_pressure,604,68,11.26,60400,49540,-10860,82.02,728.53,15.39,80.41,522.51,1.61,-4.13,206.02,mixed_edge
1-5,target_national_win_rank_bucket,3,2167,153,7.06,216700,177690,-39010,82.0,1161.37,6.07,72.93,1201.46,9.07,0.99,-40.09,mixed_edge
1-2,target_exhibition_st_rank_bucket,1,2049,412,20.11,204900,168000,-36900,81.99,407.77,18.12,79.62,439.27,2.37,1.99,-31.5,mixed_edge
1-2,target_lane x target_exhibition_st_rank_bucket,2 | 1,2049,412,20.11,204900,168000,-36900,81.99,407.77,18.12,79.62,439.27,2.37,1.99,-31.5,mixed_edge
1-2,target_exhibition_st_rank_bucket x other_st_faster_than_target_count_bucket,1 | 0,2049,412,20.11,204900,168000,-36900,81.99,407.77,18.12,79.62,439.27,2.37,1.99,-31.5,mixed_edge
1-2,race_no_bucket,1-3R,3514,610,17.36,351400,288090,-63310,81.98,472.28,18.12,79.62,439.27,2.36,-0.76,33.01,mixed_edge
1-2,race_no_bucket x target_lane,1-3R | 2,3514,610,17.36,351400,288090,-63310,81.98,472.28,18.12,79.62,439.27,2.36,-0.76,33.01,mixed_edge
1-2,lane1_target_class_pair,B1-B1,2741,327,11.93,274100,224660,-49440,81.96,687.03,18.12,79.62,439.27,2.34,-6.19,247.76,mixed_edge
1-3,other_b2_count_bucket,0,9841,1539,15.64,984100,806350,-177750,81.94,523.94,15.39,80.41,522.51,1.53,0.25,1.43,mixed_edge
1-4,lane1_exhibition_st_rank_bucket,1,3752,460,12.26,375200,307390,-67810,81.93,668.24,10.28,77.68,755.43,4.25,1.98,-87.19,mixed_edge
1-4,lane1_start_exhibition_gap_bucket,best,3752,460,12.26,375200,307390,-67810,81.93,668.24,10.28,77.68,755.43,4.25,1.98,-87.19,mixed_edge
1-2,other_exhibition_faster_than_target_count_bucket,3,2299,395,17.18,229900,188360,-41540,81.93,476.86,18.12,79.62,439.27,2.31,-0.94,37.59,mixed_edge
1-2,target_exhibition_rank_bucket x other_exhibition_faster_than_target_count_bucket,4+ | 3,2299,395,17.18,229900,188360,-41540,81.93,476.86,18.12,79.62,439.27,2.31,-0.94,37.59,mixed_edge
1-5,lane1_target_exhibition_time_diff_bucket,target_faster_0.10+,561,39,6.95,56100,45950,-10150,81.91,1178.21,6.07,72.93,1201.46,8.98,0.88,-23.25,mixed_edge
1-3,lane1_target_start_exhibition_st_diff_bucket,near_equal,4073,680,16.7,407300,333520,-73780,81.89,490.47,15.39,80.41,522.51,1.48,1.31,-32.04,mixed_edge
1-3,wave_bucket,5-9,1513,230,15.2,151300,123900,-27400,81.89,538.7,15.39,80.41,522.51,1.48,-0.19,16.19,mixed_edge
1-2,target_national_win_rank_bucket x other_national_better_than_target_count_bucket,3 | 1,1452,371,25.55,145200,118900,-26300,81.89,320.49,18.12,79.62,439.27,2.27,7.43,-118.78,mixed_edge
1-2,target_class_group,B,7417,1117,15.06,741700,607120,-134580,81.86,543.53,18.12,79.62,439.27,2.24,-3.06,104.26,mixed_edge
1-2,target_lane x target_class_group,2 | B,7417,1117,15.06,741700,607120,-134580,81.86,543.53,18.12,79.62,439.27,2.24,-3.06,104.26,mixed_edge
1-2,lane1_target_start_exhibition_st_diff_bucket,lane1_faster_0.06+,3244,561,17.29,324400,265530,-58870,81.85,473.32,18.12,79.62,439.27,2.23,-0.83,34.05,mixed_edge
1-2,target_class_group x target_outer_pressure_bucket,B | high_other_pressure,6600,913,13.83,660000,540000,-120000,81.82,591.46,18.12,79.62,439.27,2.2,-4.29,152.19,mixed_edge
1-3,lane1_target_start_gap_pair x target_outer_pressure_bucket,<=0.03->0.06 | high_other_pressure,686,93,13.56,68600,56130,-12470,81.82,603.55,15.39,80.41,522.51,1.41,-1.83,81.04,mixed_edge
1-3,lane1_target_motor_place_diff_bucket,target_plus_10+,2586,407,15.74,258600,211510,-47090,81.79,519.68,15.39,80.41,522.51,1.38,0.35,-2.83,mixed_edge
1-3,lane1_national_win_rank_bucket,3,2521,381,15.11,252100,206130,-45970,81.77,541.02,15.39,80.41,522.51,1.36,-0.28,18.51,mixed_edge
1-6,lane1_target_exhibition_time_diff_bucket,target_faster_0.05_0.10,1589,71,4.47,158900,129920,-28980,81.76,1829.86,3.76,67.31,1788.6,14.45,0.71,41.26,mixed_edge
1-3,lane1_target_exhibition_st_rank_pair,3-1,486,82,16.87,48600,39730,-8870,81.75,484.51,15.39,80.41,522.51,1.34,1.48,-38.0,mixed_edge
1-3,lane1_exhibition_st_rank_bucket x target_exhibition_st_rank_bucket,3 | 1,486,82,16.87,48600,39730,-8870,81.75,484.51,15.39,80.41,522.51,1.34,1.48,-38.0,mixed_edge
1-6,lane1_target_exhibition_st_rank_pair,4+-1,1001,51,5.09,100100,81820,-18280,81.74,1604.31,3.76,67.31,1788.6,14.43,1.33,-184.29,mixed_edge
1-6,lane1_exhibition_st_rank_bucket x target_exhibition_st_rank_bucket,4+ | 1,1001,51,5.09,100100,81820,-18280,81.74,1604.31,3.76,67.31,1788.6,14.43,1.33,-184.29,mixed_edge
1-3,lane1_target_exhibition_time_diff_bucket x lane1_target_start_exhibition_st_diff_bucket,target_faster_0.10+ | target_faster_0.03_0.06,81,16,19.75,8100,6620,-1480,81.73,413.75,15.39,80.41,522.51,1.32,4.36,-108.76,mixed_edge
1-6,other_b2_count_bucket,1,2631,136,5.17,263100,215010,-48090,81.72,1580.96,3.76,67.31,1788.6,14.41,1.41,-207.64,mixed_edge
1-2,lane1_target_motor_place_diff_bucket,near_equal,4473,779,17.42,447300,365510,-81790,81.71,469.2,18.12,79.62,439.27,2.09,-0.7,29.93,mixed_edge
1-3,lane1_target_group_pair x other_a_count_bucket,B-A | 2,1068,125,11.7,106800,87240,-19560,81.69,697.92,15.39,80.41,522.51,1.28,-3.69,175.41,mixed_edge
1-5,stadium_code,04,623,35,5.62,62300,50890,-11410,81.69,1454.0,6.07,72.93,1201.46,8.76,-0.45,252.54,mixed_edge
1-5,stadium_code x target_lane,04 | 5,623,35,5.62,62300,50890,-11410,81.69,1454.0,6.07,72.93,1201.46,8.76,-0.45,252.54,mixed_edge
1-3,month,2025-06,4761,721,15.14,476100,388900,-87200,81.68,539.39,15.39,80.41,522.51,1.27,-0.25,16.88,mixed_edge
1-3,lane1_exhibition_rank_bucket,1,4216,741,17.58,421600,344270,-77330,81.66,464.6,15.39,80.41,522.51,1.25,2.19,-57.91,mixed_edge
1-2,lane1_national_win_rank_bucket,2,2882,555,19.26,288200,235280,-52920,81.64,423.93,18.12,79.62,439.27,2.02,1.14,-15.34,mixed_edge
1-2,target_exhibition_rank_bucket,4+,6152,1060,17.23,615200,502120,-113080,81.62,473.7,18.12,79.62,439.27,2.0,-0.89,34.43,mixed_edge
1-3,lane1_target_national_rank_pair,4+-2,1087,133,12.24,108700,88720,-19980,81.62,667.07,15.39,80.41,522.51,1.21,-3.15,144.56,mixed_edge
1-3,target_lane x lane1_target_national_rank_pair,3 | 4+-2,1087,133,12.24,108700,88720,-19980,81.62,667.07,15.39,80.41,522.51,1.21,-3.15,144.56,mixed_edge
1-5,target_national_win_rank_bucket,2,2046,174,8.5,204600,166940,-37660,81.59,959.43,6.07,72.93,1201.46,8.66,2.43,-242.03,mixed_edge
1-3,lane1_target_start_gap_pair x target_outer_pressure_bucket,<=0.03-<=0.03 | some_other_pressure,108,27,25.0,10800,8810,-1990,81.57,326.3,15.39,80.41,522.51,1.16,9.61,-196.21,mixed_edge
1-3,lane1_target_national_rank_pair x target_outer_pressure_bucket,1-3 | high_other_pressure,444,105,23.65,44400,36210,-8190,81.55,344.86,15.39,80.41,522.51,1.14,8.26,-177.65,mixed_edge
1-2,lane1_target_start_gap_pair x target_outer_pressure_bucket,<=0.03-0.04-0.06 | some_other_pressure,84,22,26.19,8400,6850,-1550,81.55,311.36,18.12,79.62,439.27,1.93,8.07,-127.91,mixed_edge
1-4,lane1_target_exhibition_time_diff_bucket x lane1_target_start_exhibition_st_diff_bucket,target_faster_0.05_0.10 | lane1_faster_0.03_0.06,176,23,13.07,17600,14350,-3250,81.53,623.91,10.28,77.68,755.43,3.85,2.79,-131.52,mixed_edge
1-6,lane1_target_start_gap_pair,<=0.03-0.04-0.06,534,28,5.24,53400,43530,-9870,81.52,1554.64,3.76,67.31,1788.6,14.21,1.48,-233.96,mixed_edge
1-6,target_lane x lane1_target_start_gap_pair,6 | <=0.03-0.04-0.06,534,28,5.24,53400,43530,-9870,81.52,1554.64,3.76,67.31,1788.6,14.21,1.48,-233.96,mixed_edge
1-6,lane1_start_exhibition_gap_bucket x target_start_exhibition_gap_bucket,<=0.03 | 0.04-0.06,534,28,5.24,53400,43530,-9870,81.52,1554.64,3.76,67.31,1788.6,14.21,1.48,-233.96,mixed_edge
1-3,wind_bucket,0-2,6525,1037,15.89,652500,531810,-120690,81.5,512.84,15.39,80.41,522.51,1.09,0.5,-9.67,mixed_edge
1-2,other_national_better_than_target_count_bucket,3,2849,385,13.51,284900,232200,-52700,81.5,603.12,18.12,79.62,439.27,1.88,-4.61,163.85,mixed_edge
1-2,target_national_win_rank_bucket x other_national_better_than_target_count_bucket,4+ | 3,2849,385,13.51,284900,232200,-52700,81.5,603.12,18.12,79.62,439.27,1.88,-4.61,163.85,mixed_edge
1-5,stadium_code,14,527,32,6.07,52700,42950,-9750,81.5,1342.19,6.07,72.93,1201.46,8.57,0.0,140.73,mixed_edge
1-5,stadium_code x target_lane,14 | 5,527,32,6.07,52700,42950,-9750,81.5,1342.19,6.07,72.93,1201.46,8.57,0.0,140.73,mixed_edge
1-2,lane1_target_start_gap_pair x target_outer_pressure_bucket,0.04-0.06-<=0.03 | low_other_pressure,34,9,26.47,3400,2770,-630,81.47,307.78,18.12,79.62,439.27,1.85,8.35,-131.49,mixed_edge
1-3,stadium_code,24,551,109,19.78,55100,44880,-10220,81.45,411.74,15.39,80.41,522.51,1.04,4.39,-110.77,mixed_edge
1-3,stadium_code x target_lane,24 | 3,551,109,19.78,55100,44880,-10220,81.45,411.74,15.39,80.41,522.51,1.04,4.39,-110.77,mixed_edge
1-3,lane1_target_national_rank_pair x target_outer_pressure_bucket,2-1 | some_other_pressure,145,42,28.97,14500,11810,-2690,81.45,281.19,15.39,80.41,522.51,1.04,13.58,-241.32,mixed_edge
1-4,lane1_exhibition_st_rank_bucket,3,2105,226,10.74,210500,171420,-39080,81.43,758.5,10.28,77.68,755.43,3.75,0.46,3.07,mixed_edge
1-3,other_national_better_than_target_count_bucket,2,3044,424,13.93,304400,247830,-56570,81.42,584.5,15.39,80.41,522.51,1.01,-1.46,61.99,mixed_edge
1-2,lane1_target_group_pair,A-B,4272,750,17.56,427200,347780,-79420,81.41,463.71,18.12,79.62,439.27,1.79,-0.56,24.44,mixed_edge
1-3,target_outer_pressure_bucket,high_other_pressure,11138,1531,13.75,1113800,906650,-207150,81.4,592.19,15.39,80.41,522.51,0.99,-1.64,69.68,mixed_edge
1-3,target_lane x target_outer_pressure_bucket,3 | high_other_pressure,11138,1531,13.75,1113800,906650,-207150,81.4,592.19,15.39,80.41,522.51,0.99,-1.64,69.68,mixed_edge
1-5,lane1_target_national_rank_pair x target_outer_pressure_bucket,1-3 | some_other_pressure,250,29,11.6,25000,20350,-4650,81.4,701.72,6.07,72.93,1201.46,8.47,5.53,-499.74,mixed_edge
1-3,lane1_target_start_gap_pair x target_outer_pressure_bucket,<=0.03->0.06 | some_other_pressure,114,24,21.05,11400,9280,-2120,81.4,386.67,15.39,80.41,522.51,0.99,5.66,-135.84,mixed_edge
1-4,other_b2_count_bucket,1,3463,367,10.6,346300,281870,-64430,81.39,768.04,10.28,77.68,755.43,3.71,0.32,12.61,mixed_edge
1-3,lane1_target_group_pair x other_a_count_bucket,A-B | 2,1439,181,12.58,143900,117100,-26800,81.38,646.96,15.39,80.41,522.51,0.97,-2.81,124.45,mixed_edge
1-2,target_exhibition_st_rank_bucket x other_st_faster_than_target_count_bucket,2 | 1,1235,224,18.14,123500,100500,-23000,81.38,448.66,18.12,79.62,439.27,1.76,0.02,9.39,mixed_edge
1-3,target_local_win_rank_bucket,2,2365,421,17.8,236500,192450,-44050,81.37,457.13,15.39,80.41,522.51,0.96,2.41,-65.38,mixed_edge
1-5,other_st_faster_than_target_count_bucket,2,2840,179,6.3,284000,231010,-52990,81.34,1290.56,6.07,72.93,1201.46,8.41,0.23,89.1,mixed_edge
1-3,lane1_target_class_pair,A2-B1,2185,290,13.27,218500,177730,-40770,81.34,612.86,15.39,80.41,522.51,0.93,-2.12,90.35,mixed_edge
1-2,other_group_pattern,A-B-B-A,991,144,14.53,99100,80600,-18500,81.33,559.72,18.12,79.62,439.27,1.71,-3.59,120.45,mixed_edge
1-5,target_exhibition_rank_bucket x other_exhibition_faster_than_target_count_bucket,4+ | 2,2115,143,6.76,211500,172000,-39500,81.32,1202.8,6.07,72.93,1201.46,8.39,0.69,1.34,mixed_edge
1-2,target_national_win_rank_bucket,4+,6723,966,14.37,672300,546630,-125670,81.31,565.87,18.12,79.62,439.27,1.69,-3.75,126.6,mixed_edge
1-4,lane1_target_national_rank_pair,2-3,564,74,13.12,56400,45860,-10540,81.31,619.73,10.28,77.68,755.43,3.63,2.84,-135.7,mixed_edge
1-4,target_lane x lane1_target_national_rank_pair,4 | 2-3,564,74,13.12,56400,45860,-10540,81.31,619.73,10.28,77.68,755.43,3.63,2.84,-135.7,mixed_edge
1-3,lane1_target_exhibition_time_diff_bucket,target_faster_0.10+,605,93,15.37,60500,49160,-11340,81.26,528.6,15.39,80.41,522.51,0.85,-0.02,6.09,mixed_edge
1-3,target_class_group x target_outer_pressure_bucket,B | some_other_pressure,522,104,19.92,52200,42420,-9780,81.26,407.88,15.39,80.41,522.51,0.85,4.53,-114.63,mixed_edge
1-5,lane1_target_group_pair x target_outer_pressure_bucket,B-A | low_other_pressure,255,28,10.98,25500,20720,-4780,81.25,740.0,6.07,72.93,1201.46,8.32,4.91,-461.46,mixed_edge
1-3,lane1_target_national_win_diff_bucket,target_plus_0.35_1.00,1841,303,16.46,184100,149570,-34530,81.24,493.63,15.39,80.41,522.51,0.83,1.07,-28.88,mixed_edge
1-4,lane1_target_motor_place_diff_bucket,target_plus_10+,2659,279,10.49,265900,215970,-49930,81.22,774.09,10.28,77.68,755.43,3.54,0.21,18.66,mixed_edge
1-2,lane1_target_start_gap_pair x target_outer_pressure_bucket,best-0.04-0.06 | low_other_pressure,58,17,29.31,5800,4710,-1090,81.21,277.06,18.12,79.62,439.27,1.59,11.19,-162.21,mixed_edge
1-5,lane1_target_start_gap_pair x target_outer_pressure_bucket,>0.06-best | some_other_pressure,208,19,9.13,20800,16890,-3910,81.2,888.95,6.07,72.93,1201.46,8.27,3.06,-312.51,mixed_edge
1-3,lane1_target_start_gap_pair,>0.06-<=0.03,773,102,13.2,77300,62750,-14550,81.18,615.2,15.39,80.41,522.51,0.77,-2.19,92.69,mixed_edge
1-3,target_lane x lane1_target_start_gap_pair,3 | >0.06-<=0.03,773,102,13.2,77300,62750,-14550,81.18,615.2,15.39,80.41,522.51,0.77,-2.19,92.69,mixed_edge
1-3,lane1_start_exhibition_gap_bucket x target_start_exhibition_gap_bucket,>0.06 | <=0.03,773,102,13.2,77300,62750,-14550,81.18,615.2,15.39,80.41,522.51,0.77,-2.19,92.69,mixed_edge
1-3,stadium_code,19,503,89,17.69,50300,40810,-9490,81.13,458.54,15.39,80.41,522.51,0.72,2.3,-63.97,mixed_edge
1-3,stadium_code x target_lane,19 | 3,503,89,17.69,50300,40810,-9490,81.13,458.54,15.39,80.41,522.51,0.72,2.3,-63.97,mixed_edge
1-4,lane1_target_group_pair x other_a_count_bucket,B-B | 0,586,64,10.92,58600,47530,-11070,81.11,742.66,10.28,77.68,755.43,3.43,0.64,-12.77,mixed_edge
1-4,lane1_target_national_rank_pair x target_outer_pressure_bucket,1-2 | some_other_pressure,164,41,25.0,16400,13300,-3100,81.1,324.39,10.28,77.68,755.43,3.42,14.72,-431.04,mixed_edge
1-4,lane1_target_national_rank_pair x target_outer_pressure_bucket,3-1 | low_other_pressure,127,25,19.69,12700,10300,-2400,81.1,412.0,10.28,77.68,755.43,3.42,9.41,-343.43,mixed_edge
1-3,lane1_target_start_gap_pair,<=0.03->0.06,849,128,15.08,84900,68840,-16060,81.08,537.81,15.39,80.41,522.51,0.67,-0.31,15.3,mixed_edge
1-3,target_lane x lane1_target_start_gap_pair,3 | <=0.03->0.06,849,128,15.08,84900,68840,-16060,81.08,537.81,15.39,80.41,522.51,0.67,-0.31,15.3,mixed_edge
1-3,lane1_start_exhibition_gap_bucket x target_start_exhibition_gap_bucket,<=0.03 | >0.06,849,128,15.08,84900,68840,-16060,81.08,537.81,15.39,80.41,522.51,0.67,-0.31,15.3,mixed_edge
1-2,target_exhibition_rank_bucket x other_exhibition_faster_than_target_count_bucket,3 | 1,1802,358,19.87,180200,146080,-34120,81.07,408.04,18.12,79.62,439.27,1.45,1.75,-31.23,mixed_edge
1-4,lane1_target_start_gap_pair,<=0.03->0.06,952,95,9.98,95200,77170,-18030,81.06,812.32,10.28,77.68,755.43,3.38,-0.3,56.89,mixed_edge
1-4,target_lane x lane1_target_start_gap_pair,4 | <=0.03->0.06,952,95,9.98,95200,77170,-18030,81.06,812.32,10.28,77.68,755.43,3.38,-0.3,56.89,mixed_edge
1-4,lane1_start_exhibition_gap_bucket x target_start_exhibition_gap_bucket,<=0.03 | >0.06,952,95,9.98,95200,77170,-18030,81.06,812.32,10.28,77.68,755.43,3.38,-0.3,56.89,mixed_edge
1-6,target_local_win_rank_bucket,2,2014,111,5.51,201400,163220,-38180,81.04,1470.45,3.76,67.31,1788.6,13.73,1.75,-318.15,mixed_edge
1-4,wave_bucket,5-9,1513,153,10.11,151300,122620,-28680,81.04,801.44,10.28,77.68,755.43,3.36,-0.17,46.01,mixed_edge
1-4,race_no_bucket,1-3R,3514,335,9.53,351400,284750,-66650,81.03,850.0,10.28,77.68,755.43,3.35,-0.75,94.57,mixed_edge
1-4,race_no_bucket x target_lane,1-3R | 4,3514,335,9.53,351400,284750,-66650,81.03,850.0,10.28,77.68,755.43,3.35,-0.75,94.57,mixed_edge
1-2,lane1_target_group_pair x target_outer_pressure_bucket,A-B | high_other_pressure,3787,606,16.0,378700,306790,-71910,81.01,506.25,18.12,79.62,439.27,1.39,-2.12,66.98,mixed_edge
1-2,lane1_target_exhibition_time_diff_bucket x lane1_target_start_exhibition_st_diff_bucket,near_equal | near_equal,2400,469,19.54,240000,194400,-45600,81.0,414.5,18.12,79.62,439.27,1.38,1.42,-24.77,mixed_edge
1-3,lane1_target_national_rank_pair x target_outer_pressure_bucket,2-4+ | high_other_pressure,1678,218,12.99,167800,135910,-31890,81.0,623.44,15.39,80.41,522.51,0.59,-2.4,100.93,mixed_edge
1-5,lane1_exhibition_st_rank_bucket,3,2105,132,6.27,210500,170460,-40040,80.98,1291.36,6.07,72.93,1201.46,8.05,0.2,89.9,mixed_edge
1-2,other_national_better_than_target_count_bucket,1,3122,654,20.95,312200,252800,-59400,80.97,386.54,18.12,79.62,439.27,1.35,2.83,-52.73,mixed_edge
1-4,lane1_target_boat_place_diff_bucket,target_plus_4_10,2225,239,10.74,222500,180150,-42350,80.97,753.77,10.28,77.68,755.43,3.29,0.46,-1.66,mixed_edge
1-6,stadium_code,06,564,27,4.79,56400,45650,-10750,80.94,1690.74,3.76,67.31,1788.6,13.63,1.03,-97.86,mixed_edge
1-6,stadium_code x target_lane,06 | 6,564,27,4.79,56400,45650,-10750,80.94,1690.74,3.76,67.31,1788.6,13.63,1.03,-97.86,mixed_edge
1-2,month,2025-06,4761,854,17.94,476100,385260,-90840,80.92,451.12,18.12,79.62,439.27,1.3,-0.18,11.85,mixed_edge
1-3,race_no_bucket,1-3R,3514,501,14.26,351400,284320,-67080,80.91,567.5,15.39,80.41,522.51,0.5,-1.13,44.99,mixed_edge
1-3,race_no_bucket x target_lane,1-3R | 3,3514,501,14.26,351400,284320,-67080,80.91,567.5,15.39,80.41,522.51,0.5,-1.13,44.99,mixed_edge
1-2,other_exhibition_faster_than_target_count_bucket,2,2805,509,18.15,280500,226950,-53550,80.91,445.87,18.12,79.62,439.27,1.29,0.03,6.6,mixed_edge
1-3,lane1_target_national_rank_pair,2-4+,1680,218,12.98,168000,135910,-32090,80.9,623.44,15.39,80.41,522.51,0.49,-2.41,100.93,mixed_edge
1-3,target_lane x lane1_target_national_rank_pair,3 | 2-4+,1680,218,12.98,168000,135910,-32090,80.9,623.44,15.39,80.41,522.51,0.49,-2.41,100.93,mixed_edge
1-2,lane1_target_local_win_diff_bucket,near_equal,2059,423,20.54,205900,166550,-39350,80.89,393.74,18.12,79.62,439.27,1.27,2.42,-45.53,mixed_edge
1-2,lane1_target_national_win_diff_bucket,target_plus_0.35_1.00,1874,351,18.73,187400,151590,-35810,80.89,431.88,18.12,79.62,439.27,1.27,0.61,-7.39,mixed_edge
1-5,target_motor_rank_bucket,3,2177,149,6.84,217700,176060,-41640,80.87,1181.61,6.07,72.93,1201.46,7.94,0.77,-19.85,mixed_edge
1-6,target_exhibition_st_rank_bucket,2,1952,93,4.76,195200,157830,-37370,80.86,1697.1,3.76,67.31,1788.6,13.55,1.0,-91.5,mixed_edge
1-6,target_lane x target_exhibition_st_rank_bucket,6 | 2,1952,93,4.76,195200,157830,-37370,80.86,1697.1,3.76,67.31,1788.6,13.55,1.0,-91.5,mixed_edge
1-2,other_group_pattern,B-B-A-B,916,175,19.1,91600,74070,-17530,80.86,423.26,18.12,79.62,439.27,1.24,0.98,-16.01,mixed_edge
1-5,lane1_target_national_rank_pair,1-3,605,62,10.25,60500,48920,-11580,80.86,789.03,6.07,72.93,1201.46,7.93,4.18,-412.43,mixed_edge
1-5,target_lane x lane1_target_national_rank_pair,5 | 1-3,605,62,10.25,60500,48920,-11580,80.86,789.03,6.07,72.93,1201.46,7.93,4.18,-412.43,mixed_edge
1-2,lane1_target_national_rank_pair x target_outer_pressure_bucket,3-2 | some_other_pressure,291,69,23.71,29100,23530,-5570,80.86,341.01,18.12,79.62,439.27,1.24,5.59,-98.26,mixed_edge
1-3,wave_bucket,0-4,12228,1899,15.53,1222800,988510,-234290,80.84,520.54,15.39,80.41,522.51,0.43,0.14,-1.97,mixed_edge
1-5,lane1_target_exhibition_time_diff_bucket,target_faster_0.05_0.10,1467,91,6.2,146700,118590,-28110,80.84,1303.19,6.07,72.93,1201.46,7.91,0.13,101.73,mixed_edge
1-3,target_class_group x target_outer_pressure_bucket,B | low_other_pressure,107,29,27.1,10700,8650,-2050,80.84,298.28,15.39,80.41,522.51,0.43,11.71,-224.23,mixed_edge
1-3,lane1_target_class_pair,A1-A2,1058,246,23.25,105800,85520,-20280,80.83,347.64,15.39,80.41,522.51,0.42,7.86,-174.87,mixed_edge
1-5,stadium_code,13,804,51,6.34,80400,64970,-15430,80.81,1273.92,6.07,72.93,1201.46,7.88,0.27,72.46,mixed_edge
1-5,stadium_code x target_lane,13 | 5,804,51,6.34,80400,64970,-15430,80.81,1273.92,6.07,72.93,1201.46,7.88,0.27,72.46,mixed_edge
1-4,lane1_boat_rank_bucket,2,2343,256,10.93,234300,189270,-45030,80.78,739.34,10.28,77.68,755.43,3.1,0.65,-16.09,mixed_edge
1-6,lane1_target_national_rank_pair,3-4+,1561,24,1.54,156100,126100,-30000,80.78,5254.17,3.76,67.31,1788.6,13.47,-2.22,3465.57,mixed_edge
1-6,target_lane x lane1_target_national_rank_pair,6 | 3-4+,1561,24,1.54,156100,126100,-30000,80.78,5254.17,3.76,67.31,1788.6,13.47,-2.22,3465.57,mixed_edge
1-6,lane1_target_national_rank_pair x target_outer_pressure_bucket,3-4+ | high_other_pressure,1561,24,1.54,156100,126100,-30000,80.78,5254.17,3.76,67.31,1788.6,13.47,-2.22,3465.57,mixed_edge
1-6,stadium_code,04,623,21,3.37,62300,50320,-11980,80.77,2396.19,3.76,67.31,1788.6,13.46,-0.39,607.59,mixed_edge
1-6,stadium_code x target_lane,04 | 6,623,21,3.37,62300,50320,-11980,80.77,2396.19,3.76,67.31,1788.6,13.46,-0.39,607.59,mixed_edge
1-3,lane1_target_start_gap_pair,0.04-0.06-<=0.03,575,87,15.13,57500,46440,-11060,80.77,533.79,15.39,80.41,522.51,0.36,-0.26,11.28,mixed_edge
1-3,target_lane x lane1_target_start_gap_pair,3 | 0.04-0.06-<=0.03,575,87,15.13,57500,46440,-11060,80.77,533.79,15.39,80.41,522.51,0.36,-0.26,11.28,mixed_edge
1-3,lane1_start_exhibition_gap_bucket x target_start_exhibition_gap_bucket,0.04-0.06 | <=0.03,575,87,15.13,57500,46440,-11060,80.77,533.79,15.39,80.41,522.51,0.36,-0.26,11.28,mixed_edge
1-4,other_a_count_bucket,1,3661,419,11.44,366100,295640,-70460,80.75,705.58,10.28,77.68,755.43,3.07,1.16,-49.85,mixed_edge
1-4,target_lane x other_a_count_bucket,4 | 1,3661,419,11.44,366100,295640,-70460,80.75,705.58,10.28,77.68,755.43,3.07,1.16,-49.85,mixed_edge
1-3,target_local_win_rank_bucket,4+,6894,869,12.61,689400,556520,-132880,80.73,640.41,15.39,80.41,522.51,0.32,-2.78,117.9,mixed_edge
1-2,other_a_count_bucket,2,4945,755,15.27,494500,399230,-95270,80.73,528.78,18.12,79.62,439.27,1.11,-2.85,89.51,mixed_edge
1-2,target_lane x other_a_count_bucket,2 | 2,4945,755,15.27,494500,399230,-95270,80.73,528.78,18.12,79.62,439.27,1.11,-2.85,89.51,mixed_edge
1-3,other_a_count_bucket,4,1402,259,18.47,140200,113170,-27030,80.72,436.95,15.39,80.41,522.51,0.31,3.08,-85.56,mixed_edge
1-3,other_group_pattern,A-A-A-A,1402,259,18.47,140200,113170,-27030,80.72,436.95,15.39,80.41,522.51,0.31,3.08,-85.56,mixed_edge
1-3,target_lane x other_a_count_bucket,3 | 4,1402,259,18.47,140200,113170,-27030,80.72,436.95,15.39,80.41,522.51,0.31,3.08,-85.56,mixed_edge
1-4,lane1_target_exhibition_time_diff_bucket,near_equal,6892,758,11.0,689200,556240,-132960,80.71,733.83,10.28,77.68,755.43,3.03,0.72,-21.6,mixed_edge
1-5,lane1_exhibition_st_rank_bucket,1,3752,264,7.04,375200,302830,-72370,80.71,1147.08,6.07,72.93,1201.46,7.78,0.97,-54.38,mixed_edge
1-5,lane1_start_exhibition_gap_bucket,best,3752,264,7.04,375200,302830,-72370,80.71,1147.08,6.07,72.93,1201.46,7.78,0.97,-54.38,mixed_edge
1-3,lane1_target_start_gap_pair x target_outer_pressure_bucket,0.04-0.06-best | low_other_pressure,42,11,26.19,4200,3390,-810,80.71,308.18,15.39,80.41,522.51,0.3,10.8,-214.33,mixed_edge
1-5,lane1_target_exhibition_time_diff_bucket x lane1_target_start_exhibition_st_diff_bucket,lane1_faster_0.05_0.10 | lane1_faster_0.03_0.06,431,25,5.8,43100,34780,-8320,80.7,1391.2,6.07,72.93,1201.46,7.77,-0.27,189.74,mixed_edge
1-2,wave_bucket,0-4,12228,2250,18.4,1222800,986260,-236540,80.66,438.34,18.12,79.62,439.27,1.04,0.28,-0.93,mixed_edge
1-2,lane1_target_national_rank_pair,4+-2,1142,166,14.54,114200,92110,-22090,80.66,554.88,18.12,79.62,439.27,1.04,-3.58,115.61,mixed_edge
1-2,target_lane x lane1_target_national_rank_pair,2 | 4+-2,1142,166,14.54,114200,92110,-22090,80.66,554.88,18.12,79.62,439.27,1.04,-3.58,115.61,mixed_edge
1-2,target_outer_pressure_bucket,high_other_pressure,10618,1743,16.42,1061800,856200,-205600,80.64,491.22,18.12,79.62,439.27,1.02,-1.7,51.95,mixed_edge
1-2,target_lane x target_outer_pressure_bucket,2 | high_other_pressure,10618,1743,16.42,1061800,856200,-205600,80.64,491.22,18.12,79.62,439.27,1.02,-1.7,51.95,mixed_edge
1-6,target_start_exhibition_gap_bucket,best,2580,131,5.08,258000,208050,-49950,80.64,1588.17,3.76,67.31,1788.6,13.33,1.32,-200.43,mixed_edge
1-6,target_lane x target_start_exhibition_gap_bucket,6 | best,2580,131,5.08,258000,208050,-49950,80.64,1588.17,3.76,67.31,1788.6,13.33,1.32,-200.43,mixed_edge
1-3,lane1_target_exhibition_time_diff_bucket x lane1_target_start_exhibition_st_diff_bucket,target_faster_0.05_0.10 | lane1_faster_0.03_0.06,221,32,14.48,22100,17810,-4290,80.59,556.56,15.39,80.41,522.51,0.18,-0.91,34.05,mixed_edge
1-2,lane1_target_national_win_diff_bucket,lane1_plus_1.00+,4221,745,17.65,422100,340100,-82000,80.57,456.51,18.12,79.62,439.27,0.95,-0.47,17.24,mixed_edge
1-5,lane1_motor_rank_bucket,3,2238,159,7.1,223800,180280,-43520,80.55,1133.84,6.07,72.93,1201.46,7.62,1.03,-67.62,mixed_edge
1-5,lane1_start_exhibition_gap_bucket,0.04-0.06,2411,155,6.43,241100,194190,-46910,80.54,1252.84,6.07,72.93,1201.46,7.61,0.36,51.38,mixed_edge
1-5,lane1_target_group_pair x target_outer_pressure_bucket,A-B | some_other_pressure,288,29,10.07,28800,23190,-5610,80.52,799.66,6.07,72.93,1201.46,7.59,4.0,-401.8,mixed_edge
1-3,target_motor_rank_bucket,4+,6703,984,14.68,670300,539560,-130740,80.5,548.33,15.39,80.41,522.51,0.09,-0.71,25.82,mixed_edge
1-3,target_start_exhibition_gap_bucket,0.04-0.06,2873,439,15.28,287300,231230,-56070,80.48,526.72,15.39,80.41,522.51,0.07,-0.11,4.21,mixed_edge
1-3,target_lane x target_start_exhibition_gap_bucket,3 | 0.04-0.06,2873,439,15.28,287300,231230,-56070,80.48,526.72,15.39,80.41,522.51,0.07,-0.11,4.21,mixed_edge
1-6,lane1_target_exhibition_time_diff_bucket x lane1_target_start_exhibition_st_diff_bucket,target_faster_0.05_0.10 | lane1_faster_0.06+,456,15,3.29,45600,36700,-8900,80.48,2446.67,3.76,67.31,1788.6,13.17,-0.47,658.07,mixed_edge
1-5,lane1_target_national_rank_pair x target_outer_pressure_bucket,1-3 | high_other_pressure,355,33,9.3,35500,28570,-6930,80.48,865.76,6.07,72.93,1201.46,7.55,3.23,-335.7,mixed_edge
1-2,lane1_target_national_rank_pair x target_outer_pressure_bucket,2-3 | some_other_pressure,318,74,23.27,31800,25590,-6210,80.47,345.81,18.12,79.62,439.27,0.85,5.15,-93.46,mixed_edge
1-3,target_lane,3,14003,2155,15.39,1400300,1126010,-274290,80.41,522.51,15.39,80.41,522.51,0.0,0.0,0.0,mixed_edge
1-3,target_lane_zone,inner_2_3,14003,2155,15.39,1400300,1126010,-274290,80.41,522.51,15.39,80.41,522.51,0.0,0.0,0.0,mixed_edge
1-4,lane1_target_national_win_diff_bucket,target_plus_0.35_1.00,1984,220,11.09,198400,159540,-38860,80.41,725.18,10.28,77.68,755.43,2.73,0.81,-30.25,mixed_edge
1-3,lane1_start_exhibition_gap_bucket,0.04-0.06,2411,376,15.6,241100,193840,-47260,80.4,515.53,15.39,80.41,522.51,-0.01,0.21,-6.98,mixed_edge
1-3,lane1_target_exhibition_st_rank_pair,4+-2,1121,161,14.36,112100,90040,-22060,80.32,559.25,15.39,80.41,522.51,-0.09,-1.03,36.74,mixed_edge
1-3,lane1_exhibition_st_rank_bucket x target_exhibition_st_rank_bucket,4+ | 2,1121,161,14.36,112100,90040,-22060,80.32,559.25,15.39,80.41,522.51,-0.09,-1.03,36.74,mixed_edge
1-4,lane1_target_exhibition_time_diff_bucket x lane1_target_start_exhibition_st_diff_bucket,near_equal | lane1_faster_0.03_0.06,949,120,12.64,94900,76200,-18700,80.3,635.0,10.28,77.68,755.43,2.62,2.36,-120.43,mixed_edge
1-4,target_boat_rank_bucket,4+,7401,754,10.19,740100,594200,-145900,80.29,788.06,10.28,77.68,755.43,2.61,-0.09,32.63,mixed_edge
1-2,lane1_class,A1,4491,1105,24.6,449100,360580,-88520,80.29,326.32,18.12,79.62,439.27,0.67,6.48,-112.95,mixed_edge
1-3,other_group_pattern,B-A-A-A,239,30,12.55,23900,19190,-4710,80.29,639.67,15.39,80.41,522.51,-0.12,-2.84,117.16,mixed_edge
1-2,other_b2_count_bucket,2,488,101,20.7,48800,39170,-9630,80.27,387.82,18.12,79.62,439.27,0.65,2.58,-51.45,mixed_edge
1-3,lane1_target_exhibition_time_diff_bucket x lane1_target_start_exhibition_st_diff_bucket,lane1_faster_0.10+ | lane1_faster_0.03_0.06,265,42,15.85,26500,21270,-5230,80.26,506.43,15.39,80.41,522.51,-0.15,0.46,-16.08,mixed_edge
1-4,lane1_target_class_pair,A2-A2,728,106,14.56,72800,58420,-14380,80.25,551.13,10.28,77.68,755.43,2.57,4.28,-204.3,mixed_edge
1-4,target_start_exhibition_gap_bucket,best,2858,332,11.62,285800,229290,-56510,80.23,690.63,10.28,77.68,755.43,2.55,1.34,-64.8,mixed_edge
1-4,target_lane x target_start_exhibition_gap_bucket,4 | best,2858,332,11.62,285800,229290,-56510,80.23,690.63,10.28,77.68,755.43,2.55,1.34,-64.8,mixed_edge
1-4,other_exhibition_faster_than_target_count_bucket,3,2780,265,9.53,278000,223020,-54980,80.22,841.58,10.28,77.68,755.43,2.54,-0.75,86.15,mixed_edge
1-4,target_exhibition_rank_bucket x other_exhibition_faster_than_target_count_bucket,4+ | 3,2780,265,9.53,278000,223020,-54980,80.22,841.58,10.28,77.68,755.43,2.54,-0.75,86.15,mixed_edge
1-4,lane1_target_exhibition_time_diff_bucket x lane1_target_start_exhibition_st_diff_bucket,lane1_faster_0.05_0.10 | target_faster_0.06+,681,60,8.81,68100,54630,-13470,80.22,910.5,10.28,77.68,755.43,2.54,-1.47,155.07,mixed_edge
1-2,meeting_phase_bucket,final,1418,308,21.72,141800,113710,-28090,80.19,369.19,18.12,79.62,439.27,0.57,3.6,-70.08,mixed_edge
1-2,meeting_phase_bucket x target_lane,final | 2,1418,308,21.72,141800,113710,-28090,80.19,369.19,18.12,79.62,439.27,0.57,3.6,-70.08,mixed_edge
1-2,target_national_win_rank_bucket x other_national_better_than_target_count_bucket,2 | 1,1670,283,16.95,167000,133900,-33100,80.18,473.14,18.12,79.62,439.27,0.56,-1.17,33.87,mixed_edge
1-2,lane1_target_start_gap_pair x target_outer_pressure_bucket,best-0.04-0.06 | some_other_pressure,178,48,26.97,17800,14270,-3530,80.17,297.29,18.12,79.62,439.27,0.55,8.85,-141.98,mixed_edge
1-3,target_exhibition_rank_bucket,1,2031,366,18.02,203100,162750,-40350,80.13,444.67,15.39,80.41,522.51,-0.28,2.63,-77.84,mixed_edge
1-3,target_exhibition_rank_bucket x other_exhibition_faster_than_target_count_bucket,1 | 0,2031,366,18.02,203100,162750,-40350,80.13,444.67,15.39,80.41,522.51,-0.28,2.63,-77.84,mixed_edge
1-6,lane1_target_national_rank_pair x target_outer_pressure_bucket,1-3 | some_other_pressure,248,18,7.26,24800,19870,-4930,80.12,1103.89,3.76,67.31,1788.6,12.81,3.5,-684.71,mixed_edge
1-3,lane1_target_group_pair x other_a_count_bucket,A-A | 4,1228,244,19.87,122800,98380,-24420,80.11,403.2,15.39,80.41,522.51,-0.3,4.48,-119.31,mixed_edge
1-2,lane1_local_win_rank_bucket,2,2787,557,19.99,278700,223160,-55540,80.07,400.65,18.12,79.62,439.27,0.45,1.87,-38.62,mixed_edge
1-2,lane1_target_exhibition_time_diff_bucket x lane1_target_start_exhibition_st_diff_bucket,lane1_faster_0.05_0.10 | target_faster_0.06+,429,77,17.95,42900,34350,-8550,80.07,446.1,18.12,79.62,439.27,0.45,-0.17,6.83,mixed_edge
1-3,lane1_boat_rank_bucket,2,2343,377,16.09,234300,187510,-46790,80.03,497.37,15.39,80.41,522.51,-0.38,0.7,-25.14,mixed_edge
1-5,target_class,A2,2894,209,7.22,289400,231520,-57880,80.0,1107.75,6.07,72.93,1201.46,7.07,1.15,-93.71,mixed_edge
1-2,target_class_group x target_outer_pressure_bucket,B | low_other_pressure,146,43,29.45,14600,11680,-2920,80.0,271.63,18.12,79.62,439.27,0.38,11.33,-167.64,mixed_edge
1-3,grade_group,G2,72,12,16.67,7200,5760,-1440,80.0,480.0,15.39,80.41,522.51,-0.41,1.28,-42.51,mixed_edge
1-3,grade_group,一般,13115,2020,15.4,1311500,1048390,-263110,79.94,519.0,15.39,80.41,522.51,-0.47,0.01,-3.51,mixed_edge
1-2,other_exhibition_faster_than_target_count_bucket,0,3764,773,20.54,376400,300870,-75530,79.93,389.22,18.12,79.62,439.27,0.31,2.42,-50.05,mixed_edge
1-3,other_exhibition_faster_than_target_count_bucket,0,3170,591,18.64,317000,253390,-63610,79.93,428.75,15.39,80.41,522.51,-0.48,3.25,-93.76,mixed_edge
1-3,lane1_target_local_win_diff_bucket,lane1_plus_1.00+,5232,771,14.74,523200,418010,-105190,79.89,542.17,15.39,80.41,522.51,-0.52,-0.65,19.66,mixed_edge
1-4,lane1_national_win_rank_bucket,4+,5105,365,7.15,510500,407840,-102660,79.89,1117.37,10.28,77.68,755.43,2.21,-3.13,361.94,mixed_edge
1-2,stadium_code,02,623,90,14.45,62300,49770,-12530,79.89,553.0,18.12,79.62,439.27,0.27,-3.67,113.73,mixed_edge
1-2,stadium_code x target_lane,02 | 2,623,90,14.45,62300,49770,-12530,79.89,553.0,18.12,79.62,439.27,0.27,-3.67,113.73,mixed_edge
1-2,lane1_boat_rank_bucket,4+,6485,1177,18.15,648500,518030,-130470,79.88,440.13,18.12,79.62,439.27,0.26,0.03,0.86,mixed_edge
1-3,lane1_target_group_pair x target_outer_pressure_bucket,B-A | high_other_pressure,1539,188,12.22,153900,122900,-31000,79.86,653.72,15.39,80.41,522.51,-0.55,-3.17,131.21,mixed_edge
1-5,lane1_target_start_gap_pair x target_outer_pressure_bucket,best-<=0.03 | high_other_pressure,660,42,6.36,66000,52700,-13300,79.85,1254.76,6.07,72.93,1201.46,6.92,0.29,53.3,mixed_edge
1-3,lane1_target_national_rank_pair x target_outer_pressure_bucket,4+-1 | high_other_pressure,482,71,14.73,48200,38490,-9710,79.85,542.11,15.39,80.41,522.51,-0.56,-0.66,19.6,mixed_edge
1-2,stadium_code,18,502,119,23.71,50200,40080,-10120,79.84,336.81,18.12,79.62,439.27,0.22,5.59,-102.46,mixed_edge
1-2,stadium_code x target_lane,18 | 2,502,119,23.71,50200,40080,-10120,79.84,336.81,18.12,79.62,439.27,0.22,5.59,-102.46,mixed_edge
1-2,lane1_class_group,A,8253,1798,21.79,825300,658730,-166570,79.82,366.37,18.12,79.62,439.27,0.2,3.67,-72.9,mixed_edge
1-5,lane1_target_exhibition_time_diff_bucket x lane1_target_start_exhibition_st_diff_bucket,lane1_faster_0.10+ | lane1_faster_0.03_0.06,243,17,7.0,24300,19390,-4910,79.79,1140.59,6.07,72.93,1201.46,6.86,0.93,-60.87,mixed_edge
1-4,lane1_target_group_pair x other_a_count_bucket,A-B | 4,134,13,9.7,13400,10690,-2710,79.78,822.31,10.28,77.68,755.43,2.1,-0.58,66.88,mixed_edge
1-4,lane1_national_win_rank_bucket,3,2521,237,9.4,252100,201090,-51010,79.77,848.48,10.28,77.68,755.43,2.09,-0.88,93.05,mixed_edge
1-4,lane1_target_local_win_diff_bucket,lane1_plus_0.35_1.00,1744,195,11.18,174400,139120,-35280,79.77,713.44,10.28,77.68,755.43,2.09,0.9,-41.99,mixed_edge
1-4,stadium_code,08,640,71,11.09,64000,51050,-12950,79.77,719.01,10.28,77.68,755.43,2.09,0.81,-36.42,mixed_edge
1-4,stadium_code x target_lane,08 | 4,640,71,11.09,64000,51050,-12950,79.77,719.01,10.28,77.68,755.43,2.09,0.81,-36.42,mixed_edge
1-2,lane1_target_start_gap_pair x target_outer_pressure_bucket,0.04-0.06->0.06 | high_other_pressure,715,106,14.83,71500,57020,-14480,79.75,537.92,18.12,79.62,439.27,0.13,-3.29,98.65,mixed_edge
1-3,target_exhibition_rank_bucket,4+,7265,1012,13.93,726500,579310,-147190,79.74,572.44,15.39,80.41,522.51,-0.67,-1.46,49.93,mixed_edge
1-2,meeting_phase_bucket,day1-2,5212,897,17.21,521200,415610,-105590,79.74,463.33,18.12,79.62,439.27,0.12,-0.91,24.06,mixed_edge
1-2,meeting_phase_bucket x target_lane,day1-2 | 2,5212,897,17.21,521200,415610,-105590,79.74,463.33,18.12,79.62,439.27,0.12,-0.91,24.06,mixed_edge
1-4,target_class,A1,3218,527,16.38,321800,256550,-65250,79.72,486.81,10.28,77.68,755.43,2.04,6.1,-268.62,mixed_edge
1-2,target_national_win_rank_bucket,3,2530,504,19.92,253000,201660,-51340,79.71,400.12,18.12,79.62,439.27,0.09,1.8,-39.15,mixed_edge
1-2,lane1_target_class_pair,A1-B1,1633,333,20.39,163300,130130,-33170,79.69,390.78,18.12,79.62,439.27,0.07,2.27,-48.49,mixed_edge
1-4,target_exhibition_st_rank_bucket,1,2333,264,11.32,233300,185900,-47400,79.68,704.17,10.28,77.68,755.43,2.0,1.04,-51.26,mixed_edge
1-4,target_lane x target_exhibition_st_rank_bucket,4 | 1,2333,264,11.32,233300,185900,-47400,79.68,704.17,10.28,77.68,755.43,2.0,1.04,-51.26,mixed_edge
1-4,target_exhibition_st_rank_bucket x other_st_faster_than_target_count_bucket,1 | 0,2333,264,11.32,233300,185900,-47400,79.68,704.17,10.28,77.68,755.43,2.0,1.04,-51.26,mixed_edge
1-4,lane1_target_exhibition_time_diff_bucket,lane1_faster_0.10+,1747,161,9.22,174700,139190,-35510,79.67,864.53,10.28,77.68,755.43,1.99,-1.06,109.1,mixed_edge
1-2,month,2025-05,5026,899,17.89,502600,400320,-102280,79.65,445.29,18.12,79.62,439.27,0.03,-0.23,6.02,mixed_edge
1-4,lane1_target_boat_place_diff_bucket,lane1_plus_4_10,2225,215,9.66,222500,177220,-45280,79.65,824.28,10.28,77.68,755.43,1.97,-0.62,68.85,mixed_edge
1-6,lane1_target_national_rank_pair,2-1,565,74,13.1,56500,45000,-11500,79.65,608.11,3.76,67.31,1788.6,12.34,9.34,-1180.49,mixed_edge
1-6,target_lane x lane1_target_national_rank_pair,6 | 2-1,565,74,13.1,56500,45000,-11500,79.65,608.11,3.76,67.31,1788.6,12.34,9.34,-1180.49,mixed_edge
1-2,target_lane,2,14003,2538,18.12,1400300,1114860,-285440,79.62,439.27,18.12,79.62,439.27,0.0,0.0,0.0,mixed_edge
1-2,target_lane_zone,inner_2_3,14003,2538,18.12,1400300,1114860,-285440,79.62,439.27,18.12,79.62,439.27,0.0,0.0,0.0,mixed_edge
1-3,lane1_exhibition_rank_bucket,4+,4265,576,13.51,426500,339570,-86930,79.62,589.53,15.39,80.41,522.51,-0.79,-1.88,67.02,mixed_edge
1-2,target_exhibition_rank_bucket,2,2719,530,19.49,271900,216390,-55510,79.58,408.28,18.12,79.62,439.27,-0.04,1.37,-30.99,mixed_edge
1-2,lane1_target_exhibition_time_diff_bucket x lane1_target_start_exhibition_st_diff_bucket,lane1_faster_0.05_0.10 | near_equal,959,179,18.67,95900,76290,-19610,79.55,426.2,18.12,79.62,439.27,-0.07,0.55,-13.07,mixed_edge
1-2,lane1_target_group_pair x target_outer_pressure_bucket,A-A | high_other_pressure,2549,620,24.32,254900,202750,-52150,79.54,327.02,18.12,79.62,439.27,-0.08,6.2,-112.25,mixed_edge
1-2,lane1_exhibition_rank_bucket,3,2406,413,17.17,240600,191380,-49220,79.54,463.39,18.12,79.62,439.27,-0.08,-0.95,24.12,mixed_edge
1-2,lane1_local_win_rank_bucket,4+,5395,755,13.99,539500,429030,-110470,79.52,568.25,18.12,79.62,439.27,-0.1,-4.13,128.98,mixed_edge
1-2,other_exhibition_faster_than_target_count_bucket,4,1875,276,14.72,187500,149080,-38420,79.51,540.14,18.12,79.62,439.27,-0.11,-3.4,100.87,mixed_edge
1-2,target_exhibition_rank_bucket x other_exhibition_faster_than_target_count_bucket,4+ | 4,1875,276,14.72,187500,149080,-38420,79.51,540.14,18.12,79.62,439.27,-0.11,-3.4,100.87,mixed_edge
1-2,lane1_target_national_rank_pair,2-3,638,136,21.32,63800,50720,-13080,79.5,372.94,18.12,79.62,439.27,-0.12,3.2,-66.33,mixed_edge
1-2,target_lane x lane1_target_national_rank_pair,2 | 2-3,638,136,21.32,63800,50720,-13080,79.5,372.94,18.12,79.62,439.27,-0.12,3.2,-66.33,mixed_edge
1-3,lane1_boat_rank_bucket,4+,6485,957,14.76,648500,515160,-133340,79.44,538.31,15.39,80.41,522.51,-0.97,-0.63,15.8,mixed_edge
1-4,wind_bucket,0-2,6525,706,10.82,652500,518130,-134370,79.41,733.9,10.28,77.68,755.43,1.73,0.54,-21.53,mixed_edge
1-2,lane1_target_group_pair x other_a_count_bucket,B-A | 2,1157,161,13.92,115700,91850,-23850,79.39,570.5,18.12,79.62,439.27,-0.23,-4.2,131.23,mixed_edge
1-3,target_boat_rank_bucket,4+,6689,1013,15.14,668900,530690,-138210,79.34,523.88,15.39,80.41,522.51,-1.07,-0.25,1.37,mixed_edge
1-4,lane1_target_national_rank_pair,1-2,769,175,22.76,76900,61010,-15890,79.34,348.63,10.28,77.68,755.43,1.66,12.48,-406.8,mixed_edge
1-4,target_lane x lane1_target_national_rank_pair,4 | 1-2,769,175,22.76,76900,61010,-15890,79.34,348.63,10.28,77.68,755.43,1.66,12.48,-406.8,mixed_edge
1-2,lane1_class_group,B,5750,740,12.87,575000,456130,-118870,79.33,616.39,18.12,79.62,439.27,-0.29,-5.25,177.12,mixed_edge
1-4,lane1_target_national_rank_pair,1-4+,1990,210,10.55,199000,157840,-41160,79.32,751.62,10.28,77.68,755.43,1.64,0.27,-3.81,mixed_edge
1-4,target_lane x lane1_target_national_rank_pair,4 | 1-4+,1990,210,10.55,199000,157840,-41160,79.32,751.62,10.28,77.68,755.43,1.64,0.27,-3.81,mixed_edge
1-5,lane1_target_group_pair x other_a_count_bucket,A-B | 2,1603,61,3.81,160300,127150,-33150,79.32,2084.43,6.07,72.93,1201.46,6.39,-2.26,882.97,mixed_edge
1-3,lane1_target_exhibition_time_diff_bucket x lane1_target_start_exhibition_st_diff_bucket,lane1_faster_0.05_0.10 | lane1_faster_0.06+,770,113,14.68,77000,61060,-15940,79.3,540.35,15.39,80.41,522.51,-1.11,-0.71,17.84,mixed_edge
1-3,lane1_target_group_pair x target_outer_pressure_bucket,A-A | low_other_pressure,412,130,31.55,41200,32670,-8530,79.3,251.31,15.39,80.41,522.51,-1.11,16.16,-271.2,mixed_edge
1-5,target_boat_rank_bucket,3,2223,134,6.03,222300,176220,-46080,79.27,1315.07,6.07,72.93,1201.46,6.34,-0.04,113.61,mixed_edge
1-3,target_class,B2,499,51,10.22,49900,39550,-10350,79.26,775.49,15.39,80.41,522.51,-1.15,-5.17,252.98,mixed_edge
1-2,lane1_class,A2,3762,693,18.42,376200,298150,-78050,79.25,430.23,18.12,79.62,439.27,-0.37,0.3,-9.04,mixed_edge
1-2,target_exhibition_rank_bucket,3,2629,478,18.18,262900,208350,-54550,79.25,435.88,18.12,79.62,439.27,-0.37,0.06,-3.39,mixed_edge
1-6,lane1_target_national_rank_pair x target_outer_pressure_bucket,3-1 | some_other_pressure,106,9,8.49,10600,8400,-2200,79.25,933.33,3.76,67.31,1788.6,11.94,4.73,-855.27,mixed_edge
1-4,lane1_target_group_pair x other_a_count_bucket,A-B | 2,1431,102,7.13,143100,113390,-29710,79.24,1111.67,10.28,77.68,755.43,1.56,-3.15,356.24,mixed_edge
1-3,lane1_target_boat_place_diff_bucket,near_equal,5093,790,15.51,509300,403460,-105840,79.22,510.71,15.39,80.41,522.51,-1.19,0.12,-11.8,mixed_edge
1-3,lane1_target_group_pair,A-B,4235,613,14.47,423500,335480,-88020,79.22,547.28,15.39,80.41,522.51,-1.19,-0.92,24.77,mixed_edge
1-6,target_exhibition_st_rank_bucket x other_st_faster_than_target_count_bucket,2 | 1,1025,44,4.29,102500,81200,-21300,79.22,1845.45,3.76,67.31,1788.6,11.91,0.53,56.85,mixed_edge
1-5,lane1_exhibition_rank_bucket,2,3043,199,6.54,304300,241010,-63290,79.2,1211.11,6.07,72.93,1201.46,6.27,0.47,9.65,mixed_edge
1-4,lane1_target_national_rank_pair x target_outer_pressure_bucket,1-4+ | high_other_pressure,1984,208,10.48,198400,157090,-41310,79.18,755.24,10.28,77.68,755.43,1.5,0.2,-0.19,mixed_edge
1-5,lane1_target_start_exhibition_st_diff_bucket,target_faster_0.03_0.06,1614,122,7.56,161400,127790,-33610,79.18,1047.46,6.07,72.93,1201.46,6.25,1.49,-154.0,mixed_edge
1-6,lane1_target_class_pair,A1-A2,1124,60,5.34,112400,88980,-23420,79.16,1483.0,3.76,67.31,1788.6,11.85,1.58,-305.6,mixed_edge
1-2,lane1_target_start_gap_pair,<=0.03->0.06,841,135,16.05,84100,66570,-17530,79.16,493.11,18.12,79.62,439.27,-0.46,-2.07,53.84,mixed_edge
1-2,target_lane x lane1_target_start_gap_pair,2 | <=0.03->0.06,841,135,16.05,84100,66570,-17530,79.16,493.11,18.12,79.62,439.27,-0.46,-2.07,53.84,mixed_edge
1-2,lane1_start_exhibition_gap_bucket x target_start_exhibition_gap_bucket,<=0.03 | >0.06,841,135,16.05,84100,66570,-17530,79.16,493.11,18.12,79.62,439.27,-0.46,-2.07,53.84,mixed_edge
1-3,meeting_phase_bucket,final,1418,246,17.35,141800,112230,-29570,79.15,456.22,15.39,80.41,522.51,-1.26,1.96,-66.29,mixed_edge
1-3,meeting_phase_bucket x target_lane,final | 3,1418,246,17.35,141800,112230,-29570,79.15,456.22,15.39,80.41,522.51,-1.26,1.96,-66.29,mixed_edge
1-2,lane1_target_national_rank_pair,3-2,528,117,22.16,52800,41790,-11010,79.15,357.18,18.12,79.62,439.27,-0.47,4.04,-82.09,mixed_edge
1-2,target_lane x lane1_target_national_rank_pair,2 | 3-2,528,117,22.16,52800,41790,-11010,79.15,357.18,18.12,79.62,439.27,-0.47,4.04,-82.09,mixed_edge
1-4,target_outer_pressure_bucket,high_other_pressure,11279,1007,8.93,1127900,892550,-235350,79.13,886.35,10.28,77.68,755.43,1.45,-1.35,130.92,mixed_edge
1-4,target_lane x target_outer_pressure_bucket,4 | high_other_pressure,11279,1007,8.93,1127900,892550,-235350,79.13,886.35,10.28,77.68,755.43,1.45,-1.35,130.92,mixed_edge
1-3,lane1_target_group_pair x other_a_count_bucket,A-B | 1,1253,193,15.4,125300,99130,-26170,79.11,513.63,15.39,80.41,522.51,-1.3,0.01,-8.88,mixed_edge
1-3,target_national_win_rank_bucket x other_national_better_than_target_count_bucket,3 | 1,1357,305,22.48,135700,107320,-28380,79.09,351.87,15.39,80.41,522.51,-1.32,7.09,-170.64,mixed_edge
1-3,other_st_faster_than_target_count_bucket,2,2578,372,14.43,257800,203850,-53950,79.07,547.98,15.39,80.41,522.51,-1.34,-0.96,25.47,mixed_edge
1-4,target_national_win_rank_bucket x other_national_better_than_target_count_bucket,2 | 0,782,176,22.51,78200,61830,-16370,79.07,351.31,10.28,77.68,755.43,1.39,12.23,-404.12,mixed_edge
1-4,lane1_target_class_pair,A2-B1,2023,178,8.8,202300,159920,-42380,79.05,898.43,10.28,77.68,755.43,1.37,-1.48,143.0,mixed_edge
1-2,target_boat_rank_bucket,1,2317,416,17.95,231700,183110,-48590,79.03,440.17,18.12,79.62,439.27,-0.59,-0.17,0.9,mixed_edge
1-4,other_exhibition_faster_than_target_count_bucket,1,2906,325,11.18,290600,229630,-60970,79.02,706.55,10.28,77.68,755.43,1.34,0.9,-48.88,mixed_edge
1-4,lane1_target_exhibition_time_diff_bucket x lane1_target_start_exhibition_st_diff_bucket,near_equal | lane1_faster_0.06+,1851,199,10.75,185100,146260,-38840,79.02,734.97,10.28,77.68,755.43,1.34,0.47,-20.46,mixed_edge
1-4,target_start_exhibition_gap_bucket,<=0.03,3026,320,10.58,302600,239080,-63520,79.01,747.12,10.28,77.68,755.43,1.33,0.3,-8.31,mixed_edge
1-4,target_lane x target_start_exhibition_gap_bucket,4 | <=0.03,3026,320,10.58,302600,239080,-63520,79.01,747.12,10.28,77.68,755.43,1.33,0.3,-8.31,mixed_edge
1-3,lane1_target_local_win_diff_bucket,target_plus_1.00+,3626,511,14.09,362600,286450,-76150,79.0,560.57,15.39,80.41,522.51,-1.41,-1.3,38.06,mixed_edge
1-4,target_local_win_rank_bucket,2,2277,303,13.31,227700,179890,-47810,79.0,593.7,10.28,77.68,755.43,1.32,3.03,-161.73,mixed_edge
1-3,target_national_win_rank_bucket x other_national_better_than_target_count_bucket,2 | 1,1602,230,14.36,160200,126520,-33680,78.98,550.09,15.39,80.41,522.51,-1.43,-1.03,27.58,mixed_edge
1-2,stadium_code,20,661,131,19.82,66100,52200,-13900,78.97,398.47,18.12,79.62,439.27,-0.65,1.7,-40.8,mixed_edge
1-2,stadium_code x target_lane,20 | 2,661,131,19.82,66100,52200,-13900,78.97,398.47,18.12,79.62,439.27,-0.65,1.7,-40.8,mixed_edge
1-4,lane1_local_win_rank_bucket,4+,5395,437,8.1,539500,425950,-113550,78.95,974.71,10.28,77.68,755.43,1.27,-2.18,219.28,mixed_edge
1-6,other_national_better_than_target_count_bucket,2,2415,82,3.4,241500,190640,-50860,78.94,2324.88,3.76,67.31,1788.6,11.63,-0.36,536.28,mixed_edge
1-3,stadium_code,12,539,90,16.7,53900,42550,-11350,78.94,472.78,15.39,80.41,522.51,-1.47,1.31,-49.73,mixed_edge
1-3,stadium_code x target_lane,12 | 3,539,90,16.7,53900,42550,-11350,78.94,472.78,15.39,80.41,522.51,-1.47,1.31,-49.73,mixed_edge
1-2,lane1_motor_rank_bucket,2,2282,428,18.76,228200,180110,-48090,78.93,420.82,18.12,79.62,439.27,-0.69,0.64,-18.45,mixed_edge
1-4,lane1_target_group_pair x target_outer_pressure_bucket,B-A | some_other_pressure,494,54,10.93,49400,38990,-10410,78.93,722.04,10.28,77.68,755.43,1.25,0.65,-33.39,mixed_edge
1-4,target_motor_rank_bucket,2,2203,241,10.94,220300,173860,-46440,78.92,721.41,10.28,77.68,755.43,1.24,0.66,-34.02,mixed_edge
1-2,lane1_target_national_rank_pair,3-4+,1440,177,12.29,144000,113620,-30380,78.9,641.92,18.12,79.62,439.27,-0.72,-5.83,202.65,mixed_edge
1-2,target_lane x lane1_target_national_rank_pair,2 | 3-4+,1440,177,12.29,144000,113620,-30380,78.9,641.92,18.12,79.62,439.27,-0.72,-5.83,202.65,mixed_edge
1-2,lane1_target_national_rank_pair x target_outer_pressure_bucket,3-4+ | high_other_pressure,1440,177,12.29,144000,113620,-30380,78.9,641.92,18.12,79.62,439.27,-0.72,-5.83,202.65,mixed_edge
1-6,lane1_target_start_gap_pair x target_outer_pressure_bucket,<=0.03-0.04-0.06 | high_other_pressure,444,18,4.05,44400,35030,-9370,78.9,1946.11,3.76,67.31,1788.6,11.59,0.29,157.51,mixed_edge
1-5,lane1_target_group_pair x other_a_count_bucket,A-A | 1,858,119,13.87,85800,67690,-18110,78.89,568.82,6.07,72.93,1201.46,5.96,7.8,-632.64,mixed_edge
1-3,lane1_target_group_pair x target_outer_pressure_bucket,A-B | high_other_pressure,3830,515,13.45,383000,302120,-80880,78.88,586.64,15.39,80.41,522.51,-1.53,-1.94,64.13,mixed_edge
1-2,lane1_target_group_pair x other_a_count_bucket,A-B | 1,1308,215,16.44,130800,103180,-27620,78.88,479.91,18.12,79.62,439.27,-0.74,-1.68,40.64,mixed_edge
1-3,lane1_target_exhibition_time_diff_bucket x lane1_target_start_exhibition_st_diff_bucket,lane1_faster_0.05_0.10 | lane1_faster_0.03_0.06,466,78,16.74,46600,36750,-9850,78.86,471.15,15.39,80.41,522.51,-1.55,1.35,-51.36,mixed_edge
1-2,lane1_target_group_pair x other_a_count_bucket,B-B | 2,1209,108,8.93,120900,95330,-25570,78.85,882.69,18.12,79.62,439.27,-0.77,-9.19,443.42,mixed_edge
1-2,other_a_count_bucket,4,1332,272,20.42,133200,105000,-28200,78.83,386.03,18.12,79.62,439.27,-0.79,2.3,-53.24,mixed_edge
1-2,other_group_pattern,A-A-A-A,1332,272,20.42,133200,105000,-28200,78.83,386.03,18.12,79.62,439.27,-0.79,2.3,-53.24,mixed_edge
1-2,target_lane x other_a_count_bucket,2 | 4,1332,272,20.42,133200,105000,-28200,78.83,386.03,18.12,79.62,439.27,-0.79,2.3,-53.24,mixed_edge
1-3,other_national_better_than_target_count_bucket,1,2970,536,18.05,297000,234090,-62910,78.82,436.74,15.39,80.41,522.51,-1.59,2.66,-85.77,mixed_edge
1-3,lane1_target_exhibition_time_diff_bucket x lane1_target_start_exhibition_st_diff_bucket,target_faster_0.05_0.10 | target_faster_0.06+,316,42,13.29,31600,24890,-6710,78.77,592.62,15.39,80.41,522.51,-1.64,-2.1,70.11,mixed_edge
1-5,lane1_target_exhibition_st_rank_pair,1-4+,2547,167,6.56,254700,200590,-54110,78.76,1201.14,6.07,72.93,1201.46,5.83,0.49,-0.32,mixed_edge
1-5,lane1_exhibition_st_rank_bucket x target_exhibition_st_rank_bucket,1 | 4+,2547,167,6.56,254700,200590,-54110,78.76,1201.14,6.07,72.93,1201.46,5.83,0.49,-0.32,mixed_edge
1-6,lane1_target_start_exhibition_st_diff_bucket,lane1_faster_0.03_0.06,1756,75,4.27,175600,138310,-37290,78.76,1844.13,3.76,67.31,1788.6,11.45,0.51,55.53,mixed_edge
1-3,lane1_target_local_win_diff_bucket,lane1_plus_0.35_1.00,1827,293,16.04,182700,143870,-38830,78.75,491.02,15.39,80.41,522.51,-1.66,0.65,-31.49,mixed_edge
1-5,month,2025-06,4761,298,6.26,476100,374850,-101250,78.73,1257.89,6.07,72.93,1201.46,5.8,0.19,56.43,mixed_edge
1-6,lane1_target_national_rank_pair x target_outer_pressure_bucket,2-1 | low_other_pressure,165,24,14.55,16500,12990,-3510,78.73,541.25,3.76,67.31,1788.6,11.42,10.79,-1247.35,mixed_edge
1-5,lane1_target_exhibition_time_diff_bucket x lane1_target_start_exhibition_st_diff_bucket,target_faster_0.05_0.10 | lane1_faster_0.03_0.06,179,12,6.7,17900,14090,-3810,78.72,1174.17,6.07,72.93,1201.46,5.79,0.63,-27.29,mixed_edge
1-2,target_class_group x target_outer_pressure_bucket,A | high_other_pressure,4018,830,20.66,401800,316200,-85600,78.7,380.96,18.12,79.62,439.27,-0.92,2.54,-58.31,mixed_edge
1-5,lane1_target_national_rank_pair x target_outer_pressure_bucket,2-1 | some_other_pressure,105,19,18.1,10500,8260,-2240,78.67,434.74,6.07,72.93,1201.46,5.74,12.03,-766.72,mixed_edge
1-3,target_class,A2,3260,586,17.98,326000,256430,-69570,78.66,437.59,15.39,80.41,522.51,-1.75,2.59,-84.92,mixed_edge
1-2,target_motor_rank_bucket,3,2293,410,17.88,229300,180240,-49060,78.6,439.61,18.12,79.62,439.27,-1.02,-0.24,0.34,mixed_edge
1-2,target_exhibition_st_rank_bucket x other_st_faster_than_target_count_bucket,4+ | 2,1489,275,18.47,148900,117020,-31880,78.59,425.53,18.12,79.62,439.27,-1.03,0.35,-13.74,mixed_edge
1-2,lane1_target_exhibition_time_diff_bucket x lane1_target_start_exhibition_st_diff_bucket,lane1_faster_0.10+ | near_equal,387,72,18.6,38700,30410,-8290,78.58,422.36,18.12,79.62,439.27,-1.04,0.48,-16.91,mixed_edge
1-2,target_local_win_rank_bucket,2,2494,522,20.93,249400,195870,-53530,78.54,375.23,18.12,79.62,439.27,-1.08,2.81,-64.04,mixed_edge
1-2,lane1_target_national_rank_pair x target_outer_pressure_bucket,2-1 | some_other_pressure,123,38,30.89,12300,9660,-2640,78.54,254.21,18.12,79.62,439.27,-1.08,12.77,-185.06,mixed_edge
1-2,lane1_target_national_rank_pair x target_outer_pressure_bucket,2-3 | high_other_pressure,320,62,19.38,32000,25130,-6870,78.53,405.32,18.12,79.62,439.27,-1.09,1.26,-33.95,mixed_edge
1-3,stadium_code,01,600,87,14.5,60000,47110,-12890,78.52,541.49,15.39,80.41,522.51,-1.89,-0.89,18.98,mixed_edge
1-3,stadium_code x target_lane,01 | 3,600,87,14.5,60000,47110,-12890,78.52,541.49,15.39,80.41,522.51,-1.89,-0.89,18.98,mixed_edge
1-6,lane1_target_start_exhibition_st_diff_bucket,target_faster_0.06+,2982,127,4.26,298200,234110,-64090,78.51,1843.39,3.76,67.31,1788.6,11.2,0.5,54.79,mixed_edge
1-5,target_exhibition_rank_bucket,2,1949,130,6.67,194900,153010,-41890,78.51,1177.0,6.07,72.93,1201.46,5.58,0.6,-24.46,mixed_edge
1-3,lane1_national_win_rank_bucket,2,2882,496,17.21,288200,226150,-62050,78.47,455.95,15.39,80.41,522.51,-1.94,1.82,-66.56,mixed_edge
1-2,lane1_target_group_pair x target_outer_pressure_bucket,B-A | some_other_pressure,749,108,14.42,74900,58760,-16140,78.45,544.07,18.12,79.62,439.27,-1.17,-3.7,104.8,mixed_edge
1-4,month,2025-04,4216,457,10.84,421600,330690,-90910,78.44,723.61,10.28,77.68,755.43,0.76,0.56,-31.82,mixed_edge
1-2,lane1_target_motor_place_diff_bucket,lane1_plus_10+,2788,516,18.51,278800,218670,-60130,78.43,423.78,18.12,79.62,439.27,-1.19,0.39,-15.49,mixed_edge
1-6,other_exhibition_faster_than_target_count_bucket,0,3291,166,5.04,329100,258090,-71010,78.42,1554.76,3.76,67.31,1788.6,11.11,1.28,-233.84,mixed_edge
1-2,other_b2_count_bucket,0,9798,1783,18.2,979800,768290,-211510,78.41,430.9,18.12,79.62,439.27,-1.21,0.08,-8.37,mixed_edge
1-3,meeting_phase_bucket,day5+,2418,401,16.58,241800,189600,-52200,78.41,472.82,15.39,80.41,522.51,-2.0,1.19,-49.69,mixed_edge
1-3,meeting_phase_bucket x target_lane,day5+ | 3,2418,401,16.58,241800,189600,-52200,78.41,472.82,15.39,80.41,522.51,-2.0,1.19,-49.69,mixed_edge
1-2,lane1_national_win_rank_bucket,3,2521,433,17.18,252100,197610,-54490,78.39,456.37,18.12,79.62,439.27,-1.23,-0.94,17.1,mixed_edge
1-3,lane1_target_group_pair x other_a_count_bucket,B-A | 1,932,135,14.48,93200,73060,-20140,78.39,541.19,15.39,80.41,522.51,-2.02,-0.91,18.68,mixed_edge
1-6,lane1_target_motor_place_diff_bucket,lane1_plus_4_10,2088,92,4.41,208800,163650,-45150,78.38,1778.8,3.76,67.31,1788.6,11.07,0.65,-9.8,mixed_edge
1-4,grade_group,一般,13115,1351,10.3,1311500,1027640,-283860,78.36,760.65,10.28,77.68,755.43,0.68,0.02,5.22,mixed_edge
1-5,other_a_count_bucket,4,1438,100,6.95,143800,112620,-31180,78.32,1126.2,6.07,72.93,1201.46,5.39,0.88,-75.26,mixed_edge
1-5,other_group_pattern,A-A-A-A,1438,100,6.95,143800,112620,-31180,78.32,1126.2,6.07,72.93,1201.46,5.39,0.88,-75.26,mixed_edge
1-5,target_lane x other_a_count_bucket,5 | 4,1438,100,6.95,143800,112620,-31180,78.32,1126.2,6.07,72.93,1201.46,5.39,0.88,-75.26,mixed_edge
1-2,grade_group,一般,13115,2345,17.88,1311500,1026920,-284580,78.3,437.92,18.12,79.62,439.27,-1.32,-0.24,-1.35,mixed_edge
1-2,lane1_class,B1,5430,704,12.97,543000,425090,-117910,78.29,603.82,18.12,79.62,439.27,-1.33,-5.15,164.55,mixed_edge
1-5,lane1_target_exhibition_st_rank_pair,2-3,437,31,7.09,43700,34210,-9490,78.28,1103.55,6.07,72.93,1201.46,5.35,1.02,-97.91,mixed_edge
1-5,lane1_exhibition_st_rank_bucket x target_exhibition_st_rank_bucket,2 | 3,437,31,7.09,43700,34210,-9490,78.28,1103.55,6.07,72.93,1201.46,5.35,1.02,-97.91,mixed_edge
1-2,lane1_target_group_pair x target_outer_pressure_bucket,A-A | low_other_pressure,487,164,33.68,48700,38110,-10590,78.25,232.38,18.12,79.62,439.27,-1.37,15.56,-206.89,mixed_edge
1-3,target_exhibition_rank_bucket,2,2219,373,16.81,221900,173620,-48280,78.24,465.47,15.39,80.41,522.51,-2.17,1.42,-57.04,mixed_edge
1-2,lane1_target_start_gap_pair,>0.06-<=0.03,633,104,16.43,63300,49520,-13780,78.23,476.15,18.12,79.62,439.27,-1.39,-1.69,36.88,mixed_edge
1-2,target_lane x lane1_target_start_gap_pair,2 | >0.06-<=0.03,633,104,16.43,63300,49520,-13780,78.23,476.15,18.12,79.62,439.27,-1.39,-1.69,36.88,mixed_edge
1-2,lane1_start_exhibition_gap_bucket x target_start_exhibition_gap_bucket,>0.06 | <=0.03,633,104,16.43,63300,49520,-13780,78.23,476.15,18.12,79.62,439.27,-1.39,-1.69,36.88,mixed_edge
1-3,other_a_count_bucket,1,3859,651,16.87,385900,301870,-84030,78.22,463.7,15.39,80.41,522.51,-2.19,1.48,-58.81,mixed_edge
1-3,target_lane x other_a_count_bucket,3 | 1,3859,651,16.87,385900,301870,-84030,78.22,463.7,15.39,80.41,522.51,-2.19,1.48,-58.81,mixed_edge
1-2,race_no_bucket,4-6R,3510,537,15.3,351000,274540,-76460,78.22,511.25,18.12,79.62,439.27,-1.4,-2.82,71.98,mixed_edge
1-2,race_no_bucket x target_lane,4-6R | 2,3510,537,15.3,351000,274540,-76460,78.22,511.25,18.12,79.62,439.27,-1.4,-2.82,71.98,mixed_edge
1-3,lane1_target_class_pair,B1-A2,1449,186,12.84,144900,113310,-31590,78.2,609.19,15.39,80.41,522.51,-2.21,-2.55,86.68,mixed_edge
1-2,stadium_code,04,623,84,13.48,62300,48710,-13590,78.19,579.88,18.12,79.62,439.27,-1.43,-4.64,140.61,mixed_edge
1-2,stadium_code x target_lane,04 | 2,623,84,13.48,62300,48710,-13590,78.19,579.88,18.12,79.62,439.27,-1.43,-4.64,140.61,mixed_edge
1-3,lane1_target_national_rank_pair x target_outer_pressure_bucket,4+-2 | some_other_pressure,496,64,12.9,49600,38760,-10840,78.15,605.62,15.39,80.41,522.51,-2.26,-2.49,83.11,mixed_edge
1-3,lane1_motor_rank_bucket,4+,6439,950,14.75,643900,503140,-140760,78.14,529.62,15.39,80.41,522.51,-2.27,-0.64,7.11,mixed_edge
1-2,lane1_target_start_gap_pair x target_outer_pressure_bucket,>0.06-0.04-0.06 | high_other_pressure,576,87,15.1,57600,45010,-12590,78.14,517.36,18.12,79.62,439.27,-1.48,-3.02,78.09,mixed_edge
1-3,other_group_pattern,B-B-A-B,900,159,17.67,90000,70320,-19680,78.13,442.26,15.39,80.41,522.51,-2.28,2.28,-80.25,mixed_edge
1-2,lane1_target_group_pair,A-A,3981,1048,26.33,398100,310950,-87150,78.11,296.71,18.12,79.62,439.27,-1.51,8.21,-142.56,mixed_edge
1-4,race_no_bucket,7-9R,3500,353,10.09,350000,273380,-76620,78.11,774.45,10.28,77.68,755.43,0.43,-0.19,19.02,mixed_edge
1-4,race_no_bucket x target_lane,7-9R | 4,3500,353,10.09,350000,273380,-76620,78.11,774.45,10.28,77.68,755.43,0.43,-0.19,19.02,mixed_edge
1-2,month,2025-04,4216,785,18.62,421600,329280,-92320,78.1,419.46,18.12,79.62,439.27,-1.52,0.5,-19.81,mixed_edge
1-6,lane1_target_start_gap_pair x target_outer_pressure_bucket,<=0.03->0.06 | some_other_pressure,126,6,4.76,12600,9840,-2760,78.1,1640.0,3.76,67.31,1788.6,10.79,1.0,-148.6,mixed_edge
1-3,lane1_class,A2,3762,625,16.61,376200,293760,-82440,78.09,470.02,15.39,80.41,522.51,-2.32,1.22,-52.49,mixed_edge
1-4,lane1_target_motor_place_diff_bucket,target_plus_4_10,2064,212,10.27,206400,161160,-45240,78.08,760.19,10.28,77.68,755.43,0.4,-0.01,4.76,mixed_edge
1-3,race_no_bucket,4-6R,3510,455,12.96,351000,274030,-76970,78.07,602.26,15.39,80.41,522.51,-2.34,-2.43,79.75,mixed_edge
1-3,race_no_bucket x target_lane,4-6R | 3,3510,455,12.96,351000,274030,-76970,78.07,602.26,15.39,80.41,522.51,-2.34,-2.43,79.75,mixed_edge
1-6,lane1_target_group_pair x other_a_count_bucket,B-B | 2,1401,11,0.79,140100,109360,-30740,78.06,9941.82,3.76,67.31,1788.6,10.75,-2.97,8153.22,mixed_edge
1-2,wind_bucket,3-4,5226,922,17.64,522600,407900,-114700,78.05,442.41,18.12,79.62,439.27,-1.57,-0.48,3.14,mixed_edge
1-5,other_a_count_bucket,2,4845,238,4.91,484500,378170,-106330,78.05,1588.95,6.07,72.93,1201.46,5.12,-1.16,387.49,mixed_edge
1-5,target_lane x other_a_count_bucket,5 | 2,4845,238,4.91,484500,378170,-106330,78.05,1588.95,6.07,72.93,1201.46,5.12,-1.16,387.49,mixed_edge
1-4,lane1_target_motor_place_diff_bucket,lane1_plus_10+,2739,273,9.97,273900,213770,-60130,78.05,783.04,10.28,77.68,755.43,0.37,-0.31,27.61,mixed_edge
1-3,stadium_code,11,492,62,12.6,49200,38400,-10800,78.05,619.35,15.39,80.41,522.51,-2.36,-2.79,96.84,mixed_edge
1-3,stadium_code x target_lane,11 | 3,492,62,12.6,49200,38400,-10800,78.05,619.35,15.39,80.41,522.51,-2.36,-2.79,96.84,mixed_edge
1-5,lane1_target_exhibition_time_diff_bucket x lane1_target_start_exhibition_st_diff_bucket,near_equal | near_equal,1723,111,6.44,172300,134390,-37910,78.0,1210.72,6.07,72.93,1201.46,5.07,0.37,9.26,mixed_edge
1-5,lane1_target_exhibition_time_diff_bucket,lane1_faster_0.05_0.10,3186,197,6.18,318600,248430,-70170,77.98,1261.07,6.07,72.93,1201.46,5.05,0.11,59.61,mixed_edge
1-3,lane1_target_class_pair,A1-B1,1788,288,16.11,178800,139370,-39430,77.95,483.92,15.39,80.41,522.51,-2.46,0.72,-38.59,mixed_edge
1-3,other_b2_count_bucket,1,3654,536,14.67,365400,284760,-80640,77.93,531.27,15.39,80.41,522.51,-2.48,-0.72,8.76,mixed_edge
1-2,lane1_target_start_gap_pair x target_outer_pressure_bucket,0.04-0.06-0.04-0.06 | some_other_pressure,87,20,22.99,8700,6780,-1920,77.93,339.0,18.12,79.62,439.27,-1.69,4.87,-100.27,mixed_edge
1-2,target_outer_pressure_bucket,some_other_pressure,2365,533,22.54,236500,184290,-52210,77.92,345.76,18.12,79.62,439.27,-1.7,4.42,-93.51,mixed_edge
1-2,target_lane x target_outer_pressure_bucket,2 | some_other_pressure,2365,533,22.54,236500,184290,-52210,77.92,345.76,18.12,79.62,439.27,-1.7,4.42,-93.51,mixed_edge
1-5,stadium_code,07,643,40,6.22,64300,50100,-14200,77.92,1252.5,6.07,72.93,1201.46,4.99,0.15,51.04,mixed_edge
1-5,stadium_code x target_lane,07 | 5,643,40,6.22,64300,50100,-14200,77.92,1252.5,6.07,72.93,1201.46,4.99,0.15,51.04,mixed_edge
1-2,lane1_target_group_pair x other_a_count_bucket,B-A | 1,1078,165,15.31,107800,83960,-23840,77.88,508.85,18.12,79.62,439.27,-1.74,-2.81,69.58,mixed_edge
1-2,target_local_win_rank_bucket,3,2518,473,18.78,251800,196020,-55780,77.85,414.42,18.12,79.62,439.27,-1.77,0.66,-24.85,mixed_edge
1-2,stadium_code,16,540,90,16.67,54000,42040,-11960,77.85,467.11,18.12,79.62,439.27,-1.77,-1.45,27.84,mixed_edge
1-2,stadium_code x target_lane,16 | 2,540,90,16.67,54000,42040,-11960,77.85,467.11,18.12,79.62,439.27,-1.77,-1.45,27.84,mixed_edge
1-3,lane1_target_local_win_diff_bucket,near_equal,1842,308,16.72,184200,143360,-40840,77.83,465.45,15.39,80.41,522.51,-2.58,1.33,-57.06,mixed_edge
1-2,meeting_phase_bucket,day3-4,4955,837,16.89,495500,385550,-109950,77.81,460.63,18.12,79.62,439.27,-1.81,-1.23,21.36,mixed_edge
1-2,meeting_phase_bucket x target_lane,day3-4 | 2,4955,837,16.89,495500,385550,-109950,77.81,460.63,18.12,79.62,439.27,-1.81,-1.23,21.36,mixed_edge
1-2,other_a_count_bucket,1,4109,757,18.42,410900,319720,-91180,77.81,422.35,18.12,79.62,439.27,-1.81,0.3,-16.92,mixed_edge
1-2,target_lane x other_a_count_bucket,2 | 1,4109,757,18.42,410900,319720,-91180,77.81,422.35,18.12,79.62,439.27,-1.81,0.3,-16.92,mixed_edge
1-4,wave_bucket,0-4,12228,1267,10.36,1222800,951330,-271470,77.8,750.85,10.28,77.68,755.43,0.12,0.08,-4.58,mixed_edge
1-4,other_national_better_than_target_count_bucket,3,2834,193,6.81,283400,220470,-62930,77.79,1142.33,10.28,77.68,755.43,0.11,-3.47,386.9,mixed_edge
1-4,target_national_win_rank_bucket x other_national_better_than_target_count_bucket,4+ | 3,2834,193,6.81,283400,220470,-62930,77.79,1142.33,10.28,77.68,755.43,0.11,-3.47,386.9,mixed_edge
1-2,lane1_target_exhibition_st_rank_pair,2-4+,1180,195,16.53,118000,91770,-26230,77.77,470.62,18.12,79.62,439.27,-1.85,-1.59,31.35,mixed_edge
1-2,lane1_exhibition_st_rank_bucket x target_exhibition_st_rank_bucket,2 | 4+,1180,195,16.53,118000,91770,-26230,77.77,470.62,18.12,79.62,439.27,-1.85,-1.59,31.35,mixed_edge
1-2,target_class,A1,3371,769,22.81,337100,262080,-75020,77.75,340.81,18.12,79.62,439.27,-1.87,4.69,-98.46,mixed_edge
1-5,target_local_win_rank_bucket,1,1949,191,9.8,194900,151530,-43370,77.75,793.35,6.07,72.93,1201.46,4.82,3.73,-408.11,mixed_edge
1-4,other_exhibition_faster_than_target_count_bucket,4,2358,187,7.93,235800,183280,-52520,77.73,980.11,10.28,77.68,755.43,0.05,-2.35,224.68,mixed_edge
1-4,target_exhibition_rank_bucket x other_exhibition_faster_than_target_count_bucket,4+ | 4,2358,187,7.93,235800,183280,-52520,77.73,980.11,10.28,77.68,755.43,0.05,-2.35,224.68,mixed_edge
1-5,target_exhibition_st_rank_bucket,1,1955,152,7.77,195500,151960,-43540,77.73,999.74,6.07,72.93,1201.46,4.8,1.7,-201.72,mixed_edge
1-5,target_lane x target_exhibition_st_rank_bucket,5 | 1,1955,152,7.77,195500,151960,-43540,77.73,999.74,6.07,72.93,1201.46,4.8,1.7,-201.72,mixed_edge
1-5,target_exhibition_st_rank_bucket x other_st_faster_than_target_count_bucket,1 | 0,1955,152,7.77,195500,151960,-43540,77.73,999.74,6.07,72.93,1201.46,4.8,1.7,-201.72,mixed_edge
1-4,lane1_target_group_pair x other_a_count_bucket,A-A | 3,496,73,14.72,49600,38540,-11060,77.7,527.95,10.28,77.68,755.43,0.02,4.44,-227.48,mixed_edge
1-5,lane1_local_win_rank_bucket,4+,5395,283,5.25,539500,419120,-120380,77.69,1480.99,6.07,72.93,1201.46,4.76,-0.82,279.53,mixed_edge
1-3,stadium_code,23,640,98,15.31,64000,49720,-14280,77.69,507.35,15.39,80.41,522.51,-2.72,-0.08,-15.16,mixed_edge
1-3,stadium_code x target_lane,23 | 3,640,98,15.31,64000,49720,-14280,77.69,507.35,15.39,80.41,522.51,-2.72,-0.08,-15.16,mixed_edge
1-4,target_lane,4,14003,1440,10.28,1400300,1087820,-312480,77.68,755.43,10.28,77.68,755.43,0.0,0.0,0.0,mixed_edge
1-4,target_lane_zone,center_4,14003,1440,10.28,1400300,1087820,-312480,77.68,755.43,10.28,77.68,755.43,0.0,0.0,0.0,mixed_edge
1-5,wind_bucket,5-6,1693,110,6.5,169300,131510,-37790,77.68,1195.55,6.07,72.93,1201.46,4.75,0.43,-5.91,mixed_edge
1-3,meeting_phase_bucket,day3-4,4955,703,14.19,495500,384620,-110880,77.62,547.11,15.39,80.41,522.51,-2.79,-1.2,24.6,mixed_edge
1-3,meeting_phase_bucket x target_lane,day3-4 | 3,4955,703,14.19,495500,384620,-110880,77.62,547.11,15.39,80.41,522.51,-2.79,-1.2,24.6,mixed_edge
1-4,lane1_target_exhibition_time_diff_bucket,lane1_faster_0.05_0.10,3118,320,10.26,311800,242000,-69800,77.61,756.25,10.28,77.68,755.43,-0.07,-0.02,0.82,mixed_edge
1-4,lane1_target_boat_place_diff_bucket,near_equal,5026,526,10.47,502600,389980,-112620,77.59,741.41,10.28,77.68,755.43,-0.09,0.19,-14.02,mixed_edge
1-6,lane1_target_national_rank_pair,2-3,522,23,4.41,52200,40500,-11700,77.59,1760.87,3.76,67.31,1788.6,10.28,0.65,-27.73,mixed_edge
1-6,target_lane x lane1_target_national_rank_pair,6 | 2-3,522,23,4.41,52200,40500,-11700,77.59,1760.87,3.76,67.31,1788.6,10.28,0.65,-27.73,mixed_edge
1-4,lane1_target_group_pair x other_a_count_bucket,A-A | 2,945,155,16.4,94500,73310,-21190,77.58,472.97,10.28,77.68,755.43,-0.1,6.12,-282.46,mixed_edge
1-5,target_exhibition_rank_bucket x other_exhibition_faster_than_target_count_bucket,4+ | 1,449,35,7.8,44900,34830,-10070,77.57,995.14,6.07,72.93,1201.46,4.64,1.73,-206.32,mixed_edge
1-5,lane1_target_class_pair,A1-B1,1809,112,6.19,180900,140280,-40620,77.55,1252.5,6.07,72.93,1201.46,4.62,0.12,51.04,mixed_edge
1-2,other_group_pattern,B-B-A-A,677,112,16.54,67700,52490,-15210,77.53,468.66,18.12,79.62,439.27,-2.09,-1.58,29.39,mixed_edge
1-3,lane1_class_group,A,8253,1525,18.48,825300,639750,-185550,77.52,419.51,15.39,80.41,522.51,-2.89,3.09,-103.0,mixed_edge
1-5,other_exhibition_faster_than_target_count_bucket,2,2789,179,6.42,278900,216140,-62760,77.5,1207.49,6.07,72.93,1201.46,4.57,0.35,6.03,mixed_edge
1-2,stadium_code,06,564,100,17.73,56400,43710,-12690,77.5,437.1,18.12,79.62,439.27,-2.12,-0.39,-2.17,mixed_edge
1-2,stadium_code x target_lane,06 | 2,564,100,17.73,56400,43710,-12690,77.5,437.1,18.12,79.62,439.27,-2.12,-0.39,-2.17,mixed_edge
1-2,lane1_target_class_pair,A1-A2,1142,310,27.15,114200,88480,-25720,77.48,285.42,18.12,79.62,439.27,-2.14,9.03,-153.85,mixed_edge
1-4,race_no_bucket,4-6R,3510,332,9.46,351000,271900,-79100,77.46,818.98,10.28,77.68,755.43,-0.22,-0.82,63.55,mixed_edge
1-4,race_no_bucket x target_lane,4-6R | 4,3510,332,9.46,351000,271900,-79100,77.46,818.98,10.28,77.68,755.43,-0.22,-0.82,63.55,mixed_edge
1-6,other_st_faster_than_target_count_bucket,0,3113,162,5.2,311300,241130,-70170,77.46,1488.46,3.76,67.31,1788.6,10.15,1.44,-300.14,mixed_edge
1-2,target_exhibition_rank_bucket,1,2427,470,19.37,242700,188000,-54700,77.46,400.0,18.12,79.62,439.27,-2.16,1.25,-39.27,mixed_edge
1-2,target_exhibition_rank_bucket x other_exhibition_faster_than_target_count_bucket,1 | 0,2427,470,19.37,242700,188000,-54700,77.46,400.0,18.12,79.62,439.27,-2.16,1.25,-39.27,mixed_edge
1-2,lane1_target_group_pair x other_a_count_bucket,A-A | 1,921,280,30.4,92100,71320,-20780,77.44,254.71,18.12,79.62,439.27,-2.18,12.28,-184.56,mixed_edge
1-4,lane1_motor_rank_bucket,4+,6439,638,9.91,643900,498580,-145320,77.43,781.47,10.28,77.68,755.43,-0.25,-0.37,26.04,mixed_edge
1-4,target_class,B1,6838,499,7.3,683800,529240,-154560,77.4,1060.6,10.28,77.68,755.43,-0.28,-2.98,305.17,mixed_edge
1-3,lane1_local_win_rank_bucket,3,2519,365,14.49,251900,194920,-56980,77.38,534.03,15.39,80.41,522.51,-3.03,-0.9,11.52,mixed_edge
1-5,lane1_target_start_exhibition_st_diff_bucket,near_equal,3546,225,6.35,354600,274370,-80230,77.37,1219.42,6.07,72.93,1201.46,4.44,0.28,17.96,mixed_edge
1-2,lane1_target_class_pair,B1-B2,211,20,9.48,21100,16310,-4790,77.3,815.5,18.12,79.62,439.27,-2.32,-8.64,376.23,mixed_edge
1-3,lane1_target_group_pair,B-A,2495,327,13.11,249500,192790,-56710,77.27,589.57,15.39,80.41,522.51,-3.14,-2.28,67.06,mixed_edge
1-3,target_outer_pressure_bucket,some_other_pressure,2039,419,20.55,203900,157560,-46340,77.27,376.04,15.39,80.41,522.51,-3.14,5.16,-146.47,mixed_edge
1-3,target_lane x target_outer_pressure_bucket,3 | some_other_pressure,2039,419,20.55,203900,157560,-46340,77.27,376.04,15.39,80.41,522.51,-3.14,5.16,-146.47,mixed_edge
1-5,lane1_target_start_gap_pair x target_outer_pressure_bucket,0.04-0.06-best | some_other_pressure,84,9,10.71,8400,6490,-1910,77.26,721.11,6.07,72.93,1201.46,4.33,4.64,-480.35,mixed_edge
1-2,lane1_target_boat_place_diff_bucket,near_equal,5020,883,17.59,502000,387780,-114220,77.25,439.16,18.12,79.62,439.27,-2.37,-0.53,-0.11,mixed_edge
1-5,lane1_target_group_pair x target_outer_pressure_bucket,A-A | high_other_pressure,2701,233,8.63,270100,208660,-61440,77.25,895.54,6.07,72.93,1201.46,4.32,2.56,-305.92,mixed_edge
1-2,lane1_target_group_pair x target_outer_pressure_bucket,B-A | high_other_pressure,1469,210,14.3,146900,113450,-33450,77.23,540.24,18.12,79.62,439.27,-2.39,-3.82,100.97,mixed_edge
1-4,lane1_target_national_rank_pair x target_outer_pressure_bucket,4+-2 | some_other_pressure,438,45,10.27,43800,33810,-9990,77.19,751.33,10.28,77.68,755.43,-0.49,-0.01,-4.1,mixed_edge
1-2,other_group_pattern,A-B-A-B,868,131,15.09,86800,66970,-19830,77.15,511.22,18.12,79.62,439.27,-2.47,-3.03,71.95,mixed_edge
1-2,lane1_target_exhibition_time_diff_bucket x lane1_target_start_exhibition_st_diff_bucket,target_faster_0.10+ | lane1_faster_0.03_0.06,98,19,19.39,9800,7560,-2240,77.14,397.89,18.12,79.62,439.27,-2.48,1.27,-41.38,mixed_edge
1-4,lane1_boat_rank_bucket,1,2896,291,10.05,289600,223320,-66280,77.11,767.42,10.28,77.68,755.43,-0.57,-0.23,11.99,mixed_edge
1-2,target_class_group,A,6586,1421,21.58,658600,507740,-150860,77.09,357.31,18.12,79.62,439.27,-2.53,3.46,-81.96,mixed_edge
1-2,target_lane x target_class_group,2 | A,6586,1421,21.58,658600,507740,-150860,77.09,357.31,18.12,79.62,439.27,-2.53,3.46,-81.96,mixed_edge
1-3,lane1_target_national_win_diff_bucket,near_equal,2661,439,16.5,266100,205140,-60960,77.09,467.29,15.39,80.41,522.51,-3.32,1.11,-55.22,mixed_edge
1-5,other_group_pattern,A-B-A-A,556,26,4.68,55600,42860,-12740,77.09,1648.46,6.07,72.93,1201.46,4.16,-1.39,447.0,mixed_edge
1-2,lane1_target_national_rank_pair x target_outer_pressure_bucket,3-2 | high_other_pressure,237,48,20.25,23700,18260,-5440,77.05,380.42,18.12,79.62,439.27,-2.57,2.13,-58.85,mixed_edge
1-3,lane1_target_group_pair x target_outer_pressure_bucket,B-B | some_other_pressure,193,27,13.99,19300,14870,-4430,77.05,550.74,15.39,80.41,522.51,-3.36,-1.4,28.23,mixed_edge
1-3,lane1_class,A1,4491,900,20.04,449100,345990,-103110,77.04,384.43,15.39,80.41,522.51,-3.37,4.65,-138.08,mixed_edge
1-5,lane1_target_start_gap_pair x target_outer_pressure_bucket,>0.06-<=0.03 | low_other_pressure,54,7,12.96,5400,4160,-1240,77.04,594.29,6.07,72.93,1201.46,4.11,6.89,-607.17,mixed_edge
1-6,other_group_pattern,B-A-B-A,783,18,2.3,78300,60290,-18010,77.0,3349.44,3.76,67.31,1788.6,9.69,-1.46,1560.84,mixed_edge
1-3,target_start_exhibition_gap_bucket,>0.06,5274,746,14.14,527400,405940,-121460,76.97,544.16,15.39,80.41,522.51,-3.44,-1.25,21.65,mixed_edge
1-3,target_lane x target_start_exhibition_gap_bucket,3 | >0.06,5274,746,14.14,527400,405940,-121460,76.97,544.16,15.39,80.41,522.51,-3.44,-1.25,21.65,mixed_edge
1-4,other_b2_count_bucket,0,10101,1022,10.12,1010100,777340,-232760,76.96,760.61,10.28,77.68,755.43,-0.72,-0.16,5.18,mixed_edge
1-2,lane1_target_motor_place_diff_bucket,target_plus_4_10,2052,369,17.98,205200,157920,-47280,76.96,427.97,18.12,79.62,439.27,-2.66,-0.14,-11.3,mixed_edge
1-2,lane1_target_class_pair,A2-A2,603,144,23.88,60300,46390,-13910,76.93,322.15,18.12,79.62,439.27,-2.69,5.76,-117.12,mixed_edge
1-5,target_class_group x target_outer_pressure_bucket,A | low_other_pressure,564,81,14.36,56400,43390,-13010,76.93,535.68,6.07,72.93,1201.46,4.0,8.29,-665.78,mixed_edge
1-2,target_motor_rank_bucket,1,2229,438,19.65,222900,171450,-51450,76.92,391.44,18.12,79.62,439.27,-2.7,1.53,-47.83,mixed_edge
1-4,other_group_pattern,A-A-B-A,584,34,5.82,58400,44920,-13480,76.92,1321.18,10.28,77.68,755.43,-0.76,-4.46,565.75,mixed_edge
1-5,lane1_target_exhibition_st_rank_pair,4+-2,1318,82,6.22,131800,101370,-30430,76.91,1236.22,6.07,72.93,1201.46,3.98,0.15,34.76,mixed_edge
1-5,lane1_exhibition_st_rank_bucket x target_exhibition_st_rank_bucket,4+ | 2,1318,82,6.22,131800,101370,-30430,76.91,1236.22,6.07,72.93,1201.46,3.98,0.15,34.76,mixed_edge
1-5,target_exhibition_st_rank_bucket,2,2339,158,6.76,233900,179820,-54080,76.88,1138.1,6.07,72.93,1201.46,3.95,0.69,-63.36,mixed_edge
1-5,target_lane x target_exhibition_st_rank_bucket,5 | 2,2339,158,6.76,233900,179820,-54080,76.88,1138.1,6.07,72.93,1201.46,3.95,0.69,-63.36,mixed_edge
1-3,target_class_group x target_outer_pressure_bucket,A | high_other_pressure,4277,748,17.49,427700,328770,-98930,76.87,439.53,15.39,80.41,522.51,-3.54,2.1,-82.98,mixed_edge
1-3,lane1_target_national_win_diff_bucket,lane1_plus_1.00+,4362,633,14.51,436200,334970,-101230,76.79,529.18,15.39,80.41,522.51,-3.62,-0.88,6.67,mixed_edge
1-4,lane1_class,A2,3762,438,11.64,376200,288830,-87370,76.78,659.43,10.28,77.68,755.43,-0.9,1.36,-96.0,mixed_edge
1-2,lane1_target_national_rank_pair,4+-3,1078,133,12.34,107800,82760,-25040,76.77,622.26,18.12,79.62,439.27,-2.85,-5.78,182.99,mixed_edge
1-2,target_lane x lane1_target_national_rank_pair,2 | 4+-3,1078,133,12.34,107800,82760,-25040,76.77,622.26,18.12,79.62,439.27,-2.85,-5.78,182.99,mixed_edge
1-2,lane1_target_national_rank_pair x target_outer_pressure_bucket,4+-3 | high_other_pressure,1078,133,12.34,107800,82760,-25040,76.77,622.26,18.12,79.62,439.27,-2.85,-5.78,182.99,mixed_edge
1-2,target_national_win_rank_bucket x other_national_better_than_target_count_bucket,3 | 2,1078,133,12.34,107800,82760,-25040,76.77,622.26,18.12,79.62,439.27,-2.85,-5.78,182.99,mixed_edge
1-3,target_exhibition_rank_bucket x other_exhibition_faster_than_target_count_bucket,3 | 2,724,88,12.15,72400,55560,-16840,76.74,631.36,15.39,80.41,522.51,-3.67,-3.24,108.85,mixed_edge
1-4,lane1_exhibition_rank_bucket,3,2406,240,9.98,240600,184620,-55980,76.73,769.25,10.28,77.68,755.43,-0.95,-0.3,13.82,mixed_edge
1-3,race_no_bucket,10-12R,3479,651,18.71,347900,266900,-81000,76.72,409.98,15.39,80.41,522.51,-3.69,3.32,-112.53,mixed_edge
1-3,race_no_bucket x target_lane,10-12R | 3,3479,651,18.71,347900,266900,-81000,76.72,409.98,15.39,80.41,522.51,-3.69,3.32,-112.53,mixed_edge
1-4,other_group_pattern,B-B-A-A,523,49,9.37,52300,40120,-12180,76.71,818.78,10.28,77.68,755.43,-0.97,-0.91,63.35,mixed_edge
1-4,lane1_target_start_gap_pair x target_outer_pressure_bucket,<=0.03->0.06 | high_other_pressure,784,59,7.53,78400,60130,-18270,76.7,1019.15,10.28,77.68,755.43,-0.98,-2.75,263.72,mixed_edge
1-3,target_national_win_rank_bucket,2,2333,436,18.69,233300,178910,-54390,76.69,410.34,15.39,80.41,522.51,-3.72,3.3,-112.17,mixed_edge
1-5,lane1_target_national_rank_pair x target_outer_pressure_bucket,3-2 | high_other_pressure,260,19,7.31,26000,19940,-6060,76.69,1049.47,6.07,72.93,1201.46,3.76,1.24,-151.99,mixed_edge
1-2,lane1_target_start_gap_pair,0.04-0.06-best,501,101,20.16,50100,38410,-11690,76.67,380.3,18.12,79.62,439.27,-2.95,2.04,-58.97,mixed_edge
1-2,target_lane x lane1_target_start_gap_pair,2 | 0.04-0.06-best,501,101,20.16,50100,38410,-11690,76.67,380.3,18.12,79.62,439.27,-2.95,2.04,-58.97,mixed_edge
1-2,lane1_start_exhibition_gap_bucket x target_start_exhibition_gap_bucket,0.04-0.06 | best,501,101,20.16,50100,38410,-11690,76.67,380.3,18.12,79.62,439.27,-2.95,2.04,-58.97,mixed_edge
1-2,lane1_target_start_gap_pair x target_outer_pressure_bucket,>0.06-<=0.03 | high_other_pressure,460,68,14.78,46000,35230,-10770,76.59,518.09,18.12,79.62,439.27,-3.03,-3.34,78.82,mixed_edge
1-2,other_exhibition_faster_than_target_count_bucket,1,3260,585,17.94,326000,249600,-76400,76.56,426.67,18.12,79.62,439.27,-3.06,-0.18,-12.6,mixed_edge
1-2,stadium_code,15,636,121,19.03,63600,48690,-14910,76.56,402.4,18.12,79.62,439.27,-3.06,0.91,-36.87,mixed_edge
1-2,stadium_code x target_lane,15 | 2,636,121,19.03,63600,48690,-14910,76.56,402.4,18.12,79.62,439.27,-3.06,0.91,-36.87,mixed_edge
1-4,target_class_group x target_outer_pressure_bucket,A | some_other_pressure,1415,225,15.9,141500,108320,-33180,76.55,481.42,10.28,77.68,755.43,-1.13,5.62,-274.01,mixed_edge
1-3,month,2025-05,5026,752,14.96,502600,384690,-117910,76.54,511.56,15.39,80.41,522.51,-3.87,-0.43,-10.95,mixed_edge
1-5,lane1_target_class_pair,A2-A1,606,86,14.19,60600,46370,-14230,76.52,539.19,6.07,72.93,1201.46,3.59,8.12,-662.27,mixed_edge
1-3,lane1_target_class_pair,A2-A2,681,143,21.0,68100,52100,-16000,76.51,364.34,15.39,80.41,522.51,-3.9,5.61,-158.17,mixed_edge
1-2,stadium_code,07,643,100,15.55,64300,49180,-15120,76.49,491.8,18.12,79.62,439.27,-3.13,-2.57,52.53,mixed_edge
1-2,stadium_code x target_lane,07 | 2,643,100,15.55,64300,49180,-15120,76.49,491.8,18.12,79.62,439.27,-3.13,-2.57,52.53,mixed_edge
1-3,lane1_target_national_rank_pair,2-1,606,169,27.89,60600,46340,-14260,76.47,274.2,15.39,80.41,522.51,-3.94,12.5,-248.31,mixed_edge
1-3,target_lane x lane1_target_national_rank_pair,3 | 2-1,606,169,27.89,60600,46340,-14260,76.47,274.2,15.39,80.41,522.51,-3.94,12.5,-248.31,mixed_edge
1-5,lane1_exhibition_rank_bucket,4+,4265,220,5.16,426500,326080,-100420,76.45,1482.18,6.07,72.93,1201.46,3.52,-0.91,280.72,mixed_edge
1-5,target_boat_rank_bucket,1,2229,138,6.19,222900,170400,-52500,76.45,1234.78,6.07,72.93,1201.46,3.52,0.12,33.32,mixed_edge
1-3,lane1_target_group_pair x target_outer_pressure_bucket,A-B | low_other_pressure,76,21,27.63,7600,5810,-1790,76.45,276.67,15.39,80.41,522.51,-3.96,12.24,-245.84,mixed_edge
1-2,target_motor_rank_bucket,2,2923,499,17.07,292300,223400,-68900,76.43,447.7,18.12,79.62,439.27,-3.19,-1.05,8.43,mixed_edge
1-5,lane1_target_start_gap_pair,>0.06-<=0.03,1015,57,5.62,101500,77570,-23930,76.42,1360.88,6.07,72.93,1201.46,3.49,-0.45,159.42,mixed_edge
1-5,target_lane x lane1_target_start_gap_pair,5 | >0.06-<=0.03,1015,57,5.62,101500,77570,-23930,76.42,1360.88,6.07,72.93,1201.46,3.49,-0.45,159.42,mixed_edge
1-5,lane1_start_exhibition_gap_bucket x target_start_exhibition_gap_bucket,>0.06 | <=0.03,1015,57,5.62,101500,77570,-23930,76.42,1360.88,6.07,72.93,1201.46,3.49,-0.45,159.42,mixed_edge
1-3,lane1_target_start_gap_pair x target_outer_pressure_bucket,>0.06-best | some_other_pressure,176,29,16.48,17600,13450,-4150,76.42,463.79,15.39,80.41,522.51,-3.99,1.09,-58.72,mixed_edge
1-2,target_class,A2,3215,652,20.28,321500,245660,-75840,76.41,376.78,18.12,79.62,439.27,-3.21,2.16,-62.49,mixed_edge
1-3,lane1_exhibition_st_rank_bucket,3,2105,313,14.87,210500,160840,-49660,76.41,513.87,15.39,80.41,522.51,-4.0,-0.52,-8.64,mixed_edge
1-4,lane1_target_exhibition_time_diff_bucket x lane1_target_start_exhibition_st_diff_bucket,lane1_faster_0.10+ | lane1_faster_0.03_0.06,242,28,11.57,24200,18490,-5710,76.4,660.36,10.28,77.68,755.43,-1.28,1.29,-95.07,mixed_edge
1-4,lane1_target_group_pair x target_outer_pressure_bucket,B-B | some_other_pressure,214,25,11.68,21400,16350,-5050,76.4,654.0,10.28,77.68,755.43,-1.28,1.4,-101.43,mixed_edge
1-3,lane1_target_class_pair,B2-A2,72,11,15.28,7200,5500,-1700,76.39,500.0,15.39,80.41,522.51,-4.02,-0.11,-22.51,mixed_edge
1-2,lane1_target_group_pair x other_a_count_bucket,B-B | 1,802,97,12.09,80200,61260,-18940,76.38,631.55,18.12,79.62,439.27,-3.24,-6.03,192.28,mixed_edge
1-6,target_exhibition_rank_bucket x other_exhibition_faster_than_target_count_bucket,4+ | 2,2146,85,3.96,214600,163840,-50760,76.35,1927.53,3.76,67.31,1788.6,9.04,0.2,138.93,mixed_edge
1-5,lane1_national_win_rank_bucket,4+,5105,237,4.64,510500,389730,-120770,76.34,1644.43,6.07,72.93,1201.46,3.41,-1.43,442.97,mixed_edge
1-3,target_class_group,A,6513,1239,19.02,651300,497060,-154240,76.32,401.18,15.39,80.41,522.51,-4.09,3.63,-121.33,mixed_edge
1-3,target_lane x target_class_group,3 | A,6513,1239,19.02,651300,497060,-154240,76.32,401.18,15.39,80.41,522.51,-4.09,3.63,-121.33,mixed_edge
1-2,lane1_target_national_rank_pair,3-1,553,139,25.14,55300,42200,-13100,76.31,303.6,18.12,79.62,439.27,-3.31,7.02,-135.67,mixed_edge
1-2,target_lane x lane1_target_national_rank_pair,2 | 3-1,553,139,25.14,55300,42200,-13100,76.31,303.6,18.12,79.62,439.27,-3.31,7.02,-135.67,mixed_edge
1-5,lane1_target_exhibition_time_diff_bucket x lane1_target_start_exhibition_st_diff_bucket,target_faster_0.05_0.10 | lane1_faster_0.06+,363,19,5.23,36300,27690,-8610,76.28,1457.37,6.07,72.93,1201.46,3.35,-0.84,255.91,mixed_edge
1-2,target_boat_rank_bucket,4+,6644,1197,18.02,664400,506570,-157830,76.24,423.2,18.12,79.62,439.27,-3.38,-0.1,-16.07,mixed_edge
1-3,lane1_target_boat_place_diff_bucket,lane1_plus_10+,2296,344,14.98,229600,175030,-54570,76.23,508.81,15.39,80.41,522.51,-4.18,-0.41,-13.7,mixed_edge
1-6,other_group_pattern,A-B-B-A,814,20,2.46,81400,62000,-19400,76.17,3100.0,3.76,67.31,1788.6,8.86,-1.3,1311.4,mixed_edge
1-3,stadium_code,13,804,126,15.67,80400,61210,-19190,76.13,485.79,15.39,80.41,522.51,-4.28,0.28,-36.72,mixed_edge
1-3,stadium_code x target_lane,13 | 3,804,126,15.67,80400,61210,-19190,76.13,485.79,15.39,80.41,522.51,-4.28,0.28,-36.72,mixed_edge
1-3,lane1_target_group_pair x target_outer_pressure_bucket,B-A | some_other_pressure,649,93,14.33,64900,49410,-15490,76.13,531.29,15.39,80.41,522.51,-4.28,-1.06,8.78,mixed_edge
1-4,lane1_target_exhibition_time_diff_bucket x lane1_target_start_exhibition_st_diff_bucket,target_faster_0.10+ | lane1_faster_0.06+,163,14,8.59,16300,12410,-3890,76.13,886.43,10.28,77.68,755.43,-1.55,-1.69,131.0,mixed_edge
1-5,lane1_class,A1,4491,352,7.84,449100,341850,-107250,76.12,971.16,6.07,72.93,1201.46,3.19,1.77,-230.3,mixed_edge
1-4,target_motor_rank_bucket,4+,7304,711,9.73,730400,555900,-174500,76.11,781.86,10.28,77.68,755.43,-1.57,-0.55,26.43,mixed_edge
1-4,lane1_national_win_rank_bucket,1,3495,488,13.96,349500,266020,-83480,76.11,545.12,10.28,77.68,755.43,-1.57,3.68,-210.31,mixed_edge
1-2,lane1_target_exhibition_time_diff_bucket,lane1_faster_0.05_0.10,2856,526,18.42,285600,217370,-68230,76.11,413.25,18.12,79.62,439.27,-3.51,0.3,-26.02,mixed_edge
1-2,other_group_pattern,A-B-B-B,971,159,16.37,97100,73890,-23210,76.1,464.72,18.12,79.62,439.27,-3.52,-1.75,25.45,mixed_edge
1-6,other_group_pattern,A-A-B-B,799,23,2.88,79900,60800,-19100,76.1,2643.48,3.76,67.31,1788.6,8.79,-0.88,854.88,mixed_edge
1-3,lane1_target_group_pair x other_a_count_bucket,A-A | 3,525,106,20.19,52500,39940,-12560,76.08,376.79,15.39,80.41,522.51,-4.33,4.8,-145.72,mixed_edge
1-2,target_class_group x target_outer_pressure_bucket,A | some_other_pressure,1694,372,21.96,169400,128850,-40550,76.06,346.37,18.12,79.62,439.27,-3.56,3.84,-92.9,mixed_edge
1-3,stadium_code,16,540,88,16.3,54000,41070,-12930,76.06,466.7,15.39,80.41,522.51,-4.35,0.91,-55.81,mixed_edge
1-3,stadium_code x target_lane,16 | 3,540,88,16.3,54000,41070,-12930,76.06,466.7,15.39,80.41,522.51,-4.35,0.91,-55.81,mixed_edge
1-5,lane1_target_boat_place_diff_bucket,lane1_plus_4_10,2220,145,6.53,222000,168820,-53180,76.05,1164.28,6.07,72.93,1201.46,3.12,0.46,-37.18,mixed_edge
1-3,target_exhibition_st_rank_bucket,4+,6596,927,14.05,659600,501370,-158230,76.01,540.85,15.39,80.41,522.51,-4.4,-1.34,18.34,mixed_edge
1-3,target_lane x target_exhibition_st_rank_bucket,3 | 4+,6596,927,14.05,659600,501370,-158230,76.01,540.85,15.39,80.41,522.51,-4.4,-1.34,18.34,mixed_edge
1-3,lane1_national_win_rank_bucket,1,3495,724,20.72,349500,265660,-83840,76.01,366.93,15.39,80.41,522.51,-4.4,5.33,-155.58,mixed_edge
1-4,lane1_target_motor_place_diff_bucket,near_equal,4485,475,10.59,448500,340850,-107650,76.0,717.58,10.28,77.68,755.43,-1.68,0.31,-37.85,mixed_edge
1-2,other_a_count_bucket,3,1846,293,15.87,184600,140300,-44300,76.0,478.84,18.12,79.62,439.27,-3.62,-2.25,39.57,mixed_edge
1-2,target_lane x other_a_count_bucket,2 | 3,1846,293,15.87,184600,140300,-44300,76.0,478.84,18.12,79.62,439.27,-3.62,-2.25,39.57,mixed_edge
1-3,stadium_code,21,515,83,16.12,51500,39140,-12360,76.0,471.57,15.39,80.41,522.51,-4.41,0.73,-50.94,mixed_edge
1-3,stadium_code x target_lane,21 | 3,515,83,16.12,51500,39140,-12360,76.0,471.57,15.39,80.41,522.51,-4.41,0.73,-50.94,mixed_edge
1-2,lane1_motor_rank_bucket,4+,6439,1137,17.66,643900,488910,-154990,75.93,430.0,18.12,79.62,439.27,-3.69,-0.46,-9.27,mixed_edge
1-4,lane1_target_motor_place_diff_bucket,lane1_plus_4_10,2056,201,9.78,205600,156070,-49530,75.91,776.47,10.28,77.68,755.43,-1.77,-0.5,21.04,mixed_edge
1-4,lane1_target_national_rank_pair x target_outer_pressure_bucket,1-3 | some_other_pressure,323,57,17.65,32300,24520,-7780,75.91,430.18,10.28,77.68,755.43,-1.77,7.37,-325.25,mixed_edge
1-3,target_class_group x target_outer_pressure_bucket,A | some_other_pressure,1517,315,20.76,151700,115140,-36560,75.9,365.52,15.39,80.41,522.51,-4.51,5.37,-156.99,mixed_edge
1-4,lane1_exhibition_rank_bucket,2,3043,298,9.79,304300,230850,-73450,75.86,774.66,10.28,77.68,755.43,-1.82,-0.49,19.23,mixed_edge
1-4,lane1_target_class_pair,A1-A1,1591,275,17.28,159100,120680,-38420,75.85,438.84,10.28,77.68,755.43,-1.83,7.0,-316.59,mixed_edge
1-6,stadium_code,20,661,32,4.84,66100,50140,-15960,75.85,1566.88,3.76,67.31,1788.6,8.54,1.08,-221.72,mixed_edge
1-6,stadium_code x target_lane,20 | 6,661,32,4.84,66100,50140,-15960,75.85,1566.88,3.76,67.31,1788.6,8.54,1.08,-221.72,mixed_edge
1-2,lane1_target_local_win_diff_bucket,lane1_plus_0.35_1.00,1848,350,18.94,184800,140140,-44660,75.83,400.4,18.12,79.62,439.27,-3.79,0.82,-38.87,mixed_edge
1-2,lane1_exhibition_rank_bucket,4+,4265,670,15.71,426500,323260,-103240,75.79,482.48,18.12,79.62,439.27,-3.83,-2.41,43.21,mixed_edge
1-6,target_local_win_rank_bucket,3,2001,79,3.95,200100,151660,-48440,75.79,1919.75,3.76,67.31,1788.6,8.48,0.19,131.15,mixed_edge
1-4,lane1_target_exhibition_time_diff_bucket x lane1_target_start_exhibition_st_diff_bucket,target_faster_0.05_0.10 | target_faster_0.06+,356,35,9.83,35600,26980,-8620,75.79,770.86,10.28,77.68,755.43,-1.89,-0.45,15.43,mixed_edge
1-4,lane1_target_national_rank_pair,2-1,684,154,22.51,68400,51830,-16570,75.77,336.56,10.28,77.68,755.43,-1.91,12.23,-418.87,mixed_edge
1-4,target_lane x lane1_target_national_rank_pair,4 | 2-1,684,154,22.51,68400,51830,-16570,75.77,336.56,10.28,77.68,755.43,-1.91,12.23,-418.87,mixed_edge
1-2,lane1_exhibition_st_rank_bucket,3,2105,391,18.57,210500,159440,-51060,75.74,407.77,18.12,79.62,439.27,-3.88,0.45,-31.5,mixed_edge
1-3,lane1_target_group_pair,A-A,4018,912,22.7,401800,304270,-97530,75.73,333.63,15.39,80.41,522.51,-4.68,7.31,-188.88,mixed_edge
1-4,lane1_target_start_exhibition_st_diff_bucket,target_faster_0.03_0.06,1603,163,10.17,160300,121400,-38900,75.73,744.79,10.28,77.68,755.43,-1.95,-0.11,-10.64,mixed_edge
1-3,lane1_target_group_pair x target_outer_pressure_bucket,A-A | some_other_pressure,868,222,25.58,86800,65730,-21070,75.73,296.08,15.39,80.41,522.51,-4.68,10.19,-226.43,mixed_edge
1-3,other_group_pattern,A-B-A-A,499,55,11.02,49900,37780,-12120,75.71,686.91,15.39,80.41,522.51,-4.7,-4.37,164.4,mixed_edge
1-6,lane1_target_national_rank_pair x target_outer_pressure_bucket,1-2 | low_other_pressure,170,17,10.0,17000,12870,-4130,75.71,757.06,3.76,67.31,1788.6,8.4,6.24,-1031.54,mixed_edge
1-5,race_no_bucket,1-3R,3514,194,5.52,351400,265960,-85440,75.69,1370.93,6.07,72.93,1201.46,2.76,-0.55,169.47,mixed_edge
1-5,race_no_bucket x target_lane,1-3R | 5,3514,194,5.52,351400,265960,-85440,75.69,1370.93,6.07,72.93,1201.46,2.76,-0.55,169.47,mixed_edge
1-6,lane1_exhibition_rank_bucket,3,2406,108,4.49,240600,182060,-58540,75.67,1685.74,3.76,67.31,1788.6,8.36,0.73,-102.86,mixed_edge
1-2,lane1_target_group_pair x target_outer_pressure_bucket,B-B | some_other_pressure,268,45,16.79,26800,20280,-6520,75.67,450.67,18.12,79.62,439.27,-3.95,-1.33,11.4,mixed_edge
1-6,lane1_target_group_pair x other_a_count_bucket,A-A | 3,426,19,4.46,42600,32230,-10370,75.66,1696.32,3.76,67.31,1788.6,8.35,0.7,-92.28,mixed_edge
1-5,lane1_target_boat_place_diff_bucket,lane1_plus_10+,2309,139,6.02,230900,174680,-56220,75.65,1256.69,6.07,72.93,1201.46,2.72,-0.05,55.23,mixed_edge
1-5,wind_bucket,0-2,6525,403,6.18,652500,493500,-159000,75.63,1224.57,6.07,72.93,1201.46,2.7,0.11,23.11,mixed_edge
1-2,other_national_better_than_target_count_bucket,2,3056,481,15.74,305600,231140,-74460,75.63,480.54,18.12,79.62,439.27,-3.99,-2.38,41.27,mixed_edge
1-4,target_motor_rank_bucket,3,2276,226,9.93,227600,172050,-55550,75.59,761.28,10.28,77.68,755.43,-2.09,-0.35,5.85,mixed_edge
1-6,lane1_target_national_win_diff_bucket,target_plus_0.35_1.00,1667,85,5.1,166700,125950,-40750,75.55,1481.76,3.76,67.31,1788.6,8.24,1.34,-306.84,mixed_edge
1-6,stadium_code,13,804,37,4.6,80400,60740,-19660,75.55,1641.62,3.76,67.31,1788.6,8.24,0.84,-146.98,mixed_edge
1-6,stadium_code x target_lane,13 | 6,804,37,4.6,80400,60740,-19660,75.55,1641.62,3.76,67.31,1788.6,8.24,0.84,-146.98,mixed_edge
1-2,other_national_better_than_target_count_bucket,0,3080,785,25.49,308000,232670,-75330,75.54,296.39,18.12,79.62,439.27,-4.08,7.37,-142.88,mixed_edge
1-2,lane1_target_group_pair,B-A,2605,373,14.32,260500,196790,-63710,75.54,527.59,18.12,79.62,439.27,-4.08,-3.8,88.32,mixed_edge
1-3,lane1_motor_rank_bucket,2,2282,342,14.99,228200,172360,-55840,75.53,503.98,15.39,80.41,522.51,-4.88,-0.4,-18.53,mixed_edge
1-6,lane1_target_exhibition_st_rank_pair,4+-2,1137,45,3.96,113700,85880,-27820,75.53,1908.44,3.76,67.31,1788.6,8.22,0.2,119.84,mixed_edge
1-6,lane1_exhibition_st_rank_bucket x target_exhibition_st_rank_bucket,4+ | 2,1137,45,3.96,113700,85880,-27820,75.53,1908.44,3.76,67.31,1788.6,8.22,0.2,119.84,mixed_edge
1-5,other_b2_count_bucket,1,3038,204,6.71,303800,229370,-74430,75.5,1124.36,6.07,72.93,1201.46,2.57,0.64,-77.1,mixed_edge
1-5,lane1_target_exhibition_time_diff_bucket x lane1_target_start_exhibition_st_diff_bucket,near_equal | target_faster_0.03_0.06,769,56,7.28,76900,58060,-18840,75.5,1036.79,6.07,72.93,1201.46,2.57,1.21,-164.67,mixed_edge
1-5,lane1_target_exhibition_time_diff_bucket x lane1_target_start_exhibition_st_diff_bucket,lane1_faster_0.10+ | target_faster_0.03_0.06,229,18,7.86,22900,17290,-5610,75.5,960.56,6.07,72.93,1201.46,2.57,1.79,-240.9,mixed_edge
1-5,lane1_target_group_pair,A-A,3696,364,9.85,369600,279020,-90580,75.49,766.54,6.07,72.93,1201.46,2.56,3.78,-434.92,mixed_edge
1-2,lane1_boat_rank_bucket,3,2279,395,17.33,227900,172050,-55850,75.49,435.57,18.12,79.62,439.27,-4.13,-0.79,-3.7,mixed_edge
1-3,wind_bucket,5-6,1693,246,14.53,169300,127810,-41490,75.49,519.55,15.39,80.41,522.51,-4.92,-0.86,-2.96,mixed_edge
1-4,lane1_target_national_rank_pair,4+-1,910,107,11.76,91000,68690,-22310,75.48,641.96,10.28,77.68,755.43,-2.2,1.48,-113.47,mixed_edge
1-4,target_lane x lane1_target_national_rank_pair,4 | 4+-1,910,107,11.76,91000,68690,-22310,75.48,641.96,10.28,77.68,755.43,-2.2,1.48,-113.47,mixed_edge
1-4,lane1_motor_rank_bucket,1,3044,315,10.35,304400,229670,-74730,75.45,729.11,10.28,77.68,755.43,-2.23,0.07,-26.32,mixed_edge
1-6,other_group_pattern,B-A-B-B,1163,67,5.76,116300,87750,-28550,75.45,1309.7,3.76,67.31,1788.6,8.14,2.0,-478.9,mixed_edge
1-2,lane1_target_national_rank_pair,4+-4+,1700,149,8.76,170000,128210,-41790,75.42,860.47,18.12,79.62,439.27,-4.2,-9.36,421.2,mixed_edge
1-2,target_lane x lane1_target_national_rank_pair,2 | 4+-4+,1700,149,8.76,170000,128210,-41790,75.42,860.47,18.12,79.62,439.27,-4.2,-9.36,421.2,mixed_edge
1-2,lane1_target_national_rank_pair x target_outer_pressure_bucket,4+-4+ | high_other_pressure,1700,149,8.76,170000,128210,-41790,75.42,860.47,18.12,79.62,439.27,-4.2,-9.36,421.2,mixed_edge
1-3,other_group_pattern,B-B-A-A,662,99,14.95,66200,49930,-16270,75.42,504.34,15.39,80.41,522.51,-4.99,-0.44,-18.17,mixed_edge
1-4,lane1_target_national_rank_pair x target_outer_pressure_bucket,3-1 | some_other_pressure,122,20,16.39,12200,9200,-3000,75.41,460.0,10.28,77.68,755.43,-2.27,6.11,-295.43,mixed_edge
1-3,lane1_target_start_gap_pair x target_outer_pressure_bucket,<=0.03-<=0.03 | low_other_pressure,39,11,28.21,3900,2940,-960,75.38,267.27,15.39,80.41,522.51,-5.03,12.82,-255.24,mixed_edge
1-4,other_national_better_than_target_count_bucket,0,2866,512,17.86,286600,216020,-70580,75.37,421.91,10.28,77.68,755.43,-2.31,7.58,-333.52,mixed_edge
1-3,lane1_target_exhibition_time_diff_bucket,target_faster_0.05_0.10,1552,219,14.11,155200,116980,-38220,75.37,534.16,15.39,80.41,522.51,-5.04,-1.28,11.65,mixed_edge
1-5,lane1_target_motor_place_diff_bucket,lane1_plus_10+,2768,174,6.29,276800,208610,-68190,75.36,1198.91,6.07,72.93,1201.46,2.43,0.22,-2.55,mixed_edge
1-5,meeting_phase_bucket,day3-4,4955,337,6.8,495500,373270,-122230,75.33,1107.63,6.07,72.93,1201.46,2.4,0.73,-93.83,mixed_edge
1-5,meeting_phase_bucket x target_lane,day3-4 | 5,4955,337,6.8,495500,373270,-122230,75.33,1107.63,6.07,72.93,1201.46,2.4,0.73,-93.83,mixed_edge
1-3,lane1_target_class_pair,B1-A1,915,122,13.33,91500,68930,-22570,75.33,565.0,15.39,80.41,522.51,-5.08,-2.06,42.49,mixed_edge
1-2,other_group_pattern,A-B-A-A,484,71,14.67,48400,36460,-11940,75.33,513.52,18.12,79.62,439.27,-4.29,-3.45,74.25,mixed_edge
1-6,lane1_target_national_rank_pair x target_outer_pressure_bucket,3-2 | some_other_pressure,196,13,6.63,19600,14760,-4840,75.31,1135.38,3.76,67.31,1788.6,8.0,2.87,-653.22,mixed_edge
1-2,target_exhibition_rank_bucket x other_exhibition_faster_than_target_count_bucket,3 | 2,827,120,14.51,82700,62270,-20430,75.3,518.92,18.12,79.62,439.27,-4.32,-3.61,79.65,mixed_edge
1-4,stadium_code,10,636,54,8.49,63600,47890,-15710,75.3,886.85,10.28,77.68,755.43,-2.38,-1.79,131.42,mixed_edge
1-4,stadium_code x target_lane,10 | 4,636,54,8.49,63600,47890,-15710,75.3,886.85,10.28,77.68,755.43,-2.38,-1.79,131.42,mixed_edge
1-2,lane1_target_national_rank_pair x target_outer_pressure_bucket,3-1 | some_other_pressure,132,32,24.24,13200,9940,-3260,75.3,310.62,18.12,79.62,439.27,-4.32,6.12,-128.65,mixed_edge
1-6,lane1_target_start_gap_pair,>0.06-best,1234,59,4.78,123400,92910,-30490,75.29,1574.75,3.76,67.31,1788.6,7.98,1.02,-213.85,mixed_edge
1-6,target_lane x lane1_target_start_gap_pair,6 | >0.06-best,1234,59,4.78,123400,92910,-30490,75.29,1574.75,3.76,67.31,1788.6,7.98,1.02,-213.85,mixed_edge
1-6,lane1_start_exhibition_gap_bucket x target_start_exhibition_gap_bucket,>0.06 | best,1234,59,4.78,123400,92910,-30490,75.29,1574.75,3.76,67.31,1788.6,7.98,1.02,-213.85,mixed_edge
1-4,lane1_target_group_pair x target_outer_pressure_bucket,A-A | some_other_pressure,921,171,18.57,92100,69330,-22770,75.28,405.44,10.28,77.68,755.43,-2.4,8.29,-349.99,mixed_edge
1-4,other_a_count_bucket,2,4773,393,8.23,477300,359280,-118020,75.27,914.2,10.28,77.68,755.43,-2.41,-2.05,158.77,mixed_edge
1-4,target_lane x other_a_count_bucket,4 | 2,4773,393,8.23,477300,359280,-118020,75.27,914.2,10.28,77.68,755.43,-2.41,-2.05,158.77,mixed_edge
1-5,other_group_pattern,B-B-A-B,1018,62,6.09,101800,76610,-25190,75.26,1235.65,6.07,72.93,1201.46,2.33,0.02,34.19,mixed_edge
1-3,lane1_target_group_pair x target_outer_pressure_bucket,A-A | high_other_pressure,2738,560,20.45,273800,205870,-67930,75.19,367.62,15.39,80.41,522.51,-5.22,5.06,-154.89,mixed_edge
1-6,lane1_target_start_exhibition_st_diff_bucket,near_equal,3255,129,3.96,325500,244620,-80880,75.15,1896.28,3.76,67.31,1788.6,7.84,0.2,107.68,mixed_edge
1-6,lane1_target_start_gap_pair x target_outer_pressure_bucket,>0.06->0.06 | some_other_pressure,169,9,5.33,16900,12700,-4200,75.15,1411.11,3.76,67.31,1788.6,7.84,1.57,-377.49,mixed_edge
1-2,lane1_target_boat_place_diff_bucket,target_plus_10+,2321,407,17.54,232100,174410,-57690,75.14,428.53,18.12,79.62,439.27,-4.48,-0.58,-10.74,mixed_edge
1-3,stadium_code,15,636,99,15.57,63600,47790,-15810,75.14,482.73,15.39,80.41,522.51,-5.27,0.18,-39.78,mixed_edge
1-3,stadium_code x target_lane,15 | 3,636,99,15.57,63600,47790,-15810,75.14,482.73,15.39,80.41,522.51,-5.27,0.18,-39.78,mixed_edge
1-3,lane1_target_motor_place_diff_bucket,lane1_plus_10+,2748,401,14.59,274800,206440,-68360,75.12,514.81,15.39,80.41,522.51,-5.29,-0.8,-7.7,mixed_edge
1-3,other_group_pattern,A-B-B-B,766,112,14.62,76600,57530,-19070,75.1,513.66,15.39,80.41,522.51,-5.31,-0.77,-8.85,mixed_edge
1-4,lane1_target_national_rank_pair x target_outer_pressure_bucket,2-3 | some_other_pressure,241,35,14.52,24100,18100,-6000,75.1,517.14,10.28,77.68,755.43,-2.58,4.24,-238.29,mixed_edge
1-2,race_no_bucket,10-12R,3479,791,22.74,347900,261230,-86670,75.09,330.25,18.12,79.62,439.27,-4.53,4.62,-109.02,mixed_edge
1-2,race_no_bucket x target_lane,10-12R | 2,3479,791,22.74,347900,261230,-86670,75.09,330.25,18.12,79.62,439.27,-4.53,4.62,-109.02,mixed_edge
1-3,target_local_win_rank_bucket,1,2296,465,20.25,229600,172370,-57230,75.07,370.69,15.39,80.41,522.51,-5.34,4.86,-151.82,mixed_edge
1-2,lane1_target_class_pair,B1-A1,1083,169,15.6,108300,81280,-27020,75.05,480.95,18.12,79.62,439.27,-4.57,-2.52,41.68,mixed_edge
1-3,lane1_target_national_rank_pair x target_outer_pressure_bucket,1-4+ | high_other_pressure,2001,323,16.14,200100,150130,-49970,75.03,464.8,15.39,80.41,522.51,-5.38,0.75,-57.71,mixed_edge
1-4,lane1_start_exhibition_gap_bucket,0.04-0.06,2411,244,10.12,241100,180880,-60220,75.02,741.31,10.28,77.68,755.43,-2.66,-0.16,-14.12,mixed_edge
1-2,target_national_win_rank_bucket x other_national_better_than_target_count_bucket,4+ | 2,1978,348,17.59,197800,148380,-49420,75.02,426.38,18.12,79.62,439.27,-4.6,-0.53,-12.89,mixed_edge
1-5,lane1_target_exhibition_time_diff_bucket x lane1_target_start_exhibition_st_diff_bucket,lane1_faster_0.05_0.10 | target_faster_0.06+,682,42,6.16,68200,51160,-17040,75.01,1218.1,6.07,72.93,1201.46,2.08,0.09,16.64,mixed_edge
1-3,lane1_target_group_pair x other_a_count_bucket,A-A | 2,965,225,23.32,96500,72350,-24150,74.97,321.56,15.39,80.41,522.51,-5.44,7.93,-200.95,mixed_edge
1-5,stadium_code,15,636,47,7.39,63600,47670,-15930,74.95,1014.26,6.07,72.93,1201.46,2.02,1.32,-187.2,mixed_edge
1-5,stadium_code x target_lane,15 | 5,636,47,7.39,63600,47670,-15930,74.95,1014.26,6.07,72.93,1201.46,2.02,1.32,-187.2,mixed_edge
1-5,lane1_class,B2,320,16,5.0,32000,23980,-8020,74.94,1498.75,6.07,72.93,1201.46,2.01,-1.07,297.29,mixed_edge
1-6,lane1_exhibition_st_rank_bucket,3,2105,84,3.99,210500,157720,-52780,74.93,1877.62,3.76,67.31,1788.6,7.62,0.23,89.02,mixed_edge
1-3,lane1_local_win_rank_bucket,1,3302,643,19.47,330200,247290,-82910,74.89,384.59,15.39,80.41,522.51,-5.52,4.08,-137.92,mixed_edge
1-5,lane1_target_national_rank_pair x target_outer_pressure_bucket,2-3 | some_other_pressure,231,21,9.09,23100,17300,-5800,74.89,823.81,6.07,72.93,1201.46,1.96,3.02,-377.65,mixed_edge
1-6,lane1_target_exhibition_time_diff_bucket x lane1_target_start_exhibition_st_diff_bucket,target_faster_0.05_0.10 | target_faster_0.03_0.06,180,10,5.56,18000,13480,-4520,74.89,1348.0,3.76,67.31,1788.6,7.58,1.8,-440.6,mixed_edge
1-2,lane1_national_win_rank_bucket,4+,5105,623,12.2,510500,382240,-128260,74.88,613.55,18.12,79.62,439.27,-4.74,-5.92,174.28,mixed_edge
1-4,lane1_target_national_win_diff_bucket,near_equal,2610,304,11.65,261000,195440,-65560,74.88,642.89,10.28,77.68,755.43,-2.8,1.37,-112.54,mixed_edge
1-5,lane1_motor_rank_bucket,2,2282,140,6.13,228200,170850,-57350,74.87,1220.36,6.07,72.93,1201.46,1.94,0.06,18.9,mixed_edge
1-6,target_local_win_rank_bucket,1,2082,163,7.83,208200,155880,-52320,74.87,956.32,3.76,67.31,1788.6,7.56,4.07,-832.28,mixed_edge
1-4,wind_bucket,5-6,1693,172,10.16,169300,126760,-42540,74.87,736.98,10.28,77.68,755.43,-2.81,-0.12,-18.45,mixed_edge
1-4,target_outer_pressure_bucket,some_other_pressure,1908,290,15.2,190800,142840,-47960,74.86,492.55,10.28,77.68,755.43,-2.82,4.92,-262.88,mixed_edge
1-4,target_lane x target_outer_pressure_bucket,4 | some_other_pressure,1908,290,15.2,190800,142840,-47960,74.86,492.55,10.28,77.68,755.43,-2.82,4.92,-262.88,mixed_edge
1-3,lane1_target_national_rank_pair,1-4+,2006,323,16.1,200600,150130,-50470,74.84,464.8,15.39,80.41,522.51,-5.57,0.71,-57.71,mixed_edge
1-3,target_lane x lane1_target_national_rank_pair,3 | 1-4+,2006,323,16.1,200600,150130,-50470,74.84,464.8,15.39,80.41,522.51,-5.57,0.71,-57.71,mixed_edge
1-3,target_outer_pressure_bucket,low_other_pressure,826,205,24.82,82600,61800,-20800,74.82,301.46,15.39,80.41,522.51,-5.59,9.43,-221.05,mixed_edge
1-3,target_lane x target_outer_pressure_bucket,3 | low_other_pressure,826,205,24.82,82600,61800,-20800,74.82,301.46,15.39,80.41,522.51,-5.59,9.43,-221.05,mixed_edge
1-5,lane1_target_start_gap_pair,>0.06-0.04-0.06,876,44,5.02,87600,65530,-22070,74.81,1489.32,6.07,72.93,1201.46,1.88,-1.05,287.86,mixed_edge
1-5,target_lane x lane1_target_start_gap_pair,5 | >0.06-0.04-0.06,876,44,5.02,87600,65530,-22070,74.81,1489.32,6.07,72.93,1201.46,1.88,-1.05,287.86,mixed_edge
1-5,lane1_start_exhibition_gap_bucket x target_start_exhibition_gap_bucket,>0.06 | 0.04-0.06,876,44,5.02,87600,65530,-22070,74.81,1489.32,6.07,72.93,1201.46,1.88,-1.05,287.86,mixed_edge
1-4,lane1_target_national_rank_pair,3-4+,1519,91,5.99,151900,113580,-38320,74.77,1248.13,10.28,77.68,755.43,-2.91,-4.29,492.7,mixed_edge
1-4,target_lane x lane1_target_national_rank_pair,4 | 3-4+,1519,91,5.99,151900,113580,-38320,74.77,1248.13,10.28,77.68,755.43,-2.91,-4.29,492.7,mixed_edge
1-4,lane1_target_national_rank_pair x target_outer_pressure_bucket,3-4+ | high_other_pressure,1519,91,5.99,151900,113580,-38320,74.77,1248.13,10.28,77.68,755.43,-2.91,-4.29,492.7,mixed_edge
1-6,lane1_target_exhibition_time_diff_bucket,target_faster_0.10+,663,33,4.98,66300,49560,-16740,74.75,1501.82,3.76,67.31,1788.6,7.44,1.22,-286.78,mixed_edge
1-3,lane1_target_boat_place_diff_bucket,target_plus_10+,2287,326,14.25,228700,170920,-57780,74.74,524.29,15.39,80.41,522.51,-5.67,-1.14,1.78,mixed_edge
1-6,lane1_target_exhibition_time_diff_bucket,lane1_faster_0.10+,1927,77,4.0,192700,144030,-48670,74.74,1870.52,3.76,67.31,1788.6,7.43,0.24,81.92,mixed_edge
1-3,other_group_pattern,B-A-A-B,655,92,14.05,65500,48950,-16550,74.73,532.07,15.39,80.41,522.51,-5.68,-1.34,9.56,mixed_edge
1-4,target_exhibition_st_rank_bucket x other_st_faster_than_target_count_bucket,2 | 1,1397,123,8.8,139700,104370,-35330,74.71,848.54,10.28,77.68,755.43,-2.97,-1.48,93.11,mixed_edge
1-2,lane1_target_national_rank_pair x target_outer_pressure_bucket,4+-2 | some_other_pressure,607,80,13.18,60700,45340,-15360,74.7,566.75,18.12,79.62,439.27,-4.92,-4.94,127.48,mixed_edge
1-4,lane1_target_group_pair x target_outer_pressure_bucket,A-B | high_other_pressure,3710,299,8.06,371000,277050,-93950,74.68,926.59,10.28,77.68,755.43,-3.0,-2.22,171.16,mixed_edge
1-2,lane1_target_start_gap_pair x target_outer_pressure_bucket,0.04-0.06-<=0.03 | some_other_pressure,75,15,20.0,7500,5600,-1900,74.67,373.33,18.12,79.62,439.27,-4.95,1.88,-65.94,mixed_edge
1-2,other_group_pattern,B-A-A-B,710,105,14.79,71000,53010,-17990,74.66,504.86,18.12,79.62,439.27,-4.96,-3.33,65.59,mixed_edge
1-3,lane1_target_national_rank_pair x target_outer_pressure_bucket,2-3 | high_other_pressure,308,55,17.86,30800,22990,-7810,74.64,418.0,15.39,80.41,522.51,-5.77,2.47,-104.51,mixed_edge
1-2,lane1_target_motor_place_diff_bucket,target_plus_10+,2662,497,18.67,266200,198630,-67570,74.62,399.66,18.12,79.62,439.27,-5.0,0.55,-39.61,mixed_edge
1-6,lane1_target_class_pair,B2-A1,50,3,6.0,5000,3730,-1270,74.6,1243.33,3.76,67.31,1788.6,7.29,2.24,-545.27,mixed_edge
1-5,lane1_boat_rank_bucket,2,2343,132,5.63,234300,174770,-59530,74.59,1324.02,6.07,72.93,1201.46,1.66,-0.44,122.56,mixed_edge
1-3,target_national_win_rank_bucket x other_national_better_than_target_count_bucket,4+ | 2,1923,292,15.18,192300,143430,-48870,74.59,491.2,15.39,80.41,522.51,-5.82,-0.21,-31.31,mixed_edge
1-4,wind_bucket,3-4,5226,508,9.72,522600,389760,-132840,74.58,767.24,10.28,77.68,755.43,-3.1,-0.56,11.81,mixed_edge
1-2,wind_bucket,7+,559,92,16.46,55900,41690,-14210,74.58,453.15,18.12,79.62,439.27,-5.04,-1.66,13.88,mixed_edge
1-5,target_local_win_rank_bucket,2,2066,168,8.13,206600,154050,-52550,74.56,916.96,6.07,72.93,1201.46,1.63,2.06,-284.5,mixed_edge
1-4,lane1_target_group_pair x target_outer_pressure_bucket,A-A | high_other_pressure,2789,404,14.49,278900,207920,-70980,74.55,514.65,10.28,77.68,755.43,-3.13,4.21,-240.78,mixed_edge
1-5,target_national_win_rank_bucket x other_national_better_than_target_count_bucket,3 | 1,1175,103,8.77,117500,87560,-29940,74.52,850.1,6.07,72.93,1201.46,1.59,2.7,-351.36,mixed_edge
1-3,lane1_target_motor_place_diff_bucket,target_plus_4_10,2136,310,14.51,213600,159160,-54440,74.51,513.42,15.39,80.41,522.51,-5.9,-0.88,-9.09,mixed_edge
1-6,race_no_bucket,7-9R,3500,133,3.8,350000,260660,-89340,74.47,1959.85,3.76,67.31,1788.6,7.16,0.04,171.25,mixed_edge
1-6,race_no_bucket x target_lane,7-9R | 6,3500,133,3.8,350000,260660,-89340,74.47,1959.85,3.76,67.31,1788.6,7.16,0.04,171.25,mixed_edge
1-4,lane1_target_class_pair,A2-A1,776,144,18.56,77600,57790,-19810,74.47,401.32,10.28,77.68,755.43,-3.21,8.28,-354.11,mixed_edge
1-2,lane1_local_win_rank_bucket,3,2519,418,16.59,251900,187520,-64380,74.44,448.61,18.12,79.62,439.27,-5.18,-1.53,9.34,mixed_edge
1-6,lane1_target_group_pair,B-A,2216,116,5.23,221600,164930,-56670,74.43,1421.81,3.76,67.31,1788.6,7.12,1.47,-366.79,mixed_edge
1-3,lane1_target_exhibition_time_diff_bucket x lane1_target_start_exhibition_st_diff_bucket,lane1_faster_0.05_0.10 | target_faster_0.06+,539,73,13.54,53900,40110,-13790,74.42,549.45,15.39,80.41,522.51,-5.99,-1.85,26.94,mixed_edge
1-3,stadium_code,09,708,105,14.83,70800,52650,-18150,74.36,501.43,15.39,80.41,522.51,-6.05,-0.56,-21.08,mixed_edge
1-3,stadium_code x target_lane,09 | 3,708,105,14.83,70800,52650,-18150,74.36,501.43,15.39,80.41,522.51,-6.05,-0.56,-21.08,mixed_edge
1-4,lane1_target_exhibition_st_rank_pair,4+-2,1285,116,9.03,128500,95520,-32980,74.33,823.45,10.28,77.68,755.43,-3.35,-1.25,68.02,mixed_edge
1-4,lane1_exhibition_st_rank_bucket x target_exhibition_st_rank_bucket,4+ | 2,1285,116,9.03,128500,95520,-32980,74.33,823.45,10.28,77.68,755.43,-3.35,-1.25,68.02,mixed_edge
1-3,lane1_target_exhibition_time_diff_bucket x lane1_target_start_exhibition_st_diff_bucket,lane1_faster_0.10+ | near_equal,474,65,13.71,47400,35230,-12170,74.32,542.0,15.39,80.41,522.51,-6.09,-1.68,19.49,mixed_edge
1-6,target_national_win_rank_bucket,3,1963,82,4.18,196300,145880,-50420,74.31,1779.02,3.76,67.31,1788.6,7.0,0.42,-9.58,mixed_edge
1-3,other_group_pattern,B-A-B-B,1134,167,14.73,113400,84270,-29130,74.31,504.61,15.39,80.41,522.51,-6.1,-0.66,-17.9,mixed_edge
1-4,lane1_exhibition_rank_bucket,4+,4265,399,9.36,426500,316900,-109600,74.3,794.24,10.28,77.68,755.43,-3.38,-0.92,38.81,mixed_edge
1-4,lane1_target_local_win_diff_bucket,near_equal,1897,196,10.33,189700,140920,-48780,74.29,718.98,10.28,77.68,755.43,-3.39,0.05,-36.45,mixed_edge
1-4,lane1_target_group_pair,A-A,4202,679,16.16,420200,312130,-108070,74.28,459.69,10.28,77.68,755.43,-3.4,5.88,-295.74,mixed_edge
1-4,other_group_pattern,A-B-A-B,864,70,8.1,86400,64180,-22220,74.28,916.86,10.28,77.68,755.43,-3.4,-2.18,161.43,mixed_edge
1-3,lane1_target_class_pair,A1-B2,99,18,18.18,9900,7350,-2550,74.24,408.33,15.39,80.41,522.51,-6.17,2.79,-114.18,mixed_edge
1-5,target_start_exhibition_gap_bucket,<=0.03,3083,192,6.23,308300,228860,-79440,74.23,1191.98,6.07,72.93,1201.46,1.3,0.16,-9.48,mixed_edge
1-5,target_lane x target_start_exhibition_gap_bucket,5 | <=0.03,3083,192,6.23,308300,228860,-79440,74.23,1191.98,6.07,72.93,1201.46,1.3,0.16,-9.48,mixed_edge
1-6,lane1_target_start_exhibition_st_diff_bucket,target_faster_0.03_0.06,1451,68,4.69,145100,107690,-37410,74.22,1583.68,3.76,67.31,1788.6,6.91,0.93,-204.92,mixed_edge
1-2,lane1_target_exhibition_time_diff_bucket,target_faster_0.10+,668,105,15.72,66800,49570,-17230,74.21,472.1,18.12,79.62,439.27,-5.41,-2.4,32.83,mixed_edge
1-4,target_boat_rank_bucket,1,2166,224,10.34,216600,160690,-55910,74.19,717.37,10.28,77.68,755.43,-3.49,0.06,-38.06,mixed_edge
1-3,other_b2_count_bucket,3,31,7,22.58,3100,2300,-800,74.19,328.57,15.39,80.41,522.51,-6.22,7.19,-193.94,mixed_edge
1-2,lane1_target_group_pair x target_outer_pressure_bucket,A-A | some_other_pressure,945,264,27.94,94500,70090,-24410,74.17,265.49,18.12,79.62,439.27,-5.45,9.82,-173.78,mixed_edge
1-4,target_exhibition_rank_bucket x other_exhibition_faster_than_target_count_bucket,3 | 0,190,27,14.21,19000,14090,-4910,74.16,521.85,10.28,77.68,755.43,-3.52,3.93,-233.58,mixed_edge
1-6,lane1_target_group_pair x target_outer_pressure_bucket,A-A | some_other_pressure,717,53,7.39,71700,53150,-18550,74.13,1002.83,3.76,67.31,1788.6,6.82,3.63,-785.77,mixed_edge
1-6,lane1_boat_rank_bucket,4+,6485,253,3.9,648500,480660,-167840,74.12,1899.84,3.76,67.31,1788.6,6.81,0.14,111.24,mixed_edge
1-4,target_exhibition_rank_bucket x other_exhibition_faster_than_target_count_bucket,3 | 1,1431,158,11.04,143100,106070,-37030,74.12,671.33,10.28,77.68,755.43,-3.56,0.76,-84.1,mixed_edge
1-4,lane1_target_exhibition_st_rank_pair,3-4+,1278,114,8.92,127800,94730,-33070,74.12,830.96,10.28,77.68,755.43,-3.56,-1.36,75.53,mixed_edge
1-4,lane1_exhibition_st_rank_bucket x target_exhibition_st_rank_bucket,3 | 4+,1278,114,8.92,127800,94730,-33070,74.12,830.96,10.28,77.68,755.43,-3.56,-1.36,75.53,mixed_edge
1-4,race_no_bucket,10-12R,3479,420,12.07,347900,257790,-90110,74.1,613.79,10.28,77.68,755.43,-3.58,1.79,-141.64,mixed_edge
1-4,race_no_bucket x target_lane,10-12R | 4,3479,420,12.07,347900,257790,-90110,74.1,613.79,10.28,77.68,755.43,-3.58,1.79,-141.64,mixed_edge
1-2,lane1_target_start_exhibition_st_diff_bucket,target_faster_0.03_0.06,1633,292,17.88,163300,121000,-42300,74.1,414.38,18.12,79.62,439.27,-5.52,-0.24,-24.89,mixed_edge
1-6,other_a_count_bucket,2,4640,131,2.82,464000,343800,-120200,74.09,2624.43,3.76,67.31,1788.6,6.78,-0.94,835.83,mixed_edge
1-6,target_lane x other_a_count_bucket,6 | 2,4640,131,2.82,464000,343800,-120200,74.09,2624.43,3.76,67.31,1788.6,6.78,-0.94,835.83,mixed_edge
1-5,lane1_target_national_win_diff_bucket,near_equal,2411,180,7.47,241100,178550,-62550,74.06,991.94,6.07,72.93,1201.46,1.13,1.4,-209.52,mixed_edge
1-3,stadium_code,07,643,109,16.95,64300,47590,-16710,74.01,436.61,15.39,80.41,522.51,-6.4,1.56,-85.9,mixed_edge
1-3,stadium_code x target_lane,07 | 3,643,109,16.95,64300,47590,-16710,74.01,436.61,15.39,80.41,522.51,-6.4,1.56,-85.9,mixed_edge
1-3,lane1_target_exhibition_time_diff_bucket x lane1_target_start_exhibition_st_diff_bucket,target_faster_0.10+ | near_equal,147,22,14.97,14700,10880,-3820,74.01,494.55,15.39,80.41,522.51,-6.4,-0.42,-27.96,mixed_edge
1-5,race_no_bucket,10-12R,3479,240,6.9,347900,257460,-90440,74.0,1072.75,6.07,72.93,1201.46,1.07,0.83,-128.71,mixed_edge
1-5,race_no_bucket x target_lane,10-12R | 5,3479,240,6.9,347900,257460,-90440,74.0,1072.75,6.07,72.93,1201.46,1.07,0.83,-128.71,mixed_edge
1-4,target_national_win_rank_bucket,1,2075,334,16.1,207500,153550,-53950,74.0,459.73,10.28,77.68,755.43,-3.68,5.82,-295.7,mixed_edge
1-4,target_national_win_rank_bucket x other_national_better_than_target_count_bucket,1 | 0,2075,334,16.1,207500,153550,-53950,74.0,459.73,10.28,77.68,755.43,-3.68,5.82,-295.7,mixed_edge
1-6,race_no_bucket,10-12R,3479,131,3.77,347900,257420,-90480,73.99,1965.04,3.76,67.31,1788.6,6.68,0.01,176.44,mixed_edge
1-6,race_no_bucket x target_lane,10-12R | 6,3479,131,3.77,347900,257420,-90480,73.99,1965.04,3.76,67.31,1788.6,6.68,0.01,176.44,mixed_edge
1-4,target_class_group x target_outer_pressure_bucket,B | high_other_pressure,7071,452,6.39,707100,523110,-183990,73.98,1157.32,10.28,77.68,755.43,-3.7,-3.89,401.89,mixed_edge
1-4,lane1_target_group_pair x other_a_count_bucket,A-A | 1,1030,180,17.48,103000,76200,-26800,73.98,423.33,10.28,77.68,755.43,-3.7,7.2,-332.1,mixed_edge
1-3,stadium_code,02,623,64,10.27,62300,46090,-16210,73.98,720.16,15.39,80.41,522.51,-6.43,-5.12,197.65,mixed_edge
1-3,stadium_code x target_lane,02 | 3,623,64,10.27,62300,46090,-16210,73.98,720.16,15.39,80.41,522.51,-6.43,-5.12,197.65,mixed_edge
1-3,target_class,A1,3253,653,20.07,325300,240630,-84670,73.97,368.5,15.39,80.41,522.51,-6.44,4.68,-154.01,mixed_edge
1-3,target_motor_rank_bucket,2,2251,339,15.06,225100,166490,-58610,73.96,491.12,15.39,80.41,522.51,-6.45,-0.33,-31.39,mixed_edge
1-5,target_start_exhibition_gap_bucket,best,2695,200,7.42,269500,199290,-70210,73.95,996.45,6.07,72.93,1201.46,1.02,1.35,-205.01,mixed_edge
1-5,target_lane x target_start_exhibition_gap_bucket,5 | best,2695,200,7.42,269500,199290,-70210,73.95,996.45,6.07,72.93,1201.46,1.02,1.35,-205.01,mixed_edge
1-2,lane1_target_start_gap_pair,>0.06-0.04-0.06,774,121,15.63,77400,57230,-20170,73.94,472.98,18.12,79.62,439.27,-5.68,-2.49,33.71,mixed_edge
1-2,target_lane x lane1_target_start_gap_pair,2 | >0.06-0.04-0.06,774,121,15.63,77400,57230,-20170,73.94,472.98,18.12,79.62,439.27,-5.68,-2.49,33.71,mixed_edge
1-2,lane1_start_exhibition_gap_bucket x target_start_exhibition_gap_bucket,>0.06 | 0.04-0.06,774,121,15.63,77400,57230,-20170,73.94,472.98,18.12,79.62,439.27,-5.68,-2.49,33.71,mixed_edge
1-4,lane1_class_group,A,8253,1027,12.44,825300,610110,-215190,73.93,594.07,10.28,77.68,755.43,-3.75,2.16,-161.36,mixed_edge
1-5,lane1_motor_rank_bucket,4+,6439,378,5.87,643900,475980,-167920,73.92,1259.21,6.07,72.93,1201.46,0.99,-0.2,57.75,mixed_edge
1-3,target_class_group x target_outer_pressure_bucket,A | low_other_pressure,719,176,24.48,71900,53150,-18750,73.92,301.99,15.39,80.41,522.51,-6.49,9.09,-220.52,mixed_edge
1-5,grade_group,一般,13115,800,6.1,1311500,969150,-342350,73.9,1211.44,6.07,72.93,1201.46,0.97,0.03,9.98,mixed_edge
1-2,lane1_target_national_win_diff_bucket,target_plus_1.00+,2661,367,13.79,266100,196640,-69460,73.9,535.8,18.12,79.62,439.27,-5.72,-4.33,96.53,mixed_edge
1-5,race_no_bucket,7-9R,3500,228,6.51,350000,258620,-91380,73.89,1134.3,6.07,72.93,1201.46,0.96,0.44,-67.16,mixed_edge
1-5,race_no_bucket x target_lane,7-9R | 5,3500,228,6.51,350000,258620,-91380,73.89,1134.3,6.07,72.93,1201.46,0.96,0.44,-67.16,mixed_edge
1-4,other_a_count_bucket,4,1438,170,11.82,143800,106250,-37550,73.89,625.0,10.28,77.68,755.43,-3.79,1.54,-130.43,mixed_edge
1-4,other_group_pattern,A-A-A-A,1438,170,11.82,143800,106250,-37550,73.89,625.0,10.28,77.68,755.43,-3.79,1.54,-130.43,mixed_edge
1-4,target_lane x other_a_count_bucket,4 | 4,1438,170,11.82,143800,106250,-37550,73.89,625.0,10.28,77.68,755.43,-3.79,1.54,-130.43,mixed_edge
1-4,lane1_national_win_rank_bucket,2,2882,350,12.14,288200,212870,-75330,73.86,608.2,10.28,77.68,755.43,-3.82,1.86,-147.23,mixed_edge
1-6,lane1_target_start_gap_pair,<=0.03-<=0.03,623,24,3.85,62300,46000,-16300,73.84,1916.67,3.76,67.31,1788.6,6.53,0.09,128.07,mixed_edge
1-6,target_lane x lane1_target_start_gap_pair,6 | <=0.03-<=0.03,623,24,3.85,62300,46000,-16300,73.84,1916.67,3.76,67.31,1788.6,6.53,0.09,128.07,mixed_edge
1-6,lane1_start_exhibition_gap_bucket x target_start_exhibition_gap_bucket,<=0.03 | <=0.03,623,24,3.85,62300,46000,-16300,73.84,1916.67,3.76,67.31,1788.6,6.53,0.09,128.07,mixed_edge
1-4,lane1_target_exhibition_time_diff_bucket x lane1_target_start_exhibition_st_diff_bucket,lane1_faster_0.10+ | lane1_faster_0.06+,486,40,8.23,48600,35850,-12750,73.77,896.25,10.28,77.68,755.43,-3.91,-2.05,140.82,mixed_edge
1-5,lane1_target_national_win_diff_bucket,lane1_plus_0.35_1.00,2366,141,5.96,236600,174480,-62120,73.74,1237.45,6.07,72.93,1201.46,0.81,-0.11,35.99,mixed_edge
1-6,lane1_target_national_rank_pair x target_outer_pressure_bucket,2-1 | some_other_pressure,126,15,11.9,12600,9290,-3310,73.73,619.33,3.76,67.31,1788.6,6.42,8.14,-1169.27,mixed_edge
1-6,target_class_group,A,6172,377,6.11,617200,455030,-162170,73.72,1206.98,3.76,67.31,1788.6,6.41,2.35,-581.62,mixed_edge
1-6,target_lane x target_class_group,6 | A,6172,377,6.11,617200,455030,-162170,73.72,1206.98,3.76,67.31,1788.6,6.41,2.35,-581.62,mixed_edge
1-2,lane1_target_class_pair,B1-A2,1395,188,13.48,139500,102840,-36660,73.72,547.02,18.12,79.62,439.27,-5.9,-4.64,107.75,mixed_edge
1-4,lane1_target_start_gap_pair x target_outer_pressure_bucket,best->0.06 | some_other_pressure,219,39,17.81,21900,16140,-5760,73.7,413.85,10.28,77.68,755.43,-3.98,7.53,-341.58,mixed_edge
1-4,target_local_win_rank_bucket,4+,7252,537,7.4,725200,534240,-190960,73.67,994.86,10.28,77.68,755.43,-4.01,-2.88,239.43,mixed_edge
1-2,lane1_start_exhibition_gap_bucket,0.04-0.06,2411,419,17.38,241100,177620,-63480,73.67,423.91,18.12,79.62,439.27,-5.95,-0.74,-15.36,mixed_edge
1-3,lane1_target_national_rank_pair,2-3,596,109,18.29,59600,43900,-15700,73.66,402.75,15.39,80.41,522.51,-6.75,2.9,-119.76,mixed_edge
1-3,target_lane x lane1_target_national_rank_pair,3 | 2-3,596,109,18.29,59600,43900,-15700,73.66,402.75,15.39,80.41,522.51,-6.75,2.9,-119.76,mixed_edge
1-2,lane1_target_start_gap_pair,0.04-0.06->0.06,915,141,15.41,91500,67390,-24110,73.65,477.94,18.12,79.62,439.27,-5.97,-2.71,38.67,mixed_edge
1-2,target_lane x lane1_target_start_gap_pair,2 | 0.04-0.06->0.06,915,141,15.41,91500,67390,-24110,73.65,477.94,18.12,79.62,439.27,-5.97,-2.71,38.67,mixed_edge
1-2,lane1_start_exhibition_gap_bucket x target_start_exhibition_gap_bucket,0.04-0.06 | >0.06,915,141,15.41,91500,67390,-24110,73.65,477.94,18.12,79.62,439.27,-5.97,-2.71,38.67,mixed_edge
1-2,lane1_target_start_gap_pair x target_outer_pressure_bucket,<=0.03->0.06 | some_other_pressure,129,29,22.48,12900,9500,-3400,73.64,327.59,18.12,79.62,439.27,-5.98,4.36,-111.68,mixed_edge
1-2,lane1_target_start_gap_pair x target_outer_pressure_bucket,<=0.03-<=0.03 | some_other_pressure,121,26,21.49,12100,8910,-3190,73.64,342.69,18.12,79.62,439.27,-5.98,3.37,-96.58,mixed_edge
1-5,lane1_class_group,B,5750,267,4.64,575000,423370,-151630,73.63,1585.66,6.07,72.93,1201.46,0.7,-1.43,384.2,mixed_edge
1-3,lane1_target_exhibition_time_diff_bucket x lane1_target_start_exhibition_st_diff_bucket,target_faster_0.05_0.10 | near_equal,465,63,13.55,46500,34240,-12260,73.63,543.49,15.39,80.41,522.51,-6.78,-1.84,20.98,mixed_edge
1-3,lane1_target_class_pair,A1-A1,1546,348,22.51,154600,113750,-40850,73.58,326.87,15.39,80.41,522.51,-6.83,7.12,-195.64,mixed_edge
1-2,lane1_target_national_rank_pair,2-1,532,158,29.7,53200,39140,-14060,73.57,247.72,18.12,79.62,439.27,-6.05,11.58,-191.55,mixed_edge
1-2,target_lane x lane1_target_national_rank_pair,2 | 2-1,532,158,29.7,53200,39140,-14060,73.57,247.72,18.12,79.62,439.27,-6.05,11.58,-191.55,mixed_edge
1-4,lane1_target_group_pair,A-B,4051,348,8.59,405100,297980,-107120,73.56,856.26,10.28,77.68,755.43,-4.12,-1.69,100.83,mixed_edge
1-2,stadium_code,19,503,98,19.48,50300,37000,-13300,73.56,377.55,18.12,79.62,439.27,-6.06,1.36,-61.72,mixed_edge
1-2,stadium_code x target_lane,19 | 2,503,98,19.48,50300,37000,-13300,73.56,377.55,18.12,79.62,439.27,-6.06,1.36,-61.72,mixed_edge
1-5,lane1_class,B1,5430,251,4.62,543000,399390,-143610,73.55,1591.2,6.07,72.93,1201.46,0.62,-1.45,389.74,mixed_edge
1-5,lane1_target_national_rank_pair x target_outer_pressure_bucket,4+-1 | low_other_pressure,256,23,8.98,25600,18830,-6770,73.55,818.7,6.07,72.93,1201.46,0.62,2.91,-382.76,mixed_edge
1-5,other_group_pattern,A-B-A-B,919,40,4.35,91900,67580,-24320,73.54,1689.5,6.07,72.93,1201.46,0.61,-1.72,488.04,mixed_edge
1-5,lane1_boat_rank_bucket,3,2279,151,6.63,227900,167510,-60390,73.5,1109.34,6.07,72.93,1201.46,0.57,0.56,-92.12,mixed_edge
1-2,lane1_target_exhibition_st_rank_pair,4+-1,980,176,17.96,98000,72020,-25980,73.49,409.2,18.12,79.62,439.27,-6.13,-0.16,-30.07,mixed_edge
1-2,lane1_exhibition_st_rank_bucket x target_exhibition_st_rank_bucket,4+ | 1,980,176,17.96,98000,72020,-25980,73.49,409.2,18.12,79.62,439.27,-6.13,-0.16,-30.07,mixed_edge
1-5,lane1_local_win_rank_bucket,1,3302,251,7.6,330200,242620,-87580,73.48,966.61,6.07,72.93,1201.46,0.55,1.53,-234.85,mixed_edge
1-5,stadium_code,03,488,24,4.92,48800,35840,-12960,73.44,1493.33,6.07,72.93,1201.46,0.51,-1.15,291.87,mixed_edge
1-5,stadium_code x target_lane,03 | 5,488,24,4.92,48800,35840,-12960,73.44,1493.33,6.07,72.93,1201.46,0.51,-1.15,291.87,mixed_edge
1-5,lane1_target_exhibition_st_rank_pair,3-4+,1238,61,4.93,123800,90910,-32890,73.43,1490.33,6.07,72.93,1201.46,0.5,-1.14,288.87,mixed_edge
1-5,lane1_exhibition_st_rank_bucket x target_exhibition_st_rank_bucket,3 | 4+,1238,61,4.93,123800,90910,-32890,73.43,1490.33,6.07,72.93,1201.46,0.5,-1.14,288.87,mixed_edge
1-6,target_outer_pressure_bucket,some_other_pressure,1629,96,5.89,162900,119540,-43360,73.38,1245.21,3.76,67.31,1788.6,6.07,2.13,-543.39,mixed_edge
1-6,target_lane x target_outer_pressure_bucket,6 | some_other_pressure,1629,96,5.89,162900,119540,-43360,73.38,1245.21,3.76,67.31,1788.6,6.07,2.13,-543.39,mixed_edge
1-5,lane1_target_group_pair x target_outer_pressure_bucket,A-A | low_other_pressure,309,53,17.15,30900,22670,-8230,73.37,427.74,6.07,72.93,1201.46,0.44,11.08,-773.72,mixed_edge
1-5,lane1_exhibition_st_rank_bucket,2,2349,156,6.64,234900,172310,-62590,73.35,1104.55,6.07,72.93,1201.46,0.42,0.57,-96.91,mixed_edge
1-2,lane1_target_start_gap_pair,0.04-0.06-0.04-0.06,522,95,18.2,52200,38290,-13910,73.35,403.05,18.12,79.62,439.27,-6.27,0.08,-36.22,mixed_edge
1-2,target_lane x lane1_target_start_gap_pair,2 | 0.04-0.06-0.04-0.06,522,95,18.2,52200,38290,-13910,73.35,403.05,18.12,79.62,439.27,-6.27,0.08,-36.22,mixed_edge
1-2,lane1_start_exhibition_gap_bucket x target_start_exhibition_gap_bucket,0.04-0.06 | 0.04-0.06,522,95,18.2,52200,38290,-13910,73.35,403.05,18.12,79.62,439.27,-6.27,0.08,-36.22,mixed_edge
1-6,lane1_target_group_pair,A-A,3956,261,6.6,395600,290100,-105500,73.33,1111.49,3.76,67.31,1788.6,6.02,2.84,-677.11,mixed_edge
1-5,other_group_pattern,B-A-B-B,1055,76,7.2,105500,77360,-28140,73.33,1017.89,6.07,72.93,1201.46,0.4,1.13,-183.57,mixed_edge
1-4,lane1_boat_rank_bucket,4+,6485,655,10.1,648500,475180,-173320,73.27,725.47,10.28,77.68,755.43,-4.41,-0.18,-29.96,mixed_edge
1-2,lane1_target_group_pair x other_a_count_bucket,A-A | 0,223,82,36.77,22300,16340,-5960,73.27,199.27,18.12,79.62,439.27,-6.35,18.65,-240.0,mixed_edge
1-4,target_class_group,B,7673,530,6.91,767300,562110,-205190,73.26,1060.58,10.28,77.68,755.43,-4.42,-3.37,305.15,mixed_edge
1-4,target_lane x target_class_group,4 | B,7673,530,6.91,767300,562110,-205190,73.26,1060.58,10.28,77.68,755.43,-4.42,-3.37,305.15,mixed_edge
1-5,target_motor_rank_bucket,4+,7495,427,5.7,749500,549070,-200430,73.26,1285.88,6.07,72.93,1201.46,0.33,-0.37,84.42,mixed_edge
1-3,other_st_faster_than_target_count_bucket,4,2245,289,12.87,224500,164440,-60060,73.25,569.0,15.39,80.41,522.51,-7.16,-2.52,46.49,mixed_edge
1-3,target_exhibition_st_rank_bucket x other_st_faster_than_target_count_bucket,4+ | 4,2245,289,12.87,224500,164440,-60060,73.25,569.0,15.39,80.41,522.51,-7.16,-2.52,46.49,mixed_edge
1-6,lane1_target_exhibition_time_diff_bucket x lane1_target_start_exhibition_st_diff_bucket,target_faster_0.10+ | lane1_faster_0.03_0.06,77,3,3.9,7700,5640,-2060,73.25,1880.0,3.76,67.31,1788.6,5.94,0.14,91.4,mixed_edge
1-4,lane1_target_start_exhibition_st_diff_bucket,target_faster_0.06+,3200,278,8.69,320000,234370,-85630,73.24,843.06,10.28,77.68,755.43,-4.44,-1.59,87.63,mixed_edge
1-3,lane1_target_national_rank_pair,3-2,520,98,18.85,52000,38080,-13920,73.23,388.57,15.39,80.41,522.51,-7.18,3.46,-133.94,mixed_edge
1-3,target_lane x lane1_target_national_rank_pair,3 | 3-2,520,98,18.85,52000,38080,-13920,73.23,388.57,15.39,80.41,522.51,-7.18,3.46,-133.94,mixed_edge
1-4,lane1_target_group_pair x target_outer_pressure_bucket,B-B | high_other_pressure,3361,153,4.55,336100,246060,-90040,73.21,1608.24,10.28,77.68,755.43,-4.47,-5.73,852.81,mixed_edge
1-6,target_exhibition_rank_bucket x other_exhibition_faster_than_target_count_bucket,4+ | 1,595,26,4.37,59500,43480,-16020,73.08,1672.31,3.76,67.31,1788.6,5.77,0.61,-116.29,mixed_edge
1-2,lane1_target_exhibition_time_diff_bucket,target_faster_0.05_0.10,1708,296,17.33,170800,124780,-46020,73.06,421.55,18.12,79.62,439.27,-6.56,-0.79,-17.72,mixed_edge
1-4,lane1_target_national_rank_pair x target_outer_pressure_bucket,1-2 | low_other_pressure,219,51,23.29,21900,16000,-5900,73.06,313.73,10.28,77.68,755.43,-4.62,13.01,-441.7,mixed_edge
1-3,lane1_target_start_gap_pair x target_outer_pressure_bucket,>0.06-0.04-0.06 | high_other_pressure,702,85,12.11,70200,51260,-18940,73.02,603.06,15.39,80.41,522.51,-7.39,-3.28,80.55,mixed_edge
1-5,lane1_target_group_pair x other_a_count_bucket,A-B | 0,823,65,7.9,82300,60060,-22240,72.98,924.0,6.07,72.93,1201.46,0.05,1.83,-277.46,mixed_edge
1-6,meeting_phase_bucket,day1-2,5212,203,3.89,521200,380320,-140880,72.97,1873.5,3.76,67.31,1788.6,5.66,0.13,84.9,mixed_edge
1-6,meeting_phase_bucket x target_lane,day1-2 | 6,5212,203,3.89,521200,380320,-140880,72.97,1873.5,3.76,67.31,1788.6,5.66,0.13,84.9,mixed_edge
1-6,race_no_bucket,4-6R,3510,165,4.7,351000,256120,-94880,72.97,1552.24,3.76,67.31,1788.6,5.66,0.94,-236.36,mixed_edge
1-6,race_no_bucket x target_lane,4-6R | 6,3510,165,4.7,351000,256120,-94880,72.97,1552.24,3.76,67.31,1788.6,5.66,0.94,-236.36,mixed_edge
1-5,lane1_target_start_gap_pair x target_outer_pressure_bucket,>0.06-0.04-0.06 | high_other_pressure,743,31,4.17,74300,54200,-20100,72.95,1748.39,6.07,72.93,1201.46,0.02,-1.9,546.93,mixed_edge
1-3,lane1_target_exhibition_time_diff_bucket x lane1_target_start_exhibition_st_diff_bucket,lane1_faster_0.10+ | target_faster_0.03_0.06,194,25,12.89,19400,14150,-5250,72.94,566.0,15.39,80.41,522.51,-7.47,-2.5,43.49,mixed_edge
1-5,target_lane,5,14003,850,6.07,1400300,1021240,-379060,72.93,1201.46,6.07,72.93,1201.46,0.0,0.0,0.0,mixed_edge
1-5,target_lane_zone,outer_5_6,14003,850,6.07,1400300,1021240,-379060,72.93,1201.46,6.07,72.93,1201.46,0.0,0.0,0.0,mixed_edge
1-5,target_outer_pressure_bucket,low_other_pressure,662,89,13.44,66200,48280,-17920,72.93,542.47,6.07,72.93,1201.46,0.0,7.37,-658.99,mixed_edge
1-5,target_lane x target_outer_pressure_bucket,5 | low_other_pressure,662,89,13.44,66200,48280,-17920,72.93,542.47,6.07,72.93,1201.46,0.0,7.37,-658.99,mixed_edge
1-5,lane1_boat_rank_bucket,4+,6485,380,5.86,648500,472900,-175600,72.92,1244.47,6.07,72.93,1201.46,-0.01,-0.21,43.01,mixed_edge
1-4,lane1_target_group_pair,B-B,3622,182,5.02,362200,264130,-98070,72.92,1451.26,10.28,77.68,755.43,-4.76,-5.26,695.83,mixed_edge
1-2,lane1_target_national_rank_pair x target_outer_pressure_bucket,2-1 | high_other_pressure,236,68,28.81,23600,17210,-6390,72.92,253.09,18.12,79.62,439.27,-6.7,10.69,-186.18,mixed_edge
1-4,target_national_win_rank_bucket x other_national_better_than_target_count_bucket,4+ | 2,1748,172,9.84,174800,127450,-47350,72.91,740.99,10.28,77.68,755.43,-4.77,-0.44,-14.44,mixed_edge
1-2,target_outer_pressure_bucket,low_other_pressure,1020,262,25.69,102000,74370,-27630,72.91,283.85,18.12,79.62,439.27,-6.71,7.57,-155.42,mixed_edge
1-2,target_lane x target_outer_pressure_bucket,2 | low_other_pressure,1020,262,25.69,102000,74370,-27630,72.91,283.85,18.12,79.62,439.27,-6.71,7.57,-155.42,mixed_edge
1-5,wave_bucket,0-4,12228,744,6.08,1222800,890660,-332140,72.84,1197.12,6.07,72.93,1201.46,-0.09,0.01,-4.34,mixed_edge
1-2,target_local_win_rank_bucket,1,2212,482,21.79,221200,161110,-60090,72.83,334.25,18.12,79.62,439.27,-6.79,3.67,-105.02,mixed_edge
1-5,lane1_target_exhibition_time_diff_bucket x lane1_target_start_exhibition_st_diff_bucket,lane1_faster_0.10+ | near_equal,498,27,5.42,49800,36260,-13540,72.81,1342.96,6.07,72.93,1201.46,-0.12,-0.65,141.5,mixed_edge
1-6,wind_bucket,0-2,6525,265,4.06,652500,474910,-177590,72.78,1792.11,3.76,67.31,1788.6,5.47,0.3,3.51,mixed_edge
1-5,other_b2_count_bucket,0,10585,620,5.86,1058500,770080,-288420,72.75,1242.06,6.07,72.93,1201.46,-0.18,-0.21,40.6,mixed_edge
1-2,wave_bucket,5-9,1513,246,16.26,151300,110060,-41240,72.74,447.4,18.12,79.62,439.27,-6.88,-1.86,8.13,mixed_edge
1-2,lane1_target_start_gap_pair,0.04-0.06-<=0.03,461,82,17.79,46100,33530,-12570,72.73,408.9,18.12,79.62,439.27,-6.89,-0.33,-30.37,mixed_edge
1-2,target_lane x lane1_target_start_gap_pair,2 | 0.04-0.06-<=0.03,461,82,17.79,46100,33530,-12570,72.73,408.9,18.12,79.62,439.27,-6.89,-0.33,-30.37,mixed_edge
1-2,lane1_start_exhibition_gap_bucket x target_start_exhibition_gap_bucket,0.04-0.06 | <=0.03,461,82,17.79,46100,33530,-12570,72.73,408.9,18.12,79.62,439.27,-6.89,-0.33,-30.37,mixed_edge
1-6,lane1_target_exhibition_time_diff_bucket x lane1_target_start_exhibition_st_diff_bucket,lane1_faster_0.05_0.10 | target_faster_0.03_0.06,300,12,4.0,30000,21820,-8180,72.73,1818.33,3.76,67.31,1788.6,5.42,0.24,29.73,mixed_edge
1-2,lane1_target_exhibition_time_diff_bucket x lane1_target_start_exhibition_st_diff_bucket,target_faster_0.10+ | target_faster_0.03_0.06,93,15,16.13,9300,6760,-2540,72.69,450.67,18.12,79.62,439.27,-6.93,-1.99,11.4,mixed_edge
1-2,lane1_target_national_win_diff_bucket,near_equal,2633,500,18.99,263300,191360,-71940,72.68,382.72,18.12,79.62,439.27,-6.94,0.87,-56.55,mixed_edge
1-4,lane1_target_exhibition_st_rank_pair,1-4+,2462,264,10.72,246200,178810,-67390,72.63,677.31,10.28,77.68,755.43,-5.05,0.44,-78.12,mixed_edge
1-4,lane1_exhibition_st_rank_bucket x target_exhibition_st_rank_bucket,1 | 4+,2462,264,10.72,246200,178810,-67390,72.63,677.31,10.28,77.68,755.43,-5.05,0.44,-78.12,mixed_edge
1-4,target_exhibition_rank_bucket,1,1845,212,11.49,184500,133950,-50550,72.6,631.84,10.28,77.68,755.43,-5.08,1.21,-123.59,mixed_edge
1-4,target_exhibition_rank_bucket x other_exhibition_faster_than_target_count_bucket,1 | 0,1845,212,11.49,184500,133950,-50550,72.6,631.84,10.28,77.68,755.43,-5.08,1.21,-123.59,mixed_edge
1-3,lane1_target_national_rank_pair x target_outer_pressure_bucket,2-3 | some_other_pressure,288,54,18.75,28800,20910,-7890,72.6,387.22,15.39,80.41,522.51,-7.81,3.36,-135.29,mixed_edge
1-3,lane1_target_start_gap_pair x target_outer_pressure_bucket,0.04-0.06-best | some_other_pressure,100,21,21.0,10000,7260,-2740,72.6,345.71,15.39,80.41,522.51,-7.81,5.61,-176.8,mixed_edge
1-5,lane1_target_boat_place_diff_bucket,near_equal,5027,303,6.03,502700,364900,-137800,72.59,1204.29,6.07,72.93,1201.46,-0.34,-0.04,2.83,mixed_edge
1-5,other_group_pattern,B-B-A-A,638,31,4.86,63800,46310,-17490,72.59,1493.87,6.07,72.93,1201.46,-0.34,-1.21,292.41,mixed_edge
1-4,lane1_target_start_gap_pair x target_outer_pressure_bucket,>0.06-0.04-0.06 | some_other_pressure,132,15,11.36,13200,9580,-3620,72.58,638.67,10.28,77.68,755.43,-5.1,1.08,-116.76,mixed_edge
1-3,target_boat_rank_bucket,1,2230,310,13.9,223000,161840,-61160,72.57,522.06,15.39,80.41,522.51,-7.84,-1.49,-0.45,mixed_edge
1-3,target_national_win_rank_bucket,1,2166,431,19.9,216600,157100,-59500,72.53,364.5,15.39,80.41,522.51,-7.88,4.51,-158.01,mixed_edge
1-3,target_national_win_rank_bucket x other_national_better_than_target_count_bucket,1 | 0,2166,431,19.9,216600,157100,-59500,72.53,364.5,15.39,80.41,522.51,-7.88,4.51,-158.01,mixed_edge
1-2,lane1_target_exhibition_time_diff_bucket x lane1_target_start_exhibition_st_diff_bucket,lane1_faster_0.10+ | target_faster_0.06+,179,32,17.88,17900,12980,-4920,72.51,405.62,18.12,79.62,439.27,-7.11,-0.24,-33.65,mixed_edge
1-2,lane1_target_local_win_diff_bucket,target_plus_1.00+,3586,547,15.25,358600,259990,-98610,72.5,475.3,18.12,79.62,439.27,-7.12,-2.87,36.03,mixed_edge
1-5,month,2025-05,5026,292,5.81,502600,364260,-138340,72.48,1247.47,6.07,72.93,1201.46,-0.45,-0.26,46.01,mixed_edge
1-3,target_exhibition_rank_bucket x other_exhibition_faster_than_target_count_bucket,2 | 1,1284,173,13.47,128400,93030,-35370,72.45,537.75,15.39,80.41,522.51,-7.96,-1.92,15.24,mixed_edge
1-3,stadium_code,14,527,66,12.52,52700,38180,-14520,72.45,578.48,15.39,80.41,522.51,-7.96,-2.87,55.97,mixed_edge
1-3,stadium_code x target_lane,14 | 3,527,66,12.52,52700,38180,-14520,72.45,578.48,15.39,80.41,522.51,-7.96,-2.87,55.97,mixed_edge
1-5,lane1_class_group,A,8253,583,7.06,825300,597870,-227430,72.44,1025.51,6.07,72.93,1201.46,-0.49,0.99,-175.95,mixed_edge
1-3,lane1_exhibition_rank_bucket,3,2406,329,13.67,240600,174260,-66340,72.43,529.67,15.39,80.41,522.51,-7.98,-1.72,7.16,mixed_edge
1-2,stadium_code,14,527,85,16.13,52700,38170,-14530,72.43,449.06,18.12,79.62,439.27,-7.19,-1.99,9.79,mixed_edge
1-2,stadium_code x target_lane,14 | 2,527,85,16.13,52700,38170,-14530,72.43,449.06,18.12,79.62,439.27,-7.19,-1.99,9.79,mixed_edge
1-5,lane1_target_group_pair x target_outer_pressure_bucket,B-B | low_other_pressure,37,3,8.11,3700,2680,-1020,72.43,893.33,6.07,72.93,1201.46,-0.5,2.04,-308.13,mixed_edge
1-3,other_st_faster_than_target_count_bucket,3,2598,366,14.09,259800,188150,-71650,72.42,514.07,15.39,80.41,522.51,-7.99,-1.3,-8.44,mixed_edge
1-3,target_exhibition_st_rank_bucket x other_st_faster_than_target_count_bucket,4+ | 3,2598,366,14.09,259800,188150,-71650,72.42,514.07,15.39,80.41,522.51,-7.99,-1.3,-8.44,mixed_edge
1-5,other_a_count_bucket,1,3769,281,7.46,376900,272920,-103980,72.41,971.25,6.07,72.93,1201.46,-0.52,1.39,-230.21,mixed_edge
1-5,target_lane x other_a_count_bucket,5 | 1,3769,281,7.46,376900,272920,-103980,72.41,971.25,6.07,72.93,1201.46,-0.52,1.39,-230.21,mixed_edge
1-4,other_a_count_bucket,0,2077,311,14.97,207700,150400,-57300,72.41,483.6,10.28,77.68,755.43,-5.27,4.69,-271.83,mixed_edge
1-4,other_group_pattern,B-B-B-B,2077,311,14.97,207700,150400,-57300,72.41,483.6,10.28,77.68,755.43,-5.27,4.69,-271.83,mixed_edge
1-4,target_lane x other_a_count_bucket,4 | 0,2077,311,14.97,207700,150400,-57300,72.41,483.6,10.28,77.68,755.43,-5.27,4.69,-271.83,mixed_edge
1-4,lane1_target_group_pair x other_a_count_bucket,A-A | 4,1228,153,12.46,122800,88920,-33880,72.41,581.18,10.28,77.68,755.43,-5.27,2.18,-174.25,mixed_edge
1-5,lane1_target_start_gap_pair x target_outer_pressure_bucket,<=0.03-<=0.03 | high_other_pressure,615,29,4.72,61500,44520,-16980,72.39,1535.17,6.07,72.93,1201.46,-0.54,-1.35,333.71,mixed_edge
1-4,grade_group,SG,72,8,11.11,7200,5210,-1990,72.36,651.25,10.28,77.68,755.43,-5.32,0.83,-104.18,mixed_edge
1-6,other_national_better_than_target_count_bucket,1,2468,112,4.54,246800,178520,-68280,72.33,1593.93,3.76,67.31,1788.6,5.02,0.78,-194.67,mixed_edge
1-5,lane1_national_win_rank_bucket,3,2521,150,5.95,252100,182260,-69840,72.3,1215.07,6.07,72.93,1201.46,-0.63,-0.12,13.61,mixed_edge
1-5,lane1_target_exhibition_time_diff_bucket,near_equal,6724,417,6.2,672400,485590,-186810,72.22,1164.48,6.07,72.93,1201.46,-0.71,0.13,-36.98,mixed_edge
1-3,other_national_better_than_target_count_bucket,0,2902,637,21.95,290200,209490,-80710,72.19,328.87,15.39,80.41,522.51,-8.22,6.56,-193.64,mixed_edge
1-3,lane1_target_class_pair,A2-A1,733,175,23.87,73300,52900,-20400,72.17,302.29,15.39,80.41,522.51,-8.24,8.48,-220.22,mixed_edge
1-3,lane1_target_group_pair x other_a_count_bucket,A-A | 1,1022,256,25.05,102200,73750,-28450,72.16,288.09,15.39,80.41,522.51,-8.25,9.66,-234.42,mixed_edge
1-2,lane1_boat_rank_bucket,2,2343,409,17.46,234300,169050,-65250,72.15,413.33,18.12,79.62,439.27,-7.47,-0.66,-25.94,mixed_edge
1-4,lane1_target_start_gap_pair x target_outer_pressure_bucket,best-<=0.03 | some_other_pressure,130,24,18.46,13000,9380,-3620,72.15,390.83,10.28,77.68,755.43,-5.53,8.18,-364.6,mixed_edge
1-6,other_group_pattern,B-B-B-A,779,38,4.88,77900,56190,-21710,72.13,1478.68,3.76,67.31,1788.6,4.82,1.12,-309.92,mixed_edge
1-6,other_group_pattern,B-B-A-A,506,13,2.57,50600,36500,-14100,72.13,2807.69,3.76,67.31,1788.6,4.82,-1.19,1019.09,mixed_edge
1-3,stadium_code,03,488,58,11.89,48800,35200,-13600,72.13,606.9,15.39,80.41,522.51,-8.28,-3.5,84.39,mixed_edge
1-3,stadium_code x target_lane,03 | 3,488,58,11.89,48800,35200,-13600,72.13,606.9,15.39,80.41,522.51,-8.28,-3.5,84.39,mixed_edge
1-2,target_exhibition_st_rank_bucket,4+,6976,1105,15.84,697600,502940,-194660,72.1,455.15,18.12,79.62,439.27,-7.52,-2.28,15.88,mixed_edge
1-2,target_lane x target_exhibition_st_rank_bucket,2 | 4+,6976,1105,15.84,697600,502940,-194660,72.1,455.15,18.12,79.62,439.27,-7.52,-2.28,15.88,mixed_edge
1-3,other_a_count_bucket,0,1976,384,19.43,197600,142450,-55150,72.09,370.96,15.39,80.41,522.51,-8.32,4.04,-151.55,mixed_edge
1-3,other_group_pattern,B-B-B-B,1976,384,19.43,197600,142450,-55150,72.09,370.96,15.39,80.41,522.51,-8.32,4.04,-151.55,mixed_edge
1-3,target_lane x other_a_count_bucket,3 | 0,1976,384,19.43,197600,142450,-55150,72.09,370.96,15.39,80.41,522.51,-8.32,4.04,-151.55,mixed_edge
1-4,target_national_win_rank_bucket x other_national_better_than_target_count_bucket,3 | 1,1300,177,13.62,130000,93690,-36310,72.07,529.32,10.28,77.68,755.43,-5.61,3.34,-226.11,mixed_edge
1-6,lane1_target_exhibition_time_diff_bucket x lane1_target_start_exhibition_st_diff_bucket,near_equal | near_equal,1547,63,4.07,154700,111460,-43240,72.05,1769.21,3.76,67.31,1788.6,4.74,0.31,-19.39,mixed_edge
1-5,target_exhibition_st_rank_bucket,4+,7228,388,5.37,722800,520730,-202070,72.04,1342.09,6.07,72.93,1201.46,-0.89,-0.7,140.63,mixed_edge
1-5,target_lane x target_exhibition_st_rank_bucket,5 | 4+,7228,388,5.37,722800,520730,-202070,72.04,1342.09,6.07,72.93,1201.46,-0.89,-0.7,140.63,mixed_edge
1-3,lane1_target_national_rank_pair x target_outer_pressure_bucket,1-2 | some_other_pressure,152,44,28.95,15200,10950,-4250,72.04,248.86,15.39,80.41,522.51,-8.37,13.56,-273.65,mixed_edge
1-5,meeting_phase_bucket,day1-2,5212,275,5.28,521200,375400,-145800,72.03,1365.09,6.07,72.93,1201.46,-0.9,-0.79,163.63,mixed_edge
1-5,meeting_phase_bucket x target_lane,day1-2 | 5,5212,275,5.28,521200,375400,-145800,72.03,1365.09,6.07,72.93,1201.46,-0.9,-0.79,163.63,mixed_edge
1-2,other_st_faster_than_target_count_bucket,2,2398,413,17.22,239800,172730,-67070,72.03,418.23,18.12,79.62,439.27,-7.59,-0.9,-21.04,mixed_edge
1-4,target_national_win_rank_bucket,4+,7261,492,6.78,726100,522800,-203300,72.0,1062.6,10.28,77.68,755.43,-5.68,-3.5,307.17,mixed_edge
1-3,lane1_target_exhibition_st_rank_pair,3-4+,1133,161,14.21,113300,81540,-31760,71.97,506.46,15.39,80.41,522.51,-8.44,-1.18,-16.05,mixed_edge
1-3,lane1_exhibition_st_rank_bucket x target_exhibition_st_rank_bucket,3 | 4+,1133,161,14.21,113300,81540,-31760,71.97,506.46,15.39,80.41,522.51,-8.44,-1.18,-16.05,mixed_edge
1-4,lane1_local_win_rank_bucket,2,2787,302,10.84,278700,200120,-78580,71.8,662.65,10.28,77.68,755.43,-5.88,0.56,-92.78,mixed_edge
1-4,target_exhibition_rank_bucket,3,2321,240,10.34,232100,166590,-65510,71.78,694.12,10.28,77.68,755.43,-5.9,0.06,-61.31,mixed_edge
1-3,lane1_target_national_rank_pair,1-2,726,205,28.24,72600,52110,-20490,71.78,254.2,15.39,80.41,522.51,-8.63,12.85,-268.31,mixed_edge
1-3,target_lane x lane1_target_national_rank_pair,3 | 1-2,726,205,28.24,72600,52110,-20490,71.78,254.2,15.39,80.41,522.51,-8.63,12.85,-268.31,mixed_edge
1-2,target_class,B2,455,49,10.77,45500,32660,-12840,71.78,666.53,18.12,79.62,439.27,-7.84,-7.35,227.26,mixed_edge
1-4,month,2025-06,4761,448,9.41,476100,341630,-134470,71.76,762.57,10.28,77.68,755.43,-5.92,-0.87,7.14,mixed_edge
1-6,lane1_target_start_gap_pair x target_outer_pressure_bucket,<=0.03-<=0.03 | some_other_pressure,80,4,5.0,8000,5740,-2260,71.75,1435.0,3.76,67.31,1788.6,4.44,1.24,-353.6,mixed_edge
1-2,target_class_group x target_outer_pressure_bucket,A | low_other_pressure,874,219,25.06,87400,62690,-24710,71.73,286.26,18.12,79.62,439.27,-7.89,6.94,-153.01,mixed_edge
1-4,lane1_motor_rank_bucket,3,2238,226,10.1,223800,160500,-63300,71.72,710.18,10.28,77.68,755.43,-5.96,-0.18,-45.25,mixed_edge
1-3,lane1_exhibition_st_rank_bucket,4+,5724,757,13.23,572400,410450,-161950,71.71,542.21,15.39,80.41,522.51,-8.7,-2.16,19.7,mixed_edge
1-4,meeting_phase_bucket,day1-2,5212,478,9.17,521200,373730,-147470,71.71,781.86,10.28,77.68,755.43,-5.97,-1.11,26.43,mixed_edge
1-4,meeting_phase_bucket x target_lane,day1-2 | 4,5212,478,9.17,521200,373730,-147470,71.71,781.86,10.28,77.68,755.43,-5.97,-1.11,26.43,mixed_edge
1-4,stadium_code,22,432,45,10.42,43200,30970,-12230,71.69,688.22,10.28,77.68,755.43,-5.99,0.14,-67.21,mixed_edge
1-4,stadium_code x target_lane,22 | 4,432,45,10.42,43200,30970,-12230,71.69,688.22,10.28,77.68,755.43,-5.99,0.14,-67.21,mixed_edge
1-4,other_group_pattern,B-B-B-A,945,104,11.01,94500,67740,-26760,71.68,651.35,10.28,77.68,755.43,-6.0,0.73,-104.08,mixed_edge
1-3,target_national_win_rank_bucket x other_national_better_than_target_count_bucket,2 | 0,731,206,28.18,73100,52390,-20710,71.67,254.32,15.39,80.41,522.51,-8.74,12.79,-268.19,mixed_edge
1-6,lane1_target_group_pair x target_outer_pressure_bucket,A-A | high_other_pressure,2834,155,5.47,283400,203000,-80400,71.63,1309.68,3.76,67.31,1788.6,4.32,1.71,-478.92,mixed_edge
1-5,lane1_target_boat_place_diff_bucket,target_plus_10+,2265,136,6.0,226500,162140,-64360,71.58,1192.21,6.07,72.93,1201.46,-1.35,-0.07,-9.25,mixed_edge
1-6,lane1_target_motor_place_diff_bucket,target_plus_10+,2714,98,3.61,271400,194240,-77160,71.57,1982.04,3.76,67.31,1788.6,4.26,-0.15,193.44,mixed_edge
1-6,lane1_target_exhibition_time_diff_bucket x lane1_target_start_exhibition_st_diff_bucket,near_equal | target_faster_0.06+,1475,65,4.41,147500,105550,-41950,71.56,1623.85,3.76,67.31,1788.6,4.25,0.65,-164.75,mixed_edge
1-4,lane1_class,A1,4491,589,13.12,449100,321280,-127820,71.54,545.47,10.28,77.68,755.43,-6.14,2.84,-209.96,mixed_edge
1-4,lane1_target_start_gap_pair x target_outer_pressure_bucket,best->0.06 | low_other_pressure,92,19,20.65,9200,6580,-2620,71.52,346.32,10.28,77.68,755.43,-6.16,10.37,-409.11,mixed_edge
1-2,lane1_target_start_gap_pair x target_outer_pressure_bucket,0.04-0.06-<=0.03 | high_other_pressure,352,58,16.48,35200,25160,-10040,71.48,433.79,18.12,79.62,439.27,-8.14,-1.64,-5.48,mixed_edge
1-4,lane1_target_national_rank_pair x target_outer_pressure_bucket,4+-1 | some_other_pressure,198,23,11.62,19800,14150,-5650,71.46,615.22,10.28,77.68,755.43,-6.22,1.34,-140.21,mixed_edge
1-3,lane1_target_start_gap_pair x target_outer_pressure_bucket,>0.06-best | low_other_pressure,76,16,21.05,7600,5430,-2170,71.45,339.38,15.39,80.41,522.51,-8.96,5.66,-183.13,mixed_edge
1-5,other_st_faster_than_target_count_bucket,0,3312,242,7.31,331200,236620,-94580,71.44,977.77,6.07,72.93,1201.46,-1.49,1.24,-223.69,mixed_edge
1-4,target_exhibition_st_rank_bucket,4+,6901,650,9.42,690100,492920,-197180,71.43,758.34,10.28,77.68,755.43,-6.25,-0.86,2.91,mixed_edge
1-4,target_lane x target_exhibition_st_rank_bucket,4 | 4+,6901,650,9.42,690100,492920,-197180,71.43,758.34,10.28,77.68,755.43,-6.25,-0.86,2.91,mixed_edge
1-6,target_class_group x target_outer_pressure_bucket,A | high_other_pressure,4222,221,5.23,422200,301570,-120630,71.43,1364.57,3.76,67.31,1788.6,4.12,1.47,-424.03,mixed_edge
1-4,lane1_target_start_gap_pair x target_outer_pressure_bucket,0.04-0.06-<=0.03 | some_other_pressure,71,10,14.08,7100,5070,-2030,71.41,507.0,10.28,77.68,755.43,-6.27,3.8,-248.43,mixed_edge
1-3,lane1_target_group_pair x other_a_count_bucket,A-A | 0,278,81,29.14,27800,19850,-7950,71.4,245.06,15.39,80.41,522.51,-9.01,13.75,-277.45,mixed_edge
1-5,meeting_phase_bucket,day5+,2418,158,6.53,241800,172520,-69280,71.35,1091.9,6.07,72.93,1201.46,-1.58,0.46,-109.56,mixed_edge
1-5,meeting_phase_bucket x target_lane,day5+ | 5,2418,158,6.53,241800,172520,-69280,71.35,1091.9,6.07,72.93,1201.46,-1.58,0.46,-109.56,mixed_edge
1-6,lane1_target_local_win_diff_bucket,near_equal,1836,77,4.19,183600,130980,-52620,71.34,1701.04,3.76,67.31,1788.6,4.03,0.43,-87.56,mixed_edge
1-3,lane1_target_national_rank_pair,4+-1,1015,145,14.29,101500,72410,-29090,71.34,499.38,15.39,80.41,522.51,-9.07,-1.1,-23.13,mixed_edge
1-3,target_lane x lane1_target_national_rank_pair,3 | 4+-1,1015,145,14.29,101500,72410,-29090,71.34,499.38,15.39,80.41,522.51,-9.07,-1.1,-23.13,mixed_edge
1-2,other_st_faster_than_target_count_bucket,4,2852,401,14.06,285200,203370,-81830,71.31,507.16,18.12,79.62,439.27,-8.31,-4.06,67.89,mixed_edge
1-2,target_exhibition_st_rank_bucket x other_st_faster_than_target_count_bucket,4+ | 4,2852,401,14.06,285200,203370,-81830,71.31,507.16,18.12,79.62,439.27,-8.31,-4.06,67.89,mixed_edge
1-3,lane1_target_exhibition_st_rank_pair,4+-3,1044,138,13.22,104400,74450,-29950,71.31,539.49,15.39,80.41,522.51,-9.1,-2.17,16.98,mixed_edge
1-3,lane1_exhibition_st_rank_bucket x target_exhibition_st_rank_bucket,4+ | 3,1044,138,13.22,104400,74450,-29950,71.31,539.49,15.39,80.41,522.51,-9.1,-2.17,16.98,mixed_edge
1-6,lane1_target_exhibition_time_diff_bucket x lane1_target_start_exhibition_st_diff_bucket,near_equal | lane1_faster_0.03_0.06,816,32,3.92,81600,58160,-23440,71.27,1817.5,3.76,67.31,1788.6,3.96,0.16,28.9,mixed_edge
1-6,lane1_target_exhibition_st_rank_pair,2-4+,1654,62,3.75,165400,117870,-47530,71.26,1901.13,3.76,67.31,1788.6,3.95,-0.01,112.53,mixed_edge
1-6,lane1_exhibition_st_rank_bucket x target_exhibition_st_rank_bucket,2 | 4+,1654,62,3.75,165400,117870,-47530,71.26,1901.13,3.76,67.31,1788.6,3.95,-0.01,112.53,mixed_edge
1-5,target_outer_pressure_bucket,high_other_pressure,11683,589,5.04,1168300,832130,-336170,71.23,1412.78,6.07,72.93,1201.46,-1.7,-1.03,211.32,mixed_edge
1-5,target_lane x target_outer_pressure_bucket,5 | high_other_pressure,11683,589,5.04,1168300,832130,-336170,71.23,1412.78,6.07,72.93,1201.46,-1.7,-1.03,211.32,mixed_edge
1-4,stadium_code,09,708,78,11.02,70800,50420,-20380,71.21,646.41,10.28,77.68,755.43,-6.47,0.74,-109.02,mixed_edge
1-4,stadium_code x target_lane,09 | 4,708,78,11.02,70800,50420,-20380,71.21,646.41,10.28,77.68,755.43,-6.47,0.74,-109.02,mixed_edge
1-4,lane1_target_start_exhibition_st_diff_bucket,lane1_faster_0.06+,3755,357,9.51,375500,267180,-108320,71.15,748.4,10.28,77.68,755.43,-6.53,-0.77,-7.03,mixed_edge
1-5,lane1_boat_rank_bucket,1,2896,187,6.46,289600,206060,-83540,71.15,1101.93,6.07,72.93,1201.46,-1.78,0.39,-99.53,mixed_edge
1-6,lane1_target_class_pair,B1-B1,2337,43,1.84,233700,166230,-67470,71.13,3865.81,3.76,67.31,1788.6,3.82,-1.92,2077.21,mixed_edge
1-4,target_exhibition_rank_bucket x other_exhibition_faster_than_target_count_bucket,2 | 1,1123,119,10.6,112300,79840,-32460,71.1,670.92,10.28,77.68,755.43,-6.58,0.32,-84.51,mixed_edge
1-2,lane1_target_group_pair x target_outer_pressure_bucket,A-B | low_other_pressure,82,28,34.15,8200,5830,-2370,71.1,208.21,18.12,79.62,439.27,-8.52,16.03,-231.06,mixed_edge
1-6,lane1_class,B1,5430,160,2.95,543000,385810,-157190,71.05,2411.31,3.76,67.31,1788.6,3.74,-0.81,622.71,mixed_edge
1-6,lane1_target_start_gap_pair x target_outer_pressure_bucket,<=0.03-<=0.03 | high_other_pressure,504,15,2.98,50400,35810,-14590,71.05,2387.33,3.76,67.31,1788.6,3.74,-0.78,598.73,mixed_edge
1-6,lane1_target_group_pair x target_outer_pressure_bucket,B-A | high_other_pressure,1388,66,4.76,138800,98570,-40230,71.02,1493.48,3.76,67.31,1788.6,3.71,1.0,-295.12,mixed_edge
1-2,target_exhibition_rank_bucket x other_exhibition_faster_than_target_count_bucket,2 | 1,1458,227,15.57,145800,103520,-42280,71.0,456.04,18.12,79.62,439.27,-8.62,-2.55,16.77,mixed_edge
1-3,lane1_target_exhibition_time_diff_bucket,lane1_faster_0.10+,1641,213,12.98,164100,116480,-47620,70.98,546.85,15.39,80.41,522.51,-9.43,-2.41,24.34,mixed_edge
1-6,target_boat_rank_bucket,3,2173,86,3.96,217300,154200,-63100,70.96,1793.02,3.76,67.31,1788.6,3.65,0.2,4.42,mixed_edge
1-3,lane1_target_start_gap_pair,0.04-0.06->0.06,748,110,14.71,74800,53070,-21730,70.95,482.45,15.39,80.41,522.51,-9.46,-0.68,-40.06,mixed_edge
1-3,target_lane x lane1_target_start_gap_pair,3 | 0.04-0.06->0.06,748,110,14.71,74800,53070,-21730,70.95,482.45,15.39,80.41,522.51,-9.46,-0.68,-40.06,mixed_edge
1-3,lane1_start_exhibition_gap_bucket x target_start_exhibition_gap_bucket,0.04-0.06 | >0.06,748,110,14.71,74800,53070,-21730,70.95,482.45,15.39,80.41,522.51,-9.46,-0.68,-40.06,mixed_edge
1-5,lane1_target_exhibition_time_diff_bucket x lane1_target_start_exhibition_st_diff_bucket,lane1_faster_0.05_0.10 | lane1_faster_0.06+,899,50,5.56,89900,63760,-26140,70.92,1275.2,6.07,72.93,1201.46,-2.01,-0.51,73.74,mixed_edge
1-2,lane1_target_national_rank_pair x target_outer_pressure_bucket,2-1 | low_other_pressure,173,52,30.06,17300,12270,-5030,70.92,235.96,18.12,79.62,439.27,-8.7,11.94,-203.31,mixed_edge
1-2,lane1_target_group_pair x other_a_count_bucket,A-A | 2,1039,250,24.06,103900,73660,-30240,70.9,294.64,18.12,79.62,439.27,-8.72,5.94,-144.63,mixed_edge
1-5,target_boat_rank_bucket,2,2205,138,6.26,220500,156310,-64190,70.89,1132.68,6.07,72.93,1201.46,-2.04,0.19,-68.78,mixed_edge
1-4,lane1_target_group_pair x target_outer_pressure_bucket,A-A | low_other_pressure,492,104,21.14,49200,34880,-14320,70.89,335.38,10.28,77.68,755.43,-6.79,10.86,-420.05,mixed_edge
1-6,wind_bucket,7+,559,17,3.04,55900,39620,-16280,70.88,2330.59,3.76,67.31,1788.6,3.57,-0.72,541.99,mixed_edge
1-5,lane1_national_win_rank_bucket,2,2882,207,7.18,288200,204090,-84110,70.82,985.94,6.07,72.93,1201.46,-2.11,1.11,-215.52,mixed_edge
1-5,other_group_pattern,B-A-A-A,393,13,3.31,39300,27830,-11470,70.81,2140.77,6.07,72.93,1201.46,-2.12,-2.76,939.31,mixed_edge
1-5,lane1_target_start_gap_pair x target_outer_pressure_bucket,>0.06-0.04-0.06 | low_other_pressure,37,6,16.22,3700,2620,-1080,70.81,436.67,6.07,72.93,1201.46,-2.12,10.15,-764.79,mixed_edge
1-3,lane1_target_group_pair x other_a_count_bucket,B-A | 0,289,51,17.65,28900,20450,-8450,70.76,400.98,15.39,80.41,522.51,-9.65,2.26,-121.53,mixed_edge
1-2,wave_bucket,10+,262,42,16.03,26200,18540,-7660,70.76,441.43,18.12,79.62,439.27,-8.86,-2.09,2.16,mixed_edge
1-5,lane1_start_exhibition_gap_bucket,<=0.03,2989,192,6.42,298900,211340,-87560,70.71,1100.73,6.07,72.93,1201.46,-2.22,0.35,-100.73,mixed_edge
1-2,target_national_win_rank_bucket,1,2270,472,20.79,227000,160500,-66500,70.7,340.04,18.12,79.62,439.27,-8.92,2.67,-99.23,mixed_edge
1-2,target_national_win_rank_bucket x other_national_better_than_target_count_bucket,1 | 0,2270,472,20.79,227000,160500,-66500,70.7,340.04,18.12,79.62,439.27,-8.92,2.67,-99.23,mixed_edge
1-6,target_class_group x target_outer_pressure_bucket,A | some_other_pressure,1263,77,6.1,126300,89270,-37030,70.68,1159.35,3.76,67.31,1788.6,3.37,2.34,-629.25,mixed_edge
1-2,lane1_target_national_rank_pair x target_outer_pressure_bucket,4+-1 | high_other_pressure,459,70,15.25,45900,32430,-13470,70.65,463.29,18.12,79.62,439.27,-8.97,-2.87,24.02,mixed_edge
1-5,stadium_code,17,573,29,5.06,57300,40470,-16830,70.63,1395.52,6.07,72.93,1201.46,-2.3,-1.01,194.06,mixed_edge
1-5,stadium_code x target_lane,17 | 5,573,29,5.06,57300,40470,-16830,70.63,1395.52,6.07,72.93,1201.46,-2.3,-1.01,194.06,mixed_edge
1-3,target_exhibition_st_rank_bucket x other_st_faster_than_target_count_bucket,3 | 2,949,124,13.07,94900,66990,-27910,70.59,540.24,15.39,80.41,522.51,-9.82,-2.32,17.73,mixed_edge
1-4,lane1_local_win_rank_bucket,1,3302,427,12.93,330200,233060,-97140,70.58,545.81,10.28,77.68,755.43,-7.1,2.65,-209.62,mixed_edge
1-2,other_group_pattern,A-A-B-A,499,67,13.43,49900,35220,-14680,70.58,525.67,18.12,79.62,439.27,-9.04,-4.69,86.4,mixed_edge
1-5,target_boat_rank_bucket,4+,7346,440,5.99,734600,518310,-216290,70.56,1177.98,6.07,72.93,1201.46,-2.37,-0.08,-23.48,mixed_edge
1-5,meeting_phase_bucket,final,1418,80,5.64,141800,100050,-41750,70.56,1250.62,6.07,72.93,1201.46,-2.37,-0.43,49.16,mixed_edge
1-5,meeting_phase_bucket x target_lane,final | 5,1418,80,5.64,141800,100050,-41750,70.56,1250.62,6.07,72.93,1201.46,-2.37,-0.43,49.16,mixed_edge
1-4,lane1_target_national_rank_pair,2-4+,1634,122,7.47,163400,115180,-48220,70.49,944.1,10.28,77.68,755.43,-7.19,-2.81,188.67,mixed_edge
1-4,target_lane x lane1_target_national_rank_pair,4 | 2-4+,1634,122,7.47,163400,115180,-48220,70.49,944.1,10.28,77.68,755.43,-7.19,-2.81,188.67,mixed_edge
1-5,other_st_faster_than_target_count_bucket,3,2818,147,5.22,281800,198550,-83250,70.46,1350.68,6.07,72.93,1201.46,-2.47,-0.85,149.22,mixed_edge
1-5,target_exhibition_st_rank_bucket x other_st_faster_than_target_count_bucket,4+ | 3,2818,147,5.22,281800,198550,-83250,70.46,1350.68,6.07,72.93,1201.46,-2.47,-0.85,149.22,mixed_edge
1-4,lane1_target_local_win_diff_bucket,lane1_plus_1.00+,5460,481,8.81,546000,384660,-161340,70.45,799.71,10.28,77.68,755.43,-7.23,-1.47,44.28,mixed_edge
1-6,other_exhibition_faster_than_target_count_bucket,2,2702,101,3.74,270200,190350,-79850,70.45,1884.65,3.76,67.31,1788.6,3.14,-0.02,96.05,mixed_edge
1-4,lane1_target_national_rank_pair x target_outer_pressure_bucket,2-4+ | high_other_pressure,1629,121,7.43,162900,114740,-48160,70.44,948.26,10.28,77.68,755.43,-7.24,-2.85,192.83,mixed_edge
1-6,lane1_local_win_rank_bucket,1,3302,143,4.33,330200,232550,-97650,70.43,1626.22,3.76,67.31,1788.6,3.12,0.57,-162.38,mixed_edge
1-4,lane1_class,B2,320,20,6.25,32000,22520,-9480,70.38,1126.0,10.28,77.68,755.43,-7.3,-4.03,370.57,mixed_edge
1-3,lane1_target_national_rank_pair,3-1,545,117,21.47,54500,38350,-16150,70.37,327.78,15.39,80.41,522.51,-10.04,6.08,-194.73,mixed_edge
1-3,target_lane x lane1_target_national_rank_pair,3 | 3-1,545,117,21.47,54500,38350,-16150,70.37,327.78,15.39,80.41,522.51,-10.04,6.08,-194.73,mixed_edge
1-6,lane1_target_local_win_diff_bucket,target_plus_1.00+,3251,159,4.89,325100,228730,-96370,70.36,1438.55,3.76,67.31,1788.6,3.05,1.13,-350.05,mixed_edge
1-5,wind_bucket,7+,559,26,4.65,55900,39300,-16600,70.3,1511.54,6.07,72.93,1201.46,-2.63,-1.42,310.08,mixed_edge
1-5,lane1_target_start_gap_pair,<=0.03-<=0.03,736,40,5.43,73600,51730,-21870,70.29,1293.25,6.07,72.93,1201.46,-2.64,-0.64,91.79,mixed_edge
1-5,target_lane x lane1_target_start_gap_pair,5 | <=0.03-<=0.03,736,40,5.43,73600,51730,-21870,70.29,1293.25,6.07,72.93,1201.46,-2.64,-0.64,91.79,mixed_edge
1-5,lane1_start_exhibition_gap_bucket x target_start_exhibition_gap_bucket,<=0.03 | <=0.03,736,40,5.43,73600,51730,-21870,70.29,1293.25,6.07,72.93,1201.46,-2.64,-0.64,91.79,mixed_edge
1-3,grade_group,G1,204,32,15.69,20400,14340,-6060,70.29,448.12,15.39,80.41,522.51,-10.12,0.3,-74.39,mixed_edge
1-2,target_start_exhibition_gap_bucket,>0.06,5697,859,15.08,569700,400390,-169310,70.28,466.11,18.12,79.62,439.27,-9.34,-3.04,26.84,mixed_edge
1-2,target_lane x target_start_exhibition_gap_bucket,2 | >0.06,5697,859,15.08,569700,400390,-169310,70.28,466.11,18.12,79.62,439.27,-9.34,-3.04,26.84,mixed_edge
1-3,lane1_target_start_gap_pair x target_outer_pressure_bucket,>0.06->0.06 | some_other_pressure,284,49,17.25,28400,19960,-8440,70.28,407.35,15.39,80.41,522.51,-10.13,1.86,-115.16,mixed_edge
1-5,other_group_pattern,B-A-A-B,771,35,4.54,77100,54170,-22930,70.26,1547.71,6.07,72.93,1201.46,-2.67,-1.53,346.25,mixed_edge
1-4,stadium_code,03,488,42,8.61,48800,34270,-14530,70.23,815.95,10.28,77.68,755.43,-7.45,-1.67,60.52,mixed_edge
1-4,stadium_code x target_lane,03 | 4,488,42,8.61,48800,34270,-14530,70.23,815.95,10.28,77.68,755.43,-7.45,-1.67,60.52,mixed_edge
1-6,other_a_count_bucket,0,1872,108,5.77,187200,131420,-55780,70.2,1216.85,3.76,67.31,1788.6,2.89,2.01,-571.75,mixed_edge
1-6,other_group_pattern,B-B-B-B,1872,108,5.77,187200,131420,-55780,70.2,1216.85,3.76,67.31,1788.6,2.89,2.01,-571.75,mixed_edge
1-6,target_lane x other_a_count_bucket,6 | 0,1872,108,5.77,187200,131420,-55780,70.2,1216.85,3.76,67.31,1788.6,2.89,2.01,-571.75,mixed_edge
1-4,lane1_target_class_pair,A1-B1,1646,150,9.11,164600,115510,-49090,70.18,770.07,10.28,77.68,755.43,-7.5,-1.17,14.64,mixed_edge
1-5,wave_bucket,5-9,1513,93,6.15,151300,106170,-45130,70.17,1141.61,6.07,72.93,1201.46,-2.76,0.08,-59.85,mixed_edge
1-5,lane1_target_class_pair,A1-A2,1018,86,8.45,101800,71430,-30370,70.17,830.58,6.07,72.93,1201.46,-2.76,2.38,-370.88,mixed_edge
1-5,lane1_national_win_rank_bucket,1,3495,256,7.32,349500,245160,-104340,70.15,957.66,6.07,72.93,1201.46,-2.78,1.25,-243.8,mixed_edge
1-6,stadium_code,22,432,12,2.78,43200,30300,-12900,70.14,2525.0,3.76,67.31,1788.6,2.83,-0.98,736.4,mixed_edge
1-6,stadium_code x target_lane,22 | 6,432,12,2.78,43200,30300,-12900,70.14,2525.0,3.76,67.31,1788.6,2.83,-0.98,736.4,mixed_edge
1-5,target_exhibition_st_rank_bucket,3,2407,152,6.31,240700,168730,-71970,70.1,1110.07,6.07,72.93,1201.46,-2.83,0.24,-91.39,mixed_edge
1-5,target_lane x target_exhibition_st_rank_bucket,5 | 3,2407,152,6.31,240700,168730,-71970,70.1,1110.07,6.07,72.93,1201.46,-2.83,0.24,-91.39,mixed_edge
1-5,lane1_target_exhibition_st_rank_pair,1-2,523,40,7.65,52300,36660,-15640,70.1,916.5,6.07,72.93,1201.46,-2.83,1.58,-284.96,mixed_edge
1-5,lane1_exhibition_st_rank_bucket x target_exhibition_st_rank_bucket,1 | 2,523,40,7.65,52300,36660,-15640,70.1,916.5,6.07,72.93,1201.46,-2.83,1.58,-284.96,mixed_edge
1-4,stadium_code,04,623,54,8.67,62300,43660,-18640,70.08,808.52,10.28,77.68,755.43,-7.6,-1.61,53.09,mixed_edge
1-4,stadium_code x target_lane,04 | 4,623,54,8.67,62300,43660,-18640,70.08,808.52,10.28,77.68,755.43,-7.6,-1.61,53.09,mixed_edge
1-2,wind_bucket,5-6,1693,283,16.72,169300,118610,-50690,70.06,419.12,18.12,79.62,439.27,-9.56,-1.4,-20.15,mixed_edge
1-4,lane1_target_national_rank_pair x target_outer_pressure_bucket,3-2 | some_other_pressure,235,29,12.34,23500,16460,-7040,70.04,567.59,10.28,77.68,755.43,-7.64,2.06,-187.84,mixed_edge
1-4,stadium_code,20,661,62,9.38,66100,46290,-19810,70.03,746.61,10.28,77.68,755.43,-7.65,-0.9,-8.82,mixed_edge
1-4,stadium_code x target_lane,20 | 4,661,62,9.38,66100,46290,-19810,70.03,746.61,10.28,77.68,755.43,-7.65,-0.9,-8.82,mixed_edge
1-5,target_national_win_rank_bucket x other_national_better_than_target_count_bucket,2 | 0,635,78,12.28,63500,44460,-19040,70.02,570.0,6.07,72.93,1201.46,-2.91,6.21,-631.46,mixed_edge
1-4,target_class_group x target_outer_pressure_bucket,B | some_other_pressure,493,65,13.18,49300,34520,-14780,70.02,531.08,10.28,77.68,755.43,-7.66,2.9,-224.35,mixed_edge
1-3,lane1_target_start_gap_pair x target_outer_pressure_bucket,<=0.03->0.06 | low_other_pressure,49,11,22.45,4900,3430,-1470,70.0,311.82,15.39,80.41,522.51,-10.41,7.06,-210.69,mixed_edge
1-5,lane1_target_group_pair,A-B,4557,219,4.81,455700,318850,-136850,69.97,1455.94,6.07,72.93,1201.46,-2.96,-1.26,254.48,mixed_edge
1-6,lane1_local_win_rank_bucket,3,2519,100,3.97,251900,176110,-75790,69.91,1761.1,3.76,67.31,1788.6,2.6,0.21,-27.5,mixed_edge
1-2,other_group_pattern,B-A-B-B,1227,205,16.71,122700,85770,-36930,69.9,418.39,18.12,79.62,439.27,-9.72,-1.41,-20.88,mixed_edge
1-4,lane1_target_group_pair x other_a_count_bucket,A-A | 0,503,118,23.46,50300,35160,-15140,69.9,297.97,10.28,77.68,755.43,-7.78,13.18,-457.46,mixed_edge
1-3,lane1_boat_rank_bucket,3,2279,341,14.96,227900,159260,-68640,69.88,467.04,15.39,80.41,522.51,-10.53,-0.43,-55.47,mixed_edge
1-6,target_exhibition_rank_bucket,1,1847,93,5.04,184700,129070,-55630,69.88,1387.85,3.76,67.31,1788.6,2.57,1.28,-400.75,mixed_edge
1-6,target_exhibition_rank_bucket x other_exhibition_faster_than_target_count_bucket,1 | 0,1847,93,5.04,184700,129070,-55630,69.88,1387.85,3.76,67.31,1788.6,2.57,1.28,-400.75,mixed_edge
1-5,lane1_target_exhibition_time_diff_bucket x lane1_target_start_exhibition_st_diff_bucket,target_faster_0.10+ | lane1_faster_0.06+,166,11,6.63,16600,11600,-5000,69.88,1054.55,6.07,72.93,1201.46,-3.05,0.56,-146.91,mixed_edge
1-2,lane1_target_exhibition_time_diff_bucket x lane1_target_start_exhibition_st_diff_bucket,near_equal | target_faster_0.06+,1138,166,14.59,113800,79440,-34360,69.81,478.55,18.12,79.62,439.27,-9.81,-3.53,39.28,mixed_edge
1-4,other_group_pattern,B-A-A-A,378,22,5.82,37800,26370,-11430,69.76,1198.64,10.28,77.68,755.43,-7.92,-4.46,443.21,mixed_edge
1-5,lane1_target_group_pair x target_outer_pressure_bucket,A-B | high_other_pressure,4208,185,4.4,420800,293450,-127350,69.74,1586.22,6.07,72.93,1201.46,-3.19,-1.67,384.76,mixed_edge
1-6,target_national_win_rank_bucket,2,1934,107,5.53,193400,134880,-58520,69.74,1260.56,3.76,67.31,1788.6,2.43,1.77,-528.04,mixed_edge
1-6,stadium_code,01,600,25,4.17,60000,41840,-18160,69.73,1673.6,3.76,67.31,1788.6,2.42,0.41,-115.0,mixed_edge
1-6,stadium_code x target_lane,01 | 6,600,25,4.17,60000,41840,-18160,69.73,1673.6,3.76,67.31,1788.6,2.42,0.41,-115.0,mixed_edge
1-4,stadium_code,05,563,53,9.41,56300,39240,-17060,69.7,740.38,10.28,77.68,755.43,-7.98,-0.87,-15.05,mixed_edge
1-4,stadium_code x target_lane,05 | 4,563,53,9.41,56300,39240,-17060,69.7,740.38,10.28,77.68,755.43,-7.98,-0.87,-15.05,mixed_edge
1-5,target_class,B1,6770,289,4.27,677000,471810,-205190,69.69,1632.56,6.07,72.93,1201.46,-3.24,-1.8,431.1,mixed_edge
1-5,lane1_target_local_win_diff_bucket,lane1_plus_0.35_1.00,1690,117,6.92,169000,117720,-51280,69.66,1006.15,6.07,72.93,1201.46,-3.27,0.85,-195.31,mixed_edge
1-5,lane1_target_national_rank_pair,3-4+,1587,55,3.47,158700,110540,-48160,69.65,2009.82,6.07,72.93,1201.46,-3.28,-2.6,808.36,mixed_edge
1-5,target_lane x lane1_target_national_rank_pair,5 | 3-4+,1587,55,3.47,158700,110540,-48160,69.65,2009.82,6.07,72.93,1201.46,-3.28,-2.6,808.36,mixed_edge
1-5,lane1_target_national_rank_pair x target_outer_pressure_bucket,3-4+ | high_other_pressure,1587,55,3.47,158700,110540,-48160,69.65,2009.82,6.07,72.93,1201.46,-3.28,-2.6,808.36,mixed_edge
1-2,lane1_target_start_gap_pair x target_outer_pressure_bucket,>0.06-best | low_other_pressure,78,20,25.64,7800,5430,-2370,69.62,271.5,18.12,79.62,439.27,-10.0,7.52,-167.77,mixed_edge
1-3,stadium_code,20,661,96,14.52,66100,46000,-20100,69.59,479.17,15.39,80.41,522.51,-10.82,-0.87,-43.34,mixed_edge
1-3,stadium_code x target_lane,20 | 3,661,96,14.52,66100,46000,-20100,69.59,479.17,15.39,80.41,522.51,-10.82,-0.87,-43.34,mixed_edge
1-2,stadium_code,23,640,112,17.5,64000,44530,-19470,69.58,397.59,18.12,79.62,439.27,-10.04,-0.62,-41.68,mixed_edge
1-2,stadium_code x target_lane,23 | 2,640,112,17.5,64000,44530,-19470,69.58,397.59,18.12,79.62,439.27,-10.04,-0.62,-41.68,mixed_edge
1-5,other_a_count_bucket,0,1821,154,8.46,182100,126660,-55440,69.56,822.47,6.07,72.93,1201.46,-3.37,2.39,-378.99,mixed_edge
1-5,other_group_pattern,B-B-B-B,1821,154,8.46,182100,126660,-55440,69.56,822.47,6.07,72.93,1201.46,-3.37,2.39,-378.99,mixed_edge
1-5,target_lane x other_a_count_bucket,5 | 0,1821,154,8.46,182100,126660,-55440,69.56,822.47,6.07,72.93,1201.46,-3.37,2.39,-378.99,mixed_edge
1-5,target_exhibition_st_rank_bucket x other_st_faster_than_target_count_bucket,2 | 0,985,71,7.21,98500,68510,-29990,69.55,964.93,6.07,72.93,1201.46,-3.38,1.14,-236.53,mixed_edge
1-5,lane1_target_class_pair,A2-B1,2119,93,4.39,211900,147320,-64580,69.52,1584.09,6.07,72.93,1201.46,-3.41,-1.68,382.63,mixed_edge
1-5,lane1_target_group_pair x target_outer_pressure_bucket,A-A | some_other_pressure,686,78,11.37,68600,47690,-20910,69.52,611.41,6.07,72.93,1201.46,-3.41,5.3,-590.05,mixed_edge
1-4,lane1_target_start_gap_pair x target_outer_pressure_bucket,>0.06-best | high_other_pressure,1048,84,8.02,104800,72830,-31970,69.49,867.02,10.28,77.68,755.43,-8.19,-2.26,111.59,mixed_edge
1-6,lane1_target_national_win_diff_bucket,target_plus_1.00+,2408,144,5.98,240800,167290,-73510,69.47,1161.74,3.76,67.31,1788.6,2.16,2.22,-626.86,mixed_edge
1-6,lane1_target_group_pair x other_a_count_bucket,A-A | 0,292,37,12.67,29200,20280,-8920,69.45,548.11,3.76,67.31,1788.6,2.14,8.91,-1240.49,mixed_edge
1-6,lane1_target_start_gap_pair x target_outer_pressure_bucket,>0.06-0.04-0.06 | high_other_pressure,607,16,2.64,60700,42130,-18570,69.41,2633.12,3.76,67.31,1788.6,2.1,-1.12,844.52,mixed_edge
1-2,other_st_faster_than_target_count_bucket,3,2635,429,16.28,263500,182550,-80950,69.28,425.52,18.12,79.62,439.27,-10.34,-1.84,-13.75,mixed_edge
1-2,target_exhibition_st_rank_bucket x other_st_faster_than_target_count_bucket,4+ | 3,2635,429,16.28,263500,182550,-80950,69.28,425.52,18.12,79.62,439.27,-10.34,-1.84,-13.75,mixed_edge
1-3,lane1_target_start_gap_pair x target_outer_pressure_bucket,0.04-0.06-0.04-0.06 | some_other_pressure,65,12,18.46,6500,4500,-2000,69.23,375.0,15.39,80.41,522.51,-11.18,3.07,-147.51,mixed_edge
1-4,other_st_faster_than_target_count_bucket,3,2420,209,8.64,242000,167460,-74540,69.2,801.24,10.28,77.68,755.43,-8.48,-1.64,45.81,mixed_edge
1-4,target_exhibition_st_rank_bucket x other_st_faster_than_target_count_bucket,4+ | 3,2420,209,8.64,242000,167460,-74540,69.2,801.24,10.28,77.68,755.43,-8.48,-1.64,45.81,mixed_edge
1-5,target_motor_rank_bucket,2,2171,141,6.49,217100,150110,-66990,69.14,1064.61,6.07,72.93,1201.46,-3.79,0.42,-136.85,mixed_edge
1-3,lane1_target_national_rank_pair x target_outer_pressure_bucket,2-1 | high_other_pressure,266,65,24.44,26600,18390,-8210,69.14,282.92,15.39,80.41,522.51,-11.27,9.05,-239.59,mixed_edge
1-6,lane1_national_win_rank_bucket,1,3495,154,4.41,349500,241460,-108040,69.09,1567.92,3.76,67.31,1788.6,1.78,0.65,-220.68,mixed_edge
1-5,lane1_target_boat_place_diff_bucket,target_plus_4_10,2182,127,5.82,218200,150700,-67500,69.07,1186.61,6.07,72.93,1201.46,-3.86,-0.25,-14.85,mixed_edge
1-6,lane1_target_group_pair x target_outer_pressure_bucket,A-B | some_other_pressure,233,11,4.72,23300,16090,-7210,69.06,1462.73,3.76,67.31,1788.6,1.75,0.96,-325.87,mixed_edge
1-5,lane1_target_exhibition_st_rank_pair,2-4+,1523,82,5.38,152300,105170,-47130,69.05,1282.56,6.07,72.93,1201.46,-3.88,-0.69,81.1,mixed_edge
1-5,lane1_exhibition_st_rank_bucket x target_exhibition_st_rank_bucket,2 | 4+,1523,82,5.38,152300,105170,-47130,69.05,1282.56,6.07,72.93,1201.46,-3.88,-0.69,81.1,mixed_edge
1-5,lane1_target_group_pair x other_a_count_bucket,B-B | 2,1436,33,2.3,143600,99160,-44440,69.05,3004.85,6.07,72.93,1201.46,-3.88,-3.77,1803.39,mixed_edge
1-4,stadium_code,17,573,58,10.12,57300,39540,-17760,69.01,681.72,10.28,77.68,755.43,-8.67,-0.16,-73.71,mixed_edge
1-4,stadium_code x target_lane,17 | 4,573,58,10.12,57300,39540,-17760,69.01,681.72,10.28,77.68,755.43,-8.67,-0.16,-73.71,mixed_edge
1-6,grade_group,一般,13115,503,3.84,1311500,904970,-406530,69.0,1799.15,3.76,67.31,1788.6,1.69,0.08,10.55,mixed_edge
1-6,lane1_target_national_win_diff_bucket,near_equal,2282,95,4.16,228200,157270,-70930,68.92,1655.47,3.76,67.31,1788.6,1.61,0.4,-133.13,mixed_edge
1-2,lane1_target_start_exhibition_st_diff_bucket,target_faster_0.06+,2181,330,15.13,218100,150320,-67780,68.92,455.52,18.12,79.62,439.27,-10.7,-2.99,16.25,mixed_edge
1-3,lane1_target_start_gap_pair,>0.06-0.04-0.06,862,109,12.65,86200,59390,-26810,68.9,544.86,15.39,80.41,522.51,-11.51,-2.74,22.35,mixed_edge
1-3,target_lane x lane1_target_start_gap_pair,3 | >0.06-0.04-0.06,862,109,12.65,86200,59390,-26810,68.9,544.86,15.39,80.41,522.51,-11.51,-2.74,22.35,mixed_edge
1-3,lane1_start_exhibition_gap_bucket x target_start_exhibition_gap_bucket,>0.06 | 0.04-0.06,862,109,12.65,86200,59390,-26810,68.9,544.86,15.39,80.41,522.51,-11.51,-2.74,22.35,mixed_edge
1-3,lane1_target_start_exhibition_st_diff_bucket,target_faster_0.06+,2659,325,12.22,265900,183100,-82800,68.86,563.38,15.39,80.41,522.51,-11.55,-3.17,40.87,mixed_edge
1-3,lane1_start_exhibition_gap_bucket,>0.06,4778,578,12.1,477800,328950,-148850,68.85,569.12,15.39,80.41,522.51,-11.56,-3.29,46.61,mixed_edge
1-5,lane1_exhibition_rank_bucket,3,2406,141,5.86,240600,165540,-75060,68.8,1174.04,6.07,72.93,1201.46,-4.13,-0.21,-27.42,mixed_edge
1-6,lane1_target_national_rank_pair x target_outer_pressure_bucket,1-2 | some_other_pressure,106,6,5.66,10600,7290,-3310,68.77,1215.0,3.76,67.31,1788.6,1.46,1.9,-573.6,mixed_edge
1-4,lane1_target_exhibition_time_diff_bucket x lane1_target_start_exhibition_st_diff_bucket,lane1_faster_0.10+ | target_faster_0.06+,411,37,9.0,41100,28260,-12840,68.76,763.78,10.28,77.68,755.43,-8.92,-1.28,8.35,mixed_edge
1-5,lane1_target_national_rank_pair,2-3,562,41,7.3,56200,38640,-17560,68.75,942.44,6.07,72.93,1201.46,-4.18,1.23,-259.02,mixed_edge
1-5,target_lane x lane1_target_national_rank_pair,5 | 2-3,562,41,7.3,56200,38640,-17560,68.75,942.44,6.07,72.93,1201.46,-4.18,1.23,-259.02,mixed_edge
1-3,lane1_target_national_rank_pair x target_outer_pressure_bucket,4+-1 | low_other_pressure,286,44,15.38,28600,19660,-8940,68.74,446.82,15.39,80.41,522.51,-11.67,-0.01,-75.69,mixed_edge
1-6,lane1_target_class_pair,A2-A1,652,67,10.28,65200,44810,-20390,68.73,668.81,3.76,67.31,1788.6,1.42,6.52,-1119.79,mixed_edge
1-2,lane1_target_start_gap_pair x target_outer_pressure_bucket,0.04-0.06-0.04-0.06 | high_other_pressure,395,61,15.44,39500,27150,-12350,68.73,445.08,18.12,79.62,439.27,-10.89,-2.68,5.81,mixed_edge
1-6,lane1_target_start_gap_pair x target_outer_pressure_bucket,<=0.03-best | high_other_pressure,488,20,4.1,48800,33510,-15290,68.67,1675.5,3.76,67.31,1788.6,1.36,0.34,-113.1,mixed_edge
1-4,lane1_target_national_rank_pair,3-1,481,73,15.18,48100,33030,-15070,68.67,452.47,10.28,77.68,755.43,-9.01,4.9,-302.96,mixed_edge
1-4,target_lane x lane1_target_national_rank_pair,4 | 3-1,481,73,15.18,48100,33030,-15070,68.67,452.47,10.28,77.68,755.43,-9.01,4.9,-302.96,mixed_edge
1-5,lane1_target_start_gap_pair,best->0.06,1902,112,5.89,190200,130590,-59610,68.66,1165.98,6.07,72.93,1201.46,-4.27,-0.18,-35.48,mixed_edge
1-5,target_lane x lane1_target_start_gap_pair,5 | best->0.06,1902,112,5.89,190200,130590,-59610,68.66,1165.98,6.07,72.93,1201.46,-4.27,-0.18,-35.48,mixed_edge
1-5,lane1_start_exhibition_gap_bucket x target_start_exhibition_gap_bucket,best | >0.06,1902,112,5.89,190200,130590,-59610,68.66,1165.98,6.07,72.93,1201.46,-4.27,-0.18,-35.48,mixed_edge
1-2,lane1_target_exhibition_time_diff_bucket x lane1_target_start_exhibition_st_diff_bucket,target_faster_0.05_0.10 | lane1_faster_0.06+,357,57,15.97,35700,24480,-11220,68.57,429.47,18.12,79.62,439.27,-11.05,-2.15,-9.8,mixed_edge
1-5,lane1_exhibition_rank_bucket,1,4216,290,6.88,421600,288610,-132990,68.46,995.21,6.07,72.93,1201.46,-4.47,0.81,-206.25,mixed_edge
1-2,lane1_target_exhibition_time_diff_bucket x lane1_target_start_exhibition_st_diff_bucket,target_faster_0.05_0.10 | lane1_faster_0.03_0.06,233,40,17.17,23300,15950,-7350,68.45,398.75,18.12,79.62,439.27,-11.17,-0.95,-40.52,mixed_edge
1-5,target_exhibition_rank_bucket,4+,8090,431,5.33,809000,553630,-255370,68.43,1284.52,6.07,72.93,1201.46,-4.5,-0.74,83.06,mixed_edge
1-4,lane1_target_start_gap_pair x target_outer_pressure_bucket,>0.06->0.06 | low_other_pressure,76,14,18.42,7600,5200,-2400,68.42,371.43,10.28,77.68,755.43,-9.26,8.14,-384.0,mixed_edge
1-5,lane1_target_national_rank_pair,3-1,443,55,12.42,44300,30300,-14000,68.4,550.91,6.07,72.93,1201.46,-4.53,6.35,-650.55,mixed_edge
1-5,target_lane x lane1_target_national_rank_pair,5 | 3-1,443,55,12.42,44300,30300,-14000,68.4,550.91,6.07,72.93,1201.46,-4.53,6.35,-650.55,mixed_edge
1-6,lane1_start_exhibition_gap_bucket,<=0.03,2989,115,3.85,298900,204280,-94620,68.34,1776.35,3.76,67.31,1788.6,1.03,0.09,-12.25,mixed_edge
1-3,other_b2_count_bucket,2,477,73,15.3,47700,32600,-15100,68.34,446.58,15.39,80.41,522.51,-12.07,-0.09,-75.93,mixed_edge
1-6,lane1_class_group,B,5750,166,2.89,575000,392820,-182180,68.32,2366.39,3.76,67.31,1788.6,1.01,-0.87,577.79,mixed_edge
1-5,wind_bucket,3-4,5226,311,5.95,522600,356930,-165670,68.3,1147.68,6.07,72.93,1201.46,-4.63,-0.12,-53.78,mixed_edge
1-6,lane1_target_group_pair x other_a_count_bucket,B-B | 3,732,9,1.23,73200,49990,-23210,68.29,5554.44,3.76,67.31,1788.6,0.98,-2.53,3765.84,mixed_edge
1-6,lane1_target_start_gap_pair,>0.06-0.04-0.06,744,24,3.23,74400,50790,-23610,68.27,2116.25,3.76,67.31,1788.6,0.96,-0.53,327.65,mixed_edge
1-6,target_lane x lane1_target_start_gap_pair,6 | >0.06-0.04-0.06,744,24,3.23,74400,50790,-23610,68.27,2116.25,3.76,67.31,1788.6,0.96,-0.53,327.65,mixed_edge
1-6,lane1_start_exhibition_gap_bucket x target_start_exhibition_gap_bucket,>0.06 | 0.04-0.06,744,24,3.23,74400,50790,-23610,68.27,2116.25,3.76,67.31,1788.6,0.96,-0.53,327.65,mixed_edge
1-2,other_group_pattern,A-A-A-B,554,86,15.52,55400,37800,-17600,68.23,439.53,18.12,79.62,439.27,-11.39,-2.6,0.26,mixed_edge
1-4,other_exhibition_faster_than_target_count_bucket,0,3121,368,11.79,312100,212850,-99250,68.2,578.4,10.28,77.68,755.43,-9.48,1.51,-177.03,mixed_edge
1-5,lane1_target_exhibition_time_diff_bucket x lane1_target_start_exhibition_st_diff_bucket,lane1_faster_0.10+ | lane1_faster_0.06+,556,31,5.58,55600,37920,-17680,68.2,1223.23,6.07,72.93,1201.46,-4.73,-0.49,21.77,mixed_edge
1-4,lane1_target_exhibition_st_rank_pair,4+-1,1446,133,9.2,144600,98580,-46020,68.17,741.2,10.28,77.68,755.43,-9.51,-1.08,-14.23,mixed_edge
1-4,lane1_exhibition_st_rank_bucket x target_exhibition_st_rank_bucket,4+ | 1,1446,133,9.2,144600,98580,-46020,68.17,741.2,10.28,77.68,755.43,-9.51,-1.08,-14.23,mixed_edge
1-5,race_no_bucket,4-6R,3510,188,5.36,351000,239200,-111800,68.15,1272.34,6.07,72.93,1201.46,-4.78,-0.71,70.88,mixed_edge
1-5,race_no_bucket x target_lane,4-6R | 5,3510,188,5.36,351000,239200,-111800,68.15,1272.34,6.07,72.93,1201.46,-4.78,-0.71,70.88,mixed_edge
1-4,target_exhibition_rank_bucket,2,2113,246,11.64,211300,143970,-67330,68.14,585.24,10.28,77.68,755.43,-9.54,1.36,-170.19,mixed_edge
1-2,lane1_target_start_gap_pair x target_outer_pressure_bucket,>0.06-0.04-0.06 | some_other_pressure,134,24,17.91,13400,9130,-4270,68.13,380.42,18.12,79.62,439.27,-11.49,-0.21,-58.85,mixed_edge
1-5,lane1_target_national_rank_pair,1-2,611,75,12.27,61100,41620,-19480,68.12,554.93,6.07,72.93,1201.46,-4.81,6.2,-646.53,mixed_edge
1-5,target_lane x lane1_target_national_rank_pair,5 | 1-2,611,75,12.27,61100,41620,-19480,68.12,554.93,6.07,72.93,1201.46,-4.81,6.2,-646.53,mixed_edge
1-5,lane1_target_group_pair x other_a_count_bucket,B-B | 1,764,27,3.53,76400,52030,-24370,68.1,1927.04,6.07,72.93,1201.46,-4.83,-2.54,725.58,mixed_edge
1-5,lane1_class,A2,3762,231,6.14,376200,256020,-120180,68.05,1108.31,6.07,72.93,1201.46,-4.88,0.07,-93.15,mixed_edge
1-5,stadium_code,11,492,25,5.08,49200,33480,-15720,68.05,1339.2,6.07,72.93,1201.46,-4.88,-0.99,137.74,mixed_edge
1-5,stadium_code x target_lane,11 | 5,492,25,5.08,49200,33480,-15720,68.05,1339.2,6.07,72.93,1201.46,-4.88,-0.99,137.74,mixed_edge
1-5,lane1_local_win_rank_bucket,3,2519,133,5.28,251900,171400,-80500,68.04,1288.72,6.07,72.93,1201.46,-4.89,-0.79,87.26,mixed_edge
1-4,lane1_target_class_pair,A1-A2,1107,154,13.91,110700,75240,-35460,67.97,488.57,10.28,77.68,755.43,-9.71,3.63,-266.86,mixed_edge
1-2,lane1_exhibition_st_rank_bucket,4+,5724,850,14.85,572400,388860,-183540,67.94,457.48,18.12,79.62,439.27,-11.68,-3.27,18.21,mixed_edge
1-2,stadium_code,22,432,81,18.75,43200,29350,-13850,67.94,362.35,18.12,79.62,439.27,-11.68,0.63,-76.92,mixed_edge
1-2,stadium_code x target_lane,22 | 2,432,81,18.75,43200,29350,-13850,67.94,362.35,18.12,79.62,439.27,-11.68,0.63,-76.92,mixed_edge
1-6,meeting_phase_bucket,day5+,2418,96,3.97,241800,164210,-77590,67.91,1710.52,3.76,67.31,1788.6,0.6,0.21,-78.08,mixed_edge
1-6,meeting_phase_bucket x target_lane,day5+ | 6,2418,96,3.97,241800,164210,-77590,67.91,1710.52,3.76,67.31,1788.6,0.6,0.21,-78.08,mixed_edge
1-5,lane1_target_national_rank_pair,1-4+,2279,119,5.22,227900,154620,-73280,67.85,1299.33,6.07,72.93,1201.46,-5.08,-0.85,97.87,mixed_edge
1-5,target_lane x lane1_target_national_rank_pair,5 | 1-4+,2279,119,5.22,227900,154620,-73280,67.85,1299.33,6.07,72.93,1201.46,-5.08,-0.85,97.87,mixed_edge
1-6,lane1_target_exhibition_time_diff_bucket x lane1_target_start_exhibition_st_diff_bucket,target_faster_0.05_0.10 | lane1_faster_0.03_0.06,205,11,5.37,20500,13910,-6590,67.85,1264.55,3.76,67.31,1788.6,0.54,1.61,-524.05,mixed_edge
1-3,lane1_target_start_gap_pair x target_outer_pressure_bucket,<=0.03-0.04-0.06 | low_other_pressure,37,8,21.62,3700,2510,-1190,67.84,313.75,15.39,80.41,522.51,-12.57,6.23,-208.76,mixed_edge
1-6,other_national_better_than_target_count_bucket,3,2502,47,1.88,250200,169720,-80480,67.83,3611.06,3.76,67.31,1788.6,0.52,-1.88,1822.46,mixed_edge
1-6,target_national_win_rank_bucket x other_national_better_than_target_count_bucket,4+ | 3,2502,47,1.88,250200,169720,-80480,67.83,3611.06,3.76,67.31,1788.6,0.52,-1.88,1822.46,mixed_edge
1-4,target_class_group x target_outer_pressure_bucket,A | low_other_pressure,707,130,18.39,70700,47950,-22750,67.82,368.85,10.28,77.68,755.43,-9.86,8.11,-386.58,mixed_edge
1-6,wave_bucket,0-4,12228,472,3.86,1222800,829190,-393610,67.81,1756.76,3.76,67.31,1788.6,0.5,0.1,-31.84,mixed_edge
1-3,lane1_target_start_gap_pair,>0.06-best,949,116,12.22,94900,64280,-30620,67.73,554.14,15.39,80.41,522.51,-12.68,-3.17,31.63,mixed_edge
1-3,target_lane x lane1_target_start_gap_pair,3 | >0.06-best,949,116,12.22,94900,64280,-30620,67.73,554.14,15.39,80.41,522.51,-12.68,-3.17,31.63,mixed_edge
1-3,lane1_start_exhibition_gap_bucket x target_start_exhibition_gap_bucket,>0.06 | best,949,116,12.22,94900,64280,-30620,67.73,554.14,15.39,80.41,522.51,-12.68,-3.17,31.63,mixed_edge
1-6,lane1_target_start_gap_pair x target_outer_pressure_bucket,>0.06-best | high_other_pressure,947,32,3.38,94700,64090,-30610,67.68,2002.81,3.76,67.31,1788.6,0.37,-0.38,214.21,mixed_edge
1-5,lane1_target_exhibition_st_rank_pair,4+-1,1201,74,6.16,120100,81270,-38830,67.67,1098.24,6.07,72.93,1201.46,-5.26,0.09,-103.22,mixed_edge
1-5,lane1_exhibition_st_rank_bucket x target_exhibition_st_rank_bucket,4+ | 1,1201,74,6.16,120100,81270,-38830,67.67,1098.24,6.07,72.93,1201.46,-5.26,0.09,-103.22,mixed_edge
1-3,lane1_target_class_pair,A2-B2,163,17,10.43,16300,11030,-5270,67.67,648.82,15.39,80.41,522.51,-12.74,-4.96,126.31,mixed_edge
1-4,lane1_exhibition_st_rank_bucket,4+,5724,471,8.23,572400,387210,-185190,67.65,822.1,10.28,77.68,755.43,-10.03,-2.05,66.67,mixed_edge
1-4,lane1_target_group_pair x other_a_count_bucket,B-B | 1,776,41,5.28,77600,52490,-25110,67.64,1280.24,10.28,77.68,755.43,-10.04,-5.0,524.81,mixed_edge
1-6,lane1_class,A1,4491,197,4.39,449100,303630,-145470,67.61,1541.27,3.76,67.31,1788.6,0.3,0.63,-247.33,mixed_edge
1-5,target_motor_rank_bucket,1,2160,133,6.16,216000,146000,-70000,67.59,1097.74,6.07,72.93,1201.46,-5.34,0.09,-103.72,mixed_edge
1-6,lane1_target_national_rank_pair x target_outer_pressure_bucket,2-3 | high_other_pressure,305,13,4.26,30500,20600,-9900,67.54,1584.62,3.76,67.31,1788.6,0.23,0.5,-203.98,mixed_edge
1-6,lane1_motor_rank_bucket,3,2238,81,3.62,223800,151110,-72690,67.52,1865.56,3.76,67.31,1788.6,0.21,-0.14,76.96,mixed_edge
1-5,lane1_local_win_rank_bucket,2,2787,183,6.57,278700,188100,-90600,67.49,1027.87,6.07,72.93,1201.46,-5.44,0.5,-173.59,mixed_edge
1-4,meeting_phase_bucket,final,1418,144,10.16,141800,95570,-46230,67.4,663.68,10.28,77.68,755.43,-10.28,-0.12,-91.75,mixed_edge
1-4,meeting_phase_bucket x target_lane,final | 4,1418,144,10.16,141800,95570,-46230,67.4,663.68,10.28,77.68,755.43,-10.28,-0.12,-91.75,mixed_edge
1-6,target_lane,6,14003,527,3.76,1400300,942590,-457710,67.31,1788.6,3.76,67.31,1788.6,0.0,0.0,0.0,mixed_edge
1-6,target_lane_zone,outer_5_6,14003,527,3.76,1400300,942590,-457710,67.31,1788.6,3.76,67.31,1788.6,0.0,0.0,0.0,mixed_edge
1-5,lane1_target_local_win_diff_bucket,near_equal,1870,122,6.52,187000,125570,-61430,67.15,1029.26,6.07,72.93,1201.46,-5.78,0.45,-172.2,mixed_edge
1-2,lane1_target_exhibition_st_rank_pair,3-4+,1250,201,16.08,125000,83920,-41080,67.14,417.51,18.12,79.62,439.27,-12.48,-2.04,-21.76,mixed_edge
1-2,lane1_exhibition_st_rank_bucket x target_exhibition_st_rank_bucket,3 | 4+,1250,201,16.08,125000,83920,-41080,67.14,417.51,18.12,79.62,439.27,-12.48,-2.04,-21.76,mixed_edge
1-6,lane1_target_motor_place_diff_bucket,near_equal,4499,157,3.49,449900,301740,-148160,67.07,1921.91,3.76,67.31,1788.6,-0.24,-0.27,133.31,mixed_edge
1-5,lane1_target_national_rank_pair x target_outer_pressure_bucket,1-4+ | high_other_pressure,2274,118,5.19,227400,152490,-74910,67.06,1292.29,6.07,72.93,1201.46,-5.87,-0.88,90.83,mixed_edge
1-4,lane1_target_class_pair,A1-B2,147,10,6.8,14700,9850,-4850,67.01,985.0,10.28,77.68,755.43,-10.67,-3.48,229.57,mixed_edge
1-6,target_class,B1,5803,134,2.31,580300,388400,-191900,66.93,2898.51,3.76,67.31,1788.6,-0.38,-1.45,1109.91,mixed_edge
1-6,lane1_target_class_pair,A1-B1,1585,46,2.9,158500,106080,-52420,66.93,2306.09,3.76,67.31,1788.6,-0.38,-0.86,517.49,mixed_edge
1-5,month,2025-04,4216,260,6.17,421600,282130,-139470,66.92,1085.12,6.07,72.93,1201.46,-6.01,0.1,-116.34,mixed_edge
1-4,target_boat_rank_bucket,2,2217,222,10.01,221700,148360,-73340,66.92,668.29,10.28,77.68,755.43,-10.76,-0.27,-87.14,mixed_edge
1-4,lane1_target_exhibition_time_diff_bucket x lane1_target_start_exhibition_st_diff_bucket,lane1_faster_0.05_0.10 | target_faster_0.03_0.06,351,37,10.54,35100,23490,-11610,66.92,634.86,10.28,77.68,755.43,-10.76,0.26,-120.57,mixed_edge
1-6,lane1_exhibition_rank_bucket,1,4216,175,4.15,421600,281950,-139650,66.88,1611.14,3.76,67.31,1788.6,-0.43,0.39,-177.46,mixed_edge
1-2,lane1_target_start_gap_pair x target_outer_pressure_bucket,0.04-0.06-best | some_other_pressure,92,19,20.65,9200,6150,-3050,66.85,323.68,18.12,79.62,439.27,-12.77,2.53,-115.59,mixed_edge
1-5,lane1_target_start_gap_pair x target_outer_pressure_bucket,best->0.06 | low_other_pressure,79,9,11.39,7900,5280,-2620,66.84,586.67,6.07,72.93,1201.46,-6.09,5.32,-614.79,mixed_edge
1-3,other_exhibition_faster_than_target_count_bucket,4,2322,256,11.02,232200,155160,-77040,66.82,606.09,15.39,80.41,522.51,-13.59,-4.37,83.58,mixed_edge
1-3,target_exhibition_rank_bucket x other_exhibition_faster_than_target_count_bucket,4+ | 4,2322,256,11.02,232200,155160,-77040,66.82,606.09,15.39,80.41,522.51,-13.59,-4.37,83.58,mixed_edge
1-2,lane1_target_national_rank_pair,4+-1,1185,175,14.77,118500,79160,-39340,66.8,452.34,18.12,79.62,439.27,-12.82,-3.35,13.07,mixed_edge
1-2,target_lane x lane1_target_national_rank_pair,2 | 4+-1,1185,175,14.77,118500,79160,-39340,66.8,452.34,18.12,79.62,439.27,-12.82,-3.35,13.07,mixed_edge
1-6,lane1_target_boat_place_diff_bucket,lane1_plus_10+,2316,96,4.15,231600,154550,-77050,66.73,1609.9,3.76,67.31,1788.6,-0.58,0.39,-178.7,mixed_edge
1-6,lane1_target_exhibition_time_diff_bucket x lane1_target_start_exhibition_st_diff_bucket,target_faster_0.10+ | target_faster_0.06+,153,8,5.23,15300,10210,-5090,66.73,1276.25,3.76,67.31,1788.6,-0.58,1.47,-512.35,mixed_edge
1-5,lane1_target_start_exhibition_st_diff_bucket,lane1_faster_0.06+,3859,222,5.75,385900,257480,-128420,66.72,1159.82,6.07,72.93,1201.46,-6.21,-0.32,-41.64,mixed_edge
1-3,lane1_target_group_pair x target_outer_pressure_bucket,B-A | low_other_pressure,307,46,14.98,30700,20480,-10220,66.71,445.22,15.39,80.41,522.51,-13.7,-0.41,-77.29,mixed_edge
1-5,target_start_exhibition_gap_bucket,>0.06,5387,269,4.99,538700,359140,-179560,66.67,1335.09,6.07,72.93,1201.46,-6.26,-1.08,133.63,mixed_edge
1-5,target_lane x target_start_exhibition_gap_bucket,5 | >0.06,5387,269,4.99,538700,359140,-179560,66.67,1335.09,6.07,72.93,1201.46,-6.26,-1.08,133.63,mixed_edge
1-6,lane1_class_group,A,8253,361,4.37,825300,549770,-275530,66.61,1522.91,3.76,67.31,1788.6,-0.7,0.61,-265.69,mixed_edge
1-5,stadium_code,08,640,48,7.5,64000,42560,-21440,66.5,886.67,6.07,72.93,1201.46,-6.43,1.43,-314.79,mixed_edge
1-5,stadium_code x target_lane,08 | 5,640,48,7.5,64000,42560,-21440,66.5,886.67,6.07,72.93,1201.46,-6.43,1.43,-314.79,mixed_edge
1-4,lane1_start_exhibition_gap_bucket,>0.06,4778,374,7.83,477800,317520,-160280,66.45,848.98,10.28,77.68,755.43,-11.23,-2.45,93.55,mixed_edge
1-5,lane1_target_group_pair x other_a_count_bucket,A-A | 2,872,75,8.6,87200,57940,-29260,66.44,772.53,6.07,72.93,1201.46,-6.49,2.53,-428.93,mixed_edge
1-6,target_exhibition_st_rank_bucket x other_st_faster_than_target_count_bucket,4+ | 1,429,19,4.43,42900,28480,-14420,66.39,1498.95,3.76,67.31,1788.6,-0.92,0.67,-289.65,mixed_edge
1-4,target_exhibition_rank_bucket x other_exhibition_faster_than_target_count_bucket,3 | 2,700,55,7.86,70000,46430,-23570,66.33,844.18,10.28,77.68,755.43,-11.35,-2.42,88.75,mixed_edge
1-6,target_exhibition_rank_bucket,4+,8127,279,3.43,812700,538960,-273740,66.32,1931.76,3.76,67.31,1788.6,-0.99,-0.33,143.16,mixed_edge
1-5,lane1_target_group_pair x other_a_count_bucket,A-B | 3,708,27,3.81,70800,46940,-23860,66.3,1738.52,6.07,72.93,1201.46,-6.63,-2.26,537.06,mixed_edge
1-4,other_b2_count_bucket,2,415,48,11.57,41500,27510,-13990,66.29,573.12,10.28,77.68,755.43,-11.39,1.29,-182.31,mixed_edge
1-4,lane1_target_national_win_diff_bucket,lane1_plus_1.00+,4619,365,7.9,461900,306150,-155750,66.28,838.77,10.28,77.68,755.43,-11.4,-2.38,83.34,mixed_edge
1-4,lane1_target_boat_place_diff_bucket,target_plus_10+,2212,225,10.17,221200,146600,-74600,66.27,651.56,10.28,77.68,755.43,-11.41,-0.11,-103.87,mixed_edge
1-6,target_motor_rank_bucket,4+,7510,256,3.41,751000,497610,-253390,66.26,1943.79,3.76,67.31,1788.6,-1.05,-0.35,155.19,mixed_edge
1-5,target_class_group,B,8153,311,3.81,815300,540020,-275280,66.24,1736.4,6.07,72.93,1201.46,-6.69,-2.26,534.94,mixed_edge
1-5,target_lane x target_class_group,5 | B,8153,311,3.81,815300,540020,-275280,66.24,1736.4,6.07,72.93,1201.46,-6.69,-2.26,534.94,mixed_edge
1-6,wave_bucket,5-9,1513,47,3.11,151300,100210,-51090,66.23,2132.13,3.76,67.31,1788.6,-1.08,-0.65,343.53,mixed_edge
1-2,lane1_target_national_rank_pair x target_outer_pressure_bucket,4+-1 | low_other_pressure,429,67,15.62,42900,28410,-14490,66.22,424.03,18.12,79.62,439.27,-13.4,-2.5,-15.24,mixed_edge
1-6,lane1_national_win_rank_bucket,2,2882,133,4.61,288200,190690,-97510,66.17,1433.76,3.76,67.31,1788.6,-1.14,0.85,-354.84,mixed_edge
1-6,lane1_target_exhibition_time_diff_bucket x lane1_target_start_exhibition_st_diff_bucket,lane1_faster_0.05_0.10 | lane1_faster_0.03_0.06,405,14,3.46,40500,26800,-13700,66.17,1914.29,3.76,67.31,1788.6,-1.14,-0.3,125.69,mixed_edge
1-6,lane1_target_group_pair x target_outer_pressure_bucket,B-A | some_other_pressure,546,24,4.4,54600,36120,-18480,66.15,1505.0,3.76,67.31,1788.6,-1.16,0.64,-283.6,mixed_edge
1-4,stadium_code,15,636,67,10.53,63600,42060,-21540,66.13,627.76,10.28,77.68,755.43,-11.55,0.25,-127.67,mixed_edge
1-4,stadium_code x target_lane,15 | 4,636,67,10.53,63600,42060,-21540,66.13,627.76,10.28,77.68,755.43,-11.55,0.25,-127.67,mixed_edge
1-3,stadium_code,06,564,68,12.06,56400,37280,-19120,66.1,548.24,15.39,80.41,522.51,-14.31,-3.33,25.73,mixed_edge
1-3,stadium_code x target_lane,06 | 3,564,68,12.06,56400,37280,-19120,66.1,548.24,15.39,80.41,522.51,-14.31,-3.33,25.73,mixed_edge
1-5,other_national_better_than_target_count_bucket,3,2819,100,3.55,281900,186290,-95610,66.08,1862.9,6.07,72.93,1201.46,-6.85,-2.52,661.44,mixed_edge
1-5,target_national_win_rank_bucket x other_national_better_than_target_count_bucket,4+ | 3,2819,100,3.55,281900,186290,-95610,66.08,1862.9,6.07,72.93,1201.46,-6.85,-2.52,661.44,mixed_edge
1-4,lane1_target_start_gap_pair x target_outer_pressure_bucket,>0.06->0.06 | some_other_pressure,168,19,11.31,16800,11100,-5700,66.07,584.21,10.28,77.68,755.43,-11.61,1.03,-171.22,mixed_edge
1-3,lane1_target_exhibition_time_diff_bucket x lane1_target_start_exhibition_st_diff_bucket,near_equal | target_faster_0.06+,1344,157,11.68,134400,88790,-45610,66.06,565.54,15.39,80.41,522.51,-14.35,-3.71,43.03,mixed_edge
1-6,lane1_target_exhibition_st_rank_pair,1-2,406,22,5.42,40600,26820,-13780,66.06,1219.09,3.76,67.31,1788.6,-1.25,1.66,-569.51,mixed_edge
1-6,lane1_exhibition_st_rank_bucket x target_exhibition_st_rank_bucket,1 | 2,406,22,5.42,40600,26820,-13780,66.06,1219.09,3.76,67.31,1788.6,-1.25,1.66,-569.51,mixed_edge
1-6,lane1_target_exhibition_time_diff_bucket,lane1_faster_0.05_0.10,3058,95,3.11,305800,201780,-104020,65.98,2124.0,3.76,67.31,1788.6,-1.33,-0.65,335.4,mixed_edge
1-6,lane1_exhibition_rank_bucket,2,3043,112,3.68,304300,200750,-103550,65.97,1792.41,3.76,67.31,1788.6,-1.34,-0.08,3.81,mixed_edge
1-4,grade_group,G3,540,56,10.37,54000,35580,-18420,65.89,635.36,10.28,77.68,755.43,-11.79,0.09,-120.07,mixed_edge
1-3,lane1_target_national_rank_pair x target_outer_pressure_bucket,1-2 | high_other_pressure,396,98,24.75,39600,26070,-13530,65.83,266.02,15.39,80.41,522.51,-14.58,9.36,-256.49,mixed_edge
1-6,lane1_target_class_pair,A2-B1,1737,44,2.53,173700,114320,-59380,65.81,2598.18,3.76,67.31,1788.6,-1.5,-1.23,809.58,mixed_edge
1-6,lane1_target_boat_place_diff_bucket,target_plus_4_10,2182,81,3.71,218200,143560,-74640,65.79,1772.35,3.76,67.31,1788.6,-1.52,-0.05,-16.25,mixed_edge
1-6,lane1_target_boat_place_diff_bucket,near_equal,5058,176,3.48,505800,332600,-173200,65.76,1889.77,3.76,67.31,1788.6,-1.55,-0.28,101.17,mixed_edge
1-3,lane1_target_start_gap_pair x target_outer_pressure_bucket,>0.06->0.06 | high_other_pressure,1779,181,10.17,177900,116980,-60920,65.76,646.3,15.39,80.41,522.51,-14.65,-5.22,123.79,mixed_edge
1-2,lane1_target_exhibition_time_diff_bucket x lane1_target_start_exhibition_st_diff_bucket,target_faster_0.10+ | lane1_faster_0.06+,151,18,11.92,15100,9930,-5170,65.76,551.67,18.12,79.62,439.27,-13.86,-6.2,112.4,mixed_edge
1-6,lane1_target_class_pair,B1-A1,1057,69,6.53,105700,69480,-36220,65.73,1006.96,3.76,67.31,1788.6,-1.58,2.77,-781.64,mixed_edge
1-5,lane1_target_exhibition_st_rank_pair,4+-4+,1888,78,4.13,188800,124060,-64740,65.71,1590.51,6.07,72.93,1201.46,-7.22,-1.94,389.05,mixed_edge
1-5,lane1_exhibition_st_rank_bucket x target_exhibition_st_rank_bucket,4+ | 4+,1888,78,4.13,188800,124060,-64740,65.71,1590.51,6.07,72.93,1201.46,-7.22,-1.94,389.05,mixed_edge
1-6,lane1_target_group_pair x other_a_count_bucket,A-B | 4,204,3,1.47,20400,13400,-7000,65.69,4466.67,3.76,67.31,1788.6,-1.62,-2.29,2678.07,mixed_edge
1-6,other_a_count_bucket,1,3986,201,5.04,398600,261820,-136780,65.68,1302.59,3.76,67.31,1788.6,-1.63,1.28,-486.01,mixed_edge
1-6,target_lane x other_a_count_bucket,6 | 1,3986,201,5.04,398600,261820,-136780,65.68,1302.59,3.76,67.31,1788.6,-1.63,1.28,-486.01,mixed_edge
1-3,lane1_target_start_gap_pair,>0.06->0.06,2171,251,11.56,217100,142530,-74570,65.65,567.85,15.39,80.41,522.51,-14.76,-3.83,45.34,mixed_edge
1-3,target_lane x lane1_target_start_gap_pair,3 | >0.06->0.06,2171,251,11.56,217100,142530,-74570,65.65,567.85,15.39,80.41,522.51,-14.76,-3.83,45.34,mixed_edge
1-3,lane1_start_exhibition_gap_bucket x target_start_exhibition_gap_bucket,>0.06 | >0.06,2171,251,11.56,217100,142530,-74570,65.65,567.85,15.39,80.41,522.51,-14.76,-3.83,45.34,mixed_edge
1-5,lane1_exhibition_st_rank_bucket,4+,5724,298,5.21,572400,375640,-196760,65.63,1260.54,6.07,72.93,1201.46,-7.3,-0.86,59.08,mixed_edge
1-3,lane1_target_national_rank_pair x target_outer_pressure_bucket,3-1 | low_other_pressure,162,35,21.6,16200,10630,-5570,65.62,303.71,15.39,80.41,522.51,-14.79,6.21,-218.8,mixed_edge
1-6,target_class,A1,3138,225,7.17,313800,205830,-107970,65.59,914.8,3.76,67.31,1788.6,-1.72,3.41,-873.8,mixed_edge
1-6,other_exhibition_faster_than_target_count_bucket,3,2617,89,3.4,261700,171600,-90100,65.57,1928.09,3.76,67.31,1788.6,-1.74,-0.36,139.49,mixed_edge
1-6,target_exhibition_rank_bucket x other_exhibition_faster_than_target_count_bucket,4+ | 3,2617,89,3.4,261700,171600,-90100,65.57,1928.09,3.76,67.31,1788.6,-1.74,-0.36,139.49,mixed_edge
1-5,lane1_target_national_win_diff_bucket,lane1_plus_1.00+,5216,213,4.08,521600,341750,-179850,65.52,1604.46,6.07,72.93,1201.46,-7.41,-1.99,403.0,mixed_edge
1-2,lane1_target_exhibition_time_diff_bucket x lane1_target_start_exhibition_st_diff_bucket,lane1_faster_0.05_0.10 | target_faster_0.03_0.06,317,53,16.72,31700,20770,-10930,65.52,391.89,18.12,79.62,439.27,-14.1,-1.4,-47.38,mixed_edge
1-5,target_exhibition_rank_bucket x other_exhibition_faster_than_target_count_bucket,3 | 2,674,36,5.34,67400,44140,-23260,65.49,1226.11,6.07,72.93,1201.46,-7.44,-0.73,24.65,mixed_edge
1-5,lane1_start_exhibition_gap_bucket,>0.06,4778,239,5.0,477800,312880,-164920,65.48,1309.12,6.07,72.93,1201.46,-7.45,-1.07,107.66,mixed_edge
1-2,lane1_target_exhibition_time_diff_bucket x lane1_target_start_exhibition_st_diff_bucket,target_faster_0.05_0.10 | target_faster_0.03_0.06,221,35,15.84,22100,14470,-7630,65.48,413.43,18.12,79.62,439.27,-14.14,-2.28,-25.84,mixed_edge
1-6,lane1_class,A2,3762,164,4.36,376200,246140,-130060,65.43,1500.85,3.76,67.31,1788.6,-1.88,0.6,-287.75,mixed_edge
1-6,lane1_exhibition_st_rank_bucket,4+,5724,209,3.65,572400,374120,-198280,65.36,1790.05,3.76,67.31,1788.6,-1.95,-0.11,1.45,mixed_edge
1-6,lane1_local_win_rank_bucket,2,2787,124,4.45,278700,182170,-96530,65.36,1469.11,3.76,67.31,1788.6,-1.95,0.69,-319.49,mixed_edge
1-3,lane1_target_exhibition_time_diff_bucket x lane1_target_start_exhibition_st_diff_bucket,lane1_faster_0.10+ | target_faster_0.06+,311,34,10.93,31100,20310,-10790,65.31,597.35,15.39,80.41,522.51,-15.1,-4.46,74.84,mixed_edge
1-3,lane1_target_national_rank_pair x target_outer_pressure_bucket,3-1 | high_other_pressure,253,49,19.37,25300,16520,-8780,65.3,337.14,15.39,80.41,522.51,-15.11,3.98,-185.37,mixed_edge
1-4,lane1_target_start_gap_pair,>0.06-best,1334,118,8.85,133400,87060,-46340,65.26,737.8,10.28,77.68,755.43,-12.42,-1.43,-17.63,mixed_edge
1-4,target_lane x lane1_target_start_gap_pair,4 | >0.06-best,1334,118,8.85,133400,87060,-46340,65.26,737.8,10.28,77.68,755.43,-12.42,-1.43,-17.63,mixed_edge
1-4,lane1_start_exhibition_gap_bucket x target_start_exhibition_gap_bucket,>0.06 | best,1334,118,8.85,133400,87060,-46340,65.26,737.8,10.28,77.68,755.43,-12.42,-1.43,-17.63,mixed_edge
1-6,lane1_target_exhibition_time_diff_bucket x lane1_target_start_exhibition_st_diff_bucket,target_faster_0.10+ | lane1_faster_0.06+,220,10,4.55,22000,14350,-7650,65.23,1435.0,3.76,67.31,1788.6,-2.08,0.79,-353.6,mixed_edge
1-6,lane1_local_win_rank_bucket,4+,5395,160,2.97,539500,351760,-187740,65.2,2198.5,3.76,67.31,1788.6,-2.11,-0.79,409.9,mixed_edge
1-4,other_national_better_than_target_count_bucket,4,2664,124,4.65,266400,173690,-92710,65.2,1400.73,10.28,77.68,755.43,-12.48,-5.63,645.3,mixed_edge
1-4,target_national_win_rank_bucket x other_national_better_than_target_count_bucket,4+ | 4,2664,124,4.65,266400,173690,-92710,65.2,1400.73,10.28,77.68,755.43,-12.48,-5.63,645.3,mixed_edge
1-5,lane1_target_local_win_diff_bucket,lane1_plus_1.00+,5899,284,4.81,589900,384360,-205540,65.16,1353.38,6.07,72.93,1201.46,-7.77,-1.26,151.92,mixed_edge
1-6,lane1_exhibition_rank_bucket,4+,4265,132,3.09,426500,277830,-148670,65.14,2104.77,3.76,67.31,1788.6,-2.17,-0.67,316.17,mixed_edge
1-3,lane1_target_start_gap_pair x target_outer_pressure_bucket,>0.06-best | high_other_pressure,697,71,10.19,69700,45400,-24300,65.14,639.44,15.39,80.41,522.51,-15.27,-5.2,116.93,mixed_edge
1-4,stadium_code,11,492,40,8.13,49200,32050,-17150,65.14,801.25,10.28,77.68,755.43,-12.54,-2.15,45.82,mixed_edge
1-4,stadium_code x target_lane,11 | 4,492,40,8.13,49200,32050,-17150,65.14,801.25,10.28,77.68,755.43,-12.54,-2.15,45.82,mixed_edge
1-4,lane1_target_group_pair x target_outer_pressure_bucket,A-B | some_other_pressure,279,40,14.34,27900,18170,-9730,65.13,454.25,10.28,77.68,755.43,-12.55,4.06,-301.18,mixed_edge
1-5,lane1_target_national_rank_pair x target_outer_pressure_bucket,1-2 | some_other_pressure,156,18,11.54,15600,10160,-5440,65.13,564.44,6.07,72.93,1201.46,-7.8,5.47,-637.02,mixed_edge
1-5,target_exhibition_rank_bucket,1,1637,124,7.57,163700,106580,-57120,65.11,859.52,6.07,72.93,1201.46,-7.82,1.5,-341.94,mixed_edge
1-5,target_exhibition_rank_bucket x other_exhibition_faster_than_target_count_bucket,1 | 0,1637,124,7.57,163700,106580,-57120,65.11,859.52,6.07,72.93,1201.46,-7.82,1.5,-341.94,mixed_edge
1-5,lane1_target_motor_place_diff_bucket,near_equal,4463,258,5.78,446300,290400,-155900,65.07,1125.58,6.07,72.93,1201.46,-7.86,-0.29,-75.88,mixed_edge
1-3,lane1_target_start_gap_pair x target_outer_pressure_bucket,0.04-0.06->0.06 | high_other_pressure,617,75,12.16,61700,40150,-21550,65.07,535.33,15.39,80.41,522.51,-15.34,-3.23,12.82,mixed_edge
1-5,lane1_target_start_gap_pair x target_outer_pressure_bucket,0.04-0.06-<=0.03 | high_other_pressure,418,22,5.26,41800,27200,-14600,65.07,1236.36,6.07,72.93,1201.46,-7.86,-0.81,34.9,mixed_edge
1-6,lane1_target_group_pair x other_a_count_bucket,B-A | 1,886,48,5.42,88600,57630,-30970,65.05,1200.62,3.76,67.31,1788.6,-2.26,1.66,-587.98,mixed_edge
1-6,target_outer_pressure_bucket,high_other_pressure,11612,347,2.99,1161200,755230,-405970,65.04,2176.46,3.76,67.31,1788.6,-2.27,-0.77,387.86,mixed_edge
1-6,target_lane x target_outer_pressure_bucket,6 | high_other_pressure,11612,347,2.99,1161200,755230,-405970,65.04,2176.46,3.76,67.31,1788.6,-2.27,-0.77,387.86,mixed_edge
1-5,target_class_group x target_outer_pressure_bucket,B | high_other_pressure,7590,261,3.44,759000,493450,-265550,65.01,1890.61,6.07,72.93,1201.46,-7.92,-2.63,689.15,mixed_edge
1-6,target_motor_rank_bucket,2,2173,92,4.23,217300,141100,-76200,64.93,1533.7,3.76,67.31,1788.6,-2.38,0.47,-254.9,mixed_edge
1-5,lane1_target_national_rank_pair x target_outer_pressure_bucket,2-4+ | high_other_pressure,1824,64,3.51,182400,118360,-64040,64.89,1849.38,6.07,72.93,1201.46,-8.04,-2.56,647.92,mixed_edge
1-6,lane1_target_exhibition_time_diff_bucket x lane1_target_start_exhibition_st_diff_bucket,target_faster_0.10+ | near_equal,144,6,4.17,14400,9340,-5060,64.86,1556.67,3.76,67.31,1788.6,-2.45,0.41,-231.93,mixed_edge
1-5,lane1_target_national_rank_pair,2-4+,1825,64,3.51,182500,118360,-64140,64.85,1849.38,6.07,72.93,1201.46,-8.08,-2.56,647.92,mixed_edge
1-5,target_lane x lane1_target_national_rank_pair,5 | 2-4+,1825,64,3.51,182500,118360,-64140,64.85,1849.38,6.07,72.93,1201.46,-8.08,-2.56,647.92,mixed_edge
1-5,lane1_target_start_gap_pair x target_outer_pressure_bucket,best->0.06 | high_other_pressure,1625,80,4.92,162500,105350,-57150,64.83,1316.88,6.07,72.93,1201.46,-8.1,-1.15,115.42,mixed_edge
1-2,lane1_target_start_gap_pair x target_outer_pressure_bucket,<=0.03-best | some_other_pressure,163,35,21.47,16300,10560,-5740,64.79,301.71,18.12,79.62,439.27,-14.83,3.35,-137.56,mixed_edge
1-4,target_exhibition_rank_bucket x other_exhibition_faster_than_target_count_bucket,2 | 0,990,127,12.83,99000,64130,-34870,64.78,504.96,10.28,77.68,755.43,-12.9,2.55,-250.47,mixed_edge
1-6,stadium_code,24,551,23,4.17,55100,35670,-19430,64.74,1550.87,3.76,67.31,1788.6,-2.57,0.41,-237.73,mixed_edge
1-6,stadium_code x target_lane,24 | 6,551,23,4.17,55100,35670,-19430,64.74,1550.87,3.76,67.31,1788.6,-2.57,0.41,-237.73,mixed_edge
1-6,other_b2_count_bucket,0,11107,380,3.42,1110700,718530,-392170,64.69,1890.87,3.76,67.31,1788.6,-2.62,-0.34,102.27,mixed_edge
1-6,stadium_code,17,573,20,3.49,57300,37040,-20260,64.64,1852.0,3.76,67.31,1788.6,-2.67,-0.27,63.4,mixed_edge
1-6,stadium_code x target_lane,17 | 6,573,20,3.49,57300,37040,-20260,64.64,1852.0,3.76,67.31,1788.6,-2.67,-0.27,63.4,mixed_edge
1-3,lane1_target_start_gap_pair x target_outer_pressure_bucket,best-<=0.03 | some_other_pressure,162,32,19.75,16200,10470,-5730,64.63,327.19,15.39,80.41,522.51,-15.78,4.36,-195.32,mixed_edge
1-5,target_exhibition_st_rank_bucket x other_st_faster_than_target_count_bucket,3 | 0,250,19,7.6,25000,16150,-8850,64.6,850.0,6.07,72.93,1201.46,-8.33,1.53,-351.46,mixed_edge
1-6,lane1_target_group_pair,B-B,3534,50,1.41,353400,227890,-125510,64.49,4557.8,3.76,67.31,1788.6,-2.82,-2.35,2769.2,mixed_edge
1-5,lane1_target_national_rank_pair x target_outer_pressure_bucket,2-3 | high_other_pressure,331,20,6.04,33100,21340,-11760,64.47,1067.0,6.07,72.93,1201.46,-8.46,-0.03,-134.46,mixed_edge
1-6,grade_group,G1,204,10,4.9,20400,13150,-7250,64.46,1315.0,3.76,67.31,1788.6,-2.85,1.14,-473.6,mixed_edge
1-6,target_boat_rank_bucket,2,2221,83,3.74,222100,142960,-79140,64.37,1722.41,3.76,67.31,1788.6,-2.94,-0.02,-66.19,mixed_edge
1-5,target_national_win_rank_bucket,4+,7898,275,3.48,789800,508340,-281460,64.36,1848.51,6.07,72.93,1201.46,-8.57,-2.59,647.05,mixed_edge
1-5,target_local_win_rank_bucket,4+,7783,320,4.11,778300,500610,-277690,64.32,1564.41,6.07,72.93,1201.46,-8.61,-1.96,362.95,mixed_edge
1-4,lane1_target_national_rank_pair,4+-4+,2118,69,3.26,211800,136200,-75600,64.31,1973.91,10.28,77.68,755.43,-13.37,-7.02,1218.48,mixed_edge
1-4,target_lane x lane1_target_national_rank_pair,4 | 4+-4+,2118,69,3.26,211800,136200,-75600,64.31,1973.91,10.28,77.68,755.43,-13.37,-7.02,1218.48,mixed_edge
1-4,lane1_target_national_rank_pair x target_outer_pressure_bucket,4+-4+ | high_other_pressure,2118,69,3.26,211800,136200,-75600,64.31,1973.91,10.28,77.68,755.43,-13.37,-7.02,1218.48,mixed_edge
1-4,lane1_target_exhibition_time_diff_bucket x lane1_target_start_exhibition_st_diff_bucket,near_equal | target_faster_0.06+,1568,131,8.35,156800,100840,-55960,64.31,769.77,10.28,77.68,755.43,-13.37,-1.93,14.34,mixed_edge
1-3,lane1_target_exhibition_time_diff_bucket x lane1_target_start_exhibition_st_diff_bucket,lane1_faster_0.10+ | lane1_faster_0.06+,397,47,11.84,39700,25520,-14180,64.28,542.98,15.39,80.41,522.51,-16.13,-3.55,20.47,mixed_edge
1-4,target_outer_pressure_bucket,low_other_pressure,816,143,17.52,81600,52430,-29170,64.25,366.64,10.28,77.68,755.43,-13.43,7.24,-388.79,mixed_edge
1-4,target_lane x target_outer_pressure_bucket,4 | low_other_pressure,816,143,17.52,81600,52430,-29170,64.25,366.64,10.28,77.68,755.43,-13.43,7.24,-388.79,mixed_edge
1-4,grade_group,G1,204,18,8.82,20400,13100,-7300,64.22,727.78,10.28,77.68,755.43,-13.46,-1.46,-27.65,mixed_edge
1-6,lane1_boat_rank_bucket,2,2343,84,3.59,234300,150320,-83980,64.16,1789.52,3.76,67.31,1788.6,-3.15,-0.17,0.92,mixed_edge
1-5,stadium_code,01,600,35,5.83,60000,38470,-21530,64.12,1099.14,6.07,72.93,1201.46,-8.81,-0.24,-102.32,mixed_edge
1-5,stadium_code x target_lane,01 | 5,600,35,5.83,60000,38470,-21530,64.12,1099.14,6.07,72.93,1201.46,-8.81,-0.24,-102.32,mixed_edge
1-4,lane1_target_start_gap_pair x target_outer_pressure_bucket,0.04-0.06-best | low_other_pressure,51,9,17.65,5100,3270,-1830,64.12,363.33,10.28,77.68,755.43,-13.56,7.37,-392.1,mixed_edge
1-6,wind_bucket,5-6,1693,61,3.6,169300,108540,-60760,64.11,1779.34,3.76,67.31,1788.6,-3.2,-0.16,-9.26,mixed_edge
1-4,lane1_target_national_rank_pair,1-3,736,103,13.99,73600,47170,-26430,64.09,457.96,10.28,77.68,755.43,-13.59,3.71,-297.47,mixed_edge
1-4,target_lane x lane1_target_national_rank_pair,4 | 1-3,736,103,13.99,73600,47170,-26430,64.09,457.96,10.28,77.68,755.43,-13.59,3.71,-297.47,mixed_edge
1-4,lane1_target_start_gap_pair x target_outer_pressure_bucket,<=0.03-<=0.03 | some_other_pressure,103,13,12.62,10300,6600,-3700,64.08,507.69,10.28,77.68,755.43,-13.6,2.34,-247.74,mixed_edge
1-6,lane1_boat_rank_bucket,3,2279,76,3.33,227900,145940,-81960,64.04,1920.26,3.76,67.31,1788.6,-3.27,-0.43,131.66,mixed_edge
1-4,lane1_target_exhibition_time_diff_bucket x lane1_target_start_exhibition_st_diff_bucket,target_faster_0.05_0.10 | target_faster_0.03_0.06,210,18,8.57,21000,13440,-7560,64.0,746.67,10.28,77.68,755.43,-13.68,-1.71,-8.76,mixed_edge
1-2,lane1_target_exhibition_st_rank_pair,4+-4+,2969,391,13.17,296900,189980,-106920,63.99,485.88,18.12,79.62,439.27,-15.63,-4.95,46.61,mixed_edge
1-2,lane1_exhibition_st_rank_bucket x target_exhibition_st_rank_bucket,4+ | 4+,2969,391,13.17,296900,189980,-106920,63.99,485.88,18.12,79.62,439.27,-15.63,-4.95,46.61,mixed_edge
1-4,target_start_exhibition_gap_bucket,>0.06,5216,452,8.67,521600,333080,-188520,63.86,736.9,10.28,77.68,755.43,-13.82,-1.61,-18.53,mixed_edge
1-4,target_lane x target_start_exhibition_gap_bucket,4 | >0.06,5216,452,8.67,521600,333080,-188520,63.86,736.9,10.28,77.68,755.43,-13.82,-1.61,-18.53,mixed_edge
1-5,lane1_target_exhibition_time_diff_bucket,lane1_faster_0.10+,1923,106,5.51,192300,122680,-69620,63.8,1157.36,6.07,72.93,1201.46,-9.13,-0.56,-44.1,mixed_edge
1-2,lane1_target_exhibition_time_diff_bucket x lane1_target_start_exhibition_st_diff_bucket,lane1_faster_0.05_0.10 | lane1_faster_0.06+,616,100,16.23,61600,39300,-22300,63.8,393.0,18.12,79.62,439.27,-15.82,-1.89,-46.27,mixed_edge
1-5,lane1_motor_rank_bucket,1,3044,173,5.68,304400,194130,-110270,63.77,1122.14,6.07,72.93,1201.46,-9.16,-0.39,-79.32,mixed_edge
1-6,lane1_target_class_pair,A1-A1,1379,86,6.24,137900,87810,-50090,63.68,1021.05,3.76,67.31,1788.6,-3.63,2.48,-767.55,mixed_edge
1-5,lane1_target_start_exhibition_st_diff_bucket,target_faster_0.06+,3095,163,5.27,309500,197000,-112500,63.65,1208.59,6.07,72.93,1201.46,-9.28,-0.8,7.13,mixed_edge
1-6,meeting_phase_bucket,final,1418,56,3.95,141800,90250,-51550,63.65,1611.61,3.76,67.31,1788.6,-3.66,0.19,-176.99,mixed_edge
1-6,meeting_phase_bucket x target_lane,final | 6,1418,56,3.95,141800,90250,-51550,63.65,1611.61,3.76,67.31,1788.6,-3.66,0.19,-176.99,mixed_edge
1-5,lane1_target_exhibition_time_diff_bucket x lane1_target_start_exhibition_st_diff_bucket,target_faster_0.05_0.10 | near_equal,367,23,6.27,36700,23350,-13350,63.62,1015.22,6.07,72.93,1201.46,-9.31,0.2,-186.24,mixed_edge
1-5,lane1_target_group_pair x other_a_count_bucket,A-A | 3,503,35,6.96,50300,31960,-18340,63.54,913.14,6.07,72.93,1201.46,-9.39,0.89,-288.32,mixed_edge
1-2,lane1_target_group_pair x target_outer_pressure_bucket,B-A | low_other_pressure,387,55,14.21,38700,24580,-14120,63.51,446.91,18.12,79.62,439.27,-16.11,-3.91,7.64,mixed_edge
1-4,lane1_target_start_gap_pair x target_outer_pressure_bucket,>0.06-<=0.03 | high_other_pressure,835,58,6.95,83500,53000,-30500,63.47,913.79,10.28,77.68,755.43,-14.21,-3.33,158.36,mixed_edge
1-2,lane1_start_exhibition_gap_bucket,>0.06,4778,661,13.83,477800,303170,-174630,63.45,458.65,18.12,79.62,439.27,-16.17,-4.29,19.38,mixed_edge
1-3,wind_bucket,7+,559,67,11.99,55900,35470,-20430,63.45,529.4,15.39,80.41,522.51,-16.96,-3.4,6.89,mixed_edge
1-3,lane1_target_group_pair x other_a_count_bucket,A-B | 4,105,10,9.52,10500,6660,-3840,63.43,666.0,15.39,80.41,522.51,-16.98,-5.87,143.49,mixed_edge
1-3,lane1_target_start_gap_pair x target_outer_pressure_bucket,<=0.03-0.04-0.06 | some_other_pressure,70,11,15.71,7000,4440,-2560,63.43,403.64,15.39,80.41,522.51,-16.98,0.32,-118.87,mixed_edge
1-6,target_national_win_rank_bucket x other_national_better_than_target_count_bucket,2 | 1,1338,50,3.74,133800,84730,-49070,63.33,1694.6,3.76,67.31,1788.6,-3.98,-0.02,-94.0,mixed_edge
1-6,lane1_target_start_gap_pair x target_outer_pressure_bucket,best->0.06 | some_other_pressure,218,14,6.42,21800,13800,-8000,63.3,985.71,3.76,67.31,1788.6,-4.01,2.66,-802.89,mixed_edge
1-6,lane1_target_national_rank_pair x target_outer_pressure_bucket,4+-1 | some_other_pressure,228,14,6.14,22800,14430,-8370,63.29,1030.71,3.76,67.31,1788.6,-4.02,2.38,-757.89,mixed_edge
1-6,lane1_target_start_gap_pair x target_outer_pressure_bucket,>0.06-<=0.03 | high_other_pressure,729,22,3.02,72900,46080,-26820,63.21,2094.55,3.76,67.31,1788.6,-4.1,-0.74,305.95,mixed_edge
1-6,lane1_target_group_pair x target_outer_pressure_bucket,B-B | high_other_pressure,3372,41,1.22,337200,212950,-124250,63.15,5193.9,3.76,67.31,1788.6,-4.16,-2.54,3405.3,mixed_edge
1-4,lane1_target_start_gap_pair x target_outer_pressure_bucket,0.04-0.06->0.06 | high_other_pressure,681,50,7.34,68100,42980,-25120,63.11,859.6,10.28,77.68,755.43,-14.57,-2.94,104.17,mixed_edge
1-5,other_exhibition_faster_than_target_count_bucket,4,2718,119,4.38,271800,171470,-100330,63.09,1440.92,6.07,72.93,1201.46,-9.84,-1.69,239.46,mixed_edge
1-5,target_exhibition_rank_bucket x other_exhibition_faster_than_target_count_bucket,4+ | 4,2718,119,4.38,271800,171470,-100330,63.09,1440.92,6.07,72.93,1201.46,-9.84,-1.69,239.46,mixed_edge
1-2,grade_group,G2,72,10,13.89,7200,4540,-2660,63.06,454.0,18.12,79.62,439.27,-16.56,-4.23,14.73,mixed_edge
1-3,lane1_target_exhibition_st_rank_pair,4+-4+,2438,286,11.73,243800,153720,-90080,63.05,537.48,15.39,80.41,522.51,-17.36,-3.66,14.97,mixed_edge
1-3,lane1_exhibition_st_rank_bucket x target_exhibition_st_rank_bucket,4+ | 4+,2438,286,11.73,243800,153720,-90080,63.05,537.48,15.39,80.41,522.51,-17.36,-3.66,14.97,mixed_edge
1-5,other_exhibition_faster_than_target_count_bucket,3,2773,133,4.8,277300,174820,-102480,63.04,1314.44,6.07,72.93,1201.46,-9.89,-1.27,112.98,mixed_edge
1-5,target_exhibition_rank_bucket x other_exhibition_faster_than_target_count_bucket,4+ | 3,2773,133,4.8,277300,174820,-102480,63.04,1314.44,6.07,72.93,1201.46,-9.89,-1.27,112.98,mixed_edge
1-6,lane1_target_local_win_diff_bucket,lane1_plus_1.00+,6052,164,2.71,605200,381440,-223760,63.03,2325.85,3.76,67.31,1788.6,-4.28,-1.05,537.25,mixed_edge
1-6,lane1_target_exhibition_time_diff_bucket x lane1_target_start_exhibition_st_diff_bucket,near_equal | target_faster_0.03_0.06,705,29,4.11,70500,44430,-26070,63.02,1532.07,3.76,67.31,1788.6,-4.29,0.35,-256.53,mixed_edge
1-3,lane1_target_start_gap_pair x target_outer_pressure_bucket,>0.06-0.04-0.06 | low_other_pressure,43,9,20.93,4300,2710,-1590,63.02,301.11,15.39,80.41,522.51,-17.39,5.54,-221.4,mixed_edge
1-6,lane1_target_exhibition_time_diff_bucket,near_equal,6623,251,3.79,662300,417300,-245000,63.01,1662.55,3.76,67.31,1788.6,-4.3,0.03,-126.05,mixed_edge
1-6,other_exhibition_faster_than_target_count_bucket,1,2682,94,3.5,268200,168880,-99320,62.97,1796.6,3.76,67.31,1788.6,-4.34,-0.26,8.0,mixed_edge
1-4,lane1_target_start_gap_pair,best->0.06,1880,185,9.84,188000,118260,-69740,62.9,639.24,10.28,77.68,755.43,-14.78,-0.44,-116.19,mixed_edge
1-4,target_lane x lane1_target_start_gap_pair,4 | best->0.06,1880,185,9.84,188000,118260,-69740,62.9,639.24,10.28,77.68,755.43,-14.78,-0.44,-116.19,mixed_edge
1-4,lane1_start_exhibition_gap_bucket x target_start_exhibition_gap_bucket,best | >0.06,1880,185,9.84,188000,118260,-69740,62.9,639.24,10.28,77.68,755.43,-14.78,-0.44,-116.19,mixed_edge
1-5,lane1_target_start_gap_pair x target_outer_pressure_bucket,<=0.03-0.04-0.06 | low_other_pressure,31,4,12.9,3100,1950,-1150,62.9,487.5,6.07,72.93,1201.46,-10.03,6.83,-713.96,mixed_edge
1-5,lane1_target_group_pair x other_a_count_bucket,A-A | 0,235,39,16.6,23500,14780,-8720,62.89,378.97,6.07,72.93,1201.46,-10.04,10.53,-822.49,mixed_edge
1-4,lane1_target_national_rank_pair x target_outer_pressure_bucket,2-1 | some_other_pressure,172,35,20.35,17200,10810,-6390,62.85,308.86,10.28,77.68,755.43,-14.83,10.07,-446.57,mixed_edge
1-6,lane1_target_exhibition_st_rank_pair,1-3,558,27,4.84,55800,35060,-20740,62.83,1298.52,3.76,67.31,1788.6,-4.48,1.08,-490.08,mixed_edge
1-6,lane1_exhibition_st_rank_bucket x target_exhibition_st_rank_bucket,1 | 3,558,27,4.84,55800,35060,-20740,62.83,1298.52,3.76,67.31,1788.6,-4.48,1.08,-490.08,mixed_edge
1-4,other_group_pattern,A-B-B-A,935,73,7.81,93500,58740,-34760,62.82,804.66,10.28,77.68,755.43,-14.86,-2.47,49.23,mixed_edge
1-5,lane1_target_class_pair,A2-B2,393,9,2.29,39300,24680,-14620,62.8,2742.22,6.07,72.93,1201.46,-10.13,-3.78,1540.76,mixed_edge
1-6,month,2025-06,4761,182,3.82,476100,298540,-177560,62.71,1640.33,3.76,67.31,1788.6,-4.6,0.06,-148.27,mixed_edge
1-5,grade_group,G1,204,12,5.88,20400,12790,-7610,62.7,1065.83,6.07,72.93,1201.46,-10.23,-0.19,-135.63,mixed_edge
1-2,lane1_target_class_pair,A2-A1,605,141,23.31,60500,37870,-22630,62.6,268.58,18.12,79.62,439.27,-17.02,5.19,-170.69,mixed_edge
1-6,lane1_target_exhibition_st_rank_pair,3-4+,1348,40,2.97,134800,84320,-50480,62.55,2108.0,3.76,67.31,1788.6,-4.76,-0.79,319.4,mixed_edge
1-6,lane1_exhibition_st_rank_bucket x target_exhibition_st_rank_bucket,3 | 4+,1348,40,2.97,134800,84320,-50480,62.55,2108.0,3.76,67.31,1788.6,-4.76,-0.79,319.4,mixed_edge
1-6,lane1_motor_rank_bucket,1,3044,120,3.94,304400,190310,-114090,62.52,1585.92,3.76,67.31,1788.6,-4.79,0.18,-202.68,mixed_edge
1-6,lane1_target_group_pair x target_outer_pressure_bucket,A-B | low_other_pressure,46,4,8.7,4600,2870,-1730,62.39,717.5,3.76,67.31,1788.6,-4.92,4.94,-1071.1,mixed_edge
1-5,lane1_target_class_pair,B1-B1,2674,76,2.84,267400,166730,-100670,62.35,2193.82,6.07,72.93,1201.46,-10.58,-3.23,992.36,mixed_edge
1-2,lane1_target_start_gap_pair,>0.06-best,730,117,16.03,73000,45460,-27540,62.27,388.55,18.12,79.62,439.27,-17.35,-2.09,-50.72,mixed_edge
1-2,target_lane x lane1_target_start_gap_pair,2 | >0.06-best,730,117,16.03,73000,45460,-27540,62.27,388.55,18.12,79.62,439.27,-17.35,-2.09,-50.72,mixed_edge
1-2,lane1_start_exhibition_gap_bucket x target_start_exhibition_gap_bucket,>0.06 | best,730,117,16.03,73000,45460,-27540,62.27,388.55,18.12,79.62,439.27,-17.35,-2.09,-50.72,mixed_edge
1-6,target_class_group,B,7831,150,1.92,783100,487560,-295540,62.26,3250.4,3.76,67.31,1788.6,-5.05,-1.84,1461.8,mixed_edge
1-6,target_lane x target_class_group,6 | B,7831,150,1.92,783100,487560,-295540,62.26,3250.4,3.76,67.31,1788.6,-5.05,-1.84,1461.8,mixed_edge
1-4,lane1_target_exhibition_time_diff_bucket,target_faster_0.05_0.10,1460,140,9.59,146000,90850,-55150,62.23,648.93,10.28,77.68,755.43,-15.45,-0.69,-106.5,mixed_edge
1-6,lane1_target_start_gap_pair,best-0.04-0.06,738,35,4.74,73800,45910,-27890,62.21,1311.71,3.76,67.31,1788.6,-5.1,0.98,-476.89,mixed_edge
1-6,target_lane x lane1_target_start_gap_pair,6 | best-0.04-0.06,738,35,4.74,73800,45910,-27890,62.21,1311.71,3.76,67.31,1788.6,-5.1,0.98,-476.89,mixed_edge
1-6,lane1_start_exhibition_gap_bucket x target_start_exhibition_gap_bucket,best | 0.04-0.06,738,35,4.74,73800,45910,-27890,62.21,1311.71,3.76,67.31,1788.6,-5.1,0.98,-476.89,mixed_edge
1-2,stadium_code,21,515,80,15.53,51500,32040,-19460,62.21,400.5,18.12,79.62,439.27,-17.41,-2.59,-38.77,mixed_edge
1-2,stadium_code x target_lane,21 | 2,515,80,15.53,51500,32040,-19460,62.21,400.5,18.12,79.62,439.27,-17.41,-2.59,-38.77,mixed_edge
1-2,lane1_target_exhibition_st_rank_pair,4+-3,896,138,15.4,89600,55710,-33890,62.18,403.7,18.12,79.62,439.27,-17.44,-2.72,-35.57,mixed_edge
1-2,lane1_exhibition_st_rank_bucket x target_exhibition_st_rank_bucket,4+ | 3,896,138,15.4,89600,55710,-33890,62.18,403.7,18.12,79.62,439.27,-17.44,-2.72,-35.57,mixed_edge
1-5,lane1_target_exhibition_time_diff_bucket x lane1_target_start_exhibition_st_diff_bucket,near_equal | lane1_faster_0.06+,1875,111,5.92,187500,116510,-70990,62.14,1049.64,6.07,72.93,1201.46,-10.79,-0.15,-151.82,mixed_edge
1-6,meeting_phase_bucket,day3-4,4955,172,3.47,495500,307810,-187690,62.12,1789.59,3.76,67.31,1788.6,-5.19,-0.29,0.99,mixed_edge
1-6,meeting_phase_bucket x target_lane,day3-4 | 6,4955,172,3.47,495500,307810,-187690,62.12,1789.59,3.76,67.31,1788.6,-5.19,-0.29,0.99,mixed_edge
1-6,stadium_code,18,502,13,2.59,50200,31170,-19030,62.09,2397.69,3.76,67.31,1788.6,-5.22,-1.17,609.09,mixed_edge
1-6,stadium_code x target_lane,18 | 6,502,13,2.59,50200,31170,-19030,62.09,2397.69,3.76,67.31,1788.6,-5.22,-1.17,609.09,mixed_edge
1-6,other_a_count_bucket,3,2007,44,2.19,200700,124420,-76280,61.99,2827.73,3.76,67.31,1788.6,-5.32,-1.57,1039.13,mixed_edge
1-6,target_lane x other_a_count_bucket,6 | 3,2007,44,2.19,200700,124420,-76280,61.99,2827.73,3.76,67.31,1788.6,-5.32,-1.57,1039.13,mixed_edge
1-2,lane1_target_national_rank_pair x target_outer_pressure_bucket,3-1 | low_other_pressure,182,39,21.43,18200,11270,-6930,61.92,288.97,18.12,79.62,439.27,-17.7,3.31,-150.3,mixed_edge
1-6,lane1_start_exhibition_gap_bucket,>0.06,4778,166,3.47,477800,295460,-182340,61.84,1779.88,3.76,67.31,1788.6,-5.47,-0.29,-8.72,mixed_edge
1-6,lane1_target_start_gap_pair x target_outer_pressure_bucket,<=0.03->0.06 | low_other_pressure,44,5,11.36,4400,2720,-1680,61.82,544.0,3.76,67.31,1788.6,-5.49,7.6,-1244.6,mixed_edge
1-5,stadium_code,06,564,35,6.21,56400,34820,-21580,61.74,994.86,6.07,72.93,1201.46,-11.19,0.14,-206.6,mixed_edge
1-5,stadium_code x target_lane,06 | 5,564,35,6.21,56400,34820,-21580,61.74,994.86,6.07,72.93,1201.46,-11.19,0.14,-206.6,mixed_edge
1-6,other_group_pattern,A-B-A-A,513,12,2.34,51300,31670,-19630,61.73,2639.17,3.76,67.31,1788.6,-5.58,-1.42,850.57,mixed_edge
1-4,stadium_code,06,564,46,8.16,56400,34810,-21590,61.72,756.74,10.28,77.68,755.43,-15.96,-2.12,1.31,mixed_edge
1-4,stadium_code x target_lane,06 | 4,564,46,8.16,56400,34810,-21590,61.72,756.74,10.28,77.68,755.43,-15.96,-2.12,1.31,mixed_edge
1-6,lane1_target_start_gap_pair,>0.06-<=0.03,909,31,3.41,90900,56090,-34810,61.71,1809.35,3.76,67.31,1788.6,-5.6,-0.35,20.75,mixed_edge
1-6,target_lane x lane1_target_start_gap_pair,6 | >0.06-<=0.03,909,31,3.41,90900,56090,-34810,61.71,1809.35,3.76,67.31,1788.6,-5.6,-0.35,20.75,mixed_edge
1-6,lane1_start_exhibition_gap_bucket x target_start_exhibition_gap_bucket,>0.06 | <=0.03,909,31,3.41,90900,56090,-34810,61.71,1809.35,3.76,67.31,1788.6,-5.6,-0.35,20.75,mixed_edge
1-2,lane1_target_national_rank_pair x target_outer_pressure_bucket,4+-1 | some_other_pressure,297,38,12.79,29700,18320,-11380,61.68,482.11,18.12,79.62,439.27,-17.94,-5.33,42.84,mixed_edge
1-6,lane1_target_motor_place_diff_bucket,lane1_plus_10+,2760,97,3.51,276000,170210,-105790,61.67,1754.74,3.76,67.31,1788.6,-5.64,-0.25,-33.86,mixed_edge
1-6,lane1_target_start_gap_pair x target_outer_pressure_bucket,best-0.04-0.06 | high_other_pressure,603,25,4.15,60300,37140,-23160,61.59,1485.6,3.76,67.31,1788.6,-5.72,0.39,-303.0,mixed_edge
1-2,lane1_target_start_gap_pair x target_outer_pressure_bucket,>0.06->0.06 | some_other_pressure,389,61,15.68,38900,23940,-14960,61.54,392.46,18.12,79.62,439.27,-18.08,-2.44,-46.81,mixed_edge
1-5,lane1_target_group_pair,B-B,3596,92,2.56,359600,221170,-138430,61.5,2404.02,6.07,72.93,1201.46,-11.43,-3.51,1202.56,mixed_edge
1-6,lane1_motor_rank_bucket,4+,6439,224,3.48,643900,395810,-248090,61.47,1767.01,3.76,67.31,1788.6,-5.84,-0.28,-21.59,mixed_edge
1-5,other_exhibition_faster_than_target_count_bucket,0,2887,207,7.17,288700,177460,-111240,61.47,857.29,6.07,72.93,1201.46,-11.46,1.1,-344.17,mixed_edge
1-5,lane1_target_start_gap_pair,>0.06->0.06,1626,68,4.18,162600,99930,-62670,61.46,1469.56,6.07,72.93,1201.46,-11.47,-1.89,268.1,mixed_edge
1-5,target_lane x lane1_target_start_gap_pair,5 | >0.06->0.06,1626,68,4.18,162600,99930,-62670,61.46,1469.56,6.07,72.93,1201.46,-11.47,-1.89,268.1,mixed_edge
1-5,lane1_start_exhibition_gap_bucket x target_start_exhibition_gap_bucket,>0.06 | >0.06,1626,68,4.18,162600,99930,-62670,61.46,1469.56,6.07,72.93,1201.46,-11.47,-1.89,268.1,mixed_edge
1-3,lane1_target_group_pair x other_a_count_bucket,A-B | 0,823,153,18.59,82300,50570,-31730,61.45,330.52,15.39,80.41,522.51,-18.96,3.2,-191.99,mixed_edge
1-5,other_a_count_bucket,3,2130,77,3.62,213000,130870,-82130,61.44,1699.61,6.07,72.93,1201.46,-11.49,-2.45,498.15,mixed_edge
1-5,target_lane x other_a_count_bucket,5 | 3,2130,77,3.62,213000,130870,-82130,61.44,1699.61,6.07,72.93,1201.46,-11.49,-2.45,498.15,mixed_edge
1-6,lane1_target_national_rank_pair,4+-3,864,19,2.2,86400,53080,-33320,61.44,2793.68,3.76,67.31,1788.6,-5.87,-1.56,1005.08,mixed_edge
1-6,target_lane x lane1_target_national_rank_pair,6 | 4+-3,864,19,2.2,86400,53080,-33320,61.44,2793.68,3.76,67.31,1788.6,-5.87,-1.56,1005.08,mixed_edge
1-6,target_class_group x target_outer_pressure_bucket,B | high_other_pressure,7390,126,1.71,739000,453660,-285340,61.39,3600.48,3.76,67.31,1788.6,-5.92,-2.05,1811.88,mixed_edge
1-2,target_exhibition_st_rank_bucket x other_st_faster_than_target_count_bucket,3 | 2,909,138,15.18,90900,55710,-35190,61.29,403.7,18.12,79.62,439.27,-18.33,-2.94,-35.57,mixed_edge
1-4,lane1_target_start_gap_pair x target_outer_pressure_bucket,0.04-0.06-<=0.03 | high_other_pressure,395,31,7.85,39500,24200,-15300,61.27,780.65,10.28,77.68,755.43,-16.41,-2.43,25.22,mixed_edge
1-6,wind_bucket,3-4,5226,184,3.52,522600,319520,-203080,61.14,1736.52,3.76,67.31,1788.6,-6.17,-0.24,-52.08,mixed_edge
1-4,lane1_target_group_pair x other_a_count_bucket,A-B | 0,823,98,11.91,82300,50300,-32000,61.12,513.27,10.28,77.68,755.43,-16.56,1.63,-242.16,mixed_edge
1-5,lane1_target_start_gap_pair,0.04-0.06-<=0.03,512,31,6.05,51200,31190,-20010,60.92,1006.13,6.07,72.93,1201.46,-12.01,-0.02,-195.33,mixed_edge
1-5,target_lane x lane1_target_start_gap_pair,5 | 0.04-0.06-<=0.03,512,31,6.05,51200,31190,-20010,60.92,1006.13,6.07,72.93,1201.46,-12.01,-0.02,-195.33,mixed_edge
1-5,lane1_start_exhibition_gap_bucket x target_start_exhibition_gap_bucket,0.04-0.06 | <=0.03,512,31,6.05,51200,31190,-20010,60.92,1006.13,6.07,72.93,1201.46,-12.01,-0.02,-195.33,mixed_edge
1-4,lane1_target_start_gap_pair x target_outer_pressure_bucket,best->0.06 | high_other_pressure,1569,127,8.09,156900,95540,-61360,60.89,752.28,10.28,77.68,755.43,-16.79,-2.19,-3.15,mixed_edge
1-3,lane1_target_exhibition_time_diff_bucket x lane1_target_start_exhibition_st_diff_bucket,target_faster_0.10+ | target_faster_0.06+,148,19,12.84,14800,9000,-5800,60.81,473.68,15.39,80.41,522.51,-19.6,-2.55,-48.83,mixed_edge
1-4,lane1_target_group_pair x target_outer_pressure_bucket,B-A | low_other_pressure,215,26,12.09,21500,13070,-8430,60.79,502.69,10.28,77.68,755.43,-16.89,1.81,-252.74,mixed_edge
1-5,lane1_target_group_pair x other_a_count_bucket,A-B | 1,1296,62,4.78,129600,78730,-50870,60.75,1269.84,6.07,72.93,1201.46,-12.18,-1.29,68.38,mixed_edge
1-6,stadium_code,15,636,32,5.03,63600,38570,-25030,60.64,1205.31,3.76,67.31,1788.6,-6.67,1.27,-583.29,mixed_edge
1-6,stadium_code x target_lane,15 | 6,636,32,5.03,63600,38570,-25030,60.64,1205.31,3.76,67.31,1788.6,-6.67,1.27,-583.29,mixed_edge
1-6,lane1_target_exhibition_time_diff_bucket x lane1_target_start_exhibition_st_diff_bucket,lane1_faster_0.05_0.10 | target_faster_0.06+,629,23,3.66,62900,38120,-24780,60.6,1657.39,3.76,67.31,1788.6,-6.71,-0.1,-131.21,mixed_edge
1-2,lane1_target_start_gap_pair x target_outer_pressure_bucket,<=0.03-0.04-0.06 | low_other_pressure,37,9,24.32,3700,2240,-1460,60.54,248.89,18.12,79.62,439.27,-19.08,6.2,-190.38,mixed_edge
1-6,target_national_win_rank_bucket,4+,8001,139,1.74,800100,483990,-316110,60.49,3481.94,3.76,67.31,1788.6,-6.82,-2.02,1693.34,mixed_edge
1-6,lane1_target_class_pair,B1-B2,990,6,0.61,99000,59890,-39110,60.49,9981.67,3.76,67.31,1788.6,-6.82,-3.15,8193.07,mixed_edge
1-4,lane1_target_start_gap_pair,0.04-0.06-<=0.03,496,43,8.67,49600,29990,-19610,60.46,697.44,10.28,77.68,755.43,-17.22,-1.61,-57.99,mixed_edge
1-4,target_lane x lane1_target_start_gap_pair,4 | 0.04-0.06-<=0.03,496,43,8.67,49600,29990,-19610,60.46,697.44,10.28,77.68,755.43,-17.22,-1.61,-57.99,mixed_edge
1-4,lane1_start_exhibition_gap_bucket x target_start_exhibition_gap_bucket,0.04-0.06 | <=0.03,496,43,8.67,49600,29990,-19610,60.46,697.44,10.28,77.68,755.43,-17.22,-1.61,-57.99,mixed_edge
1-6,other_group_pattern,B-B-A-B,1150,52,4.52,115000,69510,-45490,60.44,1336.73,3.76,67.31,1788.6,-6.87,0.76,-451.87,mixed_edge
1-6,lane1_target_group_pair,A-B,4297,100,2.33,429700,259670,-170030,60.43,2596.7,3.76,67.31,1788.6,-6.88,-1.43,808.1,mixed_edge
1-6,lane1_target_national_rank_pair x target_outer_pressure_bucket,1-4+ | high_other_pressure,2336,58,2.48,233600,141170,-92430,60.43,2433.97,3.76,67.31,1788.6,-6.88,-1.28,645.37,mixed_edge
1-6,lane1_target_national_rank_pair,1-4+,2339,58,2.48,233900,141170,-92730,60.35,2433.97,3.76,67.31,1788.6,-6.96,-1.28,645.37,mixed_edge
1-6,target_lane x lane1_target_national_rank_pair,6 | 1-4+,2339,58,2.48,233900,141170,-92730,60.35,2433.97,3.76,67.31,1788.6,-6.96,-1.28,645.37,mixed_edge
1-5,stadium_code,19,503,32,6.36,50300,30350,-19950,60.34,948.44,6.07,72.93,1201.46,-12.59,0.29,-253.02,mixed_edge
1-5,stadium_code x target_lane,19 | 5,503,32,6.36,50300,30350,-19950,60.34,948.44,6.07,72.93,1201.46,-12.59,0.29,-253.02,mixed_edge
1-2,lane1_target_exhibition_time_diff_bucket x lane1_target_start_exhibition_st_diff_bucket,target_faster_0.05_0.10 | target_faster_0.06+,327,45,13.76,32700,19720,-12980,60.31,438.22,18.12,79.62,439.27,-19.31,-4.36,-1.05,mixed_edge
1-6,lane1_target_start_gap_pair x target_outer_pressure_bucket,>0.06-<=0.03 | some_other_pressure,115,7,6.09,11500,6920,-4580,60.17,988.57,3.76,67.31,1788.6,-7.14,2.33,-800.03,mixed_edge
1-6,lane1_target_national_rank_pair x target_outer_pressure_bucket,4+-2 | some_other_pressure,387,10,2.58,38700,23280,-15420,60.16,2328.0,3.76,67.31,1788.6,-7.15,-1.18,539.4,mixed_edge
1-6,target_national_win_rank_bucket x other_national_better_than_target_count_bucket,3 | 2,844,18,2.13,84400,50760,-33640,60.14,2820.0,3.76,67.31,1788.6,-7.17,-1.63,1031.4,mixed_edge
1-6,lane1_target_start_gap_pair,0.04-0.06->0.06,967,30,3.1,96700,58020,-38680,60.0,1934.0,3.76,67.31,1788.6,-7.31,-0.66,145.4,mixed_edge
1-6,target_lane x lane1_target_start_gap_pair,6 | 0.04-0.06->0.06,967,30,3.1,96700,58020,-38680,60.0,1934.0,3.76,67.31,1788.6,-7.31,-0.66,145.4,mixed_edge
1-6,lane1_start_exhibition_gap_bucket x target_start_exhibition_gap_bucket,0.04-0.06 | >0.06,967,30,3.1,96700,58020,-38680,60.0,1934.0,3.76,67.31,1788.6,-7.31,-0.66,145.4,mixed_edge
1-5,lane1_target_group_pair x other_a_count_bucket,B-B | 0,586,24,4.1,58600,35160,-23440,60.0,1465.0,6.07,72.93,1201.46,-12.93,-1.97,263.54,mixed_edge
1-6,stadium_code,16,540,35,6.48,54000,32380,-21620,59.96,925.14,3.76,67.31,1788.6,-7.35,2.72,-863.46,mixed_edge
1-6,stadium_code x target_lane,16 | 6,540,35,6.48,54000,32380,-21620,59.96,925.14,3.76,67.31,1788.6,-7.35,2.72,-863.46,mixed_edge
1-6,lane1_target_group_pair x target_outer_pressure_bucket,A-B | high_other_pressure,4018,85,2.12,401800,240710,-161090,59.91,2831.88,3.76,67.31,1788.6,-7.4,-1.64,1043.28,mixed_edge
1-5,lane1_target_national_win_diff_bucket,target_plus_0.35_1.00,1707,117,6.85,170700,102120,-68580,59.82,872.82,6.07,72.93,1201.46,-13.11,0.78,-328.64,mixed_edge
1-4,lane1_target_start_gap_pair,>0.06-<=0.03,1032,74,7.17,103200,61730,-41470,59.82,834.19,10.28,77.68,755.43,-17.86,-3.11,78.76,mixed_edge
1-4,target_lane x lane1_target_start_gap_pair,4 | >0.06-<=0.03,1032,74,7.17,103200,61730,-41470,59.82,834.19,10.28,77.68,755.43,-17.86,-3.11,78.76,mixed_edge
1-4,lane1_start_exhibition_gap_bucket x target_start_exhibition_gap_bucket,>0.06 | <=0.03,1032,74,7.17,103200,61730,-41470,59.82,834.19,10.28,77.68,755.43,-17.86,-3.11,78.76,mixed_edge
1-6,target_local_win_rank_bucket,4+,7906,174,2.2,790600,471830,-318770,59.68,2711.67,3.76,67.31,1788.6,-7.63,-1.56,923.07,mixed_edge
1-4,lane1_target_exhibition_time_diff_bucket x lane1_target_start_exhibition_st_diff_bucket,lane1_faster_0.05_0.10 | lane1_faster_0.06+,887,72,8.12,88700,52900,-35800,59.64,734.72,10.28,77.68,755.43,-18.04,-2.16,-20.71,mixed_edge
1-3,lane1_target_group_pair x other_a_count_bucket,B-A | 3,185,14,7.57,18500,11030,-7470,59.62,787.86,15.39,80.41,522.51,-20.79,-7.82,265.35,mixed_edge
1-6,lane1_target_national_rank_pair x target_outer_pressure_bucket,4+-3 | high_other_pressure,854,18,2.11,85400,50760,-34640,59.44,2820.0,3.76,67.31,1788.6,-7.87,-1.65,1031.4,mixed_edge
1-6,target_boat_rank_bucket,4+,7444,270,3.63,744400,442280,-302120,59.41,1638.07,3.76,67.31,1788.6,-7.9,-0.13,-150.53,mixed_edge
1-5,lane1_target_motor_place_diff_bucket,target_plus_4_10,2057,120,5.83,205700,122180,-83520,59.4,1018.17,6.07,72.93,1201.46,-13.53,-0.24,-183.29,mixed_edge
1-4,stadium_code,24,551,47,8.53,55100,32710,-22390,59.36,695.96,10.28,77.68,755.43,-18.32,-1.75,-59.47,mixed_edge
1-4,stadium_code x target_lane,24 | 4,551,47,8.53,55100,32710,-22390,59.36,695.96,10.28,77.68,755.43,-18.32,-1.75,-59.47,mixed_edge
1-4,lane1_target_start_gap_pair x target_outer_pressure_bucket,>0.06-0.04-0.06 | low_other_pressure,37,6,16.22,3700,2190,-1510,59.19,365.0,10.28,77.68,755.43,-18.49,5.94,-390.43,mixed_edge
1-5,lane1_target_class_pair,B2-A2,61,5,8.2,6100,3610,-2490,59.18,722.0,6.07,72.93,1201.46,-13.75,2.13,-479.46,mixed_edge
1-5,lane1_target_group_pair x target_outer_pressure_bucket,B-B | high_other_pressure,3382,76,2.25,338200,200000,-138200,59.14,2631.58,6.07,72.93,1201.46,-13.79,-3.82,1430.12,mixed_edge
1-4,lane1_target_start_gap_pair,0.04-0.06->0.06,828,66,7.97,82800,48780,-34020,58.91,739.09,10.28,77.68,755.43,-18.77,-2.31,-16.34,mixed_edge
1-4,target_lane x lane1_target_start_gap_pair,4 | 0.04-0.06->0.06,828,66,7.97,82800,48780,-34020,58.91,739.09,10.28,77.68,755.43,-18.77,-2.31,-16.34,mixed_edge
1-4,lane1_start_exhibition_gap_bucket x target_start_exhibition_gap_bucket,0.04-0.06 | >0.06,828,66,7.97,82800,48780,-34020,58.91,739.09,10.28,77.68,755.43,-18.77,-2.31,-16.34,mixed_edge
1-6,grade_group,G2,72,3,4.17,7200,4240,-2960,58.89,1413.33,3.76,67.31,1788.6,-8.42,0.41,-375.27,mixed_edge
1-6,target_motor_rank_bucket,3,2200,76,3.45,220000,129410,-90590,58.82,1702.76,3.76,67.31,1788.6,-8.49,-0.31,-85.84,mixed_edge
1-5,grade_group,G3,540,30,5.56,54000,31760,-22240,58.81,1058.67,6.07,72.93,1201.46,-14.12,-0.51,-142.79,mixed_edge
1-5,lane1_target_start_gap_pair,0.04-0.06-0.04-0.06,497,26,5.23,49700,29220,-20480,58.79,1123.85,6.07,72.93,1201.46,-14.14,-0.84,-77.61,mixed_edge
1-5,target_lane x lane1_target_start_gap_pair,5 | 0.04-0.06-0.04-0.06,497,26,5.23,49700,29220,-20480,58.79,1123.85,6.07,72.93,1201.46,-14.14,-0.84,-77.61,mixed_edge
1-5,lane1_start_exhibition_gap_bucket x target_start_exhibition_gap_bucket,0.04-0.06 | 0.04-0.06,497,26,5.23,49700,29220,-20480,58.79,1123.85,6.07,72.93,1201.46,-14.14,-0.84,-77.61,mixed_edge
1-6,target_exhibition_st_rank_bucket x other_st_faster_than_target_count_bucket,3 | 0,284,18,6.34,28400,16690,-11710,58.77,927.22,3.76,67.31,1788.6,-8.54,2.58,-861.38,mixed_edge
1-6,lane1_national_win_rank_bucket,4+,5105,133,2.61,510500,299990,-210510,58.76,2255.56,3.76,67.31,1788.6,-8.55,-1.15,466.96,mixed_edge
1-6,lane1_target_national_rank_pair x target_outer_pressure_bucket,2-4+ | high_other_pressure,1792,36,2.01,179200,105190,-74010,58.7,2921.94,3.76,67.31,1788.6,-8.61,-1.75,1133.34,mixed_edge
1-5,stadium_code,23,640,33,5.16,64000,37540,-26460,58.66,1137.58,6.07,72.93,1201.46,-14.27,-0.91,-63.88,mixed_edge
1-5,stadium_code x target_lane,23 | 5,640,33,5.16,64000,37540,-26460,58.66,1137.58,6.07,72.93,1201.46,-14.27,-0.91,-63.88,mixed_edge
1-6,grade_group,SG,72,3,4.17,7200,4220,-2980,58.61,1406.67,3.76,67.31,1788.6,-8.7,0.41,-381.93,mixed_edge
1-6,lane1_target_national_rank_pair,2-4+,1795,36,2.01,179500,105190,-74310,58.6,2921.94,3.76,67.31,1788.6,-8.71,-1.75,1133.34,mixed_edge
1-6,target_lane x lane1_target_national_rank_pair,6 | 2-4+,1795,36,2.01,179500,105190,-74310,58.6,2921.94,3.76,67.31,1788.6,-8.71,-1.75,1133.34,mixed_edge
1-6,lane1_target_start_gap_pair x target_outer_pressure_bucket,0.04-0.06->0.06 | high_other_pressure,823,18,2.19,82300,48190,-34110,58.55,2677.22,3.76,67.31,1788.6,-8.76,-1.57,888.62,mixed_edge
1-3,lane1_target_national_rank_pair x target_outer_pressure_bucket,3-2 | high_other_pressure,262,36,13.74,26200,15340,-10860,58.55,426.11,15.39,80.41,522.51,-21.86,-1.65,-96.4,mixed_edge
1-5,lane1_target_class_pair,A2-A2,644,43,6.68,64400,37650,-26750,58.46,875.58,6.07,72.93,1201.46,-14.47,0.61,-325.88,mixed_edge
1-4,other_group_pattern,B-A-B-A,906,60,6.62,90600,52880,-37720,58.37,881.33,10.28,77.68,755.43,-19.31,-3.66,125.9,mixed_edge
1-4,lane1_target_national_rank_pair x target_outer_pressure_bucket,3-1 | high_other_pressure,232,28,12.07,23200,13530,-9670,58.32,483.21,10.28,77.68,755.43,-19.36,1.79,-272.22,mixed_edge
1-4,lane1_target_national_rank_pair x target_outer_pressure_bucket,2-1 | low_other_pressure,223,42,18.83,22300,12980,-9320,58.21,309.05,10.28,77.68,755.43,-19.47,8.55,-446.38,mixed_edge
1-4,stadium_code,01,600,45,7.5,60000,34910,-25090,58.18,775.78,10.28,77.68,755.43,-19.5,-2.78,20.35,mixed_edge
1-4,stadium_code x target_lane,01 | 4,600,45,7.5,60000,34910,-25090,58.18,775.78,10.28,77.68,755.43,-19.5,-2.78,20.35,mixed_edge
1-4,lane1_target_exhibition_time_diff_bucket x lane1_target_start_exhibition_st_diff_bucket,target_faster_0.10+ | target_faster_0.03_0.06,76,7,9.21,7600,4420,-3180,58.16,631.43,10.28,77.68,755.43,-19.52,-1.07,-124.0,mixed_edge
1-6,lane1_target_motor_place_diff_bucket,target_plus_4_10,1942,83,4.27,194200,112750,-81450,58.06,1358.43,3.76,67.31,1788.6,-9.25,0.51,-430.17,mixed_edge
1-2,stadium_code,12,539,89,16.51,53900,31280,-22620,58.03,351.46,18.12,79.62,439.27,-21.59,-1.61,-87.81,mixed_edge
1-2,stadium_code x target_lane,12 | 2,539,89,16.51,53900,31280,-22620,58.03,351.46,18.12,79.62,439.27,-21.59,-1.61,-87.81,mixed_edge
1-5,stadium_code,24,551,28,5.08,55100,31920,-23180,57.93,1140.0,6.07,72.93,1201.46,-15.0,-0.99,-61.46,mixed_edge
1-5,stadium_code x target_lane,24 | 5,551,28,5.08,55100,31920,-23180,57.93,1140.0,6.07,72.93,1201.46,-15.0,-0.99,-61.46,mixed_edge
1-4,lane1_target_start_gap_pair,>0.06->0.06,1535,106,6.91,153500,88870,-64630,57.9,838.4,10.28,77.68,755.43,-19.78,-3.37,82.97,mixed_edge
1-4,target_lane x lane1_target_start_gap_pair,4 | >0.06->0.06,1535,106,6.91,153500,88870,-64630,57.9,838.4,10.28,77.68,755.43,-19.78,-3.37,82.97,mixed_edge
1-4,lane1_start_exhibition_gap_bucket x target_start_exhibition_gap_bucket,>0.06 | >0.06,1535,106,6.91,153500,88870,-64630,57.9,838.4,10.28,77.68,755.43,-19.78,-3.37,82.97,mixed_edge
1-5,stadium_code,22,432,22,5.09,43200,24990,-18210,57.85,1135.91,6.07,72.93,1201.46,-15.08,-0.98,-65.55,mixed_edge
1-5,stadium_code x target_lane,22 | 5,432,22,5.09,43200,24990,-18210,57.85,1135.91,6.07,72.93,1201.46,-15.08,-0.98,-65.55,mixed_edge
1-5,lane1_target_start_gap_pair x target_outer_pressure_bucket,>0.06-best | low_other_pressure,74,9,12.16,7400,4280,-3120,57.84,475.56,6.07,72.93,1201.46,-15.09,6.09,-725.9,mixed_edge
1-3,lane1_target_national_rank_pair x target_outer_pressure_bucket,4+-1 | some_other_pressure,247,30,12.15,24700,14260,-10440,57.73,475.33,15.39,80.41,522.51,-22.68,-3.24,-47.18,mixed_edge
1-5,lane1_target_start_gap_pair x target_outer_pressure_bucket,0.04-0.06-0.04-0.06 | high_other_pressure,404,17,4.21,40400,23230,-17170,57.5,1366.47,6.07,72.93,1201.46,-15.43,-1.86,165.01,mixed_edge
1-2,lane1_target_start_gap_pair,>0.06->0.06,2626,319,12.15,262600,150960,-111640,57.49,473.23,18.12,79.62,439.27,-22.13,-5.97,33.96,mixed_edge
1-2,target_lane x lane1_target_start_gap_pair,2 | >0.06->0.06,2626,319,12.15,262600,150960,-111640,57.49,473.23,18.12,79.62,439.27,-22.13,-5.97,33.96,mixed_edge
1-2,lane1_start_exhibition_gap_bucket x target_start_exhibition_gap_bucket,>0.06 | >0.06,2626,319,12.15,262600,150960,-111640,57.49,473.23,18.12,79.62,439.27,-22.13,-5.97,33.96,mixed_edge
1-6,lane1_boat_rank_bucket,1,2896,114,3.94,289600,165670,-123930,57.21,1453.25,3.76,67.31,1788.6,-10.1,0.18,-335.35,mixed_edge
1-6,stadium_code,08,640,19,2.97,64000,36480,-27520,57.0,1920.0,3.76,67.31,1788.6,-10.31,-0.79,131.4,mixed_edge
1-6,stadium_code x target_lane,08 | 6,640,19,2.97,64000,36480,-27520,57.0,1920.0,3.76,67.31,1788.6,-10.31,-0.79,131.4,mixed_edge
1-6,other_exhibition_faster_than_target_count_bucket,4,2711,77,2.84,271100,153670,-117430,56.68,1995.71,3.76,67.31,1788.6,-10.63,-0.92,207.11,mixed_edge
1-6,target_exhibition_rank_bucket x other_exhibition_faster_than_target_count_bucket,4+ | 4,2711,77,2.84,271100,153670,-117430,56.68,1995.71,3.76,67.31,1788.6,-10.63,-0.92,207.11,mixed_edge
1-5,other_group_pattern,A-B-B-A,842,33,3.92,84200,47680,-36520,56.63,1444.85,6.07,72.93,1201.46,-16.3,-2.15,243.39,mixed_edge
1-5,lane1_target_national_rank_pair,4+-4+,2207,37,1.68,220700,124820,-95880,56.56,3373.51,6.07,72.93,1201.46,-16.37,-4.39,2172.05,mixed_edge
1-5,target_lane x lane1_target_national_rank_pair,5 | 4+-4+,2207,37,1.68,220700,124820,-95880,56.56,3373.51,6.07,72.93,1201.46,-16.37,-4.39,2172.05,mixed_edge
1-5,lane1_target_national_rank_pair x target_outer_pressure_bucket,4+-4+ | high_other_pressure,2207,37,1.68,220700,124820,-95880,56.56,3373.51,6.07,72.93,1201.46,-16.37,-4.39,2172.05,mixed_edge
1-5,lane1_target_start_gap_pair,best-best,219,13,5.94,21900,12370,-9530,56.48,951.54,6.07,72.93,1201.46,-16.45,-0.13,-249.92,mixed_edge
1-5,target_lane x lane1_target_start_gap_pair,5 | best-best,219,13,5.94,21900,12370,-9530,56.48,951.54,6.07,72.93,1201.46,-16.45,-0.13,-249.92,mixed_edge
1-5,lane1_start_exhibition_gap_bucket x target_start_exhibition_gap_bucket,best | best,219,13,5.94,21900,12370,-9530,56.48,951.54,6.07,72.93,1201.46,-16.45,-0.13,-249.92,mixed_edge
1-6,lane1_target_national_win_diff_bucket,lane1_plus_1.00+,5406,112,2.07,540600,305260,-235340,56.47,2725.54,3.76,67.31,1788.6,-10.84,-1.69,936.94,mixed_edge
1-6,lane1_target_start_gap_pair x target_outer_pressure_bucket,>0.06->0.06 | low_other_pressure,82,6,7.32,8200,4630,-3570,56.46,771.67,3.76,67.31,1788.6,-10.85,3.56,-1016.93,mixed_edge
1-6,stadium_code,07,643,20,3.11,64300,36290,-28010,56.44,1814.5,3.76,67.31,1788.6,-10.87,-0.65,25.9,mixed_edge
1-6,stadium_code x target_lane,07 | 6,643,20,3.11,64300,36290,-28010,56.44,1814.5,3.76,67.31,1788.6,-10.87,-0.65,25.9,mixed_edge
1-3,lane1_target_start_gap_pair x target_outer_pressure_bucket,>0.06-<=0.03 | low_other_pressure,42,7,16.67,4200,2370,-1830,56.43,338.57,15.39,80.41,522.51,-23.98,1.28,-183.94,mixed_edge
1-5,lane1_target_start_gap_pair,>0.06-best,1241,70,5.64,124100,69850,-54250,56.29,997.86,6.07,72.93,1201.46,-16.64,-0.43,-203.6,mixed_edge
1-5,target_lane x lane1_target_start_gap_pair,5 | >0.06-best,1241,70,5.64,124100,69850,-54250,56.29,997.86,6.07,72.93,1201.46,-16.64,-0.43,-203.6,mixed_edge
1-5,lane1_start_exhibition_gap_bucket x target_start_exhibition_gap_bucket,>0.06 | best,1241,70,5.64,124100,69850,-54250,56.29,997.86,6.07,72.93,1201.46,-16.64,-0.43,-203.6,mixed_edge
1-4,lane1_target_start_gap_pair x target_outer_pressure_bucket,>0.06->0.06 | high_other_pressure,1291,73,5.65,129100,72570,-56530,56.21,994.11,10.28,77.68,755.43,-21.47,-4.63,238.68,mixed_edge
1-6,lane1_target_group_pair x other_a_count_bucket,A-B | 1,1239,25,2.02,123900,69630,-54270,56.2,2785.2,3.76,67.31,1788.6,-11.11,-1.74,996.6,mixed_edge
1-5,lane1_target_exhibition_time_diff_bucket x lane1_target_start_exhibition_st_diff_bucket,near_equal | target_faster_0.06+,1521,78,5.13,152100,85450,-66650,56.18,1095.51,6.07,72.93,1201.46,-16.75,-0.94,-105.95,mixed_edge
1-5,lane1_target_start_gap_pair,<=0.03->0.06,1029,47,4.57,102900,57780,-45120,56.15,1229.36,6.07,72.93,1201.46,-16.78,-1.5,27.9,mixed_edge
1-5,target_lane x lane1_target_start_gap_pair,5 | <=0.03->0.06,1029,47,4.57,102900,57780,-45120,56.15,1229.36,6.07,72.93,1201.46,-16.78,-1.5,27.9,mixed_edge
1-5,lane1_start_exhibition_gap_bucket x target_start_exhibition_gap_bucket,<=0.03 | >0.06,1029,47,4.57,102900,57780,-45120,56.15,1229.36,6.07,72.93,1201.46,-16.78,-1.5,27.9,mixed_edge
1-5,stadium_code,21,515,29,5.63,51500,28860,-22640,56.04,995.17,6.07,72.93,1201.46,-16.89,-0.44,-206.29,mixed_edge
1-5,stadium_code x target_lane,21 | 5,515,29,5.63,51500,28860,-22640,56.04,995.17,6.07,72.93,1201.46,-16.89,-0.44,-206.29,mixed_edge
1-5,target_exhibition_st_rank_bucket x other_st_faster_than_target_count_bucket,3 | 2,938,44,4.69,93800,52430,-41370,55.9,1191.59,6.07,72.93,1201.46,-17.03,-1.38,-9.87,mixed_edge
1-5,other_group_pattern,A-A-B-A,584,21,3.6,58400,32630,-25770,55.87,1553.81,6.07,72.93,1201.46,-17.06,-2.47,352.35,mixed_edge
1-3,lane1_class,B2,320,31,9.69,32000,17820,-14180,55.69,574.84,15.39,80.41,522.51,-24.72,-5.7,52.33,mixed_edge
1-5,stadium_code,10,636,30,4.72,63600,35370,-28230,55.61,1179.0,6.07,72.93,1201.46,-17.32,-1.35,-22.46,mixed_edge
1-5,stadium_code x target_lane,10 | 5,636,30,4.72,63600,35370,-28230,55.61,1179.0,6.07,72.93,1201.46,-17.32,-1.35,-22.46,mixed_edge
1-6,target_exhibition_st_rank_bucket,4+,8123,250,3.08,812300,450360,-361940,55.44,1801.44,3.76,67.31,1788.6,-11.87,-0.68,12.84,mixed_edge
1-6,target_lane x target_exhibition_st_rank_bucket,6 | 4+,8123,250,3.08,812300,450360,-361940,55.44,1801.44,3.76,67.31,1788.6,-11.87,-0.68,12.84,mixed_edge
1-4,lane1_target_start_gap_pair x target_outer_pressure_bucket,>0.06-best | low_other_pressure,98,15,15.31,9800,5410,-4390,55.2,360.67,10.28,77.68,755.43,-22.48,5.03,-394.76,mixed_edge
1-5,lane1_target_start_gap_pair x target_outer_pressure_bucket,>0.06->0.06 | high_other_pressure,1431,40,2.8,143100,78930,-64170,55.16,1973.25,6.07,72.93,1201.46,-17.77,-3.27,771.79,mixed_edge
1-6,target_exhibition_rank_bucket,3,1995,57,2.86,199500,109890,-89610,55.08,1927.89,3.76,67.31,1788.6,-12.23,-0.9,139.29,mixed_edge
1-6,lane1_target_boat_place_diff_bucket,lane1_plus_4_10,2208,85,3.85,220800,121520,-99280,55.04,1429.65,3.76,67.31,1788.6,-12.27,0.09,-358.95,mixed_edge
1-6,other_group_pattern,B-A-A-A,388,9,2.32,38800,21340,-17460,55.0,2371.11,3.76,67.31,1788.6,-12.31,-1.44,582.51,mixed_edge
1-3,lane1_target_exhibition_time_diff_bucket x lane1_target_start_exhibition_st_diff_bucket,target_faster_0.05_0.10 | target_faster_0.03_0.06,195,25,12.82,19500,10680,-8820,54.77,427.2,15.39,80.41,522.51,-25.64,-2.57,-95.31,mixed_edge
1-6,lane1_exhibition_st_rank_bucket,1,3752,135,3.6,375200,205470,-169730,54.76,1522.0,3.76,67.31,1788.6,-12.55,-0.16,-266.6,mixed_edge
1-6,lane1_start_exhibition_gap_bucket,best,3752,135,3.6,375200,205470,-169730,54.76,1522.0,3.76,67.31,1788.6,-12.55,-0.16,-266.6,mixed_edge
1-5,other_b2_count_bucket,2,361,25,6.93,36100,19750,-16350,54.71,790.0,6.07,72.93,1201.46,-18.22,0.86,-411.46,mixed_edge
1-2,lane1_target_start_gap_pair x target_outer_pressure_bucket,>0.06->0.06 | high_other_pressure,2091,218,10.43,209100,114160,-94940,54.6,523.67,18.12,79.62,439.27,-25.02,-7.69,84.4,mixed_edge
1-6,lane1_target_local_win_diff_bucket,lane1_plus_0.35_1.00,1575,53,3.37,157500,85960,-71540,54.58,1621.89,3.76,67.31,1788.6,-12.73,-0.39,-166.71,mixed_edge
1-4,lane1_target_national_rank_pair x target_outer_pressure_bucket,1-3 | high_other_pressure,411,45,10.95,41100,22410,-18690,54.53,498.0,10.28,77.68,755.43,-23.15,0.67,-257.43,mixed_edge
1-2,lane1_target_group_pair x other_a_count_bucket,A-B | 3,541,54,9.98,54100,29390,-24710,54.33,544.26,18.12,79.62,439.27,-25.29,-8.14,104.99,mixed_edge
1-2,lane1_target_group_pair x other_a_count_bucket,A-B | 4,60,8,13.33,6000,3260,-2740,54.33,407.5,18.12,79.62,439.27,-25.29,-4.79,-31.77,mixed_edge
1-4,lane1_target_group_pair x other_a_count_bucket,B-B | 2,1460,49,3.36,146000,79140,-66860,54.21,1615.1,10.28,77.68,755.43,-23.47,-6.92,859.67,mixed_edge
1-5,other_group_pattern,A-B-B-B,866,58,6.7,86600,46930,-39670,54.19,809.14,6.07,72.93,1201.46,-18.74,0.63,-392.32,mixed_edge
1-6,other_a_count_bucket,4,1498,43,2.87,149800,81130,-68670,54.16,1886.74,3.76,67.31,1788.6,-13.15,-0.89,98.14,mixed_edge
1-6,other_group_pattern,A-A-A-A,1498,43,2.87,149800,81130,-68670,54.16,1886.74,3.76,67.31,1788.6,-13.15,-0.89,98.14,mixed_edge
1-6,target_lane x other_a_count_bucket,6 | 4,1498,43,2.87,149800,81130,-68670,54.16,1886.74,3.76,67.31,1788.6,-13.15,-0.89,98.14,mixed_edge
1-6,other_group_pattern,A-B-B-B,894,44,4.92,89400,48370,-41030,54.11,1099.32,3.76,67.31,1788.6,-13.2,1.16,-689.28,mixed_edge
1-6,month,2025-04,4216,142,3.37,421600,228080,-193520,54.1,1606.2,3.76,67.31,1788.6,-13.21,-0.39,-182.4,mixed_edge
1-4,lane1_target_class_pair,A2-B2,235,10,4.26,23500,12700,-10800,54.04,1270.0,10.28,77.68,755.43,-23.64,-6.02,514.57,mixed_edge
1-6,lane1_target_group_pair x other_a_count_bucket,A-A | 4,1228,39,3.18,122800,66330,-56470,54.01,1700.77,3.76,67.31,1788.6,-13.3,-0.58,-87.83,mixed_edge
1-4,lane1_target_group_pair x other_a_count_bucket,A-B | 3,635,31,4.88,63500,34280,-29220,53.98,1105.81,10.28,77.68,755.43,-23.7,-5.4,350.38,mixed_edge
1-4,lane1_target_exhibition_time_diff_bucket x lane1_target_start_exhibition_st_diff_bucket,target_faster_0.05_0.10 | lane1_faster_0.06+,368,32,8.7,36800,19760,-17040,53.7,617.5,10.28,77.68,755.43,-23.98,-1.58,-137.93,mixed_edge
1-6,lane1_target_group_pair x other_a_count_bucket,A-B | 2,1370,20,1.46,137000,73520,-63480,53.66,3676.0,3.76,67.31,1788.6,-13.65,-2.3,1887.4,mixed_edge
1-5,other_st_faster_than_target_count_bucket,4,2053,79,3.85,205300,110100,-95200,53.63,1393.67,6.07,72.93,1201.46,-19.3,-2.22,192.21,mixed_edge
1-5,target_exhibition_st_rank_bucket x other_st_faster_than_target_count_bucket,4+ | 4,2053,79,3.85,205300,110100,-95200,53.63,1393.67,6.07,72.93,1201.46,-19.3,-2.22,192.21,mixed_edge
1-2,lane1_target_start_gap_pair x target_outer_pressure_bucket,>0.06-best | high_other_pressure,509,63,12.38,50900,27260,-23640,53.56,432.7,18.12,79.62,439.27,-26.06,-5.74,-6.57,mixed_edge
1-4,lane1_target_national_rank_pair x target_outer_pressure_bucket,4+-1 | low_other_pressure,242,24,9.92,24200,12910,-11290,53.35,537.92,10.28,77.68,755.43,-24.33,-0.36,-217.51,mixed_edge
1-6,lane1_target_group_pair x other_a_count_bucket,A-B | 3,661,12,1.82,66100,35220,-30880,53.28,2935.0,3.76,67.31,1788.6,-14.03,-1.94,1146.4,mixed_edge
1-5,lane1_target_start_gap_pair x target_outer_pressure_bucket,0.04-0.06-0.04-0.06 | some_other_pressure,75,6,8.0,7500,3990,-3510,53.2,665.0,6.07,72.93,1201.46,-19.73,1.93,-536.46,mixed_edge
1-6,lane1_target_start_gap_pair x target_outer_pressure_bucket,0.04-0.06-<=0.03 | some_other_pressure,63,5,7.94,6300,3350,-2950,53.17,670.0,3.76,67.31,1788.6,-14.14,4.18,-1118.6,mixed_edge
1-5,lane1_target_exhibition_st_rank_pair,4+-3,1299,64,4.93,129900,68940,-60960,53.07,1077.19,6.07,72.93,1201.46,-19.86,-1.14,-124.27,mixed_edge
1-5,lane1_exhibition_st_rank_bucket x target_exhibition_st_rank_bucket,4+ | 3,1299,64,4.93,129900,68940,-60960,53.07,1077.19,6.07,72.93,1201.46,-19.86,-1.14,-124.27,mixed_edge
1-5,target_exhibition_rank_bucket x other_exhibition_faster_than_target_count_bucket,2 | 0,912,61,6.69,91200,48350,-42850,53.02,792.62,6.07,72.93,1201.46,-19.91,0.62,-408.84,mixed_edge
1-6,lane1_target_national_rank_pair,4+-2,894,22,2.46,89400,47330,-42070,52.94,2151.36,3.76,67.31,1788.6,-14.37,-1.3,362.76,mixed_edge
1-6,target_lane x lane1_target_national_rank_pair,6 | 4+-2,894,22,2.46,89400,47330,-42070,52.94,2151.36,3.76,67.31,1788.6,-14.37,-1.3,362.76,mixed_edge
1-4,wave_bucket,10+,262,20,7.63,26200,13870,-12330,52.94,693.5,10.28,77.68,755.43,-24.74,-2.65,-61.93,mixed_edge
1-6,lane1_target_group_pair x other_a_count_bucket,B-B | 1,770,16,2.08,77000,40660,-36340,52.81,2541.25,3.76,67.31,1788.6,-14.5,-1.68,752.65,mixed_edge
1-4,lane1_target_exhibition_time_diff_bucket x lane1_target_start_exhibition_st_diff_bucket,target_faster_0.10+ | near_equal,137,12,8.76,13700,7220,-6480,52.7,601.67,10.28,77.68,755.43,-24.98,-1.52,-153.76,mixed_edge
1-6,other_group_pattern,B-A-A-B,776,19,2.45,77600,40640,-36960,52.37,2138.95,3.76,67.31,1788.6,-14.94,-1.31,350.35,mixed_edge
1-6,lane1_target_exhibition_st_rank_pair,1-4+,2763,86,3.11,276300,143590,-132710,51.97,1669.65,3.76,67.31,1788.6,-15.34,-0.65,-118.95,mixed_edge
1-6,lane1_exhibition_st_rank_bucket x target_exhibition_st_rank_bucket,1 | 4+,2763,86,3.11,276300,143590,-132710,51.97,1669.65,3.76,67.31,1788.6,-15.34,-0.65,-118.95,mixed_edge
1-2,lane1_target_start_gap_pair x target_outer_pressure_bucket,0.04-0.06->0.06 | low_other_pressure,52,10,19.23,5200,2700,-2500,51.92,270.0,18.12,79.62,439.27,-27.7,1.11,-169.27,mixed_edge
1-3,wave_bucket,10+,262,26,9.92,26200,13600,-12600,51.91,523.08,15.39,80.41,522.51,-28.5,-5.47,0.57,mixed_edge
1-5,other_national_better_than_target_count_bucket,4,3326,63,1.89,332600,172340,-160260,51.82,2735.56,6.07,72.93,1201.46,-21.11,-4.18,1534.1,mixed_edge
1-5,target_national_win_rank_bucket x other_national_better_than_target_count_bucket,4+ | 4,3326,63,1.89,332600,172340,-160260,51.82,2735.56,6.07,72.93,1201.46,-21.11,-4.18,1534.1,mixed_edge
1-2,lane1_target_start_gap_pair x target_outer_pressure_bucket,0.04-0.06->0.06 | some_other_pressure,148,25,16.89,14800,7670,-7130,51.82,306.8,18.12,79.62,439.27,-27.8,-1.23,-132.47,mixed_edge
1-3,lane1_target_start_gap_pair x target_outer_pressure_bucket,>0.06->0.06 | low_other_pressure,108,21,19.44,10800,5590,-5210,51.76,266.19,15.39,80.41,522.51,-28.65,4.05,-256.32,mixed_edge
1-4,other_st_faster_than_target_count_bucket,4,2152,149,6.92,215200,111160,-104040,51.65,746.04,10.28,77.68,755.43,-26.03,-3.36,-9.39,mixed_edge
1-4,target_exhibition_st_rank_bucket x other_st_faster_than_target_count_bucket,4+ | 4,2152,149,6.92,215200,111160,-104040,51.65,746.04,10.28,77.68,755.43,-26.03,-3.36,-9.39,mixed_edge
1-2,lane1_target_exhibition_time_diff_bucket x lane1_target_start_exhibition_st_diff_bucket,lane1_faster_0.10+ | target_faster_0.03_0.06,135,17,12.59,13500,6960,-6540,51.56,409.41,18.12,79.62,439.27,-28.06,-5.53,-29.86,mixed_edge
1-6,lane1_target_class_pair,A1-B2,403,5,1.24,40300,20760,-19540,51.51,4152.0,3.76,67.31,1788.6,-15.8,-2.52,2363.4,mixed_edge
1-6,lane1_target_start_gap_pair,>0.06->0.06,1860,52,2.8,186000,95670,-90330,51.44,1839.81,3.76,67.31,1788.6,-15.87,-0.96,51.21,mixed_edge
1-6,target_lane x lane1_target_start_gap_pair,6 | >0.06->0.06,1860,52,2.8,186000,95670,-90330,51.44,1839.81,3.76,67.31,1788.6,-15.87,-0.96,51.21,mixed_edge
1-6,lane1_start_exhibition_gap_bucket x target_start_exhibition_gap_bucket,>0.06 | >0.06,1860,52,2.8,186000,95670,-90330,51.44,1839.81,3.76,67.31,1788.6,-15.87,-0.96,51.21,mixed_edge
1-4,lane1_target_exhibition_st_rank_pair,4+-4+,1717,114,6.64,171700,87610,-84090,51.03,768.51,10.28,77.68,755.43,-26.65,-3.64,13.08,mixed_edge
1-4,lane1_exhibition_st_rank_bucket x target_exhibition_st_rank_bucket,4+ | 4+,1717,114,6.64,171700,87610,-84090,51.03,768.51,10.28,77.68,755.43,-26.65,-3.64,13.08,mixed_edge
1-6,lane1_target_start_gap_pair,<=0.03->0.06,1223,32,2.62,122300,62310,-59990,50.95,1947.19,3.76,67.31,1788.6,-16.36,-1.14,158.59,mixed_edge
1-6,target_lane x lane1_target_start_gap_pair,6 | <=0.03->0.06,1223,32,2.62,122300,62310,-59990,50.95,1947.19,3.76,67.31,1788.6,-16.36,-1.14,158.59,mixed_edge
1-6,lane1_start_exhibition_gap_bucket x target_start_exhibition_gap_bucket,<=0.03 | >0.06,1223,32,2.62,122300,62310,-59990,50.95,1947.19,3.76,67.31,1788.6,-16.36,-1.14,158.59,mixed_edge
1-6,lane1_target_exhibition_time_diff_bucket x lane1_target_start_exhibition_st_diff_bucket,lane1_faster_0.10+ | near_equal,433,19,4.39,43300,22020,-21280,50.85,1158.95,3.76,67.31,1788.6,-16.46,0.63,-629.65,mixed_edge
1-5,lane1_target_start_gap_pair x target_outer_pressure_bucket,>0.06-best | high_other_pressure,959,42,4.38,95900,48680,-47220,50.76,1159.05,6.07,72.93,1201.46,-22.17,-1.69,-42.41,mixed_edge
1-5,lane1_target_national_rank_pair x target_outer_pressure_bucket,3-1 | high_other_pressure,233,21,9.01,23300,11820,-11480,50.73,562.86,6.07,72.93,1201.46,-22.2,2.94,-638.6,mixed_edge
1-5,lane1_target_class_pair,B1-B2,704,7,0.99,70400,35610,-34790,50.58,5087.14,6.07,72.93,1201.46,-22.35,-5.08,3885.68,mixed_edge
1-6,wave_bucket,10+,262,8,3.05,26200,13190,-13010,50.34,1648.75,3.76,67.31,1788.6,-16.97,-0.71,-139.85,mixed_edge
1-5,lane1_target_start_gap_pair x target_outer_pressure_bucket,<=0.03->0.06 | high_other_pressure,881,32,3.63,88100,44100,-44000,50.06,1378.12,6.07,72.93,1201.46,-22.87,-2.44,176.66,mixed_edge
1-5,target_class_group x target_outer_pressure_bucket,B | low_other_pressure,98,8,8.16,9800,4890,-4910,49.9,611.25,6.07,72.93,1201.46,-23.03,2.09,-590.21,mixed_edge
1-6,stadium_code,21,515,18,3.5,51500,25510,-25990,49.53,1417.22,3.76,67.31,1788.6,-17.78,-0.26,-371.38,mixed_edge
1-6,stadium_code x target_lane,21 | 6,515,18,3.5,51500,25510,-25990,49.53,1417.22,3.76,67.31,1788.6,-17.78,-0.26,-371.38,mixed_edge
1-6,lane1_target_start_exhibition_st_diff_bucket,lane1_faster_0.06+,4416,128,2.9,441600,217860,-223740,49.33,1702.03,3.76,67.31,1788.6,-17.98,-0.86,-86.57,mixed_edge
1-5,target_class,B2,1383,22,1.59,138300,68210,-70090,49.32,3100.45,6.07,72.93,1201.46,-23.61,-4.48,1898.99,mixed_edge
1-6,target_start_exhibition_gap_bucket,>0.06,6204,173,2.79,620400,303740,-316660,48.96,1755.72,3.76,67.31,1788.6,-18.35,-0.97,-32.88,mixed_edge
1-6,target_lane x target_start_exhibition_gap_bucket,6 | >0.06,6204,173,2.79,620400,303740,-316660,48.96,1755.72,3.76,67.31,1788.6,-18.35,-0.97,-32.88,mixed_edge
1-6,target_exhibition_st_rank_bucket x other_st_faster_than_target_count_bucket,4+ | 0,67,3,4.48,6700,3280,-3420,48.96,1093.33,3.76,67.31,1788.6,-18.35,0.72,-695.27,mixed_edge
1-6,target_class,B2,2028,16,0.79,202800,99160,-103640,48.9,6197.5,3.76,67.31,1788.6,-18.41,-2.97,4408.9,mixed_edge
1-6,lane1_target_start_gap_pair x target_outer_pressure_bucket,>0.06->0.06 | high_other_pressure,1609,37,2.3,160900,78340,-82560,48.69,2117.3,3.76,67.31,1788.6,-18.62,-1.46,328.7,mixed_edge
1-6,target_class_group x target_outer_pressure_bucket,B | low_other_pressure,75,5,6.67,7500,3630,-3870,48.4,726.0,3.76,67.31,1788.6,-18.91,2.91,-1062.6,mixed_edge
1-6,lane1_target_national_rank_pair,4+-4+,2306,21,0.91,230600,111530,-119070,48.37,5310.95,3.76,67.31,1788.6,-18.94,-2.85,3522.35,mixed_edge
1-6,target_lane x lane1_target_national_rank_pair,6 | 4+-4+,2306,21,0.91,230600,111530,-119070,48.37,5310.95,3.76,67.31,1788.6,-18.94,-2.85,3522.35,mixed_edge
1-6,lane1_target_national_rank_pair x target_outer_pressure_bucket,4+-4+ | high_other_pressure,2306,21,0.91,230600,111530,-119070,48.37,5310.95,3.76,67.31,1788.6,-18.94,-2.85,3522.35,mixed_edge
1-2,lane1_target_start_gap_pair x target_outer_pressure_bucket,>0.06-0.04-0.06 | low_other_pressure,64,10,15.62,6400,3090,-3310,48.28,309.0,18.12,79.62,439.27,-31.34,-2.5,-130.27,mixed_edge
1-2,lane1_target_start_gap_pair x target_outer_pressure_bucket,0.04-0.06-best | low_other_pressure,52,8,15.38,5200,2500,-2700,48.08,312.5,18.12,79.62,439.27,-31.54,-2.74,-126.77,mixed_edge
1-6,stadium_code,02,623,17,2.73,62300,29890,-32410,47.98,1758.24,3.76,67.31,1788.6,-19.33,-1.03,-30.36,mixed_edge
1-6,stadium_code x target_lane,02 | 6,623,17,2.73,62300,29890,-32410,47.98,1758.24,3.76,67.31,1788.6,-19.33,-1.03,-30.36,mixed_edge
1-6,race_no_bucket,1-3R,3514,98,2.79,351400,168390,-183010,47.92,1718.27,3.76,67.31,1788.6,-19.39,-0.97,-70.33,mixed_edge
1-6,race_no_bucket x target_lane,1-3R | 6,3514,98,2.79,351400,168390,-183010,47.92,1718.27,3.76,67.31,1788.6,-19.39,-0.97,-70.33,mixed_edge
1-5,stadium_code,18,502,28,5.58,50200,23960,-26240,47.73,855.71,6.07,72.93,1201.46,-25.2,-0.49,-345.75,mixed_edge
1-5,stadium_code x target_lane,18 | 5,502,28,5.58,50200,23960,-26240,47.73,855.71,6.07,72.93,1201.46,-25.2,-0.49,-345.75,mixed_edge
1-6,target_exhibition_rank_bucket x other_exhibition_faster_than_target_count_bucket,3 | 2,556,16,2.88,55600,26510,-29090,47.68,1656.88,3.76,67.31,1788.6,-19.63,-0.88,-131.72,mixed_edge
1-6,other_st_faster_than_target_count_bucket,4,3234,81,2.5,323400,154040,-169360,47.63,1901.73,3.76,67.31,1788.6,-19.68,-1.26,113.13,mixed_edge
1-6,target_exhibition_st_rank_bucket x other_st_faster_than_target_count_bucket,4+ | 4,3234,81,2.5,323400,154040,-169360,47.63,1901.73,3.76,67.31,1788.6,-19.68,-1.26,113.13,mixed_edge
1-6,lane1_target_group_pair x other_a_count_bucket,B-B | 0,586,14,2.39,58600,27880,-30720,47.58,1991.43,3.76,67.31,1788.6,-19.73,-1.37,202.83,mixed_edge
1-6,lane1_target_start_gap_pair x target_outer_pressure_bucket,>0.06-<=0.03 | low_other_pressure,65,2,3.08,6500,3090,-3410,47.54,1545.0,3.76,67.31,1788.6,-19.77,-0.68,-243.6,mixed_edge
1-6,lane1_target_exhibition_time_diff_bucket x lane1_target_start_exhibition_st_diff_bucket,lane1_faster_0.05_0.10 | lane1_faster_0.06+,975,24,2.46,97500,46340,-51160,47.53,1930.83,3.76,67.31,1788.6,-19.78,-1.3,142.23,mixed_edge
1-6,lane1_target_national_rank_pair x target_outer_pressure_bucket,4+-2 | high_other_pressure,506,12,2.37,50600,24050,-26550,47.53,2004.17,3.76,67.31,1788.6,-19.78,-1.39,215.57,mixed_edge
1-6,lane1_target_start_gap_pair x target_outer_pressure_bucket,<=0.03->0.06 | high_other_pressure,1053,21,1.99,105300,49750,-55550,47.25,2369.05,3.76,67.31,1788.6,-20.06,-1.77,580.45,mixed_edge
1-4,lane1_target_exhibition_time_diff_bucket x lane1_target_start_exhibition_st_diff_bucket,lane1_faster_0.10+ | target_faster_0.03_0.06,172,12,6.98,17200,8110,-9090,47.15,675.83,10.28,77.68,755.43,-30.53,-3.3,-79.6,mixed_edge
1-6,lane1_target_exhibition_time_diff_bucket x lane1_target_start_exhibition_st_diff_bucket,near_equal | lane1_faster_0.06+,2078,62,2.98,207800,97700,-110100,47.02,1575.81,3.76,67.31,1788.6,-20.29,-0.78,-212.79,mixed_edge
1-5,lane1_target_group_pair x other_a_count_bucket,A-B | 4,127,4,3.15,12700,5970,-6730,47.01,1492.5,6.07,72.93,1201.46,-25.92,-2.92,291.04,mixed_edge
1-4,lane1_target_start_gap_pair x target_outer_pressure_bucket,>0.06-best | some_other_pressure,188,19,10.11,18800,8820,-9980,46.91,464.21,10.28,77.68,755.43,-30.77,-0.17,-291.22,mixed_edge
1-6,stadium_code,10,636,21,3.3,63600,29670,-33930,46.65,1412.86,3.76,67.31,1788.6,-20.66,-0.46,-375.74,mixed_edge
1-6,stadium_code x target_lane,10 | 6,636,21,3.3,63600,29670,-33930,46.65,1412.86,3.76,67.31,1788.6,-20.66,-0.46,-375.74,mixed_edge
1-4,lane1_target_exhibition_time_diff_bucket x lane1_target_start_exhibition_st_diff_bucket,target_faster_0.05_0.10 | near_equal,350,32,9.14,35000,16320,-18680,46.63,510.0,10.28,77.68,755.43,-31.05,-1.14,-245.43,mixed_edge
1-5,lane1_target_group_pair x other_a_count_bucket,B-B | 3,748,8,1.07,74800,34820,-39980,46.55,4352.5,6.07,72.93,1201.46,-26.38,-5.0,3151.04,mixed_edge
1-3,lane1_target_start_gap_pair x target_outer_pressure_bucket,>0.06-0.04-0.06 | some_other_pressure,117,15,12.82,11700,5420,-6280,46.32,361.33,15.39,80.41,522.51,-34.09,-2.57,-161.18,mixed_edge
1-5,other_group_pattern,A-A-A-B,597,17,2.85,59700,27550,-32150,46.15,1620.59,6.07,72.93,1201.46,-26.78,-3.22,419.13,mixed_edge
1-4,lane1_target_start_gap_pair x target_outer_pressure_bucket,>0.06-<=0.03 | low_other_pressure,61,6,9.84,6100,2770,-3330,45.41,461.67,10.28,77.68,755.43,-32.27,-0.44,-293.76,mixed_edge
1-6,other_group_pattern,A-A-B-A,569,8,1.41,56900,25830,-31070,45.4,3228.75,3.76,67.31,1788.6,-21.91,-2.35,1440.15,mixed_edge
1-6,lane1_target_exhibition_st_rank_pair,4+-4+,2322,62,2.67,232200,104580,-127620,45.04,1686.77,3.76,67.31,1788.6,-22.27,-1.09,-101.83,mixed_edge
1-6,lane1_exhibition_st_rank_bucket x target_exhibition_st_rank_bucket,4+ | 4+,2322,62,2.67,232200,104580,-127620,45.04,1686.77,3.76,67.31,1788.6,-22.27,-1.09,-101.83,mixed_edge
1-5,lane1_target_start_gap_pair x target_outer_pressure_bucket,best-best | high_other_pressure,178,6,3.37,17800,7990,-9810,44.89,1331.67,6.07,72.93,1201.46,-28.04,-2.7,130.21,mixed_edge
1-6,other_national_better_than_target_count_bucket,4,3910,28,0.72,391000,174390,-216610,44.6,6228.21,3.76,67.31,1788.6,-22.71,-3.04,4439.61,mixed_edge
1-6,target_national_win_rank_bucket x other_national_better_than_target_count_bucket,4+ | 4,3910,28,0.72,391000,174390,-216610,44.6,6228.21,3.76,67.31,1788.6,-22.71,-3.04,4439.61,mixed_edge
1-4,lane1_target_group_pair x target_outer_pressure_bucket,A-B | low_other_pressure,62,9,14.52,6200,2760,-3440,44.52,306.67,10.28,77.68,755.43,-33.16,4.24,-448.76,mixed_edge
1-2,lane1_target_class_pair,A1-B2,85,9,10.59,8500,3760,-4740,44.24,417.78,18.12,79.62,439.27,-35.38,-7.53,-21.49,mixed_edge
1-6,other_st_faster_than_target_count_bucket,3,2620,70,2.67,262000,115280,-146720,44.0,1646.86,3.76,67.31,1788.6,-23.31,-1.09,-141.74,mixed_edge
1-6,target_exhibition_st_rank_bucket x other_st_faster_than_target_count_bucket,4+ | 3,2620,70,2.67,262000,115280,-146720,44.0,1646.86,3.76,67.31,1788.6,-23.31,-1.09,-141.74,mixed_edge
1-2,lane1_target_group_pair x other_a_count_bucket,B-A | 3,210,19,9.05,21000,9240,-11760,44.0,486.32,18.12,79.62,439.27,-35.62,-9.07,47.05,mixed_edge
1-4,lane1_target_start_gap_pair x target_outer_pressure_bucket,>0.06-<=0.03 | some_other_pressure,136,10,7.35,13600,5960,-7640,43.82,596.0,10.28,77.68,755.43,-33.86,-2.93,-159.43,mixed_edge
1-5,lane1_target_exhibition_time_diff_bucket x lane1_target_start_exhibition_st_diff_bucket,target_faster_0.10+ | target_faster_0.03_0.06,67,4,5.97,6700,2910,-3790,43.43,727.5,6.07,72.93,1201.46,-29.5,-0.1,-473.96,mixed_edge
1-6,lane1_target_start_gap_pair,best->0.06,2124,59,2.78,212400,87740,-124660,41.31,1487.12,3.76,67.31,1788.6,-26.0,-0.98,-301.48,mixed_edge
1-6,target_lane x lane1_target_start_gap_pair,6 | best->0.06,2124,59,2.78,212400,87740,-124660,41.31,1487.12,3.76,67.31,1788.6,-26.0,-0.98,-301.48,mixed_edge
1-6,lane1_start_exhibition_gap_bucket x target_start_exhibition_gap_bucket,best | >0.06,2124,59,2.78,212400,87740,-124660,41.31,1487.12,3.76,67.31,1788.6,-26.0,-0.98,-301.48,mixed_edge
1-4,target_class_group x target_outer_pressure_bucket,B | low_other_pressure,109,13,11.93,10900,4480,-6420,41.1,344.62,10.28,77.68,755.43,-36.58,1.65,-410.81,mixed_edge
1-4,lane1_target_start_gap_pair x target_outer_pressure_bucket,0.04-0.06->0.06 | some_other_pressure,112,12,10.71,11200,4560,-6640,40.71,380.0,10.28,77.68,755.43,-36.97,0.43,-375.43,mixed_edge
1-6,lane1_target_start_gap_pair x target_outer_pressure_bucket,best-<=0.03 | low_other_pressure,34,3,8.82,3400,1380,-2020,40.59,460.0,3.76,67.31,1788.6,-26.72,5.06,-1328.6,mixed_edge
1-6,stadium_code,03,488,13,2.66,48800,19580,-29220,40.12,1506.15,3.76,67.31,1788.6,-27.19,-1.1,-282.45,mixed_edge
1-6,stadium_code x target_lane,03 | 6,488,13,2.66,48800,19580,-29220,40.12,1506.15,3.76,67.31,1788.6,-27.19,-1.1,-282.45,mixed_edge
1-6,target_exhibition_rank_bucket x other_exhibition_faster_than_target_count_bucket,3 | 1,1118,27,2.42,111800,44840,-66960,40.11,1660.74,3.76,67.31,1788.6,-27.2,-1.34,-127.86,mixed_edge
1-4,target_class,B2,835,31,3.71,83500,32870,-50630,39.37,1060.32,10.28,77.68,755.43,-38.31,-6.57,304.89,mixed_edge
1-6,lane1_target_start_gap_pair x target_outer_pressure_bucket,best-0.04-0.06 | some_other_pressure,89,4,4.49,8900,3470,-5430,38.99,867.5,3.76,67.31,1788.6,-28.32,0.73,-921.1,mixed_edge
1-6,stadium_code,23,640,17,2.66,64000,24770,-39230,38.7,1457.06,3.76,67.31,1788.6,-28.61,-1.1,-331.54,mixed_edge
1-6,stadium_code x target_lane,23 | 6,640,17,2.66,64000,24770,-39230,38.7,1457.06,3.76,67.31,1788.6,-28.61,-1.1,-331.54,mixed_edge
1-5,lane1_target_class_pair,B2-A1,41,2,4.88,4100,1540,-2560,37.56,770.0,6.07,72.93,1201.46,-35.37,-1.19,-431.46,mixed_edge
1-5,lane1_target_start_gap_pair x target_outer_pressure_bucket,>0.06-<=0.03 | some_other_pressure,126,4,3.17,12600,4720,-7880,37.46,1180.0,6.07,72.93,1201.46,-35.47,-2.9,-21.46,mixed_edge
1-6,lane1_target_group_pair x other_a_count_bucket,B-A | 3,188,4,2.13,18800,6980,-11820,37.13,1745.0,3.76,67.31,1788.6,-30.18,-1.63,-43.6,mixed_edge
1-2,lane1_target_start_gap_pair x target_outer_pressure_bucket,>0.06-<=0.03 | low_other_pressure,66,10,15.15,6600,2430,-4170,36.82,243.0,18.12,79.62,439.27,-42.8,-2.97,-196.27,mixed_edge
1-4,lane1_target_group_pair x target_outer_pressure_bucket,B-B | low_other_pressure,47,4,8.51,4700,1720,-2980,36.6,430.0,10.28,77.68,755.43,-41.08,-1.77,-325.43,mixed_edge
1-6,stadium_code,11,492,12,2.44,49200,17930,-31270,36.44,1494.17,3.76,67.31,1788.6,-30.87,-1.32,-294.43,mixed_edge
1-6,stadium_code x target_lane,11 | 6,492,12,2.44,49200,17930,-31270,36.44,1494.17,3.76,67.31,1788.6,-30.87,-1.32,-294.43,mixed_edge
1-2,lane1_target_start_gap_pair x target_outer_pressure_bucket,<=0.03->0.06 | low_other_pressure,47,8,17.02,4700,1710,-2990,36.38,213.75,18.12,79.62,439.27,-43.24,-1.1,-225.52,mixed_edge
1-5,lane1_target_group_pair x target_outer_pressure_bucket,A-B | low_other_pressure,61,5,8.2,6100,2210,-3890,36.23,442.0,6.07,72.93,1201.46,-36.7,2.13,-759.46,mixed_edge
1-5,lane1_target_start_gap_pair x target_outer_pressure_bucket,best-0.04-0.06 | low_other_pressure,38,3,7.89,3800,1370,-2430,36.05,456.67,6.07,72.93,1201.46,-36.88,1.82,-744.79,mixed_edge
1-5,lane1_target_start_gap_pair x target_outer_pressure_bucket,best-<=0.03 | low_other_pressure,42,3,7.14,4200,1510,-2690,35.95,503.33,6.07,72.93,1201.46,-36.98,1.07,-698.13,mixed_edge
1-6,other_b2_count_bucket,2,254,11,4.33,25400,9050,-16350,35.63,822.73,3.76,67.31,1788.6,-31.68,0.57,-965.87,mixed_edge
1-2,lane1_target_exhibition_time_diff_bucket x lane1_target_start_exhibition_st_diff_bucket,target_faster_0.10+ | target_faster_0.06+,108,10,9.26,10800,3830,-6970,35.46,383.0,18.12,79.62,439.27,-44.16,-8.86,-56.27,mixed_edge
1-4,lane1_target_start_gap_pair x target_outer_pressure_bucket,0.04-0.06->0.06 | low_other_pressure,35,4,11.43,3500,1240,-2260,35.43,310.0,10.28,77.68,755.43,-42.25,1.15,-445.43,mixed_edge
1-6,lane1_target_start_gap_pair x target_outer_pressure_bucket,best->0.06 | high_other_pressure,1823,37,2.03,182300,64100,-118200,35.16,1732.43,3.76,67.31,1788.6,-32.15,-1.73,-56.17,mixed_edge
1-5,lane1_target_start_gap_pair x target_outer_pressure_bucket,<=0.03-<=0.03 | some_other_pressure,78,3,3.85,7800,2740,-5060,35.13,913.33,6.07,72.93,1201.46,-37.8,-2.22,-288.13,mixed_edge
1-5,lane1_target_start_gap_pair x target_outer_pressure_bucket,0.04-0.06-<=0.03 | some_other_pressure,70,5,7.14,7000,2360,-4640,33.71,472.0,6.07,72.93,1201.46,-39.22,1.07,-729.46,mixed_edge
1-6,lane1_target_exhibition_time_diff_bucket x lane1_target_start_exhibition_st_diff_bucket,lane1_faster_0.10+ | lane1_faster_0.06+,687,17,2.47,68700,22770,-45930,33.14,1339.41,3.76,67.31,1788.6,-34.17,-1.29,-449.19,mixed_edge
1-4,lane1_target_start_gap_pair x target_outer_pressure_bucket,best-0.04-0.06 | low_other_pressure,49,6,12.24,4900,1620,-3280,33.06,270.0,10.28,77.68,755.43,-44.62,1.96,-485.43,mixed_edge
1-6,lane1_target_class_pair,A2-B2,572,5,0.87,57200,18510,-38690,32.36,3702.0,3.76,67.31,1788.6,-34.95,-2.89,1913.4,mixed_edge
1-3,lane1_target_start_gap_pair x target_outer_pressure_bucket,0.04-0.06-<=0.03 | low_other_pressure,37,4,10.81,3700,1190,-2510,32.16,297.5,15.39,80.41,522.51,-48.25,-4.58,-225.01,mixed_edge
1-3,lane1_target_class_pair,B2-B1,179,11,6.15,17900,5340,-12560,29.83,485.45,15.39,80.41,522.51,-50.58,-9.24,-37.06,mixed_edge
1-5,lane1_target_exhibition_time_diff_bucket x lane1_target_start_exhibition_st_diff_bucket,lane1_faster_0.10+ | target_faster_0.06+,397,13,3.27,39700,11820,-27880,29.77,909.23,6.07,72.93,1201.46,-43.16,-2.8,-292.23,mixed_edge
1-6,grade_group,G3,540,8,1.48,54000,16010,-37990,29.65,2001.25,3.76,67.31,1788.6,-37.66,-2.28,212.65,mixed_edge
1-5,lane1_target_class_pair,A1-B2,236,5,2.12,23600,6570,-17030,27.84,1314.0,6.07,72.93,1201.46,-45.09,-3.95,112.54,mixed_edge
1-4,lane1_target_class_pair,B2-B1,187,6,3.21,18700,5150,-13550,27.54,858.33,10.28,77.68,755.43,-50.14,-7.07,102.9,mixed_edge
1-5,lane1_target_class_pair,B2-B2,50,1,2.0,5000,1350,-3650,27.0,1350.0,6.07,72.93,1201.46,-45.93,-4.07,148.54,mixed_edge
1-6,lane1_target_start_gap_pair,best-best,193,5,2.59,19300,5140,-14160,26.63,1028.0,3.76,67.31,1788.6,-40.68,-1.17,-760.6,mixed_edge
1-6,target_lane x lane1_target_start_gap_pair,6 | best-best,193,5,2.59,19300,5140,-14160,26.63,1028.0,3.76,67.31,1788.6,-40.68,-1.17,-760.6,mixed_edge
1-6,lane1_start_exhibition_gap_bucket x target_start_exhibition_gap_bucket,best | best,193,5,2.59,19300,5140,-14160,26.63,1028.0,3.76,67.31,1788.6,-40.68,-1.17,-760.6,mixed_edge
1-6,lane1_target_start_gap_pair x target_outer_pressure_bucket,best-best | high_other_pressure,153,3,1.96,15300,3820,-11480,24.97,1273.33,3.76,67.31,1788.6,-42.34,-1.8,-515.27,mixed_edge
1-6,lane1_target_start_gap_pair x target_outer_pressure_bucket,>0.06-0.04-0.06 | low_other_pressure,47,3,6.38,4700,1170,-3530,24.89,390.0,3.76,67.31,1788.6,-42.42,2.62,-1398.6,mixed_edge
1-4,lane1_target_start_gap_pair x target_outer_pressure_bucket,0.04-0.06-<=0.03 | low_other_pressure,30,2,6.67,3000,720,-2280,24.0,360.0,10.28,77.68,755.43,-53.68,-3.61,-395.43,mixed_edge
1-6,lane1_target_class_pair,B2-A2,63,2,3.17,6300,1510,-4790,23.97,755.0,3.76,67.31,1788.6,-43.34,-0.59,-1033.6,mixed_edge
1-6,lane1_class,B2,320,6,1.88,32000,7010,-24990,21.91,1168.33,3.76,67.31,1788.6,-45.4,-1.88,-620.27,mixed_edge
1-4,lane1_target_class_pair,B1-B2,425,9,2.12,42500,8460,-34040,19.91,940.0,10.28,77.68,755.43,-57.77,-8.16,184.57,mixed_edge
1-5,lane1_target_national_rank_pair x target_outer_pressure_bucket,1-2 | low_other_pressure,138,6,4.35,13800,2610,-11190,18.91,435.0,6.07,72.93,1201.46,-54.02,-1.72,-766.46,mixed_edge
1-6,lane1_target_start_gap_pair x target_outer_pressure_bucket,0.04-0.06->0.06 | some_other_pressure,100,2,2.0,10000,1730,-8270,17.3,865.0,3.76,67.31,1788.6,-50.01,-1.76,-923.6,mixed_edge
1-5,target_exhibition_rank_bucket x other_exhibition_faster_than_target_count_bucket,4+ | 0,35,1,2.86,3500,510,-2990,14.57,510.0,6.07,72.93,1201.46,-58.36,-3.21,-691.46,mixed_edge
1-5,grade_group,G2,72,1,1.39,7200,910,-6290,12.64,910.0,6.07,72.93,1201.46,-60.29,-4.68,-291.46,mixed_edge
1-6,lane1_target_class_pair,B2-B1,144,1,0.69,14400,1770,-12630,12.29,1770.0,3.76,67.31,1788.6,-55.02,-3.07,-18.6,mixed_edge
1-4,target_exhibition_st_rank_bucket,missing,78,1,1.28,7800,650,-7150,8.33,650.0,10.28,77.68,755.43,-69.35,-9.0,-105.43,mixed_edge
1-4,target_start_exhibition_gap_bucket,missing,78,1,1.28,7800,650,-7150,8.33,650.0,10.28,77.68,755.43,-69.35,-9.0,-105.43,mixed_edge
1-4,target_lane x target_exhibition_st_rank_bucket,4 | missing,78,1,1.28,7800,650,-7150,8.33,650.0,10.28,77.68,755.43,-69.35,-9.0,-105.43,mixed_edge
1-4,target_lane x target_start_exhibition_gap_bucket,4 | missing,78,1,1.28,7800,650,-7150,8.33,650.0,10.28,77.68,755.43,-69.35,-9.0,-105.43,mixed_edge
1-4,target_exhibition_st_rank_bucket x other_st_faster_than_target_count_bucket,missing | 0,78,1,1.28,7800,650,-7150,8.33,650.0,10.28,77.68,755.43,-69.35,-9.0,-105.43,mixed_edge
1-4,lane1_target_start_exhibition_st_diff_bucket,missing,146,1,0.68,14600,650,-13950,4.45,650.0,10.28,77.68,755.43,-73.23,-9.6,-105.43,mixed_edge
1-3,lane1_target_exhibition_time_diff_bucket,missing,155,0,0.0,15500,0,-15500,0.0,0.0,15.39,80.41,522.51,-80.41,-15.39,-522.51,mixed_edge
1-3,lane1_target_start_exhibition_st_diff_bucket,missing,154,0,0.0,15400,0,-15400,0.0,0.0,15.39,80.41,522.51,-80.41,-15.39,-522.51,mixed_edge
1-3,lane1_target_exhibition_time_diff_bucket x lane1_target_start_exhibition_st_diff_bucket,missing | missing,154,0,0.0,15400,0,-15400,0.0,0.0,15.39,80.41,522.51,-80.41,-15.39,-522.51,mixed_edge
1-2,lane1_target_exhibition_time_diff_bucket,missing,144,0,0.0,14400,0,-14400,0.0,0.0,18.12,79.62,439.27,-79.62,-18.12,-439.27,mixed_edge
1-4,lane1_target_exhibition_time_diff_bucket,missing,144,0,0.0,14400,0,-14400,0.0,0.0,10.28,77.68,755.43,-77.68,-10.28,-755.43,mixed_edge
1-4,lane1_target_exhibition_time_diff_bucket x lane1_target_start_exhibition_st_diff_bucket,missing | missing,144,0,0.0,14400,0,-14400,0.0,0.0,10.28,77.68,755.43,-77.68,-10.28,-755.43,mixed_edge
1-2,lane1_target_start_exhibition_st_diff_bucket,missing,143,0,0.0,14300,0,-14300,0.0,0.0,18.12,79.62,439.27,-79.62,-18.12,-439.27,mixed_edge
1-2,lane1_target_exhibition_time_diff_bucket x lane1_target_start_exhibition_st_diff_bucket,missing | missing,143,0,0.0,14300,0,-14300,0.0,0.0,18.12,79.62,439.27,-79.62,-18.12,-439.27,mixed_edge
1-6,lane1_target_exhibition_time_diff_bucket,missing,143,0,0.0,14300,0,-14300,0.0,0.0,3.76,67.31,1788.6,-67.31,-3.76,-1788.6,mixed_edge
1-6,lane1_target_start_exhibition_st_diff_bucket,missing,143,0,0.0,14300,0,-14300,0.0,0.0,3.76,67.31,1788.6,-67.31,-3.76,-1788.6,mixed_edge
1-5,lane1_target_exhibition_time_diff_bucket,missing,142,0,0.0,14200,0,-14200,0.0,0.0,6.07,72.93,1201.46,-72.93,-6.07,-1201.46,mixed_edge
1-5,lane1_target_start_exhibition_st_diff_bucket,missing,141,0,0.0,14100,0,-14100,0.0,0.0,6.07,72.93,1201.46,-72.93,-6.07,-1201.46,mixed_edge
1-5,lane1_target_exhibition_time_diff_bucket x lane1_target_start_exhibition_st_diff_bucket,missing | missing,141,0,0.0,14100,0,-14100,0.0,0.0,6.07,72.93,1201.46,-72.93,-6.07,-1201.46,mixed_edge
1-6,lane1_target_exhibition_time_diff_bucket x lane1_target_start_exhibition_st_diff_bucket,missing | missing,141,0,0.0,14100,0,-14100,0.0,0.0,3.76,67.31,1788.6,-67.31,-3.76,-1788.6,mixed_edge
1-3,target_exhibition_rank_bucket,missing,88,0,0.0,8800,0,-8800,0.0,0.0,15.39,80.41,522.51,-80.41,-15.39,-522.51,mixed_edge
1-3,target_exhibition_rank_bucket x other_exhibition_faster_than_target_count_bucket,missing | 0,88,0,0.0,8800,0,-8800,0.0,0.0,15.39,80.41,522.51,-80.41,-15.39,-522.51,mixed_edge
1-3,target_exhibition_st_rank_bucket,missing,87,0,0.0,8700,0,-8700,0.0,0.0,15.39,80.41,522.51,-80.41,-15.39,-522.51,mixed_edge
1-3,target_start_exhibition_gap_bucket,missing,87,0,0.0,8700,0,-8700,0.0,0.0,15.39,80.41,522.51,-80.41,-15.39,-522.51,mixed_edge
1-3,target_lane x target_exhibition_st_rank_bucket,3 | missing,87,0,0.0,8700,0,-8700,0.0,0.0,15.39,80.41,522.51,-80.41,-15.39,-522.51,mixed_edge
1-3,target_lane x target_start_exhibition_gap_bucket,3 | missing,87,0,0.0,8700,0,-8700,0.0,0.0,15.39,80.41,522.51,-80.41,-15.39,-522.51,mixed_edge
1-3,target_exhibition_st_rank_bucket x other_st_faster_than_target_count_bucket,missing | 0,87,0,0.0,8700,0,-8700,0.0,0.0,15.39,80.41,522.51,-80.41,-15.39,-522.51,mixed_edge
1-2,target_exhibition_rank_bucket,missing,76,0,0.0,7600,0,-7600,0.0,0.0,18.12,79.62,439.27,-79.62,-18.12,-439.27,mixed_edge
1-2,target_exhibition_rank_bucket x other_exhibition_faster_than_target_count_bucket,missing | 0,76,0,0.0,7600,0,-7600,0.0,0.0,18.12,79.62,439.27,-79.62,-18.12,-439.27,mixed_edge
1-4,target_exhibition_rank_bucket,missing,76,0,0.0,7600,0,-7600,0.0,0.0,10.28,77.68,755.43,-77.68,-10.28,-755.43,mixed_edge
1-4,target_exhibition_rank_bucket x other_exhibition_faster_than_target_count_bucket,missing | 0,76,0,0.0,7600,0,-7600,0.0,0.0,10.28,77.68,755.43,-77.68,-10.28,-755.43,mixed_edge
1-2,target_exhibition_st_rank_bucket,missing,75,0,0.0,7500,0,-7500,0.0,0.0,18.12,79.62,439.27,-79.62,-18.12,-439.27,mixed_edge
1-2,target_start_exhibition_gap_bucket,missing,75,0,0.0,7500,0,-7500,0.0,0.0,18.12,79.62,439.27,-79.62,-18.12,-439.27,mixed_edge
1-2,target_lane x target_exhibition_st_rank_bucket,2 | missing,75,0,0.0,7500,0,-7500,0.0,0.0,18.12,79.62,439.27,-79.62,-18.12,-439.27,mixed_edge
1-2,target_lane x target_start_exhibition_gap_bucket,2 | missing,75,0,0.0,7500,0,-7500,0.0,0.0,18.12,79.62,439.27,-79.62,-18.12,-439.27,mixed_edge
1-2,target_exhibition_st_rank_bucket x other_st_faster_than_target_count_bucket,missing | 0,75,0,0.0,7500,0,-7500,0.0,0.0,18.12,79.62,439.27,-79.62,-18.12,-439.27,mixed_edge
1-5,target_exhibition_rank_bucket,missing,75,0,0.0,7500,0,-7500,0.0,0.0,6.07,72.93,1201.46,-72.93,-6.07,-1201.46,mixed_edge
1-5,target_exhibition_rank_bucket x other_exhibition_faster_than_target_count_bucket,missing | 0,75,0,0.0,7500,0,-7500,0.0,0.0,6.07,72.93,1201.46,-72.93,-6.07,-1201.46,mixed_edge
1-5,target_exhibition_st_rank_bucket,missing,74,0,0.0,7400,0,-7400,0.0,0.0,6.07,72.93,1201.46,-72.93,-6.07,-1201.46,mixed_edge
1-5,target_start_exhibition_gap_bucket,missing,74,0,0.0,7400,0,-7400,0.0,0.0,6.07,72.93,1201.46,-72.93,-6.07,-1201.46,mixed_edge
1-5,target_lane x target_exhibition_st_rank_bucket,5 | missing,74,0,0.0,7400,0,-7400,0.0,0.0,6.07,72.93,1201.46,-72.93,-6.07,-1201.46,mixed_edge
1-5,target_lane x target_start_exhibition_gap_bucket,5 | missing,74,0,0.0,7400,0,-7400,0.0,0.0,6.07,72.93,1201.46,-72.93,-6.07,-1201.46,mixed_edge
1-5,target_exhibition_st_rank_bucket x other_st_faster_than_target_count_bucket,missing | 0,74,0,0.0,7400,0,-7400,0.0,0.0,6.07,72.93,1201.46,-72.93,-6.07,-1201.46,mixed_edge
1-6,target_exhibition_rank_bucket,missing,74,0,0.0,7400,0,-7400,0.0,0.0,3.76,67.31,1788.6,-67.31,-3.76,-1788.6,mixed_edge
1-6,target_exhibition_st_rank_bucket,missing,74,0,0.0,7400,0,-7400,0.0,0.0,3.76,67.31,1788.6,-67.31,-3.76,-1788.6,mixed_edge
1-6,target_start_exhibition_gap_bucket,missing,74,0,0.0,7400,0,-7400,0.0,0.0,3.76,67.31,1788.6,-67.31,-3.76,-1788.6,mixed_edge
1-6,target_lane x target_exhibition_st_rank_bucket,6 | missing,74,0,0.0,7400,0,-7400,0.0,0.0,3.76,67.31,1788.6,-67.31,-3.76,-1788.6,mixed_edge
1-6,target_lane x target_start_exhibition_gap_bucket,6 | missing,74,0,0.0,7400,0,-7400,0.0,0.0,3.76,67.31,1788.6,-67.31,-3.76,-1788.6,mixed_edge
1-6,target_exhibition_st_rank_bucket x other_st_faster_than_target_count_bucket,missing | 0,74,0,0.0,7400,0,-7400,0.0,0.0,3.76,67.31,1788.6,-67.31,-3.76,-1788.6,mixed_edge
1-6,target_exhibition_rank_bucket x other_exhibition_faster_than_target_count_bucket,missing | 0,74,0,0.0,7400,0,-7400,0.0,0.0,3.76,67.31,1788.6,-67.31,-3.76,-1788.6,mixed_edge
1-2,lane1_exhibition_rank_bucket,missing,73,0,0.0,7300,0,-7300,0.0,0.0,18.12,79.62,439.27,-79.62,-18.12,-439.27,mixed_edge
1-2,lane1_exhibition_st_rank_bucket,missing,73,0,0.0,7300,0,-7300,0.0,0.0,18.12,79.62,439.27,-79.62,-18.12,-439.27,mixed_edge
1-2,lane1_start_exhibition_gap_bucket,missing,73,0,0.0,7300,0,-7300,0.0,0.0,18.12,79.62,439.27,-79.62,-18.12,-439.27,mixed_edge
1-3,lane1_exhibition_rank_bucket,missing,73,0,0.0,7300,0,-7300,0.0,0.0,15.39,80.41,522.51,-80.41,-15.39,-522.51,mixed_edge
1-3,lane1_exhibition_st_rank_bucket,missing,73,0,0.0,7300,0,-7300,0.0,0.0,15.39,80.41,522.51,-80.41,-15.39,-522.51,mixed_edge
1-3,lane1_start_exhibition_gap_bucket,missing,73,0,0.0,7300,0,-7300,0.0,0.0,15.39,80.41,522.51,-80.41,-15.39,-522.51,mixed_edge
1-4,lane1_exhibition_rank_bucket,missing,73,0,0.0,7300,0,-7300,0.0,0.0,10.28,77.68,755.43,-77.68,-10.28,-755.43,mixed_edge
1-4,lane1_exhibition_st_rank_bucket,missing,73,0,0.0,7300,0,-7300,0.0,0.0,10.28,77.68,755.43,-77.68,-10.28,-755.43,mixed_edge
1-4,lane1_start_exhibition_gap_bucket,missing,73,0,0.0,7300,0,-7300,0.0,0.0,10.28,77.68,755.43,-77.68,-10.28,-755.43,mixed_edge
1-5,lane1_exhibition_rank_bucket,missing,73,0,0.0,7300,0,-7300,0.0,0.0,6.07,72.93,1201.46,-72.93,-6.07,-1201.46,mixed_edge
1-5,lane1_exhibition_st_rank_bucket,missing,73,0,0.0,7300,0,-7300,0.0,0.0,6.07,72.93,1201.46,-72.93,-6.07,-1201.46,mixed_edge
1-5,lane1_start_exhibition_gap_bucket,missing,73,0,0.0,7300,0,-7300,0.0,0.0,6.07,72.93,1201.46,-72.93,-6.07,-1201.46,mixed_edge
1-6,lane1_exhibition_rank_bucket,missing,73,0,0.0,7300,0,-7300,0.0,0.0,3.76,67.31,1788.6,-67.31,-3.76,-1788.6,mixed_edge
1-6,lane1_exhibition_st_rank_bucket,missing,73,0,0.0,7300,0,-7300,0.0,0.0,3.76,67.31,1788.6,-67.31,-3.76,-1788.6,mixed_edge
1-6,lane1_start_exhibition_gap_bucket,missing,73,0,0.0,7300,0,-7300,0.0,0.0,3.76,67.31,1788.6,-67.31,-3.76,-1788.6,mixed_edge
1-6,lane1_target_class_pair,B2-B2,63,0,0.0,6300,0,-6300,0.0,0.0,3.76,67.31,1788.6,-67.31,-3.76,-1788.6,mixed_edge
1-5,lane1_target_group_pair x other_a_count_bucket,B-B | 4,62,0,0.0,6200,0,-6200,0.0,0.0,6.07,72.93,1201.46,-72.93,-6.07,-1201.46,mixed_edge
1-5,target_exhibition_st_rank_bucket x other_st_faster_than_target_count_bucket,4+ | 0,48,0,0.0,4800,0,-4800,0.0,0.0,6.07,72.93,1201.46,-72.93,-6.07,-1201.46,mixed_edge
1-6,lane1_target_group_pair x other_a_count_bucket,B-B | 4,45,0,0.0,4500,0,-4500,0.0,0.0,3.76,67.31,1788.6,-67.31,-3.76,-1788.6,mixed_edge
1-6,lane1_target_start_gap_pair x target_outer_pressure_bucket,0.04-0.06-0.04-0.06 | some_other_pressure,42,0,0.0,4200,0,-4200,0.0,0.0,3.76,67.31,1788.6,-67.31,-3.76,-1788.6,mixed_edge
1-6,lane1_target_exhibition_st_rank_pair,missing-4+,36,0,0.0,3600,0,-3600,0.0,0.0,3.76,67.31,1788.6,-67.31,-3.76,-1788.6,mixed_edge
1-6,lane1_exhibition_st_rank_bucket x target_exhibition_st_rank_bucket,missing | 4+,36,0,0.0,3600,0,-3600,0.0,0.0,3.76,67.31,1788.6,-67.31,-3.76,-1788.6,mixed_edge
1-5,lane1_target_exhibition_st_rank_pair,missing-4+,32,0,0.0,3200,0,-3200,0.0,0.0,6.07,72.93,1201.46,-72.93,-6.07,-1201.46,mixed_edge
1-5,lane1_exhibition_st_rank_bucket x target_exhibition_st_rank_bucket,missing | 4+,32,0,0.0,3200,0,-3200,0.0,0.0,6.07,72.93,1201.46,-72.93,-6.07,-1201.46,mixed_edge
1-6,lane1_target_start_gap_pair,>0.06-missing,31,0,0.0,3100,0,-3100,0.0,0.0,3.76,67.31,1788.6,-67.31,-3.76,-1788.6,mixed_edge
1-6,target_lane x lane1_target_start_gap_pair,6 | >0.06-missing,31,0,0.0,3100,0,-3100,0.0,0.0,3.76,67.31,1788.6,-67.31,-3.76,-1788.6,mixed_edge
1-6,lane1_start_exhibition_gap_bucket x target_start_exhibition_gap_bucket,>0.06 | missing,31,0,0.0,3100,0,-3100,0.0,0.0,3.76,67.31,1788.6,-67.31,-3.76,-1788.6,mixed_edge
1-4,lane1_target_exhibition_st_rank_pair,4+-missing,30,0,0.0,3000,0,-3000,0.0,0.0,10.28,77.68,755.43,-77.68,-10.28,-755.43,mixed_edge
1-4,lane1_exhibition_st_rank_bucket x target_exhibition_st_rank_bucket,4+ | missing,30,0,0.0,3000,0,-3000,0.0,0.0,10.28,77.68,755.43,-77.68,-10.28,-755.43,mixed_edge
1-6,lane1_target_start_gap_pair,missing->0.06,30,0,0.0,3000,0,-3000,0.0,0.0,3.76,67.31,1788.6,-67.31,-3.76,-1788.6,mixed_edge
1-6,target_lane x lane1_target_start_gap_pair,6 | missing->0.06,30,0,0.0,3000,0,-3000,0.0,0.0,3.76,67.31,1788.6,-67.31,-3.76,-1788.6,mixed_edge
1-6,lane1_start_exhibition_gap_bucket x target_start_exhibition_gap_bucket,missing | >0.06,30,0,0.0,3000,0,-3000,0.0,0.0,3.76,67.31,1788.6,-67.31,-3.76,-1788.6,mixed_edge
