combo,slice_family,slice_value,sample_races,hits,hit_rate_pct,stake_yen,return_yen,profit_yen,roi_pct,avg_hit_payout_yen,baseline_hit_rate_pct,baseline_roi_pct,baseline_avg_hit_payout_yen,roi_lift_pct,hit_rate_lift_pct,avg_payout_lift_yen,distortion_type
1-6,target_exhibition_rank_bucket x other_exhibition_faster_than_target_count_bucket,4+ | 0,54,3,5.56,5400,13400,8000,248.15,4466.67,3.94,69.07,1754.72,179.08,1.62,2711.95,price_distortion
1-6,lane1_target_exhibition_time_diff_bucket x lane1_target_start_exhibition_st_diff_bucket,target_faster_0.05_0.10 | lane1_faster_0.03_0.06,209,17,8.13,20900,50020,29120,239.33,2942.35,3.94,69.07,1754.72,170.26,4.19,1187.63,price_distortion
1-6,lane1_target_exhibition_st_rank_pair,3-1,262,29,11.07,26200,62080,35880,236.95,2140.69,3.94,69.07,1754.72,167.88,7.13,385.97,price_distortion
1-6,lane1_exhibition_st_rank_bucket x target_exhibition_st_rank_bucket,3 | 1,262,29,11.07,26200,62080,35880,236.95,2140.69,3.94,69.07,1754.72,167.88,7.13,385.97,price_distortion
1-6,lane1_target_start_gap_pair x target_outer_pressure_bucket,0.04-0.06-0.04-0.06 | some_other_pressure,51,8,15.69,5100,11710,6610,229.61,1463.75,3.94,69.07,1754.72,160.54,11.75,-290.97,probability_plus_price
1-6,lane1_target_class_pair,B2-A2,58,2,3.45,5800,13240,7440,228.28,6620.0,3.94,69.07,1754.72,159.21,-0.49,4865.28,price_distortion
1-5,lane1_target_class_pair,B2-B1,162,9,5.56,16200,33300,17100,205.56,3700.0,6.4,77.77,1215.84,127.79,-0.84,2484.16,price_distortion
1-6,lane1_target_start_gap_pair x target_outer_pressure_bucket,best-best | high_other_pressure,91,10,10.99,9100,16370,7270,179.89,1637.0,3.94,69.07,1754.72,110.82,7.05,-117.72,probability_plus_price
1-6,lane1_target_start_gap_pair x target_outer_pressure_bucket,<=0.03-best | some_other_pressure,67,8,11.94,6700,11750,5050,175.37,1468.75,3.94,69.07,1754.72,106.3,8.0,-285.97,probability_plus_price
1-6,target_exhibition_st_rank_bucket x other_st_faster_than_target_count_bucket,3 | 0,219,12,5.48,21900,37790,15890,172.56,3149.17,3.94,69.07,1754.72,103.49,1.54,1394.45,price_distortion
1-5,lane1_target_exhibition_time_diff_bucket x lane1_target_start_exhibition_st_diff_bucket,target_faster_0.10+ | target_faster_0.03_0.06,73,9,12.33,7300,12510,5210,171.37,1390.0,6.4,77.77,1215.84,93.6,5.93,174.16,price_distortion
1-4,lane1_target_group_pair x other_a_count_bucket,B-B | 4,83,5,6.02,8300,14100,5800,169.88,2820.0,10.2,75.25,737.84,94.63,-4.18,2082.16,price_distortion
1-6,lane1_target_start_gap_pair x target_outer_pressure_bucket,0.04-0.06-best | low_other_pressure,55,13,23.64,5500,9200,3700,167.27,707.69,3.94,69.07,1754.72,98.2,19.7,-1047.03,probability_plus_price
1-6,lane1_target_group_pair x target_outer_pressure_bucket,A-B | low_other_pressure,32,6,18.75,3200,5350,2150,167.19,891.67,3.94,69.07,1754.72,98.12,14.81,-863.05,probability_plus_price
1-5,lane1_target_exhibition_st_rank_pair,2-1,318,42,13.21,31800,52780,20980,165.97,1256.67,6.4,77.77,1215.84,88.2,6.81,40.83,probability_plus_price
1-5,lane1_exhibition_st_rank_bucket x target_exhibition_st_rank_bucket,2 | 1,318,42,13.21,31800,52780,20980,165.97,1256.67,6.4,77.77,1215.84,88.2,6.81,40.83,probability_plus_price
1-6,lane1_target_start_gap_pair,<=0.03-best,486,43,8.85,48600,79640,31040,163.87,1852.09,3.94,69.07,1754.72,94.8,4.91,97.37,price_distortion
1-6,target_lane x lane1_target_start_gap_pair,6 | <=0.03-best,486,43,8.85,48600,79640,31040,163.87,1852.09,3.94,69.07,1754.72,94.8,4.91,97.37,price_distortion
1-6,lane1_start_exhibition_gap_bucket x target_start_exhibition_gap_bucket,<=0.03 | best,486,43,8.85,48600,79640,31040,163.87,1852.09,3.94,69.07,1754.72,94.8,4.91,97.37,price_distortion
1-6,lane1_target_start_gap_pair x target_outer_pressure_bucket,<=0.03-best | high_other_pressure,382,28,7.33,38200,61910,23710,162.07,2211.07,3.94,69.07,1754.72,93.0,3.39,456.35,price_distortion
1-6,lane1_target_exhibition_st_rank_pair,1-2,321,37,11.53,32100,52020,19920,162.06,1405.95,3.94,69.07,1754.72,92.99,7.59,-348.77,probability_plus_price
1-6,lane1_exhibition_st_rank_bucket x target_exhibition_st_rank_bucket,1 | 2,321,37,11.53,32100,52020,19920,162.06,1405.95,3.94,69.07,1754.72,92.99,7.59,-348.77,probability_plus_price
1-6,lane1_target_start_gap_pair x target_outer_pressure_bucket,<=0.03-best | low_other_pressure,37,7,18.92,3700,5980,2280,161.62,854.29,3.94,69.07,1754.72,92.55,14.98,-900.43,probability_plus_price
1-6,lane1_target_start_gap_pair,best-best,124,14,11.29,12400,19760,7360,159.35,1411.43,3.94,69.07,1754.72,90.28,7.35,-343.29,probability_plus_price
1-6,target_lane x lane1_target_start_gap_pair,6 | best-best,124,14,11.29,12400,19760,7360,159.35,1411.43,3.94,69.07,1754.72,90.28,7.35,-343.29,probability_plus_price
1-6,lane1_start_exhibition_gap_bucket x target_start_exhibition_gap_bucket,best | best,124,14,11.29,12400,19760,7360,159.35,1411.43,3.94,69.07,1754.72,90.28,7.35,-343.29,probability_plus_price
1-4,lane1_target_start_gap_pair x target_outer_pressure_bucket,best-best | high_other_pressure,152,32,21.05,15200,23640,8440,155.53,738.75,10.2,75.25,737.84,80.28,10.85,0.91,probability_plus_price
1-4,lane1_target_start_gap_pair x target_outer_pressure_bucket,best-0.04-0.06 | low_other_pressure,63,21,33.33,6300,9680,3380,153.65,460.95,10.2,75.25,737.84,78.4,23.13,-276.89,probability_plus_price
1-2,lane1_target_start_gap_pair x target_outer_pressure_bucket,best-best | some_other_pressure,61,22,36.07,6100,9360,3260,153.44,425.45,17.68,78.75,445.55,74.69,18.39,-20.1,probability_plus_price
1-6,target_exhibition_st_rank_bucket x other_st_faster_than_target_count_bucket,4+ | 0,70,5,7.14,7000,10520,3520,150.29,2104.0,3.94,69.07,1754.72,81.22,3.2,349.28,price_distortion
1-6,lane1_target_exhibition_st_rank_pair,2-1,322,31,9.63,32200,47900,15700,148.76,1545.16,3.94,69.07,1754.72,79.69,5.69,-209.56,probability_plus_price
1-6,lane1_exhibition_st_rank_bucket x target_exhibition_st_rank_bucket,2 | 1,322,31,9.63,32200,47900,15700,148.76,1545.16,3.94,69.07,1754.72,79.69,5.69,-209.56,probability_plus_price
1-5,lane1_class,B2,315,15,4.76,31500,46430,14930,147.4,3095.33,6.4,77.77,1215.84,69.63,-1.64,1879.49,price_distortion
1-5,lane1_target_group_pair x other_a_count_bucket,B-A | 3,270,18,6.67,27000,39360,12360,145.78,2186.67,6.4,77.77,1215.84,68.01,0.27,970.83,price_distortion
1-6,lane1_target_national_rank_pair x target_outer_pressure_bucket,1-2 | some_other_pressure,103,17,16.5,10300,14940,4640,145.05,878.82,3.94,69.07,1754.72,75.98,12.56,-875.9,probability_plus_price
1-2,grade_group,SG,72,22,30.56,7200,10380,3180,144.17,471.82,17.68,78.75,445.55,65.42,12.88,26.27,probability_plus_price
1-6,lane1_target_start_gap_pair x target_outer_pressure_bucket,best-<=0.03 | high_other_pressure,497,29,5.84,49700,71360,21660,143.58,2460.69,3.94,69.07,1754.72,74.51,1.9,705.97,price_distortion
1-4,lane1_target_start_gap_pair,best-best,194,42,21.65,19400,27550,8150,142.01,655.95,10.2,75.25,737.84,66.76,11.45,-81.89,probability_plus_price
1-4,target_lane x lane1_target_start_gap_pair,4 | best-best,194,42,21.65,19400,27550,8150,142.01,655.95,10.2,75.25,737.84,66.76,11.45,-81.89,probability_plus_price
1-4,lane1_start_exhibition_gap_bucket x target_start_exhibition_gap_bucket,best | best,194,42,21.65,19400,27550,8150,142.01,655.95,10.2,75.25,737.84,66.76,11.45,-81.89,probability_plus_price
1-4,lane1_target_exhibition_time_diff_bucket x lane1_target_start_exhibition_st_diff_bucket,target_faster_0.05_0.10 | lane1_faster_0.06+,339,46,13.57,33900,48110,14210,141.92,1045.87,10.2,75.25,737.84,66.67,3.37,308.03,price_distortion
1-4,lane1_target_start_gap_pair x target_outer_pressure_bucket,best-0.04-0.06 | some_other_pressure,145,37,25.52,14500,20460,5960,141.1,552.97,10.2,75.25,737.84,65.85,15.32,-184.87,probability_plus_price
1-3,lane1_target_group_pair x target_outer_pressure_bucket,B-B | low_other_pressure,33,12,36.36,3300,4510,1210,136.67,375.83,15.42,76.45,495.64,60.22,20.94,-119.81,probability_plus_price
1-6,lane1_target_start_gap_pair x target_outer_pressure_bucket,best-0.04-0.06 | high_other_pressure,640,33,5.16,64000,87430,23430,136.61,2649.39,3.94,69.07,1754.72,67.54,1.22,894.67,price_distortion
1-5,lane1_target_exhibition_time_diff_bucket x lane1_target_start_exhibition_st_diff_bucket,lane1_faster_0.05_0.10 | near_equal,767,70,9.13,76700,104650,27950,136.44,1495.0,6.4,77.77,1215.84,58.67,2.73,279.16,price_distortion
1-5,lane1_target_start_gap_pair x target_outer_pressure_bucket,<=0.03-best | some_other_pressure,97,18,18.56,9700,13210,3510,136.19,733.89,6.4,77.77,1215.84,58.42,12.16,-481.95,probability_plus_price
1-5,lane1_target_exhibition_st_rank_pair,1-2,370,54,14.59,37000,49860,12860,134.76,923.33,6.4,77.77,1215.84,56.99,8.19,-292.51,probability_plus_price
1-5,lane1_exhibition_st_rank_bucket x target_exhibition_st_rank_bucket,1 | 2,370,54,14.59,37000,49860,12860,134.76,923.33,6.4,77.77,1215.84,56.99,8.19,-292.51,probability_plus_price
1-5,lane1_target_start_gap_pair x target_outer_pressure_bucket,>0.06-0.04-0.06 | some_other_pressure,78,7,8.97,7800,10500,2700,134.62,1500.0,6.4,77.77,1215.84,56.85,2.57,284.16,price_distortion
1-2,lane1_target_start_gap_pair x target_outer_pressure_bucket,<=0.03-best | some_other_pressure,165,59,35.76,16500,22200,5700,134.55,376.27,17.68,78.75,445.55,55.8,18.08,-69.28,probability_plus_price
1-4,lane1_target_start_gap_pair x target_outer_pressure_bucket,0.04-0.06-<=0.03 | low_other_pressure,40,13,32.5,4000,5380,1380,134.5,413.85,10.2,75.25,737.84,59.25,22.3,-323.99,probability_plus_price
1-2,lane1_target_start_gap_pair x target_outer_pressure_bucket,best->0.06 | some_other_pressure,152,42,27.63,15200,20400,5200,134.21,485.71,17.68,78.75,445.55,55.46,9.95,40.16,probability_plus_price
1-6,lane1_target_start_gap_pair x target_outer_pressure_bucket,0.04-0.06-best | high_other_pressure,395,17,4.3,39500,52950,13450,134.05,3114.71,3.94,69.07,1754.72,64.98,0.36,1359.99,price_distortion
1-4,lane1_target_exhibition_st_rank_pair,1-2,588,125,21.26,58800,78520,19720,133.54,628.16,10.2,75.25,737.84,58.29,11.06,-109.68,probability_plus_price
1-4,lane1_exhibition_st_rank_bucket x target_exhibition_st_rank_bucket,1 | 2,588,125,21.26,58800,78520,19720,133.54,628.16,10.2,75.25,737.84,58.29,11.06,-109.68,probability_plus_price
1-6,lane1_target_start_gap_pair,best-<=0.03,638,47,7.37,63800,85080,21280,133.35,1810.21,3.94,69.07,1754.72,64.28,3.43,55.49,mixed_edge
1-6,target_lane x lane1_target_start_gap_pair,6 | best-<=0.03,638,47,7.37,63800,85080,21280,133.35,1810.21,3.94,69.07,1754.72,64.28,3.43,55.49,mixed_edge
1-6,lane1_start_exhibition_gap_bucket x target_start_exhibition_gap_bucket,best | <=0.03,638,47,7.37,63800,85080,21280,133.35,1810.21,3.94,69.07,1754.72,64.28,3.43,55.49,mixed_edge
1-6,lane1_target_class_pair,B2-B1,137,4,2.92,13700,18230,4530,133.07,4557.5,3.94,69.07,1754.72,64.0,-1.02,2802.78,price_distortion
1-3,lane1_target_exhibition_time_diff_bucket x lane1_target_start_exhibition_st_diff_bucket,target_faster_0.10+ | lane1_faster_0.06+,104,23,22.12,10400,13830,3430,132.98,601.3,15.42,76.45,495.64,56.53,6.7,105.66,price_distortion
1-3,lane1_target_exhibition_time_diff_bucket x lane1_target_start_exhibition_st_diff_bucket,target_faster_0.10+ | lane1_faster_0.03_0.06,89,16,17.98,8900,11720,2820,131.69,732.5,15.42,76.45,495.64,55.24,2.56,236.86,price_distortion
1-2,lane1_target_start_gap_pair x target_outer_pressure_bucket,<=0.03-<=0.03 | low_other_pressure,65,25,38.46,6500,8530,2030,131.23,341.2,17.68,78.75,445.55,52.48,20.78,-104.35,probability_plus_price
1-2,lane1_target_start_gap_pair,best-best,324,101,31.17,32400,42360,9960,130.74,419.41,17.68,78.75,445.55,51.99,13.49,-26.14,probability_plus_price
1-2,target_lane x lane1_target_start_gap_pair,2 | best-best,324,101,31.17,32400,42360,9960,130.74,419.41,17.68,78.75,445.55,51.99,13.49,-26.14,probability_plus_price
1-2,lane1_start_exhibition_gap_bucket x target_start_exhibition_gap_bucket,best | best,324,101,31.17,32400,42360,9960,130.74,419.41,17.68,78.75,445.55,51.99,13.49,-26.14,probability_plus_price
1-2,lane1_target_start_gap_pair x target_outer_pressure_bucket,best-<=0.03 | some_other_pressure,283,95,33.57,28300,36950,8650,130.57,388.95,17.68,78.75,445.55,51.82,15.89,-56.6,probability_plus_price
1-5,lane1_target_start_gap_pair x target_outer_pressure_bucket,<=0.03-best | high_other_pressure,443,41,9.26,44300,57840,13540,130.56,1410.73,6.4,77.77,1215.84,52.79,2.86,194.89,price_distortion
1-5,lane1_target_start_gap_pair x target_outer_pressure_bucket,best-<=0.03 | high_other_pressure,602,56,9.3,60200,78150,17950,129.82,1395.54,6.4,77.77,1215.84,52.05,2.9,179.7,price_distortion
1-6,lane1_target_start_gap_pair,0.04-0.06-best,525,36,6.86,52500,68020,15520,129.56,1889.44,3.94,69.07,1754.72,60.49,2.92,134.72,price_distortion
1-6,target_lane x lane1_target_start_gap_pair,6 | 0.04-0.06-best,525,36,6.86,52500,68020,15520,129.56,1889.44,3.94,69.07,1754.72,60.49,2.92,134.72,price_distortion
1-6,lane1_start_exhibition_gap_bucket x target_start_exhibition_gap_bucket,0.04-0.06 | best,525,36,6.86,52500,68020,15520,129.56,1889.44,3.94,69.07,1754.72,60.49,2.92,134.72,price_distortion
1-6,lane1_target_start_gap_pair x target_outer_pressure_bucket,<=0.03-<=0.03 | low_other_pressure,44,7,15.91,4400,5700,1300,129.55,814.29,3.94,69.07,1754.72,60.48,11.97,-940.43,probability_plus_price
1-5,lane1_target_start_gap_pair,<=0.03-best,580,67,11.55,58000,74710,16710,128.81,1115.07,6.4,77.77,1215.84,51.04,5.15,-100.77,probability_plus_price
1-5,target_lane x lane1_target_start_gap_pair,5 | <=0.03-best,580,67,11.55,58000,74710,16710,128.81,1115.07,6.4,77.77,1215.84,51.04,5.15,-100.77,probability_plus_price
1-5,lane1_start_exhibition_gap_bucket x target_start_exhibition_gap_bucket,<=0.03 | best,580,67,11.55,58000,74710,16710,128.81,1115.07,6.4,77.77,1215.84,51.04,5.15,-100.77,probability_plus_price
1-6,lane1_target_start_gap_pair,best-0.04-0.06,810,52,6.42,81000,103990,22990,128.38,1999.81,3.94,69.07,1754.72,59.31,2.48,245.09,price_distortion
1-6,target_lane x lane1_target_start_gap_pair,6 | best-0.04-0.06,810,52,6.42,81000,103990,22990,128.38,1999.81,3.94,69.07,1754.72,59.31,2.48,245.09,price_distortion
1-6,lane1_start_exhibition_gap_bucket x target_start_exhibition_gap_bucket,best | 0.04-0.06,810,52,6.42,81000,103990,22990,128.38,1999.81,3.94,69.07,1754.72,59.31,2.48,245.09,price_distortion
1-3,lane1_target_start_gap_pair x target_outer_pressure_bucket,best-best | high_other_pressure,246,66,26.83,24600,31530,6930,128.17,477.73,15.42,76.45,495.64,51.72,11.41,-17.91,probability_plus_price
1-2,lane1_target_exhibition_time_diff_bucket x lane1_target_start_exhibition_st_diff_bucket,target_faster_0.10+ | near_equal,229,55,24.02,22900,29250,6350,127.73,531.82,17.68,78.75,445.55,48.98,6.34,86.27,price_distortion
1-4,lane1_target_start_gap_pair x target_outer_pressure_bucket,best-<=0.03 | low_other_pressure,75,25,33.33,7500,9550,2050,127.33,382.0,10.2,75.25,737.84,52.08,23.13,-355.84,probability_plus_price
1-5,lane1_target_exhibition_st_rank_pair,3-2,398,40,10.05,39800,50540,10740,126.98,1263.5,6.4,77.77,1215.84,49.21,3.65,47.66,mixed_edge
1-5,lane1_exhibition_st_rank_bucket x target_exhibition_st_rank_bucket,3 | 2,398,40,10.05,39800,50540,10740,126.98,1263.5,6.4,77.77,1215.84,49.21,3.65,47.66,mixed_edge
1-2,lane1_target_start_gap_pair x target_outer_pressure_bucket,best-best | low_other_pressure,32,15,46.88,3200,4020,820,125.62,268.0,17.68,78.75,445.55,46.87,29.2,-177.55,probability_plus_price
1-3,lane1_target_start_gap_pair x target_outer_pressure_bucket,<=0.03-best | low_other_pressure,75,26,34.67,7500,9410,1910,125.47,361.92,15.42,76.45,495.64,49.02,19.25,-133.72,probability_plus_price
1-2,lane1_target_start_gap_pair x target_outer_pressure_bucket,best-best | high_other_pressure,231,64,27.71,23100,28980,5880,125.45,452.81,17.68,78.75,445.55,46.7,10.03,7.26,probability_plus_price
1-3,lane1_target_exhibition_st_rank_pair,1-2,1081,294,27.2,108100,135190,27090,125.06,459.83,15.42,76.45,495.64,48.61,11.78,-35.81,probability_plus_price
1-3,lane1_exhibition_st_rank_bucket x target_exhibition_st_rank_bucket,1 | 2,1081,294,27.2,108100,135190,27090,125.06,459.83,15.42,76.45,495.64,48.61,11.78,-35.81,probability_plus_price
1-6,other_group_pattern,A-B-B-B,745,41,5.5,74500,92910,18410,124.71,2266.1,3.94,69.07,1754.72,55.64,1.56,511.38,price_distortion
1-2,lane1_target_exhibition_st_rank_pair,1-2,1816,535,29.46,181600,226170,44570,124.54,422.75,17.68,78.75,445.55,45.79,11.78,-22.8,probability_plus_price
1-2,lane1_exhibition_st_rank_bucket x target_exhibition_st_rank_bucket,1 | 2,1816,535,29.46,181600,226170,44570,124.54,422.75,17.68,78.75,445.55,45.79,11.78,-22.8,probability_plus_price
1-2,target_exhibition_st_rank_bucket x other_st_faster_than_target_count_bucket,2 | 0,1816,535,29.46,181600,226170,44570,124.54,422.75,17.68,78.75,445.55,45.79,11.78,-22.8,probability_plus_price
1-3,lane1_target_start_gap_pair x target_outer_pressure_bucket,best->0.06 | low_other_pressure,70,22,31.43,7000,8650,1650,123.57,393.18,15.42,76.45,495.64,47.12,16.01,-102.46,probability_plus_price
1-5,lane1_target_start_gap_pair x target_outer_pressure_bucket,<=0.03-<=0.03 | high_other_pressure,657,54,8.22,65700,81130,15430,123.49,1502.41,6.4,77.77,1215.84,45.72,1.82,286.57,price_distortion
1-2,lane1_target_exhibition_time_diff_bucket x lane1_target_start_exhibition_st_diff_bucket,target_faster_0.10+ | lane1_faster_0.03_0.06,114,30,26.32,11400,13980,2580,122.63,466.0,17.68,78.75,445.55,43.88,8.64,20.45,probability_plus_price
1-6,target_class_group x target_outer_pressure_bucket,B | low_other_pressure,57,8,14.04,5700,6930,1230,121.58,866.25,3.94,69.07,1754.72,52.51,10.1,-888.47,probability_plus_price
1-2,lane1_target_exhibition_st_rank_pair,2-1,616,184,29.87,61600,74890,13290,121.57,407.01,17.68,78.75,445.55,42.82,12.19,-38.54,probability_plus_price
1-2,lane1_exhibition_st_rank_bucket x target_exhibition_st_rank_bucket,2 | 1,616,184,29.87,61600,74890,13290,121.57,407.01,17.68,78.75,445.55,42.82,12.19,-38.54,probability_plus_price
1-3,lane1_target_exhibition_st_rank_pair,1-3,1408,330,23.44,140800,171140,30340,121.55,518.61,15.42,76.45,495.64,45.1,8.02,22.97,probability_plus_price
1-3,lane1_exhibition_st_rank_bucket x target_exhibition_st_rank_bucket,1 | 3,1408,330,23.44,140800,171140,30340,121.55,518.61,15.42,76.45,495.64,45.1,8.02,22.97,probability_plus_price
1-5,lane1_target_start_gap_pair,<=0.03-<=0.03,813,79,9.72,81300,98810,17510,121.54,1250.76,6.4,77.77,1215.84,43.77,3.32,34.92,mixed_edge
1-5,target_lane x lane1_target_start_gap_pair,5 | <=0.03-<=0.03,813,79,9.72,81300,98810,17510,121.54,1250.76,6.4,77.77,1215.84,43.77,3.32,34.92,mixed_edge
1-5,lane1_start_exhibition_gap_bucket x target_start_exhibition_gap_bucket,<=0.03 | <=0.03,813,79,9.72,81300,98810,17510,121.54,1250.76,6.4,77.77,1215.84,43.77,3.32,34.92,mixed_edge
1-6,target_exhibition_st_rank_bucket x other_st_faster_than_target_count_bucket,2 | 0,664,56,8.43,66400,80600,14200,121.39,1439.29,3.94,69.07,1754.72,52.32,4.49,-315.43,mixed_edge
1-3,target_exhibition_st_rank_bucket x other_st_faster_than_target_count_bucket,3 | 0,271,68,25.09,27100,32870,5770,121.29,483.38,15.42,76.45,495.64,44.84,9.67,-12.26,probability_plus_price
1-2,lane1_target_start_gap_pair x target_outer_pressure_bucket,<=0.03-0.04-0.06 | low_other_pressure,41,15,36.59,4100,4960,860,120.98,330.67,17.68,78.75,445.55,42.23,18.91,-114.88,probability_plus_price
1-6,lane1_target_exhibition_st_rank_pair,2-3,210,14,6.67,21000,25390,4390,120.9,1813.57,3.94,69.07,1754.72,51.83,2.73,58.85,mixed_edge
1-6,lane1_exhibition_st_rank_bucket x target_exhibition_st_rank_bucket,2 | 3,210,14,6.67,21000,25390,4390,120.9,1813.57,3.94,69.07,1754.72,51.83,2.73,58.85,mixed_edge
1-5,lane1_target_exhibition_time_diff_bucket x lane1_target_start_exhibition_st_diff_bucket,lane1_faster_0.10+ | lane1_faster_0.03_0.06,283,23,8.13,28300,33790,5490,119.4,1469.13,6.4,77.77,1215.84,41.63,1.73,253.29,price_distortion
1-6,lane1_target_start_gap_pair x target_outer_pressure_bucket,<=0.03-0.04-0.06 | some_other_pressure,82,7,8.54,8200,9780,1580,119.27,1397.14,3.94,69.07,1754.72,50.2,4.6,-357.58,mixed_edge
1-3,lane1_target_exhibition_st_rank_pair,3-1,424,97,22.88,42400,50190,7790,118.37,517.42,15.42,76.45,495.64,41.92,7.46,21.78,probability_plus_price
1-3,lane1_exhibition_st_rank_bucket x target_exhibition_st_rank_bucket,3 | 1,424,97,22.88,42400,50190,7790,118.37,517.42,15.42,76.45,495.64,41.92,7.46,21.78,probability_plus_price
1-6,stadium_code,16,408,25,6.13,40800,48240,7440,118.24,1929.6,3.94,69.07,1754.72,49.17,2.19,174.88,price_distortion
1-6,stadium_code x target_lane,16 | 6,408,25,6.13,40800,48240,7440,118.24,1929.6,3.94,69.07,1754.72,49.17,2.19,174.88,price_distortion
1-5,lane1_target_start_gap_pair x target_outer_pressure_bucket,best-0.04-0.06 | some_other_pressure,118,19,16.1,11800,13940,2140,118.14,733.68,6.4,77.77,1215.84,40.37,9.7,-482.16,probability_plus_price
1-3,target_exhibition_st_rank_bucket x other_st_faster_than_target_count_bucket,4+ | 1,163,39,23.93,16300,19240,2940,118.04,493.33,15.42,76.45,495.64,41.59,8.51,-2.31,probability_plus_price
1-3,lane1_target_exhibition_time_diff_bucket x lane1_target_start_exhibition_st_diff_bucket,lane1_faster_0.10+ | lane1_faster_0.03_0.06,306,63,20.59,30600,36080,5480,117.91,572.7,15.42,76.45,495.64,41.46,5.17,77.06,probability_plus_price
1-2,lane1_target_start_gap_pair,<=0.03-best,865,241,27.86,86500,101870,15370,117.77,422.7,17.68,78.75,445.55,39.02,10.18,-22.85,probability_plus_price
1-2,target_lane x lane1_target_start_gap_pair,2 | <=0.03-best,865,241,27.86,86500,101870,15370,117.77,422.7,17.68,78.75,445.55,39.02,10.18,-22.85,probability_plus_price
1-2,lane1_start_exhibition_gap_bucket x target_start_exhibition_gap_bucket,<=0.03 | best,865,241,27.86,86500,101870,15370,117.77,422.7,17.68,78.75,445.55,39.02,10.18,-22.85,probability_plus_price
1-5,lane1_target_start_gap_pair,best-<=0.03,772,77,9.97,77200,90460,13260,117.18,1174.81,6.4,77.77,1215.84,39.41,3.57,-41.03,mixed_edge
1-5,target_lane x lane1_target_start_gap_pair,5 | best-<=0.03,772,77,9.97,77200,90460,13260,117.18,1174.81,6.4,77.77,1215.84,39.41,3.57,-41.03,mixed_edge
1-5,lane1_start_exhibition_gap_bucket x target_start_exhibition_gap_bucket,best | <=0.03,772,77,9.97,77200,90460,13260,117.18,1174.81,6.4,77.77,1215.84,39.41,3.57,-41.03,mixed_edge
1-3,lane1_target_start_gap_pair x target_outer_pressure_bucket,<=0.03-0.04-0.06 | low_other_pressure,31,11,35.48,3100,3610,510,116.45,328.18,15.42,76.45,495.64,40.0,20.06,-167.46,probability_plus_price
1-3,lane1_target_start_gap_pair x target_outer_pressure_bucket,best-0.04-0.06 | high_other_pressure,946,198,20.93,94600,110040,15440,116.32,555.76,15.42,76.45,495.64,39.87,5.51,60.12,probability_plus_price
1-4,lane1_target_start_gap_pair x target_outer_pressure_bucket,best-<=0.03 | some_other_pressure,156,36,23.08,15600,18120,2520,116.15,503.33,10.2,75.25,737.84,40.9,12.88,-234.51,probability_plus_price
1-6,lane1_target_exhibition_st_rank_pair,1-3,427,31,7.26,42700,49450,6750,115.81,1595.16,3.94,69.07,1754.72,46.74,3.32,-159.56,mixed_edge
1-6,lane1_exhibition_st_rank_bucket x target_exhibition_st_rank_bucket,1 | 3,427,31,7.26,42700,49450,6750,115.81,1595.16,3.94,69.07,1754.72,46.74,3.32,-159.56,mixed_edge
1-3,lane1_target_start_gap_pair x target_outer_pressure_bucket,best-<=0.03 | high_other_pressure,1032,226,21.9,103200,119500,16300,115.79,528.76,15.42,76.45,495.64,39.34,6.48,33.12,probability_plus_price
1-6,lane1_target_start_gap_pair x target_outer_pressure_bucket,best-<=0.03 | low_other_pressure,45,6,13.33,4500,5210,710,115.78,868.33,3.94,69.07,1754.72,46.71,9.39,-886.39,probability_plus_price
1-3,lane1_target_start_gap_pair,best-best,319,85,26.65,31900,36780,4880,115.3,432.71,15.42,76.45,495.64,38.85,11.23,-62.93,probability_plus_price
1-3,target_lane x lane1_target_start_gap_pair,3 | best-best,319,85,26.65,31900,36780,4880,115.3,432.71,15.42,76.45,495.64,38.85,11.23,-62.93,probability_plus_price
1-3,lane1_start_exhibition_gap_bucket x target_start_exhibition_gap_bucket,best | best,319,85,26.65,31900,36780,4880,115.3,432.71,15.42,76.45,495.64,38.85,11.23,-62.93,probability_plus_price
1-6,lane1_target_national_rank_pair x target_outer_pressure_bucket,2-3 | some_other_pressure,218,16,7.34,21800,25130,3330,115.28,1570.62,3.94,69.07,1754.72,46.21,3.4,-184.1,mixed_edge
1-5,lane1_target_start_gap_pair x target_outer_pressure_bucket,best-0.04-0.06 | low_other_pressure,51,10,19.61,5100,5860,760,114.9,586.0,6.4,77.77,1215.84,37.13,13.21,-629.84,probability_plus_price
1-5,lane1_target_start_gap_pair x target_outer_pressure_bucket,<=0.03-<=0.03 | low_other_pressure,51,8,15.69,5100,5850,750,114.71,731.25,6.4,77.77,1215.84,36.94,9.29,-484.59,probability_plus_price
1-3,lane1_target_start_gap_pair,best-<=0.03,1334,324,24.29,133400,152520,19120,114.33,470.74,15.42,76.45,495.64,37.88,8.87,-24.9,probability_plus_price
1-3,target_lane x lane1_target_start_gap_pair,3 | best-<=0.03,1334,324,24.29,133400,152520,19120,114.33,470.74,15.42,76.45,495.64,37.88,8.87,-24.9,probability_plus_price
1-3,lane1_start_exhibition_gap_bucket x target_start_exhibition_gap_bucket,best | <=0.03,1334,324,24.29,133400,152520,19120,114.33,470.74,15.42,76.45,495.64,37.88,8.87,-24.9,probability_plus_price
1-5,lane1_target_class_pair,B2-A1,57,3,5.26,5700,6510,810,114.21,2170.0,6.4,77.77,1215.84,36.44,-1.14,954.16,price_distortion
1-3,lane1_target_start_gap_pair x target_outer_pressure_bucket,best-<=0.03 | some_other_pressure,212,69,32.55,21200,24170,2970,114.01,350.29,15.42,76.45,495.64,37.56,17.13,-145.35,probability_plus_price
1-4,lane1_target_start_gap_pair x target_outer_pressure_bucket,best->0.06 | low_other_pressure,85,23,27.06,8500,9680,1180,113.88,420.87,10.2,75.25,737.84,38.63,16.86,-316.97,probability_plus_price
1-2,lane1_target_start_gap_pair x target_outer_pressure_bucket,<=0.03-best | high_other_pressure,608,147,24.18,60800,69200,8400,113.82,470.75,17.68,78.75,445.55,35.07,6.5,25.2,probability_plus_price
1-2,lane1_target_start_gap_pair x target_outer_pressure_bucket,<=0.03-best | low_other_pressure,92,35,38.04,9200,10470,1270,113.8,299.14,17.68,78.75,445.55,35.05,20.36,-146.41,probability_plus_price
1-6,target_exhibition_st_rank_bucket x other_st_faster_than_target_count_bucket,4+ | 2,1675,88,5.25,167500,190420,22920,113.68,2163.86,3.94,69.07,1754.72,44.61,1.31,409.14,price_distortion
1-5,lane1_target_exhibition_st_rank_pair,2-3,334,30,8.98,33400,37960,4560,113.65,1265.33,6.4,77.77,1215.84,35.88,2.58,49.49,mixed_edge
1-5,lane1_exhibition_st_rank_bucket x target_exhibition_st_rank_bucket,2 | 3,334,30,8.98,33400,37960,4560,113.65,1265.33,6.4,77.77,1215.84,35.88,2.58,49.49,mixed_edge
1-2,lane1_target_exhibition_st_rank_pair,1-3,948,228,24.05,94800,107590,12790,113.49,471.89,17.68,78.75,445.55,34.74,6.37,26.34,probability_plus_price
1-2,lane1_exhibition_st_rank_bucket x target_exhibition_st_rank_bucket,1 | 3,948,228,24.05,94800,107590,12790,113.49,471.89,17.68,78.75,445.55,34.74,6.37,26.34,probability_plus_price
1-2,lane1_target_start_gap_pair,best-<=0.03,1510,399,26.42,151000,170970,19970,113.23,428.5,17.68,78.75,445.55,34.48,8.74,-17.05,probability_plus_price
1-2,target_lane x lane1_target_start_gap_pair,2 | best-<=0.03,1510,399,26.42,151000,170970,19970,113.23,428.5,17.68,78.75,445.55,34.48,8.74,-17.05,probability_plus_price
1-2,lane1_start_exhibition_gap_bucket x target_start_exhibition_gap_bucket,best | <=0.03,1510,399,26.42,151000,170970,19970,113.23,428.5,17.68,78.75,445.55,34.48,8.74,-17.05,probability_plus_price
1-2,lane1_target_start_gap_pair x target_outer_pressure_bucket,0.04-0.06-<=0.03 | low_other_pressure,40,10,25.0,4000,4520,520,113.0,452.0,17.68,78.75,445.55,34.25,7.32,6.45,probability_plus_price
1-4,lane1_target_exhibition_time_diff_bucket x lane1_target_start_exhibition_st_diff_bucket,lane1_faster_0.05_0.10 | target_faster_0.03_0.06,401,53,13.22,40100,45310,5210,112.99,854.91,10.2,75.25,737.84,37.74,3.02,117.07,price_distortion
1-4,target_exhibition_st_rank_bucket x other_st_faster_than_target_count_bucket,2 | 0,849,153,18.02,84900,95770,10870,112.8,625.95,10.2,75.25,737.84,37.55,7.82,-111.89,probability_plus_price
1-5,lane1_target_start_gap_pair x target_outer_pressure_bucket,<=0.03-<=0.03 | some_other_pressure,105,17,16.19,10500,11830,1330,112.67,695.88,6.4,77.77,1215.84,34.9,9.79,-519.96,probability_plus_price
1-5,wind_bucket,7+,333,24,7.21,33300,37400,4100,112.31,1558.33,6.4,77.77,1215.84,34.54,0.81,342.49,price_distortion
1-5,stadium_code,02,588,40,6.8,58800,65970,7170,112.19,1649.25,6.4,77.77,1215.84,34.42,0.4,433.41,price_distortion
1-5,stadium_code x target_lane,02 | 5,588,40,6.8,58800,65970,7170,112.19,1649.25,6.4,77.77,1215.84,34.42,0.4,433.41,price_distortion
1-3,lane1_target_start_gap_pair,best-0.04-0.06,1207,268,22.2,120700,135370,14670,112.15,505.11,15.42,76.45,495.64,35.7,6.78,9.47,probability_plus_price
1-3,target_lane x lane1_target_start_gap_pair,3 | best-0.04-0.06,1207,268,22.2,120700,135370,14670,112.15,505.11,15.42,76.45,495.64,35.7,6.78,9.47,probability_plus_price
1-3,lane1_start_exhibition_gap_bucket x target_start_exhibition_gap_bucket,best | 0.04-0.06,1207,268,22.2,120700,135370,14670,112.15,505.11,15.42,76.45,495.64,35.7,6.78,9.47,probability_plus_price
1-3,target_exhibition_st_rank_bucket x other_st_faster_than_target_count_bucket,2 | 0,1303,320,24.56,130300,145490,15190,111.66,454.66,15.42,76.45,495.64,35.21,9.14,-40.98,probability_plus_price
1-6,lane1_class,B2,315,9,2.86,31500,35140,3640,111.56,3904.44,3.94,69.07,1754.72,42.49,-1.08,2149.72,price_distortion
1-6,target_start_exhibition_gap_bucket,best,2068,139,6.72,206800,230240,23440,111.33,1656.4,3.94,69.07,1754.72,42.26,2.78,-98.32,mixed_edge
1-6,target_lane x target_start_exhibition_gap_bucket,6 | best,2068,139,6.72,206800,230240,23440,111.33,1656.4,3.94,69.07,1754.72,42.26,2.78,-98.32,mixed_edge
1-5,lane1_target_start_gap_pair x target_outer_pressure_bucket,<=0.03-0.04-0.06 | some_other_pressure,71,11,15.49,7100,7900,800,111.27,718.18,6.4,77.77,1215.84,33.5,9.09,-497.66,probability_plus_price
1-5,lane1_target_start_exhibition_st_diff_bucket,near_equal,3417,277,8.11,341700,377270,35570,110.41,1361.99,6.4,77.77,1215.84,32.64,1.71,146.15,price_distortion
1-3,lane1_target_exhibition_time_diff_bucket x lane1_target_start_exhibition_st_diff_bucket,lane1_faster_0.05_0.10 | lane1_faster_0.03_0.06,550,118,21.45,55000,60650,5650,110.27,513.98,15.42,76.45,495.64,33.82,6.03,18.34,probability_plus_price
1-6,other_st_faster_than_target_count_bucket,0,2661,176,6.61,266100,293390,27290,110.26,1666.99,3.94,69.07,1754.72,41.19,2.67,-87.73,mixed_edge
1-5,lane1_target_exhibition_time_diff_bucket x lane1_target_start_exhibition_st_diff_bucket,target_faster_0.05_0.10 | near_equal,359,23,6.41,35900,39460,3560,109.92,1715.65,6.4,77.77,1215.84,32.15,0.01,499.81,price_distortion
1-2,lane1_target_start_gap_pair x target_outer_pressure_bucket,best-<=0.03 | high_other_pressure,1100,256,23.27,110000,120900,10900,109.91,472.27,17.68,78.75,445.55,31.16,5.59,26.72,probability_plus_price
1-4,lane1_target_class_pair,B2-B1,161,9,5.59,16100,17650,1550,109.63,1961.11,10.2,75.25,737.84,34.38,-4.61,1223.27,price_distortion
1-6,lane1_target_group_pair x target_outer_pressure_bucket,B-B | some_other_pressure,120,7,5.83,12000,13080,1080,109.0,1868.57,3.94,69.07,1754.72,39.93,1.89,113.85,price_distortion
1-5,lane1_target_exhibition_time_diff_bucket x lane1_target_start_exhibition_st_diff_bucket,lane1_faster_0.05_0.10 | target_faster_0.03_0.06,381,30,7.87,38100,41410,3310,108.69,1380.33,6.4,77.77,1215.84,30.92,1.47,164.49,price_distortion
1-2,lane1_target_start_gap_pair x target_outer_pressure_bucket,<=0.03-0.04-0.06 | some_other_pressure,113,32,28.32,11300,12280,980,108.67,383.75,17.68,78.75,445.55,29.92,10.64,-61.8,probability_plus_price
1-5,stadium_code,05,576,45,7.81,57600,62550,4950,108.59,1390.0,6.4,77.77,1215.84,30.82,1.41,174.16,price_distortion
1-5,stadium_code x target_lane,05 | 5,576,45,7.81,57600,62550,4950,108.59,1390.0,6.4,77.77,1215.84,30.82,1.41,174.16,price_distortion
1-2,lane1_target_start_gap_pair x target_outer_pressure_bucket,best-0.04-0.06 | low_other_pressure,83,29,34.94,8300,9010,710,108.55,310.69,17.68,78.75,445.55,29.8,17.26,-134.86,probability_plus_price
1-2,lane1_target_class_pair,B2-A1,55,7,12.73,5500,5970,470,108.55,852.86,17.68,78.75,445.55,29.8,-4.95,407.31,price_distortion
1-5,lane1_target_start_gap_pair x target_outer_pressure_bucket,best-best | high_other_pressure,120,13,10.83,12000,13010,1010,108.42,1000.77,6.4,77.77,1215.84,30.65,4.43,-215.07,mixed_edge
1-6,target_national_win_rank_bucket x other_national_better_than_target_count_bucket,4+ | 1,32,2,6.25,3200,3450,250,107.81,1725.0,3.94,69.07,1754.72,38.74,2.31,-29.72,mixed_edge
1-6,lane1_target_national_rank_pair x target_outer_pressure_bucket,3-1 | some_other_pressure,110,16,14.55,11000,11850,850,107.73,740.62,3.94,69.07,1754.72,38.66,10.61,-1014.1,probability_plus_price
1-5,lane1_target_exhibition_time_diff_bucket x lane1_target_start_exhibition_st_diff_bucket,lane1_faster_0.10+ | near_equal,508,39,7.68,50800,54670,3870,107.62,1401.79,6.4,77.77,1215.84,29.85,1.28,185.95,price_distortion
1-3,target_exhibition_st_rank_bucket x other_st_faster_than_target_count_bucket,3 | 1,1916,389,20.3,191600,206180,14580,107.61,530.03,15.42,76.45,495.64,31.16,4.88,34.39,mixed_edge
1-2,lane1_target_start_gap_pair x target_outer_pressure_bucket,best-0.04-0.06 | high_other_pressure,979,208,21.25,97900,105330,7430,107.59,506.39,17.68,78.75,445.55,28.84,3.57,60.84,mixed_edge
1-6,lane1_target_national_rank_pair,2-3,476,32,6.72,47600,51060,3460,107.27,1595.62,3.94,69.07,1754.72,38.2,2.78,-159.1,mixed_edge
1-6,target_lane x lane1_target_national_rank_pair,6 | 2-3,476,32,6.72,47600,51060,3460,107.27,1595.62,3.94,69.07,1754.72,38.2,2.78,-159.1,mixed_edge
1-6,target_exhibition_st_rank_bucket,1,1535,103,6.71,153500,164480,10980,107.15,1596.89,3.94,69.07,1754.72,38.08,2.77,-157.83,mixed_edge
1-6,target_lane x target_exhibition_st_rank_bucket,6 | 1,1535,103,6.71,153500,164480,10980,107.15,1596.89,3.94,69.07,1754.72,38.08,2.77,-157.83,mixed_edge
1-6,target_exhibition_st_rank_bucket x other_st_faster_than_target_count_bucket,1 | 0,1535,103,6.71,153500,164480,10980,107.15,1596.89,3.94,69.07,1754.72,38.08,2.77,-157.83,mixed_edge
1-6,lane1_target_start_gap_pair x target_outer_pressure_bucket,best-0.04-0.06 | some_other_pressure,108,12,11.11,10800,11570,770,107.13,964.17,3.94,69.07,1754.72,38.06,7.17,-790.55,probability_plus_price
1-4,lane1_target_start_gap_pair x target_outer_pressure_bucket,0.04-0.06-best | high_other_pressure,526,74,14.07,52600,56250,3650,106.94,760.14,10.2,75.25,737.84,31.69,3.87,22.3,mixed_edge
1-2,lane1_exhibition_st_rank_bucket,1,4176,1009,24.16,417600,446140,28540,106.83,442.16,17.68,78.75,445.55,28.08,6.48,-3.39,probability_plus_price
1-2,lane1_start_exhibition_gap_bucket,best,4176,1009,24.16,417600,446140,28540,106.83,442.16,17.68,78.75,445.55,28.08,6.48,-3.39,probability_plus_price
1-4,lane1_target_group_pair x target_outer_pressure_bucket,B-B | low_other_pressure,40,6,15.0,4000,4260,260,106.5,710.0,10.2,75.25,737.84,31.25,4.8,-27.84,mixed_edge
1-2,lane1_target_start_gap_pair x target_outer_pressure_bucket,0.04-0.06-0.04-0.06 | some_other_pressure,99,27,27.27,9900,10540,640,106.46,390.37,17.68,78.75,445.55,27.71,9.59,-55.18,probability_plus_price
1-5,lane1_target_start_gap_pair x target_outer_pressure_bucket,0.04-0.06-0.04-0.06 | high_other_pressure,448,23,5.13,44800,47690,2890,106.45,2073.48,6.4,77.77,1215.84,28.68,-1.27,857.64,price_distortion
1-5,other_group_pattern,B-A-A-A,489,24,4.91,48900,52050,3150,106.44,2168.75,6.4,77.77,1215.84,28.67,-1.49,952.91,price_distortion
1-2,lane1_target_start_gap_pair x target_outer_pressure_bucket,<=0.03-<=0.03 | high_other_pressure,651,137,21.04,65100,69200,4100,106.3,505.11,17.68,78.75,445.55,27.55,3.36,59.56,mixed_edge
1-3,lane1_exhibition_st_rank_bucket,1,4176,903,21.62,417600,442280,24680,105.91,489.79,15.42,76.45,495.64,29.46,6.2,-5.85,probability_plus_price
1-3,lane1_start_exhibition_gap_bucket,best,4176,903,21.62,417600,442280,24680,105.91,489.79,15.42,76.45,495.64,29.46,6.2,-5.85,probability_plus_price
1-2,lane1_target_start_gap_pair,best-0.04-0.06,1260,295,23.41,126000,133000,7000,105.56,450.85,17.68,78.75,445.55,26.81,5.73,5.3,probability_plus_price
1-2,target_lane x lane1_target_start_gap_pair,2 | best-0.04-0.06,1260,295,23.41,126000,133000,7000,105.56,450.85,17.68,78.75,445.55,26.81,5.73,5.3,probability_plus_price
1-2,lane1_start_exhibition_gap_bucket x target_start_exhibition_gap_bucket,best | 0.04-0.06,1260,295,23.41,126000,133000,7000,105.56,450.85,17.68,78.75,445.55,26.81,5.73,5.3,probability_plus_price
1-3,lane1_target_start_gap_pair x target_outer_pressure_bucket,<=0.03-<=0.03 | some_other_pressure,135,37,27.41,13500,14250,750,105.56,385.14,15.42,76.45,495.64,29.11,11.99,-110.5,probability_plus_price
1-4,target_exhibition_rank_bucket x other_exhibition_faster_than_target_count_bucket,3 | 0,185,27,14.59,18500,19520,1020,105.51,722.96,10.2,75.25,737.84,30.26,4.39,-14.88,mixed_edge
1-5,lane1_target_group_pair x other_a_count_bucket,A-B | 3,756,32,4.23,75600,79690,4090,105.41,2490.31,6.4,77.77,1215.84,27.64,-2.17,1274.47,price_distortion
1-6,other_group_pattern,B-A-A-A,445,10,2.25,44500,46830,2330,105.24,4683.0,3.94,69.07,1754.72,36.17,-1.69,2928.28,price_distortion
1-6,target_class_group x target_outer_pressure_bucket,B | some_other_pressure,320,24,7.5,32000,33410,1410,104.41,1392.08,3.94,69.07,1754.72,35.34,3.56,-362.64,mixed_edge
1-2,lane1_target_group_pair x other_a_count_bucket,A-B | 4,96,17,17.71,9600,10020,420,104.38,589.41,17.68,78.75,445.55,25.63,0.03,143.86,price_distortion
1-2,lane1_target_start_gap_pair,<=0.03-<=0.03,870,196,22.53,87000,90690,3690,104.24,462.7,17.68,78.75,445.55,25.49,4.85,17.15,mixed_edge
1-2,target_lane x lane1_target_start_gap_pair,2 | <=0.03-<=0.03,870,196,22.53,87000,90690,3690,104.24,462.7,17.68,78.75,445.55,25.49,4.85,17.15,mixed_edge
1-2,lane1_start_exhibition_gap_bucket x target_start_exhibition_gap_bucket,<=0.03 | <=0.03,870,196,22.53,87000,90690,3690,104.24,462.7,17.68,78.75,445.55,25.49,4.85,17.15,mixed_edge
1-4,lane1_target_exhibition_time_diff_bucket x lane1_target_start_exhibition_st_diff_bucket,lane1_faster_0.10+ | target_faster_0.03_0.06,202,24,11.88,20200,21030,830,104.11,876.25,10.2,75.25,737.84,28.86,1.68,138.41,price_distortion
1-6,lane1_target_group_pair x other_a_count_bucket,B-A | 1,591,43,7.28,59100,61440,2340,103.96,1428.84,3.94,69.07,1754.72,34.89,3.34,-325.88,mixed_edge
1-5,lane1_target_exhibition_st_rank_pair,1-3,604,55,9.11,60400,62510,2110,103.49,1136.55,6.4,77.77,1215.84,25.72,2.71,-79.29,mixed_edge
1-5,lane1_exhibition_st_rank_bucket x target_exhibition_st_rank_bucket,1 | 3,604,55,9.11,60400,62510,2110,103.49,1136.55,6.4,77.77,1215.84,25.72,2.71,-79.29,mixed_edge
1-6,lane1_target_start_gap_pair x target_outer_pressure_bucket,>0.06-best | some_other_pressure,141,13,9.22,14100,14580,480,103.4,1121.54,3.94,69.07,1754.72,34.33,5.28,-633.18,probability_plus_price
1-6,lane1_target_national_rank_pair,1-2,524,61,11.64,52400,54170,1770,103.38,888.03,3.94,69.07,1754.72,34.31,7.7,-866.69,probability_plus_price
1-6,target_lane x lane1_target_national_rank_pair,6 | 1-2,524,61,11.64,52400,54170,1770,103.38,888.03,3.94,69.07,1754.72,34.31,7.7,-866.69,probability_plus_price
1-2,lane1_target_start_gap_pair x target_outer_pressure_bucket,best-<=0.03 | low_other_pressure,127,48,37.8,12700,13120,420,103.31,273.33,17.68,78.75,445.55,24.56,20.12,-172.22,mixed_edge
1-5,lane1_target_exhibition_time_diff_bucket x lane1_target_start_exhibition_st_diff_bucket,near_equal | near_equal,1656,139,8.39,165600,171070,5470,103.3,1230.72,6.4,77.77,1215.84,25.53,1.99,14.88,mixed_edge
1-5,lane1_target_start_gap_pair,best-0.04-0.06,975,97,9.95,97500,100530,3030,103.11,1036.39,6.4,77.77,1215.84,25.34,3.55,-179.45,mixed_edge
1-5,target_lane x lane1_target_start_gap_pair,5 | best-0.04-0.06,975,97,9.95,97500,100530,3030,103.11,1036.39,6.4,77.77,1215.84,25.34,3.55,-179.45,mixed_edge
1-5,lane1_start_exhibition_gap_bucket x target_start_exhibition_gap_bucket,best | 0.04-0.06,975,97,9.95,97500,100530,3030,103.11,1036.39,6.4,77.77,1215.84,25.34,3.55,-179.45,mixed_edge
1-2,target_exhibition_st_rank_bucket x other_st_faster_than_target_count_bucket,3 | 1,1578,352,22.31,157800,162500,4700,102.98,461.65,17.68,78.75,445.55,24.23,4.63,16.1,mixed_edge
1-2,target_exhibition_st_rank_bucket,2,2921,712,24.38,292100,300730,8630,102.95,422.37,17.68,78.75,445.55,24.2,6.7,-23.18,mixed_edge
1-2,target_lane x target_exhibition_st_rank_bucket,2 | 2,2921,712,24.38,292100,300730,8630,102.95,422.37,17.68,78.75,445.55,24.2,6.7,-23.18,mixed_edge
1-4,lane1_target_exhibition_time_diff_bucket x lane1_target_start_exhibition_st_diff_bucket,target_faster_0.05_0.10 | lane1_faster_0.03_0.06,197,29,14.72,19700,20260,560,102.84,698.62,10.2,75.25,737.84,27.59,4.52,-39.22,mixed_edge
1-4,lane1_target_class_pair,B2-A1,39,2,5.13,3900,4010,110,102.82,2005.0,10.2,75.25,737.84,27.57,-5.07,1267.16,price_distortion
1-2,lane1_target_exhibition_time_diff_bucket,target_faster_0.10+,562,116,20.64,56200,57740,1540,102.74,497.76,17.68,78.75,445.55,23.99,2.96,52.21,mixed_edge
1-6,lane1_target_exhibition_time_diff_bucket x lane1_target_start_exhibition_st_diff_bucket,near_equal | target_faster_0.03_0.06,653,41,6.28,65300,66690,1390,102.13,1626.59,3.94,69.07,1754.72,33.06,2.34,-128.13,mixed_edge
1-5,target_exhibition_rank_bucket x other_exhibition_faster_than_target_count_bucket,4+ | 1,488,41,8.4,48800,49710,910,101.86,1212.44,6.4,77.77,1215.84,24.09,2.0,-3.4,mixed_edge
1-6,lane1_target_start_gap_pair x target_outer_pressure_bucket,0.04-0.06->0.06 | low_other_pressure,38,5,13.16,3800,3870,70,101.84,774.0,3.94,69.07,1754.72,32.77,9.22,-980.72,probability_plus_price
1-3,lane1_target_exhibition_time_diff_bucket x lane1_target_start_exhibition_st_diff_bucket,target_faster_0.05_0.10 | lane1_faster_0.03_0.06,280,58,20.71,28000,28480,480,101.71,491.03,15.42,76.45,495.64,25.26,5.29,-4.61,probability_plus_price
1-2,other_st_faster_than_target_count_bucket,0,3693,892,24.15,369300,375590,6290,101.7,421.07,17.68,78.75,445.55,22.95,6.47,-24.48,mixed_edge
1-6,lane1_target_group_pair x target_outer_pressure_bucket,A-B | some_other_pressure,200,17,8.5,20000,20330,330,101.65,1195.88,3.94,69.07,1754.72,32.58,4.56,-558.84,mixed_edge
1-4,target_exhibition_st_rank_bucket x other_st_faster_than_target_count_bucket,4+ | 1,400,63,15.75,40000,40540,540,101.35,643.49,10.2,75.25,737.84,26.1,5.55,-94.35,probability_plus_price
1-5,lane1_target_start_gap_pair x target_outer_pressure_bucket,0.04-0.06-<=0.03 | high_other_pressure,528,36,6.82,52800,53470,670,101.27,1485.28,6.4,77.77,1215.84,23.5,0.42,269.44,mixed_edge
1-3,lane1_target_start_gap_pair x target_outer_pressure_bucket,best-0.04-0.06 | some_other_pressure,194,50,25.77,19400,19640,240,101.24,392.8,15.42,76.45,495.64,24.79,10.35,-102.84,mixed_edge
1-5,wave_bucket,10+,250,18,7.2,25000,25300,300,101.2,1405.56,6.4,77.77,1215.84,23.43,0.8,189.72,mixed_edge
1-6,target_national_win_rank_bucket x other_national_better_than_target_count_bucket,3 | 2,879,22,2.5,87900,88880,980,101.11,4040.0,3.94,69.07,1754.72,32.04,-1.44,2285.28,price_distortion
1-3,lane1_target_start_gap_pair x target_outer_pressure_bucket,<=0.03->0.06 | some_other_pressure,65,14,21.54,6500,6560,60,100.92,468.57,15.42,76.45,495.64,24.47,6.12,-27.07,mixed_edge
1-5,stadium_code,06,683,52,7.61,68300,68840,540,100.79,1323.85,6.4,77.77,1215.84,23.02,1.21,108.01,mixed_edge
1-5,stadium_code x target_lane,06 | 5,683,52,7.61,68300,68840,540,100.79,1323.85,6.4,77.77,1215.84,23.02,1.21,108.01,mixed_edge
1-6,lane1_target_exhibition_time_diff_bucket x lane1_target_start_exhibition_st_diff_bucket,target_faster_0.10+ | target_faster_0.03_0.06,62,4,6.45,6200,6240,40,100.65,1560.0,3.94,69.07,1754.72,31.58,2.51,-194.72,mixed_edge
1-6,lane1_target_group_pair x other_a_count_bucket,B-B | 1,588,15,2.55,58800,59110,310,100.53,3940.67,3.94,69.07,1754.72,31.46,-1.39,2185.95,price_distortion
1-2,lane1_target_group_pair x target_outer_pressure_bucket,B-A | some_other_pressure,705,116,16.45,70500,70860,360,100.51,610.86,17.68,78.75,445.55,21.76,-1.23,165.31,mixed_edge
1-6,lane1_target_national_rank_pair x target_outer_pressure_bucket,2-3 | high_other_pressure,258,16,6.2,25800,25930,130,100.5,1620.62,3.94,69.07,1754.72,31.43,2.26,-134.1,mixed_edge
1-3,lane1_target_start_exhibition_st_diff_bucket,lane1_faster_0.03_0.06,2405,474,19.71,240500,241550,1050,100.44,509.6,15.42,76.45,495.64,23.99,4.29,13.96,mixed_edge
1-5,lane1_target_national_rank_pair x target_outer_pressure_bucket,4+-2 | high_other_pressure,537,31,5.77,53700,53890,190,100.35,1738.39,6.4,77.77,1215.84,22.58,-0.63,522.55,mixed_edge
1-4,lane1_target_exhibition_st_rank_pair,2-1,441,73,16.55,44100,44230,130,100.29,605.89,10.2,75.25,737.84,25.04,6.35,-131.95,probability_plus_price
1-4,lane1_exhibition_st_rank_bucket x target_exhibition_st_rank_bucket,2 | 1,441,73,16.55,44100,44230,130,100.29,605.89,10.2,75.25,737.84,25.04,6.35,-131.95,probability_plus_price
1-5,lane1_target_start_gap_pair x target_outer_pressure_bucket,best-0.04-0.06 | high_other_pressure,806,68,8.44,80600,80730,130,100.16,1187.21,6.4,77.77,1215.84,22.39,2.04,-28.63,mixed_edge
1-3,lane1_target_start_gap_pair x target_outer_pressure_bucket,0.04-0.06-best | high_other_pressure,463,83,17.93,46300,46290,-10,99.98,557.71,15.42,76.45,495.64,23.53,2.51,62.07,mixed_edge
1-3,other_group_pattern,B-A-A-A,322,51,15.84,32200,32190,-10,99.97,631.18,15.42,76.45,495.64,23.52,0.42,135.54,mixed_edge
1-5,target_exhibition_st_rank_bucket x other_st_faster_than_target_count_bucket,2 | 0,679,69,10.16,67900,67870,-30,99.96,983.62,6.4,77.77,1215.84,22.19,3.76,-232.22,mixed_edge
1-4,lane1_target_national_rank_pair x target_outer_pressure_bucket,4+-1 | low_other_pressure,225,38,16.89,22500,22480,-20,99.91,591.58,10.2,75.25,737.84,24.66,6.69,-146.26,mixed_edge
1-6,lane1_target_national_rank_pair x target_outer_pressure_bucket,4+-3 | high_other_pressure,890,22,2.47,89000,88880,-120,99.87,4040.0,3.94,69.07,1754.72,30.8,-1.47,2285.28,price_distortion
1-2,lane1_target_group_pair x other_a_count_bucket,B-A | 1,775,142,18.32,77500,77320,-180,99.77,544.51,17.68,78.75,445.55,21.02,0.64,98.96,mixed_edge
1-4,lane1_target_start_gap_pair x target_outer_pressure_bucket,<=0.03-best | low_other_pressure,52,15,28.85,5200,5180,-20,99.62,345.33,10.2,75.25,737.84,24.37,18.65,-392.51,mixed_edge
1-6,target_national_win_rank_bucket x other_national_better_than_target_count_bucket,2 | 0,544,61,11.21,54400,54170,-230,99.58,888.03,3.94,69.07,1754.72,30.51,7.27,-866.69,probability_plus_price
1-6,target_exhibition_rank_bucket x other_exhibition_faster_than_target_count_bucket,3 | 2,511,18,3.52,51100,50820,-280,99.45,2823.33,3.94,69.07,1754.72,30.38,-0.42,1068.61,price_distortion
1-6,lane1_target_national_rank_pair,4+-3,894,22,2.46,89400,88880,-520,99.42,4040.0,3.94,69.07,1754.72,30.35,-1.48,2285.28,price_distortion
1-6,target_lane x lane1_target_national_rank_pair,6 | 4+-3,894,22,2.46,89400,88880,-520,99.42,4040.0,3.94,69.07,1754.72,30.35,-1.48,2285.28,price_distortion
1-4,lane1_target_start_gap_pair,best-<=0.03,943,159,16.86,94300,93730,-570,99.4,589.5,10.2,75.25,737.84,24.15,6.66,-148.34,mixed_edge
1-4,target_lane x lane1_target_start_gap_pair,4 | best-<=0.03,943,159,16.86,94300,93730,-570,99.4,589.5,10.2,75.25,737.84,24.15,6.66,-148.34,mixed_edge
1-4,lane1_start_exhibition_gap_bucket x target_start_exhibition_gap_bucket,best | <=0.03,943,159,16.86,94300,93730,-570,99.4,589.5,10.2,75.25,737.84,24.15,6.66,-148.34,mixed_edge
1-5,lane1_target_start_gap_pair,best-best,146,15,10.27,14600,14490,-110,99.25,966.0,6.4,77.77,1215.84,21.48,3.87,-249.84,mixed_edge
1-5,target_lane x lane1_target_start_gap_pair,5 | best-best,146,15,10.27,14600,14490,-110,99.25,966.0,6.4,77.77,1215.84,21.48,3.87,-249.84,mixed_edge
1-5,lane1_start_exhibition_gap_bucket x target_start_exhibition_gap_bucket,best | best,146,15,10.27,14600,14490,-110,99.25,966.0,6.4,77.77,1215.84,21.48,3.87,-249.84,mixed_edge
1-3,stadium_code,04,528,78,14.77,52800,52360,-440,99.17,671.28,15.42,76.45,495.64,22.72,-0.65,175.64,mixed_edge
1-3,stadium_code x target_lane,04 | 3,528,78,14.77,52800,52360,-440,99.17,671.28,15.42,76.45,495.64,22.72,-0.65,175.64,mixed_edge
1-6,target_national_win_rank_bucket,3,1946,91,4.68,194600,192810,-1790,99.08,2118.79,3.94,69.07,1754.72,30.01,0.74,364.07,price_distortion
1-3,lane1_target_exhibition_st_rank_pair,2-1,566,124,21.91,56600,56000,-600,98.94,451.61,15.42,76.45,495.64,22.49,6.49,-44.03,mixed_edge
1-3,lane1_exhibition_st_rank_bucket x target_exhibition_st_rank_bucket,2 | 1,566,124,21.91,56600,56000,-600,98.94,451.61,15.42,76.45,495.64,22.49,6.49,-44.03,mixed_edge
1-5,other_group_pattern,B-B-A-A,578,39,6.75,57800,57180,-620,98.93,1466.15,6.4,77.77,1215.84,21.16,0.35,250.31,mixed_edge
1-4,lane1_target_start_gap_pair,best-0.04-0.06,1079,152,14.09,107900,106720,-1180,98.91,702.11,10.2,75.25,737.84,23.66,3.89,-35.73,mixed_edge
1-4,target_lane x lane1_target_start_gap_pair,4 | best-0.04-0.06,1079,152,14.09,107900,106720,-1180,98.91,702.11,10.2,75.25,737.84,23.66,3.89,-35.73,mixed_edge
1-4,lane1_start_exhibition_gap_bucket x target_start_exhibition_gap_bucket,best | 0.04-0.06,1079,152,14.09,107900,106720,-1180,98.91,702.11,10.2,75.25,737.84,23.66,3.89,-35.73,mixed_edge
1-5,lane1_target_national_rank_pair x target_outer_pressure_bucket,2-1 | some_other_pressure,115,24,20.87,11500,11360,-140,98.78,473.33,6.4,77.77,1215.84,21.01,14.47,-742.51,mixed_edge
1-6,lane1_target_local_win_diff_bucket,near_equal,1750,85,4.86,175000,172770,-2230,98.73,2032.59,3.94,69.07,1754.72,29.66,0.92,277.87,price_distortion
1-6,lane1_target_group_pair x target_outer_pressure_bucket,B-A | high_other_pressure,1325,63,4.75,132500,130610,-1890,98.57,2073.17,3.94,69.07,1754.72,29.5,0.81,318.45,price_distortion
1-2,lane1_target_start_gap_pair x target_outer_pressure_bucket,0.04-0.06-<=0.03 | some_other_pressure,103,31,30.1,10300,10140,-160,98.45,327.1,17.68,78.75,445.55,19.7,12.42,-118.45,mixed_edge
1-3,lane1_target_national_rank_pair x target_outer_pressure_bucket,3-1 | high_other_pressure,249,73,29.32,24900,24510,-390,98.43,335.75,15.42,76.45,495.64,21.98,13.9,-159.89,mixed_edge
1-3,lane1_target_start_gap_pair x target_outer_pressure_bucket,best-<=0.03 | low_other_pressure,90,29,32.22,9000,8850,-150,98.33,305.17,15.42,76.45,495.64,21.88,16.8,-190.47,mixed_edge
1-3,lane1_target_start_gap_pair,<=0.03-<=0.03,914,181,19.8,91400,89720,-1680,98.16,495.69,15.42,76.45,495.64,21.71,4.38,0.05,mixed_edge
1-3,target_lane x lane1_target_start_gap_pair,3 | <=0.03-<=0.03,914,181,19.8,91400,89720,-1680,98.16,495.69,15.42,76.45,495.64,21.71,4.38,0.05,mixed_edge
1-3,lane1_start_exhibition_gap_bucket x target_start_exhibition_gap_bucket,<=0.03 | <=0.03,914,181,19.8,91400,89720,-1680,98.16,495.69,15.42,76.45,495.64,21.71,4.38,0.05,mixed_edge
1-2,lane1_target_national_rank_pair x target_outer_pressure_bucket,3-1 | low_other_pressure,156,50,32.05,15600,15310,-290,98.14,306.2,17.68,78.75,445.55,19.39,14.37,-139.35,mixed_edge
1-4,lane1_target_start_gap_pair,<=0.03-best,718,114,15.88,71800,70410,-1390,98.06,617.63,10.2,75.25,737.84,22.81,5.68,-120.21,mixed_edge
1-4,target_lane x lane1_target_start_gap_pair,4 | <=0.03-best,718,114,15.88,71800,70410,-1390,98.06,617.63,10.2,75.25,737.84,22.81,5.68,-120.21,mixed_edge
1-4,lane1_start_exhibition_gap_bucket x target_start_exhibition_gap_bucket,<=0.03 | best,718,114,15.88,71800,70410,-1390,98.06,617.63,10.2,75.25,737.84,22.81,5.68,-120.21,mixed_edge
1-4,lane1_target_start_gap_pair x target_outer_pressure_bucket,<=0.03-best | some_other_pressure,121,26,21.49,12100,11860,-240,98.02,456.15,10.2,75.25,737.84,22.77,11.29,-281.69,mixed_edge
1-4,lane1_target_start_gap_pair x target_outer_pressure_bucket,<=0.03-best | high_other_pressure,545,73,13.39,54500,53370,-1130,97.93,731.1,10.2,75.25,737.84,22.68,3.19,-6.74,mixed_edge
1-2,lane1_target_exhibition_time_diff_bucket x lane1_target_start_exhibition_st_diff_bucket,target_faster_0.05_0.10 | near_equal,630,139,22.06,63000,61690,-1310,97.92,443.81,17.68,78.75,445.55,19.17,4.38,-1.74,mixed_edge
1-6,lane1_target_national_rank_pair x target_outer_pressure_bucket,1-3 | some_other_pressure,235,19,8.09,23500,22970,-530,97.74,1208.95,3.94,69.07,1754.72,28.67,4.15,-545.77,mixed_edge
1-5,lane1_target_national_rank_pair x target_outer_pressure_bucket,1-2 | some_other_pressure,128,23,17.97,12800,12500,-300,97.66,543.48,6.4,77.77,1215.84,19.89,11.57,-672.36,mixed_edge
1-3,lane1_target_start_gap_pair,<=0.03-best,916,199,21.72,91600,89210,-2390,97.39,448.29,15.42,76.45,495.64,20.94,6.3,-47.35,mixed_edge
1-3,target_lane x lane1_target_start_gap_pair,3 | <=0.03-best,916,199,21.72,91600,89210,-2390,97.39,448.29,15.42,76.45,495.64,20.94,6.3,-47.35,mixed_edge
1-3,lane1_start_exhibition_gap_bucket x target_start_exhibition_gap_bucket,<=0.03 | best,916,199,21.72,91600,89210,-2390,97.39,448.29,15.42,76.45,495.64,20.94,6.3,-47.35,mixed_edge
1-2,lane1_target_national_rank_pair x target_outer_pressure_bucket,4+-2 | some_other_pressure,605,99,16.36,60500,58910,-1590,97.37,595.05,17.68,78.75,445.55,18.62,-1.32,149.5,mixed_edge
1-4,lane1_target_start_gap_pair x target_outer_pressure_bucket,0.04-0.06-<=0.03 | high_other_pressure,540,52,9.63,54000,52540,-1460,97.3,1010.38,10.2,75.25,737.84,22.05,-0.57,272.54,mixed_edge
1-3,lane1_target_start_gap_pair x target_outer_pressure_bucket,<=0.03-<=0.03 | high_other_pressure,726,127,17.49,72600,70610,-1990,97.26,555.98,15.42,76.45,495.64,20.81,2.07,60.34,mixed_edge
1-2,other_group_pattern,A-A-B-A,615,99,16.1,61500,59770,-1730,97.19,603.74,17.68,78.75,445.55,18.44,-1.58,158.19,mixed_edge
1-4,lane1_target_start_gap_pair,0.04-0.06-best,667,90,13.49,66700,64800,-1900,97.15,720.0,10.2,75.25,737.84,21.9,3.29,-17.84,mixed_edge
1-4,target_lane x lane1_target_start_gap_pair,4 | 0.04-0.06-best,667,90,13.49,66700,64800,-1900,97.15,720.0,10.2,75.25,737.84,21.9,3.29,-17.84,mixed_edge
1-4,lane1_start_exhibition_gap_bucket x target_start_exhibition_gap_bucket,0.04-0.06 | best,667,90,13.49,66700,64800,-1900,97.15,720.0,10.2,75.25,737.84,21.9,3.29,-17.84,mixed_edge
1-2,lane1_target_start_gap_pair,best->0.06,1028,214,20.82,102800,99810,-2990,97.09,466.4,17.68,78.75,445.55,18.34,3.14,20.85,mixed_edge
1-2,target_lane x lane1_target_start_gap_pair,2 | best->0.06,1028,214,20.82,102800,99810,-2990,97.09,466.4,17.68,78.75,445.55,18.34,3.14,20.85,mixed_edge
1-2,lane1_start_exhibition_gap_bucket x target_start_exhibition_gap_bucket,best | >0.06,1028,214,20.82,102800,99810,-2990,97.09,466.4,17.68,78.75,445.55,18.34,3.14,20.85,mixed_edge
1-6,lane1_target_exhibition_time_diff_bucket x lane1_target_start_exhibition_st_diff_bucket,near_equal | lane1_faster_0.03_0.06,927,43,4.64,92700,89980,-2720,97.07,2092.56,3.94,69.07,1754.72,28.0,0.7,337.84,price_distortion
1-3,lane1_target_start_gap_pair x target_outer_pressure_bucket,<=0.03-best | high_other_pressure,687,143,20.82,68700,66520,-2180,96.83,465.17,15.42,76.45,495.64,20.38,5.4,-30.47,mixed_edge
1-2,target_start_exhibition_gap_bucket,<=0.03,3408,752,22.07,340800,329830,-10970,96.78,438.6,17.68,78.75,445.55,18.03,4.39,-6.95,mixed_edge
1-2,target_lane x target_start_exhibition_gap_bucket,2 | <=0.03,3408,752,22.07,340800,329830,-10970,96.78,438.6,17.68,78.75,445.55,18.03,4.39,-6.95,mixed_edge
1-6,lane1_target_exhibition_time_diff_bucket x lane1_target_start_exhibition_st_diff_bucket,lane1_faster_0.10+ | near_equal,426,23,5.4,42600,41230,-1370,96.78,1792.61,3.94,69.07,1754.72,27.71,1.46,37.89,mixed_edge
1-4,lane1_target_start_gap_pair x target_outer_pressure_bucket,<=0.03->0.06 | low_other_pressure,35,8,22.86,3500,3380,-120,96.57,422.5,10.2,75.25,737.84,21.32,12.66,-315.34,mixed_edge
1-3,target_class_group x target_outer_pressure_bucket,B | low_other_pressure,79,24,30.38,7900,7620,-280,96.46,317.5,15.42,76.45,495.64,20.01,14.96,-178.14,mixed_edge
1-5,lane1_target_start_gap_pair,0.04-0.06-0.04-0.06,545,31,5.69,54500,52540,-1960,96.4,1694.84,6.4,77.77,1215.84,18.63,-0.71,479.0,mixed_edge
1-5,target_lane x lane1_target_start_gap_pair,5 | 0.04-0.06-0.04-0.06,545,31,5.69,54500,52540,-1960,96.4,1694.84,6.4,77.77,1215.84,18.63,-0.71,479.0,mixed_edge
1-5,lane1_start_exhibition_gap_bucket x target_start_exhibition_gap_bucket,0.04-0.06 | 0.04-0.06,545,31,5.69,54500,52540,-1960,96.4,1694.84,6.4,77.77,1215.84,18.63,-0.71,479.0,mixed_edge
1-2,lane1_target_exhibition_time_diff_bucket x lane1_target_start_exhibition_st_diff_bucket,lane1_faster_0.05_0.10 | target_faster_0.03_0.06,358,80,22.35,35800,34480,-1320,96.31,431.0,17.68,78.75,445.55,17.56,4.67,-14.55,mixed_edge
1-6,target_national_win_rank_bucket x other_national_better_than_target_count_bucket,3 | 1,1058,68,6.43,105800,101840,-3960,96.26,1497.65,3.94,69.07,1754.72,27.19,2.49,-257.07,mixed_edge
1-2,lane1_target_exhibition_time_diff_bucket x lane1_target_start_exhibition_st_diff_bucket,near_equal | near_equal,2769,575,20.77,276900,266480,-10420,96.24,463.44,17.68,78.75,445.55,17.49,3.09,17.89,mixed_edge
1-6,lane1_target_national_rank_pair x target_outer_pressure_bucket,2-1 | some_other_pressure,103,17,16.5,10300,9910,-390,96.21,582.94,3.94,69.07,1754.72,27.14,12.56,-1171.78,probability_plus_price
1-5,target_exhibition_rank_bucket x other_exhibition_faster_than_target_count_bucket,2 | 1,940,63,6.7,94000,90400,-3600,96.17,1434.92,6.4,77.77,1215.84,18.4,0.3,219.08,mixed_edge
1-5,other_group_pattern,A-A-B-A,652,35,5.37,65200,62650,-2550,96.09,1790.0,6.4,77.77,1215.84,18.32,-1.03,574.16,mixed_edge
1-6,target_exhibition_rank_bucket x other_exhibition_faster_than_target_count_bucket,3 | 0,301,20,6.64,30100,28920,-1180,96.08,1446.0,3.94,69.07,1754.72,27.01,2.7,-308.72,mixed_edge
1-2,other_b2_count_bucket,2,423,94,22.22,42300,40510,-1790,95.77,430.96,17.68,78.75,445.55,17.02,4.54,-14.59,mixed_edge
1-3,lane1_target_exhibition_st_rank_pair,2-3,673,119,17.68,67300,64410,-2890,95.71,541.26,15.42,76.45,495.64,19.26,2.26,45.62,mixed_edge
1-3,lane1_exhibition_st_rank_bucket x target_exhibition_st_rank_bucket,2 | 3,673,119,17.68,67300,64410,-2890,95.71,541.26,15.42,76.45,495.64,19.26,2.26,45.62,mixed_edge
1-4,stadium_code,18,480,55,11.46,48000,45890,-2110,95.6,834.36,10.2,75.25,737.84,20.35,1.26,96.52,mixed_edge
1-4,stadium_code x target_lane,18 | 4,480,55,11.46,48000,45890,-2110,95.6,834.36,10.2,75.25,737.84,20.35,1.26,96.52,mixed_edge
1-2,lane1_target_start_exhibition_st_diff_bucket,near_equal,5275,1122,21.27,527500,504250,-23250,95.59,449.42,17.68,78.75,445.55,16.84,3.59,3.87,mixed_edge
1-4,lane1_target_exhibition_time_diff_bucket x lane1_target_start_exhibition_st_diff_bucket,lane1_faster_0.10+ | near_equal,467,60,12.85,46700,44620,-2080,95.55,743.67,10.2,75.25,737.84,20.3,2.65,5.83,mixed_edge
1-2,lane1_target_exhibition_time_diff_bucket x lane1_target_start_exhibition_st_diff_bucket,lane1_faster_0.10+ | near_equal,536,120,22.39,53600,51160,-2440,95.45,426.33,17.68,78.75,445.55,16.7,4.71,-19.22,mixed_edge
1-4,lane1_target_exhibition_time_diff_bucket x lane1_target_start_exhibition_st_diff_bucket,near_equal | lane1_faster_0.03_0.06,990,132,13.33,99000,94410,-4590,95.36,715.23,10.2,75.25,737.84,20.11,3.13,-22.61,mixed_edge
1-3,lane1_target_start_gap_pair,0.04-0.06-best,603,115,19.07,60300,57500,-2800,95.36,500.0,15.42,76.45,495.64,18.91,3.65,4.36,mixed_edge
1-3,target_lane x lane1_target_start_gap_pair,3 | 0.04-0.06-best,603,115,19.07,60300,57500,-2800,95.36,500.0,15.42,76.45,495.64,18.91,3.65,4.36,mixed_edge
1-3,lane1_start_exhibition_gap_bucket x target_start_exhibition_gap_bucket,0.04-0.06 | best,603,115,19.07,60300,57500,-2800,95.36,500.0,15.42,76.45,495.64,18.91,3.65,4.36,mixed_edge
1-4,other_group_pattern,B-A-A-B,778,72,9.25,77800,74070,-3730,95.21,1028.75,10.2,75.25,737.84,19.96,-0.95,290.91,mixed_edge
1-5,other_group_pattern,A-B-A-A,621,25,4.03,62100,58970,-3130,94.96,2358.8,6.4,77.77,1215.84,17.19,-2.37,1142.96,mixed_edge
1-5,lane1_target_national_rank_pair,4+-2,960,63,6.56,96000,91040,-4960,94.83,1445.08,6.4,77.77,1215.84,17.06,0.16,229.24,mixed_edge
1-5,target_lane x lane1_target_national_rank_pair,5 | 4+-2,960,63,6.56,96000,91040,-4960,94.83,1445.08,6.4,77.77,1215.84,17.06,0.16,229.24,mixed_edge
1-6,stadium_code,10,546,20,3.66,54600,51750,-2850,94.78,2587.5,3.94,69.07,1754.72,25.71,-0.28,832.78,price_distortion
1-6,stadium_code x target_lane,10 | 6,546,20,3.66,54600,51750,-2850,94.78,2587.5,3.94,69.07,1754.72,25.71,-0.28,832.78,price_distortion
1-2,lane1_target_group_pair x target_outer_pressure_bucket,A-B | some_other_pressure,346,97,28.03,34600,32770,-1830,94.71,337.84,17.68,78.75,445.55,15.96,10.35,-107.71,mixed_edge
1-5,lane1_target_start_gap_pair x target_outer_pressure_bucket,<=0.03->0.06 | some_other_pressure,90,12,13.33,9000,8520,-480,94.67,710.0,6.4,77.77,1215.84,16.9,6.93,-505.84,mixed_edge
1-2,lane1_target_exhibition_st_rank_pair,3-1,436,91,20.87,43600,41230,-2370,94.56,453.08,17.68,78.75,445.55,15.81,3.19,7.53,mixed_edge
1-2,lane1_exhibition_st_rank_bucket x target_exhibition_st_rank_bucket,3 | 1,436,91,20.87,43600,41230,-2370,94.56,453.08,17.68,78.75,445.55,15.81,3.19,7.53,mixed_edge
1-4,lane1_target_exhibition_st_rank_pair,3-2,385,53,13.77,38500,36400,-2100,94.55,686.79,10.2,75.25,737.84,19.3,3.57,-51.05,mixed_edge
1-4,lane1_exhibition_st_rank_bucket x target_exhibition_st_rank_bucket,3 | 2,385,53,13.77,38500,36400,-2100,94.55,686.79,10.2,75.25,737.84,19.3,3.57,-51.05,mixed_edge
1-4,other_group_pattern,B-A-A-A,443,35,7.9,44300,41880,-2420,94.54,1196.57,10.2,75.25,737.84,19.29,-2.3,458.73,mixed_edge
1-6,lane1_target_national_rank_pair x target_outer_pressure_bucket,1-2 | high_other_pressure,280,27,9.64,28000,26460,-1540,94.5,980.0,3.94,69.07,1754.72,25.43,5.7,-774.72,probability_plus_price
1-4,lane1_target_start_gap_pair x target_outer_pressure_bucket,<=0.03-0.04-0.06 | high_other_pressure,589,61,10.36,58900,55610,-3290,94.41,911.64,10.2,75.25,737.84,19.16,0.16,173.8,mixed_edge
1-4,stadium_code,17,552,55,9.96,55200,52110,-3090,94.4,947.45,10.2,75.25,737.84,19.15,-0.24,209.61,mixed_edge
1-4,stadium_code x target_lane,17 | 4,552,55,9.96,55200,52110,-3090,94.4,947.45,10.2,75.25,737.84,19.15,-0.24,209.61,mixed_edge
1-6,other_st_faster_than_target_count_bucket,2,2270,105,4.63,227000,214030,-12970,94.29,2038.38,3.94,69.07,1754.72,25.22,0.69,283.66,price_distortion
1-2,lane1_target_start_gap_pair x target_outer_pressure_bucket,best-0.04-0.06 | some_other_pressure,198,58,29.29,19800,18660,-1140,94.24,321.72,17.68,78.75,445.55,15.49,11.61,-123.83,mixed_edge
1-5,target_exhibition_rank_bucket,2,1838,134,7.29,183800,173010,-10790,94.13,1291.12,6.4,77.77,1215.84,16.36,0.89,75.28,mixed_edge
1-3,lane1_target_group_pair x other_a_count_bucket,B-B | 2,984,87,8.84,98400,92470,-5930,93.97,1062.87,15.42,76.45,495.64,17.52,-6.58,567.23,mixed_edge
1-5,lane1_target_class_pair,B1-A1,876,89,10.16,87600,82270,-5330,93.92,924.38,6.4,77.77,1215.84,16.15,3.76,-291.46,mixed_edge
1-6,lane1_target_national_rank_pair x target_outer_pressure_bucket,3-2 | high_other_pressure,214,15,7.01,21400,20070,-1330,93.79,1338.0,3.94,69.07,1754.72,24.72,3.07,-416.72,mixed_edge
1-3,lane1_target_class_pair,B2-A2,82,5,6.1,8200,7690,-510,93.78,1538.0,15.42,76.45,495.64,17.33,-9.32,1042.36,mixed_edge
1-4,lane1_target_national_rank_pair x target_outer_pressure_bucket,4+-2 | high_other_pressure,541,54,9.98,54100,50730,-3370,93.77,939.44,10.2,75.25,737.84,18.52,-0.22,201.6,mixed_edge
1-4,lane1_exhibition_st_rank_bucket,1,4176,561,13.43,417600,391280,-26320,93.7,697.47,10.2,75.25,737.84,18.45,3.23,-40.37,mixed_edge
1-4,lane1_start_exhibition_gap_bucket,best,4176,561,13.43,417600,391280,-26320,93.7,697.47,10.2,75.25,737.84,18.45,3.23,-40.37,mixed_edge
1-5,lane1_target_start_gap_pair,0.04-0.06-<=0.03,655,48,7.33,65500,61310,-4190,93.6,1277.29,6.4,77.77,1215.84,15.83,0.93,61.45,mixed_edge
1-5,target_lane x lane1_target_start_gap_pair,5 | 0.04-0.06-<=0.03,655,48,7.33,65500,61310,-4190,93.6,1277.29,6.4,77.77,1215.84,15.83,0.93,61.45,mixed_edge
1-5,lane1_start_exhibition_gap_bucket x target_start_exhibition_gap_bucket,0.04-0.06 | <=0.03,655,48,7.33,65500,61310,-4190,93.6,1277.29,6.4,77.77,1215.84,15.83,0.93,61.45,mixed_edge
1-4,lane1_target_start_gap_pair,0.04-0.06-<=0.03,658,71,10.79,65800,61500,-4300,93.47,866.2,10.2,75.25,737.84,18.22,0.59,128.36,mixed_edge
1-4,target_lane x lane1_target_start_gap_pair,4 | 0.04-0.06-<=0.03,658,71,10.79,65800,61500,-4300,93.47,866.2,10.2,75.25,737.84,18.22,0.59,128.36,mixed_edge
1-4,lane1_start_exhibition_gap_bucket x target_start_exhibition_gap_bucket,0.04-0.06 | <=0.03,658,71,10.79,65800,61500,-4300,93.47,866.2,10.2,75.25,737.84,18.22,0.59,128.36,mixed_edge
1-3,target_exhibition_st_rank_bucket,3,3044,537,17.64,304400,284410,-19990,93.43,529.63,15.42,76.45,495.64,16.98,2.22,33.99,mixed_edge
1-3,target_lane x target_exhibition_st_rank_bucket,3 | 3,3044,537,17.64,304400,284410,-19990,93.43,529.63,15.42,76.45,495.64,16.98,2.22,33.99,mixed_edge
1-3,stadium_code,20,539,100,18.55,53900,50330,-3570,93.38,503.3,15.42,76.45,495.64,16.93,3.13,7.66,mixed_edge
1-3,stadium_code x target_lane,20 | 3,539,100,18.55,53900,50330,-3570,93.38,503.3,15.42,76.45,495.64,16.93,3.13,7.66,mixed_edge
1-2,target_start_exhibition_gap_bucket,best,2054,458,22.3,205400,191780,-13620,93.37,418.73,17.68,78.75,445.55,14.62,4.62,-26.82,mixed_edge
1-2,target_lane x target_start_exhibition_gap_bucket,2 | best,2054,458,22.3,205400,191780,-13620,93.37,418.73,17.68,78.75,445.55,14.62,4.62,-26.82,mixed_edge
1-2,target_exhibition_st_rank_bucket x other_st_faster_than_target_count_bucket,4+ | 2,1370,273,19.93,137000,127640,-9360,93.17,467.55,17.68,78.75,445.55,14.42,2.25,22.0,mixed_edge
1-6,lane1_target_exhibition_time_diff_bucket x lane1_target_start_exhibition_st_diff_bucket,lane1_faster_0.10+ | target_faster_0.03_0.06,197,4,2.03,19700,18330,-1370,93.05,4582.5,3.94,69.07,1754.72,23.98,-1.91,2827.78,mixed_edge
1-2,lane1_target_exhibition_time_diff_bucket x lane1_target_start_exhibition_st_diff_bucket,target_faster_0.05_0.10 | lane1_faster_0.03_0.06,309,54,17.48,30900,28740,-2160,93.01,532.22,17.68,78.75,445.55,14.26,-0.2,86.67,mixed_edge
1-3,lane1_target_start_gap_pair,best->0.06,1265,226,17.87,126500,117610,-8890,92.97,520.4,15.42,76.45,495.64,16.52,2.45,24.76,mixed_edge
1-3,target_lane x lane1_target_start_gap_pair,3 | best->0.06,1265,226,17.87,126500,117610,-8890,92.97,520.4,15.42,76.45,495.64,16.52,2.45,24.76,mixed_edge
1-3,lane1_start_exhibition_gap_bucket x target_start_exhibition_gap_bucket,best | >0.06,1265,226,17.87,126500,117610,-8890,92.97,520.4,15.42,76.45,495.64,16.52,2.45,24.76,mixed_edge
1-3,other_st_faster_than_target_count_bucket,1,3416,606,17.74,341600,317510,-24090,92.95,523.94,15.42,76.45,495.64,16.5,2.32,28.3,mixed_edge
1-5,target_exhibition_st_rank_bucket,2,1964,158,8.04,196400,182470,-13930,92.91,1154.87,6.4,77.77,1215.84,15.14,1.64,-60.97,mixed_edge
1-5,target_lane x target_exhibition_st_rank_bucket,5 | 2,1964,158,8.04,196400,182470,-13930,92.91,1154.87,6.4,77.77,1215.84,15.14,1.64,-60.97,mixed_edge
1-6,lane1_target_group_pair x target_outer_pressure_bucket,B-A | low_other_pressure,282,28,9.93,28200,26200,-2000,92.91,935.71,3.94,69.07,1754.72,23.84,5.99,-819.01,mixed_edge
1-5,stadium_code,08,575,53,9.22,57500,53380,-4120,92.83,1007.17,6.4,77.77,1215.84,15.06,2.82,-208.67,mixed_edge
1-5,stadium_code x target_lane,08 | 5,575,53,9.22,57500,53380,-4120,92.83,1007.17,6.4,77.77,1215.84,15.06,2.82,-208.67,mixed_edge
1-2,lane1_target_national_rank_pair,4+-2,1145,182,15.9,114500,106230,-8270,92.78,583.68,17.68,78.75,445.55,14.03,-1.78,138.13,mixed_edge
1-2,target_lane x lane1_target_national_rank_pair,2 | 4+-2,1145,182,15.9,114500,106230,-8270,92.78,583.68,17.68,78.75,445.55,14.03,-1.78,138.13,mixed_edge
1-4,lane1_target_start_gap_pair x target_outer_pressure_bucket,best-<=0.03 | high_other_pressure,712,98,13.76,71200,66060,-5140,92.78,674.08,10.2,75.25,737.84,17.53,3.56,-63.76,mixed_edge
1-5,lane1_target_exhibition_time_diff_bucket x lane1_target_start_exhibition_st_diff_bucket,target_faster_0.05_0.10 | target_faster_0.03_0.06,172,16,9.3,17200,15950,-1250,92.73,996.88,6.4,77.77,1215.84,14.96,2.9,-218.96,mixed_edge
1-6,lane1_target_exhibition_time_diff_bucket x lane1_target_start_exhibition_st_diff_bucket,target_faster_0.10+ | near_equal,144,8,5.56,14400,13350,-1050,92.71,1668.75,3.94,69.07,1754.72,23.64,1.62,-85.97,mixed_edge
1-5,lane1_exhibition_rank_bucket,1,4142,332,8.02,414200,383970,-30230,92.7,1156.54,6.4,77.77,1215.84,14.93,1.62,-59.3,mixed_edge
1-5,target_start_exhibition_gap_bucket,<=0.03,3172,241,7.6,317200,293900,-23300,92.65,1219.5,6.4,77.77,1215.84,14.88,1.2,3.66,mixed_edge
1-5,target_lane x target_start_exhibition_gap_bucket,5 | <=0.03,3172,241,7.6,317200,293900,-23300,92.65,1219.5,6.4,77.77,1215.84,14.88,1.2,3.66,mixed_edge
1-2,lane1_target_group_pair x other_a_count_bucket,B-B | 3,562,45,8.01,56200,52050,-4150,92.62,1156.67,17.68,78.75,445.55,13.87,-9.67,711.12,mixed_edge
1-4,lane1_target_exhibition_st_rank_pair,1-3,789,121,15.34,78900,73070,-5830,92.61,603.88,10.2,75.25,737.84,17.36,5.14,-133.96,mixed_edge
1-4,lane1_exhibition_st_rank_bucket x target_exhibition_st_rank_bucket,1 | 3,789,121,15.34,78900,73070,-5830,92.61,603.88,10.2,75.25,737.84,17.36,5.14,-133.96,mixed_edge
1-6,stadium_code,09,672,35,5.21,67200,62190,-5010,92.54,1776.86,3.94,69.07,1754.72,23.47,1.27,22.14,mixed_edge
1-6,stadium_code x target_lane,09 | 6,672,35,5.21,67200,62190,-5010,92.54,1776.86,3.94,69.07,1754.72,23.47,1.27,22.14,mixed_edge
1-3,other_group_pattern,B-A-A-B,626,103,16.45,62600,57900,-4700,92.49,562.14,15.42,76.45,495.64,16.04,1.03,66.5,mixed_edge
1-4,target_exhibition_rank_bucket x other_exhibition_faster_than_target_count_bucket,2 | 0,961,139,14.46,96100,88860,-7240,92.47,639.28,10.2,75.25,737.84,17.22,4.26,-98.56,mixed_edge
1-6,stadium_code,20,539,26,4.82,53900,49830,-4070,92.45,1916.54,3.94,69.07,1754.72,23.38,0.88,161.82,mixed_edge
1-6,stadium_code x target_lane,20 | 6,539,26,4.82,53900,49830,-4070,92.45,1916.54,3.94,69.07,1754.72,23.38,0.88,161.82,mixed_edge
1-2,lane1_start_exhibition_gap_bucket,<=0.03,3060,645,21.08,306000,282850,-23150,92.43,438.53,17.68,78.75,445.55,13.68,3.4,-7.02,mixed_edge
1-5,other_a_count_bucket,3,2383,112,4.7,238300,220090,-18210,92.36,1965.09,6.4,77.77,1215.84,14.59,-1.7,749.25,mixed_edge
1-5,target_lane x other_a_count_bucket,5 | 3,2383,112,4.7,238300,220090,-18210,92.36,1965.09,6.4,77.77,1215.84,14.59,-1.7,749.25,mixed_edge
1-2,lane1_target_class_pair,B1-A2,1318,185,14.04,131800,121710,-10090,92.34,657.89,17.68,78.75,445.55,13.59,-3.64,212.34,mixed_edge
1-3,other_st_faster_than_target_count_bucket,0,3775,737,19.52,377500,347340,-30160,92.01,471.29,15.42,76.45,495.64,15.56,4.1,-24.35,mixed_edge
1-5,lane1_start_exhibition_gap_bucket,<=0.03,3060,231,7.55,306000,281530,-24470,92.0,1218.74,6.4,77.77,1215.84,14.23,1.15,2.9,mixed_edge
1-5,target_exhibition_rank_bucket x other_exhibition_faster_than_target_count_bucket,2 | 0,898,71,7.91,89800,82610,-7190,91.99,1163.52,6.4,77.77,1215.84,14.22,1.51,-52.32,mixed_edge
1-2,stadium_code,17,552,107,19.38,55200,50780,-4420,91.99,474.58,17.68,78.75,445.55,13.24,1.7,29.03,mixed_edge
1-2,stadium_code x target_lane,17 | 2,552,107,19.38,55200,50780,-4420,91.99,474.58,17.68,78.75,445.55,13.24,1.7,29.03,mixed_edge
1-6,lane1_target_start_exhibition_st_diff_bucket,lane1_faster_0.03_0.06,1964,88,4.48,196400,180640,-15760,91.98,2052.73,3.94,69.07,1754.72,22.91,0.54,298.01,mixed_edge
1-3,lane1_target_start_gap_pair x target_outer_pressure_bucket,best->0.06 | high_other_pressure,1033,163,15.78,103300,95010,-8290,91.97,582.88,15.42,76.45,495.64,15.52,0.36,87.24,mixed_edge
1-5,target_national_win_rank_bucket x other_national_better_than_target_count_bucket,2 | 0,606,87,14.36,60600,55690,-4910,91.9,640.11,6.4,77.77,1215.84,14.13,7.96,-575.73,mixed_edge
1-6,lane1_target_national_rank_pair,1-3,576,37,6.42,57600,52870,-4730,91.79,1428.92,3.94,69.07,1754.72,22.72,2.48,-325.8,mixed_edge
1-6,target_lane x lane1_target_national_rank_pair,6 | 1-3,576,37,6.42,57600,52870,-4730,91.79,1428.92,3.94,69.07,1754.72,22.72,2.48,-325.8,mixed_edge
1-3,stadium_code,18,480,103,21.46,48000,44050,-3950,91.77,427.67,15.42,76.45,495.64,15.32,6.04,-67.97,mixed_edge
1-3,stadium_code x target_lane,18 | 3,480,103,21.46,48000,44050,-3950,91.77,427.67,15.42,76.45,495.64,15.32,6.04,-67.97,mixed_edge
1-4,lane1_target_group_pair x target_outer_pressure_bucket,B-A | low_other_pressure,229,38,16.59,22900,21010,-1890,91.75,552.89,10.2,75.25,737.84,16.5,6.39,-184.95,mixed_edge
1-3,lane1_target_start_gap_pair x target_outer_pressure_bucket,<=0.03-<=0.03 | low_other_pressure,53,17,32.08,5300,4860,-440,91.7,285.88,15.42,76.45,495.64,15.25,16.66,-209.76,mixed_edge
1-5,lane1_target_exhibition_time_diff_bucket,lane1_faster_0.05_0.10,3000,201,6.7,300000,274900,-25100,91.63,1367.66,6.4,77.77,1215.84,13.86,0.3,151.82,mixed_edge
1-3,lane1_target_start_gap_pair x target_outer_pressure_bucket,0.04-0.06-0.04-0.06 | low_other_pressure,37,9,24.32,3700,3390,-310,91.62,376.67,15.42,76.45,495.64,15.17,8.9,-118.97,mixed_edge
1-2,stadium_code,15,575,119,20.7,57500,52660,-4840,91.58,442.52,17.68,78.75,445.55,12.83,3.02,-3.03,mixed_edge
1-2,stadium_code x target_lane,15 | 2,575,119,20.7,57500,52660,-4840,91.58,442.52,17.68,78.75,445.55,12.83,3.02,-3.03,mixed_edge
1-3,lane1_target_group_pair x target_outer_pressure_bucket,A-B | some_other_pressure,310,77,24.84,31000,28380,-2620,91.55,368.57,15.42,76.45,495.64,15.1,9.42,-127.07,mixed_edge
1-5,lane1_target_start_gap_pair x target_outer_pressure_bucket,<=0.03-best | low_other_pressure,40,8,20.0,4000,3660,-340,91.5,457.5,6.4,77.77,1215.84,13.73,13.6,-758.34,mixed_edge
1-4,lane1_target_national_rank_pair x target_outer_pressure_bucket,1-3 | high_other_pressure,370,68,18.38,37000,33820,-3180,91.41,497.35,10.2,75.25,737.84,16.16,8.18,-240.49,mixed_edge
1-5,target_exhibition_st_rank_bucket x other_st_faster_than_target_count_bucket,3 | 1,1043,82,7.86,104300,95300,-9000,91.37,1162.2,6.4,77.77,1215.84,13.6,1.46,-53.64,mixed_edge
1-6,lane1_target_start_gap_pair x target_outer_pressure_bucket,0.04-0.06-<=0.03 | low_other_pressure,32,5,15.62,3200,2920,-280,91.25,584.0,3.94,69.07,1754.72,22.18,11.68,-1170.72,mixed_edge
1-2,lane1_target_start_gap_pair,0.04-0.06-<=0.03,563,118,20.96,56300,51360,-4940,91.23,435.25,17.68,78.75,445.55,12.48,3.28,-10.3,mixed_edge
1-2,target_lane x lane1_target_start_gap_pair,2 | 0.04-0.06-<=0.03,563,118,20.96,56300,51360,-4940,91.23,435.25,17.68,78.75,445.55,12.48,3.28,-10.3,mixed_edge
1-2,lane1_start_exhibition_gap_bucket x target_start_exhibition_gap_bucket,0.04-0.06 | <=0.03,563,118,20.96,56300,51360,-4940,91.23,435.25,17.68,78.75,445.55,12.48,3.28,-10.3,mixed_edge
1-6,target_local_win_rank_bucket,2,1929,120,6.22,192900,175930,-16970,91.2,1466.08,3.94,69.07,1754.72,22.13,2.28,-288.64,mixed_edge
1-4,target_exhibition_st_rank_bucket,2,2144,275,12.83,214400,195500,-18900,91.18,710.91,10.2,75.25,737.84,15.93,2.63,-26.93,mixed_edge
1-4,target_lane x target_exhibition_st_rank_bucket,4 | 2,2144,275,12.83,214400,195500,-18900,91.18,710.91,10.2,75.25,737.84,15.93,2.63,-26.93,mixed_edge
1-6,lane1_exhibition_st_rank_bucket,1,4176,199,4.77,417600,380110,-37490,91.02,1910.1,3.94,69.07,1754.72,21.95,0.83,155.38,mixed_edge
1-6,lane1_start_exhibition_gap_bucket,best,4176,199,4.77,417600,380110,-37490,91.02,1910.1,3.94,69.07,1754.72,21.95,0.83,155.38,mixed_edge
1-2,lane1_target_start_gap_pair x target_outer_pressure_bucket,best->0.06 | high_other_pressure,813,153,18.82,81300,73750,-7550,90.71,482.03,17.68,78.75,445.55,11.96,1.14,36.48,mixed_edge
1-2,lane1_target_national_rank_pair x target_outer_pressure_bucket,4+-1 | some_other_pressure,257,47,18.29,25700,23300,-2400,90.66,495.74,17.68,78.75,445.55,11.91,0.61,50.19,mixed_edge
1-4,target_motor_rank_bucket,3,2208,240,10.87,220800,200110,-20690,90.63,833.79,10.2,75.25,737.84,15.38,0.67,95.95,mixed_edge
1-6,lane1_target_exhibition_time_diff_bucket x lane1_target_start_exhibition_st_diff_bucket,near_equal | near_equal,1537,85,5.53,153700,139300,-14400,90.63,1638.82,3.94,69.07,1754.72,21.56,1.59,-115.9,mixed_edge
1-3,lane1_target_group_pair x other_a_count_bucket,B-A | 3,297,29,9.76,29700,26900,-2800,90.57,927.59,15.42,76.45,495.64,14.12,-5.66,431.95,mixed_edge
1-6,lane1_target_national_rank_pair x target_outer_pressure_bucket,1-2 | low_other_pressure,141,17,12.06,14100,12770,-1330,90.57,751.18,3.94,69.07,1754.72,21.5,8.12,-1003.54,mixed_edge
1-5,lane1_motor_rank_bucket,1,2605,195,7.49,260500,235710,-24790,90.48,1208.77,6.4,77.77,1215.84,12.71,1.09,-7.07,mixed_edge
1-5,lane1_exhibition_st_rank_bucket,1,4176,331,7.93,417600,377310,-40290,90.35,1139.91,6.4,77.77,1215.84,12.58,1.53,-75.93,mixed_edge
1-5,lane1_start_exhibition_gap_bucket,best,4176,331,7.93,417600,377310,-40290,90.35,1139.91,6.4,77.77,1215.84,12.58,1.53,-75.93,mixed_edge
1-6,lane1_target_group_pair x target_outer_pressure_bucket,A-A | some_other_pressure,819,74,9.04,81900,73960,-7940,90.31,999.46,3.94,69.07,1754.72,21.24,5.1,-755.26,mixed_edge
1-2,stadium_code,10,546,96,17.58,54600,49280,-5320,90.26,513.33,17.68,78.75,445.55,11.51,-0.1,67.78,mixed_edge
1-2,stadium_code x target_lane,10 | 2,546,96,17.58,54600,49280,-5320,90.26,513.33,17.68,78.75,445.55,11.51,-0.1,67.78,mixed_edge
1-6,target_motor_rank_bucket,1,2186,126,5.76,218600,197280,-21320,90.25,1565.71,3.94,69.07,1754.72,21.18,1.82,-189.01,mixed_edge
1-5,other_group_pattern,A-A-B-B,759,49,6.46,75900,68500,-7400,90.25,1397.96,6.4,77.77,1215.84,12.48,0.06,182.12,mixed_edge
1-6,lane1_target_group_pair x other_a_count_bucket,A-A | 1,984,104,10.57,98400,88760,-9640,90.2,853.46,3.94,69.07,1754.72,21.13,6.63,-901.26,mixed_edge
1-5,target_exhibition_st_rank_bucket x other_st_faster_than_target_count_bucket,4+ | 2,2098,175,8.34,209800,189180,-20620,90.17,1081.03,6.4,77.77,1215.84,12.4,1.94,-134.81,mixed_edge
1-5,other_st_faster_than_target_count_bucket,1,2829,212,7.49,282900,254940,-27960,90.12,1202.55,6.4,77.77,1215.84,12.35,1.09,-13.29,mixed_edge
1-3,lane1_target_start_gap_pair x target_outer_pressure_bucket,0.04-0.06-<=0.03 | some_other_pressure,117,30,25.64,11700,10540,-1160,90.09,351.33,15.42,76.45,495.64,13.64,10.22,-144.31,mixed_edge
1-6,lane1_target_group_pair x other_a_count_bucket,B-A | 2,1022,49,4.79,102200,92020,-10180,90.04,1877.96,3.94,69.07,1754.72,20.97,0.85,123.24,mixed_edge
1-3,target_start_exhibition_gap_bucket,<=0.03,3566,663,18.59,356600,321020,-35580,90.02,484.19,15.42,76.45,495.64,13.57,3.17,-11.45,mixed_edge
1-3,target_lane x target_start_exhibition_gap_bucket,3 | <=0.03,3566,663,18.59,356600,321020,-35580,90.02,484.19,15.42,76.45,495.64,13.57,3.17,-11.45,mixed_edge
1-4,other_group_pattern,B-B-A-B,623,90,14.45,62300,56080,-6220,90.02,623.11,10.2,75.25,737.84,14.77,4.25,-114.73,mixed_edge
1-2,lane1_target_group_pair x other_a_count_bucket,A-B | 3,613,86,14.03,61300,55180,-6120,90.02,641.63,17.68,78.75,445.55,11.27,-3.65,196.08,mixed_edge
1-3,target_exhibition_st_rank_bucket,2,2640,498,18.86,264000,237580,-26420,89.99,477.07,15.42,76.45,495.64,13.54,3.44,-18.57,mixed_edge
1-3,target_lane x target_exhibition_st_rank_bucket,3 | 2,2640,498,18.86,264000,237580,-26420,89.99,477.07,15.42,76.45,495.64,13.54,3.44,-18.57,mixed_edge
1-6,other_group_pattern,B-B-B-A,604,36,5.96,60400,54350,-6050,89.98,1509.72,3.94,69.07,1754.72,20.91,2.02,-245.0,mixed_edge
1-6,lane1_target_local_win_diff_bucket,target_plus_0.35_1.00,1255,64,5.1,125500,112820,-12680,89.9,1762.81,3.94,69.07,1754.72,20.83,1.16,8.09,mixed_edge
1-5,target_exhibition_st_rank_bucket x other_st_faster_than_target_count_bucket,4+ | 1,501,41,8.18,50100,45040,-5060,89.9,1098.54,6.4,77.77,1215.84,12.13,1.78,-117.3,mixed_edge
1-2,lane1_target_start_gap_pair x target_outer_pressure_bucket,best->0.06 | low_other_pressure,63,19,30.16,6300,5660,-640,89.84,297.89,17.68,78.75,445.55,11.09,12.48,-147.66,mixed_edge
1-2,lane1_target_group_pair x other_a_count_bucket,A-A | 0,207,82,39.61,20700,18590,-2110,89.81,226.71,17.68,78.75,445.55,11.06,21.93,-218.84,mixed_edge
1-5,stadium_code,09,672,39,5.8,67200,60320,-6880,89.76,1546.67,6.4,77.77,1215.84,11.99,-0.6,330.83,mixed_edge
1-5,stadium_code x target_lane,09 | 5,672,39,5.8,67200,60320,-6880,89.76,1546.67,6.4,77.77,1215.84,11.99,-0.6,330.83,mixed_edge
1-2,other_group_pattern,A-B-B-B,823,146,17.74,82300,73840,-8460,89.72,505.75,17.68,78.75,445.55,10.97,0.06,60.2,mixed_edge
1-5,lane1_target_national_rank_pair x target_outer_pressure_bucket,1-2 | high_other_pressure,321,44,13.71,32100,28800,-3300,89.72,654.55,6.4,77.77,1215.84,11.95,7.31,-561.29,mixed_edge
1-4,lane1_target_start_gap_pair,<=0.03-0.04-0.06,711,78,10.97,71100,63780,-7320,89.7,817.69,10.2,75.25,737.84,14.45,0.77,79.85,mixed_edge
1-4,target_lane x lane1_target_start_gap_pair,4 | <=0.03-0.04-0.06,711,78,10.97,71100,63780,-7320,89.7,817.69,10.2,75.25,737.84,14.45,0.77,79.85,mixed_edge
1-4,lane1_start_exhibition_gap_bucket x target_start_exhibition_gap_bucket,<=0.03 | 0.04-0.06,711,78,10.97,71100,63780,-7320,89.7,817.69,10.2,75.25,737.84,14.45,0.77,79.85,mixed_edge
1-2,lane1_target_national_rank_pair x target_outer_pressure_bucket,2-3 | some_other_pressure,298,68,22.82,29800,26730,-3070,89.7,393.09,17.68,78.75,445.55,10.95,5.14,-52.46,mixed_edge
1-5,target_national_win_rank_bucket x other_national_better_than_target_count_bucket,3 | 2,885,45,5.08,88500,79380,-9120,89.69,1764.0,6.4,77.77,1215.84,11.92,-1.32,548.16,mixed_edge
1-3,lane1_target_class_pair,A1-B2,109,18,16.51,10900,9760,-1140,89.54,542.22,15.42,76.45,495.64,13.09,1.09,46.58,mixed_edge
1-3,stadium_code,07,347,73,21.04,34700,31020,-3680,89.39,424.93,15.42,76.45,495.64,12.94,5.62,-70.71,mixed_edge
1-3,stadium_code x target_lane,07 | 3,347,73,21.04,34700,31020,-3680,89.39,424.93,15.42,76.45,495.64,12.94,5.62,-70.71,mixed_edge
1-4,target_exhibition_st_rank_bucket x other_st_faster_than_target_count_bucket,4+ | 2,2216,260,11.73,221600,197730,-23870,89.23,760.5,10.2,75.25,737.84,13.98,1.53,22.66,mixed_edge
1-5,stadium_code,22,694,32,4.61,69400,61920,-7480,89.22,1935.0,6.4,77.77,1215.84,11.45,-1.79,719.16,mixed_edge
1-5,stadium_code x target_lane,22 | 5,694,32,4.61,69400,61920,-7480,89.22,1935.0,6.4,77.77,1215.84,11.45,-1.79,719.16,mixed_edge
1-6,lane1_target_start_exhibition_st_diff_bucket,target_faster_0.03_0.06,1373,66,4.81,137300,122480,-14820,89.21,1855.76,3.94,69.07,1754.72,20.14,0.87,101.04,mixed_edge
1-5,lane1_target_class_pair,A2-A2,731,70,9.58,73100,65200,-7900,89.19,931.43,6.4,77.77,1215.84,11.42,3.18,-284.41,mixed_edge
1-5,target_exhibition_st_rank_bucket x other_st_faster_than_target_count_bucket,2 | 1,1285,89,6.93,128500,114600,-13900,89.18,1287.64,6.4,77.77,1215.84,11.41,0.53,71.8,mixed_edge
1-6,target_exhibition_st_rank_bucket,2,1482,92,6.21,148200,132150,-16050,89.17,1436.41,3.94,69.07,1754.72,20.1,2.27,-318.31,mixed_edge
1-6,target_lane x target_exhibition_st_rank_bucket,6 | 2,1482,92,6.21,148200,132150,-16050,89.17,1436.41,3.94,69.07,1754.72,20.1,2.27,-318.31,mixed_edge
1-3,lane1_target_national_rank_pair x target_outer_pressure_bucket,2-1 | some_other_pressure,123,42,34.15,12300,10960,-1340,89.11,260.95,15.42,76.45,495.64,12.66,18.73,-234.69,mixed_edge
1-5,lane1_target_group_pair x other_a_count_bucket,B-A | 2,994,70,7.04,99400,88460,-10940,88.99,1263.71,6.4,77.77,1215.84,11.22,0.64,47.87,mixed_edge
1-4,stadium_code,10,546,62,11.36,54600,48590,-6010,88.99,783.71,10.2,75.25,737.84,13.74,1.16,45.87,mixed_edge
1-4,stadium_code x target_lane,10 | 4,546,62,11.36,54600,48590,-6010,88.99,783.71,10.2,75.25,737.84,13.74,1.16,45.87,mixed_edge
1-4,lane1_target_national_rank_pair x target_outer_pressure_bucket,2-1 | high_other_pressure,274,68,24.82,27400,24380,-3020,88.98,358.53,10.2,75.25,737.84,13.73,14.62,-379.31,mixed_edge
1-4,target_exhibition_st_rank_bucket x other_st_faster_than_target_count_bucket,3 | 1,1237,163,13.18,123700,110020,-13680,88.94,674.97,10.2,75.25,737.84,13.69,2.98,-62.87,mixed_edge
1-5,lane1_target_national_rank_pair x target_outer_pressure_bucket,2-1 | high_other_pressure,257,47,18.29,25700,22800,-2900,88.72,485.11,6.4,77.77,1215.84,10.95,11.89,-730.73,mixed_edge
1-5,target_start_exhibition_gap_bucket,0.04-0.06,2991,202,6.75,299100,265200,-33900,88.67,1312.87,6.4,77.77,1215.84,10.9,0.35,97.03,mixed_edge
1-5,target_lane x target_start_exhibition_gap_bucket,5 | 0.04-0.06,2991,202,6.75,299100,265200,-33900,88.67,1312.87,6.4,77.77,1215.84,10.9,0.35,97.03,mixed_edge
1-3,lane1_target_exhibition_time_diff_bucket x lane1_target_start_exhibition_st_diff_bucket,near_equal | lane1_faster_0.03_0.06,1180,219,18.56,118000,104620,-13380,88.66,477.72,15.42,76.45,495.64,12.21,3.14,-17.92,mixed_edge
1-6,lane1_target_class_pair,B1-A2,1017,42,4.13,101700,90160,-11540,88.65,2146.67,3.94,69.07,1754.72,19.58,0.19,391.95,mixed_edge
1-6,lane1_target_start_gap_pair x target_outer_pressure_bucket,best-<=0.03 | some_other_pressure,96,12,12.5,9600,8510,-1090,88.65,709.17,3.94,69.07,1754.72,19.58,8.56,-1045.55,mixed_edge
1-6,target_exhibition_rank_bucket,3,2037,95,4.66,203700,180560,-23140,88.64,1900.63,3.94,69.07,1754.72,19.57,0.72,145.91,mixed_edge
1-2,lane1_target_group_pair,B-A,2503,366,14.62,250300,221850,-28450,88.63,606.15,17.68,78.75,445.55,9.88,-3.06,160.6,mixed_edge
1-6,lane1_target_national_rank_pair x target_outer_pressure_bucket,2-1 | high_other_pressure,255,30,11.76,25500,22600,-2900,88.63,753.33,3.94,69.07,1754.72,19.56,7.82,-1001.39,mixed_edge
1-6,lane1_target_group_pair,B-A,2051,111,5.41,205100,181650,-23450,88.57,1636.49,3.94,69.07,1754.72,19.5,1.47,-118.23,mixed_edge
1-4,lane1_target_start_gap_pair x target_outer_pressure_bucket,<=0.03-<=0.03 | high_other_pressure,679,71,10.46,67900,60140,-7760,88.57,847.04,10.2,75.25,737.84,13.32,0.26,109.2,mixed_edge
1-4,target_exhibition_rank_bucket x other_exhibition_faster_than_target_count_bucket,3 | 1,1414,167,11.81,141400,125210,-16190,88.55,749.76,10.2,75.25,737.84,13.3,1.61,11.92,mixed_edge
1-5,lane1_target_national_rank_pair x target_outer_pressure_bucket,2-4+ | high_other_pressure,1681,78,4.64,168100,148830,-19270,88.54,1908.08,6.4,77.77,1215.84,10.77,-1.76,692.24,mixed_edge
1-5,lane1_target_group_pair x target_outer_pressure_bucket,B-A | high_other_pressure,1317,82,6.23,131700,116570,-15130,88.51,1421.59,6.4,77.77,1215.84,10.74,-0.17,205.75,mixed_edge
1-5,lane1_target_national_rank_pair x target_outer_pressure_bucket,4+-3 | high_other_pressure,897,45,5.02,89700,79380,-10320,88.49,1764.0,6.4,77.77,1215.84,10.72,-1.38,548.16,mixed_edge
1-6,lane1_target_start_gap_pair x target_outer_pressure_bucket,<=0.03-<=0.03 | some_other_pressure,72,6,8.33,7200,6370,-830,88.47,1061.67,3.94,69.07,1754.72,19.4,4.39,-693.05,mixed_edge
1-6,lane1_target_national_rank_pair x target_outer_pressure_bucket,1-3 | high_other_pressure,338,18,5.33,33800,29900,-3900,88.46,1661.11,3.94,69.07,1754.72,19.39,1.39,-93.61,mixed_edge
1-5,lane1_target_national_rank_pair x target_outer_pressure_bucket,4+-2 | some_other_pressure,420,32,7.62,42000,37150,-4850,88.45,1160.94,6.4,77.77,1215.84,10.68,1.22,-54.9,mixed_edge
1-5,lane1_target_national_rank_pair,2-4+,1683,78,4.63,168300,148830,-19470,88.43,1908.08,6.4,77.77,1215.84,10.66,-1.77,692.24,mixed_edge
1-5,target_lane x lane1_target_national_rank_pair,5 | 2-4+,1683,78,4.63,168300,148830,-19470,88.43,1908.08,6.4,77.77,1215.84,10.66,-1.77,692.24,mixed_edge
1-2,target_start_exhibition_gap_bucket,0.04-0.06,3361,649,19.31,336100,297140,-38960,88.41,457.84,17.68,78.75,445.55,9.66,1.63,12.29,mixed_edge
1-2,target_lane x target_start_exhibition_gap_bucket,2 | 0.04-0.06,3361,649,19.31,336100,297140,-38960,88.41,457.84,17.68,78.75,445.55,9.66,1.63,12.29,mixed_edge
1-2,other_st_faster_than_target_count_bucket,1,2683,529,19.72,268300,237060,-31240,88.36,448.13,17.68,78.75,445.55,9.61,2.04,2.58,mixed_edge
1-5,target_class,A1,3095,351,11.34,309500,273390,-36110,88.33,778.89,6.4,77.77,1215.84,10.56,4.94,-436.95,mixed_edge
1-3,lane1_target_national_rank_pair x target_outer_pressure_bucket,4+-2 | high_other_pressure,549,68,12.39,54900,48470,-6430,88.29,712.79,15.42,76.45,495.64,11.84,-3.03,217.15,mixed_edge
1-5,lane1_boat_rank_bucket,3,2283,144,6.31,228300,201510,-26790,88.27,1399.38,6.4,77.77,1215.84,10.5,-0.09,183.54,mixed_edge
1-5,lane1_target_national_rank_pair,4+-3,911,46,5.05,91100,80370,-10730,88.22,1747.17,6.4,77.77,1215.84,10.45,-1.35,531.33,mixed_edge
1-5,target_lane x lane1_target_national_rank_pair,5 | 4+-3,911,46,5.05,91100,80370,-10730,88.22,1747.17,6.4,77.77,1215.84,10.45,-1.35,531.33,mixed_edge
1-5,lane1_target_group_pair x other_a_count_bucket,B-B | 1,600,24,4.0,60000,52920,-7080,88.2,2205.0,6.4,77.77,1215.84,10.43,-2.4,989.16,mixed_edge
1-3,lane1_target_exhibition_time_diff_bucket x lane1_target_start_exhibition_st_diff_bucket,near_equal | near_equal,2288,443,19.36,228800,201690,-27110,88.15,455.28,15.42,76.45,495.64,11.7,3.94,-40.36,mixed_edge
1-4,target_exhibition_rank_bucket x other_exhibition_faster_than_target_count_bucket,4+ | 1,346,42,12.14,34600,30490,-4110,88.12,725.95,10.2,75.25,737.84,12.87,1.94,-11.89,mixed_edge
1-2,lane1_target_group_pair x other_a_count_bucket,B-A | 2,1250,166,13.28,125000,110130,-14870,88.1,663.43,17.68,78.75,445.55,9.35,-4.4,217.88,mixed_edge
1-2,lane1_target_start_gap_pair,0.04-0.06-0.04-0.06,668,131,19.61,66800,58800,-8000,88.02,448.85,17.68,78.75,445.55,9.27,1.93,3.3,mixed_edge
1-2,target_lane x lane1_target_start_gap_pair,2 | 0.04-0.06-0.04-0.06,668,131,19.61,66800,58800,-8000,88.02,448.85,17.68,78.75,445.55,9.27,1.93,3.3,mixed_edge
1-2,lane1_start_exhibition_gap_bucket x target_start_exhibition_gap_bucket,0.04-0.06 | 0.04-0.06,668,131,19.61,66800,58800,-8000,88.02,448.85,17.68,78.75,445.55,9.27,1.93,3.3,mixed_edge
1-3,lane1_start_exhibition_gap_bucket,<=0.03,3060,554,18.1,306000,269240,-36760,87.99,485.99,15.42,76.45,495.64,11.54,2.68,-9.65,mixed_edge
1-5,lane1_target_national_rank_pair x target_outer_pressure_bucket,4+-1 | high_other_pressure,517,46,8.9,51700,45480,-6220,87.97,988.7,6.4,77.77,1215.84,10.2,2.5,-227.14,mixed_edge
1-2,lane1_motor_rank_bucket,2,2254,439,19.48,225400,198260,-27140,87.96,451.62,17.68,78.75,445.55,9.21,1.8,6.07,mixed_edge
1-5,target_national_win_rank_bucket,2,1990,189,9.5,199000,175050,-23950,87.96,926.19,6.4,77.77,1215.84,10.19,3.1,-289.65,mixed_edge
1-4,lane1_target_start_gap_pair x target_outer_pressure_bucket,best-0.04-0.06 | high_other_pressure,871,94,10.79,87100,76580,-10520,87.92,814.68,10.2,75.25,737.84,12.67,0.59,76.84,mixed_edge
1-5,lane1_exhibition_st_rank_bucket,2,2263,154,6.81,226300,198880,-27420,87.88,1291.43,6.4,77.77,1215.84,10.11,0.41,75.59,mixed_edge
1-2,lane1_target_exhibition_time_diff_bucket x lane1_target_start_exhibition_st_diff_bucket,target_faster_0.10+ | target_faster_0.03_0.06,61,12,19.67,6100,5360,-740,87.87,446.67,17.68,78.75,445.55,9.12,1.99,1.12,mixed_edge
1-2,lane1_target_exhibition_time_diff_bucket x lane1_target_start_exhibition_st_diff_bucket,near_equal | lane1_faster_0.03_0.06,1375,281,20.44,137500,120790,-16710,87.85,429.86,17.68,78.75,445.55,9.1,2.76,-15.69,mixed_edge
1-5,lane1_target_local_win_diff_bucket,near_equal,1871,147,7.86,187100,164310,-22790,87.82,1117.76,6.4,77.77,1215.84,10.05,1.46,-98.08,mixed_edge
1-2,stadium_code,07,347,80,23.05,34700,30440,-4260,87.72,380.5,17.68,78.75,445.55,8.97,5.37,-65.05,mixed_edge
1-2,stadium_code x target_lane,07 | 2,347,80,23.05,34700,30440,-4260,87.72,380.5,17.68,78.75,445.55,8.97,5.37,-65.05,mixed_edge
1-5,lane1_target_boat_place_diff_bucket,lane1_plus_10+,2001,135,6.75,200100,175460,-24640,87.69,1299.7,6.4,77.77,1215.84,9.92,0.35,83.86,mixed_edge
1-2,lane1_exhibition_st_rank_bucket,2,2263,475,20.99,226300,198380,-27920,87.66,417.64,17.68,78.75,445.55,8.91,3.31,-27.91,mixed_edge
1-2,stadium_code,06,683,118,17.28,68300,59870,-8430,87.66,507.37,17.68,78.75,445.55,8.91,-0.4,61.82,mixed_edge
1-2,stadium_code x target_lane,06 | 2,683,118,17.28,68300,59870,-8430,87.66,507.37,17.68,78.75,445.55,8.91,-0.4,61.82,mixed_edge
1-4,lane1_target_exhibition_time_diff_bucket x lane1_target_start_exhibition_st_diff_bucket,near_equal | near_equal,1874,244,13.02,187400,164250,-23150,87.65,673.16,10.2,75.25,737.84,12.4,2.82,-64.68,mixed_edge
1-2,lane1_target_national_rank_pair x target_outer_pressure_bucket,4+-2 | high_other_pressure,540,83,15.37,54000,47320,-6680,87.63,570.12,17.68,78.75,445.55,8.88,-2.31,124.57,mixed_edge
1-2,target_class_group x target_outer_pressure_bucket,A | some_other_pressure,1641,370,22.55,164100,143740,-20360,87.59,388.49,17.68,78.75,445.55,8.84,4.87,-57.06,mixed_edge
1-4,lane1_target_national_rank_pair,1-3,664,127,19.13,66400,58160,-8240,87.59,457.95,10.2,75.25,737.84,12.34,8.93,-279.89,mixed_edge
1-4,target_lane x lane1_target_national_rank_pair,4 | 1-3,664,127,19.13,66400,58160,-8240,87.59,457.95,10.2,75.25,737.84,12.34,8.93,-279.89,mixed_edge
1-6,lane1_target_start_gap_pair,<=0.03-0.04-0.06,663,26,3.92,66300,58050,-8250,87.56,2232.69,3.94,69.07,1754.72,18.49,-0.02,477.97,mixed_edge
1-6,target_lane x lane1_target_start_gap_pair,6 | <=0.03-0.04-0.06,663,26,3.92,66300,58050,-8250,87.56,2232.69,3.94,69.07,1754.72,18.49,-0.02,477.97,mixed_edge
1-6,lane1_start_exhibition_gap_bucket x target_start_exhibition_gap_bucket,<=0.03 | 0.04-0.06,663,26,3.92,66300,58050,-8250,87.56,2232.69,3.94,69.07,1754.72,18.49,-0.02,477.97,mixed_edge
1-6,lane1_target_national_rank_pair,2-1,515,70,13.59,51500,45070,-6430,87.51,643.86,3.94,69.07,1754.72,18.44,9.65,-1110.86,mixed_edge
1-6,target_lane x lane1_target_national_rank_pair,6 | 2-1,515,70,13.59,51500,45070,-6430,87.51,643.86,3.94,69.07,1754.72,18.44,9.65,-1110.86,mixed_edge
1-4,lane1_target_national_rank_pair x target_outer_pressure_bucket,3-1 | some_other_pressure,111,24,21.62,11100,9710,-1390,87.48,404.58,10.2,75.25,737.84,12.23,11.42,-333.26,mixed_edge
1-3,lane1_target_group_pair x other_a_count_bucket,B-A | 0,198,39,19.7,19800,17320,-2480,87.47,444.1,15.42,76.45,495.64,11.02,4.28,-51.54,mixed_edge
1-2,target_exhibition_st_rank_bucket,3,2391,458,19.16,239100,209010,-30090,87.42,456.35,17.68,78.75,445.55,8.67,1.48,10.8,mixed_edge
1-2,target_lane x target_exhibition_st_rank_bucket,2 | 3,2391,458,19.16,239100,209010,-30090,87.42,456.35,17.68,78.75,445.55,8.67,1.48,10.8,mixed_edge
1-5,lane1_target_class_pair,A1-A1,1493,163,10.92,149300,130460,-18840,87.38,800.37,6.4,77.77,1215.84,9.61,4.52,-415.47,mixed_edge
1-2,lane1_target_start_gap_pair x target_outer_pressure_bucket,0.04-0.06-<=0.03 | high_other_pressure,420,77,18.33,42000,36700,-5300,87.38,476.62,17.68,78.75,445.55,8.63,0.65,31.07,mixed_edge
1-5,lane1_exhibition_st_rank_bucket,3,1845,132,7.15,184500,160900,-23600,87.21,1218.94,6.4,77.77,1215.84,9.44,0.75,3.1,mixed_edge
1-3,lane1_target_group_pair x other_a_count_bucket,B-B | 1,533,53,9.94,53300,46480,-6820,87.2,876.98,15.42,76.45,495.64,10.75,-5.48,381.34,mixed_edge
1-2,lane1_target_exhibition_st_rank_pair,2-3,630,124,19.68,63000,54910,-8090,87.16,442.82,17.68,78.75,445.55,8.41,2.0,-2.73,mixed_edge
1-2,lane1_exhibition_st_rank_bucket x target_exhibition_st_rank_bucket,2 | 3,630,124,19.68,63000,54910,-8090,87.16,442.82,17.68,78.75,445.55,8.41,2.0,-2.73,mixed_edge
1-5,lane1_target_group_pair x other_a_count_bucket,A-A | 1,825,124,15.03,82500,71880,-10620,87.13,579.68,6.4,77.77,1215.84,9.36,8.63,-636.16,mixed_edge
1-4,lane1_target_exhibition_st_rank_pair,3-1,436,56,12.84,43600,37980,-5620,87.11,678.21,10.2,75.25,737.84,11.86,2.64,-59.63,mixed_edge
1-4,lane1_exhibition_st_rank_bucket x target_exhibition_st_rank_bucket,3 | 1,436,56,12.84,43600,37980,-5620,87.11,678.21,10.2,75.25,737.84,11.86,2.64,-59.63,mixed_edge
1-4,lane1_target_national_win_diff_bucket,target_plus_1.00+,2326,264,11.35,232600,202540,-30060,87.08,767.2,10.2,75.25,737.84,11.83,1.15,29.36,mixed_edge
1-5,lane1_target_group_pair x other_a_count_bucket,A-B | 4,167,7,4.19,16700,14540,-2160,87.07,2077.14,6.4,77.77,1215.84,9.3,-2.21,861.3,mixed_edge
1-5,target_motor_rank_bucket,1,2102,158,7.52,210200,182980,-27220,87.05,1158.1,6.4,77.77,1215.84,9.28,1.12,-57.74,mixed_edge
1-5,lane1_target_national_win_diff_bucket,target_plus_1.00+,2226,187,8.4,222600,193630,-28970,86.99,1035.45,6.4,77.77,1215.84,9.22,2.0,-180.39,mixed_edge
1-2,other_group_pattern,A-B-B-A,922,159,17.25,92200,80190,-12010,86.97,504.34,17.68,78.75,445.55,8.22,-0.43,58.79,mixed_edge
1-2,target_exhibition_rank_bucket x other_exhibition_faster_than_target_count_bucket,4+ | 2,1955,348,17.8,195500,170000,-25500,86.96,488.51,17.68,78.75,445.55,8.21,0.12,42.96,mixed_edge
1-2,lane1_target_start_gap_pair x target_outer_pressure_bucket,0.04-0.06-0.04-0.06 | high_other_pressure,530,95,17.92,53000,46080,-6920,86.94,485.05,17.68,78.75,445.55,8.19,0.24,39.5,mixed_edge
1-4,lane1_target_exhibition_st_rank_pair,1-4+,2759,315,11.42,275900,239690,-36210,86.88,760.92,10.2,75.25,737.84,11.63,1.22,23.08,mixed_edge
1-4,lane1_exhibition_st_rank_bucket x target_exhibition_st_rank_bucket,1 | 4+,2759,315,11.42,275900,239690,-36210,86.88,760.92,10.2,75.25,737.84,11.63,1.22,23.08,mixed_edge
1-5,stadium_code,03,586,40,6.83,58600,50910,-7690,86.88,1272.75,6.4,77.77,1215.84,9.11,0.43,56.91,mixed_edge
1-5,stadium_code x target_lane,03 | 5,586,40,6.83,58600,50910,-7690,86.88,1272.75,6.4,77.77,1215.84,9.11,0.43,56.91,mixed_edge
1-3,lane1_target_local_win_diff_bucket,lane1_plus_0.35_1.00,1881,328,17.44,188100,163170,-24930,86.75,497.47,15.42,76.45,495.64,10.3,2.02,1.83,mixed_edge
1-5,target_exhibition_st_rank_bucket,1,1733,145,8.37,173300,150120,-23180,86.62,1035.31,6.4,77.77,1215.84,8.85,1.97,-180.53,mixed_edge
1-5,target_lane x target_exhibition_st_rank_bucket,5 | 1,1733,145,8.37,173300,150120,-23180,86.62,1035.31,6.4,77.77,1215.84,8.85,1.97,-180.53,mixed_edge
1-5,target_exhibition_st_rank_bucket x other_st_faster_than_target_count_bucket,1 | 0,1733,145,8.37,173300,150120,-23180,86.62,1035.31,6.4,77.77,1215.84,8.85,1.97,-180.53,mixed_edge
1-2,target_national_win_rank_bucket x other_national_better_than_target_count_bucket,2 | 1,1657,291,17.56,165700,143510,-22190,86.61,493.16,17.68,78.75,445.55,7.86,-0.12,47.61,mixed_edge
1-5,lane1_target_national_win_diff_bucket,near_equal,2333,188,8.06,233300,202040,-31260,86.6,1074.68,6.4,77.77,1215.84,8.83,1.66,-141.16,mixed_edge
1-5,other_national_better_than_target_count_bucket,3,2679,116,4.33,267900,231840,-36060,86.54,1998.62,6.4,77.77,1215.84,8.77,-2.07,782.78,mixed_edge
1-5,target_national_win_rank_bucket x other_national_better_than_target_count_bucket,4+ | 3,2679,116,4.33,267900,231840,-36060,86.54,1998.62,6.4,77.77,1215.84,8.77,-2.07,782.78,mixed_edge
1-4,stadium_code,16,408,42,10.29,40800,35290,-5510,86.5,840.24,10.2,75.25,737.84,11.25,0.09,102.4,mixed_edge
1-4,stadium_code x target_lane,16 | 4,408,42,10.29,40800,35290,-5510,86.5,840.24,10.2,75.25,737.84,11.25,0.09,102.4,mixed_edge
1-3,lane1_target_start_gap_pair x target_outer_pressure_bucket,0.04-0.06-best | some_other_pressure,99,23,23.23,9900,8560,-1340,86.46,372.17,15.42,76.45,495.64,10.01,7.81,-123.47,mixed_edge
1-3,target_exhibition_st_rank_bucket x other_st_faster_than_target_count_bucket,4+ | 2,1600,269,16.81,160000,138280,-21720,86.42,514.05,15.42,76.45,495.64,9.97,1.39,18.41,mixed_edge
1-3,lane1_target_exhibition_st_rank_pair,3-2,456,77,16.89,45600,39400,-6200,86.4,511.69,15.42,76.45,495.64,9.95,1.47,16.05,mixed_edge
1-3,lane1_exhibition_st_rank_bucket x target_exhibition_st_rank_bucket,3 | 2,456,77,16.89,45600,39400,-6200,86.4,511.69,15.42,76.45,495.64,9.95,1.47,16.05,mixed_edge
1-2,target_exhibition_st_rank_bucket,1,1730,357,20.64,173000,149420,-23580,86.37,418.54,17.68,78.75,445.55,7.62,2.96,-27.01,mixed_edge
1-2,target_lane x target_exhibition_st_rank_bucket,2 | 1,1730,357,20.64,173000,149420,-23580,86.37,418.54,17.68,78.75,445.55,7.62,2.96,-27.01,mixed_edge
1-2,target_exhibition_st_rank_bucket x other_st_faster_than_target_count_bucket,1 | 0,1730,357,20.64,173000,149420,-23580,86.37,418.54,17.68,78.75,445.55,7.62,2.96,-27.01,mixed_edge
1-3,lane1_target_national_win_diff_bucket,lane1_plus_0.35_1.00,2429,432,17.79,242900,209700,-33200,86.33,485.42,15.42,76.45,495.64,9.88,2.37,-10.22,mixed_edge
1-5,other_exhibition_faster_than_target_count_bucket,1,2711,200,7.38,271100,233980,-37120,86.31,1169.9,6.4,77.77,1215.84,8.54,0.98,-45.94,mixed_edge
1-2,target_outer_pressure_bucket,some_other_pressure,2206,498,22.57,220600,190320,-30280,86.27,382.17,17.68,78.75,445.55,7.52,4.89,-63.38,mixed_edge
1-2,target_lane x target_outer_pressure_bucket,2 | some_other_pressure,2206,498,22.57,220600,190320,-30280,86.27,382.17,17.68,78.75,445.55,7.52,4.89,-63.38,mixed_edge
1-5,target_national_win_rank_bucket x other_national_better_than_target_count_bucket,2 | 1,1384,102,7.37,138400,119360,-19040,86.24,1170.2,6.4,77.77,1215.84,8.47,0.97,-45.64,mixed_edge
1-3,lane1_target_start_gap_pair x target_outer_pressure_bucket,<=0.03-best | some_other_pressure,154,30,19.48,15400,13280,-2120,86.23,442.67,15.42,76.45,495.64,9.78,4.06,-52.97,mixed_edge
1-5,other_group_pattern,B-A-B-B,962,67,6.96,96200,82890,-13310,86.16,1237.16,6.4,77.77,1215.84,8.39,0.56,21.32,mixed_edge
1-3,lane1_target_national_rank_pair,3-1,500,130,26.0,50000,43080,-6920,86.16,331.38,15.42,76.45,495.64,9.71,10.58,-164.26,mixed_edge
1-3,target_lane x lane1_target_national_rank_pair,3 | 3-1,500,130,26.0,50000,43080,-6920,86.16,331.38,15.42,76.45,495.64,9.71,10.58,-164.26,mixed_edge
1-2,target_class,A2,3233,660,20.41,323300,278410,-44890,86.12,421.83,17.68,78.75,445.55,7.37,2.73,-23.72,mixed_edge
1-2,lane1_target_exhibition_time_diff_bucket x lane1_target_start_exhibition_st_diff_bucket,lane1_faster_0.05_0.10 | near_equal,1111,233,20.97,111100,95670,-15430,86.11,410.6,17.68,78.75,445.55,7.36,3.29,-34.95,mixed_edge
1-3,lane1_target_start_gap_pair x target_outer_pressure_bucket,best->0.06 | some_other_pressure,162,41,25.31,16200,13950,-2250,86.11,340.24,15.42,76.45,495.64,9.66,9.89,-155.4,mixed_edge
1-5,stadium_code,21,607,51,8.4,60700,52260,-8440,86.1,1024.71,6.4,77.77,1215.84,8.33,2.0,-191.13,mixed_edge
1-5,stadium_code x target_lane,21 | 5,607,51,8.4,60700,52260,-8440,86.1,1024.71,6.4,77.77,1215.84,8.33,2.0,-191.13,mixed_edge
1-4,lane1_target_start_exhibition_st_diff_bucket,near_equal,3741,470,12.56,374100,321830,-52270,86.03,684.74,10.2,75.25,737.84,10.78,2.36,-53.1,mixed_edge
1-4,stadium_code,15,575,69,12.0,57500,49460,-8040,86.02,716.81,10.2,75.25,737.84,10.77,1.8,-21.03,mixed_edge
1-4,stadium_code x target_lane,15 | 4,575,69,12.0,57500,49460,-8040,86.02,716.81,10.2,75.25,737.84,10.77,1.8,-21.03,mixed_edge
1-4,lane1_target_start_exhibition_st_diff_bucket,target_faster_0.03_0.06,1667,183,10.98,166700,143170,-23530,85.88,782.35,10.2,75.25,737.84,10.63,0.78,44.51,mixed_edge
1-6,lane1_target_start_gap_pair x target_outer_pressure_bucket,<=0.03->0.06 | low_other_pressure,46,4,8.7,4600,3950,-650,85.87,987.5,3.94,69.07,1754.72,16.8,4.76,-767.22,mixed_edge
1-2,lane1_target_start_exhibition_st_diff_bucket,lane1_faster_0.03_0.06,2670,515,19.29,267000,229060,-37940,85.79,444.78,17.68,78.75,445.55,7.04,1.61,-0.77,mixed_edge
1-5,lane1_target_national_rank_pair,2-1,499,90,18.04,49900,42810,-7090,85.79,475.67,6.4,77.77,1215.84,8.02,11.64,-740.17,mixed_edge
1-5,target_lane x lane1_target_national_rank_pair,5 | 2-1,499,90,18.04,49900,42810,-7090,85.79,475.67,6.4,77.77,1215.84,8.02,11.64,-740.17,mixed_edge
1-6,lane1_target_local_win_diff_bucket,lane1_plus_0.35_1.00,1571,63,4.01,157100,134650,-22450,85.71,2137.3,3.94,69.07,1754.72,16.64,0.07,382.58,mixed_edge
1-2,lane1_target_start_gap_pair x target_outer_pressure_bucket,0.04-0.06-best | high_other_pressure,331,64,19.34,33100,28360,-4740,85.68,443.12,17.68,78.75,445.55,6.93,1.66,-2.43,mixed_edge
1-5,lane1_target_start_gap_pair x target_outer_pressure_bucket,0.04-0.06-best | high_other_pressure,445,37,8.31,44500,38110,-6390,85.64,1030.0,6.4,77.77,1215.84,7.87,1.91,-185.84,mixed_edge
1-6,stadium_code,15,575,23,4.0,57500,49230,-8270,85.62,2140.43,3.94,69.07,1754.72,16.55,0.06,385.71,mixed_edge
1-6,stadium_code x target_lane,15 | 6,575,23,4.0,57500,49230,-8270,85.62,2140.43,3.94,69.07,1754.72,16.55,0.06,385.71,mixed_edge
1-4,lane1_target_group_pair x other_a_count_bucket,B-B | 3,770,22,2.86,77000,65900,-11100,85.58,2995.45,10.2,75.25,737.84,10.33,-7.34,2257.61,mixed_edge
1-4,lane1_target_start_exhibition_st_diff_bucket,lane1_faster_0.03_0.06,2017,252,12.49,201700,172580,-29120,85.56,684.84,10.2,75.25,737.84,10.31,2.29,-53.0,mixed_edge
1-6,lane1_target_start_gap_pair x target_outer_pressure_bucket,<=0.03-0.04-0.06 | high_other_pressure,551,16,2.9,55100,47130,-7970,85.54,2945.62,3.94,69.07,1754.72,16.47,-1.04,1190.9,mixed_edge
1-2,lane1_target_class_pair,A1-A2,1209,334,27.63,120900,103410,-17490,85.53,309.61,17.68,78.75,445.55,6.78,9.95,-135.94,mixed_edge
1-2,lane1_target_group_pair x other_a_count_bucket,A-B | 0,792,221,27.9,79200,67740,-11460,85.53,306.52,17.68,78.75,445.55,6.78,10.22,-139.03,mixed_edge
1-5,lane1_target_group_pair x other_a_count_bucket,A-A | 4,1460,111,7.6,146000,124800,-21200,85.48,1124.32,6.4,77.77,1215.84,7.71,1.2,-91.52,mixed_edge
1-2,lane1_target_exhibition_time_diff_bucket x lane1_target_start_exhibition_st_diff_bucket,target_faster_0.05_0.10 | lane1_faster_0.06+,269,44,16.36,26900,22980,-3920,85.43,522.27,17.68,78.75,445.55,6.68,-1.32,76.72,mixed_edge
1-4,other_st_faster_than_target_count_bucket,1,2932,348,11.87,293200,250290,-42910,85.36,719.22,10.2,75.25,737.84,10.11,1.67,-18.62,mixed_edge
1-5,lane1_target_national_rank_pair,1-2,594,85,14.31,59400,50660,-8740,85.29,596.0,6.4,77.77,1215.84,7.52,7.91,-619.84,mixed_edge
1-5,target_lane x lane1_target_national_rank_pair,5 | 1-2,594,85,14.31,59400,50660,-8740,85.29,596.0,6.4,77.77,1215.84,7.52,7.91,-619.84,mixed_edge
1-5,lane1_target_exhibition_time_diff_bucket,target_faster_0.05_0.10,1319,87,6.6,131900,112480,-19420,85.28,1292.87,6.4,77.77,1215.84,7.51,0.2,77.03,mixed_edge
1-2,target_exhibition_rank_bucket x other_exhibition_faster_than_target_count_bucket,2 | 1,1283,214,16.68,128300,109420,-18880,85.28,511.31,17.68,78.75,445.55,6.53,-1.0,65.76,mixed_edge
1-3,lane1_target_national_rank_pair x target_outer_pressure_bucket,3-1 | low_other_pressure,143,36,25.17,14300,12180,-2120,85.17,338.33,15.42,76.45,495.64,8.72,9.75,-157.31,mixed_edge
1-2,lane1_target_group_pair x target_outer_pressure_bucket,B-A | high_other_pressure,1424,186,13.06,142400,121230,-21170,85.13,651.77,17.68,78.75,445.55,6.38,-4.62,206.22,mixed_edge
1-2,other_group_pattern,A-B-A-A,528,75,14.2,52800,44930,-7870,85.09,599.07,17.68,78.75,445.55,6.34,-3.48,153.52,mixed_edge
1-2,lane1_target_local_win_diff_bucket,target_plus_1.00+,3413,581,17.02,341300,290360,-50940,85.07,499.76,17.68,78.75,445.55,6.32,-0.66,54.21,mixed_edge
1-5,lane1_target_local_win_diff_bucket,lane1_plus_0.35_1.00,1623,105,6.47,162300,138030,-24270,85.05,1314.57,6.4,77.77,1215.84,7.28,0.07,98.73,mixed_edge
1-5,stadium_code,24,732,52,7.1,73200,62260,-10940,85.05,1197.31,6.4,77.77,1215.84,7.28,0.7,-18.53,mixed_edge
1-5,stadium_code x target_lane,24 | 5,732,52,7.1,73200,62260,-10940,85.05,1197.31,6.4,77.77,1215.84,7.28,0.7,-18.53,mixed_edge
1-4,lane1_target_start_gap_pair,best->0.06,1920,208,10.83,192000,163280,-28720,85.04,785.0,10.2,75.25,737.84,9.79,0.63,47.16,mixed_edge
1-4,target_lane x lane1_target_start_gap_pair,4 | best->0.06,1920,208,10.83,192000,163280,-28720,85.04,785.0,10.2,75.25,737.84,9.79,0.63,47.16,mixed_edge
1-4,lane1_start_exhibition_gap_bucket x target_start_exhibition_gap_bucket,best | >0.06,1920,208,10.83,192000,163280,-28720,85.04,785.0,10.2,75.25,737.84,9.79,0.63,47.16,mixed_edge
1-5,lane1_boat_rank_bucket,1,2392,176,7.36,239200,203220,-35980,84.96,1154.66,6.4,77.77,1215.84,7.19,0.96,-61.18,mixed_edge
1-6,stadium_code,08,575,28,4.87,57500,48840,-8660,84.94,1744.29,3.94,69.07,1754.72,15.87,0.93,-10.43,mixed_edge
1-6,stadium_code x target_lane,08 | 6,575,28,4.87,57500,48840,-8660,84.94,1744.29,3.94,69.07,1754.72,15.87,0.93,-10.43,mixed_edge
1-3,lane1_target_start_gap_pair x target_outer_pressure_bucket,best-0.04-0.06 | low_other_pressure,67,20,29.85,6700,5690,-1010,84.93,284.5,15.42,76.45,495.64,8.48,14.43,-211.14,mixed_edge
1-6,other_national_better_than_target_count_bucket,0,2576,250,9.7,257600,218680,-38920,84.89,874.72,3.94,69.07,1754.72,15.82,5.76,-880.0,mixed_edge
1-2,target_local_win_rank_bucket,1,2095,479,22.86,209500,177700,-31800,84.82,370.98,17.68,78.75,445.55,6.07,5.18,-74.57,mixed_edge
1-6,other_group_pattern,A-A-B-B,761,32,4.2,76100,64550,-11550,84.82,2017.19,3.94,69.07,1754.72,15.75,0.26,262.47,mixed_edge
1-6,lane1_target_national_rank_pair x target_outer_pressure_bucket,3-1 | low_other_pressure,146,17,11.64,14600,12380,-2220,84.79,728.24,3.94,69.07,1754.72,15.72,7.7,-1026.48,mixed_edge
1-2,stadium_code,18,480,100,20.83,48000,40690,-7310,84.77,406.9,17.68,78.75,445.55,6.02,3.15,-38.65,mixed_edge
1-2,stadium_code x target_lane,18 | 2,480,100,20.83,48000,40690,-7310,84.77,406.9,17.68,78.75,445.55,6.02,3.15,-38.65,mixed_edge
1-4,other_b2_count_bucket,2,333,48,14.41,33300,28230,-5070,84.77,588.12,10.2,75.25,737.84,9.52,4.21,-149.72,mixed_edge
1-2,target_national_win_rank_bucket,2,2449,557,22.74,244900,207450,-37450,84.71,372.44,17.68,78.75,445.55,5.96,5.06,-73.11,mixed_edge
1-2,lane1_target_class_pair,B1-A1,1046,168,16.06,104600,88610,-15990,84.71,527.44,17.68,78.75,445.55,5.96,-1.62,81.89,mixed_edge
1-4,target_exhibition_rank_bucket x other_exhibition_faster_than_target_count_bucket,4+ | 2,2026,224,11.06,202600,171590,-31010,84.69,766.03,10.2,75.25,737.84,9.44,0.86,28.19,mixed_edge
1-2,lane1_target_national_rank_pair x target_outer_pressure_bucket,2-1 | low_other_pressure,177,63,35.59,17700,14990,-2710,84.69,237.94,17.68,78.75,445.55,5.94,17.91,-207.61,mixed_edge
1-4,lane1_target_exhibition_time_diff_bucket x lane1_target_start_exhibition_st_diff_bucket,lane1_faster_0.05_0.10 | near_equal,861,103,11.96,86100,72900,-13200,84.67,707.77,10.2,75.25,737.84,9.42,1.76,-30.07,mixed_edge
1-6,target_class,A2,3073,146,4.75,307300,259850,-47450,84.56,1779.79,3.94,69.07,1754.72,15.49,0.81,25.07,mixed_edge
1-6,other_national_better_than_target_count_bucket,1,2362,124,5.25,236200,199720,-36480,84.56,1610.65,3.94,69.07,1754.72,15.49,1.31,-144.07,mixed_edge
1-6,lane1_target_national_win_diff_bucket,lane1_plus_0.35_1.00,2066,85,4.11,206600,174670,-31930,84.55,2054.94,3.94,69.07,1754.72,15.48,0.17,300.22,mixed_edge
1-6,lane1_target_national_win_diff_bucket,target_plus_1.00+,2293,144,6.28,229300,193770,-35530,84.51,1345.62,3.94,69.07,1754.72,15.44,2.34,-409.1,mixed_edge
1-4,target_class_group x target_outer_pressure_bucket,A | low_other_pressure,663,140,21.12,66300,56010,-10290,84.48,400.07,10.2,75.25,737.84,9.23,10.92,-337.77,mixed_edge
1-6,lane1_target_national_win_diff_bucket,target_plus_0.35_1.00,1614,85,5.27,161400,136290,-25110,84.44,1603.41,3.94,69.07,1754.72,15.37,1.33,-151.31,mixed_edge
1-2,target_exhibition_rank_bucket,1,2366,467,19.74,236600,199670,-36930,84.39,427.56,17.68,78.75,445.55,5.64,2.06,-17.99,mixed_edge
1-2,target_exhibition_rank_bucket x other_exhibition_faster_than_target_count_bucket,1 | 0,2366,467,19.74,236600,199670,-36930,84.39,427.56,17.68,78.75,445.55,5.64,2.06,-17.99,mixed_edge
1-5,lane1_target_start_gap_pair x target_outer_pressure_bucket,best->0.06 | low_other_pressure,96,15,15.62,9600,8100,-1500,84.38,540.0,6.4,77.77,1215.84,6.61,9.22,-675.84,mixed_edge
1-5,race_no_bucket,4-6R,3360,213,6.34,336000,283490,-52510,84.37,1330.94,6.4,77.77,1215.84,6.6,-0.06,115.1,mixed_edge
1-5,race_no_bucket x target_lane,4-6R | 5,3360,213,6.34,336000,283490,-52510,84.37,1330.94,6.4,77.77,1215.84,6.6,-0.06,115.1,mixed_edge
1-5,target_class_group x target_outer_pressure_bucket,A | high_other_pressure,4206,342,8.13,420600,354750,-65850,84.34,1037.28,6.4,77.77,1215.84,6.57,1.73,-178.56,mixed_edge
1-3,lane1_target_motor_place_diff_bucket,target_plus_4_10,2207,378,17.13,220700,186110,-34590,84.33,492.35,15.42,76.45,495.64,7.88,1.71,-3.29,mixed_edge
1-4,target_exhibition_rank_bucket,3,2266,258,11.39,226600,191070,-35530,84.32,740.58,10.2,75.25,737.84,9.07,1.19,2.74,mixed_edge
1-3,lane1_target_national_rank_pair,3-4+,1318,136,10.32,131800,111130,-20670,84.32,817.13,15.42,76.45,495.64,7.87,-5.1,321.49,mixed_edge
1-3,target_lane x lane1_target_national_rank_pair,3 | 3-4+,1318,136,10.32,131800,111130,-20670,84.32,817.13,15.42,76.45,495.64,7.87,-5.1,321.49,mixed_edge
1-3,lane1_target_national_rank_pair x target_outer_pressure_bucket,3-4+ | high_other_pressure,1318,136,10.32,131800,111130,-20670,84.32,817.13,15.42,76.45,495.64,7.87,-5.1,321.49,mixed_edge
1-5,lane1_target_class_pair,A2-B2,365,6,1.64,36500,30770,-5730,84.3,5128.33,6.4,77.77,1215.84,6.53,-4.76,3912.49,mixed_edge
1-6,lane1_target_start_gap_pair x target_outer_pressure_bucket,>0.06-best | low_other_pressure,86,9,10.47,8600,7250,-1350,84.3,805.56,3.94,69.07,1754.72,15.23,6.53,-949.16,mixed_edge
1-2,race_no_bucket,1-3R,3359,555,16.52,335900,282990,-52910,84.25,509.89,17.68,78.75,445.55,5.5,-1.16,64.34,mixed_edge
1-2,race_no_bucket x target_lane,1-3R | 2,3359,555,16.52,335900,282990,-52910,84.25,509.89,17.68,78.75,445.55,5.5,-1.16,64.34,mixed_edge
1-6,stadium_code,05,576,28,4.86,57600,48530,-9070,84.25,1733.21,3.94,69.07,1754.72,15.18,0.92,-21.51,mixed_edge
1-6,stadium_code x target_lane,05 | 6,576,28,4.86,57600,48530,-9070,84.25,1733.21,3.94,69.07,1754.72,15.18,0.92,-21.51,mixed_edge
1-5,lane1_target_exhibition_st_rank_pair,1-4+,3148,222,7.05,314800,264940,-49860,84.16,1193.42,6.4,77.77,1215.84,6.39,0.65,-22.42,mixed_edge
1-5,lane1_exhibition_st_rank_bucket x target_exhibition_st_rank_bucket,1 | 4+,3148,222,7.05,314800,264940,-49860,84.16,1193.42,6.4,77.77,1215.84,6.39,0.65,-22.42,mixed_edge
1-2,lane1_target_start_gap_pair x target_outer_pressure_bucket,<=0.03-<=0.03 | some_other_pressure,154,34,22.08,15400,12960,-2440,84.16,381.18,17.68,78.75,445.55,5.41,4.4,-64.37,mixed_edge
1-3,target_exhibition_rank_bucket x other_exhibition_faster_than_target_count_bucket,3 | 1,1529,272,17.79,152900,128650,-24250,84.14,472.98,15.42,76.45,495.64,7.69,2.37,-22.66,mixed_edge
1-2,lane1_target_group_pair x target_outer_pressure_bucket,A-B | low_other_pressure,63,22,34.92,6300,5300,-1000,84.13,240.91,17.68,78.75,445.55,5.38,17.24,-204.64,mixed_edge
1-4,lane1_target_start_gap_pair x target_outer_pressure_bucket,best->0.06 | high_other_pressure,1618,146,9.02,161800,136090,-25710,84.11,932.12,10.2,75.25,737.84,8.86,-1.18,194.28,mixed_edge
1-3,lane1_target_exhibition_time_diff_bucket,target_faster_0.10+,546,77,14.1,54600,45920,-8680,84.1,596.36,15.42,76.45,495.64,7.65,-1.32,100.72,mixed_edge
1-5,lane1_target_start_gap_pair x target_outer_pressure_bucket,0.04-0.06->0.06 | some_other_pressure,59,6,10.17,5900,4960,-940,84.07,826.67,6.4,77.77,1215.84,6.3,3.77,-389.17,mixed_edge
1-2,other_national_better_than_target_count_bucket,1,3023,632,20.91,302300,253990,-48310,84.02,401.88,17.68,78.75,445.55,5.27,3.23,-43.67,mixed_edge
1-6,lane1_target_exhibition_time_diff_bucket,target_faster_0.05_0.10,1390,63,4.53,139000,116780,-22220,84.01,1853.65,3.94,69.07,1754.72,14.94,0.59,98.93,mixed_edge
1-2,other_group_pattern,A-B-A-B,898,145,16.15,89800,75440,-14360,84.01,520.28,17.68,78.75,445.55,5.26,-1.53,74.73,mixed_edge
1-5,lane1_target_group_pair x target_outer_pressure_bucket,A-A | some_other_pressure,739,105,14.21,73900,62080,-11820,84.01,591.24,6.4,77.77,1215.84,6.24,7.81,-624.6,mixed_edge
1-2,lane1_target_motor_place_diff_bucket,lane1_plus_10+,2326,439,18.87,232600,195090,-37510,83.87,444.4,17.68,78.75,445.55,5.12,1.19,-1.15,mixed_edge
1-2,lane1_target_national_rank_pair,1-4+,1835,358,19.51,183500,153850,-29650,83.84,429.75,17.68,78.75,445.55,5.09,1.83,-15.8,mixed_edge
1-2,target_lane x lane1_target_national_rank_pair,2 | 1-4+,1835,358,19.51,183500,153850,-29650,83.84,429.75,17.68,78.75,445.55,5.09,1.83,-15.8,mixed_edge
1-2,lane1_target_national_rank_pair x target_outer_pressure_bucket,1-4+ | high_other_pressure,1835,358,19.51,183500,153850,-29650,83.84,429.75,17.68,78.75,445.55,5.09,1.83,-15.8,mixed_edge
1-5,lane1_target_exhibition_time_diff_bucket,lane1_faster_0.10+,1907,120,6.29,190700,159860,-30840,83.83,1332.17,6.4,77.77,1215.84,6.06,-0.11,116.33,mixed_edge
1-2,lane1_target_national_rank_pair x target_outer_pressure_bucket,1-3 | some_other_pressure,376,110,29.26,37600,31510,-6090,83.8,286.45,17.68,78.75,445.55,5.05,11.58,-159.1,mixed_edge
1-3,lane1_target_start_gap_pair,<=0.03-0.04-0.06,685,121,17.66,68500,57390,-11110,83.78,474.3,15.42,76.45,495.64,7.33,2.24,-21.34,mixed_edge
1-3,target_lane x lane1_target_start_gap_pair,3 | <=0.03-0.04-0.06,685,121,17.66,68500,57390,-11110,83.78,474.3,15.42,76.45,495.64,7.33,2.24,-21.34,mixed_edge
1-3,lane1_start_exhibition_gap_bucket x target_start_exhibition_gap_bucket,<=0.03 | 0.04-0.06,685,121,17.66,68500,57390,-11110,83.78,474.3,15.42,76.45,495.64,7.33,2.24,-21.34,mixed_edge
1-2,lane1_target_group_pair x target_outer_pressure_bucket,A-A | low_other_pressure,521,177,33.97,52100,43650,-8450,83.78,246.61,17.68,78.75,445.55,5.03,16.29,-198.94,mixed_edge
1-3,stadium_code,24,732,138,18.85,73200,61310,-11890,83.76,444.28,15.42,76.45,495.64,7.31,3.43,-51.36,mixed_edge
1-3,stadium_code x target_lane,24 | 3,732,138,18.85,73200,61310,-11890,83.76,444.28,15.42,76.45,495.64,7.31,3.43,-51.36,mixed_edge
1-2,lane1_boat_rank_bucket,3,2283,422,18.48,228300,191170,-37130,83.74,453.01,17.68,78.75,445.55,4.99,0.8,7.46,mixed_edge
1-6,lane1_target_exhibition_time_diff_bucket x lane1_target_start_exhibition_st_diff_bucket,lane1_faster_0.05_0.10 | target_faster_0.03_0.06,305,13,4.26,30500,25540,-4960,83.74,1964.62,3.94,69.07,1754.72,14.67,0.32,209.9,mixed_edge
1-5,other_st_faster_than_target_count_bucket,2,2877,208,7.23,287700,240900,-46800,83.73,1158.17,6.4,77.77,1215.84,5.96,0.83,-57.67,mixed_edge
1-3,lane1_exhibition_st_rank_bucket,2,2263,378,16.7,226300,189400,-36900,83.69,501.06,15.42,76.45,495.64,7.24,1.28,5.42,mixed_edge
1-6,lane1_target_motor_place_diff_bucket,target_plus_10+,2219,109,4.91,221900,185640,-36260,83.66,1703.12,3.94,69.07,1754.72,14.59,0.97,-51.6,mixed_edge
1-4,lane1_target_exhibition_time_diff_bucket,target_faster_0.05_0.10,1372,148,10.79,137200,114720,-22480,83.62,775.14,10.2,75.25,737.84,8.37,0.59,37.3,mixed_edge
1-2,target_boat_rank_bucket,4+,6546,1210,18.48,654600,547320,-107280,83.61,452.33,17.68,78.75,445.55,4.86,0.8,6.78,mixed_edge
1-3,target_start_exhibition_gap_bucket,best,2584,460,17.8,258400,216060,-42340,83.61,469.7,15.42,76.45,495.64,7.16,2.38,-25.94,mixed_edge
1-3,target_lane x target_start_exhibition_gap_bucket,3 | best,2584,460,17.8,258400,216060,-42340,83.61,469.7,15.42,76.45,495.64,7.16,2.38,-25.94,mixed_edge
1-2,lane1_motor_rank_bucket,1,2605,489,18.77,260500,217580,-42920,83.52,444.95,17.68,78.75,445.55,4.77,1.09,-0.6,mixed_edge
1-2,lane1_target_motor_place_diff_bucket,lane1_plus_4_10,2347,422,17.98,234700,196020,-38680,83.52,464.5,17.68,78.75,445.55,4.77,0.3,18.95,mixed_edge
1-6,target_outer_pressure_bucket,some_other_pressure,1583,118,7.45,158300,132210,-26090,83.52,1120.42,3.94,69.07,1754.72,14.45,3.51,-634.3,mixed_edge
1-6,target_lane x target_outer_pressure_bucket,6 | some_other_pressure,1583,118,7.45,158300,132210,-26090,83.52,1120.42,3.94,69.07,1754.72,14.45,3.51,-634.3,mixed_edge
1-2,other_a_count_bucket,0,1692,418,24.7,169200,141300,-27900,83.51,338.04,17.68,78.75,445.55,4.76,7.02,-107.51,mixed_edge
1-2,other_group_pattern,B-B-B-B,1692,418,24.7,169200,141300,-27900,83.51,338.04,17.68,78.75,445.55,4.76,7.02,-107.51,mixed_edge
1-2,target_lane x other_a_count_bucket,2 | 0,1692,418,24.7,169200,141300,-27900,83.51,338.04,17.68,78.75,445.55,4.76,7.02,-107.51,mixed_edge
1-3,lane1_target_national_rank_pair,4+-2,1040,134,12.88,104000,86850,-17150,83.51,648.13,15.42,76.45,495.64,7.06,-2.54,152.49,mixed_edge
1-3,target_lane x lane1_target_national_rank_pair,3 | 4+-2,1040,134,12.88,104000,86850,-17150,83.51,648.13,15.42,76.45,495.64,7.06,-2.54,152.49,mixed_edge
1-3,lane1_target_class_pair,A1-A1,1643,392,23.86,164300,137150,-27150,83.48,349.87,15.42,76.45,495.64,7.03,8.44,-145.77,mixed_edge
1-5,target_motor_rank_bucket,3,2123,136,6.41,212300,177200,-35100,83.47,1302.94,6.4,77.77,1215.84,5.7,0.01,87.1,mixed_edge
1-4,target_outer_pressure_bucket,low_other_pressure,759,154,20.29,75900,63350,-12550,83.47,411.36,10.2,75.25,737.84,8.22,10.09,-326.48,mixed_edge
1-4,target_lane x target_outer_pressure_bucket,4 | low_other_pressure,759,154,20.29,75900,63350,-12550,83.47,411.36,10.2,75.25,737.84,8.22,10.09,-326.48,mixed_edge
1-2,other_a_count_bucket,3,2110,309,14.64,211000,176070,-34930,83.45,569.81,17.68,78.75,445.55,4.7,-3.04,124.26,mixed_edge
1-2,target_lane x other_a_count_bucket,2 | 3,2110,309,14.64,211000,176070,-34930,83.45,569.81,17.68,78.75,445.55,4.7,-3.04,124.26,mixed_edge
1-6,lane1_target_national_rank_pair,3-1,499,55,11.02,49900,41640,-8260,83.45,757.09,3.94,69.07,1754.72,14.38,7.08,-997.63,mixed_edge
1-6,target_lane x lane1_target_national_rank_pair,6 | 3-1,499,55,11.02,49900,41640,-8260,83.45,757.09,3.94,69.07,1754.72,14.38,7.08,-997.63,mixed_edge
1-4,race_no_bucket,4-6R,3360,353,10.51,336000,280330,-55670,83.43,794.14,10.2,75.25,737.84,8.18,0.31,56.3,mixed_edge
1-4,race_no_bucket x target_lane,4-6R | 4,3360,353,10.51,336000,280330,-55670,83.43,794.14,10.2,75.25,737.84,8.18,0.31,56.3,mixed_edge
1-4,lane1_target_class_pair,B1-A1,793,97,12.23,79300,66150,-13150,83.42,681.96,10.2,75.25,737.84,8.17,2.03,-55.88,mixed_edge
1-2,lane1_target_national_win_diff_bucket,lane1_plus_0.35_1.00,2415,497,20.58,241500,201430,-40070,83.41,405.29,17.68,78.75,445.55,4.66,2.9,-40.26,mixed_edge
1-5,month,2025-10,4124,256,6.21,412400,343940,-68460,83.4,1343.52,6.4,77.77,1215.84,5.63,-0.19,127.68,mixed_edge
1-4,lane1_target_group_pair x other_a_count_bucket,A-A | 0,386,98,25.39,38600,32190,-6410,83.39,328.47,10.2,75.25,737.84,8.14,15.19,-409.37,mixed_edge
1-2,lane1_target_national_rank_pair,3-1,480,130,27.08,48000,40010,-7990,83.35,307.77,17.68,78.75,445.55,4.6,9.4,-137.78,mixed_edge
1-2,target_lane x lane1_target_national_rank_pair,2 | 3-1,480,130,27.08,48000,40010,-7990,83.35,307.77,17.68,78.75,445.55,4.6,9.4,-137.78,mixed_edge
1-3,lane1_target_start_exhibition_st_diff_bucket,near_equal,4638,823,17.74,463800,386510,-77290,83.34,469.64,15.42,76.45,495.64,6.89,2.32,-26.0,mixed_edge
1-3,lane1_target_start_gap_pair x target_outer_pressure_bucket,0.04-0.06->0.06 | some_other_pressure,66,9,13.64,6600,5500,-1100,83.33,611.11,15.42,76.45,495.64,6.88,-1.78,115.47,mixed_edge
1-5,lane1_national_win_rank_bucket,2,2688,203,7.55,268800,223920,-44880,83.3,1103.05,6.4,77.77,1215.84,5.53,1.15,-112.79,mixed_edge
1-4,lane1_target_national_rank_pair x target_outer_pressure_bucket,4+-1 | high_other_pressure,464,53,11.42,46400,38650,-7750,83.3,729.25,10.2,75.25,737.84,8.05,1.22,-8.59,mixed_edge
1-3,target_motor_rank_bucket,3,2501,405,16.19,250100,208280,-41820,83.28,514.27,15.42,76.45,495.64,6.83,0.77,18.63,mixed_edge
1-2,wind_bucket,7+,333,55,16.52,33300,27730,-5570,83.27,504.18,17.68,78.75,445.55,4.52,-1.16,58.63,mixed_edge
1-3,lane1_target_start_gap_pair x target_outer_pressure_bucket,<=0.03-0.04-0.06 | high_other_pressure,561,89,15.86,56100,46710,-9390,83.26,524.83,15.42,76.45,495.64,6.81,0.44,29.19,mixed_edge
1-4,lane1_target_class_pair,A1-A1,1663,286,17.2,166300,138450,-27850,83.25,484.09,10.2,75.25,737.84,8.0,7.0,-253.75,mixed_edge
1-6,other_a_count_bucket,1,3236,188,5.81,323600,269340,-54260,83.23,1432.66,3.94,69.07,1754.72,14.16,1.87,-322.06,mixed_edge
1-6,target_lane x other_a_count_bucket,6 | 1,3236,188,5.81,323600,269340,-54260,83.23,1432.66,3.94,69.07,1754.72,14.16,1.87,-322.06,mixed_edge
1-2,lane1_target_national_win_diff_bucket,target_plus_1.00+,2575,363,14.1,257500,214120,-43380,83.15,589.86,17.68,78.75,445.55,4.4,-3.58,144.31,mixed_edge
1-2,lane1_target_class_pair,A2-B2,134,17,12.69,13400,11140,-2260,83.13,655.29,17.68,78.75,445.55,4.38,-4.99,209.74,mixed_edge
1-3,lane1_national_win_rank_bucket,3,2350,370,15.74,235000,195330,-39670,83.12,527.92,15.42,76.45,495.64,6.67,0.32,32.28,mixed_edge
1-3,lane1_target_exhibition_st_rank_pair,1-4+,1636,279,17.05,163600,135950,-27650,83.1,487.28,15.42,76.45,495.64,6.65,1.63,-8.36,mixed_edge
1-3,lane1_exhibition_st_rank_bucket x target_exhibition_st_rank_bucket,1 | 4+,1636,279,17.05,163600,135950,-27650,83.1,487.28,15.42,76.45,495.64,6.65,1.63,-8.36,mixed_edge
1-4,target_motor_rank_bucket,2,2158,253,11.72,215800,179270,-36530,83.07,708.58,10.2,75.25,737.84,7.82,1.52,-29.26,mixed_edge
1-5,lane1_class,A2,3681,260,7.06,368100,305410,-62690,82.97,1174.65,6.4,77.77,1215.84,5.2,0.66,-41.19,mixed_edge
1-6,target_class_group x target_outer_pressure_bucket,A | high_other_pressure,4368,218,4.99,436800,362340,-74460,82.95,1662.11,3.94,69.07,1754.72,13.88,1.05,-92.61,mixed_edge
1-4,lane1_target_national_rank_pair,4+-1,918,113,12.31,91800,76100,-15700,82.9,673.45,10.2,75.25,737.84,7.65,2.11,-64.39,mixed_edge
1-4,target_lane x lane1_target_national_rank_pair,4 | 4+-1,918,113,12.31,91800,76100,-15700,82.9,673.45,10.2,75.25,737.84,7.65,2.11,-64.39,mixed_edge
1-4,lane1_boat_rank_bucket,1,2392,259,10.83,239200,198190,-41010,82.86,765.21,10.2,75.25,737.84,7.61,0.63,27.37,mixed_edge
1-2,lane1_national_win_rank_bucket,1,3364,834,24.79,336400,278650,-57750,82.83,334.11,17.68,78.75,445.55,4.08,7.11,-111.44,mixed_edge
1-6,lane1_target_national_rank_pair x target_outer_pressure_bucket,4+-1 | high_other_pressure,502,26,5.18,50200,41580,-8620,82.83,1599.23,3.94,69.07,1754.72,13.76,1.24,-155.49,mixed_edge
1-4,stadium_code,08,575,65,11.3,57500,47620,-9880,82.82,732.62,10.2,75.25,737.84,7.57,1.1,-5.22,mixed_edge
1-4,stadium_code x target_lane,08 | 4,575,65,11.3,57500,47620,-9880,82.82,732.62,10.2,75.25,737.84,7.57,1.1,-5.22,mixed_edge
1-6,race_no_bucket,10-12R,3345,145,4.33,334500,277010,-57490,82.81,1910.41,3.94,69.07,1754.72,13.74,0.39,155.69,mixed_edge
1-6,race_no_bucket x target_lane,10-12R | 6,3345,145,4.33,334500,277010,-57490,82.81,1910.41,3.94,69.07,1754.72,13.74,0.39,155.69,mixed_edge
1-4,lane1_target_national_rank_pair x target_outer_pressure_bucket,1-3 | some_other_pressure,291,58,19.93,29100,24090,-5010,82.78,415.34,10.2,75.25,737.84,7.53,9.73,-322.5,mixed_edge
1-5,lane1_target_start_gap_pair,0.04-0.06-best,572,52,9.09,57200,47340,-9860,82.76,910.38,6.4,77.77,1215.84,4.99,2.69,-305.46,mixed_edge
1-5,target_lane x lane1_target_start_gap_pair,5 | 0.04-0.06-best,572,52,9.09,57200,47340,-9860,82.76,910.38,6.4,77.77,1215.84,4.99,2.69,-305.46,mixed_edge
1-5,lane1_start_exhibition_gap_bucket x target_start_exhibition_gap_bucket,0.04-0.06 | best,572,52,9.09,57200,47340,-9860,82.76,910.38,6.4,77.77,1215.84,4.99,2.69,-305.46,mixed_edge
1-2,lane1_target_exhibition_st_rank_pair,1-4+,1358,246,18.11,135800,112380,-23420,82.75,456.83,17.68,78.75,445.55,4.0,0.43,11.28,mixed_edge
1-2,lane1_exhibition_st_rank_bucket x target_exhibition_st_rank_bucket,1 | 4+,1358,246,18.11,135800,112380,-23420,82.75,456.83,17.68,78.75,445.55,4.0,0.43,11.28,mixed_edge
1-2,target_exhibition_rank_bucket,2,2536,497,19.6,253600,209740,-43860,82.71,422.01,17.68,78.75,445.55,3.96,1.92,-23.54,mixed_edge
1-3,target_exhibition_st_rank_bucket,1,2043,349,17.08,204300,168980,-35320,82.71,484.18,15.42,76.45,495.64,6.26,1.66,-11.46,mixed_edge
1-3,target_lane x target_exhibition_st_rank_bucket,3 | 1,2043,349,17.08,204300,168980,-35320,82.71,484.18,15.42,76.45,495.64,6.26,1.66,-11.46,mixed_edge
1-3,target_exhibition_st_rank_bucket x other_st_faster_than_target_count_bucket,1 | 0,2043,349,17.08,204300,168980,-35320,82.71,484.18,15.42,76.45,495.64,6.26,1.66,-11.46,mixed_edge
1-3,lane1_target_exhibition_time_diff_bucket x lane1_target_start_exhibition_st_diff_bucket,near_equal | target_faster_0.03_0.06,916,166,18.12,91600,75760,-15840,82.71,456.39,15.42,76.45,495.64,6.26,2.7,-39.25,mixed_edge
1-2,lane1_target_start_gap_pair,<=0.03-0.04-0.06,684,132,19.3,68400,56570,-11830,82.7,428.56,17.68,78.75,445.55,3.95,1.62,-16.99,mixed_edge
1-2,target_lane x lane1_target_start_gap_pair,2 | <=0.03-0.04-0.06,684,132,19.3,68400,56570,-11830,82.7,428.56,17.68,78.75,445.55,3.95,1.62,-16.99,mixed_edge
1-2,lane1_start_exhibition_gap_bucket x target_start_exhibition_gap_bucket,<=0.03 | 0.04-0.06,684,132,19.3,68400,56570,-11830,82.7,428.56,17.68,78.75,445.55,3.95,1.62,-16.99,mixed_edge
1-4,other_st_faster_than_target_count_bucket,0,3453,434,12.57,345300,285490,-59810,82.68,657.81,10.2,75.25,737.84,7.43,2.37,-80.03,mixed_edge
1-3,target_national_win_rank_bucket x other_national_better_than_target_count_bucket,4+ | 2,1813,318,17.54,181300,149890,-31410,82.68,471.35,15.42,76.45,495.64,6.23,2.12,-24.29,mixed_edge
1-2,target_local_win_rank_bucket,2,2457,505,20.55,245700,203030,-42670,82.63,402.04,17.68,78.75,445.55,3.88,2.87,-43.51,mixed_edge
1-5,target_local_win_rank_bucket,1,1986,228,11.48,198600,164080,-34520,82.62,719.65,6.4,77.77,1215.84,4.85,5.08,-496.19,mixed_edge
1-6,lane1_target_start_exhibition_st_diff_bucket,near_equal,3106,164,5.28,310600,256550,-54050,82.6,1564.33,3.94,69.07,1754.72,13.53,1.34,-190.39,mixed_edge
1-5,other_st_faster_than_target_count_bucket,0,2894,233,8.05,289400,239030,-50370,82.6,1025.88,6.4,77.77,1215.84,4.83,1.65,-189.96,mixed_edge
1-2,lane1_target_national_rank_pair,1-3,737,210,28.49,73700,60860,-12840,82.58,289.81,17.68,78.75,445.55,3.83,10.81,-155.74,mixed_edge
1-2,target_lane x lane1_target_national_rank_pair,2 | 1-3,737,210,28.49,73700,60860,-12840,82.58,289.81,17.68,78.75,445.55,3.83,10.81,-155.74,mixed_edge
1-2,stadium_code,02,588,84,14.29,58800,48550,-10250,82.57,577.98,17.68,78.75,445.55,3.82,-3.39,132.43,mixed_edge
1-2,stadium_code x target_lane,02 | 2,588,84,14.29,58800,48550,-10250,82.57,577.98,17.68,78.75,445.55,3.82,-3.39,132.43,mixed_edge
1-3,other_group_pattern,B-A-B-B,897,147,16.39,89700,74060,-15640,82.56,503.81,15.42,76.45,495.64,6.11,0.97,8.17,mixed_edge
1-3,lane1_target_group_pair x other_a_count_bucket,B-B | 0,564,92,16.31,56400,46560,-9840,82.55,506.09,15.42,76.45,495.64,6.1,0.89,10.45,mixed_edge
1-5,lane1_national_win_rank_bucket,4+,5012,251,5.01,501200,413700,-87500,82.54,1648.21,6.4,77.77,1215.84,4.77,-1.39,432.37,mixed_edge
1-6,lane1_target_exhibition_st_rank_pair,1-4+,3377,131,3.88,337700,278640,-59060,82.51,2127.02,3.94,69.07,1754.72,13.44,-0.06,372.3,mixed_edge
1-6,lane1_exhibition_st_rank_bucket x target_exhibition_st_rank_bucket,1 | 4+,3377,131,3.88,337700,278640,-59060,82.51,2127.02,3.94,69.07,1754.72,13.44,-0.06,372.3,mixed_edge
1-3,lane1_target_national_rank_pair,2-4+,1541,214,13.89,154100,127150,-26950,82.51,594.16,15.42,76.45,495.64,6.06,-1.53,98.52,mixed_edge
1-3,target_lane x lane1_target_national_rank_pair,3 | 2-4+,1541,214,13.89,154100,127150,-26950,82.51,594.16,15.42,76.45,495.64,6.06,-1.53,98.52,mixed_edge
1-3,lane1_target_national_rank_pair x target_outer_pressure_bucket,2-4+ | high_other_pressure,1541,214,13.89,154100,127150,-26950,82.51,594.16,15.42,76.45,495.64,6.06,-1.53,98.52,mixed_edge
1-5,lane1_target_group_pair x target_outer_pressure_bucket,A-A | high_other_pressure,2889,260,9.0,288900,238180,-50720,82.44,916.08,6.4,77.77,1215.84,4.67,2.6,-299.76,mixed_edge
1-4,lane1_target_national_rank_pair,2-1,599,146,24.37,59900,49380,-10520,82.44,338.22,10.2,75.25,737.84,7.19,14.17,-399.62,mixed_edge
1-4,target_lane x lane1_target_national_rank_pair,4 | 2-1,599,146,24.37,59900,49380,-10520,82.44,338.22,10.2,75.25,737.84,7.19,14.17,-399.62,mixed_edge
1-2,target_class_group x target_outer_pressure_bucket,B | some_other_pressure,565,128,22.65,56500,46580,-9920,82.44,363.91,17.68,78.75,445.55,3.69,4.97,-81.64,mixed_edge
1-2,target_class_group,A,6707,1436,21.41,670700,552800,-117900,82.42,384.96,17.68,78.75,445.55,3.67,3.73,-60.59,mixed_edge
1-2,target_lane x target_class_group,2 | A,6707,1436,21.41,670700,552800,-117900,82.42,384.96,17.68,78.75,445.55,3.67,3.73,-60.59,mixed_edge
1-2,stadium_code,01,539,86,15.96,53900,44400,-9500,82.37,516.28,17.68,78.75,445.55,3.62,-1.72,70.73,mixed_edge
1-2,stadium_code x target_lane,01 | 2,539,86,15.96,53900,44400,-9500,82.37,516.28,17.68,78.75,445.55,3.62,-1.72,70.73,mixed_edge
1-3,lane1_target_national_rank_pair x target_outer_pressure_bucket,3-2 | high_other_pressure,274,49,17.88,27400,22570,-4830,82.37,460.61,15.42,76.45,495.64,5.92,2.46,-35.03,mixed_edge
1-5,target_motor_rank_bucket,2,2254,165,7.32,225400,185540,-39860,82.32,1124.48,6.4,77.77,1215.84,4.55,0.92,-91.36,mixed_edge
1-2,lane1_target_group_pair x other_a_count_bucket,A-A | 2,1108,298,26.9,110800,91210,-19590,82.32,306.07,17.68,78.75,445.55,3.57,9.22,-139.48,mixed_edge
1-2,lane1_target_group_pair x other_a_count_bucket,B-B | 0,564,90,15.96,56400,46430,-9970,82.32,515.89,17.68,78.75,445.55,3.57,-1.72,70.34,mixed_edge
1-3,lane1_target_class_pair,A2-B1,1999,271,13.56,199900,164540,-35360,82.31,607.16,15.42,76.45,495.64,5.86,-1.86,111.52,mixed_edge
1-6,target_exhibition_rank_bucket x other_exhibition_faster_than_target_count_bucket,3 | 1,1225,57,4.65,122500,100820,-21680,82.3,1768.77,3.94,69.07,1754.72,13.23,0.71,14.05,mixed_edge
1-2,lane1_target_class_pair,A1-B1,1593,317,19.9,159300,131070,-28230,82.28,413.47,17.68,78.75,445.55,3.53,2.22,-32.08,mixed_edge
1-6,lane1_target_national_rank_pair x target_outer_pressure_bucket,4+-2 | some_other_pressure,388,16,4.12,38800,31920,-6880,82.27,1995.0,3.94,69.07,1754.72,13.2,0.18,240.28,mixed_edge
1-5,lane1_target_group_pair x other_a_count_bucket,A-A | 0,180,37,20.56,18000,14800,-3200,82.22,400.0,6.4,77.77,1215.84,4.45,14.16,-815.84,mixed_edge
1-3,other_national_better_than_target_count_bucket,3,2796,317,11.34,279600,229850,-49750,82.21,725.08,15.42,76.45,495.64,5.76,-4.08,229.44,mixed_edge
1-3,target_national_win_rank_bucket x other_national_better_than_target_count_bucket,4+ | 3,2796,317,11.34,279600,229850,-49750,82.21,725.08,15.42,76.45,495.64,5.76,-4.08,229.44,mixed_edge
1-2,other_exhibition_faster_than_target_count_bucket,1,2981,544,18.25,298100,245030,-53070,82.2,450.42,17.68,78.75,445.55,3.45,0.57,4.87,mixed_edge
1-2,lane1_class,B1,4861,613,12.61,486100,399460,-86640,82.18,651.65,17.68,78.75,445.55,3.43,-5.07,206.1,mixed_edge
1-5,lane1_target_national_win_diff_bucket,target_plus_0.35_1.00,1647,133,8.08,164700,135350,-29350,82.18,1017.67,6.4,77.77,1215.84,4.41,1.68,-198.17,mixed_edge
1-2,lane1_exhibition_rank_bucket,4+,3872,624,16.12,387200,318180,-69020,82.17,509.9,17.68,78.75,445.55,3.42,-1.56,64.35,mixed_edge
1-4,lane1_target_motor_place_diff_bucket,target_plus_4_10,2165,225,10.39,216500,177720,-38780,82.09,789.87,10.2,75.25,737.84,6.84,0.19,52.03,mixed_edge
1-4,target_start_exhibition_gap_bucket,<=0.03,3286,383,11.66,328600,269610,-58990,82.05,703.94,10.2,75.25,737.84,6.8,1.46,-33.9,mixed_edge
1-4,target_lane x target_start_exhibition_gap_bucket,4 | <=0.03,3286,383,11.66,328600,269610,-58990,82.05,703.94,10.2,75.25,737.84,6.8,1.46,-33.9,mixed_edge
1-2,lane1_target_exhibition_time_diff_bucket,target_faster_0.05_0.10,1573,263,16.72,157300,129060,-28240,82.05,490.72,17.68,78.75,445.55,3.3,-0.96,45.17,mixed_edge
1-2,target_class_group x target_outer_pressure_bucket,A | low_other_pressure,895,241,26.93,89500,73410,-16090,82.02,304.61,17.68,78.75,445.55,3.27,9.25,-140.94,mixed_edge
1-5,lane1_target_boat_place_diff_bucket,near_equal,4705,297,6.31,470500,385860,-84640,82.01,1299.19,6.4,77.77,1215.84,4.24,-0.09,83.35,mixed_edge
1-5,lane1_target_group_pair,A-A,3969,416,10.48,396900,325440,-71460,82.0,782.31,6.4,77.77,1215.84,4.23,4.08,-433.53,mixed_edge
1-6,target_start_exhibition_gap_bucket,0.04-0.06,2691,112,4.16,269100,220610,-48490,81.98,1969.73,3.94,69.07,1754.72,12.91,0.22,215.01,mixed_edge
1-6,target_lane x target_start_exhibition_gap_bucket,6 | 0.04-0.06,2691,112,4.16,269100,220610,-48490,81.98,1969.73,3.94,69.07,1754.72,12.91,0.22,215.01,mixed_edge
1-6,target_outer_pressure_bucket,low_other_pressure,750,82,10.93,75000,61470,-13530,81.96,749.63,3.94,69.07,1754.72,12.89,6.99,-1005.09,mixed_edge
1-6,target_lane x target_outer_pressure_bucket,6 | low_other_pressure,750,82,10.93,75000,61470,-13530,81.96,749.63,3.94,69.07,1754.72,12.89,6.99,-1005.09,mixed_edge
1-2,lane1_target_national_rank_pair x target_outer_pressure_bucket,1-2 | some_other_pressure,169,59,34.91,16900,13850,-3050,81.95,234.75,17.68,78.75,445.55,3.2,17.23,-210.8,mixed_edge
1-5,target_class_group,A,6042,559,9.25,604200,495060,-109140,81.94,885.62,6.4,77.77,1215.84,4.17,2.85,-330.22,mixed_edge
1-5,target_lane x target_class_group,5 | A,6042,559,9.25,604200,495060,-109140,81.94,885.62,6.4,77.77,1215.84,4.17,2.85,-330.22,mixed_edge
1-3,other_group_pattern,A-B-A-A,562,67,11.92,56200,46040,-10160,81.92,687.16,15.42,76.45,495.64,5.47,-3.5,191.52,mixed_edge
1-3,other_a_count_bucket,0,1854,408,22.01,185400,151860,-33540,81.91,372.21,15.42,76.45,495.64,5.46,6.59,-123.43,mixed_edge
1-3,other_group_pattern,B-B-B-B,1854,408,22.01,185400,151860,-33540,81.91,372.21,15.42,76.45,495.64,5.46,6.59,-123.43,mixed_edge
1-3,target_lane x other_a_count_bucket,3 | 0,1854,408,22.01,185400,151860,-33540,81.91,372.21,15.42,76.45,495.64,5.46,6.59,-123.43,mixed_edge
1-3,lane1_target_exhibition_time_diff_bucket,lane1_faster_0.10+,1628,255,15.66,162800,133340,-29460,81.9,522.9,15.42,76.45,495.64,5.45,0.24,27.26,mixed_edge
1-5,target_start_exhibition_gap_bucket,best,2236,176,7.87,223600,183110,-40490,81.89,1040.4,6.4,77.77,1215.84,4.12,1.47,-175.44,mixed_edge
1-5,target_lane x target_start_exhibition_gap_bucket,5 | best,2236,176,7.87,223600,183110,-40490,81.89,1040.4,6.4,77.77,1215.84,4.12,1.47,-175.44,mixed_edge
1-2,lane1_target_boat_place_diff_bucket,target_plus_4_10,2432,444,18.26,243200,199000,-44200,81.83,448.2,17.68,78.75,445.55,3.08,0.58,2.65,mixed_edge
1-6,target_national_win_rank_bucket,2,1816,115,6.33,181600,148600,-33000,81.83,1292.17,3.94,69.07,1754.72,12.76,2.39,-462.55,mixed_edge
1-5,lane1_target_group_pair,B-A,2073,143,6.9,207300,169620,-37680,81.82,1186.15,6.4,77.77,1215.84,4.05,0.5,-29.69,mixed_edge
1-6,lane1_target_class_pair,A1-A1,1515,100,6.6,151500,123910,-27590,81.79,1239.1,3.94,69.07,1754.72,12.72,2.66,-515.62,mixed_edge
1-2,month,2025-10,4124,792,19.2,412400,337240,-75160,81.77,425.81,17.68,78.75,445.55,3.02,1.52,-19.74,mixed_edge
1-4,target_national_win_rank_bucket,1,1995,347,17.39,199500,163120,-36380,81.76,470.09,10.2,75.25,737.84,6.51,7.19,-267.75,mixed_edge
1-4,target_national_win_rank_bucket x other_national_better_than_target_count_bucket,1 | 0,1995,347,17.39,199500,163120,-36380,81.76,470.09,10.2,75.25,737.84,6.51,7.19,-267.75,mixed_edge
1-4,lane1_target_exhibition_st_rank_pair,2-3,416,49,11.78,41600,34010,-7590,81.75,694.08,10.2,75.25,737.84,6.5,1.58,-43.76,mixed_edge
1-4,lane1_exhibition_st_rank_bucket x target_exhibition_st_rank_bucket,2 | 3,416,49,11.78,41600,34010,-7590,81.75,694.08,10.2,75.25,737.84,6.5,1.58,-43.76,mixed_edge
1-3,lane1_target_national_rank_pair x target_outer_pressure_bucket,2-1 | low_other_pressure,166,52,31.33,16600,13570,-3030,81.75,260.96,15.42,76.45,495.64,5.3,15.91,-234.68,mixed_edge
1-3,lane1_target_group_pair x other_a_count_bucket,A-B | 0,792,178,22.47,79200,64740,-14460,81.74,363.71,15.42,76.45,495.64,5.29,7.05,-131.93,mixed_edge
1-5,lane1_target_national_rank_pair x target_outer_pressure_bucket,3-1 | low_other_pressure,121,20,16.53,12100,9890,-2210,81.74,494.5,6.4,77.77,1215.84,3.97,10.13,-721.34,mixed_edge
1-6,lane1_target_start_gap_pair x target_outer_pressure_bucket,best->0.06 | some_other_pressure,267,18,6.74,26700,21820,-4880,81.72,1212.22,3.94,69.07,1754.72,12.65,2.8,-542.5,mixed_edge
1-5,lane1_target_motor_place_diff_bucket,target_plus_10+,2208,152,6.88,220800,180420,-40380,81.71,1186.97,6.4,77.77,1215.84,3.94,0.48,-28.87,mixed_edge
1-3,target_national_win_rank_bucket x other_national_better_than_target_count_bucket,2 | 1,1563,237,15.16,156300,127700,-28600,81.7,538.82,15.42,76.45,495.64,5.25,-0.26,43.18,mixed_edge
1-4,lane1_target_boat_place_diff_bucket,near_equal,4762,506,10.63,476200,388900,-87300,81.67,768.58,10.2,75.25,737.84,6.42,0.43,30.74,mixed_edge
1-5,other_national_better_than_target_count_bucket,0,2503,322,12.86,250300,204320,-45980,81.63,634.53,6.4,77.77,1215.84,3.86,6.46,-581.31,mixed_edge
1-5,target_class_group x target_outer_pressure_bucket,A | some_other_pressure,1230,142,11.54,123000,100410,-22590,81.63,707.11,6.4,77.77,1215.84,3.86,5.14,-508.73,mixed_edge
1-3,target_exhibition_rank_bucket x other_exhibition_faster_than_target_count_bucket,3 | 0,120,23,19.17,12000,9790,-2210,81.58,425.65,15.42,76.45,495.64,5.13,3.75,-69.99,mixed_edge
1-6,target_class_group,A,6324,386,6.1,632400,515680,-116720,81.54,1335.96,3.94,69.07,1754.72,12.47,2.16,-418.76,mixed_edge
1-6,target_lane x target_class_group,6 | A,6324,386,6.1,632400,515680,-116720,81.54,1335.96,3.94,69.07,1754.72,12.47,2.16,-418.76,mixed_edge
1-2,other_group_pattern,B-A-B-B,966,174,18.01,96600,78740,-17860,81.51,452.53,17.68,78.75,445.55,2.76,0.33,6.98,mixed_edge
1-6,lane1_target_motor_place_diff_bucket,near_equal,4284,160,3.73,428400,348920,-79480,81.45,2180.75,3.94,69.07,1754.72,12.38,-0.21,426.03,mixed_edge
1-2,lane1_class_group,B,5176,637,12.31,517600,421500,-96100,81.43,661.7,17.68,78.75,445.55,2.68,-5.37,216.15,mixed_edge
1-2,lane1_target_start_gap_pair x target_outer_pressure_bucket,<=0.03->0.06 | some_other_pressure,77,17,22.08,7700,6270,-1430,81.43,368.82,17.68,78.75,445.55,2.68,4.4,-76.73,mixed_edge
1-4,lane1_target_national_rank_pair x target_outer_pressure_bucket,2-1 | low_other_pressure,192,49,25.52,19200,15630,-3570,81.41,318.98,10.2,75.25,737.84,6.16,15.32,-418.86,mixed_edge
1-5,lane1_target_motor_place_diff_bucket,near_equal,4349,283,6.51,434900,354020,-80880,81.4,1250.95,6.4,77.77,1215.84,3.63,0.11,35.11,mixed_edge
1-4,stadium_code,09,672,72,10.71,67200,54700,-12500,81.4,759.72,10.2,75.25,737.84,6.15,0.51,21.88,mixed_edge
1-4,stadium_code x target_lane,09 | 4,672,72,10.71,67200,54700,-12500,81.4,759.72,10.2,75.25,737.84,6.15,0.51,21.88,mixed_edge
1-4,lane1_target_national_rank_pair,4+-4+,2078,90,4.33,207800,169090,-38710,81.37,1878.78,10.2,75.25,737.84,6.12,-5.87,1140.94,mixed_edge
1-4,target_lane x lane1_target_national_rank_pair,4 | 4+-4+,2078,90,4.33,207800,169090,-38710,81.37,1878.78,10.2,75.25,737.84,6.12,-5.87,1140.94,mixed_edge
1-4,lane1_target_national_rank_pair x target_outer_pressure_bucket,4+-4+ | high_other_pressure,2078,90,4.33,207800,169090,-38710,81.37,1878.78,10.2,75.25,737.84,6.12,-5.87,1140.94,mixed_edge
1-3,target_exhibition_rank_bucket,1,1893,321,16.96,189300,154030,-35270,81.37,479.84,15.42,76.45,495.64,4.92,1.54,-15.8,mixed_edge
1-3,target_exhibition_rank_bucket x other_exhibition_faster_than_target_count_bucket,1 | 0,1893,321,16.96,189300,154030,-35270,81.37,479.84,15.42,76.45,495.64,4.92,1.54,-15.8,mixed_edge
1-5,lane1_target_start_gap_pair x target_outer_pressure_bucket,best-<=0.03 | some_other_pressure,118,16,13.56,11800,9600,-2200,81.36,600.0,6.4,77.77,1215.84,3.59,7.16,-615.84,mixed_edge
1-2,lane1_boat_rank_bucket,2,2256,414,18.35,225600,183510,-42090,81.34,443.26,17.68,78.75,445.55,2.59,0.67,-2.29,mixed_edge
1-3,stadium_code,08,575,83,14.43,57500,46770,-10730,81.34,563.49,15.42,76.45,495.64,4.89,-0.99,67.85,mixed_edge
1-3,stadium_code x target_lane,08 | 3,575,83,14.43,57500,46770,-10730,81.34,563.49,15.42,76.45,495.64,4.89,-0.99,67.85,mixed_edge
1-6,target_exhibition_st_rank_bucket x other_st_faster_than_target_count_bucket,4+ | 1,457,28,6.13,45700,37170,-8530,81.33,1327.5,3.94,69.07,1754.72,12.26,2.19,-427.22,mixed_edge
1-5,lane1_target_start_gap_pair,<=0.03-0.04-0.06,694,41,5.91,69400,56430,-12970,81.31,1376.34,6.4,77.77,1215.84,3.54,-0.49,160.5,mixed_edge
1-5,target_lane x lane1_target_start_gap_pair,5 | <=0.03-0.04-0.06,694,41,5.91,69400,56430,-12970,81.31,1376.34,6.4,77.77,1215.84,3.54,-0.49,160.5,mixed_edge
1-5,lane1_start_exhibition_gap_bucket x target_start_exhibition_gap_bucket,<=0.03 | 0.04-0.06,694,41,5.91,69400,56430,-12970,81.31,1376.34,6.4,77.77,1215.84,3.54,-0.49,160.5,mixed_edge
1-5,lane1_target_class_pair,B2-A2,61,2,3.28,6100,4960,-1140,81.31,2480.0,6.4,77.77,1215.84,3.54,-3.12,1264.16,mixed_edge
1-2,lane1_target_national_rank_pair x target_outer_pressure_bucket,1-3 | high_other_pressure,361,100,27.7,36100,29350,-6750,81.3,293.5,17.68,78.75,445.55,2.55,10.02,-152.05,mixed_edge
1-4,stadium_code,07,347,37,10.66,34700,28210,-6490,81.3,762.43,10.2,75.25,737.84,6.05,0.46,24.59,mixed_edge
1-4,stadium_code x target_lane,07 | 4,347,37,10.66,34700,28210,-6490,81.3,762.43,10.2,75.25,737.84,6.05,0.46,24.59,mixed_edge
1-2,lane1_target_boat_place_diff_bucket,lane1_plus_4_10,2310,421,18.23,231000,187760,-43240,81.28,445.99,17.68,78.75,445.55,2.53,0.55,0.44,mixed_edge
1-4,lane1_target_group_pair x other_a_count_bucket,B-A | 2,1042,91,8.73,104200,84680,-19520,81.27,930.55,10.2,75.25,737.84,6.02,-1.47,192.71,mixed_edge
1-4,lane1_target_group_pair x target_outer_pressure_bucket,B-A | high_other_pressure,1375,121,8.8,137500,111710,-25790,81.24,923.22,10.2,75.25,737.84,5.99,-1.4,185.38,mixed_edge
1-5,target_boat_rank_bucket,4+,6877,446,6.49,687700,558630,-129070,81.23,1252.53,6.4,77.77,1215.84,3.46,0.09,36.69,mixed_edge
1-3,lane1_target_group_pair x target_outer_pressure_bucket,B-B | high_other_pressure,2603,228,8.76,260300,211440,-48860,81.23,927.37,15.42,76.45,495.64,4.78,-6.66,431.73,mixed_edge
1-4,lane1_target_start_gap_pair x target_outer_pressure_bucket,>0.06-0.04-0.06 | low_other_pressure,33,6,18.18,3300,2680,-620,81.21,446.67,10.2,75.25,737.84,5.96,7.98,-291.17,mixed_edge
1-4,target_class,A1,3259,523,16.05,325900,264520,-61380,81.17,505.77,10.2,75.25,737.84,5.92,5.85,-232.07,mixed_edge
1-3,lane1_target_class_pair,B1-B1,2430,234,9.63,243000,197220,-45780,81.16,842.82,15.42,76.45,495.64,4.71,-5.79,347.18,mixed_edge
1-3,lane1_target_boat_place_diff_bucket,lane1_plus_10+,1983,318,16.04,198300,160950,-37350,81.16,506.13,15.42,76.45,495.64,4.71,0.62,10.49,mixed_edge
1-2,lane1_target_exhibition_time_diff_bucket,lane1_faster_0.10+,1307,241,18.44,130700,106070,-24630,81.16,440.12,17.68,78.75,445.55,2.41,0.76,-5.43,mixed_edge
1-3,wave_bucket,5-9,1068,163,15.26,106800,86680,-20120,81.16,531.78,15.42,76.45,495.64,4.71,-0.16,36.14,mixed_edge
1-5,race_no_bucket,10-12R,3345,239,7.14,334500,271280,-63220,81.1,1135.06,6.4,77.77,1215.84,3.33,0.74,-80.78,mixed_edge
1-5,race_no_bucket x target_lane,10-12R | 5,3345,239,7.14,334500,271280,-63220,81.1,1135.06,6.4,77.77,1215.84,3.33,0.74,-80.78,mixed_edge
1-3,lane1_exhibition_st_rank_bucket,3,1845,293,15.88,184500,149610,-34890,81.09,510.61,15.42,76.45,495.64,4.64,0.46,14.97,mixed_edge
1-4,target_start_exhibition_gap_bucket,best,2671,314,11.76,267100,216530,-50570,81.07,689.59,10.2,75.25,737.84,5.82,1.56,-48.25,mixed_edge
1-4,target_lane x target_start_exhibition_gap_bucket,4 | best,2671,314,11.76,267100,216530,-50570,81.07,689.59,10.2,75.25,737.84,5.82,1.56,-48.25,mixed_edge
1-6,lane1_target_national_rank_pair,4+-2,878,35,3.99,87800,71180,-16620,81.07,2033.71,3.94,69.07,1754.72,12.0,0.05,278.99,mixed_edge
1-6,target_lane x lane1_target_national_rank_pair,6 | 4+-2,878,35,3.99,87800,71180,-16620,81.07,2033.71,3.94,69.07,1754.72,12.0,0.05,278.99,mixed_edge
1-5,lane1_target_class_pair,A2-B1,1916,88,4.59,191600,155290,-36310,81.05,1764.66,6.4,77.77,1215.84,3.28,-1.81,548.82,mixed_edge
1-3,month,2025-09,4247,659,15.52,424700,343990,-80710,81.0,521.99,15.42,76.45,495.64,4.55,0.1,26.35,mixed_edge
1-6,lane1_target_class_pair,B1-A1,921,64,6.95,92100,74580,-17520,80.98,1165.31,3.94,69.07,1754.72,11.91,3.01,-589.41,mixed_edge
1-5,lane1_target_class_pair,A2-A1,669,96,14.35,66900,54150,-12750,80.94,564.06,6.4,77.77,1215.84,3.17,7.95,-651.78,mixed_edge
1-2,other_exhibition_faster_than_target_count_bucket,2,2712,448,16.52,271200,219460,-51740,80.92,489.87,17.68,78.75,445.55,2.17,-1.16,44.32,mixed_edge
1-4,other_exhibition_faster_than_target_count_bucket,2,2693,288,10.69,269300,217930,-51370,80.92,756.7,10.2,75.25,737.84,5.67,0.49,18.86,mixed_edge
1-6,lane1_boat_rank_bucket,2,2256,94,4.17,225600,182530,-43070,80.91,1941.81,3.94,69.07,1754.72,11.84,0.23,187.09,mixed_edge
1-2,target_motor_rank_bucket,3,2158,387,17.93,215800,174540,-41260,80.88,451.01,17.68,78.75,445.55,2.13,0.25,5.46,mixed_edge
1-2,target_national_win_rank_bucket x other_national_better_than_target_count_bucket,3 | 1,1366,341,24.96,136600,110480,-26120,80.88,323.99,17.68,78.75,445.55,2.13,7.28,-121.56,mixed_edge
1-6,lane1_target_class_pair,A2-A2,799,43,5.38,79900,64620,-15280,80.88,1502.79,3.94,69.07,1754.72,11.81,1.44,-251.93,mixed_edge
1-2,lane1_target_national_rank_pair x target_outer_pressure_bucket,1-2 | high_other_pressure,352,112,31.82,35200,28470,-6730,80.88,254.2,17.68,78.75,445.55,2.13,14.14,-191.35,mixed_edge
1-3,lane1_target_group_pair x other_a_count_bucket,A-A | 4,1460,284,19.45,146000,118070,-27930,80.87,415.74,15.42,76.45,495.64,4.42,4.03,-79.9,mixed_edge
1-4,lane1_target_start_gap_pair,<=0.03-<=0.03,845,92,10.89,84500,68330,-16170,80.86,742.72,10.2,75.25,737.84,5.61,0.69,4.88,mixed_edge
1-4,target_lane x lane1_target_start_gap_pair,4 | <=0.03-<=0.03,845,92,10.89,84500,68330,-16170,80.86,742.72,10.2,75.25,737.84,5.61,0.69,4.88,mixed_edge
1-4,lane1_start_exhibition_gap_bucket x target_start_exhibition_gap_bucket,<=0.03 | <=0.03,845,92,10.89,84500,68330,-16170,80.86,742.72,10.2,75.25,737.84,5.61,0.69,4.88,mixed_edge
1-3,target_motor_rank_bucket,2,2189,380,17.36,218900,176900,-42000,80.81,465.53,15.42,76.45,495.64,4.36,1.94,-30.11,mixed_edge
1-2,lane1_target_exhibition_st_rank_pair,3-2,310,59,19.03,31000,25040,-5960,80.77,424.41,17.68,78.75,445.55,2.02,1.35,-21.14,mixed_edge
1-2,lane1_exhibition_st_rank_bucket x target_exhibition_st_rank_bucket,3 | 2,310,59,19.03,31000,25040,-5960,80.77,424.41,17.68,78.75,445.55,2.02,1.35,-21.14,mixed_edge
1-4,stadium_code,21,607,75,12.36,60700,49010,-11690,80.74,653.47,10.2,75.25,737.84,5.49,2.16,-84.37,mixed_edge
1-4,stadium_code x target_lane,21 | 4,607,75,12.36,60700,49010,-11690,80.74,653.47,10.2,75.25,737.84,5.49,2.16,-84.37,mixed_edge
1-2,meeting_phase_bucket,day5+,3718,770,20.71,371800,300160,-71640,80.73,389.82,17.68,78.75,445.55,1.98,3.03,-55.73,mixed_edge
1-2,meeting_phase_bucket x target_lane,day5+ | 2,3718,770,20.71,371800,300160,-71640,80.73,389.82,17.68,78.75,445.55,1.98,3.03,-55.73,mixed_edge
1-2,lane1_target_national_rank_pair,1-2,792,266,33.59,79200,63940,-15260,80.73,240.38,17.68,78.75,445.55,1.98,15.91,-205.17,mixed_edge
1-2,target_lane x lane1_target_national_rank_pair,2 | 1-2,792,266,33.59,79200,63940,-15260,80.73,240.38,17.68,78.75,445.55,1.98,15.91,-205.17,mixed_edge
1-2,target_national_win_rank_bucket x other_national_better_than_target_count_bucket,2 | 0,792,266,33.59,79200,63940,-15260,80.73,240.38,17.68,78.75,445.55,1.98,15.91,-205.17,mixed_edge
1-4,lane1_target_group_pair x other_a_count_bucket,A-B | 1,941,91,9.67,94100,75940,-18160,80.7,834.51,10.2,75.25,737.84,5.45,-0.53,96.67,mixed_edge
1-4,lane1_target_start_gap_pair x target_outer_pressure_bucket,best->0.06 | some_other_pressure,217,39,17.97,21700,17510,-4190,80.69,448.97,10.2,75.25,737.84,5.44,7.77,-288.87,mixed_edge
1-4,lane1_target_local_win_diff_bucket,target_plus_0.35_1.00,1430,156,10.91,143000,115340,-27660,80.66,739.36,10.2,75.25,737.84,5.41,0.71,1.52,mixed_edge
1-4,lane1_target_group_pair x target_outer_pressure_bucket,A-A | low_other_pressure,434,102,23.5,43400,35000,-8400,80.65,343.14,10.2,75.25,737.84,5.4,13.3,-394.7,mixed_edge
1-5,lane1_target_national_rank_pair x target_outer_pressure_bucket,3-1 | high_other_pressure,186,28,15.05,18600,15000,-3600,80.65,535.71,6.4,77.77,1215.84,2.88,8.65,-680.13,mixed_edge
1-4,lane1_target_national_rank_pair x target_outer_pressure_bucket,3-1 | low_other_pressure,141,26,18.44,14100,11370,-2730,80.64,437.31,10.2,75.25,737.84,5.39,8.24,-300.53,mixed_edge
1-2,wind_bucket,0-2,6724,1261,18.75,672400,542130,-130270,80.63,429.92,17.68,78.75,445.55,1.88,1.07,-15.63,mixed_edge
1-4,lane1_target_local_win_diff_bucket,target_plus_1.00+,3121,336,10.77,312100,251640,-60460,80.63,748.93,10.2,75.25,737.84,5.38,0.57,11.09,mixed_edge
1-3,lane1_target_national_rank_pair x target_outer_pressure_bucket,1-3 | some_other_pressure,365,98,26.85,36500,29430,-7070,80.63,300.31,15.42,76.45,495.64,4.18,11.43,-195.33,mixed_edge
1-6,lane1_target_national_rank_pair x target_outer_pressure_bucket,4+-2 | high_other_pressure,487,19,3.9,48700,39260,-9440,80.62,2066.32,3.94,69.07,1754.72,11.55,-0.04,311.6,mixed_edge
1-6,lane1_target_exhibition_time_diff_bucket x lane1_target_start_exhibition_st_diff_bucket,target_faster_0.05_0.10 | target_faster_0.06+,244,10,4.1,24400,19670,-4730,80.61,1967.0,3.94,69.07,1754.72,11.54,0.16,212.28,mixed_edge
1-5,lane1_target_exhibition_st_rank_pair,3-4+,1126,65,5.77,112600,90750,-21850,80.6,1396.15,6.4,77.77,1215.84,2.83,-0.63,180.31,mixed_edge
1-5,lane1_exhibition_st_rank_bucket x target_exhibition_st_rank_bucket,3 | 4+,1126,65,5.77,112600,90750,-21850,80.6,1396.15,6.4,77.77,1215.84,2.83,-0.63,180.31,mixed_edge
1-5,other_exhibition_faster_than_target_count_bucket,3,2622,143,5.45,262200,211300,-50900,80.59,1477.62,6.4,77.77,1215.84,2.82,-0.95,261.78,mixed_edge
1-5,target_exhibition_rank_bucket x other_exhibition_faster_than_target_count_bucket,4+ | 3,2622,143,5.45,262200,211300,-50900,80.59,1477.62,6.4,77.77,1215.84,2.82,-0.95,261.78,mixed_edge
1-6,other_b2_count_bucket,1,2382,124,5.21,238200,191960,-46240,80.59,1548.06,3.94,69.07,1754.72,11.52,1.27,-206.66,mixed_edge
1-2,lane1_target_national_win_diff_bucket,target_plus_0.35_1.00,1814,347,19.13,181400,146170,-35230,80.58,421.24,17.68,78.75,445.55,1.83,1.45,-24.31,mixed_edge
1-3,other_b2_count_bucket,1,3302,529,16.02,330200,266030,-64170,80.57,502.89,15.42,76.45,495.64,4.12,0.6,7.25,mixed_edge
1-3,other_a_count_bucket,4,1666,304,18.25,166600,134210,-32390,80.56,441.48,15.42,76.45,495.64,4.11,2.83,-54.16,mixed_edge
1-3,other_group_pattern,A-A-A-A,1666,304,18.25,166600,134210,-32390,80.56,441.48,15.42,76.45,495.64,4.11,2.83,-54.16,mixed_edge
1-3,target_lane x other_a_count_bucket,3 | 4,1666,304,18.25,166600,134210,-32390,80.56,441.48,15.42,76.45,495.64,4.11,2.83,-54.16,mixed_edge
1-6,target_exhibition_st_rank_bucket x other_st_faster_than_target_count_bucket,3 | 1,781,43,5.51,78100,62910,-15190,80.55,1463.02,3.94,69.07,1754.72,11.48,1.57,-291.7,mixed_edge
1-3,lane1_target_exhibition_time_diff_bucket x lane1_target_start_exhibition_st_diff_bucket,lane1_faster_0.10+ | near_equal,567,92,16.23,56700,45660,-11040,80.53,496.3,15.42,76.45,495.64,4.08,0.81,0.66,mixed_edge
1-5,stadium_code,18,480,28,5.83,48000,38650,-9350,80.52,1380.36,6.4,77.77,1215.84,2.75,-0.57,164.52,mixed_edge
1-5,stadium_code x target_lane,18 | 5,480,28,5.83,48000,38650,-9350,80.52,1380.36,6.4,77.77,1215.84,2.75,-0.57,164.52,mixed_edge
1-6,lane1_target_start_gap_pair x target_outer_pressure_bucket,best-0.04-0.06 | low_other_pressure,62,7,11.29,6200,4990,-1210,80.48,712.86,3.94,69.07,1754.72,11.41,7.35,-1041.86,mixed_edge
1-2,target_class_group x target_outer_pressure_bucket,A | high_other_pressure,4171,825,19.78,417100,335650,-81450,80.47,406.85,17.68,78.75,445.55,1.72,2.1,-38.7,mixed_edge
1-6,target_start_exhibition_gap_bucket,<=0.03,2452,124,5.06,245200,197280,-47920,80.46,1590.97,3.94,69.07,1754.72,11.39,1.12,-163.75,mixed_edge
1-6,target_lane x target_start_exhibition_gap_bucket,6 | <=0.03,2452,124,5.06,245200,197280,-47920,80.46,1590.97,3.94,69.07,1754.72,11.39,1.12,-163.75,mixed_edge
1-4,other_exhibition_faster_than_target_count_bucket,1,2804,292,10.41,280400,225530,-54870,80.43,772.36,10.2,75.25,737.84,5.18,0.21,34.52,mixed_edge
1-5,lane1_start_exhibition_gap_bucket,0.04-0.06,2499,165,6.6,249900,200970,-48930,80.42,1218.0,6.4,77.77,1215.84,2.65,0.2,2.16,mixed_edge
1-3,race_no_bucket,7-9R,3350,524,15.64,335000,269290,-65710,80.39,513.91,15.42,76.45,495.64,3.94,0.22,18.27,mixed_edge
1-3,race_no_bucket x target_lane,7-9R | 3,3350,524,15.64,335000,269290,-65710,80.39,513.91,15.42,76.45,495.64,3.94,0.22,18.27,mixed_edge
1-2,lane1_target_exhibition_time_diff_bucket,near_equal,6893,1240,17.99,689300,554040,-135260,80.38,446.81,17.68,78.75,445.55,1.63,0.31,1.26,mixed_edge
1-4,lane1_start_exhibition_gap_bucket,<=0.03,3060,334,10.92,306000,245970,-60030,80.38,736.44,10.2,75.25,737.84,5.13,0.72,-1.4,mixed_edge
1-3,other_exhibition_faster_than_target_count_bucket,3,2493,351,14.08,249300,200320,-48980,80.35,570.71,15.42,76.45,495.64,3.9,-1.34,75.07,mixed_edge
1-3,target_exhibition_rank_bucket x other_exhibition_faster_than_target_count_bucket,4+ | 3,2493,351,14.08,249300,200320,-48980,80.35,570.71,15.42,76.45,495.64,3.9,-1.34,75.07,mixed_edge
1-3,target_boat_rank_bucket,4+,6664,1057,15.86,666400,535410,-130990,80.34,506.54,15.42,76.45,495.64,3.89,0.44,10.9,mixed_edge
1-6,target_national_win_rank_bucket,1,2022,188,9.3,202200,162420,-39780,80.33,863.94,3.94,69.07,1754.72,11.26,5.36,-890.78,mixed_edge
1-6,target_national_win_rank_bucket x other_national_better_than_target_count_bucket,1 | 0,2022,188,9.3,202200,162420,-39780,80.33,863.94,3.94,69.07,1754.72,11.26,5.36,-890.78,mixed_edge
1-2,lane1_local_win_rank_bucket,4+,5187,723,13.94,518700,416600,-102100,80.32,576.21,17.68,78.75,445.55,1.57,-3.74,130.66,mixed_edge
1-5,other_b2_count_bucket,0,10270,628,6.11,1027000,824790,-202210,80.31,1313.36,6.4,77.77,1215.84,2.54,-0.29,97.52,mixed_edge
1-3,lane1_local_win_rank_bucket,3,2321,371,15.98,232100,186400,-45700,80.31,502.43,15.42,76.45,495.64,3.86,0.56,6.79,mixed_edge
1-3,lane1_target_group_pair x other_a_count_bucket,A-B | 1,1027,153,14.9,102700,82430,-20270,80.26,538.76,15.42,76.45,495.64,3.81,-0.52,43.12,mixed_edge
1-3,other_group_pattern,A-B-A-B,844,102,12.09,84400,67740,-16660,80.26,664.12,15.42,76.45,495.64,3.81,-3.33,168.48,mixed_edge
1-3,stadium_code,19,528,105,19.89,52800,42370,-10430,80.25,403.52,15.42,76.45,495.64,3.8,4.47,-92.12,mixed_edge
1-3,stadium_code x target_lane,19 | 3,528,105,19.89,52800,42370,-10430,80.25,403.52,15.42,76.45,495.64,3.8,4.47,-92.12,mixed_edge
1-2,other_a_count_bucket,1,3316,610,18.4,331600,266010,-65590,80.22,436.08,17.68,78.75,445.55,1.47,0.72,-9.47,mixed_edge
1-2,target_lane x other_a_count_bucket,2 | 1,3316,610,18.4,331600,266010,-65590,80.22,436.08,17.68,78.75,445.55,1.47,0.72,-9.47,mixed_edge
1-6,stadium_code,02,588,23,3.91,58800,47170,-11630,80.22,2050.87,3.94,69.07,1754.72,11.15,-0.03,296.15,mixed_edge
1-6,stadium_code x target_lane,02 | 6,588,23,3.91,58800,47170,-11630,80.22,2050.87,3.94,69.07,1754.72,11.15,-0.03,296.15,mixed_edge
1-2,lane1_target_exhibition_time_diff_bucket x lane1_target_start_exhibition_st_diff_bucket,target_faster_0.10+ | lane1_faster_0.06+,91,16,17.58,9100,7300,-1800,80.22,456.25,17.68,78.75,445.55,1.47,-0.1,10.7,mixed_edge
1-3,target_start_exhibition_gap_bucket,0.04-0.06,3292,535,16.25,329200,263950,-65250,80.18,493.36,15.42,76.45,495.64,3.73,0.83,-2.28,mixed_edge
1-3,target_lane x target_start_exhibition_gap_bucket,3 | 0.04-0.06,3292,535,16.25,329200,263950,-65250,80.18,493.36,15.42,76.45,495.64,3.73,0.83,-2.28,mixed_edge
1-5,meeting_phase_bucket,day5+,3718,258,6.94,371800,298090,-73710,80.17,1155.39,6.4,77.77,1215.84,2.4,0.54,-60.45,mixed_edge
1-5,meeting_phase_bucket x target_lane,day5+ | 5,3718,258,6.94,371800,298090,-73710,80.17,1155.39,6.4,77.77,1215.84,2.4,0.54,-60.45,mixed_edge
1-2,lane1_national_win_rank_bucket,4+,5012,643,12.83,501200,401460,-99740,80.1,624.35,17.68,78.75,445.55,1.35,-4.85,178.8,mixed_edge
1-3,lane1_motor_rank_bucket,3,2197,336,15.29,219700,175890,-43810,80.06,523.48,15.42,76.45,495.64,3.61,-0.13,27.84,mixed_edge
1-2,target_exhibition_rank_bucket x other_exhibition_faster_than_target_count_bucket,2 | 0,1253,283,22.59,125300,100320,-24980,80.06,354.49,17.68,78.75,445.55,1.31,4.91,-91.06,mixed_edge
1-5,other_a_count_bucket,4,1741,118,6.78,174100,139340,-34760,80.03,1180.85,6.4,77.77,1215.84,2.26,0.38,-34.99,mixed_edge
1-5,other_group_pattern,A-A-A-A,1741,118,6.78,174100,139340,-34760,80.03,1180.85,6.4,77.77,1215.84,2.26,0.38,-34.99,mixed_edge
1-5,target_lane x other_a_count_bucket,5 | 4,1741,118,6.78,174100,139340,-34760,80.03,1180.85,6.4,77.77,1215.84,2.26,0.38,-34.99,mixed_edge
1-2,race_no_bucket,10-12R,3345,757,22.63,334500,267660,-66840,80.02,353.58,17.68,78.75,445.55,1.27,4.95,-91.97,mixed_edge
1-2,race_no_bucket x target_lane,10-12R | 2,3345,757,22.63,334500,267660,-66840,80.02,353.58,17.68,78.75,445.55,1.27,4.95,-91.97,mixed_edge
1-2,lane1_class,A1,4557,1083,23.77,455700,364550,-91150,80.0,336.61,17.68,78.75,445.55,1.25,6.09,-108.94,mixed_edge
1-6,lane1_target_national_rank_pair x target_outer_pressure_bucket,4+-1 | low_other_pressure,297,25,8.42,29700,23760,-5940,80.0,950.4,3.94,69.07,1754.72,10.93,4.48,-804.32,mixed_edge
1-6,lane1_target_national_rank_pair x target_outer_pressure_bucket,2-1 | low_other_pressure,157,23,14.65,15700,12560,-3140,80.0,546.09,3.94,69.07,1754.72,10.93,10.71,-1208.63,mixed_edge
1-4,lane1_target_group_pair x target_outer_pressure_bucket,A-A | some_other_pressure,860,166,19.3,86000,68790,-17210,79.99,414.4,10.2,75.25,737.84,4.74,9.1,-323.44,mixed_edge
1-4,target_start_exhibition_gap_bucket,0.04-0.06,3140,337,10.73,314000,251120,-62880,79.97,745.16,10.2,75.25,737.84,4.72,0.53,7.32,mixed_edge
1-4,target_lane x target_start_exhibition_gap_bucket,4 | 0.04-0.06,3140,337,10.73,314000,251120,-62880,79.97,745.16,10.2,75.25,737.84,4.72,0.53,7.32,mixed_edge
1-2,target_outer_pressure_bucket,low_other_pressure,999,266,26.63,99900,79870,-20030,79.95,300.26,17.68,78.75,445.55,1.2,8.95,-145.29,mixed_edge
1-2,target_lane x target_outer_pressure_bucket,2 | low_other_pressure,999,266,26.63,99900,79870,-20030,79.95,300.26,17.68,78.75,445.55,1.2,8.95,-145.29,mixed_edge
1-2,target_motor_rank_bucket,4+,6621,1144,17.28,662100,529230,-132870,79.93,462.61,17.68,78.75,445.55,1.18,-0.4,17.06,mixed_edge
1-3,target_exhibition_rank_bucket,3,2318,386,16.65,231800,185280,-46520,79.93,480.0,15.42,76.45,495.64,3.48,1.23,-15.64,mixed_edge
1-4,other_a_count_bucket,4,1700,204,12.0,170000,135870,-34130,79.92,666.03,10.2,75.25,737.84,4.67,1.8,-71.81,mixed_edge
1-4,other_group_pattern,A-A-A-A,1700,204,12.0,170000,135870,-34130,79.92,666.03,10.2,75.25,737.84,4.67,1.8,-71.81,mixed_edge
1-4,target_lane x other_a_count_bucket,4 | 4,1700,204,12.0,170000,135870,-34130,79.92,666.03,10.2,75.25,737.84,4.67,1.8,-71.81,mixed_edge
1-5,lane1_local_win_rank_bucket,3,2321,144,6.2,232100,185420,-46680,79.89,1287.64,6.4,77.77,1215.84,2.12,-0.2,71.8,mixed_edge
1-3,lane1_target_national_win_diff_bucket,target_plus_0.35_1.00,1797,326,18.14,179700,143550,-36150,79.88,440.34,15.42,76.45,495.64,3.43,2.72,-55.3,mixed_edge
1-2,target_exhibition_rank_bucket x other_exhibition_faster_than_target_count_bucket,3 | 1,1698,330,19.43,169800,135610,-34190,79.86,410.94,17.68,78.75,445.55,1.11,1.75,-34.61,mixed_edge
1-4,stadium_code,02,588,56,9.52,58800,46960,-11840,79.86,838.57,10.2,75.25,737.84,4.61,-0.68,100.73,mixed_edge
1-4,stadium_code x target_lane,02 | 4,588,56,9.52,58800,46960,-11840,79.86,838.57,10.2,75.25,737.84,4.61,-0.68,100.73,mixed_edge
1-4,target_national_win_rank_bucket x other_national_better_than_target_count_bucket,3 | 1,1147,180,15.69,114700,91580,-23120,79.84,508.78,10.2,75.25,737.84,4.59,5.49,-229.06,mixed_edge
1-3,wind_bucket,3-4,4952,765,15.45,495200,395100,-100100,79.79,516.47,15.42,76.45,495.64,3.34,0.03,20.83,mixed_edge
1-5,lane1_target_local_win_diff_bucket,target_plus_0.35_1.00,1414,113,7.99,141400,112830,-28570,79.79,998.5,6.4,77.77,1215.84,2.02,1.59,-217.34,mixed_edge
1-2,other_st_faster_than_target_count_bucket,2,2183,379,17.36,218300,174150,-44150,79.78,459.5,17.68,78.75,445.55,1.03,-0.32,13.95,mixed_edge
1-2,lane1_target_national_rank_pair x target_outer_pressure_bucket,1-2 | low_other_pressure,271,95,35.06,27100,21620,-5480,79.78,227.58,17.68,78.75,445.55,1.03,17.38,-217.97,mixed_edge
1-5,lane1_local_win_rank_bucket,4+,5187,283,5.46,518700,413740,-104960,79.76,1461.98,6.4,77.77,1215.84,1.99,-0.94,246.14,mixed_edge
1-3,lane1_target_exhibition_time_diff_bucket x lane1_target_start_exhibition_st_diff_bucket,lane1_faster_0.05_0.10 | near_equal,1097,188,17.14,109700,87500,-22200,79.76,465.43,15.42,76.45,495.64,3.31,1.72,-30.21,mixed_edge
1-3,other_b2_count_bucket,2,420,73,17.38,42000,33500,-8500,79.76,458.9,15.42,76.45,495.64,3.31,1.96,-36.74,mixed_edge
1-2,stadium_code,22,694,141,20.32,69400,55340,-14060,79.74,392.48,17.68,78.75,445.55,0.99,2.64,-53.07,mixed_edge
1-2,stadium_code x target_lane,22 | 2,694,141,20.32,69400,55340,-14060,79.74,392.48,17.68,78.75,445.55,0.99,2.64,-53.07,mixed_edge
1-3,target_class,B2,469,50,10.66,46900,37400,-9500,79.74,748.0,15.42,76.45,495.64,3.29,-4.76,252.36,mixed_edge
1-2,target_national_win_rank_bucket x other_national_better_than_target_count_bucket,4+ | 2,1823,342,18.76,182300,145330,-36970,79.72,424.94,17.68,78.75,445.55,0.97,1.08,-20.61,mixed_edge
1-2,lane1_exhibition_rank_bucket,2,3025,558,18.45,302500,241080,-61420,79.7,432.04,17.68,78.75,445.55,0.95,0.77,-13.51,mixed_edge
1-4,lane1_local_win_rank_bucket,4+,5187,420,8.1,518700,413360,-105340,79.69,984.19,10.2,75.25,737.84,4.44,-2.1,246.35,mixed_edge
1-5,meeting_phase_bucket,day1-2,4849,294,6.06,484900,386390,-98510,79.68,1314.25,6.4,77.77,1215.84,1.91,-0.34,98.41,mixed_edge
1-5,meeting_phase_bucket x target_lane,day1-2 | 5,4849,294,6.06,484900,386390,-98510,79.68,1314.25,6.4,77.77,1215.84,1.91,-0.34,98.41,mixed_edge
1-2,lane1_target_group_pair x other_a_count_bucket,A-A | 4,1460,312,21.37,146000,116340,-29660,79.68,372.88,17.68,78.75,445.55,0.93,3.69,-72.67,mixed_edge
1-2,other_exhibition_faster_than_target_count_bucket,0,3766,750,19.92,376600,299990,-76610,79.66,399.99,17.68,78.75,445.55,0.91,2.24,-45.56,mixed_edge
1-4,target_boat_rank_bucket,3,2198,214,9.74,219800,175090,-44710,79.66,818.18,10.2,75.25,737.84,4.41,-0.46,80.34,mixed_edge
1-3,lane1_target_group_pair,B-B,2828,264,9.34,282800,225220,-57580,79.64,853.11,15.42,76.45,495.64,3.19,-6.08,357.47,mixed_edge
1-5,lane1_target_boat_place_diff_bucket,target_plus_10+,1996,138,6.91,199600,158880,-40720,79.6,1151.3,6.4,77.77,1215.84,1.83,0.51,-64.54,mixed_edge
1-3,lane1_target_class_pair,B1-A2,1349,155,11.49,134900,107380,-27520,79.6,692.77,15.42,76.45,495.64,3.15,-3.93,197.13,mixed_edge
1-2,lane1_target_national_rank_pair x target_outer_pressure_bucket,3-1 | high_other_pressure,202,52,25.74,20200,16080,-4120,79.6,309.23,17.68,78.75,445.55,0.85,8.06,-136.32,mixed_edge
1-2,lane1_target_group_pair x target_outer_pressure_bucket,B-A | low_other_pressure,374,64,17.11,37400,29760,-7640,79.57,465.0,17.68,78.75,445.55,0.82,-0.57,19.45,mixed_edge
1-2,meeting_phase_bucket,day1-2,4849,799,16.48,484900,385660,-99240,79.53,482.68,17.68,78.75,445.55,0.78,-1.2,37.13,mixed_edge
1-2,meeting_phase_bucket x target_lane,day1-2 | 2,4849,799,16.48,484900,385660,-99240,79.53,482.68,17.68,78.75,445.55,0.78,-1.2,37.13,mixed_edge
1-2,other_national_better_than_target_count_bucket,0,2875,724,25.18,287500,228650,-58850,79.53,315.81,17.68,78.75,445.55,0.78,7.5,-129.74,mixed_edge
1-5,lane1_target_start_gap_pair x target_outer_pressure_bucket,<=0.03-0.04-0.06 | high_other_pressure,596,28,4.7,59600,47400,-12200,79.53,1692.86,6.4,77.77,1215.84,1.76,-1.7,477.02,mixed_edge
1-5,target_exhibition_st_rank_bucket,3,2083,132,6.34,208300,165650,-42650,79.52,1254.92,6.4,77.77,1215.84,1.75,-0.06,39.08,mixed_edge
1-5,target_lane x target_exhibition_st_rank_bucket,5 | 3,2083,132,6.34,208300,165650,-42650,79.52,1254.92,6.4,77.77,1215.84,1.75,-0.06,39.08,mixed_edge
1-4,lane1_motor_rank_bucket,1,2605,304,11.67,260500,207110,-53390,79.5,681.28,10.2,75.25,737.84,4.25,1.47,-56.56,mixed_edge
1-2,lane1_local_win_rank_bucket,2,2708,530,19.57,270800,215170,-55630,79.46,405.98,17.68,78.75,445.55,0.71,1.89,-39.57,mixed_edge
1-6,lane1_motor_rank_bucket,3,2197,93,4.23,219700,174570,-45130,79.46,1877.1,3.94,69.07,1754.72,10.39,0.29,122.38,mixed_edge
1-2,other_national_better_than_target_count_bucket,4,1862,217,11.65,186200,147930,-38270,79.45,681.71,17.68,78.75,445.55,0.7,-6.03,236.16,mixed_edge
1-2,target_national_win_rank_bucket x other_national_better_than_target_count_bucket,4+ | 4,1862,217,11.65,186200,147930,-38270,79.45,681.71,17.68,78.75,445.55,0.7,-6.03,236.16,mixed_edge
1-5,lane1_target_group_pair x target_outer_pressure_bucket,B-B | low_other_pressure,35,3,8.57,3500,2780,-720,79.43,926.67,6.4,77.77,1215.84,1.66,2.17,-289.17,mixed_edge
1-5,lane1_target_start_exhibition_st_diff_bucket,target_faster_0.03_0.06,1632,118,7.23,163200,129610,-33590,79.42,1098.39,6.4,77.77,1215.84,1.65,0.83,-117.45,mixed_edge
1-3,lane1_target_class_pair,B1-B2,208,15,7.21,20800,16520,-4280,79.42,1101.33,15.42,76.45,495.64,2.97,-8.21,605.69,mixed_edge
1-5,target_outer_pressure_bucket,some_other_pressure,1645,178,10.82,164500,130620,-33880,79.4,733.82,6.4,77.77,1215.84,1.63,4.42,-482.02,mixed_edge
1-5,target_lane x target_outer_pressure_bucket,5 | some_other_pressure,1645,178,10.82,164500,130620,-33880,79.4,733.82,6.4,77.77,1215.84,1.63,4.42,-482.02,mixed_edge
1-3,lane1_motor_rank_bucket,1,2605,427,16.39,260500,206720,-53780,79.36,484.12,15.42,76.45,495.64,2.91,0.97,-11.52,mixed_edge
1-3,lane1_target_exhibition_time_diff_bucket,lane1_faster_0.05_0.10,2984,473,15.85,298400,236690,-61710,79.32,500.4,15.42,76.45,495.64,2.87,0.43,4.76,mixed_edge
1-4,other_national_better_than_target_count_bucket,0,2752,499,18.13,275200,218280,-56920,79.32,437.43,10.2,75.25,737.84,4.07,7.93,-300.41,mixed_edge
1-2,other_exhibition_faster_than_target_count_bucket,3,2226,387,17.39,222600,176560,-46040,79.32,456.23,17.68,78.75,445.55,0.57,-0.29,10.68,mixed_edge
1-2,target_exhibition_rank_bucket x other_exhibition_faster_than_target_count_bucket,4+ | 3,2226,387,17.39,222600,176560,-46040,79.32,456.23,17.68,78.75,445.55,0.57,-0.29,10.68,mixed_edge
1-2,target_boat_rank_bucket,3,2211,382,17.28,221100,175190,-45910,79.24,458.61,17.68,78.75,445.55,0.49,-0.4,13.06,mixed_edge
1-3,target_local_win_rank_bucket,4+,6582,870,13.22,658200,521410,-136790,79.22,599.32,15.42,76.45,495.64,2.77,-2.2,103.68,mixed_edge
1-5,target_class,B1,6204,279,4.5,620400,491390,-129010,79.21,1761.25,6.4,77.77,1215.84,1.44,-1.9,545.41,mixed_edge
1-4,lane1_target_exhibition_time_diff_bucket,lane1_faster_0.05_0.10,3009,315,10.47,300900,238350,-62550,79.21,756.67,10.2,75.25,737.84,3.96,0.27,18.83,mixed_edge
1-4,lane1_target_start_gap_pair x target_outer_pressure_bucket,<=0.03-0.04-0.06 | some_other_pressure,89,14,15.73,8900,7050,-1850,79.21,503.57,10.2,75.25,737.84,3.96,5.53,-234.27,mixed_edge
1-4,meeting_phase_bucket,day5+,3718,418,11.24,371800,294480,-77320,79.2,704.5,10.2,75.25,737.84,3.95,1.04,-33.34,mixed_edge
1-4,meeting_phase_bucket x target_lane,day5+ | 4,3718,418,11.24,371800,294480,-77320,79.2,704.5,10.2,75.25,737.84,3.95,1.04,-33.34,mixed_edge
1-2,wave_bucket,0-4,12096,2163,17.88,1209600,957510,-252090,79.16,442.68,17.68,78.75,445.55,0.41,0.2,-2.87,mixed_edge
1-2,lane1_target_exhibition_time_diff_bucket x lane1_target_start_exhibition_st_diff_bucket,lane1_faster_0.10+ | lane1_faster_0.03_0.06,285,44,15.44,28500,22560,-5940,79.16,512.73,17.68,78.75,445.55,0.41,-2.24,67.18,mixed_edge
1-4,target_exhibition_rank_bucket,2,2005,222,11.07,200500,158690,-41810,79.15,714.82,10.2,75.25,737.84,3.9,0.87,-23.02,mixed_edge
1-2,stadium_code,16,408,68,16.67,40800,32280,-8520,79.12,474.71,17.68,78.75,445.55,0.37,-1.01,29.16,mixed_edge
1-2,stadium_code x target_lane,16 | 2,408,68,16.67,40800,32280,-8520,79.12,474.71,17.68,78.75,445.55,0.37,-1.01,29.16,mixed_edge
1-2,other_a_count_bucket,4,1615,332,20.56,161500,127740,-33760,79.1,384.76,17.68,78.75,445.55,0.35,2.88,-60.79,mixed_edge
1-2,other_group_pattern,A-A-A-A,1615,332,20.56,161500,127740,-33760,79.1,384.76,17.68,78.75,445.55,0.35,2.88,-60.79,mixed_edge
1-2,target_lane x other_a_count_bucket,2 | 4,1615,332,20.56,161500,127740,-33760,79.1,384.76,17.68,78.75,445.55,0.35,2.88,-60.79,mixed_edge
1-4,lane1_target_group_pair x other_a_count_bucket,B-A | 1,649,73,11.25,64900,51330,-13570,79.09,703.15,10.2,75.25,737.84,3.84,1.05,-34.69,mixed_edge
1-5,lane1_target_national_rank_pair,3-1,393,60,15.27,39300,31080,-8220,79.08,518.0,6.4,77.77,1215.84,1.31,8.87,-697.84,mixed_edge
1-5,target_lane x lane1_target_national_rank_pair,5 | 3-1,393,60,15.27,39300,31080,-8220,79.08,518.0,6.4,77.77,1215.84,1.31,8.87,-697.84,mixed_edge
1-2,target_national_win_rank_bucket,1,2083,458,21.99,208300,164710,-43590,79.07,359.63,17.68,78.75,445.55,0.32,4.31,-85.92,mixed_edge
1-2,target_national_win_rank_bucket x other_national_better_than_target_count_bucket,1 | 0,2083,458,21.99,208300,164710,-43590,79.07,359.63,17.68,78.75,445.55,0.32,4.31,-85.92,mixed_edge
1-3,lane1_target_exhibition_time_diff_bucket x lane1_target_start_exhibition_st_diff_bucket,lane1_faster_0.10+ | lane1_faster_0.06+,301,45,14.95,30100,23800,-6300,79.07,528.89,15.42,76.45,495.64,2.62,-0.47,33.25,mixed_edge
1-5,lane1_target_group_pair x other_a_count_bucket,B-B | 2,1031,27,2.62,103100,81500,-21600,79.05,3018.52,6.4,77.77,1215.84,1.28,-3.78,1802.68,mixed_edge
1-3,lane1_target_start_gap_pair x target_outer_pressure_bucket,0.04-0.06-0.04-0.06 | some_other_pressure,95,22,23.16,9500,7510,-1990,79.05,341.36,15.42,76.45,495.64,2.6,7.74,-154.28,mixed_edge
1-3,target_class_group x target_outer_pressure_bucket,B | high_other_pressure,6116,713,11.66,611600,483420,-128180,79.04,678.01,15.42,76.45,495.64,2.59,-3.76,182.37,mixed_edge
1-5,target_exhibition_rank_bucket x other_exhibition_faster_than_target_count_bucket,3 | 0,207,16,7.73,20700,16360,-4340,79.03,1022.5,6.4,77.77,1215.84,1.26,1.33,-193.34,mixed_edge
1-3,stadium_code,16,408,62,15.2,40800,32240,-8560,79.02,520.0,15.42,76.45,495.64,2.57,-0.22,24.36,mixed_edge
1-3,stadium_code x target_lane,16 | 3,408,62,15.2,40800,32240,-8560,79.02,520.0,15.42,76.45,495.64,2.57,-0.22,24.36,mixed_edge
1-2,month,2025-08,5043,880,17.45,504300,398410,-105890,79.0,452.74,17.68,78.75,445.55,0.25,-0.23,7.19,mixed_edge
1-5,lane1_target_start_gap_pair x target_outer_pressure_bucket,0.04-0.06-best | some_other_pressure,90,11,12.22,9000,7110,-1890,79.0,646.36,6.4,77.77,1215.84,1.23,5.82,-569.48,mixed_edge
1-2,lane1_target_boat_place_diff_bucket,near_equal,4684,812,17.34,468400,369990,-98410,78.99,455.65,17.68,78.75,445.55,0.24,-0.34,10.1,mixed_edge
1-2,target_class,A1,3474,776,22.34,347400,274390,-73010,78.98,353.6,17.68,78.75,445.55,0.23,4.66,-91.95,mixed_edge
1-4,other_group_pattern,A-A-B-B,666,49,7.36,66600,52580,-14020,78.95,1073.06,10.2,75.25,737.84,3.7,-2.84,335.22,mixed_edge
1-2,lane1_target_group_pair x other_a_count_bucket,B-B | 1,602,70,11.63,60200,47530,-12670,78.95,679.0,17.68,78.75,445.55,0.2,-6.05,233.45,mixed_edge
1-3,target_class_group,B,6697,838,12.51,669700,528690,-141010,78.94,630.89,15.42,76.45,495.64,2.49,-2.91,135.25,mixed_edge
1-3,target_lane x target_class_group,3 | B,6697,838,12.51,669700,528690,-141010,78.94,630.89,15.42,76.45,495.64,2.49,-2.91,135.25,mixed_edge
1-5,lane1_target_start_gap_pair x target_outer_pressure_bucket,best->0.06 | some_other_pressure,236,31,13.14,23600,18630,-4970,78.94,600.97,6.4,77.77,1215.84,1.17,6.74,-614.87,mixed_edge
1-5,other_group_pattern,B-B-A-B,828,55,6.64,82800,65330,-17470,78.9,1187.82,6.4,77.77,1215.84,1.13,0.24,-28.02,mixed_edge
1-2,lane1_target_national_rank_pair,2-3,629,131,20.83,62900,49620,-13280,78.89,378.78,17.68,78.75,445.55,0.14,3.15,-66.77,mixed_edge
1-2,target_lane x lane1_target_national_rank_pair,2 | 2-3,629,131,20.83,62900,49620,-13280,78.89,378.78,17.68,78.75,445.55,0.14,3.15,-66.77,mixed_edge
1-3,target_class,B1,6228,788,12.65,622800,491290,-131510,78.88,623.46,15.42,76.45,495.64,2.43,-2.77,127.82,mixed_edge
1-5,lane1_target_group_pair x target_outer_pressure_bucket,A-B | some_other_pressure,251,24,9.56,25100,19800,-5300,78.88,825.0,6.4,77.77,1215.84,1.11,3.16,-390.84,mixed_edge
1-4,lane1_exhibition_rank_bucket,1,4142,485,11.71,414200,326640,-87560,78.86,673.48,10.2,75.25,737.84,3.61,1.51,-64.36,mixed_edge
1-2,other_b2_count_bucket,1,3328,570,17.13,332800,262400,-70400,78.85,460.35,17.68,78.75,445.55,0.1,-0.55,14.8,mixed_edge
1-5,stadium_code,17,552,35,6.34,55200,43500,-11700,78.8,1242.86,6.4,77.77,1215.84,1.03,-0.06,27.02,mixed_edge
1-5,stadium_code x target_lane,17 | 5,552,35,6.34,55200,43500,-11700,78.8,1242.86,6.4,77.77,1215.84,1.03,-0.06,27.02,mixed_edge
1-2,target_lane,2,13414,2371,17.68,1341400,1056390,-285010,78.75,445.55,17.68,78.75,445.55,0.0,0.0,0.0,mixed_edge
1-2,target_lane_zone,inner_2_3,13414,2371,17.68,1341400,1056390,-285010,78.75,445.55,17.68,78.75,445.55,0.0,0.0,0.0,mixed_edge
1-3,lane1_boat_rank_bucket,4+,6483,1002,15.46,648300,510470,-137830,78.74,509.45,15.42,76.45,495.64,2.29,0.04,13.81,mixed_edge
1-2,race_no_bucket,4-6R,3360,520,15.48,336000,264580,-71420,78.74,508.81,17.68,78.75,445.55,-0.01,-2.2,63.26,mixed_edge
1-2,race_no_bucket x target_lane,4-6R | 2,3360,520,15.48,336000,264580,-71420,78.74,508.81,17.68,78.75,445.55,-0.01,-2.2,63.26,mixed_edge
1-4,lane1_target_national_rank_pair,3-1,478,88,18.41,47800,37640,-10160,78.74,427.73,10.2,75.25,737.84,3.49,8.21,-310.11,mixed_edge
1-4,target_lane x lane1_target_national_rank_pair,4 | 3-1,478,88,18.41,47800,37640,-10160,78.74,427.73,10.2,75.25,737.84,3.49,8.21,-310.11,mixed_edge
1-2,lane1_target_group_pair,A-A,4204,1070,25.45,420400,330950,-89450,78.72,309.3,17.68,78.75,445.55,-0.03,7.77,-136.25,mixed_edge
1-6,target_class_group x target_outer_pressure_bucket,A | low_other_pressure,693,74,10.68,69300,54540,-14760,78.7,737.03,3.94,69.07,1754.72,9.63,6.74,-1017.69,mixed_edge
1-2,lane1_target_local_win_diff_bucket,lane1_plus_1.00+,4761,839,17.62,476100,374650,-101450,78.69,446.54,17.68,78.75,445.55,-0.06,-0.06,0.99,mixed_edge
1-3,lane1_exhibition_rank_bucket,1,4142,743,17.94,414200,325920,-88280,78.69,438.65,15.42,76.45,495.64,2.24,2.52,-56.99,mixed_edge
1-6,target_class,A1,3251,240,7.38,325100,255830,-69270,78.69,1065.96,3.94,69.07,1754.72,9.62,3.44,-688.76,mixed_edge
1-4,lane1_target_group_pair x other_a_count_bucket,B-A | 0,130,21,16.15,13000,10230,-2770,78.69,487.14,10.2,75.25,737.84,3.44,5.95,-250.7,mixed_edge
1-4,lane1_target_national_rank_pair,4+-2,989,88,8.9,98900,77800,-21100,78.67,884.09,10.2,75.25,737.84,3.42,-1.3,146.25,mixed_edge
1-4,target_lane x lane1_target_national_rank_pair,4 | 4+-2,989,88,8.9,98900,77800,-21100,78.67,884.09,10.2,75.25,737.84,3.42,-1.3,146.25,mixed_edge
1-2,stadium_code,09,672,132,19.64,67200,52850,-14350,78.65,400.38,17.68,78.75,445.55,-0.1,1.96,-45.17,mixed_edge
1-2,stadium_code x target_lane,09 | 2,672,132,19.64,67200,52850,-14350,78.65,400.38,17.68,78.75,445.55,-0.1,1.96,-45.17,mixed_edge
1-3,target_national_win_rank_bucket,2,2296,441,19.21,229600,180550,-49050,78.64,409.41,15.42,76.45,495.64,2.19,3.79,-86.23,mixed_edge
1-3,lane1_target_national_rank_pair,1-3,744,189,25.4,74400,58510,-15890,78.64,309.58,15.42,76.45,495.64,2.19,9.98,-186.06,mixed_edge
1-3,target_lane x lane1_target_national_rank_pair,3 | 1-3,744,189,25.4,74400,58510,-15890,78.64,309.58,15.42,76.45,495.64,2.19,9.98,-186.06,mixed_edge
1-4,stadium_code,06,683,73,10.69,68300,53700,-14600,78.62,735.62,10.2,75.25,737.84,3.37,0.49,-2.22,mixed_edge
1-4,stadium_code x target_lane,06 | 4,683,73,10.69,68300,53700,-14600,78.62,735.62,10.2,75.25,737.84,3.37,0.49,-2.22,mixed_edge
1-4,lane1_target_national_rank_pair x target_outer_pressure_bucket,1-2 | high_other_pressure,384,80,20.83,38400,30180,-8220,78.59,377.25,10.2,75.25,737.84,3.34,10.63,-360.59,mixed_edge
1-2,stadium_code,21,607,109,17.96,60700,47690,-13010,78.57,437.52,17.68,78.75,445.55,-0.18,0.28,-8.03,mixed_edge
1-2,stadium_code x target_lane,21 | 2,607,109,17.96,60700,47690,-13010,78.57,437.52,17.68,78.75,445.55,-0.18,0.28,-8.03,mixed_edge
1-3,target_exhibition_rank_bucket x other_exhibition_faster_than_target_count_bucket,4+ | 2,2048,343,16.75,204800,160890,-43910,78.56,469.07,15.42,76.45,495.64,2.11,1.33,-26.57,mixed_edge
1-2,lane1_target_start_gap_pair,0.04-0.06-best,470,91,19.36,47000,36920,-10080,78.55,405.71,17.68,78.75,445.55,-0.2,1.68,-39.84,mixed_edge
1-2,target_lane x lane1_target_start_gap_pair,2 | 0.04-0.06-best,470,91,19.36,47000,36920,-10080,78.55,405.71,17.68,78.75,445.55,-0.2,1.68,-39.84,mixed_edge
1-2,lane1_start_exhibition_gap_bucket x target_start_exhibition_gap_bucket,0.04-0.06 | best,470,91,19.36,47000,36920,-10080,78.55,405.71,17.68,78.75,445.55,-0.2,1.68,-39.84,mixed_edge
1-5,target_local_win_rank_bucket,4+,7349,322,4.38,734900,577060,-157840,78.52,1792.11,6.4,77.77,1215.84,0.75,-2.02,576.27,mixed_edge
1-3,lane1_target_boat_place_diff_bucket,near_equal,4740,740,15.61,474000,372170,-101830,78.52,502.93,15.42,76.45,495.64,2.07,0.19,7.29,mixed_edge
1-2,grade_group,一般,13138,2317,17.64,1313800,1031480,-282320,78.51,445.18,17.68,78.75,445.55,-0.24,-0.04,-0.37,mixed_edge
1-5,stadium_code,19,528,41,7.77,52800,41450,-11350,78.5,1010.98,6.4,77.77,1215.84,0.73,1.37,-204.86,mixed_edge
1-5,stadium_code x target_lane,19 | 5,528,41,7.77,52800,41450,-11350,78.5,1010.98,6.4,77.77,1215.84,0.73,1.37,-204.86,mixed_edge
1-4,target_local_win_rank_bucket,2,2062,265,12.85,206200,161820,-44380,78.48,610.64,10.2,75.25,737.84,3.23,2.65,-127.2,mixed_edge
1-5,lane1_target_boat_place_diff_bucket,lane1_plus_4_10,2304,147,6.38,230400,180790,-49610,78.47,1229.86,6.4,77.77,1215.84,0.7,-0.02,14.02,mixed_edge
1-5,lane1_target_national_rank_pair x target_outer_pressure_bucket,3-2 | high_other_pressure,232,18,7.76,23200,18200,-5000,78.45,1011.11,6.4,77.77,1215.84,0.68,1.36,-204.73,mixed_edge
1-3,lane1_target_group_pair,A-B,3869,574,14.84,386900,303470,-83430,78.44,528.69,15.42,76.45,495.64,1.99,-0.58,33.05,mixed_edge
1-5,target_national_win_rank_bucket,1,1882,234,12.43,188200,147570,-40630,78.41,630.64,6.4,77.77,1215.84,0.64,6.03,-585.2,mixed_edge
1-5,target_national_win_rank_bucket x other_national_better_than_target_count_bucket,1 | 0,1882,234,12.43,188200,147570,-40630,78.41,630.64,6.4,77.77,1215.84,0.64,6.03,-585.2,mixed_edge
1-5,lane1_class_group,B,5176,249,4.81,517600,405820,-111780,78.4,1629.8,6.4,77.77,1215.84,0.63,-1.59,413.96,mixed_edge
1-5,lane1_target_national_rank_pair,4+-4+,2151,58,2.7,215100,168610,-46490,78.39,2907.07,6.4,77.77,1215.84,0.62,-3.7,1691.23,mixed_edge
1-5,target_lane x lane1_target_national_rank_pair,5 | 4+-4+,2151,58,2.7,215100,168610,-46490,78.39,2907.07,6.4,77.77,1215.84,0.62,-3.7,1691.23,mixed_edge
1-5,lane1_target_national_rank_pair x target_outer_pressure_bucket,4+-4+ | high_other_pressure,2151,58,2.7,215100,168610,-46490,78.39,2907.07,6.4,77.77,1215.84,0.62,-3.7,1691.23,mixed_edge
1-3,race_no_bucket,1-3R,3359,490,14.59,335900,263230,-72670,78.37,537.2,15.42,76.45,495.64,1.92,-0.83,41.56,mixed_edge
1-3,race_no_bucket x target_lane,1-3R | 3,3359,490,14.59,335900,263230,-72670,78.37,537.2,15.42,76.45,495.64,1.92,-0.83,41.56,mixed_edge
1-2,lane1_target_motor_place_diff_bucket,target_plus_4_10,2213,394,17.8,221300,173440,-47860,78.37,440.2,17.68,78.75,445.55,-0.38,0.12,-5.35,mixed_edge
1-5,wind_bucket,3-4,4952,321,6.48,495200,388050,-107150,78.36,1208.88,6.4,77.77,1215.84,0.59,0.08,-6.96,mixed_edge
1-5,target_outer_pressure_bucket,high_other_pressure,11084,599,5.4,1108400,868250,-240150,78.33,1449.5,6.4,77.77,1215.84,0.56,-1.0,233.66,mixed_edge
1-5,target_lane x target_outer_pressure_bucket,5 | high_other_pressure,11084,599,5.4,1108400,868250,-240150,78.33,1449.5,6.4,77.77,1215.84,0.56,-1.0,233.66,mixed_edge
1-4,other_st_faster_than_target_count_bucket,2,3209,326,10.16,320900,251360,-69540,78.33,771.04,10.2,75.25,737.84,3.08,-0.04,33.2,mixed_edge
1-3,other_national_better_than_target_count_bucket,1,2902,525,18.09,290200,227320,-62880,78.33,432.99,15.42,76.45,495.64,1.88,2.67,-62.65,mixed_edge
1-3,lane1_target_national_rank_pair x target_outer_pressure_bucket,4+-2 | some_other_pressure,490,66,13.47,49000,38380,-10620,78.33,581.52,15.42,76.45,495.64,1.88,-1.95,85.88,mixed_edge
1-4,grade_group,G1,204,20,9.8,20400,15980,-4420,78.33,799.0,10.2,75.25,737.84,3.08,-0.4,61.16,mixed_edge
1-2,lane1_exhibition_rank_bucket,3,2234,358,16.03,223400,174930,-48470,78.3,488.63,17.68,78.75,445.55,-0.45,-1.65,43.08,mixed_edge
1-3,lane1_national_win_rank_bucket,2,2688,473,17.6,268800,210450,-58350,78.29,444.93,15.42,76.45,495.64,1.84,2.18,-50.71,mixed_edge
1-6,lane1_target_start_gap_pair x target_outer_pressure_bucket,0.04-0.06-best | some_other_pressure,75,6,8.0,7500,5870,-1630,78.27,978.33,3.94,69.07,1754.72,9.2,4.06,-776.39,mixed_edge
1-3,lane1_boat_rank_bucket,3,2283,373,16.34,228300,178670,-49630,78.26,479.01,15.42,76.45,495.64,1.81,0.92,-16.63,mixed_edge
1-5,wave_bucket,0-4,12096,777,6.42,1209600,946550,-263050,78.25,1218.21,6.4,77.77,1215.84,0.48,0.02,2.37,mixed_edge
1-4,lane1_national_win_rank_bucket,4+,5012,359,7.16,501200,392180,-109020,78.25,1092.42,10.2,75.25,737.84,3.0,-3.04,354.58,mixed_edge
1-6,target_class_group x target_outer_pressure_bucket,A | some_other_pressure,1263,94,7.44,126300,98800,-27500,78.23,1051.06,3.94,69.07,1754.72,9.16,3.5,-703.66,mixed_edge
1-5,other_national_better_than_target_count_bucket,2,2526,138,5.46,252600,197560,-55040,78.21,1431.59,6.4,77.77,1215.84,0.44,-0.94,215.75,mixed_edge
1-5,lane1_local_win_rank_bucket,2,2708,187,6.91,270800,211760,-59040,78.2,1132.41,6.4,77.77,1215.84,0.43,0.51,-83.43,mixed_edge
1-3,target_national_win_rank_bucket,4+,6645,812,12.22,664500,519430,-145070,78.17,639.69,15.42,76.45,495.64,1.72,-3.2,144.05,mixed_edge
1-6,lane1_target_group_pair,A-A,4273,275,6.44,427300,334030,-93270,78.17,1214.65,3.94,69.07,1754.72,9.1,2.5,-540.07,mixed_edge
1-2,target_exhibition_rank_bucket,4+,5910,977,16.53,591000,461910,-129090,78.16,472.78,17.68,78.75,445.55,-0.59,-1.15,27.23,mixed_edge
1-3,lane1_target_motor_place_diff_bucket,lane1_plus_10+,2336,357,15.28,233600,182560,-51040,78.15,511.37,15.42,76.45,495.64,1.7,-0.14,15.73,mixed_edge
1-4,meeting_phase_bucket,day3-4,4847,497,10.25,484700,378680,-106020,78.13,761.93,10.2,75.25,737.84,2.88,0.05,24.09,mixed_edge
1-4,meeting_phase_bucket x target_lane,day3-4 | 4,4847,497,10.25,484700,378680,-106020,78.13,761.93,10.2,75.25,737.84,2.88,0.05,24.09,mixed_edge
1-4,lane1_motor_rank_bucket,3,2197,230,10.47,219700,171620,-48080,78.12,746.17,10.2,75.25,737.84,2.87,0.27,8.33,mixed_edge
1-4,lane1_target_group_pair,B-A,2122,202,9.52,212200,165740,-46460,78.11,820.5,10.2,75.25,737.84,2.86,-0.68,82.66,mixed_edge
1-5,lane1_target_group_pair x target_outer_pressure_bucket,B-A | some_other_pressure,491,37,7.54,49100,38330,-10770,78.07,1035.95,6.4,77.77,1215.84,0.3,1.14,-179.89,mixed_edge
1-2,lane1_target_group_pair x target_outer_pressure_bucket,A-A | high_other_pressure,2747,639,23.26,274700,214420,-60280,78.06,335.56,17.68,78.75,445.55,-0.69,5.58,-109.99,mixed_edge
1-6,other_exhibition_faster_than_target_count_bucket,2,2529,101,3.99,252900,197320,-55580,78.02,1953.66,3.94,69.07,1754.72,8.95,0.05,198.94,mixed_edge
1-4,other_group_pattern,A-A-B-A,693,46,6.64,69300,54070,-15230,78.02,1175.43,10.2,75.25,737.84,2.77,-3.56,437.59,mixed_edge
1-6,lane1_target_start_gap_pair,<=0.03-<=0.03,612,31,5.07,61200,47750,-13450,78.02,1540.32,3.94,69.07,1754.72,8.95,1.13,-214.4,mixed_edge
1-6,target_lane x lane1_target_start_gap_pair,6 | <=0.03-<=0.03,612,31,5.07,61200,47750,-13450,78.02,1540.32,3.94,69.07,1754.72,8.95,1.13,-214.4,mixed_edge
1-6,lane1_start_exhibition_gap_bucket x target_start_exhibition_gap_bucket,<=0.03 | <=0.03,612,31,5.07,61200,47750,-13450,78.02,1540.32,3.94,69.07,1754.72,8.95,1.13,-214.4,mixed_edge
1-2,other_b2_count_bucket,0,9638,1704,17.68,963800,751870,-211930,78.01,441.24,17.68,78.75,445.55,-0.74,0.0,-4.31,mixed_edge
1-2,lane1_target_national_rank_pair,4+-1,1088,171,15.72,108800,84850,-23950,77.99,496.2,17.68,78.75,445.55,-0.76,-1.96,50.65,mixed_edge
1-2,target_lane x lane1_target_national_rank_pair,2 | 4+-1,1088,171,15.72,108800,84850,-23950,77.99,496.2,17.68,78.75,445.55,-0.76,-1.96,50.65,mixed_edge
1-5,grade_group,一般,13138,843,6.42,1313800,1024260,-289540,77.96,1215.02,6.4,77.77,1215.84,0.19,0.02,-0.82,mixed_edge
1-6,target_exhibition_st_rank_bucket,3,1595,72,4.51,159500,124310,-35190,77.94,1726.53,3.94,69.07,1754.72,8.87,0.57,-28.19,mixed_edge
1-6,target_lane x target_exhibition_st_rank_bucket,6 | 3,1595,72,4.51,159500,124310,-35190,77.94,1726.53,3.94,69.07,1754.72,8.87,0.57,-28.19,mixed_edge
1-3,meeting_phase_bucket,day5+,3718,622,16.73,371800,289700,-82100,77.92,465.76,15.42,76.45,495.64,1.47,1.31,-29.88,mixed_edge
1-3,meeting_phase_bucket x target_lane,day5+ | 3,3718,622,16.73,371800,289700,-82100,77.92,465.76,15.42,76.45,495.64,1.47,1.31,-29.88,mixed_edge
1-5,target_exhibition_rank_bucket,4+,7738,448,5.79,773800,602660,-171140,77.88,1345.22,6.4,77.77,1215.84,0.11,-0.61,129.38,mixed_edge
1-2,lane1_target_group_pair x target_outer_pressure_bucket,A-A | some_other_pressure,936,254,27.14,93600,72880,-20720,77.86,286.93,17.68,78.75,445.55,-0.89,9.46,-158.62,mixed_edge
1-4,lane1_start_exhibition_gap_bucket,0.04-0.06,2499,259,10.36,249900,194520,-55380,77.84,751.04,10.2,75.25,737.84,2.59,0.16,13.2,mixed_edge
1-4,lane1_target_group_pair x other_a_count_bucket,A-B | 2,1351,98,7.25,135100,105160,-29940,77.84,1073.06,10.2,75.25,737.84,2.59,-2.95,335.22,mixed_edge
1-2,lane1_target_boat_place_diff_bucket,lane1_plus_10+,2005,353,17.61,200500,156020,-44480,77.82,441.98,17.68,78.75,445.55,-0.93,-0.07,-3.57,mixed_edge
1-2,target_motor_rank_bucket,2,2466,436,17.68,246600,191880,-54720,77.81,440.09,17.68,78.75,445.55,-0.94,0.0,-5.46,mixed_edge
1-2,lane1_exhibition_rank_bucket,1,4142,831,20.06,414200,322200,-92000,77.79,387.73,17.68,78.75,445.55,-0.96,2.38,-57.82,mixed_edge
1-2,target_boat_rank_bucket,1,2267,408,18.0,226700,176350,-50350,77.79,432.23,17.68,78.75,445.55,-0.96,0.32,-13.32,mixed_edge
1-6,lane1_target_start_gap_pair x target_outer_pressure_bucket,>0.06-<=0.03 | some_other_pressure,81,3,3.7,8100,6300,-1800,77.78,2100.0,3.94,69.07,1754.72,8.71,-0.24,345.28,mixed_edge
1-5,target_lane,5,13414,858,6.4,1341400,1043190,-298210,77.77,1215.84,6.4,77.77,1215.84,0.0,0.0,0.0,mixed_edge
1-5,target_lane_zone,outer_5_6,13414,858,6.4,1341400,1043190,-298210,77.77,1215.84,6.4,77.77,1215.84,0.0,0.0,0.0,mixed_edge
1-4,target_local_win_rank_bucket,1,2086,324,15.53,208600,162210,-46390,77.76,500.65,10.2,75.25,737.84,2.51,5.33,-237.19,mixed_edge
1-2,lane1_local_win_rank_bucket,1,3198,723,22.61,319800,248610,-71190,77.74,343.86,17.68,78.75,445.55,-1.01,4.93,-101.69,mixed_edge
1-3,lane1_exhibition_rank_bucket,4+,3872,516,13.33,387200,300860,-86340,77.7,583.06,15.42,76.45,495.64,1.25,-2.09,87.42,mixed_edge
1-4,target_exhibition_st_rank_bucket,1,2197,241,10.97,219700,170690,-49010,77.69,708.26,10.2,75.25,737.84,2.44,0.77,-29.58,mixed_edge
1-4,target_lane x target_exhibition_st_rank_bucket,4 | 1,2197,241,10.97,219700,170690,-49010,77.69,708.26,10.2,75.25,737.84,2.44,0.77,-29.58,mixed_edge
1-4,target_exhibition_st_rank_bucket x other_st_faster_than_target_count_bucket,1 | 0,2197,241,10.97,219700,170690,-49010,77.69,708.26,10.2,75.25,737.84,2.44,0.77,-29.58,mixed_edge
1-4,lane1_target_exhibition_time_diff_bucket,near_equal,6437,692,10.75,643700,499990,-143710,77.67,722.53,10.2,75.25,737.84,2.42,0.55,-15.31,mixed_edge
1-2,lane1_exhibition_st_rank_bucket,3,1845,298,16.15,184500,143290,-41210,77.66,480.84,17.68,78.75,445.55,-1.09,-1.53,35.29,mixed_edge
1-3,other_group_pattern,A-B-B-B,661,99,14.98,66100,51320,-14780,77.64,518.38,15.42,76.45,495.64,1.19,-0.44,22.74,mixed_edge
1-2,target_national_win_rank_bucket,3,2472,474,19.17,247200,191880,-55320,77.62,404.81,17.68,78.75,445.55,-1.13,1.49,-40.74,mixed_edge
1-4,lane1_target_group_pair x other_a_count_bucket,A-A | 4,1460,188,12.88,146000,113330,-32670,77.62,602.82,10.2,75.25,737.84,2.37,2.68,-135.02,mixed_edge
1-2,wind_bucket,3-4,4952,837,16.9,495200,384140,-111060,77.57,458.95,17.68,78.75,445.55,-1.18,-0.78,13.4,mixed_edge
1-2,lane1_target_national_rank_pair x target_outer_pressure_bucket,2-1 | high_other_pressure,236,70,29.66,23600,18300,-5300,77.54,261.43,17.68,78.75,445.55,-1.21,11.98,-184.12,mixed_edge
1-6,lane1_start_exhibition_gap_bucket,<=0.03,3060,128,4.18,306000,237210,-68790,77.52,1853.2,3.94,69.07,1754.72,8.45,0.24,98.48,mixed_edge
1-5,lane1_target_national_rank_pair x target_outer_pressure_bucket,2-3 | some_other_pressure,197,17,8.63,19700,15270,-4430,77.51,898.24,6.4,77.77,1215.84,-0.26,2.23,-317.6,mixed_edge
1-2,stadium_code,12,671,119,17.73,67100,52000,-15100,77.5,436.97,17.68,78.75,445.55,-1.25,0.05,-8.58,mixed_edge
1-2,stadium_code x target_lane,12 | 2,671,119,17.73,67100,52000,-15100,77.5,436.97,17.68,78.75,445.55,-1.25,0.05,-8.58,mixed_edge
1-5,other_a_count_bucket,2,4397,249,5.66,439700,340680,-99020,77.48,1368.19,6.4,77.77,1215.84,-0.29,-0.74,152.35,mixed_edge
1-5,target_lane x other_a_count_bucket,5 | 2,4397,249,5.66,439700,340680,-99020,77.48,1368.19,6.4,77.77,1215.84,-0.29,-0.74,152.35,mixed_edge
1-2,lane1_target_group_pair x other_a_count_bucket,B-A | 3,325,31,9.54,32500,25180,-7320,77.48,812.26,17.68,78.75,445.55,-1.27,-8.14,366.71,mixed_edge
1-4,lane1_national_win_rank_bucket,1,3364,479,14.24,336400,260610,-75790,77.47,544.07,10.2,75.25,737.84,2.22,4.04,-193.77,mixed_edge
1-3,lane1_target_group_pair x other_a_count_bucket,A-A | 0,300,99,33.0,30000,23240,-6760,77.47,234.75,15.42,76.45,495.64,1.02,17.58,-260.89,mixed_edge
1-4,other_exhibition_faster_than_target_count_bucket,0,3073,376,12.24,307300,238000,-69300,77.45,632.98,10.2,75.25,737.84,2.2,2.04,-104.86,mixed_edge
1-3,other_group_pattern,B-A-B-A,745,102,13.69,74500,57700,-16800,77.45,565.69,15.42,76.45,495.64,1.0,-1.73,70.05,mixed_edge
1-4,lane1_exhibition_st_rank_bucket,2,2263,245,10.83,226300,175240,-51060,77.44,715.27,10.2,75.25,737.84,2.19,0.63,-22.57,mixed_edge
1-4,lane1_target_class_pair,B1-A2,1210,100,8.26,121000,93700,-27300,77.44,937.0,10.2,75.25,737.84,2.19,-1.94,199.16,mixed_edge
1-3,lane1_target_group_pair x target_outer_pressure_bucket,A-B | high_other_pressure,3513,485,13.81,351300,271980,-79320,77.42,560.78,15.42,76.45,495.64,0.97,-1.61,65.14,mixed_edge
1-2,other_national_better_than_target_count_bucket,2,2929,475,16.22,292900,226730,-66170,77.41,477.33,17.68,78.75,445.55,-1.34,-1.46,31.78,mixed_edge
1-3,lane1_target_boat_place_diff_bucket,target_plus_4_10,2323,368,15.84,232300,179780,-52520,77.39,488.53,15.42,76.45,495.64,0.94,0.42,-7.11,mixed_edge
1-3,lane1_exhibition_rank_bucket,3,2234,346,15.49,223400,172880,-50520,77.39,499.65,15.42,76.45,495.64,0.94,0.07,4.01,mixed_edge
1-2,lane1_target_national_rank_pair,2-1,515,157,30.49,51500,39850,-11650,77.38,253.82,17.68,78.75,445.55,-1.37,12.81,-191.73,mixed_edge
1-2,target_lane x lane1_target_national_rank_pair,2 | 2-1,515,157,30.49,51500,39850,-11650,77.38,253.82,17.68,78.75,445.55,-1.37,12.81,-191.73,mixed_edge
1-5,lane1_class_group,A,8238,609,7.39,823800,637370,-186430,77.37,1046.58,6.4,77.77,1215.84,-0.4,0.99,-169.26,mixed_edge
1-3,target_exhibition_rank_bucket,4+,6874,1001,14.56,687400,531850,-155550,77.37,531.32,15.42,76.45,495.64,0.92,-0.86,35.68,mixed_edge
1-3,target_motor_rank_bucket,1,2194,356,16.23,219400,169740,-49660,77.37,476.8,15.42,76.45,495.64,0.92,0.81,-18.84,mixed_edge
1-5,target_boat_rank_bucket,2,2197,144,6.55,219700,169960,-49740,77.36,1180.28,6.4,77.77,1215.84,-0.41,0.15,-35.56,mixed_edge
1-3,lane1_class,B1,4861,508,10.45,486100,375980,-110120,77.35,740.12,15.42,76.45,495.64,0.9,-4.97,244.48,mixed_edge
1-2,stadium_code,03,586,84,14.33,58600,45310,-13290,77.32,539.4,17.68,78.75,445.55,-1.43,-3.35,93.85,mixed_edge
1-2,stadium_code x target_lane,03 | 2,586,84,14.33,58600,45310,-13290,77.32,539.4,17.68,78.75,445.55,-1.43,-3.35,93.85,mixed_edge
1-2,stadium_code,19,528,101,19.13,52800,40820,-11980,77.31,404.16,17.68,78.75,445.55,-1.44,1.45,-41.39,mixed_edge
1-2,stadium_code x target_lane,19 | 2,528,101,19.13,52800,40820,-11980,77.31,404.16,17.68,78.75,445.55,-1.44,1.45,-41.39,mixed_edge
1-2,lane1_boat_rank_bucket,4+,6483,1131,17.45,648300,501150,-147150,77.3,443.1,17.68,78.75,445.55,-1.45,-0.23,-2.45,mixed_edge
1-4,lane1_target_motor_place_diff_bucket,lane1_plus_4_10,2266,241,10.64,226600,175140,-51460,77.29,726.72,10.2,75.25,737.84,2.04,0.44,-11.12,mixed_edge
1-4,lane1_exhibition_rank_bucket,3,2234,216,9.67,223400,172660,-50740,77.29,799.35,10.2,75.25,737.84,2.04,-0.53,61.51,mixed_edge
1-3,lane1_target_national_rank_pair,3-2,532,104,19.55,53200,41120,-12080,77.29,395.38,15.42,76.45,495.64,0.84,4.13,-100.26,mixed_edge
1-3,target_lane x lane1_target_national_rank_pair,3 | 3-2,532,104,19.55,53200,41120,-12080,77.29,395.38,15.42,76.45,495.64,0.84,4.13,-100.26,mixed_edge
1-2,lane1_national_win_rank_bucket,2,2688,513,19.08,268800,207690,-61110,77.27,404.85,17.68,78.75,445.55,-1.48,1.4,-40.7,mixed_edge
1-4,stadium_code,05,576,63,10.94,57600,44480,-13120,77.22,706.03,10.2,75.25,737.84,1.97,0.74,-31.81,mixed_edge
1-4,stadium_code x target_lane,05 | 4,576,63,10.94,57600,44480,-13120,77.22,706.03,10.2,75.25,737.84,1.97,0.74,-31.81,mixed_edge
1-2,lane1_target_motor_place_diff_bucket,near_equal,4288,720,16.79,428800,331030,-97770,77.2,459.76,17.68,78.75,445.55,-1.55,-0.89,14.21,mixed_edge
1-4,target_boat_rank_bucket,4+,6837,718,10.5,683700,527650,-156050,77.18,734.89,10.2,75.25,737.84,1.93,0.3,-2.95,mixed_edge
1-3,lane1_target_exhibition_time_diff_bucket,near_equal,6530,1069,16.37,653000,503990,-149010,77.18,471.46,15.42,76.45,495.64,0.73,0.95,-24.18,mixed_edge
1-3,lane1_class,A2,3681,615,16.71,368100,284020,-84080,77.16,461.82,15.42,76.45,495.64,0.71,1.29,-33.82,mixed_edge
1-3,stadium_code,10,546,78,14.29,54600,42110,-12490,77.12,539.87,15.42,76.45,495.64,0.67,-1.13,44.23,mixed_edge
1-3,stadium_code x target_lane,10 | 3,546,78,14.29,54600,42110,-12490,77.12,539.87,15.42,76.45,495.64,0.67,-1.13,44.23,mixed_edge
1-2,lane1_target_national_rank_pair,4+-4+,1673,157,9.38,167300,128980,-38320,77.1,821.53,17.68,78.75,445.55,-1.65,-8.3,375.98,mixed_edge
1-2,target_lane x lane1_target_national_rank_pair,2 | 4+-4+,1673,157,9.38,167300,128980,-38320,77.1,821.53,17.68,78.75,445.55,-1.65,-8.3,375.98,mixed_edge
1-2,lane1_target_national_rank_pair x target_outer_pressure_bucket,4+-4+ | high_other_pressure,1673,157,9.38,167300,128980,-38320,77.1,821.53,17.68,78.75,445.55,-1.65,-8.3,375.98,mixed_edge
1-3,meeting_phase_bucket,day1-2,4849,713,14.7,484900,373800,-111100,77.09,524.26,15.42,76.45,495.64,0.64,-0.72,28.62,mixed_edge
1-3,meeting_phase_bucket x target_lane,day1-2 | 3,4849,713,14.7,484900,373800,-111100,77.09,524.26,15.42,76.45,495.64,0.64,-0.72,28.62,mixed_edge
1-5,lane1_target_start_gap_pair,best->0.06,2229,142,6.37,222900,171830,-51070,77.09,1210.07,6.4,77.77,1215.84,-0.68,-0.03,-5.77,mixed_edge
1-5,target_lane x lane1_target_start_gap_pair,5 | best->0.06,2229,142,6.37,222900,171830,-51070,77.09,1210.07,6.4,77.77,1215.84,-0.68,-0.03,-5.77,mixed_edge
1-5,lane1_start_exhibition_gap_bucket x target_start_exhibition_gap_bucket,best | >0.06,2229,142,6.37,222900,171830,-51070,77.09,1210.07,6.4,77.77,1215.84,-0.68,-0.03,-5.77,mixed_edge
1-3,other_exhibition_faster_than_target_count_bucket,1,2905,478,16.45,290500,223910,-66590,77.08,468.43,15.42,76.45,495.64,0.63,1.03,-27.21,mixed_edge
1-3,lane1_target_group_pair x other_a_count_bucket,A-B | 3,654,77,11.77,65400,50410,-14990,77.08,654.68,15.42,76.45,495.64,0.63,-3.65,159.04,mixed_edge
1-2,lane1_class_group,A,8238,1734,21.05,823800,634890,-188910,77.07,366.14,17.68,78.75,445.55,-1.68,3.37,-79.41,mixed_edge
1-3,other_national_better_than_target_count_bucket,2,2884,417,14.46,288400,222250,-66150,77.06,532.97,15.42,76.45,495.64,0.61,-0.96,37.33,mixed_edge
1-2,lane1_target_national_rank_pair x target_outer_pressure_bucket,4+-1 | high_other_pressure,436,66,15.14,43600,33600,-10000,77.06,509.09,17.68,78.75,445.55,-1.69,-2.54,63.54,mixed_edge
1-4,stadium_code,04,528,56,10.61,52800,40680,-12120,77.05,726.43,10.2,75.25,737.84,1.8,0.41,-11.41,mixed_edge
1-4,stadium_code x target_lane,04 | 4,528,56,10.61,52800,40680,-12120,77.05,726.43,10.2,75.25,737.84,1.8,0.41,-11.41,mixed_edge
1-3,stadium_code,03,586,80,13.65,58600,45140,-13460,77.03,564.25,15.42,76.45,495.64,0.58,-1.77,68.61,mixed_edge
1-3,stadium_code x target_lane,03 | 3,586,80,13.65,58600,45140,-13460,77.03,564.25,15.42,76.45,495.64,0.58,-1.77,68.61,mixed_edge
1-5,wind_bucket,0-2,6724,430,6.4,672400,517860,-154540,77.02,1204.33,6.4,77.77,1215.84,-0.75,0.0,-11.51,mixed_edge
1-5,other_national_better_than_target_count_bucket,1,2566,201,7.83,256600,197640,-58960,77.02,983.28,6.4,77.77,1215.84,-0.75,1.43,-232.56,mixed_edge
1-2,target_outer_pressure_bucket,high_other_pressure,10209,1607,15.74,1020900,786200,-234700,77.01,489.23,17.68,78.75,445.55,-1.74,-1.94,43.68,mixed_edge
1-2,target_lane x target_outer_pressure_bucket,2 | high_other_pressure,10209,1607,15.74,1020900,786200,-234700,77.01,489.23,17.68,78.75,445.55,-1.74,-1.94,43.68,mixed_edge
1-4,target_exhibition_st_rank_bucket x other_st_faster_than_target_count_bucket,2 | 1,1295,122,9.42,129500,99730,-29770,77.01,817.46,10.2,75.25,737.84,1.76,-0.78,79.62,mixed_edge
1-3,lane1_target_exhibition_time_diff_bucket x lane1_target_start_exhibition_st_diff_bucket,target_faster_0.05_0.10 | target_faster_0.03_0.06,207,22,10.63,20700,15940,-4760,77.0,724.55,15.42,76.45,495.64,0.55,-4.79,228.91,mixed_edge
1-6,lane1_target_group_pair x other_a_count_bucket,A-A | 4,1460,55,3.77,146000,112410,-33590,76.99,2043.82,3.94,69.07,1754.72,7.92,-0.17,289.1,mixed_edge
1-5,lane1_target_group_pair x other_a_count_bucket,A-A | 3,539,47,8.72,53900,41490,-12410,76.98,882.77,6.4,77.77,1215.84,-0.79,2.32,-333.07,mixed_edge
1-4,target_class_group,A,6385,875,13.7,638500,491400,-147100,76.96,561.6,10.2,75.25,737.84,1.71,3.5,-176.24,mixed_edge
1-4,target_lane x target_class_group,4 | A,6385,875,13.7,638500,491400,-147100,76.96,561.6,10.2,75.25,737.84,1.71,3.5,-176.24,mixed_edge
1-5,lane1_target_exhibition_time_diff_bucket x lane1_target_start_exhibition_st_diff_bucket,target_faster_0.05_0.10 | lane1_faster_0.06+,347,21,6.05,34700,26700,-8000,76.95,1271.43,6.4,77.77,1215.84,-0.82,-0.35,55.59,mixed_edge
1-3,target_outer_pressure_bucket,high_other_pressure,10590,1472,13.9,1059000,814210,-244790,76.88,553.13,15.42,76.45,495.64,0.43,-1.52,57.49,mixed_edge
1-3,target_lane x target_outer_pressure_bucket,3 | high_other_pressure,10590,1472,13.9,1059000,814210,-244790,76.88,553.13,15.42,76.45,495.64,0.43,-1.52,57.49,mixed_edge
1-3,lane1_target_start_gap_pair,0.04-0.06-<=0.03,653,102,15.62,65300,50200,-15100,76.88,492.16,15.42,76.45,495.64,0.43,0.2,-3.48,mixed_edge
1-3,target_lane x lane1_target_start_gap_pair,3 | 0.04-0.06-<=0.03,653,102,15.62,65300,50200,-15100,76.88,492.16,15.42,76.45,495.64,0.43,0.2,-3.48,mixed_edge
1-3,lane1_start_exhibition_gap_bucket x target_start_exhibition_gap_bucket,0.04-0.06 | <=0.03,653,102,15.62,65300,50200,-15100,76.88,492.16,15.42,76.45,495.64,0.43,0.2,-3.48,mixed_edge
1-4,lane1_target_exhibition_time_diff_bucket x lane1_target_start_exhibition_st_diff_bucket,lane1_faster_0.05_0.10 | lane1_faster_0.03_0.06,473,51,10.78,47300,36350,-10950,76.85,712.75,10.2,75.25,737.84,1.6,0.58,-25.09,mixed_edge
1-3,stadium_code,12,671,109,16.24,67100,51560,-15540,76.84,473.03,15.42,76.45,495.64,0.39,0.82,-22.61,mixed_edge
1-3,stadium_code x target_lane,12 | 3,671,109,16.24,67100,51560,-15540,76.84,473.03,15.42,76.45,495.64,0.39,0.82,-22.61,mixed_edge
1-2,target_local_win_rank_bucket,4+,6465,956,14.79,646500,496620,-149880,76.82,519.48,17.68,78.75,445.55,-1.93,-2.89,73.93,mixed_edge
1-4,month,2025-09,4247,450,10.6,424700,326260,-98440,76.82,725.02,10.2,75.25,737.84,1.57,0.4,-12.82,mixed_edge
1-2,lane1_target_exhibition_time_diff_bucket x lane1_target_start_exhibition_st_diff_bucket,near_equal | lane1_faster_0.06+,1211,202,16.68,121100,93030,-28070,76.82,460.54,17.68,78.75,445.55,-1.93,-1.0,14.99,mixed_edge
1-2,target_national_win_rank_bucket,4+,6410,882,13.76,641000,492350,-148650,76.81,558.22,17.68,78.75,445.55,-1.94,-3.92,112.67,mixed_edge
1-4,wave_bucket,0-4,12096,1267,10.47,1209600,928990,-280610,76.8,733.22,10.2,75.25,737.84,1.55,0.27,-4.62,mixed_edge
1-3,lane1_class_group,B,5176,532,10.28,517600,397510,-120090,76.8,747.2,15.42,76.45,495.64,0.35,-5.14,251.56,mixed_edge
1-5,lane1_target_exhibition_time_diff_bucket x lane1_target_start_exhibition_st_diff_bucket,lane1_faster_0.05_0.10 | lane1_faster_0.06+,907,51,5.62,90700,69660,-21040,76.8,1365.88,6.4,77.77,1215.84,-0.97,-0.78,150.04,mixed_edge
1-4,wind_bucket,3-4,4952,506,10.22,495200,380250,-114950,76.79,751.48,10.2,75.25,737.84,1.54,0.02,13.64,mixed_edge
1-4,target_class_group x target_outer_pressure_bucket,A | high_other_pressure,4344,526,12.11,434400,333580,-100820,76.79,634.18,10.2,75.25,737.84,1.54,1.91,-103.66,mixed_edge
1-5,lane1_target_group_pair x target_outer_pressure_bucket,B-B | high_other_pressure,2904,91,3.13,290400,223010,-67390,76.79,2450.66,6.4,77.77,1215.84,-0.98,-3.27,1234.82,mixed_edge
1-3,lane1_target_group_pair x other_a_count_bucket,A-B | 2,1277,153,11.98,127700,98060,-29640,76.79,640.92,15.42,76.45,495.64,0.34,-3.44,145.28,mixed_edge
1-2,stadium_code,05,576,101,17.53,57600,44220,-13380,76.77,437.82,17.68,78.75,445.55,-1.98,-0.15,-7.73,mixed_edge
1-2,stadium_code x target_lane,05 | 2,576,101,17.53,57600,44220,-13380,76.77,437.82,17.68,78.75,445.55,-1.98,-0.15,-7.73,mixed_edge
1-4,lane1_target_start_exhibition_st_diff_bucket,lane1_faster_0.06+,3248,313,9.64,324800,249240,-75560,76.74,796.29,10.2,75.25,737.84,1.49,-0.56,58.45,mixed_edge
1-2,lane1_target_class_pair,A2-A2,622,135,21.7,62200,47730,-14470,76.74,353.56,17.68,78.75,445.55,-2.01,4.02,-91.99,mixed_edge
1-4,lane1_exhibition_rank_bucket,2,3025,324,10.71,302500,232060,-70440,76.71,716.23,10.2,75.25,737.84,1.46,0.51,-21.61,mixed_edge
1-3,lane1_target_exhibition_time_diff_bucket x lane1_target_start_exhibition_st_diff_bucket,lane1_faster_0.05_0.10 | target_faster_0.03_0.06,383,58,15.14,38300,29380,-8920,76.71,506.55,15.42,76.45,495.64,0.26,-0.28,10.91,mixed_edge
1-6,lane1_target_boat_place_diff_bucket,lane1_plus_4_10,2287,103,4.5,228700,175360,-53340,76.68,1702.52,3.94,69.07,1754.72,7.61,0.56,-52.2,mixed_edge
1-6,lane1_target_group_pair x other_a_count_bucket,A-A | 3,515,21,4.08,51500,39460,-12040,76.62,1879.05,3.94,69.07,1754.72,7.55,0.14,124.33,mixed_edge
1-6,lane1_target_class_pair,A1-A2,1199,59,4.92,119900,91830,-28070,76.59,1556.44,3.94,69.07,1754.72,7.52,0.98,-198.28,mixed_edge
1-2,other_group_pattern,B-B-A-B,721,132,18.31,72100,55220,-16880,76.59,418.33,17.68,78.75,445.55,-2.16,0.63,-27.22,mixed_edge
1-4,other_national_better_than_target_count_bucket,3,2770,185,6.68,277000,212120,-64880,76.58,1146.59,10.2,75.25,737.84,1.33,-3.52,408.75,mixed_edge
1-4,target_national_win_rank_bucket x other_national_better_than_target_count_bucket,4+ | 3,2770,185,6.68,277000,212120,-64880,76.58,1146.59,10.2,75.25,737.84,1.33,-3.52,408.75,mixed_edge
1-3,grade_group,一般,13138,2029,15.44,1313800,1005970,-307830,76.57,495.8,15.42,76.45,495.64,0.12,0.02,0.16,mixed_edge
1-2,lane1_target_national_rank_pair,2-4+,1544,225,14.57,154400,118220,-36180,76.57,525.42,17.68,78.75,445.55,-2.18,-3.11,79.87,mixed_edge
1-2,target_lane x lane1_target_national_rank_pair,2 | 2-4+,1544,225,14.57,154400,118220,-36180,76.57,525.42,17.68,78.75,445.55,-2.18,-3.11,79.87,mixed_edge
1-2,lane1_target_national_rank_pair x target_outer_pressure_bucket,2-4+ | high_other_pressure,1544,225,14.57,154400,118220,-36180,76.57,525.42,17.68,78.75,445.55,-2.18,-3.11,79.87,mixed_edge
1-4,lane1_target_group_pair x other_a_count_bucket,A-A | 2,963,145,15.06,96300,73740,-22560,76.57,508.55,10.2,75.25,737.84,1.32,4.86,-229.29,mixed_edge
1-4,other_a_count_bucket,2,4392,374,8.52,439200,336170,-103030,76.54,898.85,10.2,75.25,737.84,1.29,-1.68,161.01,mixed_edge
1-4,target_lane x other_a_count_bucket,4 | 2,4392,374,8.52,439200,336170,-103030,76.54,898.85,10.2,75.25,737.84,1.29,-1.68,161.01,mixed_edge
1-2,lane1_target_group_pair x target_outer_pressure_bucket,B-B | high_other_pressure,2413,237,9.82,241300,184680,-56620,76.54,779.24,17.68,78.75,445.55,-2.21,-7.86,333.69,mixed_edge
1-2,lane1_motor_rank_bucket,3,2197,386,17.57,219700,168160,-51540,76.54,435.65,17.68,78.75,445.55,-2.21,-0.11,-9.9,mixed_edge
1-3,lane1_local_win_rank_bucket,1,3198,654,20.45,319800,244650,-75150,76.5,374.08,15.42,76.45,495.64,0.05,5.03,-121.56,mixed_edge
1-4,target_class,B1,6222,470,7.55,622200,475890,-146310,76.49,1012.53,10.2,75.25,737.84,1.24,-2.65,274.69,mixed_edge
1-5,lane1_target_start_gap_pair x target_outer_pressure_bucket,best->0.06 | high_other_pressure,1897,96,5.06,189700,145100,-44600,76.49,1511.46,6.4,77.77,1215.84,-1.28,-1.34,295.62,mixed_edge
1-5,lane1_target_national_rank_pair,3-2,436,41,9.4,43600,33350,-10250,76.49,813.41,6.4,77.77,1215.84,-1.28,3.0,-402.43,mixed_edge
1-5,target_lane x lane1_target_national_rank_pair,5 | 3-2,436,41,9.4,43600,33350,-10250,76.49,813.41,6.4,77.77,1215.84,-1.28,3.0,-402.43,mixed_edge
1-4,other_national_better_than_target_count_bucket,1,2591,319,12.31,259100,198130,-60970,76.47,621.1,10.2,75.25,737.84,1.22,2.11,-116.74,mixed_edge
1-3,other_exhibition_faster_than_target_count_bucket,2,2717,434,15.97,271700,207730,-63970,76.46,478.64,15.42,76.45,495.64,0.01,0.55,-17.0,mixed_edge
1-4,target_class_group x target_outer_pressure_bucket,B | low_other_pressure,96,14,14.58,9600,7340,-2260,76.46,524.29,10.2,75.25,737.84,1.21,4.38,-213.55,mixed_edge
1-3,target_lane,3,13414,2069,15.42,1341400,1025480,-315920,76.45,495.64,15.42,76.45,495.64,0.0,0.0,0.0,mixed_edge
1-3,target_lane_zone,inner_2_3,13414,2069,15.42,1341400,1025480,-315920,76.45,495.64,15.42,76.45,495.64,0.0,0.0,0.0,mixed_edge
1-3,wave_bucket,0-4,12096,1878,15.53,1209600,924710,-284890,76.45,492.39,15.42,76.45,495.64,0.0,0.11,-3.25,mixed_edge
1-2,meeting_phase_bucket,day3-4,4847,802,16.55,484700,370570,-114130,76.45,462.06,17.68,78.75,445.55,-2.3,-1.13,16.51,mixed_edge
1-2,meeting_phase_bucket x target_lane,day3-4 | 2,4847,802,16.55,484700,370570,-114130,76.45,462.06,17.68,78.75,445.55,-2.3,-1.13,16.51,mixed_edge
1-4,lane1_local_win_rank_bucket,1,3198,430,13.45,319800,244460,-75340,76.44,568.51,10.2,75.25,737.84,1.19,3.25,-169.33,mixed_edge
1-5,lane1_target_motor_place_diff_bucket,lane1_plus_10+,2351,145,6.17,235100,179710,-55390,76.44,1239.38,6.4,77.77,1215.84,-1.33,-0.23,23.54,mixed_edge
1-2,stadium_code,23,480,93,19.38,48000,36690,-11310,76.44,394.52,17.68,78.75,445.55,-2.31,1.7,-51.03,mixed_edge
1-2,stadium_code x target_lane,23 | 2,480,93,19.38,48000,36690,-11310,76.44,394.52,17.68,78.75,445.55,-2.31,1.7,-51.03,mixed_edge
1-4,lane1_target_motor_place_diff_bucket,near_equal,4368,430,9.84,436800,333710,-103090,76.4,776.07,10.2,75.25,737.84,1.15,-0.36,38.23,mixed_edge
1-5,lane1_target_class_pair,B1-B1,2348,88,3.75,234800,179390,-55410,76.4,2038.52,6.4,77.77,1215.84,-1.37,-2.65,822.68,mixed_edge
1-4,lane1_target_group_pair,A-A,4263,673,15.79,426300,325660,-100640,76.39,483.89,10.2,75.25,737.84,1.14,5.59,-253.95,mixed_edge
1-4,lane1_class,A1,4557,629,13.8,455700,348060,-107640,76.38,553.35,10.2,75.25,737.84,1.13,3.6,-184.49,mixed_edge
1-3,lane1_target_start_exhibition_st_diff_bucket,lane1_faster_0.06+,2375,344,14.48,237500,181350,-56150,76.36,527.18,15.42,76.45,495.64,-0.09,-0.94,31.54,mixed_edge
1-3,month,2025-08,5043,791,15.69,504300,385030,-119270,76.35,486.76,15.42,76.45,495.64,-0.1,0.27,-8.88,mixed_edge
1-3,lane1_target_group_pair x other_a_count_bucket,A-A | 3,587,127,21.64,58700,44810,-13890,76.34,352.83,15.42,76.45,495.64,-0.11,6.22,-142.81,mixed_edge
1-4,lane1_target_exhibition_time_diff_bucket x lane1_target_start_exhibition_st_diff_bucket,target_faster_0.05_0.10 | near_equal,392,48,12.24,39200,29920,-9280,76.33,623.33,10.2,75.25,737.84,1.08,2.04,-114.51,mixed_edge
1-3,other_a_count_bucket,2,4456,569,12.77,445600,340080,-105520,76.32,597.68,15.42,76.45,495.64,-0.13,-2.65,102.04,mixed_edge
1-3,target_lane x other_a_count_bucket,3 | 2,4456,569,12.77,445600,340080,-105520,76.32,597.68,15.42,76.45,495.64,-0.13,-2.65,102.04,mixed_edge
1-3,other_group_pattern,A-B-B-A,845,104,12.31,84500,64480,-20020,76.31,620.0,15.42,76.45,495.64,-0.14,-3.11,124.36,mixed_edge
1-6,stadium_code,03,586,21,3.58,58600,44710,-13890,76.3,2129.05,3.94,69.07,1754.72,7.23,-0.36,374.33,mixed_edge
1-6,stadium_code x target_lane,03 | 6,586,21,3.58,58600,44710,-13890,76.3,2129.05,3.94,69.07,1754.72,7.23,-0.36,374.33,mixed_edge
1-6,lane1_local_win_rank_bucket,4+,5187,168,3.24,518700,395690,-123010,76.28,2355.3,3.94,69.07,1754.72,7.21,-0.7,600.58,mixed_edge
1-4,lane1_class,B1,4861,333,6.85,486100,370730,-115370,76.27,1113.3,10.2,75.25,737.84,1.02,-3.35,375.46,mixed_edge
1-3,lane1_class_group,A,8238,1537,18.66,823800,627970,-195830,76.23,408.57,15.42,76.45,495.64,-0.22,3.24,-87.07,mixed_edge
1-5,target_national_win_rank_bucket,3,2060,143,6.94,206000,157030,-48970,76.23,1098.11,6.4,77.77,1215.84,-1.54,0.54,-117.73,mixed_edge
1-3,lane1_target_national_rank_pair x target_outer_pressure_bucket,1-3 | high_other_pressure,377,90,23.87,37700,28740,-8960,76.23,319.33,15.42,76.45,495.64,-0.22,8.45,-176.31,mixed_edge
1-3,lane1_local_win_rank_bucket,4+,5187,588,11.34,518700,395290,-123410,76.21,672.26,15.42,76.45,495.64,-0.24,-4.08,176.62,mixed_edge
1-4,lane1_class_group,B,5176,347,6.7,517600,394270,-123330,76.17,1136.22,10.2,75.25,737.84,0.92,-3.5,398.38,mixed_edge
1-4,lane1_exhibition_st_rank_bucket,3,1845,182,9.86,184500,140540,-43960,76.17,772.2,10.2,75.25,737.84,0.92,-0.34,34.36,mixed_edge
1-6,lane1_target_group_pair x target_outer_pressure_bucket,A-A | high_other_pressure,3043,155,5.09,304300,231730,-72570,76.15,1495.03,3.94,69.07,1754.72,7.08,1.15,-259.69,mixed_edge
1-3,lane1_target_national_rank_pair x target_outer_pressure_bucket,2-3 | some_other_pressure,273,52,19.05,27300,20790,-6510,76.15,399.81,15.42,76.45,495.64,-0.3,3.63,-95.83,mixed_edge
1-4,lane1_target_class_pair,B1-B1,2484,127,5.11,248400,189130,-59270,76.14,1489.21,10.2,75.25,737.84,0.89,-5.09,751.37,mixed_edge
1-6,other_national_better_than_target_count_bucket,3,2407,57,2.37,240700,183280,-57420,76.14,3215.44,3.94,69.07,1754.72,7.07,-1.57,1460.72,mixed_edge
1-6,target_national_win_rank_bucket x other_national_better_than_target_count_bucket,4+ | 3,2407,57,2.37,240700,183280,-57420,76.14,3215.44,3.94,69.07,1754.72,7.07,-1.57,1460.72,mixed_edge
1-3,lane1_target_start_exhibition_st_diff_bucket,target_faster_0.03_0.06,1823,286,15.69,182300,138810,-43490,76.14,485.35,15.42,76.45,495.64,-0.31,0.27,-10.29,mixed_edge
1-5,lane1_target_group_pair,B-B,3103,106,3.42,310300,236200,-74100,76.12,2228.3,6.4,77.77,1215.84,-1.65,-2.98,1012.46,mixed_edge
1-5,target_local_win_rank_bucket,2,1954,172,8.8,195400,148710,-46690,76.11,864.59,6.4,77.77,1215.84,-1.66,2.4,-351.25,mixed_edge
1-2,lane1_target_class_pair,A1-A1,1676,425,25.36,167600,127520,-40080,76.09,300.05,17.68,78.75,445.55,-2.66,7.68,-145.5,mixed_edge
1-4,lane1_target_exhibition_time_diff_bucket x lane1_target_start_exhibition_st_diff_bucket,near_equal | lane1_faster_0.06+,1520,152,10.0,152000,115600,-36400,76.05,760.53,10.2,75.25,737.84,0.8,-0.2,22.69,mixed_edge
1-3,lane1_target_start_gap_pair x target_outer_pressure_bucket,0.04-0.06-<=0.03 | high_other_pressure,498,64,12.85,49800,37870,-11930,76.04,591.72,15.42,76.45,495.64,-0.41,-2.57,96.08,mixed_edge
1-3,lane1_target_national_rank_pair,2-1,560,161,28.75,56000,42570,-13430,76.02,264.41,15.42,76.45,495.64,-0.43,13.33,-231.23,mixed_edge
1-3,target_lane x lane1_target_national_rank_pair,3 | 2-1,560,161,28.75,56000,42570,-13430,76.02,264.41,15.42,76.45,495.64,-0.43,13.33,-231.23,mixed_edge
1-3,lane1_target_start_gap_pair x target_outer_pressure_bucket,<=0.03-0.04-0.06 | some_other_pressure,93,21,22.58,9300,7070,-2230,76.02,336.67,15.42,76.45,495.64,-0.43,7.16,-158.97,mixed_edge
1-2,lane1_target_class_pair,B1-B1,2295,245,10.68,229500,174450,-55050,76.01,712.04,17.68,78.75,445.55,-2.74,-7.0,266.49,mixed_edge
1-4,wind_bucket,0-2,6724,716,10.65,672400,510950,-161450,75.99,713.62,10.2,75.25,737.84,0.74,0.45,-24.22,mixed_edge
1-5,lane1_target_local_win_diff_bucket,lane1_plus_1.00+,5467,267,4.88,546700,415410,-131290,75.99,1555.84,6.4,77.77,1215.84,-1.78,-1.52,340.0,mixed_edge
1-4,month,2025-08,5043,520,10.31,504300,383160,-121140,75.98,736.85,10.2,75.25,737.84,0.73,0.11,-0.99,mixed_edge
1-2,wave_bucket,5-9,1068,171,16.01,106800,81140,-25660,75.97,474.5,17.68,78.75,445.55,-2.78,-1.67,28.95,mixed_edge
1-4,target_exhibition_st_rank_bucket x other_st_faster_than_target_count_bucket,3 | 0,226,37,16.37,22600,17170,-5430,75.97,464.05,10.2,75.25,737.84,0.72,6.17,-273.79,mixed_edge
1-3,lane1_target_motor_place_diff_bucket,target_plus_10+,2230,345,15.47,223000,169390,-53610,75.96,490.99,15.42,76.45,495.64,-0.49,0.05,-4.65,mixed_edge
1-4,lane1_target_group_pair x target_outer_pressure_bucket,B-B | high_other_pressure,2867,129,4.5,286700,217550,-69150,75.88,1686.43,10.2,75.25,737.84,0.63,-5.7,948.59,mixed_edge
1-5,lane1_target_motor_place_diff_bucket,target_plus_4_10,2272,154,6.78,227200,172400,-54800,75.88,1119.48,6.4,77.77,1215.84,-1.89,0.38,-96.36,mixed_edge
1-3,lane1_target_local_win_diff_bucket,near_equal,2036,334,16.4,203600,154460,-49140,75.86,462.46,15.42,76.45,495.64,-0.59,0.98,-33.18,mixed_edge
1-5,other_exhibition_faster_than_target_count_bucket,0,2871,219,7.63,287100,217770,-69330,75.85,994.38,6.4,77.77,1215.84,-1.92,1.23,-221.46,mixed_edge
1-2,lane1_local_win_rank_bucket,3,2321,395,17.02,232100,176010,-56090,75.83,445.59,17.68,78.75,445.55,-2.92,-0.66,0.04,mixed_edge
1-5,lane1_target_exhibition_time_diff_bucket x lane1_target_start_exhibition_st_diff_bucket,near_equal | lane1_faster_0.03_0.06,966,75,7.76,96600,73240,-23360,75.82,976.53,6.4,77.77,1215.84,-1.95,1.36,-239.31,mixed_edge
1-4,lane1_target_exhibition_time_diff_bucket x lane1_target_start_exhibition_st_diff_bucket,near_equal | target_faster_0.03_0.06,828,85,10.27,82800,62740,-20060,75.77,738.12,10.2,75.25,737.84,0.52,0.07,0.28,mixed_edge
1-4,lane1_motor_rank_bucket,4+,6358,622,9.78,635800,481680,-154120,75.76,774.41,10.2,75.25,737.84,0.51,-0.42,36.57,mixed_edge
1-3,lane1_target_exhibition_time_diff_bucket x lane1_target_start_exhibition_st_diff_bucket,target_faster_0.10+ | near_equal,184,27,14.67,18400,13940,-4460,75.76,516.3,15.42,76.45,495.64,-0.69,-0.75,20.66,mixed_edge
1-2,stadium_code,24,732,145,19.81,73200,55430,-17770,75.72,382.28,17.68,78.75,445.55,-3.03,2.13,-63.27,mixed_edge
1-2,stadium_code x target_lane,24 | 2,732,145,19.81,73200,55430,-17770,75.72,382.28,17.68,78.75,445.55,-3.03,2.13,-63.27,mixed_edge
1-6,target_local_win_rank_bucket,3,1879,84,4.47,187900,142260,-45640,75.71,1693.57,3.94,69.07,1754.72,6.64,0.53,-61.15,mixed_edge
1-3,target_class,A1,3324,694,20.88,332400,251530,-80870,75.67,362.44,15.42,76.45,495.64,-0.78,5.46,-133.2,mixed_edge
1-3,wind_bucket,0-2,6724,1068,15.88,672400,508750,-163650,75.66,476.36,15.42,76.45,495.64,-0.79,0.46,-19.28,mixed_edge
1-3,lane1_target_group_pair x target_outer_pressure_bucket,B-A | some_other_pressure,593,77,12.98,59300,44860,-14440,75.65,582.6,15.42,76.45,495.64,-0.8,-2.44,86.96,mixed_edge
1-2,target_class,B1,6283,896,14.26,628300,475210,-153090,75.63,530.37,17.68,78.75,445.55,-3.12,-3.42,84.82,mixed_edge
1-3,stadium_code,23,480,72,15.0,48000,36290,-11710,75.6,504.03,15.42,76.45,495.64,-0.85,-0.42,8.39,mixed_edge
1-3,stadium_code x target_lane,23 | 3,480,72,15.0,48000,36290,-11710,75.6,504.03,15.42,76.45,495.64,-0.85,-0.42,8.39,mixed_edge
1-4,lane1_boat_rank_bucket,4+,6483,661,10.2,648300,490060,-158240,75.59,741.39,10.2,75.25,737.84,0.34,0.0,3.55,mixed_edge
1-3,target_outer_pressure_bucket,low_other_pressure,789,187,23.7,78900,59640,-19260,75.59,318.93,15.42,76.45,495.64,-0.86,8.28,-176.71,mixed_edge
1-3,target_lane x target_outer_pressure_bucket,3 | low_other_pressure,789,187,23.7,78900,59640,-19260,75.59,318.93,15.42,76.45,495.64,-0.86,8.28,-176.71,mixed_edge
1-6,stadium_code,12,671,30,4.47,67100,50720,-16380,75.59,1690.67,3.94,69.07,1754.72,6.52,0.53,-64.05,mixed_edge
1-6,stadium_code x target_lane,12 | 6,671,30,4.47,67100,50720,-16380,75.59,1690.67,3.94,69.07,1754.72,6.52,0.53,-64.05,mixed_edge
1-4,grade_group,一般,13138,1347,10.25,1313800,992740,-321060,75.56,737.0,10.2,75.25,737.84,0.31,0.05,-0.84,mixed_edge
1-4,lane1_target_class_pair,A1-B1,1623,181,11.15,162300,122630,-39670,75.56,677.51,10.2,75.25,737.84,0.31,0.95,-60.33,mixed_edge
1-5,target_exhibition_rank_bucket,1,1562,131,8.39,156200,118030,-38170,75.56,900.99,6.4,77.77,1215.84,-2.21,1.99,-314.85,mixed_edge
1-5,target_exhibition_rank_bucket x other_exhibition_faster_than_target_count_bucket,1 | 0,1562,131,8.39,156200,118030,-38170,75.56,900.99,6.4,77.77,1215.84,-2.21,1.99,-314.85,mixed_edge
1-5,lane1_motor_rank_bucket,4+,6358,388,6.1,635800,480320,-155480,75.55,1237.94,6.4,77.77,1215.84,-2.22,-0.3,22.1,mixed_edge
1-2,stadium_code,13,179,30,16.76,17900,13520,-4380,75.53,450.67,17.68,78.75,445.55,-3.22,-0.92,5.12,mixed_edge
1-2,stadium_code x target_lane,13 | 2,179,30,16.76,17900,13520,-4380,75.53,450.67,17.68,78.75,445.55,-3.22,-0.92,5.12,mixed_edge
1-2,month,2025-09,4247,699,16.46,424700,320740,-103960,75.52,458.86,17.68,78.75,445.55,-3.23,-1.22,13.31,mixed_edge
1-3,lane1_class,A1,4557,922,20.23,455700,343950,-111750,75.48,373.05,15.42,76.45,495.64,-0.97,4.81,-122.59,mixed_edge
1-2,lane1_boat_rank_bucket,1,2392,404,16.89,239200,180560,-58640,75.48,446.93,17.68,78.75,445.55,-3.27,-0.79,1.38,mixed_edge
1-3,lane1_target_national_rank_pair x target_outer_pressure_bucket,1-2 | high_other_pressure,366,100,27.32,36600,27610,-8990,75.44,276.1,15.42,76.45,495.64,-1.01,11.9,-219.54,mixed_edge
1-4,target_outer_pressure_bucket,high_other_pressure,10874,961,8.84,1087400,819870,-267530,75.4,853.14,10.2,75.25,737.84,0.15,-1.36,115.3,mixed_edge
1-4,target_lane x target_outer_pressure_bucket,4 | high_other_pressure,10874,961,8.84,1087400,819870,-267530,75.4,853.14,10.2,75.25,737.84,0.15,-1.36,115.3,mixed_edge
1-2,target_exhibition_rank_bucket,3,2455,430,17.52,245500,185070,-60430,75.38,430.4,17.68,78.75,445.55,-3.37,-0.16,-15.15,mixed_edge
1-5,month,2025-09,4247,275,6.48,424700,320060,-104640,75.36,1163.85,6.4,77.77,1215.84,-2.41,0.08,-51.99,mixed_edge
1-2,lane1_target_group_pair,A-B,4034,664,16.46,403400,303940,-99460,75.34,457.74,17.68,78.75,445.55,-3.41,-1.22,12.19,mixed_edge
1-5,target_national_win_rank_bucket,4+,7482,292,3.9,748200,563540,-184660,75.32,1929.93,6.4,77.77,1215.84,-2.45,-2.5,714.09,mixed_edge
1-5,lane1_boat_rank_bucket,4+,6483,408,6.29,648300,488320,-159980,75.32,1196.86,6.4,77.77,1215.84,-2.45,-0.11,-18.98,mixed_edge
1-3,lane1_target_boat_place_diff_bucket,lane1_plus_4_10,2346,359,15.3,234600,176610,-57990,75.28,491.95,15.42,76.45,495.64,-1.17,-0.12,-3.69,mixed_edge
1-2,lane1_target_national_win_diff_bucket,lane1_plus_1.00+,4054,670,16.53,405400,305140,-100260,75.27,455.43,17.68,78.75,445.55,-3.48,-1.15,9.88,mixed_edge
1-4,target_lane,4,13414,1368,10.2,1341400,1009360,-332040,75.25,737.84,10.2,75.25,737.84,0.0,0.0,0.0,mixed_edge
1-4,target_lane_zone,center_4,13414,1368,10.2,1341400,1009360,-332040,75.25,737.84,10.2,75.25,737.84,0.0,0.0,0.0,mixed_edge
1-3,other_a_count_bucket,1,3216,526,16.36,321600,241970,-79630,75.24,460.02,15.42,76.45,495.64,-1.21,0.94,-35.62,mixed_edge
1-3,target_lane x other_a_count_bucket,3 | 1,3216,526,16.36,321600,241970,-79630,75.24,460.02,15.42,76.45,495.64,-1.21,0.94,-35.62,mixed_edge
1-2,lane1_target_national_rank_pair x target_outer_pressure_bucket,3-2 | some_other_pressure,277,63,22.74,27700,20840,-6860,75.23,330.79,17.68,78.75,445.55,-3.52,5.06,-114.76,mixed_edge
1-5,target_class,A2,2947,208,7.06,294700,221670,-73030,75.22,1065.72,6.4,77.77,1215.84,-2.55,0.66,-150.12,mixed_edge
1-5,other_exhibition_faster_than_target_count_bucket,4,2514,117,4.65,251400,189090,-62310,75.21,1616.15,6.4,77.77,1215.84,-2.56,-1.75,400.31,mixed_edge
1-5,target_exhibition_rank_bucket x other_exhibition_faster_than_target_count_bucket,4+ | 4,2514,117,4.65,251400,189090,-62310,75.21,1616.15,6.4,77.77,1215.84,-2.56,-1.75,400.31,mixed_edge
1-5,month,2025-08,5043,327,6.48,504300,379190,-125110,75.19,1159.6,6.4,77.77,1215.84,-2.58,0.08,-56.24,mixed_edge
1-4,lane1_target_national_rank_pair x target_outer_pressure_bucket,1-4+ | high_other_pressure,1968,202,10.26,196800,147970,-48830,75.19,732.52,10.2,75.25,737.84,-0.06,0.06,-5.32,mixed_edge
1-2,lane1_target_local_win_diff_bucket,lane1_plus_0.35_1.00,1869,362,19.37,186900,140480,-46420,75.16,388.07,17.68,78.75,445.55,-3.59,1.69,-57.48,mixed_edge
1-4,other_group_pattern,A-A-A-B,714,46,6.44,71400,53660,-17740,75.15,1166.52,10.2,75.25,737.84,-0.1,-3.76,428.68,mixed_edge
1-3,lane1_target_exhibition_time_diff_bucket x lane1_target_start_exhibition_st_diff_bucket,target_faster_0.05_0.10 | near_equal,502,73,14.54,50200,37720,-12480,75.14,516.71,15.42,76.45,495.64,-1.31,-0.88,21.07,mixed_edge
1-4,lane1_target_national_rank_pair,1-4+,1970,202,10.25,197000,147970,-49030,75.11,732.52,10.2,75.25,737.84,-0.14,0.05,-5.32,mixed_edge
1-4,target_lane x lane1_target_national_rank_pair,4 | 1-4+,1970,202,10.25,197000,147970,-49030,75.11,732.52,10.2,75.25,737.84,-0.14,0.05,-5.32,mixed_edge
1-6,lane1_target_national_rank_pair,4+-1,1008,63,6.25,100800,75710,-25090,75.11,1201.75,3.94,69.07,1754.72,6.04,2.31,-552.97,mixed_edge
1-6,target_lane x lane1_target_national_rank_pair,6 | 4+-1,1008,63,6.25,100800,75710,-25090,75.11,1201.75,3.94,69.07,1754.72,6.04,2.31,-552.97,mixed_edge
1-4,other_b2_count_bucket,1,3131,328,10.48,313100,235130,-77970,75.1,716.86,10.2,75.25,737.84,-0.15,0.28,-20.98,mixed_edge
1-5,lane1_target_group_pair x other_a_count_bucket,A-A | 2,965,97,10.05,96500,72470,-24030,75.1,747.11,6.4,77.77,1215.84,-2.67,3.65,-468.73,mixed_edge
1-2,target_class_group,B,6707,935,13.94,670700,503590,-167110,75.08,538.6,17.68,78.75,445.55,-3.67,-3.74,93.05,mixed_edge
1-2,target_lane x target_class_group,2 | B,6707,935,13.94,670700,503590,-167110,75.08,538.6,17.68,78.75,445.55,-3.67,-3.74,93.05,mixed_edge
1-2,lane1_target_local_win_diff_bucket,near_equal,1936,349,18.03,193600,145350,-48250,75.08,416.48,17.68,78.75,445.55,-3.67,0.35,-29.07,mixed_edge
1-3,lane1_national_win_rank_bucket,1,3364,708,21.05,336400,252460,-83940,75.05,356.58,15.42,76.45,495.64,-1.4,5.63,-139.06,mixed_edge
1-2,lane1_start_exhibition_gap_bucket,0.04-0.06,2499,426,17.05,249900,187480,-62420,75.02,440.09,17.68,78.75,445.55,-3.73,-0.63,-5.46,mixed_edge
1-2,lane1_target_class_pair,A2-A1,697,176,25.25,69700,52290,-17410,75.02,297.1,17.68,78.75,445.55,-3.73,7.57,-148.45,mixed_edge
1-4,other_b2_count_bucket,0,9927,989,9.96,992700,744640,-248060,75.01,752.92,10.2,75.25,737.84,-0.24,-0.24,15.08,mixed_edge
1-3,target_class_group x target_outer_pressure_bucket,B | some_other_pressure,502,101,20.12,50200,37650,-12550,75.0,372.77,15.42,76.45,495.64,-1.45,4.7,-122.87,mixed_edge
1-5,lane1_target_start_gap_pair x target_outer_pressure_bucket,>0.06-<=0.03 | some_other_pressure,102,6,5.88,10200,7650,-2550,75.0,1275.0,6.4,77.77,1215.84,-2.77,-0.52,59.16,mixed_edge
1-4,lane1_target_boat_place_diff_bucket,lane1_plus_4_10,2334,247,10.58,233400,175000,-58400,74.98,708.5,10.2,75.25,737.84,-0.27,0.38,-29.34,mixed_edge
1-3,other_exhibition_faster_than_target_count_bucket,0,3165,536,16.94,316500,237270,-79230,74.97,442.67,15.42,76.45,495.64,-1.48,1.52,-52.97,mixed_edge
1-4,lane1_target_class_pair,A2-B1,1954,153,7.83,195400,146480,-48920,74.96,957.39,10.2,75.25,737.84,-0.29,-2.37,219.55,mixed_edge
1-2,other_group_pattern,A-A-A-B,594,81,13.64,59400,44510,-14890,74.93,549.51,17.68,78.75,445.55,-3.82,-4.04,103.96,mixed_edge
1-3,other_b2_count_bucket,0,9671,1461,15.11,967100,724560,-242540,74.92,495.93,15.42,76.45,495.64,-1.53,-0.31,0.29,mixed_edge
1-4,other_a_count_bucket,1,3072,361,11.75,307200,230160,-77040,74.92,637.56,10.2,75.25,737.84,-0.33,1.55,-100.28,mixed_edge
1-4,target_lane x other_a_count_bucket,4 | 1,3072,361,11.75,307200,230160,-77040,74.92,637.56,10.2,75.25,737.84,-0.33,1.55,-100.28,mixed_edge
1-5,lane1_target_group_pair x other_a_count_bucket,B-B | 0,564,40,7.09,56400,42230,-14170,74.88,1055.75,6.4,77.77,1215.84,-2.89,0.69,-160.09,mixed_edge
1-3,lane1_target_local_win_diff_bucket,lane1_plus_1.00+,4736,712,15.03,473600,354530,-119070,74.86,497.94,15.42,76.45,495.64,-1.59,-0.39,2.3,mixed_edge
1-4,race_no_bucket,10-12R,3345,397,11.87,334500,250400,-84100,74.86,630.73,10.2,75.25,737.84,-0.39,1.67,-107.11,mixed_edge
1-4,race_no_bucket x target_lane,10-12R | 4,3345,397,11.87,334500,250400,-84100,74.86,630.73,10.2,75.25,737.84,-0.39,1.67,-107.11,mixed_edge
1-2,stadium_code,11,705,124,17.59,70500,52760,-17740,74.84,425.48,17.68,78.75,445.55,-3.91,-0.09,-20.07,mixed_edge
1-2,stadium_code x target_lane,11 | 2,705,124,17.59,70500,52760,-17740,74.84,425.48,17.68,78.75,445.55,-3.91,-0.09,-20.07,mixed_edge
1-4,lane1_target_group_pair,B-B,3054,145,4.75,305400,228530,-76870,74.83,1576.07,10.2,75.25,737.84,-0.42,-5.45,838.23,mixed_edge
1-5,lane1_target_start_exhibition_st_diff_bucket,lane1_faster_0.03_0.06,1964,137,6.98,196400,146970,-49430,74.83,1072.77,6.4,77.77,1215.84,-2.94,0.58,-143.07,mixed_edge
1-3,target_local_win_rank_bucket,3,2451,368,15.01,245100,183380,-61720,74.82,498.32,15.42,76.45,495.64,-1.63,-0.41,2.68,mixed_edge
1-3,lane1_target_class_pair,A2-A1,764,194,25.39,76400,57160,-19240,74.82,294.64,15.42,76.45,495.64,-1.63,9.97,-201.0,mixed_edge
1-2,lane1_target_exhibition_time_diff_bucket,lane1_faster_0.05_0.10,2800,511,18.25,280000,209480,-70520,74.81,409.94,17.68,78.75,445.55,-3.94,0.57,-35.61,mixed_edge
1-4,lane1_target_group_pair x other_a_count_bucket,A-A | 3,573,76,13.26,57300,42840,-14460,74.76,563.68,10.2,75.25,737.84,-0.49,3.06,-174.16,mixed_edge
1-5,other_group_pattern,A-A-A-B,621,28,4.51,62100,46420,-15680,74.75,1657.86,6.4,77.77,1215.84,-3.02,-1.89,442.02,mixed_edge
1-3,other_st_faster_than_target_count_bucket,2,2457,349,14.2,245700,183640,-62060,74.74,526.19,15.42,76.45,495.64,-1.71,-1.22,30.55,mixed_edge
1-4,lane1_target_group_pair x target_outer_pressure_bucket,A-A | high_other_pressure,2969,405,13.64,296900,221870,-75030,74.73,547.83,10.2,75.25,737.84,-0.52,3.44,-190.01,mixed_edge
1-4,lane1_class,B2,315,14,4.44,31500,23540,-7960,74.73,1681.43,10.2,75.25,737.84,-0.52,-5.76,943.59,mixed_edge
1-3,lane1_motor_rank_bucket,2,2254,368,16.33,225400,168380,-57020,74.7,457.55,15.42,76.45,495.64,-1.75,0.91,-38.09,mixed_edge
1-5,target_boat_rank_bucket,1,2181,139,6.37,218100,162920,-55180,74.7,1172.09,6.4,77.77,1215.84,-3.07,-0.03,-43.75,mixed_edge
1-2,lane1_target_group_pair,B-B,2673,271,10.14,267300,199650,-67650,74.69,736.72,17.68,78.75,445.55,-4.06,-7.54,291.17,mixed_edge
1-2,target_local_win_rank_bucket,3,2397,431,17.98,239700,179040,-60660,74.69,415.41,17.68,78.75,445.55,-4.06,0.3,-30.14,mixed_edge
1-3,meeting_phase_bucket,day3-4,4847,734,15.14,484700,361980,-122720,74.68,493.16,15.42,76.45,495.64,-1.77,-0.28,-2.48,mixed_edge
1-3,meeting_phase_bucket x target_lane,day3-4 | 3,4847,734,15.14,484700,361980,-122720,74.68,493.16,15.42,76.45,495.64,-1.77,-0.28,-2.48,mixed_edge
1-4,lane1_target_start_gap_pair x target_outer_pressure_bucket,>0.06->0.06 | some_other_pressure,77,8,10.39,7700,5750,-1950,74.68,718.75,10.2,75.25,737.84,-0.57,0.19,-19.09,mixed_edge
1-3,lane1_target_group_pair x target_outer_pressure_bucket,A-A | high_other_pressure,2993,608,20.31,299300,223480,-75820,74.67,367.57,15.42,76.45,495.64,-1.78,4.89,-128.07,mixed_edge
1-4,lane1_class_group,A,8238,1021,12.39,823800,615090,-208710,74.66,602.44,10.2,75.25,737.84,-0.59,2.19,-135.4,mixed_edge
1-5,target_class_group x target_outer_pressure_bucket,B | high_other_pressure,6878,257,3.74,687800,513500,-174300,74.66,1998.05,6.4,77.77,1215.84,-3.11,-2.66,782.21,mixed_edge
1-2,lane1_target_group_pair x other_a_count_bucket,A-A | 1,819,231,28.21,81900,61150,-20750,74.66,264.72,17.68,78.75,445.55,-4.09,10.53,-180.83,mixed_edge
1-3,lane1_exhibition_rank_bucket,2,3025,464,15.34,302500,225820,-76680,74.65,486.68,15.42,76.45,495.64,-1.8,-0.08,-8.96,mixed_edge
1-3,lane1_target_national_rank_pair x target_outer_pressure_bucket,1-4+ | high_other_pressure,1894,316,16.68,189400,141370,-48030,74.64,447.37,15.42,76.45,495.64,-1.81,1.26,-48.27,mixed_edge
1-3,lane1_motor_rank_bucket,4+,6358,938,14.75,635800,474490,-161310,74.63,505.85,15.42,76.45,495.64,-1.82,-0.67,10.21,mixed_edge
1-6,lane1_target_exhibition_st_rank_pair,4+-2,844,42,4.98,84400,62990,-21410,74.63,1499.76,3.94,69.07,1754.72,5.56,1.04,-254.96,mixed_edge
1-6,lane1_exhibition_st_rank_bucket x target_exhibition_st_rank_bucket,4+ | 2,844,42,4.98,84400,62990,-21410,74.63,1499.76,3.94,69.07,1754.72,5.56,1.04,-254.96,mixed_edge
1-4,lane1_target_national_rank_pair,1-2,730,150,20.55,73000,54480,-18520,74.63,363.2,10.2,75.25,737.84,-0.62,10.35,-374.64,mixed_edge
1-4,target_lane x lane1_target_national_rank_pair,4 | 1-2,730,150,20.55,73000,54480,-18520,74.63,363.2,10.2,75.25,737.84,-0.62,10.35,-374.64,mixed_edge
1-2,target_class_group x target_outer_pressure_bucket,B | high_other_pressure,6038,782,12.95,603800,450550,-153250,74.62,576.15,17.68,78.75,445.55,-4.13,-4.73,130.6,mixed_edge
1-5,other_group_pattern,B-A-A-B,695,33,4.75,69500,51850,-17650,74.6,1571.21,6.4,77.77,1215.84,-3.17,-1.65,355.37,mixed_edge
1-3,lane1_target_national_win_diff_bucket,lane1_plus_1.00+,4107,592,14.41,410700,306350,-104350,74.59,517.48,15.42,76.45,495.64,-1.86,-1.01,21.84,mixed_edge
1-3,target_boat_rank_bucket,2,2174,339,15.59,217400,162100,-55300,74.56,478.17,15.42,76.45,495.64,-1.89,0.17,-17.47,mixed_edge
1-3,lane1_target_national_rank_pair,1-4+,1896,316,16.67,189600,141370,-48230,74.56,447.37,15.42,76.45,495.64,-1.89,1.25,-48.27,mixed_edge
1-3,target_lane x lane1_target_national_rank_pair,3 | 1-4+,1896,316,16.67,189600,141370,-48230,74.56,447.37,15.42,76.45,495.64,-1.89,1.25,-48.27,mixed_edge
1-4,target_national_win_rank_bucket x other_national_better_than_target_count_bucket,4+ | 2,1708,172,10.07,170800,127340,-43460,74.56,740.35,10.2,75.25,737.84,-0.69,-0.13,2.51,mixed_edge
1-6,target_boat_rank_bucket,4+,6835,284,4.16,683500,509370,-174130,74.52,1793.56,3.94,69.07,1754.72,5.45,0.22,38.84,mixed_edge
1-6,lane1_target_group_pair x other_a_count_bucket,A-A | 2,1060,67,6.32,106000,78990,-27010,74.52,1178.96,3.94,69.07,1754.72,5.45,2.38,-575.76,mixed_edge
1-3,target_outer_pressure_bucket,some_other_pressure,2035,410,20.15,203500,151630,-51870,74.51,369.83,15.42,76.45,495.64,-1.94,4.73,-125.81,mixed_edge
1-3,target_lane x target_outer_pressure_bucket,3 | some_other_pressure,2035,410,20.15,203500,151630,-51870,74.51,369.83,15.42,76.45,495.64,-1.94,4.73,-125.81,mixed_edge
1-5,lane1_motor_rank_bucket,2,2254,135,5.99,225400,167920,-57480,74.5,1243.85,6.4,77.77,1215.84,-3.27,-0.41,28.01,mixed_edge
1-6,lane1_exhibition_st_rank_bucket,2,2263,95,4.2,226300,168550,-57750,74.48,1774.21,3.94,69.07,1754.72,5.41,0.26,19.49,mixed_edge
1-4,target_class_group x target_outer_pressure_bucket,B | high_other_pressure,6530,435,6.66,653000,486290,-166710,74.47,1117.91,10.2,75.25,737.84,-0.78,-3.54,380.07,mixed_edge
1-3,other_group_pattern,B-B-B-A,883,164,18.57,88300,65730,-22570,74.44,400.79,15.42,76.45,495.64,-2.01,3.15,-94.85,mixed_edge
1-4,lane1_target_national_rank_pair x target_outer_pressure_bucket,2-3 | some_other_pressure,214,29,13.55,21400,15930,-5470,74.44,549.31,10.2,75.25,737.84,-0.81,3.35,-188.53,mixed_edge
1-3,target_national_win_rank_bucket,1,2068,430,20.79,206800,153900,-52900,74.42,357.91,15.42,76.45,495.64,-2.03,5.37,-137.73,mixed_edge
1-3,target_national_win_rank_bucket x other_national_better_than_target_count_bucket,1 | 0,2068,430,20.79,206800,153900,-52900,74.42,357.91,15.42,76.45,495.64,-2.03,5.37,-137.73,mixed_edge
1-5,lane1_target_national_rank_pair,4+-1,990,84,8.48,99000,73680,-25320,74.42,877.14,6.4,77.77,1215.84,-3.35,2.08,-338.7,mixed_edge
1-5,target_lane x lane1_target_national_rank_pair,5 | 4+-1,990,84,8.48,99000,73680,-25320,74.42,877.14,6.4,77.77,1215.84,-3.35,2.08,-338.7,mixed_edge
1-4,target_local_win_rank_bucket,3,2241,244,10.89,224100,166630,-57470,74.36,682.91,10.2,75.25,737.84,-0.89,0.69,-54.93,mixed_edge
1-3,lane1_target_exhibition_time_diff_bucket x lane1_target_start_exhibition_st_diff_bucket,near_equal | lane1_faster_0.06+,1191,170,14.27,119100,88560,-30540,74.36,520.94,15.42,76.45,495.64,-2.09,-1.15,25.3,mixed_edge
1-5,target_class_group,B,7372,299,4.06,737200,548130,-189070,74.35,1833.21,6.4,77.77,1215.84,-3.42,-2.34,617.37,mixed_edge
1-5,target_lane x target_class_group,5 | B,7372,299,4.06,737200,548130,-189070,74.35,1833.21,6.4,77.77,1215.84,-3.42,-2.34,617.37,mixed_edge
1-3,target_class_group x target_outer_pressure_bucket,A | some_other_pressure,1533,309,20.16,153300,113980,-39320,74.35,368.87,15.42,76.45,495.64,-2.1,4.74,-126.77,mixed_edge
1-6,lane1_target_boat_place_diff_bucket,near_equal,4852,203,4.18,485200,360560,-124640,74.31,1776.16,3.94,69.07,1754.72,5.24,0.24,21.44,mixed_edge
1-3,target_national_win_rank_bucket x other_national_better_than_target_count_bucket,3 | 1,1331,286,21.49,133100,98900,-34200,74.31,345.8,15.42,76.45,495.64,-2.14,6.07,-149.84,mixed_edge
1-2,lane1_motor_rank_bucket,4+,6358,1057,16.62,635800,472390,-163410,74.3,446.92,17.68,78.75,445.55,-4.45,-1.06,1.37,mixed_edge
1-4,target_national_win_rank_bucket,4+,7063,484,6.85,706300,524670,-181630,74.28,1084.03,10.2,75.25,737.84,-0.97,-3.35,346.19,mixed_edge
1-4,lane1_target_national_win_diff_bucket,lane1_plus_0.35_1.00,2353,260,11.05,235300,174790,-60510,74.28,672.27,10.2,75.25,737.84,-0.97,0.85,-65.57,mixed_edge
1-3,lane1_target_group_pair,A-A,4369,963,22.04,436900,324500,-112400,74.27,336.97,15.42,76.45,495.64,-2.18,6.62,-158.67,mixed_edge
1-6,wave_bucket,5-9,1068,35,3.28,106800,79310,-27490,74.26,2266.0,3.94,69.07,1754.72,5.19,-0.66,511.28,mixed_edge
1-6,target_national_win_rank_bucket x other_national_better_than_target_count_bucket,2 | 1,1272,54,4.25,127200,94430,-32770,74.24,1748.7,3.94,69.07,1754.72,5.17,0.31,-6.02,mixed_edge
1-3,lane1_target_local_win_diff_bucket,target_plus_0.35_1.00,1403,242,17.25,140300,104130,-36170,74.22,430.29,15.42,76.45,495.64,-2.23,1.83,-65.35,mixed_edge
1-3,lane1_target_local_win_diff_bucket,target_plus_1.00+,3358,453,13.49,335800,249190,-86610,74.21,550.09,15.42,76.45,495.64,-2.24,-1.93,54.45,mixed_edge
1-2,lane1_target_start_gap_pair x target_outer_pressure_bucket,<=0.03-0.04-0.06 | high_other_pressure,530,85,16.04,53000,39330,-13670,74.21,462.71,17.68,78.75,445.55,-4.54,-1.64,17.16,mixed_edge
1-4,other_a_count_bucket,3,2378,158,6.64,237800,176350,-61450,74.16,1116.14,10.2,75.25,737.84,-1.09,-3.56,378.3,mixed_edge
1-4,target_lane x other_a_count_bucket,4 | 3,2378,158,6.64,237800,176350,-61450,74.16,1116.14,10.2,75.25,737.84,-1.09,-3.56,378.3,mixed_edge
1-2,lane1_target_national_win_diff_bucket,near_equal,2556,494,19.33,255600,189530,-66070,74.15,383.66,17.68,78.75,445.55,-4.6,1.65,-61.89,mixed_edge
1-3,lane1_target_class_pair,A2-B2,136,16,11.76,13600,10080,-3520,74.12,630.0,15.42,76.45,495.64,-2.33,-3.66,134.36,mixed_edge
1-2,target_motor_rank_bucket,1,2169,404,18.63,216900,160740,-56160,74.11,397.87,17.68,78.75,445.55,-4.64,0.95,-47.68,mixed_edge
1-3,target_boat_rank_bucket,3,2362,358,15.16,236200,174980,-61220,74.08,488.77,15.42,76.45,495.64,-2.37,-0.26,-6.87,mixed_edge
1-4,target_national_win_rank_bucket,3,2181,250,11.46,218100,161450,-56650,74.03,645.8,10.2,75.25,737.84,-1.22,1.26,-92.04,mixed_edge
1-5,meeting_phase_bucket,day3-4,4847,306,6.31,484700,358710,-125990,74.01,1172.25,6.4,77.77,1215.84,-3.76,-0.09,-43.59,mixed_edge
1-5,meeting_phase_bucket x target_lane,day3-4 | 5,4847,306,6.31,484700,358710,-125990,74.01,1172.25,6.4,77.77,1215.84,-3.76,-0.09,-43.59,mixed_edge
1-4,lane1_target_national_win_diff_bucket,near_equal,2463,271,11.0,246300,182260,-64040,74.0,672.55,10.2,75.25,737.84,-1.25,0.8,-65.29,mixed_edge
1-5,lane1_target_exhibition_time_diff_bucket x lane1_target_start_exhibition_st_diff_bucket,lane1_faster_0.05_0.10 | target_faster_0.06+,492,27,5.49,49200,36410,-12790,74.0,1348.52,6.4,77.77,1215.84,-3.77,-0.91,132.68,mixed_edge
1-3,target_class_group,A,6717,1231,18.33,671700,496790,-174910,73.96,403.57,15.42,76.45,495.64,-2.49,2.91,-92.07,mixed_edge
1-3,target_lane x target_class_group,3 | A,6717,1231,18.33,671700,496790,-174910,73.96,403.57,15.42,76.45,495.64,-2.49,2.91,-92.07,mixed_edge
1-3,lane1_target_national_rank_pair,4+-4+,1890,146,7.72,189000,139780,-49220,73.96,957.4,15.42,76.45,495.64,-2.49,-7.7,461.76,mixed_edge
1-3,target_lane x lane1_target_national_rank_pair,3 | 4+-4+,1890,146,7.72,189000,139780,-49220,73.96,957.4,15.42,76.45,495.64,-2.49,-7.7,461.76,mixed_edge
1-3,lane1_target_national_rank_pair x target_outer_pressure_bucket,4+-4+ | high_other_pressure,1890,146,7.72,189000,139780,-49220,73.96,957.4,15.42,76.45,495.64,-2.49,-7.7,461.76,mixed_edge
1-3,target_class_group x target_outer_pressure_bucket,A | high_other_pressure,4474,759,16.96,447400,330790,-116610,73.94,435.82,15.42,76.45,495.64,-2.51,1.54,-59.82,mixed_edge
1-5,lane1_class,B1,4861,234,4.81,486100,359390,-126710,73.93,1535.85,6.4,77.77,1215.84,-3.84,-1.59,320.01,mixed_edge
1-4,other_group_pattern,B-B-B-A,784,99,12.63,78400,57950,-20450,73.92,585.35,10.2,75.25,737.84,-1.33,2.43,-152.49,mixed_edge
1-3,stadium_code,17,552,90,16.3,55200,40800,-14400,73.91,453.33,15.42,76.45,495.64,-2.54,0.88,-42.31,mixed_edge
1-3,stadium_code x target_lane,17 | 3,552,90,16.3,55200,40800,-14400,73.91,453.33,15.42,76.45,495.64,-2.54,0.88,-42.31,mixed_edge
1-3,target_exhibition_rank_bucket x other_exhibition_faster_than_target_count_bucket,2 | 0,994,192,19.32,99400,73450,-25950,73.89,382.55,15.42,76.45,495.64,-2.56,3.9,-113.09,mixed_edge
1-4,target_class_group x target_outer_pressure_bucket,A | some_other_pressure,1378,209,15.17,137800,101810,-35990,73.88,487.13,10.2,75.25,737.84,-1.37,4.97,-250.71,mixed_edge
1-5,race_no_bucket,1-3R,3359,198,5.89,335900,248120,-87780,73.87,1253.13,6.4,77.77,1215.84,-3.9,-0.51,37.29,mixed_edge
1-5,race_no_bucket x target_lane,1-3R | 5,3359,198,5.89,335900,248120,-87780,73.87,1253.13,6.4,77.77,1215.84,-3.9,-0.51,37.29,mixed_edge
1-4,target_national_win_rank_bucket x other_national_better_than_target_count_bucket,2 | 1,1430,137,9.58,143000,105640,-37360,73.87,771.09,10.2,75.25,737.84,-1.38,-0.62,33.25,mixed_edge
1-5,lane1_target_start_gap_pair,>0.06-0.04-0.06,754,33,4.38,75400,55700,-19700,73.87,1687.88,6.4,77.77,1215.84,-3.9,-2.02,472.04,mixed_edge
1-5,target_lane x lane1_target_start_gap_pair,5 | >0.06-0.04-0.06,754,33,4.38,75400,55700,-19700,73.87,1687.88,6.4,77.77,1215.84,-3.9,-2.02,472.04,mixed_edge
1-5,lane1_start_exhibition_gap_bucket x target_start_exhibition_gap_bucket,>0.06 | 0.04-0.06,754,33,4.38,75400,55700,-19700,73.87,1687.88,6.4,77.77,1215.84,-3.9,-2.02,472.04,mixed_edge
1-3,other_national_better_than_target_count_bucket,0,2804,635,22.65,280400,207090,-73310,73.86,326.13,15.42,76.45,495.64,-2.59,7.23,-169.51,mixed_edge
1-4,target_local_win_rank_bucket,4+,7025,535,7.62,702500,518700,-183800,73.84,969.53,10.2,75.25,737.84,-1.41,-2.58,231.69,mixed_edge
1-5,lane1_national_win_rank_bucket,1,3364,260,7.73,336400,248400,-88000,73.84,955.38,6.4,77.77,1215.84,-3.93,1.33,-260.46,mixed_edge
1-5,lane1_target_group_pair x target_outer_pressure_bucket,A-A | low_other_pressure,341,51,14.96,34100,25180,-8920,73.84,493.73,6.4,77.77,1215.84,-3.93,8.56,-722.11,mixed_edge
1-3,stadium_code,15,575,89,15.48,57500,42450,-15050,73.83,476.97,15.42,76.45,495.64,-2.62,0.06,-18.67,mixed_edge
1-3,stadium_code x target_lane,15 | 3,575,89,15.48,57500,42450,-15050,73.83,476.97,15.42,76.45,495.64,-2.62,0.06,-18.67,mixed_edge
1-5,other_st_faster_than_target_count_bucket,3,3011,154,5.11,301100,222250,-78850,73.81,1443.18,6.4,77.77,1215.84,-3.96,-1.29,227.34,mixed_edge
1-5,target_exhibition_st_rank_bucket x other_st_faster_than_target_count_bucket,4+ | 3,3011,154,5.11,301100,222250,-78850,73.81,1443.18,6.4,77.77,1215.84,-3.96,-1.29,227.34,mixed_edge
1-4,stadium_code,24,732,74,10.11,73200,54000,-19200,73.77,729.73,10.2,75.25,737.84,-1.48,-0.09,-8.11,mixed_edge
1-4,stadium_code x target_lane,24 | 4,732,74,10.11,73200,54000,-19200,73.77,729.73,10.2,75.25,737.84,-1.48,-0.09,-8.11,mixed_edge
1-2,other_a_count_bucket,2,4681,702,15.0,468100,345270,-122830,73.76,491.84,17.68,78.75,445.55,-4.99,-2.68,46.29,mixed_edge
1-2,target_lane x other_a_count_bucket,2 | 2,4681,702,15.0,468100,345270,-122830,73.76,491.84,17.68,78.75,445.55,-4.99,-2.68,46.29,mixed_edge
1-3,target_local_win_rank_bucket,2,2304,414,17.97,230400,169920,-60480,73.75,410.43,15.42,76.45,495.64,-2.7,2.55,-85.21,mixed_edge
1-6,other_st_faster_than_target_count_bucket,1,2056,107,5.2,205600,151630,-53970,73.75,1417.1,3.94,69.07,1754.72,4.68,1.26,-337.62,mixed_edge
1-2,lane1_target_start_gap_pair x target_outer_pressure_bucket,>0.06-0.04-0.06 | high_other_pressure,565,70,12.39,56500,41660,-14840,73.73,595.14,17.68,78.75,445.55,-5.02,-5.29,149.59,mixed_edge
1-3,race_no_bucket,4-6R,3360,440,13.1,336000,247700,-88300,73.72,562.95,15.42,76.45,495.64,-2.73,-2.32,67.31,mixed_edge
1-3,race_no_bucket x target_lane,4-6R | 3,3360,440,13.1,336000,247700,-88300,73.72,562.95,15.42,76.45,495.64,-2.73,-2.32,67.31,mixed_edge
1-4,lane1_target_motor_place_diff_bucket,target_plus_10+,2249,242,10.76,224900,165780,-59120,73.71,685.04,10.2,75.25,737.84,-1.54,0.56,-52.8,mixed_edge
1-6,target_exhibition_rank_bucket x other_exhibition_faster_than_target_count_bucket,2 | 1,890,41,4.61,89000,65600,-23400,73.71,1600.0,3.94,69.07,1754.72,4.64,0.67,-154.72,mixed_edge
1-4,other_group_pattern,B-A-B-A,844,67,7.94,84400,62210,-22190,73.71,928.51,10.2,75.25,737.84,-1.54,-2.26,190.67,mixed_edge
1-4,target_class_group,B,7029,493,7.01,702900,517960,-184940,73.69,1050.63,10.2,75.25,737.84,-1.56,-3.19,312.79,mixed_edge
1-4,target_lane x target_class_group,4 | B,7029,493,7.01,702900,517960,-184940,73.69,1050.63,10.2,75.25,737.84,-1.56,-3.19,312.79,mixed_edge
1-2,stadium_code,20,539,100,18.55,53900,39710,-14190,73.67,397.1,17.68,78.75,445.55,-5.08,0.87,-48.45,mixed_edge
1-2,stadium_code x target_lane,20 | 2,539,100,18.55,53900,39710,-14190,73.67,397.1,17.68,78.75,445.55,-5.08,0.87,-48.45,mixed_edge
1-4,target_exhibition_st_rank_bucket,3,2456,266,10.83,245600,180820,-64780,73.62,679.77,10.2,75.25,737.84,-1.63,0.63,-58.07,mixed_edge
1-4,target_lane x target_exhibition_st_rank_bucket,4 | 3,2456,266,10.83,245600,180820,-64780,73.62,679.77,10.2,75.25,737.84,-1.63,0.63,-58.07,mixed_edge
1-4,target_national_win_rank_bucket,2,2175,287,13.2,217500,160120,-57380,73.62,557.91,10.2,75.25,737.84,-1.63,3.0,-179.93,mixed_edge
1-3,lane1_target_motor_place_diff_bucket,near_equal,4343,646,14.87,434300,319690,-114610,73.61,494.88,15.42,76.45,495.64,-2.84,-0.55,-0.76,mixed_edge
1-4,lane1_target_exhibition_time_diff_bucket,lane1_faster_0.10+,1734,172,9.92,173400,127630,-45770,73.6,742.03,10.2,75.25,737.84,-1.65,-0.28,4.19,mixed_edge
1-2,lane1_target_national_rank_pair,4+-3,1106,133,12.03,110600,81400,-29200,73.6,612.03,17.68,78.75,445.55,-5.15,-5.65,166.48,mixed_edge
1-2,target_lane x lane1_target_national_rank_pair,2 | 4+-3,1106,133,12.03,110600,81400,-29200,73.6,612.03,17.68,78.75,445.55,-5.15,-5.65,166.48,mixed_edge
1-2,lane1_target_national_rank_pair x target_outer_pressure_bucket,4+-3 | high_other_pressure,1106,133,12.03,110600,81400,-29200,73.6,612.03,17.68,78.75,445.55,-5.15,-5.65,166.48,mixed_edge
1-2,target_national_win_rank_bucket x other_national_better_than_target_count_bucket,3 | 2,1106,133,12.03,110600,81400,-29200,73.6,612.03,17.68,78.75,445.55,-5.15,-5.65,166.48,mixed_edge
1-4,target_exhibition_rank_bucket,4+,7227,679,9.4,722700,531540,-191160,73.55,782.83,10.2,75.25,737.84,-1.7,-0.8,44.99,mixed_edge
1-2,lane1_target_local_win_diff_bucket,target_plus_0.35_1.00,1435,240,16.72,143500,105550,-37950,73.55,439.79,17.68,78.75,445.55,-5.2,-0.96,-5.76,mixed_edge
1-3,lane1_local_win_rank_bucket,2,2708,456,16.84,270800,199140,-71660,73.54,436.71,15.42,76.45,495.64,-2.91,1.42,-58.93,mixed_edge
1-3,lane1_target_group_pair x target_outer_pressure_bucket,A-A | some_other_pressure,940,232,24.68,94000,69120,-24880,73.53,297.93,15.42,76.45,495.64,-2.92,9.26,-197.71,mixed_edge
1-6,other_national_better_than_target_count_bucket,2,2326,63,2.71,232600,170980,-61620,73.51,2713.97,3.94,69.07,1754.72,4.44,-1.23,959.25,mixed_edge
1-6,other_group_pattern,B-B-A-B,903,58,6.42,90300,66380,-23920,73.51,1144.48,3.94,69.07,1754.72,4.44,2.48,-610.24,mixed_edge
1-6,lane1_target_group_pair x other_a_count_bucket,B-A | 0,143,13,9.09,14300,10510,-3790,73.5,808.46,3.94,69.07,1754.72,4.43,5.15,-946.26,mixed_edge
1-6,lane1_exhibition_rank_bucket,4+,3872,135,3.49,387200,284430,-102770,73.46,2106.89,3.94,69.07,1754.72,4.39,-0.45,352.17,mixed_edge
1-2,lane1_class,A2,3681,651,17.69,368100,270340,-97760,73.44,415.27,17.68,78.75,445.55,-5.31,0.01,-30.28,mixed_edge
1-5,stadium_code,14,624,41,6.57,62400,45820,-16580,73.43,1117.56,6.4,77.77,1215.84,-4.34,0.17,-98.28,mixed_edge
1-5,stadium_code x target_lane,14 | 5,624,41,6.57,62400,45820,-16580,73.43,1117.56,6.4,77.77,1215.84,-4.34,0.17,-98.28,mixed_edge
1-3,lane1_target_group_pair x target_outer_pressure_bucket,B-A | low_other_pressure,274,40,14.6,27400,20120,-7280,73.43,503.0,15.42,76.45,495.64,-3.02,-0.82,7.36,mixed_edge
1-4,stadium_code,12,671,65,9.69,67100,49260,-17840,73.41,757.85,10.2,75.25,737.84,-1.84,-0.51,20.01,mixed_edge
1-4,stadium_code x target_lane,12 | 4,671,65,9.69,67100,49260,-17840,73.41,757.85,10.2,75.25,737.84,-1.84,-0.51,20.01,mixed_edge
1-3,lane1_target_exhibition_time_diff_bucket,target_faster_0.05_0.10,1438,195,13.56,143800,105540,-38260,73.39,541.23,15.42,76.45,495.64,-3.06,-1.86,45.59,mixed_edge
1-6,lane1_target_exhibition_time_diff_bucket,near_equal,6259,270,4.31,625900,459290,-166610,73.38,1701.07,3.94,69.07,1754.72,4.31,0.37,-53.65,mixed_edge
1-3,lane1_target_group_pair,B-A,2348,268,11.41,234800,172290,-62510,73.38,642.87,15.42,76.45,495.64,-3.07,-4.01,147.23,mixed_edge
1-4,lane1_target_class_pair,A1-A2,1129,158,13.99,112900,82850,-30050,73.38,524.37,10.2,75.25,737.84,-1.87,3.79,-213.47,mixed_edge
1-3,grade_group,G1,204,30,14.71,20400,14970,-5430,73.38,499.0,15.42,76.45,495.64,-3.07,-0.71,3.36,mixed_edge
1-4,lane1_target_group_pair x target_outer_pressure_bucket,A-B | high_other_pressure,3663,306,8.35,366300,268740,-97560,73.37,878.24,10.2,75.25,737.84,-1.88,-1.85,140.4,mixed_edge
1-2,lane1_target_group_pair x target_outer_pressure_bucket,A-B | high_other_pressure,3625,545,15.03,362500,265870,-96630,73.34,487.83,17.68,78.75,445.55,-5.41,-2.65,42.28,mixed_edge
1-3,race_no_bucket,10-12R,3345,615,18.39,334500,245260,-89240,73.32,398.8,15.42,76.45,495.64,-3.13,2.97,-96.84,mixed_edge
1-3,race_no_bucket x target_lane,10-12R | 3,3345,615,18.39,334500,245260,-89240,73.32,398.8,15.42,76.45,495.64,-3.13,2.97,-96.84,mixed_edge
1-3,lane1_target_class_pair,A1-B1,1625,269,16.55,162500,119090,-43410,73.29,442.71,15.42,76.45,495.64,-3.16,1.13,-52.93,mixed_edge
1-3,lane1_national_win_rank_bucket,4+,5012,518,10.34,501200,367240,-133960,73.27,708.96,15.42,76.45,495.64,-3.18,-5.08,213.32,mixed_edge
1-3,target_class_group x target_outer_pressure_bucket,A | low_other_pressure,710,163,22.96,71000,52020,-18980,73.27,319.14,15.42,76.45,495.64,-3.18,7.54,-176.5,mixed_edge
1-4,lane1_target_national_rank_pair x target_outer_pressure_bucket,3-1 | high_other_pressure,226,38,16.81,22600,16560,-6040,73.27,435.79,10.2,75.25,737.84,-1.98,6.61,-302.05,mixed_edge
1-2,lane1_target_start_exhibition_st_diff_bucket,target_faster_0.03_0.06,1575,269,17.08,157500,115350,-42150,73.24,428.81,17.68,78.75,445.55,-5.51,-0.6,-16.74,mixed_edge
1-2,lane1_target_exhibition_time_diff_bucket x lane1_target_start_exhibition_st_diff_bucket,lane1_faster_0.05_0.10 | lane1_faster_0.03_0.06,587,106,18.06,58700,42990,-15710,73.24,405.57,17.68,78.75,445.55,-5.51,0.38,-39.98,mixed_edge
1-3,other_exhibition_faster_than_target_count_bucket,4,2134,270,12.65,213400,156250,-57150,73.22,578.7,15.42,76.45,495.64,-3.23,-2.77,83.06,mixed_edge
1-3,target_exhibition_rank_bucket x other_exhibition_faster_than_target_count_bucket,4+ | 4,2134,270,12.65,213400,156250,-57150,73.22,578.7,15.42,76.45,495.64,-3.23,-2.77,83.06,mixed_edge
1-4,lane1_target_boat_place_diff_bucket,lane1_plus_10+,1993,205,10.29,199300,145880,-53420,73.2,711.61,10.2,75.25,737.84,-2.05,0.09,-26.23,mixed_edge
1-4,lane1_target_class_pair,A2-A1,764,138,18.06,76400,55910,-20490,73.18,405.14,10.2,75.25,737.84,-2.07,7.86,-332.7,mixed_edge
1-3,lane1_boat_rank_bucket,1,2392,358,14.97,239200,175030,-64170,73.17,488.91,15.42,76.45,495.64,-3.28,-0.45,-6.73,mixed_edge
1-3,lane1_target_group_pair x target_outer_pressure_bucket,A-A | low_other_pressure,436,123,28.21,43600,31900,-11700,73.17,259.35,15.42,76.45,495.64,-3.28,12.79,-236.29,mixed_edge
1-5,target_exhibition_rank_bucket x other_exhibition_faster_than_target_count_bucket,3 | 1,1283,96,7.48,128300,93870,-34430,73.16,977.81,6.4,77.77,1215.84,-4.61,1.08,-238.03,mixed_edge
1-4,target_national_win_rank_bucket x other_national_better_than_target_count_bucket,2 | 0,745,150,20.13,74500,54480,-20020,73.13,363.2,10.2,75.25,737.84,-2.12,9.93,-374.64,mixed_edge
1-5,lane1_target_group_pair x target_outer_pressure_bucket,A-B | high_other_pressure,3974,166,4.18,397400,290490,-106910,73.1,1749.94,6.4,77.77,1215.84,-4.67,-2.22,534.1,mixed_edge
1-6,lane1_target_start_gap_pair x target_outer_pressure_bucket,<=0.03->0.06 | some_other_pressure,110,8,7.27,11000,8040,-2960,73.09,1005.0,3.94,69.07,1754.72,4.02,3.33,-749.72,mixed_edge
1-6,other_exhibition_faster_than_target_count_bucket,1,2678,114,4.26,267800,195710,-72090,73.08,1716.75,3.94,69.07,1754.72,4.01,0.32,-37.97,mixed_edge
1-5,lane1_target_group_pair,A-B,4269,193,4.52,426900,311930,-114970,73.07,1616.22,6.4,77.77,1215.84,-4.7,-1.88,400.38,mixed_edge
1-2,other_national_better_than_target_count_bucket,3,2725,323,11.85,272500,199090,-73410,73.06,616.38,17.68,78.75,445.55,-5.69,-5.83,170.83,mixed_edge
1-2,target_national_win_rank_bucket x other_national_better_than_target_count_bucket,4+ | 3,2725,323,11.85,272500,199090,-73410,73.06,616.38,17.68,78.75,445.55,-5.69,-5.83,170.83,mixed_edge
1-3,stadium_code,11,705,110,15.6,70500,51500,-19000,73.05,468.18,15.42,76.45,495.64,-3.4,0.18,-27.46,mixed_edge
1-3,stadium_code x target_lane,11 | 3,705,110,15.6,70500,51500,-19000,73.05,468.18,15.42,76.45,495.64,-3.4,0.18,-27.46,mixed_edge
1-3,lane1_target_national_rank_pair x target_outer_pressure_bucket,1-2 | low_other_pressure,190,55,28.95,19000,13880,-5120,73.05,252.36,15.42,76.45,495.64,-3.4,13.53,-243.28,mixed_edge
1-5,target_exhibition_st_rank_bucket,4+,7462,423,5.67,746200,544950,-201250,73.03,1288.3,6.4,77.77,1215.84,-4.74,-0.73,72.46,mixed_edge
1-5,target_lane x target_exhibition_st_rank_bucket,5 | 4+,7462,423,5.67,746200,544950,-201250,73.03,1288.3,6.4,77.77,1215.84,-4.74,-0.73,72.46,mixed_edge
1-4,race_no_bucket,7-9R,3350,324,9.67,335000,244600,-90400,73.01,754.94,10.2,75.25,737.84,-2.24,-0.53,17.1,mixed_edge
1-4,race_no_bucket x target_lane,7-9R | 4,3350,324,9.67,335000,244600,-90400,73.01,754.94,10.2,75.25,737.84,-2.24,-0.53,17.1,mixed_edge
1-3,lane1_target_motor_place_diff_bucket,lane1_plus_4_10,2298,343,14.93,229800,167730,-62070,72.99,489.01,15.42,76.45,495.64,-3.46,-0.49,-6.63,mixed_edge
1-5,target_exhibition_rank_bucket x other_exhibition_faster_than_target_count_bucket,4+ | 2,2082,146,7.01,208200,151790,-56410,72.91,1039.66,6.4,77.77,1215.84,-4.86,0.61,-176.18,mixed_edge
1-5,grade_group,G1,204,13,6.37,20400,14870,-5530,72.89,1143.85,6.4,77.77,1215.84,-4.88,-0.03,-71.99,mixed_edge
1-2,wind_bucket,5-6,1405,218,15.52,140500,102390,-38110,72.88,469.68,17.68,78.75,445.55,-5.87,-2.16,24.13,mixed_edge
1-5,lane1_class,A1,4557,349,7.66,455700,331960,-123740,72.85,951.17,6.4,77.77,1215.84,-4.92,1.26,-264.67,mixed_edge
1-4,stadium_code,13,179,21,11.73,17900,13040,-4860,72.85,620.95,10.2,75.25,737.84,-2.4,1.53,-116.89,mixed_edge
1-4,stadium_code x target_lane,13 | 4,179,21,11.73,17900,13040,-4860,72.85,620.95,10.2,75.25,737.84,-2.4,1.53,-116.89,mixed_edge
1-4,target_exhibition_rank_bucket,1,1758,209,11.89,175800,128060,-47740,72.84,612.73,10.2,75.25,737.84,-2.41,1.69,-125.11,mixed_edge
1-4,target_exhibition_rank_bucket x other_exhibition_faster_than_target_count_bucket,1 | 0,1758,209,11.89,175800,128060,-47740,72.84,612.73,10.2,75.25,737.84,-2.41,1.69,-125.11,mixed_edge
1-2,other_group_pattern,B-B-A-A,639,103,16.12,63900,46540,-17360,72.83,451.84,17.68,78.75,445.55,-5.92,-1.56,6.29,mixed_edge
1-3,lane1_start_exhibition_gap_bucket,0.04-0.06,2499,356,14.25,249900,181980,-67920,72.82,511.18,15.42,76.45,495.64,-3.63,-1.17,15.54,mixed_edge
1-5,lane1_target_exhibition_time_diff_bucket,near_equal,6356,421,6.62,635600,462750,-172850,72.81,1099.17,6.4,77.77,1215.84,-4.96,0.22,-116.67,mixed_edge
1-4,lane1_target_group_pair,A-B,3975,348,8.75,397500,289430,-108070,72.81,831.7,10.2,75.25,737.84,-2.44,-1.45,93.86,mixed_edge
1-6,lane1_exhibition_st_rank_bucket,3,1845,77,4.17,184500,134340,-50160,72.81,1744.68,3.94,69.07,1754.72,3.74,0.23,-10.04,mixed_edge
1-2,lane1_target_national_rank_pair,3-2,512,109,21.29,51200,37280,-13920,72.81,342.02,17.68,78.75,445.55,-5.94,3.61,-103.53,mixed_edge
1-2,target_lane x lane1_target_national_rank_pair,2 | 3-2,512,109,21.29,51200,37280,-13920,72.81,342.02,17.68,78.75,445.55,-5.94,3.61,-103.53,mixed_edge
1-5,lane1_target_group_pair x other_a_count_bucket,B-B | 3,818,15,1.83,81800,59550,-22250,72.8,3970.0,6.4,77.77,1215.84,-4.97,-4.57,2754.16,mixed_edge
1-5,target_class_group x target_outer_pressure_bucket,B | some_other_pressure,415,36,8.67,41500,30210,-11290,72.8,839.17,6.4,77.77,1215.84,-4.97,2.27,-376.67,mixed_edge
1-6,target_local_win_rank_bucket,1,1972,147,7.45,197200,143500,-53700,72.77,976.19,3.94,69.07,1754.72,3.7,3.51,-778.53,mixed_edge
1-4,month,2025-10,4124,398,9.65,412400,299940,-112460,72.73,753.62,10.2,75.25,737.84,-2.52,-0.55,15.78,mixed_edge
1-6,month,2025-08,5043,211,4.18,504300,366730,-137570,72.72,1738.06,3.94,69.07,1754.72,3.65,0.24,-16.66,mixed_edge
1-2,lane1_target_class_pair,B1-B2,202,15,7.43,20200,14690,-5510,72.72,979.33,17.68,78.75,445.55,-6.03,-10.25,533.78,mixed_edge
1-5,other_a_count_bucket,1,3226,234,7.25,322600,234420,-88180,72.67,1001.79,6.4,77.77,1215.84,-5.1,0.85,-214.05,mixed_edge
1-5,target_lane x other_a_count_bucket,5 | 1,3226,234,7.25,322600,234420,-88180,72.67,1001.79,6.4,77.77,1215.84,-5.1,0.85,-214.05,mixed_edge
1-6,other_group_pattern,B-B-A-A,503,15,2.98,50300,36550,-13750,72.66,2436.67,3.94,69.07,1754.72,3.59,-0.96,681.95,mixed_edge
1-4,lane1_target_local_win_diff_bucket,near_equal,2011,221,10.99,201100,146090,-55010,72.65,661.04,10.2,75.25,737.84,-2.6,0.79,-76.8,mixed_edge
1-5,lane1_local_win_rank_bucket,1,3198,244,7.63,319800,232270,-87530,72.63,951.93,6.4,77.77,1215.84,-5.14,1.23,-263.91,mixed_edge
1-4,lane1_target_local_win_diff_bucket,lane1_plus_1.00+,5105,462,9.05,510500,370700,-139800,72.62,802.38,10.2,75.25,737.84,-2.63,-1.15,64.54,mixed_edge
1-3,lane1_target_national_rank_pair,1-2,724,203,28.04,72400,52580,-19820,72.62,259.01,15.42,76.45,495.64,-3.83,12.62,-236.63,mixed_edge
1-3,target_lane x lane1_target_national_rank_pair,3 | 1-2,724,203,28.04,72400,52580,-19820,72.62,259.01,15.42,76.45,495.64,-3.83,12.62,-236.63,mixed_edge
1-6,target_exhibition_rank_bucket x other_exhibition_faster_than_target_count_bucket,4+ | 2,2018,83,4.11,201800,146500,-55300,72.6,1765.06,3.94,69.07,1754.72,3.53,0.17,10.34,mixed_edge
1-3,target_local_win_rank_bucket,1,2077,417,20.08,207700,150770,-56930,72.59,361.56,15.42,76.45,495.64,-3.86,4.66,-134.08,mixed_edge
1-3,stadium_code,02,588,59,10.03,58800,42680,-16120,72.59,723.39,15.42,76.45,495.64,-3.86,-5.39,227.75,mixed_edge
1-3,stadium_code x target_lane,02 | 3,588,59,10.03,58800,42680,-16120,72.59,723.39,15.42,76.45,495.64,-3.86,-5.39,227.75,mixed_edge
1-4,target_class,A2,3126,352,11.26,312600,226880,-85720,72.58,644.55,10.2,75.25,737.84,-2.67,1.06,-93.29,mixed_edge
1-5,lane1_target_national_rank_pair x target_outer_pressure_bucket,1-3 | high_other_pressure,356,32,8.99,35600,25840,-9760,72.58,807.5,6.4,77.77,1215.84,-5.19,2.59,-408.34,mixed_edge
1-6,lane1_national_win_rank_bucket,1,3364,162,4.82,336400,244060,-92340,72.55,1506.54,3.94,69.07,1754.72,3.48,0.88,-248.18,mixed_edge
1-4,lane1_class,A2,3681,392,10.65,368100,267030,-101070,72.54,681.2,10.2,75.25,737.84,-2.71,0.45,-56.64,mixed_edge
1-5,lane1_target_exhibition_time_diff_bucket x lane1_target_start_exhibition_st_diff_bucket,target_faster_0.05_0.10 | lane1_faster_0.03_0.06,183,11,6.01,18300,13270,-5030,72.51,1206.36,6.4,77.77,1215.84,-5.26,-0.39,-9.48,mixed_edge
1-5,lane1_motor_rank_bucket,3,2197,140,6.37,219700,159240,-60460,72.48,1137.43,6.4,77.77,1215.84,-5.29,-0.03,-78.41,mixed_edge
1-3,lane1_target_group_pair x target_outer_pressure_bucket,B-A | high_other_pressure,1481,151,10.2,148100,107310,-40790,72.46,710.66,15.42,76.45,495.64,-3.99,-5.22,215.02,mixed_edge
1-2,lane1_target_boat_place_diff_bucket,target_plus_10+,1983,341,17.2,198300,143620,-54680,72.43,421.17,17.68,78.75,445.55,-6.32,-0.48,-24.38,mixed_edge
1-6,target_exhibition_rank_bucket,1,1693,82,4.84,169300,122570,-46730,72.4,1494.76,3.94,69.07,1754.72,3.33,0.9,-259.96,mixed_edge
1-6,target_exhibition_rank_bucket x other_exhibition_faster_than_target_count_bucket,1 | 0,1693,82,4.84,169300,122570,-46730,72.4,1494.76,3.94,69.07,1754.72,3.33,0.9,-259.96,mixed_edge
1-4,stadium_code,14,624,65,10.42,62400,45180,-17220,72.4,695.08,10.2,75.25,737.84,-2.85,0.22,-42.76,mixed_edge
1-4,stadium_code x target_lane,14 | 4,624,65,10.42,62400,45180,-17220,72.4,695.08,10.2,75.25,737.84,-2.85,0.22,-42.76,mixed_edge
1-5,lane1_target_national_win_diff_bucket,lane1_plus_1.00+,4932,224,4.54,493200,357020,-136180,72.39,1593.84,6.4,77.77,1215.84,-5.38,-1.86,378.0,mixed_edge
1-5,lane1_exhibition_rank_bucket,3,2234,132,5.91,223400,161720,-61680,72.39,1225.15,6.4,77.77,1215.84,-5.38,-0.49,9.31,mixed_edge
1-5,lane1_exhibition_rank_bucket,4+,3872,207,5.35,387200,280130,-107070,72.35,1353.29,6.4,77.77,1215.84,-5.42,-1.05,137.45,mixed_edge
1-3,target_exhibition_rank_bucket x other_exhibition_faster_than_target_count_bucket,4+ | 1,199,37,18.59,19900,14390,-5510,72.31,388.92,15.42,76.45,495.64,-4.14,3.17,-106.72,mixed_edge
1-3,target_class,A2,3393,537,15.83,339300,245260,-94040,72.28,456.72,15.42,76.45,495.64,-4.17,0.41,-38.92,mixed_edge
1-3,wind_bucket,5-6,1405,201,14.31,140500,101560,-38940,72.28,505.27,15.42,76.45,495.64,-4.17,-1.11,9.63,mixed_edge
1-4,other_group_pattern,A-B-B-B,786,90,11.45,78600,56810,-21790,72.28,631.22,10.2,75.25,737.84,-2.97,1.25,-106.62,mixed_edge
1-2,other_group_pattern,A-A-B-B,722,94,13.02,72200,52170,-20030,72.26,555.0,17.68,78.75,445.55,-6.49,-4.66,109.45,mixed_edge
1-2,lane1_target_start_gap_pair x target_outer_pressure_bucket,>0.06-0.04-0.06 | low_other_pressure,49,10,20.41,4900,3540,-1360,72.24,354.0,17.68,78.75,445.55,-6.51,2.73,-91.55,mixed_edge
1-6,target_boat_rank_bucket,3,2201,87,3.95,220100,158970,-61130,72.23,1827.24,3.94,69.07,1754.72,3.16,0.01,72.52,mixed_edge
1-2,other_group_pattern,B-B-B-A,806,158,19.6,80600,58210,-22390,72.22,368.42,17.68,78.75,445.55,-6.53,1.92,-77.13,mixed_edge
1-4,lane1_target_national_win_diff_bucket,lane1_plus_1.00+,4442,373,8.4,444200,320620,-123580,72.18,859.57,10.2,75.25,737.84,-3.07,-1.8,121.73,mixed_edge
1-6,lane1_exhibition_rank_bucket,1,4142,187,4.51,414200,298990,-115210,72.18,1598.88,3.94,69.07,1754.72,3.11,0.57,-155.84,mixed_edge
1-3,lane1_target_national_rank_pair x target_outer_pressure_bucket,3-2 | some_other_pressure,257,55,21.4,25700,18550,-7150,72.18,337.27,15.42,76.45,495.64,-4.27,5.98,-158.37,mixed_edge
1-6,wind_bucket,0-2,6724,274,4.07,672400,485190,-187210,72.16,1770.77,3.94,69.07,1754.72,3.09,0.13,16.05,mixed_edge
1-3,lane1_target_national_win_diff_bucket,near_equal,2542,405,15.93,254200,183430,-70770,72.16,452.91,15.42,76.45,495.64,-4.29,0.51,-42.73,mixed_edge
1-5,target_local_win_rank_bucket,3,2125,136,6.4,212500,153340,-59160,72.16,1127.5,6.4,77.77,1215.84,-5.61,0.0,-88.34,mixed_edge
1-4,lane1_target_group_pair x other_a_count_bucket,A-A | 1,881,166,18.84,88100,63560,-24540,72.15,382.89,10.2,75.25,737.84,-3.1,8.64,-354.95,mixed_edge
1-6,lane1_target_start_gap_pair,0.04-0.06-0.04-0.06,511,20,3.91,51100,36870,-14230,72.15,1843.5,3.94,69.07,1754.72,3.08,-0.03,88.78,mixed_edge
1-6,target_lane x lane1_target_start_gap_pair,6 | 0.04-0.06-0.04-0.06,511,20,3.91,51100,36870,-14230,72.15,1843.5,3.94,69.07,1754.72,3.08,-0.03,88.78,mixed_edge
1-6,lane1_start_exhibition_gap_bucket x target_start_exhibition_gap_bucket,0.04-0.06 | 0.04-0.06,511,20,3.91,51100,36870,-14230,72.15,1843.5,3.94,69.07,1754.72,3.08,-0.03,88.78,mixed_edge
1-4,target_boat_rank_bucket,2,2168,216,9.96,216800,156330,-60470,72.11,723.75,10.2,75.25,737.84,-3.14,-0.24,-14.09,mixed_edge
1-5,lane1_target_national_rank_pair,1-4+,2127,113,5.31,212700,153360,-59340,72.1,1357.17,6.4,77.77,1215.84,-5.67,-1.09,141.33,mixed_edge
1-5,target_lane x lane1_target_national_rank_pair,5 | 1-4+,2127,113,5.31,212700,153360,-59340,72.1,1357.17,6.4,77.77,1215.84,-5.67,-1.09,141.33,mixed_edge
1-3,target_national_win_rank_bucket x other_national_better_than_target_count_bucket,2 | 0,733,204,27.83,73300,52850,-20450,72.1,259.07,15.42,76.45,495.64,-4.35,12.41,-236.57,mixed_edge
1-3,target_motor_rank_bucket,4+,6530,928,14.21,653000,470560,-182440,72.06,507.07,15.42,76.45,495.64,-4.39,-1.21,11.43,mixed_edge
1-6,other_exhibition_faster_than_target_count_bucket,0,3170,161,5.08,317000,228420,-88580,72.06,1418.76,3.94,69.07,1754.72,2.99,1.14,-335.96,mixed_edge
1-6,lane1_target_national_win_diff_bucket,near_equal,2265,98,4.33,226500,163210,-63290,72.06,1665.41,3.94,69.07,1754.72,2.99,0.39,-89.31,mixed_edge
1-2,lane1_target_start_exhibition_st_diff_bucket,lane1_faster_0.06+,2312,369,15.96,231200,166540,-64660,72.03,451.33,17.68,78.75,445.55,-6.72,-1.72,5.78,mixed_edge
1-5,target_national_win_rank_bucket x other_national_better_than_target_count_bucket,4+ | 2,1641,93,5.67,164100,118180,-45920,72.02,1270.75,6.4,77.77,1215.84,-5.75,-0.73,54.91,mixed_edge
1-2,other_group_pattern,B-A-A-A,373,54,14.48,37300,26860,-10440,72.01,497.41,17.68,78.75,445.55,-6.74,-3.2,51.86,mixed_edge
1-2,race_no_bucket,7-9R,3350,539,16.09,335000,241160,-93840,71.99,447.42,17.68,78.75,445.55,-6.76,-1.59,1.87,mixed_edge
1-2,race_no_bucket x target_lane,7-9R | 2,3350,539,16.09,335000,241160,-93840,71.99,447.42,17.68,78.75,445.55,-6.76,-1.59,1.87,mixed_edge
1-4,other_national_better_than_target_count_bucket,2,2730,240,8.79,273000,196530,-76470,71.99,818.88,10.2,75.25,737.84,-3.26,-1.41,81.04,mixed_edge
1-5,lane1_target_national_rank_pair x target_outer_pressure_bucket,3-1 | some_other_pressure,86,12,13.95,8600,6190,-2410,71.98,515.83,6.4,77.77,1215.84,-5.79,7.55,-700.01,mixed_edge
1-6,lane1_target_start_gap_pair x target_outer_pressure_bucket,<=0.03-<=0.03 | high_other_pressure,496,18,3.63,49600,35680,-13920,71.94,1982.22,3.94,69.07,1754.72,2.87,-0.31,227.5,mixed_edge
1-3,stadium_code,22,694,108,15.56,69400,49910,-19490,71.92,462.13,15.42,76.45,495.64,-4.53,0.14,-33.51,mixed_edge
1-3,stadium_code x target_lane,22 | 3,694,108,15.56,69400,49910,-19490,71.92,462.13,15.42,76.45,495.64,-4.53,0.14,-33.51,mixed_edge
1-5,lane1_target_national_rank_pair x target_outer_pressure_bucket,3-2 | some_other_pressure,203,22,10.84,20300,14600,-5700,71.92,663.64,6.4,77.77,1215.84,-5.85,4.44,-552.2,mixed_edge
1-3,month,2025-10,4124,619,15.01,412400,296460,-115940,71.89,478.93,15.42,76.45,495.64,-4.56,-0.41,-16.71,mixed_edge
1-4,lane1_target_local_win_diff_bucket,lane1_plus_0.35_1.00,1747,193,11.05,174700,125590,-49110,71.89,650.73,10.2,75.25,737.84,-3.36,0.85,-87.11,mixed_edge
1-5,lane1_exhibition_rank_bucket,2,3025,187,6.18,302500,217370,-85130,71.86,1162.41,6.4,77.77,1215.84,-5.91,-0.22,-53.43,mixed_edge
1-3,lane1_target_national_win_diff_bucket,target_plus_1.00+,2539,314,12.37,253900,182450,-71450,71.86,581.05,15.42,76.45,495.64,-4.59,-3.05,85.41,mixed_edge
1-4,stadium_code,22,694,70,10.09,69400,49860,-19540,71.84,712.29,10.2,75.25,737.84,-3.41,-0.11,-25.55,mixed_edge
1-4,stadium_code x target_lane,22 | 4,694,70,10.09,69400,49860,-19540,71.84,712.29,10.2,75.25,737.84,-3.41,-0.11,-25.55,mixed_edge
1-4,lane1_exhibition_rank_bucket,4+,3872,343,8.86,387200,278000,-109200,71.8,810.5,10.2,75.25,737.84,-3.45,-1.34,72.66,mixed_edge
1-2,lane1_target_motor_place_diff_bucket,target_plus_10+,2240,396,17.68,224000,160810,-63190,71.79,406.09,17.68,78.75,445.55,-6.96,0.0,-39.46,mixed_edge
1-2,lane1_national_win_rank_bucket,3,2350,381,16.21,235000,168590,-66410,71.74,442.49,17.68,78.75,445.55,-7.01,-1.47,-3.06,mixed_edge
1-5,target_motor_rank_bucket,4+,6935,399,5.75,693500,497470,-196030,71.73,1246.79,6.4,77.77,1215.84,-6.04,-0.65,30.95,mixed_edge
1-5,race_no_bucket,7-9R,3350,208,6.21,335000,240300,-94700,71.73,1155.29,6.4,77.77,1215.84,-6.04,-0.19,-60.55,mixed_edge
1-5,race_no_bucket x target_lane,7-9R | 5,3350,208,6.21,335000,240300,-94700,71.73,1155.29,6.4,77.77,1215.84,-6.04,-0.19,-60.55,mixed_edge
1-4,other_national_better_than_target_count_bucket,4,2571,125,4.86,257100,184300,-72800,71.68,1474.4,10.2,75.25,737.84,-3.57,-5.34,736.56,mixed_edge
1-4,target_national_win_rank_bucket x other_national_better_than_target_count_bucket,4+ | 4,2571,125,4.86,257100,184300,-72800,71.68,1474.4,10.2,75.25,737.84,-3.57,-5.34,736.56,mixed_edge
1-3,lane1_target_exhibition_time_diff_bucket x lane1_target_start_exhibition_st_diff_bucket,lane1_faster_0.05_0.10 | lane1_faster_0.06+,554,74,13.36,55400,39710,-15690,71.68,536.62,15.42,76.45,495.64,-4.77,-2.06,40.98,mixed_edge
1-4,lane1_national_win_rank_bucket,2,2688,311,11.57,268800,192600,-76200,71.65,619.29,10.2,75.25,737.84,-3.6,1.37,-118.55,mixed_edge
1-6,lane1_target_national_rank_pair x target_outer_pressure_bucket,3-1 | high_other_pressure,243,22,9.05,24300,17410,-6890,71.65,791.36,3.94,69.07,1754.72,2.58,5.11,-963.36,mixed_edge
1-4,lane1_local_win_rank_bucket,3,2321,217,9.35,232100,166230,-65870,71.62,766.04,10.2,75.25,737.84,-3.63,-0.85,28.2,mixed_edge
1-4,target_exhibition_st_rank_bucket,4+,6459,586,9.07,645900,462350,-183550,71.58,788.99,10.2,75.25,737.84,-3.67,-1.13,51.15,mixed_edge
1-4,target_lane x target_exhibition_st_rank_bucket,4 | 4+,6459,586,9.07,645900,462350,-183550,71.58,788.99,10.2,75.25,737.84,-3.67,-1.13,51.15,mixed_edge
1-5,lane1_target_national_rank_pair x target_outer_pressure_bucket,1-4+ | high_other_pressure,2119,111,5.24,211900,151670,-60230,71.58,1366.4,6.4,77.77,1215.84,-6.19,-1.16,150.56,mixed_edge
1-2,lane1_target_group_pair x other_a_count_bucket,A-A | 3,610,147,24.1,61000,43660,-17340,71.57,297.01,17.68,78.75,445.55,-7.18,6.42,-148.54,mixed_edge
1-5,lane1_target_start_exhibition_st_diff_bucket,lane1_faster_0.06+,3772,224,5.94,377200,269870,-107330,71.55,1204.78,6.4,77.77,1215.84,-6.22,-0.46,-11.06,mixed_edge
1-6,other_group_pattern,B-A-B-A,776,24,3.09,77600,55510,-22090,71.53,2312.92,3.94,69.07,1754.72,2.46,-0.85,558.2,mixed_edge
1-3,lane1_boat_rank_bucket,2,2256,336,14.89,225600,161310,-64290,71.5,480.09,15.42,76.45,495.64,-4.95,-0.53,-15.55,mixed_edge
1-2,lane1_target_class_pair,A2-B1,2228,323,14.5,222800,159180,-63620,71.45,492.82,17.68,78.75,445.55,-7.3,-3.18,47.27,mixed_edge
1-2,lane1_target_group_pair x other_a_count_bucket,A-B | 1,1120,167,14.91,112000,80010,-31990,71.44,479.1,17.68,78.75,445.55,-7.31,-2.77,33.55,mixed_edge
1-6,lane1_motor_rank_bucket,1,2605,120,4.61,260500,185940,-74560,71.38,1549.5,3.94,69.07,1754.72,2.31,0.67,-205.22,mixed_edge
1-5,target_exhibition_st_rank_bucket x other_st_faster_than_target_count_bucket,3 | 0,261,17,6.51,26100,18630,-7470,71.38,1095.88,6.4,77.77,1215.84,-6.39,0.11,-119.96,mixed_edge
1-3,target_national_win_rank_bucket,3,2405,386,16.05,240500,171600,-68900,71.35,444.56,15.42,76.45,495.64,-5.1,0.63,-51.08,mixed_edge
1-4,lane1_boat_rank_bucket,2,2256,214,9.49,225600,160940,-64660,71.34,752.06,10.2,75.25,737.84,-3.91,-0.71,14.22,mixed_edge
1-2,lane1_target_exhibition_st_rank_pair,3-4+,1080,148,13.7,108000,77020,-30980,71.31,520.41,17.68,78.75,445.55,-7.44,-3.98,74.86,mixed_edge
1-2,lane1_exhibition_st_rank_bucket x target_exhibition_st_rank_bucket,3 | 4+,1080,148,13.7,108000,77020,-30980,71.31,520.41,17.68,78.75,445.55,-7.44,-3.98,74.86,mixed_edge
1-5,lane1_target_exhibition_time_diff_bucket x lane1_target_start_exhibition_st_diff_bucket,near_equal | lane1_faster_0.06+,1791,117,6.53,179100,127580,-51520,71.23,1090.43,6.4,77.77,1215.84,-6.54,0.13,-125.41,mixed_edge
1-2,grade_group,G1,204,32,15.69,20400,14530,-5870,71.23,454.06,17.68,78.75,445.55,-7.52,-1.99,8.51,mixed_edge
1-3,other_group_pattern,A-A-B-B,791,85,10.75,79100,56250,-22850,71.11,661.76,15.42,76.45,495.64,-5.34,-4.67,166.12,mixed_edge
1-5,wind_bucket,5-6,1405,83,5.91,140500,99880,-40620,71.09,1203.37,6.4,77.77,1215.84,-6.68,-0.49,-12.47,mixed_edge
1-3,target_exhibition_rank_bucket,2,2171,361,16.63,217100,154320,-62780,71.08,427.48,15.42,76.45,495.64,-5.37,1.21,-68.16,mixed_edge
1-4,lane1_target_exhibition_st_rank_pair,4+-2,1134,97,8.55,113400,80580,-32820,71.06,830.72,10.2,75.25,737.84,-4.19,-1.65,92.88,mixed_edge
1-4,lane1_exhibition_st_rank_bucket x target_exhibition_st_rank_bucket,4+ | 2,1134,97,8.55,113400,80580,-32820,71.06,830.72,10.2,75.25,737.84,-4.19,-1.65,92.88,mixed_edge
1-5,stadium_code,01,539,34,6.31,53900,38300,-15600,71.06,1126.47,6.4,77.77,1215.84,-6.71,-0.09,-89.37,mixed_edge
1-5,stadium_code x target_lane,01 | 5,539,34,6.31,53900,38300,-15600,71.06,1126.47,6.4,77.77,1215.84,-6.71,-0.09,-89.37,mixed_edge
1-5,target_exhibition_rank_bucket,3,2104,145,6.89,210400,149490,-60910,71.05,1030.97,6.4,77.77,1215.84,-6.72,0.49,-184.87,mixed_edge
1-4,stadium_code,11,705,75,10.64,70500,50070,-20430,71.02,667.6,10.2,75.25,737.84,-4.23,0.44,-70.24,mixed_edge
1-4,stadium_code x target_lane,11 | 4,705,75,10.64,70500,50070,-20430,71.02,667.6,10.2,75.25,737.84,-4.23,0.44,-70.24,mixed_edge
1-4,lane1_target_boat_place_diff_bucket,target_plus_4_10,2315,228,9.85,231500,164380,-67120,71.01,720.96,10.2,75.25,737.84,-4.24,-0.35,-16.88,mixed_edge
1-3,stadium_code,05,576,75,13.02,57600,40900,-16700,71.01,545.33,15.42,76.45,495.64,-5.44,-2.4,49.69,mixed_edge
1-3,stadium_code x target_lane,05 | 3,576,75,13.02,57600,40900,-16700,71.01,545.33,15.42,76.45,495.64,-5.44,-2.4,49.69,mixed_edge
1-2,wave_bucket,10+,250,37,14.8,25000,17740,-7260,70.96,479.46,17.68,78.75,445.55,-7.79,-2.88,33.91,mixed_edge
1-3,lane1_target_group_pair x other_a_count_bucket,B-B | 4,63,3,4.76,6300,4470,-1830,70.95,1490.0,15.42,76.45,495.64,-5.5,-10.66,994.36,mixed_edge
1-4,lane1_target_national_rank_pair x target_outer_pressure_bucket,1-2 | low_other_pressure,192,40,20.83,19200,13620,-5580,70.94,340.5,10.2,75.25,737.84,-4.31,10.63,-397.34,mixed_edge
1-6,lane1_target_start_gap_pair x target_outer_pressure_bucket,best->0.06 | low_other_pressure,86,7,8.14,8600,6100,-2500,70.93,871.43,3.94,69.07,1754.72,1.86,4.2,-883.29,mixed_edge
1-5,other_exhibition_faster_than_target_count_bucket,2,2696,179,6.64,269600,191050,-78550,70.86,1067.32,6.4,77.77,1215.84,-6.91,0.24,-148.52,mixed_edge
1-6,target_motor_rank_bucket,2,2093,91,4.35,209300,148270,-61030,70.84,1629.34,3.94,69.07,1754.72,1.77,0.41,-125.38,mixed_edge
1-4,target_outer_pressure_bucket,some_other_pressure,1781,253,14.21,178100,126140,-51960,70.83,498.58,10.2,75.25,737.84,-4.42,4.01,-239.26,mixed_edge
1-4,target_lane x target_outer_pressure_bucket,4 | some_other_pressure,1781,253,14.21,178100,126140,-51960,70.83,498.58,10.2,75.25,737.84,-4.42,4.01,-239.26,mixed_edge
1-3,other_a_count_bucket,3,2222,262,11.79,222200,157360,-64840,70.82,600.61,15.42,76.45,495.64,-5.63,-3.63,104.97,mixed_edge
1-3,target_lane x other_a_count_bucket,3 | 3,2222,262,11.79,222200,157360,-64840,70.82,600.61,15.42,76.45,495.64,-5.63,-3.63,104.97,mixed_edge
1-6,stadium_code,23,480,20,4.17,48000,33990,-14010,70.81,1699.5,3.94,69.07,1754.72,1.74,0.23,-55.22,mixed_edge
1-6,stadium_code x target_lane,23 | 6,480,20,4.17,48000,33990,-14010,70.81,1699.5,3.94,69.07,1754.72,1.74,0.23,-55.22,mixed_edge
1-3,stadium_code,09,672,102,15.18,67200,47570,-19630,70.79,466.37,15.42,76.45,495.64,-5.66,-0.24,-29.27,mixed_edge
1-3,stadium_code x target_lane,09 | 3,672,102,15.18,67200,47570,-19630,70.79,466.37,15.42,76.45,495.64,-5.66,-0.24,-29.27,mixed_edge
1-2,lane1_target_national_rank_pair x target_outer_pressure_bucket,4+-1 | low_other_pressure,395,58,14.68,39500,27950,-11550,70.76,481.9,17.68,78.75,445.55,-7.99,-3.0,36.35,mixed_edge
1-6,stadium_code,18,480,15,3.12,48000,33960,-14040,70.75,2264.0,3.94,69.07,1754.72,1.68,-0.82,509.28,mixed_edge
1-6,stadium_code x target_lane,18 | 6,480,15,3.12,48000,33960,-14040,70.75,2264.0,3.94,69.07,1754.72,1.68,-0.82,509.28,mixed_edge
1-5,other_group_pattern,A-B-A-B,812,42,5.17,81200,57440,-23760,70.74,1367.62,6.4,77.77,1215.84,-7.03,-1.23,151.78,mixed_edge
1-6,meeting_phase_bucket,day5+,3718,166,4.46,371800,262980,-108820,70.73,1584.22,3.94,69.07,1754.72,1.66,0.52,-170.5,mixed_edge
1-6,meeting_phase_bucket x target_lane,day5+ | 6,3718,166,4.46,371800,262980,-108820,70.73,1584.22,3.94,69.07,1754.72,1.66,0.52,-170.5,mixed_edge
1-6,lane1_boat_rank_bucket,3,2283,93,4.07,228300,161440,-66860,70.71,1735.91,3.94,69.07,1754.72,1.64,0.13,-18.81,mixed_edge
1-2,other_group_pattern,B-A-A-B,674,98,14.54,67400,47650,-19750,70.7,486.22,17.68,78.75,445.55,-8.05,-3.14,40.67,mixed_edge
1-4,lane1_target_exhibition_time_diff_bucket x lane1_target_start_exhibition_st_diff_bucket,target_faster_0.10+ | lane1_faster_0.03_0.06,90,12,13.33,9000,6360,-2640,70.67,530.0,10.2,75.25,737.84,-4.58,3.13,-207.84,mixed_edge
1-2,lane1_target_national_rank_pair x target_outer_pressure_bucket,3-1 | some_other_pressure,122,28,22.95,12200,8620,-3580,70.66,307.86,17.68,78.75,445.55,-8.09,5.27,-137.69,mixed_edge
1-6,lane1_target_class_pair,A2-A1,760,73,9.61,76000,53670,-22330,70.62,735.21,3.94,69.07,1754.72,1.55,5.67,-1019.51,mixed_edge
1-4,lane1_target_national_win_diff_bucket,target_plus_0.35_1.00,1830,200,10.93,183000,129150,-53850,70.57,645.75,10.2,75.25,737.84,-4.68,0.73,-92.09,mixed_edge
1-4,lane1_target_exhibition_st_rank_pair,2-4+,1375,123,8.95,137500,97000,-40500,70.55,788.62,10.2,75.25,737.84,-4.7,-1.25,50.78,mixed_edge
1-4,lane1_exhibition_st_rank_bucket x target_exhibition_st_rank_bucket,2 | 4+,1375,123,8.95,137500,97000,-40500,70.55,788.62,10.2,75.25,737.84,-4.7,-1.25,50.78,mixed_edge
1-5,other_b2_count_bucket,1,2807,199,7.09,280700,197970,-82730,70.53,994.82,6.4,77.77,1215.84,-7.24,0.69,-221.02,mixed_edge
1-4,other_group_pattern,B-B-A-A,484,43,8.88,48400,34120,-14280,70.5,793.49,10.2,75.25,737.84,-4.75,-1.32,55.65,mixed_edge
1-4,lane1_target_national_rank_pair x target_outer_pressure_bucket,2-1 | some_other_pressure,133,29,21.8,13300,9370,-3930,70.45,323.1,10.2,75.25,737.84,-4.8,11.6,-414.74,mixed_edge
1-6,wind_bucket,3-4,4952,198,4.0,495200,348330,-146870,70.34,1759.24,3.94,69.07,1754.72,1.27,0.06,4.52,mixed_edge
1-6,lane1_target_boat_place_diff_bucket,target_plus_10+,1977,76,3.84,197700,139050,-58650,70.33,1829.61,3.94,69.07,1754.72,1.26,-0.1,74.89,mixed_edge
1-5,stadium_code,11,705,40,5.67,70500,49580,-20920,70.33,1239.5,6.4,77.77,1215.84,-7.44,-0.73,23.66,mixed_edge
1-5,stadium_code x target_lane,11 | 5,705,40,5.67,70500,49580,-20920,70.33,1239.5,6.4,77.77,1215.84,-7.44,-0.73,23.66,mixed_edge
1-5,lane1_target_class_pair,B1-A2,1079,49,4.54,107900,75880,-32020,70.32,1548.57,6.4,77.77,1215.84,-7.45,-1.86,332.73,mixed_edge
1-4,other_group_pattern,A-B-B-A,848,72,8.49,84800,59620,-25180,70.31,828.06,10.2,75.25,737.84,-4.94,-1.71,90.22,mixed_edge
1-5,lane1_target_class_pair,A1-A2,1076,87,8.09,107600,75630,-31970,70.29,869.31,6.4,77.77,1215.84,-7.48,1.69,-346.53,mixed_edge
1-5,target_boat_rank_bucket,3,2159,129,5.97,215900,151680,-64220,70.25,1175.81,6.4,77.77,1215.84,-7.52,-0.43,-40.03,mixed_edge
1-6,target_exhibition_rank_bucket,2,1839,97,5.27,183900,129130,-54770,70.22,1331.24,3.94,69.07,1754.72,1.15,1.33,-423.48,mixed_edge
1-6,other_a_count_bucket,4,1764,58,3.29,176400,123820,-52580,70.19,2134.83,3.94,69.07,1754.72,1.12,-0.65,380.11,mixed_edge
1-6,other_group_pattern,A-A-A-A,1764,58,3.29,176400,123820,-52580,70.19,2134.83,3.94,69.07,1754.72,1.12,-0.65,380.11,mixed_edge
1-6,target_lane x other_a_count_bucket,6 | 4,1764,58,3.29,176400,123820,-52580,70.19,2134.83,3.94,69.07,1754.72,1.12,-0.65,380.11,mixed_edge
1-6,lane1_national_win_rank_bucket,2,2688,131,4.87,268800,188650,-80150,70.18,1440.08,3.94,69.07,1754.72,1.11,0.93,-314.64,mixed_edge
1-2,stadium_code,08,575,89,15.48,57500,40350,-17150,70.17,453.37,17.68,78.75,445.55,-8.58,-2.2,7.82,mixed_edge
1-2,stadium_code x target_lane,08 | 2,575,89,15.48,57500,40350,-17150,70.17,453.37,17.68,78.75,445.55,-8.58,-2.2,7.82,mixed_edge
1-4,lane1_boat_rank_bucket,3,2283,234,10.25,228300,160170,-68130,70.16,684.49,10.2,75.25,737.84,-5.09,0.05,-53.35,mixed_edge
1-5,lane1_target_motor_place_diff_bucket,lane1_plus_4_10,2234,124,5.55,223400,156640,-66760,70.12,1263.23,6.4,77.77,1215.84,-7.65,-0.85,47.39,mixed_edge
1-6,lane1_national_win_rank_bucket,4+,5012,144,2.87,501200,351360,-149840,70.1,2440.0,3.94,69.07,1754.72,1.03,-1.07,685.28,mixed_edge
1-6,stadium_code,14,624,23,3.69,62400,43740,-18660,70.1,1901.74,3.94,69.07,1754.72,1.03,-0.25,147.02,mixed_edge
1-6,stadium_code x target_lane,14 | 6,624,23,3.69,62400,43740,-18660,70.1,1901.74,3.94,69.07,1754.72,1.03,-0.25,147.02,mixed_edge
1-6,stadium_code,07,347,12,3.46,34700,24320,-10380,70.09,2026.67,3.94,69.07,1754.72,1.02,-0.48,271.95,mixed_edge
1-6,stadium_code x target_lane,07 | 6,347,12,3.46,34700,24320,-10380,70.09,2026.67,3.94,69.07,1754.72,1.02,-0.48,271.95,mixed_edge
1-4,lane1_target_group_pair x other_a_count_bucket,B-B | 2,1036,40,3.86,103600,72590,-31010,70.07,1814.75,10.2,75.25,737.84,-5.18,-6.34,1076.91,mixed_edge
1-3,target_exhibition_rank_bucket x other_exhibition_faster_than_target_count_bucket,3 | 2,669,91,13.6,66900,46840,-20060,70.01,514.73,15.42,76.45,495.64,-6.44,-1.82,19.09,mixed_edge
1-2,lane1_class,B2,315,24,7.62,31500,22040,-9460,69.97,918.33,17.68,78.75,445.55,-8.78,-10.06,472.78,mixed_edge
1-4,target_motor_rank_bucket,4+,6890,640,9.29,689000,482050,-206950,69.96,753.2,10.2,75.25,737.84,-5.29,-0.91,15.36,mixed_edge
1-5,lane1_target_local_win_diff_bucket,target_plus_1.00+,3039,226,7.44,303900,212610,-91290,69.96,940.75,6.4,77.77,1215.84,-7.81,1.04,-275.09,mixed_edge
1-2,lane1_target_exhibition_time_diff_bucket x lane1_target_start_exhibition_st_diff_bucket,lane1_faster_0.10+ | lane1_faster_0.06+,236,41,17.37,23600,16510,-7090,69.96,402.68,17.68,78.75,445.55,-8.79,-0.31,-42.87,mixed_edge
1-2,lane1_target_national_rank_pair x target_outer_pressure_bucket,3-2 | high_other_pressure,235,46,19.57,23500,16440,-7060,69.96,357.39,17.68,78.75,445.55,-8.79,1.89,-88.16,mixed_edge
1-4,other_a_count_bucket,0,1872,271,14.48,187200,130810,-56390,69.88,482.69,10.2,75.25,737.84,-5.37,4.28,-255.15,mixed_edge
1-4,other_group_pattern,B-B-B-B,1872,271,14.48,187200,130810,-56390,69.88,482.69,10.2,75.25,737.84,-5.37,4.28,-255.15,mixed_edge
1-4,target_lane x other_a_count_bucket,4 | 0,1872,271,14.48,187200,130810,-56390,69.88,482.69,10.2,75.25,737.84,-5.37,4.28,-255.15,mixed_edge
1-5,lane1_target_group_pair x other_a_count_bucket,A-B | 2,1407,55,3.91,140700,98250,-42450,69.83,1786.36,6.4,77.77,1215.84,-7.94,-2.49,570.52,mixed_edge
1-2,lane1_target_start_gap_pair x target_outer_pressure_bucket,0.04-0.06-best | some_other_pressure,97,20,20.62,9700,6770,-2930,69.79,338.5,17.68,78.75,445.55,-8.96,2.94,-107.05,mixed_edge
1-5,lane1_target_exhibition_st_rank_pair,4+-1,1114,76,6.82,111400,77730,-33670,69.78,1022.76,6.4,77.77,1215.84,-7.99,0.42,-193.08,mixed_edge
1-5,lane1_exhibition_st_rank_bucket x target_exhibition_st_rank_bucket,4+ | 1,1114,76,6.82,111400,77730,-33670,69.78,1022.76,6.4,77.77,1215.84,-7.99,0.42,-193.08,mixed_edge
1-4,lane1_national_win_rank_bucket,3,2350,219,9.32,235000,163970,-71030,69.77,748.72,10.2,75.25,737.84,-5.48,-0.88,10.88,mixed_edge
1-6,lane1_target_group_pair x other_a_count_bucket,A-B | 2,1248,23,1.84,124800,87000,-37800,69.71,3782.61,3.94,69.07,1754.72,0.64,-2.1,2027.89,mixed_edge
1-6,lane1_class,A2,3681,159,4.32,368100,256550,-111550,69.7,1613.52,3.94,69.07,1754.72,0.63,0.38,-141.2,mixed_edge
1-4,race_no_bucket,1-3R,3359,294,8.75,335900,234030,-101870,69.67,796.02,10.2,75.25,737.84,-5.58,-1.45,58.18,mixed_edge
1-4,race_no_bucket x target_lane,1-3R | 4,3359,294,8.75,335900,234030,-101870,69.67,796.02,10.2,75.25,737.84,-5.58,-1.45,58.18,mixed_edge
1-5,lane1_target_exhibition_st_rank_pair,4+-2,1178,64,5.43,117800,82070,-35730,69.67,1282.34,6.4,77.77,1215.84,-8.1,-0.97,66.5,mixed_edge
1-5,lane1_exhibition_st_rank_bucket x target_exhibition_st_rank_bucket,4+ | 2,1178,64,5.43,117800,82070,-35730,69.67,1282.34,6.4,77.77,1215.84,-8.1,-0.97,66.5,mixed_edge
1-2,lane1_target_exhibition_st_rank_pair,2-4+,985,167,16.95,98500,68580,-29920,69.62,410.66,17.68,78.75,445.55,-9.13,-0.73,-34.89,mixed_edge
1-2,lane1_exhibition_st_rank_bucket x target_exhibition_st_rank_bucket,2 | 4+,985,167,16.95,98500,68580,-29920,69.62,410.66,17.68,78.75,445.55,-9.13,-0.73,-34.89,mixed_edge
1-4,wind_bucket,5-6,1405,120,8.54,140500,97780,-42720,69.59,814.83,10.2,75.25,737.84,-5.66,-1.66,76.99,mixed_edge
1-4,lane1_target_national_rank_pair,2-3,490,55,11.22,49000,34100,-14900,69.59,620.0,10.2,75.25,737.84,-5.66,1.02,-117.84,mixed_edge
1-4,target_lane x lane1_target_national_rank_pair,4 | 2-3,490,55,11.22,49000,34100,-14900,69.59,620.0,10.2,75.25,737.84,-5.66,1.02,-117.84,mixed_edge
1-6,lane1_exhibition_rank_bucket,2,3025,120,3.97,302500,210410,-92090,69.56,1753.42,3.94,69.07,1754.72,0.49,0.03,-1.3,mixed_edge
1-4,lane1_target_national_rank_pair,3-4+,1416,82,5.79,141600,98490,-43110,69.56,1201.1,10.2,75.25,737.84,-5.69,-4.41,463.26,mixed_edge
1-4,target_lane x lane1_target_national_rank_pair,4 | 3-4+,1416,82,5.79,141600,98490,-43110,69.56,1201.1,10.2,75.25,737.84,-5.69,-4.41,463.26,mixed_edge
1-4,lane1_target_national_rank_pair x target_outer_pressure_bucket,3-4+ | high_other_pressure,1416,82,5.79,141600,98490,-43110,69.56,1201.1,10.2,75.25,737.84,-5.69,-4.41,463.26,mixed_edge
1-4,lane1_target_national_rank_pair x target_outer_pressure_bucket,3-2 | some_other_pressure,201,26,12.94,20100,13980,-6120,69.55,537.69,10.2,75.25,737.84,-5.7,2.74,-200.15,mixed_edge
1-6,lane1_class_group,A,8238,371,4.5,823800,572340,-251460,69.48,1542.7,3.94,69.07,1754.72,0.41,0.56,-212.02,mixed_edge
1-4,target_exhibition_rank_bucket x other_exhibition_faster_than_target_count_bucket,3 | 2,667,64,9.6,66700,46340,-20360,69.48,724.06,10.2,75.25,737.84,-5.77,-0.6,-13.78,mixed_edge
1-6,lane1_target_exhibition_time_diff_bucket x lane1_target_start_exhibition_st_diff_bucket,lane1_faster_0.10+ | lane1_faster_0.06+,738,26,3.52,73800,51230,-22570,69.42,1970.38,3.94,69.07,1754.72,0.35,-0.42,215.66,mixed_edge
1-5,lane1_target_class_pair,A1-B1,1778,94,5.29,177800,123410,-54390,69.41,1312.87,6.4,77.77,1215.84,-8.36,-1.11,97.03,mixed_edge
1-4,other_group_pattern,A-B-A-B,772,71,9.2,77200,53570,-23630,69.39,754.51,10.2,75.25,737.84,-5.86,-1.0,16.67,mixed_edge
1-3,lane1_target_national_rank_pair,2-3,587,98,16.7,58700,40730,-17970,69.39,415.61,15.42,76.45,495.64,-7.06,1.28,-80.03,mixed_edge
1-3,target_lane x lane1_target_national_rank_pair,3 | 2-3,587,98,16.7,58700,40730,-17970,69.39,415.61,15.42,76.45,495.64,-7.06,1.28,-80.03,mixed_edge
1-5,lane1_target_exhibition_time_diff_bucket x lane1_target_start_exhibition_st_diff_bucket,lane1_faster_0.10+ | target_faster_0.03_0.06,225,15,6.67,22500,15610,-6890,69.38,1040.67,6.4,77.77,1215.84,-8.39,0.27,-175.17,mixed_edge
1-4,lane1_target_national_rank_pair x target_outer_pressure_bucket,1-2 | some_other_pressure,154,30,19.48,15400,10680,-4720,69.35,356.0,10.2,75.25,737.84,-5.9,9.28,-381.84,mixed_edge
1-4,meeting_phase_bucket,day1-2,4849,453,9.34,484900,336200,-148700,69.33,742.16,10.2,75.25,737.84,-5.92,-0.86,4.32,mixed_edge
1-4,meeting_phase_bucket x target_lane,day1-2 | 4,4849,453,9.34,484900,336200,-148700,69.33,742.16,10.2,75.25,737.84,-5.92,-0.86,4.32,mixed_edge
1-6,grade_group,一般,13138,517,3.94,1313800,910550,-403250,69.31,1761.22,3.94,69.07,1754.72,0.24,0.0,6.5,mixed_edge
1-6,lane1_class,A1,4557,212,4.65,455700,315790,-139910,69.3,1489.58,3.94,69.07,1754.72,0.23,0.71,-265.14,mixed_edge
1-3,lane1_target_group_pair x other_a_count_bucket,A-A | 1,955,231,24.19,95500,66180,-29320,69.3,286.49,15.42,76.45,495.64,-7.15,8.77,-209.15,mixed_edge
1-4,other_exhibition_faster_than_target_count_bucket,3,2596,240,9.24,259600,179840,-79760,69.28,749.33,10.2,75.25,737.84,-5.97,-0.96,11.49,mixed_edge
1-4,target_exhibition_rank_bucket x other_exhibition_faster_than_target_count_bucket,4+ | 3,2596,240,9.24,259600,179840,-79760,69.28,749.33,10.2,75.25,737.84,-5.97,-0.96,11.49,mixed_edge
1-6,month,2025-09,4247,172,4.05,424700,294100,-130600,69.25,1709.88,3.94,69.07,1754.72,0.18,0.11,-44.84,mixed_edge
1-5,lane1_target_start_gap_pair x target_outer_pressure_bucket,>0.06-0.04-0.06 | high_other_pressure,653,26,3.98,65300,45200,-20100,69.22,1738.46,6.4,77.77,1215.84,-8.55,-2.42,522.62,mixed_edge
1-6,race_no_bucket,1-3R,3359,125,3.72,335900,232270,-103630,69.15,1858.16,3.94,69.07,1754.72,0.08,-0.22,103.44,mixed_edge
1-6,race_no_bucket x target_lane,1-3R | 6,3359,125,3.72,335900,232270,-103630,69.15,1858.16,3.94,69.07,1754.72,0.08,-0.22,103.44,mixed_edge
1-2,lane1_target_national_rank_pair x target_outer_pressure_bucket,2-3 | high_other_pressure,331,63,19.03,33100,22890,-10210,69.15,363.33,17.68,78.75,445.55,-9.6,1.35,-82.22,mixed_edge
1-3,lane1_target_exhibition_st_rank_pair,2-4+,998,135,13.53,99800,68990,-30810,69.13,511.04,15.42,76.45,495.64,-7.32,-1.89,15.4,mixed_edge
1-3,lane1_exhibition_st_rank_bucket x target_exhibition_st_rank_bucket,2 | 4+,998,135,13.53,99800,68990,-30810,69.13,511.04,15.42,76.45,495.64,-7.32,-1.89,15.4,mixed_edge
1-6,lane1_target_class_pair,A2-B1,1555,37,2.38,155500,107480,-48020,69.12,2904.86,3.94,69.07,1754.72,0.05,-1.56,1150.14,mixed_edge
1-3,target_boat_rank_bucket,1,2214,315,14.23,221400,152990,-68410,69.1,485.68,15.42,76.45,495.64,-7.35,-1.19,-9.96,mixed_edge
1-6,target_lane,6,13414,528,3.94,1341400,926490,-414910,69.07,1754.72,3.94,69.07,1754.72,0.0,0.0,0.0,mixed_edge
1-6,target_lane_zone,outer_5_6,13414,528,3.94,1341400,926490,-414910,69.07,1754.72,3.94,69.07,1754.72,0.0,0.0,0.0,mixed_edge
1-6,wave_bucket,0-4,12096,483,3.99,1209600,835430,-374170,69.07,1729.67,3.94,69.07,1754.72,0.0,0.05,-25.05,mixed_edge
1-5,lane1_target_national_rank_pair,1-3,643,62,9.64,64300,44380,-19920,69.02,715.81,6.4,77.77,1215.84,-8.75,3.24,-500.03,mixed_edge
1-5,target_lane x lane1_target_national_rank_pair,5 | 1-3,643,62,9.64,64300,44380,-19920,69.02,715.81,6.4,77.77,1215.84,-8.75,3.24,-500.03,mixed_edge
1-4,lane1_target_exhibition_time_diff_bucket x lane1_target_start_exhibition_st_diff_bucket,target_faster_0.10+ | near_equal,147,15,10.2,14700,10140,-4560,68.98,676.0,10.2,75.25,737.84,-6.27,0.0,-61.84,mixed_edge
1-6,lane1_target_group_pair x target_outer_pressure_bucket,A-A | low_other_pressure,411,46,11.19,41100,28340,-12760,68.95,616.09,3.94,69.07,1754.72,-0.12,7.25,-1138.63,mixed_edge
1-5,other_group_pattern,A-B-B-A,755,49,6.49,75500,52050,-23450,68.94,1062.24,6.4,77.77,1215.84,-8.83,0.09,-153.6,mixed_edge
1-6,meeting_phase_bucket,day3-4,4847,167,3.45,484700,333890,-150810,68.89,1999.34,3.94,69.07,1754.72,-0.18,-0.49,244.62,mixed_edge
1-6,meeting_phase_bucket x target_lane,day3-4 | 6,4847,167,3.45,484700,333890,-150810,68.89,1999.34,3.94,69.07,1754.72,-0.18,-0.49,244.62,mixed_edge
1-3,target_exhibition_st_rank_bucket x other_st_faster_than_target_count_bucket,2 | 1,1337,178,13.31,133700,92090,-41610,68.88,517.36,15.42,76.45,495.64,-7.57,-2.11,21.72,mixed_edge
1-4,lane1_target_group_pair x target_outer_pressure_bucket,A-B | some_other_pressure,256,34,13.28,25600,17610,-7990,68.79,517.94,10.2,75.25,737.84,-6.46,3.08,-219.9,mixed_edge
1-3,lane1_target_national_rank_pair x target_outer_pressure_bucket,4+-1 | low_other_pressure,286,43,15.03,28600,19670,-8930,68.78,457.44,15.42,76.45,495.64,-7.67,-0.39,-38.2,mixed_edge
1-3,target_exhibition_rank_bucket x other_exhibition_faster_than_target_count_bucket,2 | 1,1177,169,14.36,117700,80870,-36830,68.71,478.52,15.42,76.45,495.64,-7.74,-1.06,-17.12,mixed_edge
1-3,lane1_target_exhibition_time_diff_bucket x lane1_target_start_exhibition_st_diff_bucket,target_faster_0.05_0.10 | lane1_faster_0.06+,225,32,14.22,22500,15450,-7050,68.67,482.81,15.42,76.45,495.64,-7.78,-1.2,-12.83,mixed_edge
1-4,lane1_target_start_gap_pair x target_outer_pressure_bucket,0.04-0.06-0.04-0.06 | some_other_pressure,80,11,13.75,8000,5490,-2510,68.62,499.09,10.2,75.25,737.84,-6.63,3.55,-238.75,mixed_edge
1-6,lane1_local_win_rank_bucket,2,2708,117,4.32,270800,185730,-85070,68.59,1587.44,3.94,69.07,1754.72,-0.48,0.38,-167.28,mixed_edge
1-3,lane1_target_group_pair x other_a_count_bucket,B-A | 2,1128,107,9.49,112800,77350,-35450,68.57,722.9,15.42,76.45,495.64,-7.88,-5.93,227.26,mixed_edge
1-4,target_motor_rank_bucket,1,2158,235,10.89,215800,147930,-67870,68.55,629.49,10.2,75.25,737.84,-6.7,0.69,-108.35,mixed_edge
1-3,other_national_better_than_target_count_bucket,4,2028,175,8.63,202800,138970,-63830,68.53,794.11,15.42,76.45,495.64,-7.92,-6.79,298.47,mixed_edge
1-3,target_national_win_rank_bucket x other_national_better_than_target_count_bucket,4+ | 4,2028,175,8.63,202800,138970,-63830,68.53,794.11,15.42,76.45,495.64,-7.92,-6.79,298.47,mixed_edge
1-4,lane1_target_class_pair,A2-A2,707,91,12.87,70700,48450,-22250,68.53,532.42,10.2,75.25,737.84,-6.72,2.67,-205.42,mixed_edge
1-3,lane1_target_national_rank_pair x target_outer_pressure_bucket,4+-1 | high_other_pressure,475,68,14.32,47500,32540,-14960,68.51,478.53,15.42,76.45,495.64,-7.94,-1.1,-17.11,mixed_edge
1-5,lane1_target_exhibition_st_rank_pair,2-4+,1579,82,5.19,157900,108140,-49760,68.49,1318.78,6.4,77.77,1215.84,-9.28,-1.21,102.94,mixed_edge
1-5,lane1_exhibition_st_rank_bucket x target_exhibition_st_rank_bucket,2 | 4+,1579,82,5.19,157900,108140,-49760,68.49,1318.78,6.4,77.77,1215.84,-9.28,-1.21,102.94,mixed_edge
1-4,lane1_target_exhibition_st_rank_pair,4+-1,1292,112,8.67,129200,88480,-40720,68.48,790.0,10.2,75.25,737.84,-6.77,-1.53,52.16,mixed_edge
1-4,lane1_exhibition_st_rank_bucket x target_exhibition_st_rank_bucket,4+ | 1,1292,112,8.67,129200,88480,-40720,68.48,790.0,10.2,75.25,737.84,-6.77,-1.53,52.16,mixed_edge
1-3,stadium_code,21,607,94,15.49,60700,41560,-19140,68.47,442.13,15.42,76.45,495.64,-7.98,0.07,-53.51,mixed_edge
1-3,stadium_code x target_lane,21 | 3,607,94,15.49,60700,41560,-19140,68.47,442.13,15.42,76.45,495.64,-7.98,0.07,-53.51,mixed_edge
1-3,lane1_target_start_gap_pair,0.04-0.06->0.06,588,63,10.71,58800,40260,-18540,68.47,639.05,15.42,76.45,495.64,-7.98,-4.71,143.41,mixed_edge
1-3,target_lane x lane1_target_start_gap_pair,3 | 0.04-0.06->0.06,588,63,10.71,58800,40260,-18540,68.47,639.05,15.42,76.45,495.64,-7.98,-4.71,143.41,mixed_edge
1-3,lane1_start_exhibition_gap_bucket x target_start_exhibition_gap_bucket,0.04-0.06 | >0.06,588,63,10.71,58800,40260,-18540,68.47,639.05,15.42,76.45,495.64,-7.98,-4.71,143.41,mixed_edge
1-4,lane1_local_win_rank_bucket,2,2708,301,11.12,270800,185310,-85490,68.43,615.65,10.2,75.25,737.84,-6.82,0.92,-122.19,mixed_edge
1-6,lane1_class_group,B,5176,157,3.03,517600,354150,-163450,68.42,2255.73,3.94,69.07,1754.72,-0.65,-0.91,501.01,mixed_edge
1-6,lane1_target_exhibition_time_diff_bucket,lane1_faster_0.10+,1921,69,3.59,192100,131390,-60710,68.4,1904.2,3.94,69.07,1754.72,-0.67,-0.35,149.48,mixed_edge
1-3,lane1_class,B2,315,24,7.62,31500,21530,-9970,68.35,897.08,15.42,76.45,495.64,-8.1,-7.8,401.44,mixed_edge
1-5,lane1_target_exhibition_st_rank_pair,3-1,287,27,9.41,28700,19610,-9090,68.33,726.3,6.4,77.77,1215.84,-9.44,3.01,-489.54,mixed_edge
1-5,lane1_exhibition_st_rank_bucket x target_exhibition_st_rank_bucket,3 | 1,287,27,9.41,28700,19610,-9090,68.33,726.3,6.4,77.77,1215.84,-9.44,3.01,-489.54,mixed_edge
1-4,lane1_target_national_rank_pair,2-4+,1599,110,6.88,159900,109120,-50780,68.24,992.0,10.2,75.25,737.84,-7.01,-3.32,254.16,mixed_edge
1-4,target_lane x lane1_target_national_rank_pair,4 | 2-4+,1599,110,6.88,159900,109120,-50780,68.24,992.0,10.2,75.25,737.84,-7.01,-3.32,254.16,mixed_edge
1-4,lane1_target_start_gap_pair,0.04-0.06-0.04-0.06,561,59,10.52,56100,38270,-17830,68.22,648.64,10.2,75.25,737.84,-7.03,0.32,-89.2,mixed_edge
1-4,target_lane x lane1_target_start_gap_pair,4 | 0.04-0.06-0.04-0.06,561,59,10.52,56100,38270,-17830,68.22,648.64,10.2,75.25,737.84,-7.03,0.32,-89.2,mixed_edge
1-4,lane1_start_exhibition_gap_bucket x target_start_exhibition_gap_bucket,0.04-0.06 | 0.04-0.06,561,59,10.52,56100,38270,-17830,68.22,648.64,10.2,75.25,737.84,-7.03,0.32,-89.2,mixed_edge
1-6,lane1_target_start_gap_pair,>0.06-best,921,46,4.99,92100,62820,-29280,68.21,1365.65,3.94,69.07,1754.72,-0.86,1.05,-389.07,mixed_edge
1-6,target_lane x lane1_target_start_gap_pair,6 | >0.06-best,921,46,4.99,92100,62820,-29280,68.21,1365.65,3.94,69.07,1754.72,-0.86,1.05,-389.07,mixed_edge
1-6,lane1_start_exhibition_gap_bucket x target_start_exhibition_gap_bucket,>0.06 | best,921,46,4.99,92100,62820,-29280,68.21,1365.65,3.94,69.07,1754.72,-0.86,1.05,-389.07,mixed_edge
1-5,lane1_target_national_win_diff_bucket,lane1_plus_0.35_1.00,2276,126,5.54,227600,155150,-72450,68.17,1231.35,6.4,77.77,1215.84,-9.6,-0.86,15.51,mixed_edge
1-4,lane1_target_national_rank_pair x target_outer_pressure_bucket,2-4+ | high_other_pressure,1596,109,6.83,159600,108780,-50820,68.16,997.98,10.2,75.25,737.84,-7.09,-3.37,260.14,mixed_edge
1-5,lane1_target_national_rank_pair x target_outer_pressure_bucket,2-1 | low_other_pressure,127,19,14.96,12700,8650,-4050,68.11,455.26,6.4,77.77,1215.84,-9.66,8.56,-760.58,mixed_edge
1-6,meeting_phase_bucket,day1-2,4849,195,4.02,484900,329620,-155280,67.98,1690.36,3.94,69.07,1754.72,-1.09,0.08,-64.36,mixed_edge
1-6,meeting_phase_bucket x target_lane,day1-2 | 6,4849,195,4.02,484900,329620,-155280,67.98,1690.36,3.94,69.07,1754.72,-1.09,0.08,-64.36,mixed_edge
1-6,other_a_count_bucket,2,4424,148,3.35,442400,300740,-141660,67.98,2032.03,3.94,69.07,1754.72,-1.09,-0.59,277.31,mixed_edge
1-6,target_lane x other_a_count_bucket,6 | 2,4424,148,3.35,442400,300740,-141660,67.98,2032.03,3.94,69.07,1754.72,-1.09,-0.59,277.31,mixed_edge
1-6,target_class,B1,5284,130,2.46,528400,359170,-169230,67.97,2762.85,3.94,69.07,1754.72,-1.1,-1.48,1008.13,mixed_edge
1-4,target_boat_rank_bucket,1,2211,220,9.95,221100,150290,-70810,67.97,683.14,10.2,75.25,737.84,-7.28,-0.25,-54.7,mixed_edge
1-2,lane1_target_exhibition_time_diff_bucket x lane1_target_start_exhibition_st_diff_bucket,lane1_faster_0.10+ | target_faster_0.03_0.06,151,23,15.23,15100,10240,-4860,67.81,445.22,17.68,78.75,445.55,-10.94,-2.45,-0.33,mixed_edge
1-6,lane1_motor_rank_bucket,4+,6358,223,3.51,635800,430910,-204890,67.77,1932.33,3.94,69.07,1754.72,-1.3,-0.43,177.61,mixed_edge
1-3,lane1_target_national_rank_pair,4+-1,1008,139,13.79,100800,68250,-32550,67.71,491.01,15.42,76.45,495.64,-8.74,-1.63,-4.63,mixed_edge
1-3,target_lane x lane1_target_national_rank_pair,3 | 4+-1,1008,139,13.79,100800,68250,-32550,67.71,491.01,15.42,76.45,495.64,-8.74,-1.63,-4.63,mixed_edge
1-6,lane1_local_win_rank_bucket,3,2321,98,4.22,232100,157130,-74970,67.7,1603.37,3.94,69.07,1754.72,-1.37,0.28,-151.35,mixed_edge
1-4,target_national_win_rank_bucket x other_national_better_than_target_count_bucket,3 | 2,1022,68,6.65,102200,69190,-33010,67.7,1017.5,10.2,75.25,737.84,-7.55,-3.55,279.66,mixed_edge
1-3,lane1_target_group_pair x other_a_count_bucket,A-A | 2,1067,222,20.81,106700,72200,-34500,67.67,325.23,15.42,76.45,495.64,-8.78,5.39,-170.41,mixed_edge
1-5,lane1_target_exhibition_time_diff_bucket x lane1_target_start_exhibition_st_diff_bucket,lane1_faster_0.10+ | lane1_faster_0.06+,581,29,4.99,58100,39280,-18820,67.61,1354.48,6.4,77.77,1215.84,-10.16,-1.41,138.64,mixed_edge
1-3,lane1_target_group_pair x target_outer_pressure_bucket,A-B | low_other_pressure,46,12,26.09,4600,3110,-1490,67.61,259.17,15.42,76.45,495.64,-8.84,10.67,-236.47,mixed_edge
1-3,target_national_win_rank_bucket x other_national_better_than_target_count_bucket,3 | 2,1071,99,9.24,107100,72360,-34740,67.56,730.91,15.42,76.45,495.64,-8.89,-6.18,235.27,mixed_edge
1-3,lane1_target_start_gap_pair x target_outer_pressure_bucket,0.04-0.06->0.06 | high_other_pressure,498,51,10.24,49800,33640,-16160,67.55,659.61,15.42,76.45,495.64,-8.9,-5.18,163.97,mixed_edge
1-3,lane1_target_national_rank_pair x target_outer_pressure_bucket,4+-3 | high_other_pressure,1072,99,9.24,107200,72360,-34840,67.5,730.91,15.42,76.45,495.64,-8.95,-6.18,235.27,mixed_edge
1-4,other_group_pattern,B-A-B-B,879,82,9.33,87900,59320,-28580,67.49,723.41,10.2,75.25,737.84,-7.76,-0.87,-14.43,mixed_edge
1-2,target_exhibition_st_rank_bucket x other_st_faster_than_target_count_bucket,2 | 1,1105,177,16.02,110500,74560,-35940,67.48,421.24,17.68,78.75,445.55,-11.27,-1.66,-24.31,mixed_edge
1-5,other_national_better_than_target_count_bucket,4,3140,81,2.58,314000,211830,-102170,67.46,2615.19,6.4,77.77,1215.84,-10.31,-3.82,1399.35,mixed_edge
1-5,target_national_win_rank_bucket x other_national_better_than_target_count_bucket,4+ | 4,3140,81,2.58,314000,211830,-102170,67.46,2615.19,6.4,77.77,1215.84,-10.31,-3.82,1399.35,mixed_edge
1-6,other_group_pattern,A-B-A-A,544,13,2.39,54400,36670,-17730,67.41,2820.77,3.94,69.07,1754.72,-1.66,-1.55,1066.05,mixed_edge
1-3,lane1_target_national_rank_pair,4+-3,1074,99,9.22,107400,72360,-35040,67.37,730.91,15.42,76.45,495.64,-9.08,-6.2,235.27,mixed_edge
1-3,target_lane x lane1_target_national_rank_pair,3 | 4+-3,1074,99,9.22,107400,72360,-35040,67.37,730.91,15.42,76.45,495.64,-9.08,-6.2,235.27,mixed_edge
1-4,lane1_target_national_rank_pair,4+-3,1027,68,6.62,102700,69190,-33510,67.37,1017.5,10.2,75.25,737.84,-7.88,-3.58,279.66,mixed_edge
1-4,target_lane x lane1_target_national_rank_pair,4 | 4+-3,1027,68,6.62,102700,69190,-33510,67.37,1017.5,10.2,75.25,737.84,-7.88,-3.58,279.66,mixed_edge
1-4,lane1_target_national_rank_pair x target_outer_pressure_bucket,4+-3 | high_other_pressure,1027,68,6.62,102700,69190,-33510,67.37,1017.5,10.2,75.25,737.84,-7.88,-3.58,279.66,mixed_edge
1-4,lane1_target_boat_place_diff_bucket,target_plus_10+,2010,182,9.05,201000,135200,-65800,67.26,742.86,10.2,75.25,737.84,-7.99,-1.15,5.02,mixed_edge
1-3,lane1_target_boat_place_diff_bucket,target_plus_10+,2022,284,14.05,202200,135970,-66230,67.25,478.77,15.42,76.45,495.64,-9.2,-1.37,-16.87,mixed_edge
1-5,other_group_pattern,B-A-B-A,798,37,4.64,79800,53660,-26140,67.24,1450.27,6.4,77.77,1215.84,-10.53,-1.76,234.43,mixed_edge
1-2,lane1_target_national_rank_pair,3-4+,1358,142,10.46,135800,91300,-44500,67.23,642.96,17.68,78.75,445.55,-11.52,-7.22,197.41,mixed_edge
1-2,target_lane x lane1_target_national_rank_pair,2 | 3-4+,1358,142,10.46,135800,91300,-44500,67.23,642.96,17.68,78.75,445.55,-11.52,-7.22,197.41,mixed_edge
1-2,lane1_target_national_rank_pair x target_outer_pressure_bucket,3-4+ | high_other_pressure,1358,142,10.46,135800,91300,-44500,67.23,642.96,17.68,78.75,445.55,-11.52,-7.22,197.41,mixed_edge
1-2,lane1_target_start_gap_pair x target_outer_pressure_bucket,0.04-0.06->0.06 | some_other_pressure,83,13,15.66,8300,5570,-2730,67.11,428.46,17.68,78.75,445.55,-11.64,-2.02,-17.09,mixed_edge
1-6,lane1_target_start_gap_pair,best->0.06,2553,86,3.37,255300,171280,-84020,67.09,1991.63,3.94,69.07,1754.72,-1.98,-0.57,236.91,mixed_edge
1-6,target_lane x lane1_target_start_gap_pair,6 | best->0.06,2553,86,3.37,255300,171280,-84020,67.09,1991.63,3.94,69.07,1754.72,-1.98,-0.57,236.91,mixed_edge
1-6,lane1_start_exhibition_gap_bucket x target_start_exhibition_gap_bucket,best | >0.06,2553,86,3.37,255300,171280,-84020,67.09,1991.63,3.94,69.07,1754.72,-1.98,-0.57,236.91,mixed_edge
1-6,target_exhibition_rank_bucket x other_exhibition_faster_than_target_count_bucket,2 | 0,949,56,5.9,94900,63530,-31370,66.94,1134.46,3.94,69.07,1754.72,-2.13,1.96,-620.26,mixed_edge
1-2,target_class,B2,424,39,9.2,42400,28380,-14020,66.93,727.69,17.68,78.75,445.55,-11.82,-8.48,282.14,mixed_edge
1-6,lane1_target_exhibition_time_diff_bucket x lane1_target_start_exhibition_st_diff_bucket,lane1_faster_0.05_0.10 | near_equal,650,30,4.62,65000,43500,-21500,66.92,1450.0,3.94,69.07,1754.72,-2.15,0.68,-304.72,mixed_edge
1-5,stadium_code,16,408,24,5.88,40800,27300,-13500,66.91,1137.5,6.4,77.77,1215.84,-10.86,-0.52,-78.34,mixed_edge
1-5,stadium_code x target_lane,16 | 5,408,24,5.88,40800,27300,-13500,66.91,1137.5,6.4,77.77,1215.84,-10.86,-0.52,-78.34,mixed_edge
1-4,target_exhibition_rank_bucket x other_exhibition_faster_than_target_count_bucket,2 | 1,1044,83,7.95,104400,69830,-34570,66.89,841.33,10.2,75.25,737.84,-8.36,-2.25,103.49,mixed_edge
1-5,lane1_national_win_rank_bucket,3,2350,144,6.13,235000,157170,-77830,66.88,1091.46,6.4,77.77,1215.84,-10.89,-0.27,-124.38,mixed_edge
1-3,lane1_target_group_pair x other_a_count_bucket,B-A | 1,701,89,12.7,70100,46880,-23220,66.88,526.74,15.42,76.45,495.64,-9.57,-2.72,31.1,mixed_edge
1-5,wave_bucket,5-9,1068,63,5.9,106800,71340,-35460,66.8,1132.38,6.4,77.77,1215.84,-10.97,-0.5,-83.46,mixed_edge
1-3,lane1_target_class_pair,A2-A2,782,134,17.14,78200,52240,-25960,66.8,389.85,15.42,76.45,495.64,-9.65,1.72,-105.79,mixed_edge
1-4,lane1_target_exhibition_st_rank_pair,3-4+,991,73,7.37,99100,66160,-32940,66.76,906.3,10.2,75.25,737.84,-8.49,-2.83,168.46,mixed_edge
1-4,lane1_exhibition_st_rank_bucket x target_exhibition_st_rank_bucket,3 | 4+,991,73,7.37,99100,66160,-32940,66.76,906.3,10.2,75.25,737.84,-8.49,-2.83,168.46,mixed_edge
1-6,lane1_target_class_pair,B2-A1,55,3,5.45,5500,3670,-1830,66.73,1223.33,3.94,69.07,1754.72,-2.34,1.51,-531.39,mixed_edge
1-2,other_exhibition_faster_than_target_count_bucket,4,1729,242,14.0,172900,115350,-57550,66.71,476.65,17.68,78.75,445.55,-12.04,-3.68,31.1,mixed_edge
1-2,target_exhibition_rank_bucket x other_exhibition_faster_than_target_count_bucket,4+ | 4,1729,242,14.0,172900,115350,-57550,66.71,476.65,17.68,78.75,445.55,-12.04,-3.68,31.1,mixed_edge
1-2,lane1_target_start_gap_pair,>0.06-0.04-0.06,732,91,12.43,73200,48770,-24430,66.63,535.93,17.68,78.75,445.55,-12.12,-5.25,90.38,mixed_edge
1-2,target_lane x lane1_target_start_gap_pair,2 | >0.06-0.04-0.06,732,91,12.43,73200,48770,-24430,66.63,535.93,17.68,78.75,445.55,-12.12,-5.25,90.38,mixed_edge
1-2,lane1_start_exhibition_gap_bucket x target_start_exhibition_gap_bucket,>0.06 | 0.04-0.06,732,91,12.43,73200,48770,-24430,66.63,535.93,17.68,78.75,445.55,-12.12,-5.25,90.38,mixed_edge
1-3,stadium_code,06,683,83,12.15,68300,45510,-22790,66.63,548.31,15.42,76.45,495.64,-9.82,-3.27,52.67,mixed_edge
1-3,stadium_code x target_lane,06 | 3,683,83,12.15,68300,45510,-22790,66.63,548.31,15.42,76.45,495.64,-9.82,-3.27,52.67,mixed_edge
1-3,lane1_target_national_rank_pair x target_outer_pressure_bucket,2-1 | high_other_pressure,271,67,24.72,27100,18040,-9060,66.57,269.25,15.42,76.45,495.64,-9.88,9.3,-226.39,mixed_edge
1-5,lane1_boat_rank_bucket,2,2256,130,5.76,225600,150140,-75460,66.55,1154.92,6.4,77.77,1215.84,-11.22,-0.64,-60.92,mixed_edge
1-3,stadium_code,01,539,70,12.99,53900,35870,-18030,66.55,512.43,15.42,76.45,495.64,-9.9,-2.43,16.79,mixed_edge
1-3,stadium_code x target_lane,01 | 3,539,70,12.99,53900,35870,-18030,66.55,512.43,15.42,76.45,495.64,-9.9,-2.43,16.79,mixed_edge
1-6,other_b2_count_bucket,0,10794,388,3.59,1079400,718010,-361390,66.52,1850.54,3.94,69.07,1754.72,-2.55,-0.35,95.82,mixed_edge
1-5,target_exhibition_st_rank_bucket x other_st_faster_than_target_count_bucket,3 | 2,779,33,4.24,77900,51720,-26180,66.39,1567.27,6.4,77.77,1215.84,-11.38,-2.16,351.43,mixed_edge
1-4,lane1_target_motor_place_diff_bucket,lane1_plus_10+,2366,230,9.72,236600,157010,-79590,66.36,682.65,10.2,75.25,737.84,-8.89,-0.48,-55.19,mixed_edge
1-4,lane1_target_start_gap_pair x target_outer_pressure_bucket,0.04-0.06-best | some_other_pressure,98,12,12.24,9800,6500,-3300,66.33,541.67,10.2,75.25,737.84,-8.92,2.04,-196.17,mixed_edge
1-5,lane1_target_exhibition_time_diff_bucket x lane1_target_start_exhibition_st_diff_bucket,target_faster_0.05_0.10 | target_faster_0.06+,258,16,6.2,25800,17100,-8700,66.28,1068.75,6.4,77.77,1215.84,-11.49,-0.2,-147.09,mixed_edge
1-5,other_group_pattern,A-B-B-B,746,50,6.7,74600,49440,-25160,66.27,988.8,6.4,77.77,1215.84,-11.5,0.3,-227.04,mixed_edge
1-2,lane1_target_group_pair x other_a_count_bucket,B-A | 0,129,25,19.38,12900,8540,-4360,66.2,341.6,17.68,78.75,445.55,-12.55,1.7,-103.95,mixed_edge
1-2,lane1_target_class_pair,B2-A2,84,6,7.14,8400,5560,-2840,66.19,926.67,17.68,78.75,445.55,-12.56,-10.54,481.12,mixed_edge
1-6,target_outer_pressure_bucket,high_other_pressure,11081,328,2.96,1108100,732810,-375290,66.13,2234.18,3.94,69.07,1754.72,-2.94,-0.98,479.46,mixed_edge
1-6,target_lane x target_outer_pressure_bucket,6 | high_other_pressure,11081,328,2.96,1108100,732810,-375290,66.13,2234.18,3.94,69.07,1754.72,-2.94,-0.98,479.46,mixed_edge
1-6,lane1_boat_rank_bucket,4+,6483,243,3.75,648300,428550,-219750,66.1,1763.58,3.94,69.07,1754.72,-2.97,-0.19,8.86,mixed_edge
1-6,lane1_target_exhibition_time_diff_bucket x lane1_target_start_exhibition_st_diff_bucket,lane1_faster_0.05_0.10 | lane1_faster_0.06+,1089,29,2.66,108900,71970,-36930,66.09,2481.72,3.94,69.07,1754.72,-2.98,-1.28,727.0,mixed_edge
1-3,stadium_code,13,179,31,17.32,17900,11830,-6070,66.09,381.61,15.42,76.45,495.64,-10.36,1.9,-114.03,mixed_edge
1-3,stadium_code x target_lane,13 | 3,179,31,17.32,17900,11830,-6070,66.09,381.61,15.42,76.45,495.64,-10.36,1.9,-114.03,mixed_edge
1-4,lane1_motor_rank_bucket,2,2254,212,9.41,225400,148950,-76450,66.08,702.59,10.2,75.25,737.84,-9.17,-0.79,-35.25,mixed_edge
1-4,lane1_target_exhibition_time_diff_bucket x lane1_target_start_exhibition_st_diff_bucket,lane1_faster_0.05_0.10 | lane1_faster_0.06+,750,68,9.07,75000,49560,-25440,66.08,728.82,10.2,75.25,737.84,-9.17,-1.13,-9.02,mixed_edge
1-3,lane1_target_class_pair,A1-A2,1180,243,20.59,118000,77950,-40050,66.06,320.78,15.42,76.45,495.64,-10.39,5.17,-174.86,mixed_edge
1-3,lane1_target_national_rank_pair x target_outer_pressure_bucket,1-2 | some_other_pressure,168,48,28.57,16800,11090,-5710,66.01,231.04,15.42,76.45,495.64,-10.44,13.15,-264.6,mixed_edge
1-5,lane1_target_national_rank_pair x target_outer_pressure_bucket,1-3 | some_other_pressure,281,30,10.68,28100,18540,-9560,65.98,618.0,6.4,77.77,1215.84,-11.79,4.28,-597.84,mixed_edge
1-5,target_national_win_rank_bucket x other_national_better_than_target_count_bucket,3 | 1,1161,97,8.35,116100,76590,-39510,65.97,789.59,6.4,77.77,1215.84,-11.8,1.95,-426.25,mixed_edge
1-3,lane1_target_start_gap_pair x target_outer_pressure_bucket,best-best | some_other_pressure,52,12,23.08,5200,3430,-1770,65.96,285.83,15.42,76.45,495.64,-10.49,7.66,-209.81,mixed_edge
1-2,target_boat_rank_bucket,2,2390,371,15.52,239000,157530,-81470,65.91,424.61,17.68,78.75,445.55,-12.84,-2.16,-20.94,mixed_edge
1-6,target_motor_rank_bucket,3,2227,84,3.77,222700,146690,-76010,65.87,1746.31,3.94,69.07,1754.72,-3.2,-0.17,-8.41,mixed_edge
1-4,other_exhibition_faster_than_target_count_bucket,4,2248,172,7.65,224800,148060,-76740,65.86,860.81,10.2,75.25,737.84,-9.39,-2.55,122.97,mixed_edge
1-4,target_exhibition_rank_bucket x other_exhibition_faster_than_target_count_bucket,4+ | 4,2248,172,7.65,224800,148060,-76740,65.86,860.81,10.2,75.25,737.84,-9.39,-2.55,122.97,mixed_edge
1-5,target_class_group x target_outer_pressure_bucket,A | low_other_pressure,606,75,12.38,60600,39900,-20700,65.84,532.0,6.4,77.77,1215.84,-11.93,5.98,-683.84,mixed_edge
1-4,lane1_target_national_rank_pair x target_outer_pressure_bucket,2-3 | high_other_pressure,276,26,9.42,27600,18170,-9430,65.83,698.85,10.2,75.25,737.84,-9.42,-0.78,-38.99,mixed_edge
1-4,lane1_target_group_pair x other_a_count_bucket,A-B | 3,758,45,5.94,75800,49880,-25920,65.8,1108.44,10.2,75.25,737.84,-9.45,-4.26,370.6,mixed_edge
1-3,lane1_target_group_pair x other_a_count_bucket,A-B | 4,119,13,10.92,11900,7830,-4070,65.8,602.31,15.42,76.45,495.64,-10.65,-4.5,106.67,mixed_edge
1-6,lane1_target_local_win_diff_bucket,target_plus_1.00+,3092,157,5.08,309200,203420,-105780,65.79,1295.67,3.94,69.07,1754.72,-3.28,1.14,-459.05,mixed_edge
1-6,target_boat_rank_bucket,1,2149,79,3.68,214900,141100,-73800,65.66,1786.08,3.94,69.07,1754.72,-3.41,-0.26,31.36,mixed_edge
1-5,lane1_target_group_pair x other_a_count_bucket,A-B | 1,1147,45,3.92,114700,75300,-39400,65.65,1673.33,6.4,77.77,1215.84,-12.12,-2.48,457.49,mixed_edge
1-6,lane1_class,B1,4861,148,3.04,486100,319010,-167090,65.63,2155.47,3.94,69.07,1754.72,-3.44,-0.9,400.75,mixed_edge
1-3,other_group_pattern,B-B-A-B,775,116,14.97,77500,50860,-26640,65.63,438.45,15.42,76.45,495.64,-10.82,-0.45,-57.19,mixed_edge
1-6,race_no_bucket,4-6R,3360,128,3.81,336000,219950,-116050,65.46,1718.36,3.94,69.07,1754.72,-3.61,-0.13,-36.36,mixed_edge
1-6,race_no_bucket x target_lane,4-6R | 6,3360,128,3.81,336000,219950,-116050,65.46,1718.36,3.94,69.07,1754.72,-3.61,-0.13,-36.36,mixed_edge
1-4,lane1_target_group_pair x other_a_count_bucket,B-B | 1,601,31,5.16,60100,39330,-20770,65.44,1268.71,10.2,75.25,737.84,-9.81,-5.04,530.87,mixed_edge
1-4,target_start_exhibition_gap_bucket,>0.06,4159,334,8.03,415900,272100,-143800,65.42,814.67,10.2,75.25,737.84,-9.83,-2.17,76.83,mixed_edge
1-4,target_lane x target_start_exhibition_gap_bucket,4 | >0.06,4159,334,8.03,415900,272100,-143800,65.42,814.67,10.2,75.25,737.84,-9.83,-2.17,76.83,mixed_edge
1-4,lane1_target_group_pair x other_a_count_bucket,A-B | 0,792,105,13.26,79200,51780,-27420,65.38,493.14,10.2,75.25,737.84,-9.87,3.06,-244.7,mixed_edge
1-4,lane1_target_national_rank_pair x target_outer_pressure_bucket,4+-1 | some_other_pressure,229,22,9.61,22900,14970,-7930,65.37,680.45,10.2,75.25,737.84,-9.88,-0.59,-57.39,mixed_edge
1-5,stadium_code,13,179,14,7.82,17900,11700,-6200,65.36,835.71,6.4,77.77,1215.84,-12.41,1.42,-380.13,mixed_edge
1-5,stadium_code x target_lane,13 | 5,179,14,7.82,17900,11700,-6200,65.36,835.71,6.4,77.77,1215.84,-12.41,1.42,-380.13,mixed_edge
1-2,target_exhibition_rank_bucket x other_exhibition_faster_than_target_count_bucket,3 | 2,757,100,13.21,75700,49460,-26240,65.34,494.6,17.68,78.75,445.55,-13.41,-4.47,49.05,mixed_edge
1-2,lane1_target_exhibition_time_diff_bucket x lane1_target_start_exhibition_st_diff_bucket,near_equal | target_faster_0.03_0.06,822,133,16.18,82200,53690,-28510,65.32,403.68,17.68,78.75,445.55,-13.43,-1.5,-41.87,mixed_edge
1-4,lane1_target_exhibition_time_diff_bucket x lane1_target_start_exhibition_st_diff_bucket,lane1_faster_0.05_0.10 | target_faster_0.06+,524,40,7.63,52400,34230,-18170,65.32,855.75,10.2,75.25,737.84,-9.93,-2.57,117.91,mixed_edge
1-4,lane1_target_start_gap_pair x target_outer_pressure_bucket,>0.06-<=0.03 | high_other_pressure,639,50,7.82,63900,41700,-22200,65.26,834.0,10.2,75.25,737.84,-9.99,-2.38,96.16,mixed_edge
1-5,other_a_count_bucket,0,1667,145,8.7,166700,108660,-58040,65.18,749.38,6.4,77.77,1215.84,-12.59,2.3,-466.46,mixed_edge
1-5,other_group_pattern,B-B-B-B,1667,145,8.7,166700,108660,-58040,65.18,749.38,6.4,77.77,1215.84,-12.59,2.3,-466.46,mixed_edge
1-5,target_lane x other_a_count_bucket,5 | 0,1667,145,8.7,166700,108660,-58040,65.18,749.38,6.4,77.77,1215.84,-12.59,2.3,-466.46,mixed_edge
1-6,lane1_target_start_gap_pair x target_outer_pressure_bucket,best->0.06 | high_other_pressure,2200,61,2.77,220000,143360,-76640,65.16,2350.16,3.94,69.07,1754.72,-3.91,-1.17,595.44,mixed_edge
1-6,lane1_target_class_pair,B1-B1,2101,37,1.76,210100,136890,-73210,65.15,3699.73,3.94,69.07,1754.72,-3.92,-2.18,1945.01,mixed_edge
1-6,lane1_target_exhibition_time_diff_bucket,lane1_faster_0.05_0.10,2933,105,3.58,293300,190800,-102500,65.05,1817.14,3.94,69.07,1754.72,-4.02,-0.36,62.42,mixed_edge
1-3,lane1_target_national_rank_pair x target_outer_pressure_bucket,4+-1 | some_other_pressure,247,28,11.34,24700,16040,-8660,64.94,572.86,15.42,76.45,495.64,-11.51,-4.08,77.22,mixed_edge
1-4,lane1_target_group_pair x other_a_count_bucket,B-B | 0,564,47,8.33,56400,36610,-19790,64.91,778.94,10.2,75.25,737.84,-10.34,-1.87,41.1,mixed_edge
1-4,stadium_code,19,528,53,10.04,52800,34220,-18580,64.81,645.66,10.2,75.25,737.84,-10.44,-0.16,-92.18,mixed_edge
1-4,stadium_code x target_lane,19 | 4,528,53,10.04,52800,34220,-18580,64.81,645.66,10.2,75.25,737.84,-10.44,-0.16,-92.18,mixed_edge
1-6,lane1_target_class_pair,A1-B1,1491,52,3.49,149100,96570,-52530,64.77,1857.12,3.94,69.07,1754.72,-4.3,-0.45,102.4,mixed_edge
1-5,stadium_code,04,528,29,5.49,52800,34170,-18630,64.72,1178.28,6.4,77.77,1215.84,-13.05,-0.91,-37.56,mixed_edge
1-5,stadium_code x target_lane,04 | 5,528,29,5.49,52800,34170,-18630,64.72,1178.28,6.4,77.77,1215.84,-13.05,-0.91,-37.56,mixed_edge
1-5,target_outer_pressure_bucket,low_other_pressure,685,81,11.82,68500,44320,-24180,64.7,547.16,6.4,77.77,1215.84,-13.07,5.42,-668.68,mixed_edge
1-5,target_lane x target_outer_pressure_bucket,5 | low_other_pressure,685,81,11.82,68500,44320,-24180,64.7,547.16,6.4,77.77,1215.84,-13.07,5.42,-668.68,mixed_edge
1-2,other_st_faster_than_target_count_bucket,3,2364,312,13.2,236400,152840,-83560,64.65,489.87,17.68,78.75,445.55,-14.1,-4.48,44.32,mixed_edge
1-2,target_exhibition_st_rank_bucket x other_st_faster_than_target_count_bucket,4+ | 3,2364,312,13.2,236400,152840,-83560,64.65,489.87,17.68,78.75,445.55,-14.1,-4.48,44.32,mixed_edge
1-3,lane1_target_start_gap_pair x target_outer_pressure_bucket,0.04-0.06-best | low_other_pressure,41,9,21.95,4100,2650,-1450,64.63,294.44,15.42,76.45,495.64,-11.82,6.53,-201.2,mixed_edge
1-6,lane1_start_exhibition_gap_bucket,0.04-0.06,2499,103,4.12,249900,161450,-88450,64.61,1567.48,3.94,69.07,1754.72,-4.46,0.18,-187.24,mixed_edge
1-5,lane1_target_national_rank_pair x target_outer_pressure_bucket,4+-1 | some_other_pressure,191,15,7.85,19100,12330,-6770,64.55,822.0,6.4,77.77,1215.84,-13.22,1.45,-393.84,mixed_edge
1-5,lane1_target_national_rank_pair x target_outer_pressure_bucket,1-2 | low_other_pressure,145,18,12.41,14500,9360,-5140,64.55,520.0,6.4,77.77,1215.84,-13.22,6.01,-695.84,mixed_edge
1-6,other_group_pattern,B-A-A-B,739,27,3.65,73900,47630,-26270,64.45,1764.07,3.94,69.07,1754.72,-4.62,-0.29,9.35,mixed_edge
1-6,target_exhibition_rank_bucket,4+,7672,254,3.31,767200,494230,-272970,64.42,1945.79,3.94,69.07,1754.72,-4.65,-0.63,191.07,mixed_edge
1-6,month,2025-10,4124,145,3.52,412400,265660,-146740,64.42,1832.14,3.94,69.07,1754.72,-4.65,-0.42,77.42,mixed_edge
1-2,lane1_target_group_pair x other_a_count_bucket,A-B | 2,1413,173,12.24,141300,90990,-50310,64.39,525.95,17.68,78.75,445.55,-14.36,-5.44,80.4,mixed_edge
1-6,lane1_boat_rank_bucket,1,2392,98,4.1,239200,153970,-85230,64.37,1571.12,3.94,69.07,1754.72,-4.7,0.16,-183.6,mixed_edge
1-2,lane1_target_national_rank_pair x target_outer_pressure_bucket,2-1 | some_other_pressure,102,24,23.53,10200,6560,-3640,64.31,273.33,17.68,78.75,445.55,-14.44,5.85,-172.22,mixed_edge
1-3,lane1_target_exhibition_st_rank_pair,3-4+,934,119,12.74,93400,60020,-33380,64.26,504.37,15.42,76.45,495.64,-12.19,-2.68,8.73,mixed_edge
1-3,lane1_exhibition_st_rank_bucket x target_exhibition_st_rank_bucket,3 | 4+,934,119,12.74,93400,60020,-33380,64.26,504.37,15.42,76.45,495.64,-12.19,-2.68,8.73,mixed_edge
1-6,wind_bucket,7+,333,10,3.0,33300,21360,-11940,64.14,2136.0,3.94,69.07,1754.72,-4.93,-0.94,381.28,mixed_edge
1-4,other_st_faster_than_target_count_bucket,3,2133,166,7.78,213300,136790,-76510,64.13,824.04,10.2,75.25,737.84,-11.12,-2.42,86.2,mixed_edge
1-4,target_exhibition_st_rank_bucket x other_st_faster_than_target_count_bucket,4+ | 3,2133,166,7.78,213300,136790,-76510,64.13,824.04,10.2,75.25,737.84,-11.12,-2.42,86.2,mixed_edge
1-2,lane1_target_exhibition_st_rank_pair,4+-2,773,118,15.27,77300,49520,-27780,64.06,419.66,17.68,78.75,445.55,-14.69,-2.41,-25.89,mixed_edge
1-2,lane1_exhibition_st_rank_bucket x target_exhibition_st_rank_bucket,4+ | 2,773,118,15.27,77300,49520,-27780,64.06,419.66,17.68,78.75,445.55,-14.69,-2.41,-25.89,mixed_edge
1-3,lane1_target_start_gap_pair,<=0.03->0.06,514,53,10.31,51400,32920,-18480,64.05,621.13,15.42,76.45,495.64,-12.4,-5.11,125.49,mixed_edge
1-3,target_lane x lane1_target_start_gap_pair,3 | <=0.03->0.06,514,53,10.31,51400,32920,-18480,64.05,621.13,15.42,76.45,495.64,-12.4,-5.11,125.49,mixed_edge
1-3,lane1_start_exhibition_gap_bucket x target_start_exhibition_gap_bucket,<=0.03 | >0.06,514,53,10.31,51400,32920,-18480,64.05,621.13,15.42,76.45,495.64,-12.4,-5.11,125.49,mixed_edge
1-4,lane1_target_group_pair x other_a_count_bucket,B-A | 3,277,15,5.42,27700,17730,-9970,64.01,1182.0,10.2,75.25,737.84,-11.24,-4.78,444.16,mixed_edge
1-5,target_exhibition_rank_bucket x other_exhibition_faster_than_target_count_bucket,3 | 2,614,33,5.37,61400,39260,-22140,63.94,1189.7,6.4,77.77,1215.84,-13.83,-1.03,-26.14,mixed_edge
1-2,target_exhibition_st_rank_bucket,4+,6225,844,13.56,622500,397230,-225270,63.81,470.65,17.68,78.75,445.55,-14.94,-4.12,25.1,mixed_edge
1-2,target_lane x target_exhibition_st_rank_bucket,2 | 4+,6225,844,13.56,622500,397230,-225270,63.81,470.65,17.68,78.75,445.55,-14.94,-4.12,25.1,mixed_edge
1-5,lane1_target_national_rank_pair,2-3,506,35,6.92,50600,32280,-18320,63.79,922.29,6.4,77.77,1215.84,-13.98,0.52,-293.55,mixed_edge
1-5,target_lane x lane1_target_national_rank_pair,5 | 2-3,506,35,6.92,50600,32280,-18320,63.79,922.29,6.4,77.77,1215.84,-13.98,0.52,-293.55,mixed_edge
1-4,lane1_target_group_pair x target_outer_pressure_bucket,B-A | some_other_pressure,518,43,8.3,51800,33020,-18780,63.75,767.91,10.2,75.25,737.84,-11.5,-1.9,30.07,mixed_edge
1-4,wave_bucket,5-9,1068,85,7.96,106800,68070,-38730,63.74,800.82,10.2,75.25,737.84,-11.51,-2.24,62.98,mixed_edge
1-3,lane1_target_exhibition_time_diff_bucket x lane1_target_start_exhibition_st_diff_bucket,lane1_faster_0.10+ | target_faster_0.03_0.06,221,33,14.93,22100,14070,-8030,63.67,426.36,15.42,76.45,495.64,-12.78,-0.49,-69.28,mixed_edge
1-3,lane1_target_national_rank_pair x target_outer_pressure_bucket,2-3 | high_other_pressure,314,46,14.65,31400,19940,-11460,63.5,433.48,15.42,76.45,495.64,-12.95,-0.77,-62.16,mixed_edge
1-5,lane1_target_group_pair x target_outer_pressure_bucket,B-B | some_other_pressure,164,12,7.32,16400,10410,-5990,63.48,867.5,6.4,77.77,1215.84,-14.29,0.92,-348.34,mixed_edge
1-2,stadium_code,14,624,85,13.62,62400,39570,-22830,63.41,465.53,17.68,78.75,445.55,-15.34,-4.06,19.98,mixed_edge
1-2,stadium_code x target_lane,14 | 2,624,85,13.62,62400,39570,-22830,63.41,465.53,17.68,78.75,445.55,-15.34,-4.06,19.98,mixed_edge
1-2,lane1_target_exhibition_time_diff_bucket x lane1_target_start_exhibition_st_diff_bucket,target_faster_0.05_0.10 | target_faster_0.03_0.06,183,21,11.48,18300,11580,-6720,63.28,551.43,17.68,78.75,445.55,-15.47,-6.2,105.88,mixed_edge
1-4,lane1_target_class_pair,A2-B2,256,10,3.91,25600,16190,-9410,63.24,1619.0,10.2,75.25,737.84,-12.01,-6.29,881.16,mixed_edge
1-6,lane1_target_motor_place_diff_bucket,lane1_plus_4_10,2310,89,3.85,231000,145760,-85240,63.1,1637.75,3.94,69.07,1754.72,-5.97,-0.09,-116.97,mixed_edge
1-3,stadium_code,14,624,77,12.34,62400,39350,-23050,63.06,511.04,15.42,76.45,495.64,-13.39,-3.08,15.4,mixed_edge
1-3,stadium_code x target_lane,14 | 3,624,77,12.34,62400,39350,-23050,63.06,511.04,15.42,76.45,495.64,-13.39,-3.08,15.4,mixed_edge
1-2,lane1_target_group_pair x target_outer_pressure_bucket,B-B | some_other_pressure,219,31,14.16,21900,13810,-8090,63.06,445.48,17.68,78.75,445.55,-15.69,-3.52,-0.07,mixed_edge
1-3,grade_group,SG,72,10,13.89,7200,4540,-2660,63.06,454.0,15.42,76.45,495.64,-13.39,-1.53,-41.64,mixed_edge
1-6,target_exhibition_st_rank_bucket x other_st_faster_than_target_count_bucket,2 | 1,818,36,4.4,81800,51550,-30250,63.02,1431.94,3.94,69.07,1754.72,-6.05,0.46,-322.78,mixed_edge
1-6,lane1_target_exhibition_time_diff_bucket x lane1_target_start_exhibition_st_diff_bucket,lane1_faster_0.05_0.10 | target_faster_0.06+,440,18,4.09,44000,27700,-16300,62.95,1538.89,3.94,69.07,1754.72,-6.12,0.15,-215.83,mixed_edge
1-2,lane1_target_class_pair,B2-B1,167,11,6.59,16700,10510,-6190,62.93,955.45,17.68,78.75,445.55,-15.82,-11.09,509.9,mixed_edge
1-6,target_motor_rank_bucket,4+,6908,227,3.29,690800,434250,-256550,62.86,1913.0,3.94,69.07,1754.72,-6.21,-0.65,158.28,mixed_edge
1-3,lane1_target_class_pair,B1-A1,874,104,11.9,87400,54860,-32540,62.77,527.5,15.42,76.45,495.64,-13.68,-3.52,31.86,mixed_edge
1-5,lane1_target_start_gap_pair x target_outer_pressure_bucket,0.04-0.06-<=0.03 | some_other_pressure,94,8,8.51,9400,5900,-3500,62.77,737.5,6.4,77.77,1215.84,-15.0,2.11,-478.34,mixed_edge
1-5,lane1_target_exhibition_time_diff_bucket,target_faster_0.10+,529,29,5.48,52900,33200,-19700,62.76,1144.83,6.4,77.77,1215.84,-15.01,-0.92,-71.01,mixed_edge
1-6,other_exhibition_faster_than_target_count_bucket,4,2524,74,2.93,252400,157610,-94790,62.44,2129.86,3.94,69.07,1754.72,-6.63,-1.01,375.14,mixed_edge
1-6,target_exhibition_rank_bucket x other_exhibition_faster_than_target_count_bucket,4+ | 4,2524,74,2.93,252400,157610,-94790,62.44,2129.86,3.94,69.07,1754.72,-6.63,-1.01,375.14,mixed_edge
1-4,lane1_target_start_gap_pair x target_outer_pressure_bucket,>0.06->0.06 | low_other_pressure,32,7,21.88,3200,1990,-1210,62.19,284.29,10.2,75.25,737.84,-13.06,11.68,-453.55,mixed_edge
1-5,target_start_exhibition_gap_bucket,>0.06,4843,239,4.93,484300,300980,-183320,62.15,1259.33,6.4,77.77,1215.84,-15.62,-1.47,43.49,mixed_edge
1-5,target_lane x target_start_exhibition_gap_bucket,5 | >0.06,4843,239,4.93,484300,300980,-183320,62.15,1259.33,6.4,77.77,1215.84,-15.62,-1.47,43.49,mixed_edge
1-2,target_class_group x target_outer_pressure_bucket,B | low_other_pressure,104,25,24.04,10400,6460,-3940,62.12,258.4,17.68,78.75,445.55,-16.63,6.36,-187.15,mixed_edge
1-3,other_group_pattern,A-A-A-B,642,71,11.06,64200,39780,-24420,61.96,560.28,15.42,76.45,495.64,-14.49,-4.36,64.64,mixed_edge
1-6,other_b2_count_bucket,2,228,15,6.58,22800,14090,-8710,61.8,939.33,3.94,69.07,1754.72,-7.27,2.64,-815.39,mixed_edge
1-6,lane1_target_start_gap_pair x target_outer_pressure_bucket,0.04-0.06->0.06 | some_other_pressure,90,5,5.56,9000,5540,-3460,61.56,1108.0,3.94,69.07,1754.72,-7.51,1.62,-646.72,mixed_edge
1-5,other_b2_count_bucket,2,312,28,8.97,31200,19160,-12040,61.41,684.29,6.4,77.77,1215.84,-16.36,2.57,-531.55,mixed_edge
1-5,lane1_exhibition_st_rank_bucket,4+,4989,241,4.83,498900,306100,-192800,61.35,1270.12,6.4,77.77,1215.84,-16.42,-1.57,54.28,mixed_edge
1-4,lane1_target_exhibition_time_diff_bucket x lane1_target_start_exhibition_st_diff_bucket,target_faster_0.05_0.10 | target_faster_0.03_0.06,164,16,9.76,16400,10060,-6340,61.34,628.75,10.2,75.25,737.84,-13.91,-0.44,-109.09,mixed_edge
1-3,lane1_target_exhibition_st_rank_pair,4+-1,1024,128,12.5,102400,62790,-39610,61.32,490.55,15.42,76.45,495.64,-15.13,-2.92,-5.09,mixed_edge
1-3,lane1_exhibition_st_rank_bucket x target_exhibition_st_rank_bucket,4+ | 1,1024,128,12.5,102400,62790,-39610,61.32,490.55,15.42,76.45,495.64,-15.13,-2.92,-5.09,mixed_edge
1-4,wind_bucket,7+,333,26,7.81,33300,20380,-12920,61.2,783.85,10.2,75.25,737.84,-14.05,-2.39,46.01,mixed_edge
1-4,lane1_target_national_rank_pair x target_outer_pressure_bucket,4+-2 | some_other_pressure,443,34,7.67,44300,27070,-17230,61.11,796.18,10.2,75.25,737.84,-14.14,-2.53,58.34,mixed_edge
1-4,lane1_target_national_rank_pair,3-2,456,49,10.75,45600,27840,-17760,61.05,568.16,10.2,75.25,737.84,-14.2,0.55,-169.68,mixed_edge
1-4,target_lane x lane1_target_national_rank_pair,4 | 3-2,456,49,10.75,45600,27840,-17760,61.05,568.16,10.2,75.25,737.84,-14.2,0.55,-169.68,mixed_edge
1-5,lane1_target_national_rank_pair,3-4+,1521,43,2.83,152100,92740,-59360,60.97,2156.74,6.4,77.77,1215.84,-16.8,-3.57,940.9,mixed_edge
1-5,target_lane x lane1_target_national_rank_pair,5 | 3-4+,1521,43,2.83,152100,92740,-59360,60.97,2156.74,6.4,77.77,1215.84,-16.8,-3.57,940.9,mixed_edge
1-5,lane1_target_national_rank_pair x target_outer_pressure_bucket,3-4+ | high_other_pressure,1521,43,2.83,152100,92740,-59360,60.97,2156.74,6.4,77.77,1215.84,-16.8,-3.57,940.9,mixed_edge
1-5,stadium_code,20,539,33,6.12,53900,32860,-21040,60.96,995.76,6.4,77.77,1215.84,-16.81,-0.28,-220.08,mixed_edge
1-5,stadium_code x target_lane,20 | 5,539,33,6.12,53900,32860,-21040,60.96,995.76,6.4,77.77,1215.84,-16.81,-0.28,-220.08,mixed_edge
1-6,target_local_win_rank_bucket,4+,7634,177,2.32,763400,464800,-298600,60.89,2625.99,3.94,69.07,1754.72,-8.18,-1.62,871.27,mixed_edge
1-4,lane1_target_exhibition_st_rank_pair,4+-3,1211,96,7.93,121100,73740,-47360,60.89,768.12,10.2,75.25,737.84,-14.36,-2.27,30.28,mixed_edge
1-4,lane1_exhibition_st_rank_bucket x target_exhibition_st_rank_bucket,4+ | 3,1211,96,7.93,121100,73740,-47360,60.89,768.12,10.2,75.25,737.84,-14.36,-2.27,30.28,mixed_edge
1-5,stadium_code,23,480,30,6.25,48000,29220,-18780,60.88,974.0,6.4,77.77,1215.84,-16.89,-0.15,-241.84,mixed_edge
1-5,stadium_code x target_lane,23 | 5,480,30,6.25,48000,29220,-18780,60.88,974.0,6.4,77.77,1215.84,-16.89,-0.15,-241.84,mixed_edge
1-2,lane1_target_start_gap_pair x target_outer_pressure_bucket,0.04-0.06->0.06 | low_other_pressure,53,13,24.53,5300,3220,-2080,60.75,247.69,17.68,78.75,445.55,-18.0,6.85,-197.86,mixed_edge
1-6,grade_group,G1,204,8,3.92,20400,12370,-8030,60.64,1546.25,3.94,69.07,1754.72,-8.43,-0.02,-208.47,mixed_edge
1-4,lane1_target_start_gap_pair x target_outer_pressure_bucket,0.04-0.06-0.04-0.06 | high_other_pressure,462,41,8.87,46200,28010,-18190,60.63,683.17,10.2,75.25,737.84,-14.62,-1.33,-54.67,mixed_edge
1-6,lane1_national_win_rank_bucket,3,2350,91,3.87,235000,142420,-92580,60.6,1565.05,3.94,69.07,1754.72,-8.47,-0.07,-189.67,mixed_edge
1-4,lane1_exhibition_st_rank_bucket,4+,4989,380,7.62,498900,302300,-196600,60.59,795.53,10.2,75.25,737.84,-14.66,-2.58,57.69,mixed_edge
1-6,lane1_target_national_rank_pair,1-4+,2264,64,2.83,226400,137020,-89380,60.52,2140.94,3.94,69.07,1754.72,-8.55,-1.11,386.22,mixed_edge
1-6,target_lane x lane1_target_national_rank_pair,6 | 1-4+,2264,64,2.83,226400,137020,-89380,60.52,2140.94,3.94,69.07,1754.72,-8.55,-1.11,386.22,mixed_edge
1-3,target_exhibition_st_rank_bucket,4+,5529,685,12.39,552900,334510,-218390,60.5,488.34,15.42,76.45,495.64,-15.95,-3.03,-7.3,mixed_edge
1-3,target_lane x target_exhibition_st_rank_bucket,3 | 4+,5529,685,12.39,552900,334510,-218390,60.5,488.34,15.42,76.45,495.64,-15.95,-3.03,-7.3,mixed_edge
1-6,lane1_target_start_gap_pair,>0.06-<=0.03,659,21,3.19,65900,39830,-26070,60.44,1896.67,3.94,69.07,1754.72,-8.63,-0.75,141.95,mixed_edge
1-6,target_lane x lane1_target_start_gap_pair,6 | >0.06-<=0.03,659,21,3.19,65900,39830,-26070,60.44,1896.67,3.94,69.07,1754.72,-8.63,-0.75,141.95,mixed_edge
1-6,lane1_start_exhibition_gap_bucket x target_start_exhibition_gap_bucket,>0.06 | <=0.03,659,21,3.19,65900,39830,-26070,60.44,1896.67,3.94,69.07,1754.72,-8.63,-0.75,141.95,mixed_edge
1-5,stadium_code,10,546,26,4.76,54600,32990,-21610,60.42,1268.85,6.4,77.77,1215.84,-17.35,-1.64,53.01,mixed_edge
1-5,stadium_code x target_lane,10 | 5,546,26,4.76,54600,32990,-21610,60.42,1268.85,6.4,77.77,1215.84,-17.35,-1.64,53.01,mixed_edge
1-4,target_class_group x target_outer_pressure_bucket,B | some_other_pressure,403,44,10.92,40300,24330,-15970,60.37,552.95,10.2,75.25,737.84,-14.88,0.72,-184.89,mixed_edge
1-3,wind_bucket,7+,333,35,10.51,33300,20070,-13230,60.27,573.43,15.42,76.45,495.64,-16.18,-4.91,77.79,mixed_edge
1-6,lane1_target_boat_place_diff_bucket,lane1_plus_10+,1961,66,3.37,196100,117990,-78110,60.17,1787.73,3.94,69.07,1754.72,-8.9,-0.57,33.01,mixed_edge
1-6,lane1_target_group_pair,A-B,3965,96,2.42,396500,238310,-158190,60.1,2482.4,3.94,69.07,1754.72,-8.97,-1.52,727.68,mixed_edge
1-3,lane1_target_class_pair,B2-B1,174,14,8.05,17400,10440,-6960,60.0,745.71,15.42,76.45,495.64,-16.45,-7.37,250.07,mixed_edge
1-6,lane1_target_national_rank_pair x target_outer_pressure_bucket,1-4+ | high_other_pressure,2252,63,2.8,225200,135080,-90120,59.98,2144.13,3.94,69.07,1754.72,-9.09,-1.14,389.41,mixed_edge
1-6,other_a_count_bucket,3,2237,44,1.97,223700,134170,-89530,59.98,3049.32,3.94,69.07,1754.72,-9.09,-1.97,1294.6,mixed_edge
1-6,target_lane x other_a_count_bucket,6 | 3,2237,44,1.97,223700,134170,-89530,59.98,3049.32,3.94,69.07,1754.72,-9.09,-1.97,1294.6,mixed_edge
1-6,lane1_motor_rank_bucket,2,2254,92,4.08,225400,135070,-90330,59.92,1468.15,3.94,69.07,1754.72,-9.15,0.14,-286.57,mixed_edge
1-6,lane1_target_exhibition_time_diff_bucket x lane1_target_start_exhibition_st_diff_bucket,target_faster_0.10+ | lane1_faster_0.03_0.06,88,4,4.55,8800,5270,-3530,59.89,1317.5,3.94,69.07,1754.72,-9.18,0.61,-437.22,mixed_edge
1-6,stadium_code,17,552,16,2.9,55200,32990,-22210,59.76,2061.88,3.94,69.07,1754.72,-9.31,-1.04,307.16,mixed_edge
1-6,stadium_code x target_lane,17 | 6,552,16,2.9,55200,32990,-22210,59.76,2061.88,3.94,69.07,1754.72,-9.31,-1.04,307.16,mixed_edge
1-4,lane1_target_exhibition_time_diff_bucket x lane1_target_start_exhibition_st_diff_bucket,lane1_faster_0.10+ | target_faster_0.06+,296,20,6.76,29600,17680,-11920,59.73,884.0,10.2,75.25,737.84,-15.52,-3.44,146.16,mixed_edge
1-6,other_group_pattern,A-B-B-A,756,23,3.04,75600,45060,-30540,59.6,1959.13,3.94,69.07,1754.72,-9.47,-0.9,204.41,mixed_edge
1-6,lane1_target_start_gap_pair x target_outer_pressure_bucket,>0.06-<=0.03 | high_other_pressure,530,14,2.64,53000,31560,-21440,59.55,2254.29,3.94,69.07,1754.72,-9.52,-1.3,499.57,mixed_edge
1-3,other_group_pattern,B-B-A-A,605,73,12.07,60500,36010,-24490,59.52,493.29,15.42,76.45,495.64,-16.93,-3.35,-2.35,mixed_edge
1-3,lane1_target_exhibition_st_rank_pair,4+-2,1060,127,11.98,106000,62990,-43010,59.42,495.98,15.42,76.45,495.64,-17.03,-3.44,0.34,mixed_edge
1-3,lane1_exhibition_st_rank_bucket x target_exhibition_st_rank_bucket,4+ | 2,1060,127,11.98,106000,62990,-43010,59.42,495.98,15.42,76.45,495.64,-17.03,-3.44,0.34,mixed_edge
1-6,lane1_exhibition_rank_bucket,3,2234,86,3.85,223400,132660,-90740,59.38,1542.56,3.94,69.07,1754.72,-9.69,-0.09,-212.16,mixed_edge
1-3,lane1_target_national_rank_pair x target_outer_pressure_bucket,3-1 | some_other_pressure,108,21,19.44,10800,6390,-4410,59.17,304.29,15.42,76.45,495.64,-17.28,4.02,-191.35,mixed_edge
1-4,stadium_code,01,539,46,8.53,53900,31860,-22040,59.11,692.61,10.2,75.25,737.84,-16.14,-1.67,-45.23,mixed_edge
1-4,stadium_code x target_lane,01 | 4,539,46,8.53,53900,31860,-22040,59.11,692.61,10.2,75.25,737.84,-16.14,-1.67,-45.23,mixed_edge
1-6,lane1_target_start_gap_pair x target_outer_pressure_bucket,>0.06-best | high_other_pressure,694,24,3.46,69400,40990,-28410,59.06,1707.92,3.94,69.07,1754.72,-10.01,-0.48,-46.8,mixed_edge
1-5,lane1_target_boat_place_diff_bucket,target_plus_4_10,2408,141,5.86,240800,142200,-98600,59.05,1008.51,6.4,77.77,1215.84,-18.72,-0.54,-207.33,mixed_edge
1-2,stadium_code,04,528,60,11.36,52800,31180,-21620,59.05,519.67,17.68,78.75,445.55,-19.7,-6.32,74.12,mixed_edge
1-2,stadium_code x target_lane,04 | 2,528,60,11.36,52800,31180,-21620,59.05,519.67,17.68,78.75,445.55,-19.7,-6.32,74.12,mixed_edge
1-4,stadium_code,03,586,45,7.68,58600,34580,-24020,59.01,768.44,10.2,75.25,737.84,-16.24,-2.52,30.6,mixed_edge
1-4,stadium_code x target_lane,03 | 4,586,45,7.68,58600,34580,-24020,59.01,768.44,10.2,75.25,737.84,-16.24,-2.52,30.6,mixed_edge
1-3,lane1_target_exhibition_time_diff_bucket x lane1_target_start_exhibition_st_diff_bucket,lane1_faster_0.10+ | target_faster_0.06+,233,22,9.44,23300,13730,-9570,58.93,624.09,15.42,76.45,495.64,-17.52,-5.98,128.45,mixed_edge
1-6,race_no_bucket,7-9R,3350,130,3.88,335000,197260,-137740,58.88,1517.38,3.94,69.07,1754.72,-10.19,-0.06,-237.34,mixed_edge
1-6,race_no_bucket x target_lane,7-9R | 6,3350,130,3.88,335000,197260,-137740,58.88,1517.38,3.94,69.07,1754.72,-10.19,-0.06,-237.34,mixed_edge
1-3,target_start_exhibition_gap_bucket,>0.06,3814,411,10.78,381400,224450,-156950,58.85,546.11,15.42,76.45,495.64,-17.6,-4.64,50.47,mixed_edge
1-3,target_lane x target_start_exhibition_gap_bucket,3 | >0.06,3814,411,10.78,381400,224450,-156950,58.85,546.11,15.42,76.45,495.64,-17.6,-4.64,50.47,mixed_edge
1-5,lane1_target_exhibition_st_rank_pair,4+-3,1108,47,4.24,110800,65180,-45620,58.83,1386.81,6.4,77.77,1215.84,-18.94,-2.16,170.97,mixed_edge
1-5,lane1_exhibition_st_rank_bucket x target_exhibition_st_rank_bucket,4+ | 3,1108,47,4.24,110800,65180,-45620,58.83,1386.81,6.4,77.77,1215.84,-18.94,-2.16,170.97,mixed_edge
1-5,lane1_target_start_gap_pair x target_outer_pressure_bucket,0.04-0.06-<=0.03 | low_other_pressure,33,4,12.12,3300,1940,-1360,58.79,485.0,6.4,77.77,1215.84,-18.98,5.72,-730.84,mixed_edge
1-6,lane1_local_win_rank_bucket,1,3198,145,4.53,319800,187940,-131860,58.77,1296.14,3.94,69.07,1754.72,-10.3,0.59,-458.58,mixed_edge
1-6,other_exhibition_faster_than_target_count_bucket,3,2513,78,3.1,251300,147430,-103870,58.67,1890.13,3.94,69.07,1754.72,-10.4,-0.84,135.41,mixed_edge
1-6,target_exhibition_rank_bucket x other_exhibition_faster_than_target_count_bucket,4+ | 3,2513,78,3.1,251300,147430,-103870,58.67,1890.13,3.94,69.07,1754.72,-10.4,-0.84,135.41,mixed_edge
1-6,target_exhibition_st_rank_bucket,4+,8629,261,3.02,862900,505550,-357350,58.59,1936.97,3.94,69.07,1754.72,-10.48,-0.92,182.25,mixed_edge
1-6,target_lane x target_exhibition_st_rank_bucket,6 | 4+,8629,261,3.02,862900,505550,-357350,58.59,1936.97,3.94,69.07,1754.72,-10.48,-0.92,182.25,mixed_edge
1-6,lane1_target_group_pair x other_a_count_bucket,B-A | 3,271,5,1.85,27100,15870,-11230,58.56,3174.0,3.94,69.07,1754.72,-10.51,-2.09,1419.28,mixed_edge
1-2,lane1_target_exhibition_st_rank_pair,4+-3,795,106,13.33,79500,46510,-32990,58.5,438.77,17.68,78.75,445.55,-20.25,-4.35,-6.78,mixed_edge
1-2,lane1_exhibition_st_rank_bucket x target_exhibition_st_rank_bucket,4+ | 3,795,106,13.33,79500,46510,-32990,58.5,438.77,17.68,78.75,445.55,-20.25,-4.35,-6.78,mixed_edge
1-5,lane1_target_exhibition_time_diff_bucket x lane1_target_start_exhibition_st_diff_bucket,target_faster_0.10+ | near_equal,127,6,4.72,12700,7420,-5280,58.43,1236.67,6.4,77.77,1215.84,-19.34,-1.68,20.83,mixed_edge
1-5,lane1_target_start_gap_pair x target_outer_pressure_bucket,>0.06-<=0.03 | low_other_pressure,51,6,11.76,5100,2970,-2130,58.24,495.0,6.4,77.77,1215.84,-19.53,5.36,-720.84,mixed_edge
1-2,lane1_target_group_pair x other_a_count_bucket,B-B | 2,910,65,7.14,91000,52940,-38060,58.18,814.46,17.68,78.75,445.55,-20.57,-10.54,368.91,mixed_edge
1-4,lane1_target_class_pair,B1-B2,374,9,2.41,37400,21750,-15650,58.16,2416.67,10.2,75.25,737.84,-17.09,-7.79,1678.83,mixed_edge
1-4,lane1_target_start_gap_pair,<=0.03->0.06,749,50,6.68,74900,43450,-31450,58.01,869.0,10.2,75.25,737.84,-17.24,-3.52,131.16,mixed_edge
1-4,target_lane x lane1_target_start_gap_pair,4 | <=0.03->0.06,749,50,6.68,74900,43450,-31450,58.01,869.0,10.2,75.25,737.84,-17.24,-3.52,131.16,mixed_edge
1-4,lane1_start_exhibition_gap_bucket x target_start_exhibition_gap_bucket,<=0.03 | >0.06,749,50,6.68,74900,43450,-31450,58.01,869.0,10.2,75.25,737.84,-17.24,-3.52,131.16,mixed_edge
1-4,lane1_target_exhibition_time_diff_bucket x lane1_target_start_exhibition_st_diff_bucket,lane1_faster_0.10+ | lane1_faster_0.06+,502,40,7.97,50200,29100,-21100,57.97,727.5,10.2,75.25,737.84,-17.28,-2.23,-10.34,mixed_edge
1-6,target_class_group,B,7090,142,2.0,709000,410810,-298190,57.94,2893.03,3.94,69.07,1754.72,-11.13,-1.94,1138.31,mixed_edge
1-6,target_lane x target_class_group,6 | B,7090,142,2.0,709000,410810,-298190,57.94,2893.03,3.94,69.07,1754.72,-11.13,-1.94,1138.31,mixed_edge
1-6,lane1_target_exhibition_st_rank_pair,3-2,296,13,4.39,29600,17140,-12460,57.91,1318.46,3.94,69.07,1754.72,-11.16,0.45,-436.26,mixed_edge
1-6,lane1_exhibition_st_rank_bucket x target_exhibition_st_rank_bucket,3 | 2,296,13,4.39,29600,17140,-12460,57.91,1318.46,3.94,69.07,1754.72,-11.16,0.45,-436.26,mixed_edge
1-6,lane1_target_exhibition_st_rank_pair,4+-1,942,43,4.56,94200,54500,-39700,57.86,1267.44,3.94,69.07,1754.72,-11.21,0.62,-487.28,mixed_edge
1-6,lane1_exhibition_st_rank_bucket x target_exhibition_st_rank_bucket,4+ | 1,942,43,4.56,94200,54500,-39700,57.86,1267.44,3.94,69.07,1754.72,-11.21,0.62,-487.28,mixed_edge
1-6,other_group_pattern,A-B-A-B,889,27,3.04,88900,51440,-37460,57.86,1905.19,3.94,69.07,1754.72,-11.21,-0.9,150.47,mixed_edge
1-3,lane1_target_start_gap_pair x target_outer_pressure_bucket,<=0.03->0.06 | high_other_pressure,433,35,8.08,43300,24940,-18360,57.6,712.57,15.42,76.45,495.64,-18.85,-7.34,216.93,mixed_edge
1-6,lane1_target_start_gap_pair x target_outer_pressure_bucket,0.04-0.06-0.04-0.06 | high_other_pressure,437,12,2.75,43700,25160,-18540,57.57,2096.67,3.94,69.07,1754.72,-11.5,-1.19,341.95,mixed_edge
1-4,lane1_target_start_gap_pair x target_outer_pressure_bucket,<=0.03->0.06 | some_other_pressure,72,7,9.72,7200,4140,-3060,57.5,591.43,10.2,75.25,737.84,-17.75,-0.48,-146.41,mixed_edge
1-5,lane1_target_start_gap_pair x target_outer_pressure_bucket,0.04-0.06-best | low_other_pressure,37,4,10.81,3700,2120,-1580,57.3,530.0,6.4,77.77,1215.84,-20.47,4.41,-685.84,mixed_edge
1-2,target_exhibition_st_rank_bucket x other_st_faster_than_target_count_bucket,3 | 2,813,106,13.04,81300,46510,-34790,57.21,438.77,17.68,78.75,445.55,-21.54,-4.64,-6.78,mixed_edge
1-4,lane1_target_start_gap_pair,>0.06-<=0.03,805,61,7.58,80500,46050,-34450,57.2,754.92,10.2,75.25,737.84,-18.05,-2.62,17.08,mixed_edge
1-4,target_lane x lane1_target_start_gap_pair,4 | >0.06-<=0.03,805,61,7.58,80500,46050,-34450,57.2,754.92,10.2,75.25,737.84,-18.05,-2.62,17.08,mixed_edge
1-4,lane1_start_exhibition_gap_bucket x target_start_exhibition_gap_bucket,>0.06 | <=0.03,805,61,7.58,80500,46050,-34450,57.2,754.92,10.2,75.25,737.84,-18.05,-2.62,17.08,mixed_edge
1-6,lane1_target_boat_place_diff_bucket,target_plus_4_10,2337,80,3.42,233700,133530,-100170,57.14,1669.12,3.94,69.07,1754.72,-11.93,-0.52,-85.6,mixed_edge
1-5,lane1_target_group_pair x other_a_count_bucket,B-A | 0,131,14,10.69,13100,7480,-5620,57.1,534.29,6.4,77.77,1215.84,-20.67,4.29,-681.55,mixed_edge
1-6,lane1_target_group_pair x target_outer_pressure_bucket,A-B | high_other_pressure,3733,73,1.96,373300,212630,-160670,56.96,2912.74,3.94,69.07,1754.72,-12.11,-1.98,1158.02,mixed_edge
1-4,lane1_target_exhibition_time_diff_bucket x lane1_target_start_exhibition_st_diff_bucket,lane1_faster_0.10+ | lane1_faster_0.03_0.06,267,28,10.49,26700,15200,-11500,56.93,542.86,10.2,75.25,737.84,-18.32,0.29,-194.98,mixed_edge
1-6,stadium_code,06,683,18,2.64,68300,38760,-29540,56.75,2153.33,3.94,69.07,1754.72,-12.32,-1.3,398.61,mixed_edge
1-6,stadium_code x target_lane,06 | 6,683,18,2.64,68300,38760,-29540,56.75,2153.33,3.94,69.07,1754.72,-12.32,-1.3,398.61,mixed_edge
1-6,target_national_win_rank_bucket x other_national_better_than_target_count_bucket,4+ | 2,1447,41,2.83,144700,82100,-62600,56.74,2002.44,3.94,69.07,1754.72,-12.33,-1.11,247.72,mixed_edge
1-6,lane1_target_group_pair x other_a_count_bucket,A-A | 0,254,28,11.02,25400,14410,-10990,56.73,514.64,3.94,69.07,1754.72,-12.34,7.08,-1240.08,mixed_edge
1-6,other_group_pattern,B-A-B-B,984,53,5.39,98400,55700,-42700,56.61,1050.94,3.94,69.07,1754.72,-12.46,1.45,-703.78,mixed_edge
1-6,lane1_target_group_pair x other_a_count_bucket,A-B | 0,792,34,4.29,79200,44800,-34400,56.57,1317.65,3.94,69.07,1754.72,-12.5,0.35,-437.07,mixed_edge
1-2,lane1_target_exhibition_time_diff_bucket x lane1_target_start_exhibition_st_diff_bucket,lane1_faster_0.10+ | target_faster_0.06+,99,13,13.13,9900,5600,-4300,56.57,430.77,17.68,78.75,445.55,-22.18,-4.55,-14.78,mixed_edge
1-6,lane1_target_exhibition_time_diff_bucket x lane1_target_start_exhibition_st_diff_bucket,near_equal | target_faster_0.06+,1039,40,3.85,103900,58760,-45140,56.55,1469.0,3.94,69.07,1754.72,-12.52,-0.09,-285.72,mixed_edge
1-4,lane1_target_start_gap_pair x target_outer_pressure_bucket,>0.06-0.04-0.06 | high_other_pressure,647,37,5.72,64700,36590,-28110,56.55,988.92,10.2,75.25,737.84,-18.7,-4.48,251.08,mixed_edge
1-3,other_group_pattern,A-A-B-A,696,73,10.49,69600,39350,-30250,56.54,539.04,15.42,76.45,495.64,-19.91,-4.93,43.4,mixed_edge
1-5,lane1_target_exhibition_time_diff_bucket x lane1_target_start_exhibition_st_diff_bucket,near_equal | target_faster_0.03_0.06,781,48,6.15,78100,44130,-33970,56.5,919.38,6.4,77.77,1215.84,-21.27,-0.25,-296.46,mixed_edge
1-5,grade_group,SG,72,2,2.78,7200,4060,-3140,56.39,2030.0,6.4,77.77,1215.84,-21.38,-3.62,814.16,mixed_edge
1-3,wave_bucket,10+,250,28,11.2,25000,14090,-10910,56.36,503.21,15.42,76.45,495.64,-20.09,-4.22,7.57,mixed_edge
1-5,lane1_target_national_rank_pair x target_outer_pressure_bucket,4+-1 | low_other_pressure,282,23,8.16,28200,15870,-12330,56.28,690.0,6.4,77.77,1215.84,-21.49,1.76,-525.84,mixed_edge
1-5,lane1_target_start_gap_pair,0.04-0.06->0.06,707,34,4.81,70700,39780,-30920,56.27,1170.0,6.4,77.77,1215.84,-21.5,-1.59,-45.84,mixed_edge
1-5,target_lane x lane1_target_start_gap_pair,5 | 0.04-0.06->0.06,707,34,4.81,70700,39780,-30920,56.27,1170.0,6.4,77.77,1215.84,-21.5,-1.59,-45.84,mixed_edge
1-5,lane1_start_exhibition_gap_bucket x target_start_exhibition_gap_bucket,0.04-0.06 | >0.06,707,34,4.81,70700,39780,-30920,56.27,1170.0,6.4,77.77,1215.84,-21.5,-1.59,-45.84,mixed_edge
1-6,lane1_target_national_rank_pair,3-2,414,19,4.59,41400,23250,-18150,56.16,1223.68,3.94,69.07,1754.72,-12.91,0.65,-531.04,mixed_edge
1-6,target_lane x lane1_target_national_rank_pair,6 | 3-2,414,19,4.59,41400,23250,-18150,56.16,1223.68,3.94,69.07,1754.72,-12.91,0.65,-531.04,mixed_edge
1-6,other_a_count_bucket,0,1753,90,5.13,175300,98420,-76880,56.14,1093.56,3.94,69.07,1754.72,-12.93,1.19,-661.16,mixed_edge
1-6,other_group_pattern,B-B-B-B,1753,90,5.13,175300,98420,-76880,56.14,1093.56,3.94,69.07,1754.72,-12.93,1.19,-661.16,mixed_edge
1-6,target_lane x other_a_count_bucket,6 | 0,1753,90,5.13,175300,98420,-76880,56.14,1093.56,3.94,69.07,1754.72,-12.93,1.19,-661.16,mixed_edge
1-6,lane1_target_exhibition_st_rank_pair,2-4+,1702,50,2.94,170200,95260,-74940,55.97,1905.2,3.94,69.07,1754.72,-13.1,-1.0,150.48,mixed_edge
1-6,lane1_exhibition_st_rank_bucket x target_exhibition_st_rank_bucket,2 | 4+,1702,50,2.94,170200,95260,-74940,55.97,1905.2,3.94,69.07,1754.72,-13.1,-1.0,150.48,mixed_edge
1-4,lane1_target_start_gap_pair x target_outer_pressure_bucket,<=0.03->0.06 | high_other_pressure,642,35,5.45,64200,35930,-28270,55.97,1026.57,10.2,75.25,737.84,-19.28,-4.75,288.73,mixed_edge
1-4,lane1_target_exhibition_time_diff_bucket x lane1_target_start_exhibition_st_diff_bucket,target_faster_0.10+ | target_faster_0.03_0.06,72,5,6.94,7200,4030,-3170,55.97,806.0,10.2,75.25,737.84,-19.28,-3.26,68.16,mixed_edge
1-6,lane1_target_group_pair x other_a_count_bucket,A-B | 1,1073,26,2.42,107300,60030,-47270,55.95,2308.85,3.94,69.07,1754.72,-13.12,-1.52,554.13,mixed_edge
1-6,lane1_target_group_pair x target_outer_pressure_bucket,B-A | some_other_pressure,444,20,4.5,44400,24840,-19560,55.95,1242.0,3.94,69.07,1754.72,-13.12,0.56,-512.72,mixed_edge
1-5,target_class_group x target_outer_pressure_bucket,B | low_other_pressure,79,6,7.59,7900,4420,-3480,55.95,736.67,6.4,77.77,1215.84,-21.82,1.19,-479.17,mixed_edge
1-2,lane1_target_start_gap_pair x target_outer_pressure_bucket,0.04-0.06-0.04-0.06 | low_other_pressure,39,9,23.08,3900,2180,-1720,55.9,242.22,17.68,78.75,445.55,-22.85,5.4,-203.33,mixed_edge
1-6,lane1_target_group_pair x other_a_count_bucket,A-B | 3,661,11,1.66,66100,36880,-29220,55.79,3352.73,3.94,69.07,1754.72,-13.28,-2.28,1598.01,mixed_edge
1-5,lane1_target_start_gap_pair x target_outer_pressure_bucket,>0.06-best | high_other_pressure,671,26,3.87,67100,37420,-29680,55.77,1439.23,6.4,77.77,1215.84,-22.0,-2.53,223.39,mixed_edge
1-5,lane1_target_group_pair x other_a_count_bucket,A-B | 0,792,54,6.82,79200,44150,-35050,55.74,817.59,6.4,77.77,1215.84,-22.03,0.42,-398.25,mixed_edge
1-6,lane1_target_motor_place_diff_bucket,lane1_plus_10+,2389,84,3.52,238900,132880,-106020,55.62,1581.9,3.94,69.07,1754.72,-13.45,-0.42,-172.82,mixed_edge
1-5,lane1_target_group_pair x target_outer_pressure_bucket,B-A | low_other_pressure,265,24,9.06,26500,14720,-11780,55.55,613.33,6.4,77.77,1215.84,-22.22,2.66,-602.51,mixed_edge
1-5,stadium_code,15,575,33,5.74,57500,31910,-25590,55.5,966.97,6.4,77.77,1215.84,-22.27,-0.66,-248.87,mixed_edge
1-5,stadium_code x target_lane,15 | 5,575,33,5.74,57500,31910,-25590,55.5,966.97,6.4,77.77,1215.84,-22.27,-0.66,-248.87,mixed_edge
1-4,lane1_target_start_gap_pair,>0.06-0.04-0.06,764,48,6.28,76400,42350,-34050,55.43,882.29,10.2,75.25,737.84,-19.82,-3.92,144.45,mixed_edge
1-4,target_lane x lane1_target_start_gap_pair,4 | >0.06-0.04-0.06,764,48,6.28,76400,42350,-34050,55.43,882.29,10.2,75.25,737.84,-19.82,-3.92,144.45,mixed_edge
1-4,lane1_start_exhibition_gap_bucket x target_start_exhibition_gap_bucket,>0.06 | 0.04-0.06,764,48,6.28,76400,42350,-34050,55.43,882.29,10.2,75.25,737.84,-19.82,-3.92,144.45,mixed_edge
1-6,target_national_win_rank_bucket,4+,7630,134,1.76,763000,422660,-340340,55.39,3154.18,3.94,69.07,1754.72,-13.68,-2.18,1399.46,mixed_edge
1-6,lane1_target_start_exhibition_st_diff_bucket,lane1_faster_0.06+,4556,132,2.9,455600,251960,-203640,55.3,1908.79,3.94,69.07,1754.72,-13.77,-1.04,154.07,mixed_edge
1-2,lane1_target_start_gap_pair,<=0.03->0.06,610,76,12.46,61000,33720,-27280,55.28,443.68,17.68,78.75,445.55,-23.47,-5.22,-1.87,mixed_edge
1-2,target_lane x lane1_target_start_gap_pair,2 | <=0.03->0.06,610,76,12.46,61000,33720,-27280,55.28,443.68,17.68,78.75,445.55,-23.47,-5.22,-1.87,mixed_edge
1-2,lane1_start_exhibition_gap_bucket x target_start_exhibition_gap_bucket,<=0.03 | >0.06,610,76,12.46,61000,33720,-27280,55.28,443.68,17.68,78.75,445.55,-23.47,-5.22,-1.87,mixed_edge
1-6,lane1_target_group_pair,B-B,3125,46,1.47,312500,172500,-140000,55.2,3750.0,3.94,69.07,1754.72,-13.87,-2.47,1995.28,mixed_edge
1-6,target_class_group x target_outer_pressure_bucket,B | high_other_pressure,6713,110,1.64,671300,370470,-300830,55.19,3367.91,3.94,69.07,1754.72,-13.88,-2.3,1613.19,mixed_edge
1-5,lane1_target_start_gap_pair,<=0.03->0.06,935,44,4.71,93500,51580,-41920,55.17,1172.27,6.4,77.77,1215.84,-22.6,-1.69,-43.57,mixed_edge
1-5,target_lane x lane1_target_start_gap_pair,5 | <=0.03->0.06,935,44,4.71,93500,51580,-41920,55.17,1172.27,6.4,77.77,1215.84,-22.6,-1.69,-43.57,mixed_edge
1-5,lane1_start_exhibition_gap_bucket x target_start_exhibition_gap_bucket,<=0.03 | >0.06,935,44,4.71,93500,51580,-41920,55.17,1172.27,6.4,77.77,1215.84,-22.6,-1.69,-43.57,mixed_edge
1-5,lane1_target_national_rank_pair x target_outer_pressure_bucket,2-3 | high_other_pressure,309,18,5.83,30900,17010,-13890,55.05,945.0,6.4,77.77,1215.84,-22.72,-0.57,-270.84,mixed_edge
1-4,lane1_target_start_gap_pair x target_outer_pressure_bucket,>0.06-best | high_other_pressure,790,46,5.82,79000,43460,-35540,55.01,944.78,10.2,75.25,737.84,-20.24,-4.38,206.94,mixed_edge
1-4,lane1_target_group_pair x target_outer_pressure_bucket,A-B | low_other_pressure,56,8,14.29,5600,3080,-2520,55.0,385.0,10.2,75.25,737.84,-20.25,4.09,-352.84,mixed_edge
1-3,lane1_target_start_gap_pair x target_outer_pressure_bucket,>0.06-0.04-0.06 | low_other_pressure,38,8,21.05,3800,2090,-1710,55.0,261.25,15.42,76.45,495.64,-21.45,5.63,-234.39,mixed_edge
1-6,lane1_target_exhibition_time_diff_bucket x lane1_target_start_exhibition_st_diff_bucket,target_faster_0.05_0.10 | near_equal,349,18,5.16,34900,19170,-15730,54.93,1065.0,3.94,69.07,1754.72,-14.14,1.22,-689.72,mixed_edge
1-5,lane1_target_start_gap_pair x target_outer_pressure_bucket,0.04-0.06->0.06 | high_other_pressure,626,27,4.31,62600,34360,-28240,54.89,1272.59,6.4,77.77,1215.84,-22.88,-2.09,56.75,mixed_edge
1-3,lane1_target_class_pair,B2-A1,43,4,9.3,4300,2360,-1940,54.88,590.0,15.42,76.45,495.64,-21.57,-6.12,94.36,mixed_edge
1-4,stadium_code,20,539,43,7.98,53900,29560,-24340,54.84,687.44,10.2,75.25,737.84,-20.41,-2.22,-50.4,mixed_edge
1-4,stadium_code x target_lane,20 | 4,539,43,7.98,53900,29560,-24340,54.84,687.44,10.2,75.25,737.84,-20.41,-2.22,-50.4,mixed_edge
1-6,stadium_code,11,705,28,3.97,70500,38550,-31950,54.68,1376.79,3.94,69.07,1754.72,-14.39,0.03,-377.93,mixed_edge
1-6,stadium_code x target_lane,11 | 6,705,28,3.97,70500,38550,-31950,54.68,1376.79,3.94,69.07,1754.72,-14.39,0.03,-377.93,mixed_edge
1-6,lane1_target_national_rank_pair x target_outer_pressure_bucket,2-4+ | high_other_pressure,1693,29,1.71,169300,92520,-76780,54.65,3190.34,3.94,69.07,1754.72,-14.42,-2.23,1435.62,mixed_edge
1-6,lane1_target_start_exhibition_st_diff_bucket,target_faster_0.06+,2105,78,3.71,210500,114860,-95640,54.57,1472.56,3.94,69.07,1754.72,-14.5,-0.23,-282.16,mixed_edge
1-4,lane1_target_national_rank_pair x target_outer_pressure_bucket,3-2 | high_other_pressure,254,23,9.06,25400,13860,-11540,54.57,602.61,10.2,75.25,737.84,-20.68,-1.14,-135.23,mixed_edge
1-6,stadium_code,24,732,32,4.37,73200,39940,-33260,54.56,1248.12,3.94,69.07,1754.72,-14.51,0.43,-506.6,mixed_edge
1-6,stadium_code x target_lane,24 | 6,732,32,4.37,73200,39940,-33260,54.56,1248.12,3.94,69.07,1754.72,-14.51,0.43,-506.6,mixed_edge
1-6,lane1_target_national_rank_pair,2-4+,1697,29,1.71,169700,92520,-77180,54.52,3190.34,3.94,69.07,1754.72,-14.55,-2.23,1435.62,mixed_edge
1-6,target_lane x lane1_target_national_rank_pair,6 | 2-4+,1697,29,1.71,169700,92520,-77180,54.52,3190.34,3.94,69.07,1754.72,-14.55,-2.23,1435.62,mixed_edge
1-3,lane1_target_start_gap_pair,0.04-0.06-0.04-0.06,624,76,12.18,62400,34020,-28380,54.52,447.63,15.42,76.45,495.64,-21.93,-3.24,-48.01,mixed_edge
1-3,target_lane x lane1_target_start_gap_pair,3 | 0.04-0.06-0.04-0.06,624,76,12.18,62400,34020,-28380,54.52,447.63,15.42,76.45,495.64,-21.93,-3.24,-48.01,mixed_edge
1-3,lane1_start_exhibition_gap_bucket x target_start_exhibition_gap_bucket,0.04-0.06 | 0.04-0.06,624,76,12.18,62400,34020,-28380,54.52,447.63,15.42,76.45,495.64,-21.93,-3.24,-48.01,mixed_edge
1-6,lane1_target_class_pair,A2-B2,567,6,1.06,56700,30780,-25920,54.29,5130.0,3.94,69.07,1754.72,-14.78,-2.88,3375.28,mixed_edge
1-6,stadium_code,21,607,24,3.95,60700,32790,-27910,54.02,1366.25,3.94,69.07,1754.72,-15.05,0.01,-388.47,mixed_edge
1-6,stadium_code x target_lane,21 | 6,607,24,3.95,60700,32790,-27910,54.02,1366.25,3.94,69.07,1754.72,-15.05,0.01,-388.47,mixed_edge
1-4,target_exhibition_st_rank_bucket x other_st_faster_than_target_count_bucket,3 | 2,993,66,6.65,99300,53630,-45670,54.01,812.58,10.2,75.25,737.84,-21.24,-3.55,74.74,mixed_edge
1-3,lane1_target_start_gap_pair x target_outer_pressure_bucket,>0.06->0.06 | low_other_pressure,55,9,16.36,5500,2970,-2530,54.0,330.0,15.42,76.45,495.64,-22.45,0.94,-165.64,mixed_edge
1-2,lane1_target_exhibition_st_rank_pair,4+-1,617,82,13.29,61700,33300,-28400,53.97,406.1,17.68,78.75,445.55,-24.78,-4.39,-39.45,mixed_edge
1-2,lane1_exhibition_st_rank_bucket x target_exhibition_st_rank_bucket,4+ | 1,617,82,13.29,61700,33300,-28400,53.97,406.1,17.68,78.75,445.55,-24.78,-4.39,-39.45,mixed_edge
1-6,lane1_target_national_rank_pair,3-4+,1437,17,1.18,143700,77530,-66170,53.95,4560.59,3.94,69.07,1754.72,-15.12,-2.76,2805.87,mixed_edge
1-6,target_lane x lane1_target_national_rank_pair,6 | 3-4+,1437,17,1.18,143700,77530,-66170,53.95,4560.59,3.94,69.07,1754.72,-15.12,-2.76,2805.87,mixed_edge
1-6,lane1_target_national_rank_pair x target_outer_pressure_bucket,3-4+ | high_other_pressure,1437,17,1.18,143700,77530,-66170,53.95,4560.59,3.94,69.07,1754.72,-15.12,-2.76,2805.87,mixed_edge
1-2,lane1_exhibition_st_rank_bucket,4+,4989,589,11.81,498900,268580,-230320,53.83,455.99,17.68,78.75,445.55,-24.92,-5.87,10.44,mixed_edge
1-2,target_start_exhibition_gap_bucket,>0.06,4444,512,11.52,444400,237640,-206760,53.47,464.14,17.68,78.75,445.55,-25.28,-6.16,18.59,mixed_edge
1-2,target_lane x target_start_exhibition_gap_bucket,2 | >0.06,4444,512,11.52,444400,237640,-206760,53.47,464.14,17.68,78.75,445.55,-25.28,-6.16,18.59,mixed_edge
1-5,other_group_pattern,B-B-B-A,690,62,8.99,69000,36760,-32240,53.28,592.9,6.4,77.77,1215.84,-24.49,2.59,-622.94,mixed_edge
1-3,lane1_target_start_gap_pair x target_outer_pressure_bucket,>0.06-best | high_other_pressure,516,46,8.91,51600,27480,-24120,53.26,597.39,15.42,76.45,495.64,-23.19,-6.51,101.75,mixed_edge
1-5,lane1_target_exhibition_time_diff_bucket x lane1_target_start_exhibition_st_diff_bucket,lane1_faster_0.10+ | target_faster_0.06+,310,14,4.52,31000,16510,-14490,53.26,1179.29,6.4,77.77,1215.84,-24.51,-1.88,-36.55,mixed_edge
1-3,other_st_faster_than_target_count_bucket,3,2179,249,11.43,217900,116000,-101900,53.24,465.86,15.42,76.45,495.64,-23.21,-3.99,-29.78,mixed_edge
1-3,target_exhibition_st_rank_bucket x other_st_faster_than_target_count_bucket,4+ | 3,2179,249,11.43,217900,116000,-101900,53.24,465.86,15.42,76.45,495.64,-23.21,-3.99,-29.78,mixed_edge
1-6,lane1_target_group_pair x other_a_count_bucket,B-B | 3,790,7,0.89,79000,41960,-37040,53.11,5994.29,3.94,69.07,1754.72,-15.96,-3.05,4239.57,mixed_edge
1-6,lane1_target_exhibition_st_rank_pair,4+-3,932,27,2.9,93200,49470,-43730,53.08,1832.22,3.94,69.07,1754.72,-15.99,-1.04,77.5,mixed_edge
1-6,lane1_exhibition_st_rank_bucket x target_exhibition_st_rank_bucket,4+ | 3,932,27,2.9,93200,49470,-43730,53.08,1832.22,3.94,69.07,1754.72,-15.99,-1.04,77.5,mixed_edge
1-6,lane1_target_group_pair x target_outer_pressure_bucket,B-B | high_other_pressure,2980,37,1.24,298000,157840,-140160,52.97,4265.95,3.94,69.07,1754.72,-16.1,-2.7,2511.23,mixed_edge
1-3,target_exhibition_st_rank_bucket x other_st_faster_than_target_count_bucket,3 | 2,857,80,9.33,85700,45360,-40340,52.93,567.0,15.42,76.45,495.64,-23.52,-6.09,71.36,mixed_edge
1-2,lane1_target_exhibition_time_diff_bucket x lane1_target_start_exhibition_st_diff_bucket,lane1_faster_0.05_0.10 | lane1_faster_0.06+,505,66,13.07,50500,26720,-23780,52.91,404.85,17.68,78.75,445.55,-25.84,-4.61,-40.7,mixed_edge
1-6,lane1_target_local_win_diff_bucket,lane1_plus_1.00+,5746,159,2.77,574600,302830,-271770,52.7,1904.59,3.94,69.07,1754.72,-16.37,-1.17,149.87,mixed_edge
1-6,target_boat_rank_bucket,2,2229,78,3.5,222900,117050,-105850,52.51,1500.64,3.94,69.07,1754.72,-16.56,-0.44,-254.08,mixed_edge
1-5,lane1_target_group_pair x other_a_count_bucket,B-A | 1,654,41,6.27,65400,34320,-31080,52.48,837.07,6.4,77.77,1215.84,-25.29,-0.13,-378.77,mixed_edge
1-5,lane1_target_exhibition_st_rank_pair,4+-4+,1547,54,3.49,154700,81120,-73580,52.44,1502.22,6.4,77.77,1215.84,-25.33,-2.91,286.38,mixed_edge
1-5,lane1_exhibition_st_rank_bucket x target_exhibition_st_rank_bucket,4+ | 4+,1547,54,3.49,154700,81120,-73580,52.44,1502.22,6.4,77.77,1215.84,-25.33,-2.91,286.38,mixed_edge
1-2,other_group_pattern,B-A-B-A,826,103,12.47,82600,43280,-39320,52.4,420.19,17.68,78.75,445.55,-26.35,-5.21,-25.36,mixed_edge
1-4,target_class,B2,807,23,2.85,80700,42070,-38630,52.13,1829.13,10.2,75.25,737.84,-23.12,-7.35,1091.29,mixed_edge
1-5,lane1_target_start_gap_pair x target_outer_pressure_bucket,best-<=0.03 | low_other_pressure,52,5,9.62,5200,2710,-2490,52.12,542.0,6.4,77.77,1215.84,-25.65,3.22,-673.84,mixed_edge
1-4,lane1_target_start_gap_pair x target_outer_pressure_bucket,<=0.03-<=0.03 | some_other_pressure,115,15,13.04,11500,5990,-5510,52.09,399.33,10.2,75.25,737.84,-23.16,2.84,-338.51,mixed_edge
1-6,target_exhibition_rank_bucket x other_exhibition_faster_than_target_count_bucket,4+ | 1,563,16,2.84,56300,29290,-27010,52.02,1830.62,3.94,69.07,1754.72,-17.05,-1.1,75.9,mixed_edge
1-6,stadium_code,04,528,17,3.22,52800,27450,-25350,51.99,1614.71,3.94,69.07,1754.72,-17.08,-0.72,-140.01,mixed_edge
1-6,stadium_code x target_lane,04 | 6,528,17,3.22,52800,27450,-25350,51.99,1614.71,3.94,69.07,1754.72,-17.08,-0.72,-140.01,mixed_edge
1-2,lane1_target_start_gap_pair,0.04-0.06->0.06,779,86,11.04,77900,40400,-37500,51.86,469.77,17.68,78.75,445.55,-26.89,-6.64,24.22,mixed_edge
1-2,target_lane x lane1_target_start_gap_pair,2 | 0.04-0.06->0.06,779,86,11.04,77900,40400,-37500,51.86,469.77,17.68,78.75,445.55,-26.89,-6.64,24.22,mixed_edge
1-2,lane1_start_exhibition_gap_bucket x target_start_exhibition_gap_bucket,0.04-0.06 | >0.06,779,86,11.04,77900,40400,-37500,51.86,469.77,17.68,78.75,445.55,-26.89,-6.64,24.22,mixed_edge
1-5,lane1_start_exhibition_gap_bucket,>0.06,3538,131,3.7,353800,183380,-170420,51.83,1399.85,6.4,77.77,1215.84,-25.94,-2.7,184.01,mixed_edge
1-4,lane1_target_start_gap_pair x target_outer_pressure_bucket,0.04-0.06->0.06 | high_other_pressure,506,29,5.73,50600,26220,-24380,51.82,904.14,10.2,75.25,737.84,-23.43,-4.47,166.3,mixed_edge
1-3,lane1_target_exhibition_st_rank_pair,4+-3,943,88,9.33,94300,48860,-45440,51.81,555.23,15.42,76.45,495.64,-24.64,-6.09,59.59,mixed_edge
1-3,lane1_exhibition_st_rank_bucket x target_exhibition_st_rank_bucket,4+ | 3,943,88,9.33,94300,48860,-45440,51.81,555.23,15.42,76.45,495.64,-24.64,-6.09,59.59,mixed_edge
1-6,lane1_target_national_rank_pair,4+-4+,2232,24,1.08,223200,115590,-107610,51.79,4816.25,3.94,69.07,1754.72,-17.28,-2.86,3061.53,mixed_edge
1-6,target_lane x lane1_target_national_rank_pair,6 | 4+-4+,2232,24,1.08,223200,115590,-107610,51.79,4816.25,3.94,69.07,1754.72,-17.28,-2.86,3061.53,mixed_edge
1-6,lane1_target_national_rank_pair x target_outer_pressure_bucket,4+-4+ | high_other_pressure,2232,24,1.08,223200,115590,-107610,51.79,4816.25,3.94,69.07,1754.72,-17.28,-2.86,3061.53,mixed_edge
1-3,lane1_target_group_pair x other_a_count_bucket,B-B | 3,684,29,4.24,68400,35240,-33160,51.52,1215.17,15.42,76.45,495.64,-24.93,-11.18,719.53,mixed_edge
1-6,lane1_target_exhibition_time_diff_bucket x lane1_target_start_exhibition_st_diff_bucket,target_faster_0.05_0.10 | lane1_faster_0.06+,432,14,3.24,43200,22240,-20960,51.48,1588.57,3.94,69.07,1754.72,-17.59,-0.7,-166.15,mixed_edge
1-4,lane1_target_exhibition_time_diff_bucket x lane1_target_start_exhibition_st_diff_bucket,near_equal | target_faster_0.06+,1225,79,6.45,122500,62990,-59510,51.42,797.34,10.2,75.25,737.84,-23.83,-3.75,59.5,mixed_edge
1-5,lane1_target_start_exhibition_st_diff_bucket,target_faster_0.06+,2326,102,4.39,232600,119470,-113130,51.36,1171.27,6.4,77.77,1215.84,-26.41,-2.01,-44.57,mixed_edge
1-6,lane1_target_motor_place_diff_bucket,target_plus_4_10,2212,86,3.89,221200,113290,-107910,51.22,1317.33,3.94,69.07,1754.72,-17.85,-0.05,-437.39,mixed_edge
1-3,lane1_target_start_gap_pair x target_outer_pressure_bucket,>0.06-0.04-0.06 | high_other_pressure,592,47,7.94,59200,30290,-28910,51.17,644.47,15.42,76.45,495.64,-25.28,-7.48,148.83,mixed_edge
1-5,lane1_target_start_gap_pair x target_outer_pressure_bucket,<=0.03->0.06 | high_other_pressure,819,29,3.54,81900,41830,-40070,51.07,1442.41,6.4,77.77,1215.84,-26.7,-2.86,226.57,mixed_edge
1-5,stadium_code,12,671,31,4.62,67100,34220,-32880,51.0,1103.87,6.4,77.77,1215.84,-26.77,-1.78,-111.97,mixed_edge
1-5,stadium_code x target_lane,12 | 5,671,31,4.62,67100,34220,-32880,51.0,1103.87,6.4,77.77,1215.84,-26.77,-1.78,-111.97,mixed_edge
1-6,wind_bucket,5-6,1405,46,3.27,140500,71610,-68890,50.97,1556.74,3.94,69.07,1754.72,-18.1,-0.67,-197.98,mixed_edge
1-6,lane1_target_group_pair x other_a_count_bucket,B-B | 0,564,15,2.66,56400,28700,-27700,50.89,1913.33,3.94,69.07,1754.72,-18.18,-1.28,158.61,mixed_edge
1-4,lane1_target_start_gap_pair,>0.06-best,1057,68,6.43,105700,53770,-51930,50.87,790.74,10.2,75.25,737.84,-24.38,-3.77,52.9,mixed_edge
1-4,target_lane x lane1_target_start_gap_pair,4 | >0.06-best,1057,68,6.43,105700,53770,-51930,50.87,790.74,10.2,75.25,737.84,-24.38,-3.77,52.9,mixed_edge
1-4,lane1_start_exhibition_gap_bucket x target_start_exhibition_gap_bucket,>0.06 | best,1057,68,6.43,105700,53770,-51930,50.87,790.74,10.2,75.25,737.84,-24.38,-3.77,52.9,mixed_edge
1-4,lane1_target_start_gap_pair,0.04-0.06->0.06,590,39,6.61,59000,29950,-29050,50.76,767.95,10.2,75.25,737.84,-24.49,-3.59,30.11,mixed_edge
1-4,target_lane x lane1_target_start_gap_pair,4 | 0.04-0.06->0.06,590,39,6.61,59000,29950,-29050,50.76,767.95,10.2,75.25,737.84,-24.49,-3.59,30.11,mixed_edge
1-4,lane1_start_exhibition_gap_bucket x target_start_exhibition_gap_bucket,0.04-0.06 | >0.06,590,39,6.61,59000,29950,-29050,50.76,767.95,10.2,75.25,737.84,-24.49,-3.59,30.11,mixed_edge
1-4,other_st_faster_than_target_count_bucket,4,1687,94,5.57,168700,85430,-83270,50.64,908.83,10.2,75.25,737.84,-24.61,-4.63,170.99,mixed_edge
1-4,target_exhibition_st_rank_bucket x other_st_faster_than_target_count_bucket,4+ | 4,1687,94,5.57,168700,85430,-83270,50.64,908.83,10.2,75.25,737.84,-24.61,-4.63,170.99,mixed_edge
1-4,other_group_pattern,A-B-A-A,528,31,5.87,52800,26740,-26060,50.64,862.58,10.2,75.25,737.84,-24.61,-4.33,124.74,mixed_edge
1-5,lane1_target_start_gap_pair,>0.06-best,920,42,4.57,92000,46570,-45430,50.62,1108.81,6.4,77.77,1215.84,-27.15,-1.83,-107.03,mixed_edge
1-5,target_lane x lane1_target_start_gap_pair,5 | >0.06-best,920,42,4.57,92000,46570,-45430,50.62,1108.81,6.4,77.77,1215.84,-27.15,-1.83,-107.03,mixed_edge
1-5,lane1_start_exhibition_gap_bucket x target_start_exhibition_gap_bucket,>0.06 | best,920,42,4.57,92000,46570,-45430,50.62,1108.81,6.4,77.77,1215.84,-27.15,-1.83,-107.03,mixed_edge
1-4,lane1_target_exhibition_time_diff_bucket,target_faster_0.10+,567,41,7.23,56700,28670,-28030,50.56,699.27,10.2,75.25,737.84,-24.69,-2.97,-38.57,mixed_edge
1-2,lane1_target_start_gap_pair x target_outer_pressure_bucket,<=0.03->0.06 | high_other_pressure,504,51,10.12,50400,25470,-24930,50.54,499.41,17.68,78.75,445.55,-28.21,-7.56,53.86,mixed_edge
1-5,lane1_target_exhibition_time_diff_bucket x lane1_target_start_exhibition_st_diff_bucket,lane1_faster_0.05_0.10 | lane1_faster_0.03_0.06,453,23,5.08,45300,22770,-22530,50.26,990.0,6.4,77.77,1215.84,-27.51,-1.32,-225.84,mixed_edge
1-6,lane1_target_group_pair x other_a_count_bucket,A-B | 4,191,2,1.05,19100,9600,-9500,50.26,4800.0,3.94,69.07,1754.72,-18.81,-2.89,3045.28,mixed_edge
1-2,lane1_target_exhibition_st_rank_pair,4+-4+,2771,283,10.21,277100,139250,-137850,50.25,492.05,17.68,78.75,445.55,-28.5,-7.47,46.5,mixed_edge
1-2,lane1_exhibition_st_rank_bucket x target_exhibition_st_rank_bucket,4+ | 4+,2771,283,10.21,277100,139250,-137850,50.25,492.05,17.68,78.75,445.55,-28.5,-7.47,46.5,mixed_edge
1-4,lane1_start_exhibition_gap_bucket,>0.06,3538,214,6.05,353800,177590,-176210,50.2,829.86,10.2,75.25,737.84,-25.05,-4.15,92.02,mixed_edge
1-4,lane1_target_exhibition_time_diff_bucket x lane1_target_start_exhibition_st_diff_bucket,target_faster_0.10+ | lane1_faster_0.06+,137,7,5.11,13700,6870,-6830,50.15,981.43,10.2,75.25,737.84,-25.1,-5.09,243.59,mixed_edge
1-4,lane1_target_group_pair x other_a_count_bucket,A-B | 4,133,9,6.77,13300,6670,-6630,50.15,741.11,10.2,75.25,737.84,-25.1,-3.43,3.27,mixed_edge
1-4,lane1_target_start_exhibition_st_diff_bucket,target_faster_0.06+,2446,150,6.13,244600,122540,-122060,50.1,816.93,10.2,75.25,737.84,-25.15,-4.07,79.09,mixed_edge
1-3,lane1_target_start_gap_pair,>0.06-0.04-0.06,744,70,9.41,74400,37170,-37230,49.96,531.0,15.42,76.45,495.64,-26.49,-6.01,35.36,mixed_edge
1-3,target_lane x lane1_target_start_gap_pair,3 | >0.06-0.04-0.06,744,70,9.41,74400,37170,-37230,49.96,531.0,15.42,76.45,495.64,-26.49,-6.01,35.36,mixed_edge
1-3,lane1_start_exhibition_gap_bucket x target_start_exhibition_gap_bucket,>0.06 | 0.04-0.06,744,70,9.41,74400,37170,-37230,49.96,531.0,15.42,76.45,495.64,-26.49,-6.01,35.36,mixed_edge
1-6,lane1_target_national_win_diff_bucket,lane1_plus_1.00+,5176,116,2.24,517600,258550,-259050,49.95,2228.88,3.94,69.07,1754.72,-19.12,-1.7,474.16,mixed_edge
1-6,lane1_target_exhibition_time_diff_bucket x lane1_target_start_exhibition_st_diff_bucket,near_equal | lane1_faster_0.06+,2103,61,2.9,210300,104560,-105740,49.72,1714.1,3.94,69.07,1754.72,-19.35,-1.04,-40.62,mixed_edge
1-6,lane1_target_national_rank_pair x target_outer_pressure_bucket,4+-1 | some_other_pressure,209,12,5.74,20900,10370,-10530,49.62,864.17,3.94,69.07,1754.72,-19.45,1.8,-890.55,mixed_edge
1-6,grade_group,SG,72,3,4.17,7200,3570,-3630,49.58,1190.0,3.94,69.07,1754.72,-19.49,0.23,-564.72,mixed_edge
1-5,lane1_target_exhibition_time_diff_bucket x lane1_target_start_exhibition_st_diff_bucket,target_faster_0.10+ | lane1_faster_0.03_0.06,79,5,6.33,7900,3900,-4000,49.37,780.0,6.4,77.77,1215.84,-28.4,-0.07,-435.84,mixed_edge
1-6,lane1_target_exhibition_time_diff_bucket x lane1_target_start_exhibition_st_diff_bucket,lane1_faster_0.05_0.10 | lane1_faster_0.03_0.06,449,15,3.34,44900,22090,-22810,49.2,1472.67,3.94,69.07,1754.72,-19.87,-0.6,-282.05,mixed_edge
1-4,wave_bucket,10+,250,16,6.4,25000,12300,-12700,49.2,768.75,10.2,75.25,737.84,-26.05,-3.8,30.91,mixed_edge
1-5,target_exhibition_st_rank_bucket x other_st_faster_than_target_count_bucket,4+ | 0,49,2,4.08,4900,2410,-2490,49.18,1205.0,6.4,77.77,1215.84,-28.59,-2.32,-10.84,mixed_edge
1-2,lane1_target_start_gap_pair x target_outer_pressure_bucket,0.04-0.06->0.06 | high_other_pressure,643,60,9.33,64300,31610,-32690,49.16,526.83,17.68,78.75,445.55,-29.59,-8.35,81.28,mixed_edge
1-3,lane1_exhibition_st_rank_bucket,4+,4989,495,9.92,498900,244190,-254710,48.95,493.31,15.42,76.45,495.64,-27.5,-5.5,-2.33,mixed_edge
1-6,stadium_code,13,179,7,3.91,17900,8750,-9150,48.88,1250.0,3.94,69.07,1754.72,-20.19,-0.03,-504.72,mixed_edge
1-6,stadium_code x target_lane,13 | 6,179,7,3.91,17900,8750,-9150,48.88,1250.0,3.94,69.07,1754.72,-20.19,-0.03,-504.72,mixed_edge
1-6,lane1_exhibition_st_rank_bucket,4+,4989,157,3.15,498900,243490,-255410,48.81,1550.89,3.94,69.07,1754.72,-20.26,-0.79,-203.83,mixed_edge
1-3,lane1_target_exhibition_time_diff_bucket x lane1_target_start_exhibition_st_diff_bucket,lane1_faster_0.05_0.10 | target_faster_0.06+,400,35,8.75,40000,19450,-20550,48.62,555.71,15.42,76.45,495.64,-27.83,-6.67,60.07,mixed_edge
1-5,target_class,B2,1168,20,1.71,116800,56740,-60060,48.58,2837.0,6.4,77.77,1215.84,-29.19,-4.69,1621.16,mixed_edge
1-5,lane1_target_start_gap_pair x target_outer_pressure_bucket,>0.06-best | low_other_pressure,82,8,9.76,8200,3980,-4220,48.54,497.5,6.4,77.77,1215.84,-29.23,3.36,-718.34,mixed_edge
1-5,lane1_target_start_gap_pair,>0.06-<=0.03,896,37,4.13,89600,43320,-46280,48.35,1170.81,6.4,77.77,1215.84,-29.42,-2.27,-45.03,mixed_edge
1-5,target_lane x lane1_target_start_gap_pair,5 | >0.06-<=0.03,896,37,4.13,89600,43320,-46280,48.35,1170.81,6.4,77.77,1215.84,-29.42,-2.27,-45.03,mixed_edge
1-5,lane1_start_exhibition_gap_bucket x target_start_exhibition_gap_bucket,>0.06 | <=0.03,896,37,4.13,89600,43320,-46280,48.35,1170.81,6.4,77.77,1215.84,-29.42,-2.27,-45.03,mixed_edge
1-3,lane1_target_group_pair x target_outer_pressure_bucket,B-B | some_other_pressure,192,24,12.5,19200,9270,-9930,48.28,386.25,15.42,76.45,495.64,-28.17,-2.92,-109.39,mixed_edge
1-6,lane1_target_start_gap_pair,0.04-0.06-<=0.03,510,25,4.9,51000,24620,-26380,48.27,984.8,3.94,69.07,1754.72,-20.8,0.96,-769.92,mixed_edge
1-6,target_lane x lane1_target_start_gap_pair,6 | 0.04-0.06-<=0.03,510,25,4.9,51000,24620,-26380,48.27,984.8,3.94,69.07,1754.72,-20.8,0.96,-769.92,mixed_edge
1-6,lane1_start_exhibition_gap_bucket x target_start_exhibition_gap_bucket,0.04-0.06 | <=0.03,510,25,4.9,51000,24620,-26380,48.27,984.8,3.94,69.07,1754.72,-20.8,0.96,-769.92,mixed_edge
1-2,lane1_target_start_gap_pair x target_outer_pressure_bucket,>0.06->0.06 | low_other_pressure,121,18,14.88,12100,5840,-6260,48.26,324.44,17.68,78.75,445.55,-30.49,-2.8,-121.11,mixed_edge
1-6,other_st_faster_than_target_count_bucket,3,2680,77,2.87,268000,128300,-139700,47.87,1666.23,3.94,69.07,1754.72,-21.2,-1.07,-88.49,mixed_edge
1-6,target_exhibition_st_rank_bucket x other_st_faster_than_target_count_bucket,4+ | 3,2680,77,2.87,268000,128300,-139700,47.87,1666.23,3.94,69.07,1754.72,-21.2,-1.07,-88.49,mixed_edge
1-5,other_st_faster_than_target_count_bucket,4,1803,51,2.83,180300,86070,-94230,47.74,1687.65,6.4,77.77,1215.84,-30.03,-3.57,471.81,mixed_edge
1-5,target_exhibition_st_rank_bucket x other_st_faster_than_target_count_bucket,4+ | 4,1803,51,2.83,180300,86070,-94230,47.74,1687.65,6.4,77.77,1215.84,-30.03,-3.57,471.81,mixed_edge
1-4,lane1_target_start_gap_pair x target_outer_pressure_bucket,0.04-0.06-best | low_other_pressure,43,4,9.3,4300,2050,-2250,47.67,512.5,10.2,75.25,737.84,-27.58,-0.9,-225.34,mixed_edge
1-3,lane1_target_start_gap_pair x target_outer_pressure_bucket,>0.06-<=0.03 | high_other_pressure,501,42,8.38,50100,23770,-26330,47.45,565.95,15.42,76.45,495.64,-29.0,-7.04,70.31,mixed_edge
1-5,lane1_target_class_pair,B2-B2,35,1,2.86,3500,1660,-1840,47.43,1660.0,6.4,77.77,1215.84,-30.34,-3.54,444.16,mixed_edge
1-3,lane1_target_start_gap_pair x target_outer_pressure_bucket,>0.06-<=0.03 | some_other_pressure,94,13,13.83,9400,4450,-4950,47.34,342.31,15.42,76.45,495.64,-29.11,-1.59,-153.33,mixed_edge
1-3,lane1_target_start_gap_pair x target_outer_pressure_bucket,0.04-0.06-<=0.03 | low_other_pressure,38,8,21.05,3800,1790,-2010,47.11,223.75,15.42,76.45,495.64,-29.34,5.63,-271.89,mixed_edge
1-6,lane1_target_start_gap_pair x target_outer_pressure_bucket,0.04-0.06-<=0.03 | some_other_pressure,64,4,6.25,6400,3010,-3390,47.03,752.5,3.94,69.07,1754.72,-22.04,2.31,-1002.22,mixed_edge
1-6,wave_bucket,10+,250,10,4.0,25000,11750,-13250,47.0,1175.0,3.94,69.07,1754.72,-22.07,0.06,-579.72,mixed_edge
1-3,lane1_target_start_gap_pair x target_outer_pressure_bucket,0.04-0.06-0.04-0.06 | high_other_pressure,492,45,9.15,49200,23120,-26080,46.99,513.78,15.42,76.45,495.64,-29.46,-6.27,18.14,mixed_edge
1-6,lane1_target_exhibition_time_diff_bucket,target_faster_0.10+,601,21,3.49,60100,28230,-31870,46.97,1344.29,3.94,69.07,1754.72,-22.1,-0.45,-410.43,mixed_edge
1-2,other_st_faster_than_target_count_bucket,4,2491,259,10.4,249100,116750,-132350,46.87,450.77,17.68,78.75,445.55,-31.88,-7.28,5.22,mixed_edge
1-2,target_exhibition_st_rank_bucket x other_st_faster_than_target_count_bucket,4+ | 4,2491,259,10.4,249100,116750,-132350,46.87,450.77,17.68,78.75,445.55,-31.88,-7.28,5.22,mixed_edge
1-2,lane1_target_start_gap_pair x target_outer_pressure_bucket,>0.06-<=0.03 | high_other_pressure,308,30,9.74,30800,14400,-16400,46.75,480.0,17.68,78.75,445.55,-32.0,-7.94,34.45,mixed_edge
1-6,target_start_exhibition_gap_bucket,>0.06,6030,153,2.54,603000,278360,-324640,46.16,1819.35,3.94,69.07,1754.72,-22.91,-1.4,64.63,mixed_edge
1-6,target_lane x target_start_exhibition_gap_bucket,6 | >0.06,6030,153,2.54,603000,278360,-324640,46.16,1819.35,3.94,69.07,1754.72,-22.91,-1.4,64.63,mixed_edge
1-3,lane1_target_start_gap_pair,>0.06-best,709,61,8.6,70900,32570,-38330,45.94,533.93,15.42,76.45,495.64,-30.51,-6.82,38.29,mixed_edge
1-3,target_lane x lane1_target_start_gap_pair,3 | >0.06-best,709,61,8.6,70900,32570,-38330,45.94,533.93,15.42,76.45,495.64,-30.51,-6.82,38.29,mixed_edge
1-3,lane1_start_exhibition_gap_bucket x target_start_exhibition_gap_bucket,>0.06 | best,709,61,8.6,70900,32570,-38330,45.94,533.93,15.42,76.45,495.64,-30.51,-6.82,38.29,mixed_edge
1-4,lane1_target_start_gap_pair x target_outer_pressure_bucket,0.04-0.06-<=0.03 | some_other_pressure,78,6,7.69,7800,3580,-4220,45.9,596.67,10.2,75.25,737.84,-29.35,-2.51,-141.17,mixed_edge
1-6,stadium_code,01,539,15,2.78,53900,24720,-29180,45.86,1648.0,3.94,69.07,1754.72,-23.21,-1.16,-106.72,mixed_edge
1-6,stadium_code x target_lane,01 | 6,539,15,2.78,53900,24720,-29180,45.86,1648.0,3.94,69.07,1754.72,-23.21,-1.16,-106.72,mixed_edge
1-4,lane1_target_group_pair x target_outer_pressure_bucket,B-B | some_other_pressure,147,10,6.8,14700,6720,-7980,45.71,672.0,10.2,75.25,737.84,-29.54,-3.4,-65.84,mixed_edge
1-4,lane1_target_exhibition_st_rank_pair,4+-4+,1302,75,5.76,130200,59500,-70700,45.7,793.33,10.2,75.25,737.84,-29.55,-4.44,55.49,mixed_edge
1-4,lane1_exhibition_st_rank_bucket x target_exhibition_st_rank_bucket,4+ | 4+,1302,75,5.76,130200,59500,-70700,45.7,793.33,10.2,75.25,737.84,-29.55,-4.44,55.49,mixed_edge
1-6,lane1_target_exhibition_time_diff_bucket x lane1_target_start_exhibition_st_diff_bucket,lane1_faster_0.10+ | lane1_faster_0.03_0.06,291,9,3.09,29100,13280,-15820,45.64,1475.56,3.94,69.07,1754.72,-23.43,-0.85,-279.16,mixed_edge
1-5,lane1_target_exhibition_time_diff_bucket x lane1_target_start_exhibition_st_diff_bucket,target_faster_0.10+ | lane1_faster_0.06+,146,6,4.11,14600,6650,-7950,45.55,1108.33,6.4,77.77,1215.84,-32.22,-2.29,-107.51,mixed_edge
1-6,lane1_target_start_gap_pair x target_outer_pressure_bucket,0.04-0.06-<=0.03 | high_other_pressure,414,16,3.86,41400,18690,-22710,45.14,1168.12,3.94,69.07,1754.72,-23.93,-0.08,-586.6,mixed_edge
1-3,lane1_target_start_gap_pair,>0.06-<=0.03,634,56,8.83,63400,28580,-34820,45.08,510.36,15.42,76.45,495.64,-31.37,-6.59,14.72,mixed_edge
1-3,target_lane x lane1_target_start_gap_pair,3 | >0.06-<=0.03,634,56,8.83,63400,28580,-34820,45.08,510.36,15.42,76.45,495.64,-31.37,-6.59,14.72,mixed_edge
1-3,lane1_start_exhibition_gap_bucket x target_start_exhibition_gap_bucket,>0.06 | <=0.03,634,56,8.83,63400,28580,-34820,45.08,510.36,15.42,76.45,495.64,-31.37,-6.59,14.72,mixed_edge
1-4,lane1_target_start_gap_pair x target_outer_pressure_bucket,0.04-0.06->0.06 | some_other_pressure,72,8,11.11,7200,3240,-3960,45.0,405.0,10.2,75.25,737.84,-30.25,0.91,-332.84,mixed_edge
1-5,lane1_target_start_gap_pair x target_outer_pressure_bucket,0.04-0.06-0.04-0.06 | some_other_pressure,77,5,6.49,7700,3460,-4240,44.94,692.0,6.4,77.77,1215.84,-32.83,0.09,-523.84,mixed_edge
1-2,lane1_target_start_gap_pair x target_outer_pressure_bucket,>0.06-best | some_other_pressure,66,5,7.58,6600,2930,-3670,44.39,586.0,17.68,78.75,445.55,-34.36,-10.1,140.45,mixed_edge
1-6,lane1_target_exhibition_st_rank_pair,3-4+,1250,35,2.8,125000,55120,-69880,44.1,1574.86,3.94,69.07,1754.72,-24.97,-1.14,-179.86,mixed_edge
1-6,lane1_exhibition_st_rank_bucket x target_exhibition_st_rank_bucket,3 | 4+,1250,35,2.8,125000,55120,-69880,44.1,1574.86,3.94,69.07,1754.72,-24.97,-1.14,-179.86,mixed_edge
1-5,lane1_target_start_gap_pair x target_outer_pressure_bucket,>0.06-<=0.03 | high_other_pressure,743,25,3.36,74300,32700,-41600,44.01,1308.0,6.4,77.77,1215.84,-33.76,-3.04,92.16,mixed_edge
1-4,stadium_code,23,480,31,6.46,48000,21030,-26970,43.81,678.39,10.2,75.25,737.84,-31.44,-3.74,-59.45,mixed_edge
1-4,stadium_code x target_lane,23 | 4,480,31,6.46,48000,21030,-26970,43.81,678.39,10.2,75.25,737.84,-31.44,-3.74,-59.45,mixed_edge
1-6,other_group_pattern,A-A-A-B,598,10,1.67,59800,26090,-33710,43.63,2609.0,3.94,69.07,1754.72,-25.44,-2.27,854.28,mixed_edge
1-4,lane1_target_start_gap_pair x target_outer_pressure_bucket,>0.06-best | some_other_pressure,176,16,9.09,17600,7600,-10000,43.18,475.0,10.2,75.25,737.84,-32.07,-1.11,-262.84,mixed_edge
1-4,lane1_target_start_gap_pair x target_outer_pressure_bucket,<=0.03-<=0.03 | low_other_pressure,51,6,11.76,5100,2200,-2900,43.14,366.67,10.2,75.25,737.84,-32.11,1.56,-371.17,mixed_edge
1-2,lane1_target_start_gap_pair x target_outer_pressure_bucket,0.04-0.06-best | low_other_pressure,42,7,16.67,4200,1790,-2410,42.62,255.71,17.68,78.75,445.55,-36.13,-1.01,-189.84,mixed_edge
1-3,lane1_target_start_gap_pair x target_outer_pressure_bucket,>0.06-0.04-0.06 | some_other_pressure,114,15,13.16,11400,4790,-6610,42.02,319.33,15.42,76.45,495.64,-34.43,-2.26,-176.31,mixed_edge
1-6,lane1_start_exhibition_gap_bucket,>0.06,3538,98,2.77,353800,147720,-206080,41.75,1507.35,3.94,69.07,1754.72,-27.32,-1.17,-247.37,mixed_edge
1-4,lane1_target_start_gap_pair,>0.06->0.06,858,37,4.31,85800,35420,-50380,41.28,957.3,10.2,75.25,737.84,-33.97,-5.89,219.46,mixed_edge
1-4,target_lane x lane1_target_start_gap_pair,4 | >0.06->0.06,858,37,4.31,85800,35420,-50380,41.28,957.3,10.2,75.25,737.84,-33.97,-5.89,219.46,mixed_edge
1-4,lane1_start_exhibition_gap_bucket x target_start_exhibition_gap_bucket,>0.06 | >0.06,858,37,4.31,85800,35420,-50380,41.28,957.3,10.2,75.25,737.84,-33.97,-5.89,219.46,mixed_edge
1-5,lane1_target_start_gap_pair x target_outer_pressure_bucket,>0.06->0.06 | high_other_pressure,827,14,1.69,82700,34110,-48590,41.25,2436.43,6.4,77.77,1215.84,-36.52,-4.71,1220.59,mixed_edge
1-5,lane1_target_start_gap_pair,>0.06->0.06,918,19,2.07,91800,37790,-54010,41.17,1988.95,6.4,77.77,1215.84,-36.6,-4.33,773.11,mixed_edge
1-5,target_lane x lane1_target_start_gap_pair,5 | >0.06->0.06,918,19,2.07,91800,37790,-54010,41.17,1988.95,6.4,77.77,1215.84,-36.6,-4.33,773.11,mixed_edge
1-5,lane1_start_exhibition_gap_bucket x target_start_exhibition_gap_bucket,>0.06 | >0.06,918,19,2.07,91800,37790,-54010,41.17,1988.95,6.4,77.77,1215.84,-36.6,-4.33,773.11,mixed_edge
1-6,lane1_target_start_gap_pair,<=0.03->0.06,1258,28,2.23,125800,51770,-74030,41.15,1848.93,3.94,69.07,1754.72,-27.92,-1.71,94.21,mixed_edge
1-6,target_lane x lane1_target_start_gap_pair,6 | <=0.03->0.06,1258,28,2.23,125800,51770,-74030,41.15,1848.93,3.94,69.07,1754.72,-27.92,-1.71,94.21,mixed_edge
1-6,lane1_start_exhibition_gap_bucket x target_start_exhibition_gap_bucket,<=0.03 | >0.06,1258,28,2.23,125800,51770,-74030,41.15,1848.93,3.94,69.07,1754.72,-27.92,-1.71,94.21,mixed_edge
1-6,other_national_better_than_target_count_bucket,4,3743,34,0.91,374300,153830,-220470,41.1,4524.41,3.94,69.07,1754.72,-27.97,-3.03,2769.69,mixed_edge
1-6,target_national_win_rank_bucket x other_national_better_than_target_count_bucket,4+ | 4,3743,34,0.91,374300,153830,-220470,41.1,4524.41,3.94,69.07,1754.72,-27.97,-3.03,2769.69,mixed_edge
1-6,lane1_target_start_gap_pair x target_outer_pressure_bucket,>0.06-<=0.03 | low_other_pressure,48,4,8.33,4800,1970,-2830,41.04,492.5,3.94,69.07,1754.72,-28.03,4.39,-1262.22,mixed_edge
1-3,lane1_target_start_exhibition_st_diff_bucket,target_faster_0.06+,1885,142,7.53,188500,77260,-111240,40.99,544.08,15.42,76.45,495.64,-35.46,-7.89,48.44,mixed_edge
1-2,lane1_target_exhibition_time_diff_bucket x lane1_target_start_exhibition_st_diff_bucket,lane1_faster_0.05_0.10 | target_faster_0.06+,239,26,10.88,23900,9620,-14280,40.25,370.0,17.68,78.75,445.55,-38.5,-6.8,-75.55,mixed_edge
1-5,lane1_target_exhibition_time_diff_bucket x lane1_target_start_exhibition_st_diff_bucket,near_equal | target_faster_0.06+,1162,42,3.61,116200,46730,-69470,40.22,1112.62,6.4,77.77,1215.84,-37.55,-2.79,-103.22,mixed_edge
1-6,target_exhibition_st_rank_bucket x other_st_faster_than_target_count_bucket,3 | 2,595,17,2.86,59500,23610,-35890,39.68,1388.82,3.94,69.07,1754.72,-29.39,-1.08,-365.9,mixed_edge
1-2,lane1_start_exhibition_gap_bucket,>0.06,3538,291,8.22,353800,139920,-213880,39.55,480.82,17.68,78.75,445.55,-39.2,-9.46,35.27,mixed_edge
1-5,lane1_target_class_pair,B1-B2,558,8,1.43,55800,21850,-33950,39.16,2731.25,6.4,77.77,1215.84,-38.61,-4.97,1515.41,mixed_edge
1-6,lane1_target_group_pair x other_a_count_bucket,B-B | 2,1094,9,0.82,109400,42730,-66670,39.06,4747.78,3.94,69.07,1754.72,-30.01,-3.12,2993.06,mixed_edge
1-3,other_st_faster_than_target_count_bucket,4,1587,128,8.07,158700,60990,-97710,38.43,476.48,15.42,76.45,495.64,-38.02,-7.35,-19.16,mixed_edge
1-3,target_exhibition_st_rank_bucket x other_st_faster_than_target_count_bucket,4+ | 4,1587,128,8.07,158700,60990,-97710,38.43,476.48,15.42,76.45,495.64,-38.02,-7.35,-19.16,mixed_edge
1-3,lane1_target_exhibition_time_diff_bucket x lane1_target_start_exhibition_st_diff_bucket,target_faster_0.10+ | target_faster_0.03_0.06,96,7,7.29,9600,3660,-5940,38.12,522.86,15.42,76.45,495.64,-38.33,-8.13,27.22,mixed_edge
1-6,lane1_target_start_gap_pair x target_outer_pressure_bucket,<=0.03-0.04-0.06 | low_other_pressure,30,3,10.0,3000,1140,-1860,38.0,380.0,3.94,69.07,1754.72,-31.07,6.06,-1374.72,mixed_edge
1-2,lane1_target_start_gap_pair,>0.06-<=0.03,443,39,8.8,44300,16810,-27490,37.95,431.03,17.68,78.75,445.55,-40.8,-8.88,-14.52,mixed_edge
1-2,target_lane x lane1_target_start_gap_pair,2 | >0.06-<=0.03,443,39,8.8,44300,16810,-27490,37.95,431.03,17.68,78.75,445.55,-40.8,-8.88,-14.52,mixed_edge
1-2,lane1_start_exhibition_gap_bucket x target_start_exhibition_gap_bucket,>0.06 | <=0.03,443,39,8.8,44300,16810,-27490,37.95,431.03,17.68,78.75,445.55,-40.8,-8.88,-14.52,mixed_edge
1-3,lane1_target_exhibition_time_diff_bucket x lane1_target_start_exhibition_st_diff_bucket,target_faster_0.10+ | target_faster_0.06+,73,4,5.48,7300,2770,-4530,37.95,692.5,15.42,76.45,495.64,-38.5,-9.94,196.86,mixed_edge
1-6,stadium_code,19,528,22,4.17,52800,20020,-32780,37.92,910.0,3.94,69.07,1754.72,-31.15,0.23,-844.72,mixed_edge
1-6,stadium_code x target_lane,19 | 6,528,22,4.17,52800,20020,-32780,37.92,910.0,3.94,69.07,1754.72,-31.15,0.23,-844.72,mixed_edge
1-6,other_group_pattern,A-A-B-A,650,11,1.69,65000,24580,-40420,37.82,2234.55,3.94,69.07,1754.72,-31.25,-2.25,479.83,mixed_edge
1-5,stadium_code,07,347,15,4.32,34700,13110,-21590,37.78,874.0,6.4,77.77,1215.84,-39.99,-2.08,-341.84,mixed_edge
1-5,stadium_code x target_lane,07 | 5,347,15,4.32,34700,13110,-21590,37.78,874.0,6.4,77.77,1215.84,-39.99,-2.08,-341.84,mixed_edge
1-3,lane1_start_exhibition_gap_bucket,>0.06,3538,256,7.24,353800,131980,-221820,37.3,515.55,15.42,76.45,495.64,-39.15,-8.18,19.91,mixed_edge
1-5,lane1_target_group_pair x target_outer_pressure_bucket,A-B | low_other_pressure,44,3,6.82,4400,1640,-2760,37.27,546.67,6.4,77.77,1215.84,-40.5,0.42,-669.17,mixed_edge
1-6,other_st_faster_than_target_count_bucket,4,3747,63,1.68,374700,139140,-235560,37.13,2208.57,3.94,69.07,1754.72,-31.94,-2.26,453.85,mixed_edge
1-6,target_exhibition_st_rank_bucket x other_st_faster_than_target_count_bucket,4+ | 4,3747,63,1.68,374700,139140,-235560,37.13,2208.57,3.94,69.07,1754.72,-31.94,-2.26,453.85,mixed_edge
1-4,lane1_target_start_gap_pair x target_outer_pressure_bucket,>0.06->0.06 | high_other_pressure,749,22,2.94,74900,27680,-47220,36.96,1258.18,10.2,75.25,737.84,-38.29,-7.26,520.34,mixed_edge
1-4,lane1_target_start_gap_pair x target_outer_pressure_bucket,>0.06-0.04-0.06 | some_other_pressure,84,5,5.95,8400,3080,-5320,36.67,616.0,10.2,75.25,737.84,-38.58,-4.25,-121.84,mixed_edge
1-6,stadium_code,22,694,20,2.88,69400,25300,-44100,36.46,1265.0,3.94,69.07,1754.72,-32.61,-1.06,-489.72,mixed_edge
1-6,stadium_code x target_lane,22 | 6,694,20,2.88,69400,25300,-44100,36.46,1265.0,3.94,69.07,1754.72,-32.61,-1.06,-489.72,mixed_edge
1-6,lane1_target_exhibition_time_diff_bucket x lane1_target_start_exhibition_st_diff_bucket,target_faster_0.05_0.10 | target_faster_0.03_0.06,156,4,2.56,15600,5680,-9920,36.41,1420.0,3.94,69.07,1754.72,-32.66,-1.38,-334.72,mixed_edge
1-3,lane1_target_exhibition_st_rank_pair,4+-4+,1923,152,7.9,192300,69550,-122750,36.17,457.57,15.42,76.45,495.64,-40.28,-7.52,-38.07,mixed_edge
1-3,lane1_exhibition_st_rank_bucket x target_exhibition_st_rank_bucket,4+ | 4+,1923,152,7.9,192300,69550,-122750,36.17,457.57,15.42,76.45,495.64,-40.28,-7.52,-38.07,mixed_edge
1-6,lane1_target_start_gap_pair x target_outer_pressure_bucket,<=0.03->0.06 | high_other_pressure,1102,16,1.45,110200,39780,-70420,36.1,2486.25,3.94,69.07,1754.72,-32.97,-2.49,731.53,mixed_edge
1-3,lane1_target_exhibition_time_diff_bucket x lane1_target_start_exhibition_st_diff_bucket,target_faster_0.05_0.10 | target_faster_0.06+,224,10,4.46,22400,7950,-14450,35.49,795.0,15.42,76.45,495.64,-40.96,-10.96,299.36,mixed_edge
1-3,lane1_target_exhibition_time_diff_bucket x lane1_target_start_exhibition_st_diff_bucket,near_equal | target_faster_0.06+,955,71,7.43,95500,33360,-62140,34.93,469.86,15.42,76.45,495.64,-41.52,-7.99,-25.78,mixed_edge
1-2,lane1_target_start_gap_pair x target_outer_pressure_bucket,>0.06->0.06 | some_other_pressure,283,26,9.19,28300,9840,-18460,34.77,378.46,17.68,78.75,445.55,-43.98,-8.49,-67.09,mixed_edge
1-6,lane1_target_start_gap_pair,0.04-0.06->0.06,924,22,2.38,92400,31940,-60460,34.57,1451.82,3.94,69.07,1754.72,-34.5,-1.56,-302.9,mixed_edge
1-6,target_lane x lane1_target_start_gap_pair,6 | 0.04-0.06->0.06,924,22,2.38,92400,31940,-60460,34.57,1451.82,3.94,69.07,1754.72,-34.5,-1.56,-302.9,mixed_edge
1-6,lane1_start_exhibition_gap_bucket x target_start_exhibition_gap_bucket,0.04-0.06 | >0.06,924,22,2.38,92400,31940,-60460,34.57,1451.82,3.94,69.07,1754.72,-34.5,-1.56,-302.9,mixed_edge
1-6,lane1_target_exhibition_st_rank_pair,4+-4+,2219,45,2.03,221900,76530,-145370,34.49,1700.67,3.94,69.07,1754.72,-34.58,-1.91,-54.05,mixed_edge
1-6,lane1_exhibition_st_rank_bucket x target_exhibition_st_rank_bucket,4+ | 4+,2219,45,2.03,221900,76530,-145370,34.49,1700.67,3.94,69.07,1754.72,-34.58,-1.91,-54.05,mixed_edge
1-6,lane1_target_start_gap_pair x target_outer_pressure_bucket,>0.06-0.04-0.06 | high_other_pressure,560,10,1.79,56000,19300,-36700,34.46,1930.0,3.94,69.07,1754.72,-34.61,-2.15,175.28,mixed_edge
1-4,lane1_target_start_gap_pair x target_outer_pressure_bucket,<=0.03-0.04-0.06 | low_other_pressure,33,3,9.09,3300,1120,-2180,33.94,373.33,10.2,75.25,737.84,-41.31,-1.11,-364.51,mixed_edge
1-2,lane1_target_class_pair,A1-B2,79,7,8.86,7900,2550,-5350,32.28,364.29,17.68,78.75,445.55,-46.47,-8.82,-81.26,mixed_edge
1-6,lane1_target_start_gap_pair,>0.06-0.04-0.06,676,14,2.07,67600,21700,-45900,32.1,1550.0,3.94,69.07,1754.72,-36.97,-1.87,-204.72,mixed_edge
1-6,target_lane x lane1_target_start_gap_pair,6 | >0.06-0.04-0.06,676,14,2.07,67600,21700,-45900,32.1,1550.0,3.94,69.07,1754.72,-36.97,-1.87,-204.72,mixed_edge
1-6,lane1_start_exhibition_gap_bucket x target_start_exhibition_gap_bucket,>0.06 | 0.04-0.06,676,14,2.07,67600,21700,-45900,32.1,1550.0,3.94,69.07,1754.72,-36.97,-1.87,-204.72,mixed_edge
1-2,lane1_target_start_gap_pair,>0.06->0.06,1995,136,6.82,199500,63710,-135790,31.93,468.46,17.68,78.75,445.55,-46.82,-10.86,22.91,mixed_edge
1-2,target_lane x lane1_target_start_gap_pair,2 | >0.06->0.06,1995,136,6.82,199500,63710,-135790,31.93,468.46,17.68,78.75,445.55,-46.82,-10.86,22.91,mixed_edge
1-2,lane1_start_exhibition_gap_bucket x target_start_exhibition_gap_bucket,>0.06 | >0.06,1995,136,6.82,199500,63710,-135790,31.93,468.46,17.68,78.75,445.55,-46.82,-10.86,22.91,mixed_edge
1-2,lane1_target_start_gap_pair,>0.06-best,334,25,7.49,33400,10630,-22770,31.83,425.2,17.68,78.75,445.55,-46.92,-10.19,-20.35,mixed_edge
1-2,target_lane x lane1_target_start_gap_pair,2 | >0.06-best,334,25,7.49,33400,10630,-22770,31.83,425.2,17.68,78.75,445.55,-46.92,-10.19,-20.35,mixed_edge
1-2,lane1_start_exhibition_gap_bucket x target_start_exhibition_gap_bucket,>0.06 | best,334,25,7.49,33400,10630,-22770,31.83,425.2,17.68,78.75,445.55,-46.92,-10.19,-20.35,mixed_edge
1-2,lane1_target_start_exhibition_st_diff_bucket,target_faster_0.06+,1303,96,7.37,130300,41190,-89110,31.61,429.06,17.68,78.75,445.55,-47.14,-10.31,-16.49,mixed_edge
1-6,lane1_target_start_gap_pair x target_outer_pressure_bucket,>0.06->0.06 | low_other_pressure,44,2,4.55,4400,1390,-3010,31.59,695.0,3.94,69.07,1754.72,-37.48,0.61,-1059.72,mixed_edge
1-2,lane1_target_start_gap_pair x target_outer_pressure_bucket,>0.06-best | high_other_pressure,229,18,7.86,22900,7200,-15700,31.44,400.0,17.68,78.75,445.55,-47.31,-9.82,-45.55,mixed_edge
1-5,lane1_target_start_gap_pair x target_outer_pressure_bucket,>0.06-best | some_other_pressure,167,8,4.79,16700,5170,-11530,30.96,646.25,6.4,77.77,1215.84,-46.81,-1.61,-569.59,mixed_edge
1-2,lane1_target_start_gap_pair x target_outer_pressure_bucket,>0.06-0.04-0.06 | some_other_pressure,118,11,9.32,11800,3570,-8230,30.25,324.55,17.68,78.75,445.55,-48.5,-8.36,-121.0,mixed_edge
1-2,lane1_target_start_gap_pair x target_outer_pressure_bucket,>0.06->0.06 | high_other_pressure,1591,92,5.78,159100,48030,-111070,30.19,522.07,17.68,78.75,445.55,-48.56,-11.9,76.52,mixed_edge
1-3,lane1_target_start_gap_pair x target_outer_pressure_bucket,>0.06-best | some_other_pressure,138,11,7.97,13800,4130,-9670,29.93,375.45,15.42,76.45,495.64,-46.52,-7.45,-120.19,mixed_edge
1-4,lane1_target_start_gap_pair x target_outer_pressure_bucket,>0.06-best | low_other_pressure,91,6,6.59,9100,2710,-6390,29.78,451.67,10.2,75.25,737.84,-45.47,-3.61,-286.17,mixed_edge
1-4,lane1_target_class_pair,A1-B2,142,4,2.82,14200,4130,-10070,29.08,1032.5,10.2,75.25,737.84,-46.17,-7.38,294.66,mixed_edge
1-6,target_class,B2,1806,12,0.66,180600,51640,-128960,28.59,4303.33,3.94,69.07,1754.72,-40.48,-3.28,2548.61,mixed_edge
1-6,lane1_target_start_gap_pair x target_outer_pressure_bucket,0.04-0.06->0.06 | high_other_pressure,796,12,1.51,79600,22530,-57070,28.3,1877.5,3.94,69.07,1754.72,-40.77,-2.43,122.78,mixed_edge
1-2,lane1_target_group_pair x target_outer_pressure_bucket,B-B | low_other_pressure,41,3,7.32,4100,1160,-2940,28.29,386.67,17.68,78.75,445.55,-50.46,-10.36,-58.88,mixed_edge
1-2,lane1_target_exhibition_time_diff_bucket x lane1_target_start_exhibition_st_diff_bucket,near_equal | target_faster_0.06+,716,49,6.84,71600,20050,-51550,28.0,409.18,17.68,78.75,445.55,-50.75,-10.84,-36.37,mixed_edge
1-6,lane1_target_start_gap_pair x target_outer_pressure_bucket,>0.06->0.06 | some_other_pressure,121,3,2.48,12100,3370,-8730,27.85,1123.33,3.94,69.07,1754.72,-41.22,-1.46,-631.39,mixed_edge
1-2,lane1_target_exhibition_time_diff_bucket x lane1_target_start_exhibition_st_diff_bucket,target_faster_0.10+ | target_faster_0.06+,67,3,4.48,6700,1850,-4850,27.61,616.67,17.68,78.75,445.55,-51.14,-13.2,171.12,mixed_edge
1-6,lane1_target_exhibition_time_diff_bucket x lane1_target_start_exhibition_st_diff_bucket,lane1_faster_0.10+ | target_faster_0.06+,269,7,2.6,26900,7320,-19580,27.21,1045.71,3.94,69.07,1754.72,-41.86,-1.34,-709.01,mixed_edge
1-4,lane1_target_start_gap_pair x target_outer_pressure_bucket,>0.06-<=0.03 | low_other_pressure,44,3,6.82,4400,1180,-3220,26.82,393.33,10.2,75.25,737.84,-48.43,-3.38,-344.51,mixed_edge
1-5,lane1_target_exhibition_time_diff_bucket x lane1_target_start_exhibition_st_diff_bucket,target_faster_0.10+ | target_faster_0.06+,104,3,2.88,10400,2720,-7680,26.15,906.67,6.4,77.77,1215.84,-51.62,-3.52,-309.17,mixed_edge
1-4,lane1_target_start_gap_pair x target_outer_pressure_bucket,>0.06-<=0.03 | some_other_pressure,122,8,6.56,12200,3170,-9030,25.98,396.25,10.2,75.25,737.84,-49.27,-3.64,-341.59,mixed_edge
1-5,target_exhibition_rank_bucket x other_exhibition_faster_than_target_count_bucket,4+ | 0,32,1,3.12,3200,770,-2430,24.06,770.0,6.4,77.77,1215.84,-53.71,-3.28,-445.84,mixed_edge
1-3,lane1_target_start_gap_pair,>0.06->0.06,1417,69,4.87,141700,33660,-108040,23.75,487.83,15.42,76.45,495.64,-52.7,-10.55,-7.81,mixed_edge
1-3,target_lane x lane1_target_start_gap_pair,3 | >0.06->0.06,1417,69,4.87,141700,33660,-108040,23.75,487.83,15.42,76.45,495.64,-52.7,-10.55,-7.81,mixed_edge
1-3,lane1_start_exhibition_gap_bucket x target_start_exhibition_gap_bucket,>0.06 | >0.06,1417,69,4.87,141700,33660,-108040,23.75,487.83,15.42,76.45,495.64,-52.7,-10.55,-7.81,mixed_edge
1-4,lane1_target_class_pair,B2-A2,80,3,3.75,8000,1880,-6120,23.5,626.67,10.2,75.25,737.84,-51.75,-6.45,-111.17,mixed_edge
1-3,lane1_target_start_gap_pair x target_outer_pressure_bucket,>0.06->0.06 | high_other_pressure,1166,47,4.03,116600,26890,-89710,23.06,572.13,15.42,76.45,495.64,-53.39,-11.39,76.49,mixed_edge
1-4,lane1_target_exhibition_time_diff_bucket x lane1_target_start_exhibition_st_diff_bucket,target_faster_0.05_0.10 | target_faster_0.06+,280,9,3.21,28000,6370,-21630,22.75,707.78,10.2,75.25,737.84,-52.5,-6.99,-30.06,mixed_edge
1-2,lane1_target_exhibition_time_diff_bucket x lane1_target_start_exhibition_st_diff_bucket,target_faster_0.05_0.10 | target_faster_0.06+,182,5,2.75,18200,4070,-14130,22.36,814.0,17.68,78.75,445.55,-56.39,-14.93,368.45,mixed_edge
1-6,lane1_target_class_pair,B1-B2,822,5,0.61,82200,17380,-64820,21.14,3476.0,3.94,69.07,1754.72,-47.93,-3.33,1721.28,mixed_edge
1-2,lane1_target_group_pair x other_a_count_bucket,B-B | 4,35,1,2.86,3500,700,-2800,20.0,700.0,17.68,78.75,445.55,-58.75,-14.82,254.45,mixed_edge
1-3,lane1_target_start_gap_pair x target_outer_pressure_bucket,>0.06->0.06 | some_other_pressure,196,13,6.63,19600,3800,-15800,19.39,292.31,15.42,76.45,495.64,-57.06,-8.79,-203.33,mixed_edge
1-2,lane1_target_start_gap_pair x target_outer_pressure_bucket,>0.06-<=0.03 | some_other_pressure,97,6,6.19,9700,1880,-7820,19.38,313.33,17.68,78.75,445.55,-59.37,-11.49,-132.22,mixed_edge
1-5,lane1_target_start_gap_pair x target_outer_pressure_bucket,>0.06->0.06 | some_other_pressure,65,2,3.08,6500,1250,-5250,19.23,625.0,6.4,77.77,1215.84,-58.54,-3.32,-590.84,mixed_edge
1-6,lane1_target_start_gap_pair,>0.06->0.06,1234,17,1.38,123400,23370,-100030,18.94,1374.71,3.94,69.07,1754.72,-50.13,-2.56,-380.01,mixed_edge
1-6,target_lane x lane1_target_start_gap_pair,6 | >0.06->0.06,1234,17,1.38,123400,23370,-100030,18.94,1374.71,3.94,69.07,1754.72,-50.13,-2.56,-380.01,mixed_edge
1-6,lane1_start_exhibition_gap_bucket x target_start_exhibition_gap_bucket,>0.06 | >0.06,1234,17,1.38,123400,23370,-100030,18.94,1374.71,3.94,69.07,1754.72,-50.13,-2.56,-380.01,mixed_edge
1-3,lane1_target_start_gap_pair x target_outer_pressure_bucket,>0.06-best | low_other_pressure,55,4,7.27,5500,960,-4540,17.45,240.0,15.42,76.45,495.64,-59.0,-8.15,-255.64,mixed_edge
1-6,lane1_target_start_gap_pair x target_outer_pressure_bucket,>0.06->0.06 | high_other_pressure,1069,12,1.12,106900,18610,-88290,17.41,1550.83,3.94,69.07,1754.72,-51.66,-2.82,-203.89,mixed_edge
1-6,lane1_target_national_rank_pair x target_outer_pressure_bucket,3-2 | some_other_pressure,197,4,2.03,19700,3180,-16520,16.14,795.0,3.94,69.07,1754.72,-52.93,-1.91,-959.72,mixed_edge
1-2,lane1_target_start_gap_pair x target_outer_pressure_bucket,>0.06-<=0.03 | low_other_pressure,38,3,7.89,3800,530,-3270,13.95,176.67,17.68,78.75,445.55,-64.8,-9.79,-268.88,mixed_edge
1-6,lane1_target_start_gap_pair x target_outer_pressure_bucket,>0.06-0.04-0.06 | some_other_pressure,87,2,2.3,8700,1170,-7530,13.45,585.0,3.94,69.07,1754.72,-55.62,-1.64,-1169.72,mixed_edge
1-2,lane1_target_start_gap_pair x target_outer_pressure_bucket,>0.06-best | low_other_pressure,39,2,5.13,3900,500,-3400,12.82,250.0,17.68,78.75,445.55,-65.93,-12.55,-195.55,mixed_edge
1-6,lane1_target_exhibition_time_diff_bucket x lane1_target_start_exhibition_st_diff_bucket,target_faster_0.10+ | target_faster_0.06+,113,3,2.65,11300,1410,-9890,12.48,470.0,3.94,69.07,1754.72,-56.59,-1.29,-1284.72,mixed_edge
1-5,lane1_target_class_pair,A1-B2,210,5,2.38,21000,2460,-18540,11.71,492.0,6.4,77.77,1215.84,-66.06,-4.02,-723.84,mixed_edge
1-4,lane1_target_exhibition_time_diff_bucket x lane1_target_start_exhibition_st_diff_bucket,target_faster_0.10+ | target_faster_0.06+,121,2,1.65,12100,1270,-10830,10.5,635.0,10.2,75.25,737.84,-64.75,-8.55,-102.84,mixed_edge
1-6,lane1_target_exhibition_time_diff_bucket x lane1_target_start_exhibition_st_diff_bucket,target_faster_0.10+ | lane1_faster_0.06+,194,2,1.03,19400,1960,-17440,10.1,980.0,3.94,69.07,1754.72,-58.97,-2.91,-774.72,mixed_edge
1-6,lane1_target_class_pair,A1-B2,352,1,0.28,35200,3480,-31720,9.89,3480.0,3.94,69.07,1754.72,-59.18,-3.66,1725.28,mixed_edge
1-3,lane1_target_start_gap_pair x target_outer_pressure_bucket,>0.06-<=0.03 | low_other_pressure,39,1,2.56,3900,360,-3540,9.23,360.0,15.42,76.45,495.64,-67.22,-12.86,-135.64,mixed_edge
1-4,grade_group,SG,72,1,1.39,7200,640,-6560,8.89,640.0,10.2,75.25,737.84,-66.36,-8.81,-97.84,mixed_edge
1-6,lane1_target_exhibition_time_diff_bucket,missing,310,0,0.0,31000,0,-31000,0.0,0.0,3.94,69.07,1754.72,-69.07,-3.94,-1754.72,mixed_edge
1-6,lane1_target_start_exhibition_st_diff_bucket,missing,310,0,0.0,31000,0,-31000,0.0,0.0,3.94,69.07,1754.72,-69.07,-3.94,-1754.72,mixed_edge
1-6,lane1_target_exhibition_time_diff_bucket x lane1_target_start_exhibition_st_diff_bucket,missing | missing,310,0,0.0,31000,0,-31000,0.0,0.0,3.94,69.07,1754.72,-69.07,-3.94,-1754.72,mixed_edge
1-5,lane1_target_exhibition_time_diff_bucket,missing,303,0,0.0,30300,0,-30300,0.0,0.0,6.4,77.77,1215.84,-77.77,-6.4,-1215.84,mixed_edge
1-5,lane1_target_start_exhibition_st_diff_bucket,missing,303,0,0.0,30300,0,-30300,0.0,0.0,6.4,77.77,1215.84,-77.77,-6.4,-1215.84,mixed_edge
1-5,lane1_target_exhibition_time_diff_bucket x lane1_target_start_exhibition_st_diff_bucket,missing | missing,303,0,0.0,30300,0,-30300,0.0,0.0,6.4,77.77,1215.84,-77.77,-6.4,-1215.84,mixed_edge
1-4,lane1_target_exhibition_time_diff_bucket,missing,295,0,0.0,29500,0,-29500,0.0,0.0,10.2,75.25,737.84,-75.25,-10.2,-737.84,mixed_edge
1-4,lane1_target_start_exhibition_st_diff_bucket,missing,295,0,0.0,29500,0,-29500,0.0,0.0,10.2,75.25,737.84,-75.25,-10.2,-737.84,mixed_edge
1-4,lane1_target_exhibition_time_diff_bucket x lane1_target_start_exhibition_st_diff_bucket,missing | missing,295,0,0.0,29500,0,-29500,0.0,0.0,10.2,75.25,737.84,-75.25,-10.2,-737.84,mixed_edge
1-3,lane1_target_exhibition_time_diff_bucket,missing,288,0,0.0,28800,0,-28800,0.0,0.0,15.42,76.45,495.64,-76.45,-15.42,-495.64,mixed_edge
1-3,lane1_target_start_exhibition_st_diff_bucket,missing,288,0,0.0,28800,0,-28800,0.0,0.0,15.42,76.45,495.64,-76.45,-15.42,-495.64,mixed_edge
1-3,lane1_target_exhibition_time_diff_bucket x lane1_target_start_exhibition_st_diff_bucket,missing | missing,288,0,0.0,28800,0,-28800,0.0,0.0,15.42,76.45,495.64,-76.45,-15.42,-495.64,mixed_edge
1-2,lane1_target_exhibition_time_diff_bucket,missing,279,0,0.0,27900,0,-27900,0.0,0.0,17.68,78.75,445.55,-78.75,-17.68,-445.55,mixed_edge
1-2,lane1_target_start_exhibition_st_diff_bucket,missing,279,0,0.0,27900,0,-27900,0.0,0.0,17.68,78.75,445.55,-78.75,-17.68,-445.55,mixed_edge
1-2,lane1_target_exhibition_time_diff_bucket x lane1_target_start_exhibition_st_diff_bucket,missing | missing,279,0,0.0,27900,0,-27900,0.0,0.0,17.68,78.75,445.55,-78.75,-17.68,-445.55,mixed_edge
1-6,target_exhibition_rank_bucket,missing,173,0,0.0,17300,0,-17300,0.0,0.0,3.94,69.07,1754.72,-69.07,-3.94,-1754.72,mixed_edge
1-6,target_exhibition_st_rank_bucket,missing,173,0,0.0,17300,0,-17300,0.0,0.0,3.94,69.07,1754.72,-69.07,-3.94,-1754.72,mixed_edge
1-6,target_start_exhibition_gap_bucket,missing,173,0,0.0,17300,0,-17300,0.0,0.0,3.94,69.07,1754.72,-69.07,-3.94,-1754.72,mixed_edge
1-6,target_lane x target_exhibition_st_rank_bucket,6 | missing,173,0,0.0,17300,0,-17300,0.0,0.0,3.94,69.07,1754.72,-69.07,-3.94,-1754.72,mixed_edge
1-6,target_lane x target_start_exhibition_gap_bucket,6 | missing,173,0,0.0,17300,0,-17300,0.0,0.0,3.94,69.07,1754.72,-69.07,-3.94,-1754.72,mixed_edge
1-6,target_exhibition_st_rank_bucket x other_st_faster_than_target_count_bucket,missing | 0,173,0,0.0,17300,0,-17300,0.0,0.0,3.94,69.07,1754.72,-69.07,-3.94,-1754.72,mixed_edge
1-6,target_exhibition_rank_bucket x other_exhibition_faster_than_target_count_bucket,missing | 0,173,0,0.0,17300,0,-17300,0.0,0.0,3.94,69.07,1754.72,-69.07,-3.94,-1754.72,mixed_edge
1-5,target_exhibition_rank_bucket,missing,172,0,0.0,17200,0,-17200,0.0,0.0,6.4,77.77,1215.84,-77.77,-6.4,-1215.84,mixed_edge
1-5,target_exhibition_st_rank_bucket,missing,172,0,0.0,17200,0,-17200,0.0,0.0,6.4,77.77,1215.84,-77.77,-6.4,-1215.84,mixed_edge
1-5,target_start_exhibition_gap_bucket,missing,172,0,0.0,17200,0,-17200,0.0,0.0,6.4,77.77,1215.84,-77.77,-6.4,-1215.84,mixed_edge
1-5,target_lane x target_exhibition_st_rank_bucket,5 | missing,172,0,0.0,17200,0,-17200,0.0,0.0,6.4,77.77,1215.84,-77.77,-6.4,-1215.84,mixed_edge
1-5,target_lane x target_start_exhibition_gap_bucket,5 | missing,172,0,0.0,17200,0,-17200,0.0,0.0,6.4,77.77,1215.84,-77.77,-6.4,-1215.84,mixed_edge
1-5,target_exhibition_st_rank_bucket x other_st_faster_than_target_count_bucket,missing | 0,172,0,0.0,17200,0,-17200,0.0,0.0,6.4,77.77,1215.84,-77.77,-6.4,-1215.84,mixed_edge
1-5,target_exhibition_rank_bucket x other_exhibition_faster_than_target_count_bucket,missing | 0,172,0,0.0,17200,0,-17200,0.0,0.0,6.4,77.77,1215.84,-77.77,-6.4,-1215.84,mixed_edge
1-3,target_exhibition_rank_bucket,missing,158,0,0.0,15800,0,-15800,0.0,0.0,15.42,76.45,495.64,-76.45,-15.42,-495.64,mixed_edge
1-3,target_exhibition_st_rank_bucket,missing,158,0,0.0,15800,0,-15800,0.0,0.0,15.42,76.45,495.64,-76.45,-15.42,-495.64,mixed_edge
1-3,target_start_exhibition_gap_bucket,missing,158,0,0.0,15800,0,-15800,0.0,0.0,15.42,76.45,495.64,-76.45,-15.42,-495.64,mixed_edge
1-3,target_lane x target_exhibition_st_rank_bucket,3 | missing,158,0,0.0,15800,0,-15800,0.0,0.0,15.42,76.45,495.64,-76.45,-15.42,-495.64,mixed_edge
1-3,target_lane x target_start_exhibition_gap_bucket,3 | missing,158,0,0.0,15800,0,-15800,0.0,0.0,15.42,76.45,495.64,-76.45,-15.42,-495.64,mixed_edge
1-3,target_exhibition_st_rank_bucket x other_st_faster_than_target_count_bucket,missing | 0,158,0,0.0,15800,0,-15800,0.0,0.0,15.42,76.45,495.64,-76.45,-15.42,-495.64,mixed_edge
1-3,target_exhibition_rank_bucket x other_exhibition_faster_than_target_count_bucket,missing | 0,158,0,0.0,15800,0,-15800,0.0,0.0,15.42,76.45,495.64,-76.45,-15.42,-495.64,mixed_edge
1-4,target_exhibition_rank_bucket,missing,158,0,0.0,15800,0,-15800,0.0,0.0,10.2,75.25,737.84,-75.25,-10.2,-737.84,mixed_edge
1-4,target_exhibition_st_rank_bucket,missing,158,0,0.0,15800,0,-15800,0.0,0.0,10.2,75.25,737.84,-75.25,-10.2,-737.84,mixed_edge
1-4,target_start_exhibition_gap_bucket,missing,158,0,0.0,15800,0,-15800,0.0,0.0,10.2,75.25,737.84,-75.25,-10.2,-737.84,mixed_edge
1-4,target_lane x target_exhibition_st_rank_bucket,4 | missing,158,0,0.0,15800,0,-15800,0.0,0.0,10.2,75.25,737.84,-75.25,-10.2,-737.84,mixed_edge
1-4,target_lane x target_start_exhibition_gap_bucket,4 | missing,158,0,0.0,15800,0,-15800,0.0,0.0,10.2,75.25,737.84,-75.25,-10.2,-737.84,mixed_edge
1-4,target_exhibition_st_rank_bucket x other_st_faster_than_target_count_bucket,missing | 0,158,0,0.0,15800,0,-15800,0.0,0.0,10.2,75.25,737.84,-75.25,-10.2,-737.84,mixed_edge
1-4,target_exhibition_rank_bucket x other_exhibition_faster_than_target_count_bucket,missing | 0,158,0,0.0,15800,0,-15800,0.0,0.0,10.2,75.25,737.84,-75.25,-10.2,-737.84,mixed_edge
1-2,target_exhibition_rank_bucket,missing,147,0,0.0,14700,0,-14700,0.0,0.0,17.68,78.75,445.55,-78.75,-17.68,-445.55,mixed_edge
1-2,target_exhibition_st_rank_bucket,missing,147,0,0.0,14700,0,-14700,0.0,0.0,17.68,78.75,445.55,-78.75,-17.68,-445.55,mixed_edge
1-2,target_start_exhibition_gap_bucket,missing,147,0,0.0,14700,0,-14700,0.0,0.0,17.68,78.75,445.55,-78.75,-17.68,-445.55,mixed_edge
1-2,target_lane x target_exhibition_st_rank_bucket,2 | missing,147,0,0.0,14700,0,-14700,0.0,0.0,17.68,78.75,445.55,-78.75,-17.68,-445.55,mixed_edge
1-2,target_lane x target_start_exhibition_gap_bucket,2 | missing,147,0,0.0,14700,0,-14700,0.0,0.0,17.68,78.75,445.55,-78.75,-17.68,-445.55,mixed_edge
1-2,target_exhibition_st_rank_bucket x other_st_faster_than_target_count_bucket,missing | 0,147,0,0.0,14700,0,-14700,0.0,0.0,17.68,78.75,445.55,-78.75,-17.68,-445.55,mixed_edge
1-2,target_exhibition_rank_bucket x other_exhibition_faster_than_target_count_bucket,missing | 0,147,0,0.0,14700,0,-14700,0.0,0.0,17.68,78.75,445.55,-78.75,-17.68,-445.55,mixed_edge
1-2,lane1_exhibition_rank_bucket,missing,141,0,0.0,14100,0,-14100,0.0,0.0,17.68,78.75,445.55,-78.75,-17.68,-445.55,mixed_edge
1-2,lane1_exhibition_st_rank_bucket,missing,141,0,0.0,14100,0,-14100,0.0,0.0,17.68,78.75,445.55,-78.75,-17.68,-445.55,mixed_edge
1-2,lane1_start_exhibition_gap_bucket,missing,141,0,0.0,14100,0,-14100,0.0,0.0,17.68,78.75,445.55,-78.75,-17.68,-445.55,mixed_edge
1-3,lane1_exhibition_rank_bucket,missing,141,0,0.0,14100,0,-14100,0.0,0.0,15.42,76.45,495.64,-76.45,-15.42,-495.64,mixed_edge
1-3,lane1_exhibition_st_rank_bucket,missing,141,0,0.0,14100,0,-14100,0.0,0.0,15.42,76.45,495.64,-76.45,-15.42,-495.64,mixed_edge
1-3,lane1_start_exhibition_gap_bucket,missing,141,0,0.0,14100,0,-14100,0.0,0.0,15.42,76.45,495.64,-76.45,-15.42,-495.64,mixed_edge
1-4,lane1_exhibition_rank_bucket,missing,141,0,0.0,14100,0,-14100,0.0,0.0,10.2,75.25,737.84,-75.25,-10.2,-737.84,mixed_edge
1-4,lane1_exhibition_st_rank_bucket,missing,141,0,0.0,14100,0,-14100,0.0,0.0,10.2,75.25,737.84,-75.25,-10.2,-737.84,mixed_edge
1-4,lane1_start_exhibition_gap_bucket,missing,141,0,0.0,14100,0,-14100,0.0,0.0,10.2,75.25,737.84,-75.25,-10.2,-737.84,mixed_edge
1-5,lane1_exhibition_rank_bucket,missing,141,0,0.0,14100,0,-14100,0.0,0.0,6.4,77.77,1215.84,-77.77,-6.4,-1215.84,mixed_edge
1-5,lane1_exhibition_st_rank_bucket,missing,141,0,0.0,14100,0,-14100,0.0,0.0,6.4,77.77,1215.84,-77.77,-6.4,-1215.84,mixed_edge
1-5,lane1_start_exhibition_gap_bucket,missing,141,0,0.0,14100,0,-14100,0.0,0.0,6.4,77.77,1215.84,-77.77,-6.4,-1215.84,mixed_edge
1-6,lane1_exhibition_rank_bucket,missing,141,0,0.0,14100,0,-14100,0.0,0.0,3.94,69.07,1754.72,-69.07,-3.94,-1754.72,mixed_edge
1-6,lane1_exhibition_st_rank_bucket,missing,141,0,0.0,14100,0,-14100,0.0,0.0,3.94,69.07,1754.72,-69.07,-3.94,-1754.72,mixed_edge
1-6,lane1_start_exhibition_gap_bucket,missing,141,0,0.0,14100,0,-14100,0.0,0.0,3.94,69.07,1754.72,-69.07,-3.94,-1754.72,mixed_edge
1-5,lane1_target_group_pair x other_a_count_bucket,B-B | 4,90,0,0.0,9000,0,-9000,0.0,0.0,6.4,77.77,1215.84,-77.77,-6.4,-1215.84,mixed_edge
1-6,lane1_target_group_pair x other_a_count_bucket,B-B | 4,89,0,0.0,8900,0,-8900,0.0,0.0,3.94,69.07,1754.72,-69.07,-3.94,-1754.72,mixed_edge
1-6,lane1_target_exhibition_st_rank_pair,missing-4+,81,0,0.0,8100,0,-8100,0.0,0.0,3.94,69.07,1754.72,-69.07,-3.94,-1754.72,mixed_edge
1-6,lane1_exhibition_st_rank_bucket x target_exhibition_st_rank_bucket,missing | 4+,81,0,0.0,8100,0,-8100,0.0,0.0,3.94,69.07,1754.72,-69.07,-3.94,-1754.72,mixed_edge
1-6,lane1_target_class_pair,B2-B2,65,0,0.0,6500,0,-6500,0.0,0.0,3.94,69.07,1754.72,-69.07,-3.94,-1754.72,mixed_edge
1-5,lane1_target_exhibition_st_rank_pair,missing-4+,62,0,0.0,6200,0,-6200,0.0,0.0,6.4,77.77,1215.84,-77.77,-6.4,-1215.84,mixed_edge
1-5,lane1_exhibition_st_rank_bucket x target_exhibition_st_rank_bucket,missing | 4+,62,0,0.0,6200,0,-6200,0.0,0.0,6.4,77.77,1215.84,-77.77,-6.4,-1215.84,mixed_edge
1-2,lane1_target_exhibition_st_rank_pair,missing-1,61,0,0.0,6100,0,-6100,0.0,0.0,17.68,78.75,445.55,-78.75,-17.68,-445.55,mixed_edge
1-2,lane1_target_start_gap_pair,missing-best,61,0,0.0,6100,0,-6100,0.0,0.0,17.68,78.75,445.55,-78.75,-17.68,-445.55,mixed_edge
1-2,target_lane x lane1_target_start_gap_pair,2 | missing-best,61,0,0.0,6100,0,-6100,0.0,0.0,17.68,78.75,445.55,-78.75,-17.68,-445.55,mixed_edge
1-2,lane1_exhibition_st_rank_bucket x target_exhibition_st_rank_bucket,missing | 1,61,0,0.0,6100,0,-6100,0.0,0.0,17.68,78.75,445.55,-78.75,-17.68,-445.55,mixed_edge
1-2,lane1_start_exhibition_gap_bucket x target_start_exhibition_gap_bucket,missing | best,61,0,0.0,6100,0,-6100,0.0,0.0,17.68,78.75,445.55,-78.75,-17.68,-445.55,mixed_edge
1-6,lane1_target_start_gap_pair,missing->0.06,61,0,0.0,6100,0,-6100,0.0,0.0,3.94,69.07,1754.72,-69.07,-3.94,-1754.72,mixed_edge
1-6,target_lane x lane1_target_start_gap_pair,6 | missing->0.06,61,0,0.0,6100,0,-6100,0.0,0.0,3.94,69.07,1754.72,-69.07,-3.94,-1754.72,mixed_edge
1-6,lane1_start_exhibition_gap_bucket x target_start_exhibition_gap_bucket,missing | >0.06,61,0,0.0,6100,0,-6100,0.0,0.0,3.94,69.07,1754.72,-69.07,-3.94,-1754.72,mixed_edge
1-2,lane1_target_exhibition_st_rank_pair,1-missing,54,0,0.0,5400,0,-5400,0.0,0.0,17.68,78.75,445.55,-78.75,-17.68,-445.55,mixed_edge
1-2,lane1_target_start_gap_pair,best-missing,54,0,0.0,5400,0,-5400,0.0,0.0,17.68,78.75,445.55,-78.75,-17.68,-445.55,mixed_edge
1-2,target_lane x lane1_target_start_gap_pair,2 | best-missing,54,0,0.0,5400,0,-5400,0.0,0.0,17.68,78.75,445.55,-78.75,-17.68,-445.55,mixed_edge
1-2,lane1_exhibition_st_rank_bucket x target_exhibition_st_rank_bucket,1 | missing,54,0,0.0,5400,0,-5400,0.0,0.0,17.68,78.75,445.55,-78.75,-17.68,-445.55,mixed_edge
1-2,lane1_start_exhibition_gap_bucket x target_start_exhibition_gap_bucket,best | missing,54,0,0.0,5400,0,-5400,0.0,0.0,17.68,78.75,445.55,-78.75,-17.68,-445.55,mixed_edge
1-4,lane1_target_start_gap_pair,>0.06-missing,54,0,0.0,5400,0,-5400,0.0,0.0,10.2,75.25,737.84,-75.25,-10.2,-737.84,mixed_edge
1-4,target_lane x lane1_target_start_gap_pair,4 | >0.06-missing,54,0,0.0,5400,0,-5400,0.0,0.0,10.2,75.25,737.84,-75.25,-10.2,-737.84,mixed_edge
1-4,lane1_start_exhibition_gap_bucket x target_start_exhibition_gap_bucket,>0.06 | missing,54,0,0.0,5400,0,-5400,0.0,0.0,10.2,75.25,737.84,-75.25,-10.2,-737.84,mixed_edge
1-5,lane1_target_exhibition_st_rank_pair,1-missing,54,0,0.0,5400,0,-5400,0.0,0.0,6.4,77.77,1215.84,-77.77,-6.4,-1215.84,mixed_edge
1-5,lane1_target_start_gap_pair,best-missing,54,0,0.0,5400,0,-5400,0.0,0.0,6.4,77.77,1215.84,-77.77,-6.4,-1215.84,mixed_edge
1-5,lane1_target_start_gap_pair,missing->0.06,54,0,0.0,5400,0,-5400,0.0,0.0,6.4,77.77,1215.84,-77.77,-6.4,-1215.84,mixed_edge
1-5,target_lane x lane1_target_start_gap_pair,5 | best-missing,54,0,0.0,5400,0,-5400,0.0,0.0,6.4,77.77,1215.84,-77.77,-6.4,-1215.84,mixed_edge
1-5,target_lane x lane1_target_start_gap_pair,5 | missing->0.06,54,0,0.0,5400,0,-5400,0.0,0.0,6.4,77.77,1215.84,-77.77,-6.4,-1215.84,mixed_edge
1-5,lane1_exhibition_st_rank_bucket x target_exhibition_st_rank_bucket,1 | missing,54,0,0.0,5400,0,-5400,0.0,0.0,6.4,77.77,1215.84,-77.77,-6.4,-1215.84,mixed_edge
1-5,lane1_start_exhibition_gap_bucket x target_start_exhibition_gap_bucket,best | missing,54,0,0.0,5400,0,-5400,0.0,0.0,6.4,77.77,1215.84,-77.77,-6.4,-1215.84,mixed_edge
1-5,lane1_start_exhibition_gap_bucket x target_start_exhibition_gap_bucket,missing | >0.06,54,0,0.0,5400,0,-5400,0.0,0.0,6.4,77.77,1215.84,-77.77,-6.4,-1215.84,mixed_edge
1-6,lane1_target_start_gap_pair x target_outer_pressure_bucket,missing->0.06 | high_other_pressure,53,0,0.0,5300,0,-5300,0.0,0.0,3.94,69.07,1754.72,-69.07,-3.94,-1754.72,mixed_edge
1-6,lane1_target_exhibition_st_rank_pair,4+-missing,52,0,0.0,5200,0,-5200,0.0,0.0,3.94,69.07,1754.72,-69.07,-3.94,-1754.72,mixed_edge
1-6,lane1_exhibition_st_rank_bucket x target_exhibition_st_rank_bucket,4+ | missing,52,0,0.0,5200,0,-5200,0.0,0.0,3.94,69.07,1754.72,-69.07,-3.94,-1754.72,mixed_edge
1-3,lane1_target_exhibition_st_rank_pair,1-missing,51,0,0.0,5100,0,-5100,0.0,0.0,15.42,76.45,495.64,-76.45,-15.42,-495.64,mixed_edge
1-3,lane1_target_start_gap_pair,best-missing,51,0,0.0,5100,0,-5100,0.0,0.0,15.42,76.45,495.64,-76.45,-15.42,-495.64,mixed_edge
1-3,target_lane x lane1_target_start_gap_pair,3 | best-missing,51,0,0.0,5100,0,-5100,0.0,0.0,15.42,76.45,495.64,-76.45,-15.42,-495.64,mixed_edge
1-3,lane1_exhibition_st_rank_bucket x target_exhibition_st_rank_bucket,1 | missing,51,0,0.0,5100,0,-5100,0.0,0.0,15.42,76.45,495.64,-76.45,-15.42,-495.64,mixed_edge
1-3,lane1_start_exhibition_gap_bucket x target_start_exhibition_gap_bucket,best | missing,51,0,0.0,5100,0,-5100,0.0,0.0,15.42,76.45,495.64,-76.45,-15.42,-495.64,mixed_edge
1-6,lane1_target_exhibition_st_rank_pair,1-missing,51,0,0.0,5100,0,-5100,0.0,0.0,3.94,69.07,1754.72,-69.07,-3.94,-1754.72,mixed_edge
1-6,lane1_target_start_gap_pair,best-missing,51,0,0.0,5100,0,-5100,0.0,0.0,3.94,69.07,1754.72,-69.07,-3.94,-1754.72,mixed_edge
1-6,target_lane x lane1_target_start_gap_pair,6 | best-missing,51,0,0.0,5100,0,-5100,0.0,0.0,3.94,69.07,1754.72,-69.07,-3.94,-1754.72,mixed_edge
1-6,lane1_exhibition_st_rank_bucket x target_exhibition_st_rank_bucket,1 | missing,51,0,0.0,5100,0,-5100,0.0,0.0,3.94,69.07,1754.72,-69.07,-3.94,-1754.72,mixed_edge
1-6,lane1_start_exhibition_gap_bucket x target_start_exhibition_gap_bucket,best | missing,51,0,0.0,5100,0,-5100,0.0,0.0,3.94,69.07,1754.72,-69.07,-3.94,-1754.72,mixed_edge
1-4,lane1_target_exhibition_st_rank_pair,4+-missing,50,0,0.0,5000,0,-5000,0.0,0.0,10.2,75.25,737.84,-75.25,-10.2,-737.84,mixed_edge
1-4,lane1_exhibition_st_rank_bucket x target_exhibition_st_rank_bucket,4+ | missing,50,0,0.0,5000,0,-5000,0.0,0.0,10.2,75.25,737.84,-75.25,-10.2,-737.84,mixed_edge
1-5,lane1_target_start_gap_pair,>0.06-missing,50,0,0.0,5000,0,-5000,0.0,0.0,6.4,77.77,1215.84,-77.77,-6.4,-1215.84,mixed_edge
1-5,target_lane x lane1_target_start_gap_pair,5 | >0.06-missing,50,0,0.0,5000,0,-5000,0.0,0.0,6.4,77.77,1215.84,-77.77,-6.4,-1215.84,mixed_edge
1-5,lane1_start_exhibition_gap_bucket x target_start_exhibition_gap_bucket,>0.06 | missing,50,0,0.0,5000,0,-5000,0.0,0.0,6.4,77.77,1215.84,-77.77,-6.4,-1215.84,mixed_edge
1-6,lane1_target_start_gap_pair,>0.06-missing,48,0,0.0,4800,0,-4800,0.0,0.0,3.94,69.07,1754.72,-69.07,-3.94,-1754.72,mixed_edge
1-6,target_lane x lane1_target_start_gap_pair,6 | >0.06-missing,48,0,0.0,4800,0,-4800,0.0,0.0,3.94,69.07,1754.72,-69.07,-3.94,-1754.72,mixed_edge
1-6,lane1_start_exhibition_gap_bucket x target_start_exhibition_gap_bucket,>0.06 | missing,48,0,0.0,4800,0,-4800,0.0,0.0,3.94,69.07,1754.72,-69.07,-3.94,-1754.72,mixed_edge
1-5,lane1_target_start_gap_pair x target_outer_pressure_bucket,missing->0.06 | high_other_pressure,46,0,0.0,4600,0,-4600,0.0,0.0,6.4,77.77,1215.84,-77.77,-6.4,-1215.84,mixed_edge
1-3,lane1_target_exhibition_st_rank_pair,missing-2,43,0,0.0,4300,0,-4300,0.0,0.0,15.42,76.45,495.64,-76.45,-15.42,-495.64,mixed_edge
1-3,lane1_exhibition_st_rank_bucket x target_exhibition_st_rank_bucket,missing | 2,43,0,0.0,4300,0,-4300,0.0,0.0,15.42,76.45,495.64,-76.45,-15.42,-495.64,mixed_edge
1-2,lane1_target_start_gap_pair x target_outer_pressure_bucket,missing-best | high_other_pressure,42,0,0.0,4200,0,-4200,0.0,0.0,17.68,78.75,445.55,-78.75,-17.68,-445.55,mixed_edge
1-4,lane1_target_start_gap_pair,missing->0.06,42,0,0.0,4200,0,-4200,0.0,0.0,10.2,75.25,737.84,-75.25,-10.2,-737.84,mixed_edge
1-4,target_lane x lane1_target_start_gap_pair,4 | missing->0.06,42,0,0.0,4200,0,-4200,0.0,0.0,10.2,75.25,737.84,-75.25,-10.2,-737.84,mixed_edge
1-4,lane1_start_exhibition_gap_bucket x target_start_exhibition_gap_bucket,missing | >0.06,42,0,0.0,4200,0,-4200,0.0,0.0,10.2,75.25,737.84,-75.25,-10.2,-737.84,mixed_edge
1-5,lane1_target_exhibition_st_rank_pair,4+-missing,42,0,0.0,4200,0,-4200,0.0,0.0,6.4,77.77,1215.84,-77.77,-6.4,-1215.84,mixed_edge
1-5,lane1_exhibition_st_rank_bucket x target_exhibition_st_rank_bucket,4+ | missing,42,0,0.0,4200,0,-4200,0.0,0.0,6.4,77.77,1215.84,-77.77,-6.4,-1215.84,mixed_edge
1-6,lane1_target_start_gap_pair,<=0.03-missing,41,0,0.0,4100,0,-4100,0.0,0.0,3.94,69.07,1754.72,-69.07,-3.94,-1754.72,mixed_edge
1-6,target_lane x lane1_target_start_gap_pair,6 | <=0.03-missing,41,0,0.0,4100,0,-4100,0.0,0.0,3.94,69.07,1754.72,-69.07,-3.94,-1754.72,mixed_edge
1-6,lane1_start_exhibition_gap_bucket x target_start_exhibition_gap_bucket,<=0.03 | missing,41,0,0.0,4100,0,-4100,0.0,0.0,3.94,69.07,1754.72,-69.07,-3.94,-1754.72,mixed_edge
1-4,lane1_target_exhibition_st_rank_pair,1-missing,40,0,0.0,4000,0,-4000,0.0,0.0,10.2,75.25,737.84,-75.25,-10.2,-737.84,mixed_edge
1-4,lane1_target_exhibition_st_rank_pair,missing-3,40,0,0.0,4000,0,-4000,0.0,0.0,10.2,75.25,737.84,-75.25,-10.2,-737.84,mixed_edge
1-4,lane1_target_start_gap_pair,best-missing,40,0,0.0,4000,0,-4000,0.0,0.0,10.2,75.25,737.84,-75.25,-10.2,-737.84,mixed_edge
1-4,target_lane x lane1_target_start_gap_pair,4 | best-missing,40,0,0.0,4000,0,-4000,0.0,0.0,10.2,75.25,737.84,-75.25,-10.2,-737.84,mixed_edge
1-4,lane1_exhibition_st_rank_bucket x target_exhibition_st_rank_bucket,1 | missing,40,0,0.0,4000,0,-4000,0.0,0.0,10.2,75.25,737.84,-75.25,-10.2,-737.84,mixed_edge
1-4,lane1_exhibition_st_rank_bucket x target_exhibition_st_rank_bucket,missing | 3,40,0,0.0,4000,0,-4000,0.0,0.0,10.2,75.25,737.84,-75.25,-10.2,-737.84,mixed_edge
1-4,lane1_start_exhibition_gap_bucket x target_start_exhibition_gap_bucket,best | missing,40,0,0.0,4000,0,-4000,0.0,0.0,10.2,75.25,737.84,-75.25,-10.2,-737.84,mixed_edge
1-3,lane1_target_exhibition_st_rank_pair,4+-missing,39,0,0.0,3900,0,-3900,0.0,0.0,15.42,76.45,495.64,-76.45,-15.42,-495.64,mixed_edge
1-3,lane1_exhibition_st_rank_bucket x target_exhibition_st_rank_bucket,4+ | missing,39,0,0.0,3900,0,-3900,0.0,0.0,15.42,76.45,495.64,-76.45,-15.42,-495.64,mixed_edge
1-4,lane1_target_start_gap_pair x target_outer_pressure_bucket,missing->0.06 | high_other_pressure,39,0,0.0,3900,0,-3900,0.0,0.0,10.2,75.25,737.84,-75.25,-10.2,-737.84,mixed_edge
1-3,lane1_target_exhibition_st_rank_pair,missing-4+,38,0,0.0,3800,0,-3800,0.0,0.0,15.42,76.45,495.64,-76.45,-15.42,-495.64,mixed_edge
1-3,lane1_exhibition_st_rank_bucket x target_exhibition_st_rank_bucket,missing | 4+,38,0,0.0,3800,0,-3800,0.0,0.0,15.42,76.45,495.64,-76.45,-15.42,-495.64,mixed_edge
1-5,lane1_target_start_gap_pair,<=0.03-missing,38,0,0.0,3800,0,-3800,0.0,0.0,6.4,77.77,1215.84,-77.77,-6.4,-1215.84,mixed_edge
1-5,target_lane x lane1_target_start_gap_pair,5 | <=0.03-missing,38,0,0.0,3800,0,-3800,0.0,0.0,6.4,77.77,1215.84,-77.77,-6.4,-1215.84,mixed_edge
1-5,lane1_start_exhibition_gap_bucket x target_start_exhibition_gap_bucket,<=0.03 | missing,38,0,0.0,3800,0,-3800,0.0,0.0,6.4,77.77,1215.84,-77.77,-6.4,-1215.84,mixed_edge
1-6,lane1_target_start_gap_pair x target_outer_pressure_bucket,best-missing | high_other_pressure,38,0,0.0,3800,0,-3800,0.0,0.0,3.94,69.07,1754.72,-69.07,-3.94,-1754.72,mixed_edge
1-3,lane1_target_start_gap_pair,missing-best,37,0,0.0,3700,0,-3700,0.0,0.0,15.42,76.45,495.64,-76.45,-15.42,-495.64,mixed_edge
1-3,target_lane x lane1_target_start_gap_pair,3 | missing-best,37,0,0.0,3700,0,-3700,0.0,0.0,15.42,76.45,495.64,-76.45,-15.42,-495.64,mixed_edge
1-3,lane1_start_exhibition_gap_bucket x target_start_exhibition_gap_bucket,missing | best,37,0,0.0,3700,0,-3700,0.0,0.0,15.42,76.45,495.64,-76.45,-15.42,-495.64,mixed_edge
1-4,lane1_target_exhibition_st_rank_pair,missing-2,37,0,0.0,3700,0,-3700,0.0,0.0,10.2,75.25,737.84,-75.25,-10.2,-737.84,mixed_edge
1-4,lane1_target_start_gap_pair,<=0.03-missing,37,0,0.0,3700,0,-3700,0.0,0.0,10.2,75.25,737.84,-75.25,-10.2,-737.84,mixed_edge
1-4,target_lane x lane1_target_start_gap_pair,4 | <=0.03-missing,37,0,0.0,3700,0,-3700,0.0,0.0,10.2,75.25,737.84,-75.25,-10.2,-737.84,mixed_edge
1-4,lane1_exhibition_st_rank_bucket x target_exhibition_st_rank_bucket,missing | 2,37,0,0.0,3700,0,-3700,0.0,0.0,10.2,75.25,737.84,-75.25,-10.2,-737.84,mixed_edge
1-4,lane1_start_exhibition_gap_bucket x target_start_exhibition_gap_bucket,<=0.03 | missing,37,0,0.0,3700,0,-3700,0.0,0.0,10.2,75.25,737.84,-75.25,-10.2,-737.84,mixed_edge
1-5,lane1_target_exhibition_st_rank_pair,missing-3,37,0,0.0,3700,0,-3700,0.0,0.0,6.4,77.77,1215.84,-77.77,-6.4,-1215.84,mixed_edge
1-5,lane1_exhibition_st_rank_bucket x target_exhibition_st_rank_bucket,missing | 3,37,0,0.0,3700,0,-3700,0.0,0.0,6.4,77.77,1215.84,-77.77,-6.4,-1215.84,mixed_edge
1-6,lane1_target_exhibition_st_rank_pair,3-missing,37,0,0.0,3700,0,-3700,0.0,0.0,3.94,69.07,1754.72,-69.07,-3.94,-1754.72,mixed_edge
1-6,lane1_exhibition_st_rank_bucket x target_exhibition_st_rank_bucket,3 | missing,37,0,0.0,3700,0,-3700,0.0,0.0,3.94,69.07,1754.72,-69.07,-3.94,-1754.72,mixed_edge
1-5,lane1_target_start_gap_pair,missing-<=0.03,36,0,0.0,3600,0,-3600,0.0,0.0,6.4,77.77,1215.84,-77.77,-6.4,-1215.84,mixed_edge
1-5,target_lane x lane1_target_start_gap_pair,5 | missing-<=0.03,36,0,0.0,3600,0,-3600,0.0,0.0,6.4,77.77,1215.84,-77.77,-6.4,-1215.84,mixed_edge
1-5,lane1_start_exhibition_gap_bucket x target_start_exhibition_gap_bucket,missing | <=0.03,36,0,0.0,3600,0,-3600,0.0,0.0,6.4,77.77,1215.84,-77.77,-6.4,-1215.84,mixed_edge
1-4,lane1_target_class_pair,B2-B2,35,0,0.0,3500,0,-3500,0.0,0.0,10.2,75.25,737.84,-75.25,-10.2,-737.84,mixed_edge
1-4,lane1_target_start_gap_pair,missing-<=0.03,35,0,0.0,3500,0,-3500,0.0,0.0,10.2,75.25,737.84,-75.25,-10.2,-737.84,mixed_edge
1-4,lane1_target_start_gap_pair,missing-best,35,0,0.0,3500,0,-3500,0.0,0.0,10.2,75.25,737.84,-75.25,-10.2,-737.84,mixed_edge
1-4,target_lane x lane1_target_start_gap_pair,4 | missing-<=0.03,35,0,0.0,3500,0,-3500,0.0,0.0,10.2,75.25,737.84,-75.25,-10.2,-737.84,mixed_edge
1-4,target_lane x lane1_target_start_gap_pair,4 | missing-best,35,0,0.0,3500,0,-3500,0.0,0.0,10.2,75.25,737.84,-75.25,-10.2,-737.84,mixed_edge
1-4,lane1_start_exhibition_gap_bucket x target_start_exhibition_gap_bucket,missing | <=0.03,35,0,0.0,3500,0,-3500,0.0,0.0,10.2,75.25,737.84,-75.25,-10.2,-737.84,mixed_edge
1-4,lane1_start_exhibition_gap_bucket x target_start_exhibition_gap_bucket,missing | best,35,0,0.0,3500,0,-3500,0.0,0.0,10.2,75.25,737.84,-75.25,-10.2,-737.84,mixed_edge
1-2,lane1_target_start_gap_pair,>0.06-missing,34,0,0.0,3400,0,-3400,0.0,0.0,17.68,78.75,445.55,-78.75,-17.68,-445.55,mixed_edge
1-2,target_lane x lane1_target_start_gap_pair,2 | >0.06-missing,34,0,0.0,3400,0,-3400,0.0,0.0,17.68,78.75,445.55,-78.75,-17.68,-445.55,mixed_edge
1-2,lane1_start_exhibition_gap_bucket x target_start_exhibition_gap_bucket,>0.06 | missing,34,0,0.0,3400,0,-3400,0.0,0.0,17.68,78.75,445.55,-78.75,-17.68,-445.55,mixed_edge
1-3,lane1_target_start_gap_pair,>0.06-missing,34,0,0.0,3400,0,-3400,0.0,0.0,15.42,76.45,495.64,-76.45,-15.42,-495.64,mixed_edge
1-3,target_lane x lane1_target_start_gap_pair,3 | >0.06-missing,34,0,0.0,3400,0,-3400,0.0,0.0,15.42,76.45,495.64,-76.45,-15.42,-495.64,mixed_edge
1-3,lane1_start_exhibition_gap_bucket x target_start_exhibition_gap_bucket,>0.06 | missing,34,0,0.0,3400,0,-3400,0.0,0.0,15.42,76.45,495.64,-76.45,-15.42,-495.64,mixed_edge
1-5,lane1_target_exhibition_st_rank_pair,3-missing,34,0,0.0,3400,0,-3400,0.0,0.0,6.4,77.77,1215.84,-77.77,-6.4,-1215.84,mixed_edge
1-5,lane1_exhibition_st_rank_bucket x target_exhibition_st_rank_bucket,3 | missing,34,0,0.0,3400,0,-3400,0.0,0.0,6.4,77.77,1215.84,-77.77,-6.4,-1215.84,mixed_edge
1-2,lane1_target_exhibition_st_rank_pair,4+-missing,33,0,0.0,3300,0,-3300,0.0,0.0,17.68,78.75,445.55,-78.75,-17.68,-445.55,mixed_edge
1-2,lane1_exhibition_st_rank_bucket x target_exhibition_st_rank_bucket,4+ | missing,33,0,0.0,3300,0,-3300,0.0,0.0,17.68,78.75,445.55,-78.75,-17.68,-445.55,mixed_edge
1-4,lane1_target_exhibition_st_rank_pair,3-missing,33,0,0.0,3300,0,-3300,0.0,0.0,10.2,75.25,737.84,-75.25,-10.2,-737.84,mixed_edge
1-4,lane1_exhibition_st_rank_bucket x target_exhibition_st_rank_bucket,3 | missing,33,0,0.0,3300,0,-3300,0.0,0.0,10.2,75.25,737.84,-75.25,-10.2,-737.84,mixed_edge
1-4,lane1_target_start_gap_pair x target_outer_pressure_bucket,>0.06-missing | high_other_pressure,33,0,0.0,3300,0,-3300,0.0,0.0,10.2,75.25,737.84,-75.25,-10.2,-737.84,mixed_edge
1-6,lane1_target_start_gap_pair,missing-<=0.03,33,0,0.0,3300,0,-3300,0.0,0.0,3.94,69.07,1754.72,-69.07,-3.94,-1754.72,mixed_edge
1-6,target_lane x lane1_target_start_gap_pair,6 | missing-<=0.03,33,0,0.0,3300,0,-3300,0.0,0.0,3.94,69.07,1754.72,-69.07,-3.94,-1754.72,mixed_edge
1-6,lane1_start_exhibition_gap_bucket x target_start_exhibition_gap_bucket,missing | <=0.03,33,0,0.0,3300,0,-3300,0.0,0.0,3.94,69.07,1754.72,-69.07,-3.94,-1754.72,mixed_edge
1-2,lane1_target_exhibition_st_rank_pair,2-missing,32,0,0.0,3200,0,-3200,0.0,0.0,17.68,78.75,445.55,-78.75,-17.68,-445.55,mixed_edge
1-2,lane1_target_start_gap_pair,missing->0.06,32,0,0.0,3200,0,-3200,0.0,0.0,17.68,78.75,445.55,-78.75,-17.68,-445.55,mixed_edge
1-2,target_lane x lane1_target_start_gap_pair,2 | missing->0.06,32,0,0.0,3200,0,-3200,0.0,0.0,17.68,78.75,445.55,-78.75,-17.68,-445.55,mixed_edge
1-2,lane1_exhibition_st_rank_bucket x target_exhibition_st_rank_bucket,2 | missing,32,0,0.0,3200,0,-3200,0.0,0.0,17.68,78.75,445.55,-78.75,-17.68,-445.55,mixed_edge
1-2,lane1_start_exhibition_gap_bucket x target_start_exhibition_gap_bucket,missing | >0.06,32,0,0.0,3200,0,-3200,0.0,0.0,17.68,78.75,445.55,-78.75,-17.68,-445.55,mixed_edge
1-3,lane1_target_start_gap_pair,missing-0.04-0.06,32,0,0.0,3200,0,-3200,0.0,0.0,15.42,76.45,495.64,-76.45,-15.42,-495.64,mixed_edge
1-3,target_lane x lane1_target_start_gap_pair,3 | missing-0.04-0.06,32,0,0.0,3200,0,-3200,0.0,0.0,15.42,76.45,495.64,-76.45,-15.42,-495.64,mixed_edge
1-3,lane1_start_exhibition_gap_bucket x target_start_exhibition_gap_bucket,missing | 0.04-0.06,32,0,0.0,3200,0,-3200,0.0,0.0,15.42,76.45,495.64,-76.45,-15.42,-495.64,mixed_edge
1-4,lane1_target_exhibition_st_rank_pair,missing-4+,32,0,0.0,3200,0,-3200,0.0,0.0,10.2,75.25,737.84,-75.25,-10.2,-737.84,mixed_edge
1-4,lane1_exhibition_st_rank_bucket x target_exhibition_st_rank_bucket,missing | 4+,32,0,0.0,3200,0,-3200,0.0,0.0,10.2,75.25,737.84,-75.25,-10.2,-737.84,mixed_edge
1-5,lane1_target_exhibition_st_rank_pair,2-missing,32,0,0.0,3200,0,-3200,0.0,0.0,6.4,77.77,1215.84,-77.77,-6.4,-1215.84,mixed_edge
1-5,lane1_exhibition_st_rank_bucket x target_exhibition_st_rank_bucket,2 | missing,32,0,0.0,3200,0,-3200,0.0,0.0,6.4,77.77,1215.84,-77.77,-6.4,-1215.84,mixed_edge
1-2,lane1_target_exhibition_st_rank_pair,missing-4+,31,0,0.0,3100,0,-3100,0.0,0.0,17.68,78.75,445.55,-78.75,-17.68,-445.55,mixed_edge
1-2,lane1_target_start_gap_pair,<=0.03-missing,31,0,0.0,3100,0,-3100,0.0,0.0,17.68,78.75,445.55,-78.75,-17.68,-445.55,mixed_edge
1-2,target_lane x lane1_target_start_gap_pair,2 | <=0.03-missing,31,0,0.0,3100,0,-3100,0.0,0.0,17.68,78.75,445.55,-78.75,-17.68,-445.55,mixed_edge
1-2,lane1_exhibition_st_rank_bucket x target_exhibition_st_rank_bucket,missing | 4+,31,0,0.0,3100,0,-3100,0.0,0.0,17.68,78.75,445.55,-78.75,-17.68,-445.55,mixed_edge
1-2,lane1_start_exhibition_gap_bucket x target_start_exhibition_gap_bucket,<=0.03 | missing,31,0,0.0,3100,0,-3100,0.0,0.0,17.68,78.75,445.55,-78.75,-17.68,-445.55,mixed_edge
1-3,lane1_target_exhibition_st_rank_pair,3-missing,31,0,0.0,3100,0,-3100,0.0,0.0,15.42,76.45,495.64,-76.45,-15.42,-495.64,mixed_edge
1-3,lane1_target_start_gap_pair,0.04-0.06-missing,31,0,0.0,3100,0,-3100,0.0,0.0,15.42,76.45,495.64,-76.45,-15.42,-495.64,mixed_edge
1-3,lane1_target_start_gap_pair,<=0.03-missing,31,0,0.0,3100,0,-3100,0.0,0.0,15.42,76.45,495.64,-76.45,-15.42,-495.64,mixed_edge
1-3,lane1_target_start_gap_pair,missing-<=0.03,31,0,0.0,3100,0,-3100,0.0,0.0,15.42,76.45,495.64,-76.45,-15.42,-495.64,mixed_edge
1-3,target_lane x lane1_target_start_gap_pair,3 | 0.04-0.06-missing,31,0,0.0,3100,0,-3100,0.0,0.0,15.42,76.45,495.64,-76.45,-15.42,-495.64,mixed_edge
1-3,target_lane x lane1_target_start_gap_pair,3 | <=0.03-missing,31,0,0.0,3100,0,-3100,0.0,0.0,15.42,76.45,495.64,-76.45,-15.42,-495.64,mixed_edge
1-3,target_lane x lane1_target_start_gap_pair,3 | missing-<=0.03,31,0,0.0,3100,0,-3100,0.0,0.0,15.42,76.45,495.64,-76.45,-15.42,-495.64,mixed_edge
1-3,lane1_exhibition_st_rank_bucket x target_exhibition_st_rank_bucket,3 | missing,31,0,0.0,3100,0,-3100,0.0,0.0,15.42,76.45,495.64,-76.45,-15.42,-495.64,mixed_edge
1-3,lane1_start_exhibition_gap_bucket x target_start_exhibition_gap_bucket,0.04-0.06 | missing,31,0,0.0,3100,0,-3100,0.0,0.0,15.42,76.45,495.64,-76.45,-15.42,-495.64,mixed_edge
1-3,lane1_start_exhibition_gap_bucket x target_start_exhibition_gap_bucket,<=0.03 | missing,31,0,0.0,3100,0,-3100,0.0,0.0,15.42,76.45,495.64,-76.45,-15.42,-495.64,mixed_edge
1-3,lane1_start_exhibition_gap_bucket x target_start_exhibition_gap_bucket,missing | <=0.03,31,0,0.0,3100,0,-3100,0.0,0.0,15.42,76.45,495.64,-76.45,-15.42,-495.64,mixed_edge
1-4,lane1_target_exhibition_st_rank_pair,2-missing,31,0,0.0,3100,0,-3100,0.0,0.0,10.2,75.25,737.84,-75.25,-10.2,-737.84,mixed_edge
1-4,lane1_exhibition_st_rank_bucket x target_exhibition_st_rank_bucket,2 | missing,31,0,0.0,3100,0,-3100,0.0,0.0,10.2,75.25,737.84,-75.25,-10.2,-737.84,mixed_edge
1-4,lane1_target_start_gap_pair x target_outer_pressure_bucket,missing-<=0.03 | high_other_pressure,31,0,0.0,3100,0,-3100,0.0,0.0,10.2,75.25,737.84,-75.25,-10.2,-737.84,mixed_edge
1-5,lane1_target_start_gap_pair x target_outer_pressure_bucket,>0.06-missing | high_other_pressure,31,0,0.0,3100,0,-3100,0.0,0.0,6.4,77.77,1215.84,-77.77,-6.4,-1215.84,mixed_edge
1-6,lane1_target_start_gap_pair,missing-0.04-0.06,31,0,0.0,3100,0,-3100,0.0,0.0,3.94,69.07,1754.72,-69.07,-3.94,-1754.72,mixed_edge
1-6,target_lane x lane1_target_start_gap_pair,6 | missing-0.04-0.06,31,0,0.0,3100,0,-3100,0.0,0.0,3.94,69.07,1754.72,-69.07,-3.94,-1754.72,mixed_edge
1-6,lane1_start_exhibition_gap_bucket x target_start_exhibition_gap_bucket,missing | 0.04-0.06,31,0,0.0,3100,0,-3100,0.0,0.0,3.94,69.07,1754.72,-69.07,-3.94,-1754.72,mixed_edge
1-3,lane1_target_start_gap_pair,missing->0.06,30,0,0.0,3000,0,-3000,0.0,0.0,15.42,76.45,495.64,-76.45,-15.42,-495.64,mixed_edge
1-3,target_lane x lane1_target_start_gap_pair,3 | missing->0.06,30,0,0.0,3000,0,-3000,0.0,0.0,15.42,76.45,495.64,-76.45,-15.42,-495.64,mixed_edge
1-3,lane1_start_exhibition_gap_bucket x target_start_exhibition_gap_bucket,missing | >0.06,30,0,0.0,3000,0,-3000,0.0,0.0,15.42,76.45,495.64,-76.45,-15.42,-495.64,mixed_edge
1-3,lane1_target_start_gap_pair x target_outer_pressure_bucket,missing-best | high_other_pressure,30,0,0.0,3000,0,-3000,0.0,0.0,15.42,76.45,495.64,-76.45,-15.42,-495.64,mixed_edge
