combo,slice_family,slice_value,sample_races,hits,hit_rate_pct,stake_yen,return_yen,profit_yen,roi_pct,avg_hit_payout_yen,baseline_hit_rate_pct,baseline_roi_pct,baseline_avg_hit_payout_yen,roi_lift_pct,hit_rate_lift_pct,avg_payout_lift_yen,distortion_type
1-6,target_exhibition_st_rank_bucket x other_st_faster_than_target_count_bucket,4+ | 0,61,7,11.48,6100,15610,9510,255.9,2230.0,4.06,71.41,1760.27,184.49,7.42,469.73,price_distortion
1-6,lane1_target_exhibition_time_diff_bucket x lane1_target_start_exhibition_st_diff_bucket,lane1_faster_0.10+ | target_faster_0.03_0.06,192,10,5.21,19200,44400,25200,231.25,4440.0,4.06,71.41,1760.27,159.84,1.15,2679.73,price_distortion
1-4,lane1_target_start_gap_pair x target_outer_pressure_bucket,0.04-0.06-<=0.03 | low_other_pressure,32,13,40.62,3200,7350,4150,229.69,565.38,10.33,75.47,730.61,154.22,30.29,-165.23,probability_plus_price
1-6,lane1_target_start_gap_pair x target_outer_pressure_bucket,<=0.03-best | some_other_pressure,58,8,13.79,5800,12730,6930,219.48,1591.25,4.06,71.41,1760.27,148.07,9.73,-169.02,probability_plus_price
1-6,lane1_target_start_gap_pair x target_outer_pressure_bucket,0.04-0.06-<=0.03 | low_other_pressure,31,7,22.58,3100,6480,3380,209.03,925.71,4.06,71.41,1760.27,137.62,18.52,-834.56,probability_plus_price
1-6,lane1_target_exhibition_st_rank_pair,2-1,306,37,12.09,30600,60350,29750,197.22,1631.08,4.06,71.41,1760.27,125.81,8.03,-129.19,probability_plus_price
1-6,lane1_exhibition_st_rank_bucket x target_exhibition_st_rank_bucket,2 | 1,306,37,12.09,30600,60350,29750,197.22,1631.08,4.06,71.41,1760.27,125.81,8.03,-129.19,probability_plus_price
1-6,lane1_target_exhibition_time_diff_bucket x lane1_target_start_exhibition_st_diff_bucket,target_faster_0.05_0.10 | target_faster_0.03_0.06,147,12,8.16,14700,28740,14040,195.51,2395.0,4.06,71.41,1760.27,124.1,4.1,634.73,price_distortion
1-6,lane1_target_start_gap_pair x target_outer_pressure_bucket,best-<=0.03 | low_other_pressure,34,9,26.47,3400,6620,3220,194.71,735.56,4.06,71.41,1760.27,123.3,22.41,-1024.71,probability_plus_price
1-5,lane1_target_class_pair,B2-A2,88,6,6.82,8800,16940,8140,192.5,2823.33,6.72,77.68,1155.81,114.82,0.1,1667.52,price_distortion
1-6,lane1_target_exhibition_st_rank_pair,1-2,328,44,13.41,32800,60910,28110,185.7,1384.32,4.06,71.41,1760.27,114.29,9.35,-375.95,probability_plus_price
1-6,lane1_exhibition_st_rank_bucket x target_exhibition_st_rank_bucket,1 | 2,328,44,13.41,32800,60910,28110,185.7,1384.32,4.06,71.41,1760.27,114.29,9.35,-375.95,probability_plus_price
1-6,grade_group,SG,72,4,5.56,7200,12320,5120,171.11,3080.0,4.06,71.41,1760.27,99.7,1.5,1319.73,price_distortion
1-5,lane1_target_group_pair x target_outer_pressure_bucket,A-B | low_other_pressure,51,16,31.37,5100,8540,3440,167.45,533.75,6.72,77.68,1155.81,89.77,24.65,-622.06,probability_plus_price
1-5,lane1_target_start_gap_pair x target_outer_pressure_bucket,<=0.03-best | some_other_pressure,93,15,16.13,9300,15300,6000,164.52,1020.0,6.72,77.68,1155.81,86.84,9.41,-135.81,probability_plus_price
1-6,lane1_target_national_rank_pair x target_outer_pressure_bucket,3-1 | low_other_pressure,152,29,19.08,15200,24180,8980,159.08,833.79,4.06,71.41,1760.27,87.67,15.02,-926.48,probability_plus_price
1-6,lane1_target_start_gap_pair x target_outer_pressure_bucket,0.04-0.06-best | high_other_pressure,376,19,5.05,37600,59640,22040,158.62,3138.95,4.06,71.41,1760.27,87.21,0.99,1378.68,price_distortion
1-5,lane1_target_start_gap_pair x target_outer_pressure_bucket,best-best | high_other_pressure,134,14,10.45,13400,21210,7810,158.28,1515.0,6.72,77.68,1155.81,80.6,3.73,359.19,price_distortion
1-6,lane1_target_group_pair x other_a_count_bucket,B-A | 4,34,3,8.82,3400,5320,1920,156.47,1773.33,4.06,71.41,1760.27,85.06,4.76,13.06,mixed_edge
1-6,lane1_target_group_pair x target_outer_pressure_bucket,B-B | some_other_pressure,140,12,8.57,14000,21890,7890,156.36,1824.17,4.06,71.41,1760.27,84.95,4.51,63.9,mixed_edge
1-6,lane1_target_start_gap_pair x target_outer_pressure_bucket,<=0.03-<=0.03 | low_other_pressure,39,6,15.38,3900,5910,2010,151.54,985.0,4.06,71.41,1760.27,80.13,11.32,-775.27,probability_plus_price
1-5,lane1_target_exhibition_time_diff_bucket x lane1_target_start_exhibition_st_diff_bucket,target_faster_0.10+ | lane1_faster_0.03_0.06,91,13,14.29,9100,13730,4630,150.88,1056.15,6.72,77.68,1155.81,73.2,7.57,-99.66,probability_plus_price
1-5,lane1_target_exhibition_st_rank_pair,3-1,320,41,12.81,32000,47050,15050,147.03,1147.56,6.72,77.68,1155.81,69.35,6.09,-8.25,probability_plus_price
1-5,lane1_exhibition_st_rank_bucket x target_exhibition_st_rank_bucket,3 | 1,320,41,12.81,32000,47050,15050,147.03,1147.56,6.72,77.68,1155.81,69.35,6.09,-8.25,probability_plus_price
1-6,lane1_target_start_gap_pair,0.04-0.06-best,500,33,6.6,50000,73270,23270,146.54,2220.3,4.06,71.41,1760.27,75.13,2.54,460.03,price_distortion
1-6,target_lane x lane1_target_start_gap_pair,6 | 0.04-0.06-best,500,33,6.6,50000,73270,23270,146.54,2220.3,4.06,71.41,1760.27,75.13,2.54,460.03,price_distortion
1-6,lane1_start_exhibition_gap_bucket x target_start_exhibition_gap_bucket,0.04-0.06 | best,500,33,6.6,50000,73270,23270,146.54,2220.3,4.06,71.41,1760.27,75.13,2.54,460.03,price_distortion
1-6,lane1_target_exhibition_st_rank_pair,3-1,262,20,7.63,26200,38370,12170,146.45,1918.5,4.06,71.41,1760.27,75.04,3.57,158.23,price_distortion
1-6,lane1_exhibition_st_rank_bucket x target_exhibition_st_rank_bucket,3 | 1,262,20,7.63,26200,38370,12170,146.45,1918.5,4.06,71.41,1760.27,75.04,3.57,158.23,price_distortion
1-6,lane1_target_start_gap_pair x target_outer_pressure_bucket,0.04-0.06-best | some_other_pressure,75,8,10.67,7500,10820,3320,144.27,1352.5,4.06,71.41,1760.27,72.86,6.61,-407.77,probability_plus_price
1-5,lane1_target_start_gap_pair,best-best,168,18,10.71,16800,24120,7320,143.57,1340.0,6.72,77.68,1155.81,65.89,3.99,184.19,price_distortion
1-5,target_lane x lane1_target_start_gap_pair,5 | best-best,168,18,10.71,16800,24120,7320,143.57,1340.0,6.72,77.68,1155.81,65.89,3.99,184.19,price_distortion
1-5,lane1_start_exhibition_gap_bucket x target_start_exhibition_gap_bucket,best | best,168,18,10.71,16800,24120,7320,143.57,1340.0,6.72,77.68,1155.81,65.89,3.99,184.19,price_distortion
1-5,lane1_target_group_pair x other_a_count_bucket,B-A | 3,214,18,8.41,21400,30480,9080,142.43,1693.33,6.72,77.68,1155.81,64.75,1.69,537.52,price_distortion
1-5,lane1_target_start_gap_pair x target_outer_pressure_bucket,best-0.04-0.06 | low_other_pressure,59,16,27.12,5900,8250,2350,139.83,515.62,6.72,77.68,1155.81,62.15,20.4,-640.19,probability_plus_price
1-5,target_exhibition_st_rank_bucket x other_st_faster_than_target_count_bucket,4+ | 1,480,55,11.46,48000,67030,19030,139.65,1218.73,6.72,77.68,1155.81,61.97,4.74,62.92,mixed_edge
1-5,lane1_target_start_gap_pair x target_outer_pressure_bucket,<=0.03-best | high_other_pressure,490,56,11.43,49000,68350,19350,139.49,1220.54,6.72,77.68,1155.81,61.81,4.71,64.73,mixed_edge
1-5,lane1_target_exhibition_st_rank_pair,1-2,444,63,14.19,44400,61540,17140,138.6,976.83,6.72,77.68,1155.81,60.92,7.47,-178.98,probability_plus_price
1-5,lane1_exhibition_st_rank_bucket x target_exhibition_st_rank_bucket,1 | 2,444,63,14.19,44400,61540,17140,138.6,976.83,6.72,77.68,1155.81,60.92,7.47,-178.98,probability_plus_price
1-5,lane1_target_start_gap_pair,<=0.03-best,627,75,11.96,62700,85760,23060,136.78,1143.47,6.72,77.68,1155.81,59.1,5.24,-12.34,probability_plus_price
1-5,target_lane x lane1_target_start_gap_pair,5 | <=0.03-best,627,75,11.96,62700,85760,23060,136.78,1143.47,6.72,77.68,1155.81,59.1,5.24,-12.34,probability_plus_price
1-5,lane1_start_exhibition_gap_bucket x target_start_exhibition_gap_bucket,<=0.03 | best,627,75,11.96,62700,85760,23060,136.78,1143.47,6.72,77.68,1155.81,59.1,5.24,-12.34,probability_plus_price
1-6,lane1_target_national_rank_pair x target_outer_pressure_bucket,4+-1 | some_other_pressure,220,18,8.18,22000,30020,8020,136.45,1667.78,4.06,71.41,1760.27,65.04,4.12,-92.49,mixed_edge
1-4,lane1_target_start_gap_pair x target_outer_pressure_bucket,best-<=0.03 | some_other_pressure,147,42,28.57,14700,19860,5160,135.1,472.86,10.33,75.47,730.61,59.63,18.24,-257.75,probability_plus_price
1-6,lane1_target_start_gap_pair,<=0.03-best,477,39,8.18,47700,64100,16400,134.38,1643.59,4.06,71.41,1760.27,62.97,4.12,-116.68,mixed_edge
1-6,target_lane x lane1_target_start_gap_pair,6 | <=0.03-best,477,39,8.18,47700,64100,16400,134.38,1643.59,4.06,71.41,1760.27,62.97,4.12,-116.68,mixed_edge
1-6,lane1_start_exhibition_gap_bucket x target_start_exhibition_gap_bucket,<=0.03 | best,477,39,8.18,47700,64100,16400,134.38,1643.59,4.06,71.41,1760.27,62.97,4.12,-116.68,mixed_edge
1-6,target_exhibition_st_rank_bucket,1,1442,105,7.28,144200,192040,47840,133.18,1828.95,4.06,71.41,1760.27,61.77,3.22,68.68,mixed_edge
1-6,target_lane x target_exhibition_st_rank_bucket,6 | 1,1442,105,7.28,144200,192040,47840,133.18,1828.95,4.06,71.41,1760.27,61.77,3.22,68.68,mixed_edge
1-6,target_exhibition_st_rank_bucket x other_st_faster_than_target_count_bucket,1 | 0,1442,105,7.28,144200,192040,47840,133.18,1828.95,4.06,71.41,1760.27,61.77,3.22,68.68,mixed_edge
1-6,lane1_target_group_pair x target_outer_pressure_bucket,A-B | low_other_pressure,46,5,10.87,4600,6090,1490,132.39,1218.0,4.06,71.41,1760.27,60.98,6.81,-542.27,probability_plus_price
1-4,lane1_target_exhibition_st_rank_pair,1-3,806,154,19.11,80600,105890,25290,131.38,687.6,10.33,75.47,730.61,55.91,8.78,-43.01,probability_plus_price
1-4,lane1_exhibition_st_rank_bucket x target_exhibition_st_rank_bucket,1 | 3,806,154,19.11,80600,105890,25290,131.38,687.6,10.33,75.47,730.61,55.91,8.78,-43.01,probability_plus_price
1-6,lane1_target_start_gap_pair x target_outer_pressure_bucket,0.04-0.06-0.04-0.06 | some_other_pressure,67,8,11.94,6700,8800,2100,131.34,1100.0,4.06,71.41,1760.27,59.93,7.88,-660.27,probability_plus_price
1-5,lane1_target_exhibition_time_diff_bucket x lane1_target_start_exhibition_st_diff_bucket,lane1_faster_0.10+ | target_faster_0.03_0.06,213,14,6.57,21300,27900,6600,130.99,1992.86,6.72,77.68,1155.81,53.31,-0.15,837.05,price_distortion
1-3,lane1_target_start_gap_pair x target_outer_pressure_bucket,best-<=0.03 | high_other_pressure,1129,262,23.21,112900,147530,34630,130.67,563.09,15.92,79.12,497.05,51.55,7.29,66.04,probability_plus_price
1-2,lane1_target_start_gap_pair x target_outer_pressure_bucket,best-<=0.03 | some_other_pressure,325,132,40.62,32500,42410,9910,130.49,321.29,18.62,81.17,436.02,49.32,22.0,-114.73,probability_plus_price
1-4,lane1_target_start_gap_pair x target_outer_pressure_bucket,best-<=0.03 | high_other_pressure,754,121,16.05,75400,98090,22690,130.09,810.66,10.33,75.47,730.61,54.62,5.72,80.05,price_distortion
1-6,lane1_target_start_gap_pair x target_outer_pressure_bucket,best-0.04-0.06 | low_other_pressure,62,8,12.9,6200,8030,1830,129.52,1003.75,4.06,71.41,1760.27,58.11,8.84,-756.52,probability_plus_price
1-3,lane1_target_exhibition_st_rank_pair,1-3,1636,406,24.82,163600,211310,47710,129.16,520.47,15.92,79.12,497.05,50.04,8.9,23.42,probability_plus_price
1-3,lane1_exhibition_st_rank_bucket x target_exhibition_st_rank_bucket,1 | 3,1636,406,24.82,163600,211310,47710,129.16,520.47,15.92,79.12,497.05,50.04,8.9,23.42,probability_plus_price
1-3,lane1_target_start_gap_pair x target_outer_pressure_bucket,best-0.04-0.06 | low_other_pressure,73,27,36.99,7300,9300,2000,127.4,344.44,15.92,79.12,497.05,48.28,21.07,-152.61,probability_plus_price
1-3,lane1_target_exhibition_st_rank_pair,1-2,1132,310,27.39,113200,143850,30650,127.08,464.03,15.92,79.12,497.05,47.96,11.47,-33.02,probability_plus_price
1-3,lane1_exhibition_st_rank_bucket x target_exhibition_st_rank_bucket,1 | 2,1132,310,27.39,113200,143850,30650,127.08,464.03,15.92,79.12,497.05,47.96,11.47,-33.02,probability_plus_price
1-4,lane1_target_start_gap_pair,best-<=0.03,961,174,18.11,96100,122060,25960,127.01,701.49,10.33,75.47,730.61,51.54,7.78,-29.12,probability_plus_price
1-4,target_lane x lane1_target_start_gap_pair,4 | best-<=0.03,961,174,18.11,96100,122060,25960,127.01,701.49,10.33,75.47,730.61,51.54,7.78,-29.12,probability_plus_price
1-4,lane1_start_exhibition_gap_bucket x target_start_exhibition_gap_bucket,best | <=0.03,961,174,18.11,96100,122060,25960,127.01,701.49,10.33,75.47,730.61,51.54,7.78,-29.12,probability_plus_price
1-6,lane1_target_start_gap_pair x target_outer_pressure_bucket,best->0.06 | low_other_pressure,131,19,14.5,13100,16610,3510,126.79,874.21,4.06,71.41,1760.27,55.38,10.44,-886.06,probability_plus_price
1-2,lane1_target_start_gap_pair x target_outer_pressure_bucket,best-best | high_other_pressure,266,72,27.07,26600,33710,7110,126.73,468.19,18.62,81.17,436.02,45.56,8.45,32.17,probability_plus_price
1-5,lane1_target_exhibition_time_diff_bucket x lane1_target_start_exhibition_st_diff_bucket,lane1_faster_0.05_0.10 | near_equal,742,58,7.82,74200,93710,19510,126.29,1615.69,6.72,77.68,1155.81,48.61,1.1,459.88,price_distortion
1-6,target_class_group x target_outer_pressure_bucket,B | some_other_pressure,347,28,8.07,34700,43690,8990,125.91,1560.36,4.06,71.41,1760.27,54.5,4.01,-199.91,mixed_edge
1-4,lane1_target_exhibition_time_diff_bucket x lane1_target_start_exhibition_st_diff_bucket,lane1_faster_0.10+ | near_equal,532,72,13.53,53200,66600,13400,125.19,925.0,10.33,75.47,730.61,49.72,3.2,194.39,price_distortion
1-5,lane1_target_start_gap_pair x target_outer_pressure_bucket,best-0.04-0.06 | some_other_pressure,129,25,19.38,12900,16150,3250,125.19,646.0,6.72,77.68,1155.81,47.51,12.66,-509.81,probability_plus_price
1-6,lane1_target_start_gap_pair x target_outer_pressure_bucket,<=0.03-best | high_other_pressure,372,22,5.91,37200,46530,9330,125.08,2115.0,4.06,71.41,1760.27,53.67,1.85,354.73,price_distortion
1-5,grade_group,SG,72,6,8.33,7200,8970,1770,124.58,1495.0,6.72,77.68,1155.81,46.9,1.61,339.19,price_distortion
1-2,lane1_target_start_gap_pair x target_outer_pressure_bucket,<=0.03-0.04-0.06 | some_other_pressure,116,36,31.03,11600,14440,2840,124.48,401.11,18.62,81.17,436.02,43.31,12.41,-34.91,probability_plus_price
1-5,target_exhibition_st_rank_bucket x other_st_faster_than_target_count_bucket,3 | 0,219,29,13.24,21900,27260,5360,124.47,940.0,6.72,77.68,1155.81,46.79,6.52,-215.81,probability_plus_price
1-3,lane1_target_start_gap_pair,best-<=0.03,1432,356,24.86,143200,177980,34780,124.29,499.94,15.92,79.12,497.05,45.17,8.94,2.89,probability_plus_price
1-3,target_lane x lane1_target_start_gap_pair,3 | best-<=0.03,1432,356,24.86,143200,177980,34780,124.29,499.94,15.92,79.12,497.05,45.17,8.94,2.89,probability_plus_price
1-3,lane1_start_exhibition_gap_bucket x target_start_exhibition_gap_bucket,best | <=0.03,1432,356,24.86,143200,177980,34780,124.29,499.94,15.92,79.12,497.05,45.17,8.94,2.89,probability_plus_price
1-6,lane1_target_start_gap_pair,best-<=0.03,661,55,8.32,66100,81950,15850,123.98,1490.0,4.06,71.41,1760.27,52.57,4.26,-270.27,mixed_edge
1-6,target_lane x lane1_target_start_gap_pair,6 | best-<=0.03,661,55,8.32,66100,81950,15850,123.98,1490.0,4.06,71.41,1760.27,52.57,4.26,-270.27,mixed_edge
1-6,lane1_start_exhibition_gap_bucket x target_start_exhibition_gap_bucket,best | <=0.03,661,55,8.32,66100,81950,15850,123.98,1490.0,4.06,71.41,1760.27,52.57,4.26,-270.27,mixed_edge
1-2,lane1_target_exhibition_st_rank_pair,1-2,2032,604,29.72,203200,251470,48270,123.75,416.34,18.62,81.17,436.02,42.58,11.1,-19.68,probability_plus_price
1-2,lane1_exhibition_st_rank_bucket x target_exhibition_st_rank_bucket,1 | 2,2032,604,29.72,203200,251470,48270,123.75,416.34,18.62,81.17,436.02,42.58,11.1,-19.68,probability_plus_price
1-2,target_exhibition_st_rank_bucket x other_st_faster_than_target_count_bucket,2 | 0,2032,604,29.72,203200,251470,48270,123.75,416.34,18.62,81.17,436.02,42.58,11.1,-19.68,probability_plus_price
1-3,lane1_target_start_gap_pair x target_outer_pressure_bucket,best-best | high_other_pressure,230,50,21.74,23000,28460,5460,123.74,569.2,15.92,79.12,497.05,44.62,5.82,72.15,probability_plus_price
1-2,lane1_target_start_gap_pair x target_outer_pressure_bucket,best-0.04-0.06 | some_other_pressure,219,79,36.07,21900,27070,5170,123.61,342.66,18.62,81.17,436.02,42.44,17.45,-93.36,probability_plus_price
1-2,lane1_target_start_gap_pair x target_outer_pressure_bucket,best-<=0.03 | high_other_pressure,1220,310,25.41,122000,150260,28260,123.16,484.71,18.62,81.17,436.02,41.99,6.79,48.69,probability_plus_price
1-3,lane1_target_start_gap_pair x target_outer_pressure_bucket,best->0.06 | some_other_pressure,196,65,33.16,19600,24070,4470,122.81,370.31,15.92,79.12,497.05,43.69,17.24,-126.74,probability_plus_price
1-3,lane1_target_start_gap_pair x target_outer_pressure_bucket,best-0.04-0.06 | some_other_pressure,222,74,33.33,22200,27200,5000,122.52,367.57,15.92,79.12,497.05,43.4,17.41,-129.48,probability_plus_price
1-3,lane1_target_exhibition_st_rank_pair,2-1,568,151,26.58,56800,69490,12690,122.34,460.2,15.92,79.12,497.05,43.22,10.66,-36.85,probability_plus_price
1-3,lane1_exhibition_st_rank_bucket x target_exhibition_st_rank_bucket,2 | 1,568,151,26.58,56800,69490,12690,122.34,460.2,15.92,79.12,497.05,43.22,10.66,-36.85,probability_plus_price
1-6,lane1_target_exhibition_st_rank_pair,2-3,224,17,7.59,22400,27200,4800,121.43,1600.0,4.06,71.41,1760.27,50.02,3.53,-160.27,mixed_edge
1-6,lane1_exhibition_st_rank_bucket x target_exhibition_st_rank_bucket,2 | 3,224,17,7.59,22400,27200,4800,121.43,1600.0,4.06,71.41,1760.27,50.02,3.53,-160.27,mixed_edge
1-2,lane1_target_start_gap_pair,best-<=0.03,1678,482,28.72,167800,203220,35420,121.11,421.62,18.62,81.17,436.02,39.94,10.1,-14.4,probability_plus_price
1-2,target_lane x lane1_target_start_gap_pair,2 | best-<=0.03,1678,482,28.72,167800,203220,35420,121.11,421.62,18.62,81.17,436.02,39.94,10.1,-14.4,probability_plus_price
1-2,lane1_start_exhibition_gap_bucket x target_start_exhibition_gap_bucket,best | <=0.03,1678,482,28.72,167800,203220,35420,121.11,421.62,18.62,81.17,436.02,39.94,10.1,-14.4,probability_plus_price
1-4,target_exhibition_st_rank_bucket x other_st_faster_than_target_count_bucket,4+ | 1,404,63,15.59,40400,48900,8500,121.04,776.19,10.33,75.47,730.61,45.57,5.26,45.58,probability_plus_price
1-3,lane1_target_start_gap_pair x target_outer_pressure_bucket,<=0.03-best | high_other_pressure,702,161,22.93,70200,84910,14710,120.95,527.39,15.92,79.12,497.05,41.83,7.01,30.34,probability_plus_price
1-3,target_exhibition_st_rank_bucket x other_st_faster_than_target_count_bucket,2 | 0,1330,347,26.09,133000,160730,27730,120.85,463.2,15.92,79.12,497.05,41.73,10.17,-33.85,probability_plus_price
1-6,lane1_target_start_gap_pair x target_outer_pressure_bucket,best-<=0.03 | high_other_pressure,533,38,7.13,53300,64340,11040,120.71,1693.16,4.06,71.41,1760.27,49.3,3.07,-67.11,mixed_edge
1-6,target_exhibition_st_rank_bucket x other_st_faster_than_target_count_bucket,3 | 0,224,14,6.25,22400,27000,4600,120.54,1928.57,4.06,71.41,1760.27,49.13,2.19,168.3,price_distortion
1-6,lane1_target_start_gap_pair x target_outer_pressure_bucket,0.04-0.06->0.06 | low_other_pressure,40,3,7.5,4000,4810,810,120.25,1603.33,4.06,71.41,1760.27,48.84,3.44,-156.94,mixed_edge
1-2,lane1_target_exhibition_time_diff_bucket x lane1_target_start_exhibition_st_diff_bucket,target_faster_0.10+ | lane1_faster_0.03_0.06,159,38,23.9,15900,19110,3210,120.19,502.89,18.62,81.17,436.02,39.02,5.28,66.87,probability_plus_price
1-3,lane1_target_start_gap_pair x target_outer_pressure_bucket,<=0.03-best | some_other_pressure,157,43,27.39,15700,18870,3170,120.19,438.84,15.92,79.12,497.05,41.07,11.47,-58.21,probability_plus_price
1-2,lane1_target_start_gap_pair,best-best,381,110,28.87,38100,45690,7590,119.92,415.36,18.62,81.17,436.02,38.75,10.25,-20.66,probability_plus_price
1-2,target_lane x lane1_target_start_gap_pair,2 | best-best,381,110,28.87,38100,45690,7590,119.92,415.36,18.62,81.17,436.02,38.75,10.25,-20.66,probability_plus_price
1-2,lane1_start_exhibition_gap_bucket x target_start_exhibition_gap_bucket,best | best,381,110,28.87,38100,45690,7590,119.92,415.36,18.62,81.17,436.02,38.75,10.25,-20.66,probability_plus_price
1-6,other_st_faster_than_target_count_bucket,0,2659,187,7.03,265900,317340,51440,119.35,1697.01,4.06,71.41,1760.27,47.94,2.97,-63.26,mixed_edge
1-3,target_exhibition_st_rank_bucket x other_st_faster_than_target_count_bucket,3 | 0,337,84,24.93,33700,40220,6520,119.35,478.81,15.92,79.12,497.05,40.23,9.01,-18.24,probability_plus_price
1-6,target_start_exhibition_gap_bucket,best,2012,137,6.81,201200,239870,38670,119.22,1750.88,4.06,71.41,1760.27,47.81,2.75,-9.39,mixed_edge
1-6,target_lane x target_start_exhibition_gap_bucket,6 | best,2012,137,6.81,201200,239870,38670,119.22,1750.88,4.06,71.41,1760.27,47.81,2.75,-9.39,mixed_edge
1-5,target_class_group x target_outer_pressure_bucket,B | low_other_pressure,76,17,22.37,7600,9050,1450,119.08,532.35,6.72,77.68,1155.81,41.4,15.65,-623.46,probability_plus_price
1-4,lane1_target_group_pair x other_a_count_bucket,A-B | 4,134,14,10.45,13400,15890,2490,118.58,1135.0,10.33,75.47,730.61,43.11,0.12,404.39,price_distortion
1-4,lane1_target_start_gap_pair x target_outer_pressure_bucket,<=0.03-0.04-0.06 | low_other_pressure,32,8,25.0,3200,3790,590,118.44,473.75,10.33,75.47,730.61,42.97,14.67,-256.86,probability_plus_price
1-4,lane1_target_start_gap_pair,0.04-0.06-<=0.03,651,81,12.44,65100,77020,11920,118.31,950.86,10.33,75.47,730.61,42.84,2.11,220.25,price_distortion
1-4,target_lane x lane1_target_start_gap_pair,4 | 0.04-0.06-<=0.03,651,81,12.44,65100,77020,11920,118.31,950.86,10.33,75.47,730.61,42.84,2.11,220.25,price_distortion
1-4,lane1_start_exhibition_gap_bucket x target_start_exhibition_gap_bucket,0.04-0.06 | <=0.03,651,81,12.44,65100,77020,11920,118.31,950.86,10.33,75.47,730.61,42.84,2.11,220.25,price_distortion
1-3,lane1_target_start_gap_pair,best-0.04-0.06,1390,329,23.67,139000,163770,24770,117.82,497.78,15.92,79.12,497.05,38.7,7.75,0.73,probability_plus_price
1-3,target_lane x lane1_target_start_gap_pair,3 | best-0.04-0.06,1390,329,23.67,139000,163770,24770,117.82,497.78,15.92,79.12,497.05,38.7,7.75,0.73,probability_plus_price
1-3,lane1_start_exhibition_gap_bucket x target_start_exhibition_gap_bucket,best | 0.04-0.06,1390,329,23.67,139000,163770,24770,117.82,497.78,15.92,79.12,497.05,38.7,7.75,0.73,probability_plus_price
1-3,lane1_target_start_gap_pair,<=0.03-best,927,222,23.95,92700,109180,16480,117.78,491.8,15.92,79.12,497.05,38.66,8.03,-5.25,probability_plus_price
1-3,target_lane x lane1_target_start_gap_pair,3 | <=0.03-best,927,222,23.95,92700,109180,16480,117.78,491.8,15.92,79.12,497.05,38.66,8.03,-5.25,probability_plus_price
1-3,lane1_start_exhibition_gap_bucket x target_start_exhibition_gap_bucket,<=0.03 | best,927,222,23.95,92700,109180,16480,117.78,491.8,15.92,79.12,497.05,38.66,8.03,-5.25,probability_plus_price
1-2,lane1_target_exhibition_st_rank_pair,1-3,1047,275,26.27,104700,123210,18510,117.68,448.04,18.62,81.17,436.02,36.51,7.65,12.02,probability_plus_price
1-2,lane1_exhibition_st_rank_bucket x target_exhibition_st_rank_bucket,1 | 3,1047,275,26.27,104700,123210,18510,117.68,448.04,18.62,81.17,436.02,36.51,7.65,12.02,probability_plus_price
1-5,lane1_target_exhibition_st_rank_pair,2-1,343,36,10.5,34300,40360,6060,117.67,1121.11,6.72,77.68,1155.81,39.99,3.78,-34.7,mixed_edge
1-5,lane1_exhibition_st_rank_bucket x target_exhibition_st_rank_bucket,2 | 1,343,36,10.5,34300,40360,6060,117.67,1121.11,6.72,77.68,1155.81,39.99,3.78,-34.7,mixed_edge
1-2,lane1_target_start_gap_pair x target_outer_pressure_bucket,0.04-0.06-<=0.03 | low_other_pressure,51,16,31.37,5100,5990,890,117.45,374.38,18.62,81.17,436.02,36.28,12.75,-61.64,probability_plus_price
1-3,lane1_target_start_gap_pair,best-best,312,76,24.36,31200,36520,5320,117.05,480.53,15.92,79.12,497.05,37.93,8.44,-16.52,probability_plus_price
1-3,target_lane x lane1_target_start_gap_pair,3 | best-best,312,76,24.36,31200,36520,5320,117.05,480.53,15.92,79.12,497.05,37.93,8.44,-16.52,probability_plus_price
1-3,lane1_start_exhibition_gap_bucket x target_start_exhibition_gap_bucket,best | best,312,76,24.36,31200,36520,5320,117.05,480.53,15.92,79.12,497.05,37.93,8.44,-16.52,probability_plus_price
1-6,lane1_target_start_gap_pair x target_outer_pressure_bucket,best-<=0.03 | some_other_pressure,94,8,8.51,9400,10990,1590,116.91,1373.75,4.06,71.41,1760.27,45.5,4.45,-386.52,mixed_edge
1-3,lane1_target_exhibition_time_diff_bucket x lane1_target_start_exhibition_st_diff_bucket,target_faster_0.05_0.10 | lane1_faster_0.06+,289,58,20.07,28900,33690,4790,116.57,580.86,15.92,79.12,497.05,37.45,4.15,83.81,price_distortion
1-3,lane1_target_start_gap_pair x target_outer_pressure_bucket,best-0.04-0.06 | high_other_pressure,1095,228,20.82,109500,127270,17770,116.23,558.2,15.92,79.12,497.05,37.11,4.9,61.15,mixed_edge
1-6,target_exhibition_st_rank_bucket x other_st_faster_than_target_count_bucket,2 | 1,760,40,5.26,76000,87910,11910,115.67,2197.75,4.06,71.41,1760.27,44.26,1.2,437.48,price_distortion
1-4,lane1_target_start_gap_pair x target_outer_pressure_bucket,0.04-0.06-<=0.03 | high_other_pressure,525,54,10.29,52500,60710,8210,115.64,1124.26,10.33,75.47,730.61,40.17,-0.04,393.65,price_distortion
1-6,target_exhibition_st_rank_bucket,2,1476,101,6.84,147600,170600,23000,115.58,1689.11,4.06,71.41,1760.27,44.17,2.78,-71.16,mixed_edge
1-6,target_lane x target_exhibition_st_rank_bucket,6 | 2,1476,101,6.84,147600,170600,23000,115.58,1689.11,4.06,71.41,1760.27,44.17,2.78,-71.16,mixed_edge
1-4,lane1_target_exhibition_time_diff_bucket x lane1_target_start_exhibition_st_diff_bucket,target_faster_0.05_0.10 | lane1_faster_0.03_0.06,230,38,16.52,23000,26570,3570,115.52,699.21,10.33,75.47,730.61,40.05,6.19,-31.4,probability_plus_price
1-6,target_exhibition_st_rank_bucket x other_st_faster_than_target_count_bucket,2 | 0,716,61,8.52,71600,82690,11090,115.49,1355.57,4.06,71.41,1760.27,44.08,4.46,-404.7,mixed_edge
1-4,lane1_target_exhibition_st_rank_pair,1-2,642,125,19.47,64200,74050,9850,115.34,592.4,10.33,75.47,730.61,39.87,9.14,-138.21,probability_plus_price
1-4,lane1_exhibition_st_rank_bucket x target_exhibition_st_rank_bucket,1 | 2,642,125,19.47,64200,74050,9850,115.34,592.4,10.33,75.47,730.61,39.87,9.14,-138.21,probability_plus_price
1-5,target_exhibition_st_rank_bucket x other_st_faster_than_target_count_bucket,2 | 0,825,93,11.27,82500,94910,12410,115.04,1020.54,6.72,77.68,1155.81,37.36,4.55,-135.27,mixed_edge
1-4,lane1_target_start_gap_pair x target_outer_pressure_bucket,best-best | some_other_pressure,33,8,24.24,3300,3790,490,114.85,473.75,10.33,75.47,730.61,39.38,13.91,-256.86,probability_plus_price
1-6,lane1_target_class_pair,B2-A1,56,6,10.71,5600,6400,800,114.29,1066.67,4.06,71.41,1760.27,42.88,6.65,-693.6,probability_plus_price
1-5,lane1_target_start_gap_pair x target_outer_pressure_bucket,0.04-0.06-best | low_other_pressure,45,9,20.0,4500,5140,640,114.22,571.11,6.72,77.68,1155.81,36.54,13.28,-584.7,probability_plus_price
1-5,lane1_target_exhibition_st_rank_pair,3-2,455,44,9.67,45500,51960,6460,114.2,1180.91,6.72,77.68,1155.81,36.52,2.95,25.1,mixed_edge
1-5,lane1_exhibition_st_rank_bucket x target_exhibition_st_rank_bucket,3 | 2,455,44,9.67,45500,51960,6460,114.2,1180.91,6.72,77.68,1155.81,36.52,2.95,25.1,mixed_edge
1-6,target_exhibition_st_rank_bucket x other_st_faster_than_target_count_bucket,3 | 1,838,50,5.97,83800,95600,11800,114.08,1912.0,4.06,71.41,1760.27,42.67,1.91,151.73,price_distortion
1-5,lane1_target_start_gap_pair x target_outer_pressure_bucket,best-<=0.03 | high_other_pressure,637,60,9.42,63700,72670,8970,114.08,1211.17,6.72,77.68,1155.81,36.4,2.7,55.36,mixed_edge
1-6,lane1_target_group_pair x target_outer_pressure_bucket,B-A | low_other_pressure,281,31,11.03,28100,31980,3880,113.81,1031.61,4.06,71.41,1760.27,42.4,6.97,-728.66,probability_plus_price
1-6,lane1_target_national_rank_pair,4+-1,1029,81,7.87,102900,117060,14160,113.76,1445.19,4.06,71.41,1760.27,42.35,3.81,-315.08,mixed_edge
1-6,target_lane x lane1_target_national_rank_pair,6 | 4+-1,1029,81,7.87,102900,117060,14160,113.76,1445.19,4.06,71.41,1760.27,42.35,3.81,-315.08,mixed_edge
1-6,lane1_target_start_exhibition_st_diff_bucket,target_faster_0.03_0.06,1347,66,4.9,134700,153180,18480,113.72,2320.91,4.06,71.41,1760.27,42.31,0.84,560.64,price_distortion
1-6,lane1_target_national_rank_pair x target_outer_pressure_bucket,4+-1 | high_other_pressure,523,40,7.65,52300,59210,6910,113.21,1480.25,4.06,71.41,1760.27,41.8,3.59,-280.02,mixed_edge
1-5,lane1_target_exhibition_time_diff_bucket x lane1_target_start_exhibition_st_diff_bucket,target_faster_0.05_0.10 | target_faster_0.03_0.06,187,11,5.88,18700,21150,2450,113.1,1922.73,6.72,77.68,1155.81,35.42,-0.84,766.92,price_distortion
1-3,lane1_target_start_gap_pair x target_outer_pressure_bucket,best-<=0.03 | some_other_pressure,222,73,32.88,22200,24910,2710,112.21,341.23,15.92,79.12,497.05,33.09,16.96,-155.82,probability_plus_price
1-3,lane1_exhibition_st_rank_bucket,1,4578,1018,22.24,457800,512560,54760,111.96,503.5,15.92,79.12,497.05,32.84,6.32,6.45,probability_plus_price
1-3,lane1_start_exhibition_gap_bucket,best,4578,1018,22.24,457800,512560,54760,111.96,503.5,15.92,79.12,497.05,32.84,6.32,6.45,probability_plus_price
1-3,target_exhibition_st_rank_bucket x other_st_faster_than_target_count_bucket,3 | 1,2087,456,21.85,208700,233630,24930,111.95,512.35,15.92,79.12,497.05,32.83,5.93,15.3,probability_plus_price
1-6,stadium_code,12,611,34,5.56,61100,68360,7260,111.88,2010.59,4.06,71.41,1760.27,40.47,1.5,250.32,price_distortion
1-6,stadium_code x target_lane,12 | 6,611,34,5.56,61100,68360,7260,111.88,2010.59,4.06,71.41,1760.27,40.47,1.5,250.32,price_distortion
1-4,lane1_target_start_gap_pair x target_outer_pressure_bucket,best-0.04-0.06 | some_other_pressure,163,34,20.86,16300,18200,1900,111.66,535.29,10.33,75.47,730.61,36.19,10.53,-195.32,probability_plus_price
1-6,lane1_target_national_rank_pair x target_outer_pressure_bucket,4+-2 | high_other_pressure,474,19,4.01,47400,52850,5450,111.5,2781.58,4.06,71.41,1760.27,40.09,-0.05,1021.31,price_distortion
1-2,grade_group,SG,72,20,27.78,7200,8020,820,111.39,401.0,18.62,81.17,436.02,30.22,9.16,-35.02,probability_plus_price
1-6,stadium_code,09,650,29,4.46,65000,72280,7280,111.2,2492.41,4.06,71.41,1760.27,39.79,0.4,732.14,price_distortion
1-6,stadium_code x target_lane,09 | 6,650,29,4.46,65000,72280,7280,111.2,2492.41,4.06,71.41,1760.27,39.79,0.4,732.14,price_distortion
1-2,target_exhibition_st_rank_bucket,2,3070,792,25.8,307000,338070,31070,110.12,426.86,18.62,81.17,436.02,28.95,7.18,-9.16,probability_plus_price
1-2,target_lane x target_exhibition_st_rank_bucket,2 | 2,3070,792,25.8,307000,338070,31070,110.12,426.86,18.62,81.17,436.02,28.95,7.18,-9.16,probability_plus_price
1-3,lane1_target_group_pair x other_a_count_bucket,A-B | 4,127,24,18.9,12700,13950,1250,109.84,581.25,15.92,79.12,497.05,30.72,2.98,84.2,price_distortion
1-4,lane1_target_start_gap_pair x target_outer_pressure_bucket,best-0.04-0.06 | high_other_pressure,903,138,15.28,90300,99170,8870,109.82,718.62,10.33,75.47,730.61,34.35,4.95,-11.99,mixed_edge
1-6,lane1_target_exhibition_st_rank_pair,4+-1,850,48,5.65,85000,93320,8320,109.79,1944.17,4.06,71.41,1760.27,38.38,1.59,183.9,price_distortion
1-6,lane1_exhibition_st_rank_bucket x target_exhibition_st_rank_bucket,4+ | 1,850,48,5.65,85000,93320,8320,109.79,1944.17,4.06,71.41,1760.27,38.38,1.59,183.9,price_distortion
1-5,lane1_target_start_gap_pair x target_outer_pressure_bucket,0.04-0.06-<=0.03 | high_other_pressure,568,39,6.87,56800,62290,5490,109.67,1597.18,6.72,77.68,1155.81,31.99,0.15,441.37,price_distortion
1-2,lane1_target_start_gap_pair x target_outer_pressure_bucket,0.04-0.06-best | high_other_pressure,332,66,19.88,33200,36370,3170,109.55,551.06,18.62,81.17,436.02,28.38,1.26,115.04,price_distortion
1-5,lane1_target_start_gap_pair,best-0.04-0.06,1105,123,11.13,110500,120920,10420,109.43,983.09,6.72,77.68,1155.81,31.75,4.41,-172.72,mixed_edge
1-5,target_lane x lane1_target_start_gap_pair,5 | best-0.04-0.06,1105,123,11.13,110500,120920,10420,109.43,983.09,6.72,77.68,1155.81,31.75,4.41,-172.72,mixed_edge
1-5,lane1_start_exhibition_gap_bucket x target_start_exhibition_gap_bucket,best | 0.04-0.06,1105,123,11.13,110500,120920,10420,109.43,983.09,6.72,77.68,1155.81,31.75,4.41,-172.72,mixed_edge
1-6,lane1_target_start_gap_pair x target_outer_pressure_bucket,>0.06-0.04-0.06 | low_other_pressure,33,4,12.12,3300,3610,310,109.39,902.5,4.06,71.41,1760.27,37.98,8.06,-857.77,probability_plus_price
1-5,lane1_target_start_gap_pair x target_outer_pressure_bucket,<=0.03-0.04-0.06 | some_other_pressure,73,11,15.07,7300,7970,670,109.18,724.55,6.72,77.68,1155.81,31.5,8.35,-431.26,probability_plus_price
1-2,lane1_target_start_gap_pair,best-0.04-0.06,1333,338,25.36,133300,145520,12220,109.17,430.53,18.62,81.17,436.02,28.0,6.74,-5.49,probability_plus_price
1-2,target_lane x lane1_target_start_gap_pair,2 | best-0.04-0.06,1333,338,25.36,133300,145520,12220,109.17,430.53,18.62,81.17,436.02,28.0,6.74,-5.49,probability_plus_price
1-2,lane1_start_exhibition_gap_bucket x target_start_exhibition_gap_bucket,best | 0.04-0.06,1333,338,25.36,133300,145520,12220,109.17,430.53,18.62,81.17,436.02,28.0,6.74,-5.49,probability_plus_price
1-4,lane1_target_start_gap_pair,best-0.04-0.06,1117,184,16.47,111700,121930,10230,109.16,662.66,10.33,75.47,730.61,33.69,6.14,-67.95,probability_plus_price
1-4,target_lane x lane1_target_start_gap_pair,4 | best-0.04-0.06,1117,184,16.47,111700,121930,10230,109.16,662.66,10.33,75.47,730.61,33.69,6.14,-67.95,probability_plus_price
1-4,lane1_start_exhibition_gap_bucket x target_start_exhibition_gap_bucket,best | 0.04-0.06,1117,184,16.47,111700,121930,10230,109.16,662.66,10.33,75.47,730.61,33.69,6.14,-67.95,probability_plus_price
1-2,lane1_target_group_pair x target_outer_pressure_bucket,A-B | some_other_pressure,392,137,34.95,39200,42740,3540,109.03,311.97,18.62,81.17,436.02,27.86,16.33,-124.05,probability_plus_price
1-5,other_group_pattern,A-B-B-B,817,70,8.57,81700,89060,7360,109.01,1272.29,6.72,77.68,1155.81,31.33,1.85,116.48,price_distortion
1-4,lane1_target_exhibition_time_diff_bucket x lane1_target_start_exhibition_st_diff_bucket,near_equal | lane1_faster_0.03_0.06,995,143,14.37,99500,108370,8870,108.91,757.83,10.33,75.47,730.61,33.44,4.04,27.22,mixed_edge
1-6,target_class_group x target_outer_pressure_bucket,A | low_other_pressure,694,91,13.11,69400,75500,6100,108.79,829.67,4.06,71.41,1760.27,37.38,9.05,-930.6,probability_plus_price
1-4,target_exhibition_st_rank_bucket x other_st_faster_than_target_count_bucket,3 | 0,230,42,18.26,23000,24990,1990,108.65,595.0,10.33,75.47,730.61,33.18,7.93,-135.61,probability_plus_price
1-6,lane1_target_exhibition_time_diff_bucket x lane1_target_start_exhibition_st_diff_bucket,target_faster_0.10+ | lane1_faster_0.06+,249,14,5.62,24900,27050,2150,108.63,1932.14,4.06,71.41,1760.27,37.22,1.56,171.87,price_distortion
1-2,lane1_exhibition_st_rank_bucket,1,4578,1171,25.58,457800,497010,39210,108.56,424.43,18.62,81.17,436.02,27.39,6.96,-11.59,probability_plus_price
1-2,lane1_start_exhibition_gap_bucket,best,4578,1171,25.58,457800,497010,39210,108.56,424.43,18.62,81.17,436.02,27.39,6.96,-11.59,probability_plus_price
1-5,lane1_target_start_gap_pair,best-<=0.03,810,87,10.74,81000,87840,6840,108.44,1009.66,6.72,77.68,1155.81,30.76,4.02,-146.15,mixed_edge
1-5,target_lane x lane1_target_start_gap_pair,5 | best-<=0.03,810,87,10.74,81000,87840,6840,108.44,1009.66,6.72,77.68,1155.81,30.76,4.02,-146.15,mixed_edge
1-5,lane1_start_exhibition_gap_bucket x target_start_exhibition_gap_bucket,best | <=0.03,810,87,10.74,81000,87840,6840,108.44,1009.66,6.72,77.68,1155.81,30.76,4.02,-146.15,mixed_edge
1-6,other_group_pattern,B-B-A-B,1010,68,6.73,101000,109480,8480,108.4,1610.0,4.06,71.41,1760.27,36.99,2.67,-150.27,mixed_edge
1-5,stadium_code,11,468,37,7.91,46800,50680,3880,108.29,1369.73,6.72,77.68,1155.81,30.61,1.19,213.92,price_distortion
1-5,stadium_code x target_lane,11 | 5,468,37,7.91,46800,50680,3880,108.29,1369.73,6.72,77.68,1155.81,30.61,1.19,213.92,price_distortion
1-5,lane1_boat_rank_bucket,2,2358,185,7.85,235800,255300,19500,108.27,1380.0,6.72,77.68,1155.81,30.59,1.13,224.19,price_distortion
1-3,lane1_target_group_pair x other_a_count_bucket,B-A | 4,34,7,20.59,3400,3680,280,108.24,525.71,15.92,79.12,497.05,29.12,4.67,28.66,mixed_edge
1-6,lane1_target_national_rank_pair,4+-2,877,40,4.56,87700,94740,7040,108.03,2368.5,4.06,71.41,1760.27,36.62,0.5,608.23,price_distortion
1-6,target_lane x lane1_target_national_rank_pair,6 | 4+-2,877,40,4.56,87700,94740,7040,108.03,2368.5,4.06,71.41,1760.27,36.62,0.5,608.23,price_distortion
1-5,lane1_target_exhibition_st_rank_pair,1-3,612,74,12.09,61200,66010,4810,107.86,892.03,6.72,77.68,1155.81,30.18,5.37,-263.78,probability_plus_price
1-5,lane1_exhibition_st_rank_bucket x target_exhibition_st_rank_bucket,1 | 3,612,74,12.09,61200,66010,4810,107.86,892.03,6.72,77.68,1155.81,30.18,5.37,-263.78,probability_plus_price
1-6,target_outer_pressure_bucket,low_other_pressure,777,97,12.48,77700,83790,6090,107.84,863.81,4.06,71.41,1760.27,36.43,8.42,-896.46,probability_plus_price
1-6,target_lane x target_outer_pressure_bucket,6 | low_other_pressure,777,97,12.48,77700,83790,6090,107.84,863.81,4.06,71.41,1760.27,36.43,8.42,-896.46,probability_plus_price
1-5,other_group_pattern,A-A-B-A,589,38,6.45,58900,63350,4450,107.56,1667.11,6.72,77.68,1155.81,29.88,-0.27,511.3,price_distortion
1-5,target_exhibition_st_rank_bucket x other_st_faster_than_target_count_bucket,4+ | 0,49,7,14.29,4900,5270,370,107.55,752.86,6.72,77.68,1155.81,29.87,7.57,-402.95,probability_plus_price
1-2,lane1_target_start_gap_pair x target_outer_pressure_bucket,best-best | some_other_pressure,69,22,31.88,6900,7420,520,107.54,337.27,18.62,81.17,436.02,26.37,13.26,-98.75,probability_plus_price
1-2,lane1_target_exhibition_st_rank_pair,2-1,688,186,27.03,68800,73830,5030,107.31,396.94,18.62,81.17,436.02,26.14,8.41,-39.08,probability_plus_price
1-2,lane1_exhibition_st_rank_bucket x target_exhibition_st_rank_bucket,2 | 1,688,186,27.03,68800,73830,5030,107.31,396.94,18.62,81.17,436.02,26.14,8.41,-39.08,probability_plus_price
1-2,lane1_target_start_gap_pair x target_outer_pressure_bucket,best-0.04-0.06 | high_other_pressure,1022,225,22.02,102200,109540,7340,107.18,486.84,18.62,81.17,436.02,26.01,3.4,50.82,mixed_edge
1-6,lane1_target_exhibition_time_diff_bucket x lane1_target_start_exhibition_st_diff_bucket,lane1_faster_0.10+ | target_faster_0.06+,285,16,5.61,28500,30470,1970,106.91,1904.38,4.06,71.41,1760.27,35.5,1.55,144.11,price_distortion
1-6,lane1_target_exhibition_st_rank_pair,1-3,477,28,5.87,47700,50870,3170,106.65,1816.79,4.06,71.41,1760.27,35.24,1.81,56.52,mixed_edge
1-6,lane1_exhibition_st_rank_bucket x target_exhibition_st_rank_bucket,1 | 3,477,28,5.87,47700,50870,3170,106.65,1816.79,4.06,71.41,1760.27,35.24,1.81,56.52,mixed_edge
1-4,lane1_target_exhibition_time_diff_bucket x lane1_target_start_exhibition_st_diff_bucket,target_faster_0.10+ | lane1_faster_0.03_0.06,104,11,10.58,10400,11090,690,106.63,1008.18,10.33,75.47,730.61,31.16,0.25,277.57,price_distortion
1-4,lane1_target_exhibition_time_diff_bucket x lane1_target_start_exhibition_st_diff_bucket,lane1_faster_0.10+ | target_faster_0.03_0.06,229,21,9.17,22900,24390,1490,106.51,1161.43,10.33,75.47,730.61,31.04,-1.16,430.82,price_distortion
1-6,lane1_target_group_pair x other_a_count_bucket,B-A | 1,773,65,8.41,77300,82260,4960,106.42,1265.54,4.06,71.41,1760.27,35.01,4.35,-494.73,mixed_edge
1-5,lane1_target_start_gap_pair x target_outer_pressure_bucket,0.04-0.06-best | high_other_pressure,462,32,6.93,46200,49130,2930,106.34,1535.31,6.72,77.68,1155.81,28.66,0.21,379.5,price_distortion
1-6,lane1_target_start_gap_pair x target_outer_pressure_bucket,>0.06-best | high_other_pressure,683,35,5.12,68300,72460,4160,106.09,2070.29,4.06,71.41,1760.27,34.68,1.06,310.02,price_distortion
1-3,lane1_target_exhibition_time_diff_bucket x lane1_target_start_exhibition_st_diff_bucket,lane1_faster_0.10+ | near_equal,583,110,18.87,58300,61850,3550,106.09,562.27,15.92,79.12,497.05,26.97,2.95,65.22,mixed_edge
1-6,lane1_target_national_rank_pair,3-1,517,65,12.57,51700,54840,3140,106.07,843.69,4.06,71.41,1760.27,34.66,8.51,-916.58,probability_plus_price
1-6,target_lane x lane1_target_national_rank_pair,6 | 3-1,517,65,12.57,51700,54840,3140,106.07,843.69,4.06,71.41,1760.27,34.66,8.51,-916.58,probability_plus_price
1-3,lane1_target_exhibition_time_diff_bucket x lane1_target_start_exhibition_st_diff_bucket,target_faster_0.05_0.10 | lane1_faster_0.03_0.06,277,56,20.22,27700,29320,1620,105.85,523.57,15.92,79.12,497.05,26.73,4.3,26.52,mixed_edge
1-5,lane1_target_start_gap_pair,0.04-0.06-best,596,50,8.39,59600,63010,3410,105.72,1260.2,6.72,77.68,1155.81,28.04,1.67,104.39,price_distortion
1-5,target_lane x lane1_target_start_gap_pair,5 | 0.04-0.06-best,596,50,8.39,59600,63010,3410,105.72,1260.2,6.72,77.68,1155.81,28.04,1.67,104.39,price_distortion
1-5,lane1_start_exhibition_gap_bucket x target_start_exhibition_gap_bucket,0.04-0.06 | best,596,50,8.39,59600,63010,3410,105.72,1260.2,6.72,77.68,1155.81,28.04,1.67,104.39,price_distortion
1-4,target_exhibition_st_rank_bucket x other_st_faster_than_target_count_bucket,2 | 0,884,152,17.19,88400,93250,4850,105.49,613.49,10.33,75.47,730.61,30.02,6.86,-117.12,probability_plus_price
1-6,lane1_target_group_pair x target_outer_pressure_bucket,A-A | low_other_pressure,413,60,14.53,41300,43520,2220,105.38,725.33,4.06,71.41,1760.27,33.97,10.47,-1034.94,probability_plus_price
1-6,lane1_target_group_pair x target_outer_pressure_bucket,A-B | some_other_pressure,207,16,7.73,20700,21800,1100,105.31,1362.5,4.06,71.41,1760.27,33.9,3.67,-397.77,mixed_edge
1-2,other_group_pattern,A-B-B-B,972,199,20.47,97200,102350,5150,105.3,514.32,18.62,81.17,436.02,24.13,1.85,78.3,mixed_edge
1-3,lane1_target_class_pair,B1-B2,201,19,9.45,20100,21160,1060,105.27,1113.68,15.92,79.12,497.05,26.15,-6.47,616.63,price_distortion
1-5,lane1_target_start_gap_pair x target_outer_pressure_bucket,best-0.04-0.06 | high_other_pressure,917,82,8.94,91700,96520,4820,105.26,1177.07,6.72,77.68,1155.81,27.58,2.22,21.26,mixed_edge
1-2,lane1_target_start_gap_pair x target_outer_pressure_bucket,<=0.03-<=0.03 | some_other_pressure,161,50,31.06,16100,16940,840,105.22,338.8,18.62,81.17,436.02,24.05,12.44,-97.22,mixed_edge
1-6,other_st_faster_than_target_count_bucket,1,2047,115,5.62,204700,214980,10280,105.02,1869.39,4.06,71.41,1760.27,33.61,1.56,109.12,price_distortion
1-5,lane1_target_start_gap_pair x target_outer_pressure_bucket,best->0.06 | low_other_pressure,76,13,17.11,7600,7970,370,104.87,613.08,6.72,77.68,1155.81,27.19,10.39,-542.73,probability_plus_price
1-5,lane1_target_start_gap_pair,0.04-0.06-<=0.03,684,50,7.31,68400,71700,3300,104.82,1434.0,6.72,77.68,1155.81,27.14,0.59,278.19,price_distortion
1-5,target_lane x lane1_target_start_gap_pair,5 | 0.04-0.06-<=0.03,684,50,7.31,68400,71700,3300,104.82,1434.0,6.72,77.68,1155.81,27.14,0.59,278.19,price_distortion
1-5,lane1_start_exhibition_gap_bucket x target_start_exhibition_gap_bucket,0.04-0.06 | <=0.03,684,50,7.31,68400,71700,3300,104.82,1434.0,6.72,77.68,1155.81,27.14,0.59,278.19,price_distortion
1-4,stadium_code,09,650,80,12.31,65000,68100,3100,104.77,851.25,10.33,75.47,730.61,29.3,1.98,120.64,price_distortion
1-4,stadium_code x target_lane,09 | 4,650,80,12.31,65000,68100,3100,104.77,851.25,10.33,75.47,730.61,29.3,1.98,120.64,price_distortion
1-4,lane1_target_exhibition_time_diff_bucket x lane1_target_start_exhibition_st_diff_bucket,near_equal | target_faster_0.03_0.06,725,89,12.28,72500,75590,3090,104.26,849.33,10.33,75.47,730.61,28.79,1.95,118.72,price_distortion
1-4,lane1_target_start_gap_pair x target_outer_pressure_bucket,0.04-0.06-best | high_other_pressure,515,63,12.23,51500,53660,2160,104.19,851.75,10.33,75.47,730.61,28.72,1.9,121.14,price_distortion
1-2,lane1_target_start_gap_pair x target_outer_pressure_bucket,<=0.03-best | high_other_pressure,664,151,22.74,66400,69020,2620,103.95,457.09,18.62,81.17,436.02,22.78,4.12,21.07,mixed_edge
1-3,lane1_target_class_pair,B2-B1,190,17,8.95,19000,19750,750,103.95,1161.76,15.92,79.12,497.05,24.83,-6.97,664.71,mixed_edge
1-2,lane1_target_start_gap_pair x target_outer_pressure_bucket,<=0.03-<=0.03 | high_other_pressure,703,159,22.62,70300,72830,2530,103.6,458.05,18.62,81.17,436.02,22.43,4.0,22.03,mixed_edge
1-2,target_exhibition_st_rank_bucket x other_st_faster_than_target_count_bucket,3 | 1,1723,410,23.8,172300,178450,6150,103.57,435.24,18.62,81.17,436.02,22.4,5.18,-0.78,mixed_edge
1-4,lane1_target_start_gap_pair x target_outer_pressure_bucket,0.04-0.06-0.04-0.06 | high_other_pressure,478,47,9.83,47800,49480,1680,103.51,1052.77,10.33,75.47,730.61,28.04,-0.5,322.16,price_distortion
1-2,lane1_target_start_gap_pair x target_outer_pressure_bucket,<=0.03-0.04-0.06 | low_other_pressure,39,11,28.21,3900,4030,130,103.33,366.36,18.62,81.17,436.02,22.16,9.59,-69.66,mixed_edge
1-2,target_start_exhibition_gap_bucket,<=0.03,3621,874,24.14,362100,373620,11520,103.18,427.48,18.62,81.17,436.02,22.01,5.52,-8.54,mixed_edge
1-2,target_lane x target_start_exhibition_gap_bucket,2 | <=0.03,3621,874,24.14,362100,373620,11520,103.18,427.48,18.62,81.17,436.02,22.01,5.52,-8.54,mixed_edge
1-6,lane1_target_national_win_diff_bucket,target_plus_1.00+,2402,175,7.29,240200,247710,7510,103.13,1415.49,4.06,71.41,1760.27,31.72,3.23,-344.78,mixed_edge
1-6,lane1_target_start_gap_pair,>0.06-best,886,55,6.21,88600,91260,2660,103.0,1659.27,4.06,71.41,1760.27,31.59,2.15,-101.0,mixed_edge
1-6,target_lane x lane1_target_start_gap_pair,6 | >0.06-best,886,55,6.21,88600,91260,2660,103.0,1659.27,4.06,71.41,1760.27,31.59,2.15,-101.0,mixed_edge
1-6,lane1_start_exhibition_gap_bucket x target_start_exhibition_gap_bucket,>0.06 | best,886,55,6.21,88600,91260,2660,103.0,1659.27,4.06,71.41,1760.27,31.59,2.15,-101.0,mixed_edge
1-6,lane1_target_start_gap_pair x target_outer_pressure_bucket,<=0.03-best | low_other_pressure,47,9,19.15,4700,4840,140,102.98,537.78,4.06,71.41,1760.27,31.57,15.09,-1222.49,probability_plus_price
1-6,lane1_target_exhibition_time_diff_bucket x lane1_target_start_exhibition_st_diff_bucket,target_faster_0.05_0.10 | target_faster_0.06+,243,14,5.76,24300,24980,680,102.8,1784.29,4.06,71.41,1760.27,31.39,1.7,24.02,mixed_edge
1-6,lane1_target_class_pair,B2-B1,158,4,2.53,15800,16230,430,102.72,4057.5,4.06,71.41,1760.27,31.31,-1.53,2297.23,price_distortion
1-2,lane1_target_start_gap_pair,<=0.03-best,941,241,25.61,94100,95870,1770,101.88,397.8,18.62,81.17,436.02,20.71,6.99,-38.22,mixed_edge
1-2,target_lane x lane1_target_start_gap_pair,2 | <=0.03-best,941,241,25.61,94100,95870,1770,101.88,397.8,18.62,81.17,436.02,20.71,6.99,-38.22,mixed_edge
1-2,lane1_start_exhibition_gap_bucket x target_start_exhibition_gap_bucket,<=0.03 | best,941,241,25.61,94100,95870,1770,101.88,397.8,18.62,81.17,436.02,20.71,6.99,-38.22,mixed_edge
1-2,lane1_target_national_rank_pair x target_outer_pressure_bucket,1-3 | some_other_pressure,401,155,38.65,40100,40830,730,101.82,263.42,18.62,81.17,436.02,20.65,20.03,-172.6,mixed_edge
1-6,stadium_code,08,588,35,5.95,58800,59730,930,101.58,1706.57,4.06,71.41,1760.27,30.17,1.89,-53.7,mixed_edge
1-6,stadium_code x target_lane,08 | 6,588,35,5.95,58800,59730,930,101.58,1706.57,4.06,71.41,1760.27,30.17,1.89,-53.7,mixed_edge
1-2,other_st_faster_than_target_count_bucket,0,4061,974,23.98,406100,411520,5420,101.33,422.51,18.62,81.17,436.02,20.16,5.36,-13.51,mixed_edge
1-3,lane1_target_start_gap_pair x target_outer_pressure_bucket,<=0.03-<=0.03 | high_other_pressure,729,129,17.7,72900,73840,940,101.29,572.4,15.92,79.12,497.05,22.17,1.78,75.35,mixed_edge
1-5,lane1_target_exhibition_time_diff_bucket x lane1_target_start_exhibition_st_diff_bucket,near_equal | near_equal,1718,149,8.67,171800,173950,2150,101.25,1167.45,6.72,77.68,1155.81,23.57,1.95,11.64,mixed_edge
1-2,lane1_target_national_rank_pair x target_outer_pressure_bucket,3-2 | high_other_pressure,208,52,25.0,20800,21060,260,101.25,405.0,18.62,81.17,436.02,20.08,6.38,-31.02,mixed_edge
1-5,lane1_target_national_rank_pair x target_outer_pressure_bucket,3-1 | low_other_pressure,127,22,17.32,12700,12850,150,101.18,584.09,6.72,77.68,1155.81,23.5,10.6,-571.72,mixed_edge
1-3,lane1_target_national_rank_pair x target_outer_pressure_bucket,1-3 | some_other_pressure,344,111,32.27,34400,34760,360,101.05,313.15,15.92,79.12,497.05,21.93,16.35,-183.9,mixed_edge
1-4,target_exhibition_st_rank_bucket x other_st_faster_than_target_count_bucket,3 | 1,1244,179,14.39,124400,125630,1230,100.99,701.84,10.33,75.47,730.61,25.52,4.06,-28.77,mixed_edge
1-5,lane1_target_national_rank_pair x target_outer_pressure_bucket,1-3 | high_other_pressure,323,39,12.07,32300,32610,310,100.96,836.15,6.72,77.68,1155.81,23.28,5.35,-319.66,mixed_edge
1-5,stadium_code,12,611,48,7.86,61100,61650,550,100.9,1284.38,6.72,77.68,1155.81,23.22,1.14,128.57,mixed_edge
1-5,stadium_code x target_lane,12 | 5,611,48,7.86,61100,61650,550,100.9,1284.38,6.72,77.68,1155.81,23.22,1.14,128.57,mixed_edge
1-6,lane1_target_class_pair,B1-A1,949,79,8.32,94900,95700,800,100.84,1211.39,4.06,71.41,1760.27,29.43,4.26,-548.88,mixed_edge
1-2,lane1_target_group_pair x other_a_count_bucket,B-A | 0,131,27,20.61,13100,13190,90,100.69,488.52,18.62,81.17,436.02,19.52,1.99,52.5,mixed_edge
1-6,lane1_target_start_gap_pair x target_outer_pressure_bucket,>0.06-<=0.03 | high_other_pressure,510,21,4.12,51000,51330,330,100.65,2444.29,4.06,71.41,1760.27,29.24,0.06,684.02,price_distortion
1-3,lane1_target_start_gap_pair x target_outer_pressure_bucket,<=0.03-<=0.03 | some_other_pressure,140,42,30.0,14000,14090,90,100.64,335.48,15.92,79.12,497.05,21.52,14.08,-161.57,mixed_edge
1-5,stadium_code,24,598,52,8.7,59800,60170,370,100.62,1157.12,6.72,77.68,1155.81,22.94,1.98,1.31,mixed_edge
1-5,stadium_code x target_lane,24 | 5,598,52,8.7,59800,60170,370,100.62,1157.12,6.72,77.68,1155.81,22.94,1.98,1.31,mixed_edge
1-6,lane1_target_exhibition_st_rank_pair,3-2,298,20,6.71,29800,29970,170,100.57,1498.5,4.06,71.41,1760.27,29.16,2.65,-261.77,mixed_edge
1-6,lane1_exhibition_st_rank_bucket x target_exhibition_st_rank_bucket,3 | 2,298,20,6.71,29800,29970,170,100.57,1498.5,4.06,71.41,1760.27,29.16,2.65,-261.77,mixed_edge
1-4,lane1_target_start_gap_pair,0.04-0.06-0.04-0.06,575,68,11.83,57500,57810,310,100.54,850.15,10.33,75.47,730.61,25.07,1.5,119.54,price_distortion
1-4,target_lane x lane1_target_start_gap_pair,4 | 0.04-0.06-0.04-0.06,575,68,11.83,57500,57810,310,100.54,850.15,10.33,75.47,730.61,25.07,1.5,119.54,price_distortion
1-4,lane1_start_exhibition_gap_bucket x target_start_exhibition_gap_bucket,0.04-0.06 | 0.04-0.06,575,68,11.83,57500,57810,310,100.54,850.15,10.33,75.47,730.61,25.07,1.5,119.54,price_distortion
1-2,lane1_target_start_gap_pair x target_outer_pressure_bucket,<=0.03-best | some_other_pressure,177,57,32.2,17700,17780,80,100.45,311.93,18.62,81.17,436.02,19.28,13.58,-124.09,mixed_edge
1-3,lane1_target_start_gap_pair,<=0.03-<=0.03,915,184,20.11,91500,91520,20,100.02,497.39,15.92,79.12,497.05,20.9,4.19,0.34,mixed_edge
1-3,target_lane x lane1_target_start_gap_pair,3 | <=0.03-<=0.03,915,184,20.11,91500,91520,20,100.02,497.39,15.92,79.12,497.05,20.9,4.19,0.34,mixed_edge
1-3,lane1_start_exhibition_gap_bucket x target_start_exhibition_gap_bucket,<=0.03 | <=0.03,915,184,20.11,91500,91520,20,100.02,497.39,15.92,79.12,497.05,20.9,4.19,0.34,mixed_edge
1-2,lane1_target_start_gap_pair,<=0.03-<=0.03,933,222,23.79,93300,93230,-70,99.92,419.95,18.62,81.17,436.02,18.75,5.17,-16.07,mixed_edge
1-2,target_lane x lane1_target_start_gap_pair,2 | <=0.03-<=0.03,933,222,23.79,93300,93230,-70,99.92,419.95,18.62,81.17,436.02,18.75,5.17,-16.07,mixed_edge
1-2,lane1_start_exhibition_gap_bucket x target_start_exhibition_gap_bucket,<=0.03 | <=0.03,933,222,23.79,93300,93230,-70,99.92,419.95,18.62,81.17,436.02,18.75,5.17,-16.07,mixed_edge
1-5,lane1_target_start_exhibition_st_diff_bucket,near_equal,3492,284,8.13,349200,348780,-420,99.88,1228.1,6.72,77.68,1155.81,22.2,1.41,72.29,mixed_edge
1-6,target_class_group x target_outer_pressure_bucket,B | low_other_pressure,83,6,7.23,8300,8290,-10,99.88,1381.67,4.06,71.41,1760.27,28.47,3.17,-378.6,mixed_edge
1-4,lane1_target_exhibition_st_rank_pair,3-2,382,48,12.57,38200,38140,-60,99.84,794.58,10.33,75.47,730.61,24.37,2.24,63.97,mixed_edge
1-4,lane1_exhibition_st_rank_bucket x target_exhibition_st_rank_bucket,3 | 2,382,48,12.57,38200,38140,-60,99.84,794.58,10.33,75.47,730.61,24.37,2.24,63.97,mixed_edge
1-2,lane1_target_start_gap_pair x target_outer_pressure_bucket,best->0.06 | some_other_pressure,180,52,28.89,18000,17940,-60,99.67,345.0,18.62,81.17,436.02,18.5,10.27,-91.02,mixed_edge
1-3,lane1_target_group_pair x target_outer_pressure_bucket,A-B | some_other_pressure,296,88,29.73,29600,29440,-160,99.46,334.55,15.92,79.12,497.05,20.34,13.81,-162.5,mixed_edge
1-6,stadium_code,16,420,23,5.48,42000,41760,-240,99.43,1815.65,4.06,71.41,1760.27,28.02,1.42,55.38,mixed_edge
1-6,stadium_code x target_lane,16 | 6,420,23,5.48,42000,41760,-240,99.43,1815.65,4.06,71.41,1760.27,28.02,1.42,55.38,mixed_edge
1-5,target_exhibition_st_rank_bucket,2,2113,179,8.47,211300,210080,-1220,99.42,1173.63,6.72,77.68,1155.81,21.74,1.75,17.82,mixed_edge
1-5,target_lane x target_exhibition_st_rank_bucket,5 | 2,2113,179,8.47,211300,210080,-1220,99.42,1173.63,6.72,77.68,1155.81,21.74,1.75,17.82,mixed_edge
1-5,lane1_target_class_pair,B1-A2,1180,82,6.95,118000,117230,-770,99.35,1429.63,6.72,77.68,1155.81,21.67,0.23,273.82,mixed_edge
1-4,lane1_target_exhibition_time_diff_bucket x lane1_target_start_exhibition_st_diff_bucket,target_faster_0.10+ | lane1_faster_0.06+,165,19,11.52,16500,16380,-120,99.27,862.11,10.33,75.47,730.61,23.8,1.19,131.5,mixed_edge
1-2,lane1_target_start_gap_pair x target_outer_pressure_bucket,best-best | low_other_pressure,46,16,34.78,4600,4560,-40,99.13,285.0,18.62,81.17,436.02,17.96,16.16,-151.02,mixed_edge
1-5,target_start_exhibition_gap_bucket,best,2346,196,8.35,234600,232440,-2160,99.08,1185.92,6.72,77.68,1155.81,21.4,1.63,30.11,mixed_edge
1-5,target_lane x target_start_exhibition_gap_bucket,5 | best,2346,196,8.35,234600,232440,-2160,99.08,1185.92,6.72,77.68,1155.81,21.4,1.63,30.11,mixed_edge
1-6,lane1_target_class_pair,B1-A2,1087,47,4.32,108700,107580,-1120,98.97,2288.94,4.06,71.41,1760.27,27.56,0.26,528.67,price_distortion
1-6,target_national_win_rank_bucket,1,2117,217,10.25,211700,209500,-2200,98.96,965.44,4.06,71.41,1760.27,27.55,6.19,-794.83,probability_plus_price
1-6,target_national_win_rank_bucket x other_national_better_than_target_count_bucket,1 | 0,2117,217,10.25,211700,209500,-2200,98.96,965.44,4.06,71.41,1760.27,27.55,6.19,-794.83,probability_plus_price
1-3,other_group_pattern,B-A-A-B,612,81,13.24,61200,60470,-730,98.81,746.54,15.92,79.12,497.05,19.69,-2.68,249.49,mixed_edge
1-4,stadium_code,20,612,89,14.54,61200,60460,-740,98.79,679.33,10.33,75.47,730.61,23.32,4.21,-51.28,mixed_edge
1-4,stadium_code x target_lane,20 | 4,612,89,14.54,61200,60460,-740,98.79,679.33,10.33,75.47,730.61,23.32,4.21,-51.28,mixed_edge
1-6,target_national_win_rank_bucket x other_national_better_than_target_count_bucket,2 | 1,1305,67,5.13,130500,128850,-1650,98.74,1923.13,4.06,71.41,1760.27,27.33,1.07,162.86,price_distortion
1-3,stadium_code,19,636,130,20.44,63600,62800,-800,98.74,483.08,15.92,79.12,497.05,19.62,4.52,-13.97,mixed_edge
1-3,stadium_code x target_lane,19 | 3,636,130,20.44,63600,62800,-800,98.74,483.08,15.92,79.12,497.05,19.62,4.52,-13.97,mixed_edge
1-3,target_exhibition_rank_bucket x other_exhibition_faster_than_target_count_bucket,2 | 0,1012,239,23.62,101200,99770,-1430,98.59,417.45,15.92,79.12,497.05,19.47,7.7,-79.6,mixed_edge
1-3,lane1_target_exhibition_time_diff_bucket x lane1_target_start_exhibition_st_diff_bucket,lane1_faster_0.05_0.10 | near_equal,1022,192,18.79,102200,100710,-1490,98.54,524.53,15.92,79.12,497.05,19.42,2.87,27.48,mixed_edge
1-3,stadium_code,23,396,67,16.92,39600,38930,-670,98.31,581.04,15.92,79.12,497.05,19.19,1.0,83.99,mixed_edge
1-3,stadium_code x target_lane,23 | 3,396,67,16.92,39600,38930,-670,98.31,581.04,15.92,79.12,497.05,19.19,1.0,83.99,mixed_edge
1-6,lane1_target_start_gap_pair x target_outer_pressure_bucket,best->0.06 | some_other_pressure,286,20,6.99,28600,28110,-490,98.29,1405.5,4.06,71.41,1760.27,26.88,2.93,-354.77,mixed_edge
1-5,lane1_target_start_gap_pair x target_outer_pressure_bucket,0.04-0.06-best | some_other_pressure,89,9,10.11,8900,8740,-160,98.2,971.11,6.72,77.68,1155.81,20.52,3.39,-184.7,mixed_edge
1-5,target_exhibition_st_rank_bucket,1,1761,144,8.18,176100,172920,-3180,98.19,1200.83,6.72,77.68,1155.81,20.51,1.46,45.02,mixed_edge
1-5,target_lane x target_exhibition_st_rank_bucket,5 | 1,1761,144,8.18,176100,172920,-3180,98.19,1200.83,6.72,77.68,1155.81,20.51,1.46,45.02,mixed_edge
1-5,target_exhibition_st_rank_bucket x other_st_faster_than_target_count_bucket,1 | 0,1761,144,8.18,176100,172920,-3180,98.19,1200.83,6.72,77.68,1155.81,20.51,1.46,45.02,mixed_edge
1-6,lane1_target_exhibition_time_diff_bucket x lane1_target_start_exhibition_st_diff_bucket,target_faster_0.05_0.10 | lane1_faster_0.03_0.06,224,14,6.25,22400,21960,-440,98.04,1568.57,4.06,71.41,1760.27,26.63,2.19,-191.7,mixed_edge
1-5,lane1_target_group_pair x target_outer_pressure_bucket,B-A | high_other_pressure,1408,95,6.75,140800,138010,-2790,98.02,1452.74,6.72,77.68,1155.81,20.34,0.03,296.93,mixed_edge
1-3,other_b2_count_bucket,2,450,108,24.0,45000,44080,-920,97.96,408.15,15.92,79.12,497.05,18.84,8.08,-88.9,mixed_edge
1-4,lane1_target_national_rank_pair x target_outer_pressure_bucket,2-1 | low_other_pressure,183,58,31.69,18300,17920,-380,97.92,308.97,10.33,75.47,730.61,22.45,21.36,-421.64,mixed_edge
1-6,target_start_exhibition_gap_bucket,<=0.03,2421,138,5.7,242100,236730,-5370,97.78,1715.43,4.06,71.41,1760.27,26.37,1.64,-44.84,mixed_edge
1-6,target_lane x target_start_exhibition_gap_bucket,6 | <=0.03,2421,138,5.7,242100,236730,-5370,97.78,1715.43,4.06,71.41,1760.27,26.37,1.64,-44.84,mixed_edge
1-5,target_exhibition_rank_bucket x other_exhibition_faster_than_target_count_bucket,4+ | 2,2125,155,7.29,212500,207670,-4830,97.73,1339.81,6.72,77.68,1155.81,20.05,0.57,184.0,mixed_edge
1-6,lane1_target_local_win_diff_bucket,target_plus_1.00+,3142,197,6.27,314200,306870,-7330,97.67,1557.72,4.06,71.41,1760.27,26.26,2.21,-202.55,mixed_edge
1-3,lane1_target_start_gap_pair,best->0.06,1376,257,18.68,137600,134290,-3310,97.59,522.53,15.92,79.12,497.05,18.47,2.76,25.48,mixed_edge
1-3,target_lane x lane1_target_start_gap_pair,3 | best->0.06,1376,257,18.68,137600,134290,-3310,97.59,522.53,15.92,79.12,497.05,18.47,2.76,25.48,mixed_edge
1-3,lane1_start_exhibition_gap_bucket x target_start_exhibition_gap_bucket,best | >0.06,1376,257,18.68,137600,134290,-3310,97.59,522.53,15.92,79.12,497.05,18.47,2.76,25.48,mixed_edge
1-5,lane1_target_national_rank_pair x target_outer_pressure_bucket,3-1 | some_other_pressure,95,17,17.89,9500,9270,-230,97.58,545.29,6.72,77.68,1155.81,19.9,11.17,-610.52,mixed_edge
1-2,lane1_target_exhibition_st_rank_pair,3-1,462,101,21.86,46200,45060,-1140,97.53,446.14,18.62,81.17,436.02,16.36,3.24,10.12,mixed_edge
1-2,lane1_exhibition_st_rank_bucket x target_exhibition_st_rank_bucket,3 | 1,462,101,21.86,46200,45060,-1140,97.53,446.14,18.62,81.17,436.02,16.36,3.24,10.12,mixed_edge
1-6,lane1_target_start_gap_pair x target_outer_pressure_bucket,0.04-0.06->0.06 | some_other_pressure,93,7,7.53,9300,9070,-230,97.53,1295.71,4.06,71.41,1760.27,26.12,3.47,-464.56,mixed_edge
1-6,lane1_target_group_pair x other_a_count_bucket,B-A | 2,987,46,4.66,98700,96160,-2540,97.43,2090.43,4.06,71.41,1760.27,26.02,0.6,330.16,price_distortion
1-5,other_st_faster_than_target_count_bucket,1,2853,240,8.41,285300,277850,-7450,97.39,1157.71,6.72,77.68,1155.81,19.71,1.69,1.9,mixed_edge
1-6,lane1_target_national_rank_pair x target_outer_pressure_bucket,4+-1 | low_other_pressure,286,23,8.04,28600,27830,-770,97.31,1210.0,4.06,71.41,1760.27,25.9,3.98,-550.27,mixed_edge
1-5,lane1_target_start_gap_pair x target_outer_pressure_bucket,<=0.03-0.04-0.06 | high_other_pressure,596,42,7.05,59600,57990,-1610,97.3,1380.71,6.72,77.68,1155.81,19.62,0.33,224.9,mixed_edge
1-6,lane1_target_group_pair x target_outer_pressure_bucket,B-A | some_other_pressure,534,34,6.37,53400,51940,-1460,97.27,1527.65,4.06,71.41,1760.27,25.86,2.31,-232.62,mixed_edge
1-2,stadium_code,06,564,119,21.1,56400,54790,-1610,97.15,460.42,18.62,81.17,436.02,15.98,2.48,24.4,mixed_edge
1-2,stadium_code x target_lane,06 | 2,564,119,21.1,56400,54790,-1610,97.15,460.42,18.62,81.17,436.02,15.98,2.48,24.4,mixed_edge
1-5,other_st_faster_than_target_count_bucket,0,3092,273,8.83,309200,300360,-8840,97.14,1100.22,6.72,77.68,1155.81,19.46,2.11,-55.59,mixed_edge
1-4,lane1_target_class_pair,B2-A2,91,11,12.09,9100,8840,-260,97.14,803.64,10.33,75.47,730.61,21.67,1.76,73.03,mixed_edge
1-4,lane1_target_start_exhibition_st_diff_bucket,lane1_faster_0.03_0.06,2139,288,13.46,213900,207730,-6170,97.12,721.28,10.33,75.47,730.61,21.65,3.13,-9.33,mixed_edge
1-2,lane1_target_start_gap_pair,0.04-0.06-best,480,102,21.25,48000,46620,-1380,97.12,457.06,18.62,81.17,436.02,15.95,2.63,21.04,mixed_edge
1-2,target_lane x lane1_target_start_gap_pair,2 | 0.04-0.06-best,480,102,21.25,48000,46620,-1380,97.12,457.06,18.62,81.17,436.02,15.95,2.63,21.04,mixed_edge
1-2,lane1_start_exhibition_gap_bucket x target_start_exhibition_gap_bucket,0.04-0.06 | best,480,102,21.25,48000,46620,-1380,97.12,457.06,18.62,81.17,436.02,15.95,2.63,21.04,mixed_edge
1-6,lane1_target_group_pair,B-A,2160,132,6.11,216000,209680,-6320,97.07,1588.48,4.06,71.41,1760.27,25.66,2.05,-171.79,mixed_edge
1-5,lane1_target_local_win_diff_bucket,target_plus_0.35_1.00,1353,123,9.09,135300,131320,-3980,97.06,1067.64,6.72,77.68,1155.81,19.38,2.37,-88.17,mixed_edge
1-6,other_group_pattern,A-B-A-A,525,11,2.1,52500,50940,-1560,97.03,4630.91,4.06,71.41,1760.27,25.62,-1.96,2870.64,price_distortion
1-6,lane1_target_exhibition_time_diff_bucket,target_faster_0.05_0.10,1512,77,5.09,151200,146670,-4530,97.0,1904.81,4.06,71.41,1760.27,25.59,1.03,144.54,price_distortion
1-5,lane1_target_start_gap_pair,<=0.03-0.04-0.06,700,58,8.29,70000,67900,-2100,97.0,1170.69,6.72,77.68,1155.81,19.32,1.57,14.88,mixed_edge
1-5,target_lane x lane1_target_start_gap_pair,5 | <=0.03-0.04-0.06,700,58,8.29,70000,67900,-2100,97.0,1170.69,6.72,77.68,1155.81,19.32,1.57,14.88,mixed_edge
1-5,lane1_start_exhibition_gap_bucket x target_start_exhibition_gap_bucket,<=0.03 | 0.04-0.06,700,58,8.29,70000,67900,-2100,97.0,1170.69,6.72,77.68,1155.81,19.32,1.57,14.88,mixed_edge
1-6,lane1_target_exhibition_st_rank_pair,4+-2,822,37,4.5,82200,79720,-2480,96.98,2154.59,4.06,71.41,1760.27,25.57,0.44,394.32,price_distortion
1-6,lane1_exhibition_st_rank_bucket x target_exhibition_st_rank_bucket,4+ | 2,822,37,4.5,82200,79720,-2480,96.98,2154.59,4.06,71.41,1760.27,25.57,0.44,394.32,price_distortion
1-2,other_group_pattern,A-B-A-A,514,87,16.93,51400,49820,-1580,96.93,572.64,18.62,81.17,436.02,15.76,-1.69,136.62,mixed_edge
1-5,lane1_target_national_rank_pair,3-1,443,70,15.8,44300,42910,-1390,96.86,613.0,6.72,77.68,1155.81,19.18,9.08,-542.81,mixed_edge
1-5,target_lane x lane1_target_national_rank_pair,5 | 3-1,443,70,15.8,44300,42910,-1390,96.86,613.0,6.72,77.68,1155.81,19.18,9.08,-542.81,mixed_edge
1-2,lane1_target_start_gap_pair x target_outer_pressure_bucket,best-0.04-0.06 | low_other_pressure,92,34,36.96,9200,8910,-290,96.85,262.06,18.62,81.17,436.02,15.68,18.34,-173.96,mixed_edge
1-5,lane1_target_start_gap_pair x target_outer_pressure_bucket,<=0.03-<=0.03 | low_other_pressure,42,8,19.05,4200,4060,-140,96.67,507.5,6.72,77.68,1155.81,18.99,12.33,-648.31,mixed_edge
1-5,other_group_pattern,B-B-A-A,675,37,5.48,67500,65230,-2270,96.64,1762.97,6.72,77.68,1155.81,18.96,-1.24,607.16,mixed_edge
1-2,stadium_code,04,306,41,13.4,30600,29570,-1030,96.63,721.22,18.62,81.17,436.02,15.46,-5.22,285.2,mixed_edge
1-2,stadium_code x target_lane,04 | 2,306,41,13.4,30600,29570,-1030,96.63,721.22,18.62,81.17,436.02,15.46,-5.22,285.2,mixed_edge
1-3,target_exhibition_rank_bucket x other_exhibition_faster_than_target_count_bucket,4+ | 1,182,36,19.78,18200,17570,-630,96.54,488.06,15.92,79.12,497.05,17.42,3.86,-8.99,mixed_edge
1-6,target_exhibition_st_rank_bucket,3,1706,83,4.87,170600,164460,-6140,96.4,1981.45,4.06,71.41,1760.27,24.99,0.81,221.18,mixed_edge
1-6,target_lane x target_exhibition_st_rank_bucket,6 | 3,1706,83,4.87,170600,164460,-6140,96.4,1981.45,4.06,71.41,1760.27,24.99,0.81,221.18,mixed_edge
1-6,lane1_target_start_gap_pair x target_outer_pressure_bucket,>0.06-best | some_other_pressure,136,13,9.56,13600,13110,-490,96.4,1008.46,4.06,71.41,1760.27,24.99,5.5,-751.81,mixed_edge
1-4,lane1_target_start_gap_pair x target_outer_pressure_bucket,best->0.06 | low_other_pressure,100,26,26.0,10000,9640,-360,96.4,370.77,10.33,75.47,730.61,20.93,15.67,-359.84,mixed_edge
1-2,lane1_target_start_gap_pair x target_outer_pressure_bucket,best->0.06 | low_other_pressure,80,23,28.75,8000,7700,-300,96.25,334.78,18.62,81.17,436.02,15.08,10.13,-101.24,mixed_edge
1-5,lane1_target_start_exhibition_st_diff_bucket,target_faster_0.03_0.06,1568,120,7.65,156800,150750,-6050,96.14,1256.25,6.72,77.68,1155.81,18.46,0.93,100.44,mixed_edge
1-3,target_exhibition_st_rank_bucket,3,3289,627,19.06,328900,316100,-12800,96.11,504.15,15.92,79.12,497.05,16.99,3.14,7.1,mixed_edge
1-3,target_lane x target_exhibition_st_rank_bucket,3 | 3,3289,627,19.06,328900,316100,-12800,96.11,504.15,15.92,79.12,497.05,16.99,3.14,7.1,mixed_edge
1-4,lane1_target_class_pair,B2-A1,46,7,15.22,4600,4420,-180,96.09,631.43,10.33,75.47,730.61,20.62,4.89,-99.18,mixed_edge
1-2,lane1_target_boat_place_diff_bucket,target_plus_10+,1904,387,20.33,190400,182920,-7480,96.07,472.66,18.62,81.17,436.02,14.9,1.71,36.64,mixed_edge
1-3,lane1_target_start_gap_pair x target_outer_pressure_bucket,<=0.03-0.04-0.06 | high_other_pressure,576,84,14.58,57600,55320,-2280,96.04,658.57,15.92,79.12,497.05,16.92,-1.34,161.52,mixed_edge
1-2,other_st_faster_than_target_count_bucket,1,2761,598,21.66,276100,265050,-11050,96.0,443.23,18.62,81.17,436.02,14.83,3.04,7.21,mixed_edge
1-5,lane1_target_exhibition_time_diff_bucket x lane1_target_start_exhibition_st_diff_bucket,target_faster_0.10+ | lane1_faster_0.06+,184,14,7.61,18400,17650,-750,95.92,1260.71,6.72,77.68,1155.81,18.24,0.89,104.9,mixed_edge
1-6,lane1_target_start_gap_pair,>0.06-<=0.03,639,29,4.54,63900,61260,-2640,95.87,2112.41,4.06,71.41,1760.27,24.46,0.48,352.14,mixed_edge
1-6,target_lane x lane1_target_start_gap_pair,6 | >0.06-<=0.03,639,29,4.54,63900,61260,-2640,95.87,2112.41,4.06,71.41,1760.27,24.46,0.48,352.14,mixed_edge
1-6,lane1_start_exhibition_gap_bucket x target_start_exhibition_gap_bucket,>0.06 | <=0.03,639,29,4.54,63900,61260,-2640,95.87,2112.41,4.06,71.41,1760.27,24.46,0.48,352.14,mixed_edge
1-5,lane1_target_start_gap_pair x target_outer_pressure_bucket,<=0.03-<=0.03 | high_other_pressure,652,40,6.13,65200,62500,-2700,95.86,1562.5,6.72,77.68,1155.81,18.18,-0.59,406.69,mixed_edge
1-5,lane1_target_national_win_diff_bucket,near_equal,2371,206,8.69,237100,227100,-10000,95.78,1102.43,6.72,77.68,1155.81,18.1,1.97,-53.38,mixed_edge
1-2,lane1_target_exhibition_time_diff_bucket x lane1_target_start_exhibition_st_diff_bucket,lane1_faster_0.05_0.10 | near_equal,1078,245,22.73,107800,103100,-4700,95.64,420.82,18.62,81.17,436.02,14.47,4.11,-15.2,mixed_edge
1-5,meeting_phase_bucket,day5+,3847,319,8.29,384700,367900,-16800,95.63,1153.29,6.72,77.68,1155.81,17.95,1.57,-2.52,mixed_edge
1-5,meeting_phase_bucket x target_lane,day5+ | 5,3847,319,8.29,384700,367900,-16800,95.63,1153.29,6.72,77.68,1155.81,17.95,1.57,-2.52,mixed_edge
1-2,lane1_target_national_rank_pair x target_outer_pressure_bucket,2-3 | some_other_pressure,355,94,26.48,35500,33940,-1560,95.61,361.06,18.62,81.17,436.02,14.44,7.86,-74.96,mixed_edge
1-5,lane1_target_exhibition_time_diff_bucket x lane1_target_start_exhibition_st_diff_bucket,near_equal | target_faster_0.03_0.06,749,62,8.28,74900,71590,-3310,95.58,1154.68,6.72,77.68,1155.81,17.9,1.56,-1.13,mixed_edge
1-6,lane1_target_national_rank_pair x target_outer_pressure_bucket,1-3 | high_other_pressure,334,16,4.79,33400,31880,-1520,95.45,1992.5,4.06,71.41,1760.27,24.04,0.73,232.23,mixed_edge
1-5,lane1_target_group_pair x other_a_count_bucket,A-B | 0,788,85,10.79,78800,75190,-3610,95.42,884.59,6.72,77.68,1155.81,17.74,4.07,-271.22,mixed_edge
1-4,lane1_target_start_gap_pair x target_outer_pressure_bucket,0.04-0.06-<=0.03 | some_other_pressure,94,14,14.89,9400,8960,-440,95.32,640.0,10.33,75.47,730.61,19.85,4.56,-90.61,mixed_edge
1-6,lane1_target_national_rank_pair x target_outer_pressure_bucket,4+-2 | some_other_pressure,400,20,5.0,40000,38110,-1890,95.28,1905.5,4.06,71.41,1760.27,23.87,0.94,145.23,mixed_edge
1-4,lane1_target_start_gap_pair,<=0.03-0.04-0.06,683,71,10.4,68300,65010,-3290,95.18,915.63,10.33,75.47,730.61,19.71,0.07,185.02,mixed_edge
1-4,target_lane x lane1_target_start_gap_pair,4 | <=0.03-0.04-0.06,683,71,10.4,68300,65010,-3290,95.18,915.63,10.33,75.47,730.61,19.71,0.07,185.02,mixed_edge
1-4,lane1_start_exhibition_gap_bucket x target_start_exhibition_gap_bucket,<=0.03 | 0.04-0.06,683,71,10.4,68300,65010,-3290,95.18,915.63,10.33,75.47,730.61,19.71,0.07,185.02,mixed_edge
1-3,lane1_target_national_rank_pair x target_outer_pressure_bucket,3-1 | some_other_pressure,119,37,31.09,11900,11320,-580,95.13,305.95,15.92,79.12,497.05,16.01,15.17,-191.1,mixed_edge
1-5,stadium_code,22,671,52,7.75,67100,63820,-3280,95.11,1227.31,6.72,77.68,1155.81,17.43,1.03,71.5,mixed_edge
1-5,stadium_code x target_lane,22 | 5,671,52,7.75,67100,63820,-3280,95.11,1227.31,6.72,77.68,1155.81,17.43,1.03,71.5,mixed_edge
1-4,lane1_target_start_gap_pair x target_outer_pressure_bucket,<=0.03-<=0.03 | low_other_pressure,52,13,25.0,5200,4940,-260,95.0,380.0,10.33,75.47,730.61,19.53,14.67,-350.61,mixed_edge
1-4,lane1_target_start_gap_pair x target_outer_pressure_bucket,<=0.03-0.04-0.06 | high_other_pressure,570,54,9.47,57000,54060,-2940,94.84,1001.11,10.33,75.47,730.61,19.37,-0.86,270.5,mixed_edge
1-5,lane1_target_national_rank_pair x target_outer_pressure_bucket,1-2 | low_other_pressure,152,29,19.08,15200,14410,-790,94.8,496.9,6.72,77.68,1155.81,17.12,12.36,-658.91,mixed_edge
1-3,target_start_exhibition_gap_bucket,<=0.03,3670,694,18.91,367000,347560,-19440,94.7,500.81,15.92,79.12,497.05,15.58,2.99,3.76,mixed_edge
1-3,target_lane x target_start_exhibition_gap_bucket,3 | <=0.03,3670,694,18.91,367000,347560,-19440,94.7,500.81,15.92,79.12,497.05,15.58,2.99,3.76,mixed_edge
1-3,lane1_target_national_rank_pair x target_outer_pressure_bucket,3-2 | high_other_pressure,252,57,22.62,25200,23820,-1380,94.52,417.89,15.92,79.12,497.05,15.4,6.7,-79.16,mixed_edge
1-6,lane1_target_start_gap_pair,0.04-0.06-<=0.03,493,21,4.26,49300,46440,-2860,94.2,2211.43,4.06,71.41,1760.27,22.79,0.2,451.16,mixed_edge
1-6,target_lane x lane1_target_start_gap_pair,6 | 0.04-0.06-<=0.03,493,21,4.26,49300,46440,-2860,94.2,2211.43,4.06,71.41,1760.27,22.79,0.2,451.16,mixed_edge
1-6,lane1_start_exhibition_gap_bucket x target_start_exhibition_gap_bucket,0.04-0.06 | <=0.03,493,21,4.26,49300,46440,-2860,94.2,2211.43,4.06,71.41,1760.27,22.79,0.2,451.16,mixed_edge
1-4,lane1_target_group_pair x target_outer_pressure_bucket,B-B | low_other_pressure,31,4,12.9,3100,2920,-180,94.19,730.0,10.33,75.47,730.61,18.72,2.57,-0.61,mixed_edge
1-4,lane1_target_start_gap_pair,0.04-0.06-best,666,86,12.91,66600,62710,-3890,94.16,729.19,10.33,75.47,730.61,18.69,2.58,-1.42,mixed_edge
1-4,target_lane x lane1_target_start_gap_pair,4 | 0.04-0.06-best,666,86,12.91,66600,62710,-3890,94.16,729.19,10.33,75.47,730.61,18.69,2.58,-1.42,mixed_edge
1-4,lane1_start_exhibition_gap_bucket x target_start_exhibition_gap_bucket,0.04-0.06 | best,666,86,12.91,66600,62710,-3890,94.16,729.19,10.33,75.47,730.61,18.69,2.58,-1.42,mixed_edge
1-5,other_exhibition_faster_than_target_count_bucket,2,2794,196,7.02,279400,262970,-16430,94.12,1341.68,6.72,77.68,1155.81,16.44,0.3,185.87,mixed_edge
1-5,lane1_target_national_rank_pair x target_outer_pressure_bucket,3-1 | high_other_pressure,221,31,14.03,22100,20790,-1310,94.07,670.65,6.72,77.68,1155.81,16.39,7.31,-485.16,mixed_edge
1-2,target_class_group x target_outer_pressure_bucket,B | some_other_pressure,645,181,28.06,64500,60660,-3840,94.05,335.14,18.62,81.17,436.02,12.88,9.44,-100.88,mixed_edge
1-5,grade_group,G1,252,15,5.95,25200,23700,-1500,94.05,1580.0,6.72,77.68,1155.81,16.37,-0.77,424.19,mixed_edge
1-3,lane1_target_start_gap_pair x target_outer_pressure_bucket,best->0.06 | high_other_pressure,1127,175,15.53,112700,105960,-6740,94.02,605.49,15.92,79.12,497.05,14.9,-0.39,108.44,mixed_edge
1-3,target_class_group x target_outer_pressure_bucket,B | some_other_pressure,479,127,26.51,47900,45010,-2890,93.97,354.41,15.92,79.12,497.05,14.85,10.59,-142.64,mixed_edge
1-2,lane1_target_exhibition_time_diff_bucket x lane1_target_start_exhibition_st_diff_bucket,near_equal | near_equal,2885,645,22.36,288500,270950,-17550,93.92,420.08,18.62,81.17,436.02,12.75,3.74,-15.94,mixed_edge
1-3,lane1_target_start_exhibition_st_diff_bucket,near_equal,4726,893,18.9,472600,443770,-28830,93.9,496.94,15.92,79.12,497.05,14.78,2.98,-0.11,mixed_edge
1-3,lane1_target_exhibition_time_diff_bucket x lane1_target_start_exhibition_st_diff_bucket,lane1_faster_0.05_0.10 | lane1_faster_0.06+,589,99,16.81,58900,55280,-3620,93.85,558.38,15.92,79.12,497.05,14.73,0.89,61.33,mixed_edge
1-6,other_national_better_than_target_count_bucket,1,2474,134,5.42,247400,231990,-15410,93.77,1731.27,4.06,71.41,1760.27,22.36,1.36,-29.0,mixed_edge
1-4,other_st_faster_than_target_count_bucket,1,2935,363,12.37,293500,275090,-18410,93.73,757.82,10.33,75.47,730.61,18.26,2.04,27.21,mixed_edge
1-6,lane1_target_national_rank_pair x target_outer_pressure_bucket,2-3 | high_other_pressure,315,18,5.71,31500,29520,-1980,93.71,1640.0,4.06,71.41,1760.27,22.3,1.65,-120.27,mixed_edge
1-6,lane1_target_start_gap_pair,best-best,120,10,8.33,12000,11240,-760,93.67,1124.0,4.06,71.41,1760.27,22.26,4.27,-636.27,mixed_edge
1-6,target_lane x lane1_target_start_gap_pair,6 | best-best,120,10,8.33,12000,11240,-760,93.67,1124.0,4.06,71.41,1760.27,22.26,4.27,-636.27,mixed_edge
1-6,lane1_start_exhibition_gap_bucket x target_start_exhibition_gap_bucket,best | best,120,10,8.33,12000,11240,-760,93.67,1124.0,4.06,71.41,1760.27,22.26,4.27,-636.27,mixed_edge
1-4,lane1_target_national_rank_pair x target_outer_pressure_bucket,4+-1 | high_other_pressure,474,62,13.08,47400,44370,-3030,93.61,715.65,10.33,75.47,730.61,18.14,2.75,-14.96,mixed_edge
1-5,stadium_code,07,744,50,6.72,74400,69600,-4800,93.55,1392.0,6.72,77.68,1155.81,15.87,0.0,236.19,mixed_edge
1-5,stadium_code x target_lane,07 | 5,744,50,6.72,74400,69600,-4800,93.55,1392.0,6.72,77.68,1155.81,15.87,0.0,236.19,mixed_edge
1-3,lane1_target_start_gap_pair x target_outer_pressure_bucket,0.04-0.06-0.04-0.06 | high_other_pressure,466,71,15.24,46600,43580,-3020,93.52,613.8,15.92,79.12,497.05,14.4,-0.68,116.75,mixed_edge
1-6,lane1_target_group_pair x target_outer_pressure_bucket,B-A | high_other_pressure,1345,67,4.98,134500,125760,-8740,93.5,1877.01,4.06,71.41,1760.27,22.09,0.92,116.74,mixed_edge
1-2,lane1_target_exhibition_time_diff_bucket x lane1_target_start_exhibition_st_diff_bucket,lane1_faster_0.10+ | near_equal,584,120,20.55,58400,54590,-3810,93.48,454.92,18.62,81.17,436.02,12.31,1.93,18.9,mixed_edge
1-2,lane1_target_national_rank_pair x target_outer_pressure_bucket,4+-2 | some_other_pressure,584,104,17.81,58400,54520,-3880,93.36,524.23,18.62,81.17,436.02,12.19,-0.81,88.21,mixed_edge
1-3,other_st_faster_than_target_count_bucket,0,3959,783,19.78,395900,368960,-26940,93.2,471.21,15.92,79.12,497.05,14.08,3.86,-25.84,mixed_edge
1-3,lane1_target_exhibition_time_diff_bucket x lane1_target_start_exhibition_st_diff_bucket,near_equal | near_equal,2330,461,19.79,233000,216880,-16120,93.08,470.46,15.92,79.12,497.05,13.96,3.87,-26.59,mixed_edge
1-5,lane1_target_motor_place_diff_bucket,lane1_plus_4_10,2324,160,6.88,232400,216280,-16120,93.06,1351.75,6.72,77.68,1155.81,15.38,0.16,195.94,mixed_edge
1-5,lane1_target_group_pair x other_a_count_bucket,A-A | 3,526,52,9.89,52600,48910,-3690,92.98,940.58,6.72,77.68,1155.81,15.3,3.17,-215.23,mixed_edge
1-3,lane1_target_group_pair x other_a_count_bucket,B-A | 3,223,27,12.11,22300,20720,-1580,92.91,767.41,15.92,79.12,497.05,13.79,-3.81,270.36,mixed_edge
1-2,lane1_target_group_pair x other_a_count_bucket,B-A | 3,235,33,14.04,23500,21830,-1670,92.89,661.52,18.62,81.17,436.02,11.72,-4.58,225.5,mixed_edge
1-2,target_start_exhibition_gap_bucket,best,2217,480,21.65,221700,205740,-15960,92.8,428.62,18.62,81.17,436.02,11.63,3.03,-7.4,mixed_edge
1-2,target_lane x target_start_exhibition_gap_bucket,2 | best,2217,480,21.65,221700,205740,-15960,92.8,428.62,18.62,81.17,436.02,11.63,3.03,-7.4,mixed_edge
1-4,lane1_start_exhibition_gap_bucket,0.04-0.06,2539,278,10.95,253900,235490,-18410,92.75,847.09,10.33,75.47,730.61,17.28,0.62,116.48,mixed_edge
1-2,stadium_code,01,612,120,19.61,61200,56750,-4450,92.73,472.92,18.62,81.17,436.02,11.56,0.99,36.9,mixed_edge
1-2,stadium_code x target_lane,01 | 2,612,120,19.61,61200,56750,-4450,92.73,472.92,18.62,81.17,436.02,11.56,0.99,36.9,mixed_edge
1-2,lane1_target_start_exhibition_st_diff_bucket,near_equal,5585,1210,21.67,558500,517760,-40740,92.71,427.9,18.62,81.17,436.02,11.54,3.05,-8.12,mixed_edge
1-6,lane1_target_exhibition_time_diff_bucket x lane1_target_start_exhibition_st_diff_bucket,near_equal | near_equal,1445,85,5.88,144500,133900,-10600,92.66,1575.29,4.06,71.41,1760.27,21.25,1.82,-184.98,mixed_edge
1-3,stadium_code,13,452,83,18.36,45200,41870,-3330,92.63,504.46,15.92,79.12,497.05,13.51,2.44,7.41,mixed_edge
1-3,stadium_code x target_lane,13 | 3,452,83,18.36,45200,41870,-3330,92.63,504.46,15.92,79.12,497.05,13.51,2.44,7.41,mixed_edge
1-3,other_st_faster_than_target_count_bucket,1,3597,653,18.15,359700,333110,-26590,92.61,510.12,15.92,79.12,497.05,13.49,2.23,13.07,mixed_edge
1-3,lane1_target_group_pair x other_a_count_bucket,B-B | 0,554,106,19.13,55400,51300,-4100,92.6,483.96,15.92,79.12,497.05,13.48,3.21,-13.09,mixed_edge
1-5,target_class,A2,3026,261,8.63,302600,280120,-22480,92.57,1073.26,6.72,77.68,1155.81,14.89,1.91,-82.55,mixed_edge
1-5,stadium_code,08,588,51,8.67,58800,54370,-4430,92.47,1066.08,6.72,77.68,1155.81,14.79,1.95,-89.73,mixed_edge
1-5,stadium_code x target_lane,08 | 5,588,51,8.67,58800,54370,-4430,92.47,1066.08,6.72,77.68,1155.81,14.79,1.95,-89.73,mixed_edge
1-5,target_start_exhibition_gap_bucket,<=0.03,3146,243,7.72,314600,290770,-23830,92.43,1196.58,6.72,77.68,1155.81,14.75,1.0,40.77,mixed_edge
1-5,target_lane x target_start_exhibition_gap_bucket,5 | <=0.03,3146,243,7.72,314600,290770,-23830,92.43,1196.58,6.72,77.68,1155.81,14.75,1.0,40.77,mixed_edge
1-6,other_national_better_than_target_count_bucket,0,2779,265,9.54,277900,256780,-21120,92.4,968.98,4.06,71.41,1760.27,20.99,5.48,-791.29,mixed_edge
1-3,lane1_target_group_pair x other_a_count_bucket,B-B | 2,1260,99,7.86,126000,116420,-9580,92.4,1175.96,15.92,79.12,497.05,13.28,-8.06,678.91,mixed_edge
1-6,lane1_target_start_gap_pair,0.04-0.06-0.04-0.06,545,27,4.95,54500,50360,-4140,92.4,1865.19,4.06,71.41,1760.27,20.99,0.89,104.92,mixed_edge
1-6,target_lane x lane1_target_start_gap_pair,6 | 0.04-0.06-0.04-0.06,545,27,4.95,54500,50360,-4140,92.4,1865.19,4.06,71.41,1760.27,20.99,0.89,104.92,mixed_edge
1-6,lane1_start_exhibition_gap_bucket x target_start_exhibition_gap_bucket,0.04-0.06 | 0.04-0.06,545,27,4.95,54500,50360,-4140,92.4,1865.19,4.06,71.41,1760.27,20.99,0.89,104.92,mixed_edge
1-2,lane1_target_exhibition_st_rank_pair,3-2,345,72,20.87,34500,31860,-2640,92.35,442.5,18.62,81.17,436.02,11.18,2.25,6.48,mixed_edge
1-2,lane1_exhibition_st_rank_bucket x target_exhibition_st_rank_bucket,3 | 2,345,72,20.87,34500,31860,-2640,92.35,442.5,18.62,81.17,436.02,11.18,2.25,6.48,mixed_edge
1-2,lane1_target_start_gap_pair x target_outer_pressure_bucket,0.04-0.06-0.04-0.06 | some_other_pressure,100,27,27.0,10000,9230,-770,92.3,341.85,18.62,81.17,436.02,11.13,8.38,-94.17,mixed_edge
1-3,other_group_pattern,A-A-B-B,838,107,12.77,83800,77320,-6480,92.27,722.62,15.92,79.12,497.05,13.15,-3.15,225.57,mixed_edge
1-3,stadium_code,20,612,106,17.32,61200,56460,-4740,92.25,532.64,15.92,79.12,497.05,13.13,1.4,35.59,mixed_edge
1-3,stadium_code x target_lane,20 | 3,612,106,17.32,61200,56460,-4740,92.25,532.64,15.92,79.12,497.05,13.13,1.4,35.59,mixed_edge
1-5,stadium_code,23,396,26,6.57,39600,36530,-3070,92.25,1405.0,6.72,77.68,1155.81,14.57,-0.15,249.19,mixed_edge
1-5,stadium_code x target_lane,23 | 5,396,26,6.57,39600,36530,-3070,92.25,1405.0,6.72,77.68,1155.81,14.57,-0.15,249.19,mixed_edge
1-5,lane1_target_national_rank_pair x target_outer_pressure_bucket,3-2 | high_other_pressure,263,25,9.51,26300,24250,-2050,92.21,970.0,6.72,77.68,1155.81,14.53,2.79,-185.81,mixed_edge
1-5,lane1_target_start_gap_pair,<=0.03-<=0.03,802,57,7.11,80200,73900,-6300,92.14,1296.49,6.72,77.68,1155.81,14.46,0.39,140.68,mixed_edge
1-5,target_lane x lane1_target_start_gap_pair,5 | <=0.03-<=0.03,802,57,7.11,80200,73900,-6300,92.14,1296.49,6.72,77.68,1155.81,14.46,0.39,140.68,mixed_edge
1-5,lane1_start_exhibition_gap_bucket x target_start_exhibition_gap_bucket,<=0.03 | <=0.03,802,57,7.11,80200,73900,-6300,92.14,1296.49,6.72,77.68,1155.81,14.46,0.39,140.68,mixed_edge
1-5,other_b2_count_bucket,2,350,35,10.0,35000,32230,-2770,92.09,920.86,6.72,77.68,1155.81,14.41,3.28,-234.95,mixed_edge
1-2,lane1_target_start_gap_pair,best->0.06,1114,241,21.63,111400,102580,-8820,92.08,425.64,18.62,81.17,436.02,10.91,3.01,-10.38,mixed_edge
1-2,target_lane x lane1_target_start_gap_pair,2 | best->0.06,1114,241,21.63,111400,102580,-8820,92.08,425.64,18.62,81.17,436.02,10.91,3.01,-10.38,mixed_edge
1-2,lane1_start_exhibition_gap_bucket x target_start_exhibition_gap_bucket,best | >0.06,1114,241,21.63,111400,102580,-8820,92.08,425.64,18.62,81.17,436.02,10.91,3.01,-10.38,mixed_edge
1-3,grade_group,SG,72,15,20.83,7200,6630,-570,92.08,442.0,15.92,79.12,497.05,12.96,4.91,-55.05,mixed_edge
1-2,lane1_target_exhibition_time_diff_bucket x lane1_target_start_exhibition_st_diff_bucket,near_equal | lane1_faster_0.03_0.06,1382,305,22.07,138200,127230,-10970,92.06,417.15,18.62,81.17,436.02,10.89,3.45,-18.87,mixed_edge
1-5,lane1_target_national_rank_pair x target_outer_pressure_bucket,4+-2 | some_other_pressure,446,31,6.95,44600,41060,-3540,92.06,1324.52,6.72,77.68,1155.81,14.38,0.23,168.71,mixed_edge
1-5,lane1_target_start_gap_pair x target_outer_pressure_bucket,0.04-0.06-0.04-0.06 | some_other_pressure,60,8,13.33,6000,5520,-480,92.0,690.0,6.72,77.68,1155.81,14.32,6.61,-465.81,mixed_edge
1-4,lane1_target_exhibition_time_diff_bucket x lane1_target_start_exhibition_st_diff_bucket,near_equal | near_equal,1777,231,13.0,177700,163470,-14230,91.99,707.66,10.33,75.47,730.61,16.52,2.67,-22.95,mixed_edge
1-2,target_exhibition_rank_bucket x other_exhibition_faster_than_target_count_bucket,2 | 0,1264,314,24.84,126400,116230,-10170,91.95,370.16,18.62,81.17,436.02,10.78,6.22,-65.86,mixed_edge
1-2,stadium_code,24,598,134,22.41,59800,54980,-4820,91.94,410.3,18.62,81.17,436.02,10.77,3.79,-25.72,mixed_edge
1-2,stadium_code x target_lane,24 | 2,598,134,22.41,59800,54980,-4820,91.94,410.3,18.62,81.17,436.02,10.77,3.79,-25.72,mixed_edge
1-4,lane1_target_national_rank_pair x target_outer_pressure_bucket,3-1 | high_other_pressure,228,46,20.18,22800,20960,-1840,91.93,455.65,10.33,75.47,730.61,16.46,9.85,-274.96,mixed_edge
1-6,lane1_target_national_rank_pair,1-3,591,36,6.09,59100,54320,-4780,91.91,1508.89,4.06,71.41,1760.27,20.5,2.03,-251.38,mixed_edge
1-6,target_lane x lane1_target_national_rank_pair,6 | 1-3,591,36,6.09,59100,54320,-4780,91.91,1508.89,4.06,71.41,1760.27,20.5,2.03,-251.38,mixed_edge
1-3,target_exhibition_st_rank_bucket,2,2676,517,19.32,267600,245830,-21770,91.86,475.49,15.92,79.12,497.05,12.74,3.4,-21.56,mixed_edge
1-3,target_lane x target_exhibition_st_rank_bucket,3 | 2,2676,517,19.32,267600,245830,-21770,91.86,475.49,15.92,79.12,497.05,12.74,3.4,-21.56,mixed_edge
1-5,lane1_target_start_gap_pair x target_outer_pressure_bucket,best-<=0.03 | some_other_pressure,121,19,15.7,12100,11110,-990,91.82,584.74,6.72,77.68,1155.81,14.14,8.98,-571.07,mixed_edge
1-5,lane1_motor_rank_bucket,2,2292,179,7.81,229200,210420,-18780,91.81,1175.53,6.72,77.68,1155.81,14.13,1.09,19.72,mixed_edge
1-3,lane1_target_start_gap_pair,<=0.03-0.04-0.06,715,117,16.36,71500,65580,-5920,91.72,560.51,15.92,79.12,497.05,12.6,0.44,63.46,mixed_edge
1-3,target_lane x lane1_target_start_gap_pair,3 | <=0.03-0.04-0.06,715,117,16.36,71500,65580,-5920,91.72,560.51,15.92,79.12,497.05,12.6,0.44,63.46,mixed_edge
1-3,lane1_start_exhibition_gap_bucket x target_start_exhibition_gap_bucket,<=0.03 | 0.04-0.06,715,117,16.36,71500,65580,-5920,91.72,560.51,15.92,79.12,497.05,12.6,0.44,63.46,mixed_edge
1-4,target_start_exhibition_gap_bucket,0.04-0.06,3122,368,11.79,312200,286330,-25870,91.71,778.07,10.33,75.47,730.61,16.24,1.46,47.46,mixed_edge
1-4,target_lane x target_start_exhibition_gap_bucket,4 | 0.04-0.06,3122,368,11.79,312200,286330,-25870,91.71,778.07,10.33,75.47,730.61,16.24,1.46,47.46,mixed_edge
1-4,target_start_exhibition_gap_bucket,<=0.03,3339,410,12.28,333900,306020,-27880,91.65,746.39,10.33,75.47,730.61,16.18,1.95,15.78,mixed_edge
1-4,target_lane x target_start_exhibition_gap_bucket,4 | <=0.03,3339,410,12.28,333900,306020,-27880,91.65,746.39,10.33,75.47,730.61,16.18,1.95,15.78,mixed_edge
1-3,lane1_target_exhibition_time_diff_bucket x lane1_target_start_exhibition_st_diff_bucket,lane1_faster_0.05_0.10 | lane1_faster_0.03_0.06,589,106,18.0,58900,53960,-4940,91.61,509.06,15.92,79.12,497.05,12.49,2.08,12.01,mixed_edge
1-5,lane1_target_national_rank_pair x target_outer_pressure_bucket,4+-1 | high_other_pressure,511,43,8.41,51100,46790,-4310,91.57,1088.14,6.72,77.68,1155.81,13.89,1.69,-67.67,mixed_edge
1-3,stadium_code,06,564,96,17.02,56400,51610,-4790,91.51,537.6,15.92,79.12,497.05,12.39,1.1,40.55,mixed_edge
1-3,stadium_code x target_lane,06 | 3,564,96,17.02,56400,51610,-4790,91.51,537.6,15.92,79.12,497.05,12.39,1.1,40.55,mixed_edge
1-6,target_local_win_rank_bucket,2,1996,123,6.16,199600,182640,-16960,91.5,1484.88,4.06,71.41,1760.27,20.09,2.1,-275.39,mixed_edge
1-6,lane1_target_start_gap_pair x target_outer_pressure_bucket,0.04-0.06-<=0.03 | high_other_pressure,395,11,2.78,39500,36110,-3390,91.42,3282.73,4.06,71.41,1760.27,20.01,-1.28,1522.46,mixed_edge
1-5,lane1_target_group_pair x other_a_count_bucket,A-B | 4,160,8,5.0,16000,14620,-1380,91.38,1827.5,6.72,77.68,1155.81,13.7,-1.72,671.69,mixed_edge
1-4,other_group_pattern,A-B-B-B,846,99,11.7,84600,77290,-7310,91.36,780.71,10.33,75.47,730.61,15.89,1.37,50.1,mixed_edge
1-3,target_start_exhibition_gap_bucket,0.04-0.06,3434,607,17.68,343400,313550,-29850,91.31,516.56,15.92,79.12,497.05,12.19,1.76,19.51,mixed_edge
1-3,target_lane x target_start_exhibition_gap_bucket,3 | 0.04-0.06,3434,607,17.68,343400,313550,-29850,91.31,516.56,15.92,79.12,497.05,12.19,1.76,19.51,mixed_edge
1-3,lane1_start_exhibition_gap_bucket,<=0.03,3150,572,18.16,315000,287620,-27380,91.31,502.83,15.92,79.12,497.05,12.19,2.24,5.78,mixed_edge
1-2,lane1_target_start_gap_pair,0.04-0.06-<=0.03,579,119,20.55,57900,52850,-5050,91.28,444.12,18.62,81.17,436.02,10.11,1.93,8.1,mixed_edge
1-2,target_lane x lane1_target_start_gap_pair,2 | 0.04-0.06-<=0.03,579,119,20.55,57900,52850,-5050,91.28,444.12,18.62,81.17,436.02,10.11,1.93,8.1,mixed_edge
1-2,lane1_start_exhibition_gap_bucket x target_start_exhibition_gap_bucket,0.04-0.06 | <=0.03,579,119,20.55,57900,52850,-5050,91.28,444.12,18.62,81.17,436.02,10.11,1.93,8.1,mixed_edge
1-4,lane1_target_start_gap_pair x target_outer_pressure_bucket,<=0.03-best | some_other_pressure,122,25,20.49,12200,11130,-1070,91.23,445.2,10.33,75.47,730.61,15.76,10.16,-285.41,mixed_edge
1-3,lane1_target_start_exhibition_st_diff_bucket,lane1_faster_0.03_0.06,2520,474,18.81,252000,229750,-22250,91.17,484.7,15.92,79.12,497.05,12.05,2.89,-12.35,mixed_edge
1-2,lane1_exhibition_rank_bucket,3,2350,465,19.79,235000,214120,-20880,91.11,460.47,18.62,81.17,436.02,9.94,1.17,24.45,mixed_edge
1-2,other_group_pattern,A-B-A-B,935,145,15.51,93500,85180,-8320,91.1,587.45,18.62,81.17,436.02,9.93,-3.11,151.43,mixed_edge
1-4,lane1_exhibition_st_rank_bucket,1,4578,617,13.48,457800,416970,-40830,91.08,675.8,10.33,75.47,730.61,15.61,3.15,-54.81,mixed_edge
1-4,lane1_start_exhibition_gap_bucket,best,4578,617,13.48,457800,416970,-40830,91.08,675.8,10.33,75.47,730.61,15.61,3.15,-54.81,mixed_edge
1-3,lane1_target_national_rank_pair x target_outer_pressure_bucket,1-2 | some_other_pressure,172,56,32.56,17200,15660,-1540,91.05,279.64,15.92,79.12,497.05,11.93,16.64,-217.41,mixed_edge
1-2,lane1_target_group_pair x other_a_count_bucket,B-B | 2,1121,112,9.99,112100,102000,-10100,90.99,910.71,18.62,81.17,436.02,9.82,-8.63,474.69,mixed_edge
1-3,lane1_target_exhibition_time_diff_bucket x lane1_target_start_exhibition_st_diff_bucket,near_equal | lane1_faster_0.03_0.06,1181,233,19.73,118100,107430,-10670,90.97,461.07,15.92,79.12,497.05,11.85,3.81,-35.98,mixed_edge
1-2,stadium_code,07,744,147,19.76,74400,67680,-6720,90.97,460.41,18.62,81.17,436.02,9.8,1.14,24.39,mixed_edge
1-2,stadium_code x target_lane,07 | 2,744,147,19.76,74400,67680,-6720,90.97,460.41,18.62,81.17,436.02,9.8,1.14,24.39,mixed_edge
1-4,target_exhibition_st_rank_bucket,3,2454,298,12.14,245400,223210,-22190,90.96,749.03,10.33,75.47,730.61,15.49,1.81,18.42,mixed_edge
1-4,target_lane x target_exhibition_st_rank_bucket,4 | 3,2454,298,12.14,245400,223210,-22190,90.96,749.03,10.33,75.47,730.61,15.49,1.81,18.42,mixed_edge
1-6,target_exhibition_rank_bucket x other_exhibition_faster_than_target_count_bucket,2 | 1,973,46,4.73,97300,88500,-8800,90.96,1923.91,4.06,71.41,1760.27,19.55,0.67,163.64,mixed_edge
1-6,lane1_motor_rank_bucket,3,2230,101,4.53,223000,202760,-20240,90.92,2007.52,4.06,71.41,1760.27,19.51,0.47,247.25,mixed_edge
1-3,target_exhibition_st_rank_bucket x other_st_faster_than_target_count_bucket,4+ | 2,1606,276,17.19,160600,145990,-14610,90.9,528.95,15.92,79.12,497.05,11.78,1.27,31.9,mixed_edge
1-4,other_group_pattern,A-B-A-B,822,66,8.03,82200,74690,-7510,90.86,1131.67,10.33,75.47,730.61,15.39,-2.3,401.06,mixed_edge
1-6,target_exhibition_rank_bucket,1,1770,117,6.61,177000,160740,-16260,90.81,1373.85,4.06,71.41,1760.27,19.4,2.55,-386.42,mixed_edge
1-6,target_exhibition_rank_bucket x other_exhibition_faster_than_target_count_bucket,1 | 0,1770,117,6.61,177000,160740,-16260,90.81,1373.85,4.06,71.41,1760.27,19.4,2.55,-386.42,mixed_edge
1-3,lane1_target_exhibition_time_diff_bucket x lane1_target_start_exhibition_st_diff_bucket,target_faster_0.10+ | lane1_faster_0.06+,125,18,14.4,12500,11340,-1160,90.72,630.0,15.92,79.12,497.05,11.6,-1.52,132.95,mixed_edge
1-2,lane1_target_start_gap_pair x target_outer_pressure_bucket,<=0.03-best | low_other_pressure,100,33,33.0,10000,9070,-930,90.7,274.85,18.62,81.17,436.02,9.53,14.38,-161.17,mixed_edge
1-2,lane1_target_exhibition_time_diff_bucket x lane1_target_start_exhibition_st_diff_bucket,target_faster_0.10+ | near_equal,322,63,19.57,32200,29200,-3000,90.68,463.49,18.62,81.17,436.02,9.51,0.95,27.47,mixed_edge
1-3,stadium_code,07,744,132,17.74,74400,67410,-6990,90.6,510.68,15.92,79.12,497.05,11.48,1.82,13.63,mixed_edge
1-3,stadium_code x target_lane,07 | 3,744,132,17.74,74400,67410,-6990,90.6,510.68,15.92,79.12,497.05,11.48,1.82,13.63,mixed_edge
1-3,stadium_code,24,598,130,21.74,59800,54180,-5620,90.6,416.77,15.92,79.12,497.05,11.48,5.82,-80.28,mixed_edge
1-3,stadium_code x target_lane,24 | 3,598,130,21.74,59800,54180,-5620,90.6,416.77,15.92,79.12,497.05,11.48,5.82,-80.28,mixed_edge
1-5,lane1_target_boat_place_diff_bucket,target_plus_4_10,2456,167,6.8,245600,222470,-23130,90.58,1332.16,6.72,77.68,1155.81,12.9,0.08,176.35,mixed_edge
1-3,lane1_target_national_rank_pair x target_outer_pressure_bucket,4+-1 | high_other_pressure,476,88,18.49,47600,43080,-4520,90.5,489.55,15.92,79.12,497.05,11.38,2.57,-7.5,mixed_edge
1-4,lane1_target_start_exhibition_st_diff_bucket,near_equal,3802,477,12.55,380200,343910,-36290,90.46,720.99,10.33,75.47,730.61,14.99,2.22,-9.62,mixed_edge
1-4,lane1_target_national_rank_pair x target_outer_pressure_bucket,4+-2 | high_other_pressure,574,58,10.1,57400,51880,-5520,90.38,894.48,10.33,75.47,730.61,14.91,-0.23,163.87,mixed_edge
1-3,lane1_target_exhibition_st_rank_pair,1-4+,1742,302,17.34,174200,157400,-16800,90.36,521.19,15.92,79.12,497.05,11.24,1.42,24.14,mixed_edge
1-3,lane1_exhibition_st_rank_bucket x target_exhibition_st_rank_bucket,1 | 4+,1742,302,17.34,174200,157400,-16800,90.36,521.19,15.92,79.12,497.05,11.24,1.42,24.14,mixed_edge
1-4,lane1_target_start_gap_pair x target_outer_pressure_bucket,<=0.03-best | high_other_pressure,550,69,12.55,55000,49690,-5310,90.35,720.14,10.33,75.47,730.61,14.88,2.22,-10.47,mixed_edge
1-5,lane1_target_exhibition_time_diff_bucket x lane1_target_start_exhibition_st_diff_bucket,target_faster_0.05_0.10 | near_equal,368,33,8.97,36800,33250,-3550,90.35,1007.58,6.72,77.68,1155.81,12.67,2.25,-148.23,mixed_edge
1-2,lane1_target_start_gap_pair x target_outer_pressure_bucket,0.04-0.06-<=0.03 | high_other_pressure,418,77,18.42,41800,37740,-4060,90.29,490.13,18.62,81.17,436.02,9.12,-0.2,54.11,mixed_edge
1-2,lane1_target_start_exhibition_st_diff_bucket,lane1_faster_0.03_0.06,2786,589,21.14,278600,251330,-27270,90.21,426.71,18.62,81.17,436.02,9.04,2.52,-9.31,mixed_edge
1-6,lane1_target_class_pair,A1-B1,1458,54,3.7,145800,131440,-14360,90.15,2434.07,4.06,71.41,1760.27,18.74,-0.36,673.8,mixed_edge
1-5,lane1_motor_rank_bucket,3,2230,164,7.35,223000,200990,-22010,90.13,1225.55,6.72,77.68,1155.81,12.45,0.63,69.74,mixed_edge
1-6,stadium_code,21,621,21,3.38,62100,55970,-6130,90.13,2665.24,4.06,71.41,1760.27,18.72,-0.68,904.97,mixed_edge
1-6,stadium_code x target_lane,21 | 6,621,21,3.38,62100,55970,-6130,90.13,2665.24,4.06,71.41,1760.27,18.72,-0.68,904.97,mixed_edge
1-4,target_exhibition_rank_bucket x other_exhibition_faster_than_target_count_bucket,3 | 1,1384,167,12.07,138400,124730,-13670,90.12,746.89,10.33,75.47,730.61,14.65,1.74,16.28,mixed_edge
1-6,target_national_win_rank_bucket,2,1955,115,5.88,195500,176130,-19370,90.09,1531.57,4.06,71.41,1760.27,18.68,1.82,-228.7,mixed_edge
1-2,lane1_target_start_gap_pair x target_outer_pressure_bucket,best->0.06 | high_other_pressure,854,166,19.44,85400,76940,-8460,90.09,463.49,18.62,81.17,436.02,8.92,0.82,27.47,mixed_edge
1-2,lane1_target_national_rank_pair,1-3,762,245,32.15,76200,68610,-7590,90.04,280.04,18.62,81.17,436.02,8.87,13.53,-155.98,mixed_edge
1-2,target_lane x lane1_target_national_rank_pair,2 | 1-3,762,245,32.15,76200,68610,-7590,90.04,280.04,18.62,81.17,436.02,8.87,13.53,-155.98,mixed_edge
1-3,lane1_target_national_win_diff_bucket,near_equal,2581,493,19.1,258100,232240,-25860,89.98,471.08,15.92,79.12,497.05,10.86,3.18,-25.97,mixed_edge
1-4,lane1_target_exhibition_st_rank_pair,2-1,442,64,14.48,44200,39770,-4430,89.98,621.41,10.33,75.47,730.61,14.51,4.15,-109.2,mixed_edge
1-4,lane1_exhibition_st_rank_bucket x target_exhibition_st_rank_bucket,2 | 1,442,64,14.48,44200,39770,-4430,89.98,621.41,10.33,75.47,730.61,14.51,4.15,-109.2,mixed_edge
1-3,target_exhibition_rank_bucket,1,1982,360,18.16,198200,178270,-19930,89.94,495.19,15.92,79.12,497.05,10.82,2.24,-1.86,mixed_edge
1-3,target_exhibition_rank_bucket x other_exhibition_faster_than_target_count_bucket,1 | 0,1982,360,18.16,198200,178270,-19930,89.94,495.19,15.92,79.12,497.05,10.82,2.24,-1.86,mixed_edge
1-3,lane1_target_exhibition_st_rank_pair,3-1,494,86,17.41,49400,44410,-4990,89.9,516.4,15.92,79.12,497.05,10.78,1.49,19.35,mixed_edge
1-3,lane1_exhibition_st_rank_bucket x target_exhibition_st_rank_bucket,3 | 1,494,86,17.41,49400,44410,-4990,89.9,516.4,15.92,79.12,497.05,10.78,1.49,19.35,mixed_edge
1-2,lane1_target_national_win_diff_bucket,target_plus_0.35_1.00,1809,381,21.06,180900,162520,-18380,89.84,426.56,18.62,81.17,436.02,8.67,2.44,-9.46,mixed_edge
1-3,lane1_target_national_rank_pair x target_outer_pressure_bucket,2-1 | some_other_pressure,155,51,32.9,15500,13920,-1580,89.81,272.94,15.92,79.12,497.05,10.69,16.98,-224.11,mixed_edge
1-5,lane1_target_exhibition_time_diff_bucket x lane1_target_start_exhibition_st_diff_bucket,lane1_faster_0.05_0.10 | lane1_faster_0.03_0.06,519,42,8.09,51900,46600,-5300,89.79,1109.52,6.72,77.68,1155.81,12.11,1.37,-46.29,mixed_edge
1-6,lane1_target_start_gap_pair x target_outer_pressure_bucket,>0.06-<=0.03 | some_other_pressure,94,6,6.38,9400,8440,-960,89.79,1406.67,4.06,71.41,1760.27,18.38,2.32,-353.6,mixed_edge
1-2,lane1_target_group_pair x target_outer_pressure_bucket,B-A | some_other_pressure,682,119,17.45,68200,61230,-6970,89.78,514.54,18.62,81.17,436.02,8.61,-1.17,78.52,mixed_edge
1-5,lane1_target_group_pair,B-A,2178,160,7.35,217800,195400,-22400,89.72,1221.25,6.72,77.68,1155.81,12.04,0.63,65.44,mixed_edge
1-5,lane1_start_exhibition_gap_bucket,<=0.03,3150,236,7.49,315000,282340,-32660,89.63,1196.36,6.72,77.68,1155.81,11.95,0.77,40.55,mixed_edge
1-2,target_exhibition_st_rank_bucket,3,2420,494,20.41,242000,216810,-25190,89.59,438.89,18.62,81.17,436.02,8.42,1.79,2.87,mixed_edge
1-2,target_lane x target_exhibition_st_rank_bucket,2 | 3,2420,494,20.41,242000,216810,-25190,89.59,438.89,18.62,81.17,436.02,8.42,1.79,2.87,mixed_edge
1-3,lane1_target_start_gap_pair x target_outer_pressure_bucket,<=0.03-0.04-0.06 | low_other_pressure,40,12,30.0,4000,3580,-420,89.5,298.33,15.92,79.12,497.05,10.38,14.08,-198.72,mixed_edge
1-4,stadium_code,15,625,70,11.2,62500,55930,-6570,89.49,799.0,10.33,75.47,730.61,14.02,0.87,68.39,mixed_edge
1-4,stadium_code x target_lane,15 | 4,625,70,11.2,62500,55930,-6570,89.49,799.0,10.33,75.47,730.61,14.02,0.87,68.39,mixed_edge
1-5,target_exhibition_st_rank_bucket x other_st_faster_than_target_count_bucket,2 | 1,1288,86,6.68,128800,115170,-13630,89.42,1339.19,6.72,77.68,1155.81,11.74,-0.04,183.38,mixed_edge
1-4,lane1_target_start_gap_pair x target_outer_pressure_bucket,best-0.04-0.06 | low_other_pressure,51,12,23.53,5100,4560,-540,89.41,380.0,10.33,75.47,730.61,13.94,13.2,-350.61,mixed_edge
1-2,stadium_code,05,618,111,17.96,61800,55220,-6580,89.35,497.48,18.62,81.17,436.02,8.18,-0.66,61.46,mixed_edge
1-2,stadium_code x target_lane,05 | 2,618,111,17.96,61800,55220,-6580,89.35,497.48,18.62,81.17,436.02,8.18,-0.66,61.46,mixed_edge
1-3,stadium_code,02,647,90,13.91,64700,57770,-6930,89.29,641.89,15.92,79.12,497.05,10.17,-2.01,144.84,mixed_edge
1-3,stadium_code x target_lane,02 | 3,647,90,13.91,64700,57770,-6930,89.29,641.89,15.92,79.12,497.05,10.17,-2.01,144.84,mixed_edge
1-4,target_exhibition_st_rank_bucket,2,2171,273,12.57,217100,193810,-23290,89.27,709.93,10.33,75.47,730.61,13.8,2.24,-20.68,mixed_edge
1-4,target_lane x target_exhibition_st_rank_bucket,4 | 2,2171,273,12.57,217100,193810,-23290,89.27,709.93,10.33,75.47,730.61,13.8,2.24,-20.68,mixed_edge
1-3,lane1_target_group_pair x other_a_count_bucket,B-B | 1,578,64,11.07,57800,51590,-6210,89.26,806.09,15.92,79.12,497.05,10.14,-4.85,309.04,mixed_edge
1-2,lane1_target_class_pair,A2-A1,652,191,29.29,65200,58190,-7010,89.25,304.66,18.62,81.17,436.02,8.08,10.67,-131.36,mixed_edge
1-3,lane1_exhibition_rank_bucket,1,4095,801,19.56,409500,365430,-44070,89.24,456.22,15.92,79.12,497.05,10.12,3.64,-40.83,mixed_edge
1-6,wind_bucket,7+,647,29,4.48,64700,57740,-6960,89.24,1991.03,4.06,71.41,1760.27,17.83,0.42,230.76,mixed_edge
1-5,lane1_target_class_pair,A2-B1,2070,130,6.28,207000,184640,-22360,89.2,1420.31,6.72,77.68,1155.81,11.52,-0.44,264.5,mixed_edge
1-5,lane1_target_national_rank_pair,1-3,598,69,11.54,59800,53240,-6560,89.03,771.59,6.72,77.68,1155.81,11.35,4.82,-384.22,mixed_edge
1-5,target_lane x lane1_target_national_rank_pair,5 | 1-3,598,69,11.54,59800,53240,-6560,89.03,771.59,6.72,77.68,1155.81,11.35,4.82,-384.22,mixed_edge
1-2,stadium_code,12,611,126,20.62,61100,54380,-6720,89.0,431.59,18.62,81.17,436.02,7.83,2.0,-4.43,mixed_edge
1-2,stadium_code x target_lane,12 | 2,611,126,20.62,61100,54380,-6720,89.0,431.59,18.62,81.17,436.02,7.83,2.0,-4.43,mixed_edge
1-5,target_exhibition_st_rank_bucket x other_st_faster_than_target_count_bucket,4+ | 2,2215,166,7.49,221500,197050,-24450,88.96,1187.05,6.72,77.68,1155.81,11.28,0.77,31.24,mixed_edge
1-3,lane1_target_group_pair x target_outer_pressure_bucket,B-B | high_other_pressure,2862,261,9.12,286200,254510,-31690,88.93,975.13,15.92,79.12,497.05,9.81,-6.8,478.08,mixed_edge
1-5,lane1_target_national_rank_pair,4+-4+,2157,70,3.25,215700,191750,-23950,88.9,2739.29,6.72,77.68,1155.81,11.22,-3.47,1583.48,mixed_edge
1-5,target_lane x lane1_target_national_rank_pair,5 | 4+-4+,2157,70,3.25,215700,191750,-23950,88.9,2739.29,6.72,77.68,1155.81,11.22,-3.47,1583.48,mixed_edge
1-5,lane1_target_national_rank_pair x target_outer_pressure_bucket,4+-4+ | high_other_pressure,2157,70,3.25,215700,191750,-23950,88.9,2739.29,6.72,77.68,1155.81,11.22,-3.47,1583.48,mixed_edge
1-4,target_motor_rank_bucket,1,2248,269,11.97,224800,199760,-25040,88.86,742.6,10.33,75.47,730.61,13.39,1.64,11.99,mixed_edge
1-2,lane1_target_group_pair x other_a_count_bucket,B-A | 4,34,7,20.59,3400,3020,-380,88.82,431.43,18.62,81.17,436.02,7.65,1.97,-4.59,mixed_edge
1-2,lane1_target_national_rank_pair x target_outer_pressure_bucket,4+-1 | high_other_pressure,453,89,19.65,45300,40230,-5070,88.81,452.02,18.62,81.17,436.02,7.64,1.03,16.0,mixed_edge
1-2,target_exhibition_rank_bucket,2,2736,585,21.38,273600,242600,-31000,88.67,414.7,18.62,81.17,436.02,7.5,2.76,-21.32,mixed_edge
1-6,target_national_win_rank_bucket x other_national_better_than_target_count_bucket,3 | 1,1155,66,5.71,115500,102410,-13090,88.67,1551.67,4.06,71.41,1760.27,17.26,1.65,-208.6,mixed_edge
1-4,lane1_target_start_gap_pair,<=0.03-best,728,102,14.01,72800,64510,-8290,88.61,632.45,10.33,75.47,730.61,13.14,3.68,-98.16,mixed_edge
1-4,target_lane x lane1_target_start_gap_pair,4 | <=0.03-best,728,102,14.01,72800,64510,-8290,88.61,632.45,10.33,75.47,730.61,13.14,3.68,-98.16,mixed_edge
1-4,lane1_start_exhibition_gap_bucket x target_start_exhibition_gap_bucket,<=0.03 | best,728,102,14.01,72800,64510,-8290,88.61,632.45,10.33,75.47,730.61,13.14,3.68,-98.16,mixed_edge
1-2,stadium_code,18,684,163,23.83,68400,60590,-7810,88.58,371.72,18.62,81.17,436.02,7.41,5.21,-64.3,mixed_edge
1-2,stadium_code x target_lane,18 | 2,684,163,23.83,68400,60590,-7810,88.58,371.72,18.62,81.17,436.02,7.41,5.21,-64.3,mixed_edge
1-5,lane1_target_group_pair x other_a_count_bucket,B-A | 1,838,76,9.07,83800,74120,-9680,88.45,975.26,6.72,77.68,1155.81,10.77,2.35,-180.55,mixed_edge
1-4,lane1_target_start_gap_pair x target_outer_pressure_bucket,<=0.03-0.04-0.06 | some_other_pressure,81,9,11.11,8100,7160,-940,88.4,795.56,10.33,75.47,730.61,12.93,0.78,64.95,mixed_edge
1-3,lane1_target_group_pair,B-B,3081,305,9.9,308100,272120,-35980,88.32,892.2,15.92,79.12,497.05,9.2,-6.02,395.15,mixed_edge
1-2,lane1_target_national_rank_pair,3-2,505,119,23.56,50500,44600,-5900,88.32,374.79,18.62,81.17,436.02,7.15,4.94,-61.23,mixed_edge
1-2,target_lane x lane1_target_national_rank_pair,2 | 3-2,505,119,23.56,50500,44600,-5900,88.32,374.79,18.62,81.17,436.02,7.15,4.94,-61.23,mixed_edge
1-5,lane1_target_start_gap_pair x target_outer_pressure_bucket,0.04-0.06-<=0.03 | some_other_pressure,77,6,7.79,7700,6800,-900,88.31,1133.33,6.72,77.68,1155.81,10.63,1.07,-22.48,mixed_edge
1-6,lane1_target_exhibition_st_rank_pair,4+-3,979,38,3.88,97900,86390,-11510,88.24,2273.42,4.06,71.41,1760.27,16.83,-0.18,513.15,mixed_edge
1-6,lane1_exhibition_st_rank_bucket x target_exhibition_st_rank_bucket,4+ | 3,979,38,3.88,97900,86390,-11510,88.24,2273.42,4.06,71.41,1760.27,16.83,-0.18,513.15,mixed_edge
1-4,lane1_target_start_gap_pair x target_outer_pressure_bucket,<=0.03-<=0.03 | some_other_pressure,116,19,16.38,11600,10230,-1370,88.19,538.42,10.33,75.47,730.61,12.72,6.05,-192.19,mixed_edge
1-5,wind_bucket,0-2,7283,541,7.43,728300,642170,-86130,88.17,1187.01,6.72,77.68,1155.81,10.49,0.71,31.2,mixed_edge
1-5,target_exhibition_st_rank_bucket x other_st_faster_than_target_count_bucket,3 | 1,1085,99,9.12,108500,95650,-12850,88.16,966.16,6.72,77.68,1155.81,10.48,2.4,-189.65,mixed_edge
1-4,other_national_better_than_target_count_bucket,3,2829,225,7.95,282900,249240,-33660,88.1,1107.73,10.33,75.47,730.61,12.63,-2.38,377.12,mixed_edge
1-4,target_national_win_rank_bucket x other_national_better_than_target_count_bucket,4+ | 3,2829,225,7.95,282900,249240,-33660,88.1,1107.73,10.33,75.47,730.61,12.63,-2.38,377.12,mixed_edge
1-5,lane1_target_group_pair x other_a_count_bucket,B-B | 1,663,23,3.47,66300,58390,-7910,88.07,2538.7,6.72,77.68,1155.81,10.39,-3.25,1382.89,mixed_edge
1-3,target_boat_rank_bucket,2,2306,407,17.65,230600,203060,-27540,88.06,498.92,15.92,79.12,497.05,8.94,1.73,1.87,mixed_edge
1-2,target_national_win_rank_bucket x other_national_better_than_target_count_bucket,2 | 1,1613,293,18.16,161300,141990,-19310,88.03,484.61,18.62,81.17,436.02,6.86,-0.46,48.59,mixed_edge
1-6,lane1_target_national_rank_pair x target_outer_pressure_bucket,3-2 | high_other_pressure,259,18,6.95,25900,22800,-3100,88.03,1266.67,4.06,71.41,1760.27,16.62,2.89,-493.6,mixed_edge
1-6,lane1_target_national_rank_pair x target_outer_pressure_bucket,1-3 | some_other_pressure,255,20,7.84,25500,22440,-3060,88.0,1122.0,4.06,71.41,1760.27,16.59,3.78,-638.27,mixed_edge
1-5,lane1_target_boat_place_diff_bucket,lane1_plus_10+,1851,129,6.97,185100,162810,-22290,87.96,1262.09,6.72,77.68,1155.81,10.28,0.25,106.28,mixed_edge
1-3,lane1_target_national_rank_pair,4+-3,1114,122,10.95,111400,97970,-13430,87.94,803.03,15.92,79.12,497.05,8.82,-4.97,305.98,mixed_edge
1-3,target_lane x lane1_target_national_rank_pair,3 | 4+-3,1114,122,10.95,111400,97970,-13430,87.94,803.03,15.92,79.12,497.05,8.82,-4.97,305.98,mixed_edge
1-3,target_national_win_rank_bucket x other_national_better_than_target_count_bucket,3 | 2,1109,121,10.91,110900,97530,-13370,87.94,806.03,15.92,79.12,497.05,8.82,-5.01,308.98,mixed_edge
1-2,target_outer_pressure_bucket,some_other_pressure,2321,599,25.81,232100,204020,-28080,87.9,340.6,18.62,81.17,436.02,6.73,7.19,-95.42,mixed_edge
1-2,target_lane x target_outer_pressure_bucket,2 | some_other_pressure,2321,599,25.81,232100,204020,-28080,87.9,340.6,18.62,81.17,436.02,6.73,7.19,-95.42,mixed_edge
1-2,lane1_target_national_rank_pair,4+-2,1108,174,15.7,110800,97390,-13410,87.9,559.71,18.62,81.17,436.02,6.73,-2.92,123.69,mixed_edge
1-2,target_lane x lane1_target_national_rank_pair,2 | 4+-2,1108,174,15.7,110800,97390,-13410,87.9,559.71,18.62,81.17,436.02,6.73,-2.92,123.69,mixed_edge
1-5,lane1_target_national_rank_pair x target_outer_pressure_bucket,1-2 | some_other_pressure,119,19,15.97,11900,10460,-1440,87.9,550.53,6.72,77.68,1155.81,10.22,9.25,-605.28,mixed_edge
1-5,lane1_target_start_gap_pair,0.04-0.06-0.04-0.06,532,45,8.46,53200,46750,-6450,87.88,1038.89,6.72,77.68,1155.81,10.2,1.74,-116.92,mixed_edge
1-5,target_lane x lane1_target_start_gap_pair,5 | 0.04-0.06-0.04-0.06,532,45,8.46,53200,46750,-6450,87.88,1038.89,6.72,77.68,1155.81,10.2,1.74,-116.92,mixed_edge
1-5,lane1_start_exhibition_gap_bucket x target_start_exhibition_gap_bucket,0.04-0.06 | 0.04-0.06,532,45,8.46,53200,46750,-6450,87.88,1038.89,6.72,77.68,1155.81,10.2,1.74,-116.92,mixed_edge
1-3,lane1_target_national_rank_pair x target_outer_pressure_bucket,4+-3 | high_other_pressure,1110,121,10.9,111000,97530,-13470,87.86,806.03,15.92,79.12,497.05,8.74,-5.02,308.98,mixed_edge
1-3,target_exhibition_rank_bucket x other_exhibition_faster_than_target_count_bucket,3 | 1,1548,313,20.22,154800,135990,-18810,87.85,434.47,15.92,79.12,497.05,8.73,4.3,-62.58,mixed_edge
1-5,lane1_target_local_win_diff_bucket,near_equal,1842,152,8.25,184200,161810,-22390,87.84,1064.54,6.72,77.68,1155.81,10.16,1.53,-91.27,mixed_edge
1-3,stadium_code,22,671,114,16.99,67100,58940,-8160,87.84,517.02,15.92,79.12,497.05,8.72,1.07,19.97,mixed_edge
1-3,stadium_code x target_lane,22 | 3,671,114,16.99,67100,58940,-8160,87.84,517.02,15.92,79.12,497.05,8.72,1.07,19.97,mixed_edge
1-5,target_class_group x target_outer_pressure_bucket,A | high_other_pressure,4197,369,8.79,419700,368640,-51060,87.83,999.02,6.72,77.68,1155.81,10.15,2.07,-156.79,mixed_edge
1-4,stadium_code,13,452,52,11.5,45200,39700,-5500,87.83,763.46,10.33,75.47,730.61,12.36,1.17,32.85,mixed_edge
1-4,stadium_code x target_lane,13 | 4,452,52,11.5,45200,39700,-5500,87.83,763.46,10.33,75.47,730.61,12.36,1.17,32.85,mixed_edge
1-4,lane1_target_class_pair,A1-B1,1614,186,11.52,161400,141730,-19670,87.81,761.99,10.33,75.47,730.61,12.34,1.19,31.38,mixed_edge
1-2,other_national_better_than_target_count_bucket,1,3027,682,22.53,302700,265780,-36920,87.8,389.71,18.62,81.17,436.02,6.63,3.91,-46.31,mixed_edge
1-4,target_exhibition_rank_bucket x other_exhibition_faster_than_target_count_bucket,2 | 0,939,147,15.65,93900,82430,-11470,87.78,560.75,10.33,75.47,730.61,12.31,5.32,-169.86,mixed_edge
1-2,lane1_target_group_pair x other_a_count_bucket,B-B | 3,543,45,8.29,54300,47660,-6640,87.77,1059.11,18.62,81.17,436.02,6.6,-10.33,623.09,mixed_edge
1-6,lane1_target_exhibition_time_diff_bucket x lane1_target_start_exhibition_st_diff_bucket,lane1_faster_0.05_0.10 | target_faster_0.06+,393,16,4.07,39300,34470,-4830,87.71,2154.38,4.06,71.41,1760.27,16.3,0.01,394.11,mixed_edge
1-3,target_exhibition_st_rank_bucket x other_st_faster_than_target_count_bucket,4+ | 1,164,27,16.46,16400,14380,-2020,87.68,532.59,15.92,79.12,497.05,8.56,0.54,35.54,mixed_edge
1-3,lane1_target_exhibition_time_diff_bucket,lane1_faster_0.05_0.10,2987,499,16.71,298700,261840,-36860,87.66,524.73,15.92,79.12,497.05,8.54,0.79,27.68,mixed_edge
1-6,target_exhibition_rank_bucket,2,1824,93,5.1,182400,159890,-22510,87.66,1719.25,4.06,71.41,1760.27,16.25,1.04,-41.02,mixed_edge
1-2,other_group_pattern,A-A-B-B,744,110,14.78,74400,65220,-9180,87.66,592.91,18.62,81.17,436.02,6.49,-3.84,156.89,mixed_edge
1-2,lane1_target_group_pair x other_a_count_bucket,A-A | 1,907,290,31.97,90700,79490,-11210,87.64,274.1,18.62,81.17,436.02,6.47,13.35,-161.92,mixed_edge
1-2,lane1_target_exhibition_time_diff_bucket,near_equal,6760,1372,20.3,676000,592360,-83640,87.63,431.75,18.62,81.17,436.02,6.46,1.68,-4.27,mixed_edge
1-2,lane1_target_class_pair,B1-A2,1376,213,15.48,137600,120540,-17060,87.6,565.92,18.62,81.17,436.02,6.43,-3.14,129.9,mixed_edge
1-2,target_national_win_rank_bucket x other_national_better_than_target_count_bucket,3 | 1,1414,389,27.51,141400,123790,-17610,87.55,318.23,18.62,81.17,436.02,6.38,8.89,-117.79,mixed_edge
1-2,lane1_target_class_pair,B2-A1,57,8,14.04,5700,4990,-710,87.54,623.75,18.62,81.17,436.02,6.37,-4.58,187.73,mixed_edge
1-2,lane1_target_national_rank_pair x target_outer_pressure_bucket,3-1 | high_other_pressure,229,61,26.64,22900,20040,-2860,87.51,328.52,18.62,81.17,436.02,6.34,8.02,-107.5,mixed_edge
1-4,lane1_target_start_exhibition_st_diff_bucket,target_faster_0.03_0.06,1613,170,10.54,161300,141120,-20180,87.49,830.12,10.33,75.47,730.61,12.02,0.21,99.51,mixed_edge
1-2,lane1_target_exhibition_time_diff_bucket x lane1_target_start_exhibition_st_diff_bucket,near_equal | lane1_faster_0.06+,1133,208,18.36,113300,99100,-14200,87.47,476.44,18.62,81.17,436.02,6.3,-0.26,40.42,mixed_edge
1-2,stadium_code,02,647,101,15.61,64700,56570,-8130,87.43,560.1,18.62,81.17,436.02,6.26,-3.01,124.08,mixed_edge
1-2,stadium_code x target_lane,02 | 2,647,101,15.61,64700,56570,-8130,87.43,560.1,18.62,81.17,436.02,6.26,-3.01,124.08,mixed_edge
1-3,lane1_target_start_gap_pair,0.04-0.06-0.04-0.06,576,90,15.62,57600,50340,-7260,87.4,559.33,15.92,79.12,497.05,8.28,-0.3,62.28,mixed_edge
1-3,target_lane x lane1_target_start_gap_pair,3 | 0.04-0.06-0.04-0.06,576,90,15.62,57600,50340,-7260,87.4,559.33,15.92,79.12,497.05,8.28,-0.3,62.28,mixed_edge
1-3,lane1_start_exhibition_gap_bucket x target_start_exhibition_gap_bucket,0.04-0.06 | 0.04-0.06,576,90,15.62,57600,50340,-7260,87.4,559.33,15.92,79.12,497.05,8.28,-0.3,62.28,mixed_edge
1-5,lane1_target_exhibition_st_rank_pair,2-3,329,28,8.51,32900,28750,-4150,87.39,1026.79,6.72,77.68,1155.81,9.71,1.79,-129.02,mixed_edge
1-5,lane1_exhibition_st_rank_bucket x target_exhibition_st_rank_bucket,2 | 3,329,28,8.51,32900,28750,-4150,87.39,1026.79,6.72,77.68,1155.81,9.71,1.79,-129.02,mixed_edge
1-4,grade_group,G1,252,34,13.49,25200,22010,-3190,87.34,647.35,10.33,75.47,730.61,11.87,3.16,-83.26,mixed_edge
1-6,target_boat_rank_bucket,2,2192,95,4.33,219200,191430,-27770,87.33,2015.05,4.06,71.41,1760.27,15.92,0.27,254.78,mixed_edge
1-5,lane1_target_start_gap_pair x target_outer_pressure_bucket,0.04-0.06-0.04-0.06 | high_other_pressure,445,32,7.19,44500,38860,-5640,87.33,1214.38,6.72,77.68,1155.81,9.65,0.47,58.57,mixed_edge
1-4,lane1_target_class_pair,B1-A1,736,96,13.04,73600,64230,-9370,87.27,669.06,10.33,75.47,730.61,11.8,2.71,-61.55,mixed_edge
1-3,other_group_pattern,A-A-A-B,589,74,12.56,58900,51350,-7550,87.18,693.92,15.92,79.12,497.05,8.06,-3.36,196.87,mixed_edge
1-2,target_exhibition_st_rank_bucket,1,1836,370,20.15,183600,160050,-23550,87.17,432.57,18.62,81.17,436.02,6.0,1.53,-3.45,mixed_edge
1-2,target_lane x target_exhibition_st_rank_bucket,2 | 1,1836,370,20.15,183600,160050,-23550,87.17,432.57,18.62,81.17,436.02,6.0,1.53,-3.45,mixed_edge
1-2,target_exhibition_st_rank_bucket x other_st_faster_than_target_count_bucket,1 | 0,1836,370,20.15,183600,160050,-23550,87.17,432.57,18.62,81.17,436.02,6.0,1.53,-3.45,mixed_edge
1-5,lane1_exhibition_st_rank_bucket,1,4578,373,8.15,457800,398970,-58830,87.15,1069.62,6.72,77.68,1155.81,9.47,1.43,-86.19,mixed_edge
1-5,lane1_start_exhibition_gap_bucket,best,4578,373,8.15,457800,398970,-58830,87.15,1069.62,6.72,77.68,1155.81,9.47,1.43,-86.19,mixed_edge
1-2,lane1_target_national_rank_pair,3-1,500,137,27.4,50000,43570,-6430,87.14,318.03,18.62,81.17,436.02,5.97,8.78,-117.99,mixed_edge
1-2,target_lane x lane1_target_national_rank_pair,2 | 3-1,500,137,27.4,50000,43570,-6430,87.14,318.03,18.62,81.17,436.02,5.97,8.78,-117.99,mixed_edge
1-4,lane1_target_group_pair x other_a_count_bucket,A-A | 3,552,85,15.4,55200,48090,-7110,87.12,565.76,10.33,75.47,730.61,11.65,5.07,-164.85,mixed_edge
1-3,target_class,B2,500,55,11.0,50000,43560,-6440,87.12,792.0,15.92,79.12,497.05,8.0,-4.92,294.95,mixed_edge
1-2,other_group_pattern,B-A-A-A,379,65,17.15,37900,33010,-4890,87.1,507.85,18.62,81.17,436.02,5.93,-1.47,71.83,mixed_edge
1-2,lane1_target_national_rank_pair x target_outer_pressure_bucket,3-1 | low_other_pressure,171,48,28.07,17100,14890,-2210,87.08,310.21,18.62,81.17,436.02,5.91,9.45,-125.81,mixed_edge
1-4,lane1_target_start_gap_pair x target_outer_pressure_bucket,0.04-0.06->0.06 | some_other_pressure,72,11,15.28,7200,6270,-930,87.08,570.0,10.33,75.47,730.61,11.61,4.95,-160.61,mixed_edge
1-3,lane1_target_national_rank_pair,1-3,763,204,26.74,76300,66430,-9870,87.06,325.64,15.92,79.12,497.05,7.94,10.82,-171.41,mixed_edge
1-3,target_lane x lane1_target_national_rank_pair,3 | 1-3,763,204,26.74,76300,66430,-9870,87.06,325.64,15.92,79.12,497.05,7.94,10.82,-171.41,mixed_edge
1-4,lane1_target_group_pair x target_outer_pressure_bucket,B-A | high_other_pressure,1385,143,10.32,138500,120430,-18070,86.95,842.17,10.33,75.47,730.61,11.48,-0.01,111.56,mixed_edge
1-6,target_outer_pressure_bucket,some_other_pressure,1666,116,6.96,166600,144790,-21810,86.91,1248.19,4.06,71.41,1760.27,15.5,2.9,-512.08,mixed_edge
1-6,target_lane x target_outer_pressure_bucket,6 | some_other_pressure,1666,116,6.96,166600,144790,-21810,86.91,1248.19,4.06,71.41,1760.27,15.5,2.9,-512.08,mixed_edge
1-4,lane1_target_national_rank_pair,2-4+,1724,151,8.76,172400,149800,-22600,86.89,992.05,10.33,75.47,730.61,11.42,-1.57,261.44,mixed_edge
1-4,target_lane x lane1_target_national_rank_pair,4 | 2-4+,1724,151,8.76,172400,149800,-22600,86.89,992.05,10.33,75.47,730.61,11.42,-1.57,261.44,mixed_edge
1-4,meeting_phase_bucket,day5+,3847,466,12.11,384700,333940,-50760,86.81,716.61,10.33,75.47,730.61,11.34,1.78,-14.0,mixed_edge
1-4,meeting_phase_bucket x target_lane,day5+ | 4,3847,466,12.11,384700,333940,-50760,86.81,716.61,10.33,75.47,730.61,11.34,1.78,-14.0,mixed_edge
1-3,other_exhibition_faster_than_target_count_bucket,0,3308,621,18.77,330800,286970,-43830,86.75,462.11,15.92,79.12,497.05,7.63,2.85,-34.94,mixed_edge
1-6,target_class,A1,3217,251,7.8,321700,279090,-42610,86.75,1111.91,4.06,71.41,1760.27,15.34,3.74,-648.36,mixed_edge
1-4,other_group_pattern,B-B-A-A,538,63,11.71,53800,46660,-7140,86.73,740.63,10.33,75.47,730.61,11.26,1.38,10.02,mixed_edge
1-3,lane1_motor_rank_bucket,1,2674,447,16.72,267400,231840,-35560,86.7,518.66,15.92,79.12,497.05,7.58,0.8,21.61,mixed_edge
1-2,lane1_target_exhibition_time_diff_bucket,target_faster_0.10+,807,149,18.46,80700,69970,-10730,86.7,469.6,18.62,81.17,436.02,5.53,-0.16,33.58,mixed_edge
1-3,target_exhibition_rank_bucket,2,2249,433,19.25,224900,194910,-29990,86.67,450.14,15.92,79.12,497.05,7.55,3.33,-46.91,mixed_edge
1-2,lane1_target_exhibition_time_diff_bucket x lane1_target_start_exhibition_st_diff_bucket,near_equal | target_faster_0.03_0.06,788,160,20.3,78800,68250,-10550,86.61,426.56,18.62,81.17,436.02,5.44,1.68,-9.46,mixed_edge
1-3,lane1_target_exhibition_time_diff_bucket x lane1_target_start_exhibition_st_diff_bucket,target_faster_0.05_0.10 | near_equal,533,94,17.64,53300,46140,-7160,86.57,490.85,15.92,79.12,497.05,7.45,1.72,-6.2,mixed_edge
1-5,target_motor_rank_bucket,1,2174,174,8.0,217400,188020,-29380,86.49,1080.57,6.72,77.68,1155.81,8.81,1.28,-75.24,mixed_edge
1-5,lane1_target_national_rank_pair,3-2,476,47,9.87,47600,41170,-6430,86.49,875.96,6.72,77.68,1155.81,8.81,3.15,-279.85,mixed_edge
1-5,target_lane x lane1_target_national_rank_pair,5 | 3-2,476,47,9.87,47600,41170,-6430,86.49,875.96,6.72,77.68,1155.81,8.81,3.15,-279.85,mixed_edge
1-5,lane1_exhibition_st_rank_bucket,2,2347,168,7.16,234700,202960,-31740,86.48,1208.1,6.72,77.68,1155.81,8.8,0.44,52.29,mixed_edge
1-3,lane1_target_exhibition_time_diff_bucket,target_faster_0.05_0.10,1545,260,16.83,154500,133540,-20960,86.43,513.62,15.92,79.12,497.05,7.31,0.91,16.57,mixed_edge
1-2,lane1_target_national_rank_pair x target_outer_pressure_bucket,3-1 | some_other_pressure,100,28,28.0,10000,8640,-1360,86.4,308.57,18.62,81.17,436.02,5.23,9.38,-127.45,mixed_edge
1-6,lane1_target_exhibition_time_diff_bucket x lane1_target_start_exhibition_st_diff_bucket,target_faster_0.05_0.10 | lane1_faster_0.06+,549,21,3.83,54900,47420,-7480,86.38,2258.1,4.06,71.41,1760.27,14.97,-0.23,497.83,mixed_edge
1-5,other_group_pattern,A-B-A-A,637,41,6.44,63700,54930,-8770,86.23,1339.76,6.72,77.68,1155.81,8.55,-0.28,183.95,mixed_edge
1-6,lane1_target_class_pair,A2-A2,839,51,6.08,83900,72310,-11590,86.19,1417.84,4.06,71.41,1760.27,14.78,2.02,-342.43,mixed_edge
1-5,race_no_bucket,1-3R,3484,216,6.2,348400,300250,-48150,86.18,1390.05,6.72,77.68,1155.81,8.5,-0.52,234.24,mixed_edge
1-5,race_no_bucket x target_lane,1-3R | 5,3484,216,6.2,348400,300250,-48150,86.18,1390.05,6.72,77.68,1155.81,8.5,-0.52,234.24,mixed_edge
1-6,lane1_target_national_rank_pair,2-3,558,30,5.38,55800,48090,-7710,86.18,1603.0,4.06,71.41,1760.27,14.77,1.32,-157.27,mixed_edge
1-6,target_lane x lane1_target_national_rank_pair,6 | 2-3,558,30,5.38,55800,48090,-7710,86.18,1603.0,4.06,71.41,1760.27,14.77,1.32,-157.27,mixed_edge
1-2,target_national_win_rank_bucket,3,2509,534,21.28,250900,216020,-34880,86.1,404.53,18.62,81.17,436.02,4.93,2.66,-31.49,mixed_edge
1-6,lane1_target_start_gap_pair,best-0.04-0.06,929,53,5.71,92900,79970,-12930,86.08,1508.87,4.06,71.41,1760.27,14.67,1.65,-251.4,mixed_edge
1-6,target_lane x lane1_target_start_gap_pair,6 | best-0.04-0.06,929,53,5.71,92900,79970,-12930,86.08,1508.87,4.06,71.41,1760.27,14.67,1.65,-251.4,mixed_edge
1-6,lane1_start_exhibition_gap_bucket x target_start_exhibition_gap_bucket,best | 0.04-0.06,929,53,5.71,92900,79970,-12930,86.08,1508.87,4.06,71.41,1760.27,14.67,1.65,-251.4,mixed_edge
1-5,stadium_code,03,561,34,6.06,56100,48290,-7810,86.08,1420.29,6.72,77.68,1155.81,8.4,-0.66,264.48,mixed_edge
1-5,stadium_code x target_lane,03 | 5,561,34,6.06,56100,48290,-7810,86.08,1420.29,6.72,77.68,1155.81,8.4,-0.66,264.48,mixed_edge
1-5,lane1_local_win_rank_bucket,1,3299,285,8.64,329900,283500,-46400,85.94,994.74,6.72,77.68,1155.81,8.26,1.92,-161.07,mixed_edge
1-2,lane1_target_class_pair,B2-B1,192,16,8.33,19200,16500,-2700,85.94,1031.25,18.62,81.17,436.02,4.77,-10.29,595.23,mixed_edge
1-5,target_local_win_rank_bucket,1,1950,219,11.23,195000,167460,-27540,85.88,764.66,6.72,77.68,1155.81,8.2,4.51,-391.15,mixed_edge
1-4,lane1_target_group_pair x other_a_count_bucket,B-A | 1,770,93,12.08,77000,66130,-10870,85.88,711.08,10.33,75.47,730.61,10.41,1.75,-19.53,mixed_edge
1-3,lane1_target_national_rank_pair,3-2,518,112,21.62,51800,44480,-7320,85.87,397.14,15.92,79.12,497.05,6.75,5.7,-99.91,mixed_edge
1-3,target_lane x lane1_target_national_rank_pair,3 | 3-2,518,112,21.62,51800,44480,-7320,85.87,397.14,15.92,79.12,497.05,6.75,5.7,-99.91,mixed_edge
1-2,target_exhibition_rank_bucket x other_exhibition_faster_than_target_count_bucket,2 | 1,1472,271,18.41,147200,126370,-20830,85.85,466.31,18.62,81.17,436.02,4.68,-0.21,30.29,mixed_edge
1-4,lane1_target_group_pair x other_a_count_bucket,B-A | 2,978,96,9.82,97800,83950,-13850,85.84,874.48,10.33,75.47,730.61,10.37,-0.51,143.87,mixed_edge
1-3,target_motor_rank_bucket,2,2302,401,17.42,230200,197580,-32620,85.83,492.72,15.92,79.12,497.05,6.71,1.5,-4.33,mixed_edge
1-2,lane1_target_class_pair,A1-B2,98,11,11.22,9800,8410,-1390,85.82,764.55,18.62,81.17,436.02,4.65,-7.4,328.53,mixed_edge
1-2,lane1_target_exhibition_time_diff_bucket x lane1_target_start_exhibition_st_diff_bucket,target_faster_0.05_0.10 | lane1_faster_0.03_0.06,342,69,20.18,34200,29340,-4860,85.79,425.22,18.62,81.17,436.02,4.62,1.56,-10.8,mixed_edge
1-5,target_start_exhibition_gap_bucket,0.04-0.06,3076,251,8.16,307600,263820,-43780,85.77,1051.08,6.72,77.68,1155.81,8.09,1.44,-104.73,mixed_edge
1-5,target_lane x target_start_exhibition_gap_bucket,5 | 0.04-0.06,3076,251,8.16,307600,263820,-43780,85.77,1051.08,6.72,77.68,1155.81,8.09,1.44,-104.73,mixed_edge
1-4,target_exhibition_st_rank_bucket x other_st_faster_than_target_count_bucket,4+ | 2,2464,305,12.38,246400,211340,-35060,85.77,692.92,10.33,75.47,730.61,10.3,2.05,-37.69,mixed_edge
1-2,lane1_target_exhibition_st_rank_pair,1-4+,1427,292,20.46,142700,122330,-20370,85.73,418.94,18.62,81.17,436.02,4.56,1.84,-17.08,mixed_edge
1-2,lane1_exhibition_st_rank_bucket x target_exhibition_st_rank_bucket,1 | 4+,1427,292,20.46,142700,122330,-20370,85.73,418.94,18.62,81.17,436.02,4.56,1.84,-17.08,mixed_edge
1-3,stadium_code,08,588,100,17.01,58800,50390,-8410,85.7,503.9,15.92,79.12,497.05,6.58,1.09,6.85,mixed_edge
1-3,stadium_code x target_lane,08 | 3,588,100,17.01,58800,50390,-8410,85.7,503.9,15.92,79.12,497.05,6.58,1.09,6.85,mixed_edge
1-3,lane1_target_exhibition_st_rank_pair,2-3,701,128,18.26,70100,60060,-10040,85.68,469.22,15.92,79.12,497.05,6.56,2.34,-27.83,mixed_edge
1-3,lane1_exhibition_st_rank_bucket x target_exhibition_st_rank_bucket,2 | 3,701,128,18.26,70100,60060,-10040,85.68,469.22,15.92,79.12,497.05,6.56,2.34,-27.83,mixed_edge
1-3,lane1_target_class_pair,B1-B1,2671,267,10.0,267100,228740,-38360,85.64,856.7,15.92,79.12,497.05,6.52,-5.92,359.65,mixed_edge
1-2,other_group_pattern,B-B-A-A,672,130,19.35,67200,57550,-9650,85.64,442.69,18.62,81.17,436.02,4.47,0.73,6.67,mixed_edge
1-2,target_exhibition_rank_bucket,1,2519,536,21.28,251900,215700,-36200,85.63,402.43,18.62,81.17,436.02,4.46,2.66,-33.59,mixed_edge
1-2,target_exhibition_rank_bucket x other_exhibition_faster_than_target_count_bucket,1 | 0,2519,536,21.28,251900,215700,-36200,85.63,402.43,18.62,81.17,436.02,4.46,2.66,-33.59,mixed_edge
1-3,lane1_target_start_exhibition_st_diff_bucket,lane1_faster_0.06+,2632,426,16.19,263200,225290,-37910,85.6,528.85,15.92,79.12,497.05,6.48,0.27,31.8,mixed_edge
1-5,lane1_target_exhibition_time_diff_bucket x lane1_target_start_exhibition_st_diff_bucket,target_faster_0.05_0.10 | lane1_faster_0.03_0.06,202,22,10.89,20200,17290,-2910,85.59,785.91,6.72,77.68,1155.81,7.91,4.17,-369.9,mixed_edge
1-3,lane1_target_exhibition_time_diff_bucket x lane1_target_start_exhibition_st_diff_bucket,near_equal | lane1_faster_0.06+,1229,212,17.25,122900,105180,-17720,85.58,496.13,15.92,79.12,497.05,6.46,1.33,-0.92,mixed_edge
1-4,lane1_target_national_rank_pair x target_outer_pressure_bucket,2-4+ | high_other_pressure,1722,149,8.65,172200,147320,-24880,85.55,988.72,10.33,75.47,730.61,10.08,-1.68,258.11,mixed_edge
1-2,target_class_group x target_outer_pressure_bucket,A | some_other_pressure,1676,418,24.94,167600,143360,-24240,85.54,342.97,18.62,81.17,436.02,4.37,6.32,-93.05,mixed_edge
1-2,wind_bucket,0-2,7283,1410,19.36,728300,622520,-105780,85.48,441.5,18.62,81.17,436.02,4.31,0.74,5.48,mixed_edge
1-3,lane1_target_boat_place_diff_bucket,target_plus_10+,1952,328,16.8,195200,166820,-28380,85.46,508.6,15.92,79.12,497.05,6.34,0.88,11.55,mixed_edge
1-3,lane1_target_national_rank_pair x target_outer_pressure_bucket,4+-1 | some_other_pressure,220,42,19.09,22000,18800,-3200,85.45,447.62,15.92,79.12,497.05,6.33,3.17,-49.43,mixed_edge
1-2,lane1_start_exhibition_gap_bucket,<=0.03,3150,662,21.02,315000,269080,-45920,85.42,406.47,18.62,81.17,436.02,4.25,2.4,-29.55,mixed_edge
1-6,lane1_target_start_gap_pair x target_outer_pressure_bucket,>0.06->0.06 | some_other_pressure,109,5,4.59,10900,9310,-1590,85.41,1862.0,4.06,71.41,1760.27,14.0,0.53,101.73,mixed_edge
1-5,other_national_better_than_target_count_bucket,1,2612,221,8.46,261200,223000,-38200,85.38,1009.05,6.72,77.68,1155.81,7.7,1.74,-146.76,mixed_edge
1-5,lane1_exhibition_rank_bucket,1,4095,315,7.69,409500,349490,-60010,85.35,1109.49,6.72,77.68,1155.81,7.67,0.97,-46.32,mixed_edge
1-2,lane1_target_motor_place_diff_bucket,target_plus_10+,2338,477,20.4,233800,199540,-34260,85.35,418.32,18.62,81.17,436.02,4.18,1.78,-17.7,mixed_edge
1-2,lane1_target_group_pair x other_a_count_bucket,A-B | 1,1226,219,17.86,122600,104570,-18030,85.29,477.49,18.62,81.17,436.02,4.12,-0.76,41.47,mixed_edge
1-2,target_boat_rank_bucket,2,2559,500,19.54,255900,218210,-37690,85.27,436.42,18.62,81.17,436.02,4.1,0.92,0.4,mixed_edge
1-6,other_group_pattern,A-B-B-A,810,23,2.84,81000,69060,-11940,85.26,3002.61,4.06,71.41,1760.27,13.85,-1.22,1242.34,mixed_edge
1-6,stadium_code,20,612,32,5.23,61200,52180,-9020,85.26,1630.62,4.06,71.41,1760.27,13.85,1.17,-129.65,mixed_edge
1-6,stadium_code x target_lane,20 | 6,612,32,5.23,61200,52180,-9020,85.26,1630.62,4.06,71.41,1760.27,13.85,1.17,-129.65,mixed_edge
1-3,target_start_exhibition_gap_bucket,best,2600,465,17.88,260000,221410,-38590,85.16,476.15,15.92,79.12,497.05,6.04,1.96,-20.9,mixed_edge
1-3,target_lane x target_start_exhibition_gap_bucket,3 | best,2600,465,17.88,260000,221410,-38590,85.16,476.15,15.92,79.12,497.05,6.04,1.96,-20.9,mixed_edge
1-2,lane1_target_start_gap_pair x target_outer_pressure_bucket,0.04-0.06-best | low_other_pressure,45,13,28.89,4500,3830,-670,85.11,294.62,18.62,81.17,436.02,3.94,10.27,-141.4,mixed_edge
1-4,lane1_target_national_rank_pair,3-1,441,83,18.82,44100,37530,-6570,85.1,452.17,10.33,75.47,730.61,9.63,8.49,-278.44,mixed_edge
1-4,target_lane x lane1_target_national_rank_pair,4 | 3-1,441,83,18.82,44100,37530,-6570,85.1,452.17,10.33,75.47,730.61,9.63,8.49,-278.44,mixed_edge
1-4,lane1_target_start_gap_pair,best-best,216,34,15.74,21600,18380,-3220,85.09,540.59,10.33,75.47,730.61,9.62,5.41,-190.02,mixed_edge
1-4,target_lane x lane1_target_start_gap_pair,4 | best-best,216,34,15.74,21600,18380,-3220,85.09,540.59,10.33,75.47,730.61,9.62,5.41,-190.02,mixed_edge
1-4,lane1_start_exhibition_gap_bucket x target_start_exhibition_gap_bucket,best | best,216,34,15.74,21600,18380,-3220,85.09,540.59,10.33,75.47,730.61,9.62,5.41,-190.02,mixed_edge
1-3,lane1_target_group_pair x target_outer_pressure_bucket,B-B | some_other_pressure,183,39,21.31,18300,15570,-2730,85.08,399.23,15.92,79.12,497.05,5.96,5.39,-97.82,mixed_edge
1-2,lane1_target_group_pair,B-A,2529,399,15.78,252900,215040,-37860,85.03,538.95,18.62,81.17,436.02,3.86,-2.84,102.93,mixed_edge
1-2,target_national_win_rank_bucket x other_national_better_than_target_count_bucket,4+ | 2,1970,406,20.61,197000,167490,-29510,85.02,412.54,18.62,81.17,436.02,3.85,1.99,-23.48,mixed_edge
1-2,lane1_target_group_pair x target_outer_pressure_bucket,B-A | low_other_pressure,377,66,17.51,37700,32040,-5660,84.99,485.45,18.62,81.17,436.02,3.82,-1.11,49.43,mixed_edge
1-5,lane1_target_start_exhibition_st_diff_bucket,lane1_faster_0.03_0.06,2096,185,8.83,209600,178120,-31480,84.98,962.81,6.72,77.68,1155.81,7.3,2.11,-193.0,mixed_edge
1-2,race_no_bucket,7-9R,3448,634,18.39,344800,292840,-51960,84.93,461.89,18.62,81.17,436.02,3.76,-0.23,25.87,mixed_edge
1-2,race_no_bucket x target_lane,7-9R | 2,3448,634,18.39,344800,292840,-51960,84.93,461.89,18.62,81.17,436.02,3.76,-0.23,25.87,mixed_edge
1-6,lane1_target_start_gap_pair x target_outer_pressure_bucket,>0.06-best | low_other_pressure,67,7,10.45,6700,5690,-1010,84.93,812.86,4.06,71.41,1760.27,13.52,6.39,-947.41,mixed_edge
1-6,lane1_target_national_rank_pair x target_outer_pressure_bucket,3-1 | high_other_pressure,242,21,8.68,24200,20550,-3650,84.92,978.57,4.06,71.41,1760.27,13.51,4.62,-781.7,mixed_edge
1-4,other_exhibition_faster_than_target_count_bucket,1,2814,312,11.09,281400,238800,-42600,84.86,765.38,10.33,75.47,730.61,9.39,0.76,34.77,mixed_edge
1-6,target_national_win_rank_bucket,3,2060,92,4.47,206000,174810,-31190,84.86,1900.11,4.06,71.41,1760.27,13.45,0.41,139.84,mixed_edge
1-5,target_national_win_rank_bucket x other_national_better_than_target_count_bucket,3 | 1,1138,114,10.02,113800,96520,-17280,84.82,846.67,6.72,77.68,1155.81,7.14,3.3,-309.14,mixed_edge
1-2,lane1_motor_rank_bucket,3,2230,418,18.74,223000,189130,-33870,84.81,452.46,18.62,81.17,436.02,3.64,0.12,16.44,mixed_edge
1-3,lane1_target_local_win_diff_bucket,near_equal,2015,354,17.57,201500,170890,-30610,84.81,482.74,15.92,79.12,497.05,5.69,1.65,-14.31,mixed_edge
1-6,target_national_win_rank_bucket x other_national_better_than_target_count_bucket,4+ | 2,1497,57,3.81,149700,126930,-22770,84.79,2226.84,4.06,71.41,1760.27,13.38,-0.25,466.57,mixed_edge
1-6,lane1_target_national_rank_pair x target_outer_pressure_bucket,2-1 | low_other_pressure,170,28,16.47,17000,14410,-2590,84.76,514.64,4.06,71.41,1760.27,13.35,12.41,-1245.63,mixed_edge
1-2,other_national_better_than_target_count_bucket,2,3065,551,17.98,306500,259720,-46780,84.74,471.36,18.62,81.17,436.02,3.57,-0.64,35.34,mixed_edge
1-2,lane1_target_exhibition_time_diff_bucket x lane1_target_start_exhibition_st_diff_bucket,lane1_faster_0.10+ | lane1_faster_0.03_0.06,320,57,17.81,32000,27100,-4900,84.69,475.44,18.62,81.17,436.02,3.52,-0.81,39.42,mixed_edge
1-2,target_motor_rank_bucket,2,2607,523,20.06,260700,220660,-40040,84.64,421.91,18.62,81.17,436.02,3.47,1.44,-14.11,mixed_edge
1-2,lane1_target_national_rank_pair,2-3,652,144,22.09,65200,55180,-10020,84.63,383.19,18.62,81.17,436.02,3.46,3.47,-52.83,mixed_edge
1-2,target_lane x lane1_target_national_rank_pair,2 | 2-3,652,144,22.09,65200,55180,-10020,84.63,383.19,18.62,81.17,436.02,3.46,3.47,-52.83,mixed_edge
1-4,lane1_target_group_pair,B-A,2127,224,10.53,212700,179980,-32720,84.62,803.48,10.33,75.47,730.61,9.15,0.2,72.87,mixed_edge
1-3,lane1_target_exhibition_time_diff_bucket x lane1_target_start_exhibition_st_diff_bucket,lane1_faster_0.10+ | lane1_faster_0.03_0.06,333,59,17.72,33300,28180,-5120,84.62,477.63,15.92,79.12,497.05,5.5,1.8,-19.42,mixed_edge
1-2,target_start_exhibition_gap_bucket,0.04-0.06,3324,653,19.65,332400,281080,-51320,84.56,430.44,18.62,81.17,436.02,3.39,1.03,-5.58,mixed_edge
1-2,target_lane x target_start_exhibition_gap_bucket,2 | 0.04-0.06,3324,653,19.65,332400,281080,-51320,84.56,430.44,18.62,81.17,436.02,3.39,1.03,-5.58,mixed_edge
1-2,lane1_class,A2,3852,773,20.07,385200,325670,-59530,84.55,421.31,18.62,81.17,436.02,3.38,1.45,-14.71,mixed_edge
1-5,lane1_target_national_rank_pair,1-2,616,92,14.94,61600,52080,-9520,84.55,566.09,6.72,77.68,1155.81,6.87,8.22,-589.72,mixed_edge
1-5,target_lane x lane1_target_national_rank_pair,5 | 1-2,616,92,14.94,61600,52080,-9520,84.55,566.09,6.72,77.68,1155.81,6.87,8.22,-589.72,mixed_edge
1-5,lane1_target_exhibition_time_diff_bucket,lane1_faster_0.05_0.10,3037,196,6.45,303700,256570,-47130,84.48,1309.03,6.72,77.68,1155.81,6.8,-0.27,153.22,mixed_edge
1-2,lane1_target_motor_place_diff_bucket,target_plus_4_10,2309,421,18.23,230900,195040,-35860,84.47,463.28,18.62,81.17,436.02,3.3,-0.39,27.26,mixed_edge
1-3,other_group_pattern,A-B-B-A,874,111,12.7,87400,73830,-13570,84.47,665.14,15.92,79.12,497.05,5.35,-3.22,168.09,mixed_edge
1-6,target_local_win_rank_bucket,1,2078,179,8.61,207800,175420,-32380,84.42,980.0,4.06,71.41,1760.27,13.01,4.55,-780.27,mixed_edge
1-4,other_b2_count_bucket,1,3451,382,11.07,345100,291290,-53810,84.41,762.54,10.33,75.47,730.61,8.94,0.74,31.93,mixed_edge
1-6,lane1_target_national_rank_pair x target_outer_pressure_bucket,1-2 | low_other_pressure,161,16,9.94,16100,13590,-2510,84.41,849.38,4.06,71.41,1760.27,13.0,5.88,-910.89,mixed_edge
1-2,lane1_target_class_pair,B2-A2,93,8,8.6,9300,7850,-1450,84.41,981.25,18.62,81.17,436.02,3.24,-10.02,545.23,mixed_edge
1-3,wind_bucket,7+,647,93,14.37,64700,54600,-10100,84.39,587.1,15.92,79.12,497.05,5.27,-1.55,90.05,mixed_edge
1-2,lane1_target_local_win_diff_bucket,target_plus_1.00+,3429,578,16.86,342900,289340,-53560,84.38,500.59,18.62,81.17,436.02,3.21,-1.76,64.57,mixed_edge
1-4,lane1_target_national_win_diff_bucket,target_plus_0.35_1.00,1738,216,12.43,173800,146550,-27250,84.32,678.47,10.33,75.47,730.61,8.85,2.1,-52.14,mixed_edge
1-3,lane1_target_group_pair x target_outer_pressure_bucket,A-A | some_other_pressure,981,271,27.62,98100,82720,-15380,84.32,305.24,15.92,79.12,497.05,5.2,11.7,-191.81,mixed_edge
1-3,lane1_target_class_pair,A1-B1,1651,308,18.66,165100,139180,-25920,84.3,451.88,15.92,79.12,497.05,5.18,2.74,-45.17,mixed_edge
1-2,lane1_national_win_rank_bucket,3,2413,431,17.86,241300,203390,-37910,84.29,471.9,18.62,81.17,436.02,3.12,-0.76,35.88,mixed_edge
1-6,lane1_target_start_gap_pair x target_outer_pressure_bucket,best-0.04-0.06 | high_other_pressure,729,33,4.53,72900,61420,-11480,84.25,1861.21,4.06,71.41,1760.27,12.84,0.47,100.94,mixed_edge
1-4,lane1_target_exhibition_time_diff_bucket x lane1_target_start_exhibition_st_diff_bucket,target_faster_0.05_0.10 | near_equal,458,62,13.54,45800,38580,-7220,84.24,622.26,10.33,75.47,730.61,8.77,3.21,-108.35,mixed_edge
1-2,lane1_target_national_rank_pair,4+-3,1095,145,13.24,109500,92230,-17270,84.23,636.07,18.62,81.17,436.02,3.06,-5.38,200.05,mixed_edge
1-2,target_lane x lane1_target_national_rank_pair,2 | 4+-3,1095,145,13.24,109500,92230,-17270,84.23,636.07,18.62,81.17,436.02,3.06,-5.38,200.05,mixed_edge
1-2,lane1_target_national_rank_pair x target_outer_pressure_bucket,4+-3 | high_other_pressure,1095,145,13.24,109500,92230,-17270,84.23,636.07,18.62,81.17,436.02,3.06,-5.38,200.05,mixed_edge
1-2,target_national_win_rank_bucket x other_national_better_than_target_count_bucket,3 | 2,1095,145,13.24,109500,92230,-17270,84.23,636.07,18.62,81.17,436.02,3.06,-5.38,200.05,mixed_edge
1-2,lane1_target_class_pair,A2-B2,167,21,12.57,16700,14060,-2640,84.19,669.52,18.62,81.17,436.02,3.02,-6.05,233.5,mixed_edge
1-2,lane1_local_win_rank_bucket,4+,5395,815,15.11,539500,454070,-85430,84.16,557.14,18.62,81.17,436.02,2.99,-3.51,121.12,mixed_edge
1-3,lane1_target_national_rank_pair,4+-1,990,177,17.88,99000,83300,-15700,84.14,470.62,15.92,79.12,497.05,5.02,1.96,-26.43,mixed_edge
1-3,target_lane x lane1_target_national_rank_pair,3 | 4+-1,990,177,17.88,99000,83300,-15700,84.14,470.62,15.92,79.12,497.05,5.02,1.96,-26.43,mixed_edge
1-2,other_exhibition_faster_than_target_count_bucket,4,1814,283,15.6,181400,152570,-28830,84.11,539.12,18.62,81.17,436.02,2.94,-3.02,103.1,mixed_edge
1-2,target_exhibition_rank_bucket x other_exhibition_faster_than_target_count_bucket,4+ | 4,1814,283,15.6,181400,152570,-28830,84.11,539.12,18.62,81.17,436.02,2.94,-3.02,103.1,mixed_edge
1-6,lane1_target_national_rank_pair,3-2,451,28,6.21,45100,37890,-7210,84.01,1353.21,4.06,71.41,1760.27,12.6,2.15,-407.06,mixed_edge
1-6,target_lane x lane1_target_national_rank_pair,6 | 3-2,451,28,6.21,45100,37890,-7210,84.01,1353.21,4.06,71.41,1760.27,12.6,2.15,-407.06,mixed_edge
1-5,target_exhibition_rank_bucket,1,1605,152,9.47,160500,134810,-25690,83.99,886.91,6.72,77.68,1155.81,6.31,2.75,-268.9,mixed_edge
1-5,target_exhibition_rank_bucket x other_exhibition_faster_than_target_count_bucket,1 | 0,1605,152,9.47,160500,134810,-25690,83.99,886.91,6.72,77.68,1155.81,6.31,2.75,-268.9,mixed_edge
1-6,lane1_start_exhibition_gap_bucket,0.04-0.06,2539,103,4.06,253900,213200,-40700,83.97,2069.9,4.06,71.41,1760.27,12.56,0.0,309.63,mixed_edge
1-5,target_national_win_rank_bucket x other_national_better_than_target_count_bucket,2 | 1,1458,105,7.2,145800,122400,-23400,83.95,1165.71,6.72,77.68,1155.81,6.27,0.48,9.9,mixed_edge
1-2,meeting_phase_bucket,day5+,3847,827,21.5,384700,322930,-61770,83.94,390.48,18.62,81.17,436.02,2.77,2.88,-45.54,mixed_edge
1-2,meeting_phase_bucket x target_lane,day5+ | 2,3847,827,21.5,384700,322930,-61770,83.94,390.48,18.62,81.17,436.02,2.77,2.88,-45.54,mixed_edge
1-5,month,2025-12,4763,343,7.2,476300,399780,-76520,83.93,1165.54,6.72,77.68,1155.81,6.25,0.48,9.73,mixed_edge
1-4,lane1_target_national_rank_pair,4+-2,1016,95,9.35,101600,85230,-16370,83.89,897.16,10.33,75.47,730.61,8.42,-0.98,166.55,mixed_edge
1-4,target_lane x lane1_target_national_rank_pair,4 | 4+-2,1016,95,9.35,101600,85230,-16370,83.89,897.16,10.33,75.47,730.61,8.42,-0.98,166.55,mixed_edge
1-6,target_exhibition_rank_bucket x other_exhibition_faster_than_target_count_bucket,2 | 0,851,47,5.52,85100,71390,-13710,83.89,1518.94,4.06,71.41,1760.27,12.48,1.46,-241.33,mixed_edge
1-2,lane1_target_national_rank_pair,1-4+,1924,403,20.95,192400,161360,-31040,83.87,400.4,18.62,81.17,436.02,2.7,2.33,-35.62,mixed_edge
1-2,target_lane x lane1_target_national_rank_pair,2 | 1-4+,1924,403,20.95,192400,161360,-31040,83.87,400.4,18.62,81.17,436.02,2.7,2.33,-35.62,mixed_edge
1-2,lane1_target_national_rank_pair x target_outer_pressure_bucket,1-4+ | high_other_pressure,1924,403,20.95,192400,161360,-31040,83.87,400.4,18.62,81.17,436.02,2.7,2.33,-35.62,mixed_edge
1-5,lane1_target_exhibition_time_diff_bucket x lane1_target_start_exhibition_st_diff_bucket,lane1_faster_0.10+ | near_equal,507,37,7.3,50700,42520,-8180,83.87,1149.19,6.72,77.68,1155.81,6.19,0.58,-6.62,mixed_edge
1-5,target_class_group,A,6081,571,9.39,608100,509740,-98360,83.83,892.71,6.72,77.68,1155.81,6.15,2.67,-263.1,mixed_edge
1-5,target_lane x target_class_group,5 | A,6081,571,9.39,608100,509740,-98360,83.83,892.71,6.72,77.68,1155.81,6.15,2.67,-263.1,mixed_edge
1-3,other_exhibition_faster_than_target_count_bucket,1,2967,543,18.3,296700,248700,-48000,83.82,458.01,15.92,79.12,497.05,4.7,2.38,-39.04,mixed_edge
1-6,other_a_count_bucket,1,3603,220,6.11,360300,301820,-58480,83.77,1371.91,4.06,71.41,1760.27,12.36,2.05,-388.36,mixed_edge
1-6,target_lane x other_a_count_bucket,6 | 1,3603,220,6.11,360300,301820,-58480,83.77,1371.91,4.06,71.41,1760.27,12.36,2.05,-388.36,mixed_edge
1-2,lane1_target_class_pair,A2-B1,2365,398,16.83,236500,198100,-38400,83.76,497.74,18.62,81.17,436.02,2.59,-1.79,61.72,mixed_edge
1-6,lane1_target_motor_place_diff_bucket,target_plus_4_10,2296,110,4.79,229600,192270,-37330,83.74,1747.91,4.06,71.41,1760.27,12.33,0.73,-12.36,mixed_edge
1-2,lane1_target_exhibition_time_diff_bucket x lane1_target_start_exhibition_st_diff_bucket,target_faster_0.05_0.10 | near_equal,716,137,19.13,71600,59920,-11680,83.69,437.37,18.62,81.17,436.02,2.52,0.51,1.35,mixed_edge
1-5,lane1_class,B2,355,17,4.79,35500,29710,-5790,83.69,1747.65,6.72,77.68,1155.81,6.01,-1.93,591.84,mixed_edge
1-4,lane1_target_national_rank_pair x target_outer_pressure_bucket,1-4+ | high_other_pressure,1989,223,11.21,198900,166440,-32460,83.68,746.37,10.33,75.47,730.61,8.21,0.88,15.76,mixed_edge
1-5,lane1_target_class_pair,A1-A2,987,101,10.23,98700,82550,-16150,83.64,817.33,6.72,77.68,1155.81,5.96,3.51,-338.48,mixed_edge
1-4,lane1_target_exhibition_time_diff_bucket,lane1_faster_0.10+,1938,186,9.6,193800,162050,-31750,83.62,871.24,10.33,75.47,730.61,8.15,-0.73,140.63,mixed_edge
1-2,lane1_target_group_pair x other_a_count_bucket,B-A | 2,1170,171,14.62,117000,97840,-19160,83.62,572.16,18.62,81.17,436.02,2.45,-4.0,136.14,mixed_edge
1-3,other_a_count_bucket,2,4731,629,13.3,473100,395540,-77560,83.61,628.84,15.92,79.12,497.05,4.49,-2.62,131.79,mixed_edge
1-3,target_lane x other_a_count_bucket,3 | 2,4731,629,13.3,473100,395540,-77560,83.61,628.84,15.92,79.12,497.05,4.49,-2.62,131.79,mixed_edge
1-4,lane1_target_national_rank_pair,1-4+,1995,224,11.23,199500,166780,-32720,83.6,744.55,10.33,75.47,730.61,8.13,0.9,13.94,mixed_edge
1-4,target_lane x lane1_target_national_rank_pair,4 | 1-4+,1995,224,11.23,199500,166780,-32720,83.6,744.55,10.33,75.47,730.61,8.13,0.9,13.94,mixed_edge
1-6,lane1_target_group_pair x other_a_count_bucket,A-A | 1,1005,101,10.05,100500,84020,-16480,83.6,831.88,4.06,71.41,1760.27,12.19,5.99,-928.39,mixed_edge
1-4,lane1_target_group_pair x other_a_count_bucket,A-B | 2,1400,118,8.43,140000,117010,-22990,83.58,991.61,10.33,75.47,730.61,8.11,-1.9,261.0,mixed_edge
1-3,target_outer_pressure_bucket,some_other_pressure,2058,484,23.52,205800,171960,-33840,83.56,355.29,15.92,79.12,497.05,4.44,7.6,-141.76,mixed_edge
1-3,target_lane x target_outer_pressure_bucket,3 | some_other_pressure,2058,484,23.52,205800,171960,-33840,83.56,355.29,15.92,79.12,497.05,4.44,7.6,-141.76,mixed_edge
1-3,lane1_target_class_pair,A2-A2,778,180,23.14,77800,65000,-12800,83.55,361.11,15.92,79.12,497.05,4.43,7.22,-135.94,mixed_edge
1-5,target_boat_rank_bucket,1,2256,146,6.47,225600,188470,-37130,83.54,1290.89,6.72,77.68,1155.81,5.86,-0.25,135.08,mixed_edge
1-4,lane1_target_group_pair x other_a_count_bucket,B-B | 1,704,43,6.11,70400,58810,-11590,83.54,1367.67,10.33,75.47,730.61,8.07,-4.22,637.06,mixed_edge
1-2,target_local_win_rank_bucket,1,2215,510,23.02,221500,184960,-36540,83.5,362.67,18.62,81.17,436.02,2.33,4.4,-73.35,mixed_edge
1-4,target_exhibition_rank_bucket,2,2055,264,12.85,205500,171590,-33910,83.5,649.96,10.33,75.47,730.61,8.03,2.52,-80.65,mixed_edge
1-5,stadium_code,09,650,47,7.23,65000,54270,-10730,83.49,1154.68,6.72,77.68,1155.81,5.81,0.51,-1.13,mixed_edge
1-5,stadium_code x target_lane,09 | 5,650,47,7.23,65000,54270,-10730,83.49,1154.68,6.72,77.68,1155.81,5.81,0.51,-1.13,mixed_edge
1-2,other_exhibition_faster_than_target_count_bucket,0,3976,850,21.38,397600,331930,-65670,83.48,390.51,18.62,81.17,436.02,2.31,2.76,-45.51,mixed_edge
1-3,race_no_bucket,4-6R,3479,496,14.26,347900,290410,-57490,83.48,585.5,15.92,79.12,497.05,4.36,-1.66,88.45,mixed_edge
1-3,race_no_bucket x target_lane,4-6R | 3,3479,496,14.26,347900,290410,-57490,83.48,585.5,15.92,79.12,497.05,4.36,-1.66,88.45,mixed_edge
1-5,lane1_exhibition_rank_bucket,2,3074,224,7.29,307400,256520,-50880,83.45,1145.18,6.72,77.68,1155.81,5.77,0.57,-10.63,mixed_edge
1-2,target_exhibition_st_rank_bucket x other_st_faster_than_target_count_bucket,2 | 1,1038,188,18.11,103800,86600,-17200,83.43,460.64,18.62,81.17,436.02,2.26,-0.51,24.62,mixed_edge
1-4,lane1_target_group_pair x target_outer_pressure_bucket,B-A | some_other_pressure,498,52,10.44,49800,41550,-8250,83.43,799.04,10.33,75.47,730.61,7.96,0.11,68.43,mixed_edge
1-4,wind_bucket,7+,647,62,9.58,64700,53970,-10730,83.42,870.48,10.33,75.47,730.61,7.95,-0.75,139.87,mixed_edge
1-4,lane1_target_group_pair x other_a_count_bucket,B-A | 0,123,20,16.26,12300,10260,-2040,83.41,513.0,10.33,75.47,730.61,7.94,5.93,-217.61,mixed_edge
1-3,lane1_class_group,B,5483,631,11.51,548300,457200,-91100,83.39,724.56,15.92,79.12,497.05,4.27,-4.41,227.51,mixed_edge
1-3,lane1_class,B1,5128,599,11.68,512800,427620,-85180,83.39,713.89,15.92,79.12,497.05,4.27,-4.24,216.84,mixed_edge
1-6,other_national_better_than_target_count_bucket,2,2391,83,3.47,239100,199330,-39770,83.37,2401.57,4.06,71.41,1760.27,11.96,-0.59,641.3,mixed_edge
1-3,stadium_code,21,621,131,21.1,62100,51740,-10360,83.32,394.96,15.92,79.12,497.05,4.2,5.18,-102.09,mixed_edge
1-3,stadium_code x target_lane,21 | 3,621,131,21.1,62100,51740,-10360,83.32,394.96,15.92,79.12,497.05,4.2,5.18,-102.09,mixed_edge
1-3,lane1_class,B2,355,32,9.01,35500,29580,-5920,83.32,924.38,15.92,79.12,497.05,4.2,-6.91,427.33,mixed_edge
1-2,lane1_boat_rank_bucket,4+,6696,1241,18.53,669600,557860,-111740,83.31,449.52,18.62,81.17,436.02,2.14,-0.09,13.5,mixed_edge
1-2,other_a_count_bucket,3,1992,325,16.32,199200,165950,-33250,83.31,510.62,18.62,81.17,436.02,2.14,-2.3,74.6,mixed_edge
1-2,target_lane x other_a_count_bucket,2 | 3,1992,325,16.32,199200,165950,-33250,83.31,510.62,18.62,81.17,436.02,2.14,-2.3,74.6,mixed_edge
1-3,target_class_group,B,7180,938,13.06,718000,598070,-119930,83.3,637.6,15.92,79.12,497.05,4.18,-2.86,140.55,mixed_edge
1-3,target_lane x target_class_group,3 | B,7180,938,13.06,718000,598070,-119930,83.3,637.6,15.92,79.12,497.05,4.18,-2.86,140.55,mixed_edge
1-2,lane1_target_exhibition_time_diff_bucket x lane1_target_start_exhibition_st_diff_bucket,lane1_faster_0.05_0.10 | lane1_faster_0.03_0.06,583,120,20.58,58300,48550,-9750,83.28,404.58,18.62,81.17,436.02,2.11,1.96,-31.44,mixed_edge
1-5,target_exhibition_rank_bucket x other_exhibition_faster_than_target_count_bucket,2 | 0,875,87,9.94,87500,72860,-14640,83.27,837.47,6.72,77.68,1155.81,5.59,3.22,-318.34,mixed_edge
1-2,meeting_phase_bucket,day3-4,4979,927,18.62,497900,414510,-83390,83.25,447.15,18.62,81.17,436.02,2.08,0.0,11.13,mixed_edge
1-2,meeting_phase_bucket x target_lane,day3-4 | 2,4979,927,18.62,497900,414510,-83390,83.25,447.15,18.62,81.17,436.02,2.08,0.0,11.13,mixed_edge
1-5,target_national_win_rank_bucket,2,2096,197,9.4,209600,174480,-35120,83.24,885.69,6.72,77.68,1155.81,5.56,2.68,-270.12,mixed_edge
1-5,target_exhibition_st_rank_bucket,3,2025,165,8.15,202500,168570,-33930,83.24,1021.64,6.72,77.68,1155.81,5.56,1.43,-134.17,mixed_edge
1-5,target_lane x target_exhibition_st_rank_bucket,5 | 3,2025,165,8.15,202500,168570,-33930,83.24,1021.64,6.72,77.68,1155.81,5.56,1.43,-134.17,mixed_edge
1-4,stadium_code,05,618,64,10.36,61800,51430,-10370,83.22,803.59,10.33,75.47,730.61,7.75,0.03,72.98,mixed_edge
1-4,stadium_code x target_lane,05 | 4,618,64,10.36,61800,51430,-10370,83.22,803.59,10.33,75.47,730.61,7.75,0.03,72.98,mixed_edge
1-3,lane1_target_class_pair,A2-A1,729,206,28.26,72900,60660,-12240,83.21,294.47,15.92,79.12,497.05,4.09,12.34,-202.58,mixed_edge
1-3,lane1_boat_rank_bucket,3,2238,372,16.62,223800,186190,-37610,83.19,500.51,15.92,79.12,497.05,4.07,0.7,3.46,mixed_edge
1-3,lane1_exhibition_st_rank_bucket,2,2347,419,17.85,234700,195230,-39470,83.18,465.94,15.92,79.12,497.05,4.06,1.93,-31.11,mixed_edge
1-4,target_exhibition_rank_bucket,3,2246,242,10.77,224600,186770,-37830,83.16,771.78,10.33,75.47,730.61,7.69,0.44,41.17,mixed_edge
1-3,target_national_win_rank_bucket,3,2492,445,17.86,249200,207200,-42000,83.15,465.62,15.92,79.12,497.05,4.03,1.94,-31.43,mixed_edge
1-5,lane1_target_group_pair x other_a_count_bucket,A-A | 4,1349,110,8.15,134900,112150,-22750,83.14,1019.55,6.72,77.68,1155.81,5.46,1.43,-136.26,mixed_edge
1-3,lane1_target_national_rank_pair,4+-4+,1901,145,7.63,190100,158010,-32090,83.12,1089.72,15.92,79.12,497.05,4.0,-8.29,592.67,mixed_edge
1-3,target_lane x lane1_target_national_rank_pair,3 | 4+-4+,1901,145,7.63,190100,158010,-32090,83.12,1089.72,15.92,79.12,497.05,4.0,-8.29,592.67,mixed_edge
1-3,lane1_target_national_rank_pair x target_outer_pressure_bucket,4+-4+ | high_other_pressure,1901,145,7.63,190100,158010,-32090,83.12,1089.72,15.92,79.12,497.05,4.0,-8.29,592.67,mixed_edge
1-5,lane1_target_national_rank_pair x target_outer_pressure_bucket,2-3 | some_other_pressure,216,22,10.19,21600,17950,-3650,83.1,815.91,6.72,77.68,1155.81,5.42,3.47,-339.9,mixed_edge
1-6,lane1_target_start_exhibition_st_diff_bucket,near_equal,3093,163,5.27,309300,256990,-52310,83.09,1576.63,4.06,71.41,1760.27,11.68,1.21,-183.64,mixed_edge
1-4,lane1_target_exhibition_time_diff_bucket,near_equal,6282,709,11.29,628200,521790,-106410,83.06,735.95,10.33,75.47,730.61,7.59,0.96,5.34,mixed_edge
1-2,stadium_code,09,650,139,21.38,65000,53990,-11010,83.06,388.42,18.62,81.17,436.02,1.89,2.76,-47.6,mixed_edge
1-2,stadium_code x target_lane,09 | 2,650,139,21.38,65000,53990,-11010,83.06,388.42,18.62,81.17,436.02,1.89,2.76,-47.6,mixed_edge
1-3,other_group_pattern,A-A-B-A,679,89,13.11,67900,56390,-11510,83.05,633.6,15.92,79.12,497.05,3.93,-2.81,136.55,mixed_edge
1-6,lane1_target_start_gap_pair x target_outer_pressure_bucket,<=0.03-<=0.03 | some_other_pressure,82,4,4.88,8200,6810,-1390,83.05,1702.5,4.06,71.41,1760.27,11.64,0.82,-57.77,mixed_edge
1-3,lane1_local_win_rank_bucket,3,2368,384,16.22,236800,196650,-40150,83.04,512.11,15.92,79.12,497.05,3.92,0.3,15.06,mixed_edge
1-3,lane1_target_group_pair x other_a_count_bucket,A-B | 2,1357,174,12.82,135700,112670,-23030,83.03,647.53,15.92,79.12,497.05,3.91,-3.1,150.48,mixed_edge
1-3,target_class,B1,6680,883,13.22,668000,554510,-113490,83.01,627.98,15.92,79.12,497.05,3.89,-2.7,130.93,mixed_edge
1-4,lane1_exhibition_rank_bucket,1,4095,497,12.14,409500,339890,-69610,83.0,683.88,10.33,75.47,730.61,7.53,1.81,-46.73,mixed_edge
1-4,lane1_motor_rank_bucket,2,2292,256,11.17,229200,190040,-39160,82.91,742.34,10.33,75.47,730.61,7.44,0.84,11.73,mixed_edge
1-2,lane1_target_start_gap_pair x target_outer_pressure_bucket,0.04-0.06-<=0.03 | some_other_pressure,110,26,23.64,11000,9120,-1880,82.91,350.77,18.62,81.17,436.02,1.74,5.02,-85.25,mixed_edge
1-3,lane1_target_group_pair x other_a_count_bucket,B-B | 3,637,36,5.65,63700,52810,-10890,82.9,1466.94,15.92,79.12,497.05,3.78,-10.27,969.89,mixed_edge
1-2,target_national_win_rank_bucket,2,2374,529,22.28,237400,196670,-40730,82.84,371.78,18.62,81.17,436.02,1.67,3.66,-64.24,mixed_edge
1-2,lane1_target_group_pair x target_outer_pressure_bucket,B-A | high_other_pressure,1470,214,14.56,147000,121770,-25230,82.84,569.02,18.62,81.17,436.02,1.67,-4.06,133.0,mixed_edge
1-5,lane1_target_group_pair x other_a_count_bucket,A-A | 2,957,108,11.29,95700,79260,-16440,82.82,733.89,6.72,77.68,1155.81,5.14,4.57,-421.92,mixed_edge
1-5,other_a_count_bucket,4,1604,121,7.54,160400,132830,-27570,82.81,1097.77,6.72,77.68,1155.81,5.13,0.82,-58.04,mixed_edge
1-5,other_group_pattern,A-A-A-A,1604,121,7.54,160400,132830,-27570,82.81,1097.77,6.72,77.68,1155.81,5.13,0.82,-58.04,mixed_edge
1-5,target_lane x other_a_count_bucket,5 | 4,1604,121,7.54,160400,132830,-27570,82.81,1097.77,6.72,77.68,1155.81,5.13,0.82,-58.04,mixed_edge
1-2,lane1_target_class_pair,A2-A2,668,163,24.4,66800,55320,-11480,82.81,339.39,18.62,81.17,436.02,1.64,5.78,-96.63,mixed_edge
1-2,target_class,A2,3338,708,21.21,333800,276380,-57420,82.8,390.37,18.62,81.17,436.02,1.63,2.59,-45.65,mixed_edge
1-6,lane1_national_win_rank_bucket,3,2413,118,4.89,241300,199780,-41520,82.79,1693.05,4.06,71.41,1760.27,11.38,0.83,-67.22,mixed_edge
1-2,lane1_target_boat_place_diff_bucket,lane1_plus_10+,1856,354,19.07,185600,153630,-31970,82.77,433.98,18.62,81.17,436.02,1.6,0.45,-2.04,mixed_edge
1-6,target_class_group,A,6412,395,6.16,641200,530640,-110560,82.76,1343.39,4.06,71.41,1760.27,11.35,2.1,-416.88,mixed_edge
1-6,target_lane x target_class_group,6 | A,6412,395,6.16,641200,530640,-110560,82.76,1343.39,4.06,71.41,1760.27,11.35,2.1,-416.88,mixed_edge
1-3,target_class_group x target_outer_pressure_bucket,B | high_other_pressure,6614,789,11.93,661400,547170,-114230,82.73,693.5,15.92,79.12,497.05,3.61,-3.99,196.45,mixed_edge
1-5,lane1_start_exhibition_gap_bucket,0.04-0.06,2539,166,6.54,253900,210060,-43840,82.73,1265.42,6.72,77.68,1155.81,5.05,-0.18,109.61,mixed_edge
1-3,other_group_pattern,B-A-B-A,849,127,14.96,84900,70240,-14660,82.73,553.07,15.92,79.12,497.05,3.61,-0.96,56.02,mixed_edge
1-2,other_a_count_bucket,2,4876,795,16.3,487600,403360,-84240,82.72,507.37,18.62,81.17,436.02,1.55,-2.32,71.35,mixed_edge
1-2,target_lane x other_a_count_bucket,2 | 2,4876,795,16.3,487600,403360,-84240,82.72,507.37,18.62,81.17,436.02,1.55,-2.32,71.35,mixed_edge
1-3,lane1_target_class_pair,B1-A1,858,139,16.2,85800,70970,-14830,82.72,510.58,15.92,79.12,497.05,3.6,0.28,13.53,mixed_edge
1-2,other_a_count_bucket,1,3788,746,19.69,378800,313300,-65500,82.71,419.97,18.62,81.17,436.02,1.54,1.07,-16.05,mixed_edge
1-2,target_lane x other_a_count_bucket,2 | 1,3788,746,19.69,378800,313300,-65500,82.71,419.97,18.62,81.17,436.02,1.54,1.07,-16.05,mixed_edge
1-2,wave_bucket,0-4,11538,2183,18.92,1153800,954090,-199710,82.69,437.05,18.62,81.17,436.02,1.52,0.3,1.03,mixed_edge
1-5,lane1_target_group_pair x target_outer_pressure_bucket,A-A | high_other_pressure,2789,274,9.82,278900,230630,-48270,82.69,841.72,6.72,77.68,1155.81,5.01,3.1,-314.09,mixed_edge
1-5,other_st_faster_than_target_count_bucket,2,2936,203,6.91,293600,242710,-50890,82.67,1195.62,6.72,77.68,1155.81,4.99,0.19,39.81,mixed_edge
1-5,target_exhibition_rank_bucket x other_exhibition_faster_than_target_count_bucket,3 | 2,669,41,6.13,66900,55300,-11600,82.66,1348.78,6.72,77.68,1155.81,4.98,-0.59,192.97,mixed_edge
1-2,race_no_bucket,1-3R,3484,585,16.79,348400,287970,-60430,82.65,492.26,18.62,81.17,436.02,1.48,-1.83,56.24,mixed_edge
1-2,race_no_bucket x target_lane,1-3R | 2,3484,585,16.79,348400,287970,-60430,82.65,492.26,18.62,81.17,436.02,1.48,-1.83,56.24,mixed_edge
1-2,lane1_class,B2,355,32,9.01,35500,29340,-6160,82.65,916.88,18.62,81.17,436.02,1.48,-9.61,480.86,mixed_edge
1-5,lane1_target_class_pair,A1-A1,1533,161,10.5,153300,126680,-26620,82.64,786.83,6.72,77.68,1155.81,4.96,3.78,-368.98,mixed_edge
1-2,lane1_target_group_pair x target_outer_pressure_bucket,A-A | some_other_pressure,994,299,30.08,99400,82130,-17270,82.63,274.68,18.62,81.17,436.02,1.46,11.46,-161.34,mixed_edge
1-2,other_exhibition_faster_than_target_count_bucket,1,3195,641,20.06,319500,263920,-55580,82.6,411.73,18.62,81.17,436.02,1.43,1.44,-24.29,mixed_edge
1-2,lane1_national_win_rank_bucket,1,3447,884,25.65,344700,284650,-60050,82.58,322.0,18.62,81.17,436.02,1.41,7.03,-114.02,mixed_edge
1-5,target_national_win_rank_bucket,3,2043,162,7.93,204300,168640,-35660,82.55,1040.99,6.72,77.68,1155.81,4.87,1.21,-114.82,mixed_edge
1-2,lane1_class_group,B,5483,724,13.2,548300,452560,-95740,82.54,625.08,18.62,81.17,436.02,1.37,-5.42,189.06,mixed_edge
1-4,lane1_target_motor_place_diff_bucket,target_plus_4_10,2289,252,11.01,228900,188930,-39970,82.54,749.72,10.33,75.47,730.61,7.07,0.68,19.11,mixed_edge
1-2,lane1_target_group_pair x other_a_count_bucket,B-A | 1,959,161,16.79,95900,79160,-16740,82.54,491.68,18.62,81.17,436.02,1.37,-1.83,55.66,mixed_edge
1-2,lane1_class,B1,5128,692,13.49,512800,423220,-89580,82.53,611.59,18.62,81.17,436.02,1.36,-5.13,175.57,mixed_edge
1-4,lane1_target_national_rank_pair,4+-1,938,114,12.15,93800,77390,-16410,82.51,678.86,10.33,75.47,730.61,7.04,1.82,-51.75,mixed_edge
1-4,target_lane x lane1_target_national_rank_pair,4 | 4+-1,938,114,12.15,93800,77390,-16410,82.51,678.86,10.33,75.47,730.61,7.04,1.82,-51.75,mixed_edge
1-3,month,2025-12,4763,764,16.04,476300,392920,-83380,82.49,514.29,15.92,79.12,497.05,3.37,0.12,17.24,mixed_edge
1-2,lane1_target_local_win_diff_bucket,near_equal,1993,404,20.27,199300,164330,-34970,82.45,406.76,18.62,81.17,436.02,1.28,1.65,-29.26,mixed_edge
1-4,other_st_faster_than_target_count_bucket,2,3444,382,11.09,344400,283930,-60470,82.44,743.27,10.33,75.47,730.61,6.97,0.76,12.66,mixed_edge
1-3,stadium_code,12,611,97,15.88,61100,50370,-10730,82.44,519.28,15.92,79.12,497.05,3.32,-0.04,22.23,mixed_edge
1-3,stadium_code x target_lane,12 | 3,611,97,15.88,61100,50370,-10730,82.44,519.28,15.92,79.12,497.05,3.32,-0.04,22.23,mixed_edge
1-4,target_class_group x target_outer_pressure_bucket,B | low_other_pressure,90,17,18.89,9000,7420,-1580,82.44,436.47,10.33,75.47,730.61,6.97,8.56,-294.14,mixed_edge
1-2,lane1_local_win_rank_bucket,1,3299,814,24.67,329900,271910,-57990,82.42,334.04,18.62,81.17,436.02,1.25,6.05,-101.98,mixed_edge
1-4,lane1_target_national_win_diff_bucket,target_plus_1.00+,2373,257,10.83,237300,195590,-41710,82.42,761.05,10.33,75.47,730.61,6.95,0.5,30.44,mixed_edge
1-6,lane1_target_exhibition_time_diff_bucket x lane1_target_start_exhibition_st_diff_bucket,lane1_faster_0.05_0.10 | near_equal,660,30,4.55,66000,54400,-11600,82.42,1813.33,4.06,71.41,1760.27,11.01,0.49,53.06,mixed_edge
1-4,other_group_pattern,B-B-A-B,741,94,12.69,74100,61040,-13060,82.38,649.36,10.33,75.47,730.61,6.91,2.36,-81.25,mixed_edge
1-6,lane1_target_start_exhibition_st_diff_bucket,target_faster_0.06+,1991,93,4.67,199100,164000,-35100,82.37,1763.44,4.06,71.41,1760.27,10.96,0.61,3.17,mixed_edge
1-5,lane1_target_exhibition_st_rank_pair,2-4+,1625,104,6.4,162500,133850,-28650,82.37,1287.02,6.72,77.68,1155.81,4.69,-0.32,131.21,mixed_edge
1-5,lane1_exhibition_st_rank_bucket x target_exhibition_st_rank_bucket,2 | 4+,1625,104,6.4,162500,133850,-28650,82.37,1287.02,6.72,77.68,1155.81,4.69,-0.32,131.21,mixed_edge
1-5,lane1_target_group_pair x other_a_count_bucket,B-A | 2,928,46,4.96,92800,76440,-16360,82.37,1661.74,6.72,77.68,1155.81,4.69,-1.76,505.93,mixed_edge
1-5,other_a_count_bucket,0,1732,174,10.05,173200,142600,-30600,82.33,819.54,6.72,77.68,1155.81,4.65,3.33,-336.27,mixed_edge
1-5,other_group_pattern,B-B-B-B,1732,174,10.05,173200,142600,-30600,82.33,819.54,6.72,77.68,1155.81,4.65,3.33,-336.27,mixed_edge
1-5,target_lane x other_a_count_bucket,5 | 0,1732,174,10.05,173200,142600,-30600,82.33,819.54,6.72,77.68,1155.81,4.65,3.33,-336.27,mixed_edge
1-2,lane1_exhibition_rank_bucket,2,3074,589,19.16,307400,253040,-54360,82.32,429.61,18.62,81.17,436.02,1.15,0.54,-6.41,mixed_edge
1-2,lane1_exhibition_st_rank_bucket,2,2347,470,20.03,234700,193210,-41490,82.32,411.09,18.62,81.17,436.02,1.15,1.41,-24.93,mixed_edge
1-5,target_local_win_rank_bucket,3,2175,154,7.08,217500,179050,-38450,82.32,1162.66,6.72,77.68,1155.81,4.64,0.36,6.85,mixed_edge
1-3,lane1_boat_rank_bucket,1,2561,410,16.01,256100,210790,-45310,82.31,514.12,15.92,79.12,497.05,3.19,0.09,17.07,mixed_edge
1-3,lane1_national_win_rank_bucket,4+,5044,575,11.4,504400,415130,-89270,82.3,721.97,15.92,79.12,497.05,3.18,-4.52,224.92,mixed_edge
1-5,lane1_national_win_rank_bucket,4+,5044,251,4.98,504400,414980,-89420,82.27,1653.31,6.72,77.68,1155.81,4.59,-1.74,497.5,mixed_edge
1-2,month,2025-11,3933,744,18.92,393300,323550,-69750,82.27,434.88,18.62,81.17,436.02,1.1,0.3,-1.14,mixed_edge
1-4,other_group_pattern,B-A-B-A,867,82,9.46,86700,71310,-15390,82.25,869.63,10.33,75.47,730.61,6.78,-0.87,139.02,mixed_edge
1-5,lane1_target_class_pair,A2-A2,771,72,9.34,77100,63400,-13700,82.23,880.56,6.72,77.68,1155.81,4.55,2.62,-275.25,mixed_edge
1-3,lane1_target_motor_place_diff_bucket,lane1_plus_4_10,2302,370,16.07,230200,189220,-40980,82.2,511.41,15.92,79.12,497.05,3.08,0.15,14.36,mixed_edge
1-6,lane1_target_national_rank_pair x target_outer_pressure_bucket,3-1 | some_other_pressure,123,15,12.2,12300,10110,-2190,82.2,674.0,4.06,71.41,1760.27,10.79,8.14,-1086.27,mixed_edge
1-5,target_exhibition_rank_bucket,4+,7860,478,6.08,786000,645990,-140010,82.19,1351.44,6.72,77.68,1155.81,4.51,-0.64,195.63,mixed_edge
1-3,meeting_phase_bucket,day1-2,5027,798,15.87,502700,412990,-89710,82.15,517.53,15.92,79.12,497.05,3.03,-0.05,20.48,mixed_edge
1-3,meeting_phase_bucket x target_lane,day1-2 | 3,5027,798,15.87,502700,412990,-89710,82.15,517.53,15.92,79.12,497.05,3.03,-0.05,20.48,mixed_edge
1-2,lane1_motor_rank_bucket,2,2292,429,18.72,229200,188280,-40920,82.15,438.88,18.62,81.17,436.02,0.98,0.1,2.86,mixed_edge
1-5,lane1_national_win_rank_bucket,1,3447,309,8.96,344700,283120,-61580,82.14,916.25,6.72,77.68,1155.81,4.46,2.24,-239.56,mixed_edge
1-3,wave_bucket,10+,227,31,13.66,22700,18640,-4060,82.11,601.29,15.92,79.12,497.05,2.99,-2.26,104.24,mixed_edge
1-5,other_a_count_bucket,1,3556,281,7.9,355600,291930,-63670,82.1,1038.9,6.72,77.68,1155.81,4.42,1.18,-116.91,mixed_edge
1-5,target_lane x other_a_count_bucket,5 | 1,3556,281,7.9,355600,291930,-63670,82.1,1038.9,6.72,77.68,1155.81,4.42,1.18,-116.91,mixed_edge
1-4,race_no_bucket,10-12R,3442,450,13.07,344200,282450,-61750,82.06,627.67,10.33,75.47,730.61,6.59,2.74,-102.94,mixed_edge
1-4,race_no_bucket x target_lane,10-12R | 4,3442,450,13.07,344200,282450,-61750,82.06,627.67,10.33,75.47,730.61,6.59,2.74,-102.94,mixed_edge
1-5,stadium_code,13,452,34,7.52,45200,37090,-8110,82.06,1090.88,6.72,77.68,1155.81,4.38,0.8,-64.93,mixed_edge
1-5,stadium_code x target_lane,13 | 5,452,34,7.52,45200,37090,-8110,82.06,1090.88,6.72,77.68,1155.81,4.38,0.8,-64.93,mixed_edge
1-5,lane1_target_exhibition_time_diff_bucket x lane1_target_start_exhibition_st_diff_bucket,lane1_faster_0.10+ | lane1_faster_0.03_0.06,322,28,8.7,32200,26420,-5780,82.05,943.57,6.72,77.68,1155.81,4.37,1.98,-212.24,mixed_edge
1-4,target_exhibition_rank_bucket x other_exhibition_faster_than_target_count_bucket,4+ | 2,2151,224,10.41,215100,176450,-38650,82.03,787.72,10.33,75.47,730.61,6.56,0.08,57.11,mixed_edge
1-5,lane1_target_boat_place_diff_bucket,lane1_plus_4_10,2526,191,7.56,252600,207180,-45420,82.02,1084.71,6.72,77.68,1155.81,4.34,0.84,-71.1,mixed_edge
1-6,lane1_target_exhibition_time_diff_bucket x lane1_target_start_exhibition_st_diff_bucket,near_equal | target_faster_0.03_0.06,633,28,4.42,63300,51890,-11410,81.97,1853.21,4.06,71.41,1760.27,10.56,0.36,92.94,mixed_edge
1-3,race_no_bucket,1-3R,3484,553,15.87,348400,285530,-62870,81.95,516.33,15.92,79.12,497.05,2.83,-0.05,19.28,mixed_edge
1-3,race_no_bucket x target_lane,1-3R | 3,3484,553,15.87,348400,285530,-62870,81.95,516.33,15.92,79.12,497.05,2.83,-0.05,19.28,mixed_edge
1-3,target_local_win_rank_bucket,4+,6778,897,13.23,677800,555210,-122590,81.91,618.96,15.92,79.12,497.05,2.79,-2.69,121.91,mixed_edge
1-6,lane1_target_class_pair,A1-A1,1462,82,5.61,146200,119650,-26550,81.84,1459.15,4.06,71.41,1760.27,10.43,1.55,-301.12,mixed_edge
1-2,lane1_target_national_rank_pair,3-4+,1408,175,12.43,140800,115220,-25580,81.83,658.4,18.62,81.17,436.02,0.66,-6.19,222.38,mixed_edge
1-2,target_lane x lane1_target_national_rank_pair,2 | 3-4+,1408,175,12.43,140800,115220,-25580,81.83,658.4,18.62,81.17,436.02,0.66,-6.19,222.38,mixed_edge
1-2,lane1_target_national_rank_pair x target_outer_pressure_bucket,3-4+ | high_other_pressure,1408,175,12.43,140800,115220,-25580,81.83,658.4,18.62,81.17,436.02,0.66,-6.19,222.38,mixed_edge
1-2,lane1_target_national_rank_pair x target_outer_pressure_bucket,4+-2 | high_other_pressure,524,70,13.36,52400,42870,-9530,81.81,612.43,18.62,81.17,436.02,0.64,-5.26,176.41,mixed_edge
1-6,lane1_target_group_pair x other_a_count_bucket,A-A | 4,1349,48,3.56,134900,110330,-24570,81.79,2298.54,4.06,71.41,1760.27,10.38,-0.5,538.27,mixed_edge
1-3,stadium_code,14,577,84,14.56,57700,47190,-10510,81.79,561.79,15.92,79.12,497.05,2.67,-1.36,64.74,mixed_edge
1-3,stadium_code x target_lane,14 | 3,577,84,14.56,57700,47190,-10510,81.79,561.79,15.92,79.12,497.05,2.67,-1.36,64.74,mixed_edge
1-2,stadium_code,13,452,90,19.91,45200,36970,-8230,81.79,410.78,18.62,81.17,436.02,0.62,1.29,-25.24,mixed_edge
1-2,stadium_code x target_lane,13 | 2,452,90,19.91,45200,36970,-8230,81.79,410.78,18.62,81.17,436.02,0.62,1.29,-25.24,mixed_edge
1-3,lane1_target_start_gap_pair x target_outer_pressure_bucket,best-best | some_other_pressure,56,15,26.79,5600,4580,-1020,81.79,305.33,15.92,79.12,497.05,2.67,10.87,-191.72,mixed_edge
1-2,other_b2_count_bucket,0,9671,1842,19.05,967100,790670,-176430,81.76,429.25,18.62,81.17,436.02,0.59,0.43,-6.77,mixed_edge
1-2,lane1_target_group_pair x target_outer_pressure_bucket,B-B | high_other_pressure,2653,273,10.29,265300,216850,-48450,81.74,794.32,18.62,81.17,436.02,0.57,-8.33,358.3,mixed_edge
1-3,lane1_target_boat_place_diff_bucket,lane1_plus_10+,1889,309,16.36,188900,154410,-34490,81.74,499.71,15.92,79.12,497.05,2.62,0.44,2.66,mixed_edge
1-4,lane1_target_class_pair,B1-A2,1254,110,8.77,125400,102490,-22910,81.73,931.73,10.33,75.47,730.61,6.26,-1.56,201.12,mixed_edge
1-2,lane1_target_exhibition_st_rank_pair,2-3,676,135,19.97,67600,55240,-12360,81.72,409.19,18.62,81.17,436.02,0.55,1.35,-26.83,mixed_edge
1-2,lane1_exhibition_st_rank_bucket x target_exhibition_st_rank_bucket,2 | 3,676,135,19.97,67600,55240,-12360,81.72,409.19,18.62,81.17,436.02,0.55,1.35,-26.83,mixed_edge
1-5,lane1_target_exhibition_st_rank_pair,4+-2,1182,72,6.09,118200,96580,-21620,81.71,1341.39,6.72,77.68,1155.81,4.03,-0.63,185.58,mixed_edge
1-5,lane1_exhibition_st_rank_bucket x target_exhibition_st_rank_bucket,4+ | 2,1182,72,6.09,118200,96580,-21620,81.71,1341.39,6.72,77.68,1155.81,4.03,-0.63,185.58,mixed_edge
1-2,target_class_group,A,6710,1513,22.55,671000,548190,-122810,81.7,362.32,18.62,81.17,436.02,0.53,3.93,-73.7,mixed_edge
1-2,target_lane x target_class_group,2 | A,6710,1513,22.55,671000,548190,-122810,81.7,362.32,18.62,81.17,436.02,0.53,3.93,-73.7,mixed_edge
1-5,lane1_exhibition_st_rank_bucket,3,1959,137,6.99,195900,160050,-35850,81.7,1168.25,6.72,77.68,1155.81,4.02,0.27,12.44,mixed_edge
1-5,lane1_target_group_pair x target_outer_pressure_bucket,A-A | some_other_pressure,753,89,11.82,75300,61520,-13780,81.7,691.24,6.72,77.68,1155.81,4.02,5.1,-464.57,mixed_edge
1-2,lane1_target_national_rank_pair x target_outer_pressure_bucket,2-1 | some_other_pressure,130,41,31.54,13000,10620,-2380,81.69,259.02,18.62,81.17,436.02,0.52,12.92,-177.0,mixed_edge
1-2,target_motor_rank_bucket,3,2351,422,17.95,235100,192020,-43080,81.68,455.02,18.62,81.17,436.02,0.51,-0.67,19.0,mixed_edge
1-4,other_group_pattern,B-A-A-B,779,67,8.6,77900,63630,-14270,81.68,949.7,10.33,75.47,730.61,6.21,-1.73,219.09,mixed_edge
1-5,target_national_win_rank_bucket x other_national_better_than_target_count_bucket,2 | 0,638,92,14.42,63800,52080,-11720,81.63,566.09,6.72,77.68,1155.81,3.95,7.7,-589.72,mixed_edge
1-4,other_a_count_bucket,4,1570,197,12.55,157000,128150,-28850,81.62,650.51,10.33,75.47,730.61,6.15,2.22,-80.1,mixed_edge
1-4,other_group_pattern,A-A-A-A,1570,197,12.55,157000,128150,-28850,81.62,650.51,10.33,75.47,730.61,6.15,2.22,-80.1,mixed_edge
1-4,target_lane x other_a_count_bucket,4 | 4,1570,197,12.55,157000,128150,-28850,81.62,650.51,10.33,75.47,730.61,6.15,2.22,-80.1,mixed_edge
1-5,other_exhibition_faster_than_target_count_bucket,3,2762,180,6.52,276200,225330,-50870,81.58,1251.83,6.72,77.68,1155.81,3.9,-0.2,96.02,mixed_edge
1-5,target_exhibition_rank_bucket x other_exhibition_faster_than_target_count_bucket,4+ | 3,2762,180,6.52,276200,225330,-50870,81.58,1251.83,6.72,77.68,1155.81,3.9,-0.2,96.02,mixed_edge
1-2,lane1_boat_rank_bucket,1,2561,493,19.25,256100,208930,-47170,81.58,423.79,18.62,81.17,436.02,0.41,0.63,-12.23,mixed_edge
1-2,other_group_pattern,B-B-B-A,910,204,22.42,91000,74240,-16760,81.58,363.92,18.62,81.17,436.02,0.41,3.8,-72.1,mixed_edge
1-2,lane1_target_exhibition_st_rank_pair,4+-2,671,116,17.29,67100,54740,-12360,81.58,471.9,18.62,81.17,436.02,0.41,-1.33,35.88,mixed_edge
1-2,lane1_exhibition_st_rank_bucket x target_exhibition_st_rank_bucket,4+ | 2,671,116,17.29,67100,54740,-12360,81.58,471.9,18.62,81.17,436.02,0.41,-1.33,35.88,mixed_edge
1-6,other_group_pattern,B-A-B-B,1052,64,6.08,105200,85810,-19390,81.57,1340.78,4.06,71.41,1760.27,10.16,2.02,-419.49,mixed_edge
1-2,target_class_group x target_outer_pressure_bucket,A | high_other_pressure,4151,877,21.13,415100,338400,-76700,81.52,385.86,18.62,81.17,436.02,0.35,2.51,-50.16,mixed_edge
1-4,target_motor_rank_bucket,3,2260,252,11.15,226000,184200,-41800,81.5,730.95,10.33,75.47,730.61,6.03,0.82,0.34,mixed_edge
1-5,target_local_win_rank_bucket,2,2088,179,8.57,208800,170170,-38630,81.5,950.67,6.72,77.68,1155.81,3.82,1.85,-205.14,mixed_edge
1-3,lane1_target_group_pair x other_a_count_bucket,B-A | 2,1076,131,12.17,107600,87690,-19910,81.5,669.39,15.92,79.12,497.05,2.38,-3.75,172.34,mixed_edge
1-3,target_exhibition_rank_bucket,3,2431,438,18.02,243100,198080,-45020,81.48,452.24,15.92,79.12,497.05,2.36,2.1,-44.81,mixed_edge
1-5,other_group_pattern,B-B-A-B,886,66,7.45,88600,72150,-16450,81.43,1093.18,6.72,77.68,1155.81,3.75,0.73,-62.63,mixed_edge
1-2,lane1_target_class_pair,B1-A1,1003,170,16.95,100300,81660,-18640,81.42,480.35,18.62,81.17,436.02,0.25,-1.67,44.33,mixed_edge
1-2,stadium_code,10,540,91,16.85,54000,43940,-10060,81.37,482.86,18.62,81.17,436.02,0.2,-1.77,46.84,mixed_edge
1-2,stadium_code x target_lane,10 | 2,540,91,16.85,54000,43940,-10060,81.37,482.86,18.62,81.17,436.02,0.2,-1.77,46.84,mixed_edge
1-2,grade_group,一般,13529,2516,18.6,1352900,1100730,-252170,81.36,437.49,18.62,81.17,436.02,0.19,-0.02,1.47,mixed_edge
1-3,other_b2_count_bucket,1,3698,603,16.31,369800,300860,-68940,81.36,498.94,15.92,79.12,497.05,2.24,0.39,1.89,mixed_edge
1-2,target_boat_rank_bucket,4+,6792,1261,18.57,679200,552210,-126990,81.3,437.91,18.62,81.17,436.02,0.13,-0.05,1.89,mixed_edge
1-3,lane1_exhibition_rank_bucket,2,3074,506,16.46,307400,249900,-57500,81.29,493.87,15.92,79.12,497.05,2.17,0.54,-3.18,mixed_edge
1-2,month,2026-01,5157,961,18.63,515700,419160,-96540,81.28,436.17,18.62,81.17,436.02,0.11,0.01,0.15,mixed_edge
1-6,lane1_target_boat_place_diff_bucket,lane1_plus_4_10,2506,121,4.83,250600,203680,-46920,81.28,1683.31,4.06,71.41,1760.27,9.87,0.77,-76.96,mixed_edge
1-2,other_group_pattern,A-B-B-A,895,144,16.09,89500,72740,-16760,81.27,505.14,18.62,81.17,436.02,0.1,-2.53,69.12,mixed_edge
1-6,other_b2_count_bucket,1,2626,144,5.48,262600,213390,-49210,81.26,1481.88,4.06,71.41,1760.27,9.85,1.42,-278.39,mixed_edge
1-2,lane1_target_class_pair,B1-B1,2538,292,11.51,253800,206220,-47580,81.25,706.23,18.62,81.17,436.02,0.08,-7.11,270.21,mixed_edge
1-3,lane1_target_motor_place_diff_bucket,near_equal,4526,707,15.62,452600,367650,-84950,81.23,520.01,15.92,79.12,497.05,2.11,-0.3,22.96,mixed_edge
1-3,other_a_count_bucket,0,1901,430,22.62,190100,154390,-35710,81.22,359.05,15.92,79.12,497.05,2.1,6.7,-138.0,mixed_edge
1-3,other_group_pattern,B-B-B-B,1901,430,22.62,190100,154390,-35710,81.22,359.05,15.92,79.12,497.05,2.1,6.7,-138.0,mixed_edge
1-3,target_lane x other_a_count_bucket,3 | 0,1901,430,22.62,190100,154390,-35710,81.22,359.05,15.92,79.12,497.05,2.1,6.7,-138.0,mixed_edge
1-4,lane1_target_exhibition_st_rank_pair,3-1,421,55,13.06,42100,34190,-7910,81.21,621.64,10.33,75.47,730.61,5.74,2.73,-108.97,mixed_edge
1-4,lane1_exhibition_st_rank_bucket x target_exhibition_st_rank_bucket,3 | 1,421,55,13.06,42100,34190,-7910,81.21,621.64,10.33,75.47,730.61,5.74,2.73,-108.97,mixed_edge
1-4,target_national_win_rank_bucket x other_national_better_than_target_count_bucket,2 | 1,1464,157,10.72,146400,118860,-27540,81.19,757.07,10.33,75.47,730.61,5.72,0.39,26.46,mixed_edge
1-6,stadium_code,13,452,20,4.42,45200,36700,-8500,81.19,1835.0,4.06,71.41,1760.27,9.78,0.36,74.73,mixed_edge
1-6,stadium_code x target_lane,13 | 6,452,20,4.42,45200,36700,-8500,81.19,1835.0,4.06,71.41,1760.27,9.78,0.36,74.73,mixed_edge
1-2,target_lane,2,13853,2579,18.62,1385300,1124500,-260800,81.17,436.02,18.62,81.17,436.02,0.0,0.0,0.0,mixed_edge
1-2,target_lane_zone,inner_2_3,13853,2579,18.62,1385300,1124500,-260800,81.17,436.02,18.62,81.17,436.02,0.0,0.0,0.0,mixed_edge
1-2,lane1_motor_rank_bucket,1,2674,530,19.82,267400,217030,-50370,81.16,409.49,18.62,81.17,436.02,-0.01,1.2,-26.53,mixed_edge
1-2,lane1_target_national_win_diff_bucket,target_plus_1.00+,2611,393,15.05,261100,211860,-49240,81.14,539.08,18.62,81.17,436.02,-0.03,-3.57,103.06,mixed_edge
1-2,target_local_win_rank_bucket,3,2481,475,19.15,248100,201300,-46800,81.14,423.79,18.62,81.17,436.02,-0.03,0.53,-12.23,mixed_edge
1-4,stadium_code,03,561,45,8.02,56100,45520,-10580,81.14,1011.56,10.33,75.47,730.61,5.67,-2.31,280.95,mixed_edge
1-4,stadium_code x target_lane,03 | 4,561,45,8.02,56100,45520,-10580,81.14,1011.56,10.33,75.47,730.61,5.67,-2.31,280.95,mixed_edge
1-3,lane1_target_start_gap_pair x target_outer_pressure_bucket,0.04-0.06-best | some_other_pressure,125,31,24.8,12500,10140,-2360,81.12,327.1,15.92,79.12,497.05,2.0,8.88,-169.95,mixed_edge
1-2,target_class,B1,6654,1017,15.28,665400,539040,-126360,81.01,530.03,18.62,81.17,436.02,-0.16,-3.34,94.01,mixed_edge
1-2,lane1_target_motor_place_diff_bucket,lane1_plus_10+,2376,455,19.15,237600,192480,-45120,81.01,423.03,18.62,81.17,436.02,-0.16,0.53,-12.99,mixed_edge
1-6,target_national_win_rank_bucket x other_national_better_than_target_count_bucket,3 | 2,894,26,2.91,89400,72400,-17000,80.98,2784.62,4.06,71.41,1760.27,9.57,-1.15,1024.35,mixed_edge
1-3,wind_bucket,0-2,7283,1204,16.53,728300,589690,-138610,80.97,489.78,15.92,79.12,497.05,1.85,0.61,-7.27,mixed_edge
1-4,lane1_target_local_win_diff_bucket,target_plus_1.00+,3220,343,10.65,322000,260720,-61280,80.97,760.12,10.33,75.47,730.61,5.5,0.32,29.51,mixed_edge
1-5,wave_bucket,0-4,11538,816,7.07,1153800,933860,-219940,80.94,1144.44,6.72,77.68,1155.81,3.26,0.35,-11.37,mixed_edge
1-5,lane1_target_exhibition_time_diff_bucket,near_equal,6338,459,7.24,633800,512780,-121020,80.91,1117.17,6.72,77.68,1155.81,3.23,0.52,-38.64,mixed_edge
1-5,lane1_target_national_rank_pair,4+-2,1004,58,5.78,100400,81230,-19170,80.91,1400.52,6.72,77.68,1155.81,3.23,-0.94,244.71,mixed_edge
1-5,target_lane x lane1_target_national_rank_pair,5 | 4+-2,1004,58,5.78,100400,81230,-19170,80.91,1400.52,6.72,77.68,1155.81,3.23,-0.94,244.71,mixed_edge
1-2,lane1_target_group_pair,A-B,4189,741,17.69,418900,338790,-80110,80.88,457.21,18.62,81.17,436.02,-0.29,-0.93,21.19,mixed_edge
1-2,lane1_target_local_win_diff_bucket,target_plus_0.35_1.00,1535,300,19.54,153500,124110,-29390,80.85,413.7,18.62,81.17,436.02,-0.32,0.92,-22.32,mixed_edge
1-5,lane1_target_class_pair,B1-B1,2470,90,3.64,247000,199640,-47360,80.83,2218.22,6.72,77.68,1155.81,3.15,-3.08,1062.41,mixed_edge
1-2,lane1_target_group_pair x target_outer_pressure_bucket,A-A | high_other_pressure,2681,663,24.73,268100,216630,-51470,80.8,326.74,18.62,81.17,436.02,-0.37,6.11,-109.28,mixed_edge
1-3,other_national_better_than_target_count_bucket,2,2947,417,14.15,294700,237960,-56740,80.75,570.65,15.92,79.12,497.05,1.63,-1.77,73.6,mixed_edge
1-5,other_a_count_bucket,3,2307,119,5.16,230700,186300,-44400,80.75,1565.55,6.72,77.68,1155.81,3.07,-1.56,409.74,mixed_edge
1-5,target_lane x other_a_count_bucket,5 | 3,2307,119,5.16,230700,186300,-44400,80.75,1565.55,6.72,77.68,1155.81,3.07,-1.56,409.74,mixed_edge
1-5,lane1_local_win_rank_bucket,4+,5395,283,5.25,539500,435510,-103990,80.72,1538.9,6.72,77.68,1155.81,3.04,-1.47,383.09,mixed_edge
1-2,lane1_target_group_pair x other_a_count_bucket,A-A | 3,595,163,27.39,59500,48030,-11470,80.72,294.66,18.62,81.17,436.02,-0.45,8.77,-141.36,mixed_edge
1-3,lane1_target_exhibition_time_diff_bucket,near_equal,6462,1101,17.04,646200,521540,-124660,80.71,473.7,15.92,79.12,497.05,1.59,1.12,-23.35,mixed_edge
1-5,lane1_target_group_pair x other_a_count_bucket,A-B | 1,1210,75,6.2,121000,97650,-23350,80.7,1302.0,6.72,77.68,1155.81,3.02,-0.52,146.19,mixed_edge
1-2,target_boat_rank_bucket,1,2257,415,18.39,225700,182110,-43590,80.69,438.82,18.62,81.17,436.02,-0.48,-0.23,2.8,mixed_edge
1-2,target_class_group,B,7143,1066,14.92,714300,576310,-137990,80.68,540.63,18.62,81.17,436.02,-0.49,-3.7,104.61,mixed_edge
1-2,target_lane x target_class_group,2 | B,7143,1066,14.92,714300,576310,-137990,80.68,540.63,18.62,81.17,436.02,-0.49,-3.7,104.61,mixed_edge
1-3,month,2025-11,3933,638,16.22,393300,317220,-76080,80.66,497.21,15.92,79.12,497.05,1.54,0.3,0.16,mixed_edge
1-4,stadium_code,19,636,76,11.95,63600,51300,-12300,80.66,675.0,10.33,75.47,730.61,5.19,1.62,-55.61,mixed_edge
1-4,stadium_code x target_lane,19 | 4,636,76,11.95,63600,51300,-12300,80.66,675.0,10.33,75.47,730.61,5.19,1.62,-55.61,mixed_edge
1-2,target_local_win_rank_bucket,2,2424,526,21.7,242400,195490,-46910,80.65,371.65,18.62,81.17,436.02,-0.52,3.08,-64.37,mixed_edge
1-4,lane1_class,A1,4518,634,14.03,451800,364340,-87460,80.64,574.67,10.33,75.47,730.61,5.17,3.7,-155.94,mixed_edge
1-5,other_b2_count_bucket,0,10353,681,6.58,1035300,834690,-200610,80.62,1225.68,6.72,77.68,1155.81,2.94,-0.14,69.87,mixed_edge
1-2,target_local_win_rank_bucket,4+,6733,1068,15.86,673300,542750,-130550,80.61,508.19,18.62,81.17,436.02,-0.56,-2.76,72.17,mixed_edge
1-6,month,2026-01,5157,233,4.52,515700,415680,-100020,80.61,1784.03,4.06,71.41,1760.27,9.2,0.46,23.76,mixed_edge
1-2,target_class,A1,3372,805,23.87,337200,271810,-65390,80.61,337.65,18.62,81.17,436.02,-0.56,5.25,-98.37,mixed_edge
1-2,lane1_exhibition_rank_bucket,1,4095,850,20.76,409500,330070,-79430,80.6,388.32,18.62,81.17,436.02,-0.57,2.14,-47.7,mixed_edge
1-4,month,2025-11,3933,432,10.98,393300,316970,-76330,80.59,733.73,10.33,75.47,730.61,5.12,0.65,3.12,mixed_edge
1-6,lane1_target_group_pair x other_a_count_bucket,A-B | 0,788,40,5.08,78800,63500,-15300,80.58,1587.5,4.06,71.41,1760.27,9.17,1.02,-172.77,mixed_edge
1-2,target_motor_rank_bucket,1,2262,454,20.07,226200,182210,-43990,80.55,401.34,18.62,81.17,436.02,-0.62,1.45,-34.68,mixed_edge
1-2,stadium_code,16,420,75,17.86,42000,33830,-8170,80.55,451.07,18.62,81.17,436.02,-0.62,-0.76,15.05,mixed_edge
1-2,stadium_code x target_lane,16 | 2,420,75,17.86,42000,33830,-8170,80.55,451.07,18.62,81.17,436.02,-0.62,-0.76,15.05,mixed_edge
1-5,lane1_target_group_pair,A-A,3903,411,10.53,390300,314340,-75960,80.54,764.82,6.72,77.68,1155.81,2.86,3.81,-390.99,mixed_edge
1-4,lane1_target_start_gap_pair x target_outer_pressure_bucket,0.04-0.06-best | low_other_pressure,56,12,21.43,5600,4510,-1090,80.54,375.83,10.33,75.47,730.61,5.07,11.1,-354.78,mixed_edge
1-2,lane1_national_win_rank_bucket,4+,5044,680,13.48,504400,406120,-98280,80.52,597.24,18.62,81.17,436.02,-0.65,-5.14,161.22,mixed_edge
1-2,lane1_target_national_win_diff_bucket,lane1_plus_1.00+,4295,758,17.65,429500,345850,-83650,80.52,456.27,18.62,81.17,436.02,-0.65,-0.97,20.25,mixed_edge
1-3,lane1_motor_rank_bucket,3,2230,359,16.1,223000,179500,-43500,80.49,500.0,15.92,79.12,497.05,1.37,0.18,2.95,mixed_edge
1-6,target_class_group x target_outer_pressure_bucket,A | high_other_pressure,4399,216,4.91,439900,354040,-85860,80.48,1639.07,4.06,71.41,1760.27,9.07,0.85,-121.2,mixed_edge
1-2,lane1_target_exhibition_time_diff_bucket,lane1_faster_0.05_0.10,2715,513,18.9,271500,218490,-53010,80.48,425.91,18.62,81.17,436.02,-0.69,0.28,-10.11,mixed_edge
1-2,target_outer_pressure_bucket,high_other_pressure,10518,1731,16.46,1051800,846280,-205520,80.46,488.9,18.62,81.17,436.02,-0.71,-2.16,52.88,mixed_edge
1-2,target_lane x target_outer_pressure_bucket,2 | high_other_pressure,10518,1731,16.46,1051800,846280,-205520,80.46,488.9,18.62,81.17,436.02,-0.71,-2.16,52.88,mixed_edge
1-2,other_b2_count_bucket,1,3697,643,17.39,369700,297470,-72230,80.46,462.63,18.62,81.17,436.02,-0.71,-1.23,26.61,mixed_edge
1-4,target_local_win_rank_bucket,1,2069,329,15.9,206900,166460,-40440,80.45,505.96,10.33,75.47,730.61,4.98,5.57,-224.65,mixed_edge
1-2,lane1_target_group_pair,B-B,2954,325,11.0,295400,237520,-57880,80.41,730.83,18.62,81.17,436.02,-0.76,-7.62,294.81,mixed_edge
1-3,lane1_local_win_rank_bucket,2,2791,507,18.17,279100,224420,-54680,80.41,442.64,15.92,79.12,497.05,1.29,2.25,-54.41,mixed_edge
1-3,target_class_group x target_outer_pressure_bucket,A | some_other_pressure,1579,357,22.61,157900,126950,-30950,80.4,355.6,15.92,79.12,497.05,1.28,6.69,-141.45,mixed_edge
1-3,target_exhibition_st_rank_bucket,1,2090,352,16.84,209000,168010,-40990,80.39,477.3,15.92,79.12,497.05,1.27,0.92,-19.75,mixed_edge
1-3,target_lane x target_exhibition_st_rank_bucket,3 | 1,2090,352,16.84,209000,168010,-40990,80.39,477.3,15.92,79.12,497.05,1.27,0.92,-19.75,mixed_edge
1-3,target_exhibition_st_rank_bucket x other_st_faster_than_target_count_bucket,1 | 0,2090,352,16.84,209000,168010,-40990,80.39,477.3,15.92,79.12,497.05,1.27,0.92,-19.75,mixed_edge
1-4,target_national_win_rank_bucket,1,2013,341,16.94,201300,161820,-39480,80.39,474.55,10.33,75.47,730.61,4.92,6.61,-256.06,mixed_edge
1-4,target_national_win_rank_bucket x other_national_better_than_target_count_bucket,1 | 0,2013,341,16.94,201300,161820,-39480,80.39,474.55,10.33,75.47,730.61,4.92,6.61,-256.06,mixed_edge
1-3,lane1_target_national_rank_pair x target_outer_pressure_bucket,2-4+ | high_other_pressure,1694,231,13.64,169400,136180,-33220,80.39,589.52,15.92,79.12,497.05,1.27,-2.28,92.47,mixed_edge
1-3,lane1_target_start_gap_pair x target_outer_pressure_bucket,best->0.06 | low_other_pressure,53,17,32.08,5300,4260,-1040,80.38,250.59,15.92,79.12,497.05,1.26,16.16,-246.46,mixed_edge
1-5,lane1_target_national_rank_pair x target_outer_pressure_bucket,4+-3 | high_other_pressure,905,49,5.41,90500,72720,-17780,80.35,1484.08,6.72,77.68,1155.81,2.67,-1.31,328.27,mixed_edge
1-3,lane1_target_national_rank_pair,2-4+,1698,232,13.66,169800,136410,-33390,80.34,587.97,15.92,79.12,497.05,1.22,-2.26,90.92,mixed_edge
1-3,target_lane x lane1_target_national_rank_pair,3 | 2-4+,1698,232,13.66,169800,136410,-33390,80.34,587.97,15.92,79.12,497.05,1.22,-2.26,90.92,mixed_edge
1-5,target_national_win_rank_bucket x other_national_better_than_target_count_bucket,3 | 2,898,48,5.35,89800,72120,-17680,80.31,1502.5,6.72,77.68,1155.81,2.63,-1.37,346.69,mixed_edge
1-5,race_no_bucket,10-12R,3442,275,7.99,344200,276350,-67850,80.29,1004.91,6.72,77.68,1155.81,2.61,1.27,-150.9,mixed_edge
1-5,race_no_bucket x target_lane,10-12R | 5,3442,275,7.99,344200,276350,-67850,80.29,1004.91,6.72,77.68,1155.81,2.61,1.27,-150.9,mixed_edge
1-2,lane1_class_group,A,8370,1855,22.16,837000,671940,-165060,80.28,362.23,18.62,81.17,436.02,-0.89,3.54,-73.79,mixed_edge
1-4,lane1_target_national_rank_pair x target_outer_pressure_bucket,1-2 | high_other_pressure,373,72,19.3,37300,29940,-7360,80.27,415.83,10.33,75.47,730.61,4.8,8.97,-314.78,mixed_edge
1-6,lane1_exhibition_st_rank_bucket,2,2347,112,4.77,234700,188370,-46330,80.26,1681.88,4.06,71.41,1760.27,8.85,0.71,-78.39,mixed_edge
1-6,lane1_target_group_pair x other_a_count_bucket,B-A | 3,206,6,2.91,20600,16530,-4070,80.24,2755.0,4.06,71.41,1760.27,8.83,-1.15,994.73,mixed_edge
1-4,lane1_target_group_pair x other_a_count_bucket,A-A | 4,1349,179,13.27,134900,108220,-26680,80.22,604.58,10.33,75.47,730.61,4.75,2.94,-126.03,mixed_edge
1-6,race_no_bucket,4-6R,3479,164,4.71,347900,279060,-68840,80.21,1701.59,4.06,71.41,1760.27,8.8,0.65,-58.68,mixed_edge
1-6,race_no_bucket x target_lane,4-6R | 6,3479,164,4.71,347900,279060,-68840,80.21,1701.59,4.06,71.41,1760.27,8.8,0.65,-58.68,mixed_edge
1-2,lane1_target_boat_place_diff_bucket,lane1_plus_4_10,2436,464,19.05,243600,195380,-48220,80.21,421.08,18.62,81.17,436.02,-0.96,0.43,-14.94,mixed_edge
1-3,other_exhibition_faster_than_target_count_bucket,3,2525,355,14.06,252500,202480,-50020,80.19,570.37,15.92,79.12,497.05,1.07,-1.86,73.32,mixed_edge
1-3,target_exhibition_rank_bucket x other_exhibition_faster_than_target_count_bucket,4+ | 3,2525,355,14.06,252500,202480,-50020,80.19,570.37,15.92,79.12,497.05,1.07,-1.86,73.32,mixed_edge
1-3,lane1_target_group_pair x target_outer_pressure_bucket,B-A | high_other_pressure,1515,194,12.81,151500,121450,-30050,80.17,626.03,15.92,79.12,497.05,1.05,-3.11,128.98,mixed_edge
1-2,month,2025-12,4763,874,18.35,476300,381790,-94510,80.16,436.83,18.62,81.17,436.02,-1.01,-0.27,0.81,mixed_edge
1-2,lane1_target_local_win_diff_bucket,lane1_plus_0.35_1.00,1852,377,20.36,185200,148370,-36830,80.11,393.55,18.62,81.17,436.02,-1.06,1.74,-42.47,mixed_edge
1-3,lane1_target_national_rank_pair x target_outer_pressure_bucket,2-1 | high_other_pressure,318,91,28.62,31800,25470,-6330,80.09,279.89,15.92,79.12,497.05,0.97,12.7,-217.16,mixed_edge
1-3,other_group_pattern,B-A-B-B,946,177,18.71,94600,75760,-18840,80.08,428.02,15.92,79.12,497.05,0.96,2.79,-69.03,mixed_edge
1-5,lane1_target_national_rank_pair,2-3,533,44,8.26,53300,42680,-10620,80.08,970.0,6.72,77.68,1155.81,2.4,1.54,-185.81,mixed_edge
1-5,target_lane x lane1_target_national_rank_pair,5 | 2-3,533,44,8.26,53300,42680,-10620,80.08,970.0,6.72,77.68,1155.81,2.4,1.54,-185.81,mixed_edge
1-4,lane1_target_boat_place_diff_bucket,target_plus_10+,1871,195,10.42,187100,149820,-37280,80.07,768.31,10.33,75.47,730.61,4.6,0.09,37.7,mixed_edge
1-5,other_national_better_than_target_count_bucket,2,2664,173,6.49,266400,213270,-53130,80.06,1232.77,6.72,77.68,1155.81,2.38,-0.23,76.96,mixed_edge
1-2,lane1_local_win_rank_bucket,2,2791,561,20.1,279100,223430,-55670,80.05,398.27,18.62,81.17,436.02,-1.12,1.48,-37.75,mixed_edge
1-5,target_class,B1,6469,338,5.22,646900,517620,-129280,80.02,1531.42,6.72,77.68,1155.81,2.34,-1.5,375.61,mixed_edge
1-2,lane1_target_start_gap_pair x target_outer_pressure_bucket,<=0.03->0.06 | some_other_pressure,69,16,23.19,6900,5520,-1380,80.0,345.0,18.62,81.17,436.02,-1.17,4.57,-91.02,mixed_edge
1-5,target_boat_rank_bucket,4+,7079,491,6.94,707900,566260,-141640,79.99,1153.28,6.72,77.68,1155.81,2.31,0.22,-2.53,mixed_edge
1-5,other_national_better_than_target_count_bucket,3,2794,128,4.58,279400,223430,-55970,79.97,1745.55,6.72,77.68,1155.81,2.29,-2.14,589.74,mixed_edge
1-5,target_national_win_rank_bucket x other_national_better_than_target_count_bucket,4+ | 3,2794,128,4.58,279400,223430,-55970,79.97,1745.55,6.72,77.68,1155.81,2.29,-2.14,589.74,mixed_edge
1-5,target_national_win_rank_bucket x other_national_better_than_target_count_bucket,4+ | 2,1766,125,7.08,176600,141150,-35450,79.93,1129.2,6.72,77.68,1155.81,2.25,0.36,-26.61,mixed_edge
1-3,wave_bucket,0-4,11538,1881,16.3,1153800,922110,-231690,79.92,490.22,15.92,79.12,497.05,0.8,0.38,-6.83,mixed_edge
1-4,other_exhibition_faster_than_target_count_bucket,2,2856,283,9.91,285600,228240,-57360,79.92,806.5,10.33,75.47,730.61,4.45,-0.42,75.89,mixed_edge
1-4,lane1_class,B2,355,27,7.61,35500,28370,-7130,79.92,1050.74,10.33,75.47,730.61,4.45,-2.72,320.13,mixed_edge
1-6,lane1_target_national_rank_pair x target_outer_pressure_bucket,4+-3 | high_other_pressure,906,26,2.87,90600,72400,-18200,79.91,2784.62,4.06,71.41,1760.27,8.5,-1.19,1024.35,mixed_edge
1-4,target_exhibition_rank_bucket x other_exhibition_faster_than_target_count_bucket,2 | 1,1116,117,10.48,111600,89160,-22440,79.89,762.05,10.33,75.47,730.61,4.42,0.15,31.44,mixed_edge
1-4,lane1_target_boat_place_diff_bucket,near_equal,5148,555,10.78,514800,411220,-103580,79.88,740.94,10.33,75.47,730.61,4.41,0.45,10.33,mixed_edge
1-3,other_national_better_than_target_count_bucket,4,2138,213,9.96,213800,170790,-43010,79.88,801.83,15.92,79.12,497.05,0.76,-5.96,304.78,mixed_edge
1-3,target_national_win_rank_bucket x other_national_better_than_target_count_bucket,4+ | 4,2138,213,9.96,213800,170790,-43010,79.88,801.83,15.92,79.12,497.05,0.76,-5.96,304.78,mixed_edge
1-2,stadium_code,14,577,88,15.25,57700,46090,-11610,79.88,523.75,18.62,81.17,436.02,-1.29,-3.37,87.73,mixed_edge
1-2,stadium_code x target_lane,14 | 2,577,88,15.25,57700,46090,-11610,79.88,523.75,18.62,81.17,436.02,-1.29,-3.37,87.73,mixed_edge
1-6,other_exhibition_faster_than_target_count_bucket,0,3163,179,5.66,316300,252630,-63670,79.87,1411.34,4.06,71.41,1760.27,8.46,1.6,-348.93,mixed_edge
1-2,lane1_target_national_rank_pair,4+-1,1116,203,18.19,111600,89120,-22480,79.86,439.01,18.62,81.17,436.02,-1.31,-0.43,2.99,mixed_edge
1-2,target_lane x lane1_target_national_rank_pair,2 | 4+-1,1116,203,18.19,111600,89120,-22480,79.86,439.01,18.62,81.17,436.02,-1.31,-0.43,2.99,mixed_edge
1-2,target_motor_rank_bucket,4+,6633,1180,17.79,663300,529610,-133690,79.84,448.82,18.62,81.17,436.02,-1.33,-0.83,12.8,mixed_edge
1-2,target_exhibition_rank_bucket x other_exhibition_faster_than_target_count_bucket,3 | 1,1723,370,21.47,172300,137550,-34750,79.83,371.76,18.62,81.17,436.02,-1.34,2.85,-64.26,mixed_edge
1-5,lane1_target_national_rank_pair x target_outer_pressure_bucket,3-2 | some_other_pressure,212,22,10.38,21200,16920,-4280,79.81,769.09,6.72,77.68,1155.81,2.13,3.66,-386.72,mixed_edge
1-2,lane1_target_group_pair x other_a_count_bucket,A-B | 2,1465,213,14.54,146500,116910,-29590,79.8,548.87,18.62,81.17,436.02,-1.37,-4.08,112.85,mixed_edge
1-2,stadium_code,03,561,87,15.51,56100,44760,-11340,79.79,514.48,18.62,81.17,436.02,-1.38,-3.11,78.46,mixed_edge
1-2,stadium_code x target_lane,03 | 2,561,87,15.51,56100,44760,-11340,79.79,514.48,18.62,81.17,436.02,-1.38,-3.11,78.46,mixed_edge
1-2,target_class_group x target_outer_pressure_bucket,B | high_other_pressure,6367,854,13.41,636700,507880,-128820,79.77,594.71,18.62,81.17,436.02,-1.4,-5.21,158.69,mixed_edge
1-5,lane1_target_national_rank_pair,4+-3,912,49,5.37,91200,72720,-18480,79.74,1484.08,6.72,77.68,1155.81,2.06,-1.35,328.27,mixed_edge
1-5,target_lane x lane1_target_national_rank_pair,5 | 4+-3,912,49,5.37,91200,72720,-18480,79.74,1484.08,6.72,77.68,1155.81,2.06,-1.35,328.27,mixed_edge
1-2,target_exhibition_rank_bucket,4+,5869,957,16.31,586900,467930,-118970,79.73,488.96,18.62,81.17,436.02,-1.44,-2.31,52.94,mixed_edge
1-5,lane1_target_national_rank_pair x target_outer_pressure_bucket,1-4+ | high_other_pressure,2230,148,6.64,223000,177800,-45200,79.73,1201.35,6.72,77.68,1155.81,2.05,-0.08,45.54,mixed_edge
1-3,target_exhibition_rank_bucket x other_exhibition_faster_than_target_count_bucket,3 | 0,112,22,19.64,11200,8930,-2270,79.73,405.91,15.92,79.12,497.05,0.61,3.72,-91.14,mixed_edge
1-2,stadium_code,17,652,120,18.4,65200,51980,-13220,79.72,433.17,18.62,81.17,436.02,-1.45,-0.22,-2.85,mixed_edge
1-2,stadium_code x target_lane,17 | 2,652,120,18.4,65200,51980,-13220,79.72,433.17,18.62,81.17,436.02,-1.45,-0.22,-2.85,mixed_edge
1-2,lane1_target_group_pair,A-A,4181,1114,26.64,418100,333150,-84950,79.68,299.06,18.62,81.17,436.02,-1.49,8.02,-136.96,mixed_edge
1-4,target_boat_rank_bucket,1,2249,241,10.72,224900,179170,-45730,79.67,743.44,10.33,75.47,730.61,4.2,0.39,12.83,mixed_edge
1-3,target_national_win_rank_bucket,1,2138,483,22.59,213800,170320,-43480,79.66,352.63,15.92,79.12,497.05,0.54,6.67,-144.42,mixed_edge
1-3,target_national_win_rank_bucket x other_national_better_than_target_count_bucket,1 | 0,2138,483,22.59,213800,170320,-43480,79.66,352.63,15.92,79.12,497.05,0.54,6.67,-144.42,mixed_edge
1-6,target_local_win_rank_bucket,3,2025,84,4.15,202500,161310,-41190,79.66,1920.36,4.06,71.41,1760.27,8.25,0.09,160.09,mixed_edge
1-4,lane1_boat_rank_bucket,4+,6696,699,10.44,669600,533190,-136410,79.63,762.79,10.33,75.47,730.61,4.16,0.11,32.18,mixed_edge
1-2,lane1_motor_rank_bucket,4+,6657,1202,18.06,665700,530060,-135640,79.62,440.98,18.62,81.17,436.02,-1.55,-0.56,4.96,mixed_edge
1-5,lane1_target_national_rank_pair,1-4+,2233,148,6.63,223300,177800,-45500,79.62,1201.35,6.72,77.68,1155.81,1.94,-0.09,45.54,mixed_edge
1-5,target_lane x lane1_target_national_rank_pair,5 | 1-4+,2233,148,6.63,223300,177800,-45500,79.62,1201.35,6.72,77.68,1155.81,1.94,-0.09,45.54,mixed_edge
1-3,lane1_target_group_pair x other_a_count_bucket,A-B | 3,701,90,12.84,70100,55770,-14330,79.56,619.67,15.92,79.12,497.05,0.44,-3.08,122.62,mixed_edge
1-4,lane1_local_win_rank_bucket,1,3299,439,13.31,329900,262440,-67460,79.55,597.81,10.33,75.47,730.61,4.08,2.98,-132.8,mixed_edge
1-2,target_exhibition_rank_bucket x other_exhibition_faster_than_target_count_bucket,4+ | 2,1809,327,18.08,180900,143870,-37030,79.53,439.97,18.62,81.17,436.02,-1.64,-0.54,3.95,mixed_edge
1-3,lane1_target_group_pair,A-B,4099,633,15.44,409900,325950,-83950,79.52,514.93,15.92,79.12,497.05,0.4,-0.48,17.88,mixed_edge
1-3,other_a_count_bucket,3,2120,262,12.36,212000,168560,-43440,79.51,643.36,15.92,79.12,497.05,0.39,-3.56,146.31,mixed_edge
1-3,target_lane x other_a_count_bucket,3 | 3,2120,262,12.36,212000,168560,-43440,79.51,643.36,15.92,79.12,497.05,0.39,-3.56,146.31,mixed_edge
1-2,target_national_win_rank_bucket,4+,6797,1017,14.96,679700,540160,-139540,79.47,531.13,18.62,81.17,436.02,-1.7,-3.66,95.11,mixed_edge
1-5,lane1_target_exhibition_st_rank_pair,4+-1,1076,67,6.23,107600,85510,-22090,79.47,1276.27,6.72,77.68,1155.81,1.79,-0.49,120.46,mixed_edge
1-5,lane1_exhibition_st_rank_bucket x target_exhibition_st_rank_bucket,4+ | 1,1076,67,6.23,107600,85510,-22090,79.47,1276.27,6.72,77.68,1155.81,1.79,-0.49,120.46,mixed_edge
1-6,lane1_target_national_rank_pair,4+-3,911,26,2.85,91100,72400,-18700,79.47,2784.62,4.06,71.41,1760.27,8.06,-1.21,1024.35,mixed_edge
1-6,target_lane x lane1_target_national_rank_pair,6 | 4+-3,911,26,2.85,91100,72400,-18700,79.47,2784.62,4.06,71.41,1760.27,8.06,-1.21,1024.35,mixed_edge
1-2,lane1_target_group_pair x other_a_count_bucket,A-B | 0,788,210,26.65,78800,62620,-16180,79.47,298.19,18.62,81.17,436.02,-1.7,8.03,-137.83,mixed_edge
1-3,wind_bucket,3-4,4052,641,15.82,405200,321910,-83290,79.44,502.2,15.92,79.12,497.05,0.32,-0.1,5.15,mixed_edge
1-4,other_st_faster_than_target_count_bucket,0,3476,423,12.17,347600,276120,-71480,79.44,652.77,10.33,75.47,730.61,3.97,1.84,-77.84,mixed_edge
1-6,lane1_target_national_rank_pair x target_outer_pressure_bucket,3-2 | some_other_pressure,190,10,5.26,19000,15090,-3910,79.42,1509.0,4.06,71.41,1760.27,8.01,1.2,-251.27,mixed_edge
1-3,lane1_target_start_gap_pair x target_outer_pressure_bucket,<=0.03-best | low_other_pressure,68,18,26.47,6800,5400,-1400,79.41,300.0,15.92,79.12,497.05,0.29,10.55,-197.05,mixed_edge
1-5,stadium_code,05,618,43,6.96,61800,49070,-12730,79.4,1141.16,6.72,77.68,1155.81,1.72,0.24,-14.65,mixed_edge
1-5,stadium_code x target_lane,05 | 5,618,43,6.96,61800,49070,-12730,79.4,1141.16,6.72,77.68,1155.81,1.72,0.24,-14.65,mixed_edge
1-6,lane1_target_start_gap_pair,<=0.03-<=0.03,593,33,5.56,59300,47080,-12220,79.39,1426.67,4.06,71.41,1760.27,7.98,1.5,-333.6,mixed_edge
1-6,target_lane x lane1_target_start_gap_pair,6 | <=0.03-<=0.03,593,33,5.56,59300,47080,-12220,79.39,1426.67,4.06,71.41,1760.27,7.98,1.5,-333.6,mixed_edge
1-6,lane1_start_exhibition_gap_bucket x target_start_exhibition_gap_bucket,<=0.03 | <=0.03,593,33,5.56,59300,47080,-12220,79.39,1426.67,4.06,71.41,1760.27,7.98,1.5,-333.6,mixed_edge
1-6,lane1_target_group_pair x other_a_count_bucket,A-B | 3,631,10,1.58,63100,50070,-13030,79.35,5007.0,4.06,71.41,1760.27,7.94,-2.48,3246.73,mixed_edge
1-4,lane1_target_exhibition_st_rank_pair,2-3,417,49,11.75,41700,33090,-8610,79.35,675.31,10.33,75.47,730.61,3.88,1.42,-55.3,mixed_edge
1-4,lane1_exhibition_st_rank_bucket x target_exhibition_st_rank_bucket,2 | 3,417,49,11.75,41700,33090,-8610,79.35,675.31,10.33,75.47,730.61,3.88,1.42,-55.3,mixed_edge
1-4,target_exhibition_rank_bucket x other_exhibition_faster_than_target_count_bucket,4+ | 1,314,28,8.92,31400,24910,-6490,79.33,889.64,10.33,75.47,730.61,3.86,-1.41,159.03,mixed_edge
1-3,target_local_win_rank_bucket,2,2354,439,18.65,235400,186710,-48690,79.32,425.31,15.92,79.12,497.05,0.2,2.73,-71.74,mixed_edge
1-2,lane1_target_start_gap_pair x target_outer_pressure_bucket,best-<=0.03 | low_other_pressure,133,40,30.08,13300,10550,-2750,79.32,263.75,18.62,81.17,436.02,-1.85,11.46,-172.27,mixed_edge
1-3,grade_group,一般,13529,2155,15.93,1352900,1072660,-280240,79.29,497.75,15.92,79.12,497.05,0.17,0.01,0.7,mixed_edge
1-2,lane1_target_national_rank_pair x target_outer_pressure_bucket,3-2 | some_other_pressure,297,67,22.56,29700,23540,-6160,79.26,351.34,18.62,81.17,436.02,-1.91,3.94,-84.68,mixed_edge
1-4,target_class_group x target_outer_pressure_bucket,A | high_other_pressure,4392,568,12.93,439200,348010,-91190,79.24,612.69,10.33,75.47,730.61,3.77,2.6,-117.92,mixed_edge
1-3,other_group_pattern,B-B-A-B,908,168,18.5,90800,71950,-18850,79.24,428.27,15.92,79.12,497.05,0.12,2.58,-68.78,mixed_edge
1-3,lane1_target_group_pair x other_a_count_bucket,B-A | 0,249,55,22.09,24900,19730,-5170,79.24,358.73,15.92,79.12,497.05,0.12,6.17,-138.32,mixed_edge
1-2,other_national_better_than_target_count_bucket,4,1991,215,10.8,199100,157730,-41370,79.22,733.63,18.62,81.17,436.02,-1.95,-7.82,297.61,mixed_edge
1-2,target_national_win_rank_bucket x other_national_better_than_target_count_bucket,4+ | 4,1991,215,10.8,199100,157730,-41370,79.22,733.63,18.62,81.17,436.02,-1.95,-7.82,297.61,mixed_edge
1-2,race_no_bucket,4-6R,3479,563,16.18,347900,275580,-72320,79.21,489.48,18.62,81.17,436.02,-1.96,-2.44,53.46,mixed_edge
1-2,race_no_bucket x target_lane,4-6R | 2,3479,563,16.18,347900,275580,-72320,79.21,489.48,18.62,81.17,436.02,-1.96,-2.44,53.46,mixed_edge
1-4,lane1_target_group_pair x other_a_count_bucket,B-B | 2,1310,56,4.27,131000,103720,-27280,79.18,1852.14,10.33,75.47,730.61,3.71,-6.06,1121.53,mixed_edge
1-2,lane1_target_exhibition_time_diff_bucket x lane1_target_start_exhibition_st_diff_bucket,target_faster_0.10+ | target_faster_0.03_0.06,108,19,17.59,10800,8550,-2250,79.17,450.0,18.62,81.17,436.02,-2.0,-1.03,13.98,mixed_edge
1-4,target_boat_rank_bucket,3,2317,242,10.44,231700,183340,-48360,79.13,757.6,10.33,75.47,730.61,3.66,0.11,26.99,mixed_edge
1-5,stadium_code,20,612,36,5.88,61200,48430,-12770,79.13,1345.28,6.72,77.68,1155.81,1.45,-0.84,189.47,mixed_edge
1-5,stadium_code x target_lane,20 | 5,612,36,5.88,61200,48430,-12770,79.13,1345.28,6.72,77.68,1155.81,1.45,-0.84,189.47,mixed_edge
1-3,target_lane,3,13853,2205,15.92,1385300,1096000,-289300,79.12,497.05,15.92,79.12,497.05,0.0,0.0,0.0,mixed_edge
1-3,target_lane_zone,inner_2_3,13853,2205,15.92,1385300,1096000,-289300,79.12,497.05,15.92,79.12,497.05,0.0,0.0,0.0,mixed_edge
1-3,target_national_win_rank_bucket x other_national_better_than_target_count_bucket,3 | 1,1380,322,23.33,138000,109170,-28830,79.11,339.04,15.92,79.12,497.05,-0.01,7.41,-158.01,mixed_edge
1-4,lane1_target_class_pair,B1-B2,443,16,3.61,44300,35040,-9260,79.1,2190.0,10.33,75.47,730.61,3.63,-6.72,1459.39,mixed_edge
1-2,lane1_target_motor_place_diff_bucket,near_equal,4482,817,18.23,448200,354490,-93710,79.09,433.89,18.62,81.17,436.02,-2.08,-0.39,-2.13,mixed_edge
1-4,lane1_target_class_pair,A1-A2,1120,184,16.43,112000,88570,-23430,79.08,481.36,10.33,75.47,730.61,3.61,6.1,-249.25,mixed_edge
1-3,target_outer_pressure_bucket,high_other_pressure,11007,1544,14.03,1100700,870330,-230370,79.07,563.69,15.92,79.12,497.05,-0.05,-1.89,66.64,mixed_edge
1-3,target_lane x target_outer_pressure_bucket,3 | high_other_pressure,11007,1544,14.03,1100700,870330,-230370,79.07,563.69,15.92,79.12,497.05,-0.05,-1.89,66.64,mixed_edge
1-3,lane1_local_win_rank_bucket,4+,5395,660,12.23,539500,426550,-112950,79.06,646.29,15.92,79.12,497.05,-0.06,-3.69,149.24,mixed_edge
1-6,lane1_motor_rank_bucket,2,2292,100,4.36,229200,181200,-48000,79.06,1812.0,4.06,71.41,1760.27,7.65,0.3,51.73,mixed_edge
1-3,lane1_class,A2,3852,696,18.07,385200,304470,-80730,79.04,437.46,15.92,79.12,497.05,-0.08,2.15,-59.59,mixed_edge
1-2,lane1_target_national_win_diff_bucket,near_equal,2585,523,20.23,258500,204290,-54210,79.03,390.61,18.62,81.17,436.02,-2.14,1.61,-45.41,mixed_edge
1-2,target_exhibition_st_rank_bucket x other_st_faster_than_target_count_bucket,4+ | 2,1489,282,18.94,148900,117660,-31240,79.02,417.23,18.62,81.17,436.02,-2.15,0.32,-18.79,mixed_edge
1-3,target_motor_rank_bucket,3,2504,395,15.77,250400,197820,-52580,79.0,500.81,15.92,79.12,497.05,-0.12,-0.15,3.76,mixed_edge
1-4,lane1_target_class_pair,A1-A1,1644,259,15.75,164400,129870,-34530,79.0,501.43,10.33,75.47,730.61,3.53,5.42,-229.18,mixed_edge
1-2,target_national_win_rank_bucket,1,2173,499,22.96,217300,171650,-45650,78.99,343.99,18.62,81.17,436.02,-2.18,4.34,-92.03,mixed_edge
1-2,target_national_win_rank_bucket x other_national_better_than_target_count_bucket,1 | 0,2173,499,22.96,217300,171650,-45650,78.99,343.99,18.62,81.17,436.02,-2.18,4.34,-92.03,mixed_edge
1-6,lane1_target_exhibition_time_diff_bucket x lane1_target_start_exhibition_st_diff_bucket,near_equal | lane1_faster_0.03_0.06,900,44,4.89,90000,71090,-18910,78.99,1615.68,4.06,71.41,1760.27,7.58,0.83,-144.59,mixed_edge
1-2,lane1_target_local_win_diff_bucket,lane1_plus_1.00+,5044,920,18.24,504400,398350,-106050,78.98,432.99,18.62,81.17,436.02,-2.19,-0.38,-3.03,mixed_edge
1-5,lane1_target_exhibition_st_rank_pair,1-4+,3438,236,6.86,343800,271420,-72380,78.95,1150.08,6.72,77.68,1155.81,1.27,0.14,-5.73,mixed_edge
1-5,lane1_exhibition_st_rank_bucket x target_exhibition_st_rank_bucket,1 | 4+,3438,236,6.86,343800,271420,-72380,78.95,1150.08,6.72,77.68,1155.81,1.27,0.14,-5.73,mixed_edge
1-4,target_class,A1,3167,498,15.72,316700,249940,-66760,78.92,501.89,10.33,75.47,730.61,3.45,5.39,-228.72,mixed_edge
1-3,other_national_better_than_target_count_bucket,3,2954,327,11.07,295400,233130,-62270,78.92,712.94,15.92,79.12,497.05,-0.2,-4.85,215.89,mixed_edge
1-3,target_national_win_rank_bucket x other_national_better_than_target_count_bucket,4+ | 3,2954,327,11.07,295400,233130,-62270,78.92,712.94,15.92,79.12,497.05,-0.2,-4.85,215.89,mixed_edge
1-4,lane1_target_boat_place_diff_bucket,target_plus_4_10,2454,247,10.07,245400,193600,-51800,78.89,783.81,10.33,75.47,730.61,3.42,-0.26,53.2,mixed_edge
1-5,lane1_target_national_rank_pair x target_outer_pressure_bucket,1-2 | high_other_pressure,345,44,12.75,34500,27210,-7290,78.87,618.41,6.72,77.68,1155.81,1.19,6.03,-537.4,mixed_edge
1-3,lane1_target_start_gap_pair x target_outer_pressure_bucket,0.04-0.06-best | low_other_pressure,61,13,21.31,6100,4810,-1290,78.85,370.0,15.92,79.12,497.05,-0.27,5.39,-127.05,mixed_edge
1-6,lane1_target_start_gap_pair x target_outer_pressure_bucket,0.04-0.06-0.04-0.06 | high_other_pressure,450,15,3.33,45000,35480,-9520,78.84,2365.33,4.06,71.41,1760.27,7.43,-0.73,605.06,mixed_edge
1-4,other_group_pattern,A-A-B-A,623,49,7.87,62300,49100,-13200,78.81,1002.04,10.33,75.47,730.61,3.34,-2.46,271.43,mixed_edge
1-4,lane1_national_win_rank_bucket,2,2949,360,12.21,294900,232310,-62590,78.78,645.31,10.33,75.47,730.61,3.31,1.88,-85.3,mixed_edge
1-2,wind_bucket,3-4,4052,749,18.48,405200,319130,-86070,78.76,426.07,18.62,81.17,436.02,-2.41,-0.14,-9.95,mixed_edge
1-2,lane1_exhibition_rank_bucket,4+,4156,675,16.24,415600,327270,-88330,78.75,484.84,18.62,81.17,436.02,-2.42,-2.38,48.82,mixed_edge
1-6,target_class,A2,3195,144,4.51,319500,251550,-67950,78.73,1746.88,4.06,71.41,1760.27,7.32,0.45,-13.39,mixed_edge
1-5,stadium_code,21,621,47,7.57,62100,48890,-13210,78.73,1040.21,6.72,77.68,1155.81,1.05,0.85,-115.6,mixed_edge
1-5,stadium_code x target_lane,21 | 5,621,47,7.57,62100,48890,-13210,78.73,1040.21,6.72,77.68,1155.81,1.05,0.85,-115.6,mixed_edge
1-4,target_national_win_rank_bucket x other_national_better_than_target_count_bucket,4+ | 2,1798,198,11.01,179800,141520,-38280,78.71,714.75,10.33,75.47,730.61,3.24,0.68,-15.86,mixed_edge
1-3,lane1_target_national_win_diff_bucket,lane1_plus_1.00+,4336,646,14.9,433600,341140,-92460,78.68,528.08,15.92,79.12,497.05,-0.44,-1.02,31.03,mixed_edge
1-3,other_group_pattern,A-B-A-B,893,104,11.65,89300,70220,-19080,78.63,675.19,15.92,79.12,497.05,-0.49,-4.27,178.14,mixed_edge
1-3,target_national_win_rank_bucket,4+,6942,840,12.1,694200,545680,-148520,78.61,649.62,15.92,79.12,497.05,-0.51,-3.82,152.57,mixed_edge
1-5,lane1_target_national_win_diff_bucket,target_plus_0.35_1.00,1706,142,8.32,170600,134100,-36500,78.6,944.37,6.72,77.68,1155.81,0.92,1.6,-211.44,mixed_edge
1-2,stadium_code,15,625,114,18.24,62500,49120,-13380,78.59,430.88,18.62,81.17,436.02,-2.58,-0.38,-5.14,mixed_edge
1-2,stadium_code x target_lane,15 | 2,625,114,18.24,62500,49120,-13380,78.59,430.88,18.62,81.17,436.02,-2.58,-0.38,-5.14,mixed_edge
1-4,lane1_target_national_rank_pair x target_outer_pressure_bucket,3-1 | low_other_pressure,117,20,17.09,11700,9190,-2510,78.55,459.5,10.33,75.47,730.61,3.08,6.76,-271.11,mixed_edge
1-2,lane1_target_boat_place_diff_bucket,near_equal,5194,940,18.1,519400,407850,-111550,78.52,433.88,18.62,81.17,436.02,-2.65,-0.52,-2.14,mixed_edge
1-2,lane1_start_exhibition_gap_bucket,0.04-0.06,2539,437,17.21,253900,199360,-54540,78.52,456.2,18.62,81.17,436.02,-2.65,-1.41,20.18,mixed_edge
1-5,lane1_target_motor_place_diff_bucket,target_plus_4_10,2297,162,7.05,229700,180370,-49330,78.52,1113.4,6.72,77.68,1155.81,0.84,0.33,-42.41,mixed_edge
1-3,lane1_boat_rank_bucket,2,2358,363,15.39,235800,185100,-50700,78.5,509.92,15.92,79.12,497.05,-0.62,-0.53,12.87,mixed_edge
1-3,lane1_target_local_win_diff_bucket,lane1_plus_1.00+,5044,767,15.21,504400,395860,-108540,78.48,516.11,15.92,79.12,497.05,-0.64,-0.71,19.06,mixed_edge
1-4,other_a_count_bucket,1,3470,412,11.87,347000,272340,-74660,78.48,661.02,10.33,75.47,730.61,3.01,1.54,-69.59,mixed_edge
1-4,target_lane x other_a_count_bucket,4 | 1,3470,412,11.87,347000,272340,-74660,78.48,661.02,10.33,75.47,730.61,3.01,1.54,-69.59,mixed_edge
1-3,lane1_target_national_rank_pair,2-1,636,187,29.4,63600,49910,-13690,78.47,266.9,15.92,79.12,497.05,-0.65,13.48,-230.15,mixed_edge
1-3,target_lane x lane1_target_national_rank_pair,3 | 2-1,636,187,29.4,63600,49910,-13690,78.47,266.9,15.92,79.12,497.05,-0.65,13.48,-230.15,mixed_edge
1-5,lane1_target_national_win_diff_bucket,lane1_plus_0.35_1.00,2355,177,7.52,235500,184770,-50730,78.46,1043.9,6.72,77.68,1155.81,0.78,0.8,-111.91,mixed_edge
1-4,other_group_pattern,A-B-A-A,513,38,7.41,51300,40250,-11050,78.46,1059.21,10.33,75.47,730.61,2.99,-2.92,328.6,mixed_edge
1-5,target_class_group x target_outer_pressure_bucket,A | some_other_pressure,1280,127,9.92,128000,100390,-27610,78.43,790.47,6.72,77.68,1155.81,0.75,3.2,-365.34,mixed_edge
1-3,target_boat_rank_bucket,1,2257,355,15.73,225700,177000,-48700,78.42,498.59,15.92,79.12,497.05,-0.7,-0.19,1.54,mixed_edge
1-4,other_a_count_bucket,2,4682,406,8.67,468200,367130,-101070,78.41,904.26,10.33,75.47,730.61,2.94,-1.66,173.65,mixed_edge
1-4,target_lane x other_a_count_bucket,4 | 2,4682,406,8.67,468200,367130,-101070,78.41,904.26,10.33,75.47,730.61,2.94,-1.66,173.65,mixed_edge
1-3,lane1_target_group_pair x other_a_count_bucket,A-A | 0,310,98,31.61,31000,24300,-6700,78.39,247.96,15.92,79.12,497.05,-0.73,15.69,-249.09,mixed_edge
1-2,lane1_target_group_pair x target_outer_pressure_bucket,A-B | high_other_pressure,3714,581,15.64,371400,291030,-80370,78.36,500.91,18.62,81.17,436.02,-2.81,-2.98,64.89,mixed_edge
1-5,target_motor_rank_bucket,2,2284,165,7.22,228400,178950,-49450,78.35,1084.55,6.72,77.68,1155.81,0.67,0.5,-71.26,mixed_edge
1-2,lane1_target_group_pair x other_a_count_bucket,A-A | 4,1349,303,22.46,134900,105690,-29210,78.35,348.81,18.62,81.17,436.02,-2.82,3.84,-87.21,mixed_edge
1-2,lane1_target_national_win_diff_bucket,lane1_plus_0.35_1.00,2553,524,20.52,255300,199980,-55320,78.33,381.64,18.62,81.17,436.02,-2.84,1.9,-54.38,mixed_edge
1-6,lane1_boat_rank_bucket,3,2238,94,4.2,223800,175230,-48570,78.3,1864.15,4.06,71.41,1760.27,6.89,0.14,103.88,mixed_edge
1-3,other_national_better_than_target_count_bucket,0,2870,681,23.73,287000,224690,-62310,78.29,329.94,15.92,79.12,497.05,-0.83,7.81,-167.11,mixed_edge
1-2,lane1_target_national_rank_pair,2-4+,1740,281,16.15,174000,136200,-37800,78.28,484.7,18.62,81.17,436.02,-2.89,-2.47,48.68,mixed_edge
1-2,target_lane x lane1_target_national_rank_pair,2 | 2-4+,1740,281,16.15,174000,136200,-37800,78.28,484.7,18.62,81.17,436.02,-2.89,-2.47,48.68,mixed_edge
1-2,lane1_target_national_rank_pair x target_outer_pressure_bucket,2-4+ | high_other_pressure,1740,281,16.15,174000,136200,-37800,78.28,484.7,18.62,81.17,436.02,-2.89,-2.47,48.68,mixed_edge
1-4,lane1_local_win_rank_bucket,2,2791,337,12.07,279100,218450,-60650,78.27,648.22,10.33,75.47,730.61,2.8,1.74,-82.39,mixed_edge
1-2,lane1_target_group_pair x other_a_count_bucket,A-B | 3,619,84,13.57,61900,48430,-13470,78.24,576.55,18.62,81.17,436.02,-2.93,-5.05,140.53,mixed_edge
1-2,lane1_boat_rank_bucket,2,2358,437,18.53,235800,184450,-51350,78.22,422.08,18.62,81.17,436.02,-2.95,-0.09,-13.94,mixed_edge
1-3,lane1_target_motor_place_diff_bucket,lane1_plus_10+,2421,379,15.65,242100,189350,-52750,78.21,499.6,15.92,79.12,497.05,-0.91,-0.27,2.55,mixed_edge
1-4,stadium_code,10,540,56,10.37,54000,42220,-11780,78.19,753.93,10.33,75.47,730.61,2.72,0.04,23.32,mixed_edge
1-4,stadium_code x target_lane,10 | 4,540,56,10.37,54000,42220,-11780,78.19,753.93,10.33,75.47,730.61,2.72,0.04,23.32,mixed_edge
1-2,target_exhibition_rank_bucket,3,2536,501,19.76,253600,198270,-55330,78.18,395.75,18.62,81.17,436.02,-2.99,1.14,-40.27,mixed_edge
1-4,target_exhibition_st_rank_bucket x other_st_faster_than_target_count_bucket,2 | 1,1287,121,9.4,128700,100560,-28140,78.14,831.07,10.33,75.47,730.61,2.67,-0.93,100.46,mixed_edge
1-2,lane1_national_win_rank_bucket,2,2949,584,19.8,294900,230340,-64560,78.11,394.42,18.62,81.17,436.02,-3.06,1.18,-41.6,mixed_edge
1-3,lane1_target_exhibition_st_rank_pair,3-2,479,81,16.91,47900,37410,-10490,78.1,461.85,15.92,79.12,497.05,-1.02,0.99,-35.2,mixed_edge
1-3,lane1_exhibition_st_rank_bucket x target_exhibition_st_rank_bucket,3 | 2,479,81,16.91,47900,37410,-10490,78.1,461.85,15.92,79.12,497.05,-1.02,0.99,-35.2,mixed_edge
1-5,lane1_class,A2,3852,287,7.45,385200,300760,-84440,78.08,1047.94,6.72,77.68,1155.81,0.4,0.73,-107.87,mixed_edge
1-5,lane1_target_start_gap_pair x target_outer_pressure_bucket,best-<=0.03 | low_other_pressure,52,8,15.38,5200,4060,-1140,78.08,507.5,6.72,77.68,1155.81,0.4,8.66,-648.31,mixed_edge
1-3,lane1_target_local_win_diff_bucket,target_plus_0.35_1.00,1503,252,16.77,150300,117300,-33000,78.04,465.48,15.92,79.12,497.05,-1.08,0.85,-31.57,mixed_edge
1-3,lane1_target_start_gap_pair x target_outer_pressure_bucket,<=0.03-<=0.03 | low_other_pressure,46,13,28.26,4600,3590,-1010,78.04,276.15,15.92,79.12,497.05,-1.08,12.34,-220.9,mixed_edge
1-2,other_exhibition_faster_than_target_count_bucket,2,2622,458,17.47,262200,204590,-57610,78.03,446.7,18.62,81.17,436.02,-3.14,-1.15,10.68,mixed_edge
1-3,lane1_target_local_win_diff_bucket,lane1_plus_0.35_1.00,1860,319,17.15,186000,145110,-40890,78.02,454.89,15.92,79.12,497.05,-1.1,1.23,-42.16,mixed_edge
1-5,lane1_target_national_rank_pair x target_outer_pressure_bucket,2-3 | high_other_pressure,317,22,6.94,31700,24730,-6970,78.01,1124.09,6.72,77.68,1155.81,0.33,0.22,-31.72,mixed_edge
1-3,lane1_target_group_pair x target_outer_pressure_bucket,A-B | high_other_pressure,3752,528,14.07,375200,292660,-82540,78.0,554.28,15.92,79.12,497.05,-1.12,-1.85,57.23,mixed_edge
1-3,lane1_target_national_rank_pair x target_outer_pressure_bucket,3-2 | some_other_pressure,265,55,20.75,26500,20660,-5840,77.96,375.64,15.92,79.12,497.05,-1.16,4.83,-121.41,mixed_edge
1-5,lane1_class_group,B,5483,264,4.81,548300,427390,-120910,77.95,1618.9,6.72,77.68,1155.81,0.27,-1.91,463.09,mixed_edge
1-5,target_outer_pressure_bucket,high_other_pressure,11475,672,5.86,1147500,894220,-253280,77.93,1330.68,6.72,77.68,1155.81,0.25,-0.86,174.87,mixed_edge
1-5,target_lane x target_outer_pressure_bucket,5 | high_other_pressure,11475,672,5.86,1147500,894220,-253280,77.93,1330.68,6.72,77.68,1155.81,0.25,-0.86,174.87,mixed_edge
1-3,other_national_better_than_target_count_bucket,1,2944,567,19.26,294400,229430,-64970,77.93,404.64,15.92,79.12,497.05,-1.19,3.34,-92.41,mixed_edge
1-2,lane1_target_motor_place_diff_bucket,lane1_plus_4_10,2348,409,17.42,234800,182950,-51850,77.92,447.31,18.62,81.17,436.02,-3.25,-1.2,11.29,mixed_edge
1-4,wind_bucket,0-2,7283,785,10.78,728300,567320,-160980,77.9,722.7,10.33,75.47,730.61,2.43,0.45,-7.91,mixed_edge
1-5,target_motor_rank_bucket,4+,7192,450,6.26,719200,560160,-159040,77.89,1244.8,6.72,77.68,1155.81,0.21,-0.46,88.99,mixed_edge
1-2,race_no_bucket,10-12R,3442,797,23.16,344200,268110,-76090,77.89,336.4,18.62,81.17,436.02,-3.28,4.54,-99.62,mixed_edge
1-2,race_no_bucket x target_lane,10-12R | 2,3442,797,23.16,344200,268110,-76090,77.89,336.4,18.62,81.17,436.02,-3.28,4.54,-99.62,mixed_edge
1-2,lane1_target_national_rank_pair x target_outer_pressure_bucket,4+-1 | low_other_pressure,404,68,16.83,40400,31450,-8950,77.85,462.5,18.62,81.17,436.02,-3.32,-1.79,26.48,mixed_edge
1-6,lane1_target_group_pair x other_a_count_bucket,B-B | 1,667,18,2.7,66700,51920,-14780,77.84,2884.44,4.06,71.41,1760.27,6.43,-1.36,1124.17,mixed_edge
1-4,lane1_target_national_rank_pair,4+-4+,2078,102,4.91,207800,161730,-46070,77.83,1585.59,10.33,75.47,730.61,2.36,-5.42,854.98,mixed_edge
1-4,target_lane x lane1_target_national_rank_pair,4 | 4+-4+,2078,102,4.91,207800,161730,-46070,77.83,1585.59,10.33,75.47,730.61,2.36,-5.42,854.98,mixed_edge
1-4,lane1_target_national_rank_pair x target_outer_pressure_bucket,4+-4+ | high_other_pressure,2078,102,4.91,207800,161730,-46070,77.83,1585.59,10.33,75.47,730.61,2.36,-5.42,854.98,mixed_edge
1-5,target_outer_pressure_bucket,some_other_pressure,1698,167,9.84,169800,132080,-37720,77.79,790.9,6.72,77.68,1155.81,0.11,3.12,-364.91,mixed_edge
1-5,target_lane x target_outer_pressure_bucket,5 | some_other_pressure,1698,167,9.84,169800,132080,-37720,77.79,790.9,6.72,77.68,1155.81,0.11,3.12,-364.91,mixed_edge
1-3,lane1_target_local_win_diff_bucket,target_plus_1.00+,3431,513,14.95,343100,266840,-76260,77.77,520.16,15.92,79.12,497.05,-1.35,-0.97,23.11,mixed_edge
1-4,stadium_code,21,621,77,12.4,62100,48290,-13810,77.76,627.14,10.33,75.47,730.61,2.29,2.07,-103.47,mixed_edge
1-4,stadium_code x target_lane,21 | 4,621,77,12.4,62100,48290,-13810,77.76,627.14,10.33,75.47,730.61,2.29,2.07,-103.47,mixed_edge
1-3,lane1_target_boat_place_diff_bucket,near_equal,5136,807,15.71,513600,399250,-114350,77.74,494.73,15.92,79.12,497.05,-1.38,-0.21,-2.32,mixed_edge
1-3,lane1_target_group_pair x other_a_count_bucket,A-A | 1,1015,279,27.49,101500,78910,-22590,77.74,282.83,15.92,79.12,497.05,-1.38,11.57,-214.22,mixed_edge
1-4,target_class_group,A,6406,896,13.99,640600,497670,-142930,77.69,555.44,10.33,75.47,730.61,2.22,3.66,-175.17,mixed_edge
1-4,target_lane x target_class_group,4 | A,6406,896,13.99,640600,497670,-142930,77.69,555.44,10.33,75.47,730.61,2.22,3.66,-175.17,mixed_edge
1-3,lane1_national_win_rank_bucket,2,2949,538,18.24,294900,229120,-65780,77.69,425.87,15.92,79.12,497.05,-1.43,2.32,-71.18,mixed_edge
1-5,target_lane,5,13853,931,6.72,1385300,1076060,-309240,77.68,1155.81,6.72,77.68,1155.81,0.0,0.0,0.0,mixed_edge
1-5,target_lane_zone,outer_5_6,13853,931,6.72,1385300,1076060,-309240,77.68,1155.81,6.72,77.68,1155.81,0.0,0.0,0.0,mixed_edge
1-3,lane1_national_win_rank_bucket,1,3447,718,20.83,344700,267690,-77010,77.66,372.83,15.92,79.12,497.05,-1.46,4.91,-124.22,mixed_edge
1-4,lane1_national_win_rank_bucket,1,3447,473,13.72,344700,267660,-77040,77.65,565.88,10.33,75.47,730.61,2.18,3.39,-164.73,mixed_edge
1-3,target_motor_rank_bucket,4+,6772,1010,14.91,677200,525790,-151410,77.64,520.58,15.92,79.12,497.05,-1.48,-1.01,23.53,mixed_edge
1-3,lane1_target_boat_place_diff_bucket,target_plus_4_10,2439,389,15.95,243900,189290,-54610,77.61,486.61,15.92,79.12,497.05,-1.51,0.03,-10.44,mixed_edge
1-6,stadium_code,15,625,26,4.16,62500,48500,-14000,77.6,1865.38,4.06,71.41,1760.27,6.19,0.1,105.11,mixed_edge
1-6,stadium_code x target_lane,15 | 6,625,26,4.16,62500,48500,-14000,77.6,1865.38,4.06,71.41,1760.27,6.19,0.1,105.11,mixed_edge
1-2,lane1_target_start_exhibition_st_diff_bucket,target_faster_0.03_0.06,1580,284,17.97,158000,122560,-35440,77.57,431.55,18.62,81.17,436.02,-3.6,-0.65,-4.47,mixed_edge
1-3,lane1_target_exhibition_time_diff_bucket x lane1_target_start_exhibition_st_diff_bucket,target_faster_0.10+ | lane1_faster_0.03_0.06,140,20,14.29,14000,10860,-3140,77.57,543.0,15.92,79.12,497.05,-1.55,-1.63,45.95,mixed_edge
1-5,lane1_class,B1,5128,247,4.82,512800,397680,-115120,77.55,1610.04,6.72,77.68,1155.81,-0.13,-1.9,454.23,mixed_edge
1-3,meeting_phase_bucket,day3-4,4979,754,15.14,497900,386010,-111890,77.53,511.95,15.92,79.12,497.05,-1.59,-0.78,14.9,mixed_edge
1-3,meeting_phase_bucket x target_lane,day3-4 | 3,4979,754,15.14,497900,386010,-111890,77.53,511.95,15.92,79.12,497.05,-1.59,-0.78,14.9,mixed_edge
1-5,other_national_better_than_target_count_bucket,0,2610,319,12.22,261000,202310,-58690,77.51,634.2,6.72,77.68,1155.81,-0.17,5.5,-521.61,mixed_edge
1-5,lane1_class_group,A,8370,667,7.97,837000,648670,-188330,77.5,972.52,6.72,77.68,1155.81,-0.18,1.25,-183.29,mixed_edge
1-5,lane1_target_exhibition_time_diff_bucket,target_faster_0.10+,660,51,7.73,66000,51140,-14860,77.48,1002.75,6.72,77.68,1155.81,-0.2,1.01,-153.06,mixed_edge
1-5,lane1_target_group_pair x other_a_count_bucket,B-B | 0,554,37,6.68,55400,42920,-12480,77.47,1160.0,6.72,77.68,1155.81,-0.21,-0.04,4.19,mixed_edge
1-3,race_no_bucket,7-9R,3448,528,15.31,344800,267090,-77710,77.46,505.85,15.92,79.12,497.05,-1.66,-0.61,8.8,mixed_edge
1-3,race_no_bucket x target_lane,7-9R | 3,3448,528,15.31,344800,267090,-77710,77.46,505.85,15.92,79.12,497.05,-1.66,-0.61,8.8,mixed_edge
1-4,stadium_code,11,468,53,11.32,46800,36240,-10560,77.44,683.77,10.33,75.47,730.61,1.97,0.99,-46.84,mixed_edge
1-4,stadium_code x target_lane,11 | 4,468,53,11.32,46800,36240,-10560,77.44,683.77,10.33,75.47,730.61,1.97,0.99,-46.84,mixed_edge
1-3,lane1_target_national_win_diff_bucket,target_plus_1.00+,2587,362,13.99,258700,200300,-58400,77.43,553.31,15.92,79.12,497.05,-1.69,-1.93,56.26,mixed_edge
1-5,target_exhibition_rank_bucket x other_exhibition_faster_than_target_count_bucket,3 | 1,1342,103,7.68,134200,103910,-30290,77.43,1008.83,6.72,77.68,1155.81,-0.25,0.96,-146.98,mixed_edge
1-2,lane1_boat_rank_bucket,3,2238,408,18.23,223800,173260,-50540,77.42,424.66,18.62,81.17,436.02,-3.75,-0.39,-11.36,mixed_edge
1-2,other_b2_count_bucket,2,456,89,19.52,45600,35290,-10310,77.39,396.52,18.62,81.17,436.02,-3.78,0.9,-39.5,mixed_edge
1-4,lane1_exhibition_st_rank_bucket,2,2347,245,10.44,234700,181610,-53090,77.38,741.27,10.33,75.47,730.61,1.91,0.11,10.66,mixed_edge
1-4,target_national_win_rank_bucket,4+,7306,559,7.65,730600,565230,-165370,77.37,1011.14,10.33,75.47,730.61,1.9,-2.68,280.53,mixed_edge
1-2,lane1_target_group_pair x other_a_count_bucket,A-A | 2,1120,299,26.7,112000,86610,-25390,77.33,289.67,18.62,81.17,436.02,-3.84,8.08,-146.35,mixed_edge
1-3,other_b2_count_bucket,0,9676,1489,15.39,967600,748140,-219460,77.32,502.44,15.92,79.12,497.05,-1.8,-0.53,5.39,mixed_edge
1-6,lane1_boat_rank_bucket,1,2561,111,4.33,256100,197970,-58130,77.3,1783.51,4.06,71.41,1760.27,5.89,0.27,23.24,mixed_edge
1-3,target_boat_rank_bucket,4+,6807,1072,15.75,680700,526040,-154660,77.28,490.71,15.92,79.12,497.05,-1.84,-0.17,-6.34,mixed_edge
1-3,lane1_target_class_pair,A1-B2,103,15,14.56,10300,7960,-2340,77.28,530.67,15.92,79.12,497.05,-1.84,-1.36,33.62,mixed_edge
1-5,lane1_target_start_gap_pair x target_outer_pressure_bucket,>0.06-<=0.03 | low_other_pressure,40,6,15.0,4000,3090,-910,77.25,515.0,6.72,77.68,1155.81,-0.43,8.28,-640.81,mixed_edge
1-2,other_group_pattern,A-A-A-B,504,84,16.67,50400,38930,-11470,77.24,463.45,18.62,81.17,436.02,-3.93,-1.95,27.43,mixed_edge
1-4,lane1_class_group,B,5483,389,7.09,548300,423300,-125000,77.2,1088.17,10.33,75.47,730.61,1.73,-3.24,357.56,mixed_edge
1-3,meeting_phase_bucket,day5+,3847,653,16.97,384700,297000,-87700,77.2,454.82,15.92,79.12,497.05,-1.92,1.05,-42.23,mixed_edge
1-3,meeting_phase_bucket x target_lane,day5+ | 3,3847,653,16.97,384700,297000,-87700,77.2,454.82,15.92,79.12,497.05,-1.92,1.05,-42.23,mixed_edge
1-6,lane1_target_local_win_diff_bucket,lane1_plus_0.35_1.00,1630,71,4.36,163000,125830,-37170,77.2,1772.25,4.06,71.41,1760.27,5.79,0.3,11.98,mixed_edge
1-4,lane1_target_exhibition_st_rank_pair,1-4+,3072,338,11.0,307200,237030,-70170,77.16,701.27,10.33,75.47,730.61,1.69,0.67,-29.34,mixed_edge
1-4,lane1_exhibition_st_rank_bucket x target_exhibition_st_rank_bucket,1 | 4+,3072,338,11.0,307200,237030,-70170,77.16,701.27,10.33,75.47,730.61,1.69,0.67,-29.34,mixed_edge
1-2,lane1_target_class_pair,A1-A2,1201,324,26.98,120100,92670,-27430,77.16,286.02,18.62,81.17,436.02,-4.01,8.36,-150.0,mixed_edge
1-2,other_national_better_than_target_count_bucket,0,2934,735,25.05,293400,226330,-67070,77.14,307.93,18.62,81.17,436.02,-4.03,6.43,-128.09,mixed_edge
1-4,lane1_target_start_gap_pair,<=0.03-<=0.03,868,102,11.75,86800,66960,-19840,77.14,656.47,10.33,75.47,730.61,1.67,1.42,-74.14,mixed_edge
1-4,target_lane x lane1_target_start_gap_pair,4 | <=0.03-<=0.03,868,102,11.75,86800,66960,-19840,77.14,656.47,10.33,75.47,730.61,1.67,1.42,-74.14,mixed_edge
1-4,lane1_start_exhibition_gap_bucket x target_start_exhibition_gap_bucket,<=0.03 | <=0.03,868,102,11.75,86800,66960,-19840,77.14,656.47,10.33,75.47,730.61,1.67,1.42,-74.14,mixed_edge
1-5,grade_group,一般,13529,910,6.73,1352900,1043390,-309510,77.12,1146.58,6.72,77.68,1155.81,-0.56,0.01,-9.23,mixed_edge
1-2,other_a_count_bucket,4,1514,328,21.66,151400,116760,-34640,77.12,355.98,18.62,81.17,436.02,-4.05,3.04,-80.04,mixed_edge
1-2,other_group_pattern,A-A-A-A,1514,328,21.66,151400,116760,-34640,77.12,355.98,18.62,81.17,436.02,-4.05,3.04,-80.04,mixed_edge
1-2,target_lane x other_a_count_bucket,2 | 4,1514,328,21.66,151400,116760,-34640,77.12,355.98,18.62,81.17,436.02,-4.05,3.04,-80.04,mixed_edge
1-4,lane1_target_local_win_diff_bucket,lane1_plus_1.00+,5389,514,9.54,538900,415560,-123340,77.11,808.48,10.33,75.47,730.61,1.64,-0.79,77.87,mixed_edge
1-2,stadium_code,23,396,72,18.18,39600,30530,-9070,77.1,424.03,18.62,81.17,436.02,-4.07,-0.44,-11.99,mixed_edge
1-2,stadium_code x target_lane,23 | 2,396,72,18.18,39600,30530,-9070,77.1,424.03,18.62,81.17,436.02,-4.07,-0.44,-11.99,mixed_edge
1-4,other_national_better_than_target_count_bucket,0,2764,479,17.33,276400,213000,-63400,77.06,444.68,10.33,75.47,730.61,1.59,7.0,-285.93,mixed_edge
1-3,lane1_target_group_pair,B-A,2402,326,13.57,240200,185080,-55120,77.05,567.73,15.92,79.12,497.05,-2.07,-2.35,70.68,mixed_edge
1-6,stadium_code,03,561,22,3.92,56100,43220,-12880,77.04,1964.55,4.06,71.41,1760.27,5.63,-0.14,204.28,mixed_edge
1-6,stadium_code x target_lane,03 | 6,561,22,3.92,56100,43220,-12880,77.04,1964.55,4.06,71.41,1760.27,5.63,-0.14,204.28,mixed_edge
1-4,lane1_class,B1,5128,362,7.06,512800,394930,-117870,77.01,1090.97,10.33,75.47,730.61,1.54,-3.27,360.36,mixed_edge
1-5,lane1_class,A1,4518,380,8.41,451800,347910,-103890,77.01,915.55,6.72,77.68,1155.81,-0.67,1.69,-240.26,mixed_edge
1-5,lane1_target_exhibition_time_diff_bucket x lane1_target_start_exhibition_st_diff_bucket,near_equal | lane1_faster_0.03_0.06,962,80,8.32,96200,74080,-22120,77.01,926.0,6.72,77.68,1155.81,-0.67,1.6,-229.81,mixed_edge
1-2,meeting_phase_bucket,day1-2,5027,825,16.41,502700,387060,-115640,77.0,469.16,18.62,81.17,436.02,-4.17,-2.21,33.14,mixed_edge
1-2,meeting_phase_bucket x target_lane,day1-2 | 2,5027,825,16.41,502700,387060,-115640,77.0,469.16,18.62,81.17,436.02,-4.17,-2.21,33.14,mixed_edge
1-4,target_national_win_rank_bucket,2,2198,293,13.33,219800,169250,-50550,77.0,577.65,10.33,75.47,730.61,1.53,3.0,-152.96,mixed_edge
1-4,lane1_target_exhibition_time_diff_bucket x lane1_target_start_exhibition_st_diff_bucket,lane1_faster_0.05_0.10 | lane1_faster_0.03_0.06,492,58,11.79,49200,37880,-11320,76.99,653.1,10.33,75.47,730.61,1.52,1.46,-77.51,mixed_edge
1-3,lane1_motor_rank_bucket,2,2292,387,16.88,229200,176400,-52800,76.96,455.81,15.92,79.12,497.05,-2.16,0.96,-41.24,mixed_edge
1-3,lane1_target_class_pair,A2-B1,2168,291,13.42,216800,166840,-49960,76.96,573.33,15.92,79.12,497.05,-2.16,-2.5,76.28,mixed_edge
1-5,lane1_target_national_rank_pair x target_outer_pressure_bucket,2-1 | high_other_pressure,289,47,16.26,28900,22240,-6660,76.96,473.19,6.72,77.68,1155.81,-0.72,9.54,-682.62,mixed_edge
1-2,lane1_target_national_rank_pair x target_outer_pressure_bucket,1-3 | high_other_pressure,361,90,24.93,36100,27780,-8320,76.95,308.67,18.62,81.17,436.02,-4.22,6.31,-127.35,mixed_edge
1-3,lane1_target_motor_place_diff_bucket,target_plus_10+,2301,384,16.69,230100,176960,-53140,76.91,460.83,15.92,79.12,497.05,-2.21,0.77,-36.22,mixed_edge
1-3,target_exhibition_rank_bucket x other_exhibition_faster_than_target_count_bucket,2 | 1,1237,194,15.68,123700,95140,-28560,76.91,490.41,15.92,79.12,497.05,-2.21,-0.24,-6.64,mixed_edge
1-4,lane1_target_group_pair x other_a_count_bucket,B-A | 3,222,12,5.41,22200,17070,-5130,76.89,1422.5,10.33,75.47,730.61,1.42,-4.92,691.89,mixed_edge
1-6,meeting_phase_bucket,day5+,3847,190,4.94,384700,295750,-88950,76.88,1556.58,4.06,71.41,1760.27,5.47,0.88,-203.69,mixed_edge
1-6,meeting_phase_bucket x target_lane,day5+ | 6,3847,190,4.94,384700,295750,-88950,76.88,1556.58,4.06,71.41,1760.27,5.47,0.88,-203.69,mixed_edge
1-4,lane1_target_national_rank_pair x target_outer_pressure_bucket,3-1 | some_other_pressure,96,17,17.71,9600,7380,-2220,76.88,434.12,10.33,75.47,730.61,1.41,7.38,-296.49,mixed_edge
1-3,target_motor_rank_bucket,1,2275,399,17.54,227500,174810,-52690,76.84,438.12,15.92,79.12,497.05,-2.28,1.62,-58.93,mixed_edge
1-5,lane1_target_local_win_diff_bucket,lane1_plus_0.35_1.00,1774,123,6.93,177400,136220,-41180,76.79,1107.48,6.72,77.68,1155.81,-0.89,0.21,-48.33,mixed_edge
1-6,wind_bucket,0-2,7283,322,4.42,728300,559140,-169160,76.77,1736.46,4.06,71.41,1760.27,5.36,0.36,-23.81,mixed_edge
1-6,lane1_target_national_rank_pair x target_outer_pressure_bucket,1-2 | high_other_pressure,361,28,7.76,36100,27710,-8390,76.76,989.64,4.06,71.41,1760.27,5.35,3.7,-770.63,mixed_edge
1-3,lane1_boat_rank_bucket,4+,6696,1060,15.83,669600,513920,-155680,76.75,484.83,15.92,79.12,497.05,-2.37,-0.09,-12.22,mixed_edge
1-6,other_group_pattern,B-B-A-A,551,19,3.45,55100,42290,-12810,76.75,2225.79,4.06,71.41,1760.27,5.34,-0.61,465.52,mixed_edge
1-6,target_exhibition_rank_bucket x other_exhibition_faster_than_target_count_bucket,3 | 1,1185,62,5.23,118500,90930,-27570,76.73,1466.61,4.06,71.41,1760.27,5.32,1.17,-293.66,mixed_edge
1-4,lane1_national_win_rank_bucket,4+,5044,370,7.34,504400,386990,-117410,76.72,1045.92,10.33,75.47,730.61,1.25,-2.99,315.31,mixed_edge
1-5,lane1_target_national_win_diff_bucket,target_plus_1.00+,2313,163,7.05,231300,177460,-53840,76.72,1088.71,6.72,77.68,1155.81,-0.96,0.33,-67.1,mixed_edge
1-6,other_a_count_bucket,0,1780,114,6.4,178000,136450,-41550,76.66,1196.93,4.06,71.41,1760.27,5.25,2.34,-563.34,mixed_edge
1-6,other_group_pattern,B-B-B-B,1780,114,6.4,178000,136450,-41550,76.66,1196.93,4.06,71.41,1760.27,5.25,2.34,-563.34,mixed_edge
1-6,target_lane x other_a_count_bucket,6 | 0,1780,114,6.4,178000,136450,-41550,76.66,1196.93,4.06,71.41,1760.27,5.25,2.34,-563.34,mixed_edge
1-6,target_class_group x target_outer_pressure_bucket,A | some_other_pressure,1319,88,6.67,131900,101100,-30800,76.65,1148.86,4.06,71.41,1760.27,5.24,2.61,-611.41,mixed_edge
1-2,stadium_code,22,671,139,20.72,67100,51430,-15670,76.65,370.0,18.62,81.17,436.02,-4.52,2.1,-66.02,mixed_edge
1-2,stadium_code x target_lane,22 | 2,671,139,20.72,67100,51430,-15670,76.65,370.0,18.62,81.17,436.02,-4.52,2.1,-66.02,mixed_edge
1-2,lane1_class,A1,4518,1082,23.95,451800,346270,-105530,76.64,320.03,18.62,81.17,436.02,-4.53,5.33,-115.99,mixed_edge
1-3,target_national_win_rank_bucket x other_national_better_than_target_count_bucket,2 | 1,1552,241,15.53,155200,118930,-36270,76.63,493.49,15.92,79.12,497.05,-2.49,-0.39,-3.56,mixed_edge
1-2,target_boat_rank_bucket,3,2245,403,17.95,224500,171970,-52530,76.6,426.72,18.62,81.17,436.02,-4.57,-0.67,-9.3,mixed_edge
1-3,target_local_win_rank_bucket,1,2242,468,20.87,224200,171580,-52620,76.53,366.62,15.92,79.12,497.05,-2.59,4.95,-130.43,mixed_edge
1-4,lane1_start_exhibition_gap_bucket,<=0.03,3150,344,10.92,315000,241040,-73960,76.52,700.7,10.33,75.47,730.61,1.05,0.59,-29.91,mixed_edge
1-6,lane1_target_boat_place_diff_bucket,target_plus_10+,1900,73,3.84,190000,145380,-44620,76.52,1991.51,4.06,71.41,1760.27,5.11,-0.22,231.24,mixed_edge
1-6,lane1_target_group_pair x other_a_count_bucket,B-B | 0,554,22,3.97,55400,42380,-13020,76.5,1926.36,4.06,71.41,1760.27,5.09,-0.09,166.09,mixed_edge
1-3,lane1_target_start_gap_pair x target_outer_pressure_bucket,>0.06-<=0.03 | some_other_pressure,80,16,20.0,8000,6120,-1880,76.5,382.5,15.92,79.12,497.05,-2.62,4.08,-114.55,mixed_edge
1-2,lane1_target_class_pair,A1-A1,1660,436,26.27,166000,126970,-39030,76.49,291.22,18.62,81.17,436.02,-4.68,7.65,-144.8,mixed_edge
1-4,target_class,A2,3239,398,12.29,323900,247730,-76170,76.48,622.44,10.33,75.47,730.61,1.01,1.96,-108.17,mixed_edge
1-3,target_boat_rank_bucket,3,2483,371,14.94,248300,189900,-58400,76.48,511.86,15.92,79.12,497.05,-2.64,-0.98,14.81,mixed_edge
1-5,target_exhibition_rank_bucket,3,2235,156,6.98,223500,170920,-52580,76.47,1095.64,6.72,77.68,1155.81,-1.21,0.26,-60.17,mixed_edge
1-5,target_national_win_rank_bucket,1,1965,227,11.55,196500,150230,-46270,76.45,661.81,6.72,77.68,1155.81,-1.23,4.83,-494.0,mixed_edge
1-5,target_national_win_rank_bucket x other_national_better_than_target_count_bucket,1 | 0,1965,227,11.55,196500,150230,-46270,76.45,661.81,6.72,77.68,1155.81,-1.23,4.83,-494.0,mixed_edge
1-3,lane1_target_exhibition_time_diff_bucket,lane1_faster_0.10+,1765,263,14.9,176500,134940,-41560,76.45,513.08,15.92,79.12,497.05,-2.67,-1.02,16.03,mixed_edge
1-6,lane1_target_class_pair,A2-A1,750,84,11.2,75000,57340,-17660,76.45,682.62,4.06,71.41,1760.27,5.04,7.14,-1077.65,mixed_edge
1-3,lane1_target_boat_place_diff_bucket,lane1_plus_4_10,2437,372,15.26,243700,186230,-57470,76.42,500.62,15.92,79.12,497.05,-2.7,-0.66,3.57,mixed_edge
1-6,lane1_target_national_rank_pair x target_outer_pressure_bucket,2-3 | some_other_pressure,243,12,4.94,24300,18570,-5730,76.42,1547.5,4.06,71.41,1760.27,5.01,0.88,-212.77,mixed_edge
1-3,target_national_win_rank_bucket x other_national_better_than_target_count_bucket,4+ | 2,1838,296,16.1,183800,140430,-43370,76.4,474.43,15.92,79.12,497.05,-2.72,0.18,-22.62,mixed_edge
1-6,lane1_target_exhibition_time_diff_bucket x lane1_target_start_exhibition_st_diff_bucket,lane1_faster_0.05_0.10 | target_faster_0.03_0.06,289,10,3.46,28900,22080,-6820,76.4,2208.0,4.06,71.41,1760.27,4.99,-0.6,447.73,mixed_edge
1-4,race_no_bucket,4-6R,3479,339,9.74,347900,265640,-82260,76.36,783.6,10.33,75.47,730.61,0.89,-0.59,52.99,mixed_edge
1-4,race_no_bucket x target_lane,4-6R | 4,3479,339,9.74,347900,265640,-82260,76.36,783.6,10.33,75.47,730.61,0.89,-0.59,52.99,mixed_edge
1-3,lane1_target_class_pair,B1-A2,1398,174,12.45,139800,106750,-33050,76.36,613.51,15.92,79.12,497.05,-2.76,-3.47,116.46,mixed_edge
1-3,lane1_motor_rank_bucket,4+,6657,1012,15.2,665700,508260,-157440,76.35,502.23,15.92,79.12,497.05,-2.77,-0.72,5.18,mixed_edge
1-2,other_exhibition_faster_than_target_count_bucket,3,2246,347,15.45,224600,171490,-53110,76.35,494.21,18.62,81.17,436.02,-4.82,-3.17,58.19,mixed_edge
1-2,target_exhibition_rank_bucket x other_exhibition_faster_than_target_count_bucket,4+ | 3,2246,347,15.45,224600,171490,-53110,76.35,494.21,18.62,81.17,436.02,-4.82,-3.17,58.19,mixed_edge
1-4,stadium_code,14,577,50,8.67,57700,44050,-13650,76.34,881.0,10.33,75.47,730.61,0.87,-1.66,150.39,mixed_edge
1-4,stadium_code x target_lane,14 | 4,577,50,8.67,57700,44050,-13650,76.34,881.0,10.33,75.47,730.61,0.87,-1.66,150.39,mixed_edge
1-5,lane1_target_group_pair x target_outer_pressure_bucket,A-B | some_other_pressure,254,28,11.02,25400,19390,-6010,76.34,692.5,6.72,77.68,1155.81,-1.34,4.3,-463.31,mixed_edge
1-3,lane1_class_group,A,8370,1574,18.81,837000,638800,-198200,76.32,405.84,15.92,79.12,497.05,-2.8,2.89,-91.21,mixed_edge
1-3,lane1_national_win_rank_bucket,3,2413,374,15.5,241300,184060,-57240,76.28,492.14,15.92,79.12,497.05,-2.84,-0.42,-4.91,mixed_edge
1-4,lane1_target_group_pair x target_outer_pressure_bucket,A-B | low_other_pressure,59,13,22.03,5900,4500,-1400,76.27,346.15,10.33,75.47,730.61,0.8,11.7,-384.46,mixed_edge
1-4,wave_bucket,0-4,11538,1231,10.67,1153800,879850,-273950,76.26,714.74,10.33,75.47,730.61,0.79,0.34,-15.87,mixed_edge
1-6,lane1_target_start_gap_pair x target_outer_pressure_bucket,best-0.04-0.06 | some_other_pressure,138,12,8.7,13800,10520,-3280,76.23,876.67,4.06,71.41,1760.27,4.82,4.64,-883.6,mixed_edge
1-2,target_class,B2,489,49,10.02,48900,37270,-11630,76.22,760.61,18.62,81.17,436.02,-4.95,-8.6,324.59,mixed_edge
1-5,lane1_target_group_pair x target_outer_pressure_bucket,B-A | low_other_pressure,243,27,11.11,24300,18520,-5780,76.21,685.93,6.72,77.68,1155.81,-1.47,4.39,-469.88,mixed_edge
1-3,other_st_faster_than_target_count_bucket,2,2471,363,14.69,247100,188240,-58860,76.18,518.57,15.92,79.12,497.05,-2.94,-1.23,21.52,mixed_edge
1-3,lane1_exhibition_rank_bucket,3,2350,336,14.3,235000,179020,-55980,76.18,532.8,15.92,79.12,497.05,-2.94,-1.62,35.75,mixed_edge
1-2,other_group_pattern,B-A-B-A,933,163,17.47,93300,71080,-22220,76.18,436.07,18.62,81.17,436.02,-4.99,-1.15,0.05,mixed_edge
1-4,lane1_target_motor_place_diff_bucket,lane1_plus_10+,2333,266,11.4,233300,177680,-55620,76.16,667.97,10.33,75.47,730.61,0.69,1.07,-62.64,mixed_edge
1-5,lane1_target_motor_place_diff_bucket,lane1_plus_10+,2346,147,6.27,234600,178650,-55950,76.15,1215.31,6.72,77.68,1155.81,-1.53,-0.45,59.5,mixed_edge
1-6,lane1_target_group_pair x other_a_count_bucket,A-A | 0,278,40,14.39,27800,21160,-6640,76.12,529.0,4.06,71.41,1760.27,4.71,10.33,-1231.27,mixed_edge
1-4,lane1_motor_rank_bucket,1,2674,302,11.29,267400,203500,-63900,76.1,673.84,10.33,75.47,730.61,0.63,0.96,-56.77,mixed_edge
1-4,target_outer_pressure_bucket,high_other_pressure,11264,1029,9.14,1126400,856990,-269410,76.08,832.84,10.33,75.47,730.61,0.61,-1.19,102.23,mixed_edge
1-4,target_lane x target_outer_pressure_bucket,4 | high_other_pressure,11264,1029,9.14,1126400,856990,-269410,76.08,832.84,10.33,75.47,730.61,0.61,-1.19,102.23,mixed_edge
1-2,lane1_target_start_gap_pair,0.04-0.06-0.04-0.06,650,117,18.0,65000,49450,-15550,76.08,422.65,18.62,81.17,436.02,-5.09,-0.62,-13.37,mixed_edge
1-2,target_lane x lane1_target_start_gap_pair,2 | 0.04-0.06-0.04-0.06,650,117,18.0,65000,49450,-15550,76.08,422.65,18.62,81.17,436.02,-5.09,-0.62,-13.37,mixed_edge
1-2,lane1_start_exhibition_gap_bucket x target_start_exhibition_gap_bucket,0.04-0.06 | 0.04-0.06,650,117,18.0,65000,49450,-15550,76.08,422.65,18.62,81.17,436.02,-5.09,-0.62,-13.37,mixed_edge
1-4,target_local_win_rank_bucket,3,2325,257,11.05,232500,176850,-55650,76.06,688.13,10.33,75.47,730.61,0.59,0.72,-42.48,mixed_edge
1-2,lane1_target_exhibition_time_diff_bucket x lane1_target_start_exhibition_st_diff_bucket,lane1_faster_0.05_0.10 | target_faster_0.03_0.06,285,51,17.89,28500,21670,-6830,76.04,424.9,18.62,81.17,436.02,-5.13,-0.73,-11.12,mixed_edge
1-5,target_exhibition_rank_bucket x other_exhibition_faster_than_target_count_bucket,4+ | 1,444,26,5.86,44400,33740,-10660,75.99,1297.69,6.72,77.68,1155.81,-1.69,-0.86,141.88,mixed_edge
1-4,target_class,B1,6562,499,7.6,656200,498350,-157850,75.94,998.7,10.33,75.47,730.61,0.47,-2.73,268.09,mixed_edge
1-3,lane1_target_national_rank_pair,1-4+,1960,320,16.33,196000,148790,-47210,75.91,464.97,15.92,79.12,497.05,-3.21,0.41,-32.08,mixed_edge
1-3,target_lane x lane1_target_national_rank_pair,3 | 1-4+,1960,320,16.33,196000,148790,-47210,75.91,464.97,15.92,79.12,497.05,-3.21,0.41,-32.08,mixed_edge
1-3,lane1_target_national_rank_pair x target_outer_pressure_bucket,1-4+ | high_other_pressure,1956,319,16.31,195600,148460,-47140,75.9,465.39,15.92,79.12,497.05,-3.22,0.39,-31.66,mixed_edge
1-3,lane1_target_group_pair x other_a_count_bucket,A-A | 2,1038,225,21.68,103800,78760,-25040,75.88,350.04,15.92,79.12,497.05,-3.24,5.76,-147.01,mixed_edge
1-6,other_exhibition_faster_than_target_count_bucket,1,2713,123,4.53,271300,205750,-65550,75.84,1672.76,4.06,71.41,1760.27,4.43,0.47,-87.51,mixed_edge
1-2,lane1_target_exhibition_time_diff_bucket,lane1_faster_0.10+,1495,249,16.66,149500,113380,-36120,75.84,455.34,18.62,81.17,436.02,-5.33,-1.96,19.32,mixed_edge
1-2,lane1_target_class_pair,A1-B1,1559,311,19.95,155900,118220,-37680,75.83,380.13,18.62,81.17,436.02,-5.34,1.33,-55.89,mixed_edge
1-5,target_class_group x target_outer_pressure_bucket,B | some_other_pressure,418,40,9.57,41800,31690,-10110,75.81,792.25,6.72,77.68,1155.81,-1.87,2.85,-363.56,mixed_edge
1-3,other_a_count_bucket,1,3539,623,17.6,353900,268260,-85640,75.8,430.59,15.92,79.12,497.05,-3.32,1.68,-66.46,mixed_edge
1-3,target_lane x other_a_count_bucket,3 | 1,3539,623,17.6,353900,268260,-85640,75.8,430.59,15.92,79.12,497.05,-3.32,1.68,-66.46,mixed_edge
1-4,lane1_target_national_rank_pair x target_outer_pressure_bucket,4+-2 | some_other_pressure,440,37,8.41,44000,33350,-10650,75.8,901.35,10.33,75.47,730.61,0.33,-1.92,170.74,mixed_edge
1-2,other_national_better_than_target_count_bucket,3,2836,396,13.96,283600,214940,-68660,75.79,542.78,18.62,81.17,436.02,-5.38,-4.66,106.76,mixed_edge
1-2,target_national_win_rank_bucket x other_national_better_than_target_count_bucket,4+ | 3,2836,396,13.96,283600,214940,-68660,75.79,542.78,18.62,81.17,436.02,-5.38,-4.66,106.76,mixed_edge
1-3,target_national_win_rank_bucket,2,2281,437,19.16,228100,172800,-55300,75.76,395.42,15.92,79.12,497.05,-3.36,3.24,-101.63,mixed_edge
1-2,lane1_target_exhibition_time_diff_bucket,target_faster_0.05_0.10,1720,296,17.21,172000,130300,-41700,75.76,440.2,18.62,81.17,436.02,-5.41,-1.41,4.18,mixed_edge
1-4,lane1_target_motor_place_diff_bucket,near_equal,4482,443,9.88,448200,339410,-108790,75.73,766.16,10.33,75.47,730.61,0.26,-0.45,35.55,mixed_edge
1-4,lane1_target_start_gap_pair x target_outer_pressure_bucket,best-best | high_other_pressure,166,19,11.45,16600,12570,-4030,75.72,661.58,10.33,75.47,730.61,0.25,1.12,-69.03,mixed_edge
1-6,stadium_code,01,612,19,3.1,61200,46320,-14880,75.69,2437.89,4.06,71.41,1760.27,4.28,-0.96,677.62,mixed_edge
1-6,stadium_code x target_lane,01 | 6,612,19,3.1,61200,46320,-14880,75.69,2437.89,4.06,71.41,1760.27,4.28,-0.96,677.62,mixed_edge
1-4,lane1_target_group_pair x target_outer_pressure_bucket,A-A | high_other_pressure,3007,425,14.13,300700,227580,-73120,75.68,535.48,10.33,75.47,730.61,0.21,3.8,-195.13,mixed_edge
1-5,race_no_bucket,7-9R,3448,221,6.41,344800,260910,-83890,75.67,1180.59,6.72,77.68,1155.81,-2.01,-0.31,24.78,mixed_edge
1-5,race_no_bucket x target_lane,7-9R | 5,3448,221,6.41,344800,260910,-83890,75.67,1180.59,6.72,77.68,1155.81,-2.01,-0.31,24.78,mixed_edge
1-6,other_a_count_bucket,4,1626,54,3.32,162600,122920,-39680,75.6,2276.3,4.06,71.41,1760.27,4.19,-0.74,516.03,mixed_edge
1-6,other_group_pattern,A-A-A-A,1626,54,3.32,162600,122920,-39680,75.6,2276.3,4.06,71.41,1760.27,4.19,-0.74,516.03,mixed_edge
1-6,target_lane x other_a_count_bucket,6 | 4,1626,54,3.32,162600,122920,-39680,75.6,2276.3,4.06,71.41,1760.27,4.19,-0.74,516.03,mixed_edge
1-4,lane1_target_group_pair x other_a_count_bucket,B-A | 4,34,3,8.82,3400,2570,-830,75.59,856.67,10.33,75.47,730.61,0.12,-1.51,126.06,mixed_edge
1-2,lane1_target_national_rank_pair x target_outer_pressure_bucket,1-2 | high_other_pressure,317,92,29.02,31700,23960,-7740,75.58,260.43,18.62,81.17,436.02,-5.59,10.4,-175.59,mixed_edge
1-3,lane1_target_national_win_diff_bucket,target_plus_0.35_1.00,1900,309,16.26,190000,143540,-46460,75.55,464.53,15.92,79.12,497.05,-3.57,0.34,-32.52,mixed_edge
1-5,lane1_boat_rank_bucket,3,2238,147,6.57,223800,168940,-54860,75.49,1149.25,6.72,77.68,1155.81,-2.19,-0.15,-6.56,mixed_edge
1-3,lane1_target_group_pair x target_outer_pressure_bucket,A-B | low_other_pressure,51,17,33.33,5100,3850,-1250,75.49,226.47,15.92,79.12,497.05,-3.63,17.41,-270.58,mixed_edge
1-6,lane1_target_group_pair,A-A,4252,263,6.19,425200,320960,-104240,75.48,1220.38,4.06,71.41,1760.27,4.07,2.13,-539.89,mixed_edge
1-2,lane1_target_start_gap_pair,<=0.03-0.04-0.06,684,129,18.86,68400,51630,-16770,75.48,400.23,18.62,81.17,436.02,-5.69,0.24,-35.79,mixed_edge
1-2,target_lane x lane1_target_start_gap_pair,2 | <=0.03-0.04-0.06,684,129,18.86,68400,51630,-16770,75.48,400.23,18.62,81.17,436.02,-5.69,0.24,-35.79,mixed_edge
1-2,lane1_start_exhibition_gap_bucket x target_start_exhibition_gap_bucket,<=0.03 | 0.04-0.06,684,129,18.86,68400,51630,-16770,75.48,400.23,18.62,81.17,436.02,-5.69,0.24,-35.79,mixed_edge
1-4,target_lane,4,13853,1431,10.33,1385300,1045500,-339800,75.47,730.61,10.33,75.47,730.61,0.0,0.0,0.0,mixed_edge
1-4,target_lane_zone,center_4,13853,1431,10.33,1385300,1045500,-339800,75.47,730.61,10.33,75.47,730.61,0.0,0.0,0.0,mixed_edge
1-5,other_group_pattern,A-B-B-A,806,50,6.2,80600,60830,-19770,75.47,1216.6,6.72,77.68,1155.81,-2.21,-0.52,60.79,mixed_edge
1-4,lane1_target_exhibition_st_rank_pair,2-4+,1442,132,9.15,144200,108750,-35450,75.42,823.86,10.33,75.47,730.61,-0.05,-1.18,93.25,mixed_edge
1-4,lane1_exhibition_st_rank_bucket x target_exhibition_st_rank_bucket,2 | 4+,1442,132,9.15,144200,108750,-35450,75.42,823.86,10.33,75.47,730.61,-0.05,-1.18,93.25,mixed_edge
1-4,grade_group,一般,13529,1392,10.29,1352900,1020140,-332760,75.4,732.86,10.33,75.47,730.61,-0.07,-0.04,2.25,mixed_edge
1-4,lane1_target_motor_place_diff_bucket,target_plus_10+,2357,248,10.52,235700,177670,-58030,75.38,716.41,10.33,75.47,730.61,-0.09,0.19,-14.2,mixed_edge
1-6,lane1_local_win_rank_bucket,4+,5395,191,3.54,539500,406640,-132860,75.37,2129.01,4.06,71.41,1760.27,3.96,-0.52,368.74,mixed_edge
1-4,lane1_target_national_rank_pair x target_outer_pressure_bucket,3-2 | some_other_pressure,203,33,16.26,20300,15300,-5000,75.37,463.64,10.33,75.47,730.61,-0.1,5.93,-266.97,mixed_edge
1-3,other_group_pattern,B-A-A-A,331,41,12.39,33100,24940,-8160,75.35,608.29,15.92,79.12,497.05,-3.77,-3.53,111.24,mixed_edge
1-4,lane1_exhibition_rank_bucket,4+,4156,375,9.02,415600,313060,-102540,75.33,834.83,10.33,75.47,730.61,-0.14,-1.31,104.22,mixed_edge
1-3,lane1_target_national_rank_pair x target_outer_pressure_bucket,1-3 | high_other_pressure,418,92,22.01,41800,31480,-10320,75.31,342.17,15.92,79.12,497.05,-3.81,6.09,-154.88,mixed_edge
1-3,lane1_local_win_rank_bucket,1,3299,654,19.82,329900,248380,-81520,75.29,379.79,15.92,79.12,497.05,-3.83,3.9,-117.26,mixed_edge
1-2,lane1_exhibition_st_rank_bucket,3,1959,335,17.1,195900,147490,-48410,75.29,440.27,18.62,81.17,436.02,-5.88,-1.52,4.25,mixed_edge
1-5,lane1_target_national_rank_pair x target_outer_pressure_bucket,1-3 | some_other_pressure,274,30,10.95,27400,20630,-6770,75.29,687.67,6.72,77.68,1155.81,-2.39,4.23,-468.14,mixed_edge
1-2,target_class_group x target_outer_pressure_bucket,A | low_other_pressure,883,218,24.69,88300,66430,-21870,75.23,304.72,18.62,81.17,436.02,-5.94,6.07,-131.3,mixed_edge
1-5,target_national_win_rank_bucket,4+,7749,345,4.45,774900,582710,-192190,75.2,1689.01,6.72,77.68,1155.81,-2.48,-2.27,533.2,mixed_edge
1-2,lane1_target_start_exhibition_st_diff_bucket,lane1_faster_0.06+,2379,398,16.73,237900,178890,-59010,75.2,449.47,18.62,81.17,436.02,-5.97,-1.89,13.45,mixed_edge
1-5,target_class,A1,3055,310,10.15,305500,229620,-75880,75.16,740.71,6.72,77.68,1155.81,-2.52,3.43,-415.1,mixed_edge
1-5,other_exhibition_faster_than_target_count_bucket,0,2965,254,8.57,296500,222700,-73800,75.11,876.77,6.72,77.68,1155.81,-2.57,1.85,-279.04,mixed_edge
1-6,other_group_pattern,B-B-B-A,728,41,5.63,72800,54680,-18120,75.11,1333.66,4.06,71.41,1760.27,3.7,1.57,-426.61,mixed_edge
1-4,other_b2_count_bucket,2,393,49,12.47,39300,29510,-9790,75.09,602.24,10.33,75.47,730.61,-0.38,2.14,-128.37,mixed_edge
1-3,target_exhibition_rank_bucket,4+,6989,974,13.94,698900,524740,-174160,75.08,538.75,15.92,79.12,497.05,-4.04,-1.98,41.7,mixed_edge
1-4,lane1_target_local_win_diff_bucket,target_plus_0.35_1.00,1501,177,11.79,150100,112690,-37410,75.08,636.67,10.33,75.47,730.61,-0.39,1.46,-93.94,mixed_edge
1-6,lane1_exhibition_rank_bucket,2,3074,137,4.46,307400,230780,-76620,75.07,1684.53,4.06,71.41,1760.27,3.66,0.4,-75.74,mixed_edge
1-3,lane1_target_motor_place_diff_bucket,target_plus_4_10,2303,365,15.85,230300,172820,-57480,75.04,473.48,15.92,79.12,497.05,-4.08,-0.07,-23.57,mixed_edge
1-3,lane1_target_group_pair x other_a_count_bucket,A-B | 1,1126,174,15.45,112600,84500,-28100,75.04,485.63,15.92,79.12,497.05,-4.08,-0.47,-11.42,mixed_edge
1-5,lane1_target_exhibition_time_diff_bucket,target_faster_0.05_0.10,1405,102,7.26,140500,105400,-35100,75.02,1033.33,6.72,77.68,1155.81,-2.66,0.54,-122.48,mixed_edge
1-2,lane1_target_boat_place_diff_bucket,target_plus_4_10,2463,434,17.62,246300,184720,-61580,75.0,425.62,18.62,81.17,436.02,-6.17,-1.0,-10.4,mixed_edge
1-5,lane1_target_group_pair x target_outer_pressure_bucket,B-B | some_other_pressure,164,12,7.32,16400,12300,-4100,75.0,1025.0,6.72,77.68,1155.81,-2.68,0.6,-130.81,mixed_edge
1-6,lane1_exhibition_st_rank_bucket,1,4578,211,4.61,457800,343300,-114500,74.99,1627.01,4.06,71.41,1760.27,3.58,0.55,-133.26,mixed_edge
1-6,lane1_start_exhibition_gap_bucket,best,4578,211,4.61,457800,343300,-114500,74.99,1627.01,4.06,71.41,1760.27,3.58,0.55,-133.26,mixed_edge
1-6,lane1_target_group_pair x other_a_count_bucket,A-A | 2,1108,61,5.51,110800,83080,-27720,74.98,1361.97,4.06,71.41,1760.27,3.57,1.45,-398.3,mixed_edge
1-6,target_class,B1,5433,154,2.83,543300,407300,-136000,74.97,2644.81,4.06,71.41,1760.27,3.56,-1.23,884.54,mixed_edge
1-5,lane1_local_win_rank_bucket,2,2791,208,7.45,279100,209220,-69880,74.96,1005.87,6.72,77.68,1155.81,-2.72,0.73,-149.94,mixed_edge
1-3,lane1_target_group_pair x other_a_count_bucket,A-B | 0,788,171,21.7,78800,59060,-19740,74.95,345.38,15.92,79.12,497.05,-4.17,5.78,-151.67,mixed_edge
1-4,lane1_target_exhibition_time_diff_bucket x lane1_target_start_exhibition_st_diff_bucket,lane1_faster_0.10+ | lane1_faster_0.03_0.06,318,38,11.95,31800,23820,-7980,74.91,626.84,10.33,75.47,730.61,-0.56,1.62,-103.77,mixed_edge
1-3,target_class,A2,3387,592,17.48,338700,253630,-85070,74.88,428.43,15.92,79.12,497.05,-4.24,1.56,-68.62,mixed_edge
1-6,lane1_target_national_win_diff_bucket,lane1_plus_0.35_1.00,2201,80,3.63,220100,164790,-55310,74.87,2059.88,4.06,71.41,1760.27,3.46,-0.43,299.61,mixed_edge
1-5,lane1_target_group_pair,A-B,4467,256,5.73,446700,334330,-112370,74.84,1305.98,6.72,77.68,1155.81,-2.84,-0.99,150.17,mixed_edge
1-3,month,2026-01,5157,803,15.57,515700,385860,-129840,74.82,480.52,15.92,79.12,497.05,-4.3,-0.35,-16.53,mixed_edge
1-5,lane1_target_exhibition_time_diff_bucket,lane1_faster_0.10+,2007,123,6.13,200700,150170,-50530,74.82,1220.89,6.72,77.68,1155.81,-2.86,-0.59,65.08,mixed_edge
1-4,other_exhibition_faster_than_target_count_bucket,3,2634,257,9.76,263400,197010,-66390,74.79,766.58,10.33,75.47,730.61,-0.68,-0.57,35.97,mixed_edge
1-4,target_exhibition_rank_bucket x other_exhibition_faster_than_target_count_bucket,4+ | 3,2634,257,9.76,263400,197010,-66390,74.79,766.58,10.33,75.47,730.61,-0.68,-0.57,35.97,mixed_edge
1-4,lane1_target_national_win_diff_bucket,lane1_plus_1.00+,4648,403,8.67,464800,347500,-117300,74.76,862.28,10.33,75.47,730.61,-0.71,-1.66,131.67,mixed_edge
1-6,lane1_target_group_pair x target_outer_pressure_bucket,A-A | high_other_pressure,3054,149,4.88,305400,228280,-77120,74.75,1532.08,4.06,71.41,1760.27,3.34,0.82,-228.19,mixed_edge
1-4,target_outer_pressure_bucket,low_other_pressure,763,143,18.74,76300,57030,-19270,74.74,398.81,10.33,75.47,730.61,-0.73,8.41,-331.8,mixed_edge
1-4,target_lane x target_outer_pressure_bucket,4 | low_other_pressure,763,143,18.74,76300,57030,-19270,74.74,398.81,10.33,75.47,730.61,-0.73,8.41,-331.8,mixed_edge
1-4,target_local_win_rank_bucket,2,2200,278,12.64,220000,164400,-55600,74.73,591.37,10.33,75.47,730.61,-0.74,2.31,-139.24,mixed_edge
1-5,month,2025-11,3933,259,6.59,393300,293890,-99410,74.72,1134.71,6.72,77.68,1155.81,-2.96,-0.13,-21.1,mixed_edge
1-2,lane1_target_start_gap_pair x target_outer_pressure_bucket,0.04-0.06-0.04-0.06 | high_other_pressure,520,85,16.35,52000,38850,-13150,74.71,457.06,18.62,81.17,436.02,-6.46,-2.27,21.04,mixed_edge
1-2,target_exhibition_rank_bucket x other_exhibition_faster_than_target_count_bucket,3 | 2,813,131,16.11,81300,60720,-20580,74.69,463.51,18.62,81.17,436.02,-6.48,-2.51,27.49,mixed_edge
1-4,lane1_target_group_pair x other_a_count_bucket,A-B | 1,1024,99,9.67,102400,76450,-25950,74.66,772.22,10.33,75.47,730.61,-0.81,-0.66,41.61,mixed_edge
1-5,lane1_target_group_pair x other_a_count_bucket,B-A | 0,164,18,10.98,16400,12240,-4160,74.63,680.0,6.72,77.68,1155.81,-3.05,4.26,-475.81,mixed_edge
1-3,target_class_group,A,6673,1267,18.99,667300,497930,-169370,74.62,393.0,15.92,79.12,497.05,-4.5,3.07,-104.05,mixed_edge
1-3,target_lane x target_class_group,3 | A,6673,1267,18.99,667300,497930,-169370,74.62,393.0,15.92,79.12,497.05,-4.5,3.07,-104.05,mixed_edge
1-4,target_class_group x target_outer_pressure_bucket,A | some_other_pressure,1341,202,15.06,134100,100050,-34050,74.61,495.3,10.33,75.47,730.61,-0.86,4.73,-235.31,mixed_edge
1-6,target_motor_rank_bucket,4+,7216,273,3.78,721600,538160,-183440,74.58,1971.28,4.06,71.41,1760.27,3.17,-0.28,211.01,mixed_edge
1-4,lane1_target_group_pair x target_outer_pressure_bucket,A-B | high_other_pressure,3753,315,8.39,375300,279830,-95470,74.56,888.35,10.33,75.47,730.61,-0.91,-1.94,157.74,mixed_edge
1-4,other_national_better_than_target_count_bucket,1,2789,338,12.12,278900,207880,-71020,74.54,615.03,10.33,75.47,730.61,-0.93,1.79,-115.58,mixed_edge
1-4,other_group_pattern,B-A-B-B,970,104,10.72,97000,72300,-24700,74.54,695.19,10.33,75.47,730.61,-0.93,0.39,-35.42,mixed_edge
1-2,wind_bucket,5-6,1871,315,16.84,187100,139340,-47760,74.47,442.35,18.62,81.17,436.02,-6.7,-1.78,6.33,mixed_edge
1-2,wave_bucket,10+,227,35,15.42,22700,16900,-5800,74.45,482.86,18.62,81.17,436.02,-6.72,-3.2,46.84,mixed_edge
1-4,lane1_target_group_pair,A-B,4091,370,9.04,409100,304510,-104590,74.43,823.0,10.33,75.47,730.61,-1.04,-1.29,92.39,mixed_edge
1-4,target_exhibition_rank_bucket,1,1882,245,13.02,188200,140070,-48130,74.43,571.71,10.33,75.47,730.61,-1.04,2.69,-158.9,mixed_edge
1-4,target_exhibition_rank_bucket x other_exhibition_faster_than_target_count_bucket,1 | 0,1882,245,13.02,188200,140070,-48130,74.43,571.71,10.33,75.47,730.61,-1.04,2.69,-158.9,mixed_edge
1-6,lane1_target_exhibition_time_diff_bucket x lane1_target_start_exhibition_st_diff_bucket,lane1_faster_0.05_0.10 | lane1_faster_0.03_0.06,492,23,4.67,49200,36600,-12600,74.39,1591.3,4.06,71.41,1760.27,2.98,0.61,-168.97,mixed_edge
1-3,target_class,A1,3286,675,20.54,328600,244300,-84300,74.35,361.93,15.92,79.12,497.05,-4.77,4.62,-135.12,mixed_edge
1-3,wave_bucket,5-9,2088,293,14.03,208800,155250,-53550,74.35,529.86,15.92,79.12,497.05,-4.77,-1.89,32.81,mixed_edge
1-2,other_a_count_bucket,0,1683,385,22.88,168300,125130,-43170,74.35,325.01,18.62,81.17,436.02,-6.82,4.26,-111.01,mixed_edge
1-2,other_group_pattern,B-B-B-B,1683,385,22.88,168300,125130,-43170,74.35,325.01,18.62,81.17,436.02,-6.82,4.26,-111.01,mixed_edge
1-2,target_lane x other_a_count_bucket,2 | 0,1683,385,22.88,168300,125130,-43170,74.35,325.01,18.62,81.17,436.02,-6.82,4.26,-111.01,mixed_edge
1-4,lane1_class_group,A,8370,1042,12.45,837000,622200,-214800,74.34,597.12,10.33,75.47,730.61,-1.13,2.12,-133.49,mixed_edge
1-3,lane1_target_exhibition_time_diff_bucket x lane1_target_start_exhibition_st_diff_bucket,near_equal | target_faster_0.03_0.06,896,140,15.62,89600,66610,-22990,74.34,475.79,15.92,79.12,497.05,-4.78,-0.3,-21.26,mixed_edge
1-4,lane1_target_exhibition_time_diff_bucket x lane1_target_start_exhibition_st_diff_bucket,near_equal | lane1_faster_0.06+,1675,177,10.57,167500,124510,-42990,74.33,703.45,10.33,75.47,730.61,-1.14,0.24,-27.16,mixed_edge
1-2,lane1_target_national_rank_pair x target_outer_pressure_bucket,1-2 | some_other_pressure,195,64,32.82,19500,14490,-5010,74.31,226.41,18.62,81.17,436.02,-6.86,14.2,-209.61,mixed_edge
1-4,lane1_motor_rank_bucket,4+,6657,670,10.06,665700,494520,-171180,74.29,738.09,10.33,75.47,730.61,-1.18,-0.27,7.48,mixed_edge
1-2,other_group_pattern,A-A-B-A,595,89,14.96,59500,44190,-15310,74.27,496.52,18.62,81.17,436.02,-6.9,-3.66,60.5,mixed_edge
1-4,lane1_target_group_pair,A-A,4279,672,15.7,427900,317690,-110210,74.24,472.75,10.33,75.47,730.61,-1.23,5.37,-257.86,mixed_edge
1-5,month,2026-01,5157,329,6.38,515700,382390,-133310,74.15,1162.28,6.72,77.68,1155.81,-3.53,-0.34,6.47,mixed_edge
1-4,other_exhibition_faster_than_target_count_bucket,0,3185,412,12.94,318500,236160,-82340,74.15,573.2,10.33,75.47,730.61,-1.32,2.61,-157.41,mixed_edge
1-4,lane1_target_exhibition_time_diff_bucket x lane1_target_start_exhibition_st_diff_bucket,target_faster_0.10+ | near_equal,200,21,10.5,20000,14830,-5170,74.15,706.19,10.33,75.47,730.61,-1.32,0.17,-24.42,mixed_edge
1-4,target_local_win_rank_bucket,4+,7259,567,7.81,725900,537790,-188110,74.09,948.48,10.33,75.47,730.61,-1.38,-2.52,217.87,mixed_edge
1-3,lane1_target_national_rank_pair,3-4+,1383,143,10.34,138300,102470,-35830,74.09,716.57,15.92,79.12,497.05,-5.03,-5.58,219.52,mixed_edge
1-3,target_lane x lane1_target_national_rank_pair,3 | 3-4+,1383,143,10.34,138300,102470,-35830,74.09,716.57,15.92,79.12,497.05,-5.03,-5.58,219.52,mixed_edge
1-3,lane1_target_national_rank_pair x target_outer_pressure_bucket,3-4+ | high_other_pressure,1383,143,10.34,138300,102470,-35830,74.09,716.57,15.92,79.12,497.05,-5.03,-5.58,219.52,mixed_edge
1-6,lane1_target_national_rank_pair,3-4+,1445,25,1.73,144500,107050,-37450,74.08,4282.0,4.06,71.41,1760.27,2.67,-2.33,2521.73,mixed_edge
1-6,target_lane x lane1_target_national_rank_pair,6 | 3-4+,1445,25,1.73,144500,107050,-37450,74.08,4282.0,4.06,71.41,1760.27,2.67,-2.33,2521.73,mixed_edge
1-6,lane1_target_national_rank_pair x target_outer_pressure_bucket,3-4+ | high_other_pressure,1445,25,1.73,144500,107050,-37450,74.08,4282.0,4.06,71.41,1760.27,2.67,-2.33,2521.73,mixed_edge
1-4,target_class_group x target_outer_pressure_bucket,B | high_other_pressure,6872,461,6.71,687200,508980,-178220,74.07,1104.08,10.33,75.47,730.61,-1.4,-3.62,373.47,mixed_edge
1-4,target_exhibition_st_rank_bucket x other_st_faster_than_target_count_bucket,3 | 2,980,77,7.86,98000,72590,-25410,74.07,942.73,10.33,75.47,730.61,-1.4,-2.47,212.12,mixed_edge
1-4,lane1_boat_rank_bucket,3,2238,216,9.65,223800,165740,-58060,74.06,767.31,10.33,75.47,730.61,-1.41,-0.68,36.7,mixed_edge
1-3,stadium_code,17,652,115,17.64,65200,48290,-16910,74.06,419.91,15.92,79.12,497.05,-5.06,1.72,-77.14,mixed_edge
1-3,stadium_code x target_lane,17 | 3,652,115,17.64,65200,48290,-16910,74.06,419.91,15.92,79.12,497.05,-5.06,1.72,-77.14,mixed_edge
1-6,lane1_target_exhibition_time_diff_bucket x lane1_target_start_exhibition_st_diff_bucket,near_equal | target_faster_0.06+,929,42,4.52,92900,68770,-24130,74.03,1637.38,4.06,71.41,1760.27,2.62,0.46,-122.89,mixed_edge
1-2,other_group_pattern,B-A-A-B,697,103,14.78,69700,51590,-18110,74.02,500.87,18.62,81.17,436.02,-7.15,-3.84,64.85,mixed_edge
1-6,lane1_target_boat_place_diff_bucket,near_equal,5133,198,3.86,513300,379900,-133400,74.01,1918.69,4.06,71.41,1760.27,2.6,-0.2,158.42,mixed_edge
1-3,lane1_class,A1,4518,878,19.43,451800,334330,-117470,74.0,380.79,15.92,79.12,497.05,-5.12,3.51,-116.26,mixed_edge
1-4,lane1_target_exhibition_st_rank_pair,4+-2,1103,100,9.07,110300,81620,-28680,74.0,816.2,10.33,75.47,730.61,-1.47,-1.26,85.59,mixed_edge
1-4,lane1_exhibition_st_rank_bucket x target_exhibition_st_rank_bucket,4+ | 2,1103,100,9.07,110300,81620,-28680,74.0,816.2,10.33,75.47,730.61,-1.47,-1.26,85.59,mixed_edge
1-4,lane1_target_start_gap_pair x target_outer_pressure_bucket,<=0.03-<=0.03 | high_other_pressure,700,70,10.0,70000,51790,-18210,73.99,739.86,10.33,75.47,730.61,-1.48,-0.33,9.25,mixed_edge
1-4,lane1_target_national_rank_pair,2-1,634,144,22.71,63400,46900,-16500,73.97,325.69,10.33,75.47,730.61,-1.5,12.38,-404.92,mixed_edge
1-4,target_lane x lane1_target_national_rank_pair,4 | 2-1,634,144,22.71,63400,46900,-16500,73.97,325.69,10.33,75.47,730.61,-1.5,12.38,-404.92,mixed_edge
1-4,lane1_target_start_gap_pair x target_outer_pressure_bucket,0.04-0.06-0.04-0.06 | some_other_pressure,68,12,17.65,6800,5030,-1770,73.97,419.17,10.33,75.47,730.61,-1.5,7.32,-311.44,mixed_edge
1-3,lane1_target_group_pair x target_outer_pressure_bucket,B-A | some_other_pressure,598,86,14.38,59800,44230,-15570,73.96,514.3,15.92,79.12,497.05,-5.16,-1.54,17.25,mixed_edge
1-2,lane1_local_win_rank_bucket,3,2368,389,16.43,236800,175090,-61710,73.94,450.1,18.62,81.17,436.02,-7.23,-2.19,14.08,mixed_edge
1-2,lane1_target_exhibition_time_diff_bucket x lane1_target_start_exhibition_st_diff_bucket,target_faster_0.05_0.10 | lane1_faster_0.06+,263,45,17.11,26300,19440,-6860,73.92,432.0,18.62,81.17,436.02,-7.25,-1.51,-4.02,mixed_edge
1-3,target_national_win_rank_bucket x other_national_better_than_target_count_bucket,2 | 0,729,196,26.89,72900,53870,-19030,73.9,274.85,15.92,79.12,497.05,-5.22,10.97,-222.2,mixed_edge
1-2,lane1_target_national_rank_pair,4+-4+,1725,158,9.16,172500,127380,-45120,73.84,806.2,18.62,81.17,436.02,-7.33,-9.46,370.18,mixed_edge
1-2,target_lane x lane1_target_national_rank_pair,2 | 4+-4+,1725,158,9.16,172500,127380,-45120,73.84,806.2,18.62,81.17,436.02,-7.33,-9.46,370.18,mixed_edge
1-2,lane1_target_national_rank_pair x target_outer_pressure_bucket,4+-4+ | high_other_pressure,1725,158,9.16,172500,127380,-45120,73.84,806.2,18.62,81.17,436.02,-7.33,-9.46,370.18,mixed_edge
1-4,target_boat_rank_bucket,4+,7081,724,10.22,708100,522760,-185340,73.83,722.04,10.33,75.47,730.61,-1.64,-0.11,-8.57,mixed_edge
1-5,lane1_exhibition_rank_bucket,3,2350,156,6.64,235000,173490,-61510,73.83,1112.12,6.72,77.68,1155.81,-3.85,-0.08,-43.69,mixed_edge
1-6,lane1_class,B1,5128,180,3.51,512800,378500,-134300,73.81,2102.78,4.06,71.41,1760.27,2.4,-0.55,342.51,mixed_edge
1-5,lane1_boat_rank_bucket,1,2561,187,7.3,256100,189040,-67060,73.81,1010.91,6.72,77.68,1155.81,-3.87,0.58,-144.9,mixed_edge
1-5,target_boat_rank_bucket,3,2286,153,6.69,228600,168740,-59860,73.81,1102.88,6.72,77.68,1155.81,-3.87,-0.03,-52.93,mixed_edge
1-6,lane1_exhibition_rank_bucket,3,2350,92,3.91,235000,173420,-61580,73.8,1885.0,4.06,71.41,1760.27,2.39,-0.15,124.73,mixed_edge
1-5,lane1_target_motor_place_diff_bucket,target_plus_10+,2288,147,6.42,228800,168790,-60010,73.77,1148.23,6.72,77.68,1155.81,-3.91,-0.3,-7.58,mixed_edge
1-4,lane1_target_group_pair x target_outer_pressure_bucket,B-A | low_other_pressure,244,29,11.89,24400,18000,-6400,73.77,620.69,10.33,75.47,730.61,-1.7,1.56,-109.92,mixed_edge
1-5,stadium_code,10,540,43,7.96,54000,39830,-14170,73.76,926.28,6.72,77.68,1155.81,-3.92,1.24,-229.53,mixed_edge
1-5,stadium_code x target_lane,10 | 5,540,43,7.96,54000,39830,-14170,73.76,926.28,6.72,77.68,1155.81,-3.92,1.24,-229.53,mixed_edge
1-5,lane1_target_group_pair x target_outer_pressure_bucket,B-A | some_other_pressure,527,38,7.21,52700,38870,-13830,73.76,1022.89,6.72,77.68,1155.81,-3.92,0.49,-132.92,mixed_edge
1-6,target_exhibition_rank_bucket x other_exhibition_faster_than_target_count_bucket,3 | 0,278,15,5.4,27800,20500,-7300,73.74,1366.67,4.06,71.41,1760.27,2.33,1.34,-393.6,mixed_edge
1-2,other_group_pattern,B-A-B-B,1040,191,18.37,104000,76660,-27340,73.71,401.36,18.62,81.17,436.02,-7.46,-0.25,-34.66,mixed_edge
1-4,target_class_group x target_outer_pressure_bucket,A | low_other_pressure,673,126,18.72,67300,49610,-17690,73.71,393.73,10.33,75.47,730.61,-1.76,8.39,-336.88,mixed_edge
1-4,lane1_target_group_pair x target_outer_pressure_bucket,A-A | low_other_pressure,429,97,22.61,42900,31610,-11290,73.68,325.88,10.33,75.47,730.61,-1.79,12.28,-404.73,mixed_edge
1-4,lane1_exhibition_rank_bucket,2,3074,324,10.54,307400,226470,-80930,73.67,698.98,10.33,75.47,730.61,-1.8,0.21,-31.63,mixed_edge
1-4,lane1_local_win_rank_bucket,3,2368,242,10.22,236800,174460,-62340,73.67,720.91,10.33,75.47,730.61,-1.8,-0.11,-9.7,mixed_edge
1-4,lane1_target_national_rank_pair,3-2,463,63,13.61,46300,34090,-12210,73.63,541.11,10.33,75.47,730.61,-1.84,3.28,-189.5,mixed_edge
1-4,target_lane x lane1_target_national_rank_pair,4 | 3-2,463,63,13.61,46300,34090,-12210,73.63,541.11,10.33,75.47,730.61,-1.84,3.28,-189.5,mixed_edge
1-5,lane1_target_group_pair x target_outer_pressure_bucket,A-B | high_other_pressure,4162,212,5.09,416200,306400,-109800,73.62,1445.28,6.72,77.68,1155.81,-4.06,-1.63,289.47,mixed_edge
1-3,target_local_win_rank_bucket,3,2479,401,16.18,247900,182500,-65400,73.62,455.11,15.92,79.12,497.05,-5.5,0.26,-41.94,mixed_edge
1-4,target_class_group,B,7447,535,7.18,744700,547830,-196870,73.56,1023.98,10.33,75.47,730.61,-1.91,-3.15,293.37,mixed_edge
1-4,target_lane x target_class_group,4 | B,7447,535,7.18,744700,547830,-196870,73.56,1023.98,10.33,75.47,730.61,-1.91,-3.15,293.37,mixed_edge
1-4,month,2025-12,4763,470,9.87,476300,350380,-125920,73.56,745.49,10.33,75.47,730.61,-1.91,-0.46,14.88,mixed_edge
1-3,target_class_group x target_outer_pressure_bucket,A | high_other_pressure,4393,755,17.19,439300,323160,-116140,73.56,428.03,15.92,79.12,497.05,-5.56,1.27,-69.02,mixed_edge
1-3,target_exhibition_rank_bucket x other_exhibition_faster_than_target_count_bucket,4+ | 2,2069,305,14.74,206900,152200,-54700,73.56,499.02,15.92,79.12,497.05,-5.56,-1.18,1.97,mixed_edge
1-2,wave_bucket,5-9,2088,361,17.29,208800,153510,-55290,73.52,425.24,18.62,81.17,436.02,-7.65,-1.33,-10.78,mixed_edge
1-3,race_no_bucket,10-12R,3442,628,18.25,344200,252970,-91230,73.5,402.82,15.92,79.12,497.05,-5.62,2.33,-94.23,mixed_edge
1-3,race_no_bucket x target_lane,10-12R | 3,3442,628,18.25,344200,252970,-91230,73.5,402.82,15.92,79.12,497.05,-5.62,2.33,-94.23,mixed_edge
1-3,stadium_code,03,561,69,12.3,56100,41230,-14870,73.49,597.54,15.92,79.12,497.05,-5.63,-3.62,100.49,mixed_edge
1-3,stadium_code x target_lane,03 | 3,561,69,12.3,56100,41230,-14870,73.49,597.54,15.92,79.12,497.05,-5.63,-3.62,100.49,mixed_edge
1-4,lane1_target_group_pair x target_outer_pressure_bucket,B-B | high_other_pressure,3119,146,4.68,311900,229150,-82750,73.47,1569.52,10.33,75.47,730.61,-2.0,-5.65,838.91,mixed_edge
1-4,target_exhibition_rank_bucket x other_exhibition_faster_than_target_count_bucket,3 | 2,705,59,8.37,70500,51790,-18710,73.46,877.8,10.33,75.47,730.61,-2.01,-1.96,147.19,mixed_edge
1-4,lane1_target_class_pair,B2-B1,180,7,3.89,18000,13220,-4780,73.44,1888.57,10.33,75.47,730.61,-2.03,-6.44,1157.96,mixed_edge
1-4,target_start_exhibition_gap_bucket,best,2624,285,10.86,262400,192620,-69780,73.41,675.86,10.33,75.47,730.61,-2.06,0.53,-54.75,mixed_edge
1-4,target_lane x target_start_exhibition_gap_bucket,4 | best,2624,285,10.86,262400,192620,-69780,73.41,675.86,10.33,75.47,730.61,-2.06,0.53,-54.75,mixed_edge
1-4,month,2026-01,5157,529,10.26,515700,378150,-137550,73.33,714.84,10.33,75.47,730.61,-2.14,-0.07,-15.77,mixed_edge
1-6,lane1_local_win_rank_bucket,1,3299,135,4.09,329900,241710,-88190,73.27,1790.44,4.06,71.41,1760.27,1.86,0.03,30.17,mixed_edge
1-6,lane1_national_win_rank_bucket,1,3447,145,4.21,344700,252520,-92180,73.26,1741.52,4.06,71.41,1760.27,1.85,0.15,-18.75,mixed_edge
1-3,lane1_target_group_pair,A-A,4271,941,22.03,427100,312850,-114250,73.25,332.47,15.92,79.12,497.05,-5.87,6.11,-164.58,mixed_edge
1-5,target_local_win_rank_bucket,4+,7640,379,4.96,764000,559380,-204620,73.22,1475.94,6.72,77.68,1155.81,-4.46,-1.76,320.13,mixed_edge
1-3,lane1_target_national_rank_pair x target_outer_pressure_bucket,2-3 | some_other_pressure,297,67,22.56,29700,21740,-7960,73.2,324.48,15.92,79.12,497.05,-5.92,6.64,-172.57,mixed_edge
1-2,target_outer_pressure_bucket,low_other_pressure,1014,249,24.56,101400,74200,-27200,73.18,297.99,18.62,81.17,436.02,-7.99,5.94,-138.03,mixed_edge
1-2,target_lane x target_outer_pressure_bucket,2 | low_other_pressure,1014,249,24.56,101400,74200,-27200,73.18,297.99,18.62,81.17,436.02,-7.99,5.94,-138.03,mixed_edge
1-5,target_outer_pressure_bucket,low_other_pressure,680,92,13.53,68000,49760,-18240,73.18,540.87,6.72,77.68,1155.81,-4.5,6.81,-614.94,mixed_edge
1-5,target_lane x target_outer_pressure_bucket,5 | low_other_pressure,680,92,13.53,68000,49760,-18240,73.18,540.87,6.72,77.68,1155.81,-4.5,6.81,-614.94,mixed_edge
1-6,lane1_class,A1,4518,184,4.07,451800,330560,-121240,73.17,1796.52,4.06,71.41,1760.27,1.76,0.01,36.25,mixed_edge
1-6,lane1_class_group,B,5483,190,3.47,548300,401130,-147170,73.16,2111.21,4.06,71.41,1760.27,1.75,-0.59,350.94,mixed_edge
1-6,target_start_exhibition_gap_bucket,0.04-0.06,2855,122,4.27,285500,208830,-76670,73.15,1711.72,4.06,71.41,1760.27,1.74,0.21,-48.55,mixed_edge
1-6,target_lane x target_start_exhibition_gap_bucket,6 | 0.04-0.06,2855,122,4.27,285500,208830,-76670,73.15,1711.72,4.06,71.41,1760.27,1.74,0.21,-48.55,mixed_edge
1-4,stadium_code,07,744,77,10.35,74400,54420,-19980,73.15,706.75,10.33,75.47,730.61,-2.32,0.02,-23.86,mixed_edge
1-4,stadium_code x target_lane,07 | 4,744,77,10.35,74400,54420,-19980,73.15,706.75,10.33,75.47,730.61,-2.32,0.02,-23.86,mixed_edge
1-4,target_exhibition_rank_bucket,4+,7481,680,9.09,748100,547070,-201030,73.13,804.51,10.33,75.47,730.61,-2.34,-1.24,73.9,mixed_edge
1-5,lane1_target_group_pair x other_a_count_bucket,A-A | 1,845,107,12.66,84500,61770,-22730,73.1,577.29,6.72,77.68,1155.81,-4.58,5.94,-578.52,mixed_edge
1-3,lane1_target_national_rank_pair x target_outer_pressure_bucket,4+-2 | high_other_pressure,564,68,12.06,56400,41230,-15170,73.1,606.32,15.92,79.12,497.05,-6.02,-3.86,109.27,mixed_edge
1-4,race_no_bucket,1-3R,3484,310,8.9,348400,254490,-93910,73.05,820.94,10.33,75.47,730.61,-2.42,-1.43,90.33,mixed_edge
1-4,race_no_bucket x target_lane,1-3R | 4,3484,310,8.9,348400,254490,-93910,73.05,820.94,10.33,75.47,730.61,-2.42,-1.43,90.33,mixed_edge
1-6,lane1_target_national_win_diff_bucket,near_equal,2301,99,4.3,230100,168070,-62030,73.04,1697.68,4.06,71.41,1760.27,1.63,0.24,-62.59,mixed_edge
1-4,wave_bucket,5-9,2088,185,8.86,208800,152470,-56330,73.02,824.16,10.33,75.47,730.61,-2.45,-1.47,93.55,mixed_edge
1-3,lane1_target_national_win_diff_bucket,lane1_plus_0.35_1.00,2449,395,16.13,244900,178780,-66120,73.0,452.61,15.92,79.12,497.05,-6.12,0.21,-44.44,mixed_edge
1-3,lane1_target_national_rank_pair,4+-2,1039,131,12.61,103900,75850,-28050,73.0,579.01,15.92,79.12,497.05,-6.12,-3.31,81.96,mixed_edge
1-3,target_lane x lane1_target_national_rank_pair,3 | 4+-2,1039,131,12.61,103900,75850,-28050,73.0,579.01,15.92,79.12,497.05,-6.12,-3.31,81.96,mixed_edge
1-4,lane1_target_group_pair x other_a_count_bucket,A-A | 1,972,177,18.21,97200,70950,-26250,72.99,400.85,10.33,75.47,730.61,-2.48,7.88,-329.76,mixed_edge
1-4,wind_bucket,3-4,4052,422,10.41,405200,295580,-109620,72.95,700.43,10.33,75.47,730.61,-2.52,0.08,-30.18,mixed_edge
1-6,stadium_code,07,744,33,4.44,74400,54250,-20150,72.92,1643.94,4.06,71.41,1760.27,1.51,0.38,-116.33,mixed_edge
1-6,stadium_code x target_lane,07 | 6,744,33,4.44,74400,54250,-20150,72.92,1643.94,4.06,71.41,1760.27,1.51,0.38,-116.33,mixed_edge
1-5,lane1_target_local_win_diff_bucket,lane1_plus_1.00+,5723,320,5.59,572300,417110,-155190,72.88,1303.47,6.72,77.68,1155.81,-4.8,-1.13,147.66,mixed_edge
1-5,target_class_group,B,7772,360,4.63,777200,566320,-210880,72.87,1573.11,6.72,77.68,1155.81,-4.81,-2.09,417.3,mixed_edge
1-5,target_lane x target_class_group,5 | B,7772,360,4.63,777200,566320,-210880,72.87,1573.11,6.72,77.68,1155.81,-4.81,-2.09,417.3,mixed_edge
1-3,lane1_target_national_rank_pair x target_outer_pressure_bucket,4+-1 | low_other_pressure,294,47,15.99,29400,21420,-7980,72.86,455.74,15.92,79.12,497.05,-6.26,0.07,-41.31,mixed_edge
1-4,other_national_better_than_target_count_bucket,2,2803,257,9.17,280300,204160,-76140,72.84,794.4,10.33,75.47,730.61,-2.63,-1.16,63.79,mixed_edge
1-4,lane1_exhibition_st_rank_bucket,3,1959,202,10.31,195900,142690,-53210,72.84,706.39,10.33,75.47,730.61,-2.63,-0.02,-24.22,mixed_edge
1-6,lane1_target_start_gap_pair x target_outer_pressure_bucket,<=0.03-<=0.03 | high_other_pressure,472,23,4.87,47200,34360,-12840,72.8,1493.91,4.06,71.41,1760.27,1.39,0.81,-266.36,mixed_edge
1-3,stadium_code,04,306,35,11.44,30600,22270,-8330,72.78,636.29,15.92,79.12,497.05,-6.34,-4.48,139.24,mixed_edge
1-3,stadium_code x target_lane,04 | 3,306,35,11.44,30600,22270,-8330,72.78,636.29,15.92,79.12,497.05,-6.34,-4.48,139.24,mixed_edge
1-6,target_national_win_rank_bucket x other_national_better_than_target_count_bucket,2 | 0,650,48,7.38,65000,47280,-17720,72.74,985.0,4.06,71.41,1760.27,1.33,3.32,-775.27,mixed_edge
1-6,wave_bucket,0-4,11538,479,4.15,1153800,838990,-314810,72.72,1751.54,4.06,71.41,1760.27,1.31,0.09,-8.73,mixed_edge
1-5,lane1_target_exhibition_time_diff_bucket x lane1_target_start_exhibition_st_diff_bucket,lane1_faster_0.05_0.10 | target_faster_0.03_0.06,335,25,7.46,33500,24360,-9140,72.72,974.4,6.72,77.68,1155.81,-4.96,0.74,-181.41,mixed_edge
1-4,stadium_code,17,652,71,10.89,65200,47410,-17790,72.71,667.75,10.33,75.47,730.61,-2.76,0.56,-62.86,mixed_edge
1-4,stadium_code x target_lane,17 | 4,652,71,10.89,65200,47410,-17790,72.71,667.75,10.33,75.47,730.61,-2.76,0.56,-62.86,mixed_edge
1-5,lane1_target_local_win_diff_bucket,target_plus_1.00+,3161,213,6.74,316100,229600,-86500,72.64,1077.93,6.72,77.68,1155.81,-5.04,0.02,-77.88,mixed_edge
1-4,target_boat_rank_bucket,2,2206,224,10.15,220600,160230,-60370,72.63,715.31,10.33,75.47,730.61,-2.84,-0.18,-15.3,mixed_edge
1-3,lane1_exhibition_rank_bucket,4+,4156,562,13.52,415600,301650,-113950,72.58,536.74,15.92,79.12,497.05,-6.54,-2.4,39.69,mixed_edge
1-6,lane1_target_exhibition_time_diff_bucket,near_equal,6090,273,4.48,609000,441950,-167050,72.57,1618.86,4.06,71.41,1760.27,1.16,0.42,-141.41,mixed_edge
1-6,target_motor_rank_bucket,3,2305,92,3.99,230500,167140,-63360,72.51,1816.74,4.06,71.41,1760.27,1.1,-0.07,56.47,mixed_edge
1-4,lane1_target_group_pair,B-B,3356,165,4.92,335600,243320,-92280,72.5,1474.67,10.33,75.47,730.61,-2.97,-5.41,744.06,mixed_edge
1-6,target_motor_rank_bucket,1,2220,113,5.09,222000,160940,-61060,72.5,1424.25,4.06,71.41,1760.27,1.09,1.03,-336.02,mixed_edge
1-3,lane1_target_national_rank_pair,3-1,512,119,23.24,51200,37110,-14090,72.48,311.85,15.92,79.12,497.05,-6.64,7.32,-185.2,mixed_edge
1-3,target_lane x lane1_target_national_rank_pair,3 | 3-1,512,119,23.24,51200,37110,-14090,72.48,311.85,15.92,79.12,497.05,-6.64,7.32,-185.2,mixed_edge
1-4,lane1_target_class_pair,A2-B1,2073,166,8.01,207300,150230,-57070,72.47,905.0,10.33,75.47,730.61,-3.0,-2.32,174.39,mixed_edge
1-3,lane1_target_national_rank_pair,1-2,724,194,26.8,72400,52470,-19930,72.47,270.46,15.92,79.12,497.05,-6.65,10.88,-226.59,mixed_edge
1-3,target_lane x lane1_target_national_rank_pair,3 | 1-2,724,194,26.8,72400,52470,-19930,72.47,270.46,15.92,79.12,497.05,-6.65,10.88,-226.59,mixed_edge
1-3,other_group_pattern,B-B-B-A,931,177,19.01,93100,67450,-25650,72.45,381.07,15.92,79.12,497.05,-6.67,3.09,-115.98,mixed_edge
1-4,lane1_target_exhibition_time_diff_bucket x lane1_target_start_exhibition_st_diff_bucket,lane1_faster_0.05_0.10 | near_equal,835,91,10.9,83500,60430,-23070,72.37,664.07,10.33,75.47,730.61,-3.1,0.57,-66.54,mixed_edge
1-4,other_b2_count_bucket,0,9988,994,9.95,998800,722550,-276250,72.34,726.91,10.33,75.47,730.61,-3.13,-0.38,-3.7,mixed_edge
1-4,lane1_target_group_pair x target_outer_pressure_bucket,A-B | some_other_pressure,279,42,15.05,27900,20180,-7720,72.33,480.48,10.33,75.47,730.61,-3.14,4.72,-250.13,mixed_edge
1-4,lane1_local_win_rank_bucket,4+,5395,413,7.66,539500,390150,-149350,72.32,944.67,10.33,75.47,730.61,-3.15,-2.67,214.06,mixed_edge
1-3,other_exhibition_faster_than_target_count_bucket,2,2840,408,14.37,284000,205360,-78640,72.31,503.33,15.92,79.12,497.05,-6.81,-1.55,6.28,mixed_edge
1-4,lane1_target_exhibition_time_diff_bucket,target_faster_0.10+,716,65,9.08,71600,51760,-19840,72.29,796.31,10.33,75.47,730.61,-3.18,-1.25,65.7,mixed_edge
1-4,lane1_target_national_rank_pair x target_outer_pressure_bucket,3-2 | high_other_pressure,260,30,11.54,26000,18790,-7210,72.27,626.33,10.33,75.47,730.61,-3.2,1.21,-104.28,mixed_edge
1-5,lane1_target_national_rank_pair x target_outer_pressure_bucket,4+-2 | high_other_pressure,556,27,4.86,55600,40170,-15430,72.25,1487.78,6.72,77.68,1155.81,-5.43,-1.86,331.97,mixed_edge
1-5,target_class_group x target_outer_pressure_bucket,B | high_other_pressure,7278,303,4.16,727800,525580,-202220,72.21,1734.59,6.72,77.68,1155.81,-5.47,-2.56,578.78,mixed_edge
1-6,lane1_target_group_pair x other_a_count_bucket,A-B | 1,1158,36,3.11,115800,83620,-32180,72.21,2322.78,4.06,71.41,1760.27,0.8,-0.95,562.51,mixed_edge
1-5,lane1_target_motor_place_diff_bucket,near_equal,4598,315,6.85,459800,331970,-127830,72.2,1053.87,6.72,77.68,1155.81,-5.48,0.13,-101.94,mixed_edge
1-6,lane1_target_motor_place_diff_bucket,lane1_plus_4_10,2324,91,3.92,232400,167590,-64810,72.11,1841.65,4.06,71.41,1760.27,0.7,-0.14,81.38,mixed_edge
1-4,lane1_target_start_gap_pair x target_outer_pressure_bucket,best->0.06 | some_other_pressure,265,40,15.09,26500,19110,-7390,72.11,477.75,10.33,75.47,730.61,-3.36,4.76,-252.86,mixed_edge
1-4,target_exhibition_st_rank_bucket,1,2146,223,10.39,214600,154700,-59900,72.09,693.72,10.33,75.47,730.61,-3.38,0.06,-36.89,mixed_edge
1-4,target_lane x target_exhibition_st_rank_bucket,4 | 1,2146,223,10.39,214600,154700,-59900,72.09,693.72,10.33,75.47,730.61,-3.38,0.06,-36.89,mixed_edge
1-4,target_exhibition_st_rank_bucket x other_st_faster_than_target_count_bucket,1 | 0,2146,223,10.39,214600,154700,-59900,72.09,693.72,10.33,75.47,730.61,-3.38,0.06,-36.89,mixed_edge
1-4,target_outer_pressure_bucket,some_other_pressure,1826,259,14.18,182600,131480,-51120,72.0,507.64,10.33,75.47,730.61,-3.47,3.85,-222.97,mixed_edge
1-4,target_lane x target_outer_pressure_bucket,4 | some_other_pressure,1826,259,14.18,182600,131480,-51120,72.0,507.64,10.33,75.47,730.61,-3.47,3.85,-222.97,mixed_edge
1-4,lane1_target_national_rank_pair x target_outer_pressure_bucket,4+-1 | low_other_pressure,270,32,11.85,27000,19440,-7560,72.0,607.5,10.33,75.47,730.61,-3.47,1.52,-123.11,mixed_edge
1-5,meeting_phase_bucket,day1-2,5027,311,6.19,502700,361840,-140860,71.98,1163.47,6.72,77.68,1155.81,-5.7,-0.53,7.66,mixed_edge
1-5,meeting_phase_bucket x target_lane,day1-2 | 5,5027,311,6.19,502700,361840,-140860,71.98,1163.47,6.72,77.68,1155.81,-5.7,-0.53,7.66,mixed_edge
1-6,lane1_exhibition_rank_bucket,1,4095,178,4.35,409500,294710,-114790,71.97,1655.67,4.06,71.41,1760.27,0.56,0.29,-104.6,mixed_edge
1-2,lane1_target_group_pair x other_a_count_bucket,B-B | 1,696,76,10.92,69600,50080,-19520,71.95,658.95,18.62,81.17,436.02,-9.22,-7.7,222.93,mixed_edge
1-3,lane1_target_national_rank_pair x target_outer_pressure_bucket,4+-2 | some_other_pressure,474,62,13.08,47400,34100,-13300,71.94,550.0,15.92,79.12,497.05,-7.18,-2.84,52.95,mixed_edge
1-4,target_motor_rank_bucket,4+,7089,687,9.69,708900,509720,-199180,71.9,741.95,10.33,75.47,730.61,-3.57,-0.64,11.34,mixed_edge
1-2,lane1_target_national_rank_pair,1-2,761,236,31.01,76100,54680,-21420,71.85,231.69,18.62,81.17,436.02,-9.32,12.39,-204.33,mixed_edge
1-2,target_lane x lane1_target_national_rank_pair,2 | 1-2,761,236,31.01,76100,54680,-21420,71.85,231.69,18.62,81.17,436.02,-9.32,12.39,-204.33,mixed_edge
1-2,target_national_win_rank_bucket x other_national_better_than_target_count_bucket,2 | 0,761,236,31.01,76100,54680,-21420,71.85,231.69,18.62,81.17,436.02,-9.32,12.39,-204.33,mixed_edge
1-4,lane1_target_local_win_diff_bucket,lane1_plus_0.35_1.00,1752,198,11.3,175200,125730,-49470,71.76,635.0,10.33,75.47,730.61,-3.71,0.97,-95.61,mixed_edge
1-5,other_group_pattern,B-A-B-B,1077,80,7.43,107700,77240,-30460,71.72,965.5,6.72,77.68,1155.81,-5.96,0.71,-190.31,mixed_edge
1-6,lane1_target_class_pair,B1-B1,2136,49,2.29,213600,153170,-60430,71.71,3125.92,4.06,71.41,1760.27,0.3,-1.77,1365.65,mixed_edge
1-3,stadium_code,11,468,56,11.97,46800,33550,-13250,71.69,599.11,15.92,79.12,497.05,-7.43,-3.95,102.06,mixed_edge
1-3,stadium_code x target_lane,11 | 3,468,56,11.97,46800,33550,-13250,71.69,599.11,15.92,79.12,497.05,-7.43,-3.95,102.06,mixed_edge
1-4,lane1_target_class_pair,B1-B1,2695,140,5.19,269500,193170,-76330,71.68,1379.79,10.33,75.47,730.61,-3.79,-5.14,649.18,mixed_edge
1-4,lane1_boat_rank_bucket,2,2358,240,10.18,235800,169010,-66790,71.68,704.21,10.33,75.47,730.61,-3.79,-0.15,-26.4,mixed_edge
1-2,lane1_target_start_gap_pair x target_outer_pressure_bucket,>0.06-best | low_other_pressure,36,4,11.11,3600,2580,-1020,71.67,645.0,18.62,81.17,436.02,-9.5,-7.51,208.98,mixed_edge
1-4,other_group_pattern,A-A-B-B,746,55,7.37,74600,53410,-21190,71.6,971.09,10.33,75.47,730.61,-3.87,-2.96,240.48,mixed_edge
1-6,stadium_code,17,652,29,4.45,65200,46670,-18530,71.58,1609.31,4.06,71.41,1760.27,0.17,0.39,-150.96,mixed_edge
1-6,stadium_code x target_lane,17 | 6,652,29,4.45,65200,46670,-18530,71.58,1609.31,4.06,71.41,1760.27,0.17,0.39,-150.96,mixed_edge
1-5,wind_bucket,3-4,4052,262,6.47,405200,289860,-115340,71.54,1106.34,6.72,77.68,1155.81,-6.14,-0.25,-49.47,mixed_edge
1-2,lane1_target_national_rank_pair x target_outer_pressure_bucket,2-3 | high_other_pressure,297,50,16.84,29700,21240,-8460,71.52,424.8,18.62,81.17,436.02,-9.65,-1.78,-11.22,mixed_edge
1-3,lane1_exhibition_st_rank_bucket,3,1959,272,13.88,195900,140090,-55810,71.51,515.04,15.92,79.12,497.05,-7.61,-2.04,17.99,mixed_edge
1-6,grade_group,一般,13529,548,4.05,1352900,966970,-385930,71.47,1764.54,4.06,71.41,1760.27,0.06,-0.01,4.27,mixed_edge
1-4,lane1_target_exhibition_time_diff_bucket,target_faster_0.05_0.10,1549,170,10.97,154900,110690,-44210,71.46,651.12,10.33,75.47,730.61,-4.01,0.64,-79.49,mixed_edge
1-2,lane1_target_exhibition_time_diff_bucket x lane1_target_start_exhibition_st_diff_bucket,target_faster_0.10+ | lane1_faster_0.06+,140,26,18.57,14000,10000,-4000,71.43,384.62,18.62,81.17,436.02,-9.74,-0.05,-51.4,mixed_edge
1-6,target_lane,6,13853,562,4.06,1385300,989270,-396030,71.41,1760.27,4.06,71.41,1760.27,0.0,0.0,0.0,mixed_edge
1-6,target_lane_zone,outer_5_6,13853,562,4.06,1385300,989270,-396030,71.41,1760.27,4.06,71.41,1760.27,0.0,0.0,0.0,mixed_edge
1-2,other_st_faster_than_target_count_bucket,2,2186,366,16.74,218600,156020,-62580,71.37,426.28,18.62,81.17,436.02,-9.8,-1.88,-9.74,mixed_edge
1-3,lane1_target_start_gap_pair x target_outer_pressure_bucket,0.04-0.06-<=0.03 | high_other_pressure,533,71,13.32,53300,38040,-15260,71.37,535.77,15.92,79.12,497.05,-7.75,-2.6,38.72,mixed_edge
1-5,lane1_exhibition_rank_bucket,4+,4156,236,5.68,415600,296560,-119040,71.36,1256.61,6.72,77.68,1155.81,-6.32,-1.04,100.8,mixed_edge
1-5,lane1_target_national_rank_pair,4+-1,971,74,7.62,97100,69280,-27820,71.35,936.22,6.72,77.68,1155.81,-6.33,0.9,-219.59,mixed_edge
1-5,target_lane x lane1_target_national_rank_pair,5 | 4+-1,971,74,7.62,97100,69280,-27820,71.35,936.22,6.72,77.68,1155.81,-6.33,0.9,-219.59,mixed_edge
1-4,meeting_phase_bucket,day3-4,4979,477,9.58,497900,355070,-142830,71.31,744.38,10.33,75.47,730.61,-4.16,-0.75,13.77,mixed_edge
1-4,meeting_phase_bucket x target_lane,day3-4 | 4,4979,477,9.58,497900,355070,-142830,71.31,744.38,10.33,75.47,730.61,-4.16,-0.75,13.77,mixed_edge
1-4,stadium_code,22,671,66,9.84,67100,47850,-19250,71.31,725.0,10.33,75.47,730.61,-4.16,-0.49,-5.61,mixed_edge
1-4,stadium_code x target_lane,22 | 4,671,66,9.84,67100,47850,-19250,71.31,725.0,10.33,75.47,730.61,-4.16,-0.49,-5.61,mixed_edge
1-6,lane1_target_exhibition_time_diff_bucket x lane1_target_start_exhibition_st_diff_bucket,target_faster_0.10+ | near_equal,153,10,6.54,15300,10910,-4390,71.31,1091.0,4.06,71.41,1760.27,-0.1,2.48,-669.27,mixed_edge
1-5,lane1_motor_rank_bucket,4+,6657,402,6.04,665700,474590,-191110,71.29,1180.57,6.72,77.68,1155.81,-6.39,-0.68,24.76,mixed_edge
1-4,lane1_target_exhibition_st_rank_pair,4+-3,1182,95,8.04,118200,84230,-33970,71.26,886.63,10.33,75.47,730.61,-4.21,-2.29,156.02,mixed_edge
1-4,lane1_exhibition_st_rank_bucket x target_exhibition_st_rank_bucket,4+ | 3,1182,95,8.04,118200,84230,-33970,71.26,886.63,10.33,75.47,730.61,-4.21,-2.29,156.02,mixed_edge
1-4,other_group_pattern,B-A-A-A,458,38,8.3,45800,32620,-13180,71.22,858.42,10.33,75.47,730.61,-4.25,-2.03,127.81,mixed_edge
1-5,lane1_motor_rank_bucket,1,2674,186,6.96,267400,190060,-77340,71.08,1021.83,6.72,77.68,1155.81,-6.6,0.24,-133.98,mixed_edge
1-5,lane1_target_start_gap_pair x target_outer_pressure_bucket,>0.06-<=0.03 | some_other_pressure,89,6,6.74,8900,6320,-2580,71.01,1053.33,6.72,77.68,1155.81,-6.67,0.02,-102.48,mixed_edge
1-4,meeting_phase_bucket,day1-2,5027,488,9.71,502700,356490,-146210,70.92,730.51,10.33,75.47,730.61,-4.55,-0.62,-0.1,mixed_edge
1-4,meeting_phase_bucket x target_lane,day1-2 | 4,5027,488,9.71,502700,356490,-146210,70.92,730.51,10.33,75.47,730.61,-4.55,-0.62,-0.1,mixed_edge
1-2,lane1_target_group_pair x target_outer_pressure_bucket,B-B | some_other_pressure,253,44,17.39,25300,17920,-7380,70.83,407.27,18.62,81.17,436.02,-10.34,-1.23,-28.75,mixed_edge
1-5,lane1_target_start_gap_pair,>0.06-<=0.03,810,49,6.05,81000,57330,-23670,70.78,1170.0,6.72,77.68,1155.81,-6.9,-0.67,14.19,mixed_edge
1-5,target_lane x lane1_target_start_gap_pair,5 | >0.06-<=0.03,810,49,6.05,81000,57330,-23670,70.78,1170.0,6.72,77.68,1155.81,-6.9,-0.67,14.19,mixed_edge
1-5,lane1_start_exhibition_gap_bucket x target_start_exhibition_gap_bucket,>0.06 | <=0.03,810,49,6.05,81000,57330,-23670,70.78,1170.0,6.72,77.68,1155.81,-6.9,-0.67,14.19,mixed_edge
1-5,lane1_target_exhibition_st_rank_pair,4+-3,1044,63,6.03,104400,73810,-30590,70.7,1171.59,6.72,77.68,1155.81,-6.98,-0.69,15.78,mixed_edge
1-5,lane1_exhibition_st_rank_bucket x target_exhibition_st_rank_bucket,4+ | 3,1044,63,6.03,104400,73810,-30590,70.7,1171.59,6.72,77.68,1155.81,-6.98,-0.69,15.78,mixed_edge
1-4,lane1_exhibition_rank_bucket,3,2350,235,10.0,235000,166080,-68920,70.67,706.72,10.33,75.47,730.61,-4.8,-0.33,-23.89,mixed_edge
1-4,lane1_target_national_win_diff_bucket,lane1_plus_0.35_1.00,2415,256,10.6,241500,170630,-70870,70.65,666.52,10.33,75.47,730.61,-4.82,0.27,-64.09,mixed_edge
1-5,lane1_target_class_pair,A1-B1,1755,110,6.27,175500,123980,-51520,70.64,1127.09,6.72,77.68,1155.81,-7.04,-0.45,-28.72,mixed_edge
1-4,lane1_motor_rank_bucket,3,2230,203,9.1,223000,157440,-65560,70.6,775.57,10.33,75.47,730.61,-4.87,-1.23,44.96,mixed_edge
1-3,lane1_target_start_gap_pair x target_outer_pressure_bucket,0.04-0.06-<=0.03 | low_other_pressure,34,10,29.41,3400,2400,-1000,70.59,240.0,15.92,79.12,497.05,-8.53,13.49,-257.05,mixed_edge
1-6,lane1_target_local_win_diff_bucket,near_equal,1778,71,3.99,177800,125490,-52310,70.58,1767.46,4.06,71.41,1760.27,-0.83,-0.07,7.19,mixed_edge
1-6,lane1_target_exhibition_time_diff_bucket x lane1_target_start_exhibition_st_diff_bucket,target_faster_0.10+ | target_faster_0.03_0.06,86,6,6.98,8600,6070,-2530,70.58,1011.67,4.06,71.41,1760.27,-0.83,2.92,-748.6,mixed_edge
1-5,lane1_national_win_rank_bucket,3,2413,167,6.92,241300,170260,-71040,70.56,1019.52,6.72,77.68,1155.81,-7.12,0.2,-136.29,mixed_edge
1-4,other_a_count_bucket,3,2254,166,7.36,225400,159000,-66400,70.54,957.83,10.33,75.47,730.61,-4.93,-2.97,227.22,mixed_edge
1-4,target_lane x other_a_count_bucket,4 | 3,2254,166,7.36,225400,159000,-66400,70.54,957.83,10.33,75.47,730.61,-4.93,-2.97,227.22,mixed_edge
1-2,lane1_target_national_rank_pair x target_outer_pressure_bucket,2-1 | high_other_pressure,237,65,27.43,23700,16710,-6990,70.51,257.08,18.62,81.17,436.02,-10.66,8.81,-178.94,mixed_edge
1-3,lane1_target_exhibition_time_diff_bucket x lane1_target_start_exhibition_st_diff_bucket,target_faster_0.10+ | near_equal,258,36,13.95,25800,18190,-7610,70.5,505.28,15.92,79.12,497.05,-8.62,-1.97,8.23,mixed_edge
1-4,race_no_bucket,7-9R,3448,332,9.63,344800,242920,-101880,70.45,731.69,10.33,75.47,730.61,-5.02,-0.7,1.08,mixed_edge
1-4,race_no_bucket x target_lane,7-9R | 4,3448,332,9.63,344800,242920,-101880,70.45,731.69,10.33,75.47,730.61,-5.02,-0.7,1.08,mixed_edge
1-6,lane1_target_motor_place_diff_bucket,lane1_plus_10+,2459,101,4.11,245900,173230,-72670,70.45,1715.15,4.06,71.41,1760.27,-0.96,0.05,-45.12,mixed_edge
1-5,lane1_national_win_rank_bucket,2,2949,204,6.92,294900,207700,-87200,70.43,1018.14,6.72,77.68,1155.81,-7.25,0.2,-137.67,mixed_edge
1-3,other_group_pattern,A-B-B-B,754,101,13.4,75400,53100,-22300,70.42,525.74,15.92,79.12,497.05,-8.7,-2.52,28.69,mixed_edge
1-6,lane1_target_exhibition_time_diff_bucket x lane1_target_start_exhibition_st_diff_bucket,lane1_faster_0.10+ | near_equal,486,22,4.53,48600,34210,-14390,70.39,1555.0,4.06,71.41,1760.27,-1.02,0.47,-205.27,mixed_edge
1-5,lane1_target_start_gap_pair x target_outer_pressure_bucket,>0.06-<=0.03 | high_other_pressure,681,37,5.43,68100,47920,-20180,70.37,1295.14,6.72,77.68,1155.81,-7.31,-1.29,139.33,mixed_edge
1-5,lane1_target_group_pair x target_outer_pressure_bucket,B-B | high_other_pressure,3116,91,2.92,311600,219180,-92420,70.34,2408.57,6.72,77.68,1155.81,-7.34,-3.8,1252.76,mixed_edge
1-4,lane1_target_national_rank_pair x target_outer_pressure_bucket,1-3 | some_other_pressure,316,54,17.09,31600,22220,-9380,70.32,411.48,10.33,75.47,730.61,-5.15,6.76,-319.13,mixed_edge
1-5,wave_bucket,10+,227,13,5.73,22700,15960,-6740,70.31,1227.69,6.72,77.68,1155.81,-7.37,-0.99,71.88,mixed_edge
1-6,lane1_class_group,A,8370,372,4.44,837000,588140,-248860,70.27,1581.02,4.06,71.41,1760.27,-1.14,0.38,-179.25,mixed_edge
1-3,lane1_target_group_pair x other_a_count_bucket,A-A | 3,559,109,19.5,55900,39260,-16640,70.23,360.18,15.92,79.12,497.05,-8.89,3.58,-136.87,mixed_edge
1-5,other_exhibition_faster_than_target_count_bucket,4,2506,114,4.55,250600,175930,-74670,70.2,1543.25,6.72,77.68,1155.81,-7.48,-2.17,387.44,mixed_edge
1-5,target_exhibition_rank_bucket x other_exhibition_faster_than_target_count_bucket,4+ | 4,2506,114,4.55,250600,175930,-74670,70.2,1543.25,6.72,77.68,1155.81,-7.48,-2.17,387.44,mixed_edge
1-6,lane1_target_motor_place_diff_bucket,near_equal,4449,170,3.82,444900,312280,-132620,70.19,1836.94,4.06,71.41,1760.27,-1.22,-0.24,76.67,mixed_edge
1-5,lane1_target_group_pair,B-B,3305,104,3.15,330500,231990,-98510,70.19,2230.67,6.72,77.68,1155.81,-7.49,-3.57,1074.86,mixed_edge
1-2,lane1_target_class_pair,B1-B2,211,17,8.06,21100,14800,-6300,70.14,870.59,18.62,81.17,436.02,-11.03,-10.56,434.57,mixed_edge
1-6,other_exhibition_faster_than_target_count_bucket,3,2614,87,3.33,261400,183280,-78120,70.11,2106.67,4.06,71.41,1760.27,-1.3,-0.73,346.4,mixed_edge
1-6,target_exhibition_rank_bucket x other_exhibition_faster_than_target_count_bucket,4+ | 3,2614,87,3.33,261400,183280,-78120,70.11,2106.67,4.06,71.41,1760.27,-1.3,-0.73,346.4,mixed_edge
1-3,lane1_target_group_pair x target_outer_pressure_bucket,A-A | high_other_pressure,2878,561,19.49,287800,201710,-86090,70.09,359.55,15.92,79.12,497.05,-9.03,3.57,-137.5,mixed_edge
1-6,target_exhibition_st_rank_bucket x other_st_faster_than_target_count_bucket,4+ | 1,449,25,5.57,44900,31470,-13430,70.09,1258.8,4.06,71.41,1760.27,-1.32,1.51,-501.47,mixed_edge
1-6,meeting_phase_bucket,day3-4,4979,181,3.64,497900,348510,-149390,70.0,1925.47,4.06,71.41,1760.27,-1.41,-0.42,165.2,mixed_edge
1-6,meeting_phase_bucket x target_lane,day3-4 | 6,4979,181,3.64,497900,348510,-149390,70.0,1925.47,4.06,71.41,1760.27,-1.41,-0.42,165.2,mixed_edge
1-6,target_boat_rank_bucket,3,2284,91,3.98,228400,159880,-68520,70.0,1756.92,4.06,71.41,1760.27,-1.41,-0.08,-3.35,mixed_edge
1-4,lane1_target_national_rank_pair x target_outer_pressure_bucket,4+-1 | some_other_pressure,194,20,10.31,19400,13580,-5820,70.0,679.0,10.33,75.47,730.61,-5.47,-0.02,-51.61,mixed_edge
1-2,lane1_target_national_rank_pair,2-1,557,159,28.55,55700,38960,-16740,69.95,245.03,18.62,81.17,436.02,-11.22,9.93,-190.99,mixed_edge
1-2,target_lane x lane1_target_national_rank_pair,2 | 2-1,557,159,28.55,55700,38960,-16740,69.95,245.03,18.62,81.17,436.02,-11.22,9.93,-190.99,mixed_edge
1-3,other_a_count_bucket,4,1562,261,16.71,156200,109250,-46950,69.94,418.58,15.92,79.12,497.05,-9.18,0.79,-78.47,mixed_edge
1-3,other_group_pattern,A-A-A-A,1562,261,16.71,156200,109250,-46950,69.94,418.58,15.92,79.12,497.05,-9.18,0.79,-78.47,mixed_edge
1-3,target_lane x other_a_count_bucket,3 | 4,1562,261,16.71,156200,109250,-46950,69.94,418.58,15.92,79.12,497.05,-9.18,0.79,-78.47,mixed_edge
1-4,lane1_target_national_rank_pair x target_outer_pressure_bucket,1-3 | high_other_pressure,411,60,14.6,41100,28730,-12370,69.9,478.83,10.33,75.47,730.61,-5.57,4.27,-251.78,mixed_edge
1-6,race_no_bucket,10-12R,3442,114,3.31,344200,240570,-103630,69.89,2110.26,4.06,71.41,1760.27,-1.52,-0.75,349.99,mixed_edge
1-6,race_no_bucket x target_lane,10-12R | 6,3442,114,3.31,344200,240570,-103630,69.89,2110.26,4.06,71.41,1760.27,-1.52,-0.75,349.99,mixed_edge
1-5,lane1_target_boat_place_diff_bucket,target_plus_10+,1887,109,5.78,188700,131860,-56840,69.88,1209.72,6.72,77.68,1155.81,-7.8,-0.94,53.91,mixed_edge
1-6,lane1_exhibition_rank_bucket,4+,4156,155,3.73,415600,290360,-125240,69.87,1873.29,4.06,71.41,1760.27,-1.54,-0.33,113.02,mixed_edge
1-6,lane1_local_win_rank_bucket,3,2368,99,4.18,236800,165460,-71340,69.87,1671.31,4.06,71.41,1760.27,-1.54,0.12,-88.96,mixed_edge
1-3,lane1_target_start_gap_pair,0.04-0.06-best,656,111,16.92,65600,45820,-19780,69.85,412.79,15.92,79.12,497.05,-9.27,1.0,-84.26,mixed_edge
1-3,target_lane x lane1_target_start_gap_pair,3 | 0.04-0.06-best,656,111,16.92,65600,45820,-19780,69.85,412.79,15.92,79.12,497.05,-9.27,1.0,-84.26,mixed_edge
1-3,lane1_start_exhibition_gap_bucket x target_start_exhibition_gap_bucket,0.04-0.06 | best,656,111,16.92,65600,45820,-19780,69.85,412.79,15.92,79.12,497.05,-9.27,1.0,-84.26,mixed_edge
1-4,stadium_code,23,396,42,10.61,39600,27620,-11980,69.75,657.62,10.33,75.47,730.61,-5.72,0.28,-72.99,mixed_edge
1-4,stadium_code x target_lane,23 | 4,396,42,10.61,39600,27620,-11980,69.75,657.62,10.33,75.47,730.61,-5.72,0.28,-72.99,mixed_edge
1-2,stadium_code,21,621,102,16.43,62100,43300,-18800,69.73,424.51,18.62,81.17,436.02,-11.44,-2.19,-11.51,mixed_edge
1-2,stadium_code x target_lane,21 | 2,621,102,16.43,62100,43300,-18800,69.73,424.51,18.62,81.17,436.02,-11.44,-2.19,-11.51,mixed_edge
1-4,lane1_target_exhibition_time_diff_bucket x lane1_target_start_exhibition_st_diff_bucket,lane1_faster_0.05_0.10 | target_faster_0.03_0.06,375,38,10.13,37500,26150,-11350,69.73,688.16,10.33,75.47,730.61,-5.74,-0.2,-42.45,mixed_edge
1-6,target_exhibition_rank_bucket x other_exhibition_faster_than_target_count_bucket,4+ | 2,2165,79,3.65,216500,150950,-65550,69.72,1910.76,4.06,71.41,1760.27,-1.69,-0.41,150.49,mixed_edge
1-3,lane1_target_national_rank_pair,2-3,615,119,19.35,61500,42800,-18700,69.59,359.66,15.92,79.12,497.05,-9.53,3.43,-137.39,mixed_edge
1-3,target_lane x lane1_target_national_rank_pair,3 | 2-3,615,119,19.35,61500,42800,-18700,69.59,359.66,15.92,79.12,497.05,-9.53,3.43,-137.39,mixed_edge
1-5,meeting_phase_bucket,day3-4,4979,301,6.05,497900,346320,-151580,69.56,1150.56,6.72,77.68,1155.81,-8.12,-0.67,-5.25,mixed_edge
1-5,meeting_phase_bucket x target_lane,day3-4 | 5,4979,301,6.05,497900,346320,-151580,69.56,1150.56,6.72,77.68,1155.81,-8.12,-0.67,-5.25,mixed_edge
1-6,race_no_bucket,1-3R,3484,133,3.82,348400,242350,-106050,69.56,1822.18,4.06,71.41,1760.27,-1.85,-0.24,61.91,mixed_edge
1-6,race_no_bucket x target_lane,1-3R | 6,3484,133,3.82,348400,242350,-106050,69.56,1822.18,4.06,71.41,1760.27,-1.85,-0.24,61.91,mixed_edge
1-3,lane1_target_start_gap_pair,0.04-0.06-<=0.03,663,100,15.08,66300,46110,-20190,69.55,461.1,15.92,79.12,497.05,-9.57,-0.84,-35.95,mixed_edge
1-3,target_lane x lane1_target_start_gap_pair,3 | 0.04-0.06-<=0.03,663,100,15.08,66300,46110,-20190,69.55,461.1,15.92,79.12,497.05,-9.57,-0.84,-35.95,mixed_edge
1-3,lane1_start_exhibition_gap_bucket x target_start_exhibition_gap_bucket,0.04-0.06 | <=0.03,663,100,15.08,66300,46110,-20190,69.55,461.1,15.92,79.12,497.05,-9.57,-0.84,-35.95,mixed_edge
1-5,lane1_target_national_rank_pair x target_outer_pressure_bucket,2-1 | some_other_pressure,105,14,13.33,10500,7300,-3200,69.52,521.43,6.72,77.68,1155.81,-8.16,6.61,-634.38,mixed_edge
1-4,lane1_target_national_rank_pair,1-3,733,114,15.55,73300,50950,-22350,69.51,446.93,10.33,75.47,730.61,-5.96,5.22,-283.68,mixed_edge
1-4,target_lane x lane1_target_national_rank_pair,4 | 1-3,733,114,15.55,73300,50950,-22350,69.51,446.93,10.33,75.47,730.61,-5.96,5.22,-283.68,mixed_edge
1-6,lane1_target_national_rank_pair x target_outer_pressure_bucket,1-4+ | high_other_pressure,2227,62,2.78,222700,154700,-68000,69.47,2495.16,4.06,71.41,1760.27,-1.94,-1.28,734.89,mixed_edge
1-3,lane1_target_class_pair,A1-A2,1113,230,20.66,111300,77310,-33990,69.46,336.13,15.92,79.12,497.05,-9.66,4.74,-160.92,mixed_edge
1-4,lane1_target_start_gap_pair,best->0.06,2226,225,10.11,222600,154600,-68000,69.45,687.11,10.33,75.47,730.61,-6.02,-0.22,-43.5,mixed_edge
1-4,target_lane x lane1_target_start_gap_pair,4 | best->0.06,2226,225,10.11,222600,154600,-68000,69.45,687.11,10.33,75.47,730.61,-6.02,-0.22,-43.5,mixed_edge
1-4,lane1_start_exhibition_gap_bucket x target_start_exhibition_gap_bucket,best | >0.06,2226,225,10.11,222600,154600,-68000,69.45,687.11,10.33,75.47,730.61,-6.02,-0.22,-43.5,mixed_edge
1-4,lane1_target_national_rank_pair,1-2,719,135,18.78,71900,49930,-21970,69.44,369.85,10.33,75.47,730.61,-6.03,8.45,-360.76,mixed_edge
1-4,target_lane x lane1_target_national_rank_pair,4 | 1-2,719,135,18.78,71900,49930,-21970,69.44,369.85,10.33,75.47,730.61,-6.03,8.45,-360.76,mixed_edge
1-6,lane1_target_national_rank_pair,1-4+,2229,62,2.78,222900,154700,-68200,69.4,2495.16,4.06,71.41,1760.27,-2.01,-1.28,734.89,mixed_edge
1-6,target_lane x lane1_target_national_rank_pair,6 | 1-4+,2229,62,2.78,222900,154700,-68200,69.4,2495.16,4.06,71.41,1760.27,-2.01,-1.28,734.89,mixed_edge
1-4,lane1_target_group_pair x target_outer_pressure_bucket,A-A | some_other_pressure,843,150,17.79,84300,58500,-25800,69.4,390.0,10.33,75.47,730.61,-6.07,7.46,-340.61,mixed_edge
1-4,lane1_target_class_pair,A2-A1,741,136,18.35,74100,51420,-22680,69.39,378.09,10.33,75.47,730.61,-6.08,8.02,-352.52,mixed_edge
1-6,lane1_target_national_rank_pair,1-2,627,47,7.5,62700,43500,-19200,69.38,925.53,4.06,71.41,1760.27,-2.03,3.44,-834.74,mixed_edge
1-6,target_lane x lane1_target_national_rank_pair,6 | 1-2,627,47,7.5,62700,43500,-19200,69.38,925.53,4.06,71.41,1760.27,-2.03,3.44,-834.74,mixed_edge
1-6,other_b2_count_bucket,0,10963,405,3.69,1096300,760450,-335850,69.37,1877.65,4.06,71.41,1760.27,-2.04,-0.37,117.38,mixed_edge
1-3,wind_bucket,5-6,1871,267,14.27,187100,129800,-57300,69.37,486.14,15.92,79.12,497.05,-9.75,-1.65,-10.91,mixed_edge
1-2,other_group_pattern,B-B-A-B,866,152,17.55,86600,60050,-26550,69.34,395.07,18.62,81.17,436.02,-11.83,-1.07,-40.95,mixed_edge
1-4,lane1_boat_rank_bucket,1,2561,276,10.78,256100,177560,-78540,69.33,643.33,10.33,75.47,730.61,-6.14,0.45,-87.28,mixed_edge
1-6,lane1_target_exhibition_time_diff_bucket,target_faster_0.10+,724,36,4.97,72400,50190,-22210,69.32,1394.17,4.06,71.41,1760.27,-2.09,0.91,-366.1,mixed_edge
1-6,lane1_target_exhibition_time_diff_bucket,lane1_faster_0.05_0.10,2972,103,3.47,297200,205990,-91210,69.31,1999.9,4.06,71.41,1760.27,-2.1,-0.59,239.63,mixed_edge
1-5,other_a_count_bucket,2,4654,236,5.07,465400,322400,-143000,69.27,1366.1,6.72,77.68,1155.81,-8.41,-1.65,210.29,mixed_edge
1-5,target_lane x other_a_count_bucket,5 | 2,4654,236,5.07,465400,322400,-143000,69.27,1366.1,6.72,77.68,1155.81,-8.41,-1.65,210.29,mixed_edge
1-4,lane1_target_national_rank_pair x target_outer_pressure_bucket,2-3 | some_other_pressure,261,36,13.79,26100,18050,-8050,69.16,501.39,10.33,75.47,730.61,-6.31,3.46,-229.22,mixed_edge
1-4,lane1_target_national_win_diff_bucket,near_equal,2679,299,11.16,267900,185230,-82670,69.14,619.5,10.33,75.47,730.61,-6.33,0.83,-111.11,mixed_edge
1-6,stadium_code,06,564,21,3.72,56400,38990,-17410,69.13,1856.67,4.06,71.41,1760.27,-2.28,-0.34,96.4,mixed_edge
1-6,stadium_code x target_lane,06 | 6,564,21,3.72,56400,38990,-17410,69.13,1856.67,4.06,71.41,1760.27,-2.28,-0.34,96.4,mixed_edge
1-5,lane1_boat_rank_bucket,4+,6696,412,6.15,669600,462780,-206820,69.11,1123.25,6.72,77.68,1155.81,-8.57,-0.57,-32.56,mixed_edge
1-5,lane1_target_national_rank_pair,2-1,551,83,15.06,55100,38040,-17060,69.04,458.31,6.72,77.68,1155.81,-8.64,8.34,-697.5,mixed_edge
1-5,target_lane x lane1_target_national_rank_pair,5 | 2-1,551,83,15.06,55100,38040,-17060,69.04,458.31,6.72,77.68,1155.81,-8.64,8.34,-697.5,mixed_edge
1-2,lane1_target_start_gap_pair x target_outer_pressure_bucket,>0.06-<=0.03 | some_other_pressure,83,14,16.87,8300,5730,-2570,69.04,409.29,18.62,81.17,436.02,-12.13,-1.75,-26.73,mixed_edge
1-5,lane1_target_national_win_diff_bucket,lane1_plus_1.00+,5108,243,4.76,510800,352630,-158170,69.03,1451.15,6.72,77.68,1155.81,-8.65,-1.96,295.34,mixed_edge
1-6,lane1_start_exhibition_gap_bucket,<=0.03,3150,130,4.13,315000,217380,-97620,69.01,1672.15,4.06,71.41,1760.27,-2.4,0.07,-88.12,mixed_edge
1-3,lane1_target_group_pair x target_outer_pressure_bucket,A-A | low_other_pressure,412,109,26.46,41200,28420,-12780,68.98,260.73,15.92,79.12,497.05,-10.14,10.54,-236.32,mixed_edge
1-3,target_exhibition_rank_bucket x other_exhibition_faster_than_target_count_bucket,3 | 2,771,103,13.36,77100,53160,-23940,68.95,516.12,15.92,79.12,497.05,-10.17,-2.56,19.07,mixed_edge
1-5,other_group_pattern,B-B-B-A,776,65,8.38,77600,53480,-24120,68.92,822.77,6.72,77.68,1155.81,-8.76,1.66,-333.04,mixed_edge
1-4,stadium_code,12,611,60,9.82,61100,42110,-18990,68.92,701.83,10.33,75.47,730.61,-6.55,-0.51,-28.78,mixed_edge
1-4,stadium_code x target_lane,12 | 4,611,60,9.82,61100,42110,-18990,68.92,701.83,10.33,75.47,730.61,-6.55,-0.51,-28.78,mixed_edge
1-3,other_exhibition_faster_than_target_count_bucket,4,2213,278,12.56,221300,152490,-68810,68.91,548.53,15.92,79.12,497.05,-10.21,-3.36,51.48,mixed_edge
1-3,target_exhibition_rank_bucket x other_exhibition_faster_than_target_count_bucket,4+ | 4,2213,278,12.56,221300,152490,-68810,68.91,548.53,15.92,79.12,497.05,-10.21,-3.36,51.48,mixed_edge
1-5,lane1_target_start_gap_pair,best->0.06,2411,145,6.01,241100,166090,-75010,68.89,1145.45,6.72,77.68,1155.81,-8.79,-0.71,-10.36,mixed_edge
1-5,target_lane x lane1_target_start_gap_pair,5 | best->0.06,2411,145,6.01,241100,166090,-75010,68.89,1145.45,6.72,77.68,1155.81,-8.79,-0.71,-10.36,mixed_edge
1-5,lane1_start_exhibition_gap_bucket x target_start_exhibition_gap_bucket,best | >0.06,2411,145,6.01,241100,166090,-75010,68.89,1145.45,6.72,77.68,1155.81,-8.79,-0.71,-10.36,mixed_edge
1-5,other_group_pattern,B-A-A-B,672,29,4.32,67200,46290,-20910,68.88,1596.21,6.72,77.68,1155.81,-8.8,-2.4,440.4,mixed_edge
1-3,other_group_pattern,A-B-A-A,521,58,11.13,52100,35880,-16220,68.87,618.62,15.92,79.12,497.05,-10.25,-4.79,121.57,mixed_edge
1-6,lane1_target_start_exhibition_st_diff_bucket,lane1_faster_0.03_0.06,2040,90,4.41,204000,140450,-63550,68.85,1560.56,4.06,71.41,1760.27,-2.56,0.35,-199.71,mixed_edge
1-2,lane1_target_group_pair x other_a_count_bucket,A-B | 4,91,15,16.48,9100,6260,-2840,68.79,417.33,18.62,81.17,436.02,-12.38,-2.14,-18.69,mixed_edge
1-4,wind_bucket,5-6,1871,162,8.66,187100,128630,-58470,68.75,794.01,10.33,75.47,730.61,-6.72,-1.67,63.4,mixed_edge
1-4,stadium_code,01,612,42,6.86,61200,42070,-19130,68.74,1001.67,10.33,75.47,730.61,-6.73,-3.47,271.06,mixed_edge
1-4,stadium_code x target_lane,01 | 4,612,42,6.86,61200,42070,-19130,68.74,1001.67,10.33,75.47,730.61,-6.73,-3.47,271.06,mixed_edge
1-4,target_exhibition_st_rank_bucket,4+,6893,637,9.24,689300,473780,-215520,68.73,743.77,10.33,75.47,730.61,-6.74,-1.09,13.16,mixed_edge
1-4,target_lane x target_exhibition_st_rank_bucket,4 | 4+,6893,637,9.24,689300,473780,-215520,68.73,743.77,10.33,75.47,730.61,-6.74,-1.09,13.16,mixed_edge
1-6,lane1_target_national_win_diff_bucket,target_plus_0.35_1.00,1654,90,5.44,165400,113590,-51810,68.68,1262.11,4.06,71.41,1760.27,-2.73,1.38,-498.16,mixed_edge
1-4,target_national_win_rank_bucket x other_national_better_than_target_count_bucket,2 | 0,734,136,18.53,73400,50390,-23010,68.65,370.51,10.33,75.47,730.61,-6.82,8.2,-360.1,mixed_edge
1-6,meeting_phase_bucket,day1-2,5027,191,3.8,502700,345010,-157690,68.63,1806.34,4.06,71.41,1760.27,-2.78,-0.26,46.07,mixed_edge
1-6,meeting_phase_bucket x target_lane,day1-2 | 6,5027,191,3.8,502700,345010,-157690,68.63,1806.34,4.06,71.41,1760.27,-2.78,-0.26,46.07,mixed_edge
1-6,wind_bucket,3-4,4052,157,3.87,405200,278050,-127150,68.62,1771.02,4.06,71.41,1760.27,-2.79,-0.19,10.75,mixed_edge
1-5,race_no_bucket,4-6R,3479,219,6.29,347900,238550,-109350,68.57,1089.27,6.72,77.68,1155.81,-9.11,-0.43,-66.54,mixed_edge
1-5,race_no_bucket x target_lane,4-6R | 5,3479,219,6.29,347900,238550,-109350,68.57,1089.27,6.72,77.68,1155.81,-9.11,-0.43,-66.54,mixed_edge
1-6,stadium_code,19,636,29,4.56,63600,43610,-19990,68.57,1503.79,4.06,71.41,1760.27,-2.84,0.5,-256.48,mixed_edge
1-6,stadium_code x target_lane,19 | 6,636,29,4.56,63600,43610,-19990,68.57,1503.79,4.06,71.41,1760.27,-2.84,0.5,-256.48,mixed_edge
1-3,lane1_target_exhibition_time_diff_bucket x lane1_target_start_exhibition_st_diff_bucket,lane1_faster_0.05_0.10 | target_faster_0.06+,403,48,11.91,40300,27630,-12670,68.56,575.62,15.92,79.12,497.05,-10.56,-4.01,78.57,mixed_edge
1-2,stadium_code,11,468,83,17.74,46800,32080,-14720,68.55,386.51,18.62,81.17,436.02,-12.62,-0.88,-49.51,mixed_edge
1-2,stadium_code x target_lane,11 | 2,468,83,17.74,46800,32080,-14720,68.55,386.51,18.62,81.17,436.02,-12.62,-0.88,-49.51,mixed_edge
1-5,lane1_target_boat_place_diff_bucket,near_equal,5133,335,6.53,513300,351740,-161560,68.53,1049.97,6.72,77.68,1155.81,-9.15,-0.19,-105.84,mixed_edge
1-6,lane1_national_win_rank_bucket,4+,5044,161,3.19,504400,345620,-158780,68.52,2146.71,4.06,71.41,1760.27,-2.89,-0.87,386.44,mixed_edge
1-4,lane1_target_start_gap_pair x target_outer_pressure_bucket,best-<=0.03 | low_other_pressure,60,11,18.33,6000,4110,-1890,68.5,373.64,10.33,75.47,730.61,-6.97,8.0,-356.97,mixed_edge
1-6,target_boat_rank_bucket,4+,7104,281,3.96,710400,486460,-223940,68.48,1731.17,4.06,71.41,1760.27,-2.93,-0.1,-29.1,mixed_edge
1-5,lane1_target_exhibition_time_diff_bucket x lane1_target_start_exhibition_st_diff_bucket,target_faster_0.10+ | target_faster_0.03_0.06,84,8,9.52,8400,5750,-2650,68.45,718.75,6.72,77.68,1155.81,-9.23,2.8,-437.06,mixed_edge
1-4,lane1_target_group_pair x other_a_count_bucket,A-B | 3,745,47,6.31,74500,50960,-23540,68.4,1084.26,10.33,75.47,730.61,-7.07,-4.02,353.65,mixed_edge
1-3,lane1_target_start_gap_pair x target_outer_pressure_bucket,best-<=0.03 | low_other_pressure,81,21,25.93,8100,5540,-2560,68.4,263.81,15.92,79.12,497.05,-10.72,10.01,-233.24,mixed_edge
1-5,stadium_code,17,652,32,4.91,65200,44580,-20620,68.37,1393.12,6.72,77.68,1155.81,-9.31,-1.81,237.31,mixed_edge
1-5,stadium_code x target_lane,17 | 5,652,32,4.91,65200,44580,-20620,68.37,1393.12,6.72,77.68,1155.81,-9.31,-1.81,237.31,mixed_edge
1-6,lane1_exhibition_st_rank_bucket,4+,4791,164,3.42,479100,327510,-151590,68.36,1997.01,4.06,71.41,1760.27,-3.05,-0.64,236.74,mixed_edge
1-5,target_boat_rank_bucket,2,2232,141,6.32,223200,152590,-70610,68.36,1082.2,6.72,77.68,1155.81,-9.32,-0.4,-73.61,mixed_edge
1-5,lane1_target_group_pair x other_a_count_bucket,A-B | 3,782,31,3.96,78200,53410,-24790,68.3,1722.9,6.72,77.68,1155.81,-9.38,-2.76,567.09,mixed_edge
1-4,stadium_code,18,684,72,10.53,68400,46720,-21680,68.3,648.89,10.33,75.47,730.61,-7.17,0.2,-81.72,mixed_edge
1-4,stadium_code x target_lane,18 | 4,684,72,10.53,68400,46720,-21680,68.3,648.89,10.33,75.47,730.61,-7.17,0.2,-81.72,mixed_edge
1-3,target_class_group x target_outer_pressure_bucket,A | low_other_pressure,701,155,22.11,70100,47820,-22280,68.22,308.52,15.92,79.12,497.05,-10.9,6.19,-188.53,mixed_edge
1-5,lane1_target_class_pair,B2-A1,50,3,6.0,5000,3410,-1590,68.2,1136.67,6.72,77.68,1155.81,-9.48,-0.72,-19.14,mixed_edge
1-3,target_outer_pressure_bucket,low_other_pressure,788,177,22.46,78800,53710,-25090,68.16,303.45,15.92,79.12,497.05,-10.96,6.54,-193.6,mixed_edge
1-3,target_lane x target_outer_pressure_bucket,3 | low_other_pressure,788,177,22.46,78800,53710,-25090,68.16,303.45,15.92,79.12,497.05,-10.96,6.54,-193.6,mixed_edge
1-5,lane1_target_group_pair x other_a_count_bucket,B-B | 3,785,18,2.29,78500,53500,-25000,68.15,2972.22,6.72,77.68,1155.81,-9.53,-4.43,1816.41,mixed_edge
1-5,lane1_target_class_pair,A2-A1,612,77,12.58,61200,41710,-19490,68.15,541.69,6.72,77.68,1155.81,-9.53,5.86,-614.12,mixed_edge
1-5,lane1_target_exhibition_time_diff_bucket x lane1_target_start_exhibition_st_diff_bucket,near_equal | lane1_faster_0.06+,1833,113,6.16,183300,124890,-58410,68.13,1105.22,6.72,77.68,1155.81,-9.55,-0.56,-50.59,mixed_edge
1-6,lane1_boat_rank_bucket,4+,6696,264,3.94,669600,456110,-213490,68.12,1727.69,4.06,71.41,1760.27,-3.29,-0.12,-32.58,mixed_edge
1-5,lane1_target_national_rank_pair x target_outer_pressure_bucket,2-4+ | high_other_pressure,1864,77,4.13,186400,126980,-59420,68.12,1649.09,6.72,77.68,1155.81,-9.56,-2.59,493.28,mixed_edge
1-5,lane1_target_national_rank_pair,2-4+,1865,77,4.13,186500,126980,-59520,68.09,1649.09,6.72,77.68,1155.81,-9.59,-2.59,493.28,mixed_edge
1-5,target_lane x lane1_target_national_rank_pair,5 | 2-4+,1865,77,4.13,186500,126980,-59520,68.09,1649.09,6.72,77.68,1155.81,-9.59,-2.59,493.28,mixed_edge
1-5,lane1_target_start_gap_pair x target_outer_pressure_bucket,>0.06-best | high_other_pressure,686,33,4.81,68600,46680,-21920,68.05,1414.55,6.72,77.68,1155.81,-9.63,-1.91,258.74,mixed_edge
1-5,lane1_target_start_gap_pair x target_outer_pressure_bucket,best->0.06 | high_other_pressure,2081,113,5.43,208100,141470,-66630,67.98,1251.95,6.72,77.68,1155.81,-9.7,-1.29,96.14,mixed_edge
1-5,target_exhibition_st_rank_bucket,4+,7716,443,5.74,771600,524490,-247110,67.97,1183.95,6.72,77.68,1155.81,-9.71,-0.98,28.14,mixed_edge
1-5,target_lane x target_exhibition_st_rank_bucket,5 | 4+,7716,443,5.74,771600,524490,-247110,67.97,1183.95,6.72,77.68,1155.81,-9.71,-0.98,28.14,mixed_edge
1-2,lane1_target_group_pair x target_outer_pressure_bucket,A-A | low_other_pressure,506,152,30.04,50600,34390,-16210,67.96,226.25,18.62,81.17,436.02,-13.21,11.42,-209.77,mixed_edge
1-5,lane1_target_start_gap_pair x target_outer_pressure_bucket,<=0.03-<=0.03 | some_other_pressure,108,9,8.33,10800,7340,-3460,67.96,815.56,6.72,77.68,1155.81,-9.72,1.61,-340.25,mixed_edge
1-3,lane1_target_group_pair x other_a_count_bucket,A-A | 4,1349,230,17.05,134900,91620,-43280,67.92,398.35,15.92,79.12,497.05,-11.2,1.13,-98.7,mixed_edge
1-6,lane1_motor_rank_bucket,1,2674,122,4.56,267400,181600,-85800,67.91,1488.52,4.06,71.41,1760.27,-3.5,0.5,-271.75,mixed_edge
1-4,lane1_target_group_pair x other_a_count_bucket,A-A | 0,412,95,23.06,41200,27980,-13220,67.91,294.53,10.33,75.47,730.61,-7.56,12.73,-436.08,mixed_edge
1-3,lane1_target_national_rank_pair x target_outer_pressure_bucket,3-1 | high_other_pressure,245,50,20.41,24500,16630,-7870,67.88,332.6,15.92,79.12,497.05,-11.24,4.49,-164.45,mixed_edge
1-6,lane1_boat_rank_bucket,2,2358,93,3.94,235800,159960,-75840,67.84,1720.0,4.06,71.41,1760.27,-3.57,-0.12,-40.27,mixed_edge
1-3,target_class_group x target_outer_pressure_bucket,B | low_other_pressure,87,22,25.29,8700,5890,-2810,67.7,267.73,15.92,79.12,497.05,-11.42,9.37,-229.32,mixed_edge
1-3,stadium_code,09,650,98,15.08,65000,43990,-21010,67.68,448.88,15.92,79.12,497.05,-11.44,-0.84,-48.17,mixed_edge
1-3,stadium_code x target_lane,09 | 3,650,98,15.08,65000,43990,-21010,67.68,448.88,15.92,79.12,497.05,-11.44,-0.84,-48.17,mixed_edge
1-4,lane1_target_motor_place_diff_bucket,lane1_plus_4_10,2392,222,9.28,239200,161810,-77390,67.65,728.87,10.33,75.47,730.61,-7.82,-1.05,-1.74,mixed_edge
1-2,other_st_faster_than_target_count_bucket,3,2338,360,15.4,233800,158130,-75670,67.63,439.25,18.62,81.17,436.02,-13.54,-3.22,3.23,mixed_edge
1-2,target_exhibition_st_rank_bucket x other_st_faster_than_target_count_bucket,4+ | 3,2338,360,15.4,233800,158130,-75670,67.63,439.25,18.62,81.17,436.02,-13.54,-3.22,3.23,mixed_edge
1-3,lane1_target_start_exhibition_st_diff_bucket,target_faster_0.03_0.06,1818,263,14.47,181800,122960,-58840,67.63,467.53,15.92,79.12,497.05,-11.49,-1.45,-29.52,mixed_edge
1-3,lane1_target_class_pair,A2-B2,177,19,10.73,17700,11970,-5730,67.63,630.0,15.92,79.12,497.05,-11.49,-5.19,132.95,mixed_edge
1-4,lane1_target_start_gap_pair x target_outer_pressure_bucket,best->0.06 | high_other_pressure,1861,159,8.54,186100,125850,-60250,67.62,791.51,10.33,75.47,730.61,-7.85,-1.79,60.9,mixed_edge
1-6,lane1_target_national_rank_pair x target_outer_pressure_bucket,2-1 | some_other_pressure,122,18,14.75,12200,8250,-3950,67.62,458.33,4.06,71.41,1760.27,-3.79,10.69,-1301.94,mixed_edge
1-5,target_motor_rank_bucket,3,2203,142,6.45,220300,148930,-71370,67.6,1048.8,6.72,77.68,1155.81,-10.08,-0.27,-107.01,mixed_edge
1-4,other_group_pattern,B-B-B-A,913,115,12.6,91300,61710,-29590,67.59,536.61,10.33,75.47,730.61,-7.88,2.27,-194.0,mixed_edge
1-6,lane1_target_exhibition_time_diff_bucket x lane1_target_start_exhibition_st_diff_bucket,target_faster_0.05_0.10 | near_equal,349,16,4.58,34900,23570,-11330,67.54,1473.12,4.06,71.41,1760.27,-3.87,0.52,-287.15,mixed_edge
1-2,lane1_target_exhibition_st_rank_pair,2-4+,950,149,15.68,95000,64140,-30860,67.52,430.47,18.62,81.17,436.02,-13.65,-2.94,-5.55,mixed_edge
1-2,lane1_exhibition_st_rank_bucket x target_exhibition_st_rank_bucket,2 | 4+,950,149,15.68,95000,64140,-30860,67.52,430.47,18.62,81.17,436.02,-13.65,-2.94,-5.55,mixed_edge
1-3,lane1_target_start_gap_pair x target_outer_pressure_bucket,<=0.03-0.04-0.06 | some_other_pressure,99,21,21.21,9900,6680,-3220,67.47,318.1,15.92,79.12,497.05,-11.65,5.29,-178.95,mixed_edge
1-5,other_national_better_than_target_count_bucket,4,3173,90,2.84,317300,214050,-103250,67.46,2378.33,6.72,77.68,1155.81,-10.22,-3.88,1222.52,mixed_edge
1-5,target_national_win_rank_bucket x other_national_better_than_target_count_bucket,4+ | 4,3173,90,2.84,317300,214050,-103250,67.46,2378.33,6.72,77.68,1155.81,-10.22,-3.88,1222.52,mixed_edge
1-5,target_class_group x target_outer_pressure_bucket,A | low_other_pressure,604,75,12.42,60400,40710,-19690,67.4,542.8,6.72,77.68,1155.81,-10.28,5.7,-613.01,mixed_edge
1-6,stadium_code,05,618,28,4.53,61800,41640,-20160,67.38,1487.14,4.06,71.41,1760.27,-4.03,0.47,-273.13,mixed_edge
1-6,stadium_code x target_lane,05 | 6,618,28,4.53,61800,41640,-20160,67.38,1487.14,4.06,71.41,1760.27,-4.03,0.47,-273.13,mixed_edge
1-5,stadium_code,18,684,40,5.85,68400,46080,-22320,67.37,1152.0,6.72,77.68,1155.81,-10.31,-0.87,-3.81,mixed_edge
1-5,stadium_code x target_lane,18 | 5,684,40,5.85,68400,46080,-22320,67.37,1152.0,6.72,77.68,1155.81,-10.31,-0.87,-3.81,mixed_edge
1-2,lane1_target_national_rank_pair x target_outer_pressure_bucket,4+-1 | some_other_pressure,259,46,17.76,25900,17440,-8460,67.34,379.13,18.62,81.17,436.02,-13.83,-0.86,-56.89,mixed_edge
1-4,target_motor_rank_bucket,2,2256,223,9.88,225600,151820,-73780,67.3,680.81,10.33,75.47,730.61,-8.17,-0.45,-49.8,mixed_edge
1-2,wind_bucket,7+,647,105,16.23,64700,43510,-21190,67.25,414.38,18.62,81.17,436.02,-13.92,-2.39,-21.64,mixed_edge
1-5,lane1_target_class_pair,B1-A1,860,69,8.02,86000,57820,-28180,67.23,837.97,6.72,77.68,1155.81,-10.45,1.3,-317.84,mixed_edge
1-3,stadium_code,16,420,59,14.05,42000,28230,-13770,67.21,478.47,15.92,79.12,497.05,-11.91,-1.87,-18.58,mixed_edge
1-3,stadium_code x target_lane,16 | 3,420,59,14.05,42000,28230,-13770,67.21,478.47,15.92,79.12,497.05,-11.91,-1.87,-18.58,mixed_edge
1-6,lane1_target_boat_place_diff_bucket,target_plus_4_10,2480,105,4.23,248000,166490,-81510,67.13,1585.62,4.06,71.41,1760.27,-4.28,0.17,-174.65,mixed_edge
1-3,lane1_target_group_pair x target_outer_pressure_bucket,B-A | low_other_pressure,289,46,15.92,28900,19400,-9500,67.13,421.74,15.92,79.12,497.05,-11.99,0.0,-75.31,mixed_edge
1-4,stadium_code,24,598,57,9.53,59800,40040,-19760,66.96,702.46,10.33,75.47,730.61,-8.51,-0.8,-28.15,mixed_edge
1-4,stadium_code x target_lane,24 | 4,598,57,9.53,59800,40040,-19760,66.96,702.46,10.33,75.47,730.61,-8.51,-0.8,-28.15,mixed_edge
1-3,lane1_target_national_rank_pair x target_outer_pressure_bucket,1-2 | high_other_pressure,372,87,23.39,37200,24910,-12290,66.96,286.32,15.92,79.12,497.05,-12.16,7.47,-210.73,mixed_edge
1-4,lane1_class,A2,3852,408,10.59,385200,257860,-127340,66.94,632.01,10.33,75.47,730.61,-8.53,0.26,-98.6,mixed_edge
1-5,other_exhibition_faster_than_target_count_bucket,1,2826,187,6.62,282600,189130,-93470,66.92,1011.39,6.72,77.68,1155.81,-10.76,-0.1,-144.42,mixed_edge
1-5,lane1_target_start_gap_pair x target_outer_pressure_bucket,0.04-0.06-<=0.03 | low_other_pressure,39,5,12.82,3900,2610,-1290,66.92,522.0,6.72,77.68,1155.81,-10.76,6.1,-633.81,mixed_edge
1-6,lane1_class,A2,3852,188,4.88,385200,257580,-127620,66.87,1370.11,4.06,71.41,1760.27,-4.54,0.82,-390.16,mixed_edge
1-4,lane1_target_boat_place_diff_bucket,lane1_plus_10+,1885,184,9.76,188500,126020,-62480,66.85,684.89,10.33,75.47,730.61,-8.62,-0.57,-45.72,mixed_edge
1-6,target_exhibition_rank_bucket,4+,7988,259,3.24,798800,532870,-265930,66.71,2057.41,4.06,71.41,1760.27,-4.7,-0.82,297.14,mixed_edge
1-6,target_outer_pressure_bucket,high_other_pressure,11410,349,3.06,1141000,760690,-380310,66.67,2179.63,4.06,71.41,1760.27,-4.74,-1.0,419.36,mixed_edge
1-6,target_lane x target_outer_pressure_bucket,6 | high_other_pressure,11410,349,3.06,1141000,760690,-380310,66.67,2179.63,4.06,71.41,1760.27,-4.74,-1.0,419.36,mixed_edge
1-6,target_boat_rank_bucket,1,2273,95,4.18,227300,151500,-75800,66.65,1594.74,4.06,71.41,1760.27,-4.76,0.12,-165.53,mixed_edge
1-6,lane1_target_local_win_diff_bucket,target_plus_0.35_1.00,1404,75,5.34,140400,93580,-46820,66.65,1247.73,4.06,71.41,1760.27,-4.76,1.28,-512.54,mixed_edge
1-6,lane1_target_exhibition_time_diff_bucket,lane1_faster_0.10+,2170,73,3.36,217000,144470,-72530,66.58,1979.04,4.06,71.41,1760.27,-4.83,-0.7,218.77,mixed_edge
1-3,lane1_target_class_pair,A1-A1,1651,325,19.69,165100,109880,-55220,66.55,338.09,15.92,79.12,497.05,-12.57,3.77,-158.96,mixed_edge
1-3,lane1_target_exhibition_time_diff_bucket x lane1_target_start_exhibition_st_diff_bucket,target_faster_0.05_0.10 | target_faster_0.03_0.06,207,29,14.01,20700,13760,-6940,66.47,474.48,15.92,79.12,497.05,-12.65,-1.91,-22.57,mixed_edge
1-5,other_b2_count_bucket,1,3134,214,6.83,313400,208270,-105130,66.46,973.22,6.72,77.68,1155.81,-11.22,0.11,-182.59,mixed_edge
1-2,lane1_target_exhibition_time_diff_bucket x lane1_target_start_exhibition_st_diff_bucket,target_faster_0.05_0.10 | target_faster_0.03_0.06,243,37,15.23,24300,16140,-8160,66.42,436.22,18.62,81.17,436.02,-14.75,-3.39,0.2,mixed_edge
1-6,lane1_exhibition_st_rank_bucket,3,1959,75,3.83,195900,130090,-65810,66.41,1734.53,4.06,71.41,1760.27,-5.0,-0.23,-25.74,mixed_edge
1-2,lane1_target_exhibition_st_rank_pair,4+-1,620,83,13.39,62000,41160,-20840,66.39,495.9,18.62,81.17,436.02,-14.78,-5.23,59.88,mixed_edge
1-2,lane1_exhibition_st_rank_bucket x target_exhibition_st_rank_bucket,4+ | 1,620,83,13.39,62000,41160,-20840,66.39,495.9,18.62,81.17,436.02,-14.78,-5.23,59.88,mixed_edge
1-6,month,2025-12,4763,177,3.72,476300,316180,-160120,66.38,1786.33,4.06,71.41,1760.27,-5.03,-0.34,26.06,mixed_edge
1-4,stadium_code,08,588,60,10.2,58800,39030,-19770,66.38,650.5,10.33,75.47,730.61,-9.09,-0.13,-80.11,mixed_edge
1-4,stadium_code x target_lane,08 | 4,588,60,10.2,58800,39030,-19770,66.38,650.5,10.33,75.47,730.61,-9.09,-0.13,-80.11,mixed_edge
1-4,lane1_target_start_exhibition_st_diff_bucket,lane1_faster_0.06+,3596,345,9.59,359600,238630,-120970,66.36,691.68,10.33,75.47,730.61,-9.11,-0.74,-38.93,mixed_edge
1-3,grade_group,G1,252,35,13.89,25200,16710,-8490,66.31,477.43,15.92,79.12,497.05,-12.81,-2.03,-19.62,mixed_edge
1-4,lane1_target_exhibition_time_diff_bucket,lane1_faster_0.05_0.10,3008,301,10.01,300800,199210,-101590,66.23,661.83,10.33,75.47,730.61,-9.24,-0.32,-68.78,mixed_edge
1-3,lane1_target_national_rank_pair x target_outer_pressure_bucket,2-3 | high_other_pressure,318,52,16.35,31800,21060,-10740,66.23,405.0,15.92,79.12,497.05,-12.89,0.43,-92.05,mixed_edge
1-2,lane1_target_start_gap_pair x target_outer_pressure_bucket,0.04-0.06->0.06 | high_other_pressure,645,73,11.32,64500,42710,-21790,66.22,585.07,18.62,81.17,436.02,-14.95,-7.3,149.05,mixed_edge
1-3,stadium_code,18,684,112,16.37,68400,45260,-23140,66.17,404.11,15.92,79.12,497.05,-12.95,0.45,-92.94,mixed_edge
1-3,stadium_code x target_lane,18 | 3,684,112,16.37,68400,45260,-23140,66.17,404.11,15.92,79.12,497.05,-12.95,0.45,-92.94,mixed_edge
1-6,other_exhibition_faster_than_target_count_bucket,4,2606,78,2.99,260600,172320,-88280,66.12,2209.23,4.06,71.41,1760.27,-5.29,-1.07,448.96,mixed_edge
1-6,target_exhibition_rank_bucket x other_exhibition_faster_than_target_count_bucket,4+ | 4,2606,78,2.99,260600,172320,-88280,66.12,2209.23,4.06,71.41,1760.27,-5.29,-1.07,448.96,mixed_edge
1-3,lane1_target_national_rank_pair x target_outer_pressure_bucket,1-2 | low_other_pressure,180,51,28.33,18000,11900,-6100,66.11,233.33,15.92,79.12,497.05,-13.01,12.41,-263.72,mixed_edge
1-3,lane1_start_exhibition_gap_bucket,0.04-0.06,2539,358,14.1,253900,167740,-86160,66.07,468.55,15.92,79.12,497.05,-13.05,-1.82,-28.5,mixed_edge
1-4,lane1_target_boat_place_diff_bucket,lane1_plus_4_10,2495,250,10.02,249500,164840,-84660,66.07,659.36,10.33,75.47,730.61,-9.4,-0.31,-71.25,mixed_edge
1-6,target_exhibition_rank_bucket,3,2055,93,4.53,205500,135770,-69730,66.07,1459.89,4.06,71.41,1760.27,-5.34,0.47,-300.38,mixed_edge
1-6,target_exhibition_st_rank_bucket x other_st_faster_than_target_count_bucket,4+ | 2,1865,74,3.97,186500,123100,-63400,66.01,1663.51,4.06,71.41,1760.27,-5.4,-0.09,-96.76,mixed_edge
1-6,stadium_code,10,540,22,4.07,54000,35600,-18400,65.93,1618.18,4.06,71.41,1760.27,-5.48,0.01,-142.09,mixed_edge
1-6,stadium_code x target_lane,10 | 6,540,22,4.07,54000,35600,-18400,65.93,1618.18,4.06,71.41,1760.27,-5.48,0.01,-142.09,mixed_edge
1-6,race_no_bucket,7-9R,3448,151,4.38,344800,227290,-117510,65.92,1505.23,4.06,71.41,1760.27,-5.49,0.32,-255.04,mixed_edge
1-6,race_no_bucket x target_lane,7-9R | 6,3448,151,4.38,344800,227290,-117510,65.92,1505.23,4.06,71.41,1760.27,-5.49,0.32,-255.04,mixed_edge
1-4,lane1_target_start_gap_pair x target_outer_pressure_bucket,<=0.03-best | low_other_pressure,56,8,14.29,5600,3690,-1910,65.89,461.25,10.33,75.47,730.61,-9.58,3.96,-269.36,mixed_edge
1-6,lane1_target_national_rank_pair,2-1,571,71,12.43,57100,37600,-19500,65.85,529.58,4.06,71.41,1760.27,-5.56,8.37,-1230.69,mixed_edge
1-6,target_lane x lane1_target_national_rank_pair,6 | 2-1,571,71,12.43,57100,37600,-19500,65.85,529.58,4.06,71.41,1760.27,-5.56,8.37,-1230.69,mixed_edge
1-5,stadium_code,14,577,30,5.2,57700,37960,-19740,65.79,1265.33,6.72,77.68,1155.81,-11.89,-1.52,109.52,mixed_edge
1-5,stadium_code x target_lane,14 | 5,577,30,5.2,57700,37960,-19740,65.79,1265.33,6.72,77.68,1155.81,-11.89,-1.52,109.52,mixed_edge
1-4,lane1_target_group_pair x other_a_count_bucket,B-B | 0,554,43,7.76,55400,36440,-18960,65.78,847.44,10.33,75.47,730.61,-9.69,-2.57,116.83,mixed_edge
1-6,other_st_faster_than_target_count_bucket,2,2509,93,3.71,250900,164960,-85940,65.75,1773.76,4.06,71.41,1760.27,-5.66,-0.35,13.49,mixed_edge
1-6,stadium_code,04,306,10,3.27,30600,20120,-10480,65.75,2012.0,4.06,71.41,1760.27,-5.66,-0.79,251.73,mixed_edge
1-6,stadium_code x target_lane,04 | 6,306,10,3.27,30600,20120,-10480,65.75,2012.0,4.06,71.41,1760.27,-5.66,-0.79,251.73,mixed_edge
1-4,lane1_national_win_rank_bucket,3,2413,228,9.45,241300,158540,-82760,65.7,695.35,10.33,75.47,730.61,-9.77,-0.88,-35.26,mixed_edge
1-4,lane1_target_local_win_diff_bucket,near_equal,1991,199,9.99,199100,130800,-68300,65.7,657.29,10.33,75.47,730.61,-9.77,-0.34,-73.32,mixed_edge
1-3,lane1_target_start_gap_pair x target_outer_pressure_bucket,0.04-0.06-best | high_other_pressure,470,67,14.26,47000,30870,-16130,65.68,460.75,15.92,79.12,497.05,-13.44,-1.66,-36.3,mixed_edge
1-5,lane1_target_exhibition_time_diff_bucket x lane1_target_start_exhibition_st_diff_bucket,lane1_faster_0.05_0.10 | target_faster_0.06+,450,21,4.67,45000,29510,-15490,65.58,1405.24,6.72,77.68,1155.81,-12.1,-2.05,249.43,mixed_edge
1-5,lane1_exhibition_st_rank_bucket,4+,4791,253,5.28,479100,314080,-165020,65.56,1241.42,6.72,77.68,1155.81,-12.12,-1.44,85.61,mixed_edge
1-5,lane1_target_start_gap_pair x target_outer_pressure_bucket,best->0.06 | some_other_pressure,254,19,7.48,25400,16650,-8750,65.55,876.32,6.72,77.68,1155.81,-12.13,0.76,-279.49,mixed_edge
1-6,month,2025-11,3933,152,3.86,393300,257410,-135890,65.45,1693.49,4.06,71.41,1760.27,-5.96,-0.2,-66.78,mixed_edge
1-5,lane1_target_start_gap_pair x target_outer_pressure_bucket,<=0.03->0.06 | some_other_pressure,103,8,7.77,10300,6740,-3560,65.44,842.5,6.72,77.68,1155.81,-12.24,1.05,-313.31,mixed_edge
1-3,target_exhibition_st_rank_bucket,4+,5596,709,12.67,559600,366060,-193540,65.41,516.3,15.92,79.12,497.05,-13.71,-3.25,19.25,mixed_edge
1-3,target_lane x target_exhibition_st_rank_bucket,3 | 4+,5596,709,12.67,559600,366060,-193540,65.41,516.3,15.92,79.12,497.05,-13.71,-3.25,19.25,mixed_edge
1-5,stadium_code,15,625,39,6.24,62500,40850,-21650,65.36,1047.44,6.72,77.68,1155.81,-12.32,-0.48,-108.37,mixed_edge
1-5,stadium_code x target_lane,15 | 5,625,39,6.24,62500,40850,-21650,65.36,1047.44,6.72,77.68,1155.81,-12.32,-0.48,-108.37,mixed_edge
1-3,other_group_pattern,B-B-A-A,665,99,14.89,66500,43460,-23040,65.35,438.99,15.92,79.12,497.05,-13.77,-1.03,-58.06,mixed_edge
1-4,target_exhibition_rank_bucket x other_exhibition_faster_than_target_count_bucket,3 | 0,157,16,10.19,15700,10250,-5450,65.29,640.62,10.33,75.47,730.61,-10.18,-0.14,-89.99,mixed_edge
1-4,target_national_win_rank_bucket x other_national_better_than_target_count_bucket,3 | 1,1314,177,13.47,131400,85770,-45630,65.27,484.58,10.33,75.47,730.61,-10.2,3.14,-246.03,mixed_edge
1-2,lane1_target_national_rank_pair x target_outer_pressure_bucket,1-2 | low_other_pressure,249,80,32.13,24900,16230,-8670,65.18,202.88,18.62,81.17,436.02,-15.99,13.51,-233.14,mixed_edge
1-5,other_group_pattern,B-A-B-A,820,48,5.85,82000,53440,-28560,65.17,1113.33,6.72,77.68,1155.81,-12.51,-0.87,-42.48,mixed_edge
1-3,lane1_target_exhibition_time_diff_bucket x lane1_target_start_exhibition_st_diff_bucket,lane1_faster_0.10+ | target_faster_0.03_0.06,236,34,14.41,23600,15360,-8240,65.08,451.76,15.92,79.12,497.05,-14.04,-1.51,-45.29,mixed_edge
1-6,wave_bucket,5-9,2088,77,3.69,208800,135870,-72930,65.07,1764.55,4.06,71.41,1760.27,-6.34,-0.37,4.28,mixed_edge
1-6,target_exhibition_st_rank_bucket x other_st_faster_than_target_count_bucket,3 | 2,644,19,2.95,64400,41860,-22540,65.0,2203.16,4.06,71.41,1760.27,-6.41,-1.11,442.89,mixed_edge
1-2,lane1_target_group_pair x other_a_count_bucket,B-B | 0,554,89,16.06,55400,35990,-19410,64.96,404.38,18.62,81.17,436.02,-16.21,-2.56,-31.64,mixed_edge
1-3,lane1_target_group_pair x other_a_count_bucket,B-A | 1,820,106,12.93,82000,53260,-28740,64.95,502.45,15.92,79.12,497.05,-14.17,-2.99,5.4,mixed_edge
1-5,target_exhibition_rank_bucket,2,1915,145,7.57,191500,124340,-67160,64.93,857.52,6.72,77.68,1155.81,-12.75,0.85,-298.29,mixed_edge
1-6,lane1_national_win_rank_bucket,2,2949,138,4.68,294900,191350,-103550,64.89,1386.59,4.06,71.41,1760.27,-6.52,0.62,-373.68,mixed_edge
1-6,lane1_target_group_pair,A-B,4118,109,2.65,411800,267180,-144620,64.88,2451.19,4.06,71.41,1760.27,-6.53,-1.41,690.92,mixed_edge
1-2,stadium_code,08,588,92,15.65,58800,38120,-20680,64.83,414.35,18.62,81.17,436.02,-16.34,-2.97,-21.67,mixed_edge
1-2,stadium_code x target_lane,08 | 2,588,92,15.65,58800,38120,-20680,64.83,414.35,18.62,81.17,436.02,-16.34,-2.97,-21.67,mixed_edge
1-4,target_class_group x target_outer_pressure_bucket,B | some_other_pressure,485,57,11.75,48500,31430,-17070,64.8,551.4,10.33,75.47,730.61,-10.67,1.42,-179.21,mixed_edge
1-4,stadium_code,04,306,27,8.82,30600,19830,-10770,64.8,734.44,10.33,75.47,730.61,-10.67,-1.51,3.83,mixed_edge
1-4,stadium_code x target_lane,04 | 4,306,27,8.82,30600,19830,-10770,64.8,734.44,10.33,75.47,730.61,-10.67,-1.51,3.83,mixed_edge
1-2,target_exhibition_st_rank_bucket,4+,6334,923,14.57,633400,409570,-223830,64.66,443.74,18.62,81.17,436.02,-16.51,-4.05,7.72,mixed_edge
1-2,target_lane x target_exhibition_st_rank_bucket,2 | 4+,6334,923,14.57,633400,409570,-223830,64.66,443.74,18.62,81.17,436.02,-16.51,-4.05,7.72,mixed_edge
1-5,lane1_target_start_exhibition_st_diff_bucket,lane1_faster_0.06+,4047,228,5.63,404700,261580,-143120,64.64,1147.28,6.72,77.68,1155.81,-13.04,-1.09,-8.53,mixed_edge
1-5,lane1_target_group_pair x other_a_count_bucket,B-B | 4,61,1,1.64,6100,3940,-2160,64.59,3940.0,6.72,77.68,1155.81,-13.09,-5.08,2784.19,mixed_edge
1-3,lane1_target_national_rank_pair x target_outer_pressure_bucket,2-1 | low_other_pressure,163,45,27.61,16300,10520,-5780,64.54,233.78,15.92,79.12,497.05,-14.58,11.69,-263.27,mixed_edge
1-5,stadium_code,19,636,41,6.45,63600,41000,-22600,64.47,1000.0,6.72,77.68,1155.81,-13.21,-0.27,-155.81,mixed_edge
1-5,stadium_code x target_lane,19 | 5,636,41,6.45,63600,41000,-22600,64.47,1000.0,6.72,77.68,1155.81,-13.21,-0.27,-155.81,mixed_edge
1-5,lane1_target_start_gap_pair,>0.06-best,924,53,5.74,92400,59550,-32850,64.45,1123.58,6.72,77.68,1155.81,-13.23,-0.98,-32.23,mixed_edge
1-5,target_lane x lane1_target_start_gap_pair,5 | >0.06-best,924,53,5.74,92400,59550,-32850,64.45,1123.58,6.72,77.68,1155.81,-13.23,-0.98,-32.23,mixed_edge
1-5,lane1_start_exhibition_gap_bucket x target_start_exhibition_gap_bucket,>0.06 | best,924,53,5.74,92400,59550,-32850,64.45,1123.58,6.72,77.68,1155.81,-13.23,-0.98,-32.23,mixed_edge
1-4,lane1_target_national_rank_pair x target_outer_pressure_bucket,2-1 | high_other_pressure,306,57,18.63,30600,19710,-10890,64.41,345.79,10.33,75.47,730.61,-11.06,8.3,-384.82,mixed_edge
1-6,other_a_count_bucket,3,2075,35,1.69,207500,133360,-74140,64.27,3810.29,4.06,71.41,1760.27,-7.14,-2.37,2050.02,mixed_edge
1-6,target_lane x other_a_count_bucket,6 | 3,2075,35,1.69,207500,133360,-74140,64.27,3810.29,4.06,71.41,1760.27,-7.14,-2.37,2050.02,mixed_edge
1-4,lane1_target_exhibition_st_rank_pair,4+-1,1257,104,8.27,125700,80740,-44960,64.23,776.35,10.33,75.47,730.61,-11.24,-2.06,45.74,mixed_edge
1-4,lane1_exhibition_st_rank_bucket x target_exhibition_st_rank_bucket,4+ | 1,1257,104,8.27,125700,80740,-44960,64.23,776.35,10.33,75.47,730.61,-11.24,-2.06,45.74,mixed_edge
1-4,other_national_better_than_target_count_bucket,4,2668,132,4.95,266800,171220,-95580,64.18,1297.12,10.33,75.47,730.61,-11.29,-5.38,566.51,mixed_edge
1-4,target_national_win_rank_bucket x other_national_better_than_target_count_bucket,4+ | 4,2668,132,4.95,266800,171220,-95580,64.18,1297.12,10.33,75.47,730.61,-11.29,-5.38,566.51,mixed_edge
1-5,stadium_code,01,612,39,6.37,61200,39230,-21970,64.1,1005.9,6.72,77.68,1155.81,-13.58,-0.35,-149.91,mixed_edge
1-5,stadium_code x target_lane,01 | 5,612,39,6.37,61200,39230,-21970,64.1,1005.9,6.72,77.68,1155.81,-13.58,-0.35,-149.91,mixed_edge
1-6,other_b2_count_bucket,2,241,13,5.39,24100,15430,-8670,64.02,1186.92,4.06,71.41,1760.27,-7.39,1.33,-573.35,mixed_edge
1-4,lane1_target_national_rank_pair x target_outer_pressure_bucket,2-1 | some_other_pressure,145,29,20.0,14500,9270,-5230,63.93,319.66,10.33,75.47,730.61,-11.54,9.67,-410.95,mixed_edge
1-3,stadium_code,10,540,75,13.89,54000,34500,-19500,63.89,460.0,15.92,79.12,497.05,-15.23,-2.03,-37.05,mixed_edge
1-3,stadium_code x target_lane,10 | 3,540,75,13.89,54000,34500,-19500,63.89,460.0,15.92,79.12,497.05,-15.23,-2.03,-37.05,mixed_edge
1-4,target_national_win_rank_bucket,3,2336,238,10.19,233600,149200,-84400,63.87,626.89,10.33,75.47,730.61,-11.6,-0.14,-103.72,mixed_edge
1-6,other_group_pattern,A-B-B-B,813,47,5.78,81300,51850,-29450,63.78,1103.19,4.06,71.41,1760.27,-7.63,1.72,-657.08,mixed_edge
1-6,lane1_class,B2,355,10,2.82,35500,22630,-12870,63.75,2263.0,4.06,71.41,1760.27,-7.66,-1.24,502.73,mixed_edge
1-3,lane1_target_exhibition_st_rank_pair,4+-2,1013,126,12.44,101300,64570,-36730,63.74,512.46,15.92,79.12,497.05,-15.38,-3.48,15.41,mixed_edge
1-3,lane1_exhibition_st_rank_bucket x target_exhibition_st_rank_bucket,4+ | 2,1013,126,12.44,101300,64570,-36730,63.74,512.46,15.92,79.12,497.05,-15.38,-3.48,15.41,mixed_edge
1-3,lane1_target_start_gap_pair x target_outer_pressure_bucket,>0.06-0.04-0.06 | some_other_pressure,87,18,20.69,8700,5540,-3160,63.68,307.78,15.92,79.12,497.05,-15.44,4.77,-189.27,mixed_edge
1-6,lane1_motor_rank_bucket,4+,6657,239,3.59,665700,423710,-241990,63.65,1772.85,4.06,71.41,1760.27,-7.76,-0.47,12.58,mixed_edge
1-6,other_exhibition_faster_than_target_count_bucket,2,2757,95,3.45,275700,175290,-100410,63.58,1845.16,4.06,71.41,1760.27,-7.83,-0.61,84.89,mixed_edge
1-3,stadium_code,05,618,74,11.97,61800,39280,-22520,63.56,530.81,15.92,79.12,497.05,-15.56,-3.95,33.76,mixed_edge
1-3,stadium_code x target_lane,05 | 3,618,74,11.97,61800,39280,-22520,63.56,530.81,15.92,79.12,497.05,-15.56,-3.95,33.76,mixed_edge
1-3,lane1_target_exhibition_st_rank_pair,2-4+,1034,140,13.54,103400,65680,-37720,63.52,469.14,15.92,79.12,497.05,-15.6,-2.38,-27.91,mixed_edge
1-3,lane1_exhibition_st_rank_bucket x target_exhibition_st_rank_bucket,2 | 4+,1034,140,13.54,103400,65680,-37720,63.52,469.14,15.92,79.12,497.05,-15.6,-2.38,-27.91,mixed_edge
1-4,lane1_exhibition_st_rank_bucket,4+,4791,367,7.66,479100,304230,-174870,63.5,828.96,10.33,75.47,730.61,-11.97,-2.67,98.35,mixed_edge
1-6,wave_bucket,10+,227,6,2.64,22700,14410,-8290,63.48,2401.67,4.06,71.41,1760.27,-7.93,-1.42,641.4,mixed_edge
1-2,lane1_target_group_pair x other_a_count_bucket,A-A | 0,210,59,28.1,21000,13330,-7670,63.48,225.93,18.62,81.17,436.02,-17.69,9.48,-210.09,mixed_edge
1-5,lane1_target_exhibition_time_diff_bucket x lane1_target_start_exhibition_st_diff_bucket,near_equal | target_faster_0.06+,1076,55,5.11,107600,68270,-39330,63.45,1241.27,6.72,77.68,1155.81,-14.23,-1.61,85.46,mixed_edge
1-2,stadium_code,19,636,117,18.4,63600,40320,-23280,63.4,344.62,18.62,81.17,436.02,-17.77,-0.22,-91.4,mixed_edge
1-2,stadium_code x target_lane,19 | 2,636,117,18.4,63600,40320,-23280,63.4,344.62,18.62,81.17,436.02,-17.77,-0.22,-91.4,mixed_edge
1-4,other_a_count_bucket,0,1877,250,13.32,187700,118880,-68820,63.34,475.52,10.33,75.47,730.61,-12.13,2.99,-255.09,mixed_edge
1-4,other_group_pattern,B-B-B-B,1877,250,13.32,187700,118880,-68820,63.34,475.52,10.33,75.47,730.61,-12.13,2.99,-255.09,mixed_edge
1-4,target_lane x other_a_count_bucket,4 | 0,1877,250,13.32,187700,118880,-68820,63.34,475.52,10.33,75.47,730.61,-12.13,2.99,-255.09,mixed_edge
1-6,lane1_target_class_pair,A2-B1,1681,47,2.8,168100,106460,-61640,63.33,2265.11,4.06,71.41,1760.27,-8.08,-1.26,504.84,mixed_edge
1-5,target_exhibition_st_rank_bucket x other_st_faster_than_target_count_bucket,3 | 2,721,37,5.13,72100,45660,-26440,63.33,1234.05,6.72,77.68,1155.81,-14.35,-1.59,78.24,mixed_edge
1-4,lane1_target_exhibition_time_diff_bucket x lane1_target_start_exhibition_st_diff_bucket,lane1_faster_0.10+ | target_faster_0.06+,298,20,6.71,29800,18860,-10940,63.29,943.0,10.33,75.47,730.61,-12.18,-3.62,212.39,mixed_edge
1-3,target_exhibition_st_rank_bucket x other_st_faster_than_target_count_bucket,2 | 1,1346,170,12.63,134600,85100,-49500,63.22,500.59,15.92,79.12,497.05,-15.9,-3.29,3.54,mixed_edge
1-2,lane1_target_start_gap_pair,0.04-0.06->0.06,798,99,12.41,79800,50440,-29360,63.21,509.49,18.62,81.17,436.02,-17.96,-6.21,73.47,mixed_edge
1-2,target_lane x lane1_target_start_gap_pair,2 | 0.04-0.06->0.06,798,99,12.41,79800,50440,-29360,63.21,509.49,18.62,81.17,436.02,-17.96,-6.21,73.47,mixed_edge
1-2,lane1_start_exhibition_gap_bucket x target_start_exhibition_gap_bucket,0.04-0.06 | >0.06,798,99,12.41,79800,50440,-29360,63.21,509.49,18.62,81.17,436.02,-17.96,-6.21,73.47,mixed_edge
1-6,lane1_start_exhibition_gap_bucket,>0.06,3408,118,3.46,340800,215390,-125410,63.2,1825.34,4.06,71.41,1760.27,-8.21,-0.6,65.07,mixed_edge
1-3,lane1_target_exhibition_time_diff_bucket x lane1_target_start_exhibition_st_diff_bucket,lane1_faster_0.05_0.10 | target_faster_0.03_0.06,384,54,14.06,38400,24260,-14140,63.18,449.26,15.92,79.12,497.05,-15.94,-1.86,-47.79,mixed_edge
1-3,other_st_faster_than_target_count_bucket,3,2284,291,12.74,228400,143910,-84490,63.01,494.54,15.92,79.12,497.05,-16.11,-3.18,-2.51,mixed_edge
1-3,target_exhibition_st_rank_bucket x other_st_faster_than_target_count_bucket,4+ | 3,2284,291,12.74,228400,143910,-84490,63.01,494.54,15.92,79.12,497.05,-16.11,-3.18,-2.51,mixed_edge
1-5,other_group_pattern,B-A-A-A,505,19,3.76,50500,31810,-18690,62.99,1674.21,6.72,77.68,1155.81,-14.69,-2.96,518.4,mixed_edge
1-5,lane1_target_exhibition_time_diff_bucket x lane1_target_start_exhibition_st_diff_bucket,lane1_faster_0.05_0.10 | lane1_faster_0.06+,991,50,5.05,99100,62390,-36710,62.96,1247.8,6.72,77.68,1155.81,-14.72,-1.67,91.99,mixed_edge
1-6,lane1_local_win_rank_bucket,2,2791,137,4.91,279100,175460,-103640,62.87,1280.73,4.06,71.41,1760.27,-8.54,0.85,-479.54,mixed_edge
1-5,other_group_pattern,A-A-A-B,576,21,3.65,57600,36210,-21390,62.86,1724.29,6.72,77.68,1155.81,-14.82,-3.07,568.48,mixed_edge
1-4,lane1_target_group_pair x other_a_count_bucket,A-A | 2,994,136,13.68,99400,62450,-36950,62.83,459.19,10.33,75.47,730.61,-12.64,3.35,-271.42,mixed_edge
1-4,lane1_target_exhibition_st_rank_pair,3-4+,1120,99,8.84,112000,70360,-41640,62.82,710.71,10.33,75.47,730.61,-12.65,-1.49,-19.9,mixed_edge
1-4,lane1_exhibition_st_rank_bucket x target_exhibition_st_rank_bucket,3 | 4+,1120,99,8.84,112000,70360,-41640,62.82,710.71,10.33,75.47,730.61,-12.65,-1.49,-19.9,mixed_edge
1-5,stadium_code,04,306,21,6.86,30600,19220,-11380,62.81,915.24,6.72,77.68,1155.81,-14.87,0.14,-240.57,mixed_edge
1-5,stadium_code x target_lane,04 | 5,306,21,6.86,30600,19220,-11380,62.81,915.24,6.72,77.68,1155.81,-14.87,0.14,-240.57,mixed_edge
1-6,lane1_target_exhibition_st_rank_pair,1-4+,3692,139,3.76,369200,231520,-137680,62.71,1665.61,4.06,71.41,1760.27,-8.7,-0.3,-94.66,mixed_edge
1-6,lane1_exhibition_st_rank_bucket x target_exhibition_st_rank_bucket,1 | 4+,3692,139,3.76,369200,231520,-137680,62.71,1665.61,4.06,71.41,1760.27,-8.7,-0.3,-94.66,mixed_edge
1-2,lane1_target_start_gap_pair x target_outer_pressure_bucket,<=0.03-0.04-0.06 | high_other_pressure,529,82,15.5,52900,33160,-19740,62.68,404.39,18.62,81.17,436.02,-18.49,-3.12,-31.63,mixed_edge
1-2,lane1_target_exhibition_st_rank_pair,3-4+,1126,162,14.39,112600,70570,-42030,62.67,435.62,18.62,81.17,436.02,-18.5,-4.23,-0.4,mixed_edge
1-2,lane1_exhibition_st_rank_bucket x target_exhibition_st_rank_bucket,3 | 4+,1126,162,14.39,112600,70570,-42030,62.67,435.62,18.62,81.17,436.02,-18.5,-4.23,-0.4,mixed_edge
1-6,lane1_target_group_pair x target_outer_pressure_bucket,A-A | some_other_pressure,785,54,6.88,78500,49160,-29340,62.62,910.37,4.06,71.41,1760.27,-8.79,2.82,-849.9,mixed_edge
1-5,lane1_target_start_gap_pair x target_outer_pressure_bucket,<=0.03-0.04-0.06 | low_other_pressure,31,5,16.13,3100,1940,-1160,62.58,388.0,6.72,77.68,1155.81,-15.1,9.41,-767.81,mixed_edge
1-6,lane1_target_start_gap_pair x target_outer_pressure_bucket,<=0.03-0.04-0.06 | high_other_pressure,589,17,2.89,58900,36850,-22050,62.56,2167.65,4.06,71.41,1760.27,-8.85,-1.17,407.38,mixed_edge
1-2,grade_group,G1,252,43,17.06,25200,15750,-9450,62.5,366.28,18.62,81.17,436.02,-18.67,-1.56,-69.74,mixed_edge
1-5,lane1_local_win_rank_bucket,3,2368,155,6.55,236800,147830,-88970,62.43,953.74,6.72,77.68,1155.81,-15.25,-0.17,-202.07,mixed_edge
1-5,lane1_target_group_pair x other_a_count_bucket,B-A | 4,34,2,5.88,3400,2120,-1280,62.35,1060.0,6.72,77.68,1155.81,-15.33,-0.84,-95.81,mixed_edge
1-4,target_national_win_rank_bucket x other_national_better_than_target_count_bucket,3 | 2,1005,59,5.87,100500,62640,-37860,62.33,1061.69,10.33,75.47,730.61,-13.14,-4.46,331.08,mixed_edge
1-4,lane1_target_start_gap_pair x target_outer_pressure_bucket,>0.06-0.04-0.06 | high_other_pressure,614,38,6.19,61400,38270,-23130,62.33,1007.11,10.33,75.47,730.61,-13.14,-4.14,276.5,mixed_edge
1-2,lane1_target_start_gap_pair x target_outer_pressure_bucket,0.04-0.06-best | some_other_pressure,103,23,22.33,10300,6420,-3880,62.33,279.13,18.62,81.17,436.02,-18.84,3.71,-156.89,mixed_edge
1-4,lane1_target_national_rank_pair x target_outer_pressure_bucket,4+-3 | high_other_pressure,1010,59,5.84,101000,62640,-38360,62.02,1061.69,10.33,75.47,730.61,-13.45,-4.49,331.08,mixed_edge
1-6,lane1_target_group_pair x target_outer_pressure_bucket,A-B | high_other_pressure,3865,88,2.28,386500,239290,-147210,61.91,2719.2,4.06,71.41,1760.27,-9.5,-1.78,958.93,mixed_edge
1-4,lane1_target_national_rank_pair,4+-3,1012,59,5.83,101200,62640,-38560,61.9,1061.69,10.33,75.47,730.61,-13.57,-4.5,331.08,mixed_edge
1-4,target_lane x lane1_target_national_rank_pair,4 | 4+-3,1012,59,5.83,101200,62640,-38560,61.9,1061.69,10.33,75.47,730.61,-13.57,-4.5,331.08,mixed_edge
1-6,lane1_target_motor_place_diff_bucket,target_plus_10+,2325,90,3.87,232500,143900,-88600,61.89,1598.89,4.06,71.41,1760.27,-9.52,-0.19,-161.38,mixed_edge
1-3,lane1_target_national_rank_pair x target_outer_pressure_bucket,3-1 | low_other_pressure,148,32,21.62,14800,9160,-5640,61.89,286.25,15.92,79.12,497.05,-17.23,5.7,-210.8,mixed_edge
1-6,other_a_count_bucket,2,4769,139,2.91,476900,294720,-182180,61.8,2120.29,4.06,71.41,1760.27,-9.61,-1.15,360.02,mixed_edge
1-6,target_lane x other_a_count_bucket,6 | 2,4769,139,2.91,476900,294720,-182180,61.8,2120.29,4.06,71.41,1760.27,-9.61,-1.15,360.02,mixed_edge
1-4,lane1_target_class_pair,A2-A2,774,93,12.02,77400,47830,-29570,61.8,514.3,10.33,75.47,730.61,-13.67,1.69,-216.31,mixed_edge
1-4,other_group_pattern,A-B-B-A,930,73,7.85,93000,57430,-35570,61.75,786.71,10.33,75.47,730.61,-13.72,-2.48,56.1,mixed_edge
1-3,lane1_target_start_gap_pair x target_outer_pressure_bucket,0.04-0.06-0.04-0.06 | low_other_pressure,36,8,22.22,3600,2220,-1380,61.67,277.5,15.92,79.12,497.05,-17.45,6.3,-219.55,mixed_edge
1-6,target_class_group,B,7441,167,2.24,744100,458630,-285470,61.64,2746.29,4.06,71.41,1760.27,-9.77,-1.82,986.02,mixed_edge
1-6,target_lane x target_class_group,6 | B,7441,167,2.24,744100,458630,-285470,61.64,2746.29,4.06,71.41,1760.27,-9.77,-1.82,986.02,mixed_edge
1-6,lane1_target_start_gap_pair,<=0.03-0.04-0.06,690,23,3.33,69000,42500,-26500,61.59,1847.83,4.06,71.41,1760.27,-9.82,-0.73,87.56,mixed_edge
1-6,target_lane x lane1_target_start_gap_pair,6 | <=0.03-0.04-0.06,690,23,3.33,69000,42500,-26500,61.59,1847.83,4.06,71.41,1760.27,-9.82,-0.73,87.56,mixed_edge
1-6,lane1_start_exhibition_gap_bucket x target_start_exhibition_gap_bucket,<=0.03 | 0.04-0.06,690,23,3.33,69000,42500,-26500,61.59,1847.83,4.06,71.41,1760.27,-9.82,-0.73,87.56,mixed_edge
1-2,lane1_target_start_gap_pair x target_outer_pressure_bucket,>0.06-best | some_other_pressure,66,7,10.61,6600,4060,-2540,61.52,580.0,18.62,81.17,436.02,-19.65,-8.01,143.98,mixed_edge
1-5,lane1_target_group_pair x target_outer_pressure_bucket,A-A | low_other_pressure,361,48,13.3,36100,22190,-13910,61.47,462.29,6.72,77.68,1155.81,-16.21,6.58,-693.52,mixed_edge
1-4,other_exhibition_faster_than_target_count_bucket,4,2364,167,7.06,236400,145290,-91110,61.46,870.0,10.33,75.47,730.61,-14.01,-3.27,139.39,mixed_edge
1-4,target_exhibition_rank_bucket x other_exhibition_faster_than_target_count_bucket,4+ | 4,2364,167,7.06,236400,145290,-91110,61.46,870.0,10.33,75.47,730.61,-14.01,-3.27,139.39,mixed_edge
1-5,lane1_target_start_gap_pair x target_outer_pressure_bucket,>0.06-0.04-0.06 | some_other_pressure,91,7,7.69,9100,5590,-3510,61.43,798.57,6.72,77.68,1155.81,-16.25,0.97,-357.24,mixed_edge
1-4,lane1_target_start_gap_pair,0.04-0.06->0.06,618,43,6.96,61800,37950,-23850,61.41,882.56,10.33,75.47,730.61,-14.06,-3.37,151.95,mixed_edge
1-4,target_lane x lane1_target_start_gap_pair,4 | 0.04-0.06->0.06,618,43,6.96,61800,37950,-23850,61.41,882.56,10.33,75.47,730.61,-14.06,-3.37,151.95,mixed_edge
1-4,lane1_start_exhibition_gap_bucket x target_start_exhibition_gap_bucket,0.04-0.06 | >0.06,618,43,6.96,61800,37950,-23850,61.41,882.56,10.33,75.47,730.61,-14.06,-3.37,151.95,mixed_edge
1-3,lane1_target_start_gap_pair x target_outer_pressure_bucket,0.04-0.06-0.04-0.06 | some_other_pressure,74,11,14.86,7400,4540,-2860,61.35,412.73,15.92,79.12,497.05,-17.77,-1.06,-84.32,mixed_edge
1-2,stadium_code,20,612,108,17.65,61200,37510,-23690,61.29,347.31,18.62,81.17,436.02,-19.88,-0.97,-88.71,mixed_edge
1-2,stadium_code x target_lane,20 | 2,612,108,17.65,61200,37510,-23690,61.29,347.31,18.62,81.17,436.02,-19.88,-0.97,-88.71,mixed_edge
1-6,other_group_pattern,B-A-A-A,392,6,1.53,39200,24010,-15190,61.25,4001.67,4.06,71.41,1760.27,-10.16,-2.53,2241.4,mixed_edge
1-5,other_st_faster_than_target_count_bucket,3,3085,160,5.19,308500,188820,-119680,61.21,1180.12,6.72,77.68,1155.81,-16.47,-1.53,24.31,mixed_edge
1-5,target_exhibition_st_rank_bucket x other_st_faster_than_target_count_bucket,4+ | 3,3085,160,5.19,308500,188820,-119680,61.21,1180.12,6.72,77.68,1155.81,-16.47,-1.53,24.31,mixed_edge
1-2,lane1_target_national_rank_pair x target_outer_pressure_bucket,2-1 | low_other_pressure,190,53,27.89,19000,11630,-7370,61.21,219.43,18.62,81.17,436.02,-19.96,9.27,-216.59,mixed_edge
1-5,lane1_target_group_pair x other_a_count_bucket,A-B | 2,1527,57,3.73,152700,93460,-59240,61.2,1639.65,6.72,77.68,1155.81,-16.48,-2.99,483.84,mixed_edge
1-6,lane1_target_group_pair x other_a_count_bucket,B-B | 3,726,6,0.83,72600,44390,-28210,61.14,7398.33,4.06,71.41,1760.27,-10.27,-3.23,5638.06,mixed_edge
1-3,lane1_target_exhibition_time_diff_bucket,target_faster_0.10+,722,82,11.36,72200,44140,-28060,61.14,538.29,15.92,79.12,497.05,-17.98,-4.56,41.24,mixed_edge
1-2,lane1_target_exhibition_time_diff_bucket x lane1_target_start_exhibition_st_diff_bucket,lane1_faster_0.05_0.10 | lane1_faster_0.06+,539,76,14.1,53900,32930,-20970,61.09,433.29,18.62,81.17,436.02,-20.08,-4.52,-2.73,mixed_edge
1-6,lane1_target_start_gap_pair,best->0.06,2787,93,3.34,278700,170140,-108560,61.05,1829.46,4.06,71.41,1760.27,-10.36,-0.72,69.19,mixed_edge
1-6,target_lane x lane1_target_start_gap_pair,6 | best->0.06,2787,93,3.34,278700,170140,-108560,61.05,1829.46,4.06,71.41,1760.27,-10.36,-0.72,69.19,mixed_edge
1-6,lane1_start_exhibition_gap_bucket x target_start_exhibition_gap_bucket,best | >0.06,2787,93,3.34,278700,170140,-108560,61.05,1829.46,4.06,71.41,1760.27,-10.36,-0.72,69.19,mixed_edge
1-3,lane1_target_exhibition_st_rank_pair,3-4+,955,105,10.99,95500,58270,-37230,61.02,554.95,15.92,79.12,497.05,-18.1,-4.93,57.9,mixed_edge
1-3,lane1_exhibition_st_rank_bucket x target_exhibition_st_rank_bucket,3 | 4+,955,105,10.99,95500,58270,-37230,61.02,554.95,15.92,79.12,497.05,-18.1,-4.93,57.9,mixed_edge
1-5,lane1_target_start_exhibition_st_diff_bucket,target_faster_0.06+,2244,114,5.08,224400,136830,-87570,60.98,1200.26,6.72,77.68,1155.81,-16.7,-1.64,44.45,mixed_edge
1-6,other_group_pattern,B-A-B-A,845,23,2.72,84500,51500,-33000,60.95,2239.13,4.06,71.41,1760.27,-10.46,-1.34,478.86,mixed_edge
1-2,lane1_target_start_gap_pair,>0.06-<=0.03,400,51,12.75,40000,24320,-15680,60.8,476.86,18.62,81.17,436.02,-20.37,-5.87,40.84,mixed_edge
1-2,target_lane x lane1_target_start_gap_pair,2 | >0.06-<=0.03,400,51,12.75,40000,24320,-15680,60.8,476.86,18.62,81.17,436.02,-20.37,-5.87,40.84,mixed_edge
1-2,lane1_start_exhibition_gap_bucket x target_start_exhibition_gap_bucket,>0.06 | <=0.03,400,51,12.75,40000,24320,-15680,60.8,476.86,18.62,81.17,436.02,-20.37,-5.87,40.84,mixed_edge
1-4,lane1_target_exhibition_time_diff_bucket x lane1_target_start_exhibition_st_diff_bucket,target_faster_0.05_0.10 | lane1_faster_0.06+,370,36,9.73,37000,22470,-14530,60.73,624.17,10.33,75.47,730.61,-14.74,-0.6,-106.44,mixed_edge
1-6,target_local_win_rank_bucket,4+,7754,176,2.27,775400,469900,-305500,60.6,2669.89,4.06,71.41,1760.27,-10.81,-1.79,909.62,mixed_edge
1-5,lane1_target_class_pair,A1-B2,243,8,3.29,24300,14700,-9600,60.49,1837.5,6.72,77.68,1155.81,-17.19,-3.43,681.69,mixed_edge
1-2,lane1_target_group_pair x target_outer_pressure_bucket,A-B | low_other_pressure,83,23,27.71,8300,5020,-3280,60.48,218.26,18.62,81.17,436.02,-20.69,9.09,-217.76,mixed_edge
1-5,wave_bucket,5-9,2088,102,4.89,208800,126240,-82560,60.46,1237.65,6.72,77.68,1155.81,-17.22,-1.83,81.84,mixed_edge
1-4,other_st_faster_than_target_count_bucket,3,2248,168,7.47,224800,135880,-88920,60.44,808.81,10.33,75.47,730.61,-15.03,-2.86,78.2,mixed_edge
1-4,target_exhibition_st_rank_bucket x other_st_faster_than_target_count_bucket,4+ | 3,2248,168,7.47,224800,135880,-88920,60.44,808.81,10.33,75.47,730.61,-15.03,-2.86,78.2,mixed_edge
1-4,lane1_target_national_rank_pair,2-3,591,65,11.0,59100,35610,-23490,60.25,547.85,10.33,75.47,730.61,-15.22,0.67,-182.76,mixed_edge
1-4,target_lane x lane1_target_national_rank_pair,4 | 2-3,591,65,11.0,59100,35610,-23490,60.25,547.85,10.33,75.47,730.61,-15.22,0.67,-182.76,mixed_edge
1-4,stadium_code,16,420,45,10.71,42000,25290,-16710,60.21,562.0,10.33,75.47,730.61,-15.26,0.38,-168.61,mixed_edge
1-4,stadium_code x target_lane,16 | 4,420,45,10.71,42000,25290,-16710,60.21,562.0,10.33,75.47,730.61,-15.26,0.38,-168.61,mixed_edge
1-5,lane1_target_exhibition_time_diff_bucket x lane1_target_start_exhibition_st_diff_bucket,target_faster_0.10+ | target_faster_0.06+,144,9,6.25,14400,8660,-5740,60.14,962.22,6.72,77.68,1155.81,-17.54,-0.47,-193.59,mixed_edge
1-6,stadium_code,24,598,24,4.01,59800,35890,-23910,60.02,1495.42,4.06,71.41,1760.27,-11.39,-0.05,-264.85,mixed_edge
1-6,stadium_code x target_lane,24 | 6,598,24,4.01,59800,35890,-23910,60.02,1495.42,4.06,71.41,1760.27,-11.39,-0.05,-264.85,mixed_edge
1-5,lane1_target_exhibition_time_diff_bucket x lane1_target_start_exhibition_st_diff_bucket,target_faster_0.05_0.10 | target_faster_0.06+,262,15,5.73,26200,15720,-10480,60.0,1048.0,6.72,77.68,1155.81,-17.68,-0.99,-107.81,mixed_edge
1-2,lane1_exhibition_st_rank_bucket,4+,4791,603,12.59,479100,286790,-192310,59.86,475.61,18.62,81.17,436.02,-21.31,-6.03,39.59,mixed_edge
1-4,stadium_code,02,647,52,8.04,64700,38630,-26070,59.71,742.88,10.33,75.47,730.61,-15.76,-2.29,12.27,mixed_edge
1-4,stadium_code x target_lane,02 | 4,647,52,8.04,64700,38630,-26070,59.71,742.88,10.33,75.47,730.61,-15.76,-2.29,12.27,mixed_edge
1-2,lane1_target_start_gap_pair x target_outer_pressure_bucket,>0.06-<=0.03 | high_other_pressure,287,33,11.5,28700,17130,-11570,59.69,519.09,18.62,81.17,436.02,-21.48,-7.12,83.07,mixed_edge
1-6,lane1_target_class_pair,A1-A2,1201,46,3.83,120100,71660,-48440,59.67,1557.83,4.06,71.41,1760.27,-11.74,-0.23,-202.44,mixed_edge
1-5,lane1_target_start_gap_pair x target_outer_pressure_bucket,>0.06-best | some_other_pressure,164,15,9.15,16400,9770,-6630,59.57,651.33,6.72,77.68,1155.81,-18.11,2.43,-504.48,mixed_edge
1-6,lane1_target_group_pair x target_outer_pressure_bucket,B-B | low_other_pressure,37,1,2.7,3700,2200,-1500,59.46,2200.0,4.06,71.41,1760.27,-11.95,-1.36,439.73,mixed_edge
1-5,other_group_pattern,A-A-B-B,830,39,4.7,83000,49280,-33720,59.37,1263.59,6.72,77.68,1155.81,-18.31,-2.02,107.78,mixed_edge
1-2,target_class_group x target_outer_pressure_bucket,B | low_other_pressure,131,31,23.66,13100,7770,-5330,59.31,250.65,18.62,81.17,436.02,-21.86,5.04,-185.37,mixed_edge
1-5,lane1_target_exhibition_time_diff_bucket x lane1_target_start_exhibition_st_diff_bucket,lane1_faster_0.10+ | lane1_faster_0.06+,653,30,4.59,65300,38660,-26640,59.2,1288.67,6.72,77.68,1155.81,-18.48,-2.13,132.86,mixed_edge
1-2,lane1_target_start_gap_pair x target_outer_pressure_bucket,>0.06-0.04-0.06 | high_other_pressure,509,53,10.41,50900,30100,-20800,59.14,567.92,18.62,81.17,436.02,-22.03,-8.21,131.9,mixed_edge
1-4,lane1_target_national_rank_pair x target_outer_pressure_bucket,1-2 | some_other_pressure,161,30,18.63,16100,9510,-6590,59.07,317.0,10.33,75.47,730.61,-16.4,8.3,-413.61,mixed_edge
1-3,lane1_target_start_gap_pair x target_outer_pressure_bucket,0.04-0.06-<=0.03 | some_other_pressure,96,19,19.79,9600,5670,-3930,59.06,298.42,15.92,79.12,497.05,-20.06,3.87,-198.63,mixed_edge
1-5,lane1_target_group_pair x other_a_count_bucket,B-B | 2,1242,25,2.01,124200,73240,-50960,58.97,2929.6,6.72,77.68,1155.81,-18.71,-4.71,1773.79,mixed_edge
1-6,lane1_target_group_pair x other_a_count_bucket,B-A | 0,160,12,7.5,16000,9410,-6590,58.81,784.17,4.06,71.41,1760.27,-12.6,3.44,-976.1,mixed_edge
1-2,target_start_exhibition_gap_bucket,>0.06,4498,572,12.72,449800,264060,-185740,58.71,461.64,18.62,81.17,436.02,-22.46,-5.9,25.62,mixed_edge
1-2,target_lane x target_start_exhibition_gap_bucket,2 | >0.06,4498,572,12.72,449800,264060,-185740,58.71,461.64,18.62,81.17,436.02,-22.46,-5.9,25.62,mixed_edge
1-4,lane1_target_start_gap_pair x target_outer_pressure_bucket,0.04-0.06->0.06 | high_other_pressure,528,30,5.68,52800,30990,-21810,58.69,1033.0,10.33,75.47,730.61,-16.78,-4.65,302.39,mixed_edge
1-4,lane1_target_start_gap_pair,>0.06-0.04-0.06,711,45,6.33,71100,41580,-29520,58.48,924.0,10.33,75.47,730.61,-16.99,-4.0,193.39,mixed_edge
1-4,target_lane x lane1_target_start_gap_pair,4 | >0.06-0.04-0.06,711,45,6.33,71100,41580,-29520,58.48,924.0,10.33,75.47,730.61,-16.99,-4.0,193.39,mixed_edge
1-4,lane1_start_exhibition_gap_bucket x target_start_exhibition_gap_bucket,>0.06 | 0.04-0.06,711,45,6.33,71100,41580,-29520,58.48,924.0,10.33,75.47,730.61,-16.99,-4.0,193.39,mixed_edge
1-5,wind_bucket,5-6,1871,99,5.29,187100,109330,-77770,58.43,1104.34,6.72,77.68,1155.81,-19.25,-1.43,-51.47,mixed_edge
1-4,lane1_target_group_pair x other_a_count_bucket,B-B | 3,735,22,2.99,73500,42880,-30620,58.34,1949.09,10.33,75.47,730.61,-17.13,-7.34,1218.48,mixed_edge
1-5,lane1_target_national_rank_pair x target_outer_pressure_bucket,4+-1 | low_other_pressure,240,19,7.92,24000,14000,-10000,58.33,736.84,6.72,77.68,1155.81,-19.35,1.2,-418.97,mixed_edge
1-6,target_motor_rank_bucket,2,2112,84,3.98,211200,123030,-88170,58.25,1464.64,4.06,71.41,1760.27,-13.16,-0.08,-295.63,mixed_edge
1-6,lane1_target_national_rank_pair x target_outer_pressure_bucket,2-4+ | high_other_pressure,1818,37,2.04,181800,105660,-76140,58.12,2855.68,4.06,71.41,1760.27,-13.29,-2.02,1095.41,mixed_edge
1-3,lane1_target_class_pair,B2-A1,48,5,10.42,4800,2790,-2010,58.12,558.0,15.92,79.12,497.05,-21.0,-5.5,60.95,mixed_edge
1-5,stadium_code,06,564,33,5.85,56400,32750,-23650,58.07,992.42,6.72,77.68,1155.81,-19.61,-0.87,-163.39,mixed_edge
1-5,stadium_code x target_lane,06 | 5,564,33,5.85,56400,32750,-23650,58.07,992.42,6.72,77.68,1155.81,-19.61,-0.87,-163.39,mixed_edge
1-4,wave_bucket,10+,227,15,6.61,22700,13180,-9520,58.06,878.67,10.33,75.47,730.61,-17.41,-3.72,148.06,mixed_edge
1-6,lane1_target_national_rank_pair,2-4+,1820,37,2.03,182000,105660,-76340,58.05,2855.68,4.06,71.41,1760.27,-13.36,-2.03,1095.41,mixed_edge
1-6,target_lane x lane1_target_national_rank_pair,6 | 2-4+,1820,37,2.03,182000,105660,-76340,58.05,2855.68,4.06,71.41,1760.27,-13.36,-2.03,1095.41,mixed_edge
1-6,target_class_group x target_outer_pressure_bucket,B | high_other_pressure,7011,133,1.9,701100,406650,-294450,58.0,3057.52,4.06,71.41,1760.27,-13.41,-2.16,1297.25,mixed_edge
1-4,lane1_target_exhibition_time_diff_bucket x lane1_target_start_exhibition_st_diff_bucket,lane1_faster_0.05_0.10 | target_faster_0.06+,481,36,7.48,48100,27860,-20240,57.92,773.89,10.33,75.47,730.61,-17.55,-2.85,43.28,mixed_edge
1-3,stadium_code,01,612,83,13.56,61200,35380,-25820,57.81,426.27,15.92,79.12,497.05,-21.31,-2.36,-70.78,mixed_edge
1-3,stadium_code x target_lane,01 | 3,612,83,13.56,61200,35380,-25820,57.81,426.27,15.92,79.12,497.05,-21.31,-2.36,-70.78,mixed_edge
1-5,lane1_target_national_rank_pair,3-4+,1494,50,3.35,149400,86180,-63220,57.68,1723.6,6.72,77.68,1155.81,-20.0,-3.37,567.79,mixed_edge
1-5,target_lane x lane1_target_national_rank_pair,5 | 3-4+,1494,50,3.35,149400,86180,-63220,57.68,1723.6,6.72,77.68,1155.81,-20.0,-3.37,567.79,mixed_edge
1-5,lane1_target_national_rank_pair x target_outer_pressure_bucket,3-4+ | high_other_pressure,1494,50,3.35,149400,86180,-63220,57.68,1723.6,6.72,77.68,1155.81,-20.0,-3.37,567.79,mixed_edge
1-6,lane1_target_group_pair,B-B,3323,58,1.75,332300,191450,-140850,57.61,3300.86,4.06,71.41,1760.27,-13.8,-2.31,1540.59,mixed_edge
1-4,lane1_target_national_rank_pair,3-4+,1509,82,5.43,150900,86920,-63980,57.6,1060.0,10.33,75.47,730.61,-17.87,-4.9,329.39,mixed_edge
1-4,target_lane x lane1_target_national_rank_pair,4 | 3-4+,1509,82,5.43,150900,86920,-63980,57.6,1060.0,10.33,75.47,730.61,-17.87,-4.9,329.39,mixed_edge
1-4,lane1_target_national_rank_pair x target_outer_pressure_bucket,3-4+ | high_other_pressure,1509,82,5.43,150900,86920,-63980,57.6,1060.0,10.33,75.47,730.61,-17.87,-4.9,329.39,mixed_edge
1-6,lane1_target_start_gap_pair x target_outer_pressure_bucket,best-best | high_other_pressure,98,4,4.08,9800,5640,-4160,57.55,1410.0,4.06,71.41,1760.27,-13.86,0.02,-350.27,mixed_edge
1-6,lane1_target_start_gap_pair x target_outer_pressure_bucket,0.04-0.06-<=0.03 | some_other_pressure,67,3,4.48,6700,3850,-2850,57.46,1283.33,4.06,71.41,1760.27,-13.95,0.42,-476.94,mixed_edge
1-6,lane1_target_start_gap_pair x target_outer_pressure_bucket,0.04-0.06-best | low_other_pressure,49,6,12.24,4900,2810,-2090,57.35,468.33,4.06,71.41,1760.27,-14.06,8.18,-1291.94,mixed_edge
1-2,lane1_target_exhibition_time_diff_bucket x lane1_target_start_exhibition_st_diff_bucket,lane1_faster_0.10+ | lane1_faster_0.06+,304,43,14.14,30400,17420,-12980,57.3,405.12,18.62,81.17,436.02,-23.87,-4.48,-30.9,mixed_edge
1-2,lane1_target_group_pair x target_outer_pressure_bucket,B-B | low_other_pressure,48,8,16.67,4800,2750,-2050,57.29,343.75,18.62,81.17,436.02,-23.88,-1.95,-92.27,mixed_edge
1-5,target_start_exhibition_gap_bucket,>0.06,5047,241,4.78,504700,289030,-215670,57.27,1199.29,6.72,77.68,1155.81,-20.41,-1.94,43.48,mixed_edge
1-5,target_lane x target_start_exhibition_gap_bucket,5 | >0.06,5047,241,4.78,504700,289030,-215670,57.27,1199.29,6.72,77.68,1155.81,-20.41,-1.94,43.48,mixed_edge
1-6,lane1_target_local_win_diff_bucket,lane1_plus_1.00+,5899,148,2.51,589900,337500,-252400,57.21,2280.41,4.06,71.41,1760.27,-14.2,-1.55,520.14,mixed_edge
1-2,lane1_target_exhibition_st_rank_pair,4+-3,672,84,12.5,67200,38360,-28840,57.08,456.67,18.62,81.17,436.02,-24.09,-6.12,20.65,mixed_edge
1-2,lane1_exhibition_st_rank_bucket x target_exhibition_st_rank_bucket,4+ | 3,672,84,12.5,67200,38360,-28840,57.08,456.67,18.62,81.17,436.02,-24.09,-6.12,20.65,mixed_edge
1-4,target_start_exhibition_gap_bucket,>0.06,4579,368,8.04,457900,260530,-197370,56.9,707.96,10.33,75.47,730.61,-18.57,-2.29,-22.65,mixed_edge
1-4,target_lane x target_start_exhibition_gap_bucket,4 | >0.06,4579,368,8.04,457900,260530,-197370,56.9,707.96,10.33,75.47,730.61,-18.57,-2.29,-22.65,mixed_edge
1-4,lane1_target_exhibition_time_diff_bucket x lane1_target_start_exhibition_st_diff_bucket,lane1_faster_0.05_0.10 | lane1_faster_0.06+,825,78,9.45,82500,46890,-35610,56.84,601.15,10.33,75.47,730.61,-18.63,-0.88,-129.46,mixed_edge
1-3,lane1_target_group_pair x target_outer_pressure_bucket,B-B | low_other_pressure,36,5,13.89,3600,2040,-1560,56.67,408.0,15.92,79.12,497.05,-22.45,-2.03,-89.05,mixed_edge
1-4,lane1_target_national_rank_pair x target_outer_pressure_bucket,1-2 | low_other_pressure,185,33,17.84,18500,10480,-8020,56.65,317.58,10.33,75.47,730.61,-18.82,7.51,-413.03,mixed_edge
1-6,lane1_target_exhibition_st_rank_pair,2-4+,1783,58,3.25,178300,100820,-77480,56.55,1738.28,4.06,71.41,1760.27,-14.86,-0.81,-21.99,mixed_edge
1-6,lane1_exhibition_st_rank_bucket x target_exhibition_st_rank_bucket,2 | 4+,1783,58,3.25,178300,100820,-77480,56.55,1738.28,4.06,71.41,1760.27,-14.86,-0.81,-21.99,mixed_edge
1-5,lane1_target_start_gap_pair,<=0.03->0.06,971,46,4.74,97100,54780,-42320,56.42,1190.87,6.72,77.68,1155.81,-21.26,-1.98,35.06,mixed_edge
1-5,target_lane x lane1_target_start_gap_pair,5 | <=0.03->0.06,971,46,4.74,97100,54780,-42320,56.42,1190.87,6.72,77.68,1155.81,-21.26,-1.98,35.06,mixed_edge
1-5,lane1_start_exhibition_gap_bucket x target_start_exhibition_gap_bucket,<=0.03 | >0.06,971,46,4.74,97100,54780,-42320,56.42,1190.87,6.72,77.68,1155.81,-21.26,-1.98,35.06,mixed_edge
1-3,lane1_target_start_gap_pair x target_outer_pressure_bucket,0.04-0.06->0.06 | some_other_pressure,63,10,15.87,6300,3540,-2760,56.19,354.0,15.92,79.12,497.05,-22.93,-0.05,-143.05,mixed_edge
1-4,other_group_pattern,A-A-A-B,660,41,6.21,66000,37030,-28970,56.11,903.17,10.33,75.47,730.61,-19.36,-4.12,172.56,mixed_edge
1-4,lane1_target_group_pair x other_a_count_bucket,A-B | 0,788,92,11.68,78800,44200,-34600,56.09,480.43,10.33,75.47,730.61,-19.38,1.35,-250.18,mixed_edge
1-6,other_group_pattern,A-B-A-B,963,27,2.8,96300,53960,-42340,56.03,1998.52,4.06,71.41,1760.27,-15.38,-1.26,238.25,mixed_edge
1-4,target_class,B2,885,36,4.07,88500,49480,-39020,55.91,1374.44,10.33,75.47,730.61,-19.56,-6.26,643.83,mixed_edge
1-6,lane1_target_national_win_diff_bucket,lane1_plus_1.00+,5295,118,2.23,529500,295110,-234390,55.73,2500.93,4.06,71.41,1760.27,-15.68,-1.83,740.66,mixed_edge
1-5,other_group_pattern,A-B-A-B,851,33,3.88,85100,47330,-37770,55.62,1434.24,6.72,77.68,1155.81,-22.06,-2.84,278.43,mixed_edge
1-6,lane1_target_start_gap_pair x target_outer_pressure_bucket,>0.06-0.04-0.06 | high_other_pressure,538,12,2.23,53800,29900,-23900,55.58,2491.67,4.06,71.41,1760.27,-15.83,-1.83,731.4,mixed_edge
1-6,target_national_win_rank_bucket,4+,7721,138,1.79,772100,428830,-343270,55.54,3107.46,4.06,71.41,1760.27,-15.87,-2.27,1347.19,mixed_edge
1-4,stadium_code,06,564,48,8.51,56400,31240,-25160,55.39,650.83,10.33,75.47,730.61,-20.08,-1.82,-79.78,mixed_edge
1-4,stadium_code x target_lane,06 | 4,564,48,8.51,56400,31240,-25160,55.39,650.83,10.33,75.47,730.61,-20.08,-1.82,-79.78,mixed_edge
1-2,target_exhibition_st_rank_bucket x other_st_faster_than_target_count_bucket,3 | 2,697,84,12.05,69700,38360,-31340,55.04,456.67,18.62,81.17,436.02,-26.13,-6.57,20.65,mixed_edge
1-3,stadium_code,15,625,69,11.04,62500,34360,-28140,54.98,497.97,15.92,79.12,497.05,-24.14,-4.88,0.92,mixed_edge
1-3,stadium_code x target_lane,15 | 3,625,69,11.04,62500,34360,-28140,54.98,497.97,15.92,79.12,497.05,-24.14,-4.88,0.92,mixed_edge
1-6,lane1_target_start_exhibition_st_diff_bucket,lane1_faster_0.06+,4997,150,3.0,499700,274650,-225050,54.96,1831.0,4.06,71.41,1760.27,-16.45,-1.06,70.73,mixed_edge
1-4,lane1_target_start_gap_pair x target_outer_pressure_bucket,>0.06-best | high_other_pressure,732,48,6.56,73200,40220,-32980,54.95,837.92,10.33,75.47,730.61,-20.52,-3.77,107.31,mixed_edge
1-2,lane1_target_exhibition_st_rank_pair,4+-4+,2781,320,11.51,278100,152530,-125570,54.85,476.66,18.62,81.17,436.02,-26.32,-7.11,40.64,mixed_edge
1-2,lane1_exhibition_st_rank_bucket x target_exhibition_st_rank_bucket,4+ | 4+,2781,320,11.51,278100,152530,-125570,54.85,476.66,18.62,81.17,436.02,-26.32,-7.11,40.64,mixed_edge
1-6,lane1_target_start_gap_pair,>0.06-0.04-0.06,657,19,2.89,65700,36000,-29700,54.79,1894.74,4.06,71.41,1760.27,-16.62,-1.17,134.47,mixed_edge
1-6,target_lane x lane1_target_start_gap_pair,6 | >0.06-0.04-0.06,657,19,2.89,65700,36000,-29700,54.79,1894.74,4.06,71.41,1760.27,-16.62,-1.17,134.47,mixed_edge
1-6,lane1_start_exhibition_gap_bucket x target_start_exhibition_gap_bucket,>0.06 | 0.04-0.06,657,19,2.89,65700,36000,-29700,54.79,1894.74,4.06,71.41,1760.27,-16.62,-1.17,134.47,mixed_edge
1-3,lane1_target_exhibition_st_rank_pair,4+-1,988,115,11.64,98800,54110,-44690,54.77,470.52,15.92,79.12,497.05,-24.35,-4.28,-26.53,mixed_edge
1-3,lane1_exhibition_st_rank_bucket x target_exhibition_st_rank_bucket,4+ | 1,988,115,11.64,98800,54110,-44690,54.77,470.52,15.92,79.12,497.05,-24.35,-4.28,-26.53,mixed_edge
1-4,lane1_target_group_pair x target_outer_pressure_bucket,B-B | some_other_pressure,206,15,7.28,20600,11250,-9350,54.61,750.0,10.33,75.47,730.61,-20.86,-3.05,19.39,mixed_edge
1-6,stadium_code,11,468,17,3.63,46800,25510,-21290,54.51,1500.59,4.06,71.41,1760.27,-16.9,-0.43,-259.68,mixed_edge
1-6,stadium_code x target_lane,11 | 6,468,17,3.63,46800,25510,-21290,54.51,1500.59,4.06,71.41,1760.27,-16.9,-0.43,-259.68,mixed_edge
1-4,lane1_target_start_gap_pair,<=0.03->0.06,820,69,8.41,82000,44560,-37440,54.34,645.8,10.33,75.47,730.61,-21.13,-1.92,-84.81,mixed_edge
1-4,target_lane x lane1_target_start_gap_pair,4 | <=0.03->0.06,820,69,8.41,82000,44560,-37440,54.34,645.8,10.33,75.47,730.61,-21.13,-1.92,-84.81,mixed_edge
1-4,lane1_start_exhibition_gap_bucket x target_start_exhibition_gap_bucket,<=0.03 | >0.06,820,69,8.41,82000,44560,-37440,54.34,645.8,10.33,75.47,730.61,-21.13,-1.92,-84.81,mixed_edge
1-3,lane1_target_start_gap_pair x target_outer_pressure_bucket,<=0.03->0.06 | some_other_pressure,60,10,16.67,6000,3260,-2740,54.33,326.0,15.92,79.12,497.05,-24.79,0.75,-171.05,mixed_edge
1-2,lane1_target_start_gap_pair,>0.06-0.04-0.06,636,69,10.85,63600,34480,-29120,54.21,499.71,18.62,81.17,436.02,-26.96,-7.77,63.69,mixed_edge
1-2,target_lane x lane1_target_start_gap_pair,2 | >0.06-0.04-0.06,636,69,10.85,63600,34480,-29120,54.21,499.71,18.62,81.17,436.02,-26.96,-7.77,63.69,mixed_edge
1-2,lane1_start_exhibition_gap_bucket x target_start_exhibition_gap_bucket,>0.06 | 0.04-0.06,636,69,10.85,63600,34480,-29120,54.21,499.71,18.62,81.17,436.02,-26.96,-7.77,63.69,mixed_edge
1-5,lane1_target_group_pair x other_a_count_bucket,A-A | 0,226,34,15.04,22600,12250,-10350,54.2,360.29,6.72,77.68,1155.81,-23.48,8.32,-795.52,mixed_edge
1-5,lane1_start_exhibition_gap_bucket,>0.06,3408,156,4.58,340800,184690,-156110,54.19,1183.91,6.72,77.68,1155.81,-23.49,-2.14,28.1,mixed_edge
1-5,lane1_target_start_gap_pair x target_outer_pressure_bucket,<=0.03->0.06 | high_other_pressure,847,35,4.13,84700,45900,-38800,54.19,1311.43,6.72,77.68,1155.81,-23.49,-2.59,155.62,mixed_edge
1-5,lane1_target_national_rank_pair x target_outer_pressure_bucket,2-1 | low_other_pressure,157,22,14.01,15700,8500,-7200,54.14,386.36,6.72,77.68,1155.81,-23.54,7.29,-769.45,mixed_edge
1-3,target_start_exhibition_gap_bucket,>0.06,3947,439,11.12,394700,213480,-181220,54.09,486.29,15.92,79.12,497.05,-25.03,-4.8,-10.76,mixed_edge
1-3,target_lane x target_start_exhibition_gap_bucket,3 | >0.06,3947,439,11.12,394700,213480,-181220,54.09,486.29,15.92,79.12,497.05,-25.03,-4.8,-10.76,mixed_edge
1-6,other_national_better_than_target_count_bucket,3,2394,41,1.71,239400,129170,-110230,53.96,3150.49,4.06,71.41,1760.27,-17.45,-2.35,1390.22,mixed_edge
1-6,target_national_win_rank_bucket x other_national_better_than_target_count_bucket,4+ | 3,2394,41,1.71,239400,129170,-110230,53.96,3150.49,4.06,71.41,1760.27,-17.45,-2.35,1390.22,mixed_edge
1-4,lane1_target_exhibition_time_diff_bucket x lane1_target_start_exhibition_st_diff_bucket,target_faster_0.10+ | target_faster_0.03_0.06,95,9,9.47,9500,5120,-4380,53.89,568.89,10.33,75.47,730.61,-21.58,-0.86,-161.72,mixed_edge
1-5,lane1_target_class_pair,B2-B1,174,8,4.6,17400,9360,-8040,53.79,1170.0,6.72,77.68,1155.81,-23.89,-2.12,14.19,mixed_edge
1-5,wind_bucket,7+,647,29,4.48,64700,34700,-30000,53.63,1196.55,6.72,77.68,1155.81,-24.05,-2.24,40.74,mixed_edge
1-6,lane1_target_national_rank_pair x target_outer_pressure_bucket,2-1 | high_other_pressure,279,25,8.96,27900,14940,-12960,53.55,597.6,4.06,71.41,1760.27,-17.86,4.9,-1162.67,mixed_edge
1-4,lane1_target_start_gap_pair x target_outer_pressure_bucket,>0.06-<=0.03 | high_other_pressure,658,43,6.53,65800,35130,-30670,53.39,816.98,10.33,75.47,730.61,-22.08,-3.8,86.37,mixed_edge
1-2,other_st_faster_than_target_count_bucket,4,2507,281,11.21,250700,133780,-116920,53.36,476.09,18.62,81.17,436.02,-27.81,-7.41,40.07,mixed_edge
1-2,target_exhibition_st_rank_bucket x other_st_faster_than_target_count_bucket,4+ | 4,2507,281,11.21,250700,133780,-116920,53.36,476.09,18.62,81.17,436.02,-27.81,-7.41,40.07,mixed_edge
1-5,lane1_target_exhibition_st_rank_pair,3-4+,1144,52,4.55,114400,61040,-53360,53.36,1173.85,6.72,77.68,1155.81,-24.32,-2.17,18.04,mixed_edge
1-5,lane1_exhibition_st_rank_bucket x target_exhibition_st_rank_bucket,3 | 4+,1144,52,4.55,114400,61040,-53360,53.36,1173.85,6.72,77.68,1155.81,-24.32,-2.17,18.04,mixed_edge
1-6,lane1_target_exhibition_time_diff_bucket x lane1_target_start_exhibition_st_diff_bucket,near_equal | lane1_faster_0.06+,2183,74,3.39,218300,116300,-102000,53.28,1571.62,4.06,71.41,1760.27,-18.13,-0.67,-188.65,mixed_edge
1-2,lane1_target_exhibition_time_diff_bucket x lane1_target_start_exhibition_st_diff_bucket,lane1_faster_0.05_0.10 | target_faster_0.06+,230,21,9.13,23000,12240,-10760,53.22,582.86,18.62,81.17,436.02,-27.95,-9.49,146.84,mixed_edge
1-4,lane1_target_national_rank_pair x target_outer_pressure_bucket,2-3 | high_other_pressure,330,29,8.79,33000,17560,-15440,53.21,605.52,10.33,75.47,730.61,-22.26,-1.54,-125.09,mixed_edge
1-6,lane1_target_group_pair x target_outer_pressure_bucket,B-B | high_other_pressure,3146,45,1.43,314600,167360,-147240,53.2,3719.11,4.06,71.41,1760.27,-18.21,-2.63,1958.84,mixed_edge
1-6,lane1_target_start_gap_pair x target_outer_pressure_bucket,best->0.06 | high_other_pressure,2370,54,2.28,237000,125420,-111580,52.92,2322.59,4.06,71.41,1760.27,-18.49,-1.78,562.32,mixed_edge
1-4,lane1_target_start_gap_pair x target_outer_pressure_bucket,<=0.03->0.06 | high_other_pressure,712,53,7.44,71200,37680,-33520,52.92,710.94,10.33,75.47,730.61,-22.55,-2.89,-19.67,mixed_edge
1-6,other_group_pattern,A-A-B-A,604,10,1.66,60400,31830,-28570,52.7,3183.0,4.06,71.41,1760.27,-18.71,-2.4,1422.73,mixed_edge
1-6,other_group_pattern,A-A-B-B,815,24,2.94,81500,42620,-38880,52.29,1775.83,4.06,71.41,1760.27,-19.12,-1.12,15.56,mixed_edge
1-5,target_exhibition_rank_bucket x other_exhibition_faster_than_target_count_bucket,3 | 0,224,12,5.36,22400,11710,-10690,52.28,975.83,6.72,77.68,1155.81,-25.4,-1.36,-179.98,mixed_edge
1-2,lane1_target_start_gap_pair x target_outer_pressure_bucket,0.04-0.06->0.06 | some_other_pressure,110,19,17.27,11000,5750,-5250,52.27,302.63,18.62,81.17,436.02,-28.9,-1.35,-133.39,mixed_edge
1-4,lane1_target_exhibition_time_diff_bucket x lane1_target_start_exhibition_st_diff_bucket,target_faster_0.05_0.10 | target_faster_0.03_0.06,189,13,6.88,18900,9870,-9030,52.22,759.23,10.33,75.47,730.61,-23.25,-3.45,28.62,mixed_edge
1-6,stadium_code,02,647,20,3.09,64700,33730,-30970,52.13,1686.5,4.06,71.41,1760.27,-19.28,-0.97,-73.77,mixed_edge
1-6,stadium_code x target_lane,02 | 6,647,20,3.09,64700,33730,-30970,52.13,1686.5,4.06,71.41,1760.27,-19.28,-0.97,-73.77,mixed_edge
1-2,lane1_target_start_gap_pair x target_outer_pressure_bucket,>0.06->0.06 | low_other_pressure,101,17,16.83,10100,5260,-4840,52.08,309.41,18.62,81.17,436.02,-29.09,-1.79,-126.61,mixed_edge
1-3,lane1_target_start_gap_pair,>0.06-<=0.03,616,54,8.77,61600,31950,-29650,51.87,591.67,15.92,79.12,497.05,-27.25,-7.15,94.62,mixed_edge
1-3,target_lane x lane1_target_start_gap_pair,3 | >0.06-<=0.03,616,54,8.77,61600,31950,-29650,51.87,591.67,15.92,79.12,497.05,-27.25,-7.15,94.62,mixed_edge
1-3,lane1_start_exhibition_gap_bucket x target_start_exhibition_gap_bucket,>0.06 | <=0.03,616,54,8.77,61600,31950,-29650,51.87,591.67,15.92,79.12,497.05,-27.25,-7.15,94.62,mixed_edge
1-3,lane1_exhibition_st_rank_bucket,4+,4791,496,10.35,479100,248120,-230980,51.79,500.24,15.92,79.12,497.05,-27.33,-5.57,3.19,mixed_edge
1-6,lane1_target_exhibition_time_diff_bucket x lane1_target_start_exhibition_st_diff_bucket,lane1_faster_0.05_0.10 | lane1_faster_0.06+,1138,24,2.11,113800,58440,-55360,51.35,2435.0,4.06,71.41,1760.27,-20.06,-1.95,674.73,mixed_edge
1-6,target_exhibition_st_rank_bucket,4+,9013,273,3.03,901300,462170,-439130,51.28,1692.93,4.06,71.41,1760.27,-20.13,-1.03,-67.34,mixed_edge
1-6,target_lane x target_exhibition_st_rank_bucket,6 | 4+,9013,273,3.03,901300,462170,-439130,51.28,1692.93,4.06,71.41,1760.27,-20.13,-1.03,-67.34,mixed_edge
1-6,lane1_target_boat_place_diff_bucket,lane1_plus_10+,1834,65,3.54,183400,93820,-89580,51.16,1443.38,4.06,71.41,1760.27,-20.25,-0.52,-316.89,mixed_edge
1-2,lane1_target_exhibition_time_diff_bucket x lane1_target_start_exhibition_st_diff_bucket,lane1_faster_0.10+ | target_faster_0.03_0.06,156,17,10.9,15600,7950,-7650,50.96,467.65,18.62,81.17,436.02,-30.21,-7.72,31.63,mixed_edge
1-4,lane1_target_start_gap_pair x target_outer_pressure_bucket,<=0.03->0.06 | some_other_pressure,79,10,12.66,7900,4020,-3880,50.89,402.0,10.33,75.47,730.61,-24.58,2.33,-328.61,mixed_edge
1-3,lane1_target_start_gap_pair x target_outer_pressure_bucket,>0.06-<=0.03 | high_other_pressure,499,37,7.41,49900,25350,-24550,50.8,685.14,15.92,79.12,497.05,-28.32,-8.51,188.09,mixed_edge
1-4,lane1_target_exhibition_time_diff_bucket x lane1_target_start_exhibition_st_diff_bucket,lane1_faster_0.10+ | lane1_faster_0.06+,561,35,6.24,56100,28380,-27720,50.59,810.86,10.33,75.47,730.61,-24.88,-4.09,80.25,mixed_edge
1-2,lane1_target_start_gap_pair,<=0.03->0.06,561,70,12.48,56100,28350,-27750,50.53,405.0,18.62,81.17,436.02,-30.64,-6.14,-31.02,mixed_edge
1-2,target_lane x lane1_target_start_gap_pair,2 | <=0.03->0.06,561,70,12.48,56100,28350,-27750,50.53,405.0,18.62,81.17,436.02,-30.64,-6.14,-31.02,mixed_edge
1-2,lane1_start_exhibition_gap_bucket x target_start_exhibition_gap_bucket,<=0.03 | >0.06,561,70,12.48,56100,28350,-27750,50.53,405.0,18.62,81.17,436.02,-30.64,-6.14,-31.02,mixed_edge
1-6,wind_bucket,5-6,1871,54,2.89,187100,94340,-92760,50.42,1747.04,4.06,71.41,1760.27,-20.99,-1.17,-13.23,mixed_edge
1-2,lane1_target_start_gap_pair,>0.06-best,349,27,7.74,34900,17560,-17340,50.32,650.37,18.62,81.17,436.02,-30.85,-10.88,214.35,mixed_edge
1-2,target_lane x lane1_target_start_gap_pair,2 | >0.06-best,349,27,7.74,34900,17560,-17340,50.32,650.37,18.62,81.17,436.02,-30.85,-10.88,214.35,mixed_edge
1-2,lane1_start_exhibition_gap_bucket x target_start_exhibition_gap_bucket,>0.06 | best,349,27,7.74,34900,17560,-17340,50.32,650.37,18.62,81.17,436.02,-30.85,-10.88,214.35,mixed_edge
1-2,lane1_target_start_gap_pair x target_outer_pressure_bucket,<=0.03-<=0.03 | low_other_pressure,69,13,18.84,6900,3460,-3440,50.14,266.15,18.62,81.17,436.02,-31.03,0.22,-169.87,mixed_edge
1-5,stadium_code,02,647,29,4.48,64700,32290,-32410,49.91,1113.45,6.72,77.68,1155.81,-27.77,-2.24,-42.36,mixed_edge
1-5,stadium_code x target_lane,02 | 5,647,29,4.48,64700,32290,-32410,49.91,1113.45,6.72,77.68,1155.81,-27.77,-2.24,-42.36,mixed_edge
1-4,lane1_target_class_pair,B2-B2,38,2,5.26,3800,1890,-1910,49.74,945.0,10.33,75.47,730.61,-25.73,-5.07,214.39,mixed_edge
1-5,target_exhibition_rank_bucket x other_exhibition_faster_than_target_count_bucket,2 | 1,1040,58,5.58,104000,51480,-52520,49.5,887.59,6.72,77.68,1155.81,-28.18,-1.14,-268.22,mixed_edge
1-3,lane1_target_exhibition_time_diff_bucket x lane1_target_start_exhibition_st_diff_bucket,lane1_faster_0.10+ | lane1_faster_0.06+,400,39,9.75,40000,19800,-20200,49.5,507.69,15.92,79.12,497.05,-29.62,-6.17,10.64,mixed_edge
1-3,lane1_target_exhibition_st_rank_pair,4+-3,914,93,10.18,91400,44730,-46670,48.94,480.97,15.92,79.12,497.05,-30.18,-5.74,-16.08,mixed_edge
1-3,lane1_exhibition_st_rank_bucket x target_exhibition_st_rank_bucket,4+ | 3,914,93,10.18,91400,44730,-46670,48.94,480.97,15.92,79.12,497.05,-30.18,-5.74,-16.08,mixed_edge
1-4,lane1_target_start_gap_pair,>0.06-<=0.03,817,53,6.49,81700,39980,-41720,48.94,754.34,10.33,75.47,730.61,-26.53,-3.84,23.73,mixed_edge
1-4,target_lane x lane1_target_start_gap_pair,4 | >0.06-<=0.03,817,53,6.49,81700,39980,-41720,48.94,754.34,10.33,75.47,730.61,-26.53,-3.84,23.73,mixed_edge
1-4,lane1_start_exhibition_gap_bucket x target_start_exhibition_gap_bucket,>0.06 | <=0.03,817,53,6.49,81700,39980,-41720,48.94,754.34,10.33,75.47,730.61,-26.53,-3.84,23.73,mixed_edge
1-3,target_exhibition_st_rank_bucket x other_st_faster_than_target_count_bucket,3 | 2,865,87,10.06,86500,42250,-44250,48.84,485.63,15.92,79.12,497.05,-30.28,-5.86,-11.42,mixed_edge
1-4,lane1_target_start_exhibition_st_diff_bucket,target_faster_0.06+,2343,151,6.44,234300,114110,-120190,48.7,755.7,10.33,75.47,730.61,-26.77,-3.89,25.09,mixed_edge
1-2,lane1_target_start_gap_pair x target_outer_pressure_bucket,>0.06-<=0.03 | low_other_pressure,30,4,13.33,3000,1460,-1540,48.67,365.0,18.62,81.17,436.02,-32.5,-5.29,-71.02,mixed_edge
1-6,lane1_target_start_gap_pair x target_outer_pressure_bucket,<=0.03->0.06 | high_other_pressure,1156,26,2.25,115600,55970,-59630,48.42,2152.69,4.06,71.41,1760.27,-22.99,-1.81,392.42,mixed_edge
1-2,lane1_target_exhibition_time_diff_bucket x lane1_target_start_exhibition_st_diff_bucket,lane1_faster_0.10+ | target_faster_0.06+,131,12,9.16,13100,6320,-6780,48.24,526.67,18.62,81.17,436.02,-32.93,-9.46,90.65,mixed_edge
1-4,lane1_target_start_gap_pair,>0.06-best,976,63,6.45,97600,47020,-50580,48.18,746.35,10.33,75.47,730.61,-27.29,-3.88,15.74,mixed_edge
1-4,target_lane x lane1_target_start_gap_pair,4 | >0.06-best,976,63,6.45,97600,47020,-50580,48.18,746.35,10.33,75.47,730.61,-27.29,-3.88,15.74,mixed_edge
1-4,lane1_start_exhibition_gap_bucket x target_start_exhibition_gap_bucket,>0.06 | best,976,63,6.45,97600,47020,-50580,48.18,746.35,10.33,75.47,730.61,-27.29,-3.88,15.74,mixed_edge
1-6,other_group_pattern,A-A-A-B,554,8,1.44,55400,26580,-28820,47.98,3322.5,4.06,71.41,1760.27,-23.43,-2.62,1562.23,mixed_edge
1-5,lane1_target_start_gap_pair x target_outer_pressure_bucket,<=0.03-best | low_other_pressure,44,4,9.09,4400,2110,-2290,47.95,527.5,6.72,77.68,1155.81,-29.73,2.37,-628.31,mixed_edge
1-6,target_start_exhibition_gap_bucket,>0.06,6349,165,2.6,634900,303840,-331060,47.86,1841.45,4.06,71.41,1760.27,-23.55,-1.46,81.18,mixed_edge
1-6,target_lane x target_start_exhibition_gap_bucket,6 | >0.06,6349,165,2.6,634900,303840,-331060,47.86,1841.45,4.06,71.41,1760.27,-23.55,-1.46,81.18,mixed_edge
1-4,lane1_target_start_gap_pair x target_outer_pressure_bucket,0.04-0.06-best | some_other_pressure,95,11,11.58,9500,4540,-4960,47.79,412.73,10.33,75.47,730.61,-27.68,1.25,-317.88,mixed_edge
1-4,lane1_target_exhibition_st_rank_pair,4+-4+,1207,68,5.63,120700,57640,-63060,47.75,847.65,10.33,75.47,730.61,-27.72,-4.7,117.04,mixed_edge
1-4,lane1_exhibition_st_rank_bucket x target_exhibition_st_rank_bucket,4+ | 4+,1207,68,5.63,120700,57640,-63060,47.75,847.65,10.33,75.47,730.61,-27.72,-4.7,117.04,mixed_edge
1-6,stadium_code,18,684,25,3.65,68400,32650,-35750,47.73,1306.0,4.06,71.41,1760.27,-23.68,-0.41,-454.27,mixed_edge
1-6,stadium_code x target_lane,18 | 6,684,25,3.65,68400,32650,-35750,47.73,1306.0,4.06,71.41,1760.27,-23.68,-0.41,-454.27,mixed_edge
1-6,target_exhibition_rank_bucket x other_exhibition_faster_than_target_count_bucket,4+ | 1,555,15,2.7,55500,26320,-29180,47.42,1754.67,4.06,71.41,1760.27,-23.99,-1.36,-5.6,mixed_edge
1-6,lane1_target_start_gap_pair,<=0.03->0.06,1345,35,2.6,134500,63700,-70800,47.36,1820.0,4.06,71.41,1760.27,-24.05,-1.46,59.73,mixed_edge
1-6,target_lane x lane1_target_start_gap_pair,6 | <=0.03->0.06,1345,35,2.6,134500,63700,-70800,47.36,1820.0,4.06,71.41,1760.27,-24.05,-1.46,59.73,mixed_edge
1-6,lane1_start_exhibition_gap_bucket x target_start_exhibition_gap_bucket,<=0.03 | >0.06,1345,35,2.6,134500,63700,-70800,47.36,1820.0,4.06,71.41,1760.27,-24.05,-1.46,59.73,mixed_edge
1-3,lane1_target_start_gap_pair,>0.06-0.04-0.06,716,71,9.92,71600,33860,-37740,47.29,476.9,15.92,79.12,497.05,-31.83,-6.0,-20.15,mixed_edge
1-3,target_lane x lane1_target_start_gap_pair,3 | >0.06-0.04-0.06,716,71,9.92,71600,33860,-37740,47.29,476.9,15.92,79.12,497.05,-31.83,-6.0,-20.15,mixed_edge
1-3,lane1_start_exhibition_gap_bucket x target_start_exhibition_gap_bucket,>0.06 | 0.04-0.06,716,71,9.92,71600,33860,-37740,47.29,476.9,15.92,79.12,497.05,-31.83,-6.0,-20.15,mixed_edge
1-5,lane1_target_exhibition_time_diff_bucket x lane1_target_start_exhibition_st_diff_bucket,lane1_faster_0.10+ | target_faster_0.06+,312,14,4.49,31200,14670,-16530,47.02,1047.86,6.72,77.68,1155.81,-30.66,-2.23,-107.95,mixed_edge
1-6,lane1_target_group_pair x other_a_count_bucket,A-B | 2,1367,21,1.54,136700,64210,-72490,46.97,3057.62,4.06,71.41,1760.27,-24.44,-2.52,1297.35,mixed_edge
1-3,lane1_target_start_gap_pair x target_outer_pressure_bucket,>0.06-best | high_other_pressure,461,34,7.38,46100,21650,-24450,46.96,636.76,15.92,79.12,497.05,-32.16,-8.54,139.71,mixed_edge
1-2,lane1_target_exhibition_time_diff_bucket x lane1_target_start_exhibition_st_diff_bucket,near_equal | target_faster_0.06+,572,54,9.44,57200,26830,-30370,46.91,496.85,18.62,81.17,436.02,-34.26,-9.18,60.83,mixed_edge
1-3,lane1_target_start_gap_pair x target_outer_pressure_bucket,>0.06-0.04-0.06 | high_other_pressure,599,51,8.51,59900,27960,-31940,46.68,548.24,15.92,79.12,497.05,-32.44,-7.41,51.19,mixed_edge
1-2,lane1_start_exhibition_gap_bucket,>0.06,3408,309,9.07,340800,159050,-181750,46.67,514.72,18.62,81.17,436.02,-34.5,-9.55,78.7,mixed_edge
1-3,lane1_target_class_pair,B2-A2,98,8,8.16,9800,4570,-5230,46.63,571.25,15.92,79.12,497.05,-32.49,-7.76,74.2,mixed_edge
1-5,lane1_target_exhibition_time_diff_bucket x lane1_target_start_exhibition_st_diff_bucket,target_faster_0.05_0.10 | lane1_faster_0.06+,386,21,5.44,38600,17990,-20610,46.61,856.67,6.72,77.68,1155.81,-31.07,-1.28,-299.14,mixed_edge
1-4,grade_group,SG,72,5,6.94,7200,3350,-3850,46.53,670.0,10.33,75.47,730.61,-28.94,-3.39,-60.61,mixed_edge
1-3,lane1_target_exhibition_st_rank_pair,4+-4+,1825,162,8.88,182500,84710,-97790,46.42,522.9,15.92,79.12,497.05,-32.7,-7.04,25.85,mixed_edge
1-3,lane1_exhibition_st_rank_bucket x target_exhibition_st_rank_bucket,4+ | 4+,1825,162,8.88,182500,84710,-97790,46.42,522.9,15.92,79.12,497.05,-32.7,-7.04,25.85,mixed_edge
1-2,lane1_target_start_exhibition_st_diff_bucket,target_faster_0.06+,1167,98,8.4,116700,53960,-62740,46.24,550.61,18.62,81.17,436.02,-34.93,-10.22,114.59,mixed_edge
1-5,stadium_code,16,420,27,6.43,42000,19410,-22590,46.21,718.89,6.72,77.68,1155.81,-31.47,-0.29,-436.92,mixed_edge
1-5,stadium_code x target_lane,16 | 5,420,27,6.43,42000,19410,-22590,46.21,718.89,6.72,77.68,1155.81,-31.47,-0.29,-436.92,mixed_edge
1-2,lane1_target_start_gap_pair x target_outer_pressure_bucket,0.04-0.06->0.06 | low_other_pressure,43,7,16.28,4300,1980,-2320,46.05,282.86,18.62,81.17,436.02,-35.12,-2.34,-153.16,mixed_edge
1-3,lane1_target_exhibition_time_diff_bucket x lane1_target_start_exhibition_st_diff_bucket,lane1_faster_0.10+ | target_faster_0.06+,213,21,9.86,21300,9750,-11550,45.77,464.29,15.92,79.12,497.05,-33.35,-6.06,-32.76,mixed_edge
1-2,lane1_target_start_gap_pair x target_outer_pressure_bucket,0.04-0.06-0.04-0.06 | low_other_pressure,30,5,16.67,3000,1370,-1630,45.67,274.0,18.62,81.17,436.02,-35.5,-1.95,-162.02,mixed_edge
1-3,lane1_target_start_gap_pair x target_outer_pressure_bucket,>0.06-best | low_other_pressure,52,6,11.54,5200,2370,-2830,45.58,395.0,15.92,79.12,497.05,-33.54,-4.38,-102.05,mixed_edge
1-3,lane1_target_start_gap_pair,>0.06-best,656,56,8.54,65600,29890,-35710,45.56,533.75,15.92,79.12,497.05,-33.56,-7.38,36.7,mixed_edge
1-3,target_lane x lane1_target_start_gap_pair,3 | >0.06-best,656,56,8.54,65600,29890,-35710,45.56,533.75,15.92,79.12,497.05,-33.56,-7.38,36.7,mixed_edge
1-3,lane1_start_exhibition_gap_bucket x target_start_exhibition_gap_bucket,>0.06 | best,656,56,8.54,65600,29890,-35710,45.56,533.75,15.92,79.12,497.05,-33.56,-7.38,36.7,mixed_edge
1-6,other_st_faster_than_target_count_bucket,3,2787,82,2.94,278700,126650,-152050,45.44,1544.51,4.06,71.41,1760.27,-25.97,-1.12,-215.76,mixed_edge
1-6,target_exhibition_st_rank_bucket x other_st_faster_than_target_count_bucket,4+ | 3,2787,82,2.94,278700,126650,-152050,45.44,1544.51,4.06,71.41,1760.27,-25.97,-1.12,-215.76,mixed_edge
1-6,lane1_target_exhibition_st_rank_pair,3-4+,1365,35,2.56,136500,61750,-74750,45.24,1764.29,4.06,71.41,1760.27,-26.17,-1.5,4.02,mixed_edge
1-6,lane1_exhibition_st_rank_bucket x target_exhibition_st_rank_bucket,3 | 4+,1365,35,2.56,136500,61750,-74750,45.24,1764.29,4.06,71.41,1760.27,-26.17,-1.5,4.02,mixed_edge
1-6,lane1_target_start_gap_pair x target_outer_pressure_bucket,<=0.03->0.06 | some_other_pressure,133,6,4.51,13300,6000,-7300,45.11,1000.0,4.06,71.41,1760.27,-26.3,0.45,-760.27,mixed_edge
1-6,other_national_better_than_target_count_bucket,4,3815,39,1.02,381500,172000,-209500,45.09,4410.26,4.06,71.41,1760.27,-26.32,-3.04,2649.99,mixed_edge
1-6,target_national_win_rank_bucket x other_national_better_than_target_count_bucket,4+ | 4,3815,39,1.02,381500,172000,-209500,45.09,4410.26,4.06,71.41,1760.27,-26.32,-3.04,2649.99,mixed_edge
1-6,other_group_pattern,B-A-A-B,785,23,2.93,78500,35290,-43210,44.96,1534.35,4.06,71.41,1760.27,-26.45,-1.13,-225.92,mixed_edge
1-4,lane1_target_exhibition_time_diff_bucket x lane1_target_start_exhibition_st_diff_bucket,near_equal | target_faster_0.06+,1110,69,6.22,111000,49850,-61150,44.91,722.46,10.33,75.47,730.61,-30.56,-4.11,-8.15,mixed_edge
1-6,lane1_target_start_gap_pair,0.04-0.06->0.06,963,22,2.28,96300,43130,-53170,44.79,1960.45,4.06,71.41,1760.27,-26.62,-1.78,200.18,mixed_edge
1-6,target_lane x lane1_target_start_gap_pair,6 | 0.04-0.06->0.06,963,22,2.28,96300,43130,-53170,44.79,1960.45,4.06,71.41,1760.27,-26.62,-1.78,200.18,mixed_edge
1-6,lane1_start_exhibition_gap_bucket x target_start_exhibition_gap_bucket,0.04-0.06 | >0.06,963,22,2.28,96300,43130,-53170,44.79,1960.45,4.06,71.41,1760.27,-26.62,-1.78,200.18,mixed_edge
1-2,lane1_target_start_gap_pair x target_outer_pressure_bucket,<=0.03->0.06 | high_other_pressure,472,49,10.38,47200,21130,-26070,44.77,431.22,18.62,81.17,436.02,-36.4,-8.24,-4.8,mixed_edge
1-2,lane1_target_group_pair x other_a_count_bucket,B-B | 4,40,3,7.5,4000,1790,-2210,44.75,596.67,18.62,81.17,436.02,-36.42,-11.12,160.65,mixed_edge
1-4,lane1_start_exhibition_gap_bucket,>0.06,3408,192,5.63,340800,152000,-188800,44.6,791.67,10.33,75.47,730.61,-30.87,-4.7,61.06,mixed_edge
1-5,lane1_target_start_gap_pair x target_outer_pressure_bucket,>0.06->0.06 | high_other_pressure,807,24,2.97,80700,35940,-44760,44.54,1497.5,6.72,77.68,1155.81,-33.14,-3.75,341.69,mixed_edge
1-3,lane1_target_exhibition_time_diff_bucket x lane1_target_start_exhibition_st_diff_bucket,target_faster_0.05_0.10 | target_faster_0.06+,239,23,9.62,23900,10630,-13270,44.48,462.17,15.92,79.12,497.05,-34.64,-6.3,-34.88,mixed_edge
1-2,lane1_target_start_gap_pair x target_outer_pressure_bucket,>0.06-best | high_other_pressure,247,16,6.48,24700,10920,-13780,44.21,682.5,18.62,81.17,436.02,-36.96,-12.14,246.48,mixed_edge
1-4,lane1_target_exhibition_time_diff_bucket x lane1_target_start_exhibition_st_diff_bucket,target_faster_0.05_0.10 | target_faster_0.06+,302,21,6.95,30200,13200,-17000,43.71,628.57,10.33,75.47,730.61,-31.76,-3.38,-102.04,mixed_edge
1-6,lane1_target_group_pair x other_a_count_bucket,A-A | 3,512,13,2.54,51200,22370,-28830,43.69,1720.77,4.06,71.41,1760.27,-27.72,-1.52,-39.5,mixed_edge
1-5,lane1_target_start_gap_pair,>0.06->0.06,915,29,3.17,91500,39560,-51940,43.23,1364.14,6.72,77.68,1155.81,-34.45,-3.55,208.33,mixed_edge
1-5,target_lane x lane1_target_start_gap_pair,5 | >0.06->0.06,915,29,3.17,91500,39560,-51940,43.23,1364.14,6.72,77.68,1155.81,-34.45,-3.55,208.33,mixed_edge
1-5,lane1_start_exhibition_gap_bucket x target_start_exhibition_gap_bucket,>0.06 | >0.06,915,29,3.17,91500,39560,-51940,43.23,1364.14,6.72,77.68,1155.81,-34.45,-3.55,208.33,mixed_edge
1-6,other_st_faster_than_target_count_bucket,4,3851,85,2.21,385100,165340,-219760,42.93,1945.18,4.06,71.41,1760.27,-28.48,-1.85,184.91,mixed_edge
1-6,target_exhibition_st_rank_bucket x other_st_faster_than_target_count_bucket,4+ | 4,3851,85,2.21,385100,165340,-219760,42.93,1945.18,4.06,71.41,1760.27,-28.48,-1.85,184.91,mixed_edge
1-6,lane1_target_start_gap_pair x target_outer_pressure_bucket,>0.06-<=0.03 | low_other_pressure,35,2,5.71,3500,1490,-2010,42.57,745.0,4.06,71.41,1760.27,-28.84,1.65,-1015.27,mixed_edge
1-4,other_st_faster_than_target_count_bucket,4,1750,95,5.43,175000,74480,-100520,42.56,784.0,10.33,75.47,730.61,-32.91,-4.9,53.39,mixed_edge
1-4,target_exhibition_st_rank_bucket x other_st_faster_than_target_count_bucket,4+ | 4,1750,95,5.43,175000,74480,-100520,42.56,784.0,10.33,75.47,730.61,-32.91,-4.9,53.39,mixed_edge
1-5,lane1_target_start_gap_pair x target_outer_pressure_bucket,>0.06-best | low_other_pressure,74,5,6.76,7400,3100,-4300,41.89,620.0,6.72,77.68,1155.81,-35.79,0.04,-535.81,mixed_edge
1-2,lane1_target_start_gap_pair,>0.06->0.06,1980,162,8.18,198000,82690,-115310,41.76,510.43,18.62,81.17,436.02,-39.41,-10.44,74.41,mixed_edge
1-2,target_lane x lane1_target_start_gap_pair,2 | >0.06->0.06,1980,162,8.18,198000,82690,-115310,41.76,510.43,18.62,81.17,436.02,-39.41,-10.44,74.41,mixed_edge
1-2,lane1_start_exhibition_gap_bucket x target_start_exhibition_gap_bucket,>0.06 | >0.06,1980,162,8.18,198000,82690,-115310,41.76,510.43,18.62,81.17,436.02,-39.41,-10.44,74.41,mixed_edge
1-3,lane1_target_start_gap_pair,0.04-0.06->0.06,612,57,9.31,61200,25470,-35730,41.62,446.84,15.92,79.12,497.05,-37.5,-6.61,-50.21,mixed_edge
1-3,target_lane x lane1_target_start_gap_pair,3 | 0.04-0.06->0.06,612,57,9.31,61200,25470,-35730,41.62,446.84,15.92,79.12,497.05,-37.5,-6.61,-50.21,mixed_edge
1-3,lane1_start_exhibition_gap_bucket x target_start_exhibition_gap_bucket,0.04-0.06 | >0.06,612,57,9.31,61200,25470,-35730,41.62,446.84,15.92,79.12,497.05,-37.5,-6.61,-50.21,mixed_edge
1-3,lane1_target_start_exhibition_st_diff_bucket,target_faster_0.06+,1785,149,8.35,178500,74230,-104270,41.59,498.19,15.92,79.12,497.05,-37.53,-7.57,1.14,mixed_edge
1-6,stadium_code,14,577,17,2.95,57700,23960,-33740,41.53,1409.41,4.06,71.41,1760.27,-29.88,-1.11,-350.86,mixed_edge
1-6,stadium_code x target_lane,14 | 6,577,17,2.95,57700,23960,-33740,41.53,1409.41,4.06,71.41,1760.27,-29.88,-1.11,-350.86,mixed_edge
1-3,lane1_target_start_gap_pair x target_outer_pressure_bucket,>0.06->0.06 | some_other_pressure,166,20,12.05,16600,6880,-9720,41.45,344.0,15.92,79.12,497.05,-37.67,-3.87,-153.05,mixed_edge
1-2,lane1_target_start_gap_pair x target_outer_pressure_bucket,>0.06->0.06 | high_other_pressure,1592,114,7.16,159200,65870,-93330,41.38,577.81,18.62,81.17,436.02,-39.79,-11.46,141.79,mixed_edge
1-5,lane1_target_start_gap_pair,0.04-0.06->0.06,692,21,3.03,69200,28600,-40600,41.33,1361.9,6.72,77.68,1155.81,-36.35,-3.69,206.09,mixed_edge
1-5,target_lane x lane1_target_start_gap_pair,5 | 0.04-0.06->0.06,692,21,3.03,69200,28600,-40600,41.33,1361.9,6.72,77.68,1155.81,-36.35,-3.69,206.09,mixed_edge
1-5,lane1_start_exhibition_gap_bucket x target_start_exhibition_gap_bucket,0.04-0.06 | >0.06,692,21,3.03,69200,28600,-40600,41.33,1361.9,6.72,77.68,1155.81,-36.35,-3.69,206.09,mixed_edge
1-6,target_exhibition_rank_bucket x other_exhibition_faster_than_target_count_bucket,3 | 2,592,16,2.7,59200,24340,-34860,41.11,1521.25,4.06,71.41,1760.27,-30.3,-1.36,-239.02,mixed_edge
1-3,lane1_target_start_gap_pair x target_outer_pressure_bucket,>0.06-best | some_other_pressure,143,16,11.19,14300,5870,-8430,41.05,366.88,15.92,79.12,497.05,-38.07,-4.73,-130.17,mixed_edge
1-5,lane1_target_start_gap_pair x target_outer_pressure_bucket,0.04-0.06->0.06 | high_other_pressure,599,16,2.67,59900,24540,-35360,40.97,1533.75,6.72,77.68,1155.81,-36.71,-4.05,377.94,mixed_edge
1-5,lane1_target_exhibition_st_rank_pair,4+-4+,1435,51,3.55,143500,58180,-85320,40.54,1140.78,6.72,77.68,1155.81,-37.14,-3.17,-15.03,mixed_edge
1-5,lane1_exhibition_st_rank_bucket x target_exhibition_st_rank_bucket,4+ | 4+,1435,51,3.55,143500,58180,-85320,40.54,1140.78,6.72,77.68,1155.81,-37.14,-3.17,-15.03,mixed_edge
1-5,lane1_target_start_gap_pair,>0.06-0.04-0.06,700,25,3.57,70000,28250,-41750,40.36,1130.0,6.72,77.68,1155.81,-37.32,-3.15,-25.81,mixed_edge
1-5,target_lane x lane1_target_start_gap_pair,5 | >0.06-0.04-0.06,700,25,3.57,70000,28250,-41750,40.36,1130.0,6.72,77.68,1155.81,-37.32,-3.15,-25.81,mixed_edge
1-5,lane1_start_exhibition_gap_bucket x target_start_exhibition_gap_bucket,>0.06 | 0.04-0.06,700,25,3.57,70000,28250,-41750,40.36,1130.0,6.72,77.68,1155.81,-37.32,-3.15,-25.81,mixed_edge
1-2,lane1_target_start_gap_pair x target_outer_pressure_bucket,>0.06->0.06 | some_other_pressure,287,31,10.8,28700,11560,-17140,40.28,372.9,18.62,81.17,436.02,-40.89,-7.82,-63.12,mixed_edge
1-3,other_st_faster_than_target_count_bucket,4,1542,115,7.46,154200,61780,-92420,40.06,537.22,15.92,79.12,497.05,-39.06,-8.46,40.17,mixed_edge
1-3,target_exhibition_st_rank_bucket x other_st_faster_than_target_count_bucket,4+ | 4,1542,115,7.46,154200,61780,-92420,40.06,537.22,15.92,79.12,497.05,-39.06,-8.46,40.17,mixed_edge
1-2,lane1_target_exhibition_time_diff_bucket x lane1_target_start_exhibition_st_diff_bucket,target_faster_0.10+ | target_faster_0.06+,78,3,3.85,7800,3110,-4690,39.87,1036.67,18.62,81.17,436.02,-41.3,-14.77,600.65,mixed_edge
1-4,lane1_target_start_gap_pair x target_outer_pressure_bucket,>0.06->0.06 | low_other_pressure,33,4,12.12,3300,1310,-1990,39.7,327.5,10.33,75.47,730.61,-35.77,1.79,-403.11,mixed_edge
1-6,grade_group,G1,252,10,3.97,25200,9980,-15220,39.6,998.0,4.06,71.41,1760.27,-31.81,-0.09,-762.27,mixed_edge
1-6,lane1_target_group_pair x other_a_count_bucket,B-B | 2,1307,11,0.84,130700,51270,-79430,39.23,4660.91,4.06,71.41,1760.27,-32.18,-3.22,2900.64,mixed_edge
1-3,lane1_target_start_gap_pair,<=0.03->0.06,547,49,8.96,54700,21340,-33360,39.01,435.51,15.92,79.12,497.05,-40.11,-6.96,-61.54,mixed_edge
1-3,target_lane x lane1_target_start_gap_pair,3 | <=0.03->0.06,547,49,8.96,54700,21340,-33360,39.01,435.51,15.92,79.12,497.05,-40.11,-6.96,-61.54,mixed_edge
1-3,lane1_start_exhibition_gap_bucket x target_start_exhibition_gap_bucket,<=0.03 | >0.06,547,49,8.96,54700,21340,-33360,39.01,435.51,15.92,79.12,497.05,-40.11,-6.96,-61.54,mixed_edge
1-2,lane1_target_start_gap_pair x target_outer_pressure_bucket,>0.06-0.04-0.06 | low_other_pressure,45,8,17.78,4500,1750,-2750,38.89,218.75,18.62,81.17,436.02,-42.28,-0.84,-217.27,mixed_edge
1-5,lane1_target_national_rank_pair x target_outer_pressure_bucket,4+-1 | some_other_pressure,220,12,5.45,22000,8490,-13510,38.59,707.5,6.72,77.68,1155.81,-39.09,-1.27,-448.31,mixed_edge
1-5,lane1_target_start_gap_pair x target_outer_pressure_bucket,>0.06-0.04-0.06 | high_other_pressure,585,17,2.91,58500,22250,-36250,38.03,1308.82,6.72,77.68,1155.81,-39.65,-3.81,153.01,mixed_edge
1-5,lane1_target_start_gap_pair x target_outer_pressure_bucket,0.04-0.06->0.06 | some_other_pressure,74,3,4.05,7400,2790,-4610,37.7,930.0,6.72,77.68,1155.81,-39.98,-2.67,-225.81,mixed_edge
1-6,lane1_target_exhibition_time_diff_bucket x lane1_target_start_exhibition_st_diff_bucket,target_faster_0.10+ | target_faster_0.06+,141,5,3.55,14100,5310,-8790,37.66,1062.0,4.06,71.41,1760.27,-33.75,-0.51,-698.27,mixed_edge
1-3,lane1_start_exhibition_gap_bucket,>0.06,3408,257,7.54,340800,128080,-212720,37.58,498.37,15.92,79.12,497.05,-41.54,-8.38,1.32,mixed_edge
1-3,lane1_target_start_gap_pair x target_outer_pressure_bucket,0.04-0.06->0.06 | high_other_pressure,525,40,7.62,52500,19730,-32770,37.58,493.25,15.92,79.12,497.05,-41.54,-8.3,-3.8,mixed_edge
1-5,target_class,B2,1303,22,1.69,130300,48700,-81600,37.38,2213.64,6.72,77.68,1155.81,-40.3,-5.03,1057.83,mixed_edge
1-5,lane1_target_class_pair,B1-B2,618,6,0.97,61800,22990,-38810,37.2,3831.67,6.72,77.68,1155.81,-40.48,-5.75,2675.86,mixed_edge
1-6,lane1_target_class_pair,A2-B2,582,6,1.03,58200,21470,-36730,36.89,3578.33,4.06,71.41,1760.27,-34.52,-3.03,1818.06,mixed_edge
1-6,lane1_target_start_gap_pair x target_outer_pressure_bucket,>0.06->0.06 | low_other_pressure,43,3,6.98,4300,1570,-2730,36.51,523.33,4.06,71.41,1760.27,-34.9,2.92,-1236.94,mixed_edge
1-6,lane1_target_start_gap_pair x target_outer_pressure_bucket,0.04-0.06->0.06 | high_other_pressure,830,12,1.45,83000,29250,-53750,35.24,2437.5,4.06,71.41,1760.27,-36.17,-2.61,677.23,mixed_edge
1-3,lane1_target_start_gap_pair x target_outer_pressure_bucket,<=0.03->0.06 | high_other_pressure,468,34,7.26,46800,16480,-30320,35.21,484.71,15.92,79.12,497.05,-43.91,-8.66,-12.34,mixed_edge
1-5,other_st_faster_than_target_count_bucket,4,1887,55,2.91,188700,66320,-122380,35.15,1205.82,6.72,77.68,1155.81,-42.53,-3.81,50.01,mixed_edge
1-5,target_exhibition_st_rank_bucket x other_st_faster_than_target_count_bucket,4+ | 4,1887,55,2.91,188700,66320,-122380,35.15,1205.82,6.72,77.68,1155.81,-42.53,-3.81,50.01,mixed_edge
1-4,lane1_target_start_gap_pair x target_outer_pressure_bucket,>0.06-0.04-0.06 | some_other_pressure,69,4,5.8,6900,2420,-4480,35.07,605.0,10.33,75.47,730.61,-40.4,-4.53,-125.61,mixed_edge
1-2,lane1_target_exhibition_time_diff_bucket x lane1_target_start_exhibition_st_diff_bucket,target_faster_0.05_0.10 | target_faster_0.06+,156,8,5.13,15600,5460,-10140,35.0,682.5,18.62,81.17,436.02,-46.17,-13.49,246.48,mixed_edge
1-5,lane1_target_exhibition_time_diff_bucket x lane1_target_start_exhibition_st_diff_bucket,target_faster_0.10+ | near_equal,157,7,4.46,15700,5350,-10350,34.08,764.29,6.72,77.68,1155.81,-43.6,-2.26,-391.52,mixed_edge
1-6,lane1_target_group_pair x other_a_count_bucket,A-B | 4,174,2,1.15,17400,5780,-11620,33.22,2890.0,4.06,71.41,1760.27,-38.19,-2.91,1129.73,mixed_edge
1-6,lane1_target_start_gap_pair x target_outer_pressure_bucket,<=0.03-0.04-0.06 | some_other_pressure,76,3,3.95,7600,2520,-5080,33.16,840.0,4.06,71.41,1760.27,-38.25,-0.11,-920.27,mixed_edge
1-6,lane1_target_exhibition_st_rank_pair,4+-4+,2082,41,1.97,208200,68080,-140120,32.7,1660.49,4.06,71.41,1760.27,-38.71,-2.09,-99.78,mixed_edge
1-6,lane1_exhibition_st_rank_bucket x target_exhibition_st_rank_bucket,4+ | 4+,2082,41,1.97,208200,68080,-140120,32.7,1660.49,4.06,71.41,1760.27,-38.71,-2.09,-99.78,mixed_edge
1-2,lane1_target_start_gap_pair x target_outer_pressure_bucket,>0.06-0.04-0.06 | some_other_pressure,82,8,9.76,8200,2630,-5570,32.07,328.75,18.62,81.17,436.02,-49.1,-8.86,-107.27,mixed_edge
1-4,lane1_target_class_pair,A2-B2,264,13,4.92,26400,8380,-18020,31.74,644.62,10.33,75.47,730.61,-43.73,-5.41,-85.99,mixed_edge
1-6,stadium_code,22,671,16,2.38,67100,21290,-45810,31.73,1330.62,4.06,71.41,1760.27,-39.68,-1.68,-429.65,mixed_edge
1-6,stadium_code x target_lane,22 | 6,671,16,2.38,67100,21290,-45810,31.73,1330.62,4.06,71.41,1760.27,-39.68,-1.68,-429.65,mixed_edge
1-3,lane1_target_start_gap_pair x target_outer_pressure_bucket,>0.06->0.06 | low_other_pressure,67,6,8.96,6700,2120,-4580,31.64,353.33,15.92,79.12,497.05,-47.48,-6.96,-143.72,mixed_edge
1-3,lane1_target_exhibition_time_diff_bucket x lane1_target_start_exhibition_st_diff_bucket,target_faster_0.10+ | target_faster_0.03_0.06,95,6,6.32,9500,2970,-6530,31.26,495.0,15.92,79.12,497.05,-47.86,-9.6,-2.05,mixed_edge
1-4,lane1_target_start_gap_pair x target_outer_pressure_bucket,>0.06-<=0.03 | some_other_pressure,111,5,4.5,11100,3440,-7660,30.99,688.0,10.33,75.47,730.61,-44.48,-5.83,-42.61,mixed_edge
1-6,lane1_target_start_gap_pair x target_outer_pressure_bucket,<=0.03->0.06 | low_other_pressure,56,3,5.36,5600,1730,-3870,30.89,576.67,4.06,71.41,1760.27,-40.52,1.3,-1183.6,mixed_edge
1-3,lane1_target_exhibition_time_diff_bucket x lane1_target_start_exhibition_st_diff_bucket,near_equal | target_faster_0.06+,826,55,6.66,82600,25440,-57160,30.8,462.55,15.92,79.12,497.05,-48.32,-9.26,-34.5,mixed_edge
1-6,lane1_target_exhibition_time_diff_bucket x lane1_target_start_exhibition_st_diff_bucket,lane1_faster_0.10+ | lane1_faster_0.03_0.06,329,8,2.43,32900,9950,-22950,30.24,1243.75,4.06,71.41,1760.27,-41.17,-1.63,-516.52,mixed_edge
1-4,lane1_target_class_pair,A1-B2,140,5,3.57,14000,4170,-9830,29.79,834.0,10.33,75.47,730.61,-45.68,-6.76,103.39,mixed_edge
1-4,lane1_target_start_gap_pair x target_outer_pressure_bucket,>0.06-<=0.03 | low_other_pressure,48,5,10.42,4800,1410,-3390,29.38,282.0,10.33,75.47,730.61,-46.09,0.09,-448.61,mixed_edge
1-4,lane1_target_start_gap_pair x target_outer_pressure_bucket,>0.06->0.06 | some_other_pressure,85,4,4.71,8500,2480,-6020,29.18,620.0,10.33,75.47,730.61,-46.29,-5.62,-110.61,mixed_edge
1-6,lane1_target_exhibition_time_diff_bucket x lane1_target_start_exhibition_st_diff_bucket,lane1_faster_0.10+ | lane1_faster_0.06+,878,17,1.94,87800,25440,-62360,28.97,1496.47,4.06,71.41,1760.27,-42.44,-2.12,-263.8,mixed_edge
1-6,lane1_target_start_gap_pair x target_outer_pressure_bucket,>0.06-0.04-0.06 | some_other_pressure,86,3,3.49,8600,2490,-6110,28.95,830.0,4.06,71.41,1760.27,-42.46,-0.57,-930.27,mixed_edge
1-4,lane1_target_start_gap_pair x target_outer_pressure_bucket,>0.06-best | some_other_pressure,169,11,6.51,16900,4840,-12060,28.64,440.0,10.33,75.47,730.61,-46.83,-3.82,-290.61,mixed_edge
1-4,lane1_target_exhibition_time_diff_bucket x lane1_target_start_exhibition_st_diff_bucket,target_faster_0.10+ | target_faster_0.06+,152,5,3.29,15200,4340,-10860,28.55,868.0,10.33,75.47,730.61,-46.92,-7.04,137.39,mixed_edge
1-4,lane1_target_group_pair x other_a_count_bucket,B-B | 4,53,1,1.89,5300,1470,-3830,27.74,1470.0,10.33,75.47,730.61,-47.73,-8.44,739.39,mixed_edge
1-5,lane1_target_start_gap_pair x target_outer_pressure_bucket,>0.06->0.06 | some_other_pressure,86,3,3.49,8600,2380,-6220,27.67,793.33,6.72,77.68,1155.81,-50.01,-3.23,-362.48,mixed_edge
1-5,lane1_target_class_pair,A2-B2,399,8,2.01,39900,11010,-28890,27.59,1376.25,6.72,77.68,1155.81,-50.09,-4.71,220.44,mixed_edge
1-6,lane1_target_national_rank_pair,4+-4+,2227,14,0.63,222700,61420,-161280,27.58,4387.14,4.06,71.41,1760.27,-43.83,-3.43,2626.87,mixed_edge
1-6,target_lane x lane1_target_national_rank_pair,6 | 4+-4+,2227,14,0.63,222700,61420,-161280,27.58,4387.14,4.06,71.41,1760.27,-43.83,-3.43,2626.87,mixed_edge
1-6,lane1_target_national_rank_pair x target_outer_pressure_bucket,4+-4+ | high_other_pressure,2227,14,0.63,222700,61420,-161280,27.58,4387.14,4.06,71.41,1760.27,-43.83,-3.43,2626.87,mixed_edge
1-4,lane1_target_start_gap_pair,>0.06->0.06,860,31,3.6,86000,23420,-62580,27.23,755.48,10.33,75.47,730.61,-48.24,-6.73,24.87,mixed_edge
1-4,target_lane x lane1_target_start_gap_pair,4 | >0.06->0.06,860,31,3.6,86000,23420,-62580,27.23,755.48,10.33,75.47,730.61,-48.24,-6.73,24.87,mixed_edge
1-4,lane1_start_exhibition_gap_bucket x target_start_exhibition_gap_bucket,>0.06 | >0.06,860,31,3.6,86000,23420,-62580,27.23,755.48,10.33,75.47,730.61,-48.24,-6.73,24.87,mixed_edge
1-4,lane1_target_start_gap_pair x target_outer_pressure_bucket,>0.06->0.06 | high_other_pressure,742,23,3.1,74200,19630,-54570,26.46,853.48,10.33,75.47,730.61,-49.01,-7.23,122.87,mixed_edge
1-4,lane1_target_start_gap_pair x target_outer_pressure_bucket,>0.06-best | low_other_pressure,75,4,5.33,7500,1960,-5540,26.13,490.0,10.33,75.47,730.61,-49.34,-5.0,-240.61,mixed_edge
1-6,stadium_code,23,396,10,2.53,39600,10340,-29260,26.11,1034.0,4.06,71.41,1760.27,-45.3,-1.53,-726.27,mixed_edge
1-6,stadium_code x target_lane,23 | 6,396,10,2.53,39600,10340,-29260,26.11,1034.0,4.06,71.41,1760.27,-45.3,-1.53,-726.27,mixed_edge
1-6,target_class,B2,2008,13,0.65,200800,51330,-149470,25.56,3948.46,4.06,71.41,1760.27,-45.85,-3.41,2188.19,mixed_edge
1-3,lane1_target_start_gap_pair,>0.06->0.06,1372,76,5.54,137200,32380,-104820,23.6,426.05,15.92,79.12,497.05,-55.52,-10.38,-71.0,mixed_edge
1-3,target_lane x lane1_target_start_gap_pair,3 | >0.06->0.06,1372,76,5.54,137200,32380,-104820,23.6,426.05,15.92,79.12,497.05,-55.52,-10.38,-71.0,mixed_edge
1-3,lane1_start_exhibition_gap_bucket x target_start_exhibition_gap_bucket,>0.06 | >0.06,1372,76,5.54,137200,32380,-104820,23.6,426.05,15.92,79.12,497.05,-55.52,-10.38,-71.0,mixed_edge
1-6,lane1_target_class_pair,B1-B2,956,5,0.52,95600,22050,-73550,23.06,4410.0,4.06,71.41,1760.27,-48.35,-3.54,2649.73,mixed_edge
1-6,lane1_target_start_gap_pair,>0.06->0.06,1183,15,1.27,118300,26870,-91430,22.71,1791.33,4.06,71.41,1760.27,-48.7,-2.79,31.06,mixed_edge
1-6,target_lane x lane1_target_start_gap_pair,6 | >0.06->0.06,1183,15,1.27,118300,26870,-91430,22.71,1791.33,4.06,71.41,1760.27,-48.7,-2.79,31.06,mixed_edge
1-6,lane1_start_exhibition_gap_bucket x target_start_exhibition_gap_bucket,>0.06 | >0.06,1183,15,1.27,118300,26870,-91430,22.71,1791.33,4.06,71.41,1760.27,-48.7,-2.79,31.06,mixed_edge
1-6,lane1_target_group_pair x other_a_count_bucket,B-B | 4,69,1,1.45,6900,1490,-5410,21.59,1490.0,4.06,71.41,1760.27,-49.82,-2.61,-270.27,mixed_edge
1-6,lane1_target_national_rank_pair x target_outer_pressure_bucket,1-2 | some_other_pressure,105,3,2.86,10500,2200,-8300,20.95,733.33,4.06,71.41,1760.27,-50.46,-1.2,-1026.94,mixed_edge
1-3,lane1_target_start_gap_pair x target_outer_pressure_bucket,>0.06->0.06 | high_other_pressure,1139,50,4.39,113900,23380,-90520,20.53,467.6,15.92,79.12,497.05,-58.59,-11.53,-29.45,mixed_edge
1-6,lane1_target_class_pair,A1-B2,397,2,0.5,39700,7810,-31890,19.67,3905.0,4.06,71.41,1760.27,-51.74,-3.56,2144.73,mixed_edge
1-6,lane1_target_start_gap_pair x target_outer_pressure_bucket,>0.06->0.06 | high_other_pressure,1031,7,0.68,103100,15990,-87110,15.51,2284.29,4.06,71.41,1760.27,-55.9,-3.38,524.02,mixed_edge
1-3,lane1_target_start_gap_pair x target_outer_pressure_bucket,>0.06-<=0.03 | low_other_pressure,37,1,2.7,3700,480,-3220,12.97,480.0,15.92,79.12,497.05,-66.15,-13.22,-17.05,mixed_edge
1-3,lane1_target_start_gap_pair x target_outer_pressure_bucket,>0.06-0.04-0.06 | low_other_pressure,30,2,6.67,3000,360,-2640,12.0,180.0,15.92,79.12,497.05,-67.12,-9.25,-317.05,mixed_edge
1-6,lane1_target_exhibition_time_diff_bucket x lane1_target_start_exhibition_st_diff_bucket,target_faster_0.10+ | lane1_faster_0.03_0.06,95,1,1.05,9500,850,-8650,8.95,850.0,4.06,71.41,1760.27,-62.46,-3.01,-910.27,mixed_edge
1-3,lane1_target_exhibition_time_diff_bucket x lane1_target_start_exhibition_st_diff_bucket,target_faster_0.10+ | target_faster_0.06+,104,2,1.92,10400,780,-9620,7.5,390.0,15.92,79.12,497.05,-71.62,-14.0,-107.05,mixed_edge
1-5,lane1_target_exhibition_time_diff_bucket,missing,406,0,0.0,40600,0,-40600,0.0,0.0,6.72,77.68,1155.81,-77.68,-6.72,-1155.81,mixed_edge
1-5,lane1_target_start_exhibition_st_diff_bucket,missing,406,0,0.0,40600,0,-40600,0.0,0.0,6.72,77.68,1155.81,-77.68,-6.72,-1155.81,mixed_edge
1-5,lane1_target_exhibition_time_diff_bucket x lane1_target_start_exhibition_st_diff_bucket,missing | missing,406,0,0.0,40600,0,-40600,0.0,0.0,6.72,77.68,1155.81,-77.68,-6.72,-1155.81,mixed_edge
1-6,lane1_target_exhibition_time_diff_bucket,missing,385,0,0.0,38500,0,-38500,0.0,0.0,4.06,71.41,1760.27,-71.41,-4.06,-1760.27,mixed_edge
1-6,lane1_target_start_exhibition_st_diff_bucket,missing,385,0,0.0,38500,0,-38500,0.0,0.0,4.06,71.41,1760.27,-71.41,-4.06,-1760.27,mixed_edge
1-6,lane1_target_exhibition_time_diff_bucket x lane1_target_start_exhibition_st_diff_bucket,missing | missing,385,0,0.0,38500,0,-38500,0.0,0.0,4.06,71.41,1760.27,-71.41,-4.06,-1760.27,mixed_edge
1-3,lane1_target_exhibition_time_diff_bucket,missing,372,0,0.0,37200,0,-37200,0.0,0.0,15.92,79.12,497.05,-79.12,-15.92,-497.05,mixed_edge
1-3,lane1_target_start_exhibition_st_diff_bucket,missing,372,0,0.0,37200,0,-37200,0.0,0.0,15.92,79.12,497.05,-79.12,-15.92,-497.05,mixed_edge
1-3,lane1_target_exhibition_time_diff_bucket x lane1_target_start_exhibition_st_diff_bucket,missing | missing,372,0,0.0,37200,0,-37200,0.0,0.0,15.92,79.12,497.05,-79.12,-15.92,-497.05,mixed_edge
1-4,lane1_target_exhibition_time_diff_bucket,missing,360,0,0.0,36000,0,-36000,0.0,0.0,10.33,75.47,730.61,-75.47,-10.33,-730.61,mixed_edge
1-4,lane1_target_start_exhibition_st_diff_bucket,missing,360,0,0.0,36000,0,-36000,0.0,0.0,10.33,75.47,730.61,-75.47,-10.33,-730.61,mixed_edge
1-4,lane1_target_exhibition_time_diff_bucket x lane1_target_start_exhibition_st_diff_bucket,missing | missing,360,0,0.0,36000,0,-36000,0.0,0.0,10.33,75.47,730.61,-75.47,-10.33,-730.61,mixed_edge
1-2,lane1_target_exhibition_time_diff_bucket,missing,356,0,0.0,35600,0,-35600,0.0,0.0,18.62,81.17,436.02,-81.17,-18.62,-436.02,mixed_edge
1-2,lane1_target_start_exhibition_st_diff_bucket,missing,356,0,0.0,35600,0,-35600,0.0,0.0,18.62,81.17,436.02,-81.17,-18.62,-436.02,mixed_edge
1-2,lane1_target_exhibition_time_diff_bucket x lane1_target_start_exhibition_st_diff_bucket,missing | missing,356,0,0.0,35600,0,-35600,0.0,0.0,18.62,81.17,436.02,-81.17,-18.62,-436.02,mixed_edge
1-5,target_exhibition_rank_bucket,missing,238,0,0.0,23800,0,-23800,0.0,0.0,6.72,77.68,1155.81,-77.68,-6.72,-1155.81,mixed_edge
1-5,target_exhibition_st_rank_bucket,missing,238,0,0.0,23800,0,-23800,0.0,0.0,6.72,77.68,1155.81,-77.68,-6.72,-1155.81,mixed_edge
1-5,target_start_exhibition_gap_bucket,missing,238,0,0.0,23800,0,-23800,0.0,0.0,6.72,77.68,1155.81,-77.68,-6.72,-1155.81,mixed_edge
1-5,target_lane x target_exhibition_st_rank_bucket,5 | missing,238,0,0.0,23800,0,-23800,0.0,0.0,6.72,77.68,1155.81,-77.68,-6.72,-1155.81,mixed_edge
1-5,target_lane x target_start_exhibition_gap_bucket,5 | missing,238,0,0.0,23800,0,-23800,0.0,0.0,6.72,77.68,1155.81,-77.68,-6.72,-1155.81,mixed_edge
1-5,target_exhibition_st_rank_bucket x other_st_faster_than_target_count_bucket,missing | 0,238,0,0.0,23800,0,-23800,0.0,0.0,6.72,77.68,1155.81,-77.68,-6.72,-1155.81,mixed_edge
1-5,target_exhibition_rank_bucket x other_exhibition_faster_than_target_count_bucket,missing | 0,238,0,0.0,23800,0,-23800,0.0,0.0,6.72,77.68,1155.81,-77.68,-6.72,-1155.81,mixed_edge
1-6,target_exhibition_rank_bucket,missing,216,0,0.0,21600,0,-21600,0.0,0.0,4.06,71.41,1760.27,-71.41,-4.06,-1760.27,mixed_edge
1-6,target_exhibition_st_rank_bucket,missing,216,0,0.0,21600,0,-21600,0.0,0.0,4.06,71.41,1760.27,-71.41,-4.06,-1760.27,mixed_edge
1-6,target_start_exhibition_gap_bucket,missing,216,0,0.0,21600,0,-21600,0.0,0.0,4.06,71.41,1760.27,-71.41,-4.06,-1760.27,mixed_edge
1-6,target_lane x target_exhibition_st_rank_bucket,6 | missing,216,0,0.0,21600,0,-21600,0.0,0.0,4.06,71.41,1760.27,-71.41,-4.06,-1760.27,mixed_edge
1-6,target_lane x target_start_exhibition_gap_bucket,6 | missing,216,0,0.0,21600,0,-21600,0.0,0.0,4.06,71.41,1760.27,-71.41,-4.06,-1760.27,mixed_edge
1-6,target_exhibition_st_rank_bucket x other_st_faster_than_target_count_bucket,missing | 0,216,0,0.0,21600,0,-21600,0.0,0.0,4.06,71.41,1760.27,-71.41,-4.06,-1760.27,mixed_edge
1-6,target_exhibition_rank_bucket x other_exhibition_faster_than_target_count_bucket,missing | 0,216,0,0.0,21600,0,-21600,0.0,0.0,4.06,71.41,1760.27,-71.41,-4.06,-1760.27,mixed_edge
1-3,target_exhibition_rank_bucket,missing,202,0,0.0,20200,0,-20200,0.0,0.0,15.92,79.12,497.05,-79.12,-15.92,-497.05,mixed_edge
1-3,target_exhibition_st_rank_bucket,missing,202,0,0.0,20200,0,-20200,0.0,0.0,15.92,79.12,497.05,-79.12,-15.92,-497.05,mixed_edge
1-3,target_start_exhibition_gap_bucket,missing,202,0,0.0,20200,0,-20200,0.0,0.0,15.92,79.12,497.05,-79.12,-15.92,-497.05,mixed_edge
1-3,target_lane x target_exhibition_st_rank_bucket,3 | missing,202,0,0.0,20200,0,-20200,0.0,0.0,15.92,79.12,497.05,-79.12,-15.92,-497.05,mixed_edge
1-3,target_lane x target_start_exhibition_gap_bucket,3 | missing,202,0,0.0,20200,0,-20200,0.0,0.0,15.92,79.12,497.05,-79.12,-15.92,-497.05,mixed_edge
1-3,target_exhibition_st_rank_bucket x other_st_faster_than_target_count_bucket,missing | 0,202,0,0.0,20200,0,-20200,0.0,0.0,15.92,79.12,497.05,-79.12,-15.92,-497.05,mixed_edge
1-3,target_exhibition_rank_bucket x other_exhibition_faster_than_target_count_bucket,missing | 0,202,0,0.0,20200,0,-20200,0.0,0.0,15.92,79.12,497.05,-79.12,-15.92,-497.05,mixed_edge
1-2,target_exhibition_rank_bucket,missing,193,0,0.0,19300,0,-19300,0.0,0.0,18.62,81.17,436.02,-81.17,-18.62,-436.02,mixed_edge
1-2,target_exhibition_st_rank_bucket,missing,193,0,0.0,19300,0,-19300,0.0,0.0,18.62,81.17,436.02,-81.17,-18.62,-436.02,mixed_edge
1-2,target_start_exhibition_gap_bucket,missing,193,0,0.0,19300,0,-19300,0.0,0.0,18.62,81.17,436.02,-81.17,-18.62,-436.02,mixed_edge
1-2,target_lane x target_exhibition_st_rank_bucket,2 | missing,193,0,0.0,19300,0,-19300,0.0,0.0,18.62,81.17,436.02,-81.17,-18.62,-436.02,mixed_edge
1-2,target_lane x target_start_exhibition_gap_bucket,2 | missing,193,0,0.0,19300,0,-19300,0.0,0.0,18.62,81.17,436.02,-81.17,-18.62,-436.02,mixed_edge
1-2,target_exhibition_st_rank_bucket x other_st_faster_than_target_count_bucket,missing | 0,193,0,0.0,19300,0,-19300,0.0,0.0,18.62,81.17,436.02,-81.17,-18.62,-436.02,mixed_edge
1-2,target_exhibition_rank_bucket x other_exhibition_faster_than_target_count_bucket,missing | 0,193,0,0.0,19300,0,-19300,0.0,0.0,18.62,81.17,436.02,-81.17,-18.62,-436.02,mixed_edge
1-4,target_exhibition_rank_bucket,missing,189,0,0.0,18900,0,-18900,0.0,0.0,10.33,75.47,730.61,-75.47,-10.33,-730.61,mixed_edge
1-4,target_exhibition_st_rank_bucket,missing,189,0,0.0,18900,0,-18900,0.0,0.0,10.33,75.47,730.61,-75.47,-10.33,-730.61,mixed_edge
1-4,target_start_exhibition_gap_bucket,missing,189,0,0.0,18900,0,-18900,0.0,0.0,10.33,75.47,730.61,-75.47,-10.33,-730.61,mixed_edge
1-4,target_lane x target_exhibition_st_rank_bucket,4 | missing,189,0,0.0,18900,0,-18900,0.0,0.0,10.33,75.47,730.61,-75.47,-10.33,-730.61,mixed_edge
1-4,target_lane x target_start_exhibition_gap_bucket,4 | missing,189,0,0.0,18900,0,-18900,0.0,0.0,10.33,75.47,730.61,-75.47,-10.33,-730.61,mixed_edge
1-4,target_exhibition_st_rank_bucket x other_st_faster_than_target_count_bucket,missing | 0,189,0,0.0,18900,0,-18900,0.0,0.0,10.33,75.47,730.61,-75.47,-10.33,-730.61,mixed_edge
1-4,target_exhibition_rank_bucket x other_exhibition_faster_than_target_count_bucket,missing | 0,189,0,0.0,18900,0,-18900,0.0,0.0,10.33,75.47,730.61,-75.47,-10.33,-730.61,mixed_edge
1-2,lane1_exhibition_rank_bucket,missing,178,0,0.0,17800,0,-17800,0.0,0.0,18.62,81.17,436.02,-81.17,-18.62,-436.02,mixed_edge
1-2,lane1_exhibition_st_rank_bucket,missing,178,0,0.0,17800,0,-17800,0.0,0.0,18.62,81.17,436.02,-81.17,-18.62,-436.02,mixed_edge
1-2,lane1_start_exhibition_gap_bucket,missing,178,0,0.0,17800,0,-17800,0.0,0.0,18.62,81.17,436.02,-81.17,-18.62,-436.02,mixed_edge
1-3,lane1_exhibition_rank_bucket,missing,178,0,0.0,17800,0,-17800,0.0,0.0,15.92,79.12,497.05,-79.12,-15.92,-497.05,mixed_edge
1-3,lane1_exhibition_st_rank_bucket,missing,178,0,0.0,17800,0,-17800,0.0,0.0,15.92,79.12,497.05,-79.12,-15.92,-497.05,mixed_edge
1-3,lane1_start_exhibition_gap_bucket,missing,178,0,0.0,17800,0,-17800,0.0,0.0,15.92,79.12,497.05,-79.12,-15.92,-497.05,mixed_edge
1-4,lane1_exhibition_rank_bucket,missing,178,0,0.0,17800,0,-17800,0.0,0.0,10.33,75.47,730.61,-75.47,-10.33,-730.61,mixed_edge
1-4,lane1_exhibition_st_rank_bucket,missing,178,0,0.0,17800,0,-17800,0.0,0.0,10.33,75.47,730.61,-75.47,-10.33,-730.61,mixed_edge
1-4,lane1_start_exhibition_gap_bucket,missing,178,0,0.0,17800,0,-17800,0.0,0.0,10.33,75.47,730.61,-75.47,-10.33,-730.61,mixed_edge
1-5,lane1_exhibition_rank_bucket,missing,178,0,0.0,17800,0,-17800,0.0,0.0,6.72,77.68,1155.81,-77.68,-6.72,-1155.81,mixed_edge
1-5,lane1_exhibition_st_rank_bucket,missing,178,0,0.0,17800,0,-17800,0.0,0.0,6.72,77.68,1155.81,-77.68,-6.72,-1155.81,mixed_edge
1-5,lane1_start_exhibition_gap_bucket,missing,178,0,0.0,17800,0,-17800,0.0,0.0,6.72,77.68,1155.81,-77.68,-6.72,-1155.81,mixed_edge
1-6,lane1_exhibition_rank_bucket,missing,178,0,0.0,17800,0,-17800,0.0,0.0,4.06,71.41,1760.27,-71.41,-4.06,-1760.27,mixed_edge
1-6,lane1_exhibition_st_rank_bucket,missing,178,0,0.0,17800,0,-17800,0.0,0.0,4.06,71.41,1760.27,-71.41,-4.06,-1760.27,mixed_edge
1-6,lane1_start_exhibition_gap_bucket,missing,178,0,0.0,17800,0,-17800,0.0,0.0,4.06,71.41,1760.27,-71.41,-4.06,-1760.27,mixed_edge
1-6,lane1_target_exhibition_st_rank_pair,missing-4+,91,0,0.0,9100,0,-9100,0.0,0.0,4.06,71.41,1760.27,-71.41,-4.06,-1760.27,mixed_edge
1-6,lane1_exhibition_st_rank_bucket x target_exhibition_st_rank_bucket,missing | 4+,91,0,0.0,9100,0,-9100,0.0,0.0,4.06,71.41,1760.27,-71.41,-4.06,-1760.27,mixed_edge
1-5,lane1_target_exhibition_st_rank_pair,1-missing,84,0,0.0,8400,0,-8400,0.0,0.0,6.72,77.68,1155.81,-77.68,-6.72,-1155.81,mixed_edge
1-5,lane1_target_start_gap_pair,best-missing,84,0,0.0,8400,0,-8400,0.0,0.0,6.72,77.68,1155.81,-77.68,-6.72,-1155.81,mixed_edge
1-5,target_lane x lane1_target_start_gap_pair,5 | best-missing,84,0,0.0,8400,0,-8400,0.0,0.0,6.72,77.68,1155.81,-77.68,-6.72,-1155.81,mixed_edge
1-5,lane1_exhibition_st_rank_bucket x target_exhibition_st_rank_bucket,1 | missing,84,0,0.0,8400,0,-8400,0.0,0.0,6.72,77.68,1155.81,-77.68,-6.72,-1155.81,mixed_edge
1-5,lane1_start_exhibition_gap_bucket x target_start_exhibition_gap_bucket,best | missing,84,0,0.0,8400,0,-8400,0.0,0.0,6.72,77.68,1155.81,-77.68,-6.72,-1155.81,mixed_edge
1-6,lane1_target_exhibition_st_rank_pair,1-missing,81,0,0.0,8100,0,-8100,0.0,0.0,4.06,71.41,1760.27,-71.41,-4.06,-1760.27,mixed_edge
1-6,lane1_target_start_gap_pair,best-missing,81,0,0.0,8100,0,-8100,0.0,0.0,4.06,71.41,1760.27,-71.41,-4.06,-1760.27,mixed_edge
1-6,target_lane x lane1_target_start_gap_pair,6 | best-missing,81,0,0.0,8100,0,-8100,0.0,0.0,4.06,71.41,1760.27,-71.41,-4.06,-1760.27,mixed_edge
1-6,lane1_exhibition_st_rank_bucket x target_exhibition_st_rank_bucket,1 | missing,81,0,0.0,8100,0,-8100,0.0,0.0,4.06,71.41,1760.27,-71.41,-4.06,-1760.27,mixed_edge
1-6,lane1_start_exhibition_gap_bucket x target_start_exhibition_gap_bucket,best | missing,81,0,0.0,8100,0,-8100,0.0,0.0,4.06,71.41,1760.27,-71.41,-4.06,-1760.27,mixed_edge
1-5,lane1_target_exhibition_st_rank_pair,missing-4+,74,0,0.0,7400,0,-7400,0.0,0.0,6.72,77.68,1155.81,-77.68,-6.72,-1155.81,mixed_edge
1-5,lane1_exhibition_st_rank_bucket x target_exhibition_st_rank_bucket,missing | 4+,74,0,0.0,7400,0,-7400,0.0,0.0,6.72,77.68,1155.81,-77.68,-6.72,-1155.81,mixed_edge
1-6,lane1_target_class_pair,B2-B2,73,0,0.0,7300,0,-7300,0.0,0.0,4.06,71.41,1760.27,-71.41,-4.06,-1760.27,mixed_edge
1-2,lane1_target_exhibition_st_rank_pair,1-missing,72,0,0.0,7200,0,-7200,0.0,0.0,18.62,81.17,436.02,-81.17,-18.62,-436.02,mixed_edge
1-2,lane1_target_start_gap_pair,best-missing,72,0,0.0,7200,0,-7200,0.0,0.0,18.62,81.17,436.02,-81.17,-18.62,-436.02,mixed_edge
1-2,target_lane x lane1_target_start_gap_pair,2 | best-missing,72,0,0.0,7200,0,-7200,0.0,0.0,18.62,81.17,436.02,-81.17,-18.62,-436.02,mixed_edge
1-2,lane1_exhibition_st_rank_bucket x target_exhibition_st_rank_bucket,1 | missing,72,0,0.0,7200,0,-7200,0.0,0.0,18.62,81.17,436.02,-81.17,-18.62,-436.02,mixed_edge
1-2,lane1_start_exhibition_gap_bucket x target_start_exhibition_gap_bucket,best | missing,72,0,0.0,7200,0,-7200,0.0,0.0,18.62,81.17,436.02,-81.17,-18.62,-436.02,mixed_edge
1-6,lane1_target_start_gap_pair,missing->0.06,71,0,0.0,7100,0,-7100,0.0,0.0,4.06,71.41,1760.27,-71.41,-4.06,-1760.27,mixed_edge
1-6,target_lane x lane1_target_start_gap_pair,6 | missing->0.06,71,0,0.0,7100,0,-7100,0.0,0.0,4.06,71.41,1760.27,-71.41,-4.06,-1760.27,mixed_edge
1-6,lane1_start_exhibition_gap_bucket x target_start_exhibition_gap_bucket,missing | >0.06,71,0,0.0,7100,0,-7100,0.0,0.0,4.06,71.41,1760.27,-71.41,-4.06,-1760.27,mixed_edge
1-3,lane1_target_exhibition_st_rank_pair,1-missing,68,0,0.0,6800,0,-6800,0.0,0.0,15.92,79.12,497.05,-79.12,-15.92,-497.05,mixed_edge
1-3,lane1_target_start_gap_pair,best-missing,68,0,0.0,6800,0,-6800,0.0,0.0,15.92,79.12,497.05,-79.12,-15.92,-497.05,mixed_edge
1-3,target_lane x lane1_target_start_gap_pair,3 | best-missing,68,0,0.0,6800,0,-6800,0.0,0.0,15.92,79.12,497.05,-79.12,-15.92,-497.05,mixed_edge
1-3,lane1_exhibition_st_rank_bucket x target_exhibition_st_rank_bucket,1 | missing,68,0,0.0,6800,0,-6800,0.0,0.0,15.92,79.12,497.05,-79.12,-15.92,-497.05,mixed_edge
1-3,lane1_start_exhibition_gap_bucket x target_start_exhibition_gap_bucket,best | missing,68,0,0.0,6800,0,-6800,0.0,0.0,15.92,79.12,497.05,-79.12,-15.92,-497.05,mixed_edge
1-6,lane1_target_class_pair,B2-A2,68,0,0.0,6800,0,-6800,0.0,0.0,4.06,71.41,1760.27,-71.41,-4.06,-1760.27,mixed_edge
1-2,lane1_target_exhibition_st_rank_pair,missing-1,66,0,0.0,6600,0,-6600,0.0,0.0,18.62,81.17,436.02,-81.17,-18.62,-436.02,mixed_edge
1-2,lane1_target_start_gap_pair,missing-best,66,0,0.0,6600,0,-6600,0.0,0.0,18.62,81.17,436.02,-81.17,-18.62,-436.02,mixed_edge
1-2,target_lane x lane1_target_start_gap_pair,2 | missing-best,66,0,0.0,6600,0,-6600,0.0,0.0,18.62,81.17,436.02,-81.17,-18.62,-436.02,mixed_edge
1-2,lane1_exhibition_st_rank_bucket x target_exhibition_st_rank_bucket,missing | 1,66,0,0.0,6600,0,-6600,0.0,0.0,18.62,81.17,436.02,-81.17,-18.62,-436.02,mixed_edge
1-2,lane1_start_exhibition_gap_bucket x target_start_exhibition_gap_bucket,missing | best,66,0,0.0,6600,0,-6600,0.0,0.0,18.62,81.17,436.02,-81.17,-18.62,-436.02,mixed_edge
1-6,lane1_target_start_gap_pair x target_outer_pressure_bucket,missing->0.06 | high_other_pressure,62,0,0.0,6200,0,-6200,0.0,0.0,4.06,71.41,1760.27,-71.41,-4.06,-1760.27,mixed_edge
1-5,lane1_target_start_gap_pair,>0.06-missing,59,0,0.0,5900,0,-5900,0.0,0.0,6.72,77.68,1155.81,-77.68,-6.72,-1155.81,mixed_edge
1-5,target_lane x lane1_target_start_gap_pair,5 | >0.06-missing,59,0,0.0,5900,0,-5900,0.0,0.0,6.72,77.68,1155.81,-77.68,-6.72,-1155.81,mixed_edge
1-5,lane1_start_exhibition_gap_bucket x target_start_exhibition_gap_bucket,>0.06 | missing,59,0,0.0,5900,0,-5900,0.0,0.0,6.72,77.68,1155.81,-77.68,-6.72,-1155.81,mixed_edge
1-4,lane1_target_exhibition_st_rank_pair,1-missing,58,0,0.0,5800,0,-5800,0.0,0.0,10.33,75.47,730.61,-75.47,-10.33,-730.61,mixed_edge
1-4,lane1_target_start_gap_pair,best-missing,58,0,0.0,5800,0,-5800,0.0,0.0,10.33,75.47,730.61,-75.47,-10.33,-730.61,mixed_edge
1-4,target_lane x lane1_target_start_gap_pair,4 | best-missing,58,0,0.0,5800,0,-5800,0.0,0.0,10.33,75.47,730.61,-75.47,-10.33,-730.61,mixed_edge
1-4,lane1_exhibition_st_rank_bucket x target_exhibition_st_rank_bucket,1 | missing,58,0,0.0,5800,0,-5800,0.0,0.0,10.33,75.47,730.61,-75.47,-10.33,-730.61,mixed_edge
1-4,lane1_start_exhibition_gap_bucket x target_start_exhibition_gap_bucket,best | missing,58,0,0.0,5800,0,-5800,0.0,0.0,10.33,75.47,730.61,-75.47,-10.33,-730.61,mixed_edge
1-5,lane1_target_start_gap_pair,missing->0.06,58,0,0.0,5800,0,-5800,0.0,0.0,6.72,77.68,1155.81,-77.68,-6.72,-1155.81,mixed_edge
1-5,target_lane x lane1_target_start_gap_pair,5 | missing->0.06,58,0,0.0,5800,0,-5800,0.0,0.0,6.72,77.68,1155.81,-77.68,-6.72,-1155.81,mixed_edge
1-5,lane1_start_exhibition_gap_bucket x target_start_exhibition_gap_bucket,missing | >0.06,58,0,0.0,5800,0,-5800,0.0,0.0,6.72,77.68,1155.81,-77.68,-6.72,-1155.81,mixed_edge
1-6,lane1_target_exhibition_st_rank_pair,4+-missing,58,0,0.0,5800,0,-5800,0.0,0.0,4.06,71.41,1760.27,-71.41,-4.06,-1760.27,mixed_edge
1-6,lane1_exhibition_st_rank_bucket x target_exhibition_st_rank_bucket,4+ | missing,58,0,0.0,5800,0,-5800,0.0,0.0,4.06,71.41,1760.27,-71.41,-4.06,-1760.27,mixed_edge
1-6,lane1_target_start_gap_pair x target_outer_pressure_bucket,best-missing | high_other_pressure,57,0,0.0,5700,0,-5700,0.0,0.0,4.06,71.41,1760.27,-71.41,-4.06,-1760.27,mixed_edge
1-5,lane1_target_start_gap_pair x target_outer_pressure_bucket,best-missing | high_other_pressure,56,0,0.0,5600,0,-5600,0.0,0.0,6.72,77.68,1155.81,-77.68,-6.72,-1155.81,mixed_edge
1-4,lane1_target_start_gap_pair,missing->0.06,55,0,0.0,5500,0,-5500,0.0,0.0,10.33,75.47,730.61,-75.47,-10.33,-730.61,mixed_edge
1-4,target_lane x lane1_target_start_gap_pair,4 | missing->0.06,55,0,0.0,5500,0,-5500,0.0,0.0,10.33,75.47,730.61,-75.47,-10.33,-730.61,mixed_edge
1-4,lane1_start_exhibition_gap_bucket x target_start_exhibition_gap_bucket,missing | >0.06,55,0,0.0,5500,0,-5500,0.0,0.0,10.33,75.47,730.61,-75.47,-10.33,-730.61,mixed_edge
1-5,lane1_target_exhibition_st_rank_pair,4+-missing,54,0,0.0,5400,0,-5400,0.0,0.0,6.72,77.68,1155.81,-77.68,-6.72,-1155.81,mixed_edge
1-5,lane1_exhibition_st_rank_bucket x target_exhibition_st_rank_bucket,4+ | missing,54,0,0.0,5400,0,-5400,0.0,0.0,6.72,77.68,1155.81,-77.68,-6.72,-1155.81,mixed_edge
1-3,lane1_target_exhibition_st_rank_pair,missing-2,52,0,0.0,5200,0,-5200,0.0,0.0,15.92,79.12,497.05,-79.12,-15.92,-497.05,mixed_edge
1-3,lane1_target_group_pair x other_a_count_bucket,B-B | 4,52,0,0.0,5200,0,-5200,0.0,0.0,15.92,79.12,497.05,-79.12,-15.92,-497.05,mixed_edge
1-3,lane1_exhibition_st_rank_bucket x target_exhibition_st_rank_bucket,missing | 2,52,0,0.0,5200,0,-5200,0.0,0.0,15.92,79.12,497.05,-79.12,-15.92,-497.05,mixed_edge
1-4,lane1_target_exhibition_st_rank_pair,missing-4+,52,0,0.0,5200,0,-5200,0.0,0.0,10.33,75.47,730.61,-75.47,-10.33,-730.61,mixed_edge
1-4,lane1_exhibition_st_rank_bucket x target_exhibition_st_rank_bucket,missing | 4+,52,0,0.0,5200,0,-5200,0.0,0.0,10.33,75.47,730.61,-75.47,-10.33,-730.61,mixed_edge
1-3,lane1_target_exhibition_st_rank_pair,4+-missing,51,0,0.0,5100,0,-5100,0.0,0.0,15.92,79.12,497.05,-79.12,-15.92,-497.05,mixed_edge
1-3,lane1_exhibition_st_rank_bucket x target_exhibition_st_rank_bucket,4+ | missing,51,0,0.0,5100,0,-5100,0.0,0.0,15.92,79.12,497.05,-79.12,-15.92,-497.05,mixed_edge
1-4,lane1_target_start_gap_pair,<=0.03-missing,51,0,0.0,5100,0,-5100,0.0,0.0,10.33,75.47,730.61,-75.47,-10.33,-730.61,mixed_edge
1-4,target_lane x lane1_target_start_gap_pair,4 | <=0.03-missing,51,0,0.0,5100,0,-5100,0.0,0.0,10.33,75.47,730.61,-75.47,-10.33,-730.61,mixed_edge
1-4,lane1_start_exhibition_gap_bucket x target_start_exhibition_gap_bucket,<=0.03 | missing,51,0,0.0,5100,0,-5100,0.0,0.0,10.33,75.47,730.61,-75.47,-10.33,-730.61,mixed_edge
1-2,lane1_target_exhibition_st_rank_pair,missing-4+,50,0,0.0,5000,0,-5000,0.0,0.0,18.62,81.17,436.02,-81.17,-18.62,-436.02,mixed_edge
1-2,lane1_exhibition_st_rank_bucket x target_exhibition_st_rank_bucket,missing | 4+,50,0,0.0,5000,0,-5000,0.0,0.0,18.62,81.17,436.02,-81.17,-18.62,-436.02,mixed_edge
1-5,lane1_target_exhibition_st_rank_pair,2-missing,50,0,0.0,5000,0,-5000,0.0,0.0,6.72,77.68,1155.81,-77.68,-6.72,-1155.81,mixed_edge
1-5,lane1_target_start_gap_pair,<=0.03-missing,50,0,0.0,5000,0,-5000,0.0,0.0,6.72,77.68,1155.81,-77.68,-6.72,-1155.81,mixed_edge
1-5,target_lane x lane1_target_start_gap_pair,5 | <=0.03-missing,50,0,0.0,5000,0,-5000,0.0,0.0,6.72,77.68,1155.81,-77.68,-6.72,-1155.81,mixed_edge
1-5,lane1_exhibition_st_rank_bucket x target_exhibition_st_rank_bucket,2 | missing,50,0,0.0,5000,0,-5000,0.0,0.0,6.72,77.68,1155.81,-77.68,-6.72,-1155.81,mixed_edge
1-5,lane1_start_exhibition_gap_bucket x target_start_exhibition_gap_bucket,<=0.03 | missing,50,0,0.0,5000,0,-5000,0.0,0.0,6.72,77.68,1155.81,-77.68,-6.72,-1155.81,mixed_edge
1-5,lane1_target_start_gap_pair x target_outer_pressure_bucket,missing->0.06 | high_other_pressure,50,0,0.0,5000,0,-5000,0.0,0.0,6.72,77.68,1155.81,-77.68,-6.72,-1155.81,mixed_edge
1-3,lane1_target_start_gap_pair,missing-best,49,0,0.0,4900,0,-4900,0.0,0.0,15.92,79.12,497.05,-79.12,-15.92,-497.05,mixed_edge
1-3,target_lane x lane1_target_start_gap_pair,3 | missing-best,49,0,0.0,4900,0,-4900,0.0,0.0,15.92,79.12,497.05,-79.12,-15.92,-497.05,mixed_edge
1-3,lane1_start_exhibition_gap_bucket x target_start_exhibition_gap_bucket,missing | best,49,0,0.0,4900,0,-4900,0.0,0.0,15.92,79.12,497.05,-79.12,-15.92,-497.05,mixed_edge
1-4,lane1_target_exhibition_st_rank_pair,missing-3,49,0,0.0,4900,0,-4900,0.0,0.0,10.33,75.47,730.61,-75.47,-10.33,-730.61,mixed_edge
1-4,lane1_exhibition_st_rank_bucket x target_exhibition_st_rank_bucket,missing | 3,49,0,0.0,4900,0,-4900,0.0,0.0,10.33,75.47,730.61,-75.47,-10.33,-730.61,mixed_edge
1-4,lane1_target_start_gap_pair x target_outer_pressure_bucket,missing->0.06 | high_other_pressure,49,0,0.0,4900,0,-4900,0.0,0.0,10.33,75.47,730.61,-75.47,-10.33,-730.61,mixed_edge
1-3,lane1_target_start_gap_pair,>0.06-missing,48,0,0.0,4800,0,-4800,0.0,0.0,15.92,79.12,497.05,-79.12,-15.92,-497.05,mixed_edge
1-3,target_lane x lane1_target_start_gap_pair,3 | >0.06-missing,48,0,0.0,4800,0,-4800,0.0,0.0,15.92,79.12,497.05,-79.12,-15.92,-497.05,mixed_edge
1-3,lane1_start_exhibition_gap_bucket x target_start_exhibition_gap_bucket,>0.06 | missing,48,0,0.0,4800,0,-4800,0.0,0.0,15.92,79.12,497.05,-79.12,-15.92,-497.05,mixed_edge
1-6,target_exhibition_rank_bucket x other_exhibition_faster_than_target_count_bucket,4+ | 0,48,0,0.0,4800,0,-4800,0.0,0.0,4.06,71.41,1760.27,-71.41,-4.06,-1760.27,mixed_edge
1-2,lane1_target_exhibition_st_rank_pair,4+-missing,47,0,0.0,4700,0,-4700,0.0,0.0,18.62,81.17,436.02,-81.17,-18.62,-436.02,mixed_edge
1-2,lane1_exhibition_st_rank_bucket x target_exhibition_st_rank_bucket,4+ | missing,47,0,0.0,4700,0,-4700,0.0,0.0,18.62,81.17,436.02,-81.17,-18.62,-436.02,mixed_edge
1-3,lane1_target_start_gap_pair,<=0.03-missing,46,0,0.0,4600,0,-4600,0.0,0.0,15.92,79.12,497.05,-79.12,-15.92,-497.05,mixed_edge
1-3,target_lane x lane1_target_start_gap_pair,3 | <=0.03-missing,46,0,0.0,4600,0,-4600,0.0,0.0,15.92,79.12,497.05,-79.12,-15.92,-497.05,mixed_edge
1-3,lane1_start_exhibition_gap_bucket x target_start_exhibition_gap_bucket,<=0.03 | missing,46,0,0.0,4600,0,-4600,0.0,0.0,15.92,79.12,497.05,-79.12,-15.92,-497.05,mixed_edge
1-4,lane1_target_exhibition_st_rank_pair,2-missing,46,0,0.0,4600,0,-4600,0.0,0.0,10.33,75.47,730.61,-75.47,-10.33,-730.61,mixed_edge
1-4,lane1_exhibition_st_rank_bucket x target_exhibition_st_rank_bucket,2 | missing,46,0,0.0,4600,0,-4600,0.0,0.0,10.33,75.47,730.61,-75.47,-10.33,-730.61,mixed_edge
1-2,lane1_target_start_gap_pair,missing->0.06,45,0,0.0,4500,0,-4500,0.0,0.0,18.62,81.17,436.02,-81.17,-18.62,-436.02,mixed_edge
1-2,target_lane x lane1_target_start_gap_pair,2 | missing->0.06,45,0,0.0,4500,0,-4500,0.0,0.0,18.62,81.17,436.02,-81.17,-18.62,-436.02,mixed_edge
1-2,lane1_start_exhibition_gap_bucket x target_start_exhibition_gap_bucket,missing | >0.06,45,0,0.0,4500,0,-4500,0.0,0.0,18.62,81.17,436.02,-81.17,-18.62,-436.02,mixed_edge
1-6,lane1_target_start_gap_pair,<=0.03-missing,45,0,0.0,4500,0,-4500,0.0,0.0,4.06,71.41,1760.27,-71.41,-4.06,-1760.27,mixed_edge
1-6,target_lane x lane1_target_start_gap_pair,6 | <=0.03-missing,45,0,0.0,4500,0,-4500,0.0,0.0,4.06,71.41,1760.27,-71.41,-4.06,-1760.27,mixed_edge
1-6,lane1_start_exhibition_gap_bucket x target_start_exhibition_gap_bucket,<=0.03 | missing,45,0,0.0,4500,0,-4500,0.0,0.0,4.06,71.41,1760.27,-71.41,-4.06,-1760.27,mixed_edge
1-2,lane1_target_start_gap_pair x target_outer_pressure_bucket,best-missing | high_other_pressure,44,0,0.0,4400,0,-4400,0.0,0.0,18.62,81.17,436.02,-81.17,-18.62,-436.02,mixed_edge
1-2,lane1_target_start_gap_pair x target_outer_pressure_bucket,missing-best | high_other_pressure,44,0,0.0,4400,0,-4400,0.0,0.0,18.62,81.17,436.02,-81.17,-18.62,-436.02,mixed_edge
1-3,lane1_target_exhibition_st_rank_pair,2-missing,44,0,0.0,4400,0,-4400,0.0,0.0,15.92,79.12,497.05,-79.12,-15.92,-497.05,mixed_edge
1-3,lane1_target_start_gap_pair,missing-<=0.03,44,0,0.0,4400,0,-4400,0.0,0.0,15.92,79.12,497.05,-79.12,-15.92,-497.05,mixed_edge
1-3,target_lane x lane1_target_start_gap_pair,3 | missing-<=0.03,44,0,0.0,4400,0,-4400,0.0,0.0,15.92,79.12,497.05,-79.12,-15.92,-497.05,mixed_edge
1-3,lane1_exhibition_st_rank_bucket x target_exhibition_st_rank_bucket,2 | missing,44,0,0.0,4400,0,-4400,0.0,0.0,15.92,79.12,497.05,-79.12,-15.92,-497.05,mixed_edge
1-3,lane1_start_exhibition_gap_bucket x target_start_exhibition_gap_bucket,missing | <=0.03,44,0,0.0,4400,0,-4400,0.0,0.0,15.92,79.12,497.05,-79.12,-15.92,-497.05,mixed_edge
1-4,lane1_target_exhibition_st_rank_pair,missing-2,44,0,0.0,4400,0,-4400,0.0,0.0,10.33,75.47,730.61,-75.47,-10.33,-730.61,mixed_edge
1-4,lane1_target_start_gap_pair,>0.06-missing,44,0,0.0,4400,0,-4400,0.0,0.0,10.33,75.47,730.61,-75.47,-10.33,-730.61,mixed_edge
1-4,target_lane x lane1_target_start_gap_pair,4 | >0.06-missing,44,0,0.0,4400,0,-4400,0.0,0.0,10.33,75.47,730.61,-75.47,-10.33,-730.61,mixed_edge
1-4,lane1_exhibition_st_rank_bucket x target_exhibition_st_rank_bucket,missing | 2,44,0,0.0,4400,0,-4400,0.0,0.0,10.33,75.47,730.61,-75.47,-10.33,-730.61,mixed_edge
1-4,lane1_start_exhibition_gap_bucket x target_start_exhibition_gap_bucket,>0.06 | missing,44,0,0.0,4400,0,-4400,0.0,0.0,10.33,75.47,730.61,-75.47,-10.33,-730.61,mixed_edge
1-2,lane1_target_start_gap_pair,>0.06-missing,43,0,0.0,4300,0,-4300,0.0,0.0,18.62,81.17,436.02,-81.17,-18.62,-436.02,mixed_edge
1-2,target_lane x lane1_target_start_gap_pair,2 | >0.06-missing,43,0,0.0,4300,0,-4300,0.0,0.0,18.62,81.17,436.02,-81.17,-18.62,-436.02,mixed_edge
1-2,lane1_start_exhibition_gap_bucket x target_start_exhibition_gap_bucket,>0.06 | missing,43,0,0.0,4300,0,-4300,0.0,0.0,18.62,81.17,436.02,-81.17,-18.62,-436.02,mixed_edge
1-5,lane1_target_class_pair,B2-B2,43,0,0.0,4300,0,-4300,0.0,0.0,6.72,77.68,1155.81,-77.68,-6.72,-1155.81,mixed_edge
1-6,lane1_target_start_gap_pair,>0.06-missing,43,0,0.0,4300,0,-4300,0.0,0.0,4.06,71.41,1760.27,-71.41,-4.06,-1760.27,mixed_edge
1-6,target_lane x lane1_target_start_gap_pair,6 | >0.06-missing,43,0,0.0,4300,0,-4300,0.0,0.0,4.06,71.41,1760.27,-71.41,-4.06,-1760.27,mixed_edge
1-6,lane1_start_exhibition_gap_bucket x target_start_exhibition_gap_bucket,>0.06 | missing,43,0,0.0,4300,0,-4300,0.0,0.0,4.06,71.41,1760.27,-71.41,-4.06,-1760.27,mixed_edge
1-4,lane1_target_exhibition_st_rank_pair,4+-missing,42,0,0.0,4200,0,-4200,0.0,0.0,10.33,75.47,730.61,-75.47,-10.33,-730.61,mixed_edge
1-4,lane1_target_start_gap_pair,missing-<=0.03,42,0,0.0,4200,0,-4200,0.0,0.0,10.33,75.47,730.61,-75.47,-10.33,-730.61,mixed_edge
1-4,target_lane x lane1_target_start_gap_pair,4 | missing-<=0.03,42,0,0.0,4200,0,-4200,0.0,0.0,10.33,75.47,730.61,-75.47,-10.33,-730.61,mixed_edge
1-4,lane1_exhibition_st_rank_bucket x target_exhibition_st_rank_bucket,4+ | missing,42,0,0.0,4200,0,-4200,0.0,0.0,10.33,75.47,730.61,-75.47,-10.33,-730.61,mixed_edge
1-4,lane1_start_exhibition_gap_bucket x target_start_exhibition_gap_bucket,missing | <=0.03,42,0,0.0,4200,0,-4200,0.0,0.0,10.33,75.47,730.61,-75.47,-10.33,-730.61,mixed_edge
1-3,lane1_target_start_gap_pair x target_outer_pressure_bucket,best-missing | high_other_pressure,41,0,0.0,4100,0,-4100,0.0,0.0,15.92,79.12,497.05,-79.12,-15.92,-497.05,mixed_edge
1-3,lane1_target_exhibition_st_rank_pair,missing-1,40,0,0.0,4000,0,-4000,0.0,0.0,15.92,79.12,497.05,-79.12,-15.92,-497.05,mixed_edge
1-3,lane1_target_exhibition_st_rank_pair,missing-4+,40,0,0.0,4000,0,-4000,0.0,0.0,15.92,79.12,497.05,-79.12,-15.92,-497.05,mixed_edge
1-3,lane1_target_start_gap_pair,missing->0.06,40,0,0.0,4000,0,-4000,0.0,0.0,15.92,79.12,497.05,-79.12,-15.92,-497.05,mixed_edge
1-3,target_lane x lane1_target_start_gap_pair,3 | missing->0.06,40,0,0.0,4000,0,-4000,0.0,0.0,15.92,79.12,497.05,-79.12,-15.92,-497.05,mixed_edge
1-3,lane1_exhibition_st_rank_bucket x target_exhibition_st_rank_bucket,missing | 1,40,0,0.0,4000,0,-4000,0.0,0.0,15.92,79.12,497.05,-79.12,-15.92,-497.05,mixed_edge
1-3,lane1_exhibition_st_rank_bucket x target_exhibition_st_rank_bucket,missing | 4+,40,0,0.0,4000,0,-4000,0.0,0.0,15.92,79.12,497.05,-79.12,-15.92,-497.05,mixed_edge
1-3,lane1_start_exhibition_gap_bucket x target_start_exhibition_gap_bucket,missing | >0.06,40,0,0.0,4000,0,-4000,0.0,0.0,15.92,79.12,497.05,-79.12,-15.92,-497.05,mixed_edge
1-3,lane1_target_start_gap_pair x target_outer_pressure_bucket,missing-best | high_other_pressure,40,0,0.0,4000,0,-4000,0.0,0.0,15.92,79.12,497.05,-79.12,-15.92,-497.05,mixed_edge
1-5,lane1_target_exhibition_st_rank_pair,3-missing,40,0,0.0,4000,0,-4000,0.0,0.0,6.72,77.68,1155.81,-77.68,-6.72,-1155.81,mixed_edge
1-5,lane1_target_exhibition_st_rank_pair,missing-3,40,0,0.0,4000,0,-4000,0.0,0.0,6.72,77.68,1155.81,-77.68,-6.72,-1155.81,mixed_edge
1-5,lane1_target_start_gap_pair,missing-<=0.03,40,0,0.0,4000,0,-4000,0.0,0.0,6.72,77.68,1155.81,-77.68,-6.72,-1155.81,mixed_edge
1-5,target_lane x lane1_target_start_gap_pair,5 | missing-<=0.03,40,0,0.0,4000,0,-4000,0.0,0.0,6.72,77.68,1155.81,-77.68,-6.72,-1155.81,mixed_edge
1-5,lane1_exhibition_st_rank_bucket x target_exhibition_st_rank_bucket,3 | missing,40,0,0.0,4000,0,-4000,0.0,0.0,6.72,77.68,1155.81,-77.68,-6.72,-1155.81,mixed_edge
1-5,lane1_exhibition_st_rank_bucket x target_exhibition_st_rank_bucket,missing | 3,40,0,0.0,4000,0,-4000,0.0,0.0,6.72,77.68,1155.81,-77.68,-6.72,-1155.81,mixed_edge
1-5,lane1_start_exhibition_gap_bucket x target_start_exhibition_gap_bucket,missing | <=0.03,40,0,0.0,4000,0,-4000,0.0,0.0,6.72,77.68,1155.81,-77.68,-6.72,-1155.81,mixed_edge
1-4,lane1_target_start_gap_pair x target_outer_pressure_bucket,best-missing | high_other_pressure,39,0,0.0,3900,0,-3900,0.0,0.0,10.33,75.47,730.61,-75.47,-10.33,-730.61,mixed_edge
1-5,lane1_target_start_gap_pair,missing-0.04-0.06,39,0,0.0,3900,0,-3900,0.0,0.0,6.72,77.68,1155.81,-77.68,-6.72,-1155.81,mixed_edge
1-5,target_lane x lane1_target_start_gap_pair,5 | missing-0.04-0.06,39,0,0.0,3900,0,-3900,0.0,0.0,6.72,77.68,1155.81,-77.68,-6.72,-1155.81,mixed_edge
1-5,lane1_start_exhibition_gap_bucket x target_start_exhibition_gap_bucket,missing | 0.04-0.06,39,0,0.0,3900,0,-3900,0.0,0.0,6.72,77.68,1155.81,-77.68,-6.72,-1155.81,mixed_edge
1-3,lane1_target_exhibition_st_rank_pair,missing-3,38,0,0.0,3800,0,-3800,0.0,0.0,15.92,79.12,497.05,-79.12,-15.92,-497.05,mixed_edge
1-3,lane1_exhibition_st_rank_bucket x target_exhibition_st_rank_bucket,missing | 3,38,0,0.0,3800,0,-3800,0.0,0.0,15.92,79.12,497.05,-79.12,-15.92,-497.05,mixed_edge
1-4,lane1_target_start_gap_pair,missing-best,38,0,0.0,3800,0,-3800,0.0,0.0,10.33,75.47,730.61,-75.47,-10.33,-730.61,mixed_edge
1-4,target_lane x lane1_target_start_gap_pair,4 | missing-best,38,0,0.0,3800,0,-3800,0.0,0.0,10.33,75.47,730.61,-75.47,-10.33,-730.61,mixed_edge
1-4,lane1_start_exhibition_gap_bucket x target_start_exhibition_gap_bucket,missing | best,38,0,0.0,3800,0,-3800,0.0,0.0,10.33,75.47,730.61,-75.47,-10.33,-730.61,mixed_edge
1-6,lane1_target_start_gap_pair,0.04-0.06-missing,38,0,0.0,3800,0,-3800,0.0,0.0,4.06,71.41,1760.27,-71.41,-4.06,-1760.27,mixed_edge
1-6,target_lane x lane1_target_start_gap_pair,6 | 0.04-0.06-missing,38,0,0.0,3800,0,-3800,0.0,0.0,4.06,71.41,1760.27,-71.41,-4.06,-1760.27,mixed_edge
1-6,lane1_start_exhibition_gap_bucket x target_start_exhibition_gap_bucket,0.04-0.06 | missing,38,0,0.0,3800,0,-3800,0.0,0.0,4.06,71.41,1760.27,-71.41,-4.06,-1760.27,mixed_edge
1-3,lane1_target_start_gap_pair,missing-0.04-0.06,37,0,0.0,3700,0,-3700,0.0,0.0,15.92,79.12,497.05,-79.12,-15.92,-497.05,mixed_edge
1-3,target_lane x lane1_target_start_gap_pair,3 | missing-0.04-0.06,37,0,0.0,3700,0,-3700,0.0,0.0,15.92,79.12,497.05,-79.12,-15.92,-497.05,mixed_edge
1-3,lane1_start_exhibition_gap_bucket x target_start_exhibition_gap_bucket,missing | 0.04-0.06,37,0,0.0,3700,0,-3700,0.0,0.0,15.92,79.12,497.05,-79.12,-15.92,-497.05,mixed_edge
1-2,lane1_target_start_gap_pair x target_outer_pressure_bucket,missing->0.06 | high_other_pressure,36,0,0.0,3600,0,-3600,0.0,0.0,18.62,81.17,436.02,-81.17,-18.62,-436.02,mixed_edge
1-3,lane1_target_start_gap_pair x target_outer_pressure_bucket,missing->0.06 | high_other_pressure,36,0,0.0,3600,0,-3600,0.0,0.0,15.92,79.12,497.05,-79.12,-15.92,-497.05,mixed_edge
1-4,lane1_target_exhibition_st_rank_pair,3-missing,36,0,0.0,3600,0,-3600,0.0,0.0,10.33,75.47,730.61,-75.47,-10.33,-730.61,mixed_edge
1-4,lane1_target_start_gap_pair,missing-0.04-0.06,36,0,0.0,3600,0,-3600,0.0,0.0,10.33,75.47,730.61,-75.47,-10.33,-730.61,mixed_edge
1-4,target_lane x lane1_target_start_gap_pair,4 | missing-0.04-0.06,36,0,0.0,3600,0,-3600,0.0,0.0,10.33,75.47,730.61,-75.47,-10.33,-730.61,mixed_edge
1-4,lane1_exhibition_st_rank_bucket x target_exhibition_st_rank_bucket,3 | missing,36,0,0.0,3600,0,-3600,0.0,0.0,10.33,75.47,730.61,-75.47,-10.33,-730.61,mixed_edge
1-4,lane1_start_exhibition_gap_bucket x target_start_exhibition_gap_bucket,missing | 0.04-0.06,36,0,0.0,3600,0,-3600,0.0,0.0,10.33,75.47,730.61,-75.47,-10.33,-730.61,mixed_edge
1-4,lane1_target_start_gap_pair x target_outer_pressure_bucket,missing-<=0.03 | high_other_pressure,36,0,0.0,3600,0,-3600,0.0,0.0,10.33,75.47,730.61,-75.47,-10.33,-730.61,mixed_edge
1-5,lane1_target_start_gap_pair,0.04-0.06-missing,35,0,0.0,3500,0,-3500,0.0,0.0,6.72,77.68,1155.81,-77.68,-6.72,-1155.81,mixed_edge
1-5,target_lane x lane1_target_start_gap_pair,5 | 0.04-0.06-missing,35,0,0.0,3500,0,-3500,0.0,0.0,6.72,77.68,1155.81,-77.68,-6.72,-1155.81,mixed_edge
1-5,lane1_start_exhibition_gap_bucket x target_start_exhibition_gap_bucket,0.04-0.06 | missing,35,0,0.0,3500,0,-3500,0.0,0.0,6.72,77.68,1155.81,-77.68,-6.72,-1155.81,mixed_edge
1-5,lane1_target_start_gap_pair x target_outer_pressure_bucket,>0.06-missing | high_other_pressure,35,0,0.0,3500,0,-3500,0.0,0.0,6.72,77.68,1155.81,-77.68,-6.72,-1155.81,mixed_edge
1-6,lane1_target_start_gap_pair,missing-<=0.03,35,0,0.0,3500,0,-3500,0.0,0.0,4.06,71.41,1760.27,-71.41,-4.06,-1760.27,mixed_edge
1-6,target_lane x lane1_target_start_gap_pair,6 | missing-<=0.03,35,0,0.0,3500,0,-3500,0.0,0.0,4.06,71.41,1760.27,-71.41,-4.06,-1760.27,mixed_edge
1-6,lane1_start_exhibition_gap_bucket x target_start_exhibition_gap_bucket,missing | <=0.03,35,0,0.0,3500,0,-3500,0.0,0.0,4.06,71.41,1760.27,-71.41,-4.06,-1760.27,mixed_edge
1-6,lane1_target_exhibition_st_rank_pair,2-missing,34,0,0.0,3400,0,-3400,0.0,0.0,4.06,71.41,1760.27,-71.41,-4.06,-1760.27,mixed_edge
1-6,lane1_target_exhibition_st_rank_pair,3-missing,34,0,0.0,3400,0,-3400,0.0,0.0,4.06,71.41,1760.27,-71.41,-4.06,-1760.27,mixed_edge
1-6,lane1_target_start_gap_pair,missing-0.04-0.06,34,0,0.0,3400,0,-3400,0.0,0.0,4.06,71.41,1760.27,-71.41,-4.06,-1760.27,mixed_edge
1-6,target_lane x lane1_target_start_gap_pair,6 | missing-0.04-0.06,34,0,0.0,3400,0,-3400,0.0,0.0,4.06,71.41,1760.27,-71.41,-4.06,-1760.27,mixed_edge
1-6,lane1_exhibition_st_rank_bucket x target_exhibition_st_rank_bucket,2 | missing,34,0,0.0,3400,0,-3400,0.0,0.0,4.06,71.41,1760.27,-71.41,-4.06,-1760.27,mixed_edge
1-6,lane1_exhibition_st_rank_bucket x target_exhibition_st_rank_bucket,3 | missing,34,0,0.0,3400,0,-3400,0.0,0.0,4.06,71.41,1760.27,-71.41,-4.06,-1760.27,mixed_edge
1-6,lane1_start_exhibition_gap_bucket x target_start_exhibition_gap_bucket,missing | 0.04-0.06,34,0,0.0,3400,0,-3400,0.0,0.0,4.06,71.41,1760.27,-71.41,-4.06,-1760.27,mixed_edge
1-2,lane1_target_exhibition_st_rank_pair,2-missing,33,0,0.0,3300,0,-3300,0.0,0.0,18.62,81.17,436.02,-81.17,-18.62,-436.02,mixed_edge
1-2,lane1_exhibition_st_rank_bucket x target_exhibition_st_rank_bucket,2 | missing,33,0,0.0,3300,0,-3300,0.0,0.0,18.62,81.17,436.02,-81.17,-18.62,-436.02,mixed_edge
1-2,lane1_target_start_gap_pair,0.04-0.06-missing,32,0,0.0,3200,0,-3200,0.0,0.0,18.62,81.17,436.02,-81.17,-18.62,-436.02,mixed_edge
1-2,target_lane x lane1_target_start_gap_pair,2 | 0.04-0.06-missing,32,0,0.0,3200,0,-3200,0.0,0.0,18.62,81.17,436.02,-81.17,-18.62,-436.02,mixed_edge
1-2,lane1_start_exhibition_gap_bucket x target_start_exhibition_gap_bucket,0.04-0.06 | missing,32,0,0.0,3200,0,-3200,0.0,0.0,18.62,81.17,436.02,-81.17,-18.62,-436.02,mixed_edge
1-3,lane1_target_start_gap_pair,0.04-0.06-missing,32,0,0.0,3200,0,-3200,0.0,0.0,15.92,79.12,497.05,-79.12,-15.92,-497.05,mixed_edge
1-3,target_lane x lane1_target_start_gap_pair,3 | 0.04-0.06-missing,32,0,0.0,3200,0,-3200,0.0,0.0,15.92,79.12,497.05,-79.12,-15.92,-497.05,mixed_edge
1-3,lane1_start_exhibition_gap_bucket x target_start_exhibition_gap_bucket,0.04-0.06 | missing,32,0,0.0,3200,0,-3200,0.0,0.0,15.92,79.12,497.05,-79.12,-15.92,-497.05,mixed_edge
1-5,lane1_target_exhibition_st_rank_pair,missing-2,32,0,0.0,3200,0,-3200,0.0,0.0,6.72,77.68,1155.81,-77.68,-6.72,-1155.81,mixed_edge
1-5,lane1_exhibition_st_rank_bucket x target_exhibition_st_rank_bucket,missing | 2,32,0,0.0,3200,0,-3200,0.0,0.0,6.72,77.68,1155.81,-77.68,-6.72,-1155.81,mixed_edge
1-5,lane1_target_start_gap_pair x target_outer_pressure_bucket,missing-0.04-0.06 | high_other_pressure,32,0,0.0,3200,0,-3200,0.0,0.0,6.72,77.68,1155.81,-77.68,-6.72,-1155.81,mixed_edge
1-2,lane1_target_start_gap_pair,<=0.03-missing,31,0,0.0,3100,0,-3100,0.0,0.0,18.62,81.17,436.02,-81.17,-18.62,-436.02,mixed_edge
1-2,lane1_target_start_gap_pair,missing-<=0.03,31,0,0.0,3100,0,-3100,0.0,0.0,18.62,81.17,436.02,-81.17,-18.62,-436.02,mixed_edge
1-2,target_lane x lane1_target_start_gap_pair,2 | <=0.03-missing,31,0,0.0,3100,0,-3100,0.0,0.0,18.62,81.17,436.02,-81.17,-18.62,-436.02,mixed_edge
1-2,target_lane x lane1_target_start_gap_pair,2 | missing-<=0.03,31,0,0.0,3100,0,-3100,0.0,0.0,18.62,81.17,436.02,-81.17,-18.62,-436.02,mixed_edge
1-2,lane1_start_exhibition_gap_bucket x target_start_exhibition_gap_bucket,<=0.03 | missing,31,0,0.0,3100,0,-3100,0.0,0.0,18.62,81.17,436.02,-81.17,-18.62,-436.02,mixed_edge
1-2,lane1_start_exhibition_gap_bucket x target_start_exhibition_gap_bucket,missing | <=0.03,31,0,0.0,3100,0,-3100,0.0,0.0,18.62,81.17,436.02,-81.17,-18.62,-436.02,mixed_edge
1-3,lane1_target_exhibition_st_rank_pair,3-missing,31,0,0.0,3100,0,-3100,0.0,0.0,15.92,79.12,497.05,-79.12,-15.92,-497.05,mixed_edge
1-3,lane1_exhibition_st_rank_bucket x target_exhibition_st_rank_bucket,3 | missing,31,0,0.0,3100,0,-3100,0.0,0.0,15.92,79.12,497.05,-79.12,-15.92,-497.05,mixed_edge
1-3,lane1_target_start_gap_pair x target_outer_pressure_bucket,>0.06-missing | high_other_pressure,31,0,0.0,3100,0,-3100,0.0,0.0,15.92,79.12,497.05,-79.12,-15.92,-497.05,mixed_edge
1-3,lane1_target_start_gap_pair x target_outer_pressure_bucket,missing-<=0.03 | high_other_pressure,31,0,0.0,3100,0,-3100,0.0,0.0,15.92,79.12,497.05,-79.12,-15.92,-497.05,mixed_edge
1-5,lane1_target_start_gap_pair,missing-best,31,0,0.0,3100,0,-3100,0.0,0.0,6.72,77.68,1155.81,-77.68,-6.72,-1155.81,mixed_edge
1-5,target_lane x lane1_target_start_gap_pair,5 | missing-best,31,0,0.0,3100,0,-3100,0.0,0.0,6.72,77.68,1155.81,-77.68,-6.72,-1155.81,mixed_edge
1-5,lane1_start_exhibition_gap_bucket x target_start_exhibition_gap_bucket,missing | best,31,0,0.0,3100,0,-3100,0.0,0.0,6.72,77.68,1155.81,-77.68,-6.72,-1155.81,mixed_edge
1-5,lane1_target_start_gap_pair x target_outer_pressure_bucket,<=0.03-missing | high_other_pressure,31,0,0.0,3100,0,-3100,0.0,0.0,6.72,77.68,1155.81,-77.68,-6.72,-1155.81,mixed_edge
